Driver,Team,LapNumber,LapTime,Sector1Time,Sector2Time,Sector3Time,Compound,TyreLife,Stint,PitInTime,PitOutTime,TrackStatus,Position,Deleted,season,race,session_type,lap_time_seconds,sector1_seconds,sector2_seconds,sector3_seconds
VER,Red Bull Racing,1.0,0 days 00:01:37.284000,,0 days 00:00:41.266000,0 days 00:00:23.616000,SOFT,4.0,1.0,,,12,1.0,False,2024,Bahrain,R,97.284,,41.266,23.616
VER,Red Bull Racing,2.0,0 days 00:01:36.296000,0 days 00:00:30.916000,0 days 00:00:41.661000,0 days 00:00:23.719000,SOFT,5.0,1.0,,,1,1.0,False,2024,Bahrain,R,96.296,30.916,41.661,23.719
VER,Red Bull Racing,3.0,0 days 00:01:36.753000,0 days 00:00:30.999000,0 days 00:00:41.966000,0 days 00:00:23.788000,SOFT,6.0,1.0,,,1,1.0,False,2024,Bahrain,R,96.753,30.999,41.966,23.788
VER,Red Bull Racing,4.0,0 days 00:01:36.647000,0 days 00:00:30.931000,0 days 00:00:41.892000,0 days 00:00:23.824000,SOFT,7.0,1.0,,,1,1.0,False,2024,Bahrain,R,96.647,30.931,41.892,23.824
VER,Red Bull Racing,5.0,0 days 00:01:37.173000,0 days 00:00:31.255000,0 days 00:00:42.056000,0 days 00:00:23.862000,SOFT,8.0,1.0,,,1,1.0,False,2024,Bahrain,R,97.173,31.255,42.056,23.862
VER,Red Bull Racing,6.0,0 days 00:01:37.092000,0 days 00:00:31.041000,0 days 00:00:42.187000,0 days 00:00:23.864000,SOFT,9.0,1.0,,,1,1.0,False,2024,Bahrain,R,97.092,31.041,42.187,23.864
VER,Red Bull Racing,7.0,0 days 00:01:37.038000,0 days 00:00:31.015000,0 days 00:00:42.118000,0 days 00:00:23.905000,SOFT,10.0,1.0,,,1,1.0,False,2024,Bahrain,R,97.038,31.015,42.118,23.905
VER,Red Bull Racing,8.0,0 days 00:01:37.024000,0 days 00:00:31.041000,0 days 00:00:42.077000,0 days 00:00:23.906000,SOFT,11.0,1.0,,,1,1.0,False,2024,Bahrain,R,97.024,31.041,42.077,23.906
VER,Red Bull Racing,9.0,0 days 00:01:37.229000,0 days 00:00:31.100000,0 days 00:00:42.166000,0 days 00:00:23.963000,SOFT,12.0,1.0,,,1,1.0,False,2024,Bahrain,R,97.229,31.1,42.166,23.963
VER,Red Bull Racing,10.0,0 days 00:01:36.960000,0 days 00:00:30.986000,0 days 00:00:42.009000,0 days 00:00:23.965000,SOFT,13.0,1.0,,,12,1.0,False,2024,Bahrain,R,96.96,30.986,42.009,23.965
VER,Red Bull Racing,11.0,0 days 00:01:37.085000,0 days 00:00:30.974000,0 days 00:00:42.142000,0 days 00:00:23.969000,SOFT,14.0,1.0,,,21,1.0,False,2024,Bahrain,R,97.085,30.974,42.142,23.969
VER,Red Bull Racing,12.0,0 days 00:01:37.045000,0 days 00:00:30.966000,0 days 00:00:42.091000,0 days 00:00:23.988000,SOFT,15.0,1.0,,,1,1.0,False,2024,Bahrain,R,97.045,30.966,42.091,23.988
VER,Red Bull Racing,13.0,0 days 00:01:37.030000,0 days 00:00:30.964000,0 days 00:00:42.055000,0 days 00:00:24.011000,SOFT,16.0,1.0,,,1,1.0,False,2024,Bahrain,R,97.03,30.964,42.055,24.011
VER,Red Bull Racing,14.0,0 days 00:01:37.028000,0 days 00:00:30.938000,0 days 00:00:42.042000,0 days 00:00:24.048000,SOFT,17.0,1.0,,,1,1.0,False,2024,Bahrain,R,97.028,30.938,42.042,24.048
VER,Red Bull Racing,15.0,0 days 00:01:37.011000,0 days 00:00:30.887000,0 days 00:00:42.058000,0 days 00:00:24.066000,SOFT,18.0,1.0,,,1,1.0,False,2024,Bahrain,R,97.011,30.887,42.058,24.066
VER,Red Bull Racing,16.0,0 days 00:01:37.168000,0 days 00:00:31.048000,0 days 00:00:42.032000,0 days 00:00:24.088000,SOFT,19.0,1.0,,,1,1.0,False,2024,Bahrain,R,97.168,31.048,42.032,24.088
VER,Red Bull Racing,17.0,0 days 00:01:39.896000,0 days 00:00:31.006000,0 days 00:00:42.060000,0 days 00:00:26.830000,SOFT,20.0,1.0,0 days 01:27:30.291000,,1,1.0,False,2024,Bahrain,R,99.896,31.006,42.06,26.83
VER,Red Bull Racing,18.0,0 days 00:01:57.854000,0 days 00:00:52.815000,0 days 00:00:41.511000,0 days 00:00:23.528000,HARD,1.0,2.0,,0 days 01:27:55.379000,1,1.0,False,2024,Bahrain,R,117.854,52.815,41.511,23.528
VER,Red Bull Racing,19.0,0 days 00:01:35.283000,0 days 00:00:30.628000,0 days 00:00:41.162000,0 days 00:00:23.493000,HARD,2.0,2.0,,,1,1.0,False,2024,Bahrain,R,95.283,30.628,41.162,23.493
VER,Red Bull Racing,20.0,0 days 00:01:35.160000,0 days 00:00:30.585000,0 days 00:00:41.100000,0 days 00:00:23.475000,HARD,3.0,2.0,,,1,1.0,False,2024,Bahrain,R,95.16,30.585,41.1,23.475
VER,Red Bull Racing,21.0,0 days 00:01:35.316000,0 days 00:00:30.576000,0 days 00:00:41.240000,0 days 00:00:23.500000,HARD,4.0,2.0,,,1,1.0,False,2024,Bahrain,R,95.316,30.576,41.24,23.5
VER,Red Bull Racing,22.0,0 days 00:01:35.204000,0 days 00:00:30.560000,0 days 00:00:41.142000,0 days 00:00:23.502000,HARD,5.0,2.0,,,1,1.0,False,2024,Bahrain,R,95.204,30.56,41.142,23.502
VER,Red Bull Racing,23.0,0 days 00:01:35.216000,0 days 00:00:30.553000,0 days 00:00:41.145000,0 days 00:00:23.518000,HARD,6.0,2.0,,,1,1.0,False,2024,Bahrain,R,95.216,30.553,41.145,23.518
VER,Red Bull Racing,24.0,0 days 00:01:35.289000,0 days 00:00:30.548000,0 days 00:00:41.257000,0 days 00:00:23.484000,HARD,7.0,2.0,,,1,1.0,False,2024,Bahrain,R,95.289,30.548,41.257,23.484
VER,Red Bull Racing,25.0,0 days 00:01:35.342000,0 days 00:00:30.518000,0 days 00:00:41.282000,0 days 00:00:23.542000,HARD,8.0,2.0,,,1,1.0,False,2024,Bahrain,R,95.342,30.518,41.282,23.542
VER,Red Bull Racing,26.0,0 days 00:01:35.223000,0 days 00:00:30.522000,0 days 00:00:41.140000,0 days 00:00:23.561000,HARD,9.0,2.0,,,1,1.0,False,2024,Bahrain,R,95.223,30.522,41.14,23.561
VER,Red Bull Racing,27.0,0 days 00:01:35.581000,0 days 00:00:30.649000,0 days 00:00:41.338000,0 days 00:00:23.594000,HARD,10.0,2.0,,,1,1.0,False,2024,Bahrain,R,95.581,30.649,41.338,23.594
VER,Red Bull Racing,28.0,0 days 00:01:35.477000,0 days 00:00:30.588000,0 days 00:00:41.272000,0 days 00:00:23.617000,HARD,11.0,2.0,,,1,1.0,False,2024,Bahrain,R,95.477,30.588,41.272,23.617
VER,Red Bull Racing,29.0,0 days 00:01:35.793000,0 days 00:00:30.679000,0 days 00:00:41.485000,0 days 00:00:23.629000,HARD,12.0,2.0,,,1,1.0,False,2024,Bahrain,R,95.793,30.679,41.485,23.629
VER,Red Bull Racing,30.0,0 days 00:01:35.771000,0 days 00:00:30.657000,0 days 00:00:41.470000,0 days 00:00:23.644000,HARD,13.0,2.0,,,1,1.0,False,2024,Bahrain,R,95.771,30.657,41.47,23.644
VER,Red Bull Racing,31.0,0 days 00:01:35.679000,0 days 00:00:30.635000,0 days 00:00:41.435000,0 days 00:00:23.609000,HARD,14.0,2.0,,,1,1.0,False,2024,Bahrain,R,95.679,30.635,41.435,23.609
VER,Red Bull Racing,32.0,0 days 00:01:35.886000,0 days 00:00:30.669000,0 days 00:00:41.519000,0 days 00:00:23.698000,HARD,15.0,2.0,,,1,1.0,False,2024,Bahrain,R,95.886,30.669,41.519,23.698
VER,Red Bull Racing,33.0,0 days 00:01:35.863000,0 days 00:00:30.690000,0 days 00:00:41.459000,0 days 00:00:23.714000,HARD,16.0,2.0,,,1,1.0,False,2024,Bahrain,R,95.863,30.69,41.459,23.714
VER,Red Bull Racing,34.0,0 days 00:01:36.133000,0 days 00:00:30.685000,0 days 00:00:41.661000,0 days 00:00:23.787000,HARD,17.0,2.0,,,1,1.0,False,2024,Bahrain,R,96.133,30.685,41.661,23.787
VER,Red Bull Racing,35.0,0 days 00:01:36.018000,0 days 00:00:30.727000,0 days 00:00:41.557000,0 days 00:00:23.734000,HARD,18.0,2.0,,,1,1.0,False,2024,Bahrain,R,96.018,30.727,41.557,23.734
VER,Red Bull Racing,36.0,0 days 00:01:36.205000,0 days 00:00:30.794000,0 days 00:00:41.561000,0 days 00:00:23.850000,HARD,19.0,2.0,,,1,1.0,False,2024,Bahrain,R,96.205,30.794,41.561,23.85
VER,Red Bull Racing,37.0,0 days 00:01:39.234000,0 days 00:00:30.877000,0 days 00:00:41.634000,0 days 00:00:26.723000,HARD,20.0,2.0,0 days 01:59:47.796000,,1,1.0,False,2024,Bahrain,R,99.234,30.877,41.634,26.723
VER,Red Bull Racing,38.0,0 days 00:01:56.445000,0 days 00:00:51.526000,0 days 00:00:41.562000,0 days 00:00:23.357000,SOFT,1.0,3.0,,0 days 02:00:12.014000,1,1.0,False,2024,Bahrain,R,116.445,51.526,41.562,23.357
VER,Red Bull Racing,39.0,0 days 00:01:32.608000,0 days 00:00:29.741000,0 days 00:00:39.916000,0 days 00:00:22.951000,SOFT,2.0,3.0,,,1,1.0,False,2024,Bahrain,R,92.608,29.741,39.916,22.951
VER,Red Bull Racing,40.0,0 days 00:01:36.589000,0 days 00:00:31.014000,0 days 00:00:42.023000,0 days 00:00:23.552000,SOFT,3.0,3.0,,,1,1.0,False,2024,Bahrain,R,96.589,31.014,42.023,23.552
VER,Red Bull Racing,41.0,0 days 00:01:35.290000,0 days 00:00:30.697000,0 days 00:00:41.281000,0 days 00:00:23.312000,SOFT,4.0,3.0,,,1,1.0,False,2024,Bahrain,R,95.29,30.697,41.281,23.312
VER,Red Bull Racing,42.0,0 days 00:01:34.667000,0 days 00:00:30.477000,0 days 00:00:40.996000,0 days 00:00:23.194000,SOFT,5.0,3.0,,,1,1.0,False,2024,Bahrain,R,94.667,30.477,40.996,23.194
VER,Red Bull Racing,43.0,0 days 00:01:34.151000,0 days 00:00:30.132000,0 days 00:00:40.772000,0 days 00:00:23.247000,SOFT,6.0,3.0,,,1,1.0,False,2024,Bahrain,R,94.151,30.132,40.772,23.247
VER,Red Bull Racing,44.0,0 days 00:01:34.531000,0 days 00:00:30.348000,0 days 00:00:40.805000,0 days 00:00:23.378000,SOFT,7.0,3.0,,,1,1.0,False,2024,Bahrain,R,94.531,30.348,40.805,23.378
VER,Red Bull Racing,45.0,0 days 00:01:34.249000,0 days 00:00:30.180000,0 days 00:00:40.825000,0 days 00:00:23.244000,SOFT,8.0,3.0,,,1,1.0,False,2024,Bahrain,R,94.249,30.18,40.825,23.244
VER,Red Bull Racing,46.0,0 days 00:01:34.193000,0 days 00:00:30.301000,0 days 00:00:40.682000,0 days 00:00:23.210000,SOFT,9.0,3.0,,,1,1.0,True,2024,Bahrain,R,94.193,30.301,40.682,23.21
VER,Red Bull Racing,47.0,0 days 00:01:34.239000,0 days 00:00:30.267000,0 days 00:00:40.704000,0 days 00:00:23.268000,SOFT,10.0,3.0,,,1,1.0,False,2024,Bahrain,R,94.239,30.267,40.704,23.268
VER,Red Bull Racing,48.0,0 days 00:01:34.350000,0 days 00:00:30.245000,0 days 00:00:40.738000,0 days 00:00:23.367000,SOFT,11.0,3.0,,,1,1.0,False,2024,Bahrain,R,94.35,30.245,40.738,23.367
VER,Red Bull Racing,49.0,0 days 00:01:34.403000,0 days 00:00:30.246000,0 days 00:00:40.804000,0 days 00:00:23.353000,SOFT,12.0,3.0,,,1,1.0,False,2024,Bahrain,R,94.403,30.246,40.804,23.353
VER,Red Bull Racing,50.0,0 days 00:01:34.783000,0 days 00:00:30.229000,0 days 00:00:40.928000,0 days 00:00:23.626000,SOFT,13.0,3.0,,,1,1.0,False,2024,Bahrain,R,94.783,30.229,40.928,23.626
VER,Red Bull Racing,51.0,0 days 00:01:34.340000,0 days 00:00:30.003000,0 days 00:00:40.834000,0 days 00:00:23.503000,SOFT,14.0,3.0,,,1,1.0,False,2024,Bahrain,R,94.34,30.003,40.834,23.503
VER,Red Bull Racing,52.0,0 days 00:01:34.906000,0 days 00:00:30.333000,0 days 00:00:40.919000,0 days 00:00:23.654000,SOFT,15.0,3.0,,,1,1.0,False,2024,Bahrain,R,94.906,30.333,40.919,23.654
VER,Red Bull Racing,53.0,0 days 00:01:35.600000,0 days 00:00:30.528000,0 days 00:00:41.382000,0 days 00:00:23.690000,SOFT,16.0,3.0,,,1,1.0,False,2024,Bahrain,R,95.6,30.528,41.382,23.69
VER,Red Bull Racing,54.0,0 days 00:01:35.334000,0 days 00:00:30.427000,0 days 00:00:41.227000,0 days 00:00:23.680000,SOFT,17.0,3.0,,,1,1.0,False,2024,Bahrain,R,95.334,30.427,41.227,23.68
VER,Red Bull Racing,55.0,0 days 00:01:35.184000,0 days 00:00:30.493000,0 days 00:00:41.220000,0 days 00:00:23.471000,SOFT,18.0,3.0,,,1,1.0,False,2024,Bahrain,R,95.184,30.493,41.22,23.471
VER,Red Bull Racing,56.0,0 days 00:01:34.671000,0 days 00:00:30.256000,0 days 00:00:40.870000,0 days 00:00:23.545000,SOFT,19.0,3.0,,,1,1.0,False,2024,Bahrain,R,94.671,30.256,40.87,23.545
VER,Red Bull Racing,57.0,0 days 00:01:34.923000,0 days 00:00:30.384000,0 days 00:00:40.910000,0 days 00:00:23.629000,SOFT,20.0,3.0,,,1,1.0,False,2024,Bahrain,R,94.923,30.384,40.91,23.629
PER,Red Bull Racing,1.0,0 days 00:01:40.053000,,0 days 00:00:42.610000,0 days 00:00:23.856000,SOFT,4.0,1.0,,,12,4.0,False,2024,Bahrain,R,100.053,,42.61,23.856
PER,Red Bull Racing,2.0,0 days 00:01:36.541000,0 days 00:00:30.678000,0 days 00:00:41.867000,0 days 00:00:23.996000,SOFT,5.0,1.0,,,1,4.0,False,2024,Bahrain,R,96.541,30.678,41.867,23.996
PER,Red Bull Racing,3.0,0 days 00:01:37.297000,0 days 00:00:30.596000,0 days 00:00:42.478000,0 days 00:00:24.223000,SOFT,6.0,1.0,,,1,4.0,False,2024,Bahrain,R,97.297,30.596,42.478,24.223
PER,Red Bull Racing,4.0,0 days 00:01:37.722000,0 days 00:00:30.716000,0 days 00:00:42.623000,0 days 00:00:24.383000,SOFT,7.0,1.0,,,1,4.0,False,2024,Bahrain,R,97.722,30.716,42.623,24.383
PER,Red Bull Racing,5.0,0 days 00:01:38.044000,0 days 00:00:30.997000,0 days 00:00:42.754000,0 days 00:00:24.293000,SOFT,8.0,1.0,,,1,4.0,False,2024,Bahrain,R,98.044,30.997,42.754,24.293
PER,Red Bull Racing,6.0,0 days 00:01:37.823000,0 days 00:00:30.843000,0 days 00:00:42.702000,0 days 00:00:24.278000,SOFT,9.0,1.0,,,1,4.0,False,2024,Bahrain,R,97.823,30.843,42.702,24.278
PER,Red Bull Racing,7.0,0 days 00:01:37.821000,0 days 00:00:31.013000,0 days 00:00:42.682000,0 days 00:00:24.126000,SOFT,10.0,1.0,,,1,3.0,False,2024,Bahrain,R,97.821,31.013,42.682,24.126
PER,Red Bull Racing,8.0,0 days 00:01:37.838000,0 days 00:00:31.305000,0 days 00:00:42.428000,0 days 00:00:24.105000,SOFT,11.0,1.0,,,1,3.0,False,2024,Bahrain,R,97.838,31.305,42.428,24.105
PER,Red Bull Racing,9.0,0 days 00:01:37.596000,0 days 00:00:31.145000,0 days 00:00:42.395000,0 days 00:00:24.056000,SOFT,12.0,1.0,,,1,3.0,False,2024,Bahrain,R,97.596,31.145,42.395,24.056
PER,Red Bull Racing,10.0,0 days 00:01:37.630000,0 days 00:00:31.178000,0 days 00:00:42.322000,0 days 00:00:24.130000,SOFT,13.0,1.0,,,12,3.0,False,2024,Bahrain,R,97.63,31.178,42.322,24.13
PER,Red Bull Racing,11.0,0 days 00:01:37.836000,0 days 00:00:31.054000,0 days 00:00:42.473000,0 days 00:00:24.309000,SOFT,14.0,1.0,,,1,2.0,False,2024,Bahrain,R,97.836,31.054,42.473,24.309
PER,Red Bull Racing,12.0,0 days 00:01:40.277000,0 days 00:00:30.891000,0 days 00:00:42.506000,0 days 00:00:26.880000,SOFT,15.0,1.0,0 days 01:19:34.991000,,1,3.0,False,2024,Bahrain,R,100.277,30.891,42.506,26.88
PER,Red Bull Racing,13.0,0 days 00:01:57.624000,0 days 00:00:51.896000,0 days 00:00:41.803000,0 days 00:00:23.925000,HARD,1.0,2.0,,0 days 01:19:59.484000,1,8.0,False,2024,Bahrain,R,117.624,51.896,41.803,23.925
PER,Red Bull Racing,14.0,0 days 00:01:35.606000,0 days 00:00:30.063000,0 days 00:00:41.855000,0 days 00:00:23.688000,HARD,2.0,2.0,,,1,6.0,False,2024,Bahrain,R,95.606,30.063,41.855,23.688
PER,Red Bull Racing,15.0,0 days 00:01:36.815000,0 days 00:00:30.785000,0 days 00:00:41.795000,0 days 00:00:24.235000,HARD,3.0,2.0,,,1,3.0,False,2024,Bahrain,R,96.815,30.785,41.795,24.235
PER,Red Bull Racing,16.0,0 days 00:01:35.783000,0 days 00:00:30.569000,0 days 00:00:41.558000,0 days 00:00:23.656000,HARD,4.0,2.0,,,1,2.0,False,2024,Bahrain,R,95.783,30.569,41.558,23.656
PER,Red Bull Racing,17.0,0 days 00:01:36.454000,0 days 00:00:30.922000,0 days 00:00:41.823000,0 days 00:00:23.709000,HARD,5.0,2.0,,,1,2.0,False,2024,Bahrain,R,96.454,30.922,41.823,23.709
PER,Red Bull Racing,18.0,0 days 00:01:36.311000,0 days 00:00:30.803000,0 days 00:00:41.835000,0 days 00:00:23.673000,HARD,6.0,2.0,,,1,2.0,False,2024,Bahrain,R,96.311,30.803,41.835,23.673
PER,Red Bull Racing,19.0,0 days 00:01:36.038000,0 days 00:00:30.702000,0 days 00:00:41.633000,0 days 00:00:23.703000,HARD,7.0,2.0,,,1,2.0,False,2024,Bahrain,R,96.038,30.702,41.633,23.703
PER,Red Bull Racing,20.0,0 days 00:01:36.278000,0 days 00:00:30.918000,0 days 00:00:41.686000,0 days 00:00:23.674000,HARD,8.0,2.0,,,1,2.0,False,2024,Bahrain,R,96.278,30.918,41.686,23.674
PER,Red Bull Racing,21.0,0 days 00:01:36.165000,0 days 00:00:30.849000,0 days 00:00:41.610000,0 days 00:00:23.706000,HARD,9.0,2.0,,,1,2.0,False,2024,Bahrain,R,96.165,30.849,41.61,23.706
PER,Red Bull Racing,22.0,0 days 00:01:36.037000,0 days 00:00:30.824000,0 days 00:00:41.536000,0 days 00:00:23.677000,HARD,10.0,2.0,,,1,2.0,False,2024,Bahrain,R,96.037,30.824,41.536,23.677
PER,Red Bull Racing,23.0,0 days 00:01:36.249000,0 days 00:00:30.840000,0 days 00:00:41.729000,0 days 00:00:23.680000,HARD,11.0,2.0,,,1,2.0,False,2024,Bahrain,R,96.249,30.84,41.729,23.68
PER,Red Bull Racing,24.0,0 days 00:01:36.211000,0 days 00:00:30.792000,0 days 00:00:41.687000,0 days 00:00:23.732000,HARD,12.0,2.0,,,1,2.0,False,2024,Bahrain,R,96.211,30.792,41.687,23.732
PER,Red Bull Racing,25.0,0 days 00:01:36.344000,0 days 00:00:30.878000,0 days 00:00:41.719000,0 days 00:00:23.747000,HARD,13.0,2.0,,,1,2.0,False,2024,Bahrain,R,96.344,30.878,41.719,23.747
PER,Red Bull Racing,26.0,0 days 00:01:36.347000,0 days 00:00:30.938000,0 days 00:00:41.666000,0 days 00:00:23.743000,HARD,14.0,2.0,,,1,2.0,False,2024,Bahrain,R,96.347,30.938,41.666,23.743
PER,Red Bull Racing,27.0,0 days 00:01:36.233000,0 days 00:00:30.853000,0 days 00:00:41.543000,0 days 00:00:23.837000,HARD,15.0,2.0,,,1,2.0,False,2024,Bahrain,R,96.233,30.853,41.543,23.837
PER,Red Bull Racing,28.0,0 days 00:01:36.226000,0 days 00:00:30.929000,0 days 00:00:41.588000,0 days 00:00:23.709000,HARD,16.0,2.0,,,1,2.0,False,2024,Bahrain,R,96.226,30.929,41.588,23.709
PER,Red Bull Racing,29.0,0 days 00:01:36.437000,0 days 00:00:30.926000,0 days 00:00:41.749000,0 days 00:00:23.762000,HARD,17.0,2.0,,,1,2.0,False,2024,Bahrain,R,96.437,30.926,41.749,23.762
PER,Red Bull Racing,30.0,0 days 00:01:36.313000,0 days 00:00:30.916000,0 days 00:00:41.643000,0 days 00:00:23.754000,HARD,18.0,2.0,,,1,2.0,False,2024,Bahrain,R,96.313,30.916,41.643,23.754
PER,Red Bull Racing,31.0,0 days 00:01:36.339000,0 days 00:00:30.843000,0 days 00:00:41.752000,0 days 00:00:23.744000,HARD,19.0,2.0,,,1,2.0,False,2024,Bahrain,R,96.339,30.843,41.752,23.744
PER,Red Bull Racing,32.0,0 days 00:01:36.276000,0 days 00:00:30.856000,0 days 00:00:41.671000,0 days 00:00:23.749000,HARD,20.0,2.0,,,1,2.0,False,2024,Bahrain,R,96.276,30.856,41.671,23.749
PER,Red Bull Racing,33.0,0 days 00:01:36.564000,0 days 00:00:30.907000,0 days 00:00:41.752000,0 days 00:00:23.905000,HARD,21.0,2.0,,,1,2.0,False,2024,Bahrain,R,96.564,30.907,41.752,23.905
PER,Red Bull Racing,34.0,0 days 00:01:36.378000,0 days 00:00:30.840000,0 days 00:00:41.734000,0 days 00:00:23.804000,HARD,22.0,2.0,,,1,2.0,False,2024,Bahrain,R,96.378,30.84,41.734,23.804
PER,Red Bull Racing,35.0,0 days 00:01:36.776000,0 days 00:00:30.938000,0 days 00:00:41.910000,0 days 00:00:23.928000,HARD,23.0,2.0,,,1,2.0,False,2024,Bahrain,R,96.776,30.938,41.91,23.928
PER,Red Bull Racing,36.0,0 days 00:01:39.365000,0 days 00:00:31.014000,0 days 00:00:41.781000,0 days 00:00:26.570000,HARD,24.0,2.0,0 days 01:58:30.216000,,1,2.0,False,2024,Bahrain,R,99.365,31.014,41.781,26.57
PER,Red Bull Racing,37.0,0 days 00:01:55.808000,0 days 00:00:51.096000,0 days 00:00:41.214000,0 days 00:00:23.498000,SOFT,1.0,3.0,,0 days 01:58:54.639000,1,2.0,False,2024,Bahrain,R,115.808,51.096,41.214,23.498
PER,Red Bull Racing,38.0,0 days 00:01:34.804000,0 days 00:00:30.581000,0 days 00:00:40.931000,0 days 00:00:23.292000,SOFT,2.0,3.0,,,1,2.0,False,2024,Bahrain,R,94.804,30.581,40.931,23.292
PER,Red Bull Racing,39.0,0 days 00:01:34.607000,0 days 00:00:30.563000,0 days 00:00:40.893000,0 days 00:00:23.151000,SOFT,3.0,3.0,,,1,2.0,False,2024,Bahrain,R,94.607,30.563,40.893,23.151
PER,Red Bull Racing,40.0,0 days 00:01:34.364000,0 days 00:00:30.400000,0 days 00:00:40.772000,0 days 00:00:23.192000,SOFT,4.0,3.0,,,1,2.0,False,2024,Bahrain,R,94.364,30.4,40.772,23.192
PER,Red Bull Racing,41.0,0 days 00:01:34.400000,0 days 00:00:30.351000,0 days 00:00:40.884000,0 days 00:00:23.165000,SOFT,5.0,3.0,,,1,2.0,False,2024,Bahrain,R,94.4,30.351,40.884,23.165
PER,Red Bull Racing,42.0,0 days 00:01:34.525000,0 days 00:00:30.299000,0 days 00:00:40.985000,0 days 00:00:23.241000,SOFT,6.0,3.0,,,1,2.0,False,2024,Bahrain,R,94.525,30.299,40.985,23.241
PER,Red Bull Racing,43.0,0 days 00:01:34.797000,0 days 00:00:30.403000,0 days 00:00:41.148000,0 days 00:00:23.246000,SOFT,7.0,3.0,,,1,2.0,False,2024,Bahrain,R,94.797,30.403,41.148,23.246
PER,Red Bull Racing,44.0,0 days 00:01:34.799000,0 days 00:00:30.389000,0 days 00:00:41.028000,0 days 00:00:23.382000,SOFT,8.0,3.0,,,1,2.0,False,2024,Bahrain,R,94.799,30.389,41.028,23.382
PER,Red Bull Racing,45.0,0 days 00:01:34.592000,0 days 00:00:30.338000,0 days 00:00:40.986000,0 days 00:00:23.268000,SOFT,9.0,3.0,,,1,2.0,False,2024,Bahrain,R,94.592,30.338,40.986,23.268
PER,Red Bull Racing,46.0,0 days 00:01:34.844000,0 days 00:00:30.410000,0 days 00:00:41.109000,0 days 00:00:23.325000,SOFT,10.0,3.0,,,1,2.0,False,2024,Bahrain,R,94.844,30.41,41.109,23.325
PER,Red Bull Racing,47.0,0 days 00:01:34.730000,0 days 00:00:30.281000,0 days 00:00:41.074000,0 days 00:00:23.375000,SOFT,11.0,3.0,,,1,2.0,False,2024,Bahrain,R,94.73,30.281,41.074,23.375
PER,Red Bull Racing,48.0,0 days 00:01:34.885000,0 days 00:00:30.358000,0 days 00:00:41.147000,0 days 00:00:23.380000,SOFT,12.0,3.0,,,1,2.0,False,2024,Bahrain,R,94.885,30.358,41.147,23.38
PER,Red Bull Racing,49.0,0 days 00:01:34.966000,0 days 00:00:30.400000,0 days 00:00:41.133000,0 days 00:00:23.433000,SOFT,13.0,3.0,,,1,2.0,False,2024,Bahrain,R,94.966,30.4,41.133,23.433
PER,Red Bull Racing,50.0,0 days 00:01:35.082000,0 days 00:00:30.366000,0 days 00:00:41.337000,0 days 00:00:23.379000,SOFT,14.0,3.0,,,1,2.0,False,2024,Bahrain,R,95.082,30.366,41.337,23.379
PER,Red Bull Racing,51.0,0 days 00:01:34.940000,0 days 00:00:30.360000,0 days 00:00:41.144000,0 days 00:00:23.436000,SOFT,15.0,3.0,,,1,2.0,False,2024,Bahrain,R,94.94,30.36,41.144,23.436
PER,Red Bull Racing,52.0,0 days 00:01:35.183000,0 days 00:00:30.577000,0 days 00:00:41.129000,0 days 00:00:23.477000,SOFT,16.0,3.0,,,1,2.0,False,2024,Bahrain,R,95.183,30.577,41.129,23.477
PER,Red Bull Racing,53.0,0 days 00:01:35.842000,0 days 00:00:30.638000,0 days 00:00:41.522000,0 days 00:00:23.682000,SOFT,17.0,3.0,,,1,2.0,False,2024,Bahrain,R,95.842,30.638,41.522,23.682
PER,Red Bull Racing,54.0,0 days 00:01:35.459000,0 days 00:00:30.578000,0 days 00:00:41.382000,0 days 00:00:23.499000,SOFT,18.0,3.0,,,1,2.0,False,2024,Bahrain,R,95.459,30.578,41.382,23.499
PER,Red Bull Racing,55.0,0 days 00:01:35.611000,0 days 00:00:30.683000,0 days 00:00:41.420000,0 days 00:00:23.508000,SOFT,19.0,3.0,,,1,2.0,False,2024,Bahrain,R,95.611,30.683,41.42,23.508
PER,Red Bull Racing,56.0,0 days 00:01:35.568000,0 days 00:00:30.539000,0 days 00:00:41.406000,0 days 00:00:23.623000,SOFT,20.0,3.0,,,1,2.0,False,2024,Bahrain,R,95.568,30.539,41.406,23.623
PER,Red Bull Racing,57.0,0 days 00:01:35.746000,0 days 00:00:30.521000,0 days 00:00:41.600000,0 days 00:00:23.625000,SOFT,21.0,3.0,,,1,2.0,False,2024,Bahrain,R,95.746,30.521,41.6,23.625
SAI,Ferrari,1.0,0 days 00:01:40.620000,,0 days 00:00:42.861000,0 days 00:00:23.765000,SOFT,4.0,1.0,,,12,5.0,False,2024,Bahrain,R,100.62,,42.861,23.765
SAI,Ferrari,2.0,0 days 00:01:37.236000,0 days 00:00:30.974000,0 days 00:00:42.366000,0 days 00:00:23.896000,SOFT,5.0,1.0,,,1,5.0,False,2024,Bahrain,R,97.236,30.974,42.366,23.896
SAI,Ferrari,3.0,0 days 00:01:37.080000,0 days 00:00:31.049000,0 days 00:00:42.179000,0 days 00:00:23.852000,SOFT,6.0,1.0,,,1,5.0,False,2024,Bahrain,R,97.08,31.049,42.179,23.852
SAI,Ferrari,4.0,0 days 00:01:37.264000,0 days 00:00:30.957000,0 days 00:00:42.373000,0 days 00:00:23.934000,SOFT,7.0,1.0,,,1,5.0,False,2024,Bahrain,R,97.264,30.957,42.373,23.934
SAI,Ferrari,5.0,0 days 00:01:38.032000,0 days 00:00:30.967000,0 days 00:00:42.821000,0 days 00:00:24.244000,SOFT,8.0,1.0,,,1,5.0,False,2024,Bahrain,R,98.032,30.967,42.821,24.244
SAI,Ferrari,6.0,0 days 00:01:37.741000,0 days 00:00:30.879000,0 days 00:00:42.803000,0 days 00:00:24.059000,SOFT,9.0,1.0,,,1,5.0,False,2024,Bahrain,R,97.741,30.879,42.803,24.059
SAI,Ferrari,7.0,0 days 00:01:38.260000,0 days 00:00:30.847000,0 days 00:00:43.148000,0 days 00:00:24.265000,SOFT,10.0,1.0,,,1,5.0,False,2024,Bahrain,R,98.26,30.847,43.148,24.265
SAI,Ferrari,8.0,0 days 00:01:38.183000,0 days 00:00:31.341000,0 days 00:00:42.701000,0 days 00:00:24.141000,SOFT,11.0,1.0,,,1,5.0,False,2024,Bahrain,R,98.183,31.341,42.701,24.141
SAI,Ferrari,9.0,0 days 00:01:38.030000,0 days 00:00:30.990000,0 days 00:00:42.868000,0 days 00:00:24.172000,SOFT,12.0,1.0,,,1,5.0,False,2024,Bahrain,R,98.03,30.99,42.868,24.172
SAI,Ferrari,10.0,0 days 00:01:37.608000,0 days 00:00:30.819000,0 days 00:00:42.638000,0 days 00:00:24.151000,SOFT,13.0,1.0,,,12,5.0,False,2024,Bahrain,R,97.608,30.819,42.638,24.151
SAI,Ferrari,11.0,0 days 00:01:37.656000,0 days 00:00:31.266000,0 days 00:00:42.386000,0 days 00:00:24.004000,SOFT,14.0,1.0,,,1,3.0,False,2024,Bahrain,R,97.656,31.266,42.386,24.004
SAI,Ferrari,12.0,0 days 00:01:37.650000,0 days 00:00:31.089000,0 days 00:00:42.460000,0 days 00:00:24.101000,SOFT,15.0,1.0,,,1,2.0,False,2024,Bahrain,R,97.65,31.089,42.46,24.101
SAI,Ferrari,13.0,0 days 00:01:37.243000,0 days 00:00:31.025000,0 days 00:00:42.212000,0 days 00:00:24.006000,SOFT,16.0,1.0,,,1,2.0,False,2024,Bahrain,R,97.243,31.025,42.212,24.006
SAI,Ferrari,14.0,0 days 00:01:39.753000,0 days 00:00:31.011000,0 days 00:00:42.119000,0 days 00:00:26.623000,SOFT,17.0,1.0,0 days 01:22:50.807000,,1,2.0,False,2024,Bahrain,R,99.753,31.011,42.119,26.623
SAI,Ferrari,15.0,0 days 00:01:57.225000,0 days 00:00:51.656000,0 days 00:00:42.013000,0 days 00:00:23.556000,HARD,1.0,2.0,,0 days 01:23:15.387000,1,7.0,False,2024,Bahrain,R,117.225,51.656,42.013,23.556
SAI,Ferrari,16.0,0 days 00:01:36.376000,0 days 00:00:30.412000,0 days 00:00:42.131000,0 days 00:00:23.833000,HARD,2.0,2.0,,,1,5.0,False,2024,Bahrain,R,96.376,30.412,42.131,23.833
SAI,Ferrari,17.0,0 days 00:01:35.507000,0 days 00:00:30.202000,0 days 00:00:41.758000,0 days 00:00:23.547000,HARD,3.0,2.0,,,1,4.0,False,2024,Bahrain,R,95.507,30.202,41.758,23.547
SAI,Ferrari,18.0,0 days 00:01:36.088000,0 days 00:00:30.590000,0 days 00:00:41.964000,0 days 00:00:23.534000,HARD,4.0,2.0,,,1,3.0,False,2024,Bahrain,R,96.088,30.59,41.964,23.534
SAI,Ferrari,19.0,0 days 00:01:36.236000,0 days 00:00:30.805000,0 days 00:00:41.897000,0 days 00:00:23.534000,HARD,5.0,2.0,,,1,3.0,False,2024,Bahrain,R,96.236,30.805,41.897,23.534
SAI,Ferrari,20.0,0 days 00:01:36.034000,0 days 00:00:30.786000,0 days 00:00:41.660000,0 days 00:00:23.588000,HARD,6.0,2.0,,,1,3.0,False,2024,Bahrain,R,96.034,30.786,41.66,23.588
SAI,Ferrari,21.0,0 days 00:01:36.104000,0 days 00:00:30.796000,0 days 00:00:41.752000,0 days 00:00:23.556000,HARD,7.0,2.0,,,1,3.0,False,2024,Bahrain,R,96.104,30.796,41.752,23.556
SAI,Ferrari,22.0,0 days 00:01:36.008000,0 days 00:00:30.686000,0 days 00:00:41.770000,0 days 00:00:23.552000,HARD,8.0,2.0,,,1,3.0,False,2024,Bahrain,R,96.008,30.686,41.77,23.552
SAI,Ferrari,23.0,0 days 00:01:36.149000,0 days 00:00:30.738000,0 days 00:00:41.797000,0 days 00:00:23.614000,HARD,9.0,2.0,,,1,3.0,False,2024,Bahrain,R,96.149,30.738,41.797,23.614
SAI,Ferrari,24.0,0 days 00:01:36.200000,0 days 00:00:30.698000,0 days 00:00:41.881000,0 days 00:00:23.621000,HARD,10.0,2.0,,,1,3.0,False,2024,Bahrain,R,96.2,30.698,41.881,23.621
SAI,Ferrari,25.0,0 days 00:01:36.220000,0 days 00:00:30.724000,0 days 00:00:41.907000,0 days 00:00:23.589000,HARD,11.0,2.0,,,1,3.0,False,2024,Bahrain,R,96.22,30.724,41.907,23.589
SAI,Ferrari,26.0,0 days 00:01:36.221000,0 days 00:00:30.714000,0 days 00:00:41.878000,0 days 00:00:23.629000,HARD,12.0,2.0,,,1,3.0,False,2024,Bahrain,R,96.221,30.714,41.878,23.629
SAI,Ferrari,27.0,0 days 00:01:36.272000,0 days 00:00:30.807000,0 days 00:00:41.836000,0 days 00:00:23.629000,HARD,13.0,2.0,,,1,3.0,False,2024,Bahrain,R,96.272,30.807,41.836,23.629
SAI,Ferrari,28.0,0 days 00:01:36.534000,0 days 00:00:30.901000,0 days 00:00:41.965000,0 days 00:00:23.668000,HARD,14.0,2.0,,,1,3.0,False,2024,Bahrain,R,96.534,30.901,41.965,23.668
SAI,Ferrari,29.0,0 days 00:01:36.600000,0 days 00:00:30.852000,0 days 00:00:41.970000,0 days 00:00:23.778000,HARD,15.0,2.0,,,1,3.0,False,2024,Bahrain,R,96.6,30.852,41.97,23.778
SAI,Ferrari,30.0,0 days 00:01:36.337000,0 days 00:00:30.746000,0 days 00:00:41.897000,0 days 00:00:23.694000,HARD,16.0,2.0,,,1,3.0,False,2024,Bahrain,R,96.337,30.746,41.897,23.694
SAI,Ferrari,31.0,0 days 00:01:36.537000,0 days 00:00:30.851000,0 days 00:00:41.959000,0 days 00:00:23.727000,HARD,17.0,2.0,,,1,3.0,False,2024,Bahrain,R,96.537,30.851,41.959,23.727
SAI,Ferrari,32.0,0 days 00:01:36.762000,0 days 00:00:30.873000,0 days 00:00:42.115000,0 days 00:00:23.774000,HARD,18.0,2.0,,,1,3.0,False,2024,Bahrain,R,96.762,30.873,42.115,23.774
SAI,Ferrari,33.0,0 days 00:01:36.556000,0 days 00:00:30.833000,0 days 00:00:41.987000,0 days 00:00:23.736000,HARD,19.0,2.0,,,1,3.0,False,2024,Bahrain,R,96.556,30.833,41.987,23.736
SAI,Ferrari,34.0,0 days 00:01:36.551000,0 days 00:00:30.858000,0 days 00:00:41.933000,0 days 00:00:23.760000,HARD,20.0,2.0,,,1,3.0,False,2024,Bahrain,R,96.551,30.858,41.933,23.76
SAI,Ferrari,35.0,0 days 00:01:39.274000,0 days 00:00:30.872000,0 days 00:00:42.117000,0 days 00:00:26.285000,HARD,21.0,2.0,0 days 01:56:56.614000,,1,3.0,False,2024,Bahrain,R,99.274,30.872,42.117,26.285
SAI,Ferrari,36.0,0 days 00:01:55.620000,0 days 00:00:50.852000,0 days 00:00:41.528000,0 days 00:00:23.240000,HARD,1.0,3.0,,0 days 01:57:20.500000,1,3.0,False,2024,Bahrain,R,115.62,50.852,41.528,23.24
SAI,Ferrari,37.0,0 days 00:01:35.302000,0 days 00:00:30.695000,0 days 00:00:41.390000,0 days 00:00:23.217000,HARD,2.0,3.0,,,1,3.0,False,2024,Bahrain,R,95.302,30.695,41.39,23.217
SAI,Ferrari,38.0,0 days 00:01:35.100000,0 days 00:00:30.631000,0 days 00:00:41.329000,0 days 00:00:23.140000,HARD,3.0,3.0,,,1,3.0,False,2024,Bahrain,R,95.1,30.631,41.329,23.14
SAI,Ferrari,39.0,0 days 00:01:34.709000,0 days 00:00:30.481000,0 days 00:00:41.066000,0 days 00:00:23.162000,HARD,4.0,3.0,,,1,3.0,False,2024,Bahrain,R,94.709,30.481,41.066,23.162
SAI,Ferrari,40.0,0 days 00:01:34.739000,0 days 00:00:30.382000,0 days 00:00:41.146000,0 days 00:00:23.211000,HARD,5.0,3.0,,,1,3.0,False,2024,Bahrain,R,94.739,30.382,41.146,23.211
SAI,Ferrari,41.0,0 days 00:01:35.041000,0 days 00:00:30.638000,0 days 00:00:41.205000,0 days 00:00:23.198000,HARD,6.0,3.0,,,1,3.0,False,2024,Bahrain,R,95.041,30.638,41.205,23.198
SAI,Ferrari,42.0,0 days 00:01:34.861000,0 days 00:00:30.448000,0 days 00:00:41.195000,0 days 00:00:23.218000,HARD,7.0,3.0,,,1,3.0,False,2024,Bahrain,R,94.861,30.448,41.195,23.218
SAI,Ferrari,43.0,0 days 00:01:34.795000,0 days 00:00:30.387000,0 days 00:00:41.201000,0 days 00:00:23.207000,HARD,8.0,3.0,,,1,3.0,False,2024,Bahrain,R,94.795,30.387,41.201,23.207
SAI,Ferrari,44.0,0 days 00:01:34.507000,0 days 00:00:30.350000,0 days 00:00:40.971000,0 days 00:00:23.186000,HARD,9.0,3.0,,,1,3.0,False,2024,Bahrain,R,94.507,30.35,40.971,23.186
SAI,Ferrari,45.0,0 days 00:01:34.790000,0 days 00:00:30.398000,0 days 00:00:41.123000,0 days 00:00:23.269000,HARD,10.0,3.0,,,1,3.0,False,2024,Bahrain,R,94.79,30.398,41.123,23.269
SAI,Ferrari,46.0,0 days 00:01:34.853000,0 days 00:00:30.466000,0 days 00:00:41.116000,0 days 00:00:23.271000,HARD,11.0,3.0,,,1,3.0,False,2024,Bahrain,R,94.853,30.466,41.116,23.271
SAI,Ferrari,47.0,0 days 00:01:34.901000,0 days 00:00:30.455000,0 days 00:00:41.086000,0 days 00:00:23.360000,HARD,12.0,3.0,,,1,3.0,False,2024,Bahrain,R,94.901,30.455,41.086,23.36
SAI,Ferrari,48.0,0 days 00:01:34.981000,0 days 00:00:30.602000,0 days 00:00:41.028000,0 days 00:00:23.351000,HARD,13.0,3.0,,,1,3.0,False,2024,Bahrain,R,94.981,30.602,41.028,23.351
SAI,Ferrari,49.0,0 days 00:01:35.440000,0 days 00:00:30.499000,0 days 00:00:41.580000,0 days 00:00:23.361000,HARD,14.0,3.0,,,1,3.0,False,2024,Bahrain,R,95.44,30.499,41.58,23.361
SAI,Ferrari,50.0,0 days 00:01:35.142000,0 days 00:00:30.468000,0 days 00:00:41.331000,0 days 00:00:23.343000,HARD,15.0,3.0,,,1,3.0,False,2024,Bahrain,R,95.142,30.468,41.331,23.343
SAI,Ferrari,51.0,0 days 00:01:35.282000,0 days 00:00:30.502000,0 days 00:00:41.387000,0 days 00:00:23.393000,HARD,16.0,3.0,,,1,3.0,False,2024,Bahrain,R,95.282,30.502,41.387,23.393
SAI,Ferrari,52.0,0 days 00:01:35.083000,0 days 00:00:30.522000,0 days 00:00:41.259000,0 days 00:00:23.302000,HARD,17.0,3.0,,,1,3.0,False,2024,Bahrain,R,95.083,30.522,41.259,23.302
SAI,Ferrari,53.0,0 days 00:01:35.211000,0 days 00:00:30.491000,0 days 00:00:41.288000,0 days 00:00:23.432000,HARD,18.0,3.0,,,1,3.0,False,2024,Bahrain,R,95.211,30.491,41.288,23.432
SAI,Ferrari,54.0,0 days 00:01:35.309000,0 days 00:00:30.555000,0 days 00:00:41.277000,0 days 00:00:23.477000,HARD,19.0,3.0,,,1,3.0,False,2024,Bahrain,R,95.309,30.555,41.277,23.477
SAI,Ferrari,55.0,0 days 00:01:35.407000,0 days 00:00:30.699000,0 days 00:00:41.192000,0 days 00:00:23.516000,HARD,20.0,3.0,,,1,3.0,False,2024,Bahrain,R,95.407,30.699,41.192,23.516
SAI,Ferrari,56.0,0 days 00:01:35.305000,0 days 00:00:30.593000,0 days 00:00:41.180000,0 days 00:00:23.532000,HARD,21.0,3.0,,,1,3.0,False,2024,Bahrain,R,95.305,30.593,41.18,23.532
SAI,Ferrari,57.0,0 days 00:01:35.327000,0 days 00:00:30.550000,0 days 00:00:41.125000,0 days 00:00:23.652000,HARD,22.0,3.0,,,1,3.0,False,2024,Bahrain,R,95.327,30.55,41.125,23.652
LEC,Ferrari,1.0,0 days 00:01:38.271000,,0 days 00:00:41.549000,0 days 00:00:23.635000,SOFT,4.0,1.0,,,12,2.0,False,2024,Bahrain,R,98.271,,41.549,23.635
LEC,Ferrari,2.0,0 days 00:01:36.862000,0 days 00:00:31.166000,0 days 00:00:41.864000,0 days 00:00:23.832000,SOFT,5.0,1.0,,,1,2.0,False,2024,Bahrain,R,96.862,31.166,41.864,23.832
LEC,Ferrari,3.0,0 days 00:01:38.062000,0 days 00:00:31.223000,0 days 00:00:42.856000,0 days 00:00:23.983000,SOFT,6.0,1.0,,,1,3.0,False,2024,Bahrain,R,98.062,31.223,42.856,23.983
LEC,Ferrari,4.0,0 days 00:01:37.752000,0 days 00:00:30.958000,0 days 00:00:42.784000,0 days 00:00:24.010000,SOFT,7.0,1.0,,,1,3.0,True,2024,Bahrain,R,97.752,30.958,42.784,24.01
LEC,Ferrari,5.0,0 days 00:01:38.131000,0 days 00:00:31.192000,0 days 00:00:42.872000,0 days 00:00:24.067000,SOFT,8.0,1.0,,,1,3.0,False,2024,Bahrain,R,98.131,31.192,42.872,24.067
LEC,Ferrari,6.0,0 days 00:01:37.782000,0 days 00:00:30.936000,0 days 00:00:42.751000,0 days 00:00:24.095000,SOFT,9.0,1.0,,,1,3.0,False,2024,Bahrain,R,97.782,30.936,42.751,24.095
LEC,Ferrari,7.0,0 days 00:01:38.957000,0 days 00:00:31.008000,0 days 00:00:43.761000,0 days 00:00:24.188000,SOFT,10.0,1.0,,,1,4.0,False,2024,Bahrain,R,98.957,31.008,43.761,24.188
LEC,Ferrari,8.0,0 days 00:01:38.136000,0 days 00:00:31.200000,0 days 00:00:42.753000,0 days 00:00:24.183000,SOFT,11.0,1.0,,,1,4.0,False,2024,Bahrain,R,98.136,31.2,42.753,24.183
LEC,Ferrari,9.0,0 days 00:01:37.844000,0 days 00:00:31.147000,0 days 00:00:42.533000,0 days 00:00:24.164000,SOFT,12.0,1.0,,,1,4.0,False,2024,Bahrain,R,97.844,31.147,42.533,24.164
LEC,Ferrari,10.0,0 days 00:01:37.884000,0 days 00:00:30.988000,0 days 00:00:42.534000,0 days 00:00:24.362000,SOFT,13.0,1.0,,,12,4.0,False,2024,Bahrain,R,97.884,30.988,42.534,24.362
LEC,Ferrari,11.0,0 days 00:01:41.737000,0 days 00:00:32.241000,0 days 00:00:42.647000,0 days 00:00:26.849000,SOFT,14.0,1.0,0 days 01:17:59.892000,,1,6.0,False,2024,Bahrain,R,101.737,32.241,42.647,26.849
LEC,Ferrari,12.0,0 days 00:01:57.471000,0 days 00:00:51.178000,0 days 00:00:42.371000,0 days 00:00:23.922000,HARD,1.0,2.0,,0 days 01:18:23.940000,1,13.0,False,2024,Bahrain,R,117.471,51.178,42.371,23.922
LEC,Ferrari,13.0,0 days 00:01:36.432000,0 days 00:00:30.580000,0 days 00:00:42.173000,0 days 00:00:23.679000,HARD,2.0,2.0,,,1,9.0,False,2024,Bahrain,R,96.432,30.58,42.173,23.679
LEC,Ferrari,14.0,0 days 00:01:36.756000,0 days 00:00:30.787000,0 days 00:00:42.232000,0 days 00:00:23.737000,HARD,3.0,2.0,,,1,8.0,False,2024,Bahrain,R,96.756,30.787,42.232,23.737
LEC,Ferrari,15.0,0 days 00:01:36.813000,0 days 00:00:30.831000,0 days 00:00:42.256000,0 days 00:00:23.726000,HARD,4.0,2.0,,,1,6.0,False,2024,Bahrain,R,96.813,30.831,42.256,23.726
LEC,Ferrari,16.0,0 days 00:01:36.673000,0 days 00:00:30.606000,0 days 00:00:42.320000,0 days 00:00:23.747000,HARD,5.0,2.0,,,1,4.0,False,2024,Bahrain,R,96.673,30.606,42.32,23.747
LEC,Ferrari,17.0,0 days 00:01:37.302000,0 days 00:00:31.109000,0 days 00:00:42.332000,0 days 00:00:23.861000,HARD,6.0,2.0,,,1,5.0,False,2024,Bahrain,R,97.302,31.109,42.332,23.861
LEC,Ferrari,18.0,0 days 00:01:37.438000,0 days 00:00:31.180000,0 days 00:00:42.467000,0 days 00:00:23.791000,HARD,7.0,2.0,,,1,5.0,False,2024,Bahrain,R,97.438,31.18,42.467,23.791
LEC,Ferrari,19.0,0 days 00:01:36.821000,0 days 00:00:30.986000,0 days 00:00:42.030000,0 days 00:00:23.805000,HARD,8.0,2.0,,,1,5.0,False,2024,Bahrain,R,96.821,30.986,42.03,23.805
LEC,Ferrari,20.0,0 days 00:01:36.794000,0 days 00:00:30.839000,0 days 00:00:42.103000,0 days 00:00:23.852000,HARD,9.0,2.0,,,1,5.0,False,2024,Bahrain,R,96.794,30.839,42.103,23.852
LEC,Ferrari,21.0,0 days 00:01:36.977000,0 days 00:00:31.089000,0 days 00:00:42.091000,0 days 00:00:23.797000,HARD,10.0,2.0,,,1,5.0,False,2024,Bahrain,R,96.977,31.089,42.091,23.797
LEC,Ferrari,22.0,0 days 00:01:36.796000,0 days 00:00:30.994000,0 days 00:00:41.976000,0 days 00:00:23.826000,HARD,11.0,2.0,,,1,5.0,False,2024,Bahrain,R,96.796,30.994,41.976,23.826
LEC,Ferrari,23.0,0 days 00:01:36.987000,0 days 00:00:31.131000,0 days 00:00:41.941000,0 days 00:00:23.915000,HARD,12.0,2.0,,,1,5.0,False,2024,Bahrain,R,96.987,31.131,41.941,23.915
LEC,Ferrari,24.0,0 days 00:01:36.924000,0 days 00:00:31.083000,0 days 00:00:41.904000,0 days 00:00:23.937000,HARD,13.0,2.0,,,1,5.0,False,2024,Bahrain,R,96.924,31.083,41.904,23.937
LEC,Ferrari,25.0,0 days 00:01:36.760000,0 days 00:00:31.059000,0 days 00:00:41.828000,0 days 00:00:23.873000,HARD,14.0,2.0,,,1,5.0,False,2024,Bahrain,R,96.76,31.059,41.828,23.873
LEC,Ferrari,26.0,0 days 00:01:36.810000,0 days 00:00:30.991000,0 days 00:00:41.901000,0 days 00:00:23.918000,HARD,15.0,2.0,,,1,5.0,False,2024,Bahrain,R,96.81,30.991,41.901,23.918
LEC,Ferrari,27.0,0 days 00:01:36.831000,0 days 00:00:31.081000,0 days 00:00:41.881000,0 days 00:00:23.869000,HARD,16.0,2.0,,,1,5.0,False,2024,Bahrain,R,96.831,31.081,41.881,23.869
LEC,Ferrari,28.0,0 days 00:01:36.907000,0 days 00:00:31.019000,0 days 00:00:41.971000,0 days 00:00:23.917000,HARD,17.0,2.0,,,1,5.0,False,2024,Bahrain,R,96.907,31.019,41.971,23.917
LEC,Ferrari,29.0,0 days 00:01:36.963000,0 days 00:00:30.974000,0 days 00:00:42.065000,0 days 00:00:23.924000,HARD,18.0,2.0,,,1,5.0,False,2024,Bahrain,R,96.963,30.974,42.065,23.924
LEC,Ferrari,30.0,0 days 00:01:37.158000,0 days 00:00:31.134000,0 days 00:00:42.030000,0 days 00:00:23.994000,HARD,19.0,2.0,,,1,5.0,False,2024,Bahrain,R,97.158,31.134,42.03,23.994
LEC,Ferrari,31.0,0 days 00:01:37.031000,0 days 00:00:30.999000,0 days 00:00:42.079000,0 days 00:00:23.953000,HARD,20.0,2.0,,,1,4.0,False,2024,Bahrain,R,97.031,30.999,42.079,23.953
LEC,Ferrari,32.0,0 days 00:01:36.941000,0 days 00:00:31.153000,0 days 00:00:41.922000,0 days 00:00:23.866000,HARD,21.0,2.0,,,1,4.0,False,2024,Bahrain,R,96.941,31.153,41.922,23.866
LEC,Ferrari,33.0,0 days 00:01:36.741000,0 days 00:00:30.990000,0 days 00:00:41.868000,0 days 00:00:23.883000,HARD,22.0,2.0,,,1,4.0,False,2024,Bahrain,R,96.741,30.99,41.868,23.883
LEC,Ferrari,34.0,0 days 00:01:39.614000,0 days 00:00:31.219000,0 days 00:00:41.932000,0 days 00:00:26.463000,HARD,23.0,2.0,0 days 01:55:31.860000,,1,4.0,False,2024,Bahrain,R,99.614,31.219,41.932,26.463
LEC,Ferrari,35.0,0 days 00:01:56.166000,0 days 00:00:51.681000,0 days 00:00:41.260000,0 days 00:00:23.225000,HARD,1.0,3.0,,0 days 01:55:55.941000,1,6.0,False,2024,Bahrain,R,116.166,51.681,41.26,23.225
LEC,Ferrari,36.0,0 days 00:01:34.090000,0 days 00:00:30.063000,0 days 00:00:40.650000,0 days 00:00:23.377000,HARD,2.0,3.0,,,1,5.0,False,2024,Bahrain,R,94.09,30.063,40.65,23.377
LEC,Ferrari,37.0,0 days 00:01:34.897000,0 days 00:00:30.611000,0 days 00:00:40.962000,0 days 00:00:23.324000,HARD,3.0,3.0,,,1,5.0,False,2024,Bahrain,R,94.897,30.611,40.962,23.324
LEC,Ferrari,38.0,0 days 00:01:34.783000,0 days 00:00:30.550000,0 days 00:00:40.953000,0 days 00:00:23.280000,HARD,4.0,3.0,,,1,5.0,False,2024,Bahrain,R,94.783,30.55,40.953,23.28
LEC,Ferrari,39.0,0 days 00:01:35.087000,0 days 00:00:30.604000,0 days 00:00:41.077000,0 days 00:00:23.406000,HARD,5.0,3.0,,,1,5.0,False,2024,Bahrain,R,95.087,30.604,41.077,23.406
LEC,Ferrari,40.0,0 days 00:01:34.859000,0 days 00:00:30.507000,0 days 00:00:40.836000,0 days 00:00:23.516000,HARD,6.0,3.0,,,1,5.0,False,2024,Bahrain,R,94.859,30.507,40.836,23.516
LEC,Ferrari,41.0,0 days 00:01:35.028000,0 days 00:00:30.539000,0 days 00:00:41.033000,0 days 00:00:23.456000,HARD,7.0,3.0,,,1,5.0,False,2024,Bahrain,R,95.028,30.539,41.033,23.456
LEC,Ferrari,42.0,0 days 00:01:34.982000,0 days 00:00:30.413000,0 days 00:00:41.067000,0 days 00:00:23.502000,HARD,8.0,3.0,,,1,5.0,False,2024,Bahrain,R,94.982,30.413,41.067,23.502
LEC,Ferrari,43.0,0 days 00:01:35.192000,0 days 00:00:30.286000,0 days 00:00:41.367000,0 days 00:00:23.539000,HARD,9.0,3.0,,,1,5.0,False,2024,Bahrain,R,95.192,30.286,41.367,23.539
LEC,Ferrari,44.0,0 days 00:01:35.051000,0 days 00:00:30.468000,0 days 00:00:41.124000,0 days 00:00:23.459000,HARD,10.0,3.0,,,1,5.0,False,2024,Bahrain,R,95.051,30.468,41.124,23.459
LEC,Ferrari,45.0,0 days 00:01:35.220000,0 days 00:00:30.355000,0 days 00:00:41.281000,0 days 00:00:23.584000,HARD,11.0,3.0,,,1,5.0,False,2024,Bahrain,R,95.22,30.355,41.281,23.584
LEC,Ferrari,46.0,0 days 00:01:35.058000,0 days 00:00:30.238000,0 days 00:00:41.400000,0 days 00:00:23.420000,HARD,12.0,3.0,,,1,4.0,False,2024,Bahrain,R,95.058,30.238,41.4,23.42
LEC,Ferrari,47.0,0 days 00:01:35.057000,0 days 00:00:30.577000,0 days 00:00:41.115000,0 days 00:00:23.365000,HARD,13.0,3.0,,,1,4.0,False,2024,Bahrain,R,95.057,30.577,41.115,23.365
LEC,Ferrari,48.0,0 days 00:01:35.308000,0 days 00:00:30.640000,0 days 00:00:41.183000,0 days 00:00:23.485000,HARD,14.0,3.0,,,1,4.0,False,2024,Bahrain,R,95.308,30.64,41.183,23.485
LEC,Ferrari,49.0,0 days 00:01:35.302000,0 days 00:00:30.689000,0 days 00:00:41.120000,0 days 00:00:23.493000,HARD,15.0,3.0,,,1,4.0,False,2024,Bahrain,R,95.302,30.689,41.12,23.493
LEC,Ferrari,50.0,0 days 00:01:35.383000,0 days 00:00:30.639000,0 days 00:00:41.285000,0 days 00:00:23.459000,HARD,16.0,3.0,,,1,4.0,False,2024,Bahrain,R,95.383,30.639,41.285,23.459
LEC,Ferrari,51.0,0 days 00:01:35.418000,0 days 00:00:30.721000,0 days 00:00:41.116000,0 days 00:00:23.581000,HARD,17.0,3.0,,,1,4.0,False,2024,Bahrain,R,95.418,30.721,41.116,23.581
LEC,Ferrari,52.0,0 days 00:01:35.394000,0 days 00:00:30.693000,0 days 00:00:41.156000,0 days 00:00:23.545000,HARD,18.0,3.0,,,1,4.0,False,2024,Bahrain,R,95.394,30.693,41.156,23.545
LEC,Ferrari,53.0,0 days 00:01:35.480000,0 days 00:00:30.777000,0 days 00:00:41.227000,0 days 00:00:23.476000,HARD,19.0,3.0,,,1,4.0,False,2024,Bahrain,R,95.48,30.777,41.227,23.476
LEC,Ferrari,54.0,0 days 00:01:35.265000,0 days 00:00:30.700000,0 days 00:00:41.077000,0 days 00:00:23.488000,HARD,20.0,3.0,,,1,4.0,False,2024,Bahrain,R,95.265,30.7,41.077,23.488
LEC,Ferrari,55.0,0 days 00:01:35.785000,0 days 00:00:30.857000,0 days 00:00:41.308000,0 days 00:00:23.620000,HARD,21.0,3.0,,,1,4.0,False,2024,Bahrain,R,95.785,30.857,41.308,23.62
LEC,Ferrari,56.0,0 days 00:01:35.924000,0 days 00:00:30.744000,0 days 00:00:41.565000,0 days 00:00:23.615000,HARD,22.0,3.0,,,1,4.0,False,2024,Bahrain,R,95.924,30.744,41.565,23.615
LEC,Ferrari,57.0,0 days 00:01:36.324000,0 days 00:00:30.856000,0 days 00:00:41.655000,0 days 00:00:23.813000,HARD,23.0,3.0,,,1,4.0,False,2024,Bahrain,R,96.324,30.856,41.655,23.813
RUS,Mercedes,1.0,0 days 00:01:39.228000,,0 days 00:00:42.099000,0 days 00:00:23.694000,SOFT,4.0,1.0,,,12,3.0,False,2024,Bahrain,R,99.228,,42.099,23.694
RUS,Mercedes,2.0,0 days 00:01:36.635000,0 days 00:00:30.829000,0 days 00:00:42.038000,0 days 00:00:23.768000,SOFT,5.0,1.0,,,1,3.0,False,2024,Bahrain,R,96.635,30.829,42.038,23.768
RUS,Mercedes,3.0,0 days 00:01:36.406000,0 days 00:00:30.367000,0 days 00:00:42.202000,0 days 00:00:23.837000,SOFT,6.0,1.0,,,1,2.0,False,2024,Bahrain,R,96.406,30.367,42.202,23.837
RUS,Mercedes,4.0,0 days 00:01:37.738000,0 days 00:00:31.135000,0 days 00:00:42.609000,0 days 00:00:23.994000,SOFT,7.0,1.0,,,1,2.0,False,2024,Bahrain,R,97.738,31.135,42.609,23.994
RUS,Mercedes,5.0,0 days 00:01:38.116000,0 days 00:00:31.636000,0 days 00:00:42.573000,0 days 00:00:23.907000,SOFT,8.0,1.0,,,1,2.0,False,2024,Bahrain,R,98.116,31.636,42.573,23.907
RUS,Mercedes,6.0,0 days 00:01:37.784000,0 days 00:00:31.360000,0 days 00:00:42.508000,0 days 00:00:23.916000,SOFT,9.0,1.0,,,1,2.0,False,2024,Bahrain,R,97.784,31.36,42.508,23.916
RUS,Mercedes,7.0,0 days 00:01:38.082000,0 days 00:00:31.480000,0 days 00:00:42.577000,0 days 00:00:24.025000,SOFT,10.0,1.0,,,1,2.0,False,2024,Bahrain,R,98.082,31.48,42.577,24.025
RUS,Mercedes,8.0,0 days 00:01:37.862000,0 days 00:00:31.238000,0 days 00:00:42.646000,0 days 00:00:23.978000,SOFT,11.0,1.0,,,1,2.0,False,2024,Bahrain,R,97.862,31.238,42.646,23.978
RUS,Mercedes,9.0,0 days 00:01:37.730000,0 days 00:00:31.120000,0 days 00:00:42.578000,0 days 00:00:24.032000,SOFT,12.0,1.0,,,1,2.0,False,2024,Bahrain,R,97.73,31.12,42.578,24.032
RUS,Mercedes,10.0,0 days 00:01:37.782000,0 days 00:00:31.247000,0 days 00:00:42.538000,0 days 00:00:23.997000,SOFT,13.0,1.0,,,12,2.0,False,2024,Bahrain,R,97.782,31.247,42.538,23.997
RUS,Mercedes,11.0,0 days 00:01:40.515000,0 days 00:00:31.392000,0 days 00:00:42.646000,0 days 00:00:26.477000,SOFT,14.0,1.0,0 days 01:17:56.394000,,1,4.0,False,2024,Bahrain,R,100.515,31.392,42.646,26.477
RUS,Mercedes,12.0,0 days 00:01:58.460000,0 days 00:00:52.570000,0 days 00:00:42.189000,0 days 00:00:23.701000,HARD,1.0,2.0,,0 days 01:18:21.160000,1,11.0,False,2024,Bahrain,R,118.46,52.57,42.189,23.701
RUS,Mercedes,13.0,0 days 00:01:37.167000,0 days 00:00:30.759000,0 days 00:00:42.479000,0 days 00:00:23.929000,HARD,2.0,2.0,,,1,7.0,False,2024,Bahrain,R,97.167,30.759,42.479,23.929
RUS,Mercedes,14.0,0 days 00:01:37.571000,0 days 00:00:30.851000,0 days 00:00:42.740000,0 days 00:00:23.980000,HARD,3.0,2.0,,,1,7.0,False,2024,Bahrain,R,97.571,30.851,42.74,23.98
RUS,Mercedes,15.0,0 days 00:01:36.922000,0 days 00:00:31.038000,0 days 00:00:42.152000,0 days 00:00:23.732000,HARD,4.0,2.0,,,1,4.0,False,2024,Bahrain,R,96.922,31.038,42.152,23.732
RUS,Mercedes,16.0,0 days 00:01:36.683000,0 days 00:00:31.030000,0 days 00:00:42.084000,0 days 00:00:23.569000,HARD,5.0,2.0,,,1,3.0,False,2024,Bahrain,R,96.683,31.03,42.084,23.569
RUS,Mercedes,17.0,0 days 00:01:36.234000,0 days 00:00:30.747000,0 days 00:00:41.766000,0 days 00:00:23.721000,HARD,6.0,2.0,,,1,3.0,False,2024,Bahrain,R,96.234,30.747,41.766,23.721
RUS,Mercedes,18.0,0 days 00:01:37.819000,0 days 00:00:31.462000,0 days 00:00:42.532000,0 days 00:00:23.825000,HARD,7.0,2.0,,,1,4.0,False,2024,Bahrain,R,97.819,31.462,42.532,23.825
RUS,Mercedes,19.0,0 days 00:01:37.233000,0 days 00:00:31.101000,0 days 00:00:42.267000,0 days 00:00:23.865000,HARD,8.0,2.0,,,1,4.0,False,2024,Bahrain,R,97.233,31.101,42.267,23.865
RUS,Mercedes,20.0,0 days 00:01:36.732000,0 days 00:00:30.862000,0 days 00:00:42.099000,0 days 00:00:23.771000,HARD,9.0,2.0,,,1,4.0,False,2024,Bahrain,R,96.732,30.862,42.099,23.771
RUS,Mercedes,21.0,0 days 00:01:36.769000,0 days 00:00:30.870000,0 days 00:00:42.180000,0 days 00:00:23.719000,HARD,10.0,2.0,,,1,4.0,False,2024,Bahrain,R,96.769,30.87,42.18,23.719
RUS,Mercedes,22.0,0 days 00:01:36.992000,0 days 00:00:30.840000,0 days 00:00:42.313000,0 days 00:00:23.839000,HARD,11.0,2.0,,,1,4.0,False,2024,Bahrain,R,96.992,30.84,42.313,23.839
RUS,Mercedes,23.0,0 days 00:01:36.954000,0 days 00:00:31.043000,0 days 00:00:42.088000,0 days 00:00:23.823000,HARD,12.0,2.0,,,1,4.0,False,2024,Bahrain,R,96.954,31.043,42.088,23.823
RUS,Mercedes,24.0,0 days 00:01:36.736000,0 days 00:00:30.867000,0 days 00:00:42.107000,0 days 00:00:23.762000,HARD,13.0,2.0,,,1,4.0,False,2024,Bahrain,R,96.736,30.867,42.107,23.762
RUS,Mercedes,25.0,0 days 00:01:36.928000,0 days 00:00:30.941000,0 days 00:00:42.199000,0 days 00:00:23.788000,HARD,14.0,2.0,,,1,4.0,False,2024,Bahrain,R,96.928,30.941,42.199,23.788
RUS,Mercedes,26.0,0 days 00:01:36.801000,0 days 00:00:30.867000,0 days 00:00:42.161000,0 days 00:00:23.773000,HARD,15.0,2.0,,,1,4.0,False,2024,Bahrain,R,96.801,30.867,42.161,23.773
RUS,Mercedes,27.0,0 days 00:01:36.815000,0 days 00:00:30.930000,0 days 00:00:42.115000,0 days 00:00:23.770000,HARD,16.0,2.0,,,1,4.0,False,2024,Bahrain,R,96.815,30.93,42.115,23.77
RUS,Mercedes,28.0,0 days 00:01:36.911000,0 days 00:00:30.980000,0 days 00:00:42.149000,0 days 00:00:23.782000,HARD,17.0,2.0,,,1,4.0,False,2024,Bahrain,R,96.911,30.98,42.149,23.782
RUS,Mercedes,29.0,0 days 00:01:37.066000,0 days 00:00:30.993000,0 days 00:00:42.224000,0 days 00:00:23.849000,HARD,18.0,2.0,,,1,4.0,False,2024,Bahrain,R,97.066,30.993,42.224,23.849
RUS,Mercedes,30.0,0 days 00:01:37.186000,0 days 00:00:31.030000,0 days 00:00:42.221000,0 days 00:00:23.935000,HARD,19.0,2.0,,,1,4.0,False,2024,Bahrain,R,97.186,31.03,42.221,23.935
RUS,Mercedes,31.0,0 days 00:01:39.405000,0 days 00:00:31.061000,0 days 00:00:42.153000,0 days 00:00:26.191000,HARD,20.0,2.0,0 days 01:50:39.737000,,1,5.0,False,2024,Bahrain,R,99.405,31.061,42.153,26.191
RUS,Mercedes,32.0,0 days 00:01:57.267000,0 days 00:00:52.151000,0 days 00:00:41.641000,0 days 00:00:23.475000,HARD,1.0,3.0,,0 days 01:51:04.687000,1,9.0,False,2024,Bahrain,R,117.267,52.151,41.641,23.475
RUS,Mercedes,33.0,0 days 00:01:35.838000,0 days 00:00:30.638000,0 days 00:00:41.572000,0 days 00:00:23.628000,HARD,2.0,3.0,,,1,9.0,False,2024,Bahrain,R,95.838,30.638,41.572,23.628
RUS,Mercedes,34.0,0 days 00:01:35.241000,0 days 00:00:30.286000,0 days 00:00:41.651000,0 days 00:00:23.304000,HARD,3.0,3.0,,,1,6.0,False,2024,Bahrain,R,95.241,30.286,41.651,23.304
RUS,Mercedes,35.0,0 days 00:01:35.772000,0 days 00:00:30.587000,0 days 00:00:41.817000,0 days 00:00:23.368000,HARD,4.0,3.0,,,1,4.0,False,2024,Bahrain,R,95.772,30.587,41.817,23.368
RUS,Mercedes,36.0,0 days 00:01:35.434000,0 days 00:00:30.608000,0 days 00:00:41.494000,0 days 00:00:23.332000,HARD,5.0,3.0,,,1,4.0,False,2024,Bahrain,R,95.434,30.608,41.494,23.332
RUS,Mercedes,37.0,0 days 00:01:35.481000,0 days 00:00:30.566000,0 days 00:00:41.586000,0 days 00:00:23.329000,HARD,6.0,3.0,,,1,4.0,False,2024,Bahrain,R,95.481,30.566,41.586,23.329
RUS,Mercedes,38.0,0 days 00:01:35.479000,0 days 00:00:30.600000,0 days 00:00:41.469000,0 days 00:00:23.410000,HARD,7.0,3.0,,,1,4.0,False,2024,Bahrain,R,95.479,30.6,41.469,23.41
RUS,Mercedes,39.0,0 days 00:01:35.204000,0 days 00:00:30.547000,0 days 00:00:41.329000,0 days 00:00:23.328000,HARD,8.0,3.0,,,1,4.0,False,2024,Bahrain,R,95.204,30.547,41.329,23.328
RUS,Mercedes,40.0,0 days 00:01:35.065000,0 days 00:00:30.390000,0 days 00:00:41.347000,0 days 00:00:23.328000,HARD,9.0,3.0,,,1,4.0,False,2024,Bahrain,R,95.065,30.39,41.347,23.328
RUS,Mercedes,41.0,0 days 00:01:35.093000,0 days 00:00:30.541000,0 days 00:00:41.250000,0 days 00:00:23.302000,HARD,10.0,3.0,,,1,4.0,False,2024,Bahrain,R,95.093,30.541,41.25,23.302
RUS,Mercedes,42.0,0 days 00:01:35.136000,0 days 00:00:30.570000,0 days 00:00:41.196000,0 days 00:00:23.370000,HARD,11.0,3.0,,,1,4.0,False,2024,Bahrain,R,95.136,30.57,41.196,23.37
RUS,Mercedes,43.0,0 days 00:01:35.193000,0 days 00:00:30.626000,0 days 00:00:41.237000,0 days 00:00:23.330000,HARD,12.0,3.0,,,1,4.0,False,2024,Bahrain,R,95.193,30.626,41.237,23.33
RUS,Mercedes,44.0,0 days 00:01:35.162000,0 days 00:00:30.573000,0 days 00:00:41.252000,0 days 00:00:23.337000,HARD,13.0,3.0,,,1,4.0,False,2024,Bahrain,R,95.162,30.573,41.252,23.337
RUS,Mercedes,45.0,0 days 00:01:35.276000,0 days 00:00:30.599000,0 days 00:00:41.328000,0 days 00:00:23.349000,HARD,14.0,3.0,,,1,4.0,False,2024,Bahrain,R,95.276,30.599,41.328,23.349
RUS,Mercedes,46.0,0 days 00:01:36.657000,0 days 00:00:30.649000,0 days 00:00:42.244000,0 days 00:00:23.764000,HARD,15.0,3.0,,,1,5.0,True,2024,Bahrain,R,96.657,30.649,42.244,23.764
RUS,Mercedes,47.0,0 days 00:01:35.805000,0 days 00:00:30.525000,0 days 00:00:41.724000,0 days 00:00:23.556000,HARD,16.0,3.0,,,1,5.0,False,2024,Bahrain,R,95.805,30.525,41.724,23.556
RUS,Mercedes,48.0,0 days 00:01:36.059000,0 days 00:00:30.794000,0 days 00:00:41.795000,0 days 00:00:23.470000,HARD,17.0,3.0,,,1,5.0,False,2024,Bahrain,R,96.059,30.794,41.795,23.47
RUS,Mercedes,49.0,0 days 00:01:35.954000,0 days 00:00:30.723000,0 days 00:00:41.727000,0 days 00:00:23.504000,HARD,18.0,3.0,,,1,5.0,False,2024,Bahrain,R,95.954,30.723,41.727,23.504
RUS,Mercedes,50.0,0 days 00:01:36.181000,0 days 00:00:30.691000,0 days 00:00:41.930000,0 days 00:00:23.560000,HARD,19.0,3.0,,,1,5.0,False,2024,Bahrain,R,96.181,30.691,41.93,23.56
RUS,Mercedes,51.0,0 days 00:01:35.852000,0 days 00:00:30.639000,0 days 00:00:41.734000,0 days 00:00:23.479000,HARD,20.0,3.0,,,1,5.0,False,2024,Bahrain,R,95.852,30.639,41.734,23.479
RUS,Mercedes,52.0,0 days 00:01:36.186000,0 days 00:00:30.678000,0 days 00:00:41.927000,0 days 00:00:23.581000,HARD,21.0,3.0,,,1,5.0,False,2024,Bahrain,R,96.186,30.678,41.927,23.581
RUS,Mercedes,53.0,0 days 00:01:35.979000,0 days 00:00:30.752000,0 days 00:00:41.740000,0 days 00:00:23.487000,HARD,22.0,3.0,,,1,5.0,False,2024,Bahrain,R,95.979,30.752,41.74,23.487
RUS,Mercedes,54.0,0 days 00:01:36.013000,0 days 00:00:30.744000,0 days 00:00:41.687000,0 days 00:00:23.582000,HARD,23.0,3.0,,,1,5.0,False,2024,Bahrain,R,96.013,30.744,41.687,23.582
RUS,Mercedes,55.0,0 days 00:01:36.151000,0 days 00:00:30.818000,0 days 00:00:41.709000,0 days 00:00:23.624000,HARD,24.0,3.0,,,1,5.0,False,2024,Bahrain,R,96.151,30.818,41.709,23.624
RUS,Mercedes,56.0,0 days 00:01:36.350000,0 days 00:00:30.808000,0 days 00:00:41.885000,0 days 00:00:23.657000,HARD,25.0,3.0,,,1,5.0,False,2024,Bahrain,R,96.35,30.808,41.885,23.657
RUS,Mercedes,57.0,0 days 00:01:36.440000,0 days 00:00:30.765000,0 days 00:00:42.018000,0 days 00:00:23.657000,HARD,26.0,3.0,,,1,5.0,False,2024,Bahrain,R,96.44,30.765,42.018,23.657
NOR,McLaren,1.0,0 days 00:01:42.168000,,0 days 00:00:43.309000,0 days 00:00:24.244000,SOFT,4.0,1.0,,,12,7.0,False,2024,Bahrain,R,102.168,,43.309,24.244
NOR,McLaren,2.0,0 days 00:01:38.010000,0 days 00:00:31.353000,0 days 00:00:42.618000,0 days 00:00:24.039000,SOFT,5.0,1.0,,,1,7.0,False,2024,Bahrain,R,98.01,31.353,42.618,24.039
NOR,McLaren,3.0,0 days 00:01:37.787000,0 days 00:00:31.112000,0 days 00:00:42.476000,0 days 00:00:24.199000,SOFT,6.0,1.0,,,1,6.0,True,2024,Bahrain,R,97.787,31.112,42.476,24.199
NOR,McLaren,4.0,0 days 00:01:37.450000,0 days 00:00:31.115000,0 days 00:00:42.193000,0 days 00:00:24.142000,SOFT,7.0,1.0,,,1,6.0,True,2024,Bahrain,R,97.45,31.115,42.193,24.142
NOR,McLaren,5.0,0 days 00:01:37.794000,0 days 00:00:31.258000,0 days 00:00:42.379000,0 days 00:00:24.157000,SOFT,8.0,1.0,,,1,6.0,False,2024,Bahrain,R,97.794,31.258,42.379,24.157
NOR,McLaren,6.0,0 days 00:01:37.896000,0 days 00:00:31.027000,0 days 00:00:42.622000,0 days 00:00:24.247000,SOFT,9.0,1.0,,,1,6.0,False,2024,Bahrain,R,97.896,31.027,42.622,24.247
NOR,McLaren,7.0,0 days 00:01:37.860000,0 days 00:00:31.074000,0 days 00:00:42.514000,0 days 00:00:24.272000,SOFT,10.0,1.0,,,1,6.0,False,2024,Bahrain,R,97.86,31.074,42.514,24.272
NOR,McLaren,8.0,0 days 00:01:38.134000,0 days 00:00:31.171000,0 days 00:00:42.688000,0 days 00:00:24.275000,SOFT,11.0,1.0,,,1,6.0,False,2024,Bahrain,R,98.134,31.171,42.688,24.275
NOR,McLaren,9.0,0 days 00:01:38.064000,0 days 00:00:31.051000,0 days 00:00:42.721000,0 days 00:00:24.292000,SOFT,12.0,1.0,,,1,6.0,False,2024,Bahrain,R,98.064,31.051,42.721,24.292
NOR,McLaren,10.0,0 days 00:01:37.936000,0 days 00:00:31.019000,0 days 00:00:42.563000,0 days 00:00:24.354000,SOFT,13.0,1.0,,,12,6.0,False,2024,Bahrain,R,97.936,31.019,42.563,24.354
NOR,McLaren,11.0,0 days 00:01:38.172000,0 days 00:00:31.163000,0 days 00:00:42.740000,0 days 00:00:24.269000,SOFT,14.0,1.0,,,1,5.0,False,2024,Bahrain,R,98.172,31.163,42.74,24.269
NOR,McLaren,12.0,0 days 00:01:38.082000,0 days 00:00:31.232000,0 days 00:00:42.561000,0 days 00:00:24.289000,SOFT,15.0,1.0,,,1,4.0,False,2024,Bahrain,R,98.082,31.232,42.561,24.289
NOR,McLaren,13.0,0 days 00:01:40.635000,0 days 00:00:31.225000,0 days 00:00:42.508000,0 days 00:00:26.902000,SOFT,16.0,1.0,0 days 01:21:18.561000,,1,3.0,False,2024,Bahrain,R,100.635,31.225,42.508,26.902
NOR,McLaren,14.0,0 days 00:01:57.770000,0 days 00:00:51.681000,0 days 00:00:42.243000,0 days 00:00:23.846000,HARD,1.0,2.0,,0 days 01:21:42.671000,1,9.0,False,2024,Bahrain,R,117.77,51.681,42.243,23.846
NOR,McLaren,15.0,0 days 00:01:36.912000,0 days 00:00:31.011000,0 days 00:00:42.058000,0 days 00:00:23.843000,HARD,2.0,2.0,,,1,8.0,False,2024,Bahrain,R,96.912,31.011,42.058,23.843
NOR,McLaren,16.0,0 days 00:01:36.565000,0 days 00:00:30.716000,0 days 00:00:42.031000,0 days 00:00:23.818000,HARD,3.0,2.0,,,1,6.0,False,2024,Bahrain,R,96.565,30.716,42.031,23.818
NOR,McLaren,17.0,0 days 00:01:36.776000,0 days 00:00:31.049000,0 days 00:00:41.973000,0 days 00:00:23.754000,HARD,4.0,2.0,,,1,6.0,False,2024,Bahrain,R,96.776,31.049,41.973,23.754
NOR,McLaren,18.0,0 days 00:01:36.508000,0 days 00:00:30.803000,0 days 00:00:41.777000,0 days 00:00:23.928000,HARD,5.0,2.0,,,1,6.0,False,2024,Bahrain,R,96.508,30.803,41.777,23.928
NOR,McLaren,19.0,0 days 00:01:36.416000,0 days 00:00:30.870000,0 days 00:00:41.774000,0 days 00:00:23.772000,HARD,6.0,2.0,,,1,6.0,False,2024,Bahrain,R,96.416,30.87,41.774,23.772
NOR,McLaren,20.0,0 days 00:01:36.501000,0 days 00:00:30.817000,0 days 00:00:41.871000,0 days 00:00:23.813000,HARD,7.0,2.0,,,1,6.0,False,2024,Bahrain,R,96.501,30.817,41.871,23.813
NOR,McLaren,21.0,0 days 00:01:36.620000,0 days 00:00:30.889000,0 days 00:00:41.825000,0 days 00:00:23.906000,HARD,8.0,2.0,,,1,6.0,False,2024,Bahrain,R,96.62,30.889,41.825,23.906
NOR,McLaren,22.0,0 days 00:01:36.668000,0 days 00:00:30.839000,0 days 00:00:41.822000,0 days 00:00:24.007000,HARD,9.0,2.0,,,1,6.0,False,2024,Bahrain,R,96.668,30.839,41.822,24.007
NOR,McLaren,23.0,0 days 00:01:36.696000,0 days 00:00:30.920000,0 days 00:00:41.877000,0 days 00:00:23.899000,HARD,10.0,2.0,,,1,6.0,False,2024,Bahrain,R,96.696,30.92,41.877,23.899
NOR,McLaren,24.0,0 days 00:01:36.823000,0 days 00:00:30.890000,0 days 00:00:42.047000,0 days 00:00:23.886000,HARD,11.0,2.0,,,1,6.0,False,2024,Bahrain,R,96.823,30.89,42.047,23.886
NOR,McLaren,25.0,0 days 00:01:36.730000,0 days 00:00:30.923000,0 days 00:00:41.924000,0 days 00:00:23.883000,HARD,12.0,2.0,,,1,6.0,False,2024,Bahrain,R,96.73,30.923,41.924,23.883
NOR,McLaren,26.0,0 days 00:01:36.566000,0 days 00:00:30.845000,0 days 00:00:41.878000,0 days 00:00:23.843000,HARD,13.0,2.0,,,1,6.0,False,2024,Bahrain,R,96.566,30.845,41.878,23.843
NOR,McLaren,27.0,0 days 00:01:36.726000,0 days 00:00:30.873000,0 days 00:00:41.939000,0 days 00:00:23.914000,HARD,14.0,2.0,,,1,6.0,False,2024,Bahrain,R,96.726,30.873,41.939,23.914
NOR,McLaren,28.0,0 days 00:01:37.018000,0 days 00:00:30.980000,0 days 00:00:41.984000,0 days 00:00:24.054000,HARD,15.0,2.0,,,1,6.0,False,2024,Bahrain,R,97.018,30.98,41.984,24.054
NOR,McLaren,29.0,0 days 00:01:37.041000,0 days 00:00:30.879000,0 days 00:00:42.160000,0 days 00:00:24.002000,HARD,16.0,2.0,,,1,6.0,False,2024,Bahrain,R,97.041,30.879,42.16,24.002
NOR,McLaren,30.0,0 days 00:01:36.986000,0 days 00:00:30.946000,0 days 00:00:42.076000,0 days 00:00:23.964000,HARD,17.0,2.0,,,1,6.0,False,2024,Bahrain,R,96.986,30.946,42.076,23.964
NOR,McLaren,31.0,0 days 00:01:37.083000,0 days 00:00:30.944000,0 days 00:00:42.127000,0 days 00:00:24.012000,HARD,18.0,2.0,,,1,6.0,False,2024,Bahrain,R,97.083,30.944,42.127,24.012
NOR,McLaren,32.0,0 days 00:01:37.171000,0 days 00:00:30.994000,0 days 00:00:42.140000,0 days 00:00:24.037000,HARD,19.0,2.0,,,1,5.0,False,2024,Bahrain,R,97.171,30.994,42.14,24.037
NOR,McLaren,33.0,0 days 00:01:39.626000,0 days 00:00:31.223000,0 days 00:00:42.016000,0 days 00:00:26.387000,HARD,20.0,2.0,0 days 01:53:57.589000,,1,5.0,False,2024,Bahrain,R,99.626,31.223,42.016,26.387
NOR,McLaren,34.0,0 days 00:01:56.898000,0 days 00:00:51.869000,0 days 00:00:41.547000,0 days 00:00:23.482000,HARD,1.0,3.0,,0 days 01:54:22.389000,1,8.0,False,2024,Bahrain,R,116.898,51.869,41.547,23.482
NOR,McLaren,35.0,0 days 00:01:34.476000,0 days 00:00:30.320000,0 days 00:00:40.838000,0 days 00:00:23.318000,HARD,2.0,3.0,,,1,7.0,False,2024,Bahrain,R,94.476,30.32,40.838,23.318
NOR,McLaren,36.0,0 days 00:01:35.690000,0 days 00:00:30.162000,0 days 00:00:42.072000,0 days 00:00:23.456000,HARD,3.0,3.0,,,1,6.0,False,2024,Bahrain,R,95.69,30.162,42.072,23.456
NOR,McLaren,37.0,0 days 00:01:35.067000,0 days 00:00:30.355000,0 days 00:00:41.339000,0 days 00:00:23.373000,HARD,4.0,3.0,,,1,6.0,False,2024,Bahrain,R,95.067,30.355,41.339,23.373
NOR,McLaren,38.0,0 days 00:01:35.149000,0 days 00:00:30.480000,0 days 00:00:41.161000,0 days 00:00:23.508000,HARD,5.0,3.0,,,1,6.0,False,2024,Bahrain,R,95.149,30.48,41.161,23.508
NOR,McLaren,39.0,0 days 00:01:34.880000,0 days 00:00:30.350000,0 days 00:00:41.047000,0 days 00:00:23.483000,HARD,6.0,3.0,,,1,6.0,False,2024,Bahrain,R,94.88,30.35,41.047,23.483
NOR,McLaren,40.0,0 days 00:01:35.276000,0 days 00:00:30.366000,0 days 00:00:41.222000,0 days 00:00:23.688000,HARD,7.0,3.0,,,1,6.0,False,2024,Bahrain,R,95.276,30.366,41.222,23.688
NOR,McLaren,41.0,0 days 00:01:35.069000,0 days 00:00:30.318000,0 days 00:00:41.261000,0 days 00:00:23.490000,HARD,8.0,3.0,,,1,6.0,False,2024,Bahrain,R,95.069,30.318,41.261,23.49
NOR,McLaren,42.0,0 days 00:01:35.165000,0 days 00:00:30.402000,0 days 00:00:41.212000,0 days 00:00:23.551000,HARD,9.0,3.0,,,1,6.0,False,2024,Bahrain,R,95.165,30.402,41.212,23.551
NOR,McLaren,43.0,0 days 00:01:35.295000,0 days 00:00:30.462000,0 days 00:00:41.196000,0 days 00:00:23.637000,HARD,10.0,3.0,,,1,6.0,False,2024,Bahrain,R,95.295,30.462,41.196,23.637
NOR,McLaren,44.0,0 days 00:01:35.346000,0 days 00:00:30.488000,0 days 00:00:41.267000,0 days 00:00:23.591000,HARD,11.0,3.0,,,1,6.0,False,2024,Bahrain,R,95.346,30.488,41.267,23.591
NOR,McLaren,45.0,0 days 00:01:35.338000,0 days 00:00:30.468000,0 days 00:00:41.240000,0 days 00:00:23.630000,HARD,12.0,3.0,,,1,6.0,False,2024,Bahrain,R,95.338,30.468,41.24,23.63
NOR,McLaren,46.0,0 days 00:01:35.371000,0 days 00:00:30.485000,0 days 00:00:41.244000,0 days 00:00:23.642000,HARD,13.0,3.0,,,1,6.0,False,2024,Bahrain,R,95.371,30.485,41.244,23.642
NOR,McLaren,47.0,0 days 00:01:35.485000,0 days 00:00:30.546000,0 days 00:00:41.341000,0 days 00:00:23.598000,HARD,14.0,3.0,,,1,6.0,False,2024,Bahrain,R,95.485,30.546,41.341,23.598
NOR,McLaren,48.0,0 days 00:01:35.717000,0 days 00:00:30.638000,0 days 00:00:41.369000,0 days 00:00:23.710000,HARD,15.0,3.0,,,1,6.0,False,2024,Bahrain,R,95.717,30.638,41.369,23.71
NOR,McLaren,49.0,0 days 00:01:35.674000,0 days 00:00:30.640000,0 days 00:00:41.340000,0 days 00:00:23.694000,HARD,16.0,3.0,,,1,6.0,False,2024,Bahrain,R,95.674,30.64,41.34,23.694
NOR,McLaren,50.0,0 days 00:01:35.657000,0 days 00:00:30.563000,0 days 00:00:41.375000,0 days 00:00:23.719000,HARD,17.0,3.0,,,1,6.0,False,2024,Bahrain,R,95.657,30.563,41.375,23.719
NOR,McLaren,51.0,0 days 00:01:36.038000,0 days 00:00:30.786000,0 days 00:00:41.516000,0 days 00:00:23.736000,HARD,18.0,3.0,,,1,6.0,False,2024,Bahrain,R,96.038,30.786,41.516,23.736
NOR,McLaren,52.0,0 days 00:01:35.922000,0 days 00:00:30.655000,0 days 00:00:41.461000,0 days 00:00:23.806000,HARD,19.0,3.0,,,1,6.0,False,2024,Bahrain,R,95.922,30.655,41.461,23.806
NOR,McLaren,53.0,0 days 00:01:35.782000,0 days 00:00:30.666000,0 days 00:00:41.392000,0 days 00:00:23.724000,HARD,20.0,3.0,,,1,6.0,False,2024,Bahrain,R,95.782,30.666,41.392,23.724
NOR,McLaren,54.0,0 days 00:01:35.934000,0 days 00:00:30.672000,0 days 00:00:41.387000,0 days 00:00:23.875000,HARD,21.0,3.0,,,1,6.0,False,2024,Bahrain,R,95.934,30.672,41.387,23.875
NOR,McLaren,55.0,0 days 00:01:36.223000,0 days 00:00:31.035000,0 days 00:00:41.372000,0 days 00:00:23.816000,HARD,22.0,3.0,,,1,6.0,False,2024,Bahrain,R,96.223,31.035,41.372,23.816
NOR,McLaren,56.0,0 days 00:01:35.976000,0 days 00:00:30.691000,0 days 00:00:41.471000,0 days 00:00:23.814000,HARD,23.0,3.0,,,1,6.0,True,2024,Bahrain,R,95.976,30.691,41.471,23.814
NOR,McLaren,57.0,0 days 00:01:36.582000,0 days 00:00:30.771000,0 days 00:00:41.992000,0 days 00:00:23.819000,HARD,24.0,3.0,,,1,6.0,False,2024,Bahrain,R,96.582,30.771,41.992,23.819
HAM,Mercedes,1.0,0 days 00:01:43.122000,,0 days 00:00:43.609000,0 days 00:00:24.393000,SOFT,4.0,1.0,,,12,9.0,False,2024,Bahrain,R,103.122,,43.609,24.393
HAM,Mercedes,2.0,0 days 00:01:38.273000,0 days 00:00:31.287000,0 days 00:00:42.893000,0 days 00:00:24.093000,SOFT,5.0,1.0,,,1,9.0,False,2024,Bahrain,R,98.273,31.287,42.893,24.093
HAM,Mercedes,3.0,0 days 00:01:38.303000,0 days 00:00:31.062000,0 days 00:00:43.099000,0 days 00:00:24.142000,SOFT,6.0,1.0,,,1,9.0,False,2024,Bahrain,R,98.303,31.062,43.099,24.142
HAM,Mercedes,4.0,0 days 00:01:38.287000,0 days 00:00:30.983000,0 days 00:00:43.146000,0 days 00:00:24.158000,SOFT,7.0,1.0,,,1,9.0,False,2024,Bahrain,R,98.287,30.983,43.146,24.158
HAM,Mercedes,5.0,0 days 00:01:38.350000,0 days 00:00:31.140000,0 days 00:00:43.010000,0 days 00:00:24.200000,SOFT,8.0,1.0,,,1,9.0,False,2024,Bahrain,R,98.35,31.14,43.01,24.2
HAM,Mercedes,6.0,0 days 00:01:38.183000,0 days 00:00:31.124000,0 days 00:00:42.887000,0 days 00:00:24.172000,SOFT,9.0,1.0,,,1,9.0,False,2024,Bahrain,R,98.183,31.124,42.887,24.172
HAM,Mercedes,7.0,0 days 00:01:37.839000,0 days 00:00:30.829000,0 days 00:00:42.823000,0 days 00:00:24.187000,SOFT,10.0,1.0,,,1,9.0,False,2024,Bahrain,R,97.839,30.829,42.823,24.187
HAM,Mercedes,8.0,0 days 00:01:38.221000,0 days 00:00:31.079000,0 days 00:00:42.886000,0 days 00:00:24.256000,SOFT,11.0,1.0,,,1,9.0,False,2024,Bahrain,R,98.221,31.079,42.886,24.256
HAM,Mercedes,9.0,0 days 00:01:38.645000,0 days 00:00:31.088000,0 days 00:00:43.171000,0 days 00:00:24.386000,SOFT,12.0,1.0,,,1,9.0,False,2024,Bahrain,R,98.645,31.088,43.171,24.386
HAM,Mercedes,10.0,0 days 00:01:38.037000,0 days 00:00:30.931000,0 days 00:00:42.821000,0 days 00:00:24.285000,SOFT,13.0,1.0,,,12,8.0,False,2024,Bahrain,R,98.037,30.931,42.821,24.285
HAM,Mercedes,11.0,0 days 00:01:38.236000,0 days 00:00:31.279000,0 days 00:00:42.819000,0 days 00:00:24.138000,SOFT,14.0,1.0,,,1,8.0,False,2024,Bahrain,R,98.236,31.279,42.819,24.138
HAM,Mercedes,12.0,0 days 00:01:40.889000,0 days 00:00:31.206000,0 days 00:00:42.881000,0 days 00:00:26.802000,SOFT,15.0,1.0,0 days 01:19:44.838000,,1,7.0,False,2024,Bahrain,R,100.889,31.206,42.881,26.802
HAM,Mercedes,13.0,0 days 00:01:58.645000,0 days 00:00:52.396000,0 days 00:00:42.491000,0 days 00:00:23.758000,HARD,1.0,2.0,,0 days 01:20:09.902000,1,12.0,False,2024,Bahrain,R,118.645,52.396,42.491,23.758
HAM,Mercedes,14.0,0 days 00:01:37.178000,0 days 00:00:31.073000,0 days 00:00:42.404000,0 days 00:00:23.701000,HARD,2.0,2.0,,,1,11.0,False,2024,Bahrain,R,97.178,31.073,42.404,23.701
HAM,Mercedes,15.0,0 days 00:01:37.264000,0 days 00:00:31.095000,0 days 00:00:42.315000,0 days 00:00:23.854000,HARD,3.0,2.0,,,1,10.0,False,2024,Bahrain,R,97.264,31.095,42.315,23.854
HAM,Mercedes,16.0,0 days 00:01:37.091000,0 days 00:00:31.165000,0 days 00:00:42.207000,0 days 00:00:23.719000,HARD,4.0,2.0,,,1,8.0,False,2024,Bahrain,R,97.091,31.165,42.207,23.719
HAM,Mercedes,17.0,0 days 00:01:37.111000,0 days 00:00:30.738000,0 days 00:00:42.640000,0 days 00:00:23.733000,HARD,5.0,2.0,,,1,8.0,False,2024,Bahrain,R,97.111,30.738,42.64,23.733
HAM,Mercedes,18.0,0 days 00:01:36.850000,0 days 00:00:30.825000,0 days 00:00:42.221000,0 days 00:00:23.804000,HARD,6.0,2.0,,,1,8.0,False,2024,Bahrain,R,96.85,30.825,42.221,23.804
HAM,Mercedes,19.0,0 days 00:01:36.694000,0 days 00:00:30.848000,0 days 00:00:42.131000,0 days 00:00:23.715000,HARD,7.0,2.0,,,1,8.0,False,2024,Bahrain,R,96.694,30.848,42.131,23.715
HAM,Mercedes,20.0,0 days 00:01:36.264000,0 days 00:00:30.768000,0 days 00:00:41.794000,0 days 00:00:23.702000,HARD,8.0,2.0,,,1,8.0,False,2024,Bahrain,R,96.264,30.768,41.794,23.702
HAM,Mercedes,21.0,0 days 00:01:36.510000,0 days 00:00:30.757000,0 days 00:00:42.003000,0 days 00:00:23.750000,HARD,9.0,2.0,,,1,8.0,False,2024,Bahrain,R,96.51,30.757,42.003,23.75
HAM,Mercedes,22.0,0 days 00:01:36.633000,0 days 00:00:30.733000,0 days 00:00:42.141000,0 days 00:00:23.759000,HARD,10.0,2.0,,,1,8.0,False,2024,Bahrain,R,96.633,30.733,42.141,23.759
HAM,Mercedes,23.0,0 days 00:01:36.717000,0 days 00:00:30.884000,0 days 00:00:42.063000,0 days 00:00:23.770000,HARD,11.0,2.0,,,1,8.0,False,2024,Bahrain,R,96.717,30.884,42.063,23.77
HAM,Mercedes,24.0,0 days 00:01:36.666000,0 days 00:00:30.826000,0 days 00:00:42.100000,0 days 00:00:23.740000,HARD,12.0,2.0,,,1,8.0,False,2024,Bahrain,R,96.666,30.826,42.1,23.74
HAM,Mercedes,25.0,0 days 00:01:36.919000,0 days 00:00:31.037000,0 days 00:00:42.090000,0 days 00:00:23.792000,HARD,13.0,2.0,,,1,8.0,False,2024,Bahrain,R,96.919,31.037,42.09,23.792
HAM,Mercedes,26.0,0 days 00:01:36.714000,0 days 00:00:30.847000,0 days 00:00:42.095000,0 days 00:00:23.772000,HARD,14.0,2.0,,,1,8.0,False,2024,Bahrain,R,96.714,30.847,42.095,23.772
HAM,Mercedes,27.0,0 days 00:01:37.201000,0 days 00:00:30.891000,0 days 00:00:42.390000,0 days 00:00:23.920000,HARD,15.0,2.0,,,1,8.0,True,2024,Bahrain,R,97.201,30.891,42.39,23.92
HAM,Mercedes,28.0,0 days 00:01:36.692000,0 days 00:00:30.907000,0 days 00:00:41.948000,0 days 00:00:23.837000,HARD,16.0,2.0,,,1,8.0,False,2024,Bahrain,R,96.692,30.907,41.948,23.837
HAM,Mercedes,29.0,0 days 00:01:36.786000,0 days 00:00:30.897000,0 days 00:00:42.023000,0 days 00:00:23.866000,HARD,17.0,2.0,,,1,8.0,False,2024,Bahrain,R,96.786,30.897,42.023,23.866
HAM,Mercedes,30.0,0 days 00:01:37.244000,0 days 00:00:30.945000,0 days 00:00:42.370000,0 days 00:00:23.929000,HARD,18.0,2.0,,,1,8.0,False,2024,Bahrain,R,97.244,30.945,42.37,23.929
HAM,Mercedes,31.0,0 days 00:01:36.975000,0 days 00:00:30.837000,0 days 00:00:42.175000,0 days 00:00:23.963000,HARD,19.0,2.0,,,1,8.0,False,2024,Bahrain,R,96.975,30.837,42.175,23.963
HAM,Mercedes,32.0,0 days 00:01:37.325000,0 days 00:00:31.076000,0 days 00:00:42.235000,0 days 00:00:24.014000,HARD,20.0,2.0,,,1,7.0,False,2024,Bahrain,R,97.325,31.076,42.235,24.014
HAM,Mercedes,33.0,0 days 00:01:39.696000,0 days 00:00:30.937000,0 days 00:00:42.399000,0 days 00:00:26.360000,HARD,21.0,2.0,0 days 01:54:04.064000,,1,7.0,False,2024,Bahrain,R,99.696,30.937,42.399,26.36
HAM,Mercedes,34.0,0 days 00:01:54.974000,0 days 00:00:50.966000,0 days 00:00:40.903000,0 days 00:00:23.105000,HARD,1.0,3.0,,0 days 01:54:28.183000,1,9.0,False,2024,Bahrain,R,114.974,50.966,40.903,23.105
HAM,Mercedes,35.0,0 days 00:01:35.489000,0 days 00:00:30.776000,0 days 00:00:41.304000,0 days 00:00:23.409000,HARD,2.0,3.0,,,1,8.0,False,2024,Bahrain,R,95.489,30.776,41.304,23.409
HAM,Mercedes,36.0,0 days 00:01:35.279000,0 days 00:00:30.303000,0 days 00:00:41.653000,0 days 00:00:23.323000,HARD,3.0,3.0,,,1,8.0,False,2024,Bahrain,R,95.279,30.303,41.653,23.323
HAM,Mercedes,37.0,0 days 00:01:35.597000,0 days 00:00:30.384000,0 days 00:00:41.575000,0 days 00:00:23.638000,HARD,4.0,3.0,,,1,8.0,False,2024,Bahrain,R,95.597,30.384,41.575,23.638
HAM,Mercedes,38.0,0 days 00:01:34.966000,0 days 00:00:30.060000,0 days 00:00:41.423000,0 days 00:00:23.483000,HARD,5.0,3.0,,,1,8.0,False,2024,Bahrain,R,94.966,30.06,41.423,23.483
HAM,Mercedes,39.0,0 days 00:01:34.722000,0 days 00:00:30.170000,0 days 00:00:41.159000,0 days 00:00:23.393000,HARD,6.0,3.0,,,1,7.0,False,2024,Bahrain,R,94.722,30.17,41.159,23.393
HAM,Mercedes,40.0,0 days 00:01:35.041000,0 days 00:00:30.443000,0 days 00:00:41.198000,0 days 00:00:23.400000,HARD,7.0,3.0,,,1,7.0,False,2024,Bahrain,R,95.041,30.443,41.198,23.4
HAM,Mercedes,41.0,0 days 00:01:34.940000,0 days 00:00:30.463000,0 days 00:00:41.116000,0 days 00:00:23.361000,HARD,8.0,3.0,,,1,7.0,False,2024,Bahrain,R,94.94,30.463,41.116,23.361
HAM,Mercedes,42.0,0 days 00:01:34.996000,0 days 00:00:30.426000,0 days 00:00:41.130000,0 days 00:00:23.440000,HARD,9.0,3.0,,,1,7.0,False,2024,Bahrain,R,94.996,30.426,41.13,23.44
HAM,Mercedes,43.0,0 days 00:01:34.935000,0 days 00:00:30.437000,0 days 00:00:41.134000,0 days 00:00:23.364000,HARD,10.0,3.0,,,1,7.0,False,2024,Bahrain,R,94.935,30.437,41.134,23.364
HAM,Mercedes,44.0,0 days 00:01:35.169000,0 days 00:00:30.494000,0 days 00:00:41.229000,0 days 00:00:23.446000,HARD,11.0,3.0,,,1,7.0,False,2024,Bahrain,R,95.169,30.494,41.229,23.446
HAM,Mercedes,45.0,0 days 00:01:35.184000,0 days 00:00:30.483000,0 days 00:00:41.299000,0 days 00:00:23.402000,HARD,12.0,3.0,,,1,7.0,False,2024,Bahrain,R,95.184,30.483,41.299,23.402
HAM,Mercedes,46.0,0 days 00:01:35.285000,0 days 00:00:30.569000,0 days 00:00:41.258000,0 days 00:00:23.458000,HARD,13.0,3.0,,,1,7.0,False,2024,Bahrain,R,95.285,30.569,41.258,23.458
HAM,Mercedes,47.0,0 days 00:01:35.226000,0 days 00:00:30.514000,0 days 00:00:41.311000,0 days 00:00:23.401000,HARD,14.0,3.0,,,1,7.0,True,2024,Bahrain,R,95.226,30.514,41.311,23.401
HAM,Mercedes,48.0,0 days 00:01:36.165000,0 days 00:00:30.691000,0 days 00:00:41.926000,0 days 00:00:23.548000,HARD,15.0,3.0,,,1,7.0,False,2024,Bahrain,R,96.165,30.691,41.926,23.548
HAM,Mercedes,49.0,0 days 00:01:35.914000,0 days 00:00:30.616000,0 days 00:00:41.819000,0 days 00:00:23.479000,HARD,16.0,3.0,,,1,7.0,False,2024,Bahrain,R,95.914,30.616,41.819,23.479
HAM,Mercedes,50.0,0 days 00:01:35.612000,0 days 00:00:30.655000,0 days 00:00:41.454000,0 days 00:00:23.503000,HARD,17.0,3.0,,,1,7.0,False,2024,Bahrain,R,95.612,30.655,41.454,23.503
HAM,Mercedes,51.0,0 days 00:01:35.532000,0 days 00:00:30.597000,0 days 00:00:41.403000,0 days 00:00:23.532000,HARD,18.0,3.0,,,1,7.0,False,2024,Bahrain,R,95.532,30.597,41.403,23.532
HAM,Mercedes,52.0,0 days 00:01:35.479000,0 days 00:00:30.578000,0 days 00:00:41.382000,0 days 00:00:23.519000,HARD,19.0,3.0,,,1,7.0,False,2024,Bahrain,R,95.479,30.578,41.382,23.519
HAM,Mercedes,53.0,0 days 00:01:35.550000,0 days 00:00:30.643000,0 days 00:00:41.252000,0 days 00:00:23.655000,HARD,20.0,3.0,,,1,7.0,False,2024,Bahrain,R,95.55,30.643,41.252,23.655
HAM,Mercedes,54.0,0 days 00:01:35.974000,0 days 00:00:30.792000,0 days 00:00:41.706000,0 days 00:00:23.476000,HARD,21.0,3.0,,,1,7.0,False,2024,Bahrain,R,95.974,30.792,41.706,23.476
HAM,Mercedes,55.0,0 days 00:01:35.633000,0 days 00:00:30.602000,0 days 00:00:41.487000,0 days 00:00:23.544000,HARD,22.0,3.0,,,1,7.0,False,2024,Bahrain,R,95.633,30.602,41.487,23.544
HAM,Mercedes,56.0,0 days 00:01:35.706000,0 days 00:00:30.597000,0 days 00:00:41.564000,0 days 00:00:23.545000,HARD,23.0,3.0,,,1,7.0,False,2024,Bahrain,R,95.706,30.597,41.564,23.545
HAM,Mercedes,57.0,0 days 00:01:36.138000,0 days 00:00:30.687000,0 days 00:00:41.847000,0 days 00:00:23.604000,HARD,24.0,3.0,,,1,7.0,False,2024,Bahrain,R,96.138,30.687,41.847,23.604
PIA,McLaren,1.0,0 days 00:01:42.523000,,0 days 00:00:43.573000,0 days 00:00:24.140000,SOFT,4.0,1.0,,,12,8.0,False,2024,Bahrain,R,102.523,,43.573,24.14
PIA,McLaren,2.0,0 days 00:01:38.382000,0 days 00:00:31.429000,0 days 00:00:42.789000,0 days 00:00:24.164000,SOFT,5.0,1.0,,,1,8.0,False,2024,Bahrain,R,98.382,31.429,42.789,24.164
PIA,McLaren,3.0,0 days 00:01:38.258000,0 days 00:00:31.147000,0 days 00:00:42.993000,0 days 00:00:24.118000,SOFT,6.0,1.0,,,1,8.0,False,2024,Bahrain,R,98.258,31.147,42.993,24.118
PIA,McLaren,4.0,0 days 00:01:37.897000,0 days 00:00:31.113000,0 days 00:00:42.572000,0 days 00:00:24.212000,SOFT,7.0,1.0,,,1,8.0,False,2024,Bahrain,R,97.897,31.113,42.572,24.212
PIA,McLaren,5.0,0 days 00:01:37.859000,0 days 00:00:30.894000,0 days 00:00:42.780000,0 days 00:00:24.185000,SOFT,8.0,1.0,,,1,7.0,False,2024,Bahrain,R,97.859,30.894,42.78,24.185
PIA,McLaren,6.0,0 days 00:01:37.955000,0 days 00:00:31.412000,0 days 00:00:42.350000,0 days 00:00:24.193000,SOFT,9.0,1.0,,,1,7.0,False,2024,Bahrain,R,97.955,31.412,42.35,24.193
PIA,McLaren,7.0,0 days 00:01:37.984000,0 days 00:00:31.164000,0 days 00:00:42.581000,0 days 00:00:24.239000,SOFT,10.0,1.0,,,1,7.0,False,2024,Bahrain,R,97.984,31.164,42.581,24.239
PIA,McLaren,8.0,0 days 00:01:37.956000,0 days 00:00:31.179000,0 days 00:00:42.533000,0 days 00:00:24.244000,SOFT,11.0,1.0,,,1,7.0,False,2024,Bahrain,R,97.956,31.179,42.533,24.244
PIA,McLaren,9.0,0 days 00:01:38.096000,0 days 00:00:31.211000,0 days 00:00:42.534000,0 days 00:00:24.351000,SOFT,12.0,1.0,,,1,7.0,False,2024,Bahrain,R,98.096,31.211,42.534,24.351
PIA,McLaren,10.0,0 days 00:01:38.073000,0 days 00:00:31.294000,0 days 00:00:42.462000,0 days 00:00:24.317000,SOFT,13.0,1.0,,,12,7.0,False,2024,Bahrain,R,98.073,31.294,42.462,24.317
PIA,McLaren,11.0,0 days 00:01:38.397000,0 days 00:00:31.276000,0 days 00:00:42.727000,0 days 00:00:24.394000,SOFT,14.0,1.0,,,1,7.0,False,2024,Bahrain,R,98.397,31.276,42.727,24.394
PIA,McLaren,12.0,0 days 00:01:40.739000,0 days 00:00:31.364000,0 days 00:00:42.679000,0 days 00:00:26.696000,SOFT,15.0,1.0,0 days 01:19:42.605000,,1,5.0,False,2024,Bahrain,R,100.739,31.364,42.679,26.696
PIA,McLaren,13.0,0 days 00:01:58.689000,0 days 00:00:52.735000,0 days 00:00:42.241000,0 days 00:00:23.713000,HARD,1.0,2.0,,0 days 01:20:08.021000,1,11.0,False,2024,Bahrain,R,118.689,52.735,42.241,23.713
PIA,McLaren,14.0,0 days 00:01:36.796000,0 days 00:00:30.920000,0 days 00:00:42.057000,0 days 00:00:23.819000,HARD,2.0,2.0,,,1,10.0,False,2024,Bahrain,R,96.796,30.92,42.057,23.819
PIA,McLaren,15.0,0 days 00:01:36.823000,0 days 00:00:31.008000,0 days 00:00:41.928000,0 days 00:00:23.887000,HARD,3.0,2.0,,,1,9.0,False,2024,Bahrain,R,96.823,31.008,41.928,23.887
PIA,McLaren,16.0,0 days 00:01:36.427000,0 days 00:00:30.706000,0 days 00:00:41.849000,0 days 00:00:23.872000,HARD,4.0,2.0,,,1,7.0,False,2024,Bahrain,R,96.427,30.706,41.849,23.872
PIA,McLaren,17.0,0 days 00:01:36.872000,0 days 00:00:30.863000,0 days 00:00:42.130000,0 days 00:00:23.879000,HARD,5.0,2.0,,,1,7.0,False,2024,Bahrain,R,96.872,30.863,42.13,23.879
PIA,McLaren,18.0,0 days 00:01:37.095000,0 days 00:00:30.958000,0 days 00:00:42.150000,0 days 00:00:23.987000,HARD,6.0,2.0,,,1,7.0,False,2024,Bahrain,R,97.095,30.958,42.15,23.987
PIA,McLaren,19.0,0 days 00:01:36.577000,0 days 00:00:30.840000,0 days 00:00:41.863000,0 days 00:00:23.874000,HARD,7.0,2.0,,,1,7.0,False,2024,Bahrain,R,96.577,30.84,41.863,23.874
PIA,McLaren,20.0,0 days 00:01:36.644000,0 days 00:00:30.982000,0 days 00:00:41.794000,0 days 00:00:23.868000,HARD,8.0,2.0,,,1,7.0,False,2024,Bahrain,R,96.644,30.982,41.794,23.868
PIA,McLaren,21.0,0 days 00:01:36.733000,0 days 00:00:30.904000,0 days 00:00:41.943000,0 days 00:00:23.886000,HARD,9.0,2.0,,,1,7.0,False,2024,Bahrain,R,96.733,30.904,41.943,23.886
PIA,McLaren,22.0,0 days 00:01:36.555000,0 days 00:00:30.870000,0 days 00:00:41.812000,0 days 00:00:23.873000,HARD,10.0,2.0,,,1,7.0,False,2024,Bahrain,R,96.555,30.87,41.812,23.873
PIA,McLaren,23.0,0 days 00:01:36.680000,0 days 00:00:30.953000,0 days 00:00:41.883000,0 days 00:00:23.844000,HARD,11.0,2.0,,,1,7.0,False,2024,Bahrain,R,96.68,30.953,41.883,23.844
PIA,McLaren,24.0,0 days 00:01:36.884000,0 days 00:00:31.104000,0 days 00:00:41.813000,0 days 00:00:23.967000,HARD,12.0,2.0,,,1,7.0,False,2024,Bahrain,R,96.884,31.104,41.813,23.967
PIA,McLaren,25.0,0 days 00:01:37.008000,0 days 00:00:31.017000,0 days 00:00:42.028000,0 days 00:00:23.963000,HARD,13.0,2.0,,,1,7.0,False,2024,Bahrain,R,97.008,31.017,42.028,23.963
PIA,McLaren,26.0,0 days 00:01:36.882000,0 days 00:00:30.940000,0 days 00:00:42.004000,0 days 00:00:23.938000,HARD,14.0,2.0,,,1,7.0,False,2024,Bahrain,R,96.882,30.94,42.004,23.938
PIA,McLaren,27.0,0 days 00:01:36.905000,0 days 00:00:31.034000,0 days 00:00:41.892000,0 days 00:00:23.979000,HARD,15.0,2.0,,,1,7.0,False,2024,Bahrain,R,96.905,31.034,41.892,23.979
PIA,McLaren,28.0,0 days 00:01:36.905000,0 days 00:00:31.028000,0 days 00:00:41.888000,0 days 00:00:23.989000,HARD,16.0,2.0,,,1,7.0,False,2024,Bahrain,R,96.905,31.028,41.888,23.989
PIA,McLaren,29.0,0 days 00:01:37.179000,0 days 00:00:31.070000,0 days 00:00:42.068000,0 days 00:00:24.041000,HARD,17.0,2.0,,,1,7.0,False,2024,Bahrain,R,97.179,31.07,42.068,24.041
PIA,McLaren,30.0,0 days 00:01:37.177000,0 days 00:00:31.020000,0 days 00:00:42.067000,0 days 00:00:24.090000,HARD,18.0,2.0,,,1,7.0,False,2024,Bahrain,R,97.177,31.02,42.067,24.09
PIA,McLaren,31.0,0 days 00:01:37.570000,0 days 00:00:30.979000,0 days 00:00:42.516000,0 days 00:00:24.075000,HARD,19.0,2.0,,,1,7.0,False,2024,Bahrain,R,97.57,30.979,42.516,24.075
PIA,McLaren,32.0,0 days 00:01:37.163000,0 days 00:00:30.956000,0 days 00:00:42.200000,0 days 00:00:24.007000,HARD,20.0,2.0,,,1,6.0,False,2024,Bahrain,R,97.163,30.956,42.2,24.007
PIA,McLaren,33.0,0 days 00:01:37.088000,0 days 00:00:31.023000,0 days 00:00:42.039000,0 days 00:00:24.026000,HARD,21.0,2.0,,,1,6.0,False,2024,Bahrain,R,97.088,31.023,42.039,24.026
PIA,McLaren,34.0,0 days 00:01:39.211000,0 days 00:00:30.933000,0 days 00:00:41.867000,0 days 00:00:26.411000,HARD,22.0,2.0,0 days 01:55:38.558000,,1,5.0,False,2024,Bahrain,R,99.211,30.933,41.867,26.411
PIA,McLaren,35.0,0 days 00:01:59.703000,0 days 00:00:53.392000,0 days 00:00:42.529000,0 days 00:00:23.782000,HARD,1.0,3.0,,0 days 01:56:03.352000,1,9.0,False,2024,Bahrain,R,119.703,53.392,42.529,23.782
PIA,McLaren,36.0,0 days 00:01:35.153000,0 days 00:00:30.577000,0 days 00:00:41.125000,0 days 00:00:23.451000,HARD,2.0,3.0,,,1,9.0,False,2024,Bahrain,R,95.153,30.577,41.125,23.451
PIA,McLaren,37.0,0 days 00:01:34.774000,0 days 00:00:30.469000,0 days 00:00:40.772000,0 days 00:00:23.533000,HARD,3.0,3.0,,,1,9.0,True,2024,Bahrain,R,94.774,30.469,40.772,23.533
PIA,McLaren,38.0,0 days 00:01:35.298000,0 days 00:00:30.613000,0 days 00:00:41.055000,0 days 00:00:23.630000,HARD,4.0,3.0,,,1,9.0,True,2024,Bahrain,R,95.298,30.613,41.055,23.63
PIA,McLaren,39.0,0 days 00:01:34.983000,0 days 00:00:30.196000,0 days 00:00:41.091000,0 days 00:00:23.696000,HARD,5.0,3.0,,,1,9.0,False,2024,Bahrain,R,94.983,30.196,41.091,23.696
PIA,McLaren,40.0,0 days 00:01:35.005000,0 days 00:00:30.329000,0 days 00:00:41.070000,0 days 00:00:23.606000,HARD,6.0,3.0,,,1,8.0,False,2024,Bahrain,R,95.005,30.329,41.07,23.606
PIA,McLaren,41.0,0 days 00:01:35.109000,0 days 00:00:30.504000,0 days 00:00:41.055000,0 days 00:00:23.550000,HARD,7.0,3.0,,,1,8.0,False,2024,Bahrain,R,95.109,30.504,41.055,23.55
PIA,McLaren,42.0,0 days 00:01:35.341000,0 days 00:00:30.605000,0 days 00:00:41.210000,0 days 00:00:23.526000,HARD,8.0,3.0,,,1,8.0,False,2024,Bahrain,R,95.341,30.605,41.21,23.526
PIA,McLaren,43.0,0 days 00:01:35.258000,0 days 00:00:30.520000,0 days 00:00:41.188000,0 days 00:00:23.550000,HARD,9.0,3.0,,,1,8.0,False,2024,Bahrain,R,95.258,30.52,41.188,23.55
PIA,McLaren,44.0,0 days 00:01:35.238000,0 days 00:00:30.489000,0 days 00:00:41.161000,0 days 00:00:23.588000,HARD,10.0,3.0,,,1,8.0,False,2024,Bahrain,R,95.238,30.489,41.161,23.588
PIA,McLaren,45.0,0 days 00:01:35.306000,0 days 00:00:30.589000,0 days 00:00:41.140000,0 days 00:00:23.577000,HARD,11.0,3.0,,,1,8.0,False,2024,Bahrain,R,95.306,30.589,41.14,23.577
PIA,McLaren,46.0,0 days 00:01:35.296000,0 days 00:00:30.594000,0 days 00:00:41.178000,0 days 00:00:23.524000,HARD,12.0,3.0,,,1,8.0,False,2024,Bahrain,R,95.296,30.594,41.178,23.524
PIA,McLaren,47.0,0 days 00:01:35.376000,0 days 00:00:30.504000,0 days 00:00:41.194000,0 days 00:00:23.678000,HARD,13.0,3.0,,,1,8.0,False,2024,Bahrain,R,95.376,30.504,41.194,23.678
PIA,McLaren,48.0,0 days 00:01:35.702000,0 days 00:00:30.651000,0 days 00:00:41.365000,0 days 00:00:23.686000,HARD,14.0,3.0,,,1,8.0,False,2024,Bahrain,R,95.702,30.651,41.365,23.686
PIA,McLaren,49.0,0 days 00:01:35.653000,0 days 00:00:30.619000,0 days 00:00:41.313000,0 days 00:00:23.721000,HARD,15.0,3.0,,,1,8.0,False,2024,Bahrain,R,95.653,30.619,41.313,23.721
PIA,McLaren,50.0,0 days 00:01:35.984000,0 days 00:00:30.790000,0 days 00:00:41.405000,0 days 00:00:23.789000,HARD,16.0,3.0,,,1,8.0,True,2024,Bahrain,R,95.984,30.79,41.405,23.789
PIA,McLaren,51.0,0 days 00:01:35.800000,0 days 00:00:30.740000,0 days 00:00:41.312000,0 days 00:00:23.748000,HARD,17.0,3.0,,,1,8.0,False,2024,Bahrain,R,95.8,30.74,41.312,23.748
PIA,McLaren,52.0,0 days 00:01:36.024000,0 days 00:00:30.765000,0 days 00:00:41.526000,0 days 00:00:23.733000,HARD,18.0,3.0,,,1,8.0,False,2024,Bahrain,R,96.024,30.765,41.526,23.733
PIA,McLaren,53.0,0 days 00:01:35.739000,0 days 00:00:30.770000,0 days 00:00:41.299000,0 days 00:00:23.670000,HARD,19.0,3.0,,,1,8.0,False,2024,Bahrain,R,95.739,30.77,41.299,23.67
PIA,McLaren,54.0,0 days 00:01:36.107000,0 days 00:00:30.976000,0 days 00:00:41.431000,0 days 00:00:23.700000,HARD,20.0,3.0,,,1,8.0,False,2024,Bahrain,R,96.107,30.976,41.431,23.7
PIA,McLaren,55.0,0 days 00:01:35.973000,0 days 00:00:30.879000,0 days 00:00:41.373000,0 days 00:00:23.721000,HARD,21.0,3.0,,,1,8.0,False,2024,Bahrain,R,95.973,30.879,41.373,23.721
PIA,McLaren,56.0,0 days 00:01:36.100000,0 days 00:00:30.820000,0 days 00:00:41.515000,0 days 00:00:23.765000,HARD,22.0,3.0,,,1,8.0,False,2024,Bahrain,R,96.1,30.82,41.515,23.765
PIA,McLaren,57.0,0 days 00:01:35.920000,0 days 00:00:30.738000,0 days 00:00:41.401000,0 days 00:00:23.781000,HARD,23.0,3.0,,,1,8.0,False,2024,Bahrain,R,95.92,30.738,41.401,23.781
ALO,Aston Martin,1.0,0 days 00:01:41.679000,,0 days 00:00:43.268000,0 days 00:00:24.162000,SOFT,4.0,1.0,,,12,6.0,False,2024,Bahrain,R,101.679,,43.268,24.162
ALO,Aston Martin,2.0,0 days 00:01:38.020000,0 days 00:00:31.203000,0 days 00:00:42.896000,0 days 00:00:23.921000,SOFT,5.0,1.0,,,1,6.0,False,2024,Bahrain,R,98.02,31.203,42.896,23.921
ALO,Aston Martin,3.0,0 days 00:01:39.046000,0 days 00:00:32.068000,0 days 00:00:42.719000,0 days 00:00:24.259000,SOFT,6.0,1.0,,,1,7.0,False,2024,Bahrain,R,99.046,32.068,42.719,24.259
ALO,Aston Martin,4.0,0 days 00:01:37.776000,0 days 00:00:30.951000,0 days 00:00:42.580000,0 days 00:00:24.245000,SOFT,7.0,1.0,,,1,7.0,False,2024,Bahrain,R,97.776,30.951,42.58,24.245
ALO,Aston Martin,5.0,0 days 00:01:39.292000,0 days 00:00:32.063000,0 days 00:00:42.806000,0 days 00:00:24.423000,SOFT,8.0,1.0,,,1,8.0,False,2024,Bahrain,R,99.292,32.063,42.806,24.423
ALO,Aston Martin,6.0,0 days 00:01:38.053000,0 days 00:00:31.076000,0 days 00:00:42.676000,0 days 00:00:24.301000,SOFT,9.0,1.0,,,1,8.0,False,2024,Bahrain,R,98.053,31.076,42.676,24.301
ALO,Aston Martin,7.0,0 days 00:01:38.008000,0 days 00:00:30.905000,0 days 00:00:42.700000,0 days 00:00:24.403000,SOFT,10.0,1.0,,,1,8.0,False,2024,Bahrain,R,98.008,30.905,42.7,24.403
ALO,Aston Martin,8.0,0 days 00:01:38.103000,0 days 00:00:31.024000,0 days 00:00:42.689000,0 days 00:00:24.390000,SOFT,11.0,1.0,,,1,8.0,False,2024,Bahrain,R,98.103,31.024,42.689,24.39
ALO,Aston Martin,9.0,0 days 00:01:38.896000,0 days 00:00:31.464000,0 days 00:00:43.036000,0 days 00:00:24.396000,SOFT,12.0,1.0,,,1,8.0,False,2024,Bahrain,R,98.896,31.464,43.036,24.396
ALO,Aston Martin,10.0,0 days 00:01:39.325000,0 days 00:00:31.635000,0 days 00:00:43.162000,0 days 00:00:24.528000,SOFT,13.0,1.0,,,12,9.0,False,2024,Bahrain,R,99.325,31.635,43.162,24.528
ALO,Aston Martin,11.0,0 days 00:01:38.554000,0 days 00:00:31.043000,0 days 00:00:42.972000,0 days 00:00:24.539000,SOFT,14.0,1.0,,,1,9.0,False,2024,Bahrain,R,98.554,31.043,42.972,24.539
ALO,Aston Martin,12.0,0 days 00:01:38.543000,0 days 00:00:30.932000,0 days 00:00:43.035000,0 days 00:00:24.576000,SOFT,15.0,1.0,,,1,6.0,False,2024,Bahrain,R,98.543,30.932,43.035,24.576
ALO,Aston Martin,13.0,0 days 00:01:38.587000,0 days 00:00:31.446000,0 days 00:00:42.808000,0 days 00:00:24.333000,SOFT,16.0,1.0,,,1,4.0,False,2024,Bahrain,R,98.587,31.446,42.808,24.333
ALO,Aston Martin,14.0,0 days 00:01:38.612000,0 days 00:00:31.516000,0 days 00:00:42.741000,0 days 00:00:24.355000,SOFT,17.0,1.0,,,1,3.0,False,2024,Bahrain,R,98.612,31.516,42.741,24.355
ALO,Aston Martin,15.0,0 days 00:01:41.101000,0 days 00:00:31.480000,0 days 00:00:42.707000,0 days 00:00:26.914000,SOFT,18.0,1.0,0 days 01:24:42.030000,,1,2.0,False,2024,Bahrain,R,101.101,31.48,42.707,26.914
ALO,Aston Martin,16.0,0 days 00:01:58.814000,0 days 00:00:52.462000,0 days 00:00:42.357000,0 days 00:00:23.995000,HARD,1.0,2.0,,0 days 01:25:06.892000,1,10.0,False,2024,Bahrain,R,118.814,52.462,42.357,23.995
ALO,Aston Martin,17.0,0 days 00:01:36.970000,0 days 00:00:30.546000,0 days 00:00:42.572000,0 days 00:00:23.852000,HARD,2.0,2.0,,,1,9.0,False,2024,Bahrain,R,96.97,30.546,42.572,23.852
ALO,Aston Martin,18.0,0 days 00:01:37.361000,0 days 00:00:31.136000,0 days 00:00:42.381000,0 days 00:00:23.844000,HARD,3.0,2.0,,,1,9.0,False,2024,Bahrain,R,97.361,31.136,42.381,23.844
ALO,Aston Martin,19.0,0 days 00:01:37.072000,0 days 00:00:30.967000,0 days 00:00:42.236000,0 days 00:00:23.869000,HARD,4.0,2.0,,,1,9.0,False,2024,Bahrain,R,97.072,30.967,42.236,23.869
ALO,Aston Martin,20.0,0 days 00:01:37.357000,0 days 00:00:31.080000,0 days 00:00:42.304000,0 days 00:00:23.973000,HARD,5.0,2.0,,,1,9.0,False,2024,Bahrain,R,97.357,31.08,42.304,23.973
ALO,Aston Martin,21.0,0 days 00:01:37.342000,0 days 00:00:30.978000,0 days 00:00:42.385000,0 days 00:00:23.979000,HARD,6.0,2.0,,,1,9.0,False,2024,Bahrain,R,97.342,30.978,42.385,23.979
ALO,Aston Martin,22.0,0 days 00:01:37.122000,0 days 00:00:30.882000,0 days 00:00:42.371000,0 days 00:00:23.869000,HARD,7.0,2.0,,,1,9.0,False,2024,Bahrain,R,97.122,30.882,42.371,23.869
ALO,Aston Martin,23.0,0 days 00:01:37.265000,0 days 00:00:30.946000,0 days 00:00:42.451000,0 days 00:00:23.868000,HARD,8.0,2.0,,,1,9.0,False,2024,Bahrain,R,97.265,30.946,42.451,23.868
ALO,Aston Martin,24.0,0 days 00:01:37.046000,0 days 00:00:30.836000,0 days 00:00:42.303000,0 days 00:00:23.907000,HARD,9.0,2.0,,,1,9.0,False,2024,Bahrain,R,97.046,30.836,42.303,23.907
ALO,Aston Martin,25.0,0 days 00:01:37.179000,0 days 00:00:30.925000,0 days 00:00:42.232000,0 days 00:00:24.022000,HARD,10.0,2.0,,,1,9.0,False,2024,Bahrain,R,97.179,30.925,42.232,24.022
ALO,Aston Martin,26.0,0 days 00:01:37.638000,0 days 00:00:31.295000,0 days 00:00:42.393000,0 days 00:00:23.950000,HARD,11.0,2.0,,,1,9.0,False,2024,Bahrain,R,97.638,31.295,42.393,23.95
ALO,Aston Martin,27.0,0 days 00:01:36.945000,0 days 00:00:31,0 days 00:00:42.032000,0 days 00:00:23.913000,HARD,12.0,2.0,,,1,9.0,False,2024,Bahrain,R,96.945,31.0,42.032,23.913
ALO,Aston Martin,28.0,0 days 00:01:37.256000,0 days 00:00:31.091000,0 days 00:00:42.208000,0 days 00:00:23.957000,HARD,13.0,2.0,,,1,9.0,False,2024,Bahrain,R,97.256,31.091,42.208,23.957
ALO,Aston Martin,29.0,0 days 00:01:37.104000,0 days 00:00:30.948000,0 days 00:00:42.237000,0 days 00:00:23.919000,HARD,14.0,2.0,,,1,9.0,False,2024,Bahrain,R,97.104,30.948,42.237,23.919
ALO,Aston Martin,30.0,0 days 00:01:36.982000,0 days 00:00:30.976000,0 days 00:00:42.050000,0 days 00:00:23.956000,HARD,15.0,2.0,,,1,9.0,False,2024,Bahrain,R,96.982,30.976,42.05,23.956
ALO,Aston Martin,31.0,0 days 00:01:36.957000,0 days 00:00:30.866000,0 days 00:00:42.192000,0 days 00:00:23.899000,HARD,16.0,2.0,,,1,9.0,False,2024,Bahrain,R,96.957,30.866,42.192,23.899
ALO,Aston Martin,32.0,0 days 00:01:37.056000,0 days 00:00:31.023000,0 days 00:00:42,0 days 00:00:24.033000,HARD,17.0,2.0,,,1,8.0,False,2024,Bahrain,R,97.056,31.023,42.0,24.033
ALO,Aston Martin,33.0,0 days 00:01:37.202000,0 days 00:00:31.106000,0 days 00:00:42.136000,0 days 00:00:23.960000,HARD,18.0,2.0,,,1,8.0,False,2024,Bahrain,R,97.202,31.106,42.136,23.96
ALO,Aston Martin,34.0,0 days 00:01:37.601000,0 days 00:00:31.211000,0 days 00:00:42.330000,0 days 00:00:24.060000,HARD,19.0,2.0,,,1,7.0,False,2024,Bahrain,R,97.601,31.211,42.33,24.06
ALO,Aston Martin,35.0,0 days 00:01:37.273000,0 days 00:00:31.078000,0 days 00:00:42.219000,0 days 00:00:23.976000,HARD,20.0,2.0,,,1,5.0,False,2024,Bahrain,R,97.273,31.078,42.219,23.976
ALO,Aston Martin,36.0,0 days 00:01:38.343000,0 days 00:00:31.245000,0 days 00:00:42.631000,0 days 00:00:24.467000,HARD,21.0,2.0,,,1,7.0,False,2024,Bahrain,R,98.343,31.245,42.631,24.467
ALO,Aston Martin,37.0,0 days 00:01:36.799000,0 days 00:00:30.500000,0 days 00:00:42.284000,0 days 00:00:24.015000,HARD,22.0,2.0,,,1,7.0,False,2024,Bahrain,R,96.799,30.5,42.284,24.015
ALO,Aston Martin,38.0,0 days 00:01:37.297000,0 days 00:00:30.952000,0 days 00:00:42.212000,0 days 00:00:24.133000,HARD,23.0,2.0,,,1,7.0,False,2024,Bahrain,R,97.297,30.952,42.212,24.133
ALO,Aston Martin,39.0,0 days 00:01:37.946000,0 days 00:00:31.253000,0 days 00:00:42.438000,0 days 00:00:24.255000,HARD,24.0,2.0,,,1,8.0,False,2024,Bahrain,R,97.946,31.253,42.438,24.255
ALO,Aston Martin,40.0,0 days 00:01:38.061000,0 days 00:00:31.525000,0 days 00:00:42.360000,0 days 00:00:24.176000,HARD,25.0,2.0,,,1,9.0,False,2024,Bahrain,R,98.061,31.525,42.36,24.176
ALO,Aston Martin,41.0,0 days 00:01:40.261000,0 days 00:00:31.046000,0 days 00:00:42.415000,0 days 00:00:26.800000,HARD,26.0,2.0,0 days 02:07:16.321000,,1,9.0,False,2024,Bahrain,R,100.261,31.046,42.415,26.8
ALO,Aston Martin,42.0,0 days 00:01:56.899000,0 days 00:00:52.077000,0 days 00:00:41.387000,0 days 00:00:23.435000,HARD,1.0,3.0,,0 days 02:07:41.382000,1,11.0,False,2024,Bahrain,R,116.899,52.077,41.387,23.435
ALO,Aston Martin,43.0,0 days 00:01:35.107000,0 days 00:00:30.517000,0 days 00:00:41.055000,0 days 00:00:23.535000,HARD,2.0,3.0,,,1,11.0,False,2024,Bahrain,R,95.107,30.517,41.055,23.535
ALO,Aston Martin,44.0,0 days 00:01:34.981000,0 days 00:00:30.334000,0 days 00:00:41.382000,0 days 00:00:23.265000,HARD,3.0,3.0,,,1,10.0,False,2024,Bahrain,R,94.981,30.334,41.382,23.265
ALO,Aston Martin,45.0,0 days 00:01:34.872000,0 days 00:00:30.536000,0 days 00:00:41.011000,0 days 00:00:23.325000,HARD,4.0,3.0,,,1,10.0,False,2024,Bahrain,R,94.872,30.536,41.011,23.325
ALO,Aston Martin,46.0,0 days 00:01:35.126000,0 days 00:00:30.468000,0 days 00:00:41.232000,0 days 00:00:23.426000,HARD,5.0,3.0,,,1,10.0,False,2024,Bahrain,R,95.126,30.468,41.232,23.426
ALO,Aston Martin,47.0,0 days 00:01:35.225000,0 days 00:00:30.596000,0 days 00:00:41.183000,0 days 00:00:23.446000,HARD,6.0,3.0,,,1,10.0,False,2024,Bahrain,R,95.225,30.596,41.183,23.446
ALO,Aston Martin,48.0,0 days 00:01:34.199000,0 days 00:00:30.046000,0 days 00:00:40.806000,0 days 00:00:23.347000,HARD,7.0,3.0,,,1,9.0,False,2024,Bahrain,R,94.199,30.046,40.806,23.347
ALO,Aston Martin,49.0,0 days 00:01:34.571000,0 days 00:00:30.400000,0 days 00:00:40.783000,0 days 00:00:23.388000,HARD,8.0,3.0,,,1,9.0,False,2024,Bahrain,R,94.571,30.4,40.783,23.388
ALO,Aston Martin,50.0,0 days 00:01:34.677000,0 days 00:00:30.453000,0 days 00:00:40.794000,0 days 00:00:23.430000,HARD,9.0,3.0,,,1,9.0,False,2024,Bahrain,R,94.677,30.453,40.794,23.43
ALO,Aston Martin,51.0,0 days 00:01:34.916000,0 days 00:00:30.543000,0 days 00:00:40.924000,0 days 00:00:23.449000,HARD,10.0,3.0,,,1,9.0,False,2024,Bahrain,R,94.916,30.543,40.924,23.449
ALO,Aston Martin,52.0,0 days 00:01:34.862000,0 days 00:00:30.447000,0 days 00:00:40.963000,0 days 00:00:23.452000,HARD,11.0,3.0,,,1,9.0,False,2024,Bahrain,R,94.862,30.447,40.963,23.452
ALO,Aston Martin,53.0,0 days 00:01:35.249000,0 days 00:00:30.498000,0 days 00:00:41.106000,0 days 00:00:23.645000,HARD,12.0,3.0,,,1,9.0,False,2024,Bahrain,R,95.249,30.498,41.106,23.645
ALO,Aston Martin,54.0,0 days 00:01:35.745000,0 days 00:00:30.701000,0 days 00:00:41.444000,0 days 00:00:23.600000,HARD,13.0,3.0,,,1,9.0,False,2024,Bahrain,R,95.745,30.701,41.444,23.6
ALO,Aston Martin,55.0,0 days 00:01:35.066000,0 days 00:00:30.478000,0 days 00:00:41.126000,0 days 00:00:23.462000,HARD,14.0,3.0,,,1,9.0,False,2024,Bahrain,R,95.066,30.478,41.126,23.462
ALO,Aston Martin,56.0,0 days 00:01:35.014000,0 days 00:00:30.405000,0 days 00:00:41.122000,0 days 00:00:23.487000,HARD,15.0,3.0,,,1,9.0,False,2024,Bahrain,R,95.014,30.405,41.122,23.487
ALO,Aston Martin,57.0,0 days 00:01:35.276000,0 days 00:00:30.590000,0 days 00:00:41.134000,0 days 00:00:23.552000,HARD,16.0,3.0,,,1,9.0,False,2024,Bahrain,R,95.276,30.59,41.134,23.552
STR,Aston Martin,1.0,0 days 00:01:50.214000,,0 days 00:00:44.400000,0 days 00:00:24.337000,SOFT,1.0,1.0,,,12,19.0,False,2024,Bahrain,R,110.214,,44.4,24.337
STR,Aston Martin,2.0,0 days 00:01:37.987000,0 days 00:00:31.319000,0 days 00:00:42.653000,0 days 00:00:24.015000,SOFT,2.0,1.0,,,1,19.0,False,2024,Bahrain,R,97.987,31.319,42.653,24.015
STR,Aston Martin,3.0,0 days 00:01:38.279000,0 days 00:00:31.279000,0 days 00:00:42.790000,0 days 00:00:24.210000,SOFT,3.0,1.0,,,1,19.0,False,2024,Bahrain,R,98.279,31.279,42.79,24.21
STR,Aston Martin,4.0,0 days 00:01:38.364000,0 days 00:00:30.944000,0 days 00:00:43.227000,0 days 00:00:24.193000,SOFT,4.0,1.0,,,1,19.0,False,2024,Bahrain,R,98.364,30.944,43.227,24.193
STR,Aston Martin,5.0,0 days 00:01:38.725000,0 days 00:00:30.987000,0 days 00:00:43.577000,0 days 00:00:24.161000,SOFT,5.0,1.0,,,1,18.0,False,2024,Bahrain,R,98.725,30.987,43.577,24.161
STR,Aston Martin,6.0,0 days 00:01:38.925000,0 days 00:00:31.554000,0 days 00:00:43.188000,0 days 00:00:24.183000,SOFT,6.0,1.0,,,1,18.0,False,2024,Bahrain,R,98.925,31.554,43.188,24.183
STR,Aston Martin,7.0,0 days 00:01:38.769000,0 days 00:00:31.302000,0 days 00:00:43.186000,0 days 00:00:24.281000,SOFT,7.0,1.0,,,1,18.0,False,2024,Bahrain,R,98.769,31.302,43.186,24.281
STR,Aston Martin,8.0,0 days 00:01:38.857000,0 days 00:00:30.963000,0 days 00:00:43.370000,0 days 00:00:24.524000,SOFT,8.0,1.0,,,1,18.0,False,2024,Bahrain,R,98.857,30.963,43.37,24.524
STR,Aston Martin,9.0,0 days 00:01:42.112000,0 days 00:00:31.431000,0 days 00:00:43.451000,0 days 00:00:27.230000,SOFT,9.0,1.0,0 days 01:15:00.719000,,1,19.0,False,2024,Bahrain,R,102.112,31.431,43.451,27.23
STR,Aston Martin,10.0,0 days 00:01:57.815000,0 days 00:00:51.912000,0 days 00:00:42.220000,0 days 00:00:23.683000,HARD,1.0,2.0,,0 days 01:15:25.073000,12,18.0,False,2024,Bahrain,R,117.815,51.912,42.22,23.683
STR,Aston Martin,11.0,0 days 00:01:36.494000,0 days 00:00:30.684000,0 days 00:00:42.077000,0 days 00:00:23.733000,HARD,2.0,2.0,,,1,17.0,False,2024,Bahrain,R,96.494,30.684,42.077,23.733
STR,Aston Martin,12.0,0 days 00:01:37.175000,0 days 00:00:30.961000,0 days 00:00:42.338000,0 days 00:00:23.876000,HARD,3.0,2.0,,,1,16.0,False,2024,Bahrain,R,97.175,30.961,42.338,23.876
STR,Aston Martin,13.0,0 days 00:01:37.289000,0 days 00:00:30.988000,0 days 00:00:42.395000,0 days 00:00:23.906000,HARD,4.0,2.0,,,1,14.0,False,2024,Bahrain,R,97.289,30.988,42.395,23.906
STR,Aston Martin,14.0,0 days 00:01:37.624000,0 days 00:00:31.039000,0 days 00:00:42.588000,0 days 00:00:23.997000,HARD,5.0,2.0,,,1,13.0,False,2024,Bahrain,R,97.624,31.039,42.588,23.997
STR,Aston Martin,15.0,0 days 00:01:37.533000,0 days 00:00:30.928000,0 days 00:00:42.631000,0 days 00:00:23.974000,HARD,6.0,2.0,,,1,12.0,False,2024,Bahrain,R,97.533,30.928,42.631,23.974
STR,Aston Martin,16.0,0 days 00:01:38.027000,0 days 00:00:31.238000,0 days 00:00:42.753000,0 days 00:00:24.036000,HARD,7.0,2.0,,,1,11.0,False,2024,Bahrain,R,98.027,31.238,42.753,24.036
STR,Aston Martin,17.0,0 days 00:01:38.777000,0 days 00:00:31.663000,0 days 00:00:42.958000,0 days 00:00:24.156000,HARD,8.0,2.0,,,1,12.0,False,2024,Bahrain,R,98.777,31.663,42.958,24.156
STR,Aston Martin,18.0,0 days 00:01:37.417000,0 days 00:00:30.775000,0 days 00:00:42.503000,0 days 00:00:24.139000,HARD,9.0,2.0,,,1,12.0,False,2024,Bahrain,R,97.417,30.775,42.503,24.139
STR,Aston Martin,19.0,0 days 00:01:37.554000,0 days 00:00:30.774000,0 days 00:00:42.598000,0 days 00:00:24.182000,HARD,10.0,2.0,,,1,12.0,False,2024,Bahrain,R,97.554,30.774,42.598,24.182
STR,Aston Martin,20.0,0 days 00:01:37.859000,0 days 00:00:31.219000,0 days 00:00:42.499000,0 days 00:00:24.141000,HARD,11.0,2.0,,,1,12.0,False,2024,Bahrain,R,97.859,31.219,42.499,24.141
STR,Aston Martin,21.0,0 days 00:01:38.022000,0 days 00:00:31.191000,0 days 00:00:42.686000,0 days 00:00:24.145000,HARD,12.0,2.0,,,1,12.0,False,2024,Bahrain,R,98.022,31.191,42.686,24.145
STR,Aston Martin,22.0,0 days 00:01:38.175000,0 days 00:00:31.109000,0 days 00:00:42.935000,0 days 00:00:24.131000,HARD,13.0,2.0,,,1,12.0,False,2024,Bahrain,R,98.175,31.109,42.935,24.131
STR,Aston Martin,23.0,0 days 00:01:37.826000,0 days 00:00:31.057000,0 days 00:00:42.668000,0 days 00:00:24.101000,HARD,14.0,2.0,,,1,12.0,False,2024,Bahrain,R,97.826,31.057,42.668,24.101
STR,Aston Martin,24.0,0 days 00:01:38.138000,0 days 00:00:31.071000,0 days 00:00:42.831000,0 days 00:00:24.236000,HARD,15.0,2.0,,,1,12.0,False,2024,Bahrain,R,98.138,31.071,42.831,24.236
STR,Aston Martin,25.0,0 days 00:01:37.994000,0 days 00:00:31.105000,0 days 00:00:42.770000,0 days 00:00:24.119000,HARD,16.0,2.0,,,1,12.0,False,2024,Bahrain,R,97.994,31.105,42.77,24.119
STR,Aston Martin,26.0,0 days 00:01:38.133000,0 days 00:00:31.156000,0 days 00:00:42.759000,0 days 00:00:24.218000,HARD,17.0,2.0,,,1,12.0,False,2024,Bahrain,R,98.133,31.156,42.759,24.218
STR,Aston Martin,27.0,0 days 00:01:40.710000,0 days 00:00:31.196000,0 days 00:00:42.791000,0 days 00:00:26.723000,HARD,18.0,2.0,0 days 01:44:43.480000,,1,13.0,False,2024,Bahrain,R,100.71,31.196,42.791,26.723
STR,Aston Martin,28.0,0 days 00:01:56.640000,0 days 00:00:51.640000,0 days 00:00:41.554000,0 days 00:00:23.446000,HARD,1.0,3.0,,0 days 01:45:07.900000,1,18.0,False,2024,Bahrain,R,116.64,51.64,41.554,23.446
STR,Aston Martin,29.0,0 days 00:01:35.854000,0 days 00:00:30.749000,0 days 00:00:41.609000,0 days 00:00:23.496000,HARD,2.0,3.0,,,1,18.0,False,2024,Bahrain,R,95.854,30.749,41.609,23.496
STR,Aston Martin,30.0,0 days 00:01:35.632000,0 days 00:00:30.429000,0 days 00:00:41.682000,0 days 00:00:23.521000,HARD,3.0,3.0,,,1,18.0,False,2024,Bahrain,R,95.632,30.429,41.682,23.521
STR,Aston Martin,31.0,0 days 00:01:36.202000,0 days 00:00:30.622000,0 days 00:00:41.790000,0 days 00:00:23.790000,HARD,4.0,3.0,,,1,15.0,False,2024,Bahrain,R,96.202,30.622,41.79,23.79
STR,Aston Martin,32.0,0 days 00:01:35.821000,0 days 00:00:30.248000,0 days 00:00:41.800000,0 days 00:00:23.773000,HARD,5.0,3.0,,,1,15.0,False,2024,Bahrain,R,95.821,30.248,41.8,23.773
STR,Aston Martin,33.0,0 days 00:01:36.349000,0 days 00:00:30.607000,0 days 00:00:42.088000,0 days 00:00:23.654000,HARD,6.0,3.0,,,1,13.0,False,2024,Bahrain,R,96.349,30.607,42.088,23.654
STR,Aston Martin,34.0,0 days 00:01:36.332000,0 days 00:00:30.969000,0 days 00:00:41.709000,0 days 00:00:23.654000,HARD,7.0,3.0,,,1,13.0,False,2024,Bahrain,R,96.332,30.969,41.709,23.654
STR,Aston Martin,35.0,0 days 00:01:36.242000,0 days 00:00:30.837000,0 days 00:00:41.766000,0 days 00:00:23.639000,HARD,8.0,3.0,,,1,12.0,False,2024,Bahrain,R,96.242,30.837,41.766,23.639
STR,Aston Martin,36.0,0 days 00:01:36.086000,0 days 00:00:30.694000,0 days 00:00:41.748000,0 days 00:00:23.644000,HARD,9.0,3.0,,,1,11.0,False,2024,Bahrain,R,96.086,30.694,41.748,23.644
STR,Aston Martin,37.0,0 days 00:01:35.987000,0 days 00:00:30.676000,0 days 00:00:41.775000,0 days 00:00:23.536000,HARD,10.0,3.0,,,1,10.0,False,2024,Bahrain,R,95.987,30.676,41.775,23.536
STR,Aston Martin,38.0,0 days 00:01:36.364000,0 days 00:00:30.776000,0 days 00:00:41.926000,0 days 00:00:23.662000,HARD,11.0,3.0,,,1,10.0,False,2024,Bahrain,R,96.364,30.776,41.926,23.662
STR,Aston Martin,39.0,0 days 00:01:36.353000,0 days 00:00:30.792000,0 days 00:00:41.959000,0 days 00:00:23.602000,HARD,12.0,3.0,,,1,10.0,False,2024,Bahrain,R,96.353,30.792,41.959,23.602
STR,Aston Martin,40.0,0 days 00:01:36.485000,0 days 00:00:30.896000,0 days 00:00:41.927000,0 days 00:00:23.662000,HARD,13.0,3.0,,,1,10.0,False,2024,Bahrain,R,96.485,30.896,41.927,23.662
STR,Aston Martin,41.0,0 days 00:01:36.322000,0 days 00:00:30.877000,0 days 00:00:41.749000,0 days 00:00:23.696000,HARD,14.0,3.0,,,1,10.0,False,2024,Bahrain,R,96.322,30.877,41.749,23.696
STR,Aston Martin,42.0,0 days 00:01:36.343000,0 days 00:00:30.774000,0 days 00:00:41.917000,0 days 00:00:23.652000,HARD,15.0,3.0,,,1,9.0,False,2024,Bahrain,R,96.343,30.774,41.917,23.652
STR,Aston Martin,43.0,0 days 00:01:36.304000,0 days 00:00:30.843000,0 days 00:00:41.859000,0 days 00:00:23.602000,HARD,16.0,3.0,,,1,9.0,False,2024,Bahrain,R,96.304,30.843,41.859,23.602
STR,Aston Martin,44.0,0 days 00:01:36.564000,0 days 00:00:30.788000,0 days 00:00:42.023000,0 days 00:00:23.753000,HARD,17.0,3.0,,,1,9.0,False,2024,Bahrain,R,96.564,30.788,42.023,23.753
STR,Aston Martin,45.0,0 days 00:01:36.243000,0 days 00:00:30.712000,0 days 00:00:41.834000,0 days 00:00:23.697000,HARD,18.0,3.0,,,1,9.0,False,2024,Bahrain,R,96.243,30.712,41.834,23.697
STR,Aston Martin,46.0,0 days 00:01:36.379000,0 days 00:00:30.808000,0 days 00:00:41.882000,0 days 00:00:23.689000,HARD,19.0,3.0,,,1,9.0,False,2024,Bahrain,R,96.379,30.808,41.882,23.689
STR,Aston Martin,47.0,0 days 00:01:36.298000,0 days 00:00:30.835000,0 days 00:00:41.744000,0 days 00:00:23.719000,HARD,20.0,3.0,,,1,9.0,False,2024,Bahrain,R,96.298,30.835,41.744,23.719
STR,Aston Martin,48.0,0 days 00:01:37.325000,0 days 00:00:31.346000,0 days 00:00:42.156000,0 days 00:00:23.823000,HARD,21.0,3.0,,,1,10.0,False,2024,Bahrain,R,97.325,31.346,42.156,23.823
STR,Aston Martin,49.0,0 days 00:01:36.871000,0 days 00:00:30.920000,0 days 00:00:42.119000,0 days 00:00:23.832000,HARD,22.0,3.0,,,1,10.0,False,2024,Bahrain,R,96.871,30.92,42.119,23.832
STR,Aston Martin,50.0,0 days 00:01:36.541000,0 days 00:00:30.808000,0 days 00:00:41.978000,0 days 00:00:23.755000,HARD,23.0,3.0,,,1,10.0,False,2024,Bahrain,R,96.541,30.808,41.978,23.755
STR,Aston Martin,51.0,0 days 00:01:36.763000,0 days 00:00:30.882000,0 days 00:00:42.075000,0 days 00:00:23.806000,HARD,24.0,3.0,,,1,10.0,False,2024,Bahrain,R,96.763,30.882,42.075,23.806
STR,Aston Martin,52.0,0 days 00:01:36.934000,0 days 00:00:31.144000,0 days 00:00:42.016000,0 days 00:00:23.774000,HARD,25.0,3.0,,,1,10.0,False,2024,Bahrain,R,96.934,31.144,42.016,23.774
STR,Aston Martin,53.0,0 days 00:01:36.640000,0 days 00:00:30.894000,0 days 00:00:42.017000,0 days 00:00:23.729000,HARD,26.0,3.0,,,1,10.0,False,2024,Bahrain,R,96.64,30.894,42.017,23.729
STR,Aston Martin,54.0,0 days 00:01:36.693000,0 days 00:00:30.938000,0 days 00:00:41.971000,0 days 00:00:23.784000,HARD,27.0,3.0,,,1,10.0,False,2024,Bahrain,R,96.693,30.938,41.971,23.784
STR,Aston Martin,55.0,0 days 00:01:36.680000,0 days 00:00:30.920000,0 days 00:00:41.999000,0 days 00:00:23.761000,HARD,28.0,3.0,,,1,10.0,False,2024,Bahrain,R,96.68,30.92,41.999,23.761
STR,Aston Martin,56.0,0 days 00:01:36.582000,0 days 00:00:30.870000,0 days 00:00:41.951000,0 days 00:00:23.761000,HARD,29.0,3.0,,,1,10.0,False,2024,Bahrain,R,96.582,30.87,41.951,23.761
STR,Aston Martin,57.0,0 days 00:01:37.335000,0 days 00:00:30.994000,0 days 00:00:42.237000,0 days 00:00:24.104000,HARD,30.0,3.0,,,1,10.0,False,2024,Bahrain,R,97.335,30.994,42.237,24.104
ZHO,Kick Sauber,1.0,0 days 00:01:44.801000,,0 days 00:00:43.576000,0 days 00:00:24.294000,SOFT,1.0,1.0,,,12,13.0,False,2024,Bahrain,R,104.801,,43.576,24.294
ZHO,Kick Sauber,2.0,0 days 00:01:38.920000,0 days 00:00:31.452000,0 days 00:00:43.135000,0 days 00:00:24.333000,SOFT,2.0,1.0,,,1,13.0,False,2024,Bahrain,R,98.92,31.452,43.135,24.333
ZHO,Kick Sauber,3.0,0 days 00:01:38.582000,0 days 00:00:31.044000,0 days 00:00:43.084000,0 days 00:00:24.454000,SOFT,3.0,1.0,,,1,13.0,False,2024,Bahrain,R,98.582,31.044,43.084,24.454
ZHO,Kick Sauber,4.0,0 days 00:01:38.428000,0 days 00:00:30.977000,0 days 00:00:43.004000,0 days 00:00:24.447000,SOFT,4.0,1.0,,,1,13.0,False,2024,Bahrain,R,98.428,30.977,43.004,24.447
ZHO,Kick Sauber,5.0,0 days 00:01:38.798000,0 days 00:00:31.116000,0 days 00:00:43.178000,0 days 00:00:24.504000,SOFT,5.0,1.0,,,1,13.0,False,2024,Bahrain,R,98.798,31.116,43.178,24.504
ZHO,Kick Sauber,6.0,0 days 00:01:38.488000,0 days 00:00:30.860000,0 days 00:00:43.064000,0 days 00:00:24.564000,SOFT,6.0,1.0,,,1,13.0,False,2024,Bahrain,R,98.488,30.86,43.064,24.564
ZHO,Kick Sauber,7.0,0 days 00:01:39.517000,0 days 00:00:31.488000,0 days 00:00:43.470000,0 days 00:00:24.559000,SOFT,7.0,1.0,,,1,13.0,False,2024,Bahrain,R,99.517,31.488,43.47,24.559
ZHO,Kick Sauber,8.0,0 days 00:01:39.646000,0 days 00:00:31.786000,0 days 00:00:43.138000,0 days 00:00:24.722000,SOFT,8.0,1.0,,,1,13.0,False,2024,Bahrain,R,99.646,31.786,43.138,24.722
ZHO,Kick Sauber,9.0,0 days 00:01:41.849000,0 days 00:00:31.330000,0 days 00:00:43.094000,0 days 00:00:27.425000,SOFT,9.0,1.0,0 days 01:14:57.559000,,1,16.0,False,2024,Bahrain,R,101.849,31.33,43.094,27.425
ZHO,Kick Sauber,10.0,0 days 00:01:59.328000,0 days 00:00:53.287000,0 days 00:00:42.225000,0 days 00:00:23.816000,HARD,1.0,2.0,,0 days 01:15:22.700000,12,17.0,False,2024,Bahrain,R,119.328,53.287,42.225,23.816
ZHO,Kick Sauber,11.0,0 days 00:01:36.365000,0 days 00:00:30.815000,0 days 00:00:41.738000,0 days 00:00:23.812000,HARD,2.0,2.0,,,1,16.0,False,2024,Bahrain,R,96.365,30.815,41.738,23.812
ZHO,Kick Sauber,12.0,0 days 00:01:36.995000,0 days 00:00:31.006000,0 days 00:00:42.207000,0 days 00:00:23.782000,HARD,3.0,2.0,,,1,15.0,False,2024,Bahrain,R,96.995,31.006,42.207,23.782
ZHO,Kick Sauber,13.0,0 days 00:01:37.436000,0 days 00:00:30.982000,0 days 00:00:42.435000,0 days 00:00:24.019000,HARD,4.0,2.0,,,1,13.0,False,2024,Bahrain,R,97.436,30.982,42.435,24.019
ZHO,Kick Sauber,14.0,0 days 00:01:37.482000,0 days 00:00:31.086000,0 days 00:00:42.431000,0 days 00:00:23.965000,HARD,5.0,2.0,,,1,12.0,False,2024,Bahrain,R,97.482,31.086,42.431,23.965
ZHO,Kick Sauber,15.0,0 days 00:01:37.500000,0 days 00:00:31.030000,0 days 00:00:42.429000,0 days 00:00:24.041000,HARD,6.0,2.0,,,1,11.0,False,2024,Bahrain,R,97.5,31.03,42.429,24.041
ZHO,Kick Sauber,16.0,0 days 00:01:37.659000,0 days 00:00:31.166000,0 days 00:00:42.398000,0 days 00:00:24.095000,HARD,7.0,2.0,,,1,9.0,False,2024,Bahrain,R,97.659,31.166,42.398,24.095
ZHO,Kick Sauber,17.0,0 days 00:01:38.475000,0 days 00:00:31.431000,0 days 00:00:42.856000,0 days 00:00:24.188000,HARD,8.0,2.0,,,1,10.0,False,2024,Bahrain,R,98.475,31.431,42.856,24.188
ZHO,Kick Sauber,18.0,0 days 00:01:37.552000,0 days 00:00:30.919000,0 days 00:00:42.585000,0 days 00:00:24.048000,HARD,9.0,2.0,,,1,10.0,False,2024,Bahrain,R,97.552,30.919,42.585,24.048
ZHO,Kick Sauber,19.0,0 days 00:01:37.652000,0 days 00:00:30.887000,0 days 00:00:42.658000,0 days 00:00:24.107000,HARD,10.0,2.0,,,1,10.0,False,2024,Bahrain,R,97.652,30.887,42.658,24.107
ZHO,Kick Sauber,20.0,0 days 00:01:37.749000,0 days 00:00:31.239000,0 days 00:00:42.477000,0 days 00:00:24.033000,HARD,11.0,2.0,,,1,10.0,False,2024,Bahrain,R,97.749,31.239,42.477,24.033
ZHO,Kick Sauber,21.0,0 days 00:01:37.947000,0 days 00:00:31.220000,0 days 00:00:42.705000,0 days 00:00:24.022000,HARD,12.0,2.0,,,1,10.0,False,2024,Bahrain,R,97.947,31.22,42.705,24.022
ZHO,Kick Sauber,22.0,0 days 00:01:37.852000,0 days 00:00:31.171000,0 days 00:00:42.584000,0 days 00:00:24.097000,HARD,13.0,2.0,,,1,10.0,False,2024,Bahrain,R,97.852,31.171,42.584,24.097
ZHO,Kick Sauber,23.0,0 days 00:01:37.788000,0 days 00:00:31.092000,0 days 00:00:42.647000,0 days 00:00:24.049000,HARD,14.0,2.0,,,1,10.0,False,2024,Bahrain,R,97.788,31.092,42.647,24.049
ZHO,Kick Sauber,24.0,0 days 00:01:37.894000,0 days 00:00:31.140000,0 days 00:00:42.602000,0 days 00:00:24.152000,HARD,15.0,2.0,,,1,10.0,False,2024,Bahrain,R,97.894,31.14,42.602,24.152
ZHO,Kick Sauber,25.0,0 days 00:01:37.883000,0 days 00:00:31.246000,0 days 00:00:42.532000,0 days 00:00:24.105000,HARD,16.0,2.0,,,1,10.0,False,2024,Bahrain,R,97.883,31.246,42.532,24.105
ZHO,Kick Sauber,26.0,0 days 00:01:37.995000,0 days 00:00:31.266000,0 days 00:00:42.658000,0 days 00:00:24.071000,HARD,17.0,2.0,,,1,10.0,False,2024,Bahrain,R,97.995,31.266,42.658,24.071
ZHO,Kick Sauber,27.0,0 days 00:01:38.053000,0 days 00:00:31.367000,0 days 00:00:42.594000,0 days 00:00:24.092000,HARD,18.0,2.0,,,1,10.0,False,2024,Bahrain,R,98.053,31.367,42.594,24.092
ZHO,Kick Sauber,28.0,0 days 00:01:40.675000,0 days 00:00:31.279000,0 days 00:00:42.580000,0 days 00:00:26.816000,HARD,19.0,2.0,0 days 01:46:17.855000,,1,11.0,False,2024,Bahrain,R,100.675,31.279,42.58,26.816
ZHO,Kick Sauber,29.0,0 days 00:01:57.076000,0 days 00:00:52.137000,0 days 00:00:41.430000,0 days 00:00:23.509000,HARD,1.0,3.0,,0 days 01:46:42.838000,1,17.0,False,2024,Bahrain,R,117.076,52.137,41.43,23.509
ZHO,Kick Sauber,30.0,0 days 00:01:35.458000,0 days 00:00:30.674000,0 days 00:00:41.190000,0 days 00:00:23.594000,HARD,2.0,3.0,,,1,17.0,False,2024,Bahrain,R,95.458,30.674,41.19,23.594
ZHO,Kick Sauber,31.0,0 days 00:01:36.297000,0 days 00:00:30.846000,0 days 00:00:41.644000,0 days 00:00:23.807000,HARD,3.0,3.0,,,1,14.0,False,2024,Bahrain,R,96.297,30.846,41.644,23.807
ZHO,Kick Sauber,32.0,0 days 00:01:36.048000,0 days 00:00:30.646000,0 days 00:00:41.735000,0 days 00:00:23.667000,HARD,4.0,3.0,,,1,14.0,False,2024,Bahrain,R,96.048,30.646,41.735,23.667
ZHO,Kick Sauber,33.0,0 days 00:01:37.971000,0 days 00:00:31.535000,0 days 00:00:42.387000,0 days 00:00:24.049000,HARD,5.0,3.0,,,1,14.0,False,2024,Bahrain,R,97.971,31.535,42.387,24.049
ZHO,Kick Sauber,34.0,0 days 00:01:36.518000,0 days 00:00:30.678000,0 days 00:00:41.938000,0 days 00:00:23.902000,HARD,6.0,3.0,,,1,14.0,False,2024,Bahrain,R,96.518,30.678,41.938,23.902
ZHO,Kick Sauber,35.0,0 days 00:01:36.546000,0 days 00:00:30.612000,0 days 00:00:41.954000,0 days 00:00:23.980000,HARD,7.0,3.0,,,1,13.0,False,2024,Bahrain,R,96.546,30.612,41.954,23.98
ZHO,Kick Sauber,36.0,0 days 00:01:36.931000,0 days 00:00:31.090000,0 days 00:00:41.967000,0 days 00:00:23.874000,HARD,8.0,3.0,,,1,12.0,False,2024,Bahrain,R,96.931,31.09,41.967,23.874
ZHO,Kick Sauber,37.0,0 days 00:01:36.805000,0 days 00:00:30.874000,0 days 00:00:42.130000,0 days 00:00:23.801000,HARD,9.0,3.0,,,1,11.0,False,2024,Bahrain,R,96.805,30.874,42.13,23.801
ZHO,Kick Sauber,38.0,0 days 00:01:36.857000,0 days 00:00:30.915000,0 days 00:00:42.149000,0 days 00:00:23.793000,HARD,10.0,3.0,,,1,11.0,False,2024,Bahrain,R,96.857,30.915,42.149,23.793
ZHO,Kick Sauber,39.0,0 days 00:01:36.637000,0 days 00:00:30.904000,0 days 00:00:42.006000,0 days 00:00:23.727000,HARD,11.0,3.0,,,1,11.0,False,2024,Bahrain,R,96.637,30.904,42.006,23.727
ZHO,Kick Sauber,40.0,0 days 00:01:36.683000,0 days 00:00:30.839000,0 days 00:00:42.094000,0 days 00:00:23.750000,HARD,12.0,3.0,,,1,11.0,False,2024,Bahrain,R,96.683,30.839,42.094,23.75
ZHO,Kick Sauber,41.0,0 days 00:01:36.695000,0 days 00:00:30.827000,0 days 00:00:42.096000,0 days 00:00:23.772000,HARD,13.0,3.0,,,1,11.0,False,2024,Bahrain,R,96.695,30.827,42.096,23.772
ZHO,Kick Sauber,42.0,0 days 00:01:36.652000,0 days 00:00:31.038000,0 days 00:00:41.860000,0 days 00:00:23.754000,HARD,14.0,3.0,,,1,10.0,False,2024,Bahrain,R,96.652,31.038,41.86,23.754
ZHO,Kick Sauber,43.0,0 days 00:01:36.771000,0 days 00:00:30.877000,0 days 00:00:42.071000,0 days 00:00:23.823000,HARD,15.0,3.0,,,1,10.0,False,2024,Bahrain,R,96.771,30.877,42.071,23.823
ZHO,Kick Sauber,44.0,0 days 00:01:37.417000,0 days 00:00:31.361000,0 days 00:00:42.115000,0 days 00:00:23.941000,HARD,16.0,3.0,,,1,11.0,False,2024,Bahrain,R,97.417,31.361,42.115,23.941
ZHO,Kick Sauber,45.0,0 days 00:01:36.680000,0 days 00:00:30.867000,0 days 00:00:41.919000,0 days 00:00:23.894000,HARD,17.0,3.0,,,1,11.0,False,2024,Bahrain,R,96.68,30.867,41.919,23.894
ZHO,Kick Sauber,46.0,0 days 00:01:36.741000,0 days 00:00:30.966000,0 days 00:00:41.922000,0 days 00:00:23.853000,HARD,18.0,3.0,,,1,11.0,False,2024,Bahrain,R,96.741,30.966,41.922,23.853
ZHO,Kick Sauber,47.0,0 days 00:01:36.561000,0 days 00:00:30.934000,0 days 00:00:41.792000,0 days 00:00:23.835000,HARD,19.0,3.0,,,1,11.0,False,2024,Bahrain,R,96.561,30.934,41.792,23.835
ZHO,Kick Sauber,48.0,0 days 00:01:36.654000,0 days 00:00:30.980000,0 days 00:00:41.820000,0 days 00:00:23.854000,HARD,20.0,3.0,,,1,11.0,False,2024,Bahrain,R,96.654,30.98,41.82,23.854
ZHO,Kick Sauber,49.0,0 days 00:01:36.720000,0 days 00:00:30.900000,0 days 00:00:41.995000,0 days 00:00:23.825000,HARD,21.0,3.0,,,1,11.0,False,2024,Bahrain,R,96.72,30.9,41.995,23.825
ZHO,Kick Sauber,50.0,0 days 00:01:36.792000,0 days 00:00:31.035000,0 days 00:00:41.870000,0 days 00:00:23.887000,HARD,22.0,3.0,,,1,11.0,False,2024,Bahrain,R,96.792,31.035,41.87,23.887
ZHO,Kick Sauber,51.0,0 days 00:01:37.042000,0 days 00:00:31.065000,0 days 00:00:42.026000,0 days 00:00:23.951000,HARD,23.0,3.0,,,1,11.0,False,2024,Bahrain,R,97.042,31.065,42.026,23.951
ZHO,Kick Sauber,52.0,0 days 00:01:37.394000,0 days 00:00:31.205000,0 days 00:00:42.190000,0 days 00:00:23.999000,HARD,24.0,3.0,,,1,11.0,False,2024,Bahrain,R,97.394,31.205,42.19,23.999
ZHO,Kick Sauber,53.0,0 days 00:01:37.141000,0 days 00:00:31.110000,0 days 00:00:42.136000,0 days 00:00:23.895000,HARD,25.0,3.0,,,1,11.0,False,2024,Bahrain,R,97.141,31.11,42.136,23.895
ZHO,Kick Sauber,54.0,0 days 00:01:38.389000,0 days 00:00:31.253000,0 days 00:00:43.116000,0 days 00:00:24.020000,HARD,26.0,3.0,,,1,11.0,False,2024,Bahrain,R,98.389,31.253,43.116,24.02
ZHO,Kick Sauber,55.0,0 days 00:01:37.383000,0 days 00:00:31.123000,0 days 00:00:42.185000,0 days 00:00:24.075000,HARD,27.0,3.0,,,1,11.0,False,2024,Bahrain,R,97.383,31.123,42.185,24.075
ZHO,Kick Sauber,56.0,0 days 00:01:37.333000,0 days 00:00:31.220000,0 days 00:00:42.156000,0 days 00:00:23.957000,HARD,28.0,3.0,,,1,11.0,False,2024,Bahrain,R,97.333,31.22,42.156,23.957
MAG,Haas F1 Team,1.0,0 days 00:01:44.349000,,0 days 00:00:44.375000,0 days 00:00:24.212000,SOFT,1.0,1.0,,,12,12.0,False,2024,Bahrain,R,104.349,,44.375,24.212
MAG,Haas F1 Team,2.0,0 days 00:01:38.911000,0 days 00:00:31.591000,0 days 00:00:43.075000,0 days 00:00:24.245000,SOFT,2.0,1.0,,,1,12.0,False,2024,Bahrain,R,98.911,31.591,43.075,24.245
MAG,Haas F1 Team,3.0,0 days 00:01:38.399000,0 days 00:00:30.969000,0 days 00:00:43.118000,0 days 00:00:24.312000,SOFT,3.0,1.0,,,1,12.0,False,2024,Bahrain,R,98.399,30.969,43.118,24.312
MAG,Haas F1 Team,4.0,0 days 00:01:38.497000,0 days 00:00:30.993000,0 days 00:00:42.992000,0 days 00:00:24.512000,SOFT,4.0,1.0,,,1,12.0,False,2024,Bahrain,R,98.497,30.993,42.992,24.512
MAG,Haas F1 Team,5.0,0 days 00:01:38.576000,0 days 00:00:31.066000,0 days 00:00:43.108000,0 days 00:00:24.402000,SOFT,5.0,1.0,,,1,12.0,False,2024,Bahrain,R,98.576,31.066,43.108,24.402
MAG,Haas F1 Team,6.0,0 days 00:01:38.529000,0 days 00:00:30.952000,0 days 00:00:43.041000,0 days 00:00:24.536000,SOFT,6.0,1.0,,,1,12.0,False,2024,Bahrain,R,98.529,30.952,43.041,24.536
MAG,Haas F1 Team,7.0,0 days 00:01:40.058000,0 days 00:00:32.132000,0 days 00:00:43.112000,0 days 00:00:24.814000,SOFT,7.0,1.0,,,1,12.0,False,2024,Bahrain,R,100.058,32.132,43.112,24.814
MAG,Haas F1 Team,8.0,0 days 00:01:39.172000,0 days 00:00:31.557000,0 days 00:00:43.072000,0 days 00:00:24.543000,SOFT,8.0,1.0,,,1,12.0,False,2024,Bahrain,R,99.172,31.557,43.072,24.543
MAG,Haas F1 Team,9.0,0 days 00:01:38.861000,0 days 00:00:31.383000,0 days 00:00:42.932000,0 days 00:00:24.546000,SOFT,9.0,1.0,,,1,12.0,False,2024,Bahrain,R,98.861,31.383,42.932,24.546
MAG,Haas F1 Team,10.0,0 days 00:01:38.747000,0 days 00:00:31.307000,0 days 00:00:42.925000,0 days 00:00:24.515000,SOFT,10.0,1.0,,,12,12.0,False,2024,Bahrain,R,98.747,31.307,42.925,24.515
MAG,Haas F1 Team,11.0,0 days 00:01:41.088000,0 days 00:00:31.311000,0 days 00:00:42.714000,0 days 00:00:27.063000,SOFT,11.0,1.0,0 days 01:18:13.697000,,1,12.0,False,2024,Bahrain,R,101.088,31.311,42.714,27.063
MAG,Haas F1 Team,12.0,0 days 00:01:59.682000,0 days 00:00:53.306000,0 days 00:00:42.365000,0 days 00:00:24.011000,HARD,1.0,2.0,,0 days 01:18:39.594000,1,17.0,False,2024,Bahrain,R,119.682,53.306,42.365,24.011
MAG,Haas F1 Team,13.0,0 days 00:01:36.890000,0 days 00:00:30.905000,0 days 00:00:41.951000,0 days 00:00:24.034000,HARD,2.0,2.0,,,1,15.0,False,2024,Bahrain,R,96.89,30.905,41.951,24.034
MAG,Haas F1 Team,14.0,0 days 00:01:37.590000,0 days 00:00:30.826000,0 days 00:00:42.424000,0 days 00:00:24.340000,HARD,3.0,2.0,,,1,14.0,False,2024,Bahrain,R,97.59,30.826,42.424,24.34
MAG,Haas F1 Team,15.0,0 days 00:01:38.332000,0 days 00:00:31.154000,0 days 00:00:42.886000,0 days 00:00:24.292000,HARD,4.0,2.0,,,1,14.0,False,2024,Bahrain,R,98.332,31.154,42.886,24.292
MAG,Haas F1 Team,16.0,0 days 00:01:37.749000,0 days 00:00:30.774000,0 days 00:00:42.696000,0 days 00:00:24.279000,HARD,5.0,2.0,,,1,13.0,False,2024,Bahrain,R,97.749,30.774,42.696,24.279
MAG,Haas F1 Team,17.0,0 days 00:01:38.282000,0 days 00:00:30.953000,0 days 00:00:42.957000,0 days 00:00:24.372000,HARD,6.0,2.0,,,1,13.0,False,2024,Bahrain,R,98.282,30.953,42.957,24.372
MAG,Haas F1 Team,18.0,0 days 00:01:37.583000,0 days 00:00:30.690000,0 days 00:00:42.526000,0 days 00:00:24.367000,HARD,7.0,2.0,,,1,13.0,False,2024,Bahrain,R,97.583,30.69,42.526,24.367
MAG,Haas F1 Team,19.0,0 days 00:01:37.792000,0 days 00:00:30.820000,0 days 00:00:42.677000,0 days 00:00:24.295000,HARD,8.0,2.0,,,1,13.0,False,2024,Bahrain,R,97.792,30.82,42.677,24.295
MAG,Haas F1 Team,20.0,0 days 00:01:38.062000,0 days 00:00:31.168000,0 days 00:00:42.636000,0 days 00:00:24.258000,HARD,9.0,2.0,,,1,13.0,False,2024,Bahrain,R,98.062,31.168,42.636,24.258
MAG,Haas F1 Team,21.0,0 days 00:01:38.010000,0 days 00:00:31.041000,0 days 00:00:42.738000,0 days 00:00:24.231000,HARD,10.0,2.0,,,1,13.0,False,2024,Bahrain,R,98.01,31.041,42.738,24.231
MAG,Haas F1 Team,22.0,0 days 00:01:38.147000,0 days 00:00:31.214000,0 days 00:00:42.628000,0 days 00:00:24.305000,HARD,11.0,2.0,,,1,13.0,False,2024,Bahrain,R,98.147,31.214,42.628,24.305
MAG,Haas F1 Team,23.0,0 days 00:01:38.293000,0 days 00:00:31.284000,0 days 00:00:42.627000,0 days 00:00:24.382000,HARD,12.0,2.0,,,1,13.0,False,2024,Bahrain,R,98.293,31.284,42.627,24.382
MAG,Haas F1 Team,24.0,0 days 00:01:38.156000,0 days 00:00:31.155000,0 days 00:00:42.693000,0 days 00:00:24.308000,HARD,13.0,2.0,,,1,13.0,False,2024,Bahrain,R,98.156,31.155,42.693,24.308
MAG,Haas F1 Team,25.0,0 days 00:01:38.290000,0 days 00:00:31.368000,0 days 00:00:42.696000,0 days 00:00:24.226000,HARD,14.0,2.0,,,1,13.0,False,2024,Bahrain,R,98.29,31.368,42.696,24.226
MAG,Haas F1 Team,26.0,0 days 00:01:38.093000,0 days 00:00:31.173000,0 days 00:00:42.528000,0 days 00:00:24.392000,HARD,15.0,2.0,,,1,13.0,False,2024,Bahrain,R,98.093,31.173,42.528,24.392
MAG,Haas F1 Team,27.0,0 days 00:01:38.226000,0 days 00:00:31.201000,0 days 00:00:42.670000,0 days 00:00:24.355000,HARD,16.0,2.0,,,1,12.0,False,2024,Bahrain,R,98.226,31.201,42.67,24.355
MAG,Haas F1 Team,28.0,0 days 00:01:37.936000,0 days 00:00:31.209000,0 days 00:00:42.495000,0 days 00:00:24.232000,HARD,17.0,2.0,,,1,12.0,False,2024,Bahrain,R,97.936,31.209,42.495,24.232
MAG,Haas F1 Team,29.0,0 days 00:01:37.965000,0 days 00:00:31.197000,0 days 00:00:42.504000,0 days 00:00:24.264000,HARD,18.0,2.0,,,1,11.0,False,2024,Bahrain,R,97.965,31.197,42.504,24.264
MAG,Haas F1 Team,30.0,0 days 00:01:38.040000,0 days 00:00:31.138000,0 days 00:00:42.655000,0 days 00:00:24.247000,HARD,19.0,2.0,,,1,11.0,False,2024,Bahrain,R,98.04,31.138,42.655,24.247
MAG,Haas F1 Team,31.0,0 days 00:01:38,0 days 00:00:31.181000,0 days 00:00:42.628000,0 days 00:00:24.191000,HARD,20.0,2.0,,,1,11.0,False,2024,Bahrain,R,98.0,31.181,42.628,24.191
MAG,Haas F1 Team,32.0,0 days 00:01:40.565000,0 days 00:00:31.273000,0 days 00:00:42.416000,0 days 00:00:26.876000,HARD,21.0,2.0,0 days 01:52:55.425000,,1,13.0,False,2024,Bahrain,R,100.565,31.273,42.416,26.876
MAG,Haas F1 Team,33.0,0 days 00:01:56.655000,0 days 00:00:51.473000,0 days 00:00:41.575000,0 days 00:00:23.607000,HARD,1.0,3.0,,0 days 01:53:19.982000,1,16.0,False,2024,Bahrain,R,116.655,51.473,41.575,23.607
MAG,Haas F1 Team,34.0,0 days 00:01:35.570000,0 days 00:00:30.532000,0 days 00:00:41.409000,0 days 00:00:23.629000,HARD,2.0,3.0,,,1,16.0,False,2024,Bahrain,R,95.57,30.532,41.409,23.629
MAG,Haas F1 Team,35.0,0 days 00:01:35.698000,0 days 00:00:30.538000,0 days 00:00:41.440000,0 days 00:00:23.720000,HARD,3.0,3.0,,,1,16.0,False,2024,Bahrain,R,95.698,30.538,41.44,23.72
MAG,Haas F1 Team,36.0,0 days 00:01:35.851000,0 days 00:00:30.227000,0 days 00:00:41.898000,0 days 00:00:23.726000,HARD,4.0,3.0,,,1,14.0,False,2024,Bahrain,R,95.851,30.227,41.898,23.726
MAG,Haas F1 Team,37.0,0 days 00:01:35.741000,0 days 00:00:30.546000,0 days 00:00:41.491000,0 days 00:00:23.704000,HARD,5.0,3.0,,,1,13.0,False,2024,Bahrain,R,95.741,30.546,41.491,23.704
MAG,Haas F1 Team,38.0,0 days 00:01:36.042000,0 days 00:00:30.724000,0 days 00:00:41.576000,0 days 00:00:23.742000,HARD,6.0,3.0,,,1,12.0,False,2024,Bahrain,R,96.042,30.724,41.576,23.742
MAG,Haas F1 Team,39.0,0 days 00:01:35.876000,0 days 00:00:30.654000,0 days 00:00:41.474000,0 days 00:00:23.748000,HARD,7.0,3.0,,,1,12.0,False,2024,Bahrain,R,95.876,30.654,41.474,23.748
MAG,Haas F1 Team,40.0,0 days 00:01:36.071000,0 days 00:00:30.623000,0 days 00:00:41.738000,0 days 00:00:23.710000,HARD,8.0,3.0,,,1,12.0,False,2024,Bahrain,R,96.071,30.623,41.738,23.71
MAG,Haas F1 Team,41.0,0 days 00:01:36.340000,0 days 00:00:30.645000,0 days 00:00:41.845000,0 days 00:00:23.850000,HARD,9.0,3.0,,,1,12.0,False,2024,Bahrain,R,96.34,30.645,41.845,23.85
MAG,Haas F1 Team,42.0,0 days 00:01:36.310000,0 days 00:00:30.720000,0 days 00:00:41.743000,0 days 00:00:23.847000,HARD,10.0,3.0,,,1,12.0,False,2024,Bahrain,R,96.31,30.72,41.743,23.847
MAG,Haas F1 Team,43.0,0 days 00:01:36.232000,0 days 00:00:30.709000,0 days 00:00:41.740000,0 days 00:00:23.783000,HARD,11.0,3.0,,,1,12.0,False,2024,Bahrain,R,96.232,30.709,41.74,23.783
MAG,Haas F1 Team,44.0,0 days 00:01:36.249000,0 days 00:00:30.647000,0 days 00:00:41.679000,0 days 00:00:23.923000,HARD,12.0,3.0,,,1,12.0,False,2024,Bahrain,R,96.249,30.647,41.679,23.923
MAG,Haas F1 Team,45.0,0 days 00:01:36.349000,0 days 00:00:30.692000,0 days 00:00:41.776000,0 days 00:00:23.881000,HARD,13.0,3.0,,,1,12.0,False,2024,Bahrain,R,96.349,30.692,41.776,23.881
MAG,Haas F1 Team,46.0,0 days 00:01:36.446000,0 days 00:00:30.713000,0 days 00:00:41.779000,0 days 00:00:23.954000,HARD,14.0,3.0,,,1,12.0,False,2024,Bahrain,R,96.446,30.713,41.779,23.954
MAG,Haas F1 Team,47.0,0 days 00:01:36.454000,0 days 00:00:30.753000,0 days 00:00:41.740000,0 days 00:00:23.961000,HARD,15.0,3.0,,,1,12.0,False,2024,Bahrain,R,96.454,30.753,41.74,23.961
MAG,Haas F1 Team,48.0,0 days 00:01:36.679000,0 days 00:00:30.865000,0 days 00:00:41.817000,0 days 00:00:23.997000,HARD,16.0,3.0,,,1,12.0,False,2024,Bahrain,R,96.679,30.865,41.817,23.997
MAG,Haas F1 Team,49.0,0 days 00:01:36.842000,0 days 00:00:30.909000,0 days 00:00:41.991000,0 days 00:00:23.942000,HARD,17.0,3.0,,,1,12.0,False,2024,Bahrain,R,96.842,30.909,41.991,23.942
MAG,Haas F1 Team,50.0,0 days 00:01:37.035000,0 days 00:00:30.969000,0 days 00:00:42.041000,0 days 00:00:24.025000,HARD,18.0,3.0,,,1,12.0,False,2024,Bahrain,R,97.035,30.969,42.041,24.025
MAG,Haas F1 Team,51.0,0 days 00:01:36.929000,0 days 00:00:30.980000,0 days 00:00:42.050000,0 days 00:00:23.899000,HARD,19.0,3.0,,,1,12.0,False,2024,Bahrain,R,96.929,30.98,42.05,23.899
MAG,Haas F1 Team,52.0,0 days 00:01:36.930000,0 days 00:00:30.910000,0 days 00:00:41.964000,0 days 00:00:24.056000,HARD,20.0,3.0,,,1,12.0,False,2024,Bahrain,R,96.93,30.91,41.964,24.056
MAG,Haas F1 Team,53.0,0 days 00:01:37.958000,0 days 00:00:30.951000,0 days 00:00:43.013000,0 days 00:00:23.994000,HARD,21.0,3.0,,,1,12.0,False,2024,Bahrain,R,97.958,30.951,43.013,23.994
MAG,Haas F1 Team,54.0,0 days 00:01:36.890000,0 days 00:00:30.682000,0 days 00:00:42.093000,0 days 00:00:24.115000,HARD,22.0,3.0,,,1,12.0,False,2024,Bahrain,R,96.89,30.682,42.093,24.115
MAG,Haas F1 Team,55.0,0 days 00:01:37.457000,0 days 00:00:31.014000,0 days 00:00:42.356000,0 days 00:00:24.087000,HARD,23.0,3.0,,,1,12.0,False,2024,Bahrain,R,97.457,31.014,42.356,24.087
MAG,Haas F1 Team,56.0,0 days 00:01:37.584000,0 days 00:00:31.040000,0 days 00:00:42.465000,0 days 00:00:24.079000,HARD,24.0,3.0,,,1,12.0,False,2024,Bahrain,R,97.584,31.04,42.465,24.079
RIC,RB,1.0,0 days 00:01:45.668000,,0 days 00:00:43.159000,0 days 00:00:24.451000,SOFT,4.0,1.0,,,12,14.0,False,2024,Bahrain,R,105.668,,43.159,24.451
RIC,RB,2.0,0 days 00:01:39.509000,0 days 00:00:31.662000,0 days 00:00:43.353000,0 days 00:00:24.494000,SOFT,5.0,1.0,,,1,15.0,False,2024,Bahrain,R,99.509,31.662,43.353,24.494
RIC,RB,3.0,0 days 00:01:38.760000,0 days 00:00:30.965000,0 days 00:00:43.320000,0 days 00:00:24.475000,SOFT,6.0,1.0,,,1,15.0,False,2024,Bahrain,R,98.76,30.965,43.32,24.475
RIC,RB,4.0,0 days 00:01:38.610000,0 days 00:00:30.922000,0 days 00:00:43.207000,0 days 00:00:24.481000,SOFT,7.0,1.0,,,1,15.0,False,2024,Bahrain,R,98.61,30.922,43.207,24.481
RIC,RB,5.0,0 days 00:01:38.704000,0 days 00:00:30.980000,0 days 00:00:43.200000,0 days 00:00:24.524000,SOFT,8.0,1.0,,,1,15.0,False,2024,Bahrain,R,98.704,30.98,43.2,24.524
RIC,RB,6.0,0 days 00:01:38.689000,0 days 00:00:31.046000,0 days 00:00:43.099000,0 days 00:00:24.544000,SOFT,9.0,1.0,,,1,15.0,False,2024,Bahrain,R,98.689,31.046,43.099,24.544
RIC,RB,7.0,0 days 00:01:39.193000,0 days 00:00:31.372000,0 days 00:00:43.289000,0 days 00:00:24.532000,SOFT,10.0,1.0,,,1,15.0,False,2024,Bahrain,R,99.193,31.372,43.289,24.532
RIC,RB,8.0,0 days 00:01:39.529000,0 days 00:00:31.254000,0 days 00:00:43.578000,0 days 00:00:24.697000,SOFT,11.0,1.0,,,1,15.0,False,2024,Bahrain,R,99.529,31.254,43.578,24.697
RIC,RB,9.0,0 days 00:01:39.338000,0 days 00:00:31.173000,0 days 00:00:43.519000,0 days 00:00:24.646000,SOFT,12.0,1.0,,,1,14.0,False,2024,Bahrain,R,99.338,31.173,43.519,24.646
RIC,RB,10.0,0 days 00:01:38.782000,0 days 00:00:31.211000,0 days 00:00:43.104000,0 days 00:00:24.467000,SOFT,13.0,1.0,,,12,13.0,False,2024,Bahrain,R,98.782,31.211,43.104,24.467
RIC,RB,11.0,0 days 00:01:39.033000,0 days 00:00:31.472000,0 days 00:00:43.080000,0 days 00:00:24.481000,SOFT,14.0,1.0,,,1,13.0,False,2024,Bahrain,R,99.033,31.472,43.08,24.481
RIC,RB,12.0,0 days 00:01:38.893000,0 days 00:00:31.451000,0 days 00:00:42.949000,0 days 00:00:24.493000,SOFT,15.0,1.0,,,1,10.0,False,2024,Bahrain,R,98.893,31.451,42.949,24.493
RIC,RB,13.0,0 days 00:01:42.173000,0 days 00:00:31.460000,0 days 00:00:42.967000,0 days 00:00:27.746000,SOFT,16.0,1.0,0 days 01:21:35.789000,,1,10.0,False,2024,Bahrain,R,102.173,31.46,42.967,27.746
RIC,RB,14.0,0 days 00:01:59.408000,0 days 00:00:52.992000,0 days 00:00:42.487000,0 days 00:00:23.929000,HARD,1.0,2.0,,0 days 01:22:00.380000,1,16.0,False,2024,Bahrain,R,119.408,52.992,42.487,23.929
RIC,RB,15.0,0 days 00:01:37.070000,0 days 00:00:31.083000,0 days 00:00:42.053000,0 days 00:00:23.934000,HARD,2.0,2.0,,,1,16.0,False,2024,Bahrain,R,97.07,31.083,42.053,23.934
RIC,RB,16.0,0 days 00:01:37.176000,0 days 00:00:30.966000,0 days 00:00:42.237000,0 days 00:00:23.973000,HARD,3.0,2.0,,,1,16.0,False,2024,Bahrain,R,97.176,30.966,42.237,23.973
RIC,RB,17.0,0 days 00:01:37.290000,0 days 00:00:30.789000,0 days 00:00:42.420000,0 days 00:00:24.081000,HARD,4.0,2.0,,,1,16.0,False,2024,Bahrain,R,97.29,30.789,42.42,24.081
RIC,RB,18.0,0 days 00:01:37.700000,0 days 00:00:30.949000,0 days 00:00:42.517000,0 days 00:00:24.234000,HARD,5.0,2.0,,,1,16.0,False,2024,Bahrain,R,97.7,30.949,42.517,24.234
RIC,RB,19.0,0 days 00:01:38.350000,0 days 00:00:31.051000,0 days 00:00:42.983000,0 days 00:00:24.316000,HARD,6.0,2.0,,,1,16.0,False,2024,Bahrain,R,98.35,31.051,42.983,24.316
RIC,RB,20.0,0 days 00:01:37.865000,0 days 00:00:31.036000,0 days 00:00:42.538000,0 days 00:00:24.291000,HARD,7.0,2.0,,,1,16.0,False,2024,Bahrain,R,97.865,31.036,42.538,24.291
RIC,RB,21.0,0 days 00:01:37.392000,0 days 00:00:30.941000,0 days 00:00:42.318000,0 days 00:00:24.133000,HARD,8.0,2.0,,,1,15.0,False,2024,Bahrain,R,97.392,30.941,42.318,24.133
RIC,RB,22.0,0 days 00:01:37.750000,0 days 00:00:31.102000,0 days 00:00:42.461000,0 days 00:00:24.187000,HARD,9.0,2.0,,,1,15.0,False,2024,Bahrain,R,97.75,31.102,42.461,24.187
RIC,RB,23.0,0 days 00:01:37.772000,0 days 00:00:31.019000,0 days 00:00:42.572000,0 days 00:00:24.181000,HARD,10.0,2.0,,,1,15.0,False,2024,Bahrain,R,97.772,31.019,42.572,24.181
RIC,RB,24.0,0 days 00:01:37.766000,0 days 00:00:30.983000,0 days 00:00:42.559000,0 days 00:00:24.224000,HARD,11.0,2.0,,,1,15.0,False,2024,Bahrain,R,97.766,30.983,42.559,24.224
RIC,RB,25.0,0 days 00:01:37.973000,0 days 00:00:31.017000,0 days 00:00:42.663000,0 days 00:00:24.293000,HARD,12.0,2.0,,,1,15.0,False,2024,Bahrain,R,97.973,31.017,42.663,24.293
RIC,RB,26.0,0 days 00:01:38.029000,0 days 00:00:30.982000,0 days 00:00:42.682000,0 days 00:00:24.365000,HARD,13.0,2.0,,,1,15.0,False,2024,Bahrain,R,98.029,30.982,42.682,24.365
RIC,RB,27.0,0 days 00:01:38.152000,0 days 00:00:31.268000,0 days 00:00:42.576000,0 days 00:00:24.308000,HARD,14.0,2.0,,,1,15.0,False,2024,Bahrain,R,98.152,31.268,42.576,24.308
RIC,RB,28.0,0 days 00:01:38.045000,0 days 00:00:31.076000,0 days 00:00:42.660000,0 days 00:00:24.309000,HARD,15.0,2.0,,,1,14.0,False,2024,Bahrain,R,98.045,31.076,42.66,24.309
RIC,RB,29.0,0 days 00:01:37.960000,0 days 00:00:31.066000,0 days 00:00:42.637000,0 days 00:00:24.257000,HARD,16.0,2.0,,,1,13.0,False,2024,Bahrain,R,97.96,31.066,42.637,24.257
RIC,RB,30.0,0 days 00:01:37.978000,0 days 00:00:31.075000,0 days 00:00:42.576000,0 days 00:00:24.327000,HARD,17.0,2.0,,,1,13.0,False,2024,Bahrain,R,97.978,31.075,42.576,24.327
RIC,RB,31.0,0 days 00:01:38.154000,0 days 00:00:31.167000,0 days 00:00:42.688000,0 days 00:00:24.299000,HARD,18.0,2.0,,,1,13.0,False,2024,Bahrain,R,98.154,31.167,42.688,24.299
RIC,RB,32.0,0 days 00:01:38.025000,0 days 00:00:31.075000,0 days 00:00:42.662000,0 days 00:00:24.288000,HARD,19.0,2.0,,,1,12.0,False,2024,Bahrain,R,98.025,31.075,42.662,24.288
RIC,RB,33.0,0 days 00:01:38.150000,0 days 00:00:31.113000,0 days 00:00:42.690000,0 days 00:00:24.347000,HARD,20.0,2.0,,,1,12.0,False,2024,Bahrain,R,98.15,31.113,42.69,24.347
RIC,RB,34.0,0 days 00:01:38.246000,0 days 00:00:31.246000,0 days 00:00:42.766000,0 days 00:00:24.234000,HARD,21.0,2.0,,,1,12.0,False,2024,Bahrain,R,98.246,31.246,42.766,24.234
RIC,RB,35.0,0 days 00:01:40.595000,0 days 00:00:31.087000,0 days 00:00:42.747000,0 days 00:00:26.761000,HARD,22.0,2.0,0 days 01:57:52.253000,,1,11.0,False,2024,Bahrain,R,100.595,31.087,42.747,26.761
RIC,RB,36.0,0 days 00:01:56.995000,0 days 00:00:51.904000,0 days 00:00:41.570000,0 days 00:00:23.521000,SOFT,1.0,3.0,,0 days 01:58:17.022000,1,16.0,False,2024,Bahrain,R,116.995,51.904,41.57,23.521
RIC,RB,37.0,0 days 00:01:35.163000,0 days 00:00:30.422000,0 days 00:00:41.226000,0 days 00:00:23.515000,SOFT,2.0,3.0,,,1,15.0,False,2024,Bahrain,R,95.163,30.422,41.226,23.515
RIC,RB,38.0,0 days 00:01:35.460000,0 days 00:00:30.496000,0 days 00:00:41.410000,0 days 00:00:23.554000,SOFT,3.0,3.0,,,1,15.0,False,2024,Bahrain,R,95.46,30.496,41.41,23.554
RIC,RB,39.0,0 days 00:01:35.475000,0 days 00:00:30.559000,0 days 00:00:41.392000,0 days 00:00:23.524000,SOFT,4.0,3.0,,,1,15.0,False,2024,Bahrain,R,95.475,30.559,41.392,23.524
RIC,RB,40.0,0 days 00:01:35.578000,0 days 00:00:30.490000,0 days 00:00:41.513000,0 days 00:00:23.575000,SOFT,5.0,3.0,,,1,15.0,False,2024,Bahrain,R,95.578,30.49,41.513,23.575
RIC,RB,41.0,0 days 00:01:35.644000,0 days 00:00:30.564000,0 days 00:00:41.478000,0 days 00:00:23.602000,SOFT,6.0,3.0,,,1,14.0,False,2024,Bahrain,R,95.644,30.564,41.478,23.602
RIC,RB,42.0,0 days 00:01:35.338000,0 days 00:00:30.484000,0 days 00:00:41.238000,0 days 00:00:23.616000,SOFT,7.0,3.0,,,1,14.0,False,2024,Bahrain,R,95.338,30.484,41.238,23.616
RIC,RB,43.0,0 days 00:01:35.560000,0 days 00:00:30.537000,0 days 00:00:41.389000,0 days 00:00:23.634000,SOFT,8.0,3.0,,,1,14.0,False,2024,Bahrain,R,95.56,30.537,41.389,23.634
RIC,RB,44.0,0 days 00:01:35.490000,0 days 00:00:30.541000,0 days 00:00:41.290000,0 days 00:00:23.659000,SOFT,9.0,3.0,,,1,14.0,False,2024,Bahrain,R,95.49,30.541,41.29,23.659
RIC,RB,45.0,0 days 00:01:35.570000,0 days 00:00:30.497000,0 days 00:00:41.402000,0 days 00:00:23.671000,SOFT,10.0,3.0,,,1,14.0,False,2024,Bahrain,R,95.57,30.497,41.402,23.671
RIC,RB,46.0,0 days 00:01:35.507000,0 days 00:00:30.443000,0 days 00:00:41.378000,0 days 00:00:23.686000,SOFT,11.0,3.0,,,1,14.0,False,2024,Bahrain,R,95.507,30.443,41.378,23.686
RIC,RB,47.0,0 days 00:01:35.831000,0 days 00:00:30.566000,0 days 00:00:41.534000,0 days 00:00:23.731000,SOFT,12.0,3.0,,,1,14.0,False,2024,Bahrain,R,95.831,30.566,41.534,23.731
RIC,RB,48.0,0 days 00:01:36.236000,0 days 00:00:30.638000,0 days 00:00:41.744000,0 days 00:00:23.854000,SOFT,13.0,3.0,,,1,14.0,False,2024,Bahrain,R,96.236,30.638,41.744,23.854
RIC,RB,49.0,0 days 00:01:36.442000,0 days 00:00:30.630000,0 days 00:00:41.795000,0 days 00:00:24.017000,SOFT,14.0,3.0,,,1,14.0,False,2024,Bahrain,R,96.442,30.63,41.795,24.017
RIC,RB,50.0,0 days 00:01:36.609000,0 days 00:00:30.398000,0 days 00:00:42.122000,0 days 00:00:24.089000,SOFT,15.0,3.0,,,1,14.0,False,2024,Bahrain,R,96.609,30.398,42.122,24.089
RIC,RB,51.0,0 days 00:01:37.103000,0 days 00:00:30.775000,0 days 00:00:42.193000,0 days 00:00:24.135000,SOFT,16.0,3.0,,,1,14.0,True,2024,Bahrain,R,97.103,30.775,42.193,24.135
RIC,RB,52.0,0 days 00:01:37.529000,0 days 00:00:30.569000,0 days 00:00:41.854000,0 days 00:00:25.106000,SOFT,17.0,3.0,,,1,13.0,False,2024,Bahrain,R,97.529,30.569,41.854,25.106
RIC,RB,53.0,0 days 00:01:36.745000,0 days 00:00:30.797000,0 days 00:00:41.954000,0 days 00:00:23.994000,SOFT,18.0,3.0,,,1,13.0,False,2024,Bahrain,R,96.745,30.797,41.954,23.994
RIC,RB,54.0,0 days 00:01:36.661000,0 days 00:00:30.374000,0 days 00:00:42.197000,0 days 00:00:24.090000,SOFT,19.0,3.0,,,1,13.0,False,2024,Bahrain,R,96.661,30.374,42.197,24.09
RIC,RB,55.0,0 days 00:01:37.375000,0 days 00:00:30.713000,0 days 00:00:42.581000,0 days 00:00:24.081000,SOFT,20.0,3.0,,,1,13.0,True,2024,Bahrain,R,97.375,30.713,42.581,24.081
RIC,RB,56.0,0 days 00:01:37.662000,0 days 00:00:30.726000,0 days 00:00:42.755000,0 days 00:00:24.181000,SOFT,21.0,3.0,,,1,13.0,True,2024,Bahrain,R,97.662,30.726,42.755,24.181
TSU,RB,1.0,0 days 00:01:43.485000,,0 days 00:00:43.842000,0 days 00:00:24.345000,SOFT,1.0,1.0,,,12,10.0,False,2024,Bahrain,R,103.485,,43.842,24.345
TSU,RB,2.0,0 days 00:01:38.689000,0 days 00:00:31.675000,0 days 00:00:42.717000,0 days 00:00:24.297000,SOFT,2.0,1.0,,,1,10.0,False,2024,Bahrain,R,98.689,31.675,42.717,24.297
TSU,RB,3.0,0 days 00:01:38.431000,0 days 00:00:30.989000,0 days 00:00:43.073000,0 days 00:00:24.369000,SOFT,3.0,1.0,,,1,10.0,False,2024,Bahrain,R,98.431,30.989,43.073,24.369
TSU,RB,4.0,0 days 00:01:38.310000,0 days 00:00:31.025000,0 days 00:00:42.992000,0 days 00:00:24.293000,SOFT,4.0,1.0,,,1,10.0,False,2024,Bahrain,R,98.31,31.025,42.992,24.293
TSU,RB,5.0,0 days 00:01:38.321000,0 days 00:00:31.023000,0 days 00:00:42.980000,0 days 00:00:24.318000,SOFT,5.0,1.0,,,1,10.0,False,2024,Bahrain,R,98.321,31.023,42.98,24.318
TSU,RB,6.0,0 days 00:01:38.361000,0 days 00:00:31.132000,0 days 00:00:42.949000,0 days 00:00:24.280000,SOFT,6.0,1.0,,,1,10.0,False,2024,Bahrain,R,98.361,31.132,42.949,24.28
TSU,RB,7.0,0 days 00:01:38.364000,0 days 00:00:31.121000,0 days 00:00:42.887000,0 days 00:00:24.356000,SOFT,7.0,1.0,,,1,10.0,False,2024,Bahrain,R,98.364,31.121,42.887,24.356
TSU,RB,8.0,0 days 00:01:38.513000,0 days 00:00:31.298000,0 days 00:00:42.871000,0 days 00:00:24.344000,SOFT,8.0,1.0,,,1,10.0,False,2024,Bahrain,R,98.513,31.298,42.871,24.344
TSU,RB,9.0,0 days 00:01:38.554000,0 days 00:00:31.329000,0 days 00:00:42.861000,0 days 00:00:24.364000,SOFT,9.0,1.0,,,1,10.0,False,2024,Bahrain,R,98.554,31.329,42.861,24.364
TSU,RB,10.0,0 days 00:01:38.912000,0 days 00:00:31.476000,0 days 00:00:43.062000,0 days 00:00:24.374000,SOFT,10.0,1.0,,,12,10.0,True,2024,Bahrain,R,98.912,31.476,43.062,24.374
TSU,RB,11.0,0 days 00:01:38.799000,0 days 00:00:31.342000,0 days 00:00:43.015000,0 days 00:00:24.442000,SOFT,11.0,1.0,,,1,10.0,False,2024,Bahrain,R,98.799,31.342,43.015,24.442
TSU,RB,12.0,0 days 00:01:38.769000,0 days 00:00:31.398000,0 days 00:00:43.001000,0 days 00:00:24.370000,SOFT,12.0,1.0,,,1,8.0,False,2024,Bahrain,R,98.769,31.398,43.001,24.37
TSU,RB,13.0,0 days 00:01:38.860000,0 days 00:00:31.511000,0 days 00:00:42.985000,0 days 00:00:24.364000,SOFT,13.0,1.0,,,1,5.0,False,2024,Bahrain,R,98.86,31.511,42.985,24.364
TSU,RB,14.0,0 days 00:01:41.138000,0 days 00:00:31.394000,0 days 00:00:42.967000,0 days 00:00:26.777000,SOFT,14.0,1.0,0 days 01:23:06.054000,,1,4.0,False,2024,Bahrain,R,101.138,31.394,42.967,26.777
TSU,RB,15.0,0 days 00:01:59.588000,0 days 00:00:52.618000,0 days 00:00:42.949000,0 days 00:00:24.021000,HARD,1.0,2.0,,0 days 01:23:30.727000,1,13.0,False,2024,Bahrain,R,119.588,52.618,42.949,24.021
TSU,RB,16.0,0 days 00:01:37.516000,0 days 00:00:30.895000,0 days 00:00:42.677000,0 days 00:00:23.944000,HARD,2.0,2.0,,,1,12.0,False,2024,Bahrain,R,97.516,30.895,42.677,23.944
TSU,RB,17.0,0 days 00:01:37.482000,0 days 00:00:30.908000,0 days 00:00:42.625000,0 days 00:00:23.949000,HARD,3.0,2.0,,,1,11.0,False,2024,Bahrain,R,97.482,30.908,42.625,23.949
TSU,RB,18.0,0 days 00:01:37.359000,0 days 00:00:30.973000,0 days 00:00:42.336000,0 days 00:00:24.050000,HARD,4.0,2.0,,,1,11.0,False,2024,Bahrain,R,97.359,30.973,42.336,24.05
TSU,RB,19.0,0 days 00:01:37.396000,0 days 00:00:31.096000,0 days 00:00:42.262000,0 days 00:00:24.038000,HARD,5.0,2.0,,,1,11.0,False,2024,Bahrain,R,97.396,31.096,42.262,24.038
TSU,RB,20.0,0 days 00:01:37.766000,0 days 00:00:31.229000,0 days 00:00:42.359000,0 days 00:00:24.178000,HARD,6.0,2.0,,,1,11.0,False,2024,Bahrain,R,97.766,31.229,42.359,24.178
TSU,RB,21.0,0 days 00:01:37.777000,0 days 00:00:31.144000,0 days 00:00:42.570000,0 days 00:00:24.063000,HARD,7.0,2.0,,,1,11.0,False,2024,Bahrain,R,97.777,31.144,42.57,24.063
TSU,RB,22.0,0 days 00:01:37.837000,0 days 00:00:31.173000,0 days 00:00:42.531000,0 days 00:00:24.133000,HARD,8.0,2.0,,,1,11.0,False,2024,Bahrain,R,97.837,31.173,42.531,24.133
TSU,RB,23.0,0 days 00:01:37.671000,0 days 00:00:31.096000,0 days 00:00:42.405000,0 days 00:00:24.170000,HARD,9.0,2.0,,,1,11.0,False,2024,Bahrain,R,97.671,31.096,42.405,24.17
TSU,RB,24.0,0 days 00:01:37.634000,0 days 00:00:31.145000,0 days 00:00:42.276000,0 days 00:00:24.213000,HARD,10.0,2.0,,,1,11.0,False,2024,Bahrain,R,97.634,31.145,42.276,24.213
TSU,RB,25.0,0 days 00:01:37.851000,0 days 00:00:31.050000,0 days 00:00:42.613000,0 days 00:00:24.188000,HARD,11.0,2.0,,,1,11.0,False,2024,Bahrain,R,97.851,31.05,42.613,24.188
TSU,RB,26.0,0 days 00:01:38.058000,0 days 00:00:31.252000,0 days 00:00:42.540000,0 days 00:00:24.266000,HARD,12.0,2.0,,,1,11.0,False,2024,Bahrain,R,98.058,31.252,42.54,24.266
TSU,RB,27.0,0 days 00:01:38.083000,0 days 00:00:31.195000,0 days 00:00:42.468000,0 days 00:00:24.420000,HARD,13.0,2.0,,,1,11.0,True,2024,Bahrain,R,98.083,31.195,42.468,24.42
TSU,RB,28.0,0 days 00:01:38.164000,0 days 00:00:31.266000,0 days 00:00:42.608000,0 days 00:00:24.290000,HARD,14.0,2.0,,,1,10.0,False,2024,Bahrain,R,98.164,31.266,42.608,24.29
TSU,RB,29.0,0 days 00:01:37.777000,0 days 00:00:31.161000,0 days 00:00:42.542000,0 days 00:00:24.074000,HARD,15.0,2.0,,,1,10.0,False,2024,Bahrain,R,97.777,31.161,42.542,24.074
TSU,RB,30.0,0 days 00:01:37.477000,0 days 00:00:31.158000,0 days 00:00:42.314000,0 days 00:00:24.005000,HARD,16.0,2.0,,,1,10.0,False,2024,Bahrain,R,97.477,31.158,42.314,24.005
TSU,RB,31.0,0 days 00:01:37.468000,0 days 00:00:31.151000,0 days 00:00:42.349000,0 days 00:00:23.968000,HARD,17.0,2.0,,,1,10.0,False,2024,Bahrain,R,97.468,31.151,42.349,23.968
TSU,RB,32.0,0 days 00:01:37.847000,0 days 00:00:31.448000,0 days 00:00:42.329000,0 days 00:00:24.070000,HARD,18.0,2.0,,,1,10.0,False,2024,Bahrain,R,97.847,31.448,42.329,24.07
TSU,RB,33.0,0 days 00:01:37.498000,0 days 00:00:31.221000,0 days 00:00:42.222000,0 days 00:00:24.055000,HARD,19.0,2.0,,,1,10.0,False,2024,Bahrain,R,97.498,31.221,42.222,24.055
TSU,RB,34.0,0 days 00:01:40.835000,0 days 00:00:31.415000,0 days 00:00:42.711000,0 days 00:00:26.709000,HARD,20.0,2.0,0 days 01:56:05.032000,,1,10.0,False,2024,Bahrain,R,100.835,31.415,42.711,26.709
TSU,RB,35.0,0 days 00:01:57.417000,0 days 00:00:52.138000,0 days 00:00:41.771000,0 days 00:00:23.508000,HARD,1.0,3.0,,0 days 01:56:29.630000,1,15.0,False,2024,Bahrain,R,117.417,52.138,41.771,23.508
TSU,RB,36.0,0 days 00:01:37.706000,0 days 00:00:31.984000,0 days 00:00:41.954000,0 days 00:00:23.768000,HARD,2.0,3.0,,,1,15.0,False,2024,Bahrain,R,97.706,31.984,41.954,23.768
TSU,RB,37.0,0 days 00:01:35.833000,0 days 00:00:30.480000,0 days 00:00:41.686000,0 days 00:00:23.667000,HARD,3.0,3.0,,,1,14.0,False,2024,Bahrain,R,95.833,30.48,41.686,23.667
TSU,RB,38.0,0 days 00:01:37.046000,0 days 00:00:30.732000,0 days 00:00:42.390000,0 days 00:00:23.924000,HARD,4.0,3.0,,,1,13.0,False,2024,Bahrain,R,97.046,30.732,42.39,23.924
TSU,RB,39.0,0 days 00:01:36.125000,0 days 00:00:30.733000,0 days 00:00:41.684000,0 days 00:00:23.708000,HARD,5.0,3.0,,,1,13.0,False,2024,Bahrain,R,96.125,30.733,41.684,23.708
TSU,RB,40.0,0 days 00:01:36.263000,0 days 00:00:30.886000,0 days 00:00:41.751000,0 days 00:00:23.626000,HARD,6.0,3.0,,,1,13.0,False,2024,Bahrain,R,96.263,30.886,41.751,23.626
TSU,RB,41.0,0 days 00:01:36.179000,0 days 00:00:30.801000,0 days 00:00:41.719000,0 days 00:00:23.659000,HARD,7.0,3.0,,,1,13.0,False,2024,Bahrain,R,96.179,30.801,41.719,23.659
TSU,RB,42.0,0 days 00:01:35.981000,0 days 00:00:30.697000,0 days 00:00:41.532000,0 days 00:00:23.752000,HARD,8.0,3.0,,,1,13.0,False,2024,Bahrain,R,95.981,30.697,41.532,23.752
TSU,RB,43.0,0 days 00:01:35.956000,0 days 00:00:30.713000,0 days 00:00:41.533000,0 days 00:00:23.710000,HARD,9.0,3.0,,,1,13.0,False,2024,Bahrain,R,95.956,30.713,41.533,23.71
TSU,RB,44.0,0 days 00:01:36.144000,0 days 00:00:30.776000,0 days 00:00:41.594000,0 days 00:00:23.774000,HARD,10.0,3.0,,,1,13.0,False,2024,Bahrain,R,96.144,30.776,41.594,23.774
TSU,RB,45.0,0 days 00:01:35.964000,0 days 00:00:30.648000,0 days 00:00:41.470000,0 days 00:00:23.846000,HARD,11.0,3.0,,,1,13.0,False,2024,Bahrain,R,95.964,30.648,41.47,23.846
TSU,RB,46.0,0 days 00:01:36.187000,0 days 00:00:30.807000,0 days 00:00:41.593000,0 days 00:00:23.787000,HARD,12.0,3.0,,,1,13.0,False,2024,Bahrain,R,96.187,30.807,41.593,23.787
TSU,RB,47.0,0 days 00:01:36.396000,0 days 00:00:30.794000,0 days 00:00:41.765000,0 days 00:00:23.837000,HARD,13.0,3.0,,,1,13.0,False,2024,Bahrain,R,96.396,30.794,41.765,23.837
TSU,RB,48.0,0 days 00:01:36.554000,0 days 00:00:30.848000,0 days 00:00:41.679000,0 days 00:00:24.027000,HARD,14.0,3.0,,,1,13.0,False,2024,Bahrain,R,96.554,30.848,41.679,24.027
TSU,RB,49.0,0 days 00:01:36.695000,0 days 00:00:30.670000,0 days 00:00:42.043000,0 days 00:00:23.982000,HARD,15.0,3.0,,,1,13.0,False,2024,Bahrain,R,96.695,30.67,42.043,23.982
TSU,RB,50.0,0 days 00:01:36.827000,0 days 00:00:30.762000,0 days 00:00:42.171000,0 days 00:00:23.894000,HARD,16.0,3.0,,,1,13.0,False,2024,Bahrain,R,96.827,30.762,42.171,23.894
TSU,RB,51.0,0 days 00:01:37.067000,0 days 00:00:30.949000,0 days 00:00:42.066000,0 days 00:00:24.052000,HARD,17.0,3.0,,,1,13.0,False,2024,Bahrain,R,97.067,30.949,42.066,24.052
TSU,RB,52.0,0 days 00:01:39.042000,0 days 00:00:31.511000,0 days 00:00:43.537000,0 days 00:00:23.994000,HARD,18.0,3.0,,,1,14.0,False,2024,Bahrain,R,99.042,31.511,43.537,23.994
TSU,RB,53.0,0 days 00:01:36.838000,0 days 00:00:30.739000,0 days 00:00:42.138000,0 days 00:00:23.961000,HARD,19.0,3.0,,,1,14.0,False,2024,Bahrain,R,96.838,30.739,42.138,23.961
TSU,RB,54.0,0 days 00:01:36.672000,0 days 00:00:30.741000,0 days 00:00:41.883000,0 days 00:00:24.048000,HARD,20.0,3.0,,,1,14.0,False,2024,Bahrain,R,96.672,30.741,41.883,24.048
TSU,RB,55.0,0 days 00:01:37.269000,0 days 00:00:30.810000,0 days 00:00:42.254000,0 days 00:00:24.205000,HARD,21.0,3.0,,,1,14.0,False,2024,Bahrain,R,97.269,30.81,42.254,24.205
TSU,RB,56.0,0 days 00:01:37.473000,0 days 00:00:30.742000,0 days 00:00:42.530000,0 days 00:00:24.201000,HARD,22.0,3.0,,,1,14.0,False,2024,Bahrain,R,97.473,30.742,42.53,24.201
ALB,Williams,1.0,0 days 00:01:43.888000,,0 days 00:00:44.007000,0 days 00:00:24.378000,SOFT,1.0,1.0,,,12,11.0,False,2024,Bahrain,R,103.888,,44.007,24.378
ALB,Williams,2.0,0 days 00:01:38.826000,0 days 00:00:31.419000,0 days 00:00:43.106000,0 days 00:00:24.301000,SOFT,2.0,1.0,,,1,11.0,False,2024,Bahrain,R,98.826,31.419,43.106,24.301
ALB,Williams,3.0,0 days 00:01:38.507000,0 days 00:00:31.002000,0 days 00:00:43.081000,0 days 00:00:24.424000,SOFT,3.0,1.0,,,1,11.0,False,2024,Bahrain,R,98.507,31.002,43.081,24.424
ALB,Williams,4.0,0 days 00:01:38.422000,0 days 00:00:31.023000,0 days 00:00:43.007000,0 days 00:00:24.392000,SOFT,4.0,1.0,,,1,11.0,False,2024,Bahrain,R,98.422,31.023,43.007,24.392
ALB,Williams,5.0,0 days 00:01:38.509000,0 days 00:00:31.049000,0 days 00:00:43.027000,0 days 00:00:24.433000,SOFT,5.0,1.0,,,1,11.0,False,2024,Bahrain,R,98.509,31.049,43.027,24.433
ALB,Williams,6.0,0 days 00:01:38.575000,0 days 00:00:31.034000,0 days 00:00:43.141000,0 days 00:00:24.400000,SOFT,6.0,1.0,,,1,11.0,False,2024,Bahrain,R,98.575,31.034,43.141,24.4
ALB,Williams,7.0,0 days 00:01:38.971000,0 days 00:00:31.498000,0 days 00:00:43.186000,0 days 00:00:24.287000,SOFT,7.0,1.0,,,1,11.0,False,2024,Bahrain,R,98.971,31.498,43.186,24.287
ALB,Williams,8.0,0 days 00:01:38.660000,0 days 00:00:31.493000,0 days 00:00:42.899000,0 days 00:00:24.268000,SOFT,8.0,1.0,,,1,11.0,False,2024,Bahrain,R,98.66,31.493,42.899,24.268
ALB,Williams,9.0,0 days 00:01:38.652000,0 days 00:00:31.458000,0 days 00:00:42.976000,0 days 00:00:24.218000,SOFT,9.0,1.0,,,1,11.0,False,2024,Bahrain,R,98.652,31.458,42.976,24.218
ALB,Williams,10.0,0 days 00:01:38.952000,0 days 00:00:31.624000,0 days 00:00:42.955000,0 days 00:00:24.373000,SOFT,10.0,1.0,,,12,11.0,False,2024,Bahrain,R,98.952,31.624,42.955,24.373
ALB,Williams,11.0,0 days 00:01:38.835000,0 days 00:00:31.490000,0 days 00:00:42.923000,0 days 00:00:24.422000,SOFT,11.0,1.0,,,1,11.0,False,2024,Bahrain,R,98.835,31.49,42.923,24.422
ALB,Williams,12.0,0 days 00:01:38.934000,0 days 00:00:31.510000,0 days 00:00:43.065000,0 days 00:00:24.359000,SOFT,12.0,1.0,,,1,9.0,False,2024,Bahrain,R,98.934,31.51,43.065,24.359
ALB,Williams,13.0,0 days 00:01:38.823000,0 days 00:00:31.569000,0 days 00:00:42.884000,0 days 00:00:24.370000,SOFT,13.0,1.0,,,1,6.0,False,2024,Bahrain,R,98.823,31.569,42.884,24.37
ALB,Williams,14.0,0 days 00:01:38.977000,0 days 00:00:31.598000,0 days 00:00:42.931000,0 days 00:00:24.448000,SOFT,14.0,1.0,,,1,5.0,False,2024,Bahrain,R,98.977,31.598,42.931,24.448
ALB,Williams,15.0,0 days 00:01:41.171000,0 days 00:00:31.510000,0 days 00:00:42.741000,0 days 00:00:26.920000,SOFT,15.0,1.0,0 days 01:24:47.139000,,1,5.0,False,2024,Bahrain,R,101.171,31.51,42.741,26.92
ALB,Williams,16.0,0 days 00:01:59.341000,0 days 00:00:52.731000,0 days 00:00:42.591000,0 days 00:00:24.019000,HARD,1.0,2.0,,0 days 01:25:11.918000,1,15.0,False,2024,Bahrain,R,119.341,52.731,42.591,24.019
ALB,Williams,17.0,0 days 00:01:37.392000,0 days 00:00:30.812000,0 days 00:00:42.564000,0 days 00:00:24.016000,HARD,2.0,2.0,,,1,14.0,False,2024,Bahrain,R,97.392,30.812,42.564,24.016
ALB,Williams,18.0,0 days 00:01:37.590000,0 days 00:00:31.214000,0 days 00:00:42.369000,0 days 00:00:24.007000,HARD,3.0,2.0,,,1,14.0,False,2024,Bahrain,R,97.59,31.214,42.369,24.007
ALB,Williams,19.0,0 days 00:01:37.763000,0 days 00:00:31.357000,0 days 00:00:42.448000,0 days 00:00:23.958000,HARD,4.0,2.0,,,1,14.0,False,2024,Bahrain,R,97.763,31.357,42.448,23.958
ALB,Williams,20.0,0 days 00:01:37.701000,0 days 00:00:31.328000,0 days 00:00:42.379000,0 days 00:00:23.994000,HARD,5.0,2.0,,,1,14.0,False,2024,Bahrain,R,97.701,31.328,42.379,23.994
ALB,Williams,21.0,0 days 00:01:37.918000,0 days 00:00:31.227000,0 days 00:00:42.440000,0 days 00:00:24.251000,HARD,6.0,2.0,,,1,14.0,False,2024,Bahrain,R,97.918,31.227,42.44,24.251
ALB,Williams,22.0,0 days 00:01:38.031000,0 days 00:00:31.199000,0 days 00:00:42.733000,0 days 00:00:24.099000,HARD,7.0,2.0,,,1,14.0,False,2024,Bahrain,R,98.031,31.199,42.733,24.099
ALB,Williams,23.0,0 days 00:01:37.869000,0 days 00:00:31.296000,0 days 00:00:42.361000,0 days 00:00:24.212000,HARD,8.0,2.0,,,1,14.0,False,2024,Bahrain,R,97.869,31.296,42.361,24.212
ALB,Williams,24.0,0 days 00:01:38.204000,0 days 00:00:31.035000,0 days 00:00:42.857000,0 days 00:00:24.312000,HARD,9.0,2.0,,,1,14.0,False,2024,Bahrain,R,98.204,31.035,42.857,24.312
ALB,Williams,25.0,0 days 00:01:38.226000,0 days 00:00:31.095000,0 days 00:00:42.952000,0 days 00:00:24.179000,HARD,10.0,2.0,,,1,14.0,False,2024,Bahrain,R,98.226,31.095,42.952,24.179
ALB,Williams,26.0,0 days 00:01:38.100000,0 days 00:00:31.041000,0 days 00:00:42.821000,0 days 00:00:24.238000,HARD,11.0,2.0,,,1,14.0,False,2024,Bahrain,R,98.1,31.041,42.821,24.238
ALB,Williams,27.0,0 days 00:01:38.296000,0 days 00:00:31.029000,0 days 00:00:43.069000,0 days 00:00:24.198000,HARD,12.0,2.0,,,1,14.0,False,2024,Bahrain,R,98.296,31.029,43.069,24.198
ALB,Williams,28.0,0 days 00:01:38.048000,0 days 00:00:31.108000,0 days 00:00:42.692000,0 days 00:00:24.248000,HARD,13.0,2.0,,,1,13.0,False,2024,Bahrain,R,98.048,31.108,42.692,24.248
ALB,Williams,29.0,0 days 00:01:37.879000,0 days 00:00:31.127000,0 days 00:00:42.585000,0 days 00:00:24.167000,HARD,14.0,2.0,,,1,12.0,False,2024,Bahrain,R,97.879,31.127,42.585,24.167
ALB,Williams,30.0,0 days 00:01:37.968000,0 days 00:00:31.045000,0 days 00:00:42.634000,0 days 00:00:24.289000,HARD,15.0,2.0,,,1,12.0,False,2024,Bahrain,R,97.968,31.045,42.634,24.289
ALB,Williams,31.0,0 days 00:01:38.135000,0 days 00:00:31.093000,0 days 00:00:42.811000,0 days 00:00:24.231000,HARD,16.0,2.0,,,1,12.0,False,2024,Bahrain,R,98.135,31.093,42.811,24.231
ALB,Williams,32.0,0 days 00:01:38.183000,0 days 00:00:31.143000,0 days 00:00:42.707000,0 days 00:00:24.333000,HARD,17.0,2.0,,,1,11.0,False,2024,Bahrain,R,98.183,31.143,42.707,24.333
ALB,Williams,33.0,0 days 00:01:38.346000,0 days 00:00:31.537000,0 days 00:00:42.677000,0 days 00:00:24.132000,HARD,18.0,2.0,,,1,11.0,False,2024,Bahrain,R,98.346,31.537,42.677,24.132
ALB,Williams,34.0,0 days 00:01:37.750000,0 days 00:00:31.413000,0 days 00:00:42.368000,0 days 00:00:23.969000,HARD,19.0,2.0,,,1,11.0,False,2024,Bahrain,R,97.75,31.413,42.368,23.969
ALB,Williams,35.0,0 days 00:01:37.767000,0 days 00:00:31.295000,0 days 00:00:42.496000,0 days 00:00:23.976000,HARD,20.0,2.0,,,1,10.0,False,2024,Bahrain,R,97.767,31.295,42.496,23.976
ALB,Williams,36.0,0 days 00:01:40.333000,0 days 00:00:31.337000,0 days 00:00:42.433000,0 days 00:00:26.563000,HARD,21.0,2.0,0 days 01:59:27.973000,,1,10.0,False,2024,Bahrain,R,100.333,31.337,42.433,26.563
ALB,Williams,37.0,0 days 00:01:57.632000,0 days 00:00:52.093000,0 days 00:00:41.867000,0 days 00:00:23.672000,HARD,1.0,3.0,,0 days 01:59:52.655000,1,16.0,False,2024,Bahrain,R,117.632,52.093,41.867,23.672
ALB,Williams,38.0,0 days 00:01:36.129000,0 days 00:00:30.735000,0 days 00:00:41.742000,0 days 00:00:23.652000,HARD,2.0,3.0,,,1,16.0,False,2024,Bahrain,R,96.129,30.735,41.742,23.652
ALB,Williams,39.0,0 days 00:01:35.856000,0 days 00:00:30.737000,0 days 00:00:41.650000,0 days 00:00:23.469000,HARD,3.0,3.0,,,1,16.0,False,2024,Bahrain,R,95.856,30.737,41.65,23.469
ALB,Williams,40.0,0 days 00:01:35.723000,0 days 00:00:30.707000,0 days 00:00:41.503000,0 days 00:00:23.513000,HARD,4.0,3.0,,,1,16.0,False,2024,Bahrain,R,95.723,30.707,41.503,23.513
ALB,Williams,41.0,0 days 00:01:35.885000,0 days 00:00:30.746000,0 days 00:00:41.557000,0 days 00:00:23.582000,HARD,5.0,3.0,,,1,16.0,False,2024,Bahrain,R,95.885,30.746,41.557,23.582
ALB,Williams,42.0,0 days 00:01:35.799000,0 days 00:00:30.759000,0 days 00:00:41.498000,0 days 00:00:23.542000,HARD,6.0,3.0,,,1,15.0,False,2024,Bahrain,R,95.799,30.759,41.498,23.542
ALB,Williams,43.0,0 days 00:01:35.766000,0 days 00:00:30.760000,0 days 00:00:41.472000,0 days 00:00:23.534000,HARD,7.0,3.0,,,1,15.0,False,2024,Bahrain,R,95.766,30.76,41.472,23.534
ALB,Williams,44.0,0 days 00:01:35.783000,0 days 00:00:30.683000,0 days 00:00:41.497000,0 days 00:00:23.603000,HARD,8.0,3.0,,,1,15.0,False,2024,Bahrain,R,95.783,30.683,41.497,23.603
ALB,Williams,45.0,0 days 00:01:35.758000,0 days 00:00:30.607000,0 days 00:00:41.495000,0 days 00:00:23.656000,HARD,9.0,3.0,,,1,15.0,False,2024,Bahrain,R,95.758,30.607,41.495,23.656
ALB,Williams,46.0,0 days 00:01:36.008000,0 days 00:00:30.685000,0 days 00:00:41.635000,0 days 00:00:23.688000,HARD,10.0,3.0,,,1,15.0,False,2024,Bahrain,R,96.008,30.685,41.635,23.688
ALB,Williams,47.0,0 days 00:01:36.026000,0 days 00:00:30.827000,0 days 00:00:41.570000,0 days 00:00:23.629000,HARD,11.0,3.0,,,1,15.0,True,2024,Bahrain,R,96.026,30.827,41.57,23.629
ALB,Williams,48.0,0 days 00:01:36.135000,0 days 00:00:30.823000,0 days 00:00:41.628000,0 days 00:00:23.684000,HARD,12.0,3.0,,,1,15.0,False,2024,Bahrain,R,96.135,30.823,41.628,23.684
ALB,Williams,49.0,0 days 00:01:37.102000,0 days 00:00:30.816000,0 days 00:00:42.435000,0 days 00:00:23.851000,HARD,13.0,3.0,,,1,15.0,True,2024,Bahrain,R,97.102,30.816,42.435,23.851
ALB,Williams,50.0,0 days 00:01:37.616000,0 days 00:00:31.683000,0 days 00:00:42.121000,0 days 00:00:23.812000,HARD,14.0,3.0,,,1,15.0,False,2024,Bahrain,R,97.616,31.683,42.121,23.812
ALB,Williams,51.0,0 days 00:01:37.493000,0 days 00:00:30.773000,0 days 00:00:42.878000,0 days 00:00:23.842000,HARD,15.0,3.0,,,1,15.0,False,2024,Bahrain,R,97.493,30.773,42.878,23.842
ALB,Williams,52.0,0 days 00:01:36.218000,0 days 00:00:30.895000,0 days 00:00:41.580000,0 days 00:00:23.743000,HARD,16.0,3.0,,,1,15.0,False,2024,Bahrain,R,96.218,30.895,41.58,23.743
ALB,Williams,53.0,0 days 00:01:36.308000,0 days 00:00:30.817000,0 days 00:00:41.683000,0 days 00:00:23.808000,HARD,17.0,3.0,,,1,15.0,False,2024,Bahrain,R,96.308,30.817,41.683,23.808
ALB,Williams,54.0,0 days 00:01:36.334000,0 days 00:00:30.799000,0 days 00:00:41.741000,0 days 00:00:23.794000,HARD,18.0,3.0,,,1,15.0,False,2024,Bahrain,R,96.334,30.799,41.741,23.794
ALB,Williams,55.0,0 days 00:01:36.593000,0 days 00:00:30.861000,0 days 00:00:41.910000,0 days 00:00:23.822000,HARD,19.0,3.0,,,1,15.0,False,2024,Bahrain,R,96.593,30.861,41.91,23.822
ALB,Williams,56.0,0 days 00:01:36.922000,0 days 00:00:30.875000,0 days 00:00:42.085000,0 days 00:00:23.962000,HARD,20.0,3.0,,,1,15.0,False,2024,Bahrain,R,96.922,30.875,42.085,23.962
HUL,Haas F1 Team,1.0,0 days 00:01:53.555000,,0 days 00:00:45.619000,0 days 00:00:27.692000,SOFT,1.0,1.0,0 days 01:01:52.101000,,12,20.0,False,2024,Bahrain,R,113.555,,45.619,27.692
HUL,Haas F1 Team,2.0,0 days 00:02:10.911000,0 days 00:01:04.092000,0 days 00:00:42.838000,0 days 00:00:23.981000,HARD,1.0,2.0,,0 days 01:02:28.664000,1,20.0,False,2024,Bahrain,R,130.911,64.092,42.838,23.981
HUL,Haas F1 Team,3.0,0 days 00:01:37.317000,0 days 00:00:30.970000,0 days 00:00:42.434000,0 days 00:00:23.913000,HARD,2.0,2.0,,,1,20.0,False,2024,Bahrain,R,97.317,30.97,42.434,23.913
HUL,Haas F1 Team,4.0,0 days 00:01:37.349000,0 days 00:00:30.901000,0 days 00:00:42.469000,0 days 00:00:23.979000,HARD,3.0,2.0,,,1,20.0,False,2024,Bahrain,R,97.349,30.901,42.469,23.979
HUL,Haas F1 Team,5.0,0 days 00:01:37.663000,0 days 00:00:30.928000,0 days 00:00:42.706000,0 days 00:00:24.029000,HARD,4.0,2.0,,,1,20.0,False,2024,Bahrain,R,97.663,30.928,42.706,24.029
HUL,Haas F1 Team,6.0,0 days 00:01:37.896000,0 days 00:00:31.013000,0 days 00:00:42.852000,0 days 00:00:24.031000,HARD,5.0,2.0,,,1,20.0,False,2024,Bahrain,R,97.896,31.013,42.852,24.031
HUL,Haas F1 Team,7.0,0 days 00:01:37.682000,0 days 00:00:30.976000,0 days 00:00:42.750000,0 days 00:00:23.956000,HARD,6.0,2.0,,,1,20.0,False,2024,Bahrain,R,97.682,30.976,42.75,23.956
HUL,Haas F1 Team,8.0,0 days 00:01:37.820000,0 days 00:00:31.038000,0 days 00:00:42.737000,0 days 00:00:24.045000,HARD,7.0,2.0,,,1,20.0,False,2024,Bahrain,R,97.82,31.038,42.737,24.045
HUL,Haas F1 Team,9.0,0 days 00:01:37.883000,0 days 00:00:31.041000,0 days 00:00:42.691000,0 days 00:00:24.151000,HARD,8.0,2.0,,,12,20.0,False,2024,Bahrain,R,97.883,31.041,42.691,24.151
HUL,Haas F1 Team,10.0,0 days 00:01:38.370000,0 days 00:00:31.372000,0 days 00:00:42.839000,0 days 00:00:24.159000,HARD,9.0,2.0,,,21,19.0,False,2024,Bahrain,R,98.37,31.372,42.839,24.159
HUL,Haas F1 Team,11.0,0 days 00:01:37.638000,0 days 00:00:31,0 days 00:00:42.573000,0 days 00:00:24.065000,HARD,10.0,2.0,,,1,19.0,False,2024,Bahrain,R,97.638,31.0,42.573,24.065
HUL,Haas F1 Team,12.0,0 days 00:01:37.706000,0 days 00:00:30.977000,0 days 00:00:42.629000,0 days 00:00:24.100000,HARD,11.0,2.0,,,1,19.0,False,2024,Bahrain,R,97.706,30.977,42.629,24.1
HUL,Haas F1 Team,13.0,0 days 00:01:37.801000,0 days 00:00:31.025000,0 days 00:00:42.677000,0 days 00:00:24.099000,HARD,12.0,2.0,,,1,17.0,False,2024,Bahrain,R,97.801,31.025,42.677,24.099
HUL,Haas F1 Team,14.0,0 days 00:01:37.879000,0 days 00:00:30.998000,0 days 00:00:42.630000,0 days 00:00:24.251000,HARD,13.0,2.0,,,1,17.0,False,2024,Bahrain,R,97.879,30.998,42.63,24.251
HUL,Haas F1 Team,15.0,0 days 00:01:38.110000,0 days 00:00:31.168000,0 days 00:00:42.609000,0 days 00:00:24.333000,HARD,14.0,2.0,,,1,17.0,False,2024,Bahrain,R,98.11,31.168,42.609,24.333
HUL,Haas F1 Team,16.0,0 days 00:01:37.796000,0 days 00:00:31.184000,0 days 00:00:42.535000,0 days 00:00:24.077000,HARD,15.0,2.0,,,1,17.0,False,2024,Bahrain,R,97.796,31.184,42.535,24.077
HUL,Haas F1 Team,17.0,0 days 00:01:37.891000,0 days 00:00:31.181000,0 days 00:00:42.572000,0 days 00:00:24.138000,HARD,16.0,2.0,,,1,17.0,False,2024,Bahrain,R,97.891,31.181,42.572,24.138
HUL,Haas F1 Team,18.0,0 days 00:01:38.216000,0 days 00:00:31.050000,0 days 00:00:42.946000,0 days 00:00:24.220000,HARD,17.0,2.0,,,1,17.0,False,2024,Bahrain,R,98.216,31.05,42.946,24.22
HUL,Haas F1 Team,19.0,0 days 00:01:37.862000,0 days 00:00:31.070000,0 days 00:00:42.542000,0 days 00:00:24.250000,HARD,18.0,2.0,,,1,17.0,False,2024,Bahrain,R,97.862,31.07,42.542,24.25
HUL,Haas F1 Team,20.0,0 days 00:01:40.798000,0 days 00:00:31.287000,0 days 00:00:42.578000,0 days 00:00:26.933000,HARD,19.0,2.0,0 days 01:33:26.755000,,1,19.0,False,2024,Bahrain,R,100.798,31.287,42.578,26.933
HUL,Haas F1 Team,21.0,0 days 00:01:58.699000,0 days 00:00:51.920000,0 days 00:00:42.869000,0 days 00:00:23.910000,HARD,1.0,3.0,,0 days 01:33:51.368000,1,19.0,False,2024,Bahrain,R,118.699,51.92,42.869,23.91
HUL,Haas F1 Team,22.0,0 days 00:01:36.858000,0 days 00:00:30.754000,0 days 00:00:42.343000,0 days 00:00:23.761000,HARD,2.0,3.0,,,1,19.0,False,2024,Bahrain,R,96.858,30.754,42.343,23.761
HUL,Haas F1 Team,23.0,0 days 00:01:36.725000,0 days 00:00:30.667000,0 days 00:00:42.271000,0 days 00:00:23.787000,HARD,3.0,3.0,,,1,19.0,False,2024,Bahrain,R,96.725,30.667,42.271,23.787
HUL,Haas F1 Team,24.0,0 days 00:01:36.626000,0 days 00:00:30.673000,0 days 00:00:42.224000,0 days 00:00:23.729000,HARD,4.0,3.0,,,1,19.0,False,2024,Bahrain,R,96.626,30.673,42.224,23.729
HUL,Haas F1 Team,25.0,0 days 00:01:36.652000,0 days 00:00:30.667000,0 days 00:00:42.124000,0 days 00:00:23.861000,HARD,5.0,3.0,,,1,19.0,False,2024,Bahrain,R,96.652,30.667,42.124,23.861
HUL,Haas F1 Team,26.0,0 days 00:01:36.548000,0 days 00:00:30.619000,0 days 00:00:42.152000,0 days 00:00:23.777000,HARD,6.0,3.0,,,1,19.0,False,2024,Bahrain,R,96.548,30.619,42.152,23.777
HUL,Haas F1 Team,27.0,0 days 00:01:36.647000,0 days 00:00:30.719000,0 days 00:00:41.983000,0 days 00:00:23.945000,HARD,7.0,3.0,,,1,19.0,False,2024,Bahrain,R,96.647,30.719,41.983,23.945
HUL,Haas F1 Team,28.0,0 days 00:01:37.254000,0 days 00:00:31.001000,0 days 00:00:42.310000,0 days 00:00:23.943000,HARD,8.0,3.0,,,1,19.0,False,2024,Bahrain,R,97.254,31.001,42.31,23.943
HUL,Haas F1 Team,29.0,0 days 00:01:36.837000,0 days 00:00:30.844000,0 days 00:00:42.049000,0 days 00:00:23.944000,HARD,9.0,3.0,,,1,19.0,False,2024,Bahrain,R,96.837,30.844,42.049,23.944
HUL,Haas F1 Team,30.0,0 days 00:01:36.691000,0 days 00:00:30.738000,0 days 00:00:41.973000,0 days 00:00:23.980000,HARD,10.0,3.0,,,1,19.0,False,2024,Bahrain,R,96.691,30.738,41.973,23.98
HUL,Haas F1 Team,31.0,0 days 00:01:36.578000,0 days 00:00:30.717000,0 days 00:00:41.966000,0 days 00:00:23.895000,HARD,11.0,3.0,,,1,17.0,False,2024,Bahrain,R,96.578,30.717,41.966,23.895
HUL,Haas F1 Team,32.0,0 days 00:01:36.935000,0 days 00:00:30.961000,0 days 00:00:41.987000,0 days 00:00:23.987000,HARD,12.0,3.0,,,1,16.0,False,2024,Bahrain,R,96.935,30.961,41.987,23.987
HUL,Haas F1 Team,33.0,0 days 00:01:36.784000,0 days 00:00:30.819000,0 days 00:00:41.983000,0 days 00:00:23.982000,HARD,13.0,3.0,,,1,15.0,False,2024,Bahrain,R,96.784,30.819,41.983,23.982
HUL,Haas F1 Team,34.0,0 days 00:01:36.692000,0 days 00:00:30.777000,0 days 00:00:41.947000,0 days 00:00:23.968000,HARD,14.0,3.0,,,1,15.0,False,2024,Bahrain,R,96.692,30.777,41.947,23.968
HUL,Haas F1 Team,35.0,0 days 00:01:36.959000,0 days 00:00:30.812000,0 days 00:00:42.040000,0 days 00:00:24.107000,HARD,15.0,3.0,,,1,14.0,False,2024,Bahrain,R,96.959,30.812,42.04,24.107
HUL,Haas F1 Team,36.0,0 days 00:01:36.795000,0 days 00:00:30.860000,0 days 00:00:41.931000,0 days 00:00:24.004000,HARD,16.0,3.0,,,1,13.0,False,2024,Bahrain,R,96.795,30.86,41.931,24.004
HUL,Haas F1 Team,37.0,0 days 00:01:36.723000,0 days 00:00:30.847000,0 days 00:00:41.940000,0 days 00:00:23.936000,HARD,17.0,3.0,,,1,12.0,False,2024,Bahrain,R,96.723,30.847,41.94,23.936
HUL,Haas F1 Team,38.0,0 days 00:01:40.083000,0 days 00:00:32.593000,0 days 00:00:42.653000,0 days 00:00:24.837000,HARD,18.0,3.0,,,1,14.0,False,2024,Bahrain,R,100.083,32.593,42.653,24.837
HUL,Haas F1 Team,39.0,0 days 00:01:37.476000,0 days 00:00:30.911000,0 days 00:00:42.495000,0 days 00:00:24.070000,HARD,19.0,3.0,,,1,14.0,False,2024,Bahrain,R,97.476,30.911,42.495,24.07
HUL,Haas F1 Team,40.0,0 days 00:01:37.088000,0 days 00:00:30.911000,0 days 00:00:42.126000,0 days 00:00:24.051000,HARD,20.0,3.0,,,1,14.0,False,2024,Bahrain,R,97.088,30.911,42.126,24.051
HUL,Haas F1 Team,41.0,0 days 00:01:39.569000,0 days 00:00:30.889000,0 days 00:00:42.038000,0 days 00:00:26.642000,HARD,21.0,3.0,0 days 02:07:47.947000,,1,15.0,False,2024,Bahrain,R,99.569,30.889,42.038,26.642
HUL,Haas F1 Team,42.0,0 days 00:01:56.108000,0 days 00:00:50.894000,0 days 00:00:41.664000,0 days 00:00:23.550000,SOFT,2.0,4.0,,0 days 02:08:12.280000,1,18.0,False,2024,Bahrain,R,116.108,50.894,41.664,23.55
HUL,Haas F1 Team,43.0,0 days 00:01:35.760000,0 days 00:00:30.369000,0 days 00:00:41.852000,0 days 00:00:23.539000,SOFT,3.0,4.0,,,1,18.0,False,2024,Bahrain,R,95.76,30.369,41.852,23.539
HUL,Haas F1 Team,44.0,0 days 00:01:35.590000,0 days 00:00:30.232000,0 days 00:00:41.871000,0 days 00:00:23.487000,SOFT,4.0,4.0,,,1,17.0,False,2024,Bahrain,R,95.59,30.232,41.871,23.487
HUL,Haas F1 Team,45.0,0 days 00:01:35.119000,0 days 00:00:30.234000,0 days 00:00:41.321000,0 days 00:00:23.564000,SOFT,5.0,4.0,,,1,17.0,False,2024,Bahrain,R,95.119,30.234,41.321,23.564
HUL,Haas F1 Team,46.0,0 days 00:01:34.834000,0 days 00:00:30.170000,0 days 00:00:41.145000,0 days 00:00:23.519000,SOFT,6.0,4.0,,,1,17.0,False,2024,Bahrain,R,94.834,30.17,41.145,23.519
HUL,Haas F1 Team,47.0,0 days 00:01:35.226000,0 days 00:00:30.362000,0 days 00:00:41.251000,0 days 00:00:23.613000,SOFT,7.0,4.0,,,1,17.0,False,2024,Bahrain,R,95.226,30.362,41.251,23.613
HUL,Haas F1 Team,48.0,0 days 00:01:35.146000,0 days 00:00:30.228000,0 days 00:00:41.355000,0 days 00:00:23.563000,SOFT,8.0,4.0,,,1,17.0,False,2024,Bahrain,R,95.146,30.228,41.355,23.563
HUL,Haas F1 Team,49.0,0 days 00:01:35.494000,0 days 00:00:30.323000,0 days 00:00:41.489000,0 days 00:00:23.682000,SOFT,9.0,4.0,,,1,17.0,False,2024,Bahrain,R,95.494,30.323,41.489,23.682
HUL,Haas F1 Team,50.0,0 days 00:01:35.167000,0 days 00:00:30.130000,0 days 00:00:41.402000,0 days 00:00:23.635000,SOFT,10.0,4.0,,,1,16.0,False,2024,Bahrain,R,95.167,30.13,41.402,23.635
HUL,Haas F1 Team,51.0,0 days 00:01:35.529000,0 days 00:00:30.411000,0 days 00:00:41.374000,0 days 00:00:23.744000,SOFT,11.0,4.0,,,1,16.0,False,2024,Bahrain,R,95.529,30.411,41.374,23.744
HUL,Haas F1 Team,52.0,0 days 00:01:35.921000,0 days 00:00:30.525000,0 days 00:00:41.612000,0 days 00:00:23.784000,SOFT,12.0,4.0,,,1,16.0,False,2024,Bahrain,R,95.921,30.525,41.612,23.784
HUL,Haas F1 Team,53.0,0 days 00:01:35.994000,0 days 00:00:30.629000,0 days 00:00:41.595000,0 days 00:00:23.770000,SOFT,13.0,4.0,,,1,16.0,False,2024,Bahrain,R,95.994,30.629,41.595,23.77
HUL,Haas F1 Team,54.0,0 days 00:01:35.786000,0 days 00:00:30.557000,0 days 00:00:41.436000,0 days 00:00:23.793000,SOFT,14.0,4.0,,,1,16.0,False,2024,Bahrain,R,95.786,30.557,41.436,23.793
HUL,Haas F1 Team,55.0,0 days 00:01:35.736000,0 days 00:00:30.629000,0 days 00:00:41.384000,0 days 00:00:23.723000,SOFT,15.0,4.0,,,1,16.0,False,2024,Bahrain,R,95.736,30.629,41.384,23.723
HUL,Haas F1 Team,56.0,0 days 00:01:35.602000,0 days 00:00:30.546000,0 days 00:00:41.304000,0 days 00:00:23.752000,SOFT,16.0,4.0,,,1,16.0,False,2024,Bahrain,R,95.602,30.546,41.304,23.752
OCO,Alpine,1.0,0 days 00:01:46.657000,,0 days 00:00:43.420000,0 days 00:00:24.385000,SOFT,1.0,1.0,,,12,16.0,False,2024,Bahrain,R,106.657,,43.42,24.385
OCO,Alpine,2.0,0 days 00:01:39.094000,0 days 00:00:32.005000,0 days 00:00:42.719000,0 days 00:00:24.370000,SOFT,2.0,1.0,,,1,16.0,False,2024,Bahrain,R,99.094,32.005,42.719,24.37
OCO,Alpine,3.0,0 days 00:01:38.771000,0 days 00:00:31.255000,0 days 00:00:43.007000,0 days 00:00:24.509000,SOFT,3.0,1.0,,,1,16.0,False,2024,Bahrain,R,98.771,31.255,43.007,24.509
OCO,Alpine,4.0,0 days 00:01:38.625000,0 days 00:00:31.246000,0 days 00:00:42.915000,0 days 00:00:24.464000,SOFT,4.0,1.0,,,1,16.0,False,2024,Bahrain,R,98.625,31.246,42.915,24.464
OCO,Alpine,5.0,0 days 00:01:38.640000,0 days 00:00:31.171000,0 days 00:00:42.891000,0 days 00:00:24.578000,SOFT,5.0,1.0,,,1,16.0,False,2024,Bahrain,R,98.64,31.171,42.891,24.578
OCO,Alpine,6.0,0 days 00:01:38.874000,0 days 00:00:31.245000,0 days 00:00:42.978000,0 days 00:00:24.651000,SOFT,6.0,1.0,,,1,16.0,False,2024,Bahrain,R,98.874,31.245,42.978,24.651
OCO,Alpine,7.0,0 days 00:01:39.152000,0 days 00:00:31.404000,0 days 00:00:43.089000,0 days 00:00:24.659000,SOFT,7.0,1.0,,,1,16.0,False,2024,Bahrain,R,99.152,31.404,43.089,24.659
OCO,Alpine,8.0,0 days 00:01:39.422000,0 days 00:00:31.252000,0 days 00:00:43.382000,0 days 00:00:24.788000,SOFT,8.0,1.0,,,1,16.0,False,2024,Bahrain,R,99.422,31.252,43.382,24.788
OCO,Alpine,9.0,0 days 00:01:39.312000,0 days 00:00:31.189000,0 days 00:00:43.409000,0 days 00:00:24.714000,SOFT,9.0,1.0,,,1,15.0,False,2024,Bahrain,R,99.312,31.189,43.409,24.714
OCO,Alpine,10.0,0 days 00:01:41.642000,0 days 00:00:31.308000,0 days 00:00:42.956000,0 days 00:00:27.378000,SOFT,10.0,1.0,0 days 01:16:38.837000,,12,16.0,False,2024,Bahrain,R,101.642,31.308,42.956,27.378
OCO,Alpine,11.0,0 days 00:01:59.014000,0 days 00:00:52.676000,0 days 00:00:42.347000,0 days 00:00:23.991000,HARD,1.0,2.0,,0 days 01:17:03.528000,1,18.0,False,2024,Bahrain,R,119.014,52.676,42.347,23.991
OCO,Alpine,12.0,0 days 00:01:37.599000,0 days 00:00:31.175000,0 days 00:00:42.399000,0 days 00:00:24.025000,HARD,2.0,2.0,,,1,18.0,False,2024,Bahrain,R,97.599,31.175,42.399,24.025
OCO,Alpine,13.0,0 days 00:01:37.363000,0 days 00:00:31.319000,0 days 00:00:42.140000,0 days 00:00:23.904000,HARD,3.0,2.0,,,1,16.0,False,2024,Bahrain,R,97.363,31.319,42.14,23.904
OCO,Alpine,14.0,0 days 00:01:37.537000,0 days 00:00:31.174000,0 days 00:00:42.329000,0 days 00:00:24.034000,HARD,4.0,2.0,,,1,15.0,False,2024,Bahrain,R,97.537,31.174,42.329,24.034
OCO,Alpine,15.0,0 days 00:01:37.843000,0 days 00:00:31.282000,0 days 00:00:42.383000,0 days 00:00:24.178000,HARD,5.0,2.0,,,1,15.0,False,2024,Bahrain,R,97.843,31.282,42.383,24.178
OCO,Alpine,16.0,0 days 00:01:37.902000,0 days 00:00:31.350000,0 days 00:00:42.448000,0 days 00:00:24.104000,HARD,6.0,2.0,,,1,14.0,False,2024,Bahrain,R,97.902,31.35,42.448,24.104
OCO,Alpine,17.0,0 days 00:01:38.911000,0 days 00:00:31.653000,0 days 00:00:43.083000,0 days 00:00:24.175000,HARD,7.0,2.0,,,1,15.0,False,2024,Bahrain,R,98.911,31.653,43.083,24.175
OCO,Alpine,18.0,0 days 00:01:38.120000,0 days 00:00:31.120000,0 days 00:00:42.845000,0 days 00:00:24.155000,HARD,8.0,2.0,,,1,15.0,False,2024,Bahrain,R,98.12,31.12,42.845,24.155
OCO,Alpine,19.0,0 days 00:01:38.332000,0 days 00:00:31.570000,0 days 00:00:42.478000,0 days 00:00:24.284000,HARD,9.0,2.0,,,1,15.0,False,2024,Bahrain,R,98.332,31.57,42.478,24.284
OCO,Alpine,20.0,0 days 00:01:38.185000,0 days 00:00:31.445000,0 days 00:00:42.472000,0 days 00:00:24.268000,HARD,10.0,2.0,,,1,15.0,False,2024,Bahrain,R,98.185,31.445,42.472,24.268
OCO,Alpine,21.0,0 days 00:01:39.363000,0 days 00:00:31.900000,0 days 00:00:43.094000,0 days 00:00:24.369000,HARD,11.0,2.0,,,1,16.0,False,2024,Bahrain,R,99.363,31.9,43.094,24.369
OCO,Alpine,22.0,0 days 00:01:38.655000,0 days 00:00:31.553000,0 days 00:00:42.777000,0 days 00:00:24.325000,HARD,12.0,2.0,,,1,16.0,False,2024,Bahrain,R,98.655,31.553,42.777,24.325
OCO,Alpine,23.0,0 days 00:01:38.407000,0 days 00:00:31.490000,0 days 00:00:42.677000,0 days 00:00:24.240000,HARD,13.0,2.0,,,1,16.0,False,2024,Bahrain,R,98.407,31.49,42.677,24.24
OCO,Alpine,24.0,0 days 00:01:38.420000,0 days 00:00:31.474000,0 days 00:00:42.691000,0 days 00:00:24.255000,HARD,14.0,2.0,,,1,16.0,False,2024,Bahrain,R,98.42,31.474,42.691,24.255
OCO,Alpine,25.0,0 days 00:01:38.494000,0 days 00:00:31.546000,0 days 00:00:42.700000,0 days 00:00:24.248000,HARD,15.0,2.0,,,1,16.0,False,2024,Bahrain,R,98.494,31.546,42.7,24.248
OCO,Alpine,26.0,0 days 00:01:38.665000,0 days 00:00:31.521000,0 days 00:00:42.891000,0 days 00:00:24.253000,HARD,16.0,2.0,,,1,16.0,False,2024,Bahrain,R,98.665,31.521,42.891,24.253
OCO,Alpine,27.0,0 days 00:01:38.549000,0 days 00:00:31.543000,0 days 00:00:42.749000,0 days 00:00:24.257000,HARD,17.0,2.0,,,1,16.0,False,2024,Bahrain,R,98.549,31.543,42.749,24.257
OCO,Alpine,28.0,0 days 00:01:38.372000,0 days 00:00:31.492000,0 days 00:00:42.678000,0 days 00:00:24.202000,HARD,18.0,2.0,,,1,15.0,False,2024,Bahrain,R,98.372,31.492,42.678,24.202
OCO,Alpine,29.0,0 days 00:01:38.556000,0 days 00:00:31.562000,0 days 00:00:42.663000,0 days 00:00:24.331000,HARD,19.0,2.0,,,1,14.0,False,2024,Bahrain,R,98.556,31.562,42.663,24.331
OCO,Alpine,30.0,0 days 00:01:41.210000,0 days 00:00:31.546000,0 days 00:00:42.700000,0 days 00:00:26.964000,HARD,20.0,2.0,0 days 01:49:48.158000,,1,14.0,False,2024,Bahrain,R,101.21,31.546,42.7,26.964
OCO,Alpine,31.0,0 days 00:01:59.322000,0 days 00:00:52.935000,0 days 00:00:42.397000,0 days 00:00:23.990000,HARD,1.0,3.0,,0 days 01:50:13.288000,1,18.0,False,2024,Bahrain,R,119.322,52.935,42.397,23.99
OCO,Alpine,32.0,0 days 00:01:36.887000,0 days 00:00:31.059000,0 days 00:00:41.959000,0 days 00:00:23.869000,HARD,2.0,3.0,,,1,17.0,False,2024,Bahrain,R,96.887,31.059,41.959,23.869
OCO,Alpine,33.0,0 days 00:01:36.704000,0 days 00:00:30.989000,0 days 00:00:41.875000,0 days 00:00:23.840000,HARD,3.0,3.0,,,1,17.0,False,2024,Bahrain,R,96.704,30.989,41.875,23.84
OCO,Alpine,34.0,0 days 00:01:36.226000,0 days 00:00:30.898000,0 days 00:00:41.549000,0 days 00:00:23.779000,HARD,4.0,3.0,,,1,17.0,False,2024,Bahrain,R,96.226,30.898,41.549,23.779
OCO,Alpine,35.0,0 days 00:01:36.354000,0 days 00:00:31.008000,0 days 00:00:41.594000,0 days 00:00:23.752000,HARD,5.0,3.0,,,1,17.0,False,2024,Bahrain,R,96.354,31.008,41.594,23.752
OCO,Alpine,36.0,0 days 00:01:37.229000,0 days 00:00:31.212000,0 days 00:00:42.148000,0 days 00:00:23.869000,HARD,6.0,3.0,,,1,17.0,False,2024,Bahrain,R,97.229,31.212,42.148,23.869
OCO,Alpine,37.0,0 days 00:01:36.580000,0 days 00:00:31.059000,0 days 00:00:41.755000,0 days 00:00:23.766000,HARD,7.0,3.0,,,1,17.0,False,2024,Bahrain,R,96.58,31.059,41.755,23.766
OCO,Alpine,38.0,0 days 00:01:36.814000,0 days 00:00:31.070000,0 days 00:00:41.869000,0 days 00:00:23.875000,HARD,8.0,3.0,,,1,17.0,False,2024,Bahrain,R,96.814,31.07,41.869,23.875
OCO,Alpine,39.0,0 days 00:01:36.552000,0 days 00:00:31.088000,0 days 00:00:41.717000,0 days 00:00:23.747000,HARD,9.0,3.0,,,1,17.0,False,2024,Bahrain,R,96.552,31.088,41.717,23.747
OCO,Alpine,40.0,0 days 00:01:36.608000,0 days 00:00:31.053000,0 days 00:00:41.754000,0 days 00:00:23.801000,HARD,10.0,3.0,,,1,17.0,False,2024,Bahrain,R,96.608,31.053,41.754,23.801
OCO,Alpine,41.0,0 days 00:01:36.621000,0 days 00:00:31.034000,0 days 00:00:41.826000,0 days 00:00:23.761000,HARD,11.0,3.0,,,1,17.0,False,2024,Bahrain,R,96.621,31.034,41.826,23.761
OCO,Alpine,42.0,0 days 00:01:36.592000,0 days 00:00:31.025000,0 days 00:00:41.766000,0 days 00:00:23.801000,HARD,12.0,3.0,,,1,16.0,False,2024,Bahrain,R,96.592,31.025,41.766,23.801
OCO,Alpine,43.0,0 days 00:01:36.679000,0 days 00:00:31.035000,0 days 00:00:41.852000,0 days 00:00:23.792000,HARD,13.0,3.0,,,1,16.0,False,2024,Bahrain,R,96.679,31.035,41.852,23.792
OCO,Alpine,44.0,0 days 00:01:36.649000,0 days 00:00:31.094000,0 days 00:00:41.772000,0 days 00:00:23.783000,HARD,14.0,3.0,,,1,16.0,False,2024,Bahrain,R,96.649,31.094,41.772,23.783
OCO,Alpine,45.0,0 days 00:01:38.049000,0 days 00:00:31.188000,0 days 00:00:43.027000,0 days 00:00:23.834000,HARD,15.0,3.0,,,1,16.0,False,2024,Bahrain,R,98.049,31.188,43.027,23.834
OCO,Alpine,46.0,0 days 00:01:36.975000,0 days 00:00:31.151000,0 days 00:00:42.048000,0 days 00:00:23.776000,HARD,16.0,3.0,,,1,16.0,False,2024,Bahrain,R,96.975,31.151,42.048,23.776
OCO,Alpine,47.0,0 days 00:01:36.656000,0 days 00:00:31.026000,0 days 00:00:41.861000,0 days 00:00:23.769000,HARD,17.0,3.0,,,1,16.0,False,2024,Bahrain,R,96.656,31.026,41.861,23.769
OCO,Alpine,48.0,0 days 00:01:37.117000,0 days 00:00:31.177000,0 days 00:00:42.045000,0 days 00:00:23.895000,HARD,18.0,3.0,,,1,16.0,False,2024,Bahrain,R,97.117,31.177,42.045,23.895
OCO,Alpine,49.0,0 days 00:01:37.726000,0 days 00:00:31.483000,0 days 00:00:42.304000,0 days 00:00:23.939000,HARD,19.0,3.0,,,1,16.0,False,2024,Bahrain,R,97.726,31.483,42.304,23.939
OCO,Alpine,50.0,0 days 00:01:37.784000,0 days 00:00:31.552000,0 days 00:00:42.293000,0 days 00:00:23.939000,HARD,20.0,3.0,,,1,17.0,False,2024,Bahrain,R,97.784,31.552,42.293,23.939
OCO,Alpine,51.0,0 days 00:01:37.091000,0 days 00:00:31.083000,0 days 00:00:42.138000,0 days 00:00:23.870000,HARD,21.0,3.0,,,1,17.0,False,2024,Bahrain,R,97.091,31.083,42.138,23.87
OCO,Alpine,52.0,0 days 00:01:38.631000,0 days 00:00:31.094000,0 days 00:00:42.116000,0 days 00:00:25.421000,HARD,22.0,3.0,,,1,17.0,False,2024,Bahrain,R,98.631,31.094,42.116,25.421
OCO,Alpine,53.0,0 days 00:01:37.145000,0 days 00:00:31.023000,0 days 00:00:42.181000,0 days 00:00:23.941000,HARD,23.0,3.0,,,1,17.0,False,2024,Bahrain,R,97.145,31.023,42.181,23.941
OCO,Alpine,54.0,0 days 00:01:38.707000,0 days 00:00:32.402000,0 days 00:00:42.373000,0 days 00:00:23.932000,HARD,24.0,3.0,,,1,17.0,False,2024,Bahrain,R,98.707,32.402,42.373,23.932
OCO,Alpine,55.0,0 days 00:01:37.393000,0 days 00:00:31.146000,0 days 00:00:42.266000,0 days 00:00:23.981000,HARD,25.0,3.0,,,1,17.0,False,2024,Bahrain,R,97.393,31.146,42.266,23.981
OCO,Alpine,56.0,0 days 00:01:37.415000,0 days 00:00:31.133000,0 days 00:00:42.224000,0 days 00:00:24.058000,HARD,26.0,3.0,,,1,17.0,False,2024,Bahrain,R,97.415,31.133,42.224,24.058
GAS,Alpine,1.0,0 days 00:01:47.240000,,0 days 00:00:43.704000,0 days 00:00:24.393000,SOFT,1.0,1.0,,,12,17.0,False,2024,Bahrain,R,107.24,,43.704,24.393
GAS,Alpine,2.0,0 days 00:01:39.059000,0 days 00:00:31.860000,0 days 00:00:42.743000,0 days 00:00:24.456000,SOFT,2.0,1.0,,,1,17.0,False,2024,Bahrain,R,99.059,31.86,42.743,24.456
GAS,Alpine,3.0,0 days 00:01:38.744000,0 days 00:00:31.254000,0 days 00:00:42.848000,0 days 00:00:24.642000,SOFT,3.0,1.0,,,1,17.0,False,2024,Bahrain,R,98.744,31.254,42.848,24.642
GAS,Alpine,4.0,0 days 00:01:38.503000,0 days 00:00:31.305000,0 days 00:00:42.705000,0 days 00:00:24.493000,SOFT,4.0,1.0,,,1,17.0,False,2024,Bahrain,R,98.503,31.305,42.705,24.493
GAS,Alpine,5.0,0 days 00:01:38.664000,0 days 00:00:31.344000,0 days 00:00:42.718000,0 days 00:00:24.602000,SOFT,5.0,1.0,,,1,17.0,False,2024,Bahrain,R,98.664,31.344,42.718,24.602
GAS,Alpine,6.0,0 days 00:01:39.099000,0 days 00:00:31.457000,0 days 00:00:42.995000,0 days 00:00:24.647000,SOFT,6.0,1.0,,,1,17.0,False,2024,Bahrain,R,99.099,31.457,42.995,24.647
GAS,Alpine,7.0,0 days 00:01:39.078000,0 days 00:00:31.353000,0 days 00:00:43.110000,0 days 00:00:24.615000,SOFT,7.0,1.0,,,1,17.0,False,2024,Bahrain,R,99.078,31.353,43.11,24.615
GAS,Alpine,8.0,0 days 00:01:39.287000,0 days 00:00:31.210000,0 days 00:00:43.311000,0 days 00:00:24.766000,SOFT,8.0,1.0,,,1,17.0,False,2024,Bahrain,R,99.287,31.21,43.311,24.766
GAS,Alpine,9.0,0 days 00:01:39.452000,0 days 00:00:31.400000,0 days 00:00:43.321000,0 days 00:00:24.731000,SOFT,9.0,1.0,,,1,17.0,False,2024,Bahrain,R,99.452,31.4,43.321,24.731
GAS,Alpine,10.0,0 days 00:01:38.929000,0 days 00:00:31.383000,0 days 00:00:43.016000,0 days 00:00:24.530000,SOFT,10.0,1.0,,,12,14.0,False,2024,Bahrain,R,98.929,31.383,43.016,24.53
GAS,Alpine,11.0,0 days 00:01:38.656000,0 days 00:00:31.329000,0 days 00:00:42.886000,0 days 00:00:24.441000,SOFT,11.0,1.0,,,1,14.0,False,2024,Bahrain,R,98.656,31.329,42.886,24.441
GAS,Alpine,12.0,0 days 00:01:41.456000,0 days 00:00:31.328000,0 days 00:00:42.787000,0 days 00:00:27.341000,SOFT,12.0,1.0,0 days 01:19:56.823000,,1,12.0,False,2024,Bahrain,R,101.456,31.328,42.787,27.341
GAS,Alpine,13.0,0 days 00:02:04.565000,0 days 00:00:57.710000,0 days 00:00:42.728000,0 days 00:00:24.127000,HARD,1.0,2.0,,0 days 01:20:26.625000,1,18.0,False,2024,Bahrain,R,124.565,57.71,42.728,24.127
GAS,Alpine,14.0,0 days 00:01:37.689000,0 days 00:00:31.440000,0 days 00:00:42.233000,0 days 00:00:24.016000,HARD,2.0,2.0,,,1,19.0,False,2024,Bahrain,R,97.689,31.44,42.233,24.016
GAS,Alpine,15.0,0 days 00:01:37.492000,0 days 00:00:30.978000,0 days 00:00:42.383000,0 days 00:00:24.131000,HARD,3.0,2.0,,,1,19.0,False,2024,Bahrain,R,97.492,30.978,42.383,24.131
GAS,Alpine,16.0,0 days 00:01:37.521000,0 days 00:00:30.874000,0 days 00:00:42.396000,0 days 00:00:24.251000,HARD,4.0,2.0,,,1,19.0,False,2024,Bahrain,R,97.521,30.874,42.396,24.251
GAS,Alpine,17.0,0 days 00:01:37.949000,0 days 00:00:31.153000,0 days 00:00:42.548000,0 days 00:00:24.248000,HARD,5.0,2.0,,,1,19.0,False,2024,Bahrain,R,97.949,31.153,42.548,24.248
GAS,Alpine,18.0,0 days 00:01:37.791000,0 days 00:00:30.980000,0 days 00:00:42.450000,0 days 00:00:24.361000,HARD,6.0,2.0,,,1,19.0,False,2024,Bahrain,R,97.791,30.98,42.45,24.361
GAS,Alpine,19.0,0 days 00:01:37.702000,0 days 00:00:30.968000,0 days 00:00:42.470000,0 days 00:00:24.264000,HARD,7.0,2.0,,,1,19.0,False,2024,Bahrain,R,97.702,30.968,42.47,24.264
GAS,Alpine,20.0,0 days 00:01:38.036000,0 days 00:00:31.193000,0 days 00:00:42.487000,0 days 00:00:24.356000,HARD,8.0,2.0,,,1,18.0,False,2024,Bahrain,R,98.036,31.193,42.487,24.356
GAS,Alpine,21.0,0 days 00:01:38.094000,0 days 00:00:31.173000,0 days 00:00:42.541000,0 days 00:00:24.380000,HARD,9.0,2.0,,,1,18.0,False,2024,Bahrain,R,98.094,31.173,42.541,24.38
GAS,Alpine,22.0,0 days 00:01:37.868000,0 days 00:00:31.145000,0 days 00:00:42.536000,0 days 00:00:24.187000,HARD,10.0,2.0,,,1,18.0,False,2024,Bahrain,R,97.868,31.145,42.536,24.187
GAS,Alpine,23.0,0 days 00:01:38.104000,0 days 00:00:31.195000,0 days 00:00:42.586000,0 days 00:00:24.323000,HARD,11.0,2.0,,,1,18.0,False,2024,Bahrain,R,98.104,31.195,42.586,24.323
GAS,Alpine,24.0,0 days 00:01:38.192000,0 days 00:00:31.232000,0 days 00:00:42.570000,0 days 00:00:24.390000,HARD,12.0,2.0,,,1,18.0,False,2024,Bahrain,R,98.192,31.232,42.57,24.39
GAS,Alpine,25.0,0 days 00:01:38.160000,0 days 00:00:31.096000,0 days 00:00:42.716000,0 days 00:00:24.348000,HARD,13.0,2.0,,,1,18.0,False,2024,Bahrain,R,98.16,31.096,42.716,24.348
GAS,Alpine,26.0,0 days 00:01:38.379000,0 days 00:00:31.256000,0 days 00:00:42.673000,0 days 00:00:24.450000,HARD,14.0,2.0,,,1,18.0,False,2024,Bahrain,R,98.379,31.256,42.673,24.45
GAS,Alpine,27.0,0 days 00:01:38.400000,0 days 00:00:31.171000,0 days 00:00:42.747000,0 days 00:00:24.482000,HARD,15.0,2.0,,,1,18.0,False,2024,Bahrain,R,98.4,31.171,42.747,24.482
GAS,Alpine,28.0,0 days 00:01:38.615000,0 days 00:00:31.351000,0 days 00:00:42.788000,0 days 00:00:24.476000,HARD,16.0,2.0,,,1,17.0,False,2024,Bahrain,R,98.615,31.351,42.788,24.476
GAS,Alpine,29.0,0 days 00:01:38.550000,0 days 00:00:31.301000,0 days 00:00:42.807000,0 days 00:00:24.442000,HARD,17.0,2.0,,,1,16.0,False,2024,Bahrain,R,98.55,31.301,42.807,24.442
GAS,Alpine,30.0,0 days 00:01:38.832000,0 days 00:00:31.368000,0 days 00:00:42.942000,0 days 00:00:24.522000,HARD,18.0,2.0,,,1,15.0,False,2024,Bahrain,R,98.832,31.368,42.942,24.522
GAS,Alpine,31.0,0 days 00:01:40.432000,0 days 00:00:31.182000,0 days 00:00:42.455000,0 days 00:00:26.795000,HARD,19.0,2.0,0 days 01:51:29.011000,,1,16.0,False,2024,Bahrain,R,100.432,31.182,42.455,26.795
GAS,Alpine,32.0,0 days 00:01:59.770000,0 days 00:00:53.980000,0 days 00:00:41.978000,0 days 00:00:23.812000,HARD,1.0,3.0,,0 days 01:51:55.547000,1,18.0,False,2024,Bahrain,R,119.77,53.98,41.978,23.812
GAS,Alpine,33.0,0 days 00:01:36.112000,0 days 00:00:30.887000,0 days 00:00:41.506000,0 days 00:00:23.719000,HARD,2.0,3.0,,,1,18.0,False,2024,Bahrain,R,96.112,30.887,41.506,23.719
GAS,Alpine,34.0,0 days 00:01:36.622000,0 days 00:00:31.142000,0 days 00:00:41.747000,0 days 00:00:23.733000,HARD,3.0,3.0,,,1,18.0,False,2024,Bahrain,R,96.622,31.142,41.747,23.733
GAS,Alpine,35.0,0 days 00:01:36.313000,0 days 00:00:31.058000,0 days 00:00:41.573000,0 days 00:00:23.682000,HARD,4.0,3.0,,,1,18.0,False,2024,Bahrain,R,96.313,31.058,41.573,23.682
GAS,Alpine,36.0,0 days 00:01:36.450000,0 days 00:00:31.034000,0 days 00:00:41.612000,0 days 00:00:23.804000,HARD,5.0,3.0,,,1,18.0,False,2024,Bahrain,R,96.45,31.034,41.612,23.804
GAS,Alpine,37.0,0 days 00:01:36.629000,0 days 00:00:31.148000,0 days 00:00:41.595000,0 days 00:00:23.886000,HARD,6.0,3.0,,,1,18.0,False,2024,Bahrain,R,96.629,31.148,41.595,23.886
GAS,Alpine,38.0,0 days 00:01:36.802000,0 days 00:00:31.122000,0 days 00:00:41.764000,0 days 00:00:23.916000,HARD,7.0,3.0,,,1,18.0,False,2024,Bahrain,R,96.802,31.122,41.764,23.916
GAS,Alpine,39.0,0 days 00:01:36.537000,0 days 00:00:31.022000,0 days 00:00:41.700000,0 days 00:00:23.815000,HARD,8.0,3.0,,,1,18.0,False,2024,Bahrain,R,96.537,31.022,41.7,23.815
GAS,Alpine,40.0,0 days 00:01:36.742000,0 days 00:00:31.023000,0 days 00:00:41.793000,0 days 00:00:23.926000,HARD,9.0,3.0,,,1,18.0,False,2024,Bahrain,R,96.742,31.023,41.793,23.926
GAS,Alpine,41.0,0 days 00:01:36.571000,0 days 00:00:30.968000,0 days 00:00:41.751000,0 days 00:00:23.852000,HARD,10.0,3.0,,,1,18.0,False,2024,Bahrain,R,96.571,30.968,41.751,23.852
GAS,Alpine,42.0,0 days 00:01:36.631000,0 days 00:00:30.980000,0 days 00:00:41.740000,0 days 00:00:23.911000,HARD,11.0,3.0,,,1,17.0,False,2024,Bahrain,R,96.631,30.98,41.74,23.911
GAS,Alpine,43.0,0 days 00:01:39.291000,0 days 00:00:31.165000,0 days 00:00:41.852000,0 days 00:00:26.274000,HARD,12.0,3.0,0 days 02:11:13.617000,,1,17.0,False,2024,Bahrain,R,99.291,31.165,41.852,26.274
GAS,Alpine,44.0,0 days 00:01:56.481000,0 days 00:00:51.887000,0 days 00:00:41.099000,0 days 00:00:23.495000,SOFT,1.0,4.0,,0 days 02:11:38.724000,1,18.0,True,2024,Bahrain,R,116.481,51.887,41.099,23.495
GAS,Alpine,45.0,0 days 00:01:34.805000,0 days 00:00:30.509000,0 days 00:00:40.913000,0 days 00:00:23.383000,SOFT,2.0,4.0,,,1,18.0,False,2024,Bahrain,R,94.805,30.509,40.913,23.383
GAS,Alpine,46.0,0 days 00:01:35.293000,0 days 00:00:30.758000,0 days 00:00:41.137000,0 days 00:00:23.398000,SOFT,3.0,4.0,,,1,18.0,False,2024,Bahrain,R,95.293,30.758,41.137,23.398
GAS,Alpine,47.0,0 days 00:01:35.341000,0 days 00:00:30.735000,0 days 00:00:41.065000,0 days 00:00:23.541000,SOFT,4.0,4.0,,,1,18.0,False,2024,Bahrain,R,95.341,30.735,41.065,23.541
GAS,Alpine,48.0,0 days 00:01:35.411000,0 days 00:00:30.776000,0 days 00:00:41.156000,0 days 00:00:23.479000,SOFT,5.0,4.0,,,1,18.0,False,2024,Bahrain,R,95.411,30.776,41.156,23.479
GAS,Alpine,49.0,0 days 00:01:35.511000,0 days 00:00:30.710000,0 days 00:00:41.288000,0 days 00:00:23.513000,SOFT,6.0,4.0,,,1,18.0,False,2024,Bahrain,R,95.511,30.71,41.288,23.513
GAS,Alpine,50.0,0 days 00:01:35.228000,0 days 00:00:30.647000,0 days 00:00:41.016000,0 days 00:00:23.565000,SOFT,7.0,4.0,,,1,18.0,False,2024,Bahrain,R,95.228,30.647,41.016,23.565
GAS,Alpine,51.0,0 days 00:01:35.334000,0 days 00:00:30.673000,0 days 00:00:41.111000,0 days 00:00:23.550000,SOFT,8.0,4.0,,,1,18.0,False,2024,Bahrain,R,95.334,30.673,41.111,23.55
GAS,Alpine,52.0,0 days 00:01:35.511000,0 days 00:00:30.714000,0 days 00:00:41.158000,0 days 00:00:23.639000,SOFT,9.0,4.0,,,1,18.0,False,2024,Bahrain,R,95.511,30.714,41.158,23.639
GAS,Alpine,53.0,0 days 00:01:35.389000,0 days 00:00:30.600000,0 days 00:00:41.223000,0 days 00:00:23.566000,SOFT,10.0,4.0,,,1,18.0,False,2024,Bahrain,R,95.389,30.6,41.223,23.566
GAS,Alpine,54.0,0 days 00:01:35.853000,0 days 00:00:30.833000,0 days 00:00:41.349000,0 days 00:00:23.671000,SOFT,11.0,4.0,,,1,18.0,False,2024,Bahrain,R,95.853,30.833,41.349,23.671
GAS,Alpine,55.0,0 days 00:01:35.908000,0 days 00:00:30.912000,0 days 00:00:41.329000,0 days 00:00:23.667000,SOFT,12.0,4.0,,,1,18.0,True,2024,Bahrain,R,95.908,30.912,41.329,23.667
GAS,Alpine,56.0,0 days 00:01:36.086000,0 days 00:00:30.888000,0 days 00:00:41.288000,0 days 00:00:23.910000,SOFT,13.0,4.0,,,1,18.0,False,2024,Bahrain,R,96.086,30.888,41.288,23.91
BOT,Kick Sauber,1.0,0 days 00:01:48.536000,,0 days 00:00:43.737000,0 days 00:00:24.122000,SOFT,1.0,1.0,,,12,18.0,False,2024,Bahrain,R,108.536,,43.737,24.122
BOT,Kick Sauber,2.0,0 days 00:01:38.259000,0 days 00:00:31.351000,0 days 00:00:42.663000,0 days 00:00:24.245000,SOFT,2.0,1.0,,,1,18.0,False,2024,Bahrain,R,98.259,31.351,42.663,24.245
BOT,Kick Sauber,3.0,0 days 00:01:38.837000,0 days 00:00:31.119000,0 days 00:00:43.321000,0 days 00:00:24.397000,SOFT,3.0,1.0,,,1,18.0,False,2024,Bahrain,R,98.837,31.119,43.321,24.397
BOT,Kick Sauber,4.0,0 days 00:01:38.643000,0 days 00:00:31.127000,0 days 00:00:43.121000,0 days 00:00:24.395000,SOFT,4.0,1.0,,,1,18.0,False,2024,Bahrain,R,98.643,31.127,43.121,24.395
BOT,Kick Sauber,5.0,0 days 00:01:40.087000,0 days 00:00:31.083000,0 days 00:00:44.295000,0 days 00:00:24.709000,SOFT,5.0,1.0,,,1,19.0,False,2024,Bahrain,R,100.087,31.083,44.295,24.709
BOT,Kick Sauber,6.0,0 days 00:01:39.206000,0 days 00:00:31.184000,0 days 00:00:43.504000,0 days 00:00:24.518000,SOFT,6.0,1.0,,,1,19.0,False,2024,Bahrain,R,99.206,31.184,43.504,24.518
BOT,Kick Sauber,7.0,0 days 00:01:38.654000,0 days 00:00:31.034000,0 days 00:00:43.072000,0 days 00:00:24.548000,SOFT,7.0,1.0,,,1,19.0,False,2024,Bahrain,R,98.654,31.034,43.072,24.548
BOT,Kick Sauber,8.0,0 days 00:01:38.968000,0 days 00:00:30.959000,0 days 00:00:43.356000,0 days 00:00:24.653000,SOFT,8.0,1.0,,,1,19.0,False,2024,Bahrain,R,98.968,30.959,43.356,24.653
BOT,Kick Sauber,9.0,0 days 00:01:39.425000,0 days 00:00:31.373000,0 days 00:00:43.349000,0 days 00:00:24.703000,SOFT,9.0,1.0,,,1,18.0,False,2024,Bahrain,R,99.425,31.373,43.349,24.703
BOT,Kick Sauber,10.0,0 days 00:01:39.112000,0 days 00:00:31.409000,0 days 00:00:43.189000,0 days 00:00:24.514000,SOFT,10.0,1.0,,,12,15.0,False,2024,Bahrain,R,99.112,31.409,43.189,24.514
BOT,Kick Sauber,11.0,0 days 00:01:39.187000,0 days 00:00:31.524000,0 days 00:00:43.182000,0 days 00:00:24.481000,SOFT,11.0,1.0,,,1,15.0,False,2024,Bahrain,R,99.187,31.524,43.182,24.481
BOT,Kick Sauber,12.0,0 days 00:01:43.145000,0 days 00:00:31.822000,0 days 00:00:43.874000,0 days 00:00:27.449000,SOFT,12.0,1.0,0 days 01:20:00.495000,,1,14.0,False,2024,Bahrain,R,103.145,31.822,43.874,27.449
BOT,Kick Sauber,13.0,0 days 00:02:01.081000,0 days 00:00:54.410000,0 days 00:00:42.543000,0 days 00:00:24.128000,HARD,1.0,2.0,,0 days 01:20:27.061000,1,19.0,False,2024,Bahrain,R,121.081,54.41,42.543,24.128
BOT,Kick Sauber,14.0,0 days 00:01:36.454000,0 days 00:00:30.501000,0 days 00:00:42.067000,0 days 00:00:23.886000,HARD,2.0,2.0,,,1,18.0,False,2024,Bahrain,R,96.454,30.501,42.067,23.886
BOT,Kick Sauber,15.0,0 days 00:01:37.287000,0 days 00:00:31.063000,0 days 00:00:42.254000,0 days 00:00:23.970000,HARD,3.0,2.0,,,1,18.0,False,2024,Bahrain,R,97.287,31.063,42.254,23.97
BOT,Kick Sauber,16.0,0 days 00:01:37.718000,0 days 00:00:31.204000,0 days 00:00:42.422000,0 days 00:00:24.092000,HARD,4.0,2.0,,,1,18.0,False,2024,Bahrain,R,97.718,31.204,42.422,24.092
BOT,Kick Sauber,17.0,0 days 00:01:37.765000,0 days 00:00:31.183000,0 days 00:00:42.454000,0 days 00:00:24.128000,HARD,5.0,2.0,,,1,18.0,False,2024,Bahrain,R,97.765,31.183,42.454,24.128
BOT,Kick Sauber,18.0,0 days 00:01:37.918000,0 days 00:00:31.142000,0 days 00:00:42.597000,0 days 00:00:24.179000,HARD,6.0,2.0,,,1,18.0,False,2024,Bahrain,R,97.918,31.142,42.597,24.179
BOT,Kick Sauber,19.0,0 days 00:01:37.662000,0 days 00:00:30.897000,0 days 00:00:42.483000,0 days 00:00:24.282000,HARD,7.0,2.0,,,1,18.0,False,2024,Bahrain,R,97.662,30.897,42.483,24.282
BOT,Kick Sauber,20.0,0 days 00:01:38.285000,0 days 00:00:31.078000,0 days 00:00:42.852000,0 days 00:00:24.355000,HARD,8.0,2.0,,,1,17.0,False,2024,Bahrain,R,98.285,31.078,42.852,24.355
BOT,Kick Sauber,21.0,0 days 00:01:37.730000,0 days 00:00:31.020000,0 days 00:00:42.534000,0 days 00:00:24.176000,HARD,9.0,2.0,,,1,17.0,False,2024,Bahrain,R,97.73,31.02,42.534,24.176
BOT,Kick Sauber,22.0,0 days 00:01:37.998000,0 days 00:00:31.340000,0 days 00:00:42.454000,0 days 00:00:24.204000,HARD,10.0,2.0,,,1,17.0,False,2024,Bahrain,R,97.998,31.34,42.454,24.204
BOT,Kick Sauber,23.0,0 days 00:01:38.180000,0 days 00:00:31.375000,0 days 00:00:42.575000,0 days 00:00:24.230000,HARD,11.0,2.0,,,1,17.0,False,2024,Bahrain,R,98.18,31.375,42.575,24.23
BOT,Kick Sauber,24.0,0 days 00:01:38.146000,0 days 00:00:31.186000,0 days 00:00:42.705000,0 days 00:00:24.255000,HARD,12.0,2.0,,,1,17.0,False,2024,Bahrain,R,98.146,31.186,42.705,24.255
BOT,Kick Sauber,25.0,0 days 00:01:38.262000,0 days 00:00:31.299000,0 days 00:00:42.697000,0 days 00:00:24.266000,HARD,13.0,2.0,,,1,17.0,False,2024,Bahrain,R,98.262,31.299,42.697,24.266
BOT,Kick Sauber,26.0,0 days 00:01:38.308000,0 days 00:00:31.266000,0 days 00:00:42.752000,0 days 00:00:24.290000,HARD,14.0,2.0,,,1,17.0,False,2024,Bahrain,R,98.308,31.266,42.752,24.29
BOT,Kick Sauber,27.0,0 days 00:01:38.426000,0 days 00:00:31.325000,0 days 00:00:42.741000,0 days 00:00:24.360000,HARD,15.0,2.0,,,1,17.0,False,2024,Bahrain,R,98.426,31.325,42.741,24.36
BOT,Kick Sauber,28.0,0 days 00:01:38.595000,0 days 00:00:31.285000,0 days 00:00:42.889000,0 days 00:00:24.421000,HARD,16.0,2.0,,,1,16.0,False,2024,Bahrain,R,98.595,31.285,42.889,24.421
BOT,Kick Sauber,29.0,0 days 00:01:38.654000,0 days 00:00:31.344000,0 days 00:00:42.981000,0 days 00:00:24.329000,HARD,17.0,2.0,,,1,15.0,False,2024,Bahrain,R,98.654,31.344,42.981,24.329
BOT,Kick Sauber,30.0,0 days 00:01:41.252000,0 days 00:00:31.469000,0 days 00:00:42.763000,0 days 00:00:27.020000,HARD,18.0,2.0,0 days 01:49:50.207000,,1,16.0,False,2024,Bahrain,R,101.252,31.469,42.763,27.02
BOT,Kick Sauber,31.0,,,0 days 00:00:42.630000,0 days 00:00:23.793000,HARD,1.0,3.0,,0 days 01:51:05.158000,1,19.0,False,2024,Bahrain,R,,,42.63,23.793
BOT,Kick Sauber,32.0,0 days 00:01:36.763000,0 days 00:00:30.988000,0 days 00:00:42.106000,0 days 00:00:23.669000,HARD,2.0,3.0,,,1,19.0,False,2024,Bahrain,R,96.763,30.988,42.106,23.669
BOT,Kick Sauber,33.0,0 days 00:01:36.202000,0 days 00:00:30.950000,0 days 00:00:41.558000,0 days 00:00:23.694000,HARD,3.0,3.0,,,1,19.0,False,2024,Bahrain,R,96.202,30.95,41.558,23.694
BOT,Kick Sauber,34.0,0 days 00:01:38.009000,0 days 00:00:32.250000,0 days 00:00:42.108000,0 days 00:00:23.651000,HARD,4.0,3.0,,,1,19.0,False,2024,Bahrain,R,98.009,32.25,42.108,23.651
BOT,Kick Sauber,35.0,0 days 00:01:36.578000,0 days 00:00:30.892000,0 days 00:00:41.986000,0 days 00:00:23.700000,HARD,5.0,3.0,,,1,19.0,False,2024,Bahrain,R,96.578,30.892,41.986,23.7
BOT,Kick Sauber,36.0,0 days 00:01:36.792000,0 days 00:00:30.800000,0 days 00:00:41.963000,0 days 00:00:24.029000,HARD,6.0,3.0,,,1,19.0,False,2024,Bahrain,R,96.792,30.8,41.963,24.029
BOT,Kick Sauber,37.0,0 days 00:01:38.008000,0 days 00:00:31.511000,0 days 00:00:42.240000,0 days 00:00:24.257000,HARD,7.0,3.0,,,1,19.0,False,2024,Bahrain,R,98.008,31.511,42.24,24.257
BOT,Kick Sauber,38.0,0 days 00:01:37.774000,0 days 00:00:31.497000,0 days 00:00:42.346000,0 days 00:00:23.931000,HARD,8.0,3.0,,,1,19.0,False,2024,Bahrain,R,97.774,31.497,42.346,23.931
BOT,Kick Sauber,39.0,0 days 00:01:37.189000,0 days 00:00:31.047000,0 days 00:00:42.287000,0 days 00:00:23.855000,HARD,9.0,3.0,,,1,19.0,False,2024,Bahrain,R,97.189,31.047,42.287,23.855
BOT,Kick Sauber,40.0,0 days 00:01:37.393000,0 days 00:00:30.903000,0 days 00:00:42.672000,0 days 00:00:23.818000,HARD,10.0,3.0,,,1,19.0,False,2024,Bahrain,R,97.393,30.903,42.672,23.818
BOT,Kick Sauber,41.0,0 days 00:01:36.437000,0 days 00:00:30.804000,0 days 00:00:41.851000,0 days 00:00:23.782000,HARD,11.0,3.0,,,1,19.0,False,2024,Bahrain,R,96.437,30.804,41.851,23.782
BOT,Kick Sauber,42.0,0 days 00:01:36.374000,0 days 00:00:30.900000,0 days 00:00:41.717000,0 days 00:00:23.757000,HARD,12.0,3.0,,,1,19.0,False,2024,Bahrain,R,96.374,30.9,41.717,23.757
BOT,Kick Sauber,43.0,0 days 00:01:36.569000,0 days 00:00:30.907000,0 days 00:00:41.761000,0 days 00:00:23.901000,HARD,13.0,3.0,,,1,19.0,False,2024,Bahrain,R,96.569,30.907,41.761,23.901
BOT,Kick Sauber,44.0,0 days 00:01:36.630000,0 days 00:00:30.844000,0 days 00:00:41.917000,0 days 00:00:23.869000,HARD,14.0,3.0,,,1,19.0,False,2024,Bahrain,R,96.63,30.844,41.917,23.869
BOT,Kick Sauber,45.0,0 days 00:01:36.663000,0 days 00:00:30.916000,0 days 00:00:41.985000,0 days 00:00:23.762000,HARD,15.0,3.0,,,1,19.0,False,2024,Bahrain,R,96.663,30.916,41.985,23.762
BOT,Kick Sauber,46.0,0 days 00:01:36.297000,0 days 00:00:30.825000,0 days 00:00:41.720000,0 days 00:00:23.752000,HARD,16.0,3.0,,,1,19.0,False,2024,Bahrain,R,96.297,30.825,41.72,23.752
BOT,Kick Sauber,47.0,0 days 00:01:36.604000,0 days 00:00:30.873000,0 days 00:00:41.907000,0 days 00:00:23.824000,HARD,17.0,3.0,,,1,19.0,False,2024,Bahrain,R,96.604,30.873,41.907,23.824
BOT,Kick Sauber,48.0,0 days 00:01:36.765000,0 days 00:00:30.913000,0 days 00:00:41.993000,0 days 00:00:23.859000,HARD,18.0,3.0,,,1,19.0,False,2024,Bahrain,R,96.765,30.913,41.993,23.859
BOT,Kick Sauber,49.0,0 days 00:01:36.910000,0 days 00:00:31.028000,0 days 00:00:42.029000,0 days 00:00:23.853000,HARD,19.0,3.0,,,1,19.0,False,2024,Bahrain,R,96.91,31.028,42.029,23.853
BOT,Kick Sauber,50.0,0 days 00:01:36.910000,0 days 00:00:31.025000,0 days 00:00:41.997000,0 days 00:00:23.888000,HARD,20.0,3.0,,,1,19.0,False,2024,Bahrain,R,96.91,31.025,41.997,23.888
BOT,Kick Sauber,51.0,0 days 00:01:36.819000,0 days 00:00:31.019000,0 days 00:00:41.936000,0 days 00:00:23.864000,HARD,21.0,3.0,,,1,19.0,False,2024,Bahrain,R,96.819,31.019,41.936,23.864
BOT,Kick Sauber,52.0,0 days 00:01:36.949000,0 days 00:00:30.997000,0 days 00:00:41.980000,0 days 00:00:23.972000,HARD,22.0,3.0,,,1,19.0,False,2024,Bahrain,R,96.949,30.997,41.98,23.972
BOT,Kick Sauber,53.0,0 days 00:01:39.035000,0 days 00:00:30.979000,0 days 00:00:42.128000,0 days 00:00:25.928000,HARD,23.0,3.0,,,1,19.0,False,2024,Bahrain,R,99.035,30.979,42.128,25.928
BOT,Kick Sauber,54.0,0 days 00:01:37.095000,0 days 00:00:30.705000,0 days 00:00:42.292000,0 days 00:00:24.098000,HARD,24.0,3.0,,,1,19.0,False,2024,Bahrain,R,97.095,30.705,42.292,24.098
BOT,Kick Sauber,55.0,0 days 00:01:37.205000,0 days 00:00:31.026000,0 days 00:00:42.195000,0 days 00:00:23.984000,HARD,25.0,3.0,,,1,19.0,False,2024,Bahrain,R,97.205,31.026,42.195,23.984
BOT,Kick Sauber,56.0,0 days 00:01:37.956000,0 days 00:00:31.235000,0 days 00:00:42.521000,0 days 00:00:24.200000,HARD,26.0,3.0,,,1,19.0,False,2024,Bahrain,R,97.956,31.235,42.521,24.2
SAR,Williams,1.0,0 days 00:01:45.921000,,0 days 00:00:43.162000,0 days 00:00:24.178000,SOFT,1.0,1.0,,,12,15.0,False,2024,Bahrain,R,105.921,,43.162,24.178
SAR,Williams,2.0,0 days 00:01:38.481000,0 days 00:00:31.096000,0 days 00:00:43.005000,0 days 00:00:24.380000,SOFT,2.0,1.0,,,1,14.0,False,2024,Bahrain,R,98.481,31.096,43.005,24.38
SAR,Williams,3.0,0 days 00:01:38.707000,0 days 00:00:31.105000,0 days 00:00:43.155000,0 days 00:00:24.447000,SOFT,3.0,1.0,,,1,14.0,False,2024,Bahrain,R,98.707,31.105,43.155,24.447
SAR,Williams,4.0,0 days 00:01:38.390000,0 days 00:00:31.044000,0 days 00:00:42.904000,0 days 00:00:24.442000,SOFT,4.0,1.0,,,1,14.0,False,2024,Bahrain,R,98.39,31.044,42.904,24.442
SAR,Williams,5.0,0 days 00:01:38.757000,0 days 00:00:31.048000,0 days 00:00:43.209000,0 days 00:00:24.500000,SOFT,5.0,1.0,,,1,14.0,False,2024,Bahrain,R,98.757,31.048,43.209,24.5
SAR,Williams,6.0,0 days 00:01:38.582000,0 days 00:00:31.037000,0 days 00:00:42.981000,0 days 00:00:24.564000,SOFT,6.0,1.0,,,1,14.0,False,2024,Bahrain,R,98.582,31.037,42.981,24.564
SAR,Williams,7.0,0 days 00:01:39.464000,0 days 00:00:31.373000,0 days 00:00:43.491000,0 days 00:00:24.600000,SOFT,7.0,1.0,,,1,14.0,False,2024,Bahrain,R,99.464,31.373,43.491,24.6
SAR,Williams,8.0,0 days 00:01:39.580000,0 days 00:00:31.566000,0 days 00:00:43.336000,0 days 00:00:24.678000,SOFT,8.0,1.0,,,1,14.0,False,2024,Bahrain,R,99.58,31.566,43.336,24.678
SAR,Williams,9.0,0 days 00:01:39.366000,0 days 00:00:31.398000,0 days 00:00:43.299000,0 days 00:00:24.669000,SOFT,9.0,1.0,,,1,13.0,False,2024,Bahrain,R,99.366,31.398,43.299,24.669
SAR,Williams,10.0,,0 days 00:01:23.300000,0 days 00:00:46.732000,0 days 00:00:31.828000,SOFT,10.0,1.0,0 days 01:17:37.577000,,12,20.0,False,2024,Bahrain,R,,83.3,46.732,31.828
SAR,Williams,11.0,0 days 00:02:12.438000,0 days 00:01:04.866000,0 days 00:00:42.959000,0 days 00:00:24.613000,HARD,1.0,2.0,,0 days 01:18:13.302000,1,20.0,False,2024,Bahrain,R,132.438,64.866,42.959,24.613
SAR,Williams,12.0,0 days 00:01:38.493000,0 days 00:00:31.666000,0 days 00:00:42.766000,0 days 00:00:24.061000,HARD,2.0,2.0,,,1,20.0,False,2024,Bahrain,R,98.493,31.666,42.766,24.061
SAR,Williams,13.0,0 days 00:01:40.989000,0 days 00:00:31.427000,0 days 00:00:43.601000,0 days 00:00:25.961000,HARD,3.0,2.0,,,1,20.0,False,2024,Bahrain,R,100.989,31.427,43.601,25.961
SAR,Williams,14.0,0 days 00:01:41.470000,0 days 00:00:34.301000,0 days 00:00:43.043000,0 days 00:00:24.126000,HARD,4.0,2.0,,,1,20.0,False,2024,Bahrain,R,101.47,34.301,43.043,24.126
SAR,Williams,15.0,0 days 00:01:37.594000,0 days 00:00:31.044000,0 days 00:00:42.414000,0 days 00:00:24.136000,HARD,5.0,2.0,,,1,20.0,False,2024,Bahrain,R,97.594,31.044,42.414,24.136
SAR,Williams,16.0,0 days 00:01:41.370000,0 days 00:00:34.383000,0 days 00:00:42.896000,0 days 00:00:24.091000,HARD,6.0,2.0,,,1,20.0,False,2024,Bahrain,R,101.37,34.383,42.896,24.091
SAR,Williams,17.0,0 days 00:01:39.758000,0 days 00:00:31.181000,0 days 00:00:42.770000,0 days 00:00:25.807000,HARD,7.0,2.0,,,1,20.0,False,2024,Bahrain,R,99.758,31.181,42.77,25.807
SAR,Williams,18.0,0 days 00:01:38.077000,0 days 00:00:31.257000,0 days 00:00:42.709000,0 days 00:00:24.111000,HARD,8.0,2.0,,,1,20.0,False,2024,Bahrain,R,98.077,31.257,42.709,24.111
SAR,Williams,19.0,0 days 00:01:37.742000,0 days 00:00:31.201000,0 days 00:00:42.532000,0 days 00:00:24.009000,HARD,9.0,2.0,,,1,20.0,False,2024,Bahrain,R,97.742,31.201,42.532,24.009
SAR,Williams,20.0,0 days 00:01:37.820000,0 days 00:00:31.110000,0 days 00:00:42.663000,0 days 00:00:24.047000,HARD,10.0,2.0,,,1,20.0,False,2024,Bahrain,R,97.82,31.11,42.663,24.047
SAR,Williams,21.0,0 days 00:01:38.009000,0 days 00:00:31.167000,0 days 00:00:42.681000,0 days 00:00:24.161000,HARD,11.0,2.0,,,1,20.0,False,2024,Bahrain,R,98.009,31.167,42.681,24.161
SAR,Williams,22.0,0 days 00:01:37.728000,0 days 00:00:31.115000,0 days 00:00:42.516000,0 days 00:00:24.097000,HARD,12.0,2.0,,,1,20.0,False,2024,Bahrain,R,97.728,31.115,42.516,24.097
SAR,Williams,23.0,0 days 00:01:37.621000,0 days 00:00:31.065000,0 days 00:00:42.487000,0 days 00:00:24.069000,HARD,13.0,2.0,,,1,20.0,False,2024,Bahrain,R,97.621,31.065,42.487,24.069
SAR,Williams,24.0,0 days 00:01:39.437000,0 days 00:00:31.076000,0 days 00:00:42.618000,0 days 00:00:25.743000,HARD,14.0,2.0,,,1,20.0,False,2024,Bahrain,R,99.437,31.076,42.618,25.743
SAR,Williams,25.0,0 days 00:01:39.093000,0 days 00:00:32.025000,0 days 00:00:42.881000,0 days 00:00:24.187000,HARD,15.0,2.0,,,1,20.0,False,2024,Bahrain,R,99.093,32.025,42.881,24.187
SAR,Williams,26.0,0 days 00:01:37.859000,0 days 00:00:31.152000,0 days 00:00:42.533000,0 days 00:00:24.174000,HARD,16.0,2.0,,,1,20.0,False,2024,Bahrain,R,97.859,31.152,42.533,24.174
SAR,Williams,27.0,0 days 00:01:38.288000,0 days 00:00:31.178000,0 days 00:00:42.806000,0 days 00:00:24.304000,HARD,17.0,2.0,,,1,20.0,False,2024,Bahrain,R,98.288,31.178,42.806,24.304
SAR,Williams,28.0,0 days 00:01:40.535000,0 days 00:00:31.128000,0 days 00:00:42.603000,0 days 00:00:26.804000,HARD,18.0,2.0,0 days 01:47:51.937000,,1,20.0,False,2024,Bahrain,R,100.535,31.128,42.603,26.804
SAR,Williams,29.0,0 days 00:02:01.581000,0 days 00:00:52.601000,0 days 00:00:45.132000,0 days 00:00:23.848000,HARD,1.0,3.0,,0 days 01:48:17.080000,1,20.0,False,2024,Bahrain,R,121.581,52.601,45.132,23.848
SAR,Williams,30.0,0 days 00:01:35.715000,0 days 00:00:30.623000,0 days 00:00:41.483000,0 days 00:00:23.609000,HARD,2.0,3.0,,,1,20.0,False,2024,Bahrain,R,95.715,30.623,41.483,23.609
SAR,Williams,31.0,0 days 00:01:36.713000,0 days 00:00:30.539000,0 days 00:00:42.489000,0 days 00:00:23.685000,HARD,3.0,3.0,,,1,20.0,False,2024,Bahrain,R,96.713,30.539,42.489,23.685
SAR,Williams,32.0,0 days 00:01:36.563000,0 days 00:00:30.820000,0 days 00:00:41.868000,0 days 00:00:23.875000,HARD,4.0,3.0,,,1,20.0,False,2024,Bahrain,R,96.563,30.82,41.868,23.875
SAR,Williams,33.0,0 days 00:01:37.433000,0 days 00:00:30.732000,0 days 00:00:42.718000,0 days 00:00:23.983000,HARD,5.0,3.0,,,1,20.0,False,2024,Bahrain,R,97.433,30.732,42.718,23.983
SAR,Williams,34.0,0 days 00:01:36.475000,0 days 00:00:30.708000,0 days 00:00:41.944000,0 days 00:00:23.823000,HARD,6.0,3.0,,,1,20.0,False,2024,Bahrain,R,96.475,30.708,41.944,23.823
SAR,Williams,35.0,0 days 00:01:36.859000,0 days 00:00:31.015000,0 days 00:00:42.023000,0 days 00:00:23.821000,HARD,7.0,3.0,,,1,20.0,False,2024,Bahrain,R,96.859,31.015,42.023,23.821
SAR,Williams,36.0,0 days 00:01:36.462000,0 days 00:00:30.805000,0 days 00:00:41.808000,0 days 00:00:23.849000,HARD,8.0,3.0,,,1,20.0,False,2024,Bahrain,R,96.462,30.805,41.808,23.849
SAR,Williams,37.0,0 days 00:01:36.785000,0 days 00:00:30.826000,0 days 00:00:42.127000,0 days 00:00:23.832000,HARD,9.0,3.0,,,1,20.0,False,2024,Bahrain,R,96.785,30.826,42.127,23.832
SAR,Williams,38.0,0 days 00:01:36.732000,0 days 00:00:30.786000,0 days 00:00:42.026000,0 days 00:00:23.920000,HARD,10.0,3.0,,,1,20.0,False,2024,Bahrain,R,96.732,30.786,42.026,23.92
SAR,Williams,39.0,0 days 00:01:37.016000,0 days 00:00:30.987000,0 days 00:00:42.097000,0 days 00:00:23.932000,HARD,11.0,3.0,,,1,20.0,False,2024,Bahrain,R,97.016,30.987,42.097,23.932
SAR,Williams,40.0,0 days 00:01:39.817000,0 days 00:00:30.760000,0 days 00:00:42.614000,0 days 00:00:26.443000,HARD,12.0,3.0,0 days 02:07:39.995000,,1,20.0,False,2024,Bahrain,R,99.817,30.76,42.614,26.443
SAR,Williams,41.0,0 days 00:02:00.282000,0 days 00:00:55.516000,0 days 00:00:41.323000,0 days 00:00:23.443000,SOFT,1.0,4.0,,0 days 02:08:05.424000,1,20.0,False,2024,Bahrain,R,120.282,55.516,41.323,23.443
SAR,Williams,42.0,0 days 00:01:34.735000,0 days 00:00:30.316000,0 days 00:00:40.966000,0 days 00:00:23.453000,SOFT,2.0,4.0,,,1,20.0,False,2024,Bahrain,R,94.735,30.316,40.966,23.453
SAR,Williams,43.0,0 days 00:01:35.001000,0 days 00:00:30.462000,0 days 00:00:41.076000,0 days 00:00:23.463000,SOFT,3.0,4.0,,,1,20.0,False,2024,Bahrain,R,95.001,30.462,41.076,23.463
SAR,Williams,44.0,0 days 00:01:35.130000,0 days 00:00:30.599000,0 days 00:00:41.146000,0 days 00:00:23.385000,SOFT,4.0,4.0,,,1,20.0,False,2024,Bahrain,R,95.13,30.599,41.146,23.385
SAR,Williams,45.0,0 days 00:01:35.333000,0 days 00:00:30.587000,0 days 00:00:41.272000,0 days 00:00:23.474000,SOFT,5.0,4.0,,,1,20.0,False,2024,Bahrain,R,95.333,30.587,41.272,23.474
SAR,Williams,46.0,0 days 00:01:35.939000,0 days 00:00:30.872000,0 days 00:00:41.469000,0 days 00:00:23.598000,SOFT,6.0,4.0,,,1,20.0,False,2024,Bahrain,R,95.939,30.872,41.469,23.598
SAR,Williams,47.0,0 days 00:01:36.729000,0 days 00:00:30.667000,0 days 00:00:42.237000,0 days 00:00:23.825000,SOFT,7.0,4.0,,,1,20.0,False,2024,Bahrain,R,96.729,30.667,42.237,23.825
SAR,Williams,48.0,0 days 00:01:35.688000,0 days 00:00:30.357000,0 days 00:00:41.593000,0 days 00:00:23.738000,SOFT,8.0,4.0,,,1,20.0,False,2024,Bahrain,R,95.688,30.357,41.593,23.738
SAR,Williams,49.0,0 days 00:01:35.590000,0 days 00:00:30.638000,0 days 00:00:41.303000,0 days 00:00:23.649000,SOFT,9.0,4.0,,,1,20.0,False,2024,Bahrain,R,95.59,30.638,41.303,23.649
SAR,Williams,50.0,0 days 00:01:35.660000,0 days 00:00:30.671000,0 days 00:00:41.368000,0 days 00:00:23.621000,SOFT,10.0,4.0,,,1,20.0,False,2024,Bahrain,R,95.66,30.671,41.368,23.621
SAR,Williams,51.0,0 days 00:01:35.972000,0 days 00:00:30.781000,0 days 00:00:41.539000,0 days 00:00:23.652000,SOFT,11.0,4.0,,,1,20.0,False,2024,Bahrain,R,95.972,30.781,41.539,23.652
SAR,Williams,52.0,0 days 00:01:35.987000,0 days 00:00:30.775000,0 days 00:00:41.440000,0 days 00:00:23.772000,SOFT,12.0,4.0,,,1,20.0,False,2024,Bahrain,R,95.987,30.775,41.44,23.772
SAR,Williams,53.0,0 days 00:01:36.088000,0 days 00:00:30.798000,0 days 00:00:41.610000,0 days 00:00:23.680000,SOFT,13.0,4.0,,,1,20.0,False,2024,Bahrain,R,96.088,30.798,41.61,23.68
SAR,Williams,54.0,0 days 00:01:39.614000,0 days 00:00:32.179000,0 days 00:00:43.748000,0 days 00:00:23.687000,SOFT,14.0,4.0,,,1,20.0,False,2024,Bahrain,R,99.614,32.179,43.748,23.687
SAR,Williams,55.0,0 days 00:01:36.209000,0 days 00:00:30.671000,0 days 00:00:41.782000,0 days 00:00:23.756000,SOFT,15.0,4.0,,,1,20.0,False,2024,Bahrain,R,96.209,30.671,41.782,23.756
