Driver,Team,LapNumber,LapTime,Sector1Time,Sector2Time,Sector3Time,Compound,TyreLife,Stint,PitInTime,PitOutTime,TrackStatus,Position,Deleted,season,race,session_type,lap_time_seconds,sector1_seconds,sector2_seconds,sector3_seconds,driver_median_lap,abs_delta_from_median,stint_baseline_lap_time,lap_time_delta_from_stint_start,normalized_lap_time,fuel_adjusted_lap_time,stint_baseline_fuel_adjusted_lap_time,fuel_adjusted_degradation_delta,race_max_lap,race_phase,stint_max_tyre_life,stint_progress,tyre_life_squared,lap_number_squared,is_first_stint,is_second_stint,is_late_race,is_early_race,is_soft,is_medium,is_hard,soft_tyre_life,medium_tyre_life,hard_tyre_life,stint_lap_count
ALB,Williams,2.0,0 days 00:01:24.536000,0 days 00:00:30.021000,0 days 00:00:18.135000,0 days 00:00:36.380000,MEDIUM,2.0,1.0,,,1,14.0,False,2024,Australia,R,84.536,30.021,18.135,36.38,83.027,1.5090000000000003,84.536,0.0,1.5090000000000003,84.656,84.656,0.0,57.0,0.03508771929824561,5.0,0.4,4.0,4.0,1,0,0,1,0,1,0,0.0,2.0,0.0,4
ALB,Williams,3.0,0 days 00:01:23.606000,0 days 00:00:29.307000,0 days 00:00:18.047000,0 days 00:00:36.252000,MEDIUM,3.0,1.0,,,1,14.0,False,2024,Australia,R,83.606,29.307,18.047,36.252,83.027,0.5789999999999935,84.536,-0.9300000000000068,0.5789999999999935,83.786,84.656,-0.8700000000000045,57.0,0.05263157894736842,5.0,0.6,9.0,9.0,1,0,0,1,0,1,0,0.0,3.0,0.0,4
ALB,Williams,4.0,0 days 00:01:23.438000,0 days 00:00:29.061000,0 days 00:00:18.076000,0 days 00:00:36.301000,MEDIUM,4.0,1.0,,,1,13.0,False,2024,Australia,R,83.438,29.061,18.076,36.301,83.027,0.41100000000000136,84.536,-1.097999999999999,0.41100000000000136,83.678,84.656,-0.9780000000000086,57.0,0.07017543859649122,5.0,0.8,16.0,16.0,1,0,0,1,0,1,0,0.0,4.0,0.0,4
ALB,Williams,5.0,0 days 00:01:23.916000,0 days 00:00:29.328000,0 days 00:00:18.079000,0 days 00:00:36.509000,MEDIUM,5.0,1.0,,,1,13.0,False,2024,Australia,R,83.916,29.328,18.079,36.509,83.027,0.8889999999999958,84.536,-0.6200000000000045,0.8889999999999958,84.216,84.656,-0.44000000000001194,57.0,0.08771929824561403,5.0,1.0,25.0,25.0,1,0,0,1,0,1,0,0.0,5.0,0.0,4
ALB,Williams,8.0,0 days 00:01:23.720000,0 days 00:00:29.377000,0 days 00:00:18.444000,0 days 00:00:35.899000,HARD,2.0,2.0,,,1,14.0,False,2024,Australia,R,83.72,29.377,18.444,35.899,83.027,0.6929999999999978,83.72,0.0,0.6929999999999978,84.2,84.2,0.0,57.0,0.14035087719298245,20.0,0.1,4.0,64.0,0,1,0,1,0,0,1,0.0,0.0,2.0,18
ALB,Williams,9.0,0 days 00:01:23.645000,0 days 00:00:29.274000,0 days 00:00:18.408000,0 days 00:00:35.963000,HARD,3.0,2.0,,,1,14.0,False,2024,Australia,R,83.645,29.274,18.408,35.963,83.027,0.617999999999995,83.72,-0.07500000000000284,0.617999999999995,84.185,84.2,-0.015000000000000568,57.0,0.15789473684210525,20.0,0.15,9.0,81.0,0,1,0,1,0,0,1,0.0,0.0,3.0,18
ALB,Williams,10.0,0 days 00:01:23.852000,0 days 00:00:29.780000,0 days 00:00:18.253000,0 days 00:00:35.819000,HARD,4.0,2.0,,,1,13.0,False,2024,Australia,R,83.852,29.78,18.253,35.819,83.027,0.8250000000000028,83.72,0.132000000000005,0.8250000000000028,84.452,84.2,0.25199999999999534,57.0,0.17543859649122806,20.0,0.2,16.0,100.0,0,1,0,1,0,0,1,0.0,0.0,4.0,18
ALB,Williams,11.0,0 days 00:01:23.254000,0 days 00:00:29.091000,0 days 00:00:18.333000,0 days 00:00:35.830000,HARD,5.0,2.0,,,1,13.0,False,2024,Australia,R,83.254,29.091,18.333,35.83,83.027,0.22700000000000387,83.72,-0.465999999999994,0.22700000000000387,83.914,84.2,-0.28600000000000136,57.0,0.19298245614035087,20.0,0.25,25.0,121.0,0,1,0,1,0,0,1,0.0,0.0,5.0,18
ALB,Williams,12.0,0 days 00:01:22.767000,0 days 00:00:29.045000,0 days 00:00:18.159000,0 days 00:00:35.563000,HARD,6.0,2.0,,,1,13.0,False,2024,Australia,R,82.767,29.045,18.159,35.563,83.027,0.2600000000000051,83.72,-0.953000000000003,-0.2600000000000051,83.487,84.2,-0.7130000000000081,57.0,0.21052631578947367,20.0,0.3,36.0,144.0,0,1,0,1,0,0,1,0.0,0.0,6.0,18
ALB,Williams,13.0,0 days 00:01:23.183000,0 days 00:00:28.991000,0 days 00:00:18.198000,0 days 00:00:35.994000,HARD,7.0,2.0,,,1,13.0,False,2024,Australia,R,83.183,28.991,18.198,35.994,83.027,0.1560000000000059,83.72,-0.5369999999999919,0.1560000000000059,83.96300000000001,84.2,-0.23699999999999477,57.0,0.22807017543859648,20.0,0.35,49.0,169.0,0,1,0,1,0,0,1,0.0,0.0,7.0,18
ALB,Williams,14.0,0 days 00:01:22.978000,0 days 00:00:29.004000,0 days 00:00:18.190000,0 days 00:00:35.784000,HARD,8.0,2.0,,,1,13.0,False,2024,Australia,R,82.978,29.004,18.19,35.784,83.027,0.049000000000006594,83.72,-0.7420000000000044,-0.049000000000006594,83.818,84.2,-0.382000000000005,57.0,0.24561403508771928,20.0,0.4,64.0,196.0,0,1,0,1,0,0,1,0.0,0.0,8.0,18
ALB,Williams,15.0,0 days 00:01:23.027000,0 days 00:00:28.888000,0 days 00:00:18.215000,0 days 00:00:35.924000,HARD,9.0,2.0,,,1,13.0,False,2024,Australia,R,83.027,28.888,18.215,35.924,83.027,0.0,83.72,-0.6929999999999978,0.0,83.927,84.2,-0.27299999999999613,57.0,0.2631578947368421,20.0,0.45,81.0,225.0,0,1,0,1,0,0,1,0.0,0.0,9.0,18
ALB,Williams,16.0,0 days 00:01:22.963000,0 days 00:00:28.847000,0 days 00:00:18.121000,0 days 00:00:35.995000,HARD,10.0,2.0,,,1,12.0,False,2024,Australia,R,82.963,28.847,18.121,35.995,83.027,0.06400000000000716,83.72,-0.757000000000005,-0.06400000000000716,83.92299999999999,84.2,-0.27700000000001523,57.0,0.2807017543859649,20.0,0.5,100.0,256.0,0,1,0,1,0,0,1,0.0,0.0,10.0,18
ALB,Williams,18.0,0 days 00:01:24.344000,0 days 00:00:30.085000,0 days 00:00:18.383000,0 days 00:00:35.876000,HARD,12.0,2.0,,,1,10.0,False,2024,Australia,R,84.344,30.085,18.383,35.876,83.027,1.316999999999993,83.72,0.6239999999999952,1.316999999999993,85.42399999999999,84.2,1.2239999999999895,57.0,0.3157894736842105,20.0,0.6,144.0,324.0,0,1,0,1,0,0,1,0.0,0.0,12.0,18
ALB,Williams,19.0,0 days 00:01:23.022000,0 days 00:00:28.826000,0 days 00:00:18.266000,0 days 00:00:35.930000,HARD,13.0,2.0,,,1,10.0,False,2024,Australia,R,83.022,28.826,18.266,35.93,83.027,0.0049999999999954525,83.72,-0.6979999999999933,-0.0049999999999954525,84.162,84.2,-0.0379999999999967,57.0,0.3333333333333333,20.0,0.65,169.0,361.0,0,1,0,0,0,0,1,0.0,0.0,13.0,18
ALB,Williams,20.0,0 days 00:01:22.607000,0 days 00:00:28.717000,0 days 00:00:18.161000,0 days 00:00:35.729000,HARD,14.0,2.0,,,1,10.0,False,2024,Australia,R,82.607,28.717,18.161,35.729,83.027,0.4200000000000017,83.72,-1.1129999999999995,-0.4200000000000017,83.807,84.2,-0.3930000000000007,57.0,0.3508771929824561,20.0,0.7,196.0,400.0,0,1,0,0,0,0,1,0.0,0.0,14.0,18
ALB,Williams,21.0,0 days 00:01:23.066000,0 days 00:00:28.956000,0 days 00:00:18.216000,0 days 00:00:35.894000,HARD,15.0,2.0,,,1,10.0,False,2024,Australia,R,83.066,28.956,18.216,35.894,83.027,0.03900000000000148,83.72,-0.6539999999999964,0.03900000000000148,84.32600000000001,84.2,0.12600000000000477,57.0,0.3684210526315789,20.0,0.75,225.0,441.0,0,1,0,0,0,0,1,0.0,0.0,15.0,18
ALB,Williams,22.0,0 days 00:01:23.301000,0 days 00:00:28.925000,0 days 00:00:18.219000,0 days 00:00:36.157000,HARD,16.0,2.0,,,1,10.0,False,2024,Australia,R,83.301,28.925,18.219,36.157,83.027,0.2740000000000009,83.72,-0.41899999999999693,0.2740000000000009,84.621,84.2,0.42099999999999227,57.0,0.38596491228070173,20.0,0.8,256.0,484.0,0,1,0,0,0,0,1,0.0,0.0,16.0,18
ALB,Williams,23.0,0 days 00:01:23.198000,0 days 00:00:28.917000,0 days 00:00:18.205000,0 days 00:00:36.076000,HARD,17.0,2.0,,,1,10.0,False,2024,Australia,R,83.198,28.917,18.205,36.076,83.027,0.17099999999999227,83.72,-0.5220000000000056,0.17099999999999227,84.57799999999999,84.2,0.3779999999999859,57.0,0.40350877192982454,20.0,0.85,289.0,529.0,0,1,0,0,0,0,1,0.0,0.0,17.0,18
ALB,Williams,24.0,0 days 00:01:23.513000,0 days 00:00:28.970000,0 days 00:00:18.280000,0 days 00:00:36.263000,HARD,18.0,2.0,,,1,10.0,False,2024,Australia,R,83.513,28.97,18.28,36.263,83.027,0.4860000000000042,83.72,-0.20699999999999363,0.4860000000000042,84.953,84.2,0.7530000000000001,57.0,0.42105263157894735,20.0,0.9,324.0,576.0,0,1,0,0,0,0,1,0.0,0.0,18.0,18
ALB,Williams,25.0,0 days 00:01:23.671000,0 days 00:00:29.201000,0 days 00:00:18.328000,0 days 00:00:36.142000,HARD,19.0,2.0,,,1,10.0,False,2024,Australia,R,83.671,29.201,18.328,36.142,83.027,0.6440000000000055,83.72,-0.04899999999999238,0.6440000000000055,85.171,84.2,0.9710000000000036,57.0,0.43859649122807015,20.0,0.95,361.0,625.0,0,1,0,0,0,0,1,0.0,0.0,19.0,18
ALB,Williams,26.0,0 days 00:01:23.525000,0 days 00:00:29.159000,0 days 00:00:18.247000,0 days 00:00:36.119000,HARD,20.0,2.0,,,1,10.0,False,2024,Australia,R,83.525,29.159,18.247,36.119,83.027,0.49800000000000466,83.72,-0.19499999999999318,0.49800000000000466,85.08500000000001,84.2,0.8850000000000051,57.0,0.45614035087719296,20.0,1.0,400.0,676.0,0,1,0,0,0,0,1,0.0,0.0,20.0,18
ALB,Williams,29.0,0 days 00:01:22.792000,0 days 00:00:28.879000,0 days 00:00:18.372000,0 days 00:00:35.541000,HARD,2.0,3.0,,,1,14.0,False,2024,Australia,R,82.792,28.879,18.372,35.541,83.027,0.23499999999999943,82.792,0.0,-0.23499999999999943,84.532,84.532,0.0,57.0,0.5087719298245614,29.0,0.06896551724137931,4.0,841.0,0,0,0,0,0,0,1,0.0,0.0,2.0,28
ALB,Williams,30.0,0 days 00:01:22.898000,0 days 00:00:28.864000,0 days 00:00:18.254000,0 days 00:00:35.780000,HARD,3.0,3.0,,,1,14.0,False,2024,Australia,R,82.898,28.864,18.254,35.78,83.027,0.1290000000000049,82.792,0.10599999999999454,-0.1290000000000049,84.698,84.532,0.16599999999999682,57.0,0.5263157894736842,29.0,0.10344827586206896,9.0,900.0,0,0,0,0,0,0,1,0.0,0.0,3.0,28
ALB,Williams,31.0,0 days 00:01:22.949000,0 days 00:00:28.883000,0 days 00:00:18.264000,0 days 00:00:35.802000,HARD,4.0,3.0,,,1,14.0,False,2024,Australia,R,82.949,28.883,18.264,35.802,83.027,0.07800000000000296,82.792,0.15699999999999648,-0.07800000000000296,84.809,84.532,0.277000000000001,57.0,0.543859649122807,29.0,0.13793103448275862,16.0,961.0,0,0,0,0,0,0,1,0.0,0.0,4.0,28
ALB,Williams,32.0,0 days 00:01:22.901000,0 days 00:00:28.710000,0 days 00:00:18.292000,0 days 00:00:35.899000,HARD,5.0,3.0,,,1,14.0,False,2024,Australia,R,82.901,28.71,18.292,35.899,83.027,0.12600000000000477,82.792,0.10899999999999466,-0.12600000000000477,84.821,84.532,0.2890000000000015,57.0,0.5614035087719298,29.0,0.1724137931034483,25.0,1024.0,0,0,0,0,0,0,1,0.0,0.0,5.0,28
ALB,Williams,33.0,0 days 00:01:23.188000,0 days 00:00:28.963000,0 days 00:00:18.242000,0 days 00:00:35.983000,HARD,6.0,3.0,,,1,14.0,False,2024,Australia,R,83.188,28.963,18.242,35.983,83.027,0.16100000000000136,82.792,0.3960000000000008,0.16100000000000136,85.168,84.532,0.6360000000000099,57.0,0.5789473684210527,29.0,0.20689655172413793,36.0,1089.0,0,0,0,0,0,0,1,0.0,0.0,6.0,28
ALB,Williams,34.0,0 days 00:01:23.061000,0 days 00:00:28.857000,0 days 00:00:18.208000,0 days 00:00:35.996000,HARD,7.0,3.0,,,1,13.0,False,2024,Australia,R,83.061,28.857,18.208,35.996,83.027,0.034000000000006025,82.792,0.26900000000000546,0.034000000000006025,85.10100000000001,84.532,0.5690000000000168,57.0,0.5964912280701754,29.0,0.2413793103448276,49.0,1156.0,0,0,0,0,0,0,1,0.0,0.0,7.0,28
ALB,Williams,35.0,0 days 00:01:23.135000,0 days 00:00:28.982000,0 days 00:00:18.222000,0 days 00:00:35.931000,HARD,8.0,3.0,,,1,12.0,False,2024,Australia,R,83.135,28.982,18.222,35.931,83.027,0.10800000000000409,82.792,0.3430000000000035,0.10800000000000409,85.235,84.532,0.703000000000003,57.0,0.6140350877192983,29.0,0.27586206896551724,64.0,1225.0,0,0,0,0,0,0,1,0.0,0.0,8.0,28
ALB,Williams,36.0,0 days 00:01:24.486000,0 days 00:00:29.749000,0 days 00:00:18.001000,0 days 00:00:36.736000,HARD,9.0,3.0,,,1,12.0,False,2024,Australia,R,84.486,29.749,18.001,36.736,83.027,1.4590000000000032,82.792,1.6940000000000026,1.4590000000000032,86.646,84.532,2.1140000000000043,57.0,0.631578947368421,29.0,0.3103448275862069,81.0,1296.0,0,0,0,0,0,0,1,0.0,0.0,9.0,28
ALB,Williams,37.0,0 days 00:01:22.918000,0 days 00:00:29.079000,0 days 00:00:18.177000,0 days 00:00:35.662000,HARD,10.0,3.0,,,1,12.0,False,2024,Australia,R,82.918,29.079,18.177,35.662,83.027,0.10899999999999466,82.792,0.12600000000000477,-0.10899999999999466,85.138,84.532,0.6060000000000088,57.0,0.6491228070175439,29.0,0.3448275862068966,100.0,1369.0,0,0,0,0,0,0,1,0.0,0.0,10.0,28
ALB,Williams,38.0,0 days 00:01:22.154000,0 days 00:00:28.612000,0 days 00:00:18.068000,0 days 00:00:35.474000,HARD,11.0,3.0,,,1,12.0,False,2024,Australia,R,82.154,28.612,18.068,35.474,83.027,0.8730000000000047,82.792,-0.6380000000000052,-0.8730000000000047,84.434,84.532,-0.09799999999999898,57.0,0.6666666666666666,29.0,0.3793103448275862,121.0,1444.0,0,0,1,0,0,0,1,0.0,0.0,11.0,28
ALB,Williams,39.0,0 days 00:01:22.011000,0 days 00:00:28.529000,0 days 00:00:18.079000,0 days 00:00:35.403000,HARD,12.0,3.0,,,1,12.0,False,2024,Australia,R,82.011,28.529,18.079,35.403,83.027,1.0160000000000053,82.792,-0.7810000000000059,-1.0160000000000053,84.351,84.532,-0.18099999999999739,57.0,0.6842105263157895,29.0,0.41379310344827586,144.0,1521.0,0,0,1,0,0,0,1,0.0,0.0,12.0,28
ALB,Williams,40.0,0 days 00:01:21.740000,0 days 00:00:28.341000,0 days 00:00:17.928000,0 days 00:00:35.471000,HARD,13.0,3.0,,,1,12.0,False,2024,Australia,R,81.74,28.341,17.928,35.471,83.027,1.2870000000000061,82.792,-1.0520000000000067,-1.2870000000000061,84.14,84.532,-0.3919999999999959,57.0,0.7017543859649122,29.0,0.4482758620689655,169.0,1600.0,0,0,1,0,0,0,1,0.0,0.0,13.0,28
ALB,Williams,41.0,0 days 00:01:23.574000,0 days 00:00:29.684000,0 days 00:00:18.583000,0 days 00:00:35.307000,HARD,14.0,3.0,,,1,11.0,False,2024,Australia,R,83.574,29.684,18.583,35.307,83.027,0.546999999999997,82.792,0.7819999999999965,0.546999999999997,86.03399999999999,84.532,1.5019999999999953,57.0,0.7192982456140351,29.0,0.4827586206896552,196.0,1681.0,0,0,1,0,0,0,1,0.0,0.0,14.0,28
ALB,Williams,42.0,0 days 00:01:21.730000,0 days 00:00:28.438000,0 days 00:00:17.990000,0 days 00:00:35.302000,HARD,15.0,3.0,,,1,11.0,False,2024,Australia,R,81.73,28.438,17.99,35.302,83.027,1.296999999999997,82.792,-1.0619999999999976,-1.296999999999997,84.25,84.532,-0.2819999999999965,57.0,0.7368421052631579,29.0,0.5172413793103449,225.0,1764.0,0,0,1,0,0,0,1,0.0,0.0,15.0,28
ALB,Williams,43.0,0 days 00:01:22.292000,0 days 00:00:28.355000,0 days 00:00:17.984000,0 days 00:00:35.953000,HARD,16.0,3.0,,,1,11.0,False,2024,Australia,R,82.292,28.355,17.984,35.953,83.027,0.7349999999999994,82.792,-0.5,-0.7349999999999994,84.872,84.532,0.3400000000000034,57.0,0.7543859649122807,29.0,0.5517241379310345,256.0,1849.0,0,0,1,0,0,0,1,0.0,0.0,16.0,28
ALB,Williams,44.0,0 days 00:01:22.499000,0 days 00:00:28.359000,0 days 00:00:17.953000,0 days 00:00:36.187000,HARD,17.0,3.0,,,1,12.0,False,2024,Australia,R,82.499,28.359,17.953,36.187,83.027,0.5280000000000058,82.792,-0.29300000000000637,-0.5280000000000058,85.139,84.532,0.6069999999999993,57.0,0.7719298245614035,29.0,0.5862068965517241,289.0,1936.0,0,0,1,0,0,0,1,0.0,0.0,17.0,28
ALB,Williams,45.0,0 days 00:01:21.907000,0 days 00:00:28.459000,0 days 00:00:17.961000,0 days 00:00:35.487000,HARD,18.0,3.0,,,1,12.0,False,2024,Australia,R,81.907,28.459,17.961,35.487,83.027,1.1200000000000045,82.792,-0.8850000000000051,-1.1200000000000045,84.607,84.532,0.07500000000000284,57.0,0.7894736842105263,29.0,0.6206896551724138,324.0,2025.0,0,0,1,0,0,0,1,0.0,0.0,18.0,28
ALB,Williams,46.0,0 days 00:01:21.618000,0 days 00:00:28.449000,0 days 00:00:17.918000,0 days 00:00:35.251000,HARD,19.0,3.0,,,1,12.0,False,2024,Australia,R,81.618,28.449,17.918,35.251,83.027,1.409000000000006,82.792,-1.1740000000000066,-1.409000000000006,84.378,84.532,-0.15399999999999636,57.0,0.8070175438596491,29.0,0.6551724137931034,361.0,2116.0,0,0,1,0,0,0,1,0.0,0.0,19.0,28
ALB,Williams,47.0,0 days 00:01:21.845000,0 days 00:00:28.443000,0 days 00:00:17.962000,0 days 00:00:35.440000,HARD,20.0,3.0,,,1,12.0,False,2024,Australia,R,81.845,28.443,17.962,35.44,83.027,1.1820000000000022,82.792,-0.9470000000000027,-1.1820000000000022,84.66499999999999,84.532,0.13299999999999557,57.0,0.8245614035087719,29.0,0.6896551724137931,400.0,2209.0,0,0,1,0,0,0,1,0.0,0.0,20.0,28
ALB,Williams,48.0,0 days 00:01:21.927000,0 days 00:00:28.571000,0 days 00:00:17.994000,0 days 00:00:35.362000,HARD,21.0,3.0,,,1,12.0,False,2024,Australia,R,81.927,28.571,17.994,35.362,83.027,1.0999999999999943,82.792,-0.8649999999999949,-1.0999999999999943,84.807,84.532,0.2750000000000057,57.0,0.8421052631578947,29.0,0.7241379310344828,441.0,2304.0,0,0,1,0,0,0,1,0.0,0.0,21.0,28
ALB,Williams,49.0,0 days 00:01:21.918000,0 days 00:00:28.461000,0 days 00:00:17.940000,0 days 00:00:35.517000,HARD,22.0,3.0,,,1,12.0,False,2024,Australia,R,81.918,28.461,17.94,35.517,83.027,1.1089999999999947,82.792,-0.8739999999999952,-1.1089999999999947,84.858,84.532,0.3260000000000076,57.0,0.8596491228070176,29.0,0.7586206896551724,484.0,2401.0,0,0,1,0,0,0,1,0.0,0.0,22.0,28
ALB,Williams,50.0,0 days 00:01:22.219000,0 days 00:00:28.659000,0 days 00:00:18.048000,0 days 00:00:35.512000,HARD,23.0,3.0,,,1,12.0,False,2024,Australia,R,82.219,28.659,18.048,35.512,83.027,0.8080000000000069,82.792,-0.5730000000000075,-0.8080000000000069,85.219,84.532,0.6869999999999976,57.0,0.8771929824561403,29.0,0.7931034482758621,529.0,2500.0,0,0,1,0,0,0,1,0.0,0.0,23.0,28
ALB,Williams,51.0,0 days 00:01:22.319000,0 days 00:00:28.736000,0 days 00:00:18.093000,0 days 00:00:35.490000,HARD,24.0,3.0,,,1,12.0,False,2024,Australia,R,82.319,28.736,18.093,35.49,83.027,0.7079999999999984,82.792,-0.472999999999999,-0.7079999999999984,85.379,84.532,0.8470000000000084,57.0,0.8947368421052632,29.0,0.8275862068965517,576.0,2601.0,0,0,1,0,0,0,1,0.0,0.0,24.0,28
ALB,Williams,52.0,0 days 00:01:22.184000,0 days 00:00:28.514000,0 days 00:00:18.049000,0 days 00:00:35.621000,HARD,25.0,3.0,,,1,12.0,False,2024,Australia,R,82.184,28.514,18.049,35.621,83.027,0.8430000000000035,82.792,-0.6080000000000041,-0.8430000000000035,85.304,84.532,0.7720000000000056,57.0,0.9122807017543859,29.0,0.8620689655172413,625.0,2704.0,0,0,1,0,0,0,1,0.0,0.0,25.0,28
ALB,Williams,53.0,0 days 00:01:22.399000,0 days 00:00:28.743000,0 days 00:00:18.071000,0 days 00:00:35.585000,HARD,26.0,3.0,,,1,12.0,False,2024,Australia,R,82.399,28.743,18.071,35.585,83.027,0.6280000000000001,82.792,-0.3930000000000007,-0.6280000000000001,85.57900000000001,84.532,1.0470000000000113,57.0,0.9298245614035088,29.0,0.896551724137931,676.0,2809.0,0,0,1,0,0,0,1,0.0,0.0,26.0,28
ALB,Williams,54.0,0 days 00:01:24.131000,0 days 00:00:28.682000,0 days 00:00:18.173000,0 days 00:00:37.276000,HARD,27.0,3.0,,,1,12.0,False,2024,Australia,R,84.131,28.682,18.173,37.276,83.027,1.1039999999999992,82.792,1.3389999999999986,1.1039999999999992,87.371,84.532,2.8389999999999986,57.0,0.9473684210526315,29.0,0.9310344827586207,729.0,2916.0,0,0,1,0,0,0,1,0.0,0.0,27.0,28
ALB,Williams,55.0,0 days 00:01:22.312000,0 days 00:00:28.597000,0 days 00:00:18.128000,0 days 00:00:35.587000,HARD,28.0,3.0,,,1,12.0,False,2024,Australia,R,82.312,28.597,18.128,35.587,83.027,0.7150000000000034,82.792,-0.480000000000004,-0.7150000000000034,85.612,84.532,1.0799999999999983,57.0,0.9649122807017544,29.0,0.9655172413793104,784.0,3025.0,0,0,1,0,0,0,1,0.0,0.0,28.0,28
ALB,Williams,56.0,0 days 00:01:24.190000,0 days 00:00:30.327000,0 days 00:00:18.173000,0 days 00:00:35.690000,HARD,29.0,3.0,,,12,12.0,False,2024,Australia,R,84.19,30.327,18.173,35.69,83.027,1.1629999999999967,82.792,1.3979999999999961,1.1629999999999967,87.55,84.532,3.0180000000000007,57.0,0.9824561403508771,29.0,1.0,841.0,3136.0,0,0,1,0,0,0,1,0.0,0.0,29.0,28
ALO,Aston Martin,2.0,0 days 00:01:24.284000,0 days 00:00:29.590000,0 days 00:00:18.419000,0 days 00:00:36.275000,HARD,3.0,1.0,,,1,11.0,False,2024,Australia,R,84.284,29.59,18.419,36.275,82.711,1.5730000000000075,84.284,0.0,1.5730000000000075,84.40400000000001,84.40400000000001,0.0,57.0,0.03508771929824561,17.0,0.17647058823529413,9.0,4.0,1,0,0,1,0,0,1,0.0,0.0,3.0,15
ALO,Aston Martin,3.0,0 days 00:01:22.978000,0 days 00:00:28.865000,0 days 00:00:18.223000,0 days 00:00:35.890000,HARD,4.0,1.0,,,1,11.0,False,2024,Australia,R,82.978,28.865,18.223,35.89,82.711,0.2669999999999959,84.284,-1.3060000000000116,0.2669999999999959,83.158,84.40400000000001,-1.2460000000000093,57.0,0.05263157894736842,17.0,0.23529411764705882,16.0,9.0,1,0,0,1,0,0,1,0.0,0.0,4.0,15
ALO,Aston Martin,4.0,0 days 00:01:23.742000,0 days 00:00:29.019000,0 days 00:00:18.082000,0 days 00:00:36.641000,HARD,5.0,1.0,,,1,10.0,False,2024,Australia,R,83.742,29.019,18.082,36.641,82.711,1.031000000000006,84.284,-0.5420000000000016,1.031000000000006,83.982,84.40400000000001,-0.42200000000001125,57.0,0.07017543859649122,17.0,0.29411764705882354,25.0,16.0,1,0,0,1,0,0,1,0.0,0.0,5.0,15
ALO,Aston Martin,5.0,0 days 00:01:23.294000,0 days 00:00:28.967000,0 days 00:00:18.355000,0 days 00:00:35.972000,HARD,6.0,1.0,,,1,10.0,False,2024,Australia,R,83.294,28.967,18.355,35.972,82.711,0.5829999999999984,84.284,-0.9900000000000091,0.5829999999999984,83.594,84.40400000000001,-0.8100000000000165,57.0,0.08771929824561403,17.0,0.35294117647058826,36.0,25.0,1,0,0,1,0,0,1,0.0,0.0,6.0,15
ALO,Aston Martin,6.0,0 days 00:01:23.196000,0 days 00:00:29.130000,0 days 00:00:18.130000,0 days 00:00:35.936000,HARD,7.0,1.0,,,1,10.0,False,2024,Australia,R,83.196,29.13,18.13,35.936,82.711,0.48499999999999943,84.284,-1.088000000000008,0.48499999999999943,83.556,84.40400000000001,-0.8480000000000132,57.0,0.10526315789473684,17.0,0.4117647058823529,49.0,36.0,1,0,0,1,0,0,1,0.0,0.0,7.0,15
ALO,Aston Martin,7.0,0 days 00:01:22.795000,0 days 00:00:28.901000,0 days 00:00:18.077000,0 days 00:00:35.817000,HARD,8.0,1.0,,,1,9.0,False,2024,Australia,R,82.795,28.901,18.077,35.817,82.711,0.08400000000000318,84.284,-1.4890000000000043,0.08400000000000318,83.215,84.40400000000001,-1.1890000000000072,57.0,0.12280701754385964,17.0,0.47058823529411764,64.0,49.0,1,0,0,1,0,0,1,0.0,0.0,8.0,15
ALO,Aston Martin,8.0,0 days 00:01:22.769000,0 days 00:00:28.605000,0 days 00:00:18.317000,0 days 00:00:35.847000,HARD,9.0,1.0,,,1,7.0,False,2024,Australia,R,82.769,28.605,18.317,35.847,82.711,0.058000000000006935,84.284,-1.5150000000000006,0.058000000000006935,83.24900000000001,84.40400000000001,-1.1550000000000011,57.0,0.14035087719298245,17.0,0.5294117647058824,81.0,64.0,1,0,0,1,0,0,1,0.0,0.0,9.0,15
ALO,Aston Martin,9.0,0 days 00:01:23.345000,0 days 00:00:29.058000,0 days 00:00:18.168000,0 days 00:00:36.119000,HARD,10.0,1.0,,,1,4.0,False,2024,Australia,R,83.345,29.058,18.168,36.119,82.711,0.6340000000000003,84.284,-0.9390000000000072,0.6340000000000003,83.885,84.40400000000001,-0.5190000000000055,57.0,0.15789473684210525,17.0,0.5882352941176471,100.0,81.0,1,0,0,1,0,0,1,0.0,0.0,10.0,15
ALO,Aston Martin,10.0,0 days 00:01:22.608000,0 days 00:00:28.563000,0 days 00:00:18.363000,0 days 00:00:35.682000,HARD,11.0,1.0,,,1,4.0,False,2024,Australia,R,82.608,28.563,18.363,35.682,82.711,0.10299999999999443,84.284,-1.676000000000002,-0.10299999999999443,83.208,84.40400000000001,-1.1960000000000122,57.0,0.17543859649122806,17.0,0.6470588235294118,121.0,100.0,1,0,0,1,0,0,1,0.0,0.0,11.0,15
ALO,Aston Martin,11.0,0 days 00:01:22.939000,0 days 00:00:28.895000,0 days 00:00:18.338000,0 days 00:00:35.706000,HARD,12.0,1.0,,,1,4.0,False,2024,Australia,R,82.939,28.895,18.338,35.706,82.711,0.22799999999999443,84.284,-1.345000000000013,0.22799999999999443,83.59899999999999,84.40400000000001,-0.805000000000021,57.0,0.19298245614035087,17.0,0.7058823529411765,144.0,121.0,1,0,0,1,0,0,1,0.0,0.0,12.0,15
ALO,Aston Martin,12.0,0 days 00:01:22.904000,0 days 00:00:28.712000,0 days 00:00:18.340000,0 days 00:00:35.852000,HARD,13.0,1.0,,,1,4.0,False,2024,Australia,R,82.904,28.712,18.34,35.852,82.711,0.19299999999999784,84.284,-1.3800000000000097,0.19299999999999784,83.624,84.40400000000001,-0.7800000000000153,57.0,0.21052631578947367,17.0,0.7647058823529411,169.0,144.0,1,0,0,1,0,0,1,0.0,0.0,13.0,15
ALO,Aston Martin,13.0,0 days 00:01:23.187000,0 days 00:00:28.986000,0 days 00:00:18.324000,0 days 00:00:35.877000,HARD,14.0,1.0,,,1,4.0,False,2024,Australia,R,83.187,28.986,18.324,35.877,82.711,0.4759999999999991,84.284,-1.0970000000000084,0.4759999999999991,83.967,84.40400000000001,-0.4370000000000118,57.0,0.22807017543859648,17.0,0.8235294117647058,196.0,169.0,1,0,0,1,0,0,1,0.0,0.0,14.0,15
ALO,Aston Martin,14.0,0 days 00:01:23.455000,0 days 00:00:29.200000,0 days 00:00:18.278000,0 days 00:00:35.977000,HARD,15.0,1.0,,,1,2.0,False,2024,Australia,R,83.455,29.2,18.278,35.977,82.711,0.7439999999999998,84.284,-0.8290000000000077,0.7439999999999998,84.295,84.40400000000001,-0.10900000000000887,57.0,0.24561403508771928,17.0,0.8823529411764706,225.0,196.0,1,0,0,1,0,0,1,0.0,0.0,15.0,15
ALO,Aston Martin,15.0,0 days 00:01:23.138000,0 days 00:00:28.907000,0 days 00:00:18.401000,0 days 00:00:35.830000,HARD,16.0,1.0,,,1,2.0,False,2024,Australia,R,83.138,28.907,18.401,35.83,82.711,0.4270000000000067,84.284,-1.1460000000000008,0.4270000000000067,84.03800000000001,84.40400000000001,-0.36599999999999966,57.0,0.2631578947368421,17.0,0.9411764705882353,256.0,225.0,1,0,0,1,0,0,1,0.0,0.0,16.0,15
ALO,Aston Martin,16.0,0 days 00:01:23.239000,0 days 00:00:29.002000,0 days 00:00:18.450000,0 days 00:00:35.787000,HARD,17.0,1.0,,,1,2.0,False,2024,Australia,R,83.239,29.002,18.45,35.787,82.711,0.5280000000000058,84.284,-1.0450000000000017,0.5280000000000058,84.199,84.40400000000001,-0.2050000000000125,57.0,0.2807017543859649,17.0,1.0,289.0,256.0,1,0,0,1,0,0,1,0.0,0.0,17.0,15
ALO,Aston Martin,19.0,0 days 00:01:22.928000,0 days 00:00:28.883000,0 days 00:00:18.355000,0 days 00:00:35.690000,MEDIUM,3.0,2.0,,,1,5.0,False,2024,Australia,R,82.928,28.883,18.355,35.69,82.711,0.21699999999999875,82.928,0.0,0.21699999999999875,84.068,84.068,0.0,57.0,0.3333333333333333,24.0,0.125,9.0,361.0,0,1,0,0,0,1,0,0.0,3.0,0.0,22
ALO,Aston Martin,20.0,0 days 00:01:22.831000,0 days 00:00:28.729000,0 days 00:00:18.285000,0 days 00:00:35.817000,MEDIUM,4.0,2.0,,,1,5.0,False,2024,Australia,R,82.831,28.729,18.285,35.817,82.711,0.12000000000000455,82.928,-0.0969999999999942,0.12000000000000455,84.031,84.068,-0.03699999999999193,57.0,0.3508771929824561,24.0,0.16666666666666666,16.0,400.0,0,1,0,0,0,1,0,0.0,4.0,0.0,22
ALO,Aston Martin,21.0,0 days 00:01:22.704000,0 days 00:00:28.737000,0 days 00:00:18.277000,0 days 00:00:35.690000,MEDIUM,5.0,2.0,,,1,5.0,False,2024,Australia,R,82.704,28.737,18.277,35.69,82.711,0.007000000000005002,82.928,-0.22400000000000375,-0.007000000000005002,83.964,84.068,-0.1039999999999992,57.0,0.3684210526315789,24.0,0.20833333333333334,25.0,441.0,0,1,0,0,0,1,0,0.0,5.0,0.0,22
ALO,Aston Martin,22.0,0 days 00:01:22.478000,0 days 00:00:28.735000,0 days 00:00:18.288000,0 days 00:00:35.455000,MEDIUM,6.0,2.0,,,1,5.0,False,2024,Australia,R,82.478,28.735,18.288,35.455,82.711,0.2330000000000041,82.928,-0.45000000000000284,-0.2330000000000041,83.79799999999999,84.068,-0.27000000000001023,57.0,0.38596491228070173,24.0,0.25,36.0,484.0,0,1,0,0,0,1,0,0.0,6.0,0.0,22
ALO,Aston Martin,23.0,0 days 00:01:22.441000,0 days 00:00:28.625000,0 days 00:00:18.197000,0 days 00:00:35.619000,MEDIUM,7.0,2.0,,,1,5.0,False,2024,Australia,R,82.441,28.625,18.197,35.619,82.711,0.269999999999996,82.928,-0.48699999999999477,-0.269999999999996,83.821,84.068,-0.2469999999999999,57.0,0.40350877192982454,24.0,0.2916666666666667,49.0,529.0,0,1,0,0,0,1,0,0.0,7.0,0.0,22
ALO,Aston Martin,24.0,0 days 00:01:22.287000,0 days 00:00:28.695000,0 days 00:00:18.171000,0 days 00:00:35.421000,MEDIUM,8.0,2.0,,,1,5.0,False,2024,Australia,R,82.287,28.695,18.171,35.421,82.711,0.4239999999999924,82.928,-0.6409999999999911,-0.4239999999999924,83.727,84.068,-0.340999999999994,57.0,0.42105263157894735,24.0,0.3333333333333333,64.0,576.0,0,1,0,0,0,1,0,0.0,8.0,0.0,22
ALO,Aston Martin,25.0,0 days 00:01:22.708000,0 days 00:00:28.728000,0 days 00:00:18.219000,0 days 00:00:35.761000,MEDIUM,9.0,2.0,,,1,5.0,False,2024,Australia,R,82.708,28.728,18.219,35.761,82.711,0.0030000000000001137,82.928,-0.21999999999999886,-0.0030000000000001137,84.208,84.068,0.14000000000000057,57.0,0.43859649122807015,24.0,0.375,81.0,625.0,0,1,0,0,0,1,0,0.0,9.0,0.0,22
ALO,Aston Martin,26.0,0 days 00:01:22.988000,0 days 00:00:28.899000,0 days 00:00:18.353000,0 days 00:00:35.736000,MEDIUM,10.0,2.0,,,1,5.0,False,2024,Australia,R,82.988,28.899,18.353,35.736,82.711,0.277000000000001,82.928,0.060000000000002274,0.277000000000001,84.548,84.068,0.480000000000004,57.0,0.45614035087719296,24.0,0.4166666666666667,100.0,676.0,0,1,0,0,0,1,0,0.0,10.0,0.0,22
ALO,Aston Martin,27.0,0 days 00:01:23.257000,0 days 00:00:28.790000,0 days 00:00:18.310000,0 days 00:00:36.157000,MEDIUM,11.0,2.0,,,1,6.0,False,2024,Australia,R,83.257,28.79,18.31,36.157,82.711,0.5460000000000065,82.928,0.32900000000000773,0.5460000000000065,84.87700000000001,84.068,0.8090000000000117,57.0,0.47368421052631576,24.0,0.4583333333333333,121.0,729.0,0,1,0,0,0,1,0,0.0,11.0,0.0,22
ALO,Aston Martin,28.0,0 days 00:01:22.259000,0 days 00:00:28.746000,0 days 00:00:17.966000,0 days 00:00:35.547000,MEDIUM,12.0,2.0,,,1,6.0,False,2024,Australia,R,82.259,28.746,17.966,35.547,82.711,0.4519999999999982,82.928,-0.6689999999999969,-0.4519999999999982,83.93900000000001,84.068,-0.12899999999999068,57.0,0.49122807017543857,24.0,0.5,144.0,784.0,0,1,0,0,0,1,0,0.0,12.0,0.0,22
ALO,Aston Martin,29.0,0 days 00:01:21.980000,0 days 00:00:28.578000,0 days 00:00:18.020000,0 days 00:00:35.382000,MEDIUM,13.0,2.0,,,1,6.0,False,2024,Australia,R,81.98,28.578,18.02,35.382,82.711,0.7309999999999945,82.928,-0.9479999999999933,-0.7309999999999945,83.72,84.068,-0.347999999999999,57.0,0.5087719298245614,24.0,0.5416666666666666,169.0,841.0,0,1,0,0,0,1,0,0.0,13.0,0.0,22
ALO,Aston Martin,30.0,0 days 00:01:22.175000,0 days 00:00:28.685000,0 days 00:00:17.887000,0 days 00:00:35.603000,MEDIUM,14.0,2.0,,,1,6.0,False,2024,Australia,R,82.175,28.685,17.887,35.603,82.711,0.5360000000000014,82.928,-0.7530000000000001,-0.5360000000000014,83.975,84.068,-0.09300000000000352,57.0,0.5263157894736842,24.0,0.5833333333333334,196.0,900.0,0,1,0,0,0,1,0,0.0,14.0,0.0,22
ALO,Aston Martin,31.0,0 days 00:01:22.355000,0 days 00:00:28.794000,0 days 00:00:17.957000,0 days 00:00:35.604000,MEDIUM,15.0,2.0,,,1,6.0,False,2024,Australia,R,82.355,28.794,17.957,35.604,82.711,0.35599999999999454,82.928,-0.5729999999999933,-0.35599999999999454,84.215,84.068,0.14700000000000557,57.0,0.543859649122807,24.0,0.625,225.0,961.0,0,1,0,0,0,1,0,0.0,15.0,0.0,22
ALO,Aston Martin,32.0,0 days 00:01:22.491000,0 days 00:00:28.885000,0 days 00:00:17.888000,0 days 00:00:35.718000,MEDIUM,16.0,2.0,,,1,6.0,False,2024,Australia,R,82.491,28.885,17.888,35.718,82.711,0.21999999999999886,82.928,-0.4369999999999976,-0.21999999999999886,84.411,84.068,0.3430000000000035,57.0,0.5614035087719298,24.0,0.6666666666666666,256.0,1024.0,0,1,0,0,0,1,0,0.0,16.0,0.0,22
ALO,Aston Martin,33.0,0 days 00:01:22.649000,0 days 00:00:28.882000,0 days 00:00:18.031000,0 days 00:00:35.736000,MEDIUM,17.0,2.0,,,1,6.0,False,2024,Australia,R,82.649,28.882,18.031,35.736,82.711,0.06199999999999761,82.928,-0.27899999999999636,-0.06199999999999761,84.629,84.068,0.561000000000007,57.0,0.5789473684210527,24.0,0.7083333333333334,289.0,1089.0,0,1,0,0,0,1,0,0.0,17.0,0.0,22
ALO,Aston Martin,34.0,0 days 00:01:22.918000,0 days 00:00:28.788000,0 days 00:00:18.042000,0 days 00:00:36.088000,MEDIUM,18.0,2.0,,,1,6.0,False,2024,Australia,R,82.918,28.788,18.042,36.088,82.711,0.20700000000000784,82.928,-0.009999999999990905,0.20700000000000784,84.95800000000001,84.068,0.8900000000000148,57.0,0.5964912280701754,24.0,0.75,324.0,1156.0,0,1,0,0,0,1,0,0.0,18.0,0.0,22
ALO,Aston Martin,35.0,0 days 00:01:25.730000,0 days 00:00:31.068000,0 days 00:00:18.302000,0 days 00:00:36.360000,MEDIUM,19.0,2.0,,,1,5.0,False,2024,Australia,R,85.73,31.068,18.302,36.36,82.711,3.0190000000000055,82.928,2.8020000000000067,3.0190000000000055,87.83,84.068,3.7620000000000005,57.0,0.6140350877192983,24.0,0.7916666666666666,361.0,1225.0,0,1,0,0,0,1,0,0.0,19.0,0.0,22
ALO,Aston Martin,36.0,0 days 00:01:22.714000,0 days 00:00:28.579000,0 days 00:00:18.254000,0 days 00:00:35.881000,MEDIUM,20.0,2.0,,,1,5.0,False,2024,Australia,R,82.714,28.579,18.254,35.881,82.711,0.0030000000000001137,82.928,-0.21399999999999864,0.0030000000000001137,84.874,84.068,0.8059999999999974,57.0,0.631578947368421,24.0,0.8333333333333334,400.0,1296.0,0,1,0,0,0,1,0,0.0,20.0,0.0,22
ALO,Aston Martin,37.0,0 days 00:01:22.862000,0 days 00:00:28.779000,0 days 00:00:18.217000,0 days 00:00:35.866000,MEDIUM,21.0,2.0,,,1,5.0,False,2024,Australia,R,82.862,28.779,18.217,35.866,82.711,0.15099999999999625,82.928,-0.0660000000000025,0.15099999999999625,85.082,84.068,1.0139999999999958,57.0,0.6491228070175439,24.0,0.875,441.0,1369.0,0,1,0,0,0,1,0,0.0,21.0,0.0,22
ALO,Aston Martin,38.0,0 days 00:01:22.566000,0 days 00:00:28.719000,0 days 00:00:18.232000,0 days 00:00:35.615000,MEDIUM,22.0,2.0,,,1,5.0,False,2024,Australia,R,82.566,28.719,18.232,35.615,82.711,0.14499999999999602,82.928,-0.36199999999999477,-0.14499999999999602,84.846,84.068,0.7780000000000058,57.0,0.6666666666666666,24.0,0.9166666666666666,484.0,1444.0,0,1,1,0,0,1,0,0.0,22.0,0.0,22
ALO,Aston Martin,39.0,0 days 00:01:22.772000,0 days 00:00:28.724000,0 days 00:00:18.187000,0 days 00:00:35.861000,MEDIUM,23.0,2.0,,,1,5.0,False,2024,Australia,R,82.772,28.724,18.187,35.861,82.711,0.06100000000000705,82.928,-0.1559999999999917,0.06100000000000705,85.11200000000001,84.068,1.0440000000000111,57.0,0.6842105263157895,24.0,0.9583333333333334,529.0,1521.0,0,1,1,0,0,1,0,0.0,23.0,0.0,22
ALO,Aston Martin,40.0,0 days 00:01:22.714000,0 days 00:00:28.768000,0 days 00:00:18.180000,0 days 00:00:35.766000,MEDIUM,24.0,2.0,,,1,4.0,False,2024,Australia,R,82.714,28.768,18.18,35.766,82.711,0.0030000000000001137,82.928,-0.21399999999999864,0.0030000000000001137,85.114,84.068,1.0460000000000065,57.0,0.7017543859649122,24.0,1.0,576.0,1600.0,0,1,1,0,0,1,0,0.0,24.0,0.0,22
ALO,Aston Martin,43.0,0 days 00:01:21.724000,0 days 00:00:28.361000,0 days 00:00:18.176000,0 days 00:00:35.187000,HARD,3.0,3.0,,,1,7.0,False,2024,Australia,R,81.724,28.361,18.176,35.187,82.711,0.9869999999999948,81.724,0.0,-0.9869999999999948,84.304,84.304,0.0,57.0,0.7543859649122807,16.0,0.1875,9.0,1849.0,0,0,1,0,0,0,1,0.0,0.0,3.0,14
ALO,Aston Martin,44.0,0 days 00:01:21.394000,0 days 00:00:28.280000,0 days 00:00:18.160000,0 days 00:00:34.954000,HARD,4.0,3.0,,,1,7.0,False,2024,Australia,R,81.394,28.28,18.16,34.954,82.711,1.316999999999993,81.724,-0.3299999999999983,-1.316999999999993,84.034,84.304,-0.269999999999996,57.0,0.7719298245614035,16.0,0.25,16.0,1936.0,0,0,1,0,0,0,1,0.0,0.0,4.0,14
ALO,Aston Martin,45.0,0 days 00:01:21.454000,0 days 00:00:28.352000,0 days 00:00:18.080000,0 days 00:00:35.022000,HARD,5.0,3.0,,,1,7.0,False,2024,Australia,R,81.454,28.352,18.08,35.022,82.711,1.257000000000005,81.724,-0.27000000000001023,-1.257000000000005,84.154,84.304,-0.15000000000000568,57.0,0.7894736842105263,16.0,0.3125,25.0,2025.0,0,0,1,0,0,0,1,0.0,0.0,5.0,14
ALO,Aston Martin,46.0,0 days 00:01:21.344000,0 days 00:00:28.221000,0 days 00:00:18.170000,0 days 00:00:34.953000,HARD,6.0,3.0,,,1,6.0,False,2024,Australia,R,81.344,28.221,18.17,34.953,82.711,1.3670000000000044,81.724,-0.38000000000000966,-1.3670000000000044,84.104,84.304,-0.20000000000000284,57.0,0.8070175438596491,16.0,0.375,36.0,2116.0,0,0,1,0,0,0,1,0.0,0.0,6.0,14
ALO,Aston Martin,47.0,0 days 00:01:21.183000,0 days 00:00:28.291000,0 days 00:00:18.101000,0 days 00:00:34.791000,HARD,7.0,3.0,,,1,6.0,False,2024,Australia,R,81.183,28.291,18.101,34.791,82.711,1.5279999999999916,81.724,-0.5409999999999968,-1.5279999999999916,84.003,84.304,-0.30100000000000193,57.0,0.8245614035087719,16.0,0.4375,49.0,2209.0,0,0,1,0,0,0,1,0.0,0.0,7.0,14
ALO,Aston Martin,48.0,0 days 00:01:21.347000,0 days 00:00:28.288000,0 days 00:00:18.181000,0 days 00:00:34.878000,HARD,8.0,3.0,,,1,6.0,False,2024,Australia,R,81.347,28.288,18.181,34.878,82.711,1.3640000000000043,81.724,-0.37700000000000955,-1.3640000000000043,84.22699999999999,84.304,-0.07700000000001239,57.0,0.8421052631578947,16.0,0.5,64.0,2304.0,0,0,1,0,0,0,1,0.0,0.0,8.0,14
ALO,Aston Martin,49.0,0 days 00:01:21.122000,0 days 00:00:28.266000,0 days 00:00:18.051000,0 days 00:00:34.805000,HARD,9.0,3.0,,,1,6.0,False,2024,Australia,R,81.122,28.266,18.051,34.805,82.711,1.5889999999999986,81.724,-0.6020000000000039,-1.5889999999999986,84.062,84.304,-0.24200000000000443,57.0,0.8596491228070176,16.0,0.5625,81.0,2401.0,0,0,1,0,0,0,1,0.0,0.0,9.0,14
ALO,Aston Martin,50.0,0 days 00:01:20.736000,0 days 00:00:28.053000,0 days 00:00:18.004000,0 days 00:00:34.679000,HARD,10.0,3.0,,,1,6.0,False,2024,Australia,R,80.736,28.053,18.004,34.679,82.711,1.9749999999999943,81.724,-0.9879999999999995,-1.9749999999999943,83.736,84.304,-0.5679999999999978,57.0,0.8771929824561403,16.0,0.625,100.0,2500.0,0,0,1,0,0,0,1,0.0,0.0,10.0,14
ALO,Aston Martin,51.0,0 days 00:01:20.938000,0 days 00:00:28.169000,0 days 00:00:18.104000,0 days 00:00:34.665000,HARD,11.0,3.0,,,1,6.0,False,2024,Australia,R,80.938,28.169,18.104,34.665,82.711,1.7729999999999961,81.724,-0.7860000000000014,-1.7729999999999961,83.998,84.304,-0.3059999999999974,57.0,0.8947368421052632,16.0,0.6875,121.0,2601.0,0,0,1,0,0,0,1,0.0,0.0,11.0,14
ALO,Aston Martin,52.0,0 days 00:01:20.493000,0 days 00:00:27.981000,0 days 00:00:18.004000,0 days 00:00:34.508000,HARD,12.0,3.0,,,1,6.0,False,2024,Australia,R,80.493,27.981,18.004,34.508,82.711,2.2180000000000035,81.724,-1.2310000000000088,-2.2180000000000035,83.613,84.304,-0.6910000000000025,57.0,0.9122807017543859,16.0,0.75,144.0,2704.0,0,0,1,0,0,0,1,0.0,0.0,12.0,14
ALO,Aston Martin,53.0,0 days 00:01:20.867000,0 days 00:00:28.122000,0 days 00:00:18.029000,0 days 00:00:34.716000,HARD,13.0,3.0,,,1,6.0,False,2024,Australia,R,80.867,28.122,18.029,34.716,82.711,1.843999999999994,81.724,-0.8569999999999993,-1.843999999999994,84.047,84.304,-0.257000000000005,57.0,0.9298245614035088,16.0,0.8125,169.0,2809.0,0,0,1,0,0,0,1,0.0,0.0,13.0,14
ALO,Aston Martin,54.0,0 days 00:01:21.035000,0 days 00:00:28.123000,0 days 00:00:18.064000,0 days 00:00:34.848000,HARD,14.0,3.0,,,1,6.0,False,2024,Australia,R,81.035,28.123,18.064,34.848,82.711,1.676000000000002,81.724,-0.6890000000000072,-1.676000000000002,84.27499999999999,84.304,-0.029000000000010573,57.0,0.9473684210526315,16.0,0.875,196.0,2916.0,0,0,1,0,0,0,1,0.0,0.0,14.0,14
ALO,Aston Martin,55.0,0 days 00:01:20.952000,0 days 00:00:28.152000,0 days 00:00:18.067000,0 days 00:00:34.733000,HARD,15.0,3.0,,,1,6.0,False,2024,Australia,R,80.952,28.152,18.067,34.733,82.711,1.7590000000000003,81.724,-0.7720000000000056,-1.7590000000000003,84.252,84.304,-0.05200000000000671,57.0,0.9649122807017544,16.0,0.9375,225.0,3025.0,0,0,1,0,0,0,1,0.0,0.0,15.0,14
ALO,Aston Martin,56.0,0 days 00:01:20.752000,0 days 00:00:27.909000,0 days 00:00:17.991000,0 days 00:00:34.852000,HARD,16.0,3.0,,,1,6.0,False,2024,Australia,R,80.752,27.909,17.991,34.852,82.711,1.9590000000000032,81.724,-0.9720000000000084,-1.9590000000000032,84.112,84.304,-0.19200000000000728,57.0,0.9824561403508771,16.0,1.0,256.0,3136.0,0,0,1,0,0,0,1,0.0,0.0,16.0,14
BOT,Kick Sauber,2.0,0 days 00:01:24.344000,0 days 00:00:29.948000,0 days 00:00:18.320000,0 days 00:00:36.076000,MEDIUM,3.0,1.0,,,1,12.0,False,2024,Australia,R,84.344,29.948,18.32,36.076,82.934,1.4099999999999966,84.344,0.0,1.4099999999999966,84.464,84.464,0.0,57.0,0.03508771929824561,8.0,0.375,9.0,4.0,1,0,0,1,0,1,0,0.0,3.0,0.0,6
BOT,Kick Sauber,3.0,0 days 00:01:23.272000,0 days 00:00:29.099000,0 days 00:00:18.153000,0 days 00:00:36.020000,MEDIUM,4.0,1.0,,,1,12.0,False,2024,Australia,R,83.272,29.099,18.153,36.02,82.934,0.33800000000000807,84.344,-1.0719999999999885,0.33800000000000807,83.45200000000001,84.464,-1.0119999999999862,57.0,0.05263157894736842,8.0,0.5,16.0,9.0,1,0,0,1,0,1,0,0.0,4.0,0.0,6
BOT,Kick Sauber,4.0,0 days 00:01:23.705000,0 days 00:00:29.226000,0 days 00:00:18.314000,0 days 00:00:36.165000,MEDIUM,5.0,1.0,,,1,11.0,False,2024,Australia,R,83.705,29.226,18.314,36.165,82.934,0.7710000000000008,84.344,-0.6389999999999958,0.7710000000000008,83.945,84.464,-0.5190000000000055,57.0,0.07017543859649122,8.0,0.625,25.0,16.0,1,0,0,1,0,1,0,0.0,5.0,0.0,6
BOT,Kick Sauber,5.0,0 days 00:01:23.560000,0 days 00:00:29.365000,0 days 00:00:18.397000,0 days 00:00:35.798000,MEDIUM,6.0,1.0,,,1,11.0,False,2024,Australia,R,83.56,29.365,18.397,35.798,82.934,0.6260000000000048,84.344,-0.7839999999999918,0.6260000000000048,83.86,84.464,-0.6039999999999992,57.0,0.08771929824561403,8.0,0.75,36.0,25.0,1,0,0,1,0,1,0,0.0,6.0,0.0,6
BOT,Kick Sauber,6.0,0 days 00:01:23.122000,0 days 00:00:29.091000,0 days 00:00:18.070000,0 days 00:00:35.961000,MEDIUM,7.0,1.0,,,1,11.0,False,2024,Australia,R,83.122,29.091,18.07,35.961,82.934,0.1880000000000024,84.344,-1.2219999999999942,0.1880000000000024,83.482,84.464,-0.9819999999999993,57.0,0.10526315789473684,8.0,0.875,49.0,36.0,1,0,0,1,0,1,0,0.0,7.0,0.0,6
BOT,Kick Sauber,7.0,0 days 00:01:23.738000,0 days 00:00:29.154000,0 days 00:00:18.416000,0 days 00:00:36.168000,MEDIUM,8.0,1.0,,,1,10.0,False,2024,Australia,R,83.738,29.154,18.416,36.168,82.934,0.804000000000002,84.344,-0.6059999999999945,0.804000000000002,84.158,84.464,-0.3059999999999974,57.0,0.12280701754385964,8.0,1.0,64.0,49.0,1,0,0,1,0,1,0,0.0,8.0,0.0,6
BOT,Kick Sauber,10.0,0 days 00:01:23.161000,0 days 00:00:28.850000,0 days 00:00:18.575000,0 days 00:00:35.736000,HARD,3.0,2.0,,,1,18.0,False,2024,Australia,R,83.161,28.85,18.575,35.736,82.934,0.22700000000000387,83.161,0.0,0.22700000000000387,83.761,83.761,0.0,57.0,0.17543859649122806,28.0,0.10714285714285714,9.0,100.0,0,1,0,1,0,0,1,0.0,0.0,3.0,25
BOT,Kick Sauber,11.0,0 days 00:01:23.440000,0 days 00:00:28.853000,0 days 00:00:18.677000,0 days 00:00:35.910000,HARD,4.0,2.0,,,1,18.0,False,2024,Australia,R,83.44,28.853,18.677,35.91,82.934,0.5060000000000002,83.161,0.27899999999999636,0.5060000000000002,84.1,83.761,0.33899999999999864,57.0,0.19298245614035087,28.0,0.14285714285714285,16.0,121.0,0,1,0,1,0,0,1,0.0,0.0,4.0,25
BOT,Kick Sauber,12.0,0 days 00:01:22.976000,0 days 00:00:28.889000,0 days 00:00:18.482000,0 days 00:00:35.605000,HARD,5.0,2.0,,,1,18.0,False,2024,Australia,R,82.976,28.889,18.482,35.605,82.934,0.04200000000000159,83.161,-0.18500000000000227,0.04200000000000159,83.696,83.761,-0.06499999999999773,57.0,0.21052631578947367,28.0,0.17857142857142858,25.0,144.0,0,1,0,1,0,0,1,0.0,0.0,5.0,25
BOT,Kick Sauber,13.0,0 days 00:01:23.159000,0 days 00:00:28.879000,0 days 00:00:18.418000,0 days 00:00:35.862000,HARD,6.0,2.0,,,1,18.0,False,2024,Australia,R,83.159,28.879,18.418,35.862,82.934,0.22500000000000853,83.161,-0.001999999999995339,0.22500000000000853,83.93900000000001,83.761,0.17800000000001148,57.0,0.22807017543859648,28.0,0.21428571428571427,36.0,169.0,0,1,0,1,0,0,1,0.0,0.0,6.0,25
BOT,Kick Sauber,14.0,0 days 00:01:23.395000,0 days 00:00:29.007000,0 days 00:00:18.558000,0 days 00:00:35.830000,HARD,7.0,2.0,,,1,18.0,False,2024,Australia,R,83.395,29.007,18.558,35.83,82.934,0.4609999999999985,83.161,0.23399999999999466,0.4609999999999985,84.235,83.761,0.47400000000000375,57.0,0.24561403508771928,28.0,0.25,49.0,196.0,0,1,0,1,0,0,1,0.0,0.0,7.0,25
BOT,Kick Sauber,15.0,0 days 00:01:23.329000,0 days 00:00:28.830000,0 days 00:00:18.473000,0 days 00:00:36.026000,HARD,8.0,2.0,,,1,18.0,False,2024,Australia,R,83.329,28.83,18.473,36.026,82.934,0.394999999999996,83.161,0.16799999999999216,0.394999999999996,84.229,83.761,0.4680000000000035,57.0,0.2631578947368421,28.0,0.2857142857142857,64.0,225.0,0,1,0,1,0,0,1,0.0,0.0,8.0,25
BOT,Kick Sauber,16.0,0 days 00:01:24.119000,0 days 00:00:28.705000,0 days 00:00:18.421000,0 days 00:00:36.993000,HARD,9.0,2.0,,,126,17.0,False,2024,Australia,R,84.119,28.705,18.421,36.993,82.934,1.1850000000000023,83.161,0.9579999999999984,1.1850000000000023,85.079,83.761,1.3179999999999978,57.0,0.2807017543859649,28.0,0.32142857142857145,81.0,256.0,0,1,0,1,0,0,1,0.0,0.0,9.0,25
BOT,Kick Sauber,18.0,0 days 00:01:22.609000,0 days 00:00:28.692000,0 days 00:00:18.311000,0 days 00:00:35.606000,HARD,11.0,2.0,,,1,16.0,False,2024,Australia,R,82.609,28.692,18.311,35.606,82.934,0.32500000000000284,83.161,-0.5520000000000067,-0.32500000000000284,83.689,83.761,-0.07200000000000273,57.0,0.3157894736842105,28.0,0.39285714285714285,121.0,324.0,0,1,0,1,0,0,1,0.0,0.0,11.0,25
BOT,Kick Sauber,19.0,0 days 00:01:22.597000,0 days 00:00:28.561000,0 days 00:00:18.349000,0 days 00:00:35.687000,HARD,12.0,2.0,,,1,16.0,False,2024,Australia,R,82.597,28.561,18.349,35.687,82.934,0.3370000000000033,83.161,-0.5640000000000072,-0.3370000000000033,83.737,83.761,-0.02400000000000091,57.0,0.3333333333333333,28.0,0.42857142857142855,144.0,361.0,0,1,0,0,0,0,1,0.0,0.0,12.0,25
BOT,Kick Sauber,20.0,0 days 00:01:22.694000,0 days 00:00:28.723000,0 days 00:00:18.441000,0 days 00:00:35.530000,HARD,13.0,2.0,,,1,16.0,False,2024,Australia,R,82.694,28.723,18.441,35.53,82.934,0.23999999999999488,83.161,-0.46699999999999875,-0.23999999999999488,83.894,83.761,0.13300000000000978,57.0,0.3508771929824561,28.0,0.4642857142857143,169.0,400.0,0,1,0,0,0,0,1,0.0,0.0,13.0,25
BOT,Kick Sauber,21.0,0 days 00:01:22.439000,0 days 00:00:28.649000,0 days 00:00:18.320000,0 days 00:00:35.470000,HARD,14.0,2.0,,,1,16.0,False,2024,Australia,R,82.439,28.649,18.32,35.47,82.934,0.49500000000000455,83.161,-0.7220000000000084,-0.49500000000000455,83.699,83.761,-0.06199999999999761,57.0,0.3684210526315789,28.0,0.5,196.0,441.0,0,1,0,0,0,0,1,0.0,0.0,14.0,25
BOT,Kick Sauber,22.0,0 days 00:01:22.722000,0 days 00:00:28.696000,0 days 00:00:18.373000,0 days 00:00:35.653000,HARD,15.0,2.0,,,1,16.0,False,2024,Australia,R,82.722,28.696,18.373,35.653,82.934,0.2120000000000033,83.161,-0.43900000000000716,-0.2120000000000033,84.04199999999999,83.761,0.2809999999999917,57.0,0.38596491228070173,28.0,0.5357142857142857,225.0,484.0,0,1,0,0,0,0,1,0.0,0.0,15.0,25
BOT,Kick Sauber,23.0,0 days 00:01:22.340000,0 days 00:00:28.619000,0 days 00:00:18.290000,0 days 00:00:35.431000,HARD,16.0,2.0,,,1,16.0,False,2024,Australia,R,82.34,28.619,18.29,35.431,82.934,0.5939999999999941,83.161,-0.820999999999998,-0.5939999999999941,83.72,83.761,-0.04099999999999682,57.0,0.40350877192982454,28.0,0.5714285714285714,256.0,529.0,0,1,0,0,0,0,1,0.0,0.0,16.0,25
BOT,Kick Sauber,24.0,0 days 00:01:22.910000,0 days 00:00:28.931000,0 days 00:00:18.349000,0 days 00:00:35.630000,HARD,17.0,2.0,,,1,16.0,False,2024,Australia,R,82.91,28.931,18.349,35.63,82.934,0.02400000000000091,83.161,-0.2510000000000048,-0.02400000000000091,84.35,83.761,0.5889999999999986,57.0,0.42105263157894735,28.0,0.6071428571428571,289.0,576.0,0,1,0,0,0,0,1,0.0,0.0,17.0,25
BOT,Kick Sauber,25.0,0 days 00:01:22.551000,0 days 00:00:28.758000,0 days 00:00:18.280000,0 days 00:00:35.513000,HARD,18.0,2.0,,,1,16.0,False,2024,Australia,R,82.551,28.758,18.28,35.513,82.934,0.38299999999999557,83.161,-0.6099999999999994,-0.38299999999999557,84.051,83.761,0.29000000000000625,57.0,0.43859649122807015,28.0,0.6428571428571429,324.0,625.0,0,1,0,0,0,0,1,0.0,0.0,18.0,25
BOT,Kick Sauber,26.0,0 days 00:01:23.067000,0 days 00:00:28.904000,0 days 00:00:18.384000,0 days 00:00:35.779000,HARD,19.0,2.0,,,1,16.0,False,2024,Australia,R,83.067,28.904,18.384,35.779,82.934,0.13299999999999557,83.161,-0.0940000000000083,0.13299999999999557,84.627,83.761,0.8659999999999997,57.0,0.45614035087719296,28.0,0.6785714285714286,361.0,676.0,0,1,0,0,0,0,1,0.0,0.0,19.0,25
BOT,Kick Sauber,27.0,0 days 00:01:22.934000,0 days 00:00:28.816000,0 days 00:00:18.434000,0 days 00:00:35.684000,HARD,20.0,2.0,,,1,16.0,False,2024,Australia,R,82.934,28.816,18.434,35.684,82.934,0.0,83.161,-0.22700000000000387,0.0,84.554,83.761,0.7930000000000064,57.0,0.47368421052631576,28.0,0.7142857142857143,400.0,729.0,0,1,0,0,0,0,1,0.0,0.0,20.0,25
BOT,Kick Sauber,28.0,0 days 00:01:22.948000,0 days 00:00:28.842000,0 days 00:00:18.393000,0 days 00:00:35.713000,HARD,21.0,2.0,,,1,16.0,False,2024,Australia,R,82.948,28.842,18.393,35.713,82.934,0.013999999999995794,83.161,-0.21300000000000807,0.013999999999995794,84.628,83.761,0.8670000000000044,57.0,0.49122807017543857,28.0,0.75,441.0,784.0,0,1,0,0,0,0,1,0.0,0.0,21.0,25
BOT,Kick Sauber,29.0,0 days 00:01:22.835000,0 days 00:00:28.797000,0 days 00:00:18.325000,0 days 00:00:35.713000,HARD,22.0,2.0,,,1,16.0,False,2024,Australia,R,82.835,28.797,18.325,35.713,82.934,0.09900000000000375,83.161,-0.3260000000000076,-0.09900000000000375,84.57499999999999,83.761,0.813999999999993,57.0,0.5087719298245614,28.0,0.7857142857142857,484.0,841.0,0,1,0,0,0,0,1,0.0,0.0,22.0,25
BOT,Kick Sauber,30.0,0 days 00:01:22.998000,0 days 00:00:28.746000,0 days 00:00:18.429000,0 days 00:00:35.823000,HARD,23.0,2.0,,,1,15.0,False,2024,Australia,R,82.998,28.746,18.429,35.823,82.934,0.06400000000000716,83.161,-0.1629999999999967,0.06400000000000716,84.798,83.761,1.0370000000000061,57.0,0.5263157894736842,28.0,0.8214285714285714,529.0,900.0,0,1,0,0,0,0,1,0.0,0.0,23.0,25
BOT,Kick Sauber,31.0,0 days 00:01:23.010000,0 days 00:00:28.842000,0 days 00:00:18.500000,0 days 00:00:35.668000,HARD,24.0,2.0,,,1,15.0,False,2024,Australia,R,83.01,28.842,18.5,35.668,82.934,0.07600000000000762,83.161,-0.15099999999999625,0.07600000000000762,84.87,83.761,1.1090000000000089,57.0,0.543859649122807,28.0,0.8571428571428571,576.0,961.0,0,1,0,0,0,0,1,0.0,0.0,24.0,25
BOT,Kick Sauber,32.0,0 days 00:01:22.897000,0 days 00:00:28.941000,0 days 00:00:18.313000,0 days 00:00:35.643000,HARD,25.0,2.0,,,1,15.0,False,2024,Australia,R,82.897,28.941,18.313,35.643,82.934,0.03699999999999193,83.161,-0.2639999999999958,-0.03699999999999193,84.81700000000001,83.761,1.0560000000000116,57.0,0.5614035087719298,28.0,0.8928571428571429,625.0,1024.0,0,1,0,0,0,0,1,0.0,0.0,25.0,25
BOT,Kick Sauber,33.0,0 days 00:01:22.851000,0 days 00:00:28.880000,0 days 00:00:18.328000,0 days 00:00:35.643000,HARD,26.0,2.0,,,1,15.0,False,2024,Australia,R,82.851,28.88,18.328,35.643,82.934,0.08299999999999841,83.161,-0.3100000000000023,-0.08299999999999841,84.831,83.761,1.0700000000000074,57.0,0.5789473684210527,28.0,0.9285714285714286,676.0,1089.0,0,1,0,0,0,0,1,0.0,0.0,26.0,25
BOT,Kick Sauber,34.0,0 days 00:01:26.453000,0 days 00:00:31.308000,0 days 00:00:18.233000,0 days 00:00:36.912000,HARD,27.0,2.0,,,1,15.0,False,2024,Australia,R,86.453,31.308,18.233,36.912,82.934,3.5190000000000055,83.161,3.2920000000000016,3.5190000000000055,88.49300000000001,83.761,4.7320000000000135,57.0,0.5964912280701754,28.0,0.9642857142857143,729.0,1156.0,0,1,0,0,0,0,1,0.0,0.0,27.0,25
BOT,Kick Sauber,35.0,0 days 00:01:23.446000,0 days 00:00:29.157000,0 days 00:00:18.464000,0 days 00:00:35.825000,HARD,28.0,2.0,,,1,14.0,False,2024,Australia,R,83.446,29.157,18.464,35.825,82.934,0.5120000000000005,83.161,0.2849999999999966,0.5120000000000005,85.54599999999999,83.761,1.7849999999999966,57.0,0.6140350877192983,28.0,1.0,784.0,1225.0,0,1,0,0,0,0,1,0.0,0.0,28.0,25
BOT,Kick Sauber,38.0,0 days 00:01:21.755000,0 days 00:00:28.421000,0 days 00:00:18.251000,0 days 00:00:35.083000,HARD,2.0,3.0,,,1,16.0,False,2024,Australia,R,81.755,28.421,18.251,35.083,82.934,1.179000000000002,81.755,0.0,-1.179000000000002,84.035,84.035,0.0,57.0,0.6666666666666666,20.0,0.1,4.0,1444.0,0,0,1,0,0,0,1,0.0,0.0,2.0,19
BOT,Kick Sauber,39.0,0 days 00:01:21.646000,0 days 00:00:28.382000,0 days 00:00:18.300000,0 days 00:00:34.964000,HARD,3.0,3.0,,,1,16.0,False,2024,Australia,R,81.646,28.382,18.3,34.964,82.934,1.2879999999999967,81.755,-0.10899999999999466,-1.2879999999999967,83.986,84.035,-0.04899999999999238,57.0,0.6842105263157895,20.0,0.15,9.0,1521.0,0,0,1,0,0,0,1,0.0,0.0,3.0,19
BOT,Kick Sauber,40.0,0 days 00:01:21.533000,0 days 00:00:28.298000,0 days 00:00:18.215000,0 days 00:00:35.020000,HARD,4.0,3.0,,,1,16.0,False,2024,Australia,R,81.533,28.298,18.215,35.02,82.934,1.4009999999999962,81.755,-0.2219999999999942,-1.4009999999999962,83.933,84.035,-0.10199999999998965,57.0,0.7017543859649122,20.0,0.2,16.0,1600.0,0,0,1,0,0,0,1,0.0,0.0,4.0,19
BOT,Kick Sauber,41.0,0 days 00:01:22.008000,0 days 00:00:28.575000,0 days 00:00:18.187000,0 days 00:00:35.246000,HARD,5.0,3.0,,,1,16.0,False,2024,Australia,R,82.008,28.575,18.187,35.246,82.934,0.9260000000000019,81.755,0.2530000000000001,-0.9260000000000019,84.46799999999999,84.035,0.4329999999999927,57.0,0.7192982456140351,20.0,0.25,25.0,1681.0,0,0,1,0,0,0,1,0.0,0.0,5.0,19
BOT,Kick Sauber,42.0,0 days 00:01:25.180000,0 days 00:00:30.103000,0 days 00:00:18.136000,0 days 00:00:36.941000,HARD,6.0,3.0,,,1,15.0,False,2024,Australia,R,85.18,30.103,18.136,36.941,82.934,2.2460000000000093,81.755,3.4250000000000114,2.2460000000000093,87.7,84.035,3.6650000000000063,57.0,0.7368421052631579,20.0,0.3,36.0,1764.0,0,0,1,0,0,0,1,0.0,0.0,6.0,19
BOT,Kick Sauber,43.0,0 days 00:01:22.889000,0 days 00:00:28.615000,0 days 00:00:18.510000,0 days 00:00:35.764000,HARD,7.0,3.0,,,1,15.0,False,2024,Australia,R,82.889,28.615,18.51,35.764,82.934,0.045000000000001705,81.755,1.1340000000000003,-0.045000000000001705,85.469,84.035,1.4339999999999975,57.0,0.7543859649122807,20.0,0.35,49.0,1849.0,0,0,1,0,0,0,1,0.0,0.0,7.0,19
BOT,Kick Sauber,44.0,0 days 00:01:23.241000,0 days 00:00:29.234000,0 days 00:00:18.562000,0 days 00:00:35.445000,HARD,8.0,3.0,,,1,15.0,False,2024,Australia,R,83.241,29.234,18.562,35.445,82.934,0.30700000000000216,81.755,1.4860000000000042,0.30700000000000216,85.881,84.035,1.8460000000000036,57.0,0.7719298245614035,20.0,0.4,64.0,1936.0,0,0,1,0,0,0,1,0.0,0.0,8.0,19
BOT,Kick Sauber,45.0,0 days 00:01:21.711000,0 days 00:00:28.591000,0 days 00:00:18.183000,0 days 00:00:34.937000,HARD,9.0,3.0,,,1,15.0,False,2024,Australia,R,81.711,28.591,18.183,34.937,82.934,1.222999999999999,81.755,-0.04399999999999693,-1.222999999999999,84.411,84.035,0.3760000000000048,57.0,0.7894736842105263,20.0,0.45,81.0,2025.0,0,0,1,0,0,0,1,0.0,0.0,9.0,19
BOT,Kick Sauber,46.0,0 days 00:01:21.554000,0 days 00:00:28.351000,0 days 00:00:18.097000,0 days 00:00:35.106000,HARD,10.0,3.0,,,1,15.0,False,2024,Australia,R,81.554,28.351,18.097,35.106,82.934,1.3799999999999955,81.755,-0.2009999999999934,-1.3799999999999955,84.31400000000001,84.035,0.2790000000000106,57.0,0.8070175438596491,20.0,0.5,100.0,2116.0,0,0,1,0,0,0,1,0.0,0.0,10.0,19
BOT,Kick Sauber,47.0,0 days 00:01:21.583000,0 days 00:00:28.425000,0 days 00:00:18.156000,0 days 00:00:35.002000,HARD,11.0,3.0,,,1,15.0,False,2024,Australia,R,81.583,28.425,18.156,35.002,82.934,1.350999999999999,81.755,-0.17199999999999704,-1.350999999999999,84.40299999999999,84.035,0.367999999999995,57.0,0.8245614035087719,20.0,0.55,121.0,2209.0,0,0,1,0,0,0,1,0.0,0.0,11.0,19
BOT,Kick Sauber,48.0,0 days 00:01:21.422000,0 days 00:00:28.327000,0 days 00:00:18.104000,0 days 00:00:34.991000,HARD,12.0,3.0,,,1,15.0,False,2024,Australia,R,81.422,28.327,18.104,34.991,82.934,1.5120000000000005,81.755,-0.3329999999999984,-1.5120000000000005,84.30199999999999,84.035,0.2669999999999959,57.0,0.8421052631578947,20.0,0.6,144.0,2304.0,0,0,1,0,0,0,1,0.0,0.0,12.0,19
BOT,Kick Sauber,49.0,0 days 00:01:21.457000,0 days 00:00:28.314000,0 days 00:00:18.137000,0 days 00:00:35.006000,HARD,13.0,3.0,,,1,15.0,False,2024,Australia,R,81.457,28.314,18.137,35.006,82.934,1.4770000000000039,81.755,-0.2980000000000018,-1.4770000000000039,84.39699999999999,84.035,0.36199999999999477,57.0,0.8596491228070176,20.0,0.65,169.0,2401.0,0,0,1,0,0,0,1,0.0,0.0,13.0,19
BOT,Kick Sauber,50.0,0 days 00:01:23.898000,0 days 00:00:29.635000,0 days 00:00:18.731000,0 days 00:00:35.532000,HARD,14.0,3.0,,,1,15.0,False,2024,Australia,R,83.898,29.635,18.731,35.532,82.934,0.9639999999999986,81.755,2.1430000000000007,0.9639999999999986,86.898,84.035,2.8629999999999995,57.0,0.8771929824561403,20.0,0.7,196.0,2500.0,0,0,1,0,0,0,1,0.0,0.0,14.0,19
BOT,Kick Sauber,51.0,0 days 00:01:21.649000,0 days 00:00:28.418000,0 days 00:00:18.133000,0 days 00:00:35.098000,HARD,15.0,3.0,,,1,15.0,False,2024,Australia,R,81.649,28.418,18.133,35.098,82.934,1.2849999999999966,81.755,-0.10599999999999454,-1.2849999999999966,84.709,84.035,0.6740000000000066,57.0,0.8947368421052632,20.0,0.75,225.0,2601.0,0,0,1,0,0,0,1,0.0,0.0,15.0,19
BOT,Kick Sauber,52.0,0 days 00:01:22.056000,0 days 00:00:28.552000,0 days 00:00:18.262000,0 days 00:00:35.242000,HARD,16.0,3.0,,,1,15.0,False,2024,Australia,R,82.056,28.552,18.262,35.242,82.934,0.8780000000000001,81.755,0.30100000000000193,-0.8780000000000001,85.176,84.035,1.1410000000000053,57.0,0.9122807017543859,20.0,0.8,256.0,2704.0,0,0,1,0,0,0,1,0.0,0.0,16.0,19
BOT,Kick Sauber,53.0,0 days 00:01:21.820000,0 days 00:00:28.427000,0 days 00:00:18.228000,0 days 00:00:35.165000,HARD,17.0,3.0,,,1,15.0,False,2024,Australia,R,81.82,28.427,18.228,35.165,82.934,1.1140000000000043,81.755,0.06499999999999773,-1.1140000000000043,85.0,84.035,0.9650000000000034,57.0,0.9298245614035088,20.0,0.85,289.0,2809.0,0,0,1,0,0,0,1,0.0,0.0,17.0,19
BOT,Kick Sauber,54.0,0 days 00:01:22.029000,0 days 00:00:28.513000,0 days 00:00:18.274000,0 days 00:00:35.242000,HARD,18.0,3.0,,,1,15.0,False,2024,Australia,R,82.029,28.513,18.274,35.242,82.934,0.9050000000000011,81.755,0.2740000000000009,-0.9050000000000011,85.26899999999999,84.035,1.2339999999999947,57.0,0.9473684210526315,20.0,0.9,324.0,2916.0,0,0,1,0,0,0,1,0.0,0.0,18.0,19
BOT,Kick Sauber,55.0,0 days 00:01:22.010000,0 days 00:00:28.396000,0 days 00:00:18.405000,0 days 00:00:35.209000,HARD,19.0,3.0,,,1,15.0,False,2024,Australia,R,82.01,28.396,18.405,35.209,82.934,0.9239999999999924,81.755,0.25500000000000966,-0.9239999999999924,85.31,84.035,1.2750000000000057,57.0,0.9649122807017544,20.0,0.95,361.0,3025.0,0,0,1,0,0,0,1,0.0,0.0,19.0,19
BOT,Kick Sauber,56.0,0 days 00:01:28.050000,0 days 00:00:28.487000,0 days 00:00:18.199000,0 days 00:00:41.364000,HARD,20.0,3.0,,,126,15.0,False,2024,Australia,R,88.05,28.487,18.199,41.364,82.934,5.116,81.755,6.295000000000002,5.116,91.41,84.035,7.375,57.0,0.9824561403508771,20.0,1.0,400.0,3136.0,0,0,1,0,0,0,1,0.0,0.0,20.0,19
GAS,Alpine,2.0,0 days 00:01:24.649000,0 days 00:00:29.905000,0 days 00:00:18.241000,0 days 00:00:36.503000,MEDIUM,2.0,1.0,,,1,17.0,False,2024,Australia,R,84.649,29.905,18.241,36.503,83.225,1.4240000000000066,84.649,0.0,1.4240000000000066,84.769,84.769,0.0,57.0,0.03508771929824561,16.0,0.125,4.0,4.0,1,0,0,1,0,1,0,0.0,2.0,0.0,15
GAS,Alpine,3.0,0 days 00:01:23.851000,0 days 00:00:29.379000,0 days 00:00:18.148000,0 days 00:00:36.324000,MEDIUM,3.0,1.0,,,1,17.0,False,2024,Australia,R,83.851,29.379,18.148,36.324,83.225,0.6260000000000048,84.649,-0.7980000000000018,0.6260000000000048,84.031,84.769,-0.7379999999999995,57.0,0.05263157894736842,16.0,0.1875,9.0,9.0,1,0,0,1,0,1,0,0.0,3.0,0.0,15
GAS,Alpine,4.0,0 days 00:01:23.700000,0 days 00:00:29.050000,0 days 00:00:18.116000,0 days 00:00:36.534000,MEDIUM,4.0,1.0,,,1,16.0,False,2024,Australia,R,83.7,29.05,18.116,36.534,83.225,0.4750000000000085,84.649,-0.9489999999999981,0.4750000000000085,83.94,84.769,-0.8290000000000077,57.0,0.07017543859649122,16.0,0.25,16.0,16.0,1,0,0,1,0,1,0,0.0,4.0,0.0,15
GAS,Alpine,5.0,0 days 00:01:24.526000,0 days 00:00:29.693000,0 days 00:00:17.983000,0 days 00:00:36.850000,MEDIUM,5.0,1.0,,,1,16.0,False,2024,Australia,R,84.526,29.693,17.983,36.85,83.225,1.301000000000002,84.649,-0.12300000000000466,1.301000000000002,84.826,84.769,0.05699999999998795,57.0,0.08771929824561403,16.0,0.3125,25.0,25.0,1,0,0,1,0,1,0,0.0,5.0,0.0,15
GAS,Alpine,6.0,0 days 00:01:23.912000,0 days 00:00:29.368000,0 days 00:00:18.107000,0 days 00:00:36.437000,MEDIUM,6.0,1.0,,,1,15.0,False,2024,Australia,R,83.912,29.368,18.107,36.437,83.225,0.6870000000000118,84.649,-0.7369999999999948,0.6870000000000118,84.272,84.769,-0.4969999999999999,57.0,0.10526315789473684,16.0,0.375,36.0,36.0,1,0,0,1,0,1,0,0.0,6.0,0.0,15
GAS,Alpine,7.0,0 days 00:01:23.445000,0 days 00:00:29.068000,0 days 00:00:18.122000,0 days 00:00:36.255000,MEDIUM,7.0,1.0,,,1,13.0,False,2024,Australia,R,83.445,29.068,18.122,36.255,83.225,0.21999999999999886,84.649,-1.2040000000000077,0.21999999999999886,83.865,84.769,-0.9040000000000106,57.0,0.12280701754385964,16.0,0.4375,49.0,49.0,1,0,0,1,0,1,0,0.0,7.0,0.0,15
GAS,Alpine,8.0,0 days 00:01:23.879000,0 days 00:00:29.380000,0 days 00:00:18.109000,0 days 00:00:36.390000,MEDIUM,8.0,1.0,,,1,10.0,False,2024,Australia,R,83.879,29.38,18.109,36.39,83.225,0.6540000000000106,84.649,-0.769999999999996,0.6540000000000106,84.35900000000001,84.769,-0.4099999999999966,57.0,0.14035087719298245,16.0,0.5,64.0,64.0,1,0,0,1,0,1,0,0.0,8.0,0.0,15
GAS,Alpine,9.0,0 days 00:01:23.829000,0 days 00:00:29.349000,0 days 00:00:18.235000,0 days 00:00:36.245000,MEDIUM,9.0,1.0,,,1,8.0,False,2024,Australia,R,83.829,29.349,18.235,36.245,83.225,0.6039999999999992,84.649,-0.8200000000000074,0.6039999999999992,84.369,84.769,-0.4000000000000057,57.0,0.15789473684210525,16.0,0.5625,81.0,81.0,1,0,0,1,0,1,0,0.0,9.0,0.0,15
GAS,Alpine,10.0,0 days 00:01:23.856000,0 days 00:00:29.318000,0 days 00:00:18.150000,0 days 00:00:36.388000,MEDIUM,10.0,1.0,,,1,6.0,False,2024,Australia,R,83.856,29.318,18.15,36.388,83.225,0.6310000000000002,84.649,-0.7930000000000064,0.6310000000000002,84.45599999999999,84.769,-0.3130000000000166,57.0,0.17543859649122806,16.0,0.625,100.0,100.0,1,0,0,1,0,1,0,0.0,10.0,0.0,15
GAS,Alpine,11.0,0 days 00:01:25.397000,0 days 00:00:29.402000,0 days 00:00:18.252000,0 days 00:00:37.743000,MEDIUM,11.0,1.0,,,1,8.0,False,2024,Australia,R,85.397,29.402,18.252,37.743,83.225,2.1720000000000113,84.649,0.7480000000000047,2.1720000000000113,86.057,84.769,1.2879999999999967,57.0,0.19298245614035087,16.0,0.6875,121.0,121.0,1,0,0,1,0,1,0,0.0,11.0,0.0,15
GAS,Alpine,12.0,0 days 00:01:24.625000,0 days 00:00:29.816000,0 days 00:00:18.154000,0 days 00:00:36.655000,MEDIUM,12.0,1.0,,,1,8.0,False,2024,Australia,R,84.625,29.816,18.154,36.655,83.225,1.4000000000000057,84.649,-0.02400000000000091,1.4000000000000057,85.345,84.769,0.5759999999999934,57.0,0.21052631578947367,16.0,0.75,144.0,144.0,1,0,0,1,0,1,0,0.0,12.0,0.0,15
GAS,Alpine,13.0,0 days 00:01:24.049000,0 days 00:00:29.379000,0 days 00:00:18.093000,0 days 00:00:36.577000,MEDIUM,13.0,1.0,,,1,8.0,False,2024,Australia,R,84.049,29.379,18.093,36.577,83.225,0.8240000000000123,84.649,-0.5999999999999943,0.8240000000000123,84.82900000000001,84.769,0.060000000000002274,57.0,0.22807017543859648,16.0,0.8125,169.0,169.0,1,0,0,1,0,1,0,0.0,13.0,0.0,15
GAS,Alpine,14.0,0 days 00:01:24.104000,0 days 00:00:29.430000,0 days 00:00:18.090000,0 days 00:00:36.584000,MEDIUM,14.0,1.0,,,1,8.0,False,2024,Australia,R,84.104,29.43,18.09,36.584,83.225,0.8790000000000049,84.649,-0.5450000000000017,0.8790000000000049,84.944,84.769,0.17499999999999716,57.0,0.24561403508771928,16.0,0.875,196.0,196.0,1,0,0,1,0,1,0,0.0,14.0,0.0,15
GAS,Alpine,15.0,0 days 00:01:24.100000,0 days 00:00:29.378000,0 days 00:00:18.207000,0 days 00:00:36.515000,MEDIUM,15.0,1.0,,,1,7.0,False,2024,Australia,R,84.1,29.378,18.207,36.515,83.225,0.875,84.649,-0.5490000000000066,0.875,85.0,84.769,0.23099999999999454,57.0,0.2631578947368421,16.0,0.9375,225.0,225.0,1,0,0,1,0,1,0,0.0,15.0,0.0,15
GAS,Alpine,16.0,0 days 00:01:25.367000,0 days 00:00:29.942000,0 days 00:00:18.256000,0 days 00:00:37.169000,MEDIUM,16.0,1.0,,,1,8.0,False,2024,Australia,R,85.367,29.942,18.256,37.169,83.225,2.14200000000001,84.649,0.7180000000000035,2.14200000000001,86.327,84.769,1.5579999999999927,57.0,0.2807017543859649,16.0,1.0,256.0,256.0,1,0,0,1,0,1,0,0.0,16.0,0.0,15
GAS,Alpine,19.0,0 days 00:01:23.922000,0 days 00:00:29.141000,0 days 00:00:18.401000,0 days 00:00:36.380000,HARD,2.0,2.0,,,1,15.0,False,2024,Australia,R,83.922,29.141,18.401,36.38,83.225,0.6970000000000027,83.922,0.0,0.6970000000000027,85.062,85.062,0.0,57.0,0.3333333333333333,23.0,0.08695652173913043,4.0,361.0,0,1,0,0,0,0,1,0.0,0.0,2.0,22
GAS,Alpine,20.0,0 days 00:01:23.662000,0 days 00:00:29.060000,0 days 00:00:18.369000,0 days 00:00:36.233000,HARD,3.0,2.0,,,1,15.0,False,2024,Australia,R,83.662,29.06,18.369,36.233,83.225,0.4370000000000118,83.922,-0.2599999999999909,0.4370000000000118,84.86200000000001,85.062,-0.19999999999998863,57.0,0.3508771929824561,23.0,0.13043478260869565,9.0,400.0,0,1,0,0,0,0,1,0.0,0.0,3.0,22
GAS,Alpine,21.0,0 days 00:01:23.241000,0 days 00:00:28.904000,0 days 00:00:18.274000,0 days 00:00:36.063000,HARD,4.0,2.0,,,1,15.0,False,2024,Australia,R,83.241,28.904,18.274,36.063,83.225,0.016000000000005343,83.922,-0.6809999999999974,0.016000000000005343,84.501,85.062,-0.5609999999999928,57.0,0.3684210526315789,23.0,0.17391304347826086,16.0,441.0,0,1,0,0,0,0,1,0.0,0.0,4.0,22
GAS,Alpine,22.0,0 days 00:01:23.045000,0 days 00:00:28.793000,0 days 00:00:18.236000,0 days 00:00:36.016000,HARD,5.0,2.0,,,1,15.0,False,2024,Australia,R,83.045,28.793,18.236,36.016,83.225,0.1799999999999926,83.922,-0.8769999999999953,-0.1799999999999926,84.365,85.062,-0.6970000000000027,57.0,0.38596491228070173,23.0,0.21739130434782608,25.0,484.0,0,1,0,0,0,0,1,0.0,0.0,5.0,22
GAS,Alpine,23.0,0 days 00:01:22.929000,0 days 00:00:28.898000,0 days 00:00:18.198000,0 days 00:00:35.833000,HARD,6.0,2.0,,,1,15.0,False,2024,Australia,R,82.929,28.898,18.198,35.833,83.225,0.29599999999999227,83.922,-0.992999999999995,-0.29599999999999227,84.309,85.062,-0.7530000000000001,57.0,0.40350877192982454,23.0,0.2608695652173913,36.0,529.0,0,1,0,0,0,0,1,0.0,0.0,6.0,22
GAS,Alpine,24.0,0 days 00:01:23.001000,0 days 00:00:28.729000,0 days 00:00:18.222000,0 days 00:00:36.050000,HARD,7.0,2.0,,,1,15.0,False,2024,Australia,R,83.001,28.729,18.222,36.05,83.225,0.22399999999998954,83.922,-0.9209999999999923,-0.22399999999998954,84.441,85.062,-0.6209999999999951,57.0,0.42105263157894735,23.0,0.30434782608695654,49.0,576.0,0,1,0,0,0,0,1,0.0,0.0,7.0,22
GAS,Alpine,25.0,0 days 00:01:22.933000,0 days 00:00:28.803000,0 days 00:00:18.241000,0 days 00:00:35.889000,HARD,8.0,2.0,,,1,15.0,False,2024,Australia,R,82.933,28.803,18.241,35.889,83.225,0.2919999999999874,83.922,-0.9889999999999901,-0.2919999999999874,84.433,85.062,-0.6289999999999907,57.0,0.43859649122807015,23.0,0.34782608695652173,64.0,625.0,0,1,0,0,0,0,1,0.0,0.0,8.0,22
GAS,Alpine,26.0,0 days 00:01:23.015000,0 days 00:00:28.851000,0 days 00:00:18.346000,0 days 00:00:35.818000,HARD,9.0,2.0,,,1,15.0,False,2024,Australia,R,83.015,28.851,18.346,35.818,83.225,0.20999999999999375,83.922,-0.9069999999999965,-0.20999999999999375,84.575,85.062,-0.48699999999999477,57.0,0.45614035087719296,23.0,0.391304347826087,81.0,676.0,0,1,0,0,0,0,1,0.0,0.0,9.0,22
GAS,Alpine,27.0,0 days 00:01:22.904000,0 days 00:00:28.749000,0 days 00:00:18.186000,0 days 00:00:35.969000,HARD,10.0,2.0,,,1,14.0,False,2024,Australia,R,82.904,28.749,18.186,35.969,83.225,0.32099999999999795,83.922,-1.0180000000000007,-0.32099999999999795,84.524,85.062,-0.5379999999999967,57.0,0.47368421052631576,23.0,0.43478260869565216,100.0,729.0,0,1,0,0,0,0,1,0.0,0.0,10.0,22
GAS,Alpine,28.0,0 days 00:01:22.674000,0 days 00:00:28.974000,0 days 00:00:17.953000,0 days 00:00:35.747000,HARD,11.0,2.0,,,1,14.0,False,2024,Australia,R,82.674,28.974,17.953,35.747,83.225,0.5509999999999877,83.922,-1.2479999999999905,-0.5509999999999877,84.35400000000001,85.062,-0.7079999999999842,57.0,0.49122807017543857,23.0,0.4782608695652174,121.0,784.0,0,1,0,0,0,0,1,0.0,0.0,11.0,22
GAS,Alpine,29.0,0 days 00:01:22.708000,0 days 00:00:28.988000,0 days 00:00:17.968000,0 days 00:00:35.752000,HARD,12.0,2.0,,,1,13.0,False,2024,Australia,R,82.708,28.988,17.968,35.752,83.225,0.5169999999999959,83.922,-1.2139999999999986,-0.5169999999999959,84.448,85.062,-0.6140000000000043,57.0,0.5087719298245614,23.0,0.5217391304347826,144.0,841.0,0,1,0,0,0,0,1,0.0,0.0,12.0,22
GAS,Alpine,30.0,0 days 00:01:22.990000,0 days 00:00:28.857000,0 days 00:00:17.993000,0 days 00:00:36.140000,HARD,13.0,2.0,,,1,13.0,False,2024,Australia,R,82.99,28.857,17.993,36.14,83.225,0.23499999999999943,83.922,-0.9320000000000022,-0.23499999999999943,84.78999999999999,85.062,-0.27200000000000557,57.0,0.5263157894736842,23.0,0.5652173913043478,169.0,900.0,0,1,0,0,0,0,1,0.0,0.0,13.0,22
GAS,Alpine,31.0,0 days 00:01:22.727000,0 days 00:00:28.855000,0 days 00:00:17.990000,0 days 00:00:35.882000,HARD,14.0,2.0,,,1,13.0,False,2024,Australia,R,82.727,28.855,17.99,35.882,83.225,0.49799999999999045,83.922,-1.1949999999999932,-0.49799999999999045,84.587,85.062,-0.4749999999999943,57.0,0.543859649122807,23.0,0.6086956521739131,196.0,961.0,0,1,0,0,0,0,1,0.0,0.0,14.0,22
GAS,Alpine,32.0,0 days 00:01:23.245000,0 days 00:00:28.996000,0 days 00:00:18.019000,0 days 00:00:36.230000,HARD,15.0,2.0,,,1,13.0,False,2024,Australia,R,83.245,28.996,18.019,36.23,83.225,0.020000000000010232,83.922,-0.6769999999999925,0.020000000000010232,85.165,85.062,0.10300000000000864,57.0,0.5614035087719298,23.0,0.6521739130434783,225.0,1024.0,0,1,0,0,0,0,1,0.0,0.0,15.0,22
GAS,Alpine,33.0,0 days 00:01:23.215000,0 days 00:00:28.788000,0 days 00:00:17.980000,0 days 00:00:36.447000,HARD,16.0,2.0,,,1,12.0,False,2024,Australia,R,83.215,28.788,17.98,36.447,83.225,0.009999999999990905,83.922,-0.7069999999999936,-0.009999999999990905,85.19500000000001,85.062,0.13300000000000978,57.0,0.5789473684210527,23.0,0.6956521739130435,256.0,1089.0,0,1,0,0,0,0,1,0.0,0.0,16.0,22
GAS,Alpine,34.0,0 days 00:01:23.036000,0 days 00:00:28.986000,0 days 00:00:18.083000,0 days 00:00:35.967000,HARD,17.0,2.0,,,1,12.0,False,2024,Australia,R,83.036,28.986,18.083,35.967,83.225,0.18899999999999295,83.922,-0.8859999999999957,-0.18899999999999295,85.07600000000001,85.062,0.014000000000010004,57.0,0.5964912280701754,23.0,0.7391304347826086,289.0,1156.0,0,1,0,0,0,0,1,0.0,0.0,17.0,22
GAS,Alpine,35.0,0 days 00:01:23.225000,0 days 00:00:28.898000,0 days 00:00:17.957000,0 days 00:00:36.370000,HARD,18.0,2.0,,,1,10.0,False,2024,Australia,R,83.225,28.898,17.957,36.37,83.225,0.0,83.922,-0.6970000000000027,0.0,85.32499999999999,85.062,0.262999999999991,57.0,0.6140350877192983,23.0,0.782608695652174,324.0,1225.0,0,1,0,0,0,0,1,0.0,0.0,18.0,22
GAS,Alpine,36.0,0 days 00:01:22.840000,0 days 00:00:28.631000,0 days 00:00:18.346000,0 days 00:00:35.863000,HARD,19.0,2.0,,,1,10.0,False,2024,Australia,R,82.84,28.631,18.346,35.863,83.225,0.3849999999999909,83.922,-1.0819999999999936,-0.3849999999999909,85.0,85.062,-0.06199999999999761,57.0,0.631578947368421,23.0,0.8260869565217391,361.0,1296.0,0,1,0,0,0,0,1,0.0,0.0,19.0,22
GAS,Alpine,37.0,0 days 00:01:23.326000,0 days 00:00:28.965000,0 days 00:00:18.388000,0 days 00:00:35.973000,HARD,20.0,2.0,,,1,9.0,False,2024,Australia,R,83.326,28.965,18.388,35.973,83.225,0.10099999999999909,83.922,-0.5960000000000036,0.10099999999999909,85.54599999999999,85.062,0.48399999999999466,57.0,0.6491228070175439,23.0,0.8695652173913043,400.0,1369.0,0,1,0,0,0,0,1,0.0,0.0,20.0,22
GAS,Alpine,38.0,0 days 00:01:25.109000,0 days 00:00:30.199000,0 days 00:00:18.344000,0 days 00:00:36.566000,HARD,21.0,2.0,,,1,9.0,False,2024,Australia,R,85.109,30.199,18.344,36.566,83.225,1.8840000000000003,83.922,1.1869999999999976,1.8840000000000003,87.389,85.062,2.326999999999998,57.0,0.6666666666666666,23.0,0.9130434782608695,441.0,1444.0,0,1,1,0,0,0,1,0.0,0.0,21.0,22
GAS,Alpine,39.0,0 days 00:01:23.016000,0 days 00:00:28.723000,0 days 00:00:18.282000,0 days 00:00:36.011000,HARD,22.0,2.0,,,1,9.0,False,2024,Australia,R,83.016,28.723,18.282,36.011,83.225,0.20899999999998897,83.922,-0.9059999999999917,-0.20899999999998897,85.35600000000001,85.062,0.29400000000001114,57.0,0.6842105263157895,23.0,0.9565217391304348,484.0,1521.0,0,1,1,0,0,0,1,0.0,0.0,22.0,22
GAS,Alpine,40.0,0 days 00:01:25.020000,0 days 00:00:28.917000,0 days 00:00:18.214000,0 days 00:00:37.889000,HARD,23.0,2.0,,,1,10.0,False,2024,Australia,R,85.02,28.917,18.214,37.889,83.225,1.7950000000000017,83.922,1.097999999999999,1.7950000000000017,87.42,85.062,2.358000000000004,57.0,0.7017543859649122,23.0,1.0,529.0,1600.0,0,1,1,0,0,0,1,0.0,0.0,23.0,22
GAS,Alpine,43.0,0 days 00:01:24.419000,0 days 00:00:28.467000,0 days 00:00:19.217000,0 days 00:00:36.735000,HARD,2.0,3.0,,,1,14.0,False,2024,Australia,R,84.419,28.467,19.217,36.735,83.225,1.1940000000000026,84.419,0.0,1.1940000000000026,86.999,86.999,0.0,57.0,0.7543859649122807,15.0,0.13333333333333333,4.0,1849.0,0,0,1,0,0,0,1,0.0,0.0,2.0,14
GAS,Alpine,44.0,0 days 00:01:21.447000,0 days 00:00:28.348000,0 days 00:00:18.045000,0 days 00:00:35.054000,HARD,3.0,3.0,,,1,14.0,False,2024,Australia,R,81.447,28.348,18.045,35.054,83.225,1.7779999999999916,84.419,-2.971999999999994,-1.7779999999999916,84.087,86.999,-2.911999999999992,57.0,0.7719298245614035,15.0,0.2,9.0,1936.0,0,0,1,0,0,0,1,0.0,0.0,3.0,14
GAS,Alpine,45.0,0 days 00:01:22.079000,0 days 00:00:29.395000,0 days 00:00:17.816000,0 days 00:00:34.868000,HARD,4.0,3.0,,,1,14.0,False,2024,Australia,R,82.079,29.395,17.816,34.868,83.225,1.1460000000000008,84.419,-2.3400000000000034,-1.1460000000000008,84.779,86.999,-2.219999999999999,57.0,0.7894736842105263,15.0,0.26666666666666666,16.0,2025.0,0,0,1,0,0,0,1,0.0,0.0,4.0,14
GAS,Alpine,46.0,0 days 00:01:21.220000,0 days 00:00:28.209000,0 days 00:00:18.001000,0 days 00:00:35.010000,HARD,5.0,3.0,,,1,14.0,False,2024,Australia,R,81.22,28.209,18.001,35.01,83.225,2.0049999999999955,84.419,-3.198999999999998,-2.0049999999999955,83.98,86.999,-3.0189999999999912,57.0,0.8070175438596491,15.0,0.3333333333333333,25.0,2116.0,0,0,1,0,0,0,1,0.0,0.0,5.0,14
GAS,Alpine,47.0,0 days 00:01:21.275000,0 days 00:00:28.128000,0 days 00:00:17.982000,0 days 00:00:35.165000,HARD,6.0,3.0,,,1,14.0,False,2024,Australia,R,81.275,28.128,17.982,35.165,83.225,1.9499999999999886,84.419,-3.1439999999999912,-1.9499999999999886,84.095,86.999,-2.9039999999999964,57.0,0.8245614035087719,15.0,0.4,36.0,2209.0,0,0,1,0,0,0,1,0.0,0.0,6.0,14
GAS,Alpine,48.0,0 days 00:01:21.211000,0 days 00:00:28.320000,0 days 00:00:17.977000,0 days 00:00:34.914000,HARD,7.0,3.0,,,1,14.0,False,2024,Australia,R,81.211,28.32,17.977,34.914,83.225,2.013999999999996,84.419,-3.2079999999999984,-2.013999999999996,84.091,86.999,-2.9080000000000013,57.0,0.8421052631578947,15.0,0.4666666666666667,49.0,2304.0,0,0,1,0,0,0,1,0.0,0.0,7.0,14
GAS,Alpine,49.0,0 days 00:01:21.340000,0 days 00:00:28.468000,0 days 00:00:17.975000,0 days 00:00:34.897000,HARD,8.0,3.0,,,1,14.0,False,2024,Australia,R,81.34,28.468,17.975,34.897,83.225,1.884999999999991,84.419,-3.0789999999999935,-1.884999999999991,84.28,86.999,-2.718999999999994,57.0,0.8596491228070176,15.0,0.5333333333333333,64.0,2401.0,0,0,1,0,0,0,1,0.0,0.0,8.0,14
GAS,Alpine,50.0,0 days 00:01:21.222000,0 days 00:00:28.249000,0 days 00:00:18.088000,0 days 00:00:34.885000,HARD,9.0,3.0,,,1,14.0,False,2024,Australia,R,81.222,28.249,18.088,34.885,83.225,2.003,84.419,-3.1970000000000027,-2.003,84.222,86.999,-2.777000000000001,57.0,0.8771929824561403,15.0,0.6,81.0,2500.0,0,0,1,0,0,0,1,0.0,0.0,9.0,14
GAS,Alpine,51.0,0 days 00:01:21.090000,0 days 00:00:28.224000,0 days 00:00:18.052000,0 days 00:00:34.814000,HARD,10.0,3.0,,,1,14.0,False,2024,Australia,R,81.09,28.224,18.052,34.814,83.225,2.134999999999991,84.419,-3.3289999999999935,-2.134999999999991,84.15,86.999,-2.8489999999999895,57.0,0.8947368421052632,15.0,0.6666666666666666,100.0,2601.0,0,0,1,0,0,0,1,0.0,0.0,10.0,14
GAS,Alpine,52.0,0 days 00:01:21.161000,0 days 00:00:28.228000,0 days 00:00:18.036000,0 days 00:00:34.897000,HARD,11.0,3.0,,,1,14.0,False,2024,Australia,R,81.161,28.228,18.036,34.897,83.225,2.063999999999993,84.419,-3.2579999999999956,-2.063999999999993,84.281,86.999,-2.7179999999999893,57.0,0.9122807017543859,15.0,0.7333333333333333,121.0,2704.0,0,0,1,0,0,0,1,0.0,0.0,11.0,14
GAS,Alpine,53.0,0 days 00:01:21.324000,0 days 00:00:28.293000,0 days 00:00:18.046000,0 days 00:00:34.985000,HARD,12.0,3.0,,,1,14.0,False,2024,Australia,R,81.324,28.293,18.046,34.985,83.225,1.9009999999999962,84.419,-3.094999999999999,-1.9009999999999962,84.50399999999999,86.999,-2.4950000000000045,57.0,0.9298245614035088,15.0,0.8,144.0,2809.0,0,0,1,0,0,0,1,0.0,0.0,12.0,14
GAS,Alpine,54.0,0 days 00:01:23.034000,0 days 00:00:29.613000,0 days 00:00:18.361000,0 days 00:00:35.060000,HARD,13.0,3.0,,,1,14.0,False,2024,Australia,R,83.034,29.613,18.361,35.06,83.225,0.1909999999999883,84.419,-1.384999999999991,-0.1909999999999883,86.274,86.999,-0.7249999999999943,57.0,0.9473684210526315,15.0,0.8666666666666667,169.0,2916.0,0,0,1,0,0,0,1,0.0,0.0,13.0,14
GAS,Alpine,55.0,0 days 00:01:21.427000,0 days 00:00:28.115000,0 days 00:00:18.119000,0 days 00:00:35.193000,HARD,14.0,3.0,,,1,14.0,False,2024,Australia,R,81.427,28.115,18.119,35.193,83.225,1.7979999999999876,84.419,-2.9919999999999902,-1.7979999999999876,84.727,86.999,-2.2719999999999914,57.0,0.9649122807017544,15.0,0.9333333333333333,196.0,3025.0,0,0,1,0,0,0,1,0.0,0.0,14.0,14
GAS,Alpine,56.0,0 days 00:01:26.911000,0 days 00:00:28.394000,0 days 00:00:18.123000,0 days 00:00:40.394000,HARD,15.0,3.0,,,126,14.0,False,2024,Australia,R,86.911,28.394,18.123,40.394,83.225,3.686000000000007,84.419,2.4920000000000044,3.686000000000007,90.271,86.999,3.2720000000000056,57.0,0.9824561403508771,15.0,1.0,225.0,3136.0,0,0,1,0,0,0,1,0.0,0.0,15.0,14
HAM,Mercedes,2.0,0 days 00:01:24.055000,0 days 00:00:29.971000,0 days 00:00:18.028000,0 days 00:00:36.056000,SOFT,2.0,1.0,,,1,10.0,False,2024,Australia,R,84.055,29.971,18.028,36.056,83.2055,0.8495000000000061,84.055,0.0,0.8495000000000061,84.17500000000001,84.17500000000001,0.0,57.0,0.03508771929824561,6.0,0.3333333333333333,4.0,4.0,1,0,0,1,1,0,0,2.0,0.0,0.0,5
HAM,Mercedes,3.0,0 days 00:01:23.070000,0 days 00:00:29.083000,0 days 00:00:18.050000,0 days 00:00:35.937000,SOFT,3.0,1.0,,,1,10.0,False,2024,Australia,R,83.07,29.083,18.05,35.937,83.2055,0.1355000000000075,84.055,-0.9850000000000136,-0.1355000000000075,83.25,84.17500000000001,-0.9250000000000114,57.0,0.05263157894736842,6.0,0.5,9.0,9.0,1,0,0,1,1,0,0,3.0,0.0,0.0,5
HAM,Mercedes,4.0,0 days 00:01:23.436000,0 days 00:00:29.088000,0 days 00:00:18.015000,0 days 00:00:36.333000,SOFT,4.0,1.0,,,1,9.0,False,2024,Australia,R,83.436,29.088,18.015,36.333,83.2055,0.23050000000000637,84.055,-0.6189999999999998,0.23050000000000637,83.676,84.17500000000001,-0.49900000000000944,57.0,0.07017543859649122,6.0,0.6666666666666666,16.0,16.0,1,0,0,1,1,0,0,4.0,0.0,0.0,5
HAM,Mercedes,5.0,0 days 00:01:23.556000,0 days 00:00:28.930000,0 days 00:00:18.561000,0 days 00:00:36.065000,SOFT,5.0,1.0,,,1,9.0,False,2024,Australia,R,83.556,28.93,18.561,36.065,83.2055,0.3504999999999967,84.055,-0.49900000000000944,0.3504999999999967,83.856,84.17500000000001,-0.3190000000000168,57.0,0.08771929824561403,6.0,0.8333333333333334,25.0,25.0,1,0,0,1,1,0,0,5.0,0.0,0.0,5
HAM,Mercedes,6.0,0 days 00:01:23.165000,0 days 00:00:29.165000,0 days 00:00:18.154000,0 days 00:00:35.846000,SOFT,6.0,1.0,,,1,9.0,False,2024,Australia,R,83.165,29.165,18.154,35.846,83.2055,0.04049999999999443,84.055,-0.8900000000000006,-0.04049999999999443,83.525,84.17500000000001,-0.6500000000000057,57.0,0.10526315789473684,6.0,1.0,36.0,36.0,1,0,0,1,1,0,0,6.0,0.0,0.0,5
HAM,Mercedes,9.0,0 days 00:01:22.555000,0 days 00:00:28.842000,0 days 00:00:17.977000,0 days 00:00:35.736000,HARD,2.0,2.0,,,1,12.0,False,2024,Australia,R,82.555,28.842,17.977,35.736,83.2055,0.6504999999999939,82.555,0.0,-0.6504999999999939,83.09500000000001,83.09500000000001,0.0,57.0,0.15789473684210525,8.0,0.25,4.0,81.0,0,1,0,1,0,0,1,0.0,0.0,2.0,6
HAM,Mercedes,11.0,0 days 00:01:22.444000,0 days 00:00:28.718000,0 days 00:00:18.168000,0 days 00:00:35.558000,HARD,4.0,2.0,,,1,11.0,False,2024,Australia,R,82.444,28.718,18.168,35.558,83.2055,0.7614999999999981,82.555,-0.1110000000000042,-0.7614999999999981,83.104,83.09500000000001,0.00899999999998613,57.0,0.19298245614035087,8.0,0.5,16.0,121.0,0,1,0,1,0,0,1,0.0,0.0,4.0,6
HAM,Mercedes,12.0,0 days 00:01:23.041000,0 days 00:00:29.006000,0 days 00:00:18.193000,0 days 00:00:35.842000,HARD,5.0,2.0,,,1,11.0,False,2024,Australia,R,83.041,29.006,18.193,35.842,83.2055,0.16450000000000387,82.555,0.48599999999999,-0.16450000000000387,83.761,83.09500000000001,0.6659999999999826,57.0,0.21052631578947367,8.0,0.625,25.0,144.0,0,1,0,1,0,0,1,0.0,0.0,5.0,6
HAM,Mercedes,13.0,0 days 00:01:23.246000,0 days 00:00:28.911000,0 days 00:00:18.146000,0 days 00:00:36.189000,HARD,6.0,2.0,,,1,11.0,False,2024,Australia,R,83.246,28.911,18.146,36.189,83.2055,0.04049999999999443,82.555,0.6909999999999883,0.04049999999999443,84.026,83.09500000000001,0.9309999999999832,57.0,0.22807017543859648,8.0,0.75,36.0,169.0,0,1,0,1,0,0,1,0.0,0.0,6.0,6
HAM,Mercedes,14.0,0 days 00:01:22.712000,0 days 00:00:28.876000,0 days 00:00:18.088000,0 days 00:00:35.748000,HARD,7.0,2.0,,,1,11.0,False,2024,Australia,R,82.712,28.876,18.088,35.748,83.2055,0.4934999999999974,82.555,0.15699999999999648,-0.4934999999999974,83.552,83.09500000000001,0.45699999999999363,57.0,0.24561403508771928,8.0,0.875,49.0,196.0,0,1,0,1,0,0,1,0.0,0.0,7.0,6
HAM,Mercedes,15.0,0 days 00:01:24.141000,0 days 00:00:29.861000,0 days 00:00:17.993000,0 days 00:00:36.287000,HARD,8.0,2.0,,,1,11.0,False,2024,Australia,R,84.141,29.861,17.993,36.287,83.2055,0.9355000000000047,82.555,1.5859999999999985,0.9355000000000047,85.04100000000001,83.09500000000001,1.945999999999998,57.0,0.2631578947368421,8.0,1.0,64.0,225.0,0,1,0,1,0,0,1,0.0,0.0,8.0,6
HUL,Haas F1 Team,2.0,0 days 00:01:24.707000,0 days 00:00:29.987000,0 days 00:00:17.967000,0 days 00:00:36.753000,HARD,2.0,1.0,,,1,16.0,False,2024,Australia,R,84.707,29.987,17.967,36.753,82.901,1.8059999999999974,84.707,0.0,1.8059999999999974,84.827,84.827,0.0,57.0,0.03508771929824561,16.0,0.125,4.0,4.0,1,0,0,1,0,0,1,0.0,0.0,2.0,15
HUL,Haas F1 Team,3.0,0 days 00:01:23.576000,0 days 00:00:29.211000,0 days 00:00:17.961000,0 days 00:00:36.404000,HARD,3.0,1.0,,,1,16.0,False,2024,Australia,R,83.576,29.211,17.961,36.404,82.901,0.6749999999999972,84.707,-1.1310000000000002,0.6749999999999972,83.756,84.827,-1.070999999999998,57.0,0.05263157894736842,16.0,0.1875,9.0,9.0,1,0,0,1,0,0,1,0.0,0.0,3.0,15
HUL,Haas F1 Team,4.0,0 days 00:01:23.731000,0 days 00:00:29.279000,0 days 00:00:17.896000,0 days 00:00:36.556000,HARD,4.0,1.0,,,1,15.0,False,2024,Australia,R,83.731,29.279,17.896,36.556,82.901,0.8299999999999983,84.707,-0.9759999999999991,0.8299999999999983,83.97099999999999,84.827,-0.8560000000000088,57.0,0.07017543859649122,16.0,0.25,16.0,16.0,1,0,0,1,0,0,1,0.0,0.0,4.0,15
HUL,Haas F1 Team,5.0,0 days 00:01:24.465000,0 days 00:00:29.917000,0 days 00:00:18.222000,0 days 00:00:36.326000,HARD,5.0,1.0,,,1,15.0,False,2024,Australia,R,84.465,29.917,18.222,36.326,82.901,1.5640000000000072,84.707,-0.24199999999999022,1.5640000000000072,84.765,84.827,-0.06199999999999761,57.0,0.08771929824561403,16.0,0.3125,25.0,25.0,1,0,0,1,0,0,1,0.0,0.0,5.0,15
HUL,Haas F1 Team,6.0,0 days 00:01:23.747000,0 days 00:00:29.454000,0 days 00:00:18.156000,0 days 00:00:36.137000,HARD,6.0,1.0,,,1,14.0,False,2024,Australia,R,83.747,29.454,18.156,36.137,82.901,0.8460000000000036,84.707,-0.9599999999999937,0.8460000000000036,84.107,84.827,-0.7199999999999989,57.0,0.10526315789473684,16.0,0.375,36.0,36.0,1,0,0,1,0,0,1,0.0,0.0,6.0,15
HUL,Haas F1 Team,7.0,0 days 00:01:23.868000,0 days 00:00:29.240000,0 days 00:00:18.255000,0 days 00:00:36.373000,HARD,7.0,1.0,,,1,12.0,False,2024,Australia,R,83.868,29.24,18.255,36.373,82.901,0.9669999999999987,84.707,-0.8389999999999986,0.9669999999999987,84.288,84.827,-0.5390000000000015,57.0,0.12280701754385964,16.0,0.4375,49.0,49.0,1,0,0,1,0,0,1,0.0,0.0,7.0,15
HUL,Haas F1 Team,8.0,0 days 00:01:23.838000,0 days 00:00:29.280000,0 days 00:00:18.187000,0 days 00:00:36.371000,HARD,8.0,1.0,,,1,9.0,False,2024,Australia,R,83.838,29.28,18.187,36.371,82.901,0.9369999999999976,84.707,-0.8689999999999998,0.9369999999999976,84.318,84.827,-0.5090000000000003,57.0,0.14035087719298245,16.0,0.5,64.0,64.0,1,0,0,1,0,0,1,0.0,0.0,8.0,15
HUL,Haas F1 Team,9.0,0 days 00:01:23.856000,0 days 00:00:29.292000,0 days 00:00:18.189000,0 days 00:00:36.375000,HARD,9.0,1.0,,,1,7.0,False,2024,Australia,R,83.856,29.292,18.189,36.375,82.901,0.9549999999999983,84.707,-0.8509999999999991,0.9549999999999983,84.396,84.827,-0.4309999999999974,57.0,0.15789473684210525,16.0,0.5625,81.0,81.0,1,0,0,1,0,0,1,0.0,0.0,9.0,15
HUL,Haas F1 Team,10.0,0 days 00:01:23.777000,0 days 00:00:29.195000,0 days 00:00:18.304000,0 days 00:00:36.278000,HARD,10.0,1.0,,,1,5.0,False,2024,Australia,R,83.777,29.195,18.304,36.278,82.901,0.8760000000000048,84.707,-0.9299999999999926,0.8760000000000048,84.377,84.827,-0.45000000000000284,57.0,0.17543859649122806,16.0,0.625,100.0,100.0,1,0,0,1,0,0,1,0.0,0.0,10.0,15
HUL,Haas F1 Team,11.0,0 days 00:01:25.070000,0 days 00:00:29.300000,0 days 00:00:18.421000,0 days 00:00:37.349000,HARD,11.0,1.0,,,1,6.0,False,2024,Australia,R,85.07,29.3,18.421,37.349,82.901,2.168999999999997,84.707,0.36299999999999955,2.168999999999997,85.72999999999999,84.827,0.9029999999999916,57.0,0.19298245614035087,16.0,0.6875,121.0,121.0,1,0,0,1,0,0,1,0.0,0.0,11.0,15
HUL,Haas F1 Team,12.0,0 days 00:01:24.824000,0 days 00:00:30.309000,0 days 00:00:18.181000,0 days 00:00:36.334000,HARD,12.0,1.0,,,1,7.0,False,2024,Australia,R,84.824,30.309,18.181,36.334,82.901,1.9230000000000018,84.707,0.11700000000000443,1.9230000000000018,85.544,84.827,0.7169999999999987,57.0,0.21052631578947367,16.0,0.75,144.0,144.0,1,0,0,1,0,0,1,0.0,0.0,12.0,15
HUL,Haas F1 Team,13.0,0 days 00:01:23.953000,0 days 00:00:29.327000,0 days 00:00:18.202000,0 days 00:00:36.424000,HARD,13.0,1.0,,,1,7.0,False,2024,Australia,R,83.953,29.327,18.202,36.424,82.901,1.0520000000000067,84.707,-0.7539999999999907,1.0520000000000067,84.733,84.827,-0.09399999999999409,57.0,0.22807017543859648,16.0,0.8125,169.0,169.0,1,0,0,1,0,0,1,0.0,0.0,13.0,15
HUL,Haas F1 Team,14.0,0 days 00:01:23.965000,0 days 00:00:29.364000,0 days 00:00:18.238000,0 days 00:00:36.363000,HARD,14.0,1.0,,,1,7.0,False,2024,Australia,R,83.965,29.364,18.238,36.363,82.901,1.0640000000000072,84.707,-0.7419999999999902,1.0640000000000072,84.805,84.827,-0.02199999999999136,57.0,0.24561403508771928,16.0,0.875,196.0,196.0,1,0,0,1,0,0,1,0.0,0.0,14.0,15
HUL,Haas F1 Team,15.0,0 days 00:01:24.281000,0 days 00:00:29.486000,0 days 00:00:18.313000,0 days 00:00:36.482000,HARD,15.0,1.0,,,1,6.0,False,2024,Australia,R,84.281,29.486,18.313,36.482,82.901,1.3800000000000097,84.707,-0.4259999999999877,1.3800000000000097,85.18100000000001,84.827,0.3540000000000134,57.0,0.2631578947368421,16.0,0.9375,225.0,225.0,1,0,0,1,0,0,1,0.0,0.0,15.0,15
HUL,Haas F1 Team,16.0,0 days 00:01:24.025000,0 days 00:00:29.386000,0 days 00:00:18.222000,0 days 00:00:36.417000,HARD,16.0,1.0,,,1,6.0,False,2024,Australia,R,84.025,29.386,18.222,36.417,82.901,1.1240000000000094,84.707,-0.681999999999988,1.1240000000000094,84.985,84.827,0.15800000000000125,57.0,0.2807017543859649,16.0,1.0,256.0,256.0,1,0,0,1,0,0,1,0.0,0.0,16.0,15
HUL,Haas F1 Team,19.0,0 days 00:01:22.247000,0 days 00:00:28.720000,0 days 00:00:18.125000,0 days 00:00:35.402000,MEDIUM,2.0,2.0,,,1,12.0,False,2024,Australia,R,82.247,28.72,18.125,35.402,82.901,0.6539999999999964,82.247,0.0,-0.6539999999999964,83.387,83.387,0.0,57.0,0.3333333333333333,17.0,0.11764705882352941,4.0,361.0,0,1,0,0,0,1,0,0.0,2.0,0.0,16
HUL,Haas F1 Team,20.0,0 days 00:01:22.406000,0 days 00:00:28.781000,0 days 00:00:18.139000,0 days 00:00:35.486000,MEDIUM,3.0,2.0,,,1,12.0,False,2024,Australia,R,82.406,28.781,18.139,35.486,82.901,0.49499999999999034,82.247,0.15900000000000603,-0.49499999999999034,83.60600000000001,83.387,0.2190000000000083,57.0,0.3508771929824561,17.0,0.17647058823529413,9.0,400.0,0,1,0,0,0,1,0,0.0,3.0,0.0,16
HUL,Haas F1 Team,21.0,0 days 00:01:22.479000,0 days 00:00:28.710000,0 days 00:00:18.167000,0 days 00:00:35.602000,MEDIUM,4.0,2.0,,,1,12.0,False,2024,Australia,R,82.479,28.71,18.167,35.602,82.901,0.42199999999999704,82.247,0.23199999999999932,-0.42199999999999704,83.739,83.387,0.35200000000000387,57.0,0.3684210526315789,17.0,0.23529411764705882,16.0,441.0,0,1,0,0,0,1,0,0.0,4.0,0.0,16
HUL,Haas F1 Team,22.0,0 days 00:01:22.439000,0 days 00:00:28.793000,0 days 00:00:18.007000,0 days 00:00:35.639000,MEDIUM,5.0,2.0,,,1,12.0,False,2024,Australia,R,82.439,28.793,18.007,35.639,82.901,0.4620000000000033,82.247,0.19199999999999307,-0.4620000000000033,83.75899999999999,83.387,0.3719999999999857,57.0,0.38596491228070173,17.0,0.29411764705882354,25.0,484.0,0,1,0,0,0,1,0,0.0,5.0,0.0,16
HUL,Haas F1 Team,23.0,0 days 00:01:22.152000,0 days 00:00:28.841000,0 days 00:00:17.743000,0 days 00:00:35.568000,MEDIUM,6.0,2.0,,,1,11.0,False,2024,Australia,R,82.152,28.841,17.743,35.568,82.901,0.7489999999999952,82.247,-0.09499999999999886,-0.7489999999999952,83.532,83.387,0.14499999999999602,57.0,0.40350877192982454,17.0,0.35294117647058826,36.0,529.0,0,1,0,0,0,1,0,0.0,6.0,0.0,16
HUL,Haas F1 Team,24.0,0 days 00:01:22.528000,0 days 00:00:28.812000,0 days 00:00:18.025000,0 days 00:00:35.691000,MEDIUM,7.0,2.0,,,1,11.0,False,2024,Australia,R,82.528,28.812,18.025,35.691,82.901,0.37299999999999045,82.247,0.2810000000000059,-0.37299999999999045,83.968,83.387,0.5810000000000031,57.0,0.42105263157894735,17.0,0.4117647058823529,49.0,576.0,0,1,0,0,0,1,0,0.0,7.0,0.0,16
HUL,Haas F1 Team,25.0,0 days 00:01:22.974000,0 days 00:00:29.021000,0 days 00:00:17.804000,0 days 00:00:36.149000,MEDIUM,8.0,2.0,,,1,11.0,False,2024,Australia,R,82.974,29.021,17.804,36.149,82.901,0.0730000000000075,82.247,0.7270000000000039,0.0730000000000075,84.474,83.387,1.0870000000000033,57.0,0.43859649122807015,17.0,0.47058823529411764,64.0,625.0,0,1,0,0,0,1,0,0.0,8.0,0.0,16
HUL,Haas F1 Team,26.0,0 days 00:01:23.693000,0 days 00:00:29.534000,0 days 00:00:17.873000,0 days 00:00:36.286000,MEDIUM,9.0,2.0,,,1,11.0,False,2024,Australia,R,83.693,29.534,17.873,36.286,82.901,0.7920000000000016,82.247,1.445999999999998,0.7920000000000016,85.253,83.387,1.8659999999999997,57.0,0.45614035087719296,17.0,0.5294117647058824,81.0,676.0,0,1,0,0,0,1,0,0.0,9.0,0.0,16
HUL,Haas F1 Team,27.0,0 days 00:01:23.385000,0 days 00:00:29.380000,0 days 00:00:17.870000,0 days 00:00:36.135000,MEDIUM,10.0,2.0,,,1,10.0,False,2024,Australia,R,83.385,29.38,17.87,36.135,82.901,0.48400000000000887,82.247,1.1380000000000052,0.48400000000000887,85.00500000000001,83.387,1.6180000000000092,57.0,0.47368421052631576,17.0,0.5882352941176471,100.0,729.0,0,1,0,0,0,1,0,0.0,10.0,0.0,16
HUL,Haas F1 Team,28.0,0 days 00:01:23.338000,0 days 00:00:29.038000,0 days 00:00:18.292000,0 days 00:00:36.008000,MEDIUM,11.0,2.0,,,1,10.0,False,2024,Australia,R,83.338,29.038,18.292,36.008,82.901,0.4369999999999976,82.247,1.090999999999994,0.4369999999999976,85.018,83.387,1.6310000000000002,57.0,0.49122807017543857,17.0,0.6470588235294118,121.0,784.0,0,1,0,0,0,1,0,0.0,11.0,0.0,16
HUL,Haas F1 Team,29.0,0 days 00:01:23.167000,0 days 00:00:29.023000,0 days 00:00:18.157000,0 days 00:00:35.987000,MEDIUM,12.0,2.0,,,1,10.0,False,2024,Australia,R,83.167,29.023,18.157,35.987,82.901,0.26600000000000534,82.247,0.9200000000000017,0.26600000000000534,84.907,83.387,1.519999999999996,57.0,0.5087719298245614,17.0,0.7058823529411765,144.0,841.0,0,1,0,0,0,1,0,0.0,12.0,0.0,16
HUL,Haas F1 Team,30.0,0 days 00:01:23.299000,0 days 00:00:29.128000,0 days 00:00:18.180000,0 days 00:00:35.991000,MEDIUM,13.0,2.0,,,1,10.0,False,2024,Australia,R,83.299,29.128,18.18,35.991,82.901,0.39800000000001035,82.247,1.0520000000000067,0.39800000000001035,85.099,83.387,1.7120000000000033,57.0,0.5263157894736842,17.0,0.7647058823529411,169.0,900.0,0,1,0,0,0,1,0,0.0,13.0,0.0,16
HUL,Haas F1 Team,31.0,0 days 00:01:23.139000,0 days 00:00:29.150000,0 days 00:00:18.189000,0 days 00:00:35.800000,MEDIUM,14.0,2.0,,,1,10.0,False,2024,Australia,R,83.139,29.15,18.189,35.8,82.901,0.23799999999999955,82.247,0.8919999999999959,0.23799999999999955,84.999,83.387,1.6119999999999948,57.0,0.543859649122807,17.0,0.8235294117647058,196.0,961.0,0,1,0,0,0,1,0,0.0,14.0,0.0,16
HUL,Haas F1 Team,32.0,0 days 00:01:22.892000,0 days 00:00:29.055000,0 days 00:00:18.114000,0 days 00:00:35.723000,MEDIUM,15.0,2.0,,,1,10.0,False,2024,Australia,R,82.892,29.055,18.114,35.723,82.901,0.009000000000000341,82.247,0.644999999999996,-0.009000000000000341,84.812,83.387,1.4249999999999972,57.0,0.5614035087719298,17.0,0.8823529411764706,225.0,1024.0,0,1,0,0,0,1,0,0.0,15.0,0.0,16
HUL,Haas F1 Team,33.0,0 days 00:01:22.910000,0 days 00:00:29.039000,0 days 00:00:18.152000,0 days 00:00:35.719000,MEDIUM,16.0,2.0,,,1,10.0,False,2024,Australia,R,82.91,29.039,18.152,35.719,82.901,0.009000000000000341,82.247,0.6629999999999967,0.009000000000000341,84.89,83.387,1.5030000000000001,57.0,0.5789473684210527,17.0,0.9411764705882353,256.0,1089.0,0,1,0,0,0,1,0,0.0,16.0,0.0,16
HUL,Haas F1 Team,34.0,0 days 00:01:23.143000,0 days 00:00:29.043000,0 days 00:00:18.128000,0 days 00:00:35.972000,MEDIUM,17.0,2.0,,,1,10.0,False,2024,Australia,R,83.143,29.043,18.128,35.972,82.901,0.24200000000000443,82.247,0.8960000000000008,0.24200000000000443,85.183,83.387,1.7960000000000065,57.0,0.5964912280701754,17.0,1.0,289.0,1156.0,0,1,0,0,0,1,0,0.0,17.0,0.0,16
HUL,Haas F1 Team,37.0,0 days 00:01:21.630000,0 days 00:00:28.386000,0 days 00:00:18.027000,0 days 00:00:35.217000,HARD,2.0,3.0,,,1,11.0,False,2024,Australia,R,81.63,28.386,18.027,35.217,82.901,1.2710000000000008,81.63,0.0,-1.2710000000000008,83.85,83.85,0.0,57.0,0.6491228070175439,21.0,0.09523809523809523,4.0,1369.0,0,0,0,0,0,0,1,0.0,0.0,2.0,20
HUL,Haas F1 Team,38.0,0 days 00:01:22.025000,0 days 00:00:28.496000,0 days 00:00:18.043000,0 days 00:00:35.486000,HARD,3.0,3.0,,,1,11.0,False,2024,Australia,R,82.025,28.496,18.043,35.486,82.901,0.8759999999999906,81.63,0.39500000000001023,-0.8759999999999906,84.305,83.85,0.4550000000000125,57.0,0.6666666666666666,21.0,0.14285714285714285,9.0,1444.0,0,0,1,0,0,0,1,0.0,0.0,3.0,20
HUL,Haas F1 Team,39.0,0 days 00:01:21.896000,0 days 00:00:28.419000,0 days 00:00:17.929000,0 days 00:00:35.548000,HARD,4.0,3.0,,,1,11.0,False,2024,Australia,R,81.896,28.419,17.929,35.548,82.901,1.0049999999999955,81.63,0.26600000000000534,-1.0049999999999955,84.236,83.85,0.3860000000000099,57.0,0.6842105263157895,21.0,0.19047619047619047,16.0,1521.0,0,0,1,0,0,0,1,0.0,0.0,4.0,20
HUL,Haas F1 Team,40.0,0 days 00:01:22.823000,0 days 00:00:28.402000,0 days 00:00:17.870000,0 days 00:00:36.551000,HARD,5.0,3.0,,,1,11.0,False,2024,Australia,R,82.823,28.402,17.87,36.551,82.901,0.07800000000000296,81.63,1.1929999999999978,-0.07800000000000296,85.223,83.85,1.3730000000000047,57.0,0.7017543859649122,21.0,0.23809523809523808,25.0,1600.0,0,0,1,0,0,0,1,0.0,0.0,5.0,20
HUL,Haas F1 Team,41.0,0 days 00:01:22.016000,0 days 00:00:28.708000,0 days 00:00:17.905000,0 days 00:00:35.403000,HARD,6.0,3.0,,,1,10.0,False,2024,Australia,R,82.016,28.708,17.905,35.403,82.901,0.8849999999999909,81.63,0.3860000000000099,-0.8849999999999909,84.476,83.85,0.6260000000000048,57.0,0.7192982456140351,21.0,0.2857142857142857,36.0,1681.0,0,0,1,0,0,0,1,0.0,0.0,6.0,20
HUL,Haas F1 Team,42.0,0 days 00:01:22.173000,0 days 00:00:28.542000,0 days 00:00:17.916000,0 days 00:00:35.715000,HARD,7.0,3.0,,,1,10.0,False,2024,Australia,R,82.173,28.542,17.916,35.715,82.901,0.7279999999999944,81.63,0.5430000000000064,-0.7279999999999944,84.693,83.85,0.8430000000000035,57.0,0.7368421052631579,21.0,0.3333333333333333,49.0,1764.0,0,0,1,0,0,0,1,0.0,0.0,7.0,20
HUL,Haas F1 Team,43.0,0 days 00:01:21.909000,0 days 00:00:28.490000,0 days 00:00:17.946000,0 days 00:00:35.473000,HARD,8.0,3.0,,,1,10.0,False,2024,Australia,R,81.909,28.49,17.946,35.473,82.901,0.9919999999999902,81.63,0.2790000000000106,-0.9919999999999902,84.489,83.85,0.63900000000001,57.0,0.7543859649122807,21.0,0.38095238095238093,64.0,1849.0,0,0,1,0,0,0,1,0.0,0.0,8.0,20
HUL,Haas F1 Team,44.0,0 days 00:01:21.730000,0 days 00:00:28.459000,0 days 00:00:17.920000,0 days 00:00:35.351000,HARD,9.0,3.0,,,1,10.0,False,2024,Australia,R,81.73,28.459,17.92,35.351,82.901,1.1709999999999923,81.63,0.10000000000000853,-1.1709999999999923,84.37,83.85,0.5200000000000102,57.0,0.7719298245614035,21.0,0.42857142857142855,81.0,1936.0,0,0,1,0,0,0,1,0.0,0.0,9.0,20
HUL,Haas F1 Team,45.0,0 days 00:01:21.532000,0 days 00:00:28.385000,0 days 00:00:17.924000,0 days 00:00:35.223000,HARD,10.0,3.0,,,1,10.0,False,2024,Australia,R,81.532,28.385,17.924,35.223,82.901,1.3689999999999998,81.63,-0.09799999999999898,-1.3689999999999998,84.232,83.85,0.382000000000005,57.0,0.7894736842105263,21.0,0.47619047619047616,100.0,2025.0,0,0,1,0,0,0,1,0.0,0.0,10.0,20
HUL,Haas F1 Team,46.0,0 days 00:01:21.145000,0 days 00:00:28.292000,0 days 00:00:17.801000,0 days 00:00:35.052000,HARD,11.0,3.0,,,1,10.0,False,2024,Australia,R,81.145,28.292,17.801,35.052,82.901,1.7560000000000002,81.63,-0.48499999999999943,-1.7560000000000002,83.905,83.85,0.05500000000000682,57.0,0.8070175438596491,21.0,0.5238095238095238,121.0,2116.0,0,0,1,0,0,0,1,0.0,0.0,11.0,20
HUL,Haas F1 Team,47.0,0 days 00:01:21.629000,0 days 00:00:28.572000,0 days 00:00:17.864000,0 days 00:00:35.193000,HARD,12.0,3.0,,,1,10.0,False,2024,Australia,R,81.629,28.572,17.864,35.193,82.901,1.2719999999999914,81.63,-0.000999999999990564,-1.2719999999999914,84.449,83.85,0.5990000000000038,57.0,0.8245614035087719,21.0,0.5714285714285714,144.0,2209.0,0,0,1,0,0,0,1,0.0,0.0,12.0,20
HUL,Haas F1 Team,48.0,0 days 00:01:21.602000,0 days 00:00:28.463000,0 days 00:00:17.811000,0 days 00:00:35.328000,HARD,13.0,3.0,,,1,10.0,False,2024,Australia,R,81.602,28.463,17.811,35.328,82.901,1.2989999999999924,81.63,-0.027999999999991587,-1.2989999999999924,84.482,83.85,0.632000000000005,57.0,0.8421052631578947,21.0,0.6190476190476191,169.0,2304.0,0,0,1,0,0,0,1,0.0,0.0,13.0,20
HUL,Haas F1 Team,49.0,0 days 00:01:21.728000,0 days 00:00:28.583000,0 days 00:00:17.833000,0 days 00:00:35.312000,HARD,14.0,3.0,,,1,10.0,False,2024,Australia,R,81.728,28.583,17.833,35.312,82.901,1.1730000000000018,81.63,0.09799999999999898,-1.1730000000000018,84.66799999999999,83.85,0.8179999999999978,57.0,0.8596491228070176,21.0,0.6666666666666666,196.0,2401.0,0,0,1,0,0,0,1,0.0,0.0,14.0,20
HUL,Haas F1 Team,50.0,0 days 00:01:22.102000,0 days 00:00:28.709000,0 days 00:00:17.968000,0 days 00:00:35.425000,HARD,15.0,3.0,,,1,10.0,False,2024,Australia,R,82.102,28.709,17.968,35.425,82.901,0.7989999999999924,81.63,0.4720000000000084,-0.7989999999999924,85.102,83.85,1.2520000000000095,57.0,0.8771929824561403,21.0,0.7142857142857143,225.0,2500.0,0,0,1,0,0,0,1,0.0,0.0,15.0,20
HUL,Haas F1 Team,51.0,0 days 00:01:21.730000,0 days 00:00:28.585000,0 days 00:00:17.865000,0 days 00:00:35.280000,HARD,16.0,3.0,,,1,10.0,False,2024,Australia,R,81.73,28.585,17.865,35.28,82.901,1.1709999999999923,81.63,0.10000000000000853,-1.1709999999999923,84.79,83.85,0.9400000000000119,57.0,0.8947368421052632,21.0,0.7619047619047619,256.0,2601.0,0,0,1,0,0,0,1,0.0,0.0,16.0,20
HUL,Haas F1 Team,52.0,0 days 00:01:21.781000,0 days 00:00:28.555000,0 days 00:00:17.936000,0 days 00:00:35.290000,HARD,17.0,3.0,,,1,10.0,False,2024,Australia,R,81.781,28.555,17.936,35.29,82.901,1.1199999999999903,81.63,0.15100000000001046,-1.1199999999999903,84.90100000000001,83.85,1.0510000000000161,57.0,0.9122807017543859,21.0,0.8095238095238095,289.0,2704.0,0,0,1,0,0,0,1,0.0,0.0,17.0,20
HUL,Haas F1 Team,53.0,0 days 00:01:21.758000,0 days 00:00:28.571000,0 days 00:00:17.893000,0 days 00:00:35.294000,HARD,18.0,3.0,,,1,10.0,False,2024,Australia,R,81.758,28.571,17.893,35.294,82.901,1.1430000000000007,81.63,0.1280000000000001,-1.1430000000000007,84.93799999999999,83.85,1.0879999999999939,57.0,0.9298245614035088,21.0,0.8571428571428571,324.0,2809.0,0,0,1,0,0,0,1,0.0,0.0,18.0,20
HUL,Haas F1 Team,54.0,0 days 00:01:22.021000,0 days 00:00:28.618000,0 days 00:00:17.922000,0 days 00:00:35.481000,HARD,19.0,3.0,,,1,10.0,False,2024,Australia,R,82.021,28.618,17.922,35.481,82.901,0.8799999999999955,81.63,0.39100000000000534,-0.8799999999999955,85.261,83.85,1.4110000000000014,57.0,0.9473684210526315,21.0,0.9047619047619048,361.0,2916.0,0,0,1,0,0,0,1,0.0,0.0,19.0,20
HUL,Haas F1 Team,55.0,0 days 00:01:22.697000,0 days 00:00:28.788000,0 days 00:00:17.981000,0 days 00:00:35.928000,HARD,20.0,3.0,,,1,10.0,False,2024,Australia,R,82.697,28.788,17.981,35.928,82.901,0.20399999999999352,81.63,1.0670000000000073,-0.20399999999999352,85.997,83.85,2.1470000000000056,57.0,0.9649122807017544,21.0,0.9523809523809523,400.0,3025.0,0,0,1,0,0,0,1,0.0,0.0,20.0,20
HUL,Haas F1 Team,56.0,0 days 00:01:22.274000,0 days 00:00:28.734000,0 days 00:00:18.107000,0 days 00:00:35.433000,HARD,21.0,3.0,,,1,10.0,False,2024,Australia,R,82.274,28.734,18.107,35.433,82.901,0.6269999999999953,81.63,0.6440000000000055,-0.6269999999999953,85.634,83.85,1.784000000000006,57.0,0.9824561403508771,21.0,1.0,441.0,3136.0,0,0,1,0,0,0,1,0.0,0.0,21.0,20
LEC,Ferrari,2.0,0 days 00:01:23.014000,0 days 00:00:28.731000,0 days 00:00:17.982000,0 days 00:00:36.301000,MEDIUM,2.0,1.0,,,1,4.0,False,2024,Australia,R,83.014,28.731,17.982,36.301,81.8665,1.1474999999999937,83.014,0.0,1.1474999999999937,83.134,83.134,0.0,57.0,0.03508771929824561,8.0,0.25,4.0,4.0,1,0,0,1,0,1,0,0.0,2.0,0.0,7
LEC,Ferrari,3.0,0 days 00:01:22.776000,0 days 00:00:28.753000,0 days 00:00:17.912000,0 days 00:00:36.111000,MEDIUM,3.0,1.0,,,1,4.0,False,2024,Australia,R,82.776,28.753,17.912,36.111,81.8665,0.9094999999999942,83.014,-0.23799999999999955,0.9094999999999942,82.956,83.134,-0.17799999999999727,57.0,0.05263157894736842,8.0,0.375,9.0,9.0,1,0,0,1,0,1,0,0.0,3.0,0.0,7
LEC,Ferrari,4.0,0 days 00:01:22.519000,0 days 00:00:28.753000,0 days 00:00:18.015000,0 days 00:00:35.751000,MEDIUM,4.0,1.0,,,1,3.0,False,2024,Australia,R,82.519,28.753,18.015,35.751,81.8665,0.6525000000000034,83.014,-0.49499999999999034,0.6525000000000034,82.759,83.134,-0.375,57.0,0.07017543859649122,8.0,0.5,16.0,16.0,1,0,0,1,0,1,0,0.0,4.0,0.0,7
LEC,Ferrari,5.0,0 days 00:01:22.632000,0 days 00:00:28.895000,0 days 00:00:17.930000,0 days 00:00:35.807000,MEDIUM,5.0,1.0,,,1,3.0,False,2024,Australia,R,82.632,28.895,17.93,35.807,81.8665,0.765500000000003,83.014,-0.3819999999999908,0.765500000000003,82.932,83.134,-0.20199999999999818,57.0,0.08771929824561403,8.0,0.625,25.0,25.0,1,0,0,1,0,1,0,0.0,5.0,0.0,7
LEC,Ferrari,6.0,0 days 00:01:22.673000,0 days 00:00:28.817000,0 days 00:00:17.824000,0 days 00:00:36.032000,MEDIUM,6.0,1.0,,,1,3.0,False,2024,Australia,R,82.673,28.817,17.824,36.032,81.8665,0.8064999999999998,83.014,-0.340999999999994,0.8064999999999998,83.033,83.134,-0.10099999999999909,57.0,0.10526315789473684,8.0,0.75,36.0,36.0,1,0,0,1,0,1,0,0.0,6.0,0.0,7
LEC,Ferrari,7.0,0 days 00:01:22.684000,0 days 00:00:28.963000,0 days 00:00:17.949000,0 days 00:00:35.772000,MEDIUM,7.0,1.0,,,1,3.0,False,2024,Australia,R,82.684,28.963,17.949,35.772,81.8665,0.8174999999999955,83.014,-0.3299999999999983,0.8174999999999955,83.104,83.134,-0.030000000000001137,57.0,0.12280701754385964,8.0,0.875,49.0,49.0,1,0,0,1,0,1,0,0.0,7.0,0.0,7
LEC,Ferrari,8.0,0 days 00:01:22.983000,0 days 00:00:28.769000,0 days 00:00:17.823000,0 days 00:00:36.391000,MEDIUM,8.0,1.0,,,1,3.0,False,2024,Australia,R,82.983,28.769,17.823,36.391,81.8665,1.116500000000002,83.014,-0.0309999999999917,1.116500000000002,83.46300000000001,83.134,0.32900000000000773,57.0,0.14035087719298245,8.0,1.0,64.0,64.0,1,0,0,1,0,1,0,0.0,8.0,0.0,7
LEC,Ferrari,11.0,0 days 00:01:22.647000,0 days 00:00:28.900000,0 days 00:00:18.018000,0 days 00:00:35.729000,HARD,2.0,2.0,,,1,5.0,False,2024,Australia,R,82.647,28.9,18.018,35.729,81.8665,0.7805000000000035,82.647,0.0,0.7805000000000035,83.307,83.307,0.0,57.0,0.19298245614035087,24.0,0.08333333333333333,4.0,121.0,0,1,0,1,0,0,1,0.0,0.0,2.0,22
LEC,Ferrari,12.0,0 days 00:01:21.841000,0 days 00:00:28.454000,0 days 00:00:18.244000,0 days 00:00:35.143000,HARD,3.0,2.0,,,1,5.0,False,2024,Australia,R,81.841,28.454,18.244,35.143,81.8665,0.025500000000008072,82.647,-0.8060000000000116,-0.025500000000008072,82.56099999999999,83.307,-0.7460000000000093,57.0,0.21052631578947367,24.0,0.125,9.0,144.0,0,1,0,1,0,0,1,0.0,0.0,3.0,22
LEC,Ferrari,13.0,0 days 00:01:22.222000,0 days 00:00:28.716000,0 days 00:00:18.198000,0 days 00:00:35.308000,HARD,4.0,2.0,,,1,5.0,False,2024,Australia,R,82.222,28.716,18.198,35.308,81.8665,0.35549999999999216,82.647,-0.42500000000001137,0.35549999999999216,83.002,83.307,-0.3050000000000068,57.0,0.22807017543859648,24.0,0.16666666666666666,16.0,169.0,0,1,0,1,0,0,1,0.0,0.0,4.0,22
LEC,Ferrari,14.0,0 days 00:01:21.952000,0 days 00:00:28.647000,0 days 00:00:18.127000,0 days 00:00:35.178000,HARD,5.0,2.0,,,1,4.0,False,2024,Australia,R,81.952,28.647,18.127,35.178,81.8665,0.08549999999999613,82.647,-0.6950000000000074,0.08549999999999613,82.792,83.307,-0.5150000000000006,57.0,0.24561403508771928,24.0,0.20833333333333334,25.0,196.0,0,1,0,1,0,0,1,0.0,0.0,5.0,22
LEC,Ferrari,15.0,0 days 00:01:21.735000,0 days 00:00:28.447000,0 days 00:00:18.202000,0 days 00:00:35.086000,HARD,6.0,2.0,,,1,3.0,False,2024,Australia,R,81.735,28.447,18.202,35.086,81.8665,0.13150000000000261,82.647,-0.9120000000000061,-0.13150000000000261,82.635,83.307,-0.671999999999997,57.0,0.2631578947368421,24.0,0.25,36.0,225.0,0,1,0,1,0,0,1,0.0,0.0,6.0,22
LEC,Ferrari,16.0,0 days 00:01:22.247000,0 days 00:00:28.598000,0 days 00:00:18.349000,0 days 00:00:35.300000,HARD,7.0,2.0,,,1,3.0,False,2024,Australia,R,82.247,28.598,18.349,35.3,81.8665,0.38049999999999784,82.647,-0.4000000000000057,0.38049999999999784,83.207,83.307,-0.10000000000000853,57.0,0.2807017543859649,24.0,0.2916666666666667,49.0,256.0,0,1,0,1,0,0,1,0.0,0.0,7.0,22
LEC,Ferrari,18.0,0 days 00:01:28.896000,0 days 00:00:35.361000,0 days 00:00:18.174000,0 days 00:00:35.361000,HARD,9.0,2.0,,,671,2.0,False,2024,Australia,R,88.896,35.361,18.174,35.361,81.8665,7.029499999999999,82.647,6.248999999999995,7.029499999999999,89.976,83.307,6.668999999999997,57.0,0.3157894736842105,24.0,0.375,81.0,324.0,0,1,0,1,0,0,1,0.0,0.0,9.0,22
LEC,Ferrari,19.0,0 days 00:01:21.881000,0 days 00:00:28.197000,0 days 00:00:18.205000,0 days 00:00:35.479000,HARD,10.0,2.0,,,1,2.0,False,2024,Australia,R,81.881,28.197,18.205,35.479,81.8665,0.014499999999998181,82.647,-0.7660000000000053,0.014499999999998181,83.021,83.307,-0.28600000000000136,57.0,0.3333333333333333,24.0,0.4166666666666667,100.0,361.0,0,1,0,0,0,0,1,0.0,0.0,10.0,22
LEC,Ferrari,20.0,0 days 00:01:21.885000,0 days 00:00:28.409000,0 days 00:00:18.110000,0 days 00:00:35.366000,HARD,11.0,2.0,,,1,2.0,False,2024,Australia,R,81.885,28.409,18.11,35.366,81.8665,0.01850000000000307,82.647,-0.7620000000000005,0.01850000000000307,83.08500000000001,83.307,-0.2219999999999942,57.0,0.3508771929824561,24.0,0.4583333333333333,121.0,400.0,0,1,0,0,0,0,1,0.0,0.0,11.0,22
LEC,Ferrari,21.0,0 days 00:01:22.058000,0 days 00:00:28.477000,0 days 00:00:18.114000,0 days 00:00:35.467000,HARD,12.0,2.0,,,1,2.0,False,2024,Australia,R,82.058,28.477,18.114,35.467,81.8665,0.1915000000000049,82.647,-0.5889999999999986,0.1915000000000049,83.31800000000001,83.307,0.01100000000000989,57.0,0.3684210526315789,24.0,0.5,144.0,441.0,0,1,0,0,0,0,1,0.0,0.0,12.0,22
LEC,Ferrari,22.0,0 days 00:01:21.722000,0 days 00:00:28.368000,0 days 00:00:18.072000,0 days 00:00:35.282000,HARD,13.0,2.0,,,1,2.0,False,2024,Australia,R,81.722,28.368,18.072,35.282,81.8665,0.14450000000000784,82.647,-0.9250000000000114,-0.14450000000000784,83.04199999999999,83.307,-0.2650000000000148,57.0,0.38596491228070173,24.0,0.5416666666666666,169.0,484.0,0,1,0,0,0,0,1,0.0,0.0,13.0,22
LEC,Ferrari,23.0,0 days 00:01:21.932000,0 days 00:00:28.419000,0 days 00:00:18.062000,0 days 00:00:35.451000,HARD,14.0,2.0,,,1,2.0,False,2024,Australia,R,81.932,28.419,18.062,35.451,81.8665,0.06550000000000011,82.647,-0.7150000000000034,0.06550000000000011,83.312,83.307,0.0049999999999954525,57.0,0.40350877192982454,24.0,0.5833333333333334,196.0,529.0,0,1,0,0,0,0,1,0.0,0.0,14.0,22
LEC,Ferrari,24.0,0 days 00:01:21.852000,0 days 00:00:28.455000,0 days 00:00:18.042000,0 days 00:00:35.355000,HARD,15.0,2.0,,,1,2.0,False,2024,Australia,R,81.852,28.455,18.042,35.355,81.8665,0.014499999999998181,82.647,-0.7950000000000017,-0.014499999999998181,83.292,83.307,-0.015000000000000568,57.0,0.42105263157894735,24.0,0.625,225.0,576.0,0,1,0,0,0,0,1,0.0,0.0,15.0,22
LEC,Ferrari,25.0,0 days 00:01:21.951000,0 days 00:00:28.587000,0 days 00:00:18.078000,0 days 00:00:35.286000,HARD,16.0,2.0,,,1,2.0,False,2024,Australia,R,81.951,28.587,18.078,35.286,81.8665,0.08449999999999136,82.647,-0.6960000000000122,0.08449999999999136,83.451,83.307,0.14399999999999125,57.0,0.43859649122807015,24.0,0.6666666666666666,256.0,625.0,0,1,0,0,0,0,1,0.0,0.0,16.0,22
LEC,Ferrari,26.0,0 days 00:01:22.042000,0 days 00:00:28.596000,0 days 00:00:18.091000,0 days 00:00:35.355000,HARD,17.0,2.0,,,1,2.0,False,2024,Australia,R,82.042,28.596,18.091,35.355,81.8665,0.17549999999999955,82.647,-0.605000000000004,0.17549999999999955,83.602,83.307,0.2950000000000017,57.0,0.45614035087719296,24.0,0.7083333333333334,289.0,676.0,0,1,0,0,0,0,1,0.0,0.0,17.0,22
LEC,Ferrari,27.0,0 days 00:01:21.822000,0 days 00:00:28.590000,0 days 00:00:18.059000,0 days 00:00:35.173000,HARD,18.0,2.0,,,1,2.0,False,2024,Australia,R,81.822,28.59,18.059,35.173,81.8665,0.04449999999999932,82.647,-0.8250000000000028,-0.04449999999999932,83.44200000000001,83.307,0.13500000000000512,57.0,0.47368421052631576,24.0,0.75,324.0,729.0,0,1,0,0,0,0,1,0.0,0.0,18.0,22
LEC,Ferrari,28.0,0 days 00:01:21.969000,0 days 00:00:28.496000,0 days 00:00:18.164000,0 days 00:00:35.309000,HARD,19.0,2.0,,,1,2.0,False,2024,Australia,R,81.969,28.496,18.164,35.309,81.8665,0.10249999999999204,82.647,-0.6780000000000115,0.10249999999999204,83.649,83.307,0.34199999999999875,57.0,0.49122807017543857,24.0,0.7916666666666666,361.0,784.0,0,1,0,0,0,0,1,0.0,0.0,19.0,22
LEC,Ferrari,29.0,0 days 00:01:22.433000,0 days 00:00:28.845000,0 days 00:00:18.259000,0 days 00:00:35.329000,HARD,20.0,2.0,,,1,2.0,False,2024,Australia,R,82.433,28.845,18.259,35.329,81.8665,0.5665000000000049,82.647,-0.21399999999999864,0.5665000000000049,84.173,83.307,0.8659999999999997,57.0,0.5087719298245614,24.0,0.8333333333333334,400.0,841.0,0,1,0,0,0,0,1,0.0,0.0,20.0,22
LEC,Ferrari,30.0,0 days 00:01:22.284000,0 days 00:00:28.708000,0 days 00:00:18.276000,0 days 00:00:35.300000,HARD,21.0,2.0,,,1,2.0,False,2024,Australia,R,82.284,28.708,18.276,35.3,81.8665,0.417500000000004,82.647,-0.36299999999999955,0.417500000000004,84.084,83.307,0.777000000000001,57.0,0.5263157894736842,24.0,0.875,441.0,900.0,0,1,0,0,0,0,1,0.0,0.0,21.0,22
LEC,Ferrari,31.0,0 days 00:01:21.996000,0 days 00:00:28.587000,0 days 00:00:18.184000,0 days 00:00:35.225000,HARD,22.0,2.0,,,1,2.0,False,2024,Australia,R,81.996,28.587,18.184,35.225,81.8665,0.12949999999999307,82.647,-0.6510000000000105,0.12949999999999307,83.856,83.307,0.5489999999999924,57.0,0.543859649122807,24.0,0.9166666666666666,484.0,961.0,0,1,0,0,0,0,1,0.0,0.0,22.0,22
LEC,Ferrari,32.0,0 days 00:01:21.841000,0 days 00:00:28.706000,0 days 00:00:18.130000,0 days 00:00:35.005000,HARD,23.0,2.0,,,1,2.0,False,2024,Australia,R,81.841,28.706,18.13,35.005,81.8665,0.025500000000008072,82.647,-0.8060000000000116,-0.025500000000008072,83.761,83.307,0.4539999999999935,57.0,0.5614035087719298,24.0,0.9583333333333334,529.0,1024.0,0,1,0,0,0,0,1,0.0,0.0,23.0,22
LEC,Ferrari,33.0,0 days 00:01:22.022000,0 days 00:00:28.743000,0 days 00:00:18.172000,0 days 00:00:35.107000,HARD,24.0,2.0,,,1,2.0,False,2024,Australia,R,82.022,28.743,18.172,35.107,81.8665,0.15550000000000352,82.647,-0.625,0.15550000000000352,84.00200000000001,83.307,0.6950000000000074,57.0,0.5789473684210527,24.0,1.0,576.0,1089.0,0,1,0,0,0,0,1,0.0,0.0,24.0,22
LEC,Ferrari,36.0,0 days 00:01:21.942000,0 days 00:00:28.493000,0 days 00:00:18.231000,0 days 00:00:35.218000,HARD,2.0,3.0,,,1,4.0,False,2024,Australia,R,81.942,28.493,18.231,35.218,81.8665,0.07549999999999102,81.942,0.0,0.07549999999999102,84.10199999999999,84.10199999999999,0.0,57.0,0.631578947368421,23.0,0.08695652173913043,4.0,1296.0,0,0,0,0,0,0,1,0.0,0.0,2.0,22
LEC,Ferrari,37.0,0 days 00:01:20.688000,0 days 00:00:28.238000,0 days 00:00:18.085000,0 days 00:00:34.365000,HARD,3.0,3.0,,,1,4.0,False,2024,Australia,R,80.688,28.238,18.085,34.365,81.8665,1.1784999999999997,81.942,-1.2539999999999907,-1.1784999999999997,82.908,84.10199999999999,-1.1939999999999884,57.0,0.6491228070175439,23.0,0.13043478260869565,9.0,1369.0,0,0,0,0,0,0,1,0.0,0.0,3.0,22
LEC,Ferrari,38.0,0 days 00:01:20.949000,0 days 00:00:28.100000,0 days 00:00:17.966000,0 days 00:00:34.883000,HARD,4.0,3.0,,,1,4.0,False,2024,Australia,R,80.949,28.1,17.966,34.883,81.8665,0.917500000000004,81.942,-0.992999999999995,-0.917500000000004,83.229,84.10199999999999,-0.8729999999999905,57.0,0.6666666666666666,23.0,0.17391304347826086,16.0,1444.0,0,0,1,0,0,0,1,0.0,0.0,4.0,22
LEC,Ferrari,39.0,0 days 00:01:20.909000,0 days 00:00:28.184000,0 days 00:00:17.887000,0 days 00:00:34.838000,HARD,5.0,3.0,,,1,3.0,False,2024,Australia,R,80.909,28.184,17.887,34.838,81.8665,0.957499999999996,81.942,-1.032999999999987,-0.957499999999996,83.24900000000001,84.10199999999999,-0.8529999999999802,57.0,0.6842105263157895,23.0,0.21739130434782608,25.0,1521.0,0,0,1,0,0,0,1,0.0,0.0,5.0,22
LEC,Ferrari,40.0,0 days 00:01:20.953000,0 days 00:00:28.187000,0 days 00:00:17.895000,0 days 00:00:34.871000,HARD,6.0,3.0,,,1,3.0,False,2024,Australia,R,80.953,28.187,17.895,34.871,81.8665,0.9134999999999991,81.942,-0.9889999999999901,-0.9134999999999991,83.35300000000001,84.10199999999999,-0.748999999999981,57.0,0.7017543859649122,23.0,0.2608695652173913,36.0,1600.0,0,0,1,0,0,0,1,0.0,0.0,6.0,22
LEC,Ferrari,41.0,0 days 00:01:20.675000,0 days 00:00:28.107000,0 days 00:00:17.871000,0 days 00:00:34.697000,HARD,7.0,3.0,,,1,2.0,False,2024,Australia,R,80.675,28.107,17.871,34.697,81.8665,1.1915000000000049,81.942,-1.266999999999996,-1.1915000000000049,83.13499999999999,84.10199999999999,-0.9669999999999987,57.0,0.7192982456140351,23.0,0.30434782608695654,49.0,1681.0,0,0,1,0,0,0,1,0.0,0.0,7.0,22
LEC,Ferrari,42.0,0 days 00:01:20.849000,0 days 00:00:28.366000,0 days 00:00:17.866000,0 days 00:00:34.617000,HARD,8.0,3.0,,,1,2.0,False,2024,Australia,R,80.849,28.366,17.866,34.617,81.8665,1.0174999999999983,81.942,-1.0929999999999893,-1.0174999999999983,83.369,84.10199999999999,-0.7329999999999899,57.0,0.7368421052631579,23.0,0.34782608695652173,64.0,1764.0,0,0,1,0,0,0,1,0.0,0.0,8.0,22
LEC,Ferrari,43.0,0 days 00:01:20.853000,0 days 00:00:28.089000,0 days 00:00:17.823000,0 days 00:00:34.941000,HARD,9.0,3.0,,,1,2.0,False,2024,Australia,R,80.853,28.089,17.823,34.941,81.8665,1.0135000000000076,81.942,-1.0889999999999986,-1.0135000000000076,83.43299999999999,84.10199999999999,-0.6689999999999969,57.0,0.7543859649122807,23.0,0.391304347826087,81.0,1849.0,0,0,1,0,0,0,1,0.0,0.0,9.0,22
LEC,Ferrari,44.0,0 days 00:01:20.560000,0 days 00:00:28.069000,0 days 00:00:17.861000,0 days 00:00:34.630000,HARD,10.0,3.0,,,1,2.0,False,2024,Australia,R,80.56,28.069,17.861,34.63,81.8665,1.3064999999999998,81.942,-1.3819999999999908,-1.3064999999999998,83.2,84.10199999999999,-0.9019999999999868,57.0,0.7719298245614035,23.0,0.43478260869565216,100.0,1936.0,0,0,1,0,0,0,1,0.0,0.0,10.0,22
LEC,Ferrari,45.0,0 days 00:01:20.408000,0 days 00:00:28.110000,0 days 00:00:17.800000,0 days 00:00:34.498000,HARD,11.0,3.0,,,1,2.0,False,2024,Australia,R,80.408,28.11,17.8,34.498,81.8665,1.4585000000000008,81.942,-1.5339999999999918,-1.4585000000000008,83.108,84.10199999999999,-0.9939999999999856,57.0,0.7894736842105263,23.0,0.4782608695652174,121.0,2025.0,0,0,1,0,0,0,1,0.0,0.0,11.0,22
LEC,Ferrari,46.0,0 days 00:01:20.760000,0 days 00:00:28.049000,0 days 00:00:18.096000,0 days 00:00:34.615000,HARD,12.0,3.0,,,1,2.0,False,2024,Australia,R,80.76,28.049,18.096,34.615,81.8665,1.106499999999997,81.942,-1.181999999999988,-1.106499999999997,83.52000000000001,84.10199999999999,-0.5819999999999794,57.0,0.8070175438596491,23.0,0.5217391304347826,144.0,2116.0,0,0,1,0,0,0,1,0.0,0.0,12.0,22
LEC,Ferrari,47.0,0 days 00:01:19.999000,0 days 00:00:27.807000,0 days 00:00:17.791000,0 days 00:00:34.401000,HARD,13.0,3.0,,,1,2.0,False,2024,Australia,R,79.999,27.807,17.791,34.401,81.8665,1.8675000000000068,81.942,-1.9429999999999978,-1.8675000000000068,82.81899999999999,84.10199999999999,-1.2830000000000013,57.0,0.8245614035087719,23.0,0.5652173913043478,169.0,2209.0,0,0,1,0,0,0,1,0.0,0.0,13.0,22
LEC,Ferrari,48.0,0 days 00:01:20.349000,0 days 00:00:28.125000,0 days 00:00:17.844000,0 days 00:00:34.380000,HARD,14.0,3.0,,,1,2.0,False,2024,Australia,R,80.349,28.125,17.844,34.38,81.8665,1.5174999999999983,81.942,-1.5929999999999893,-1.5174999999999983,83.229,84.10199999999999,-0.8729999999999905,57.0,0.8421052631578947,23.0,0.6086956521739131,196.0,2304.0,0,0,1,0,0,0,1,0.0,0.0,14.0,22
LEC,Ferrari,49.0,0 days 00:01:20.144000,0 days 00:00:27.919000,0 days 00:00:17.844000,0 days 00:00:34.381000,HARD,15.0,3.0,,,1,2.0,False,2024,Australia,R,80.144,27.919,17.844,34.381,81.8665,1.7224999999999966,81.942,-1.7979999999999876,-1.7224999999999966,83.084,84.10199999999999,-1.0179999999999865,57.0,0.8596491228070176,23.0,0.6521739130434783,225.0,2401.0,0,0,1,0,0,0,1,0.0,0.0,15.0,22
LEC,Ferrari,50.0,0 days 00:01:19.925000,0 days 00:00:27.895000,0 days 00:00:17.770000,0 days 00:00:34.260000,HARD,16.0,3.0,,,1,2.0,False,2024,Australia,R,79.925,27.895,17.77,34.26,81.8665,1.9415000000000049,81.942,-2.016999999999996,-1.9415000000000049,82.925,84.10199999999999,-1.1769999999999925,57.0,0.8771929824561403,23.0,0.6956521739130435,256.0,2500.0,0,0,1,0,0,0,1,0.0,0.0,16.0,22
LEC,Ferrari,51.0,0 days 00:01:20.215000,0 days 00:00:27.948000,0 days 00:00:17.857000,0 days 00:00:34.410000,HARD,17.0,3.0,,,1,2.0,False,2024,Australia,R,80.215,27.948,17.857,34.41,81.8665,1.6514999999999986,81.942,-1.7269999999999897,-1.6514999999999986,83.275,84.10199999999999,-0.826999999999984,57.0,0.8947368421052632,23.0,0.7391304347826086,289.0,2601.0,0,0,1,0,0,0,1,0.0,0.0,17.0,22
LEC,Ferrari,52.0,0 days 00:01:20.331000,0 days 00:00:27.976000,0 days 00:00:17.865000,0 days 00:00:34.490000,HARD,18.0,3.0,,,1,2.0,False,2024,Australia,R,80.331,27.976,17.865,34.49,81.8665,1.535499999999999,81.942,-1.61099999999999,-1.535499999999999,83.45100000000001,84.10199999999999,-0.650999999999982,57.0,0.9122807017543859,23.0,0.782608695652174,324.0,2704.0,0,0,1,0,0,0,1,0.0,0.0,18.0,22
LEC,Ferrari,53.0,0 days 00:01:20.463000,0 days 00:00:28.073000,0 days 00:00:17.852000,0 days 00:00:34.538000,HARD,19.0,3.0,,,1,2.0,False,2024,Australia,R,80.463,28.073,17.852,34.538,81.8665,1.4035000000000082,81.942,-1.4789999999999992,-1.4035000000000082,83.643,84.10199999999999,-0.458999999999989,57.0,0.9298245614035088,23.0,0.8260869565217391,361.0,2809.0,0,0,1,0,0,0,1,0.0,0.0,19.0,22
LEC,Ferrari,54.0,0 days 00:01:20.320000,0 days 00:00:28.019000,0 days 00:00:17.810000,0 days 00:00:34.491000,HARD,20.0,3.0,,,1,2.0,False,2024,Australia,R,80.32,28.019,17.81,34.491,81.8665,1.5465000000000089,81.942,-1.6219999999999999,-1.5465000000000089,83.55999999999999,84.10199999999999,-0.5420000000000016,57.0,0.9473684210526315,23.0,0.8695652173913043,400.0,2916.0,0,0,1,0,0,0,1,0.0,0.0,20.0,22
LEC,Ferrari,55.0,0 days 00:01:20.962000,0 days 00:00:28.437000,0 days 00:00:17.832000,0 days 00:00:34.693000,HARD,21.0,3.0,,,1,2.0,False,2024,Australia,R,80.962,28.437,17.832,34.693,81.8665,0.9044999999999987,81.942,-0.9799999999999898,-0.9044999999999987,84.262,84.10199999999999,0.1600000000000108,57.0,0.9649122807017544,23.0,0.9130434782608695,441.0,3025.0,0,0,1,0,0,0,1,0.0,0.0,21.0,22
LEC,Ferrari,56.0,0 days 00:01:19.813000,0 days 00:00:28.044000,0 days 00:00:17.572000,0 days 00:00:34.197000,HARD,22.0,3.0,,,1,2.0,False,2024,Australia,R,79.813,28.044,17.572,34.197,81.8665,2.0534999999999997,81.942,-2.1289999999999907,-2.0534999999999997,83.173,84.10199999999999,-0.9289999999999878,57.0,0.9824561403508771,23.0,0.9565217391304348,484.0,3136.0,0,0,1,0,0,0,1,0.0,0.0,22.0,22
LEC,Ferrari,57.0,0 days 00:01:20.871000,0 days 00:00:28.062000,0 days 00:00:17.781000,0 days 00:00:35.028000,HARD,23.0,3.0,,,12,2.0,False,2024,Australia,R,80.871,28.062,17.781,35.028,81.8665,0.9955000000000069,81.942,-1.070999999999998,-0.9955000000000069,84.291,84.10199999999999,0.18900000000000716,57.0,1.0,23.0,1.0,529.0,3249.0,0,0,1,0,0,0,1,0.0,0.0,23.0,22
MAG,Haas F1 Team,2.0,0 days 00:01:24.248000,0 days 00:00:29.856000,0 days 00:00:18.052000,0 days 00:00:36.340000,MEDIUM,2.0,1.0,,,1,13.0,False,2024,Australia,R,84.248,29.856,18.052,36.34,83.198,1.0500000000000114,84.248,0.0,1.0500000000000114,84.36800000000001,84.36800000000001,0.0,57.0,0.03508771929824561,6.0,0.3333333333333333,4.0,4.0,1,0,0,1,0,1,0,0.0,2.0,0.0,5
MAG,Haas F1 Team,3.0,0 days 00:01:23.565000,0 days 00:00:29.255000,0 days 00:00:18.095000,0 days 00:00:36.215000,MEDIUM,3.0,1.0,,,1,13.0,False,2024,Australia,R,83.565,29.255,18.095,36.215,83.198,0.36700000000000443,84.248,-0.6830000000000069,0.36700000000000443,83.745,84.36800000000001,-0.6230000000000047,57.0,0.05263157894736842,6.0,0.5,9.0,9.0,1,0,0,1,0,1,0,0.0,3.0,0.0,5
MAG,Haas F1 Team,4.0,0 days 00:01:23.529000,0 days 00:00:29.068000,0 days 00:00:18.018000,0 days 00:00:36.443000,MEDIUM,4.0,1.0,,,1,12.0,False,2024,Australia,R,83.529,29.068,18.018,36.443,83.198,0.33100000000000307,84.248,-0.7190000000000083,0.33100000000000307,83.76899999999999,84.36800000000001,-0.599000000000018,57.0,0.07017543859649122,6.0,0.6666666666666666,16.0,16.0,1,0,0,1,0,1,0,0.0,4.0,0.0,5
MAG,Haas F1 Team,5.0,0 days 00:01:23.961000,0 days 00:00:29.446000,0 days 00:00:18.061000,0 days 00:00:36.454000,MEDIUM,5.0,1.0,,,1,12.0,False,2024,Australia,R,83.961,29.446,18.061,36.454,83.198,0.7630000000000052,84.248,-0.28700000000000614,0.7630000000000052,84.261,84.36800000000001,-0.10700000000001353,57.0,0.08771929824561403,6.0,0.8333333333333334,25.0,25.0,1,0,0,1,0,1,0,0.0,5.0,0.0,5
MAG,Haas F1 Team,6.0,0 days 00:01:23.954000,0 days 00:00:29.211000,0 days 00:00:18.296000,0 days 00:00:36.447000,MEDIUM,6.0,1.0,,,1,12.0,False,2024,Australia,R,83.954,29.211,18.296,36.447,83.198,0.7560000000000002,84.248,-0.29400000000001114,0.7560000000000002,84.314,84.36800000000001,-0.05400000000001626,57.0,0.10526315789473684,6.0,1.0,36.0,36.0,1,0,0,1,0,1,0,0.0,6.0,0.0,5
MAG,Haas F1 Team,9.0,0 days 00:01:23.662000,0 days 00:00:29.317000,0 days 00:00:18.413000,0 days 00:00:35.932000,HARD,2.0,2.0,,,1,15.0,False,2024,Australia,R,83.662,29.317,18.413,35.932,83.198,0.46400000000001285,83.662,0.0,0.46400000000001285,84.20200000000001,84.20200000000001,0.0,57.0,0.15789473684210525,25.0,0.08,4.0,81.0,0,1,0,1,0,0,1,0.0,0.0,2.0,23
MAG,Haas F1 Team,10.0,0 days 00:01:23.671000,0 days 00:00:29.145000,0 days 00:00:17.985000,0 days 00:00:36.541000,HARD,3.0,2.0,,,1,15.0,False,2024,Australia,R,83.671,29.145,17.985,36.541,83.198,0.4730000000000132,83.662,0.009000000000000341,0.4730000000000132,84.271,84.20200000000001,0.0689999999999884,57.0,0.17543859649122806,25.0,0.12,9.0,100.0,0,1,0,1,0,0,1,0.0,0.0,3.0,23
MAG,Haas F1 Team,11.0,0 days 00:01:23.322000,0 days 00:00:29.073000,0 days 00:00:18.025000,0 days 00:00:36.224000,HARD,4.0,2.0,,,1,15.0,False,2024,Australia,R,83.322,29.073,18.025,36.224,83.198,0.12400000000000944,83.662,-0.3400000000000034,0.12400000000000944,83.982,84.20200000000001,-0.22000000000001307,57.0,0.19298245614035087,25.0,0.16,16.0,121.0,0,1,0,1,0,0,1,0.0,0.0,4.0,23
MAG,Haas F1 Team,12.0,0 days 00:01:23.110000,0 days 00:00:29.117000,0 days 00:00:17.971000,0 days 00:00:36.022000,HARD,5.0,2.0,,,1,15.0,False,2024,Australia,R,83.11,29.117,17.971,36.022,83.198,0.08799999999999386,83.662,-0.5520000000000067,-0.08799999999999386,83.83,84.20200000000001,-0.3720000000000141,57.0,0.21052631578947367,25.0,0.2,25.0,144.0,0,1,0,1,0,0,1,0.0,0.0,5.0,23
MAG,Haas F1 Team,13.0,0 days 00:01:23.063000,0 days 00:00:28.848000,0 days 00:00:18.030000,0 days 00:00:36.185000,HARD,6.0,2.0,,,1,15.0,False,2024,Australia,R,83.063,28.848,18.03,36.185,83.198,0.1349999999999909,83.662,-0.5990000000000038,-0.1349999999999909,83.843,84.20200000000001,-0.35900000000000887,57.0,0.22807017543859648,25.0,0.24,36.0,169.0,0,1,0,1,0,0,1,0.0,0.0,6.0,23
MAG,Haas F1 Team,14.0,0 days 00:01:22.905000,0 days 00:00:28.975000,0 days 00:00:17.955000,0 days 00:00:35.975000,HARD,7.0,2.0,,,1,15.0,False,2024,Australia,R,82.905,28.975,17.955,35.975,83.198,0.29299999999999216,83.662,-0.757000000000005,-0.29299999999999216,83.745,84.20200000000001,-0.45700000000000784,57.0,0.24561403508771928,25.0,0.28,49.0,196.0,0,1,0,1,0,0,1,0.0,0.0,7.0,23
MAG,Haas F1 Team,15.0,0 days 00:01:23.668000,0 days 00:00:29.093000,0 days 00:00:18.303000,0 days 00:00:36.272000,HARD,8.0,2.0,,,1,15.0,False,2024,Australia,R,83.668,29.093,18.303,36.272,83.198,0.4700000000000131,83.662,0.006000000000000227,0.4700000000000131,84.56800000000001,84.20200000000001,0.36599999999999966,57.0,0.2631578947368421,25.0,0.32,64.0,225.0,0,1,0,1,0,0,1,0.0,0.0,8.0,23
MAG,Haas F1 Team,16.0,0 days 00:01:23.561000,0 days 00:00:29.073000,0 days 00:00:18.228000,0 days 00:00:36.260000,HARD,9.0,2.0,,,1,13.0,False,2024,Australia,R,83.561,29.073,18.228,36.26,83.198,0.36300000000001376,83.662,-0.10099999999999909,0.36300000000001376,84.521,84.20200000000001,0.3189999999999884,57.0,0.2807017543859649,25.0,0.36,81.0,256.0,0,1,0,1,0,0,1,0.0,0.0,9.0,23
MAG,Haas F1 Team,18.0,0 days 00:01:23.125000,0 days 00:00:29.280000,0 days 00:00:18.210000,0 days 00:00:35.635000,HARD,11.0,2.0,,,1,11.0,False,2024,Australia,R,83.125,29.28,18.21,35.635,83.198,0.07299999999999329,83.662,-0.5370000000000061,-0.07299999999999329,84.205,84.20200000000001,0.002999999999985903,57.0,0.3157894736842105,25.0,0.44,121.0,324.0,0,1,0,1,0,0,1,0.0,0.0,11.0,23
MAG,Haas F1 Team,19.0,0 days 00:01:22.848000,0 days 00:00:28.691000,0 days 00:00:18.204000,0 days 00:00:35.953000,HARD,12.0,2.0,,,1,11.0,False,2024,Australia,R,82.848,28.691,18.204,35.953,83.198,0.3499999999999943,83.662,-0.8140000000000072,-0.3499999999999943,83.988,84.20200000000001,-0.21400000000001285,57.0,0.3333333333333333,25.0,0.48,144.0,361.0,0,1,0,0,0,0,1,0.0,0.0,12.0,23
MAG,Haas F1 Team,20.0,0 days 00:01:22.809000,0 days 00:00:28.859000,0 days 00:00:18.147000,0 days 00:00:35.803000,HARD,13.0,2.0,,,1,11.0,False,2024,Australia,R,82.809,28.859,18.147,35.803,83.198,0.3889999999999958,83.662,-0.8530000000000086,-0.3889999999999958,84.009,84.20200000000001,-0.19300000000001205,57.0,0.3508771929824561,25.0,0.52,169.0,400.0,0,1,0,0,0,0,1,0.0,0.0,13.0,23
MAG,Haas F1 Team,21.0,0 days 00:01:22.860000,0 days 00:00:28.817000,0 days 00:00:18.149000,0 days 00:00:35.894000,HARD,14.0,2.0,,,1,11.0,False,2024,Australia,R,82.86,28.817,18.149,35.894,83.198,0.33799999999999386,83.662,-0.8020000000000067,-0.33799999999999386,84.12,84.20200000000001,-0.08200000000000784,57.0,0.3684210526315789,25.0,0.56,196.0,441.0,0,1,0,0,0,0,1,0.0,0.0,14.0,23
MAG,Haas F1 Team,22.0,0 days 00:01:23.315000,0 days 00:00:28.881000,0 days 00:00:18.063000,0 days 00:00:36.371000,HARD,15.0,2.0,,,1,11.0,False,2024,Australia,R,83.315,28.881,18.063,36.371,83.198,0.11700000000000443,83.662,-0.3470000000000084,0.11700000000000443,84.63499999999999,84.20200000000001,0.4329999999999785,57.0,0.38596491228070173,25.0,0.6,225.0,484.0,0,1,0,0,0,0,1,0.0,0.0,15.0,23
MAG,Haas F1 Team,23.0,0 days 00:01:24.285000,0 days 00:00:29.063000,0 days 00:00:18.199000,0 days 00:00:37.023000,HARD,16.0,2.0,,,1,12.0,False,2024,Australia,R,84.285,29.063,18.199,37.023,83.198,1.0870000000000033,83.662,0.6229999999999905,1.0870000000000033,85.66499999999999,84.20200000000001,1.4629999999999797,57.0,0.40350877192982454,25.0,0.64,256.0,529.0,0,1,0,0,0,0,1,0.0,0.0,16.0,23
MAG,Haas F1 Team,24.0,0 days 00:01:23.330000,0 days 00:00:28.960000,0 days 00:00:18.161000,0 days 00:00:36.209000,HARD,17.0,2.0,,,1,12.0,False,2024,Australia,R,83.33,28.96,18.161,36.209,83.198,0.132000000000005,83.662,-0.33200000000000784,0.132000000000005,84.77,84.20200000000001,0.5679999999999836,57.0,0.42105263157894735,25.0,0.68,289.0,576.0,0,1,0,0,0,0,1,0.0,0.0,17.0,23
MAG,Haas F1 Team,25.0,0 days 00:01:23.502000,0 days 00:00:29.113000,0 days 00:00:18.175000,0 days 00:00:36.214000,HARD,18.0,2.0,,,1,12.0,False,2024,Australia,R,83.502,29.113,18.175,36.214,83.198,0.30400000000000205,83.662,-0.1600000000000108,0.30400000000000205,85.002,84.20200000000001,0.799999999999983,57.0,0.43859649122807015,25.0,0.72,324.0,625.0,0,1,0,0,0,0,1,0.0,0.0,18.0,23
MAG,Haas F1 Team,26.0,0 days 00:01:23.485000,0 days 00:00:29.057000,0 days 00:00:18.279000,0 days 00:00:36.149000,HARD,19.0,2.0,,,1,12.0,False,2024,Australia,R,83.485,29.057,18.279,36.149,83.198,0.28700000000000614,83.662,-0.1770000000000067,0.28700000000000614,85.045,84.20200000000001,0.8429999999999893,57.0,0.45614035087719296,25.0,0.76,361.0,676.0,0,1,0,0,0,0,1,0.0,0.0,19.0,23
MAG,Haas F1 Team,27.0,0 days 00:01:23.525000,0 days 00:00:29.057000,0 days 00:00:18.167000,0 days 00:00:36.301000,HARD,20.0,2.0,,,1,11.0,False,2024,Australia,R,83.525,29.057,18.167,36.301,83.198,0.3270000000000124,83.662,-0.13700000000000045,0.3270000000000124,85.14500000000001,84.20200000000001,0.9429999999999978,57.0,0.47368421052631576,25.0,0.8,400.0,729.0,0,1,0,0,0,0,1,0.0,0.0,20.0,23
MAG,Haas F1 Team,28.0,0 days 00:01:23.467000,0 days 00:00:28.881000,0 days 00:00:18.441000,0 days 00:00:36.145000,HARD,21.0,2.0,,,1,11.0,False,2024,Australia,R,83.467,28.881,18.441,36.145,83.198,0.26900000000000546,83.662,-0.1950000000000074,0.26900000000000546,85.147,84.20200000000001,0.9449999999999932,57.0,0.49122807017543857,25.0,0.84,441.0,784.0,0,1,0,0,0,0,1,0.0,0.0,21.0,23
MAG,Haas F1 Team,29.0,0 days 00:01:23.456000,0 days 00:00:28.996000,0 days 00:00:18.266000,0 days 00:00:36.194000,HARD,22.0,2.0,,,1,11.0,False,2024,Australia,R,83.456,28.996,18.266,36.194,83.198,0.2580000000000098,83.662,-0.20600000000000307,0.2580000000000098,85.196,84.20200000000001,0.9939999999999856,57.0,0.5087719298245614,25.0,0.88,484.0,841.0,0,1,0,0,0,0,1,0.0,0.0,22.0,23
MAG,Haas F1 Team,30.0,0 days 00:01:23.407000,0 days 00:00:29.082000,0 days 00:00:18.187000,0 days 00:00:36.138000,HARD,23.0,2.0,,,1,11.0,False,2024,Australia,R,83.407,29.082,18.187,36.138,83.198,0.20900000000000318,83.662,-0.25500000000000966,0.20900000000000318,85.207,84.20200000000001,1.0049999999999812,57.0,0.5263157894736842,25.0,0.92,529.0,900.0,0,1,0,0,0,0,1,0.0,0.0,23.0,23
MAG,Haas F1 Team,31.0,0 days 00:01:23.216000,0 days 00:00:29.001000,0 days 00:00:18.254000,0 days 00:00:35.961000,HARD,24.0,2.0,,,1,11.0,False,2024,Australia,R,83.216,29.001,18.254,35.961,83.198,0.018000000000000682,83.662,-0.44600000000001216,0.018000000000000682,85.076,84.20200000000001,0.873999999999981,57.0,0.543859649122807,25.0,0.96,576.0,961.0,0,1,0,0,0,0,1,0.0,0.0,24.0,23
MAG,Haas F1 Team,32.0,0 days 00:01:23.396000,0 days 00:00:29.113000,0 days 00:00:18.248000,0 days 00:00:36.035000,HARD,25.0,2.0,,,1,11.0,False,2024,Australia,R,83.396,29.113,18.248,36.035,83.198,0.1980000000000075,83.662,-0.26600000000000534,0.1980000000000075,85.316,84.20200000000001,1.11399999999999,57.0,0.5614035087719298,25.0,1.0,625.0,1024.0,0,1,0,0,0,0,1,0.0,0.0,25.0,23
MAG,Haas F1 Team,35.0,0 days 00:01:22.340000,0 days 00:00:28.467000,0 days 00:00:18.179000,0 days 00:00:35.694000,HARD,2.0,3.0,,,1,13.0,False,2024,Australia,R,82.34,28.467,18.179,35.694,83.198,0.8579999999999899,82.34,0.0,-0.8579999999999899,84.44,84.44,0.0,57.0,0.6140350877192983,23.0,0.08695652173913043,4.0,1225.0,0,0,0,0,0,0,1,0.0,0.0,2.0,22
MAG,Haas F1 Team,36.0,0 days 00:01:22.109000,0 days 00:00:28.474000,0 days 00:00:18.015000,0 days 00:00:35.620000,HARD,3.0,3.0,,,1,13.0,False,2024,Australia,R,82.109,28.474,18.015,35.62,83.198,1.0889999999999986,82.34,-0.23100000000000875,-1.0889999999999986,84.26899999999999,84.44,-0.17100000000000648,57.0,0.631578947368421,23.0,0.13043478260869565,9.0,1296.0,0,0,0,0,0,0,1,0.0,0.0,3.0,22
MAG,Haas F1 Team,37.0,0 days 00:01:22.261000,0 days 00:00:28.640000,0 days 00:00:18.008000,0 days 00:00:35.613000,HARD,4.0,3.0,,,1,13.0,False,2024,Australia,R,82.261,28.64,18.008,35.613,83.198,0.9369999999999976,82.34,-0.07900000000000773,-0.9369999999999976,84.481,84.44,0.04099999999999682,57.0,0.6491228070175439,23.0,0.17391304347826086,16.0,1369.0,0,0,0,0,0,0,1,0.0,0.0,4.0,22
MAG,Haas F1 Team,38.0,0 days 00:01:22.085000,0 days 00:00:28.649000,0 days 00:00:17.979000,0 days 00:00:35.457000,HARD,5.0,3.0,,,1,13.0,False,2024,Australia,R,82.085,28.649,17.979,35.457,83.198,1.1129999999999995,82.34,-0.25500000000000966,-1.1129999999999995,84.365,84.44,-0.07500000000000284,57.0,0.6666666666666666,23.0,0.21739130434782608,25.0,1444.0,0,0,1,0,0,0,1,0.0,0.0,5.0,22
MAG,Haas F1 Team,39.0,0 days 00:01:21.845000,0 days 00:00:28.582000,0 days 00:00:17.962000,0 days 00:00:35.301000,HARD,6.0,3.0,,,1,13.0,False,2024,Australia,R,81.845,28.582,17.962,35.301,83.198,1.3529999999999944,82.34,-0.49500000000000455,-1.3529999999999944,84.185,84.44,-0.25499999999999545,57.0,0.6842105263157895,23.0,0.2608695652173913,36.0,1521.0,0,0,1,0,0,0,1,0.0,0.0,6.0,22
MAG,Haas F1 Team,40.0,0 days 00:01:21.771000,0 days 00:00:28.346000,0 days 00:00:18.034000,0 days 00:00:35.391000,HARD,7.0,3.0,,,1,13.0,False,2024,Australia,R,81.771,28.346,18.034,35.391,83.198,1.4269999999999925,82.34,-0.5690000000000026,-1.4269999999999925,84.171,84.44,-0.26899999999999125,57.0,0.7017543859649122,23.0,0.30434782608695654,49.0,1600.0,0,0,1,0,0,0,1,0.0,0.0,7.0,22
MAG,Haas F1 Team,41.0,0 days 00:01:23.189000,0 days 00:00:29.007000,0 days 00:00:18.687000,0 days 00:00:35.495000,HARD,8.0,3.0,,,1,12.0,False,2024,Australia,R,83.189,29.007,18.687,35.495,83.198,0.009000000000000341,82.34,0.8489999999999895,-0.009000000000000341,85.64899999999999,84.44,1.208999999999989,57.0,0.7192982456140351,23.0,0.34782608695652173,64.0,1681.0,0,0,1,0,0,0,1,0.0,0.0,8.0,22
MAG,Haas F1 Team,42.0,0 days 00:01:21.914000,0 days 00:00:28.450000,0 days 00:00:17.579000,0 days 00:00:35.885000,HARD,9.0,3.0,,,1,12.0,False,2024,Australia,R,81.914,28.45,17.579,35.885,83.198,1.2839999999999918,82.34,-0.42600000000000193,-1.2839999999999918,84.434,84.44,-0.006000000000000227,57.0,0.7368421052631579,23.0,0.391304347826087,81.0,1764.0,0,0,1,0,0,0,1,0.0,0.0,9.0,22
MAG,Haas F1 Team,43.0,0 days 00:01:22.053000,0 days 00:00:28.314000,0 days 00:00:17.657000,0 days 00:00:36.082000,HARD,10.0,3.0,,,1,12.0,False,2024,Australia,R,82.053,28.314,17.657,36.082,83.198,1.144999999999996,82.34,-0.28700000000000614,-1.144999999999996,84.633,84.44,0.19299999999999784,57.0,0.7543859649122807,23.0,0.43478260869565216,100.0,1849.0,0,0,1,0,0,0,1,0.0,0.0,10.0,22
MAG,Haas F1 Team,44.0,0 days 00:01:21.082000,0 days 00:00:28.418000,0 days 00:00:17.488000,0 days 00:00:35.176000,HARD,11.0,3.0,,,1,11.0,False,2024,Australia,R,81.082,28.418,17.488,35.176,83.198,2.1159999999999997,82.34,-1.2580000000000098,-2.1159999999999997,83.722,84.44,-0.7180000000000035,57.0,0.7719298245614035,23.0,0.4782608695652174,121.0,1936.0,0,0,1,0,0,0,1,0.0,0.0,11.0,22
MAG,Haas F1 Team,45.0,0 days 00:01:21.637000,0 days 00:00:28.428000,0 days 00:00:18.032000,0 days 00:00:35.177000,HARD,12.0,3.0,,,1,11.0,False,2024,Australia,R,81.637,28.428,18.032,35.177,83.198,1.5609999999999928,82.34,-0.703000000000003,-1.5609999999999928,84.337,84.44,-0.10299999999999443,57.0,0.7894736842105263,23.0,0.5217391304347826,144.0,2025.0,0,0,1,0,0,0,1,0.0,0.0,12.0,22
MAG,Haas F1 Team,46.0,0 days 00:01:21.463000,0 days 00:00:28.385000,0 days 00:00:17.994000,0 days 00:00:35.084000,HARD,13.0,3.0,,,1,11.0,False,2024,Australia,R,81.463,28.385,17.994,35.084,83.198,1.7349999999999994,82.34,-0.8770000000000095,-1.7349999999999994,84.223,84.44,-0.21699999999999875,57.0,0.8070175438596491,23.0,0.5652173913043478,169.0,2116.0,0,0,1,0,0,0,1,0.0,0.0,13.0,22
MAG,Haas F1 Team,47.0,0 days 00:01:21.538000,0 days 00:00:28.307000,0 days 00:00:17.952000,0 days 00:00:35.279000,HARD,14.0,3.0,,,1,11.0,False,2024,Australia,R,81.538,28.307,17.952,35.279,83.198,1.6599999999999966,82.34,-0.8020000000000067,-1.6599999999999966,84.35799999999999,84.44,-0.08200000000000784,57.0,0.8245614035087719,23.0,0.6086956521739131,196.0,2209.0,0,0,1,0,0,0,1,0.0,0.0,14.0,22
MAG,Haas F1 Team,48.0,0 days 00:01:21.670000,0 days 00:00:28.410000,0 days 00:00:17.980000,0 days 00:00:35.280000,HARD,15.0,3.0,,,1,11.0,False,2024,Australia,R,81.67,28.41,17.98,35.28,83.198,1.5279999999999916,82.34,-0.6700000000000017,-1.5279999999999916,84.55,84.44,0.10999999999999943,57.0,0.8421052631578947,23.0,0.6521739130434783,225.0,2304.0,0,0,1,0,0,0,1,0.0,0.0,15.0,22
MAG,Haas F1 Team,49.0,0 days 00:01:21.386000,0 days 00:00:28.312000,0 days 00:00:17.874000,0 days 00:00:35.200000,HARD,16.0,3.0,,,1,11.0,False,2024,Australia,R,81.386,28.312,17.874,35.2,83.198,1.8119999999999976,82.34,-0.9540000000000077,-1.8119999999999976,84.326,84.44,-0.11400000000000432,57.0,0.8596491228070176,23.0,0.6956521739130435,256.0,2401.0,0,0,1,0,0,0,1,0.0,0.0,16.0,22
MAG,Haas F1 Team,50.0,0 days 00:01:21.666000,0 days 00:00:28.432000,0 days 00:00:18.004000,0 days 00:00:35.230000,HARD,17.0,3.0,,,1,11.0,False,2024,Australia,R,81.666,28.432,18.004,35.23,83.198,1.5319999999999965,82.34,-0.6740000000000066,-1.5319999999999965,84.666,84.44,0.2259999999999991,57.0,0.8771929824561403,23.0,0.7391304347826086,289.0,2500.0,0,0,1,0,0,0,1,0.0,0.0,17.0,22
MAG,Haas F1 Team,51.0,0 days 00:01:21.420000,0 days 00:00:28.391000,0 days 00:00:17.891000,0 days 00:00:35.138000,HARD,18.0,3.0,,,1,11.0,False,2024,Australia,R,81.42,28.391,17.891,35.138,83.198,1.7779999999999916,82.34,-0.9200000000000017,-1.7779999999999916,84.48,84.44,0.04000000000000625,57.0,0.8947368421052632,23.0,0.782608695652174,324.0,2601.0,0,0,1,0,0,0,1,0.0,0.0,18.0,22
MAG,Haas F1 Team,52.0,0 days 00:01:21.631000,0 days 00:00:28.441000,0 days 00:00:18.011000,0 days 00:00:35.179000,HARD,19.0,3.0,,,1,11.0,False,2024,Australia,R,81.631,28.441,18.011,35.179,83.198,1.566999999999993,82.34,-0.7090000000000032,-1.566999999999993,84.751,84.44,0.31100000000000705,57.0,0.9122807017543859,23.0,0.8260869565217391,361.0,2704.0,0,0,1,0,0,0,1,0.0,0.0,19.0,22
MAG,Haas F1 Team,53.0,0 days 00:01:21.663000,0 days 00:00:28.371000,0 days 00:00:17.973000,0 days 00:00:35.319000,HARD,20.0,3.0,,,1,11.0,False,2024,Australia,R,81.663,28.371,17.973,35.319,83.198,1.5349999999999966,82.34,-0.6770000000000067,-1.5349999999999966,84.84299999999999,84.44,0.4029999999999916,57.0,0.9298245614035088,23.0,0.8695652173913043,400.0,2809.0,0,0,1,0,0,0,1,0.0,0.0,20.0,22
MAG,Haas F1 Team,54.0,0 days 00:01:25.255000,0 days 00:00:28.606000,0 days 00:00:18.056000,0 days 00:00:38.593000,HARD,21.0,3.0,,,1,11.0,False,2024,Australia,R,85.255,28.606,18.056,38.593,83.198,2.057000000000002,82.34,2.914999999999992,2.057000000000002,88.49499999999999,84.44,4.054999999999993,57.0,0.9473684210526315,23.0,0.9130434782608695,441.0,2916.0,0,0,1,0,0,0,1,0.0,0.0,21.0,22
MAG,Haas F1 Team,55.0,0 days 00:01:24.951000,0 days 00:00:29.244000,0 days 00:00:18.362000,0 days 00:00:37.345000,HARD,22.0,3.0,,,1,11.0,False,2024,Australia,R,84.951,29.244,18.362,37.345,83.198,1.7530000000000001,82.34,2.61099999999999,1.7530000000000001,88.25099999999999,84.44,3.810999999999993,57.0,0.9649122807017544,23.0,0.9565217391304348,484.0,3025.0,0,0,1,0,0,0,1,0.0,0.0,22.0,22
MAG,Haas F1 Team,56.0,0 days 00:01:23.198000,0 days 00:00:28.619000,0 days 00:00:18.156000,0 days 00:00:36.423000,HARD,23.0,3.0,,,1,11.0,False,2024,Australia,R,83.198,28.619,18.156,36.423,83.198,0.0,82.34,0.8579999999999899,0.0,86.55799999999999,84.44,2.117999999999995,57.0,0.9824561403508771,23.0,1.0,529.0,3136.0,0,0,1,0,0,0,1,0.0,0.0,23.0,22
NOR,McLaren,2.0,0 days 00:01:23.183000,0 days 00:00:28.814000,0 days 00:00:18.319000,0 days 00:00:36.050000,MEDIUM,2.0,1.0,,,1,3.0,False,2024,Australia,R,83.183,28.814,18.319,36.05,81.747,1.436000000000007,83.183,0.0,1.436000000000007,83.30300000000001,83.30300000000001,0.0,57.0,0.03508771929824561,13.0,0.15384615384615385,4.0,4.0,1,0,0,1,0,1,0,0.0,2.0,0.0,12
NOR,McLaren,3.0,0 days 00:01:22.656000,0 days 00:00:28.750000,0 days 00:00:18.204000,0 days 00:00:35.702000,MEDIUM,3.0,1.0,,,1,3.0,False,2024,Australia,R,82.656,28.75,18.204,35.702,81.747,0.909000000000006,83.183,-0.527000000000001,0.909000000000006,82.83600000000001,83.30300000000001,-0.46699999999999875,57.0,0.05263157894736842,13.0,0.23076923076923078,9.0,9.0,1,0,0,1,0,1,0,0.0,3.0,0.0,12
NOR,McLaren,4.0,0 days 00:01:22.609000,0 days 00:00:28.749000,0 days 00:00:18.059000,0 days 00:00:35.801000,MEDIUM,4.0,1.0,,,1,2.0,False,2024,Australia,R,82.609,28.749,18.059,35.801,81.747,0.8619999999999948,83.183,-0.5740000000000123,0.8619999999999948,82.84899999999999,83.30300000000001,-0.45400000000002194,57.0,0.07017543859649122,13.0,0.3076923076923077,16.0,16.0,1,0,0,1,0,1,0,0.0,4.0,0.0,12
NOR,McLaren,5.0,0 days 00:01:22.685000,0 days 00:00:28.740000,0 days 00:00:18.302000,0 days 00:00:35.643000,MEDIUM,5.0,1.0,,,1,2.0,False,2024,Australia,R,82.685,28.74,18.302,35.643,81.747,0.9380000000000024,83.183,-0.49800000000000466,0.9380000000000024,82.985,83.30300000000001,-0.31800000000001205,57.0,0.08771929824561403,13.0,0.38461538461538464,25.0,25.0,1,0,0,1,0,1,0,0.0,5.0,0.0,12
NOR,McLaren,6.0,0 days 00:01:22.632000,0 days 00:00:28.717000,0 days 00:00:18.248000,0 days 00:00:35.667000,MEDIUM,6.0,1.0,,,1,2.0,False,2024,Australia,R,82.632,28.717,18.248,35.667,81.747,0.8850000000000051,83.183,-0.5510000000000019,0.8850000000000051,82.992,83.30300000000001,-0.31100000000000705,57.0,0.10526315789473684,13.0,0.46153846153846156,36.0,36.0,1,0,0,1,0,1,0,0.0,6.0,0.0,12
NOR,McLaren,7.0,0 days 00:01:22.744000,0 days 00:00:28.881000,0 days 00:00:18.232000,0 days 00:00:35.631000,MEDIUM,7.0,1.0,,,1,2.0,False,2024,Australia,R,82.744,28.881,18.232,35.631,81.747,0.9969999999999999,83.183,-0.43900000000000716,0.9969999999999999,83.164,83.30300000000001,-0.13900000000001,57.0,0.12280701754385964,13.0,0.5384615384615384,49.0,49.0,1,0,0,1,0,1,0,0.0,7.0,0.0,12
NOR,McLaren,8.0,0 days 00:01:22.630000,0 days 00:00:28.705000,0 days 00:00:18.245000,0 days 00:00:35.680000,MEDIUM,8.0,1.0,,,1,2.0,False,2024,Australia,R,82.63,28.705,18.245,35.68,81.747,0.8829999999999956,83.183,-0.5530000000000115,0.8829999999999956,83.11,83.30300000000001,-0.19300000000001205,57.0,0.14035087719298245,13.0,0.6153846153846154,64.0,64.0,1,0,0,1,0,1,0,0.0,8.0,0.0,12
NOR,McLaren,9.0,0 days 00:01:22.727000,0 days 00:00:28.832000,0 days 00:00:18.238000,0 days 00:00:35.657000,MEDIUM,9.0,1.0,,,1,2.0,False,2024,Australia,R,82.727,28.832,18.238,35.657,81.747,0.980000000000004,83.183,-0.45600000000000307,0.980000000000004,83.26700000000001,83.30300000000001,-0.036000000000001364,57.0,0.15789473684210525,13.0,0.6923076923076923,81.0,81.0,1,0,0,1,0,1,0,0.0,9.0,0.0,12
NOR,McLaren,10.0,0 days 00:01:22.695000,0 days 00:00:28.756000,0 days 00:00:18.235000,0 days 00:00:35.704000,MEDIUM,10.0,1.0,,,1,2.0,False,2024,Australia,R,82.695,28.756,18.235,35.704,81.747,0.9479999999999933,83.183,-0.48800000000001376,0.9479999999999933,83.29499999999999,83.30300000000001,-0.008000000000023988,57.0,0.17543859649122806,13.0,0.7692307692307693,100.0,100.0,1,0,0,1,0,1,0,0.0,10.0,0.0,12
NOR,McLaren,11.0,0 days 00:01:22.936000,0 days 00:00:28.880000,0 days 00:00:18.277000,0 days 00:00:35.779000,MEDIUM,11.0,1.0,,,1,2.0,False,2024,Australia,R,82.936,28.88,18.277,35.779,81.747,1.1890000000000072,83.183,-0.2469999999999999,1.1890000000000072,83.596,83.30300000000001,0.29299999999999216,57.0,0.19298245614035087,13.0,0.8461538461538461,121.0,121.0,1,0,0,1,0,1,0,0.0,11.0,0.0,12
NOR,McLaren,12.0,0 days 00:01:22.814000,0 days 00:00:28.783000,0 days 00:00:18.242000,0 days 00:00:35.789000,MEDIUM,12.0,1.0,,,1,2.0,False,2024,Australia,R,82.814,28.783,18.242,35.789,81.747,1.066999999999993,83.183,-0.369000000000014,1.066999999999993,83.53399999999999,83.30300000000001,0.23099999999998033,57.0,0.21052631578947367,13.0,0.9230769230769231,144.0,144.0,1,0,0,1,0,1,0,0.0,12.0,0.0,12
NOR,McLaren,13.0,0 days 00:01:23.153000,0 days 00:00:29.105000,0 days 00:00:18.251000,0 days 00:00:35.797000,MEDIUM,13.0,1.0,,,1,2.0,False,2024,Australia,R,83.153,29.105,18.251,35.797,81.747,1.406000000000006,83.183,-0.030000000000001137,1.406000000000006,83.933,83.30300000000001,0.6299999999999955,57.0,0.22807017543859648,13.0,1.0,169.0,169.0,1,0,0,1,0,1,0,0.0,13.0,0.0,12
NOR,McLaren,16.0,0 days 00:01:21.936000,0 days 00:00:28.534000,0 days 00:00:18.177000,0 days 00:00:35.225000,HARD,3.0,2.0,,,1,5.0,False,2024,Australia,R,81.936,28.534,18.177,35.225,81.747,0.18900000000000716,81.936,0.0,0.18900000000000716,82.896,82.896,0.0,57.0,0.2807017543859649,26.0,0.11538461538461539,9.0,256.0,0,1,0,1,0,0,1,0.0,0.0,3.0,23
NOR,McLaren,18.0,0 days 00:01:27.418000,0 days 00:00:34.235000,0 days 00:00:18.091000,0 days 00:00:35.092000,HARD,5.0,2.0,,,671,4.0,False,2024,Australia,R,87.418,34.235,18.091,35.092,81.747,5.6710000000000065,81.936,5.481999999999999,5.6710000000000065,88.498,82.896,5.602000000000004,57.0,0.3157894736842105,26.0,0.19230769230769232,25.0,324.0,0,1,0,1,0,0,1,0.0,0.0,5.0,23
NOR,McLaren,19.0,0 days 00:01:22.356000,0 days 00:00:29.030000,0 days 00:00:18.133000,0 days 00:00:35.193000,HARD,6.0,2.0,,,1,4.0,False,2024,Australia,R,82.356,29.03,18.133,35.193,81.747,0.6089999999999947,81.936,0.4199999999999875,0.6089999999999947,83.496,82.896,0.5999999999999943,57.0,0.3333333333333333,26.0,0.23076923076923078,36.0,361.0,0,1,0,0,0,0,1,0.0,0.0,6.0,23
NOR,McLaren,20.0,0 days 00:01:21.642000,0 days 00:00:28.355000,0 days 00:00:18.023000,0 days 00:00:35.264000,HARD,7.0,2.0,,,1,4.0,False,2024,Australia,R,81.642,28.355,18.023,35.264,81.747,0.10500000000000398,81.936,-0.29400000000001114,-0.10500000000000398,82.842,82.896,-0.054000000000002046,57.0,0.3508771929824561,26.0,0.2692307692307692,49.0,400.0,0,1,0,0,0,0,1,0.0,0.0,7.0,23
NOR,McLaren,21.0,0 days 00:01:21.907000,0 days 00:00:28.385000,0 days 00:00:18.033000,0 days 00:00:35.489000,HARD,8.0,2.0,,,1,4.0,False,2024,Australia,R,81.907,28.385,18.033,35.489,81.747,0.1599999999999966,81.936,-0.029000000000010573,0.1599999999999966,83.167,82.896,0.2710000000000008,57.0,0.3684210526315789,26.0,0.3076923076923077,64.0,441.0,0,1,0,0,0,0,1,0.0,0.0,8.0,23
NOR,McLaren,22.0,0 days 00:01:21.749000,0 days 00:00:28.441000,0 days 00:00:18.106000,0 days 00:00:35.202000,HARD,9.0,2.0,,,1,4.0,False,2024,Australia,R,81.749,28.441,18.106,35.202,81.747,0.001999999999995339,81.936,-0.18700000000001182,0.001999999999995339,83.06899999999999,82.896,0.1729999999999876,57.0,0.38596491228070173,26.0,0.34615384615384615,81.0,484.0,0,1,0,0,0,0,1,0.0,0.0,9.0,23
NOR,McLaren,23.0,0 days 00:01:21.745000,0 days 00:00:28.381000,0 days 00:00:17.980000,0 days 00:00:35.384000,HARD,10.0,2.0,,,1,4.0,False,2024,Australia,R,81.745,28.381,17.98,35.384,81.747,0.001999999999995339,81.936,-0.1910000000000025,-0.001999999999995339,83.125,82.896,0.2289999999999992,57.0,0.40350877192982454,26.0,0.38461538461538464,100.0,529.0,0,1,0,0,0,0,1,0.0,0.0,10.0,23
NOR,McLaren,24.0,0 days 00:01:21.562000,0 days 00:00:28.376000,0 days 00:00:17.989000,0 days 00:00:35.197000,HARD,11.0,2.0,,,1,4.0,False,2024,Australia,R,81.562,28.376,17.989,35.197,81.747,0.18500000000000227,81.936,-0.37400000000000944,-0.18500000000000227,83.002,82.896,0.10599999999999454,57.0,0.42105263157894735,26.0,0.4230769230769231,121.0,576.0,0,1,0,0,0,0,1,0.0,0.0,11.0,23
NOR,McLaren,25.0,0 days 00:01:21.713000,0 days 00:00:28.517000,0 days 00:00:17.950000,0 days 00:00:35.246000,HARD,12.0,2.0,,,1,4.0,False,2024,Australia,R,81.713,28.517,17.95,35.246,81.747,0.034000000000006025,81.936,-0.2230000000000132,-0.034000000000006025,83.213,82.896,0.31699999999999307,57.0,0.43859649122807015,26.0,0.46153846153846156,144.0,625.0,0,1,0,0,0,0,1,0.0,0.0,12.0,23
NOR,McLaren,26.0,0 days 00:01:21.611000,0 days 00:00:28.398000,0 days 00:00:17.959000,0 days 00:00:35.254000,HARD,13.0,2.0,,,1,4.0,False,2024,Australia,R,81.611,28.398,17.959,35.254,81.747,0.13599999999999568,81.936,-0.32500000000000284,-0.13599999999999568,83.171,82.896,0.2750000000000057,57.0,0.45614035087719296,26.0,0.5,169.0,676.0,0,1,0,0,0,0,1,0.0,0.0,13.0,23
NOR,McLaren,27.0,0 days 00:01:21.976000,0 days 00:00:28.523000,0 days 00:00:18.045000,0 days 00:00:35.408000,HARD,14.0,2.0,,,1,4.0,False,2024,Australia,R,81.976,28.523,18.045,35.408,81.747,0.2289999999999992,81.936,0.03999999999999204,0.2289999999999992,83.596,82.896,0.7000000000000028,57.0,0.47368421052631576,26.0,0.5384615384615384,196.0,729.0,0,1,0,0,0,0,1,0.0,0.0,14.0,23
NOR,McLaren,28.0,0 days 00:01:21.837000,0 days 00:00:28.562000,0 days 00:00:18.040000,0 days 00:00:35.235000,HARD,15.0,2.0,,,1,4.0,False,2024,Australia,R,81.837,28.562,18.04,35.235,81.747,0.09000000000000341,81.936,-0.09900000000000375,0.09000000000000341,83.51700000000001,82.896,0.6210000000000093,57.0,0.49122807017543857,26.0,0.5769230769230769,225.0,784.0,0,1,0,0,0,0,1,0.0,0.0,15.0,23
NOR,McLaren,29.0,0 days 00:01:21.864000,0 days 00:00:28.483000,0 days 00:00:18.029000,0 days 00:00:35.352000,HARD,16.0,2.0,,,1,3.0,False,2024,Australia,R,81.864,28.483,18.029,35.352,81.747,0.11700000000000443,81.936,-0.07200000000000273,0.11700000000000443,83.604,82.896,0.7079999999999984,57.0,0.5087719298245614,26.0,0.6153846153846154,256.0,841.0,0,1,0,0,0,0,1,0.0,0.0,16.0,23
NOR,McLaren,30.0,0 days 00:01:21.982000,0 days 00:00:28.568000,0 days 00:00:18.058000,0 days 00:00:35.356000,HARD,17.0,2.0,,,1,3.0,False,2024,Australia,R,81.982,28.568,18.058,35.356,81.747,0.23499999999999943,81.936,0.04599999999999227,0.23499999999999943,83.782,82.896,0.8859999999999957,57.0,0.5263157894736842,26.0,0.6538461538461539,289.0,900.0,0,1,0,0,0,0,1,0.0,0.0,17.0,23
NOR,McLaren,31.0,0 days 00:01:21.848000,0 days 00:00:28.565000,0 days 00:00:17.981000,0 days 00:00:35.302000,HARD,18.0,2.0,,,1,3.0,False,2024,Australia,R,81.848,28.565,17.981,35.302,81.747,0.10099999999999909,81.936,-0.08800000000000807,0.10099999999999909,83.708,82.896,0.8119999999999976,57.0,0.543859649122807,26.0,0.6923076923076923,324.0,961.0,0,1,0,0,0,0,1,0.0,0.0,18.0,23
NOR,McLaren,32.0,0 days 00:01:21.574000,0 days 00:00:28.394000,0 days 00:00:18.012000,0 days 00:00:35.168000,HARD,19.0,2.0,,,1,3.0,False,2024,Australia,R,81.574,28.394,18.012,35.168,81.747,0.17300000000000182,81.936,-0.362000000000009,-0.17300000000000182,83.494,82.896,0.597999999999999,57.0,0.5614035087719298,26.0,0.7307692307692307,361.0,1024.0,0,1,0,0,0,0,1,0.0,0.0,19.0,23
NOR,McLaren,33.0,0 days 00:01:21.692000,0 days 00:00:28.570000,0 days 00:00:18.002000,0 days 00:00:35.120000,HARD,20.0,2.0,,,1,3.0,False,2024,Australia,R,81.692,28.57,18.002,35.12,81.747,0.05500000000000682,81.936,-0.24400000000001398,-0.05500000000000682,83.672,82.896,0.7759999999999962,57.0,0.5789473684210527,26.0,0.7692307692307693,400.0,1089.0,0,1,0,0,0,0,1,0.0,0.0,20.0,23
NOR,McLaren,34.0,0 days 00:01:21.769000,0 days 00:00:28.421000,0 days 00:00:18.062000,0 days 00:00:35.286000,HARD,21.0,2.0,,,1,2.0,False,2024,Australia,R,81.769,28.421,18.062,35.286,81.747,0.02200000000000557,81.936,-0.1670000000000016,0.02200000000000557,83.80900000000001,82.896,0.9130000000000109,57.0,0.5964912280701754,26.0,0.8076923076923077,441.0,1156.0,0,1,0,0,0,0,1,0.0,0.0,21.0,23
NOR,McLaren,35.0,0 days 00:01:21.510000,0 days 00:00:28.479000,0 days 00:00:18.089000,0 days 00:00:34.942000,HARD,22.0,2.0,,,1,2.0,False,2024,Australia,R,81.51,28.479,18.089,34.942,81.747,0.23699999999999477,81.936,-0.42600000000000193,-0.23699999999999477,83.61,82.896,0.7139999999999986,57.0,0.6140350877192983,26.0,0.8461538461538461,484.0,1225.0,0,1,0,0,0,0,1,0.0,0.0,22.0,23
NOR,McLaren,36.0,0 days 00:01:21.446000,0 days 00:00:28.511000,0 days 00:00:17.999000,0 days 00:00:34.936000,HARD,23.0,2.0,,,1,2.0,False,2024,Australia,R,81.446,28.511,17.999,34.936,81.747,0.30100000000000193,81.936,-0.4900000000000091,-0.30100000000000193,83.606,82.896,0.7099999999999937,57.0,0.631578947368421,26.0,0.8846153846153846,529.0,1296.0,0,1,0,0,0,0,1,0.0,0.0,23.0,23
NOR,McLaren,37.0,0 days 00:01:21.662000,0 days 00:00:28.425000,0 days 00:00:17.983000,0 days 00:00:35.254000,HARD,24.0,2.0,,,1,2.0,False,2024,Australia,R,81.662,28.425,17.983,35.254,81.747,0.08499999999999375,81.936,-0.2740000000000009,-0.08499999999999375,83.882,82.896,0.9860000000000042,57.0,0.6491228070175439,26.0,0.9230769230769231,576.0,1369.0,0,1,0,0,0,0,1,0.0,0.0,24.0,23
NOR,McLaren,38.0,0 days 00:01:21.518000,0 days 00:00:28.457000,0 days 00:00:17.950000,0 days 00:00:35.111000,HARD,25.0,2.0,,,1,2.0,False,2024,Australia,R,81.518,28.457,17.95,35.111,81.747,0.2289999999999992,81.936,-0.41800000000000637,-0.2289999999999992,83.798,82.896,0.902000000000001,57.0,0.6666666666666666,26.0,0.9615384615384616,625.0,1444.0,0,1,1,0,0,0,1,0.0,0.0,25.0,23
NOR,McLaren,39.0,0 days 00:01:21.901000,0 days 00:00:28.746000,0 days 00:00:17.982000,0 days 00:00:35.173000,HARD,26.0,2.0,,,1,2.0,False,2024,Australia,R,81.901,28.746,17.982,35.173,81.747,0.15399999999999636,81.936,-0.0350000000000108,0.15399999999999636,84.241,82.896,1.3449999999999989,57.0,0.6842105263157895,26.0,1.0,676.0,1521.0,0,1,1,0,0,0,1,0.0,0.0,26.0,23
NOR,McLaren,42.0,0 days 00:01:21.025000,0 days 00:00:28.317000,0 days 00:00:17.944000,0 days 00:00:34.764000,HARD,3.0,3.0,,,1,3.0,False,2024,Australia,R,81.025,28.317,17.944,34.764,81.747,0.7219999999999942,81.025,0.0,-0.7219999999999942,83.545,83.545,0.0,57.0,0.7368421052631579,18.0,0.16666666666666666,9.0,1764.0,0,0,1,0,0,0,1,0.0,0.0,3.0,16
NOR,McLaren,43.0,0 days 00:01:20.652000,0 days 00:00:28.003000,0 days 00:00:17.820000,0 days 00:00:34.829000,HARD,4.0,3.0,,,1,3.0,False,2024,Australia,R,80.652,28.003,17.82,34.829,81.747,1.0949999999999989,81.025,-0.37300000000000466,-1.0949999999999989,83.232,83.545,-0.3130000000000024,57.0,0.7543859649122807,18.0,0.2222222222222222,16.0,1849.0,0,0,1,0,0,0,1,0.0,0.0,4.0,16
NOR,McLaren,44.0,0 days 00:01:20.613000,0 days 00:00:28.003000,0 days 00:00:17.820000,0 days 00:00:34.790000,HARD,5.0,3.0,,,1,3.0,False,2024,Australia,R,80.613,28.003,17.82,34.79,81.747,1.1340000000000003,81.025,-0.41200000000000614,-1.1340000000000003,83.253,83.545,-0.2920000000000016,57.0,0.7719298245614035,18.0,0.2777777777777778,25.0,1936.0,0,0,1,0,0,0,1,0.0,0.0,5.0,16
NOR,McLaren,45.0,0 days 00:01:20.620000,0 days 00:00:28.171000,0 days 00:00:17.820000,0 days 00:00:34.629000,HARD,6.0,3.0,,,1,3.0,False,2024,Australia,R,80.62,28.171,17.82,34.629,81.747,1.1269999999999953,81.025,-0.40500000000000114,-1.1269999999999953,83.32000000000001,83.545,-0.22499999999999432,57.0,0.7894736842105263,18.0,0.3333333333333333,36.0,2025.0,0,0,1,0,0,0,1,0.0,0.0,6.0,16
NOR,McLaren,46.0,0 days 00:01:19.971000,0 days 00:00:27.633000,0 days 00:00:17.752000,0 days 00:00:34.586000,HARD,7.0,3.0,,,1,3.0,False,2024,Australia,R,79.971,27.633,17.752,34.586,81.747,1.7759999999999962,81.025,-1.054000000000002,-1.7759999999999962,82.73100000000001,83.545,-0.813999999999993,57.0,0.8070175438596491,18.0,0.3888888888888889,49.0,2116.0,0,0,1,0,0,0,1,0.0,0.0,7.0,16
NOR,McLaren,47.0,0 days 00:01:20.188000,0 days 00:00:27.953000,0 days 00:00:17.790000,0 days 00:00:34.445000,HARD,8.0,3.0,,,1,3.0,False,2024,Australia,R,80.188,27.953,17.79,34.445,81.747,1.5589999999999975,81.025,-0.8370000000000033,-1.5589999999999975,83.008,83.545,-0.5370000000000061,57.0,0.8245614035087719,18.0,0.4444444444444444,64.0,2209.0,0,0,1,0,0,0,1,0.0,0.0,8.0,16
NOR,McLaren,48.0,0 days 00:01:20.260000,0 days 00:00:27.979000,0 days 00:00:17.763000,0 days 00:00:34.518000,HARD,9.0,3.0,,,1,3.0,False,2024,Australia,R,80.26,27.979,17.763,34.518,81.747,1.4869999999999948,81.025,-0.7650000000000006,-1.4869999999999948,83.14,83.545,-0.40500000000000114,57.0,0.8421052631578947,18.0,0.5,81.0,2304.0,0,0,1,0,0,0,1,0.0,0.0,9.0,16
NOR,McLaren,49.0,0 days 00:01:19.915000,0 days 00:00:27.883000,0 days 00:00:17.762000,0 days 00:00:34.270000,HARD,10.0,3.0,,,1,3.0,False,2024,Australia,R,79.915,27.883,17.762,34.27,81.747,1.8319999999999936,81.025,-1.1099999999999994,-1.8319999999999936,82.855,83.545,-0.6899999999999977,57.0,0.8596491228070176,18.0,0.5555555555555556,100.0,2401.0,0,0,1,0,0,0,1,0.0,0.0,10.0,16
NOR,McLaren,50.0,0 days 00:01:20.151000,0 days 00:00:27.914000,0 days 00:00:17.768000,0 days 00:00:34.469000,HARD,11.0,3.0,,,1,3.0,False,2024,Australia,R,80.151,27.914,17.768,34.469,81.747,1.5960000000000036,81.025,-0.8740000000000094,-1.5960000000000036,83.151,83.545,-0.39400000000000546,57.0,0.8771929824561403,18.0,0.6111111111111112,121.0,2500.0,0,0,1,0,0,0,1,0.0,0.0,11.0,16
NOR,McLaren,51.0,0 days 00:01:20.261000,0 days 00:00:27.985000,0 days 00:00:17.769000,0 days 00:00:34.507000,HARD,12.0,3.0,,,1,3.0,False,2024,Australia,R,80.261,27.985,17.769,34.507,81.747,1.4860000000000042,81.025,-0.76400000000001,-1.4860000000000042,83.321,83.545,-0.22400000000000375,57.0,0.8947368421052632,18.0,0.6666666666666666,144.0,2601.0,0,0,1,0,0,0,1,0.0,0.0,12.0,16
NOR,McLaren,52.0,0 days 00:01:19.959000,0 days 00:00:27.971000,0 days 00:00:17.717000,0 days 00:00:34.271000,HARD,13.0,3.0,,,1,3.0,False,2024,Australia,R,79.959,27.971,17.717,34.271,81.747,1.7879999999999967,81.025,-1.0660000000000025,-1.7879999999999967,83.07900000000001,83.545,-0.465999999999994,57.0,0.9122807017543859,18.0,0.7222222222222222,169.0,2704.0,0,0,1,0,0,0,1,0.0,0.0,13.0,16
NOR,McLaren,53.0,0 days 00:01:20.267000,0 days 00:00:27.968000,0 days 00:00:17.810000,0 days 00:00:34.489000,HARD,14.0,3.0,,,1,3.0,False,2024,Australia,R,80.267,27.968,17.81,34.489,81.747,1.480000000000004,81.025,-0.7580000000000098,-1.480000000000004,83.447,83.545,-0.09799999999999898,57.0,0.9298245614035088,18.0,0.7777777777777778,196.0,2809.0,0,0,1,0,0,0,1,0.0,0.0,14.0,16
NOR,McLaren,54.0,0 days 00:01:20.107000,0 days 00:00:27.907000,0 days 00:00:17.750000,0 days 00:00:34.450000,HARD,15.0,3.0,,,1,3.0,False,2024,Australia,R,80.107,27.907,17.75,34.45,81.747,1.6400000000000006,81.025,-0.9180000000000064,-1.6400000000000006,83.347,83.545,-0.1980000000000075,57.0,0.9473684210526315,18.0,0.8333333333333334,225.0,2916.0,0,0,1,0,0,0,1,0.0,0.0,15.0,16
NOR,McLaren,55.0,0 days 00:01:20.294000,0 days 00:00:28.045000,0 days 00:00:17.782000,0 days 00:00:34.467000,HARD,16.0,3.0,,,1,3.0,False,2024,Australia,R,80.294,28.045,17.782,34.467,81.747,1.453000000000003,81.025,-0.7310000000000088,-1.453000000000003,83.594,83.545,0.04899999999999238,57.0,0.9649122807017544,18.0,0.8888888888888888,256.0,3025.0,0,0,1,0,0,0,1,0.0,0.0,16.0,16
NOR,McLaren,56.0,0 days 00:01:20.481000,0 days 00:00:28.074000,0 days 00:00:17.779000,0 days 00:00:34.628000,HARD,17.0,3.0,,,1,3.0,False,2024,Australia,R,80.481,28.074,17.779,34.628,81.747,1.2660000000000053,81.025,-0.5440000000000111,-1.2660000000000053,83.841,83.545,0.29599999999999227,57.0,0.9824561403508771,18.0,0.9444444444444444,289.0,3136.0,0,0,1,0,0,0,1,0.0,0.0,17.0,16
NOR,McLaren,57.0,0 days 00:01:20.571000,0 days 00:00:28.153000,0 days 00:00:17.810000,0 days 00:00:34.608000,HARD,18.0,3.0,,,12,3.0,False,2024,Australia,R,80.571,28.153,17.81,34.608,81.747,1.176000000000002,81.025,-0.45400000000000773,-1.176000000000002,83.991,83.545,0.44599999999999795,57.0,1.0,18.0,1.0,324.0,3249.0,0,0,1,0,0,0,1,0.0,0.0,18.0,16
OCO,Alpine,2.0,0 days 00:01:24.680000,0 days 00:00:30.049000,0 days 00:00:18.139000,0 days 00:00:36.492000,MEDIUM,2.0,1.0,,,1,15.0,False,2024,Australia,R,84.68,30.049,18.139,36.492,82.921,1.7590000000000003,84.68,0.0,1.7590000000000003,84.80000000000001,84.80000000000001,0.0,57.0,0.03508771929824561,8.0,0.25,4.0,4.0,1,0,0,1,0,1,0,0.0,2.0,0.0,7
OCO,Alpine,3.0,0 days 00:01:23.577000,0 days 00:00:29.145000,0 days 00:00:18.189000,0 days 00:00:36.243000,MEDIUM,3.0,1.0,,,1,15.0,False,2024,Australia,R,83.577,29.145,18.189,36.243,82.921,0.6559999999999917,84.68,-1.1030000000000086,0.6559999999999917,83.757,84.80000000000001,-1.0430000000000064,57.0,0.05263157894736842,8.0,0.375,9.0,9.0,1,0,0,1,0,1,0,0.0,3.0,0.0,7
OCO,Alpine,4.0,0 days 00:01:23.574000,0 days 00:00:29.067000,0 days 00:00:18.211000,0 days 00:00:36.296000,MEDIUM,4.0,1.0,,,1,14.0,False,2024,Australia,R,83.574,29.067,18.211,36.296,82.921,0.6529999999999916,84.68,-1.1060000000000088,0.6529999999999916,83.814,84.80000000000001,-0.9860000000000184,57.0,0.07017543859649122,8.0,0.5,16.0,16.0,1,0,0,1,0,1,0,0.0,4.0,0.0,7
OCO,Alpine,5.0,0 days 00:01:23.784000,0 days 00:00:29.260000,0 days 00:00:18.166000,0 days 00:00:36.358000,MEDIUM,5.0,1.0,,,1,14.0,False,2024,Australia,R,83.784,29.26,18.166,36.358,82.921,0.8629999999999995,84.68,-0.8960000000000008,0.8629999999999995,84.084,84.80000000000001,-0.7160000000000082,57.0,0.08771929824561403,8.0,0.625,25.0,25.0,1,0,0,1,0,1,0,0.0,5.0,0.0,7
OCO,Alpine,6.0,0 days 00:01:23.841000,0 days 00:00:29.312000,0 days 00:00:18.144000,0 days 00:00:36.385000,MEDIUM,6.0,1.0,,,1,13.0,False,2024,Australia,R,83.841,29.312,18.144,36.385,82.921,0.9199999999999875,84.68,-0.8390000000000128,0.9199999999999875,84.201,84.80000000000001,-0.599000000000018,57.0,0.10526315789473684,8.0,0.75,36.0,36.0,1,0,0,1,0,1,0,0.0,6.0,0.0,7
OCO,Alpine,7.0,0 days 00:01:23.198000,0 days 00:00:29.006000,0 days 00:00:18.045000,0 days 00:00:36.147000,MEDIUM,7.0,1.0,,,1,11.0,False,2024,Australia,R,83.198,29.006,18.045,36.147,82.921,0.2769999999999868,84.68,-1.4820000000000135,0.2769999999999868,83.618,84.80000000000001,-1.1820000000000164,57.0,0.12280701754385964,8.0,0.875,49.0,49.0,1,0,0,1,0,1,0,0.0,7.0,0.0,7
OCO,Alpine,8.0,0 days 00:01:22.980000,0 days 00:00:28.720000,0 days 00:00:18.308000,0 days 00:00:35.952000,MEDIUM,8.0,1.0,,,1,8.0,False,2024,Australia,R,82.98,28.72,18.308,35.952,82.921,0.0589999999999975,84.68,-1.7000000000000028,0.0589999999999975,83.46000000000001,84.80000000000001,-1.3400000000000034,57.0,0.14035087719298245,8.0,1.0,64.0,64.0,1,0,0,1,0,1,0,0.0,8.0,0.0,7
OCO,Alpine,11.0,0 days 00:01:23.339000,0 days 00:00:29.052000,0 days 00:00:18.138000,0 days 00:00:36.149000,HARD,2.0,2.0,,,1,14.0,False,2024,Australia,R,83.339,29.052,18.138,36.149,82.921,0.41799999999999216,83.339,0.0,0.41799999999999216,83.999,83.999,0.0,57.0,0.19298245614035087,6.0,0.3333333333333333,4.0,121.0,0,1,0,1,0,0,1,0.0,0.0,2.0,5
OCO,Alpine,12.0,0 days 00:01:22.882000,0 days 00:00:29.059000,0 days 00:00:18.017000,0 days 00:00:35.806000,HARD,3.0,2.0,,,1,14.0,False,2024,Australia,R,82.882,29.059,18.017,35.806,82.921,0.03900000000000148,83.339,-0.45699999999999363,-0.03900000000000148,83.602,83.999,-0.39699999999999136,57.0,0.21052631578947367,6.0,0.5,9.0,144.0,0,1,0,1,0,0,1,0.0,0.0,3.0,5
OCO,Alpine,13.0,0 days 00:01:22.956000,0 days 00:00:29,0 days 00:00:17.950000,0 days 00:00:36.006000,HARD,4.0,2.0,,,1,14.0,False,2024,Australia,R,82.956,29.0,17.95,36.006,82.921,0.03499999999999659,83.339,-0.38299999999999557,0.03499999999999659,83.736,83.999,-0.262999999999991,57.0,0.22807017543859648,6.0,0.6666666666666666,16.0,169.0,0,1,0,1,0,0,1,0.0,0.0,4.0,5
OCO,Alpine,14.0,0 days 00:01:23.119000,0 days 00:00:29.032000,0 days 00:00:17.992000,0 days 00:00:36.095000,HARD,5.0,2.0,,,1,14.0,False,2024,Australia,R,83.119,29.032,17.992,36.095,82.921,0.1979999999999933,83.339,-0.21999999999999886,0.1979999999999933,83.959,83.999,-0.03999999999999204,57.0,0.24561403508771928,6.0,0.8333333333333334,25.0,196.0,0,1,0,1,0,0,1,0.0,0.0,5.0,5
OCO,Alpine,15.0,0 days 00:01:23.091000,0 days 00:00:28.883000,0 days 00:00:18.132000,0 days 00:00:36.076000,HARD,6.0,2.0,,,1,14.0,False,2024,Australia,R,83.091,28.883,18.132,36.076,82.921,0.1699999999999875,83.339,-0.24800000000000466,0.1699999999999875,83.991,83.999,-0.007999999999995566,57.0,0.2631578947368421,6.0,1.0,36.0,225.0,0,1,0,1,0,0,1,0.0,0.0,6.0,5
OCO,Alpine,18.0,0 days 00:01:22.587000,0 days 00:00:28.802000,0 days 00:00:18.118000,0 days 00:00:35.667000,HARD,2.0,3.0,,,1,17.0,False,2024,Australia,R,82.587,28.802,18.118,35.667,82.921,0.3340000000000032,82.587,0.0,-0.3340000000000032,83.667,83.667,0.0,57.0,0.3157894736842105,25.0,0.08,4.0,324.0,0,0,0,1,0,0,1,0.0,0.0,2.0,24
OCO,Alpine,19.0,0 days 00:01:22.880000,0 days 00:00:28.874000,0 days 00:00:17.974000,0 days 00:00:36.032000,HARD,3.0,3.0,,,1,17.0,False,2024,Australia,R,82.88,28.874,17.974,36.032,82.921,0.04100000000001103,82.587,0.29299999999999216,-0.04100000000001103,84.02,83.667,0.35299999999999443,57.0,0.3333333333333333,25.0,0.12,9.0,361.0,0,0,0,0,0,0,1,0.0,0.0,3.0,24
OCO,Alpine,20.0,0 days 00:01:22.814000,0 days 00:00:28.867000,0 days 00:00:18,0 days 00:00:35.947000,HARD,4.0,3.0,,,1,17.0,False,2024,Australia,R,82.814,28.867,18.0,35.947,82.921,0.10700000000001353,82.587,0.22699999999998965,-0.10700000000001353,84.014,83.667,0.3469999999999942,57.0,0.3508771929824561,25.0,0.16,16.0,400.0,0,0,0,0,0,0,1,0.0,0.0,4.0,24
OCO,Alpine,21.0,0 days 00:01:22.663000,0 days 00:00:28.765000,0 days 00:00:18.216000,0 days 00:00:35.682000,HARD,5.0,3.0,,,1,17.0,False,2024,Australia,R,82.663,28.765,18.216,35.682,82.921,0.2580000000000098,82.587,0.0759999999999934,-0.2580000000000098,83.923,83.667,0.2560000000000002,57.0,0.3684210526315789,25.0,0.2,25.0,441.0,0,0,0,0,0,0,1,0.0,0.0,5.0,24
OCO,Alpine,22.0,0 days 00:01:22.803000,0 days 00:00:28.775000,0 days 00:00:18.267000,0 days 00:00:35.761000,HARD,6.0,3.0,,,1,17.0,False,2024,Australia,R,82.803,28.775,18.267,35.761,82.921,0.11800000000000921,82.587,0.21599999999999397,-0.11800000000000921,84.12299999999999,83.667,0.45599999999998886,57.0,0.38596491228070173,25.0,0.24,36.0,484.0,0,0,0,0,0,0,1,0.0,0.0,6.0,24
OCO,Alpine,23.0,0 days 00:01:22.713000,0 days 00:00:28.865000,0 days 00:00:18.181000,0 days 00:00:35.667000,HARD,7.0,3.0,,,1,17.0,False,2024,Australia,R,82.713,28.865,18.181,35.667,82.921,0.20800000000001262,82.587,0.12599999999999056,-0.20800000000001262,84.09299999999999,83.667,0.4259999999999877,57.0,0.40350877192982454,25.0,0.28,49.0,529.0,0,0,0,0,0,0,1,0.0,0.0,7.0,24
OCO,Alpine,24.0,0 days 00:01:22.759000,0 days 00:00:28.786000,0 days 00:00:18.173000,0 days 00:00:35.800000,HARD,8.0,3.0,,,1,17.0,False,2024,Australia,R,82.759,28.786,18.173,35.8,82.921,0.16200000000000614,82.587,0.17199999999999704,-0.16200000000000614,84.199,83.667,0.5319999999999965,57.0,0.42105263157894735,25.0,0.32,64.0,576.0,0,0,0,0,0,0,1,0.0,0.0,8.0,24
OCO,Alpine,25.0,0 days 00:01:22.797000,0 days 00:00:28.949000,0 days 00:00:18.161000,0 days 00:00:35.687000,HARD,9.0,3.0,,,1,17.0,False,2024,Australia,R,82.797,28.949,18.161,35.687,82.921,0.12400000000000944,82.587,0.20999999999999375,-0.12400000000000944,84.297,83.667,0.6299999999999955,57.0,0.43859649122807015,25.0,0.36,81.0,625.0,0,0,0,0,0,0,1,0.0,0.0,9.0,24
OCO,Alpine,26.0,0 days 00:01:22.892000,0 days 00:00:28.887000,0 days 00:00:18.250000,0 days 00:00:35.755000,HARD,10.0,3.0,,,1,17.0,False,2024,Australia,R,82.892,28.887,18.25,35.755,82.921,0.029000000000010573,82.587,0.3049999999999926,-0.029000000000010573,84.452,83.667,0.7849999999999966,57.0,0.45614035087719296,25.0,0.4,100.0,676.0,0,0,0,0,0,0,1,0.0,0.0,10.0,24
OCO,Alpine,27.0,0 days 00:01:22.901000,0 days 00:00:28.822000,0 days 00:00:18.263000,0 days 00:00:35.816000,HARD,11.0,3.0,,,1,17.0,False,2024,Australia,R,82.901,28.822,18.263,35.816,82.921,0.020000000000010232,82.587,0.31399999999999295,-0.020000000000010232,84.521,83.667,0.8539999999999992,57.0,0.47368421052631576,25.0,0.44,121.0,729.0,0,0,0,0,0,0,1,0.0,0.0,11.0,24
OCO,Alpine,28.0,0 days 00:01:23.108000,0 days 00:00:29.033000,0 days 00:00:18.242000,0 days 00:00:35.833000,HARD,12.0,3.0,,,1,17.0,False,2024,Australia,R,83.108,29.033,18.242,35.833,82.921,0.1869999999999976,82.587,0.5210000000000008,0.1869999999999976,84.78800000000001,83.667,1.1210000000000093,57.0,0.49122807017543857,25.0,0.48,144.0,784.0,0,0,0,0,0,0,1,0.0,0.0,12.0,24
OCO,Alpine,29.0,0 days 00:01:23.117000,0 days 00:00:29.026000,0 days 00:00:18.200000,0 days 00:00:35.891000,HARD,13.0,3.0,,,1,17.0,False,2024,Australia,R,83.117,29.026,18.2,35.891,82.921,0.19599999999999795,82.587,0.5300000000000011,0.19599999999999795,84.857,83.667,1.1899999999999977,57.0,0.5087719298245614,25.0,0.52,169.0,841.0,0,0,0,0,0,0,1,0.0,0.0,13.0,24
OCO,Alpine,30.0,0 days 00:01:23.040000,0 days 00:00:28.846000,0 days 00:00:18.294000,0 days 00:00:35.900000,HARD,14.0,3.0,,,1,16.0,False,2024,Australia,R,83.04,28.846,18.294,35.9,82.921,0.11899999999999977,82.587,0.45300000000000296,0.11899999999999977,84.84,83.667,1.1730000000000018,57.0,0.5263157894736842,25.0,0.56,196.0,900.0,0,0,0,0,0,0,1,0.0,0.0,14.0,24
OCO,Alpine,31.0,0 days 00:01:22.921000,0 days 00:00:28.916000,0 days 00:00:18.218000,0 days 00:00:35.787000,HARD,15.0,3.0,,,1,16.0,False,2024,Australia,R,82.921,28.916,18.218,35.787,82.921,0.0,82.587,0.3340000000000032,0.0,84.781,83.667,1.1140000000000043,57.0,0.543859649122807,25.0,0.6,225.0,961.0,0,0,0,0,0,0,1,0.0,0.0,15.0,24
OCO,Alpine,32.0,0 days 00:01:22.909000,0 days 00:00:28.954000,0 days 00:00:18.200000,0 days 00:00:35.755000,HARD,16.0,3.0,,,1,16.0,False,2024,Australia,R,82.909,28.954,18.2,35.755,82.921,0.012000000000000455,82.587,0.32200000000000273,-0.012000000000000455,84.82900000000001,83.667,1.1620000000000061,57.0,0.5614035087719298,25.0,0.64,256.0,1024.0,0,0,0,0,0,0,1,0.0,0.0,16.0,24
OCO,Alpine,33.0,0 days 00:01:22.996000,0 days 00:00:28.880000,0 days 00:00:18.210000,0 days 00:00:35.906000,HARD,17.0,3.0,,,1,16.0,False,2024,Australia,R,82.996,28.88,18.21,35.906,82.921,0.07499999999998863,82.587,0.4089999999999918,0.07499999999998863,84.976,83.667,1.3089999999999975,57.0,0.5789473684210527,25.0,0.68,289.0,1089.0,0,0,0,0,0,0,1,0.0,0.0,17.0,24
OCO,Alpine,34.0,0 days 00:01:25.483000,0 days 00:00:29.603000,0 days 00:00:18.022000,0 days 00:00:37.858000,HARD,18.0,3.0,,,1,16.0,False,2024,Australia,R,85.483,29.603,18.022,37.858,82.921,2.5619999999999976,82.587,2.896000000000001,2.5619999999999976,87.52300000000001,83.667,3.8560000000000088,57.0,0.5964912280701754,25.0,0.72,324.0,1156.0,0,0,0,0,0,0,1,0.0,0.0,18.0,24
OCO,Alpine,35.0,0 days 00:01:23.239000,0 days 00:00:29.090000,0 days 00:00:17.942000,0 days 00:00:36.207000,HARD,19.0,3.0,,,1,15.0,False,2024,Australia,R,83.239,29.09,17.942,36.207,82.921,0.31799999999999784,82.587,0.652000000000001,0.31799999999999784,85.339,83.667,1.671999999999997,57.0,0.6140350877192983,25.0,0.76,361.0,1225.0,0,0,0,0,0,0,1,0.0,0.0,19.0,24
OCO,Alpine,36.0,0 days 00:01:24.940000,0 days 00:00:29.138000,0 days 00:00:17.984000,0 days 00:00:37.818000,HARD,20.0,3.0,,,1,14.0,False,2024,Australia,R,84.94,29.138,17.984,37.818,82.921,2.0189999999999912,82.587,2.3529999999999944,2.0189999999999912,87.1,83.667,3.4329999999999927,57.0,0.631578947368421,25.0,0.8,400.0,1296.0,0,0,0,0,0,0,1,0.0,0.0,20.0,24
OCO,Alpine,37.0,0 days 00:01:22.834000,0 days 00:00:28.899000,0 days 00:00:18.227000,0 days 00:00:35.708000,HARD,21.0,3.0,,,1,14.0,False,2024,Australia,R,82.834,28.899,18.227,35.708,82.921,0.0870000000000033,82.587,0.2469999999999999,-0.0870000000000033,85.054,83.667,1.3870000000000005,57.0,0.6491228070175439,25.0,0.84,441.0,1369.0,0,0,0,0,0,0,1,0.0,0.0,21.0,24
OCO,Alpine,38.0,0 days 00:01:23.627000,0 days 00:00:28.734000,0 days 00:00:18.147000,0 days 00:00:36.746000,HARD,22.0,3.0,,,1,15.0,False,2024,Australia,R,83.627,28.734,18.147,36.746,82.921,0.7059999999999889,82.587,1.039999999999992,0.7059999999999889,85.907,83.667,2.239999999999995,57.0,0.6666666666666666,25.0,0.88,484.0,1444.0,0,0,1,0,0,0,1,0.0,0.0,22.0,24
OCO,Alpine,39.0,0 days 00:01:22.706000,0 days 00:00:28.807000,0 days 00:00:17.857000,0 days 00:00:36.042000,HARD,23.0,3.0,,,1,15.0,False,2024,Australia,R,82.706,28.807,17.857,36.042,82.921,0.2150000000000034,82.587,0.11899999999999977,-0.2150000000000034,85.046,83.667,1.3790000000000049,57.0,0.6842105263157895,25.0,0.92,529.0,1521.0,0,0,1,0,0,0,1,0.0,0.0,23.0,24
OCO,Alpine,40.0,0 days 00:01:22.989000,0 days 00:00:28.867000,0 days 00:00:18.166000,0 days 00:00:35.956000,HARD,24.0,3.0,,,1,15.0,False,2024,Australia,R,82.989,28.867,18.166,35.956,82.921,0.06799999999999784,82.587,0.402000000000001,0.06799999999999784,85.38900000000001,83.667,1.7220000000000084,57.0,0.7017543859649122,25.0,0.96,576.0,1600.0,0,0,1,0,0,0,1,0.0,0.0,24.0,24
OCO,Alpine,41.0,0 days 00:01:23.162000,0 days 00:00:28.965000,0 days 00:00:18.145000,0 days 00:00:36.052000,HARD,25.0,3.0,,,1,14.0,False,2024,Australia,R,83.162,28.965,18.145,36.052,82.921,0.24099999999999966,82.587,0.5750000000000028,0.24099999999999966,85.622,83.667,1.9549999999999983,57.0,0.7192982456140351,25.0,1.0,625.0,1681.0,0,0,1,0,0,0,1,0.0,0.0,25.0,24
OCO,Alpine,44.0,0 days 00:01:21.597000,0 days 00:00:28.464000,0 days 00:00:18.066000,0 days 00:00:35.067000,HARD,9.0,4.0,,,1,17.0,False,2024,Australia,R,81.597,28.464,18.066,35.067,82.921,1.3240000000000123,81.597,0.0,-1.3240000000000123,84.237,84.237,0.0,57.0,0.7719298245614035,21.0,0.42857142857142855,81.0,1936.0,0,0,1,0,0,0,1,0.0,0.0,9.0,13
OCO,Alpine,45.0,0 days 00:01:21.354000,0 days 00:00:28.306000,0 days 00:00:18.045000,0 days 00:00:35.003000,HARD,10.0,4.0,,,1,17.0,False,2024,Australia,R,81.354,28.306,18.045,35.003,82.921,1.5670000000000073,81.597,-0.242999999999995,-1.5670000000000073,84.054,84.237,-0.18299999999999272,57.0,0.7894736842105263,21.0,0.47619047619047616,100.0,2025.0,0,0,1,0,0,0,1,0.0,0.0,10.0,13
OCO,Alpine,46.0,0 days 00:01:23.041000,0 days 00:00:28.332000,0 days 00:00:18.035000,0 days 00:00:36.674000,HARD,11.0,4.0,,,1,17.0,False,2024,Australia,R,83.041,28.332,18.035,36.674,82.921,0.11999999999999034,81.597,1.4440000000000026,0.11999999999999034,85.801,84.237,1.5640000000000072,57.0,0.8070175438596491,21.0,0.5238095238095238,121.0,2116.0,0,0,1,0,0,0,1,0.0,0.0,11.0,13
OCO,Alpine,47.0,0 days 00:01:21.464000,0 days 00:00:28.349000,0 days 00:00:17.961000,0 days 00:00:35.154000,HARD,12.0,4.0,,,1,17.0,False,2024,Australia,R,81.464,28.349,17.961,35.154,82.921,1.4570000000000078,81.597,-0.13299999999999557,-1.4570000000000078,84.28399999999999,84.237,0.046999999999997044,57.0,0.8245614035087719,21.0,0.5714285714285714,144.0,2209.0,0,0,1,0,0,0,1,0.0,0.0,12.0,13
OCO,Alpine,48.0,0 days 00:01:21.549000,0 days 00:00:28.342000,0 days 00:00:17.956000,0 days 00:00:35.251000,HARD,13.0,4.0,,,1,17.0,False,2024,Australia,R,81.549,28.342,17.956,35.251,82.921,1.3719999999999999,81.597,-0.04799999999998761,-1.3719999999999999,84.429,84.237,0.19200000000000728,57.0,0.8421052631578947,21.0,0.6190476190476191,169.0,2304.0,0,0,1,0,0,0,1,0.0,0.0,13.0,13
OCO,Alpine,49.0,0 days 00:01:21.678000,0 days 00:00:28.478000,0 days 00:00:18.074000,0 days 00:00:35.126000,HARD,14.0,4.0,,,1,17.0,False,2024,Australia,R,81.678,28.478,18.074,35.126,82.921,1.2430000000000092,81.597,0.08100000000000307,-1.2430000000000092,84.618,84.237,0.3810000000000002,57.0,0.8596491228070176,21.0,0.6666666666666666,196.0,2401.0,0,0,1,0,0,0,1,0.0,0.0,14.0,13
OCO,Alpine,50.0,0 days 00:01:21.633000,0 days 00:00:28.521000,0 days 00:00:17.917000,0 days 00:00:35.195000,HARD,15.0,4.0,,,1,17.0,False,2024,Australia,R,81.633,28.521,17.917,35.195,82.921,1.288000000000011,81.597,0.036000000000001364,-1.288000000000011,84.633,84.237,0.3960000000000008,57.0,0.8771929824561403,21.0,0.7142857142857143,225.0,2500.0,0,0,1,0,0,0,1,0.0,0.0,15.0,13
OCO,Alpine,51.0,0 days 00:01:21.951000,0 days 00:00:28.499000,0 days 00:00:18.024000,0 days 00:00:35.428000,HARD,16.0,4.0,,,1,17.0,False,2024,Australia,R,81.951,28.499,18.024,35.428,82.921,0.9700000000000131,81.597,0.3539999999999992,-0.9700000000000131,85.011,84.237,0.7740000000000009,57.0,0.8947368421052632,21.0,0.7619047619047619,256.0,2601.0,0,0,1,0,0,0,1,0.0,0.0,16.0,13
OCO,Alpine,52.0,0 days 00:01:22.155000,0 days 00:00:28.631000,0 days 00:00:18.008000,0 days 00:00:35.516000,HARD,17.0,4.0,,,1,17.0,False,2024,Australia,R,82.155,28.631,18.008,35.516,82.921,0.7660000000000053,81.597,0.5580000000000069,-0.7660000000000053,85.275,84.237,1.038000000000011,57.0,0.9122807017543859,21.0,0.8095238095238095,289.0,2704.0,0,0,1,0,0,0,1,0.0,0.0,17.0,13
OCO,Alpine,53.0,0 days 00:01:22.207000,0 days 00:00:28.556000,0 days 00:00:18.036000,0 days 00:00:35.615000,HARD,18.0,4.0,,,1,17.0,False,2024,Australia,R,82.207,28.556,18.036,35.615,82.921,0.7140000000000128,81.597,0.6099999999999994,-0.7140000000000128,85.387,84.237,1.1500000000000057,57.0,0.9298245614035088,21.0,0.8571428571428571,324.0,2809.0,0,0,1,0,0,0,1,0.0,0.0,18.0,13
OCO,Alpine,54.0,0 days 00:01:22.229000,0 days 00:00:28.646000,0 days 00:00:18.100000,0 days 00:00:35.483000,HARD,19.0,4.0,,,1,17.0,False,2024,Australia,R,82.229,28.646,18.1,35.483,82.921,0.6920000000000073,81.597,0.632000000000005,-0.6920000000000073,85.469,84.237,1.2319999999999993,57.0,0.9473684210526315,21.0,0.9047619047619048,361.0,2916.0,0,0,1,0,0,0,1,0.0,0.0,19.0,13
OCO,Alpine,55.0,0 days 00:01:22.304000,0 days 00:00:28.627000,0 days 00:00:18.124000,0 days 00:00:35.553000,HARD,20.0,4.0,,,1,17.0,False,2024,Australia,R,82.304,28.627,18.124,35.553,82.921,0.6170000000000044,81.597,0.7070000000000078,-0.6170000000000044,85.604,84.237,1.3670000000000044,57.0,0.9649122807017544,21.0,0.9523809523809523,400.0,3025.0,0,0,1,0,0,0,1,0.0,0.0,20.0,13
OCO,Alpine,56.0,0 days 00:01:29.807000,0 days 00:00:28.631000,0 days 00:00:18.095000,0 days 00:00:43.081000,HARD,21.0,4.0,,,126,17.0,False,2024,Australia,R,89.807,28.631,18.095,43.081,82.921,6.885999999999996,81.597,8.210000000000008,6.885999999999996,93.167,84.237,8.930000000000007,57.0,0.9824561403508771,21.0,1.0,441.0,3136.0,0,0,1,0,0,0,1,0.0,0.0,21.0,13
PER,Red Bull Racing,2.0,0 days 00:01:23.381000,0 days 00:00:29.370000,0 days 00:00:17.903000,0 days 00:00:36.108000,MEDIUM,2.0,1.0,,,1,7.0,False,2024,Australia,R,83.381,29.37,17.903,36.108,81.96000000000001,1.4209999999999923,83.381,0.0,1.4209999999999923,83.501,83.501,0.0,57.0,0.03508771929824561,13.0,0.15384615384615385,4.0,4.0,1,0,0,1,0,1,0,0.0,2.0,0.0,12
PER,Red Bull Racing,3.0,0 days 00:01:23.165000,0 days 00:00:29.005000,0 days 00:00:17.939000,0 days 00:00:36.221000,MEDIUM,3.0,1.0,,,1,7.0,False,2024,Australia,R,83.165,29.005,17.939,36.221,81.96000000000001,1.2049999999999983,83.381,-0.21599999999999397,1.2049999999999983,83.34500000000001,83.501,-0.1559999999999917,57.0,0.05263157894736842,13.0,0.23076923076923078,9.0,9.0,1,0,0,1,0,1,0,0.0,3.0,0.0,12
PER,Red Bull Racing,4.0,0 days 00:01:23.398000,0 days 00:00:28.848000,0 days 00:00:18.020000,0 days 00:00:36.530000,MEDIUM,4.0,1.0,,,1,6.0,False,2024,Australia,R,83.398,28.848,18.02,36.53,81.96000000000001,1.4379999999999882,83.381,0.016999999999995907,1.4379999999999882,83.63799999999999,83.501,0.13699999999998624,57.0,0.07017543859649122,13.0,0.3076923076923077,16.0,16.0,1,0,0,1,0,1,0,0.0,4.0,0.0,12
PER,Red Bull Racing,5.0,0 days 00:01:23.364000,0 days 00:00:28.964000,0 days 00:00:17.747000,0 days 00:00:36.653000,MEDIUM,5.0,1.0,,,1,6.0,False,2024,Australia,R,83.364,28.964,17.747,36.653,81.96000000000001,1.4039999999999964,83.381,-0.016999999999995907,1.4039999999999964,83.664,83.501,0.1629999999999967,57.0,0.08771929824561403,13.0,0.38461538461538464,25.0,25.0,1,0,0,1,0,1,0,0.0,5.0,0.0,12
PER,Red Bull Racing,6.0,0 days 00:01:23.024000,0 days 00:00:28.808000,0 days 00:00:17.868000,0 days 00:00:36.348000,MEDIUM,6.0,1.0,,,1,6.0,False,2024,Australia,R,83.024,28.808,17.868,36.348,81.96000000000001,1.063999999999993,83.381,-0.3569999999999993,1.063999999999993,83.384,83.501,-0.11700000000000443,57.0,0.10526315789473684,13.0,0.46153846153846156,36.0,36.0,1,0,0,1,0,1,0,0.0,6.0,0.0,12
PER,Red Bull Racing,7.0,0 days 00:01:22.804000,0 days 00:00:28.962000,0 days 00:00:17.896000,0 days 00:00:35.946000,MEDIUM,7.0,1.0,,,1,6.0,False,2024,Australia,R,82.804,28.962,17.896,35.946,81.96000000000001,0.8439999999999941,83.381,-0.5769999999999982,0.8439999999999941,83.224,83.501,-0.277000000000001,57.0,0.12280701754385964,13.0,0.5384615384615384,49.0,49.0,1,0,0,1,0,1,0,0.0,7.0,0.0,12
PER,Red Bull Racing,8.0,0 days 00:01:23.048000,0 days 00:00:28.744000,0 days 00:00:17.746000,0 days 00:00:36.558000,MEDIUM,8.0,1.0,,,1,5.0,False,2024,Australia,R,83.048,28.744,17.746,36.558,81.96000000000001,1.0879999999999939,83.381,-0.3329999999999984,1.0879999999999939,83.528,83.501,0.027000000000001023,57.0,0.14035087719298245,13.0,0.6153846153846154,64.0,64.0,1,0,0,1,0,1,0,0.0,8.0,0.0,12
PER,Red Bull Racing,9.0,0 days 00:01:22.970000,0 days 00:00:28.758000,0 days 00:00:18.147000,0 days 00:00:36.065000,MEDIUM,9.0,1.0,,,1,3.0,False,2024,Australia,R,82.97,28.758,18.147,36.065,81.96000000000001,1.009999999999991,83.381,-0.41100000000000136,1.009999999999991,83.51,83.501,0.009000000000000341,57.0,0.15789473684210525,13.0,0.6923076923076923,81.0,81.0,1,0,0,1,0,1,0,0.0,9.0,0.0,12
PER,Red Bull Racing,10.0,0 days 00:01:22.680000,0 days 00:00:28.928000,0 days 00:00:18.188000,0 days 00:00:35.564000,MEDIUM,10.0,1.0,,,1,3.0,False,2024,Australia,R,82.68,28.928,18.188,35.564,81.96000000000001,0.7199999999999989,83.381,-0.7009999999999934,0.7199999999999989,83.28,83.501,-0.22100000000000364,57.0,0.17543859649122806,13.0,0.7692307692307693,100.0,100.0,1,0,0,1,0,1,0,0.0,10.0,0.0,12
PER,Red Bull Racing,11.0,0 days 00:01:22.921000,0 days 00:00:29.025000,0 days 00:00:18.117000,0 days 00:00:35.779000,MEDIUM,11.0,1.0,,,1,3.0,False,2024,Australia,R,82.921,29.025,18.117,35.779,81.96000000000001,0.9609999999999985,83.381,-0.45999999999999375,0.9609999999999985,83.581,83.501,0.0799999999999983,57.0,0.19298245614035087,13.0,0.8461538461538461,121.0,121.0,1,0,0,1,0,1,0,0.0,11.0,0.0,12
PER,Red Bull Racing,12.0,0 days 00:01:23.704000,0 days 00:00:29.511000,0 days 00:00:18.198000,0 days 00:00:35.995000,MEDIUM,12.0,1.0,,,1,3.0,False,2024,Australia,R,83.704,29.511,18.198,35.995,81.96000000000001,1.7439999999999856,83.381,0.3229999999999933,1.7439999999999856,84.42399999999999,83.501,0.9229999999999876,57.0,0.21052631578947367,13.0,0.9230769230769231,144.0,144.0,1,0,0,1,0,1,0,0.0,12.0,0.0,12
PER,Red Bull Racing,13.0,0 days 00:01:23.664000,0 days 00:00:29.259000,0 days 00:00:18.263000,0 days 00:00:36.142000,MEDIUM,13.0,1.0,,,1,3.0,False,2024,Australia,R,83.664,29.259,18.263,36.142,81.96000000000001,1.7039999999999935,83.381,0.28300000000000125,1.7039999999999935,84.444,83.501,0.9429999999999978,57.0,0.22807017543859648,13.0,1.0,169.0,169.0,1,0,0,1,0,1,0,0.0,13.0,0.0,12
PER,Red Bull Racing,16.0,0 days 00:01:24.122000,0 days 00:00:28.669000,0 days 00:00:17.803000,0 days 00:00:37.650000,HARD,2.0,2.0,,,1,10.0,False,2024,Australia,R,84.122,28.669,17.803,37.65,81.96000000000001,2.161999999999992,84.122,0.0,2.161999999999992,85.082,85.082,0.0,57.0,0.2807017543859649,20.0,0.1,4.0,256.0,0,1,0,1,0,0,1,0.0,0.0,2.0,18
PER,Red Bull Racing,18.0,0 days 00:01:24.269000,0 days 00:00:31.212000,0 days 00:00:17.742000,0 days 00:00:35.315000,HARD,4.0,2.0,,,71,7.0,False,2024,Australia,R,84.269,31.212,17.742,35.315,81.96000000000001,2.3089999999999975,84.122,0.14700000000000557,2.3089999999999975,85.349,85.082,0.2670000000000101,57.0,0.3157894736842105,20.0,0.2,16.0,324.0,0,1,0,1,0,0,1,0.0,0.0,4.0,18
PER,Red Bull Racing,19.0,0 days 00:01:21.840000,0 days 00:00:28.441000,0 days 00:00:17.929000,0 days 00:00:35.470000,HARD,5.0,2.0,,,1,7.0,False,2024,Australia,R,81.84,28.441,17.929,35.47,81.96000000000001,0.12000000000000455,84.122,-2.2819999999999965,-0.12000000000000455,82.98,85.082,-2.1019999999999897,57.0,0.3333333333333333,20.0,0.25,25.0,361.0,0,1,0,0,0,0,1,0.0,0.0,5.0,18
PER,Red Bull Racing,20.0,0 days 00:01:21.711000,0 days 00:00:28.353000,0 days 00:00:17.751000,0 days 00:00:35.607000,HARD,6.0,2.0,,,1,7.0,False,2024,Australia,R,81.711,28.353,17.751,35.607,81.96000000000001,0.24900000000000944,84.122,-2.4110000000000014,-0.24900000000000944,82.911,85.082,-2.1709999999999923,57.0,0.3508771929824561,20.0,0.3,36.0,400.0,0,1,0,0,0,0,1,0.0,0.0,6.0,18
PER,Red Bull Racing,21.0,0 days 00:01:22.051000,0 days 00:00:28.506000,0 days 00:00:17.651000,0 days 00:00:35.894000,HARD,7.0,2.0,,,1,6.0,False,2024,Australia,R,82.051,28.506,17.651,35.894,81.96000000000001,0.09099999999999397,84.122,-2.070999999999998,0.09099999999999397,83.311,85.082,-1.7709999999999866,57.0,0.3684210526315789,20.0,0.35,49.0,441.0,0,1,0,0,0,0,1,0.0,0.0,7.0,18
PER,Red Bull Racing,22.0,0 days 00:01:21.869000,0 days 00:00:28.590000,0 days 00:00:17.918000,0 days 00:00:35.361000,HARD,8.0,2.0,,,1,6.0,False,2024,Australia,R,81.869,28.59,17.918,35.361,81.96000000000001,0.09100000000000819,84.122,-2.253,-0.09100000000000819,83.189,85.082,-1.8930000000000007,57.0,0.38596491228070173,20.0,0.4,64.0,484.0,0,1,0,0,0,0,1,0.0,0.0,8.0,18
PER,Red Bull Racing,23.0,0 days 00:01:21.849000,0 days 00:00:28.617000,0 days 00:00:18.014000,0 days 00:00:35.218000,HARD,9.0,2.0,,,1,6.0,False,2024,Australia,R,81.849,28.617,18.014,35.218,81.96000000000001,0.1110000000000042,84.122,-2.272999999999996,-0.1110000000000042,83.229,85.082,-1.8529999999999944,57.0,0.40350877192982454,20.0,0.45,81.0,529.0,0,1,0,0,0,0,1,0.0,0.0,9.0,18
PER,Red Bull Racing,24.0,0 days 00:01:21.527000,0 days 00:00:28.583000,0 days 00:00:17.881000,0 days 00:00:35.063000,HARD,10.0,2.0,,,1,6.0,False,2024,Australia,R,81.527,28.583,17.881,35.063,81.96000000000001,0.43300000000000693,84.122,-2.594999999999999,-0.43300000000000693,82.967,85.082,-2.114999999999995,57.0,0.42105263157894735,20.0,0.5,100.0,576.0,0,1,0,0,0,0,1,0.0,0.0,10.0,18
PER,Red Bull Racing,25.0,0 days 00:01:21.495000,0 days 00:00:28.513000,0 days 00:00:17.809000,0 days 00:00:35.173000,HARD,11.0,2.0,,,1,6.0,False,2024,Australia,R,81.495,28.513,17.809,35.173,81.96000000000001,0.4650000000000034,84.122,-2.6269999999999953,-0.4650000000000034,82.995,85.082,-2.086999999999989,57.0,0.43859649122807015,20.0,0.55,121.0,625.0,0,1,0,0,0,0,1,0.0,0.0,11.0,18
PER,Red Bull Racing,26.0,0 days 00:01:22.246000,0 days 00:00:28.587000,0 days 00:00:17.932000,0 days 00:00:35.727000,HARD,12.0,2.0,,,1,6.0,False,2024,Australia,R,82.246,28.587,17.932,35.727,81.96000000000001,0.28599999999998715,84.122,-1.8760000000000048,0.28599999999998715,83.806,85.082,-1.2759999999999962,57.0,0.45614035087719296,20.0,0.6,144.0,676.0,0,1,0,0,0,0,1,0.0,0.0,12.0,18
PER,Red Bull Racing,27.0,0 days 00:01:21.557000,0 days 00:00:28.521000,0 days 00:00:17.600000,0 days 00:00:35.436000,HARD,13.0,2.0,,,1,5.0,False,2024,Australia,R,81.557,28.521,17.6,35.436,81.96000000000001,0.4030000000000058,84.122,-2.5649999999999977,-0.4030000000000058,83.177,85.082,-1.904999999999987,57.0,0.47368421052631576,20.0,0.65,169.0,729.0,0,1,0,0,0,0,1,0.0,0.0,13.0,18
PER,Red Bull Racing,28.0,0 days 00:01:22.152000,0 days 00:00:28.742000,0 days 00:00:18.141000,0 days 00:00:35.269000,HARD,14.0,2.0,,,1,5.0,False,2024,Australia,R,82.152,28.742,18.141,35.269,81.96000000000001,0.19199999999999307,84.122,-1.9699999999999989,0.19199999999999307,83.83200000000001,85.082,-1.2499999999999858,57.0,0.49122807017543857,20.0,0.7,196.0,784.0,0,1,0,0,0,0,1,0.0,0.0,14.0,18
PER,Red Bull Racing,29.0,0 days 00:01:22.126000,0 days 00:00:28.645000,0 days 00:00:18.042000,0 days 00:00:35.439000,HARD,15.0,2.0,,,1,5.0,False,2024,Australia,R,82.126,28.645,18.042,35.439,81.96000000000001,0.16599999999999682,84.122,-1.9959999999999951,0.16599999999999682,83.866,85.082,-1.215999999999994,57.0,0.5087719298245614,20.0,0.75,225.0,841.0,0,1,0,0,0,0,1,0.0,0.0,15.0,18
PER,Red Bull Racing,30.0,0 days 00:01:22.180000,0 days 00:00:28.599000,0 days 00:00:17.955000,0 days 00:00:35.626000,HARD,16.0,2.0,,,1,5.0,False,2024,Australia,R,82.18,28.599,17.955,35.626,81.96000000000001,0.21999999999999886,84.122,-1.941999999999993,0.21999999999999886,83.98,85.082,-1.1019999999999897,57.0,0.5263157894736842,20.0,0.8,256.0,900.0,0,1,0,0,0,0,1,0.0,0.0,16.0,18
PER,Red Bull Racing,31.0,0 days 00:01:22.359000,0 days 00:00:28.718000,0 days 00:00:18.013000,0 days 00:00:35.628000,HARD,17.0,2.0,,,1,5.0,False,2024,Australia,R,82.359,28.718,18.013,35.628,81.96000000000001,0.3989999999999867,84.122,-1.7630000000000052,0.3989999999999867,84.219,85.082,-0.8629999999999995,57.0,0.543859649122807,20.0,0.85,289.0,961.0,0,1,0,0,0,0,1,0.0,0.0,17.0,18
PER,Red Bull Racing,32.0,0 days 00:01:22.441000,0 days 00:00:28.807000,0 days 00:00:18.016000,0 days 00:00:35.618000,HARD,18.0,2.0,,,1,5.0,False,2024,Australia,R,82.441,28.807,18.016,35.618,81.96000000000001,0.48099999999999454,84.122,-1.6809999999999974,0.48099999999999454,84.361,85.082,-0.7209999999999894,57.0,0.5614035087719298,20.0,0.9,324.0,1024.0,0,1,0,0,0,0,1,0.0,0.0,18.0,18
PER,Red Bull Racing,33.0,0 days 00:01:22.566000,0 days 00:00:28.869000,0 days 00:00:18.127000,0 days 00:00:35.570000,HARD,19.0,2.0,,,1,5.0,False,2024,Australia,R,82.566,28.869,18.127,35.57,81.96000000000001,0.6059999999999945,84.122,-1.5559999999999974,0.6059999999999945,84.546,85.082,-0.5359999999999872,57.0,0.5789473684210527,20.0,0.95,361.0,1089.0,0,1,0,0,0,0,1,0.0,0.0,19.0,18
PER,Red Bull Racing,34.0,0 days 00:01:22.962000,0 days 00:00:28.911000,0 days 00:00:18.114000,0 days 00:00:35.937000,HARD,20.0,2.0,,,1,5.0,False,2024,Australia,R,82.962,28.911,18.114,35.937,81.96000000000001,1.0019999999999953,84.122,-1.1599999999999966,1.0019999999999953,85.00200000000001,85.082,-0.07999999999998408,57.0,0.5964912280701754,20.0,1.0,400.0,1156.0,0,1,0,0,0,0,1,0.0,0.0,20.0,18
PER,Red Bull Racing,37.0,0 days 00:01:21.218000,0 days 00:00:28.323000,0 days 00:00:17.862000,0 days 00:00:35.033000,HARD,2.0,3.0,,,1,7.0,False,2024,Australia,R,81.218,28.323,17.862,35.033,81.96000000000001,0.7420000000000044,81.218,0.0,-0.7420000000000044,83.438,83.438,0.0,57.0,0.6491228070175439,21.0,0.09523809523809523,4.0,1369.0,0,0,0,0,0,0,1,0.0,0.0,2.0,20
PER,Red Bull Racing,38.0,0 days 00:01:21.245000,0 days 00:00:28.319000,0 days 00:00:18.045000,0 days 00:00:34.881000,HARD,3.0,3.0,,,1,7.0,False,2024,Australia,R,81.245,28.319,18.045,34.881,81.96000000000001,0.7150000000000034,81.218,0.027000000000001023,-0.7150000000000034,83.525,83.438,0.0870000000000033,57.0,0.6666666666666666,21.0,0.14285714285714285,9.0,1444.0,0,0,1,0,0,0,1,0.0,0.0,3.0,20
PER,Red Bull Racing,39.0,0 days 00:01:21.448000,0 days 00:00:28.423000,0 days 00:00:17.834000,0 days 00:00:35.191000,HARD,4.0,3.0,,,1,7.0,False,2024,Australia,R,81.448,28.423,17.834,35.191,81.96000000000001,0.5120000000000147,81.218,0.22999999999998977,-0.5120000000000147,83.788,83.438,0.3499999999999943,57.0,0.6842105263157895,21.0,0.19047619047619047,16.0,1521.0,0,0,1,0,0,0,1,0.0,0.0,4.0,20
PER,Red Bull Racing,40.0,0 days 00:01:21.045000,0 days 00:00:28.400000,0 days 00:00:17.836000,0 days 00:00:34.809000,HARD,5.0,3.0,,,1,7.0,False,2024,Australia,R,81.045,28.4,17.836,34.809,81.96000000000001,0.9150000000000063,81.218,-0.17300000000000182,-0.9150000000000063,83.44500000000001,83.438,0.007000000000005002,57.0,0.7017543859649122,21.0,0.23809523809523808,25.0,1600.0,0,0,1,0,0,0,1,0.0,0.0,5.0,20
PER,Red Bull Racing,41.0,0 days 00:01:20.998000,0 days 00:00:28.268000,0 days 00:00:17.817000,0 days 00:00:34.913000,HARD,6.0,3.0,,,1,6.0,False,2024,Australia,R,80.998,28.268,17.817,34.913,81.96000000000001,0.9620000000000033,81.218,-0.21999999999999886,-0.9620000000000033,83.458,83.438,0.01999999999999602,57.0,0.7192982456140351,21.0,0.2857142857142857,36.0,1681.0,0,0,1,0,0,0,1,0.0,0.0,6.0,20
PER,Red Bull Racing,42.0,0 days 00:01:21.350000,0 days 00:00:28.442000,0 days 00:00:17.795000,0 days 00:00:35.113000,HARD,7.0,3.0,,,1,6.0,False,2024,Australia,R,81.35,28.442,17.795,35.113,81.96000000000001,0.6100000000000136,81.218,0.1319999999999908,-0.6100000000000136,83.86999999999999,83.438,0.43199999999998795,57.0,0.7368421052631579,21.0,0.3333333333333333,49.0,1764.0,0,0,1,0,0,0,1,0.0,0.0,7.0,20
PER,Red Bull Racing,43.0,0 days 00:01:20.798000,0 days 00:00:28.267000,0 days 00:00:17.739000,0 days 00:00:34.792000,HARD,8.0,3.0,,,1,6.0,False,2024,Australia,R,80.798,28.267,17.739,34.792,81.96000000000001,1.1620000000000061,81.218,-0.4200000000000017,-1.1620000000000061,83.378,83.438,-0.060000000000002274,57.0,0.7543859649122807,21.0,0.38095238095238093,64.0,1849.0,0,0,1,0,0,0,1,0.0,0.0,8.0,20
PER,Red Bull Racing,44.0,0 days 00:01:20.706000,0 days 00:00:28.222000,0 days 00:00:17.702000,0 days 00:00:34.782000,HARD,9.0,3.0,,,1,6.0,False,2024,Australia,R,80.706,28.222,17.702,34.782,81.96000000000001,1.2540000000000049,81.218,-0.5120000000000005,-1.2540000000000049,83.346,83.438,-0.09199999999999875,57.0,0.7719298245614035,21.0,0.42857142857142855,81.0,1936.0,0,0,1,0,0,0,1,0.0,0.0,9.0,20
PER,Red Bull Racing,45.0,0 days 00:01:20.769000,0 days 00:00:28.262000,0 days 00:00:17.736000,0 days 00:00:34.771000,HARD,10.0,3.0,,,1,5.0,False,2024,Australia,R,80.769,28.262,17.736,34.771,81.96000000000001,1.1910000000000025,81.218,-0.44899999999999807,-1.1910000000000025,83.46900000000001,83.438,0.03100000000000591,57.0,0.7894736842105263,21.0,0.47619047619047616,100.0,2025.0,0,0,1,0,0,0,1,0.0,0.0,10.0,20
PER,Red Bull Racing,46.0,0 days 00:01:20.428000,0 days 00:00:28.204000,0 days 00:00:17.718000,0 days 00:00:34.506000,HARD,11.0,3.0,,,1,5.0,False,2024,Australia,R,80.428,28.204,17.718,34.506,81.96000000000001,1.5320000000000107,81.218,-0.7900000000000063,-1.5320000000000107,83.188,83.438,-0.25,57.0,0.8070175438596491,21.0,0.5238095238095238,121.0,2116.0,0,0,1,0,0,0,1,0.0,0.0,11.0,20
PER,Red Bull Racing,47.0,0 days 00:01:20.388000,0 days 00:00:28.091000,0 days 00:00:17.734000,0 days 00:00:34.563000,HARD,12.0,3.0,,,1,5.0,False,2024,Australia,R,80.388,28.091,17.734,34.563,81.96000000000001,1.5720000000000027,81.218,-0.8299999999999983,-1.5720000000000027,83.208,83.438,-0.23000000000000398,57.0,0.8245614035087719,21.0,0.5714285714285714,144.0,2209.0,0,0,1,0,0,0,1,0.0,0.0,12.0,20
PER,Red Bull Racing,48.0,0 days 00:01:20.836000,0 days 00:00:28.191000,0 days 00:00:17.724000,0 days 00:00:34.921000,HARD,13.0,3.0,,,1,5.0,False,2024,Australia,R,80.836,28.191,17.724,34.921,81.96000000000001,1.1240000000000094,81.218,-0.382000000000005,-1.1240000000000094,83.716,83.438,0.2779999999999916,57.0,0.8421052631578947,21.0,0.6190476190476191,169.0,2304.0,0,0,1,0,0,0,1,0.0,0.0,13.0,20
PER,Red Bull Racing,49.0,0 days 00:01:20.760000,0 days 00:00:28.140000,0 days 00:00:17.803000,0 days 00:00:34.817000,HARD,14.0,3.0,,,1,5.0,False,2024,Australia,R,80.76,28.14,17.803,34.817,81.96000000000001,1.2000000000000028,81.218,-0.4579999999999984,-1.2000000000000028,83.7,83.438,0.26200000000000045,57.0,0.8596491228070176,21.0,0.6666666666666666,196.0,2401.0,0,0,1,0,0,0,1,0.0,0.0,14.0,20
PER,Red Bull Racing,50.0,0 days 00:01:20.871000,0 days 00:00:28.244000,0 days 00:00:17.792000,0 days 00:00:34.835000,HARD,15.0,3.0,,,1,5.0,False,2024,Australia,R,80.871,28.244,17.792,34.835,81.96000000000001,1.0890000000000128,81.218,-0.3470000000000084,-1.0890000000000128,83.871,83.438,0.4329999999999927,57.0,0.8771929824561403,21.0,0.7142857142857143,225.0,2500.0,0,0,1,0,0,0,1,0.0,0.0,15.0,20
PER,Red Bull Racing,51.0,0 days 00:01:21.038000,0 days 00:00:28.284000,0 days 00:00:17.866000,0 days 00:00:34.888000,HARD,16.0,3.0,,,1,5.0,False,2024,Australia,R,81.038,28.284,17.866,34.888,81.96000000000001,0.9220000000000113,81.218,-0.18000000000000682,-0.9220000000000113,84.098,83.438,0.6599999999999966,57.0,0.8947368421052632,21.0,0.7619047619047619,256.0,2601.0,0,0,1,0,0,0,1,0.0,0.0,16.0,20
PER,Red Bull Racing,52.0,0 days 00:01:21.150000,0 days 00:00:28.380000,0 days 00:00:17.743000,0 days 00:00:35.027000,HARD,17.0,3.0,,,1,5.0,False,2024,Australia,R,81.15,28.38,17.743,35.027,81.96000000000001,0.8100000000000023,81.218,-0.06799999999999784,-0.8100000000000023,84.27000000000001,83.438,0.8320000000000078,57.0,0.9122807017543859,21.0,0.8095238095238095,289.0,2704.0,0,0,1,0,0,0,1,0.0,0.0,17.0,20
PER,Red Bull Racing,53.0,0 days 00:01:21.544000,0 days 00:00:28.466000,0 days 00:00:17.814000,0 days 00:00:35.264000,HARD,18.0,3.0,,,1,5.0,False,2024,Australia,R,81.544,28.466,17.814,35.264,81.96000000000001,0.416000000000011,81.218,0.3259999999999934,-0.416000000000011,84.72399999999999,83.438,1.2859999999999872,57.0,0.9298245614035088,21.0,0.8571428571428571,324.0,2809.0,0,0,1,0,0,0,1,0.0,0.0,18.0,20
PER,Red Bull Racing,54.0,0 days 00:01:21.630000,0 days 00:00:28.537000,0 days 00:00:17.969000,0 days 00:00:35.124000,HARD,19.0,3.0,,,1,5.0,False,2024,Australia,R,81.63,28.537,17.969,35.124,81.96000000000001,0.3300000000000125,81.218,0.41199999999999193,-0.3300000000000125,84.86999999999999,83.438,1.431999999999988,57.0,0.9473684210526315,21.0,0.9047619047619048,361.0,2916.0,0,0,1,0,0,0,1,0.0,0.0,19.0,20
PER,Red Bull Racing,55.0,0 days 00:01:21.616000,0 days 00:00:28.522000,0 days 00:00:17.986000,0 days 00:00:35.108000,HARD,20.0,3.0,,,1,5.0,False,2024,Australia,R,81.616,28.522,17.986,35.108,81.96000000000001,0.3440000000000083,81.218,0.39799999999999613,-0.3440000000000083,84.916,83.438,1.4779999999999944,57.0,0.9649122807017544,21.0,0.9523809523809523,400.0,3025.0,0,0,1,0,0,0,1,0.0,0.0,20.0,20
PER,Red Bull Racing,56.0,0 days 00:01:21.849000,0 days 00:00:28.564000,0 days 00:00:17.943000,0 days 00:00:35.342000,HARD,21.0,3.0,,,1,5.0,False,2024,Australia,R,81.849,28.564,17.943,35.342,81.96000000000001,0.1110000000000042,81.218,0.6310000000000002,-0.1110000000000042,85.209,83.438,1.7710000000000008,57.0,0.9824561403508771,21.0,1.0,441.0,3136.0,0,0,1,0,0,0,1,0.0,0.0,21.0,20
PIA,McLaren,2.0,0 days 00:01:23.232000,0 days 00:00:29.201000,0 days 00:00:18.266000,0 days 00:00:35.765000,MEDIUM,2.0,1.0,,,1,5.0,False,2024,Australia,R,83.232,29.201,18.266,35.765,82.031,1.2009999999999934,83.232,0.0,1.2009999999999934,83.352,83.352,0.0,57.0,0.03508771929824561,8.0,0.25,4.0,4.0,1,0,0,1,0,1,0,0.0,2.0,0.0,7
PIA,McLaren,3.0,0 days 00:01:22.669000,0 days 00:00:28.862000,0 days 00:00:18.065000,0 days 00:00:35.742000,MEDIUM,3.0,1.0,,,1,5.0,False,2024,Australia,R,82.669,28.862,18.065,35.742,82.031,0.637999999999991,83.232,-0.5630000000000024,0.637999999999991,82.849,83.352,-0.5030000000000001,57.0,0.05263157894736842,8.0,0.375,9.0,9.0,1,0,0,1,0,1,0,0.0,3.0,0.0,7
PIA,McLaren,4.0,0 days 00:01:22.581000,0 days 00:00:28.914000,0 days 00:00:18.092000,0 days 00:00:35.575000,MEDIUM,4.0,1.0,,,1,4.0,False,2024,Australia,R,82.581,28.914,18.092,35.575,82.031,0.5499999999999972,83.232,-0.6509999999999962,0.5499999999999972,82.821,83.352,-0.5310000000000059,57.0,0.07017543859649122,8.0,0.5,16.0,16.0,1,0,0,1,0,1,0,0.0,4.0,0.0,7
PIA,McLaren,5.0,0 days 00:01:22.594000,0 days 00:00:28.691000,0 days 00:00:17.918000,0 days 00:00:35.985000,MEDIUM,5.0,1.0,,,1,4.0,False,2024,Australia,R,82.594,28.691,17.918,35.985,82.031,0.5629999999999882,83.232,-0.6380000000000052,0.5629999999999882,82.89399999999999,83.352,-0.4580000000000126,57.0,0.08771929824561403,8.0,0.625,25.0,25.0,1,0,0,1,0,1,0,0.0,5.0,0.0,7
PIA,McLaren,6.0,0 days 00:01:22.582000,0 days 00:00:28.860000,0 days 00:00:17.959000,0 days 00:00:35.763000,MEDIUM,6.0,1.0,,,1,4.0,False,2024,Australia,R,82.582,28.86,17.959,35.763,82.031,0.5509999999999877,83.232,-0.6500000000000057,0.5509999999999877,82.942,83.352,-0.4100000000000108,57.0,0.10526315789473684,8.0,0.75,36.0,36.0,1,0,0,1,0,1,0,0.0,6.0,0.0,7
PIA,McLaren,7.0,0 days 00:01:22.877000,0 days 00:00:28.930000,0 days 00:00:17.931000,0 days 00:00:36.016000,MEDIUM,7.0,1.0,,,1,4.0,False,2024,Australia,R,82.877,28.93,17.931,36.016,82.031,0.8459999999999894,83.232,-0.355000000000004,0.8459999999999894,83.297,83.352,-0.05500000000000682,57.0,0.12280701754385964,8.0,0.875,49.0,49.0,1,0,0,1,0,1,0,0.0,7.0,0.0,7
PIA,McLaren,8.0,0 days 00:01:23.052000,0 days 00:00:28.843000,0 days 00:00:18.018000,0 days 00:00:36.191000,MEDIUM,8.0,1.0,,,1,4.0,False,2024,Australia,R,83.052,28.843,18.018,36.191,82.031,1.0210000000000008,83.232,-0.1799999999999926,1.0210000000000008,83.53200000000001,83.352,0.18000000000000682,57.0,0.14035087719298245,8.0,1.0,64.0,64.0,1,0,0,1,0,1,0,0.0,8.0,0.0,7
PIA,McLaren,11.0,0 days 00:01:22.728000,0 days 00:00:28.662000,0 days 00:00:17.907000,0 days 00:00:36.159000,HARD,3.0,2.0,,,1,7.0,False,2024,Australia,R,82.728,28.662,17.907,36.159,82.031,0.6969999999999885,82.728,0.0,0.6969999999999885,83.38799999999999,83.38799999999999,0.0,57.0,0.19298245614035087,30.0,0.1,9.0,121.0,0,1,0,1,0,0,1,0.0,0.0,3.0,27
PIA,McLaren,12.0,0 days 00:01:22.948000,0 days 00:00:29.063000,0 days 00:00:18.222000,0 days 00:00:35.663000,HARD,4.0,2.0,,,1,6.0,False,2024,Australia,R,82.948,29.063,18.222,35.663,82.031,0.9169999999999874,82.728,0.21999999999999886,0.9169999999999874,83.66799999999999,83.38799999999999,0.28000000000000114,57.0,0.21052631578947367,30.0,0.13333333333333333,16.0,144.0,0,1,0,1,0,0,1,0.0,0.0,4.0,27
PIA,McLaren,13.0,0 days 00:01:22.426000,0 days 00:00:28.766000,0 days 00:00:18.093000,0 days 00:00:35.567000,HARD,5.0,2.0,,,1,6.0,False,2024,Australia,R,82.426,28.766,18.093,35.567,82.031,0.394999999999996,82.728,-0.3019999999999925,0.394999999999996,83.206,83.38799999999999,-0.18199999999998795,57.0,0.22807017543859648,30.0,0.16666666666666666,25.0,169.0,0,1,0,1,0,0,1,0.0,0.0,5.0,27
PIA,McLaren,14.0,0 days 00:01:21.968000,0 days 00:00:28.644000,0 days 00:00:18.063000,0 days 00:00:35.261000,HARD,6.0,2.0,,,1,5.0,False,2024,Australia,R,81.968,28.644,18.063,35.261,82.031,0.06300000000000239,82.728,-0.7599999999999909,-0.06300000000000239,82.808,83.38799999999999,-0.5799999999999841,57.0,0.24561403508771928,30.0,0.2,36.0,196.0,0,1,0,1,0,0,1,0.0,0.0,6.0,27
PIA,McLaren,15.0,0 days 00:01:21.961000,0 days 00:00:28.588000,0 days 00:00:18.040000,0 days 00:00:35.333000,HARD,7.0,2.0,,,1,4.0,False,2024,Australia,R,81.961,28.588,18.04,35.333,82.031,0.07000000000000739,82.728,-0.7669999999999959,-0.07000000000000739,82.861,83.38799999999999,-0.5269999999999868,57.0,0.2631578947368421,30.0,0.23333333333333334,49.0,225.0,0,1,0,1,0,0,1,0.0,0.0,7.0,27
PIA,McLaren,16.0,0 days 00:01:22.015000,0 days 00:00:28.640000,0 days 00:00:18.102000,0 days 00:00:35.273000,HARD,8.0,2.0,,,1,4.0,False,2024,Australia,R,82.015,28.64,18.102,35.273,82.031,0.016000000000005343,82.728,-0.7129999999999939,-0.016000000000005343,82.975,83.38799999999999,-0.4129999999999967,57.0,0.2807017543859649,30.0,0.26666666666666666,64.0,256.0,0,1,0,1,0,0,1,0.0,0.0,8.0,27
PIA,McLaren,18.0,0 days 00:01:28.994000,0 days 00:00:35.702000,0 days 00:00:18.113000,0 days 00:00:35.179000,HARD,10.0,2.0,,,671,3.0,False,2024,Australia,R,88.994,35.702,18.113,35.179,82.031,6.962999999999994,82.728,6.266000000000005,6.962999999999994,90.074,83.38799999999999,6.686000000000007,57.0,0.3157894736842105,30.0,0.3333333333333333,100.0,324.0,0,1,0,1,0,0,1,0.0,0.0,10.0,27
PIA,McLaren,19.0,0 days 00:01:21.871000,0 days 00:00:28.272000,0 days 00:00:18.086000,0 days 00:00:35.513000,HARD,11.0,2.0,,,1,3.0,False,2024,Australia,R,81.871,28.272,18.086,35.513,82.031,0.1600000000000108,82.728,-0.8569999999999993,-0.1600000000000108,83.011,83.38799999999999,-0.37699999999999534,57.0,0.3333333333333333,30.0,0.36666666666666664,121.0,361.0,0,1,0,0,0,0,1,0.0,0.0,11.0,27
PIA,McLaren,20.0,0 days 00:01:22.085000,0 days 00:00:28.580000,0 days 00:00:18.020000,0 days 00:00:35.485000,HARD,12.0,2.0,,,1,3.0,False,2024,Australia,R,82.085,28.58,18.02,35.485,82.031,0.053999999999987836,82.728,-0.6430000000000007,0.053999999999987836,83.285,83.38799999999999,-0.10299999999999443,57.0,0.3508771929824561,30.0,0.4,144.0,400.0,0,1,0,0,0,0,1,0.0,0.0,12.0,27
PIA,McLaren,21.0,0 days 00:01:21.923000,0 days 00:00:28.477000,0 days 00:00:17.990000,0 days 00:00:35.456000,HARD,13.0,2.0,,,1,3.0,False,2024,Australia,R,81.923,28.477,17.99,35.456,82.031,0.10800000000000409,82.728,-0.8049999999999926,-0.10800000000000409,83.183,83.38799999999999,-0.20499999999998408,57.0,0.3684210526315789,30.0,0.43333333333333335,169.0,441.0,0,1,0,0,0,0,1,0.0,0.0,13.0,27
PIA,McLaren,22.0,0 days 00:01:22.013000,0 days 00:00:28.607000,0 days 00:00:18.037000,0 days 00:00:35.369000,HARD,14.0,2.0,,,1,3.0,False,2024,Australia,R,82.013,28.607,18.037,35.369,82.031,0.018000000000000682,82.728,-0.7149999999999892,-0.018000000000000682,83.333,83.38799999999999,-0.05499999999999261,57.0,0.38596491228070173,30.0,0.4666666666666667,196.0,484.0,0,1,0,0,0,0,1,0.0,0.0,14.0,27
PIA,McLaren,23.0,0 days 00:01:21.817000,0 days 00:00:28.496000,0 days 00:00:18.003000,0 days 00:00:35.318000,HARD,15.0,2.0,,,1,3.0,False,2024,Australia,R,81.817,28.496,18.003,35.318,82.031,0.21400000000001285,82.728,-0.9110000000000014,-0.21400000000001285,83.19699999999999,83.38799999999999,-0.1910000000000025,57.0,0.40350877192982454,30.0,0.5,225.0,529.0,0,1,0,0,0,0,1,0.0,0.0,15.0,27
PIA,McLaren,24.0,0 days 00:01:21.830000,0 days 00:00:28.553000,0 days 00:00:17.964000,0 days 00:00:35.313000,HARD,16.0,2.0,,,1,3.0,False,2024,Australia,R,81.83,28.553,17.964,35.313,82.031,0.20100000000000762,82.728,-0.8979999999999961,-0.20100000000000762,83.27,83.38799999999999,-0.117999999999995,57.0,0.42105263157894735,30.0,0.5333333333333333,256.0,576.0,0,1,0,0,0,0,1,0.0,0.0,16.0,27
PIA,McLaren,25.0,0 days 00:01:21.597000,0 days 00:00:28.380000,0 days 00:00:17.950000,0 days 00:00:35.267000,HARD,17.0,2.0,,,1,3.0,False,2024,Australia,R,81.597,28.38,17.95,35.267,82.031,0.4340000000000117,82.728,-1.1310000000000002,-0.4340000000000117,83.097,83.38799999999999,-0.2909999999999968,57.0,0.43859649122807015,30.0,0.5666666666666667,289.0,625.0,0,1,0,0,0,0,1,0.0,0.0,17.0,27
PIA,McLaren,26.0,0 days 00:01:22.243000,0 days 00:00:28.631000,0 days 00:00:18.061000,0 days 00:00:35.551000,HARD,18.0,2.0,,,1,3.0,False,2024,Australia,R,82.243,28.631,18.061,35.551,82.031,0.21199999999998909,82.728,-0.48499999999999943,0.21199999999998909,83.803,83.38799999999999,0.41500000000000625,57.0,0.45614035087719296,30.0,0.6,324.0,676.0,0,1,0,0,0,0,1,0.0,0.0,18.0,27
PIA,McLaren,27.0,0 days 00:01:22.287000,0 days 00:00:28.693000,0 days 00:00:18.076000,0 days 00:00:35.518000,HARD,19.0,2.0,,,1,3.0,False,2024,Australia,R,82.287,28.693,18.076,35.518,82.031,0.2560000000000002,82.728,-0.4409999999999883,0.2560000000000002,83.90700000000001,83.38799999999999,0.5190000000000197,57.0,0.47368421052631576,30.0,0.6333333333333333,361.0,729.0,0,1,0,0,0,0,1,0.0,0.0,19.0,27
PIA,McLaren,28.0,0 days 00:01:22.204000,0 days 00:00:28.654000,0 days 00:00:18.065000,0 days 00:00:35.485000,HARD,20.0,2.0,,,1,3.0,False,2024,Australia,R,82.204,28.654,18.065,35.485,82.031,0.1729999999999876,82.728,-0.5240000000000009,0.1729999999999876,83.884,83.38799999999999,0.4960000000000093,57.0,0.49122807017543857,30.0,0.6666666666666666,400.0,784.0,0,1,0,0,0,0,1,0.0,0.0,20.0,27
PIA,McLaren,29.0,0 days 00:01:23.479000,0 days 00:00:29.906000,0 days 00:00:17.833000,0 days 00:00:35.740000,HARD,21.0,2.0,,,1,4.0,False,2024,Australia,R,83.479,29.906,17.833,35.74,82.031,1.4479999999999933,82.728,0.7510000000000048,1.4479999999999933,85.219,83.38799999999999,1.831000000000003,57.0,0.5087719298245614,30.0,0.7,441.0,841.0,0,1,0,0,0,0,1,0.0,0.0,21.0,27
PIA,McLaren,30.0,0 days 00:01:22.520000,0 days 00:00:28.702000,0 days 00:00:18.059000,0 days 00:00:35.759000,HARD,22.0,2.0,,,1,4.0,False,2024,Australia,R,82.52,28.702,18.059,35.759,82.031,0.4889999999999901,82.728,-0.2079999999999984,0.4889999999999901,84.32,83.38799999999999,0.9320000000000022,57.0,0.5263157894736842,30.0,0.7333333333333333,484.0,900.0,0,1,0,0,0,0,1,0.0,0.0,22.0,27
PIA,McLaren,31.0,0 days 00:01:22.133000,0 days 00:00:28.797000,0 days 00:00:17.980000,0 days 00:00:35.356000,HARD,23.0,2.0,,,1,4.0,False,2024,Australia,R,82.133,28.797,17.98,35.356,82.031,0.10199999999998965,82.728,-0.5949999999999989,0.10199999999998965,83.993,83.38799999999999,0.605000000000004,57.0,0.543859649122807,30.0,0.7666666666666667,529.0,961.0,0,1,0,0,0,0,1,0.0,0.0,23.0,27
PIA,McLaren,32.0,0 days 00:01:21.989000,0 days 00:00:28.664000,0 days 00:00:17.973000,0 days 00:00:35.352000,HARD,24.0,2.0,,,1,4.0,False,2024,Australia,R,81.989,28.664,17.973,35.352,82.031,0.04200000000000159,82.728,-0.7389999999999901,-0.04200000000000159,83.909,83.38799999999999,0.521000000000015,57.0,0.5614035087719298,30.0,0.8,576.0,1024.0,0,1,0,0,0,0,1,0.0,0.0,24.0,27
PIA,McLaren,33.0,0 days 00:01:22.100000,0 days 00:00:28.724000,0 days 00:00:17.962000,0 days 00:00:35.414000,HARD,25.0,2.0,,,1,4.0,False,2024,Australia,R,82.1,28.724,17.962,35.414,82.031,0.0689999999999884,82.728,-0.6280000000000001,0.0689999999999884,84.08,83.38799999999999,0.6920000000000073,57.0,0.5789473684210527,30.0,0.8333333333333334,625.0,1089.0,0,1,0,0,0,0,1,0.0,0.0,25.0,27
PIA,McLaren,34.0,0 days 00:01:22.238000,0 days 00:00:28.728000,0 days 00:00:18.060000,0 days 00:00:35.450000,HARD,26.0,2.0,,,1,3.0,False,2024,Australia,R,82.238,28.728,18.06,35.45,82.031,0.20699999999999363,82.728,-0.4899999999999949,0.20699999999999363,84.278,83.38799999999999,0.8900000000000148,57.0,0.5964912280701754,30.0,0.8666666666666667,676.0,1156.0,0,1,0,0,0,0,1,0.0,0.0,26.0,27
PIA,McLaren,35.0,0 days 00:01:22.059000,0 days 00:00:28.716000,0 days 00:00:18.075000,0 days 00:00:35.268000,HARD,27.0,2.0,,,1,3.0,False,2024,Australia,R,82.059,28.716,18.075,35.268,82.031,0.027999999999991587,82.728,-0.6689999999999969,0.027999999999991587,84.15899999999999,83.38799999999999,0.7710000000000008,57.0,0.6140350877192983,30.0,0.9,729.0,1225.0,0,1,0,0,0,0,1,0.0,0.0,27.0,27
PIA,McLaren,36.0,0 days 00:01:22.047000,0 days 00:00:28.779000,0 days 00:00:18.041000,0 days 00:00:35.227000,HARD,28.0,2.0,,,1,3.0,False,2024,Australia,R,82.047,28.779,18.041,35.227,82.031,0.015999999999991132,82.728,-0.6809999999999974,0.015999999999991132,84.207,83.38799999999999,0.8190000000000026,57.0,0.631578947368421,30.0,0.9333333333333333,784.0,1296.0,0,1,0,0,0,0,1,0.0,0.0,28.0,27
PIA,McLaren,37.0,0 days 00:01:21.890000,0 days 00:00:28.614000,0 days 00:00:17.986000,0 days 00:00:35.290000,HARD,29.0,2.0,,,1,3.0,False,2024,Australia,R,81.89,28.614,17.986,35.29,82.031,0.14100000000000534,82.728,-0.8379999999999939,-0.14100000000000534,84.11,83.38799999999999,0.7220000000000084,57.0,0.6491228070175439,30.0,0.9666666666666667,841.0,1369.0,0,1,0,0,0,0,1,0.0,0.0,29.0,27
PIA,McLaren,38.0,0 days 00:01:25.203000,0 days 00:00:28.686000,0 days 00:00:18,0 days 00:00:38.517000,HARD,30.0,2.0,,,1,3.0,False,2024,Australia,R,85.203,28.686,18.0,38.517,82.031,3.171999999999997,82.728,2.4750000000000085,3.171999999999997,87.483,83.38799999999999,4.095000000000013,57.0,0.6666666666666666,30.0,1.0,900.0,1444.0,0,1,1,0,0,0,1,0.0,0.0,30.0,27
PIA,McLaren,41.0,0 days 00:01:21.424000,0 days 00:00:28.125000,0 days 00:00:17.593000,0 days 00:00:35.706000,HARD,3.0,3.0,,,1,4.0,False,2024,Australia,R,81.424,28.125,17.593,35.706,82.031,0.6069999999999993,81.424,0.0,-0.6069999999999993,83.884,83.884,0.0,57.0,0.7192982456140351,19.0,0.15789473684210525,9.0,1681.0,0,0,1,0,0,0,1,0.0,0.0,3.0,17
PIA,McLaren,42.0,0 days 00:01:21.080000,0 days 00:00:28.312000,0 days 00:00:17.964000,0 days 00:00:34.804000,HARD,4.0,3.0,,,1,4.0,False,2024,Australia,R,81.08,28.312,17.964,34.804,82.031,0.9510000000000076,81.424,-0.3440000000000083,-0.9510000000000076,83.6,83.884,-0.284000000000006,57.0,0.7368421052631579,19.0,0.21052631578947367,16.0,1764.0,0,0,1,0,0,0,1,0.0,0.0,4.0,17
PIA,McLaren,43.0,0 days 00:01:20.485000,0 days 00:00:28.090000,0 days 00:00:17.952000,0 days 00:00:34.443000,HARD,5.0,3.0,,,1,4.0,False,2024,Australia,R,80.485,28.09,17.952,34.443,82.031,1.5460000000000065,81.424,-0.9390000000000072,-1.5460000000000065,83.065,83.884,-0.8190000000000026,57.0,0.7543859649122807,19.0,0.2631578947368421,25.0,1849.0,0,0,1,0,0,0,1,0.0,0.0,5.0,17
PIA,McLaren,44.0,0 days 00:01:20.395000,0 days 00:00:27.914000,0 days 00:00:17.885000,0 days 00:00:34.596000,HARD,6.0,3.0,,,1,4.0,False,2024,Australia,R,80.395,27.914,17.885,34.596,82.031,1.63600000000001,81.424,-1.0290000000000106,-1.63600000000001,83.035,83.884,-0.8490000000000038,57.0,0.7719298245614035,19.0,0.3157894736842105,36.0,1936.0,0,0,1,0,0,0,1,0.0,0.0,6.0,17
PIA,McLaren,45.0,0 days 00:01:20.223000,0 days 00:00:27.948000,0 days 00:00:17.772000,0 days 00:00:34.503000,HARD,7.0,3.0,,,1,4.0,False,2024,Australia,R,80.223,27.948,17.772,34.503,82.031,1.808000000000007,81.424,-1.2010000000000076,-1.808000000000007,82.923,83.884,-0.9609999999999985,57.0,0.7894736842105263,19.0,0.3684210526315789,49.0,2025.0,0,0,1,0,0,0,1,0.0,0.0,7.0,17
PIA,McLaren,46.0,0 days 00:01:20.615000,0 days 00:00:27.981000,0 days 00:00:17.817000,0 days 00:00:34.817000,HARD,8.0,3.0,,,1,4.0,False,2024,Australia,R,80.615,27.981,17.817,34.817,82.031,1.416000000000011,81.424,-0.8090000000000117,-1.416000000000011,83.375,83.884,-0.5090000000000003,57.0,0.8070175438596491,19.0,0.42105263157894735,64.0,2116.0,0,0,1,0,0,0,1,0.0,0.0,8.0,17
PIA,McLaren,47.0,0 days 00:01:20.682000,0 days 00:00:28.141000,0 days 00:00:17.683000,0 days 00:00:34.858000,HARD,9.0,3.0,,,1,4.0,False,2024,Australia,R,80.682,28.141,17.683,34.858,82.031,1.3490000000000038,81.424,-0.7420000000000044,-1.3490000000000038,83.502,83.884,-0.382000000000005,57.0,0.8245614035087719,19.0,0.47368421052631576,81.0,2209.0,0,0,1,0,0,0,1,0.0,0.0,9.0,17
PIA,McLaren,48.0,0 days 00:01:20.588000,0 days 00:00:28.039000,0 days 00:00:17.853000,0 days 00:00:34.696000,HARD,10.0,3.0,,,1,4.0,False,2024,Australia,R,80.588,28.039,17.853,34.696,82.031,1.443000000000012,81.424,-0.8360000000000127,-1.443000000000012,83.46799999999999,83.884,-0.416000000000011,57.0,0.8421052631578947,19.0,0.5263157894736842,100.0,2304.0,0,0,1,0,0,0,1,0.0,0.0,10.0,17
PIA,McLaren,49.0,0 days 00:01:20.352000,0 days 00:00:28.241000,0 days 00:00:17.610000,0 days 00:00:34.501000,HARD,11.0,3.0,,,1,4.0,False,2024,Australia,R,80.352,28.241,17.61,34.501,82.031,1.679000000000002,81.424,-1.0720000000000027,-1.679000000000002,83.292,83.884,-0.5919999999999987,57.0,0.8596491228070176,19.0,0.5789473684210527,121.0,2401.0,0,0,1,0,0,0,1,0.0,0.0,11.0,17
PIA,McLaren,50.0,0 days 00:01:20.496000,0 days 00:00:28.056000,0 days 00:00:17.746000,0 days 00:00:34.694000,HARD,12.0,3.0,,,1,4.0,False,2024,Australia,R,80.496,28.056,17.746,34.694,82.031,1.5350000000000108,81.424,-0.9280000000000115,-1.5350000000000108,83.496,83.884,-0.38800000000000523,57.0,0.8771929824561403,19.0,0.631578947368421,144.0,2500.0,0,0,1,0,0,0,1,0.0,0.0,12.0,17
PIA,McLaren,51.0,0 days 00:01:20.718000,0 days 00:00:28.193000,0 days 00:00:18.067000,0 days 00:00:34.458000,HARD,13.0,3.0,,,1,4.0,False,2024,Australia,R,80.718,28.193,18.067,34.458,82.031,1.3130000000000024,81.424,-0.7060000000000031,-1.3130000000000024,83.778,83.884,-0.10599999999999454,57.0,0.8947368421052632,19.0,0.6842105263157895,169.0,2601.0,0,0,1,0,0,0,1,0.0,0.0,13.0,17
PIA,McLaren,52.0,0 days 00:01:20.295000,0 days 00:00:27.980000,0 days 00:00:17.850000,0 days 00:00:34.465000,HARD,14.0,3.0,,,1,4.0,False,2024,Australia,R,80.295,27.98,17.85,34.465,82.031,1.7360000000000042,81.424,-1.1290000000000049,-1.7360000000000042,83.415,83.884,-0.4689999999999941,57.0,0.9122807017543859,19.0,0.7368421052631579,196.0,2704.0,0,0,1,0,0,0,1,0.0,0.0,14.0,17
PIA,McLaren,53.0,0 days 00:01:20.308000,0 days 00:00:27.990000,0 days 00:00:17.841000,0 days 00:00:34.477000,HARD,15.0,3.0,,,1,4.0,False,2024,Australia,R,80.308,27.99,17.841,34.477,82.031,1.722999999999999,81.424,-1.1159999999999997,-1.722999999999999,83.488,83.884,-0.3960000000000008,57.0,0.9298245614035088,19.0,0.7894736842105263,225.0,2809.0,0,0,1,0,0,0,1,0.0,0.0,15.0,17
PIA,McLaren,54.0,0 days 00:01:20.199000,0 days 00:00:27.903000,0 days 00:00:17.756000,0 days 00:00:34.540000,HARD,16.0,3.0,,,1,4.0,False,2024,Australia,R,80.199,27.903,17.756,34.54,82.031,1.8320000000000078,81.424,-1.2250000000000085,-1.8320000000000078,83.439,83.884,-0.4450000000000074,57.0,0.9473684210526315,19.0,0.8421052631578947,256.0,2916.0,0,0,1,0,0,0,1,0.0,0.0,16.0,17
PIA,McLaren,55.0,0 days 00:01:20.754000,0 days 00:00:28.154000,0 days 00:00:17.949000,0 days 00:00:34.651000,HARD,17.0,3.0,,,1,4.0,False,2024,Australia,R,80.754,28.154,17.949,34.651,82.031,1.277000000000001,81.424,-0.6700000000000017,-1.277000000000001,84.054,83.884,0.1700000000000017,57.0,0.9649122807017544,19.0,0.8947368421052632,289.0,3025.0,0,0,1,0,0,0,1,0.0,0.0,17.0,17
PIA,McLaren,56.0,0 days 00:01:20.357000,0 days 00:00:27.947000,0 days 00:00:17.927000,0 days 00:00:34.483000,HARD,18.0,3.0,,,1,4.0,False,2024,Australia,R,80.357,27.947,17.927,34.483,82.031,1.6740000000000066,81.424,-1.0670000000000073,-1.6740000000000066,83.717,83.884,-0.1670000000000016,57.0,0.9824561403508771,19.0,0.9473684210526315,324.0,3136.0,0,0,1,0,0,0,1,0.0,0.0,18.0,17
PIA,McLaren,57.0,0 days 00:01:25.255000,0 days 00:00:28.222000,0 days 00:00:18.192000,0 days 00:00:38.841000,HARD,19.0,3.0,,,126,4.0,False,2024,Australia,R,85.255,28.222,18.192,38.841,82.031,3.2239999999999895,81.424,3.830999999999989,3.2239999999999895,88.675,83.884,4.790999999999997,57.0,1.0,19.0,1.0,361.0,3249.0,0,0,1,0,0,0,1,0.0,0.0,19.0,17
RIC,RB,2.0,0 days 00:01:24.826000,0 days 00:00:29.987000,0 days 00:00:18.107000,0 days 00:00:36.732000,SOFT,2.0,1.0,,,1,18.0,False,2024,Australia,R,84.826,29.987,18.107,36.732,83.058,1.7679999999999865,84.826,0.0,1.7679999999999865,84.946,84.946,0.0,57.0,0.03508771929824561,4.0,0.5,4.0,4.0,1,0,0,1,1,0,0,2.0,0.0,0.0,3
RIC,RB,3.0,0 days 00:01:23.840000,0 days 00:00:29.486000,0 days 00:00:18.113000,0 days 00:00:36.241000,SOFT,3.0,1.0,,,1,18.0,False,2024,Australia,R,83.84,29.486,18.113,36.241,83.058,0.7819999999999965,84.826,-0.98599999999999,0.7819999999999965,84.02000000000001,84.946,-0.9259999999999877,57.0,0.05263157894736842,4.0,0.75,9.0,9.0,1,0,0,1,1,0,0,3.0,0.0,0.0,3
RIC,RB,4.0,0 days 00:01:24.095000,0 days 00:00:29.291000,0 days 00:00:18.222000,0 days 00:00:36.582000,SOFT,4.0,1.0,,,1,17.0,False,2024,Australia,R,84.095,29.291,18.222,36.582,83.058,1.036999999999992,84.826,-0.7309999999999945,1.036999999999992,84.335,84.946,-0.6110000000000042,57.0,0.07017543859649122,4.0,1.0,16.0,16.0,1,0,0,1,1,0,0,4.0,0.0,0.0,3
RIC,RB,7.0,0 days 00:01:24.040000,0 days 00:00:29.836000,0 days 00:00:18.238000,0 days 00:00:35.966000,HARD,2.0,2.0,,,1,17.0,False,2024,Australia,R,84.04,29.836,18.238,35.966,83.058,0.9819999999999993,84.04,0.0,0.9819999999999993,84.46000000000001,84.46000000000001,0.0,57.0,0.12280701754385964,23.0,0.08695652173913043,4.0,49.0,0,1,0,1,0,0,1,0.0,0.0,2.0,21
RIC,RB,8.0,0 days 00:01:23.608000,0 days 00:00:29.153000,0 days 00:00:18.481000,0 days 00:00:35.974000,HARD,3.0,2.0,,,1,16.0,False,2024,Australia,R,83.608,29.153,18.481,35.974,83.058,0.5499999999999972,84.04,-0.43200000000000216,0.5499999999999972,84.08800000000001,84.46000000000001,-0.3719999999999999,57.0,0.14035087719298245,23.0,0.13043478260869565,9.0,64.0,0,1,0,1,0,0,1,0.0,0.0,3.0,21
RIC,RB,9.0,0 days 00:01:23.491000,0 days 00:00:29.023000,0 days 00:00:18.506000,0 days 00:00:35.962000,HARD,4.0,2.0,,,1,16.0,False,2024,Australia,R,83.491,29.023,18.506,35.962,83.058,0.4329999999999927,84.04,-0.5490000000000066,0.4329999999999927,84.031,84.46000000000001,-0.42900000000000205,57.0,0.15789473684210525,23.0,0.17391304347826086,16.0,81.0,0,1,0,1,0,0,1,0.0,0.0,4.0,21
RIC,RB,10.0,0 days 00:01:23.245000,0 days 00:00:29.012000,0 days 00:00:18.394000,0 days 00:00:35.839000,HARD,5.0,2.0,,,1,16.0,False,2024,Australia,R,83.245,29.012,18.394,35.839,83.058,0.1869999999999976,84.04,-0.7950000000000017,0.1869999999999976,83.845,84.46000000000001,-0.6150000000000091,57.0,0.17543859649122806,23.0,0.21739130434782608,25.0,100.0,0,1,0,1,0,0,1,0.0,0.0,5.0,21
RIC,RB,11.0,0 days 00:01:23.083000,0 days 00:00:28.925000,0 days 00:00:18.291000,0 days 00:00:35.867000,HARD,6.0,2.0,,,1,16.0,False,2024,Australia,R,83.083,28.925,18.291,35.867,83.058,0.024999999999991473,84.04,-0.9570000000000078,0.024999999999991473,83.743,84.46000000000001,-0.717000000000013,57.0,0.19298245614035087,23.0,0.2608695652173913,36.0,121.0,0,1,0,1,0,0,1,0.0,0.0,6.0,21
RIC,RB,12.0,0 days 00:01:23.058000,0 days 00:00:28.940000,0 days 00:00:18.339000,0 days 00:00:35.779000,HARD,7.0,2.0,,,1,16.0,False,2024,Australia,R,83.058,28.94,18.339,35.779,83.058,0.0,84.04,-0.9819999999999993,0.0,83.778,84.46000000000001,-0.6820000000000022,57.0,0.21052631578947367,23.0,0.30434782608695654,49.0,144.0,0,1,0,1,0,0,1,0.0,0.0,7.0,21
RIC,RB,13.0,0 days 00:01:22.904000,0 days 00:00:28.856000,0 days 00:00:18.242000,0 days 00:00:35.806000,HARD,8.0,2.0,,,1,16.0,False,2024,Australia,R,82.904,28.856,18.242,35.806,83.058,0.15400000000001057,84.04,-1.13600000000001,-0.15400000000001057,83.684,84.46000000000001,-0.7760000000000105,57.0,0.22807017543859648,23.0,0.34782608695652173,64.0,169.0,0,1,0,1,0,0,1,0.0,0.0,8.0,21
RIC,RB,14.0,0 days 00:01:22.877000,0 days 00:00:28.865000,0 days 00:00:18.292000,0 days 00:00:35.720000,HARD,9.0,2.0,,,1,16.0,False,2024,Australia,R,82.877,28.865,18.292,35.72,83.058,0.1810000000000116,84.04,-1.163000000000011,-0.1810000000000116,83.717,84.46000000000001,-0.7430000000000092,57.0,0.24561403508771928,23.0,0.391304347826087,81.0,196.0,0,1,0,1,0,0,1,0.0,0.0,9.0,21
RIC,RB,15.0,0 days 00:01:22.830000,0 days 00:00:28.787000,0 days 00:00:18.216000,0 days 00:00:35.827000,HARD,10.0,2.0,,,1,16.0,False,2024,Australia,R,82.83,28.787,18.216,35.827,83.058,0.22800000000000864,84.04,-1.210000000000008,-0.22800000000000864,83.73,84.46000000000001,-0.730000000000004,57.0,0.2631578947368421,23.0,0.43478260869565216,100.0,225.0,0,1,0,1,0,0,1,0.0,0.0,10.0,21
RIC,RB,16.0,0 days 00:01:23.143000,0 days 00:00:28.844000,0 days 00:00:18.294000,0 days 00:00:36.005000,HARD,11.0,2.0,,,1,14.0,False,2024,Australia,R,83.143,28.844,18.294,36.005,83.058,0.08499999999999375,84.04,-0.8970000000000056,0.08499999999999375,84.103,84.46000000000001,-0.35700000000001353,57.0,0.2807017543859649,23.0,0.4782608695652174,121.0,256.0,0,1,0,1,0,0,1,0.0,0.0,11.0,21
RIC,RB,18.0,0 days 00:01:25.117000,0 days 00:00:31.019000,0 days 00:00:18.099000,0 days 00:00:35.999000,HARD,13.0,2.0,,,1,13.0,False,2024,Australia,R,85.117,31.019,18.099,35.999,83.058,2.0589999999999975,84.04,1.0769999999999982,2.0589999999999975,86.197,84.46000000000001,1.7369999999999948,57.0,0.3157894736842105,23.0,0.5652173913043478,169.0,324.0,0,1,0,1,0,0,1,0.0,0.0,13.0,21
RIC,RB,19.0,0 days 00:01:23.024000,0 days 00:00:28.660000,0 days 00:00:18.170000,0 days 00:00:36.194000,HARD,14.0,2.0,,,1,13.0,False,2024,Australia,R,83.024,28.66,18.17,36.194,83.058,0.034000000000006025,84.04,-1.0160000000000053,-0.034000000000006025,84.164,84.46000000000001,-0.2960000000000065,57.0,0.3333333333333333,23.0,0.6086956521739131,196.0,361.0,0,1,0,0,0,0,1,0.0,0.0,14.0,21
RIC,RB,20.0,0 days 00:01:23.127000,0 days 00:00:28.883000,0 days 00:00:18.286000,0 days 00:00:35.958000,HARD,15.0,2.0,,,1,13.0,False,2024,Australia,R,83.127,28.883,18.286,35.958,83.058,0.0689999999999884,84.04,-0.9130000000000109,0.0689999999999884,84.327,84.46000000000001,-0.13300000000000978,57.0,0.3508771929824561,23.0,0.6521739130434783,225.0,400.0,0,1,0,0,0,0,1,0.0,0.0,15.0,21
RIC,RB,21.0,0 days 00:01:23.187000,0 days 00:00:28.875000,0 days 00:00:18.320000,0 days 00:00:35.992000,HARD,16.0,2.0,,,1,13.0,False,2024,Australia,R,83.187,28.875,18.32,35.992,83.058,0.12899999999999068,84.04,-0.8530000000000086,0.12899999999999068,84.447,84.46000000000001,-0.01300000000000523,57.0,0.3684210526315789,23.0,0.6956521739130435,256.0,441.0,0,1,0,0,0,0,1,0.0,0.0,16.0,21
RIC,RB,22.0,0 days 00:01:23.105000,0 days 00:00:28.810000,0 days 00:00:18.282000,0 days 00:00:36.013000,HARD,17.0,2.0,,,1,13.0,False,2024,Australia,R,83.105,28.81,18.282,36.013,83.058,0.046999999999997044,84.04,-0.9350000000000023,0.046999999999997044,84.425,84.46000000000001,-0.0350000000000108,57.0,0.38596491228070173,23.0,0.7391304347826086,289.0,484.0,0,1,0,0,0,0,1,0.0,0.0,17.0,21
RIC,RB,23.0,0 days 00:01:23.012000,0 days 00:00:28.748000,0 days 00:00:18.232000,0 days 00:00:36.032000,HARD,18.0,2.0,,,1,13.0,False,2024,Australia,R,83.012,28.748,18.232,36.032,83.058,0.04600000000000648,84.04,-1.0280000000000058,-0.04600000000000648,84.392,84.46000000000001,-0.06800000000001205,57.0,0.40350877192982454,23.0,0.782608695652174,324.0,529.0,0,1,0,0,0,0,1,0.0,0.0,18.0,21
RIC,RB,24.0,0 days 00:01:23.292000,0 days 00:00:28.906000,0 days 00:00:18.214000,0 days 00:00:36.172000,HARD,19.0,2.0,,,1,13.0,False,2024,Australia,R,83.292,28.906,18.214,36.172,83.058,0.23399999999999466,84.04,-0.7480000000000047,0.23399999999999466,84.732,84.46000000000001,0.27199999999999136,57.0,0.42105263157894735,23.0,0.8260869565217391,361.0,576.0,0,1,0,0,0,0,1,0.0,0.0,19.0,21
RIC,RB,25.0,0 days 00:01:23.547000,0 days 00:00:28.966000,0 days 00:00:18.389000,0 days 00:00:36.192000,HARD,20.0,2.0,,,1,13.0,False,2024,Australia,R,83.547,28.966,18.389,36.192,83.058,0.4889999999999901,84.04,-0.4930000000000092,0.4889999999999901,85.047,84.46000000000001,0.5869999999999891,57.0,0.43859649122807015,23.0,0.8695652173913043,400.0,625.0,0,1,0,0,0,0,1,0.0,0.0,20.0,21
RIC,RB,26.0,0 days 00:01:23.357000,0 days 00:00:28.941000,0 days 00:00:18.374000,0 days 00:00:36.042000,HARD,21.0,2.0,,,1,13.0,False,2024,Australia,R,83.357,28.941,18.374,36.042,83.058,0.2989999999999924,84.04,-0.6830000000000069,0.2989999999999924,84.917,84.46000000000001,0.45699999999999363,57.0,0.45614035087719296,23.0,0.9130434782608695,441.0,676.0,0,1,0,0,0,0,1,0.0,0.0,21.0,21
RIC,RB,27.0,0 days 00:01:23.885000,0 days 00:00:29.084000,0 days 00:00:18.357000,0 days 00:00:36.444000,HARD,22.0,2.0,,,1,12.0,False,2024,Australia,R,83.885,29.084,18.357,36.444,83.058,0.8269999999999982,84.04,-0.15500000000000114,0.8269999999999982,85.50500000000001,84.46000000000001,1.0450000000000017,57.0,0.47368421052631576,23.0,0.9565217391304348,484.0,729.0,0,1,0,0,0,0,1,0.0,0.0,22.0,21
RIC,RB,28.0,0 days 00:01:23.863000,0 days 00:00:29.169000,0 days 00:00:18.421000,0 days 00:00:36.273000,HARD,23.0,2.0,,,1,12.0,False,2024,Australia,R,83.863,29.169,18.421,36.273,83.058,0.8049999999999926,84.04,-0.1770000000000067,0.8049999999999926,85.543,84.46000000000001,1.0829999999999984,57.0,0.49122807017543857,23.0,1.0,529.0,784.0,0,1,0,0,0,0,1,0.0,0.0,23.0,21
RIC,RB,31.0,0 days 00:01:22.938000,0 days 00:00:28.840000,0 days 00:00:18.350000,0 days 00:00:35.748000,HARD,2.0,3.0,,,1,17.0,False,2024,Australia,R,82.938,28.84,18.35,35.748,83.058,0.12000000000000455,82.938,0.0,-0.12000000000000455,84.798,84.798,0.0,57.0,0.543859649122807,27.0,0.07407407407407407,4.0,961.0,0,0,0,0,0,0,1,0.0,0.0,2.0,26
RIC,RB,32.0,0 days 00:01:22.738000,0 days 00:00:28.592000,0 days 00:00:18.387000,0 days 00:00:35.759000,HARD,3.0,3.0,,,1,17.0,False,2024,Australia,R,82.738,28.592,18.387,35.759,83.058,0.3200000000000074,82.938,-0.20000000000000284,-0.3200000000000074,84.658,84.798,-0.14000000000000057,57.0,0.5614035087719298,27.0,0.1111111111111111,9.0,1024.0,0,0,0,0,0,0,1,0.0,0.0,3.0,26
RIC,RB,33.0,0 days 00:01:22.443000,0 days 00:00:28.549000,0 days 00:00:18.246000,0 days 00:00:35.648000,HARD,4.0,3.0,,,1,17.0,False,2024,Australia,R,82.443,28.549,18.246,35.648,83.058,0.6150000000000091,82.938,-0.49500000000000455,-0.6150000000000091,84.423,84.798,-0.375,57.0,0.5789473684210527,27.0,0.14814814814814814,16.0,1089.0,0,0,0,0,0,0,1,0.0,0.0,4.0,26
RIC,RB,34.0,0 days 00:01:22.709000,0 days 00:00:28.674000,0 days 00:00:18.203000,0 days 00:00:35.832000,HARD,5.0,3.0,,,1,17.0,False,2024,Australia,R,82.709,28.674,18.203,35.832,83.058,0.34900000000000375,82.938,-0.2289999999999992,-0.34900000000000375,84.74900000000001,84.798,-0.04899999999999238,57.0,0.5964912280701754,27.0,0.18518518518518517,25.0,1156.0,0,0,0,0,0,0,1,0.0,0.0,5.0,26
RIC,RB,35.0,0 days 00:01:23.490000,0 days 00:00:29.175000,0 days 00:00:17.917000,0 days 00:00:36.398000,HARD,6.0,3.0,,,1,16.0,False,2024,Australia,R,83.49,29.175,17.917,36.398,83.058,0.43199999999998795,82.938,0.5519999999999925,0.43199999999998795,85.58999999999999,84.798,0.7919999999999874,57.0,0.6140350877192983,27.0,0.2222222222222222,36.0,1225.0,0,0,0,0,0,0,1,0.0,0.0,6.0,26
RIC,RB,36.0,0 days 00:01:25.131000,0 days 00:00:30.883000,0 days 00:00:18.289000,0 days 00:00:35.959000,HARD,7.0,3.0,,,1,15.0,False,2024,Australia,R,85.131,30.883,18.289,35.959,83.058,2.0729999999999933,82.938,2.192999999999998,2.0729999999999933,87.291,84.798,2.492999999999995,57.0,0.631578947368421,27.0,0.25925925925925924,49.0,1296.0,0,0,0,0,0,0,1,0.0,0.0,7.0,26
RIC,RB,37.0,0 days 00:01:22.438000,0 days 00:00:28.605000,0 days 00:00:17.895000,0 days 00:00:35.938000,HARD,8.0,3.0,,,1,15.0,False,2024,Australia,R,82.438,28.605,17.895,35.938,83.058,0.6200000000000045,82.938,-0.5,-0.6200000000000045,84.658,84.798,-0.14000000000000057,57.0,0.6491228070175439,27.0,0.2962962962962963,64.0,1369.0,0,0,0,0,0,0,1,0.0,0.0,8.0,26
RIC,RB,38.0,0 days 00:01:22.380000,0 days 00:00:28.792000,0 days 00:00:17.749000,0 days 00:00:35.839000,HARD,9.0,3.0,,,1,14.0,False,2024,Australia,R,82.38,28.792,17.749,35.839,83.058,0.6780000000000115,82.938,-0.5580000000000069,-0.6780000000000115,84.66,84.798,-0.13800000000000523,57.0,0.6666666666666666,27.0,0.3333333333333333,81.0,1444.0,0,0,1,0,0,0,1,0.0,0.0,9.0,26
RIC,RB,39.0,0 days 00:01:22.172000,0 days 00:00:28.698000,0 days 00:00:18.094000,0 days 00:00:35.380000,HARD,10.0,3.0,,,1,14.0,False,2024,Australia,R,82.172,28.698,18.094,35.38,83.058,0.8860000000000099,82.938,-0.7660000000000053,-0.8860000000000099,84.512,84.798,-0.28600000000000136,57.0,0.6842105263157895,27.0,0.37037037037037035,100.0,1521.0,0,0,1,0,0,0,1,0.0,0.0,10.0,26
RIC,RB,40.0,0 days 00:01:21.387000,0 days 00:00:28.280000,0 days 00:00:17.980000,0 days 00:00:35.127000,HARD,11.0,3.0,,,1,14.0,False,2024,Australia,R,81.387,28.28,17.98,35.127,83.058,1.6710000000000065,82.938,-1.551000000000002,-1.6710000000000065,83.787,84.798,-1.0109999999999957,57.0,0.7017543859649122,27.0,0.4074074074074074,121.0,1600.0,0,0,1,0,0,0,1,0.0,0.0,11.0,26
RIC,RB,41.0,0 days 00:01:21.608000,0 days 00:00:28.388000,0 days 00:00:18.093000,0 days 00:00:35.127000,HARD,12.0,3.0,,,1,13.0,False,2024,Australia,R,81.608,28.388,18.093,35.127,83.058,1.4500000000000028,82.938,-1.3299999999999983,-1.4500000000000028,84.068,84.798,-0.730000000000004,57.0,0.7192982456140351,27.0,0.4444444444444444,144.0,1681.0,0,0,1,0,0,0,1,0.0,0.0,12.0,26
RIC,RB,42.0,0 days 00:01:21.888000,0 days 00:00:28.421000,0 days 00:00:18.093000,0 days 00:00:35.374000,HARD,13.0,3.0,,,1,13.0,False,2024,Australia,R,81.888,28.421,18.093,35.374,83.058,1.1700000000000017,82.938,-1.0499999999999972,-1.1700000000000017,84.408,84.798,-0.39000000000000057,57.0,0.7368421052631579,27.0,0.48148148148148145,169.0,1764.0,0,0,1,0,0,0,1,0.0,0.0,13.0,26
RIC,RB,43.0,0 days 00:01:21.648000,0 days 00:00:28.395000,0 days 00:00:18.129000,0 days 00:00:35.124000,HARD,14.0,3.0,,,1,13.0,False,2024,Australia,R,81.648,28.395,18.129,35.124,83.058,1.4100000000000108,82.938,-1.2900000000000063,-1.4100000000000108,84.228,84.798,-0.5700000000000074,57.0,0.7543859649122807,27.0,0.5185185185185185,196.0,1849.0,0,0,1,0,0,0,1,0.0,0.0,14.0,26
RIC,RB,44.0,0 days 00:01:21.313000,0 days 00:00:28.202000,0 days 00:00:18.024000,0 days 00:00:35.087000,HARD,15.0,3.0,,,1,13.0,False,2024,Australia,R,81.313,28.202,18.024,35.087,83.058,1.7450000000000045,82.938,-1.625,-1.7450000000000045,83.953,84.798,-0.8449999999999989,57.0,0.7719298245614035,27.0,0.5555555555555556,225.0,1936.0,0,0,1,0,0,0,1,0.0,0.0,15.0,26
RIC,RB,45.0,0 days 00:01:21.330000,0 days 00:00:28.362000,0 days 00:00:18.034000,0 days 00:00:34.934000,HARD,16.0,3.0,,,1,13.0,False,2024,Australia,R,81.33,28.362,18.034,34.934,83.058,1.7280000000000086,82.938,-1.608000000000004,-1.7280000000000086,84.03,84.798,-0.7680000000000007,57.0,0.7894736842105263,27.0,0.5925925925925926,256.0,2025.0,0,0,1,0,0,0,1,0.0,0.0,16.0,26
RIC,RB,46.0,0 days 00:01:21.239000,0 days 00:00:28.318000,0 days 00:00:18.046000,0 days 00:00:34.875000,HARD,17.0,3.0,,,1,13.0,False,2024,Australia,R,81.239,28.318,18.046,34.875,83.058,1.8190000000000026,82.938,-1.698999999999998,-1.8190000000000026,83.99900000000001,84.798,-0.7989999999999924,57.0,0.8070175438596491,27.0,0.6296296296296297,289.0,2116.0,0,0,1,0,0,0,1,0.0,0.0,17.0,26
RIC,RB,47.0,0 days 00:01:21.300000,0 days 00:00:28.350000,0 days 00:00:18.044000,0 days 00:00:34.906000,HARD,18.0,3.0,,,1,13.0,False,2024,Australia,R,81.3,28.35,18.044,34.906,83.058,1.7580000000000098,82.938,-1.6380000000000052,-1.7580000000000098,84.11999999999999,84.798,-0.6780000000000115,57.0,0.8245614035087719,27.0,0.6666666666666666,324.0,2209.0,0,0,1,0,0,0,1,0.0,0.0,18.0,26
RIC,RB,48.0,0 days 00:01:21.492000,0 days 00:00:28.441000,0 days 00:00:18.008000,0 days 00:00:35.043000,HARD,19.0,3.0,,,1,13.0,False,2024,Australia,R,81.492,28.441,18.008,35.043,83.058,1.5660000000000025,82.938,-1.445999999999998,-1.5660000000000025,84.372,84.798,-0.42600000000000193,57.0,0.8421052631578947,27.0,0.7037037037037037,361.0,2304.0,0,0,1,0,0,0,1,0.0,0.0,19.0,26
RIC,RB,49.0,0 days 00:01:21.606000,0 days 00:00:28.441000,0 days 00:00:18.039000,0 days 00:00:35.126000,HARD,20.0,3.0,,,1,13.0,False,2024,Australia,R,81.606,28.441,18.039,35.126,83.058,1.4520000000000124,82.938,-1.3320000000000078,-1.4520000000000124,84.54599999999999,84.798,-0.25200000000000955,57.0,0.8596491228070176,27.0,0.7407407407407407,400.0,2401.0,0,0,1,0,0,0,1,0.0,0.0,20.0,26
RIC,RB,50.0,0 days 00:01:21.782000,0 days 00:00:28.525000,0 days 00:00:18.038000,0 days 00:00:35.219000,HARD,21.0,3.0,,,1,13.0,False,2024,Australia,R,81.782,28.525,18.038,35.219,83.058,1.2760000000000105,82.938,-1.156000000000006,-1.2760000000000105,84.782,84.798,-0.016000000000005343,57.0,0.8771929824561403,27.0,0.7777777777777778,441.0,2500.0,0,0,1,0,0,0,1,0.0,0.0,21.0,26
RIC,RB,51.0,0 days 00:01:21.769000,0 days 00:00:28.534000,0 days 00:00:18.066000,0 days 00:00:35.169000,HARD,22.0,3.0,,,1,13.0,False,2024,Australia,R,81.769,28.534,18.066,35.169,83.058,1.2890000000000015,82.938,-1.168999999999997,-1.2890000000000015,84.82900000000001,84.798,0.03100000000000591,57.0,0.8947368421052632,27.0,0.8148148148148148,484.0,2601.0,0,0,1,0,0,0,1,0.0,0.0,22.0,26
RIC,RB,52.0,0 days 00:01:21.884000,0 days 00:00:28.406000,0 days 00:00:18.086000,0 days 00:00:35.392000,HARD,23.0,3.0,,,1,13.0,False,2024,Australia,R,81.884,28.406,18.086,35.392,83.058,1.1740000000000066,82.938,-1.054000000000002,-1.1740000000000066,85.004,84.798,0.20600000000000307,57.0,0.9122807017543859,27.0,0.8518518518518519,529.0,2704.0,0,0,1,0,0,0,1,0.0,0.0,23.0,26
RIC,RB,53.0,0 days 00:01:24.232000,0 days 00:00:28.574000,0 days 00:00:18.108000,0 days 00:00:37.550000,HARD,24.0,3.0,,,1,13.0,False,2024,Australia,R,84.232,28.574,18.108,37.55,83.058,1.1739999999999924,82.938,1.293999999999997,1.1739999999999924,87.412,84.798,2.6140000000000043,57.0,0.9298245614035088,27.0,0.8888888888888888,576.0,2809.0,0,0,1,0,0,0,1,0.0,0.0,24.0,26
RIC,RB,54.0,0 days 00:01:22.568000,0 days 00:00:28.907000,0 days 00:00:18.176000,0 days 00:00:35.485000,HARD,25.0,3.0,,,1,13.0,False,2024,Australia,R,82.568,28.907,18.176,35.485,83.058,0.4900000000000091,82.938,-0.37000000000000455,-0.4900000000000091,85.80799999999999,84.798,1.009999999999991,57.0,0.9473684210526315,27.0,0.9259259259259259,625.0,2916.0,0,0,1,0,0,0,1,0.0,0.0,25.0,26
RIC,RB,55.0,0 days 00:01:23.611000,0 days 00:00:28.647000,0 days 00:00:18.849000,0 days 00:00:36.115000,HARD,26.0,3.0,,,1,13.0,False,2024,Australia,R,83.611,28.647,18.849,36.115,83.058,0.5529999999999973,82.938,0.6730000000000018,0.5529999999999973,86.911,84.798,2.1129999999999995,57.0,0.9649122807017544,27.0,0.9629629629629629,676.0,3025.0,0,0,1,0,0,0,1,0.0,0.0,26.0,26
RIC,RB,56.0,0 days 00:01:23.839000,0 days 00:00:30.316000,0 days 00:00:18.061000,0 days 00:00:35.462000,HARD,27.0,3.0,,,12,13.0,False,2024,Australia,R,83.839,30.316,18.061,35.462,83.058,0.7809999999999917,82.938,0.9009999999999962,0.7809999999999917,87.199,84.798,2.4009999999999962,57.0,0.9824561403508771,27.0,1.0,729.0,3136.0,0,0,1,0,0,0,1,0.0,0.0,27.0,26
RUS,Mercedes,2.0,0 days 00:01:23.347000,0 days 00:00:29.070000,0 days 00:00:18.099000,0 days 00:00:36.178000,MEDIUM,2.0,1.0,,,1,6.0,False,2024,Australia,R,83.347,29.07,18.099,36.178,82.663,0.6839999999999975,83.347,0.0,0.6839999999999975,83.467,83.467,0.0,57.0,0.03508771929824561,7.0,0.2857142857142857,4.0,4.0,1,0,0,1,0,1,0,0.0,2.0,0.0,6
RUS,Mercedes,3.0,0 days 00:01:23.037000,0 days 00:00:28.745000,0 days 00:00:18.137000,0 days 00:00:36.155000,MEDIUM,3.0,1.0,,,1,6.0,False,2024,Australia,R,83.037,28.745,18.137,36.155,82.663,0.37400000000000944,83.347,-0.30999999999998806,0.37400000000000944,83.21700000000001,83.467,-0.2499999999999858,57.0,0.05263157894736842,7.0,0.42857142857142855,9.0,9.0,1,0,0,1,0,1,0,0.0,3.0,0.0,6
RUS,Mercedes,4.0,0 days 00:01:23.571000,0 days 00:00:28.894000,0 days 00:00:18.318000,0 days 00:00:36.359000,MEDIUM,4.0,1.0,,,1,5.0,False,2024,Australia,R,83.571,28.894,18.318,36.359,82.663,0.9080000000000013,83.347,0.22400000000000375,0.9080000000000013,83.81099999999999,83.467,0.3439999999999941,57.0,0.07017543859649122,7.0,0.5714285714285714,16.0,16.0,1,0,0,1,0,1,0,0.0,4.0,0.0,6
RUS,Mercedes,5.0,0 days 00:01:23.172000,0 days 00:00:28.763000,0 days 00:00:18.297000,0 days 00:00:36.112000,MEDIUM,5.0,1.0,,,1,5.0,False,2024,Australia,R,83.172,28.763,18.297,36.112,82.663,0.5090000000000003,83.347,-0.17499999999999716,0.5090000000000003,83.472,83.467,0.0049999999999954525,57.0,0.08771929824561403,7.0,0.7142857142857143,25.0,25.0,1,0,0,1,0,1,0,0.0,5.0,0.0,6
RUS,Mercedes,6.0,0 days 00:01:23.119000,0 days 00:00:28.725000,0 days 00:00:18.354000,0 days 00:00:36.040000,MEDIUM,6.0,1.0,,,1,5.0,False,2024,Australia,R,83.119,28.725,18.354,36.04,82.663,0.45600000000000307,83.347,-0.22799999999999443,0.45600000000000307,83.479,83.467,0.012000000000000455,57.0,0.10526315789473684,7.0,0.8571428571428571,36.0,36.0,1,0,0,1,0,1,0,0.0,6.0,0.0,6
RUS,Mercedes,7.0,0 days 00:01:22.764000,0 days 00:00:28.797000,0 days 00:00:18.279000,0 days 00:00:35.688000,MEDIUM,7.0,1.0,,,1,5.0,False,2024,Australia,R,82.764,28.797,18.279,35.688,82.663,0.10099999999999909,83.347,-0.5829999999999984,0.10099999999999909,83.184,83.467,-0.28300000000000125,57.0,0.12280701754385964,7.0,1.0,49.0,49.0,1,0,0,1,0,1,0,0.0,7.0,0.0,6
RUS,Mercedes,10.0,0 days 00:01:22.737000,0 days 00:00:28.814000,0 days 00:00:18.308000,0 days 00:00:35.615000,HARD,2.0,2.0,,,1,9.0,False,2024,Australia,R,82.737,28.814,18.308,35.615,82.663,0.07399999999999807,82.737,0.0,0.07399999999999807,83.33699999999999,83.33699999999999,0.0,57.0,0.17543859649122806,36.0,0.05555555555555555,4.0,100.0,0,1,0,1,0,0,1,0.0,0.0,2.0,34
RUS,Mercedes,11.0,0 days 00:01:22.716000,0 days 00:00:28.731000,0 days 00:00:18.303000,0 days 00:00:35.682000,HARD,3.0,2.0,,,1,9.0,False,2024,Australia,R,82.716,28.731,18.303,35.682,82.663,0.05299999999999727,82.737,-0.021000000000000796,0.05299999999999727,83.37599999999999,83.33699999999999,0.03900000000000148,57.0,0.19298245614035087,36.0,0.08333333333333333,9.0,121.0,0,1,0,1,0,0,1,0.0,0.0,3.0,34
RUS,Mercedes,12.0,0 days 00:01:23.022000,0 days 00:00:28.851000,0 days 00:00:18.243000,0 days 00:00:35.928000,HARD,4.0,2.0,,,1,9.0,False,2024,Australia,R,83.022,28.851,18.243,35.928,82.663,0.35900000000000887,82.737,0.2850000000000108,0.35900000000000887,83.742,83.33699999999999,0.40500000000001535,57.0,0.21052631578947367,36.0,0.1111111111111111,16.0,144.0,0,1,0,1,0,0,1,0.0,0.0,4.0,34
RUS,Mercedes,13.0,0 days 00:01:23.438000,0 days 00:00:28.946000,0 days 00:00:18.222000,0 days 00:00:36.270000,HARD,5.0,2.0,,,1,9.0,False,2024,Australia,R,83.438,28.946,18.222,36.27,82.663,0.7750000000000057,82.737,0.7010000000000076,0.7750000000000057,84.218,83.33699999999999,0.8810000000000144,57.0,0.22807017543859648,36.0,0.1388888888888889,25.0,169.0,0,1,0,1,0,0,1,0.0,0.0,5.0,34
RUS,Mercedes,14.0,0 days 00:01:23.390000,0 days 00:00:29.168000,0 days 00:00:17.923000,0 days 00:00:36.299000,HARD,6.0,2.0,,,1,9.0,False,2024,Australia,R,83.39,29.168,17.923,36.299,82.663,0.7270000000000039,82.737,0.6530000000000058,0.7270000000000039,84.23,83.33699999999999,0.8930000000000149,57.0,0.24561403508771928,36.0,0.16666666666666666,36.0,196.0,0,1,0,1,0,0,1,0.0,0.0,6.0,34
RUS,Mercedes,15.0,0 days 00:01:24.086000,0 days 00:00:29.392000,0 days 00:00:18.140000,0 days 00:00:36.554000,HARD,7.0,2.0,,,1,8.0,False,2024,Australia,R,84.086,29.392,18.14,36.554,82.663,1.4230000000000018,82.737,1.3490000000000038,1.4230000000000018,84.986,83.33699999999999,1.6490000000000151,57.0,0.2631578947368421,36.0,0.19444444444444445,49.0,225.0,0,1,0,1,0,0,1,0.0,0.0,7.0,34
RUS,Mercedes,16.0,0 days 00:01:23.366000,0 days 00:00:28.959000,0 days 00:00:17.999000,0 days 00:00:36.408000,HARD,8.0,2.0,,,1,7.0,False,2024,Australia,R,83.366,28.959,17.999,36.408,82.663,0.703000000000003,82.737,0.6290000000000049,0.703000000000003,84.326,83.33699999999999,0.9890000000000043,57.0,0.2807017543859649,36.0,0.2222222222222222,64.0,256.0,0,1,0,1,0,0,1,0.0,0.0,8.0,34
RUS,Mercedes,18.0,0 days 00:01:27.166000,0 days 00:00:33.098000,0 days 00:00:18.270000,0 days 00:00:35.798000,HARD,10.0,2.0,,,71,6.0,False,2024,Australia,R,87.166,33.098,18.27,35.798,82.663,4.503,82.737,4.429000000000002,4.503,88.246,83.33699999999999,4.909000000000006,57.0,0.3157894736842105,36.0,0.2777777777777778,100.0,324.0,0,1,0,1,0,0,1,0.0,0.0,10.0,34
RUS,Mercedes,19.0,0 days 00:01:22.400000,0 days 00:00:28.473000,0 days 00:00:18.213000,0 days 00:00:35.714000,HARD,11.0,2.0,,,1,6.0,False,2024,Australia,R,82.4,28.473,18.213,35.714,82.663,0.262999999999991,82.737,-0.3369999999999891,-0.262999999999991,83.54,83.33699999999999,0.20300000000001717,57.0,0.3333333333333333,36.0,0.3055555555555556,121.0,361.0,0,1,0,0,0,0,1,0.0,0.0,11.0,34
RUS,Mercedes,20.0,0 days 00:01:22.434000,0 days 00:00:28.564000,0 days 00:00:18.253000,0 days 00:00:35.617000,HARD,12.0,2.0,,,1,6.0,False,2024,Australia,R,82.434,28.564,18.253,35.617,82.663,0.2289999999999992,82.737,-0.30299999999999727,-0.2289999999999992,83.634,83.33699999999999,0.29700000000001125,57.0,0.3508771929824561,36.0,0.3333333333333333,144.0,400.0,0,1,0,0,0,0,1,0.0,0.0,12.0,34
RUS,Mercedes,21.0,0 days 00:01:23.429000,0 days 00:00:28.421000,0 days 00:00:18.160000,0 days 00:00:36.848000,HARD,13.0,2.0,,,1,7.0,False,2024,Australia,R,83.429,28.421,18.16,36.848,82.663,0.7660000000000053,82.737,0.6920000000000073,0.7660000000000053,84.68900000000001,83.33699999999999,1.352000000000018,57.0,0.3684210526315789,36.0,0.3611111111111111,169.0,441.0,0,1,0,0,0,0,1,0.0,0.0,13.0,34
RUS,Mercedes,22.0,0 days 00:01:22.838000,0 days 00:00:28.819000,0 days 00:00:18.206000,0 days 00:00:35.813000,HARD,14.0,2.0,,,1,7.0,False,2024,Australia,R,82.838,28.819,18.206,35.813,82.663,0.17499999999999716,82.737,0.10099999999999909,0.17499999999999716,84.15799999999999,83.33699999999999,0.820999999999998,57.0,0.38596491228070173,36.0,0.3888888888888889,196.0,484.0,0,1,0,0,0,0,1,0.0,0.0,14.0,34
RUS,Mercedes,23.0,0 days 00:01:23.012000,0 days 00:00:28.852000,0 days 00:00:18.200000,0 days 00:00:35.960000,HARD,15.0,2.0,,,1,7.0,False,2024,Australia,R,83.012,28.852,18.2,35.96,82.663,0.34900000000000375,82.737,0.2750000000000057,0.34900000000000375,84.392,83.33699999999999,1.0550000000000068,57.0,0.40350877192982454,36.0,0.4166666666666667,225.0,529.0,0,1,0,0,0,0,1,0.0,0.0,15.0,34
RUS,Mercedes,24.0,0 days 00:01:22.942000,0 days 00:00:28.776000,0 days 00:00:18.226000,0 days 00:00:35.940000,HARD,16.0,2.0,,,1,7.0,False,2024,Australia,R,82.942,28.776,18.226,35.94,82.663,0.27899999999999636,82.737,0.2049999999999983,0.27899999999999636,84.38199999999999,83.33699999999999,1.0450000000000017,57.0,0.42105263157894735,36.0,0.4444444444444444,256.0,576.0,0,1,0,0,0,0,1,0.0,0.0,16.0,34
RUS,Mercedes,25.0,0 days 00:01:22.703000,0 days 00:00:28.600000,0 days 00:00:18.194000,0 days 00:00:35.909000,HARD,17.0,2.0,,,1,7.0,False,2024,Australia,R,82.703,28.6,18.194,35.909,82.663,0.04000000000000625,82.737,-0.033999999999991815,0.04000000000000625,84.203,83.33699999999999,0.8660000000000139,57.0,0.43859649122807015,36.0,0.4722222222222222,289.0,625.0,0,1,0,0,0,0,1,0.0,0.0,17.0,34
RUS,Mercedes,26.0,0 days 00:01:22.885000,0 days 00:00:28.744000,0 days 00:00:18.305000,0 days 00:00:35.836000,HARD,18.0,2.0,,,1,7.0,False,2024,Australia,R,82.885,28.744,18.305,35.836,82.663,0.2220000000000084,82.737,0.14800000000001035,0.2220000000000084,84.44500000000001,83.33699999999999,1.1080000000000183,57.0,0.45614035087719296,36.0,0.5,324.0,676.0,0,1,0,0,0,0,1,0.0,0.0,18.0,34
RUS,Mercedes,27.0,0 days 00:01:23.138000,0 days 00:00:28.879000,0 days 00:00:18.293000,0 days 00:00:35.966000,HARD,19.0,2.0,,,1,7.0,False,2024,Australia,R,83.138,28.879,18.293,35.966,82.663,0.4750000000000085,82.737,0.40100000000001046,0.4750000000000085,84.75800000000001,83.33699999999999,1.4210000000000207,57.0,0.47368421052631576,36.0,0.5277777777777778,361.0,729.0,0,1,0,0,0,0,1,0.0,0.0,19.0,34
RUS,Mercedes,28.0,0 days 00:01:23.096000,0 days 00:00:28.885000,0 days 00:00:18.342000,0 days 00:00:35.869000,HARD,20.0,2.0,,,1,7.0,False,2024,Australia,R,83.096,28.885,18.342,35.869,82.663,0.43300000000000693,82.737,0.35900000000000887,0.43300000000000693,84.77600000000001,83.33699999999999,1.4390000000000214,57.0,0.49122807017543857,36.0,0.5555555555555556,400.0,784.0,0,1,0,0,0,0,1,0.0,0.0,20.0,34
RUS,Mercedes,29.0,0 days 00:01:22.663000,0 days 00:00:28.822000,0 days 00:00:18.238000,0 days 00:00:35.603000,HARD,21.0,2.0,,,1,7.0,False,2024,Australia,R,82.663,28.822,18.238,35.603,82.663,0.0,82.737,-0.07399999999999807,0.0,84.40299999999999,83.33699999999999,1.0660000000000025,57.0,0.5087719298245614,36.0,0.5833333333333334,441.0,841.0,0,1,0,0,0,0,1,0.0,0.0,21.0,34
RUS,Mercedes,30.0,0 days 00:01:22.663000,0 days 00:00:28.614000,0 days 00:00:18.224000,0 days 00:00:35.825000,HARD,22.0,2.0,,,1,7.0,False,2024,Australia,R,82.663,28.614,18.224,35.825,82.663,0.0,82.737,-0.07399999999999807,0.0,84.463,83.33699999999999,1.1260000000000048,57.0,0.5263157894736842,36.0,0.6111111111111112,484.0,900.0,0,1,0,0,0,0,1,0.0,0.0,22.0,34
RUS,Mercedes,31.0,0 days 00:01:22.515000,0 days 00:00:28.718000,0 days 00:00:18.249000,0 days 00:00:35.548000,HARD,23.0,2.0,,,1,7.0,False,2024,Australia,R,82.515,28.718,18.249,35.548,82.663,0.14799999999999613,82.737,-0.2219999999999942,-0.14799999999999613,84.375,83.33699999999999,1.038000000000011,57.0,0.543859649122807,36.0,0.6388888888888888,529.0,961.0,0,1,0,0,0,0,1,0.0,0.0,23.0,34
RUS,Mercedes,32.0,0 days 00:01:22.710000,0 days 00:00:28.773000,0 days 00:00:18.307000,0 days 00:00:35.630000,HARD,24.0,2.0,,,1,7.0,False,2024,Australia,R,82.71,28.773,18.307,35.63,82.663,0.046999999999997044,82.737,-0.027000000000001023,0.046999999999997044,84.63,83.33699999999999,1.2930000000000064,57.0,0.5614035087719298,36.0,0.6666666666666666,576.0,1024.0,0,1,0,0,0,0,1,0.0,0.0,24.0,34
RUS,Mercedes,33.0,0 days 00:01:22.461000,0 days 00:00:28.591000,0 days 00:00:18.249000,0 days 00:00:35.621000,HARD,25.0,2.0,,,1,7.0,False,2024,Australia,R,82.461,28.591,18.249,35.621,82.663,0.20199999999999818,82.737,-0.27599999999999625,-0.20199999999999818,84.441,83.33699999999999,1.1040000000000134,57.0,0.5789473684210527,36.0,0.6944444444444444,625.0,1089.0,0,1,0,0,0,0,1,0.0,0.0,25.0,34
RUS,Mercedes,34.0,0 days 00:01:22.353000,0 days 00:00:28.601000,0 days 00:00:18.210000,0 days 00:00:35.542000,HARD,26.0,2.0,,,1,7.0,False,2024,Australia,R,82.353,28.601,18.21,35.542,82.663,0.3100000000000023,82.737,-0.38400000000000034,-0.3100000000000023,84.393,83.33699999999999,1.0560000000000116,57.0,0.5964912280701754,36.0,0.7222222222222222,676.0,1156.0,0,1,0,0,0,0,1,0.0,0.0,26.0,34
RUS,Mercedes,35.0,0 days 00:01:22.591000,0 days 00:00:28.764000,0 days 00:00:18.197000,0 days 00:00:35.630000,HARD,27.0,2.0,,,1,6.0,False,2024,Australia,R,82.591,28.764,18.197,35.63,82.663,0.07200000000000273,82.737,-0.1460000000000008,-0.07200000000000273,84.69099999999999,83.33699999999999,1.3539999999999992,57.0,0.6140350877192983,36.0,0.75,729.0,1225.0,0,1,0,0,0,0,1,0.0,0.0,27.0,34
RUS,Mercedes,36.0,0 days 00:01:22.537000,0 days 00:00:28.607000,0 days 00:00:18.165000,0 days 00:00:35.765000,HARD,28.0,2.0,,,1,6.0,False,2024,Australia,R,82.537,28.607,18.165,35.765,82.663,0.12599999999999056,82.737,-0.19999999999998863,-0.12599999999999056,84.697,83.33699999999999,1.3600000000000136,57.0,0.631578947368421,36.0,0.7777777777777778,784.0,1296.0,0,1,0,0,0,0,1,0.0,0.0,28.0,34
RUS,Mercedes,37.0,0 days 00:01:22.408000,0 days 00:00:28.510000,0 days 00:00:18.147000,0 days 00:00:35.751000,HARD,29.0,2.0,,,1,6.0,False,2024,Australia,R,82.408,28.51,18.147,35.751,82.663,0.25499999999999545,82.737,-0.3289999999999935,-0.25499999999999545,84.628,83.33699999999999,1.291000000000011,57.0,0.6491228070175439,36.0,0.8055555555555556,841.0,1369.0,0,1,0,0,0,0,1,0.0,0.0,29.0,34
RUS,Mercedes,38.0,0 days 00:01:22.175000,0 days 00:00:28.493000,0 days 00:00:18.082000,0 days 00:00:35.600000,HARD,30.0,2.0,,,1,6.0,False,2024,Australia,R,82.175,28.493,18.082,35.6,82.663,0.48799999999999955,82.737,-0.5619999999999976,-0.48799999999999955,84.455,83.33699999999999,1.1180000000000092,57.0,0.6666666666666666,36.0,0.8333333333333334,900.0,1444.0,0,1,1,0,0,0,1,0.0,0.0,30.0,34
RUS,Mercedes,39.0,0 days 00:01:22.167000,0 days 00:00:28.472000,0 days 00:00:18.104000,0 days 00:00:35.591000,HARD,31.0,2.0,,,1,6.0,False,2024,Australia,R,82.167,28.472,18.104,35.591,82.663,0.4959999999999951,82.737,-0.5699999999999932,-0.4959999999999951,84.507,83.33699999999999,1.170000000000016,57.0,0.6842105263157895,36.0,0.8611111111111112,961.0,1521.0,0,1,1,0,0,0,1,0.0,0.0,31.0,34
RUS,Mercedes,40.0,0 days 00:01:22.473000,0 days 00:00:28.756000,0 days 00:00:18.009000,0 days 00:00:35.708000,HARD,32.0,2.0,,,1,6.0,False,2024,Australia,R,82.473,28.756,18.009,35.708,82.663,0.18999999999999773,82.737,-0.2639999999999958,-0.18999999999999773,84.873,83.33699999999999,1.5360000000000156,57.0,0.7017543859649122,36.0,0.8888888888888888,1024.0,1600.0,0,1,1,0,0,0,1,0.0,0.0,32.0,34
RUS,Mercedes,41.0,0 days 00:01:22.319000,0 days 00:00:28.561000,0 days 00:00:17.981000,0 days 00:00:35.777000,HARD,33.0,2.0,,,1,5.0,False,2024,Australia,R,82.319,28.561,17.981,35.777,82.663,0.3439999999999941,82.737,-0.41799999999999216,-0.3439999999999941,84.779,83.33699999999999,1.4420000000000073,57.0,0.7192982456140351,36.0,0.9166666666666666,1089.0,1681.0,0,1,1,0,0,0,1,0.0,0.0,33.0,34
RUS,Mercedes,42.0,0 days 00:01:22.257000,0 days 00:00:28.651000,0 days 00:00:18.023000,0 days 00:00:35.583000,HARD,34.0,2.0,,,1,5.0,False,2024,Australia,R,82.257,28.651,18.023,35.583,82.663,0.4059999999999917,82.737,-0.47999999999998977,-0.4059999999999917,84.777,83.33699999999999,1.440000000000012,57.0,0.7368421052631579,36.0,0.9444444444444444,1156.0,1764.0,0,1,1,0,0,0,1,0.0,0.0,34.0,34
RUS,Mercedes,43.0,0 days 00:01:22.111000,0 days 00:00:28.479000,0 days 00:00:18.027000,0 days 00:00:35.605000,HARD,35.0,2.0,,,1,5.0,False,2024,Australia,R,82.111,28.479,18.027,35.605,82.663,0.5519999999999925,82.737,-0.6259999999999906,-0.5519999999999925,84.691,83.33699999999999,1.3540000000000134,57.0,0.7543859649122807,36.0,0.9722222222222222,1225.0,1849.0,0,1,1,0,0,0,1,0.0,0.0,35.0,34
RUS,Mercedes,44.0,0 days 00:01:22.097000,0 days 00:00:28.459000,0 days 00:00:18.060000,0 days 00:00:35.578000,HARD,36.0,2.0,,,1,5.0,False,2024,Australia,R,82.097,28.459,18.06,35.578,82.663,0.5660000000000025,82.737,-0.6400000000000006,-0.5660000000000025,84.737,83.33699999999999,1.4000000000000057,57.0,0.7719298245614035,36.0,1.0,1296.0,1936.0,0,1,1,0,0,0,1,0.0,0.0,36.0,34
RUS,Mercedes,47.0,0 days 00:01:20.326000,0 days 00:00:27.721000,0 days 00:00:17.919000,0 days 00:00:34.686000,HARD,2.0,3.0,,,1,7.0,False,2024,Australia,R,80.326,27.721,17.919,34.686,82.663,2.3370000000000033,80.326,0.0,-2.3370000000000033,83.14599999999999,83.14599999999999,0.0,57.0,0.8245614035087719,11.0,0.18181818181818182,4.0,2209.0,0,0,1,0,0,0,1,0.0,0.0,2.0,10
RUS,Mercedes,48.0,0 days 00:01:20.739000,0 days 00:00:27.983000,0 days 00:00:17.916000,0 days 00:00:34.840000,HARD,3.0,3.0,,,1,7.0,False,2024,Australia,R,80.739,27.983,17.916,34.84,82.663,1.9239999999999924,80.326,0.4130000000000109,-1.9239999999999924,83.619,83.14599999999999,0.4730000000000132,57.0,0.8421052631578947,11.0,0.2727272727272727,9.0,2304.0,0,0,1,0,0,0,1,0.0,0.0,3.0,10
RUS,Mercedes,49.0,0 days 00:01:20.808000,0 days 00:00:27.856000,0 days 00:00:17.993000,0 days 00:00:34.959000,HARD,4.0,3.0,,,1,7.0,False,2024,Australia,R,80.808,27.856,17.993,34.959,82.663,1.8549999999999898,80.326,0.48200000000001353,-1.8549999999999898,83.748,83.14599999999999,0.6020000000000181,57.0,0.8596491228070176,11.0,0.36363636363636365,16.0,2401.0,0,0,1,0,0,0,1,0.0,0.0,4.0,10
RUS,Mercedes,50.0,0 days 00:01:20.982000,0 days 00:00:28.097000,0 days 00:00:17.951000,0 days 00:00:34.934000,HARD,5.0,3.0,,,1,7.0,False,2024,Australia,R,80.982,28.097,17.951,34.934,82.663,1.6809999999999974,80.326,0.6560000000000059,-1.6809999999999974,83.982,83.14599999999999,0.8360000000000127,57.0,0.8771929824561403,11.0,0.45454545454545453,25.0,2500.0,0,0,1,0,0,0,1,0.0,0.0,5.0,10
RUS,Mercedes,51.0,0 days 00:01:20.695000,0 days 00:00:27.913000,0 days 00:00:17.919000,0 days 00:00:34.863000,HARD,6.0,3.0,,,1,7.0,False,2024,Australia,R,80.695,27.913,17.919,34.863,82.663,1.9680000000000035,80.326,0.3689999999999998,-1.9680000000000035,83.755,83.14599999999999,0.6090000000000089,57.0,0.8947368421052632,11.0,0.5454545454545454,36.0,2601.0,0,0,1,0,0,0,1,0.0,0.0,6.0,10
RUS,Mercedes,52.0,0 days 00:01:20.529000,0 days 00:00:27.848000,0 days 00:00:17.927000,0 days 00:00:34.754000,HARD,7.0,3.0,,,1,7.0,False,2024,Australia,R,80.529,27.848,17.927,34.754,82.663,2.1340000000000003,80.326,0.20300000000000296,-2.1340000000000003,83.649,83.14599999999999,0.5030000000000143,57.0,0.9122807017543859,11.0,0.6363636363636364,49.0,2704.0,0,0,1,0,0,0,1,0.0,0.0,7.0,10
RUS,Mercedes,53.0,0 days 00:01:20.284000,0 days 00:00:27.824000,0 days 00:00:17.716000,0 days 00:00:34.744000,HARD,8.0,3.0,,,1,7.0,False,2024,Australia,R,80.284,27.824,17.716,34.744,82.663,2.3789999999999907,80.326,-0.04199999999998738,-2.3789999999999907,83.464,83.14599999999999,0.31800000000001205,57.0,0.9298245614035088,11.0,0.7272727272727273,64.0,2809.0,0,0,1,0,0,0,1,0.0,0.0,8.0,10
RUS,Mercedes,54.0,0 days 00:01:21.194000,0 days 00:00:28.025000,0 days 00:00:17.764000,0 days 00:00:35.405000,HARD,9.0,3.0,,,1,7.0,False,2024,Australia,R,81.194,28.025,17.764,35.405,82.663,1.468999999999994,80.326,0.8680000000000092,-1.468999999999994,84.434,83.14599999999999,1.288000000000011,57.0,0.9473684210526315,11.0,0.8181818181818182,81.0,2916.0,0,0,1,0,0,0,1,0.0,0.0,9.0,10
RUS,Mercedes,55.0,0 days 00:01:20.791000,0 days 00:00:28.079000,0 days 00:00:17.783000,0 days 00:00:34.929000,HARD,10.0,3.0,,,1,7.0,False,2024,Australia,R,80.791,28.079,17.783,34.929,82.663,1.8719999999999999,80.326,0.4650000000000034,-1.8719999999999999,84.091,83.14599999999999,0.9450000000000074,57.0,0.9649122807017544,11.0,0.9090909090909091,100.0,3025.0,0,0,1,0,0,0,1,0.0,0.0,10.0,10
RUS,Mercedes,56.0,0 days 00:01:20.655000,0 days 00:00:27.884000,0 days 00:00:17.610000,0 days 00:00:35.161000,HARD,11.0,3.0,,,1,7.0,False,2024,Australia,R,80.655,27.884,17.61,35.161,82.663,2.0079999999999956,80.326,0.32900000000000773,-2.0079999999999956,84.015,83.14599999999999,0.869000000000014,57.0,0.9824561403508771,11.0,1.0,121.0,3136.0,0,0,1,0,0,0,1,0.0,0.0,11.0,10
SAI,Ferrari,1.0,0 days 00:01:28.375000,,0 days 00:00:18.533000,0 days 00:00:35.573000,MEDIUM,1.0,1.0,,,1,2.0,False,2024,Australia,R,88.375,,18.533,35.573,81.513,6.861999999999995,88.375,0.0,6.861999999999995,88.435,88.435,0.0,57.0,0.017543859649122806,15.0,0.06666666666666667,1.0,1.0,1,0,0,1,0,1,0,0.0,1.0,0.0,15
SAI,Ferrari,2.0,0 days 00:01:22.600000,0 days 00:00:29.006000,0 days 00:00:18.026000,0 days 00:00:35.568000,MEDIUM,2.0,1.0,,,1,1.0,False,2024,Australia,R,82.6,29.006,18.026,35.568,81.513,1.086999999999989,88.375,-5.775000000000006,1.086999999999989,82.72,88.435,-5.715000000000003,57.0,0.03508771929824561,15.0,0.13333333333333333,4.0,4.0,1,0,0,1,0,1,0,0.0,2.0,0.0,15
SAI,Ferrari,3.0,0 days 00:01:23.006000,0 days 00:00:29.002000,0 days 00:00:18.548000,0 days 00:00:35.456000,MEDIUM,3.0,1.0,,,1,1.0,False,2024,Australia,R,83.006,29.002,18.548,35.456,81.513,1.492999999999995,88.375,-5.369,1.492999999999995,83.186,88.435,-5.248999999999995,57.0,0.05263157894736842,15.0,0.2,9.0,9.0,1,0,0,1,0,1,0,0.0,3.0,0.0,15
SAI,Ferrari,4.0,0 days 00:01:22.433000,0 days 00:00:28.643000,0 days 00:00:18.497000,0 days 00:00:35.293000,MEDIUM,4.0,1.0,,,1,1.0,False,2024,Australia,R,82.433,28.643,18.497,35.293,81.513,0.9200000000000017,88.375,-5.941999999999993,0.9200000000000017,82.673,88.435,-5.7620000000000005,57.0,0.07017543859649122,15.0,0.26666666666666666,16.0,16.0,1,0,0,1,0,1,0,0.0,4.0,0.0,15
SAI,Ferrari,5.0,0 days 00:01:22.629000,0 days 00:00:28.705000,0 days 00:00:18.504000,0 days 00:00:35.420000,MEDIUM,5.0,1.0,,,1,1.0,False,2024,Australia,R,82.629,28.705,18.504,35.42,81.513,1.1159999999999997,88.375,-5.745999999999995,1.1159999999999997,82.929,88.435,-5.506,57.0,0.08771929824561403,15.0,0.3333333333333333,25.0,25.0,1,0,0,1,0,1,0,0.0,5.0,0.0,15
SAI,Ferrari,6.0,0 days 00:01:22.572000,0 days 00:00:28.648000,0 days 00:00:18.453000,0 days 00:00:35.471000,MEDIUM,6.0,1.0,,,1,1.0,False,2024,Australia,R,82.572,28.648,18.453,35.471,81.513,1.0589999999999975,88.375,-5.802999999999997,1.0589999999999975,82.932,88.435,-5.503,57.0,0.10526315789473684,15.0,0.4,36.0,36.0,1,0,0,1,0,1,0,0.0,6.0,0.0,15
SAI,Ferrari,7.0,0 days 00:01:22.434000,0 days 00:00:28.670000,0 days 00:00:18.462000,0 days 00:00:35.302000,MEDIUM,7.0,1.0,,,1,1.0,False,2024,Australia,R,82.434,28.67,18.462,35.302,81.513,0.9209999999999923,88.375,-5.9410000000000025,0.9209999999999923,82.854,88.435,-5.581000000000003,57.0,0.12280701754385964,15.0,0.4666666666666667,49.0,49.0,1,0,0,1,0,1,0,0.0,7.0,0.0,15
SAI,Ferrari,8.0,0 days 00:01:22.303000,0 days 00:00:28.562000,0 days 00:00:18.397000,0 days 00:00:35.344000,MEDIUM,8.0,1.0,,,1,1.0,False,2024,Australia,R,82.303,28.562,18.397,35.344,81.513,0.789999999999992,88.375,-6.072000000000003,0.789999999999992,82.783,88.435,-5.652000000000001,57.0,0.14035087719298245,15.0,0.5333333333333333,64.0,64.0,1,0,0,1,0,1,0,0.0,8.0,0.0,15
SAI,Ferrari,9.0,0 days 00:01:22.025000,0 days 00:00:28.594000,0 days 00:00:18.290000,0 days 00:00:35.141000,MEDIUM,9.0,1.0,,,1,1.0,False,2024,Australia,R,82.025,28.594,18.29,35.141,81.513,0.5120000000000005,88.375,-6.349999999999994,0.5120000000000005,82.56500000000001,88.435,-5.86999999999999,57.0,0.15789473684210525,15.0,0.6,81.0,81.0,1,0,0,1,0,1,0,0.0,9.0,0.0,15
SAI,Ferrari,10.0,0 days 00:01:21.715000,0 days 00:00:28.426000,0 days 00:00:18.281000,0 days 00:00:35.008000,MEDIUM,10.0,1.0,,,1,1.0,False,2024,Australia,R,81.715,28.426,18.281,35.008,81.513,0.20199999999999818,88.375,-6.659999999999997,0.20199999999999818,82.315,88.435,-6.1200000000000045,57.0,0.17543859649122806,15.0,0.6666666666666666,100.0,100.0,1,0,0,1,0,1,0,0.0,10.0,0.0,15
SAI,Ferrari,11.0,0 days 00:01:21.938000,0 days 00:00:28.460000,0 days 00:00:18.272000,0 days 00:00:35.206000,MEDIUM,11.0,1.0,,,1,1.0,False,2024,Australia,R,81.938,28.46,18.272,35.206,81.513,0.42499999999999716,88.375,-6.436999999999998,0.42499999999999716,82.598,88.435,-5.837000000000003,57.0,0.19298245614035087,15.0,0.7333333333333333,121.0,121.0,1,0,0,1,0,1,0,0.0,11.0,0.0,15
SAI,Ferrari,12.0,0 days 00:01:22.175000,0 days 00:00:28.592000,0 days 00:00:18.284000,0 days 00:00:35.299000,MEDIUM,12.0,1.0,,,1,1.0,False,2024,Australia,R,82.175,28.592,18.284,35.299,81.513,0.6619999999999919,88.375,-6.200000000000003,0.6619999999999919,82.895,88.435,-5.540000000000006,57.0,0.21052631578947367,15.0,0.8,144.0,144.0,1,0,0,1,0,1,0,0.0,12.0,0.0,15
SAI,Ferrari,13.0,0 days 00:01:22.205000,0 days 00:00:28.595000,0 days 00:00:18.317000,0 days 00:00:35.293000,MEDIUM,13.0,1.0,,,1,1.0,False,2024,Australia,R,82.205,28.595,18.317,35.293,81.513,0.6919999999999931,88.375,-6.170000000000002,0.6919999999999931,82.985,88.435,-5.450000000000003,57.0,0.22807017543859648,15.0,0.8666666666666667,169.0,169.0,1,0,0,1,0,1,0,0.0,13.0,0.0,15
SAI,Ferrari,14.0,0 days 00:01:22.487000,0 days 00:00:28.815000,0 days 00:00:18.261000,0 days 00:00:35.411000,MEDIUM,14.0,1.0,,,1,1.0,False,2024,Australia,R,82.487,28.815,18.261,35.411,81.513,0.9739999999999895,88.375,-5.888000000000005,0.9739999999999895,83.327,88.435,-5.108000000000004,57.0,0.24561403508771928,15.0,0.9333333333333333,196.0,196.0,1,0,0,1,0,1,0,0.0,14.0,0.0,15
SAI,Ferrari,15.0,0 days 00:01:22.620000,0 days 00:00:28.688000,0 days 00:00:18.274000,0 days 00:00:35.658000,MEDIUM,15.0,1.0,,,1,1.0,False,2024,Australia,R,82.62,28.688,18.274,35.658,81.513,1.1069999999999993,88.375,-5.7549999999999955,1.1069999999999993,83.52000000000001,88.435,-4.914999999999992,57.0,0.2631578947368421,15.0,1.0,225.0,225.0,1,0,0,1,0,1,0,0.0,15.0,0.0,15
SAI,Ferrari,19.0,0 days 00:01:21.811000,0 days 00:00:28.284000,0 days 00:00:18.342000,0 days 00:00:35.185000,HARD,3.0,2.0,,,1,1.0,False,2024,Australia,R,81.811,28.284,18.342,35.185,81.513,0.2980000000000018,81.811,0.0,0.2980000000000018,82.95100000000001,82.95100000000001,0.0,57.0,0.3333333333333333,24.0,0.125,9.0,361.0,0,1,0,0,0,0,1,0.0,0.0,3.0,22
SAI,Ferrari,20.0,0 days 00:01:21.602000,0 days 00:00:28.321000,0 days 00:00:18.274000,0 days 00:00:35.007000,HARD,4.0,2.0,,,1,1.0,False,2024,Australia,R,81.602,28.321,18.274,35.007,81.513,0.08899999999999864,81.811,-0.20900000000000318,0.08899999999999864,82.802,82.95100000000001,-0.1490000000000009,57.0,0.3508771929824561,24.0,0.16666666666666666,16.0,400.0,0,1,0,0,0,0,1,0.0,0.0,4.0,22
SAI,Ferrari,21.0,0 days 00:01:21.931000,0 days 00:00:28.376000,0 days 00:00:18.292000,0 days 00:00:35.263000,HARD,5.0,2.0,,,1,1.0,False,2024,Australia,R,81.931,28.376,18.292,35.263,81.513,0.41799999999999216,81.811,0.11999999999999034,0.41799999999999216,83.191,82.95100000000001,0.23999999999999488,57.0,0.3684210526315789,24.0,0.20833333333333334,25.0,441.0,0,1,0,0,0,0,1,0.0,0.0,5.0,22
SAI,Ferrari,22.0,0 days 00:01:21.471000,0 days 00:00:28.277000,0 days 00:00:18.216000,0 days 00:00:34.978000,HARD,6.0,2.0,,,1,1.0,False,2024,Australia,R,81.471,28.277,18.216,34.978,81.513,0.04200000000000159,81.811,-0.3400000000000034,-0.04200000000000159,82.791,82.95100000000001,-0.1600000000000108,57.0,0.38596491228070173,24.0,0.25,36.0,484.0,0,1,0,0,0,0,1,0.0,0.0,6.0,22
SAI,Ferrari,23.0,0 days 00:01:21.531000,0 days 00:00:28.345000,0 days 00:00:18.162000,0 days 00:00:35.024000,HARD,7.0,2.0,,,1,1.0,False,2024,Australia,R,81.531,28.345,18.162,35.024,81.513,0.018000000000000682,81.811,-0.28000000000000114,0.018000000000000682,82.911,82.95100000000001,-0.04000000000000625,57.0,0.40350877192982454,24.0,0.2916666666666667,49.0,529.0,0,1,0,0,0,0,1,0.0,0.0,7.0,22
SAI,Ferrari,24.0,0 days 00:01:21.458000,0 days 00:00:28.329000,0 days 00:00:18.173000,0 days 00:00:34.956000,HARD,8.0,2.0,,,1,1.0,False,2024,Australia,R,81.458,28.329,18.173,34.956,81.513,0.05500000000000682,81.811,-0.35300000000000864,-0.05500000000000682,82.898,82.95100000000001,-0.05300000000001148,57.0,0.42105263157894735,24.0,0.3333333333333333,64.0,576.0,0,1,0,0,0,0,1,0.0,0.0,8.0,22
SAI,Ferrari,25.0,0 days 00:01:21.243000,0 days 00:00:28.229000,0 days 00:00:18.081000,0 days 00:00:34.933000,HARD,9.0,2.0,,,1,1.0,False,2024,Australia,R,81.243,28.229,18.081,34.933,81.513,0.27000000000001023,81.811,-0.568000000000012,-0.27000000000001023,82.743,82.95100000000001,-0.20800000000001262,57.0,0.43859649122807015,24.0,0.375,81.0,625.0,0,1,0,0,0,0,1,0.0,0.0,9.0,22
SAI,Ferrari,26.0,0 days 00:01:21.078000,0 days 00:00:28.144000,0 days 00:00:18.086000,0 days 00:00:34.848000,HARD,10.0,2.0,,,1,1.0,False,2024,Australia,R,81.078,28.144,18.086,34.848,81.513,0.4350000000000023,81.811,-0.7330000000000041,-0.4350000000000023,82.638,82.95100000000001,-0.3130000000000024,57.0,0.45614035087719296,24.0,0.4166666666666667,100.0,676.0,0,1,0,0,0,0,1,0.0,0.0,10.0,22
SAI,Ferrari,27.0,0 days 00:01:21.457000,0 days 00:00:28.388000,0 days 00:00:18.153000,0 days 00:00:34.916000,HARD,11.0,2.0,,,1,1.0,False,2024,Australia,R,81.457,28.388,18.153,34.916,81.513,0.056000000000011596,81.811,-0.3540000000000134,-0.056000000000011596,83.077,82.95100000000001,0.12599999999999056,57.0,0.47368421052631576,24.0,0.4583333333333333,121.0,729.0,0,1,0,0,0,0,1,0.0,0.0,11.0,22
SAI,Ferrari,28.0,0 days 00:01:21.440000,0 days 00:00:28.279000,0 days 00:00:18.153000,0 days 00:00:35.008000,HARD,12.0,2.0,,,1,1.0,False,2024,Australia,R,81.44,28.279,18.153,35.008,81.513,0.0730000000000075,81.811,-0.3710000000000093,-0.0730000000000075,83.12,82.95100000000001,0.16899999999999693,57.0,0.49122807017543857,24.0,0.5,144.0,784.0,0,1,0,0,0,0,1,0.0,0.0,12.0,22
SAI,Ferrari,29.0,0 days 00:01:21.489000,0 days 00:00:28.336000,0 days 00:00:18.131000,0 days 00:00:35.022000,HARD,13.0,2.0,,,1,1.0,False,2024,Australia,R,81.489,28.336,18.131,35.022,81.513,0.02400000000000091,81.811,-0.32200000000000273,-0.02400000000000091,83.229,82.95100000000001,0.2779999999999916,57.0,0.5087719298245614,24.0,0.5416666666666666,169.0,841.0,0,1,0,0,0,0,1,0.0,0.0,13.0,22
SAI,Ferrari,30.0,0 days 00:01:21.623000,0 days 00:00:28.468000,0 days 00:00:18.196000,0 days 00:00:34.959000,HARD,14.0,2.0,,,1,1.0,False,2024,Australia,R,81.623,28.468,18.196,34.959,81.513,0.10999999999999943,81.811,-0.1880000000000024,0.10999999999999943,83.423,82.95100000000001,0.4719999999999942,57.0,0.5263157894736842,24.0,0.5833333333333334,196.0,900.0,0,1,0,0,0,0,1,0.0,0.0,14.0,22
SAI,Ferrari,31.0,0 days 00:01:21.282000,0 days 00:00:28.215000,0 days 00:00:18.059000,0 days 00:00:35.008000,HARD,15.0,2.0,,,1,1.0,False,2024,Australia,R,81.282,28.215,18.059,35.008,81.513,0.23100000000000875,81.811,-0.5290000000000106,-0.23100000000000875,83.142,82.95100000000001,0.1909999999999883,57.0,0.543859649122807,24.0,0.625,225.0,961.0,0,1,0,0,0,0,1,0.0,0.0,15.0,22
SAI,Ferrari,32.0,0 days 00:01:21.205000,0 days 00:00:28.209000,0 days 00:00:18.107000,0 days 00:00:34.889000,HARD,16.0,2.0,,,1,1.0,False,2024,Australia,R,81.205,28.209,18.107,34.889,81.513,0.30800000000000693,81.811,-0.6060000000000088,-0.30800000000000693,83.125,82.95100000000001,0.17399999999999238,57.0,0.5614035087719298,24.0,0.6666666666666666,256.0,1024.0,0,1,0,0,0,0,1,0.0,0.0,16.0,22
SAI,Ferrari,33.0,0 days 00:01:21.495000,0 days 00:00:28.398000,0 days 00:00:18.086000,0 days 00:00:35.011000,HARD,17.0,2.0,,,1,1.0,False,2024,Australia,R,81.495,28.398,18.086,35.011,81.513,0.018000000000000682,81.811,-0.3160000000000025,-0.018000000000000682,83.47500000000001,82.95100000000001,0.5240000000000009,57.0,0.5789473684210527,24.0,0.7083333333333334,289.0,1089.0,0,1,0,0,0,0,1,0.0,0.0,17.0,22
SAI,Ferrari,34.0,0 days 00:01:21.717000,0 days 00:00:28.512000,0 days 00:00:18.103000,0 days 00:00:35.102000,HARD,18.0,2.0,,,1,1.0,False,2024,Australia,R,81.717,28.512,18.103,35.102,81.513,0.20399999999999352,81.811,-0.0940000000000083,0.20399999999999352,83.757,82.95100000000001,0.8059999999999974,57.0,0.5964912280701754,24.0,0.75,324.0,1156.0,0,1,0,0,0,0,1,0.0,0.0,18.0,22
SAI,Ferrari,35.0,0 days 00:01:21.721000,0 days 00:00:28.432000,0 days 00:00:18.105000,0 days 00:00:35.184000,HARD,19.0,2.0,,,1,1.0,False,2024,Australia,R,81.721,28.432,18.105,35.184,81.513,0.2079999999999984,81.811,-0.09000000000000341,0.2079999999999984,83.821,82.95100000000001,0.8699999999999903,57.0,0.6140350877192983,24.0,0.7916666666666666,361.0,1225.0,0,1,0,0,0,0,1,0.0,0.0,19.0,22
SAI,Ferrari,36.0,0 days 00:01:22.018000,0 days 00:00:28.557000,0 days 00:00:18.086000,0 days 00:00:35.375000,HARD,20.0,2.0,,,1,1.0,False,2024,Australia,R,82.018,28.557,18.086,35.375,81.513,0.5049999999999955,81.811,0.20699999999999363,0.5049999999999955,84.178,82.95100000000001,1.2269999999999897,57.0,0.631578947368421,24.0,0.8333333333333334,400.0,1296.0,0,1,0,0,0,0,1,0.0,0.0,20.0,22
SAI,Ferrari,37.0,0 days 00:01:21.971000,0 days 00:00:28.542000,0 days 00:00:18.047000,0 days 00:00:35.382000,HARD,21.0,2.0,,,1,1.0,False,2024,Australia,R,81.971,28.542,18.047,35.382,81.513,0.4579999999999984,81.811,0.1599999999999966,0.4579999999999984,84.191,82.95100000000001,1.2399999999999949,57.0,0.6491228070175439,24.0,0.875,441.0,1369.0,0,1,0,0,0,0,1,0.0,0.0,21.0,22
SAI,Ferrari,38.0,0 days 00:01:21.412000,0 days 00:00:28.380000,0 days 00:00:18.048000,0 days 00:00:34.984000,HARD,22.0,2.0,,,1,1.0,False,2024,Australia,R,81.412,28.38,18.048,34.984,81.513,0.10099999999999909,81.811,-0.3990000000000009,-0.10099999999999909,83.69200000000001,82.95100000000001,0.7409999999999997,57.0,0.6666666666666666,24.0,0.9166666666666666,484.0,1444.0,0,1,1,0,0,0,1,0.0,0.0,22.0,22
SAI,Ferrari,39.0,0 days 00:01:21.554000,0 days 00:00:28.367000,0 days 00:00:18.153000,0 days 00:00:35.034000,HARD,23.0,2.0,,,1,1.0,False,2024,Australia,R,81.554,28.367,18.153,35.034,81.513,0.04099999999999682,81.811,-0.257000000000005,0.04099999999999682,83.894,82.95100000000001,0.9429999999999978,57.0,0.6842105263157895,24.0,0.9583333333333334,529.0,1521.0,0,1,1,0,0,0,1,0.0,0.0,23.0,22
SAI,Ferrari,40.0,0 days 00:01:21.443000,0 days 00:00:28.400000,0 days 00:00:18.024000,0 days 00:00:35.019000,HARD,24.0,2.0,,,1,1.0,False,2024,Australia,R,81.443,28.4,18.024,35.019,81.513,0.07000000000000739,81.811,-0.3680000000000092,-0.07000000000000739,83.843,82.95100000000001,0.8919999999999959,57.0,0.7017543859649122,24.0,1.0,576.0,1600.0,0,1,1,0,0,0,1,0.0,0.0,24.0,22
SAI,Ferrari,43.0,0 days 00:01:20.730000,0 days 00:00:27.993000,0 days 00:00:18.040000,0 days 00:00:34.697000,HARD,2.0,3.0,,,1,1.0,False,2024,Australia,R,80.73,27.993,18.04,34.697,81.513,0.7830000000000013,80.73,0.0,-0.7830000000000013,83.31,83.31,0.0,57.0,0.7543859649122807,16.0,0.125,4.0,1849.0,0,0,1,0,0,0,1,0.0,0.0,2.0,15
SAI,Ferrari,44.0,0 days 00:01:20.767000,0 days 00:00:28.014000,0 days 00:00:18.073000,0 days 00:00:34.680000,HARD,3.0,3.0,,,1,1.0,False,2024,Australia,R,80.767,28.014,18.073,34.68,81.513,0.7460000000000093,80.73,0.03699999999999193,-0.7460000000000093,83.407,83.31,0.0969999999999942,57.0,0.7719298245614035,16.0,0.1875,9.0,1936.0,0,0,1,0,0,0,1,0.0,0.0,3.0,15
SAI,Ferrari,45.0,0 days 00:01:20.223000,0 days 00:00:27.853000,0 days 00:00:17.961000,0 days 00:00:34.409000,HARD,4.0,3.0,,,1,1.0,False,2024,Australia,R,80.223,27.853,17.961,34.409,81.513,1.2900000000000063,80.73,-0.507000000000005,-1.2900000000000063,82.923,83.31,-0.38700000000000045,57.0,0.7894736842105263,16.0,0.25,16.0,2025.0,0,0,1,0,0,0,1,0.0,0.0,4.0,15
SAI,Ferrari,46.0,0 days 00:01:20.374000,0 days 00:00:27.945000,0 days 00:00:17.998000,0 days 00:00:34.431000,HARD,5.0,3.0,,,1,1.0,False,2024,Australia,R,80.374,27.945,17.998,34.431,81.513,1.13900000000001,80.73,-0.35600000000000875,-1.13900000000001,83.134,83.31,-0.17600000000000193,57.0,0.8070175438596491,16.0,0.3125,25.0,2116.0,0,0,1,0,0,0,1,0.0,0.0,5.0,15
SAI,Ferrari,47.0,0 days 00:01:20.203000,0 days 00:00:27.870000,0 days 00:00:17.958000,0 days 00:00:34.375000,HARD,6.0,3.0,,,1,1.0,False,2024,Australia,R,80.203,27.87,17.958,34.375,81.513,1.3100000000000023,80.73,-0.527000000000001,-1.3100000000000023,83.023,83.31,-0.28700000000000614,57.0,0.8245614035087719,16.0,0.375,36.0,2209.0,0,0,1,0,0,0,1,0.0,0.0,6.0,15
SAI,Ferrari,48.0,0 days 00:01:20.031000,0 days 00:00:27.935000,0 days 00:00:17.884000,0 days 00:00:34.212000,HARD,7.0,3.0,,,1,1.0,False,2024,Australia,R,80.031,27.935,17.884,34.212,81.513,1.4819999999999993,80.73,-0.6989999999999981,-1.4819999999999993,82.911,83.31,-0.3990000000000009,57.0,0.8421052631578947,16.0,0.4375,49.0,2304.0,0,0,1,0,0,0,1,0.0,0.0,7.0,15
SAI,Ferrari,49.0,0 days 00:01:20.281000,0 days 00:00:28.046000,0 days 00:00:17.897000,0 days 00:00:34.338000,HARD,8.0,3.0,,,1,1.0,False,2024,Australia,R,80.281,28.046,17.897,34.338,81.513,1.2319999999999993,80.73,-0.44899999999999807,-1.2319999999999993,83.221,83.31,-0.08899999999999864,57.0,0.8596491228070176,16.0,0.5,64.0,2401.0,0,0,1,0,0,0,1,0.0,0.0,8.0,15
SAI,Ferrari,50.0,0 days 00:01:20.450000,0 days 00:00:28.157000,0 days 00:00:17.919000,0 days 00:00:34.374000,HARD,9.0,3.0,,,1,1.0,False,2024,Australia,R,80.45,28.157,17.919,34.374,81.513,1.0630000000000024,80.73,-0.28000000000000114,-1.0630000000000024,83.45,83.31,0.14000000000000057,57.0,0.8771929824561403,16.0,0.5625,81.0,2500.0,0,0,1,0,0,0,1,0.0,0.0,9.0,15
SAI,Ferrari,51.0,0 days 00:01:20.083000,0 days 00:00:27.905000,0 days 00:00:17.821000,0 days 00:00:34.357000,HARD,10.0,3.0,,,1,1.0,False,2024,Australia,R,80.083,27.905,17.821,34.357,81.513,1.4300000000000068,80.73,-0.6470000000000056,-1.4300000000000068,83.143,83.31,-0.1670000000000016,57.0,0.8947368421052632,16.0,0.625,100.0,2601.0,0,0,1,0,0,0,1,0.0,0.0,10.0,15
SAI,Ferrari,52.0,0 days 00:01:20.209000,0 days 00:00:27.963000,0 days 00:00:17.912000,0 days 00:00:34.334000,HARD,11.0,3.0,,,1,1.0,False,2024,Australia,R,80.209,27.963,17.912,34.334,81.513,1.304000000000002,80.73,-0.5210000000000008,-1.304000000000002,83.32900000000001,83.31,0.019000000000005457,57.0,0.9122807017543859,16.0,0.6875,121.0,2704.0,0,0,1,0,0,0,1,0.0,0.0,11.0,15
SAI,Ferrari,53.0,0 days 00:01:20.615000,0 days 00:00:27.962000,0 days 00:00:17.926000,0 days 00:00:34.727000,HARD,12.0,3.0,,,1,1.0,False,2024,Australia,R,80.615,27.962,17.926,34.727,81.513,0.8980000000000103,80.73,-0.1150000000000091,-0.8980000000000103,83.79499999999999,83.31,0.4849999999999852,57.0,0.9298245614035088,16.0,0.75,144.0,2809.0,0,0,1,0,0,0,1,0.0,0.0,12.0,15
SAI,Ferrari,54.0,0 days 00:01:20.582000,0 days 00:00:28.193000,0 days 00:00:17.922000,0 days 00:00:34.467000,HARD,13.0,3.0,,,1,1.0,False,2024,Australia,R,80.582,28.193,17.922,34.467,81.513,0.9310000000000116,80.73,-0.14800000000001035,-0.9310000000000116,83.82199999999999,83.31,0.5119999999999862,57.0,0.9473684210526315,16.0,0.8125,169.0,2916.0,0,0,1,0,0,0,1,0.0,0.0,13.0,15
SAI,Ferrari,55.0,0 days 00:01:20.753000,0 days 00:00:28.132000,0 days 00:00:17.897000,0 days 00:00:34.724000,HARD,14.0,3.0,,,1,1.0,False,2024,Australia,R,80.753,28.132,17.897,34.724,81.513,0.7600000000000051,80.73,0.022999999999996135,-0.7600000000000051,84.053,83.31,0.742999999999995,57.0,0.9649122807017544,16.0,0.875,196.0,3025.0,0,0,1,0,0,0,1,0.0,0.0,14.0,15
SAI,Ferrari,56.0,0 days 00:01:21.098000,0 days 00:00:28.091000,0 days 00:00:18,0 days 00:00:35.007000,HARD,15.0,3.0,,,1,1.0,False,2024,Australia,R,81.098,28.091,18.0,35.007,81.513,0.41500000000000625,80.73,0.367999999999995,-0.41500000000000625,84.458,83.31,1.1479999999999961,57.0,0.9824561403508771,16.0,0.9375,225.0,3136.0,0,0,1,0,0,0,1,0.0,0.0,15.0,15
SAI,Ferrari,57.0,0 days 00:01:20.882000,0 days 00:00:28.011000,0 days 00:00:18.062000,0 days 00:00:34.809000,HARD,16.0,3.0,,,1,1.0,False,2024,Australia,R,80.882,28.011,18.062,34.809,81.513,0.6310000000000002,80.73,0.15200000000000102,-0.6310000000000002,84.302,83.31,0.9920000000000044,57.0,1.0,16.0,1.0,256.0,3249.0,0,0,1,0,0,0,1,0.0,0.0,16.0,15
STR,Aston Martin,2.0,0 days 00:01:23.551000,0 days 00:00:29.507000,0 days 00:00:18.117000,0 days 00:00:35.927000,MEDIUM,3.0,1.0,,,1,8.0,False,2024,Australia,R,83.551,29.507,18.117,35.927,83.023,0.5280000000000058,83.551,0.0,0.5280000000000058,83.671,83.671,0.0,57.0,0.03508771929824561,8.0,0.375,9.0,4.0,1,0,0,1,0,1,0,0.0,3.0,0.0,6
STR,Aston Martin,3.0,0 days 00:01:23.196000,0 days 00:00:29.015000,0 days 00:00:18.169000,0 days 00:00:36.012000,MEDIUM,4.0,1.0,,,1,8.0,False,2024,Australia,R,83.196,29.015,18.169,36.012,83.023,0.17300000000000182,83.551,-0.355000000000004,0.17300000000000182,83.376,83.671,-0.2950000000000017,57.0,0.05263157894736842,8.0,0.5,16.0,9.0,1,0,0,1,0,1,0,0.0,4.0,0.0,6
STR,Aston Martin,4.0,0 days 00:01:23.454000,0 days 00:00:28.949000,0 days 00:00:18.130000,0 days 00:00:36.375000,MEDIUM,5.0,1.0,,,1,7.0,False,2024,Australia,R,83.454,28.949,18.13,36.375,83.023,0.4309999999999974,83.551,-0.09700000000000841,0.4309999999999974,83.69399999999999,83.671,0.022999999999981924,57.0,0.07017543859649122,8.0,0.625,25.0,16.0,1,0,0,1,0,1,0,0.0,5.0,0.0,6
STR,Aston Martin,5.0,0 days 00:01:23.337000,0 days 00:00:28.941000,0 days 00:00:18.062000,0 days 00:00:36.334000,MEDIUM,6.0,1.0,,,1,7.0,False,2024,Australia,R,83.337,28.941,18.062,36.334,83.023,0.31400000000000716,83.551,-0.21399999999999864,0.31400000000000716,83.637,83.671,-0.034000000000006025,57.0,0.08771929824561403,8.0,0.75,36.0,25.0,1,0,0,1,0,1,0,0.0,6.0,0.0,6
STR,Aston Martin,6.0,0 days 00:01:23.027000,0 days 00:00:28.902000,0 days 00:00:18.106000,0 days 00:00:36.019000,MEDIUM,7.0,1.0,,,1,7.0,False,2024,Australia,R,83.027,28.902,18.106,36.019,83.023,0.0040000000000048885,83.551,-0.5240000000000009,0.0040000000000048885,83.387,83.671,-0.284000000000006,57.0,0.10526315789473684,8.0,0.875,49.0,36.0,1,0,0,1,0,1,0,0.0,7.0,0.0,6
STR,Aston Martin,7.0,0 days 00:01:23.019000,0 days 00:00:28.945000,0 days 00:00:18.021000,0 days 00:00:36.053000,MEDIUM,8.0,1.0,,,1,7.0,False,2024,Australia,R,83.019,28.945,18.021,36.053,83.023,0.003999999999990678,83.551,-0.5319999999999965,-0.003999999999990678,83.43900000000001,83.671,-0.23199999999999932,57.0,0.12280701754385964,8.0,1.0,64.0,49.0,1,0,0,1,0,1,0,0.0,8.0,0.0,6
STR,Aston Martin,10.0,0 days 00:01:22.883000,0 days 00:00:28.763000,0 days 00:00:18.299000,0 days 00:00:35.821000,HARD,3.0,2.0,,,1,10.0,False,2024,Australia,R,82.883,28.763,18.299,35.821,83.023,0.14000000000000057,82.883,0.0,-0.14000000000000057,83.48299999999999,83.48299999999999,0.0,57.0,0.17543859649122806,29.0,0.10344827586206896,9.0,100.0,0,1,0,1,0,0,1,0.0,0.0,3.0,26
STR,Aston Martin,11.0,0 days 00:01:22.718000,0 days 00:00:28.755000,0 days 00:00:18.212000,0 days 00:00:35.751000,HARD,4.0,2.0,,,1,10.0,False,2024,Australia,R,82.718,28.755,18.212,35.751,83.023,0.3049999999999926,82.883,-0.16499999999999204,-0.3049999999999926,83.378,83.48299999999999,-0.10499999999998977,57.0,0.19298245614035087,29.0,0.13793103448275862,16.0,121.0,0,1,0,1,0,0,1,0.0,0.0,4.0,26
STR,Aston Martin,12.0,0 days 00:01:23.063000,0 days 00:00:28.858000,0 days 00:00:18.308000,0 days 00:00:35.897000,HARD,5.0,2.0,,,1,10.0,False,2024,Australia,R,83.063,28.858,18.308,35.897,83.023,0.04000000000000625,82.883,0.18000000000000682,0.04000000000000625,83.783,83.48299999999999,0.30000000000001137,57.0,0.21052631578947367,29.0,0.1724137931034483,25.0,144.0,0,1,0,1,0,0,1,0.0,0.0,5.0,26
STR,Aston Martin,13.0,0 days 00:01:23.322000,0 days 00:00:28.920000,0 days 00:00:18.278000,0 days 00:00:36.124000,HARD,6.0,2.0,,,1,10.0,False,2024,Australia,R,83.322,28.92,18.278,36.124,83.023,0.2990000000000066,82.883,0.43900000000000716,0.2990000000000066,84.102,83.48299999999999,0.619000000000014,57.0,0.22807017543859648,29.0,0.20689655172413793,36.0,169.0,0,1,0,1,0,0,1,0.0,0.0,6.0,26
STR,Aston Martin,14.0,0 days 00:01:23.106000,0 days 00:00:28.867000,0 days 00:00:18.238000,0 days 00:00:36.001000,HARD,7.0,2.0,,,1,10.0,False,2024,Australia,R,83.106,28.867,18.238,36.001,83.023,0.08299999999999841,82.883,0.22299999999999898,0.08299999999999841,83.946,83.48299999999999,0.46300000000000807,57.0,0.24561403508771928,29.0,0.2413793103448276,49.0,196.0,0,1,0,1,0,0,1,0.0,0.0,7.0,26
STR,Aston Martin,15.0,0 days 00:01:23.450000,0 days 00:00:29.221000,0 days 00:00:18.357000,0 days 00:00:35.872000,HARD,8.0,2.0,,,1,9.0,False,2024,Australia,R,83.45,29.221,18.357,35.872,83.023,0.4270000000000067,82.883,0.5670000000000073,0.4270000000000067,84.35000000000001,83.48299999999999,0.8670000000000186,57.0,0.2631578947368421,29.0,0.27586206896551724,64.0,225.0,0,1,0,1,0,0,1,0.0,0.0,8.0,26
STR,Aston Martin,16.0,0 days 00:01:24.650000,0 days 00:00:29.194000,0 days 00:00:17.980000,0 days 00:00:37.476000,HARD,9.0,2.0,,,1,9.0,False,2024,Australia,R,84.65,29.194,17.98,37.476,83.023,1.6270000000000095,82.883,1.7670000000000101,1.6270000000000095,85.61,83.48299999999999,2.1270000000000095,57.0,0.2807017543859649,29.0,0.3103448275862069,81.0,256.0,0,1,0,1,0,0,1,0.0,0.0,9.0,26
STR,Aston Martin,18.0,0 days 00:01:26.001000,0 days 00:00:31.146000,0 days 00:00:18.269000,0 days 00:00:36.586000,HARD,11.0,2.0,,,71,8.0,False,2024,Australia,R,86.001,31.146,18.269,36.586,83.023,2.9780000000000086,82.883,3.118000000000009,2.9780000000000086,87.081,83.48299999999999,3.598000000000013,57.0,0.3157894736842105,29.0,0.3793103448275862,121.0,324.0,0,1,0,1,0,0,1,0.0,0.0,11.0,26
STR,Aston Martin,19.0,0 days 00:01:23.105000,0 days 00:00:28.710000,0 days 00:00:18.244000,0 days 00:00:36.151000,HARD,12.0,2.0,,,1,8.0,False,2024,Australia,R,83.105,28.71,18.244,36.151,83.023,0.08200000000000784,82.883,0.2220000000000084,0.08200000000000784,84.245,83.48299999999999,0.7620000000000147,57.0,0.3333333333333333,29.0,0.41379310344827586,144.0,361.0,0,1,0,0,0,0,1,0.0,0.0,12.0,26
STR,Aston Martin,20.0,0 days 00:01:22.922000,0 days 00:00:28.668000,0 days 00:00:18.233000,0 days 00:00:36.021000,HARD,13.0,2.0,,,1,8.0,False,2024,Australia,R,82.922,28.668,18.233,36.021,83.023,0.10099999999999909,82.883,0.03900000000000148,-0.10099999999999909,84.122,83.48299999999999,0.63900000000001,57.0,0.3508771929824561,29.0,0.4482758620689655,169.0,400.0,0,1,0,0,0,0,1,0.0,0.0,13.0,26
STR,Aston Martin,21.0,0 days 00:01:22.628000,0 days 00:00:28.674000,0 days 00:00:18.202000,0 days 00:00:35.752000,HARD,14.0,2.0,,,1,8.0,False,2024,Australia,R,82.628,28.674,18.202,35.752,83.023,0.394999999999996,82.883,-0.25499999999999545,-0.394999999999996,83.888,83.48299999999999,0.40500000000001535,57.0,0.3684210526315789,29.0,0.4827586206896552,196.0,441.0,0,1,0,0,0,0,1,0.0,0.0,14.0,26
STR,Aston Martin,22.0,0 days 00:01:22.905000,0 days 00:00:28.641000,0 days 00:00:18.185000,0 days 00:00:36.079000,HARD,15.0,2.0,,,1,8.0,False,2024,Australia,R,82.905,28.641,18.185,36.079,83.023,0.117999999999995,82.883,0.02200000000000557,-0.117999999999995,84.225,83.48299999999999,0.7420000000000044,57.0,0.38596491228070173,29.0,0.5172413793103449,225.0,484.0,0,1,0,0,0,0,1,0.0,0.0,15.0,26
STR,Aston Martin,23.0,0 days 00:01:22.861000,0 days 00:00:28.795000,0 days 00:00:18.236000,0 days 00:00:35.830000,HARD,16.0,2.0,,,1,8.0,False,2024,Australia,R,82.861,28.795,18.236,35.83,83.023,0.16199999999999193,82.883,-0.02199999999999136,-0.16199999999999193,84.241,83.48299999999999,0.7580000000000098,57.0,0.40350877192982454,29.0,0.5517241379310345,256.0,529.0,0,1,0,0,0,0,1,0.0,0.0,16.0,26
STR,Aston Martin,24.0,0 days 00:01:22.852000,0 days 00:00:28.715000,0 days 00:00:18.159000,0 days 00:00:35.978000,HARD,17.0,2.0,,,1,8.0,False,2024,Australia,R,82.852,28.715,18.159,35.978,83.023,0.17099999999999227,82.883,-0.0309999999999917,-0.17099999999999227,84.292,83.48299999999999,0.8090000000000117,57.0,0.42105263157894735,29.0,0.5862068965517241,289.0,576.0,0,1,0,0,0,0,1,0.0,0.0,17.0,26
STR,Aston Martin,25.0,0 days 00:01:22.941000,0 days 00:00:28.821000,0 days 00:00:18.203000,0 days 00:00:35.917000,HARD,18.0,2.0,,,1,8.0,False,2024,Australia,R,82.941,28.821,18.203,35.917,83.023,0.08199999999999363,82.883,0.058000000000006935,-0.08199999999999363,84.441,83.48299999999999,0.9580000000000126,57.0,0.43859649122807015,29.0,0.6206896551724138,324.0,625.0,0,1,0,0,0,0,1,0.0,0.0,18.0,26
STR,Aston Martin,26.0,0 days 00:01:23.294000,0 days 00:00:28.858000,0 days 00:00:18.270000,0 days 00:00:36.166000,HARD,19.0,2.0,,,1,8.0,False,2024,Australia,R,83.294,28.858,18.27,36.166,83.023,0.2710000000000008,82.883,0.41100000000000136,0.2710000000000008,84.854,83.48299999999999,1.3710000000000093,57.0,0.45614035087719296,29.0,0.6551724137931034,361.0,676.0,0,1,0,0,0,0,1,0.0,0.0,19.0,26
STR,Aston Martin,27.0,0 days 00:01:23.192000,0 days 00:00:28.780000,0 days 00:00:18.210000,0 days 00:00:36.202000,HARD,20.0,2.0,,,1,8.0,False,2024,Australia,R,83.192,28.78,18.21,36.202,83.023,0.16899999999999693,82.883,0.3089999999999975,0.16899999999999693,84.812,83.48299999999999,1.3290000000000077,57.0,0.47368421052631576,29.0,0.6896551724137931,400.0,729.0,0,1,0,0,0,0,1,0.0,0.0,20.0,26
STR,Aston Martin,28.0,0 days 00:01:23.059000,0 days 00:00:28.871000,0 days 00:00:18.249000,0 days 00:00:35.939000,HARD,21.0,2.0,,,1,8.0,False,2024,Australia,R,83.059,28.871,18.249,35.939,83.023,0.036000000000001364,82.883,0.17600000000000193,0.036000000000001364,84.739,83.48299999999999,1.2560000000000144,57.0,0.49122807017543857,29.0,0.7241379310344828,441.0,784.0,0,1,0,0,0,0,1,0.0,0.0,21.0,26
STR,Aston Martin,29.0,0 days 00:01:23.135000,0 days 00:00:28.955000,0 days 00:00:18.347000,0 days 00:00:35.833000,HARD,22.0,2.0,,,1,8.0,False,2024,Australia,R,83.135,28.955,18.347,35.833,83.023,0.11200000000000898,82.883,0.25200000000000955,0.11200000000000898,84.875,83.48299999999999,1.3920000000000101,57.0,0.5087719298245614,29.0,0.7586206896551724,484.0,841.0,0,1,0,0,0,0,1,0.0,0.0,22.0,26
STR,Aston Martin,30.0,0 days 00:01:23.124000,0 days 00:00:28.875000,0 days 00:00:18.298000,0 days 00:00:35.951000,HARD,23.0,2.0,,,1,8.0,False,2024,Australia,R,83.124,28.875,18.298,35.951,83.023,0.10099999999999909,82.883,0.24099999999999966,0.10099999999999909,84.92399999999999,83.48299999999999,1.4410000000000025,57.0,0.5263157894736842,29.0,0.7931034482758621,529.0,900.0,0,1,0,0,0,0,1,0.0,0.0,23.0,26
STR,Aston Martin,31.0,0 days 00:01:23.521000,0 days 00:00:29.110000,0 days 00:00:18.331000,0 days 00:00:36.080000,HARD,24.0,2.0,,,1,8.0,False,2024,Australia,R,83.521,29.11,18.331,36.08,83.023,0.49800000000000466,82.883,0.6380000000000052,0.49800000000000466,85.381,83.48299999999999,1.8980000000000103,57.0,0.543859649122807,29.0,0.8275862068965517,576.0,961.0,0,1,0,0,0,0,1,0.0,0.0,24.0,26
STR,Aston Martin,32.0,0 days 00:01:23.157000,0 days 00:00:28.921000,0 days 00:00:18.262000,0 days 00:00:35.974000,HARD,25.0,2.0,,,1,8.0,False,2024,Australia,R,83.157,28.921,18.262,35.974,83.023,0.13400000000000034,82.883,0.2740000000000009,0.13400000000000034,85.077,83.48299999999999,1.5940000000000083,57.0,0.5614035087719298,29.0,0.8620689655172413,625.0,1024.0,0,1,0,0,0,0,1,0.0,0.0,25.0,26
STR,Aston Martin,33.0,0 days 00:01:23.266000,0 days 00:00:29.001000,0 days 00:00:18.354000,0 days 00:00:35.911000,HARD,26.0,2.0,,,1,8.0,False,2024,Australia,R,83.266,29.001,18.354,35.911,83.023,0.2430000000000092,82.883,0.3830000000000098,0.2430000000000092,85.24600000000001,83.48299999999999,1.7630000000000194,57.0,0.5789473684210527,29.0,0.896551724137931,676.0,1089.0,0,1,0,0,0,0,1,0.0,0.0,26.0,26
STR,Aston Martin,34.0,0 days 00:01:23.114000,0 days 00:00:28.986000,0 days 00:00:18.288000,0 days 00:00:35.840000,HARD,27.0,2.0,,,1,8.0,False,2024,Australia,R,83.114,28.986,18.288,35.84,83.023,0.09100000000000819,82.883,0.23100000000000875,0.09100000000000819,85.15400000000001,83.48299999999999,1.6710000000000207,57.0,0.5964912280701754,29.0,0.9310344827586207,729.0,1156.0,0,1,0,0,0,0,1,0.0,0.0,27.0,26
STR,Aston Martin,35.0,0 days 00:01:23.398000,0 days 00:00:29.054000,0 days 00:00:18.316000,0 days 00:00:36.028000,HARD,28.0,2.0,,,1,8.0,False,2024,Australia,R,83.398,29.054,18.316,36.028,83.023,0.375,82.883,0.5150000000000006,0.375,85.49799999999999,83.48299999999999,2.0150000000000006,57.0,0.6140350877192983,29.0,0.9655172413793104,784.0,1225.0,0,1,0,0,0,0,1,0.0,0.0,28.0,26
STR,Aston Martin,36.0,0 days 00:01:23.207000,0 days 00:00:29.035000,0 days 00:00:18.282000,0 days 00:00:35.890000,HARD,29.0,2.0,,,1,7.0,False,2024,Australia,R,83.207,29.035,18.282,35.89,83.023,0.1839999999999975,82.883,0.32399999999999807,0.1839999999999975,85.36699999999999,83.48299999999999,1.8840000000000003,57.0,0.631578947368421,29.0,1.0,841.0,1296.0,0,1,0,0,0,0,1,0.0,0.0,29.0,26
STR,Aston Martin,39.0,0 days 00:01:22.042000,0 days 00:00:28.498000,0 days 00:00:18.275000,0 days 00:00:35.269000,HARD,3.0,3.0,,,1,8.0,False,2024,Australia,R,82.042,28.498,18.275,35.269,83.023,0.9809999999999945,82.042,0.0,-0.9809999999999945,84.382,84.382,0.0,57.0,0.6842105263157895,20.0,0.15,9.0,1521.0,0,0,1,0,0,0,1,0.0,0.0,3.0,18
STR,Aston Martin,40.0,0 days 00:01:22.100000,0 days 00:00:28.665000,0 days 00:00:18.230000,0 days 00:00:35.205000,HARD,4.0,3.0,,,1,8.0,False,2024,Australia,R,82.1,28.665,18.23,35.205,83.023,0.9230000000000018,82.042,0.057999999999992724,-0.9230000000000018,84.5,84.382,0.117999999999995,57.0,0.7017543859649122,20.0,0.2,16.0,1600.0,0,0,1,0,0,0,1,0.0,0.0,4.0,18
STR,Aston Martin,41.0,0 days 00:01:22.244000,0 days 00:00:28.417000,0 days 00:00:18.198000,0 days 00:00:35.629000,HARD,5.0,3.0,,,1,8.0,False,2024,Australia,R,82.244,28.417,18.198,35.629,83.023,0.7789999999999964,82.042,0.20199999999999818,-0.7789999999999964,84.704,84.382,0.3219999999999885,57.0,0.7192982456140351,20.0,0.25,25.0,1681.0,0,0,1,0,0,0,1,0.0,0.0,5.0,18
STR,Aston Martin,42.0,0 days 00:01:21.829000,0 days 00:00:28.383000,0 days 00:00:18.200000,0 days 00:00:35.246000,HARD,6.0,3.0,,,1,8.0,False,2024,Australia,R,81.829,28.383,18.2,35.246,83.023,1.1940000000000026,82.042,-0.21300000000000807,-1.1940000000000026,84.34899999999999,84.382,-0.03300000000001546,57.0,0.7368421052631579,20.0,0.3,36.0,1764.0,0,0,1,0,0,0,1,0.0,0.0,6.0,18
STR,Aston Martin,43.0,0 days 00:01:21.722000,0 days 00:00:28.380000,0 days 00:00:18.055000,0 days 00:00:35.287000,HARD,7.0,3.0,,,1,8.0,False,2024,Australia,R,81.722,28.38,18.055,35.287,83.023,1.301000000000002,82.042,-0.3200000000000074,-1.301000000000002,84.30199999999999,84.382,-0.0800000000000125,57.0,0.7543859649122807,20.0,0.35,49.0,1849.0,0,0,1,0,0,0,1,0.0,0.0,7.0,18
STR,Aston Martin,44.0,0 days 00:01:21.992000,0 days 00:00:28.476000,0 days 00:00:18.074000,0 days 00:00:35.442000,HARD,8.0,3.0,,,1,8.0,False,2024,Australia,R,81.992,28.476,18.074,35.442,83.023,1.0309999999999917,82.042,-0.04999999999999716,-1.0309999999999917,84.632,84.382,0.25,57.0,0.7719298245614035,20.0,0.4,64.0,1936.0,0,0,1,0,0,0,1,0.0,0.0,8.0,18
STR,Aston Martin,45.0,0 days 00:01:21.603000,0 days 00:00:28.270000,0 days 00:00:18.094000,0 days 00:00:35.239000,HARD,9.0,3.0,,,1,8.0,False,2024,Australia,R,81.603,28.27,18.094,35.239,83.023,1.4200000000000017,82.042,-0.43900000000000716,-1.4200000000000017,84.303,84.382,-0.07900000000000773,57.0,0.7894736842105263,20.0,0.45,81.0,2025.0,0,0,1,0,0,0,1,0.0,0.0,9.0,18
STR,Aston Martin,46.0,0 days 00:01:21.431000,0 days 00:00:28.260000,0 days 00:00:18.093000,0 days 00:00:35.078000,HARD,10.0,3.0,,,1,8.0,False,2024,Australia,R,81.431,28.26,18.093,35.078,83.023,1.5919999999999987,82.042,-0.6110000000000042,-1.5919999999999987,84.191,84.382,-0.1910000000000025,57.0,0.8070175438596491,20.0,0.5,100.0,2116.0,0,0,1,0,0,0,1,0.0,0.0,10.0,18
STR,Aston Martin,47.0,0 days 00:01:21.014000,0 days 00:00:28.162000,0 days 00:00:18.105000,0 days 00:00:34.747000,HARD,11.0,3.0,,,1,8.0,False,2024,Australia,R,81.014,28.162,18.105,34.747,83.023,2.0090000000000003,82.042,-1.0280000000000058,-2.0090000000000003,83.83399999999999,84.382,-0.548000000000016,57.0,0.8245614035087719,20.0,0.55,121.0,2209.0,0,0,1,0,0,0,1,0.0,0.0,11.0,18
STR,Aston Martin,48.0,0 days 00:01:21.109000,0 days 00:00:28.185000,0 days 00:00:18.076000,0 days 00:00:34.848000,HARD,12.0,3.0,,,1,8.0,False,2024,Australia,R,81.109,28.185,18.076,34.848,83.023,1.9140000000000015,82.042,-0.9330000000000069,-1.9140000000000015,83.98899999999999,84.382,-0.3930000000000149,57.0,0.8421052631578947,20.0,0.6,144.0,2304.0,0,0,1,0,0,0,1,0.0,0.0,12.0,18
STR,Aston Martin,49.0,0 days 00:01:20.930000,0 days 00:00:28.058000,0 days 00:00:18.072000,0 days 00:00:34.800000,HARD,13.0,3.0,,,1,8.0,False,2024,Australia,R,80.93,28.058,18.072,34.8,83.023,2.0929999999999893,82.042,-1.1119999999999948,-2.0929999999999893,83.87,84.382,-0.5120000000000005,57.0,0.8596491228070176,20.0,0.65,169.0,2401.0,0,0,1,0,0,0,1,0.0,0.0,13.0,18
STR,Aston Martin,50.0,0 days 00:01:20.991000,0 days 00:00:28.152000,0 days 00:00:18.077000,0 days 00:00:34.762000,HARD,14.0,3.0,,,1,8.0,False,2024,Australia,R,80.991,28.152,18.077,34.762,83.023,2.0319999999999965,82.042,-1.051000000000002,-2.0319999999999965,83.991,84.382,-0.39100000000000534,57.0,0.8771929824561403,20.0,0.7,196.0,2500.0,0,0,1,0,0,0,1,0.0,0.0,14.0,18
STR,Aston Martin,51.0,0 days 00:01:21.121000,0 days 00:00:28.174000,0 days 00:00:18.099000,0 days 00:00:34.848000,HARD,15.0,3.0,,,1,8.0,False,2024,Australia,R,81.121,28.174,18.099,34.848,83.023,1.902000000000001,82.042,-0.9210000000000065,-1.902000000000001,84.181,84.382,-0.20100000000000762,57.0,0.8947368421052632,20.0,0.75,225.0,2601.0,0,0,1,0,0,0,1,0.0,0.0,15.0,18
STR,Aston Martin,52.0,0 days 00:01:21.213000,0 days 00:00:28.234000,0 days 00:00:18.166000,0 days 00:00:34.813000,HARD,16.0,3.0,,,1,8.0,False,2024,Australia,R,81.213,28.234,18.166,34.813,83.023,1.8100000000000023,82.042,-0.8290000000000077,-1.8100000000000023,84.333,84.382,-0.049000000000006594,57.0,0.9122807017543859,20.0,0.8,256.0,2704.0,0,0,1,0,0,0,1,0.0,0.0,16.0,18
STR,Aston Martin,53.0,0 days 00:01:21.063000,0 days 00:00:28.121000,0 days 00:00:18.093000,0 days 00:00:34.849000,HARD,17.0,3.0,,,1,8.0,False,2024,Australia,R,81.063,28.121,18.093,34.849,83.023,1.9599999999999937,82.042,-0.9789999999999992,-1.9599999999999937,84.243,84.382,-0.13900000000001,57.0,0.9298245614035088,20.0,0.85,289.0,2809.0,0,0,1,0,0,0,1,0.0,0.0,17.0,18
STR,Aston Martin,54.0,0 days 00:01:21.130000,0 days 00:00:28.029000,0 days 00:00:18.135000,0 days 00:00:34.966000,HARD,18.0,3.0,,,1,8.0,False,2024,Australia,R,81.13,28.029,18.135,34.966,83.023,1.8930000000000007,82.042,-0.9120000000000061,-1.8930000000000007,84.36999999999999,84.382,-0.012000000000014666,57.0,0.9473684210526315,20.0,0.9,324.0,2916.0,0,0,1,0,0,0,1,0.0,0.0,18.0,18
STR,Aston Martin,55.0,0 days 00:01:21.272000,0 days 00:00:28.135000,0 days 00:00:18.219000,0 days 00:00:34.918000,HARD,19.0,3.0,,,1,8.0,False,2024,Australia,R,81.272,28.135,18.219,34.918,83.023,1.7509999999999906,82.042,-0.769999999999996,-1.7509999999999906,84.572,84.382,0.18999999999999773,57.0,0.9649122807017544,20.0,0.95,361.0,3025.0,0,0,1,0,0,0,1,0.0,0.0,19.0,18
STR,Aston Martin,56.0,0 days 00:01:21.233000,0 days 00:00:28.132000,0 days 00:00:18.185000,0 days 00:00:34.916000,HARD,20.0,3.0,,,1,8.0,False,2024,Australia,R,81.233,28.132,18.185,34.916,83.023,1.789999999999992,82.042,-0.8089999999999975,-1.789999999999992,84.593,84.382,0.21099999999999852,57.0,0.9824561403508771,20.0,1.0,400.0,3136.0,0,0,1,0,0,0,1,0.0,0.0,20.0,18
TSU,RB,2.0,0 days 00:01:23.807000,0 days 00:00:29.709000,0 days 00:00:18.016000,0 days 00:00:36.082000,MEDIUM,2.0,1.0,,,1,9.0,False,2024,Australia,R,83.807,29.709,18.016,36.082,83.0135,0.7935000000000088,83.807,0.0,0.7935000000000088,83.927,83.927,0.0,57.0,0.03508771929824561,8.0,0.25,4.0,4.0,1,0,0,1,0,1,0,0.0,2.0,0.0,7
TSU,RB,3.0,0 days 00:01:23.203000,0 days 00:00:29.009000,0 days 00:00:18.089000,0 days 00:00:36.105000,MEDIUM,3.0,1.0,,,1,9.0,False,2024,Australia,R,83.203,29.009,18.089,36.105,83.0135,0.18950000000000955,83.807,-0.6039999999999992,0.18950000000000955,83.38300000000001,83.927,-0.5439999999999969,57.0,0.05263157894736842,8.0,0.375,9.0,9.0,1,0,0,1,0,1,0,0.0,3.0,0.0,7
TSU,RB,4.0,0 days 00:01:23.434000,0 days 00:00:29.050000,0 days 00:00:18.104000,0 days 00:00:36.280000,MEDIUM,4.0,1.0,,,1,8.0,False,2024,Australia,R,83.434,29.05,18.104,36.28,83.0135,0.4205000000000041,83.807,-0.37300000000000466,0.4205000000000041,83.67399999999999,83.927,-0.2530000000000143,57.0,0.07017543859649122,8.0,0.5,16.0,16.0,1,0,0,1,0,1,0,0.0,4.0,0.0,7
TSU,RB,5.0,0 days 00:01:23.310000,0 days 00:00:29.072000,0 days 00:00:18.048000,0 days 00:00:36.190000,MEDIUM,5.0,1.0,,,1,8.0,False,2024,Australia,R,83.31,29.072,18.048,36.19,83.0135,0.29650000000000887,83.807,-0.4969999999999999,0.29650000000000887,83.61,83.927,-0.3170000000000073,57.0,0.08771929824561403,8.0,0.625,25.0,25.0,1,0,0,1,0,1,0,0.0,5.0,0.0,7
TSU,RB,6.0,0 days 00:01:23.445000,0 days 00:00:29.026000,0 days 00:00:18.115000,0 days 00:00:36.304000,MEDIUM,6.0,1.0,,,1,8.0,False,2024,Australia,R,83.445,29.026,18.115,36.304,83.0135,0.4314999999999998,83.807,-0.362000000000009,0.4314999999999998,83.80499999999999,83.927,-0.1220000000000141,57.0,0.10526315789473684,8.0,0.75,36.0,36.0,1,0,0,1,0,1,0,0.0,6.0,0.0,7
TSU,RB,7.0,0 days 00:01:22.864000,0 days 00:00:28.848000,0 days 00:00:17.947000,0 days 00:00:36.069000,MEDIUM,7.0,1.0,,,1,8.0,False,2024,Australia,R,82.864,28.848,17.947,36.069,83.0135,0.14949999999998909,83.807,-0.9429999999999978,-0.14949999999998909,83.284,83.927,-0.6430000000000007,57.0,0.12280701754385964,8.0,0.875,49.0,49.0,1,0,0,1,0,1,0,0.0,7.0,0.0,7
TSU,RB,8.0,0 days 00:01:23.381000,0 days 00:00:28.869000,0 days 00:00:18.224000,0 days 00:00:36.288000,MEDIUM,8.0,1.0,,,1,6.0,False,2024,Australia,R,83.381,28.869,18.224,36.288,83.0135,0.3675000000000068,83.807,-0.42600000000000193,0.3675000000000068,83.861,83.927,-0.0660000000000025,57.0,0.14035087719298245,8.0,1.0,64.0,64.0,1,0,0,1,0,1,0,0.0,8.0,0.0,7
TSU,RB,11.0,0 days 00:01:22.898000,0 days 00:00:28.912000,0 days 00:00:18.290000,0 days 00:00:35.696000,HARD,2.0,2.0,,,1,12.0,False,2024,Australia,R,82.898,28.912,18.29,35.696,83.0135,0.11549999999999727,82.898,0.0,-0.11549999999999727,83.55799999999999,83.55799999999999,0.0,57.0,0.19298245614035087,26.0,0.07692307692307693,4.0,121.0,0,1,0,1,0,0,1,0.0,0.0,2.0,24
TSU,RB,12.0,0 days 00:01:22.799000,0 days 00:00:28.776000,0 days 00:00:18.268000,0 days 00:00:35.755000,HARD,3.0,2.0,,,1,12.0,False,2024,Australia,R,82.799,28.776,18.268,35.755,83.0135,0.2144999999999868,82.898,-0.09899999999998954,-0.2144999999999868,83.519,83.55799999999999,-0.03899999999998727,57.0,0.21052631578947367,26.0,0.11538461538461539,9.0,144.0,0,1,0,1,0,0,1,0.0,0.0,3.0,24
TSU,RB,13.0,0 days 00:01:23.032000,0 days 00:00:28.720000,0 days 00:00:18.212000,0 days 00:00:36.100000,HARD,4.0,2.0,,,1,12.0,False,2024,Australia,R,83.032,28.72,18.212,36.1,83.0135,0.01850000000000307,82.898,0.13400000000000034,0.01850000000000307,83.812,83.55799999999999,0.2540000000000049,57.0,0.22807017543859648,26.0,0.15384615384615385,16.0,169.0,0,1,0,1,0,0,1,0.0,0.0,4.0,24
TSU,RB,14.0,0 days 00:01:22.823000,0 days 00:00:28.795000,0 days 00:00:18.235000,0 days 00:00:35.793000,HARD,5.0,2.0,,,1,12.0,False,2024,Australia,R,82.823,28.795,18.235,35.793,83.0135,0.1905000000000001,82.898,-0.07500000000000284,-0.1905000000000001,83.663,83.55799999999999,0.10500000000000398,57.0,0.24561403508771928,26.0,0.19230769230769232,25.0,196.0,0,1,0,1,0,0,1,0.0,0.0,5.0,24
TSU,RB,15.0,0 days 00:01:23.336000,0 days 00:00:29.078000,0 days 00:00:18.251000,0 days 00:00:36.007000,HARD,6.0,2.0,,,1,12.0,False,2024,Australia,R,83.336,29.078,18.251,36.007,83.0135,0.3225000000000051,82.898,0.4380000000000024,0.3225000000000051,84.236,83.55799999999999,0.6780000000000115,57.0,0.2631578947368421,26.0,0.23076923076923078,36.0,225.0,0,1,0,1,0,0,1,0.0,0.0,6.0,24
TSU,RB,16.0,0 days 00:01:23.252000,0 days 00:00:28.921000,0 days 00:00:18.224000,0 days 00:00:36.107000,HARD,7.0,2.0,,,1,11.0,False,2024,Australia,R,83.252,28.921,18.224,36.107,83.0135,0.23850000000000193,82.898,0.3539999999999992,0.23850000000000193,84.21199999999999,83.55799999999999,0.6539999999999964,57.0,0.2807017543859649,26.0,0.2692307692307692,49.0,256.0,0,1,0,1,0,0,1,0.0,0.0,7.0,24
TSU,RB,18.0,0 days 00:01:24.892000,0 days 00:00:30.803000,0 days 00:00:18.123000,0 days 00:00:35.966000,HARD,9.0,2.0,,,71,9.0,False,2024,Australia,R,84.892,30.803,18.123,35.966,83.0135,1.8785000000000025,82.898,1.9939999999999998,1.8785000000000025,85.972,83.55799999999999,2.4140000000000015,57.0,0.3157894736842105,26.0,0.34615384615384615,81.0,324.0,0,1,0,1,0,0,1,0.0,0.0,9.0,24
TSU,RB,19.0,0 days 00:01:22.994000,0 days 00:00:28.900000,0 days 00:00:18.234000,0 days 00:00:35.860000,HARD,10.0,2.0,,,1,9.0,False,2024,Australia,R,82.994,28.9,18.234,35.86,83.0135,0.019499999999993634,82.898,0.09600000000000364,-0.019499999999993634,84.134,83.55799999999999,0.5760000000000076,57.0,0.3333333333333333,26.0,0.38461538461538464,100.0,361.0,0,1,0,0,0,0,1,0.0,0.0,10.0,24
TSU,RB,20.0,0 days 00:01:23.048000,0 days 00:00:28.775000,0 days 00:00:18.134000,0 days 00:00:36.139000,HARD,11.0,2.0,,,1,9.0,False,2024,Australia,R,83.048,28.775,18.134,36.139,83.0135,0.03450000000000841,82.898,0.15000000000000568,0.03450000000000841,84.248,83.55799999999999,0.6900000000000119,57.0,0.3508771929824561,26.0,0.4230769230769231,121.0,400.0,0,1,0,0,0,0,1,0.0,0.0,11.0,24
TSU,RB,21.0,0 days 00:01:22.968000,0 days 00:00:28.808000,0 days 00:00:18.250000,0 days 00:00:35.910000,HARD,12.0,2.0,,,1,9.0,False,2024,Australia,R,82.968,28.808,18.25,35.91,83.0135,0.04549999999998988,82.898,0.07000000000000739,-0.04549999999998988,84.22800000000001,83.55799999999999,0.6700000000000159,57.0,0.3684210526315789,26.0,0.46153846153846156,144.0,441.0,0,1,0,0,0,0,1,0.0,0.0,12.0,24
TSU,RB,22.0,0 days 00:01:22.673000,0 days 00:00:28.789000,0 days 00:00:18.167000,0 days 00:00:35.717000,HARD,13.0,2.0,,,1,9.0,False,2024,Australia,R,82.673,28.789,18.167,35.717,83.0135,0.3404999999999916,82.898,-0.22499999999999432,-0.3404999999999916,83.993,83.55799999999999,0.4350000000000023,57.0,0.38596491228070173,26.0,0.5,169.0,484.0,0,1,0,0,0,0,1,0.0,0.0,13.0,24
TSU,RB,23.0,0 days 00:01:22.953000,0 days 00:00:28.884000,0 days 00:00:18.167000,0 days 00:00:35.902000,HARD,14.0,2.0,,,1,9.0,False,2024,Australia,R,82.953,28.884,18.167,35.902,83.0135,0.06049999999999045,82.898,0.05500000000000682,-0.06049999999999045,84.333,83.55799999999999,0.7750000000000057,57.0,0.40350877192982454,26.0,0.5384615384615384,196.0,529.0,0,1,0,0,0,0,1,0.0,0.0,14.0,24
TSU,RB,24.0,0 days 00:01:23.026000,0 days 00:00:28.864000,0 days 00:00:18.186000,0 days 00:00:35.976000,HARD,15.0,2.0,,,1,9.0,False,2024,Australia,R,83.026,28.864,18.186,35.976,83.0135,0.012500000000002842,82.898,0.1280000000000001,0.012500000000002842,84.466,83.55799999999999,0.9080000000000013,57.0,0.42105263157894735,26.0,0.5769230769230769,225.0,576.0,0,1,0,0,0,0,1,0.0,0.0,15.0,24
TSU,RB,25.0,0 days 00:01:23.001000,0 days 00:00:28.961000,0 days 00:00:18.230000,0 days 00:00:35.810000,HARD,16.0,2.0,,,1,9.0,False,2024,Australia,R,83.001,28.961,18.23,35.81,83.0135,0.012499999999988631,82.898,0.10300000000000864,-0.012499999999988631,84.501,83.55799999999999,0.943000000000012,57.0,0.43859649122807015,26.0,0.6153846153846154,256.0,625.0,0,1,0,0,0,0,1,0.0,0.0,16.0,24
TSU,RB,26.0,0 days 00:01:23.302000,0 days 00:00:28.853000,0 days 00:00:18.222000,0 days 00:00:36.227000,HARD,17.0,2.0,,,1,9.0,False,2024,Australia,R,83.302,28.853,18.222,36.227,83.0135,0.2885000000000133,82.898,0.4040000000000106,0.2885000000000133,84.86200000000001,83.55799999999999,1.3040000000000163,57.0,0.45614035087719296,26.0,0.6538461538461539,289.0,676.0,0,1,0,0,0,0,1,0.0,0.0,17.0,24
TSU,RB,27.0,0 days 00:01:23.248000,0 days 00:00:29,0 days 00:00:18.220000,0 days 00:00:36.028000,HARD,18.0,2.0,,,1,9.0,False,2024,Australia,R,83.248,29.0,18.22,36.028,83.0135,0.23450000000001125,82.898,0.3500000000000085,0.23450000000001125,84.86800000000001,83.55799999999999,1.3100000000000165,57.0,0.47368421052631576,26.0,0.6923076923076923,324.0,729.0,0,1,0,0,0,0,1,0.0,0.0,18.0,24
TSU,RB,28.0,0 days 00:01:23.075000,0 days 00:00:28.872000,0 days 00:00:18.218000,0 days 00:00:35.985000,HARD,19.0,2.0,,,1,9.0,False,2024,Australia,R,83.075,28.872,18.218,35.985,83.0135,0.061500000000009436,82.898,0.1770000000000067,0.061500000000009436,84.75500000000001,83.55799999999999,1.197000000000017,57.0,0.49122807017543857,26.0,0.7307692307692307,361.0,784.0,0,1,0,0,0,0,1,0.0,0.0,19.0,24
TSU,RB,29.0,0 days 00:01:23.498000,0 days 00:00:29.078000,0 days 00:00:18.314000,0 days 00:00:36.106000,HARD,20.0,2.0,,,1,9.0,False,2024,Australia,R,83.498,29.078,18.314,36.106,83.0135,0.48450000000001125,82.898,0.6000000000000085,0.48450000000001125,85.238,83.55799999999999,1.6800000000000068,57.0,0.5087719298245614,26.0,0.7692307692307693,400.0,841.0,0,1,0,0,0,0,1,0.0,0.0,20.0,24
TSU,RB,30.0,0 days 00:01:23.382000,0 days 00:00:28.979000,0 days 00:00:18.320000,0 days 00:00:36.083000,HARD,21.0,2.0,,,1,9.0,False,2024,Australia,R,83.382,28.979,18.32,36.083,83.0135,0.3685000000000116,82.898,0.48400000000000887,0.3685000000000116,85.182,83.55799999999999,1.6240000000000094,57.0,0.5263157894736842,26.0,0.8076923076923077,441.0,900.0,0,1,0,0,0,0,1,0.0,0.0,21.0,24
TSU,RB,31.0,0 days 00:01:23.367000,0 days 00:00:29.068000,0 days 00:00:18.300000,0 days 00:00:35.999000,HARD,22.0,2.0,,,1,9.0,False,2024,Australia,R,83.367,29.068,18.3,35.999,83.0135,0.353500000000011,82.898,0.4690000000000083,0.353500000000011,85.227,83.55799999999999,1.6690000000000111,57.0,0.543859649122807,26.0,0.8461538461538461,484.0,961.0,0,1,0,0,0,0,1,0.0,0.0,22.0,24
TSU,RB,32.0,0 days 00:01:23.390000,0 days 00:00:29.119000,0 days 00:00:18.318000,0 days 00:00:35.953000,HARD,23.0,2.0,,,1,9.0,False,2024,Australia,R,83.39,29.119,18.318,35.953,83.0135,0.37650000000000716,82.898,0.49200000000000443,0.37650000000000716,85.31,83.55799999999999,1.7520000000000095,57.0,0.5614035087719298,26.0,0.8846153846153846,529.0,1024.0,0,1,0,0,0,0,1,0.0,0.0,23.0,24
TSU,RB,33.0,0 days 00:01:23.226000,0 days 00:00:29.053000,0 days 00:00:18.274000,0 days 00:00:35.899000,HARD,24.0,2.0,,,1,9.0,False,2024,Australia,R,83.226,29.053,18.274,35.899,83.0135,0.21250000000000568,82.898,0.32800000000000296,0.21250000000000568,85.206,83.55799999999999,1.6480000000000103,57.0,0.5789473684210527,26.0,0.9230769230769231,576.0,1089.0,0,1,0,0,0,0,1,0.0,0.0,24.0,24
TSU,RB,34.0,0 days 00:01:23.323000,0 days 00:00:29.019000,0 days 00:00:18.339000,0 days 00:00:35.965000,HARD,25.0,2.0,,,1,9.0,False,2024,Australia,R,83.323,29.019,18.339,35.965,83.0135,0.3094999999999999,82.898,0.42499999999999716,0.3094999999999999,85.363,83.55799999999999,1.8050000000000068,57.0,0.5964912280701754,26.0,0.9615384615384616,625.0,1156.0,0,1,0,0,0,0,1,0.0,0.0,25.0,24
TSU,RB,35.0,0 days 00:01:23.289000,0 days 00:00:29.056000,0 days 00:00:18.349000,0 days 00:00:35.884000,HARD,26.0,2.0,,,1,9.0,False,2024,Australia,R,83.289,29.056,18.349,35.884,83.0135,0.27550000000000807,82.898,0.39100000000000534,0.27550000000000807,85.389,83.55799999999999,1.831000000000003,57.0,0.6140350877192983,26.0,1.0,676.0,1225.0,0,1,0,0,0,0,1,0.0,0.0,26.0,24
TSU,RB,38.0,0 days 00:01:21.924000,0 days 00:00:28.555000,0 days 00:00:18.135000,0 days 00:00:35.234000,HARD,2.0,3.0,,,1,10.0,False,2024,Australia,R,81.924,28.555,18.135,35.234,83.0135,1.0894999999999868,81.924,0.0,-1.0894999999999868,84.20400000000001,84.20400000000001,0.0,57.0,0.6666666666666666,20.0,0.1,4.0,1444.0,0,0,1,0,0,0,1,0.0,0.0,2.0,19
TSU,RB,39.0,0 days 00:01:22.247000,0 days 00:00:28.595000,0 days 00:00:18.154000,0 days 00:00:35.498000,HARD,3.0,3.0,,,1,10.0,False,2024,Australia,R,82.247,28.595,18.154,35.498,83.0135,0.7664999999999935,81.924,0.3229999999999933,-0.7664999999999935,84.587,84.20400000000001,0.38299999999999557,57.0,0.6842105263157895,20.0,0.15,9.0,1521.0,0,0,1,0,0,0,1,0.0,0.0,3.0,19
TSU,RB,40.0,0 days 00:01:23.218000,0 days 00:00:28.834000,0 days 00:00:17.732000,0 days 00:00:36.652000,HARD,4.0,3.0,,,1,9.0,False,2024,Australia,R,83.218,28.834,17.732,36.652,83.0135,0.20450000000001012,81.924,1.293999999999997,0.20450000000001012,85.61800000000001,84.20400000000001,1.4140000000000015,57.0,0.7017543859649122,20.0,0.2,16.0,1600.0,0,0,1,0,0,0,1,0.0,0.0,4.0,19
TSU,RB,41.0,0 days 00:01:21.764000,0 days 00:00:28.515000,0 days 00:00:18.091000,0 days 00:00:35.158000,HARD,5.0,3.0,,,1,9.0,False,2024,Australia,R,81.764,28.515,18.091,35.158,83.0135,1.2494999999999976,81.924,-0.1600000000000108,-1.2494999999999976,84.22399999999999,84.20400000000001,0.01999999999998181,57.0,0.7192982456140351,20.0,0.25,25.0,1681.0,0,0,1,0,0,0,1,0.0,0.0,5.0,19
TSU,RB,42.0,0 days 00:01:21.784000,0 days 00:00:28.437000,0 days 00:00:18.099000,0 days 00:00:35.248000,HARD,6.0,3.0,,,1,9.0,False,2024,Australia,R,81.784,28.437,18.099,35.248,83.0135,1.2294999999999874,81.924,-0.14000000000000057,-1.2294999999999874,84.304,84.20400000000001,0.09999999999999432,57.0,0.7368421052631579,20.0,0.3,36.0,1764.0,0,0,1,0,0,0,1,0.0,0.0,6.0,19
TSU,RB,43.0,0 days 00:01:21.928000,0 days 00:00:28.484000,0 days 00:00:18.093000,0 days 00:00:35.351000,HARD,7.0,3.0,,,1,9.0,False,2024,Australia,R,81.928,28.484,18.093,35.351,83.0135,1.0854999999999961,81.924,0.003999999999990678,-1.0854999999999961,84.508,84.20400000000001,0.30399999999998784,57.0,0.7543859649122807,20.0,0.35,49.0,1849.0,0,0,1,0,0,0,1,0.0,0.0,7.0,19
TSU,RB,44.0,0 days 00:01:21.824000,0 days 00:00:28.490000,0 days 00:00:18.101000,0 days 00:00:35.233000,HARD,8.0,3.0,,,1,9.0,False,2024,Australia,R,81.824,28.49,18.101,35.233,83.0135,1.1894999999999953,81.924,-0.10000000000000853,-1.1894999999999953,84.464,84.20400000000001,0.2599999999999909,57.0,0.7719298245614035,20.0,0.4,64.0,1936.0,0,0,1,0,0,0,1,0.0,0.0,8.0,19
TSU,RB,45.0,0 days 00:01:21.696000,0 days 00:00:28.467000,0 days 00:00:18.092000,0 days 00:00:35.137000,HARD,9.0,3.0,,,1,9.0,False,2024,Australia,R,81.696,28.467,18.092,35.137,83.0135,1.3174999999999955,81.924,-0.22800000000000864,-1.3174999999999955,84.396,84.20400000000001,0.19199999999999307,57.0,0.7894736842105263,20.0,0.45,81.0,2025.0,0,0,1,0,0,0,1,0.0,0.0,9.0,19
TSU,RB,46.0,0 days 00:01:21.134000,0 days 00:00:28.246000,0 days 00:00:18.038000,0 days 00:00:34.850000,HARD,10.0,3.0,,,1,9.0,False,2024,Australia,R,81.134,28.246,18.038,34.85,83.0135,1.879499999999993,81.924,-0.7900000000000063,-1.879499999999993,83.894,84.20400000000001,-0.3100000000000023,57.0,0.8070175438596491,20.0,0.5,100.0,2116.0,0,0,1,0,0,0,1,0.0,0.0,10.0,19
TSU,RB,47.0,0 days 00:01:21.254000,0 days 00:00:28.261000,0 days 00:00:18.020000,0 days 00:00:34.973000,HARD,11.0,3.0,,,1,9.0,False,2024,Australia,R,81.254,28.261,18.02,34.973,83.0135,1.7594999999999885,81.924,-0.6700000000000017,-1.7594999999999885,84.074,84.20400000000001,-0.13000000000000966,57.0,0.8245614035087719,20.0,0.55,121.0,2209.0,0,0,1,0,0,0,1,0.0,0.0,11.0,19
TSU,RB,48.0,0 days 00:01:21.174000,0 days 00:00:28.276000,0 days 00:00:18.014000,0 days 00:00:34.884000,HARD,12.0,3.0,,,1,9.0,False,2024,Australia,R,81.174,28.276,18.014,34.884,83.0135,1.8394999999999868,81.924,-0.75,-1.8394999999999868,84.054,84.20400000000001,-0.15000000000000568,57.0,0.8421052631578947,20.0,0.6,144.0,2304.0,0,0,1,0,0,0,1,0.0,0.0,12.0,19
TSU,RB,49.0,0 days 00:01:21.303000,0 days 00:00:28.282000,0 days 00:00:18.017000,0 days 00:00:35.004000,HARD,13.0,3.0,,,1,9.0,False,2024,Australia,R,81.303,28.282,18.017,35.004,83.0135,1.7104999999999961,81.924,-0.6210000000000093,-1.7104999999999961,84.243,84.20400000000001,0.03899999999998727,57.0,0.8596491228070176,20.0,0.65,169.0,2401.0,0,0,1,0,0,0,1,0.0,0.0,13.0,19
TSU,RB,50.0,0 days 00:01:21.285000,0 days 00:00:28.300000,0 days 00:00:18.041000,0 days 00:00:34.944000,HARD,14.0,3.0,,,1,9.0,False,2024,Australia,R,81.285,28.3,18.041,34.944,83.0135,1.7284999999999968,81.924,-0.63900000000001,-1.7284999999999968,84.285,84.20400000000001,0.08099999999998886,57.0,0.8771929824561403,20.0,0.7,196.0,2500.0,0,0,1,0,0,0,1,0.0,0.0,14.0,19
TSU,RB,51.0,0 days 00:01:21.568000,0 days 00:00:28.220000,0 days 00:00:18.095000,0 days 00:00:35.253000,HARD,15.0,3.0,,,1,9.0,False,2024,Australia,R,81.568,28.22,18.095,35.253,83.0135,1.4454999999999956,81.924,-0.35600000000000875,-1.4454999999999956,84.628,84.20400000000001,0.4239999999999924,57.0,0.8947368421052632,20.0,0.75,225.0,2601.0,0,0,1,0,0,0,1,0.0,0.0,15.0,19
TSU,RB,52.0,0 days 00:01:21.647000,0 days 00:00:28.445000,0 days 00:00:18.095000,0 days 00:00:35.107000,HARD,16.0,3.0,,,1,9.0,False,2024,Australia,R,81.647,28.445,18.095,35.107,83.0135,1.3664999999999878,81.924,-0.277000000000001,-1.3664999999999878,84.76700000000001,84.20400000000001,0.5630000000000024,57.0,0.9122807017543859,20.0,0.8,256.0,2704.0,0,0,1,0,0,0,1,0.0,0.0,16.0,19
TSU,RB,53.0,0 days 00:01:21.553000,0 days 00:00:28.270000,0 days 00:00:18.125000,0 days 00:00:35.158000,HARD,17.0,3.0,,,1,9.0,False,2024,Australia,R,81.553,28.27,18.125,35.158,83.0135,1.4604999999999961,81.924,-0.3710000000000093,-1.4604999999999961,84.733,84.20400000000001,0.5289999999999964,57.0,0.9298245614035088,20.0,0.85,289.0,2809.0,0,0,1,0,0,0,1,0.0,0.0,17.0,19
TSU,RB,54.0,0 days 00:01:21.716000,0 days 00:00:28.338000,0 days 00:00:18.148000,0 days 00:00:35.230000,HARD,18.0,3.0,,,1,9.0,False,2024,Australia,R,81.716,28.338,18.148,35.23,83.0135,1.2974999999999994,81.924,-0.20800000000001262,-1.2974999999999994,84.95599999999999,84.20400000000001,0.7519999999999811,57.0,0.9473684210526315,20.0,0.9,324.0,2916.0,0,0,1,0,0,0,1,0.0,0.0,18.0,19
TSU,RB,55.0,0 days 00:01:21.677000,0 days 00:00:28.368000,0 days 00:00:18.132000,0 days 00:00:35.177000,HARD,19.0,3.0,,,1,9.0,False,2024,Australia,R,81.677,28.368,18.132,35.177,83.0135,1.3364999999999867,81.924,-0.2469999999999999,-1.3364999999999867,84.977,84.20400000000001,0.7729999999999961,57.0,0.9649122807017544,20.0,0.95,361.0,3025.0,0,0,1,0,0,0,1,0.0,0.0,19.0,19
TSU,RB,56.0,0 days 00:01:21.812000,0 days 00:00:28.530000,0 days 00:00:18.148000,0 days 00:00:35.134000,HARD,20.0,3.0,,,1,9.0,False,2024,Australia,R,81.812,28.53,18.148,35.134,83.0135,1.2014999999999958,81.924,-0.11200000000000898,-1.2014999999999958,85.172,84.20400000000001,0.9679999999999893,57.0,0.9824561403508771,20.0,1.0,400.0,3136.0,0,0,1,0,0,0,1,0.0,0.0,20.0,19
VER,Red Bull Racing,1.0,0 days 00:01:27.458000,,0 days 00:00:18.462000,0 days 00:00:35.518000,MEDIUM,1.0,1.0,,,1,1.0,False,2024,Australia,R,87.458,,18.462,35.518,84.099,3.3589999999999947,87.458,0.0,3.3589999999999947,87.518,87.518,0.0,57.0,0.017543859649122806,3.0,0.3333333333333333,1.0,1.0,1,0,0,1,0,1,0,0.0,1.0,0.0,3
VER,Red Bull Racing,2.0,0 days 00:01:24.099000,0 days 00:00:29.623000,0 days 00:00:18.375000,0 days 00:00:36.101000,MEDIUM,2.0,1.0,,,1,2.0,False,2024,Australia,R,84.099,29.623,18.375,36.101,84.099,0.0,87.458,-3.3589999999999947,0.0,84.21900000000001,87.518,-3.2989999999999924,57.0,0.03508771929824561,3.0,0.6666666666666666,4.0,4.0,1,0,0,1,0,1,0,0.0,2.0,0.0,3
VER,Red Bull Racing,3.0,0 days 00:01:23.115000,0 days 00:00:28.793000,0 days 00:00:18.573000,0 days 00:00:35.749000,MEDIUM,3.0,1.0,,,1,2.0,False,2024,Australia,R,83.115,28.793,18.573,35.749,84.099,0.9840000000000089,87.458,-4.3430000000000035,-0.9840000000000089,83.295,87.518,-4.222999999999999,57.0,0.05263157894736842,3.0,1.0,9.0,9.0,1,0,0,1,0,1,0,0.0,3.0,0.0,3
ZHO,Kick Sauber,2.0,0 days 00:01:24.379000,0 days 00:00:29.555000,0 days 00:00:18.148000,0 days 00:00:36.676000,SOFT,2.0,1.0,,,1,19.0,False,2024,Australia,R,84.379,29.555,18.148,36.676,83.1525,1.2265000000000015,84.379,0.0,1.2265000000000015,84.49900000000001,84.49900000000001,0.0,57.0,0.03508771929824561,5.0,0.4,4.0,4.0,1,0,0,1,1,0,0,2.0,0.0,0.0,4
ZHO,Kick Sauber,3.0,0 days 00:01:23.912000,0 days 00:00:29.466000,0 days 00:00:18.314000,0 days 00:00:36.132000,SOFT,3.0,1.0,,,1,19.0,False,2024,Australia,R,83.912,29.466,18.314,36.132,83.1525,0.7595000000000027,84.379,-0.46699999999999875,0.7595000000000027,84.09200000000001,84.49900000000001,-0.4069999999999965,57.0,0.05263157894736842,5.0,0.6,9.0,9.0,1,0,0,1,1,0,0,3.0,0.0,0.0,4
ZHO,Kick Sauber,4.0,0 days 00:01:23.948000,0 days 00:00:29.158000,0 days 00:00:18.187000,0 days 00:00:36.603000,SOFT,4.0,1.0,,,1,18.0,False,2024,Australia,R,83.948,29.158,18.187,36.603,83.1525,0.7954999999999899,84.379,-0.4310000000000116,0.7954999999999899,84.18799999999999,84.49900000000001,-0.31100000000002126,57.0,0.07017543859649122,5.0,0.8,16.0,16.0,1,0,0,1,1,0,0,4.0,0.0,0.0,4
ZHO,Kick Sauber,5.0,0 days 00:01:24.161000,0 days 00:00:29.236000,0 days 00:00:18.040000,0 days 00:00:36.885000,SOFT,5.0,1.0,,,1,17.0,False,2024,Australia,R,84.161,29.236,18.04,36.885,83.1525,1.008499999999998,84.379,-0.21800000000000352,1.008499999999998,84.461,84.49900000000001,-0.038000000000010914,57.0,0.08771929824561403,5.0,1.0,25.0,25.0,1,0,0,1,1,0,0,5.0,0.0,0.0,4
ZHO,Kick Sauber,8.0,0 days 00:01:24.402000,0 days 00:00:29.497000,0 days 00:00:18.682000,0 days 00:00:36.223000,HARD,3.0,2.0,,,1,17.0,False,2024,Australia,R,84.402,29.497,18.682,36.223,83.1525,1.2494999999999976,84.402,0.0,1.2494999999999976,84.882,84.882,0.0,57.0,0.14035087719298245,29.0,0.10344827586206896,9.0,64.0,0,1,0,1,0,0,1,0.0,0.0,3.0,26
ZHO,Kick Sauber,9.0,0 days 00:01:23.624000,0 days 00:00:29.129000,0 days 00:00:18.477000,0 days 00:00:36.018000,HARD,4.0,2.0,,,1,17.0,False,2024,Australia,R,83.624,29.129,18.477,36.018,83.1525,0.4714999999999918,84.402,-0.7780000000000058,0.4714999999999918,84.164,84.882,-0.7180000000000035,57.0,0.15789473684210525,29.0,0.13793103448275862,16.0,81.0,0,1,0,1,0,0,1,0.0,0.0,4.0,26
ZHO,Kick Sauber,10.0,0 days 00:01:23.660000,0 days 00:00:29.197000,0 days 00:00:18.524000,0 days 00:00:35.939000,HARD,5.0,2.0,,,1,17.0,False,2024,Australia,R,83.66,29.197,18.524,35.939,83.1525,0.5074999999999932,84.402,-0.7420000000000044,0.5074999999999932,84.25999999999999,84.882,-0.6220000000000141,57.0,0.17543859649122806,29.0,0.1724137931034483,25.0,100.0,0,1,0,1,0,0,1,0.0,0.0,5.0,26
ZHO,Kick Sauber,11.0,0 days 00:01:23.447000,0 days 00:00:29.027000,0 days 00:00:18.488000,0 days 00:00:35.932000,HARD,6.0,2.0,,,1,17.0,False,2024,Australia,R,83.447,29.027,18.488,35.932,83.1525,0.2944999999999993,84.402,-0.9549999999999983,0.2944999999999993,84.107,84.882,-0.7750000000000057,57.0,0.19298245614035087,29.0,0.20689655172413793,36.0,121.0,0,1,0,1,0,0,1,0.0,0.0,6.0,26
ZHO,Kick Sauber,12.0,0 days 00:01:23.177000,0 days 00:00:28.869000,0 days 00:00:18.421000,0 days 00:00:35.887000,HARD,7.0,2.0,,,1,17.0,False,2024,Australia,R,83.177,28.869,18.421,35.887,83.1525,0.024500000000003297,84.402,-1.2249999999999943,0.024500000000003297,83.897,84.882,-0.9849999999999994,57.0,0.21052631578947367,29.0,0.2413793103448276,49.0,144.0,0,1,0,1,0,0,1,0.0,0.0,7.0,26
ZHO,Kick Sauber,13.0,0 days 00:01:23.471000,0 days 00:00:29.107000,0 days 00:00:18.410000,0 days 00:00:35.954000,HARD,8.0,2.0,,,1,17.0,False,2024,Australia,R,83.471,29.107,18.41,35.954,83.1525,0.3185000000000002,84.402,-0.9309999999999974,0.3185000000000002,84.251,84.882,-0.6310000000000002,57.0,0.22807017543859648,29.0,0.27586206896551724,64.0,169.0,0,1,0,1,0,0,1,0.0,0.0,8.0,26
ZHO,Kick Sauber,14.0,0 days 00:01:23.302000,0 days 00:00:29.086000,0 days 00:00:18.441000,0 days 00:00:35.775000,HARD,9.0,2.0,,,1,17.0,False,2024,Australia,R,83.302,29.086,18.441,35.775,83.1525,0.1495000000000033,84.402,-1.0999999999999943,0.1495000000000033,84.14200000000001,84.882,-0.7399999999999949,57.0,0.24561403508771928,29.0,0.3103448275862069,81.0,196.0,0,1,0,1,0,0,1,0.0,0.0,9.0,26
ZHO,Kick Sauber,15.0,0 days 00:01:23.329000,0 days 00:00:29.070000,0 days 00:00:18.426000,0 days 00:00:35.833000,HARD,10.0,2.0,,,1,17.0,False,2024,Australia,R,83.329,29.07,18.426,35.833,83.1525,0.1764999999999901,84.402,-1.0730000000000075,0.1764999999999901,84.229,84.882,-0.6530000000000058,57.0,0.2631578947368421,29.0,0.3448275862068966,100.0,225.0,0,1,0,1,0,0,1,0.0,0.0,10.0,26
ZHO,Kick Sauber,16.0,0 days 00:01:23.339000,0 days 00:00:28.996000,0 days 00:00:18.305000,0 days 00:00:36.038000,HARD,11.0,2.0,,,12,15.0,False,2024,Australia,R,83.339,28.996,18.305,36.038,83.1525,0.18649999999999523,84.402,-1.0630000000000024,0.18649999999999523,84.29899999999999,84.882,-0.5830000000000126,57.0,0.2807017543859649,29.0,0.3793103448275862,121.0,256.0,0,1,0,1,0,0,1,0.0,0.0,11.0,26
ZHO,Kick Sauber,18.0,0 days 00:01:24.958000,0 days 00:00:30.106000,0 days 00:00:18.670000,0 days 00:00:36.182000,HARD,13.0,2.0,,,1,14.0,False,2024,Australia,R,84.958,30.106,18.67,36.182,83.1525,1.805499999999995,84.402,0.5559999999999974,1.805499999999995,86.038,84.882,1.1559999999999917,57.0,0.3157894736842105,29.0,0.4482758620689655,169.0,324.0,0,1,0,1,0,0,1,0.0,0.0,13.0,26
ZHO,Kick Sauber,19.0,0 days 00:01:23.537000,0 days 00:00:29.184000,0 days 00:00:18.441000,0 days 00:00:35.912000,HARD,14.0,2.0,,,1,14.0,False,2024,Australia,R,83.537,29.184,18.441,35.912,83.1525,0.38450000000000273,84.402,-0.8649999999999949,0.38450000000000273,84.677,84.882,-0.2049999999999983,57.0,0.3333333333333333,29.0,0.4827586206896552,196.0,361.0,0,1,0,0,0,0,1,0.0,0.0,14.0,26
ZHO,Kick Sauber,20.0,0 days 00:01:23.069000,0 days 00:00:28.950000,0 days 00:00:18.377000,0 days 00:00:35.742000,HARD,15.0,2.0,,,1,14.0,False,2024,Australia,R,83.069,28.95,18.377,35.742,83.1525,0.0835000000000008,84.402,-1.3329999999999984,-0.0835000000000008,84.269,84.882,-0.6129999999999995,57.0,0.3508771929824561,29.0,0.5172413793103449,225.0,400.0,0,1,0,0,0,0,1,0.0,0.0,15.0,26
ZHO,Kick Sauber,21.0,0 days 00:01:23.473000,0 days 00:00:29.095000,0 days 00:00:18.409000,0 days 00:00:35.969000,HARD,16.0,2.0,,,1,14.0,False,2024,Australia,R,83.473,29.095,18.409,35.969,83.1525,0.32049999999999557,84.402,-0.929000000000002,0.32049999999999557,84.733,84.882,-0.1490000000000009,57.0,0.3684210526315789,29.0,0.5517241379310345,256.0,441.0,0,1,0,0,0,0,1,0.0,0.0,16.0,26
ZHO,Kick Sauber,22.0,0 days 00:01:23.431000,0 days 00:00:29.084000,0 days 00:00:18.404000,0 days 00:00:35.943000,HARD,17.0,2.0,,,1,14.0,False,2024,Australia,R,83.431,29.084,18.404,35.943,83.1525,0.278499999999994,84.402,-0.9710000000000036,0.278499999999994,84.75099999999999,84.882,-0.13100000000001444,57.0,0.38596491228070173,29.0,0.5862068965517241,289.0,484.0,0,1,0,0,0,0,1,0.0,0.0,17.0,26
ZHO,Kick Sauber,23.0,0 days 00:01:23.264000,0 days 00:00:28.997000,0 days 00:00:18.387000,0 days 00:00:35.880000,HARD,18.0,2.0,,,1,14.0,False,2024,Australia,R,83.264,28.997,18.387,35.88,83.1525,0.11149999999999238,84.402,-1.1380000000000052,0.11149999999999238,84.64399999999999,84.882,-0.23800000000001376,57.0,0.40350877192982454,29.0,0.6206896551724138,324.0,529.0,0,1,0,0,0,0,1,0.0,0.0,18.0,26
ZHO,Kick Sauber,24.0,0 days 00:01:23.196000,0 days 00:00:28.947000,0 days 00:00:18.390000,0 days 00:00:35.859000,HARD,19.0,2.0,,,1,14.0,False,2024,Australia,R,83.196,28.947,18.39,35.859,83.1525,0.04349999999999454,84.402,-1.206000000000003,0.04349999999999454,84.636,84.882,-0.24600000000000932,57.0,0.42105263157894735,29.0,0.6551724137931034,361.0,576.0,0,1,0,0,0,0,1,0.0,0.0,19.0,26
ZHO,Kick Sauber,25.0,0 days 00:01:23.031000,0 days 00:00:29.065000,0 days 00:00:18.300000,0 days 00:00:35.666000,HARD,20.0,2.0,,,1,14.0,False,2024,Australia,R,83.031,29.065,18.3,35.666,83.1525,0.1214999999999975,84.402,-1.3709999999999951,-0.1214999999999975,84.531,84.882,-0.3509999999999991,57.0,0.43859649122807015,29.0,0.6896551724137931,400.0,625.0,0,1,0,0,0,0,1,0.0,0.0,20.0,26
ZHO,Kick Sauber,26.0,0 days 00:01:23.062000,0 days 00:00:28.892000,0 days 00:00:18.441000,0 days 00:00:35.729000,HARD,21.0,2.0,,,1,14.0,False,2024,Australia,R,83.062,28.892,18.441,35.729,83.1525,0.0905000000000058,84.402,-1.3400000000000034,-0.0905000000000058,84.622,84.882,-0.2600000000000051,57.0,0.45614035087719296,29.0,0.7241379310344828,441.0,676.0,0,1,0,0,0,0,1,0.0,0.0,21.0,26
ZHO,Kick Sauber,27.0,0 days 00:01:23.097000,0 days 00:00:28.839000,0 days 00:00:18.349000,0 days 00:00:35.909000,HARD,22.0,2.0,,,1,13.0,False,2024,Australia,R,83.097,28.839,18.349,35.909,83.1525,0.05550000000000921,84.402,-1.3050000000000068,-0.05550000000000921,84.717,84.882,-0.16500000000000625,57.0,0.47368421052631576,29.0,0.7586206896551724,484.0,729.0,0,1,0,0,0,0,1,0.0,0.0,22.0,26
ZHO,Kick Sauber,28.0,0 days 00:01:23.023000,0 days 00:00:28.924000,0 days 00:00:18.332000,0 days 00:00:35.767000,HARD,23.0,2.0,,,1,13.0,False,2024,Australia,R,83.023,28.924,18.332,35.767,83.1525,0.12950000000000728,84.402,-1.3790000000000049,-0.12950000000000728,84.703,84.882,-0.17900000000000205,57.0,0.49122807017543857,29.0,0.7931034482758621,529.0,784.0,0,1,0,0,0,0,1,0.0,0.0,23.0,26
ZHO,Kick Sauber,29.0,0 days 00:01:22.602000,0 days 00:00:28.809000,0 days 00:00:18.249000,0 days 00:00:35.544000,HARD,24.0,2.0,,,1,12.0,False,2024,Australia,R,82.602,28.809,18.249,35.544,83.1525,0.5504999999999995,84.402,-1.7999999999999972,-0.5504999999999995,84.342,84.882,-0.5400000000000063,57.0,0.5087719298245614,29.0,0.8275862068965517,576.0,841.0,0,1,0,0,0,0,1,0.0,0.0,24.0,26
ZHO,Kick Sauber,30.0,0 days 00:01:22.989000,0 days 00:00:28.908000,0 days 00:00:18.308000,0 days 00:00:35.773000,HARD,25.0,2.0,,,1,12.0,False,2024,Australia,R,82.989,28.908,18.308,35.773,83.1525,0.1634999999999991,84.402,-1.4129999999999967,-0.1634999999999991,84.789,84.882,-0.09300000000000352,57.0,0.5263157894736842,29.0,0.8620689655172413,625.0,900.0,0,1,0,0,0,0,1,0.0,0.0,25.0,26
ZHO,Kick Sauber,31.0,0 days 00:01:22.826000,0 days 00:00:28.813000,0 days 00:00:18.357000,0 days 00:00:35.656000,HARD,26.0,2.0,,,1,12.0,False,2024,Australia,R,82.826,28.813,18.357,35.656,83.1525,0.32650000000001,84.402,-1.5760000000000076,-0.32650000000001,84.68599999999999,84.882,-0.19600000000001216,57.0,0.543859649122807,29.0,0.896551724137931,676.0,961.0,0,1,0,0,0,0,1,0.0,0.0,26.0,26
ZHO,Kick Sauber,32.0,0 days 00:01:23.170000,0 days 00:00:28.988000,0 days 00:00:18.274000,0 days 00:00:35.908000,HARD,27.0,2.0,,,1,12.0,False,2024,Australia,R,83.17,28.988,18.274,35.908,83.1525,0.017499999999998295,84.402,-1.2319999999999993,0.017499999999998295,85.09,84.882,0.2079999999999984,57.0,0.5614035087719298,29.0,0.9310344827586207,729.0,1024.0,0,1,0,0,0,0,1,0.0,0.0,27.0,26
ZHO,Kick Sauber,33.0,0 days 00:01:23.246000,0 days 00:00:28.848000,0 days 00:00:18.365000,0 days 00:00:36.033000,HARD,28.0,2.0,,,1,11.0,False,2024,Australia,R,83.246,28.848,18.365,36.033,83.1525,0.0934999999999917,84.402,-1.156000000000006,0.0934999999999917,85.226,84.882,0.3439999999999941,57.0,0.5789473684210527,29.0,0.9655172413793104,784.0,1089.0,0,1,0,0,0,0,1,0.0,0.0,28.0,26
ZHO,Kick Sauber,34.0,0 days 00:01:23.068000,0 days 00:00:28.927000,0 days 00:00:18.358000,0 days 00:00:35.783000,HARD,29.0,2.0,,,1,11.0,False,2024,Australia,R,83.068,28.927,18.358,35.783,83.1525,0.08450000000000557,84.402,-1.3340000000000032,-0.08450000000000557,85.108,84.882,0.2259999999999991,57.0,0.5964912280701754,29.0,1.0,841.0,1156.0,0,1,0,0,0,0,1,0.0,0.0,29.0,26
ZHO,Kick Sauber,37.0,0 days 00:01:22.598000,0 days 00:00:28.596000,0 days 00:00:18.262000,0 days 00:00:35.740000,HARD,2.0,3.0,,,1,17.0,False,2024,Australia,R,82.598,28.596,18.262,35.74,83.1525,0.5545000000000044,82.598,0.0,-0.5545000000000044,84.818,84.818,0.0,57.0,0.6491228070175439,21.0,0.09523809523809523,4.0,1369.0,0,0,0,0,0,0,1,0.0,0.0,2.0,20
ZHO,Kick Sauber,38.0,0 days 00:01:22.430000,0 days 00:00:28.906000,0 days 00:00:18.190000,0 days 00:00:35.334000,HARD,3.0,3.0,,,1,17.0,False,2024,Australia,R,82.43,28.906,18.19,35.334,83.1525,0.7224999999999966,82.598,-0.16799999999999216,-0.7224999999999966,84.71000000000001,84.818,-0.10799999999998988,57.0,0.6666666666666666,21.0,0.14285714285714285,9.0,1444.0,0,0,1,0,0,0,1,0.0,0.0,3.0,20
ZHO,Kick Sauber,39.0,0 days 00:01:22.008000,0 days 00:00:28.476000,0 days 00:00:18.181000,0 days 00:00:35.351000,HARD,4.0,3.0,,,1,17.0,False,2024,Australia,R,82.008,28.476,18.181,35.351,83.1525,1.1445000000000078,82.598,-0.5900000000000034,-1.1445000000000078,84.348,84.818,-0.46999999999999886,57.0,0.6842105263157895,21.0,0.19047619047619047,16.0,1521.0,0,0,1,0,0,0,1,0.0,0.0,4.0,20
ZHO,Kick Sauber,40.0,0 days 00:01:21.908000,0 days 00:00:28.391000,0 days 00:00:18.108000,0 days 00:00:35.409000,HARD,5.0,3.0,,,1,17.0,False,2024,Australia,R,81.908,28.391,18.108,35.409,83.1525,1.2445000000000022,82.598,-0.6899999999999977,-1.2445000000000022,84.308,84.818,-0.5099999999999909,57.0,0.7017543859649122,21.0,0.23809523809523808,25.0,1600.0,0,0,1,0,0,0,1,0.0,0.0,5.0,20
ZHO,Kick Sauber,41.0,0 days 00:01:23.999000,0 days 00:00:28.641000,0 days 00:00:18.957000,0 days 00:00:36.401000,HARD,6.0,3.0,,,1,17.0,False,2024,Australia,R,83.999,28.641,18.957,36.401,83.1525,0.8464999999999918,82.598,1.4009999999999962,0.8464999999999918,86.45899999999999,84.818,1.6409999999999911,57.0,0.7192982456140351,21.0,0.2857142857142857,36.0,1681.0,0,0,1,0,0,0,1,0.0,0.0,6.0,20
ZHO,Kick Sauber,42.0,0 days 00:01:22.195000,0 days 00:00:28.581000,0 days 00:00:18.041000,0 days 00:00:35.573000,HARD,7.0,3.0,,,1,17.0,False,2024,Australia,R,82.195,28.581,18.041,35.573,83.1525,0.9575000000000102,82.598,-0.4030000000000058,-0.9575000000000102,84.71499999999999,84.818,-0.10300000000000864,57.0,0.7368421052631579,21.0,0.3333333333333333,49.0,1764.0,0,0,1,0,0,0,1,0.0,0.0,7.0,20
ZHO,Kick Sauber,43.0,0 days 00:01:23.827000,0 days 00:00:30.079000,0 days 00:00:18.142000,0 days 00:00:35.606000,HARD,8.0,3.0,,,1,16.0,False,2024,Australia,R,83.827,30.079,18.142,35.606,83.1525,0.6744999999999948,82.598,1.2289999999999992,0.6744999999999948,86.407,84.818,1.5889999999999986,57.0,0.7543859649122807,21.0,0.38095238095238093,64.0,1849.0,0,0,1,0,0,0,1,0.0,0.0,8.0,20
ZHO,Kick Sauber,44.0,0 days 00:01:22.147000,0 days 00:00:28.709000,0 days 00:00:18.003000,0 days 00:00:35.435000,HARD,9.0,3.0,,,1,16.0,False,2024,Australia,R,82.147,28.709,18.003,35.435,83.1525,1.0054999999999978,82.598,-0.4509999999999934,-1.0054999999999978,84.787,84.818,-0.0309999999999917,57.0,0.7719298245614035,21.0,0.42857142857142855,81.0,1936.0,0,0,1,0,0,0,1,0.0,0.0,9.0,20
ZHO,Kick Sauber,45.0,0 days 00:01:21.609000,0 days 00:00:28.403000,0 days 00:00:18.006000,0 days 00:00:35.200000,HARD,10.0,3.0,,,1,16.0,False,2024,Australia,R,81.609,28.403,18.006,35.2,83.1525,1.5435000000000088,82.598,-0.9890000000000043,-1.5435000000000088,84.309,84.818,-0.5090000000000003,57.0,0.7894736842105263,21.0,0.47619047619047616,100.0,2025.0,0,0,1,0,0,0,1,0.0,0.0,10.0,20
ZHO,Kick Sauber,46.0,0 days 00:01:21.663000,0 days 00:00:28.342000,0 days 00:00:17.961000,0 days 00:00:35.360000,HARD,11.0,3.0,,,1,16.0,False,2024,Australia,R,81.663,28.342,17.961,35.36,83.1525,1.4895000000000067,82.598,-0.9350000000000023,-1.4895000000000067,84.423,84.818,-0.394999999999996,57.0,0.8070175438596491,21.0,0.5238095238095238,121.0,2116.0,0,0,1,0,0,0,1,0.0,0.0,11.0,20
ZHO,Kick Sauber,47.0,0 days 00:01:21.776000,0 days 00:00:28.474000,0 days 00:00:18.026000,0 days 00:00:35.276000,HARD,12.0,3.0,,,1,16.0,False,2024,Australia,R,81.776,28.474,18.026,35.276,83.1525,1.3765000000000072,82.598,-0.8220000000000027,-1.3765000000000072,84.59599999999999,84.818,-0.2220000000000084,57.0,0.8245614035087719,21.0,0.5714285714285714,144.0,2209.0,0,0,1,0,0,0,1,0.0,0.0,12.0,20
ZHO,Kick Sauber,48.0,0 days 00:01:23.135000,0 days 00:00:28.701000,0 days 00:00:18.848000,0 days 00:00:35.586000,HARD,13.0,3.0,,,1,16.0,False,2024,Australia,R,83.135,28.701,18.848,35.586,83.1525,0.017499999999998295,82.598,0.5370000000000061,-0.017499999999998295,86.015,84.818,1.1970000000000027,57.0,0.8421052631578947,21.0,0.6190476190476191,169.0,2304.0,0,0,1,0,0,0,1,0.0,0.0,13.0,20
ZHO,Kick Sauber,49.0,0 days 00:01:21.327000,0 days 00:00:28.288000,0 days 00:00:17.953000,0 days 00:00:35.086000,HARD,14.0,3.0,,,1,16.0,False,2024,Australia,R,81.327,28.288,17.953,35.086,83.1525,1.8255000000000052,82.598,-1.2710000000000008,-1.8255000000000052,84.267,84.818,-0.5510000000000019,57.0,0.8596491228070176,21.0,0.6666666666666666,196.0,2401.0,0,0,1,0,0,0,1,0.0,0.0,14.0,20
ZHO,Kick Sauber,50.0,0 days 00:01:21.831000,0 days 00:00:28.509000,0 days 00:00:18.043000,0 days 00:00:35.279000,HARD,15.0,3.0,,,1,16.0,False,2024,Australia,R,81.831,28.509,18.043,35.279,83.1525,1.3215000000000003,82.598,-0.7669999999999959,-1.3215000000000003,84.831,84.818,0.01300000000000523,57.0,0.8771929824561403,21.0,0.7142857142857143,225.0,2500.0,0,0,1,0,0,0,1,0.0,0.0,15.0,20
ZHO,Kick Sauber,51.0,0 days 00:01:21.830000,0 days 00:00:28.516000,0 days 00:00:18.063000,0 days 00:00:35.251000,HARD,16.0,3.0,,,1,16.0,False,2024,Australia,R,81.83,28.516,18.063,35.251,83.1525,1.3225000000000051,82.598,-0.7680000000000007,-1.3225000000000051,84.89,84.818,0.07200000000000273,57.0,0.8947368421052632,21.0,0.7619047619047619,256.0,2601.0,0,0,1,0,0,0,1,0.0,0.0,16.0,20
ZHO,Kick Sauber,52.0,0 days 00:01:22.060000,0 days 00:00:28.554000,0 days 00:00:18.137000,0 days 00:00:35.369000,HARD,17.0,3.0,,,1,16.0,False,2024,Australia,R,82.06,28.554,18.137,35.369,83.1525,1.0925000000000011,82.598,-0.5379999999999967,-1.0925000000000011,85.18,84.818,0.362000000000009,57.0,0.9122807017543859,21.0,0.8095238095238095,289.0,2704.0,0,0,1,0,0,0,1,0.0,0.0,17.0,20
ZHO,Kick Sauber,53.0,0 days 00:01:22.184000,0 days 00:00:28.537000,0 days 00:00:18.159000,0 days 00:00:35.488000,HARD,18.0,3.0,,,1,16.0,False,2024,Australia,R,82.184,28.537,18.159,35.488,83.1525,0.9685000000000059,82.598,-0.4140000000000015,-0.9685000000000059,85.364,84.818,0.5460000000000065,57.0,0.9298245614035088,21.0,0.8571428571428571,324.0,2809.0,0,0,1,0,0,0,1,0.0,0.0,18.0,20
ZHO,Kick Sauber,54.0,0 days 00:01:22.067000,0 days 00:00:28.629000,0 days 00:00:18.202000,0 days 00:00:35.236000,HARD,19.0,3.0,,,1,16.0,False,2024,Australia,R,82.067,28.629,18.202,35.236,83.1525,1.0855000000000103,82.598,-0.5310000000000059,-1.0855000000000103,85.30699999999999,84.818,0.4889999999999901,57.0,0.9473684210526315,21.0,0.9047619047619048,361.0,2916.0,0,0,1,0,0,0,1,0.0,0.0,19.0,20
ZHO,Kick Sauber,55.0,0 days 00:01:21.798000,0 days 00:00:28.526000,0 days 00:00:18.117000,0 days 00:00:35.155000,HARD,20.0,3.0,,,1,16.0,False,2024,Australia,R,81.798,28.526,18.117,35.155,83.1525,1.3545000000000016,82.598,-0.7999999999999972,-1.3545000000000016,85.098,84.818,0.28000000000000114,57.0,0.9649122807017544,21.0,0.9523809523809523,400.0,3025.0,0,0,1,0,0,0,1,0.0,0.0,20.0,20
ZHO,Kick Sauber,56.0,0 days 00:01:28.058000,0 days 00:00:28.458000,0 days 00:00:18.136000,0 days 00:00:41.464000,HARD,21.0,3.0,,,126,16.0,False,2024,Australia,R,88.058,28.458,18.136,41.464,83.1525,4.9055000000000035,82.598,5.460000000000008,4.9055000000000035,91.418,84.818,6.6000000000000085,57.0,0.9824561403508771,21.0,1.0,441.0,3136.0,0,0,1,0,0,0,1,0.0,0.0,21.0,20
