Driver,Team,LapNumber,LapTime,Sector1Time,Sector2Time,Sector3Time,Compound,TyreLife,Stint,PitInTime,PitOutTime,TrackStatus,Position,Deleted,season,race,session_type,lap_time_seconds,sector1_seconds,sector2_seconds,sector3_seconds,driver_median_lap,abs_delta_from_median,stint_baseline_lap_time,lap_time_delta_from_stint_start,normalized_lap_time,fuel_adjusted_lap_time,stint_baseline_fuel_adjusted_lap_time,fuel_adjusted_degradation_delta,race_max_lap,race_phase,stint_max_tyre_life,stint_progress,tyre_life_squared,lap_number_squared,is_first_stint,is_second_stint,is_late_race,is_early_race,is_soft,is_medium,is_hard,soft_tyre_life,medium_tyre_life,hard_tyre_life,stint_lap_count
ALB,Williams,2.0,0 days 00:01:34.925000,0 days 00:00:32.833000,0 days 00:00:36.217000,0 days 00:00:25.875000,MEDIUM,2.0,1.0,,,1,14.0,False,2024,Miami,R,94.925,32.833,36.217,25.875,93.677,1.2479999999999905,94.925,0.0,1.2479999999999905,95.045,95.045,0.0,57.0,0.03508771929824561,9.0,0.2222222222222222,4.0,4.0,1,0,0,1,0,1,0,0.0,2.0,0.0,7
ALB,Williams,3.0,0 days 00:01:34.309000,0 days 00:00:32.569000,0 days 00:00:35.701000,0 days 00:00:26.039000,MEDIUM,3.0,1.0,,,1,14.0,False,2024,Miami,R,94.309,32.569,35.701,26.039,93.677,0.6319999999999908,94.925,-0.6159999999999997,0.6319999999999908,94.489,95.045,-0.5559999999999974,57.0,0.05263157894736842,9.0,0.3333333333333333,9.0,9.0,1,0,0,1,0,1,0,0.0,3.0,0.0,7
ALB,Williams,4.0,0 days 00:01:33.889000,0 days 00:00:32.383000,0 days 00:00:35.633000,0 days 00:00:25.873000,MEDIUM,4.0,1.0,,,1,14.0,False,2024,Miami,R,93.889,32.383,35.633,25.873,93.677,0.21199999999998909,94.925,-1.0360000000000014,0.21199999999998909,94.12899999999999,95.045,-0.916000000000011,57.0,0.07017543859649122,9.0,0.4444444444444444,16.0,16.0,1,0,0,1,0,1,0,0.0,4.0,0.0,7
ALB,Williams,5.0,0 days 00:01:34.174000,0 days 00:00:32.401000,0 days 00:00:35.666000,0 days 00:00:26.107000,MEDIUM,5.0,1.0,,,1,14.0,False,2024,Miami,R,94.174,32.401,35.666,26.107,93.677,0.4969999999999999,94.925,-0.7509999999999906,0.4969999999999999,94.474,95.045,-0.570999999999998,57.0,0.08771929824561403,9.0,0.5555555555555556,25.0,25.0,1,0,0,1,0,1,0,0.0,5.0,0.0,7
ALB,Williams,6.0,0 days 00:01:34.260000,0 days 00:00:32.643000,0 days 00:00:35.645000,0 days 00:00:25.972000,MEDIUM,6.0,1.0,,,1,14.0,False,2024,Miami,R,94.26,32.643,35.645,25.972,93.677,0.5829999999999984,94.925,-0.664999999999992,0.5829999999999984,94.62,95.045,-0.42499999999999716,57.0,0.10526315789473684,9.0,0.6666666666666666,36.0,36.0,1,0,0,1,0,1,0,0.0,6.0,0.0,7
ALB,Williams,7.0,0 days 00:01:34.475000,0 days 00:00:32.519000,0 days 00:00:35.673000,0 days 00:00:26.283000,MEDIUM,7.0,1.0,,,1,14.0,False,2024,Miami,R,94.475,32.519,35.673,26.283,93.677,0.7979999999999876,94.925,-0.45000000000000284,0.7979999999999876,94.895,95.045,-0.15000000000000568,57.0,0.12280701754385964,9.0,0.7777777777777778,49.0,49.0,1,0,0,1,0,1,0,0.0,7.0,0.0,7
ALB,Williams,9.0,0 days 00:01:34.249000,0 days 00:00:32.442000,0 days 00:00:35.790000,0 days 00:00:26.017000,MEDIUM,9.0,1.0,,,1,14.0,False,2024,Miami,R,94.249,32.442,35.79,26.017,93.677,0.5719999999999885,94.925,-0.6760000000000019,0.5719999999999885,94.789,95.045,-0.2560000000000002,57.0,0.15789473684210525,9.0,1.0,81.0,81.0,1,0,0,1,0,1,0,0.0,9.0,0.0,7
ALB,Williams,13.0,0 days 00:01:34.490000,0 days 00:00:32.533000,0 days 00:00:35.832000,0 days 00:00:26.125000,HARD,3.0,2.0,,,1,18.0,False,2024,Miami,R,94.49,32.533,35.832,26.125,93.677,0.8129999999999882,94.49,0.0,0.8129999999999882,95.27,95.27,0.0,57.0,0.22807017543859648,42.0,0.07142857142857142,9.0,169.0,0,1,0,1,0,0,1,0.0,0.0,3.0,33
ALB,Williams,14.0,0 days 00:01:33.929000,0 days 00:00:32.128000,0 days 00:00:35.653000,0 days 00:00:26.148000,HARD,4.0,2.0,,,1,18.0,False,2024,Miami,R,93.929,32.128,35.653,26.148,93.677,0.25199999999999534,94.49,-0.5609999999999928,0.25199999999999534,94.769,95.27,-0.5009999999999906,57.0,0.24561403508771928,42.0,0.09523809523809523,16.0,196.0,0,1,0,1,0,0,1,0.0,0.0,4.0,33
ALB,Williams,15.0,0 days 00:01:33.447000,0 days 00:00:32.072000,0 days 00:00:35.358000,0 days 00:00:26.017000,HARD,5.0,2.0,,,1,18.0,False,2024,Miami,R,93.447,32.072,35.358,26.017,93.677,0.23000000000000398,94.49,-1.0429999999999922,-0.23000000000000398,94.34700000000001,95.27,-0.9229999999999876,57.0,0.2631578947368421,42.0,0.11904761904761904,25.0,225.0,0,1,0,1,0,0,1,0.0,0.0,5.0,33
ALB,Williams,16.0,0 days 00:01:34.178000,0 days 00:00:32.389000,0 days 00:00:35.615000,0 days 00:00:26.174000,HARD,6.0,2.0,,,1,18.0,False,2024,Miami,R,94.178,32.389,35.615,26.174,93.677,0.5009999999999906,94.49,-0.3119999999999976,0.5009999999999906,95.13799999999999,95.27,-0.132000000000005,57.0,0.2807017543859649,42.0,0.14285714285714285,36.0,256.0,0,1,0,1,0,0,1,0.0,0.0,6.0,33
ALB,Williams,17.0,0 days 00:01:33.683000,0 days 00:00:31.987000,0 days 00:00:35.621000,0 days 00:00:26.075000,HARD,7.0,2.0,,,1,18.0,False,2024,Miami,R,93.683,31.987,35.621,26.075,93.677,0.006000000000000227,94.49,-0.806999999999988,0.006000000000000227,94.703,95.27,-0.5669999999999931,57.0,0.2982456140350877,42.0,0.16666666666666666,49.0,289.0,0,1,0,1,0,0,1,0.0,0.0,7.0,33
ALB,Williams,18.0,0 days 00:01:33.692000,0 days 00:00:31.990000,0 days 00:00:35.639000,0 days 00:00:26.063000,HARD,8.0,2.0,,,1,18.0,False,2024,Miami,R,93.692,31.99,35.639,26.063,93.677,0.014999999999986358,94.49,-0.7980000000000018,0.014999999999986358,94.77199999999999,95.27,-0.49800000000000466,57.0,0.3157894736842105,42.0,0.19047619047619047,64.0,324.0,0,1,0,1,0,0,1,0.0,0.0,8.0,33
ALB,Williams,19.0,0 days 00:01:33.671000,0 days 00:00:32.133000,0 days 00:00:35.512000,0 days 00:00:26.026000,HARD,9.0,2.0,,,1,18.0,False,2024,Miami,R,93.671,32.133,35.512,26.026,93.677,0.006000000000000227,94.49,-0.8189999999999884,-0.006000000000000227,94.811,95.27,-0.458999999999989,57.0,0.3333333333333333,42.0,0.21428571428571427,81.0,361.0,0,1,0,0,0,0,1,0.0,0.0,9.0,33
ALB,Williams,20.0,0 days 00:01:33.584000,0 days 00:00:32.087000,0 days 00:00:35.504000,0 days 00:00:25.993000,HARD,10.0,2.0,,,1,18.0,False,2024,Miami,R,93.584,32.087,35.504,25.993,93.677,0.09300000000000352,94.49,-0.9059999999999917,-0.09300000000000352,94.784,95.27,-0.48599999999999,57.0,0.3508771929824561,42.0,0.23809523809523808,100.0,400.0,0,1,0,0,0,0,1,0.0,0.0,10.0,33
ALB,Williams,21.0,0 days 00:01:33.607000,0 days 00:00:32.136000,0 days 00:00:35.450000,0 days 00:00:26.021000,HARD,11.0,2.0,,,1,18.0,False,2024,Miami,R,93.607,32.136,35.45,26.021,93.677,0.07000000000000739,94.49,-0.8829999999999956,-0.07000000000000739,94.867,95.27,-0.4029999999999916,57.0,0.3684210526315789,42.0,0.2619047619047619,121.0,441.0,0,1,0,0,0,0,1,0.0,0.0,11.0,33
ALB,Williams,23.0,0 days 00:01:38.596000,0 days 00:00:37.219000,0 days 00:00:35.465000,0 days 00:00:25.912000,HARD,13.0,2.0,,,671,17.0,False,2024,Miami,R,98.596,37.219,35.465,25.912,93.677,4.918999999999997,94.49,4.106000000000009,4.918999999999997,99.976,95.27,4.706000000000003,57.0,0.40350877192982454,42.0,0.30952380952380953,169.0,529.0,0,1,0,0,0,0,1,0.0,0.0,13.0,33
ALB,Williams,24.0,0 days 00:01:33.960000,0 days 00:00:32.093000,0 days 00:00:35.790000,0 days 00:00:26.077000,HARD,14.0,2.0,,,1,17.0,False,2024,Miami,R,93.96,32.093,35.79,26.077,93.677,0.28299999999998704,94.49,-0.5300000000000011,0.28299999999998704,95.39999999999999,95.27,0.12999999999999545,57.0,0.42105263157894735,42.0,0.3333333333333333,196.0,576.0,0,1,0,0,0,0,1,0.0,0.0,14.0,33
ALB,Williams,25.0,0 days 00:01:33.429000,0 days 00:00:31.829000,0 days 00:00:35.648000,0 days 00:00:25.952000,HARD,15.0,2.0,,,1,17.0,False,2024,Miami,R,93.429,31.829,35.648,25.952,93.677,0.24800000000000466,94.49,-1.0609999999999928,-0.24800000000000466,94.929,95.27,-0.340999999999994,57.0,0.43859649122807015,42.0,0.35714285714285715,225.0,625.0,0,1,0,0,0,0,1,0.0,0.0,15.0,33
ALB,Williams,26.0,0 days 00:01:33.474000,0 days 00:00:32.075000,0 days 00:00:35.593000,0 days 00:00:25.806000,HARD,16.0,2.0,,,1,17.0,False,2024,Miami,R,93.474,32.075,35.593,25.806,93.677,0.20300000000000296,94.49,-1.0159999999999911,-0.20300000000000296,95.034,95.27,-0.23599999999999,57.0,0.45614035087719296,42.0,0.38095238095238093,256.0,676.0,0,1,0,0,0,0,1,0.0,0.0,16.0,33
ALB,Williams,27.0,0 days 00:01:33.780000,0 days 00:00:32.175000,0 days 00:00:35.656000,0 days 00:00:25.949000,HARD,17.0,2.0,,,1,17.0,False,2024,Miami,R,93.78,32.175,35.656,25.949,93.677,0.10299999999999443,94.49,-0.7099999999999937,0.10299999999999443,95.4,95.27,0.13000000000000966,57.0,0.47368421052631576,42.0,0.40476190476190477,289.0,729.0,0,1,0,0,0,0,1,0.0,0.0,17.0,33
ALB,Williams,33.0,0 days 00:01:33.921000,0 days 00:00:32.204000,0 days 00:00:35.693000,0 days 00:00:26.024000,HARD,23.0,2.0,,,1,13.0,False,2024,Miami,R,93.921,32.204,35.693,26.024,93.677,0.24399999999999977,94.49,-0.5689999999999884,0.24399999999999977,95.90100000000001,95.27,0.6310000000000144,57.0,0.5789473684210527,42.0,0.5476190476190477,529.0,1089.0,0,1,0,0,0,0,1,0.0,0.0,23.0,33
ALB,Williams,34.0,0 days 00:01:33.497000,0 days 00:00:32.392000,0 days 00:00:35.268000,0 days 00:00:25.837000,HARD,24.0,2.0,,,1,13.0,False,2024,Miami,R,93.497,32.392,35.268,25.837,93.677,0.18000000000000682,94.49,-0.992999999999995,-0.18000000000000682,95.537,95.27,0.2670000000000101,57.0,0.5964912280701754,42.0,0.5714285714285714,576.0,1156.0,0,1,0,0,0,0,1,0.0,0.0,24.0,33
ALB,Williams,35.0,0 days 00:01:32.855000,0 days 00:00:31.885000,0 days 00:00:35.316000,0 days 00:00:25.654000,HARD,25.0,2.0,,,1,13.0,False,2024,Miami,R,92.855,31.885,35.316,25.654,93.677,0.8220000000000027,94.49,-1.634999999999991,-0.8220000000000027,94.955,95.27,-0.3149999999999977,57.0,0.6140350877192983,42.0,0.5952380952380952,625.0,1225.0,0,1,0,0,0,0,1,0.0,0.0,25.0,33
ALB,Williams,36.0,0 days 00:01:33.157000,0 days 00:00:32.088000,0 days 00:00:35.372000,0 days 00:00:25.697000,HARD,26.0,2.0,,,1,13.0,False,2024,Miami,R,93.157,32.088,35.372,25.697,93.677,0.5200000000000102,94.49,-1.3329999999999984,-0.5200000000000102,95.317,95.27,0.046999999999997044,57.0,0.631578947368421,42.0,0.6190476190476191,676.0,1296.0,0,1,0,0,0,0,1,0.0,0.0,26.0,33
ALB,Williams,37.0,0 days 00:01:33.054000,0 days 00:00:31.875000,0 days 00:00:35.273000,0 days 00:00:25.906000,HARD,27.0,2.0,,,1,13.0,False,2024,Miami,R,93.054,31.875,35.273,25.906,93.677,0.6230000000000047,94.49,-1.4359999999999928,-0.6230000000000047,95.274,95.27,0.0040000000000048885,57.0,0.6491228070175439,42.0,0.6428571428571429,729.0,1369.0,0,1,0,0,0,0,1,0.0,0.0,27.0,33
ALB,Williams,38.0,0 days 00:01:32.997000,0 days 00:00:31.887000,0 days 00:00:35.245000,0 days 00:00:25.865000,HARD,28.0,2.0,,,1,13.0,False,2024,Miami,R,92.997,31.887,35.245,25.865,93.677,0.6800000000000068,94.49,-1.492999999999995,-0.6800000000000068,95.277,95.27,0.007000000000005002,57.0,0.6666666666666666,42.0,0.6666666666666666,784.0,1444.0,0,1,1,0,0,0,1,0.0,0.0,28.0,33
ALB,Williams,39.0,0 days 00:01:33.499000,0 days 00:00:31.825000,0 days 00:00:35.813000,0 days 00:00:25.861000,HARD,29.0,2.0,,,1,13.0,False,2024,Miami,R,93.499,31.825,35.813,25.861,93.677,0.17800000000001148,94.49,-0.9909999999999997,-0.17800000000001148,95.839,95.27,0.5690000000000026,57.0,0.6842105263157895,42.0,0.6904761904761905,841.0,1521.0,0,1,1,0,0,0,1,0.0,0.0,29.0,33
ALB,Williams,40.0,0 days 00:01:32.765000,0 days 00:00:31.688000,0 days 00:00:35.210000,0 days 00:00:25.867000,HARD,30.0,2.0,,,1,13.0,False,2024,Miami,R,92.765,31.688,35.21,25.867,93.677,0.9120000000000061,94.49,-1.7249999999999943,-0.9120000000000061,95.165,95.27,-0.10499999999998977,57.0,0.7017543859649122,42.0,0.7142857142857143,900.0,1600.0,0,1,1,0,0,0,1,0.0,0.0,30.0,33
ALB,Williams,41.0,0 days 00:01:33.642000,0 days 00:00:32.478000,0 days 00:00:35.414000,0 days 00:00:25.750000,HARD,31.0,2.0,,,1,13.0,False,2024,Miami,R,93.642,32.478,35.414,25.75,93.677,0.0350000000000108,94.49,-0.847999999999999,-0.0350000000000108,96.10199999999999,95.27,0.8319999999999936,57.0,0.7192982456140351,42.0,0.7380952380952381,961.0,1681.0,0,1,1,0,0,0,1,0.0,0.0,31.0,33
ALB,Williams,42.0,0 days 00:01:32.947000,0 days 00:00:31.693000,0 days 00:00:35.201000,0 days 00:00:26.053000,HARD,32.0,2.0,,,1,13.0,False,2024,Miami,R,92.947,31.693,35.201,26.053,93.677,0.730000000000004,94.49,-1.5429999999999922,-0.730000000000004,95.467,95.27,0.19700000000000273,57.0,0.7368421052631579,42.0,0.7619047619047619,1024.0,1764.0,0,1,1,0,0,0,1,0.0,0.0,32.0,33
ALB,Williams,43.0,0 days 00:01:32.681000,0 days 00:00:31.669000,0 days 00:00:35.142000,0 days 00:00:25.870000,HARD,33.0,2.0,,,1,13.0,False,2024,Miami,R,92.681,31.669,35.142,25.87,93.677,0.9960000000000093,94.49,-1.8089999999999975,-0.9960000000000093,95.261,95.27,-0.009000000000000341,57.0,0.7543859649122807,42.0,0.7857142857142857,1089.0,1849.0,0,1,1,0,0,0,1,0.0,0.0,33.0,33
ALB,Williams,44.0,0 days 00:01:32.778000,0 days 00:00:31.626000,0 days 00:00:35.295000,0 days 00:00:25.857000,HARD,34.0,2.0,,,1,13.0,False,2024,Miami,R,92.778,31.626,35.295,25.857,93.677,0.8990000000000009,94.49,-1.711999999999989,-0.8990000000000009,95.418,95.27,0.14800000000001035,57.0,0.7719298245614035,42.0,0.8095238095238095,1156.0,1936.0,0,1,1,0,0,0,1,0.0,0.0,34.0,33
ALB,Williams,45.0,0 days 00:01:32.565000,0 days 00:00:31.620000,0 days 00:00:35.181000,0 days 00:00:25.764000,HARD,35.0,2.0,,,1,13.0,False,2024,Miami,R,92.565,31.62,35.181,25.764,93.677,1.112000000000009,94.49,-1.9249999999999972,-1.112000000000009,95.265,95.27,-0.0049999999999954525,57.0,0.7894736842105263,42.0,0.8333333333333334,1225.0,2025.0,0,1,1,0,0,0,1,0.0,0.0,35.0,33
ALB,Williams,46.0,0 days 00:01:32.801000,0 days 00:00:31.790000,0 days 00:00:35.355000,0 days 00:00:25.656000,HARD,36.0,2.0,,,1,13.0,False,2024,Miami,R,92.801,31.79,35.355,25.656,93.677,0.8760000000000048,94.49,-1.688999999999993,-0.8760000000000048,95.561,95.27,0.291000000000011,57.0,0.8070175438596491,42.0,0.8571428571428571,1296.0,2116.0,0,1,1,0,0,0,1,0.0,0.0,36.0,33
ALB,Williams,47.0,0 days 00:01:32.660000,0 days 00:00:31.751000,0 days 00:00:35.224000,0 days 00:00:25.685000,HARD,37.0,2.0,,,1,13.0,False,2024,Miami,R,92.66,31.751,35.224,25.685,93.677,1.0170000000000101,94.49,-1.8299999999999983,-1.0170000000000101,95.47999999999999,95.27,0.20999999999999375,57.0,0.8245614035087719,42.0,0.8809523809523809,1369.0,2209.0,0,1,1,0,0,0,1,0.0,0.0,37.0,33
ALB,Williams,48.0,0 days 00:01:32.552000,0 days 00:00:31.803000,0 days 00:00:35.100000,0 days 00:00:25.649000,HARD,38.0,2.0,,,1,13.0,False,2024,Miami,R,92.552,31.803,35.1,25.649,93.677,1.125,94.49,-1.9379999999999882,-1.125,95.432,95.27,0.16200000000000614,57.0,0.8421052631578947,42.0,0.9047619047619048,1444.0,2304.0,0,1,1,0,0,0,1,0.0,0.0,38.0,33
ALB,Williams,49.0,0 days 00:01:32.646000,0 days 00:00:31.557000,0 days 00:00:35.264000,0 days 00:00:25.825000,HARD,39.0,2.0,,,1,13.0,False,2024,Miami,R,92.646,31.557,35.264,25.825,93.677,1.031000000000006,94.49,-1.843999999999994,-1.031000000000006,95.586,95.27,0.3160000000000025,57.0,0.8596491228070176,42.0,0.9285714285714286,1521.0,2401.0,0,1,1,0,0,0,1,0.0,0.0,39.0,33
ALB,Williams,51.0,0 days 00:01:34.142000,0 days 00:00:32.673000,0 days 00:00:35.619000,0 days 00:00:25.850000,HARD,41.0,2.0,,,1,13.0,False,2024,Miami,R,94.142,32.673,35.619,25.85,93.677,0.4649999999999892,94.49,-0.347999999999999,0.4649999999999892,97.202,95.27,1.9320000000000022,57.0,0.8947368421052632,42.0,0.9761904761904762,1681.0,2601.0,0,1,1,0,0,0,1,0.0,0.0,41.0,33
ALB,Williams,52.0,0 days 00:01:35.038000,0 days 00:00:34.018000,0 days 00:00:35.371000,0 days 00:00:25.649000,HARD,42.0,2.0,,,1,15.0,False,2024,Miami,R,95.038,34.018,35.371,25.649,93.677,1.36099999999999,94.49,0.5480000000000018,1.36099999999999,98.158,95.27,2.8880000000000052,57.0,0.9122807017543859,42.0,1.0,1764.0,2704.0,0,1,1,0,0,0,1,0.0,0.0,42.0,33
ALB,Williams,55.0,0 days 00:01:30.849000,0 days 00:00:30.981000,0 days 00:00:34.425000,0 days 00:00:25.443000,SOFT,2.0,3.0,,,1,19.0,False,2024,Miami,R,90.849,30.981,34.425,25.443,93.677,2.828000000000003,90.849,0.0,-2.828000000000003,94.149,94.149,0.0,57.0,0.9649122807017544,4.0,0.5,4.0,3025.0,0,0,1,0,1,0,0,2.0,0.0,0.0,3
ALB,Williams,56.0,0 days 00:01:32.063000,0 days 00:00:31.010000,0 days 00:00:34.624000,0 days 00:00:26.429000,SOFT,3.0,3.0,,,1,19.0,False,2024,Miami,R,92.063,31.01,34.624,26.429,93.677,1.6140000000000043,90.849,1.2139999999999986,-1.6140000000000043,95.423,94.149,1.274000000000001,57.0,0.9824561403508771,4.0,0.75,9.0,3136.0,0,0,1,0,1,0,0,3.0,0.0,0.0,3
ALB,Williams,57.0,0 days 00:01:31.272000,0 days 00:00:31.288000,0 days 00:00:34.590000,0 days 00:00:25.394000,SOFT,4.0,3.0,,,1,19.0,False,2024,Miami,R,91.272,31.288,34.59,25.394,93.677,2.405000000000001,90.849,0.4230000000000018,-2.405000000000001,94.69200000000001,94.149,0.5430000000000064,57.0,1.0,4.0,1.0,16.0,3249.0,0,0,1,0,1,0,0,4.0,0.0,0.0,3
ALO,Aston Martin,2.0,0 days 00:01:35.579000,0 days 00:00:32.400000,0 days 00:00:36.823000,0 days 00:00:26.356000,HARD,3.0,1.0,,,1,13.0,False,2024,Miami,R,95.579,32.4,36.823,26.356,93.592,1.9869999999999948,95.579,0.0,1.9869999999999948,95.699,95.699,0.0,57.0,0.03508771929824561,22.0,0.13636363636363635,9.0,4.0,1,0,0,1,0,0,1,0.0,0.0,3.0,19
ALO,Aston Martin,3.0,0 days 00:01:34.003000,0 days 00:00:32.066000,0 days 00:00:35.850000,0 days 00:00:26.087000,HARD,4.0,1.0,,,1,13.0,False,2024,Miami,R,94.003,32.066,35.85,26.087,93.592,0.41100000000000136,95.579,-1.5759999999999934,0.41100000000000136,94.183,95.699,-1.5159999999999911,57.0,0.05263157894736842,22.0,0.18181818181818182,16.0,9.0,1,0,0,1,0,0,1,0.0,0.0,4.0,19
ALO,Aston Martin,4.0,0 days 00:01:34.022000,0 days 00:00:32.001000,0 days 00:00:35.930000,0 days 00:00:26.091000,HARD,5.0,1.0,,,1,13.0,False,2024,Miami,R,94.022,32.001,35.93,26.091,93.592,0.4300000000000068,95.579,-1.556999999999988,0.4300000000000068,94.262,95.699,-1.4369999999999976,57.0,0.07017543859649122,22.0,0.22727272727272727,25.0,16.0,1,0,0,1,0,0,1,0.0,0.0,5.0,19
ALO,Aston Martin,5.0,0 days 00:01:34.018000,0 days 00:00:32.034000,0 days 00:00:35.844000,0 days 00:00:26.140000,HARD,6.0,1.0,,,1,13.0,False,2024,Miami,R,94.018,32.034,35.844,26.14,93.592,0.42600000000000193,95.579,-1.5609999999999928,0.42600000000000193,94.318,95.699,-1.3810000000000002,57.0,0.08771929824561403,22.0,0.2727272727272727,36.0,25.0,1,0,0,1,0,0,1,0.0,0.0,6.0,19
ALO,Aston Martin,6.0,0 days 00:01:34.060000,0 days 00:00:32.282000,0 days 00:00:35.828000,0 days 00:00:25.950000,HARD,7.0,1.0,,,1,13.0,False,2024,Miami,R,94.06,32.282,35.828,25.95,93.592,0.4680000000000035,95.579,-1.5189999999999912,0.4680000000000035,94.42,95.699,-1.2789999999999964,57.0,0.10526315789473684,22.0,0.3181818181818182,49.0,36.0,1,0,0,1,0,0,1,0.0,0.0,7.0,19
ALO,Aston Martin,7.0,0 days 00:01:34.605000,0 days 00:00:32.309000,0 days 00:00:35.875000,0 days 00:00:26.421000,HARD,8.0,1.0,,,1,13.0,False,2024,Miami,R,94.605,32.309,35.875,26.421,93.592,1.0130000000000052,95.579,-0.9739999999999895,1.0130000000000052,95.025,95.699,-0.6739999999999924,57.0,0.12280701754385964,22.0,0.36363636363636365,64.0,49.0,1,0,0,1,0,0,1,0.0,0.0,8.0,19
ALO,Aston Martin,8.0,0 days 00:01:33.751000,0 days 00:00:31.985000,0 days 00:00:35.730000,0 days 00:00:26.036000,HARD,9.0,1.0,,,1,13.0,False,2024,Miami,R,93.751,31.985,35.73,26.036,93.592,0.15900000000000603,95.579,-1.8279999999999887,0.15900000000000603,94.23100000000001,95.699,-1.4679999999999893,57.0,0.14035087719298245,22.0,0.4090909090909091,81.0,64.0,1,0,0,1,0,0,1,0.0,0.0,9.0,19
ALO,Aston Martin,9.0,0 days 00:01:34.006000,0 days 00:00:32.150000,0 days 00:00:35.811000,0 days 00:00:26.045000,HARD,10.0,1.0,,,1,13.0,False,2024,Miami,R,94.006,32.15,35.811,26.045,93.592,0.4140000000000015,95.579,-1.5729999999999933,0.4140000000000015,94.546,95.699,-1.1529999999999916,57.0,0.15789473684210525,22.0,0.45454545454545453,100.0,81.0,1,0,0,1,0,0,1,0.0,0.0,10.0,19
ALO,Aston Martin,10.0,0 days 00:01:34.619000,0 days 00:00:32.448000,0 days 00:00:35.907000,0 days 00:00:26.264000,HARD,11.0,1.0,,,1,13.0,False,2024,Miami,R,94.619,32.448,35.907,26.264,93.592,1.027000000000001,95.579,-0.9599999999999937,1.027000000000001,95.219,95.699,-0.480000000000004,57.0,0.17543859649122806,22.0,0.5,121.0,100.0,1,0,0,1,0,0,1,0.0,0.0,11.0,19
ALO,Aston Martin,11.0,0 days 00:01:35.199000,0 days 00:00:32.737000,0 days 00:00:36.097000,0 days 00:00:26.365000,HARD,12.0,1.0,,,1,12.0,False,2024,Miami,R,95.199,32.737,36.097,26.365,93.592,1.6069999999999993,95.579,-0.37999999999999545,1.6069999999999993,95.859,95.699,0.1599999999999966,57.0,0.19298245614035087,22.0,0.5454545454545454,144.0,121.0,1,0,0,1,0,0,1,0.0,0.0,12.0,19
ALO,Aston Martin,12.0,0 days 00:01:35.193000,0 days 00:00:32.136000,0 days 00:00:36.149000,0 days 00:00:26.908000,HARD,13.0,1.0,,,1,11.0,False,2024,Miami,R,95.193,32.136,36.149,26.908,93.592,1.600999999999999,95.579,-0.3859999999999957,1.600999999999999,95.913,95.699,0.21399999999999864,57.0,0.21052631578947367,22.0,0.5909090909090909,169.0,144.0,1,0,0,1,0,0,1,0.0,0.0,13.0,19
ALO,Aston Martin,13.0,0 days 00:01:34.657000,0 days 00:00:32.342000,0 days 00:00:36.047000,0 days 00:00:26.268000,HARD,14.0,1.0,,,1,11.0,False,2024,Miami,R,94.657,32.342,36.047,26.268,93.592,1.0649999999999977,95.579,-0.921999999999997,1.0649999999999977,95.437,95.699,-0.26200000000000045,57.0,0.22807017543859648,22.0,0.6363636363636364,196.0,169.0,1,0,0,1,0,0,1,0.0,0.0,14.0,19
ALO,Aston Martin,15.0,0 days 00:01:34.350000,0 days 00:00:32.104000,0 days 00:00:36.038000,0 days 00:00:26.208000,HARD,16.0,1.0,,,1,11.0,False,2024,Miami,R,94.35,32.104,36.038,26.208,93.592,0.7579999999999956,95.579,-1.2289999999999992,0.7579999999999956,95.25,95.699,-0.44899999999999807,57.0,0.2631578947368421,22.0,0.7272727272727273,256.0,225.0,1,0,0,1,0,0,1,0.0,0.0,16.0,19
ALO,Aston Martin,16.0,0 days 00:01:34.208000,0 days 00:00:31.995000,0 days 00:00:35.858000,0 days 00:00:26.355000,HARD,17.0,1.0,,,1,11.0,False,2024,Miami,R,94.208,31.995,35.858,26.355,93.592,0.6159999999999997,95.579,-1.3709999999999951,0.6159999999999997,95.16799999999999,95.699,-0.5310000000000059,57.0,0.2807017543859649,22.0,0.7727272727272727,289.0,256.0,1,0,0,1,0,0,1,0.0,0.0,17.0,19
ALO,Aston Martin,17.0,0 days 00:01:34.260000,0 days 00:00:31.851000,0 days 00:00:36.064000,0 days 00:00:26.345000,HARD,18.0,1.0,,,1,11.0,False,2024,Miami,R,94.26,31.851,36.064,26.345,93.592,0.6680000000000064,95.579,-1.3189999999999884,0.6680000000000064,95.28,95.699,-0.41899999999999693,57.0,0.2982456140350877,22.0,0.8181818181818182,324.0,289.0,1,0,0,1,0,0,1,0.0,0.0,18.0,19
ALO,Aston Martin,18.0,0 days 00:01:34.157000,0 days 00:00:31.966000,0 days 00:00:35.956000,0 days 00:00:26.235000,HARD,19.0,1.0,,,1,11.0,False,2024,Miami,R,94.157,31.966,35.956,26.235,93.592,0.5649999999999977,95.579,-1.421999999999997,0.5649999999999977,95.237,95.699,-0.4620000000000033,57.0,0.3157894736842105,22.0,0.8636363636363636,361.0,324.0,1,0,0,1,0,0,1,0.0,0.0,19.0,19
ALO,Aston Martin,19.0,0 days 00:01:34.049000,0 days 00:00:31.715000,0 days 00:00:35.882000,0 days 00:00:26.452000,HARD,20.0,1.0,,,1,11.0,False,2024,Miami,R,94.049,31.715,35.882,26.452,93.592,0.45700000000000784,95.579,-1.529999999999987,0.45700000000000784,95.18900000000001,95.699,-0.5099999999999909,57.0,0.3333333333333333,22.0,0.9090909090909091,400.0,361.0,1,0,0,0,0,0,1,0.0,0.0,20.0,19
ALO,Aston Martin,20.0,0 days 00:01:34.230000,0 days 00:00:32.019000,0 days 00:00:35.942000,0 days 00:00:26.269000,HARD,21.0,1.0,,,1,11.0,False,2024,Miami,R,94.23,32.019,35.942,26.269,93.592,0.6380000000000052,95.579,-1.3489999999999895,0.6380000000000052,95.43,95.699,-0.26899999999999125,57.0,0.3508771929824561,22.0,0.9545454545454546,441.0,400.0,1,0,0,0,0,0,1,0.0,0.0,21.0,19
ALO,Aston Martin,21.0,0 days 00:01:34.258000,0 days 00:00:31.837000,0 days 00:00:36.107000,0 days 00:00:26.314000,HARD,22.0,1.0,,,1,11.0,False,2024,Miami,R,94.258,31.837,36.107,26.314,93.592,0.6659999999999968,95.579,-1.320999999999998,0.6659999999999968,95.518,95.699,-0.18099999999999739,57.0,0.3684210526315789,22.0,1.0,484.0,441.0,1,0,0,0,0,0,1,0.0,0.0,22.0,19
ALO,Aston Martin,24.0,0 days 00:01:33.447000,0 days 00:00:31.890000,0 days 00:00:35.696000,0 days 00:00:25.861000,MEDIUM,3.0,2.0,,,1,14.0,False,2024,Miami,R,93.447,31.89,35.696,25.861,93.592,0.14499999999999602,93.447,0.0,-0.14499999999999602,94.887,94.887,0.0,57.0,0.42105263157894735,36.0,0.08333333333333333,9.0,576.0,0,1,0,0,0,1,0,0.0,3.0,0.0,28
ALO,Aston Martin,25.0,0 days 00:01:33.648000,0 days 00:00:32.293000,0 days 00:00:35.199000,0 days 00:00:26.156000,MEDIUM,4.0,2.0,,,1,13.0,False,2024,Miami,R,93.648,32.293,35.199,26.156,93.592,0.055999999999997385,93.447,0.2009999999999934,0.055999999999997385,95.148,94.887,0.2609999999999957,57.0,0.43859649122807015,36.0,0.1111111111111111,16.0,625.0,0,1,0,0,0,1,0,0.0,4.0,0.0,28
ALO,Aston Martin,26.0,0 days 00:01:33.462000,0 days 00:00:31.651000,0 days 00:00:35.720000,0 days 00:00:26.091000,MEDIUM,5.0,2.0,,,1,13.0,False,2024,Miami,R,93.462,31.651,35.72,26.091,93.592,0.12999999999999545,93.447,0.015000000000000568,-0.12999999999999545,95.022,94.887,0.13500000000000512,57.0,0.45614035087719296,36.0,0.1388888888888889,25.0,676.0,0,1,0,0,0,1,0,0.0,5.0,0.0,28
ALO,Aston Martin,27.0,0 days 00:01:33.183000,0 days 00:00:31.489000,0 days 00:00:35.740000,0 days 00:00:25.954000,MEDIUM,6.0,2.0,,,1,13.0,False,2024,Miami,R,93.183,31.489,35.74,25.954,93.592,0.4089999999999918,93.447,-0.2639999999999958,-0.4089999999999918,94.80300000000001,94.887,-0.08399999999998897,57.0,0.47368421052631576,36.0,0.16666666666666666,36.0,729.0,0,1,0,0,0,1,0,0.0,6.0,0.0,28
ALO,Aston Martin,34.0,0 days 00:01:33.068000,0 days 00:00:31.692000,0 days 00:00:35.594000,0 days 00:00:25.782000,MEDIUM,13.0,2.0,,,1,11.0,False,2024,Miami,R,93.068,31.692,35.594,25.782,93.592,0.5240000000000009,93.447,-0.3790000000000049,-0.5240000000000009,95.108,94.887,0.22100000000000364,57.0,0.5964912280701754,36.0,0.3611111111111111,169.0,1156.0,0,1,0,0,0,1,0,0.0,13.0,0.0,28
ALO,Aston Martin,35.0,0 days 00:01:32.671000,0 days 00:00:31.427000,0 days 00:00:35.462000,0 days 00:00:25.782000,MEDIUM,14.0,2.0,,,1,11.0,False,2024,Miami,R,92.671,31.427,35.462,25.782,93.592,0.9209999999999923,93.447,-0.7759999999999962,-0.9209999999999923,94.771,94.887,-0.11599999999999966,57.0,0.6140350877192983,36.0,0.3888888888888889,196.0,1225.0,0,1,0,0,0,1,0,0.0,14.0,0.0,28
ALO,Aston Martin,36.0,0 days 00:01:32.311000,0 days 00:00:31.246000,0 days 00:00:35.399000,0 days 00:00:25.666000,MEDIUM,15.0,2.0,,,1,11.0,False,2024,Miami,R,92.311,31.246,35.399,25.666,93.592,1.2809999999999917,93.447,-1.1359999999999957,-1.2809999999999917,94.471,94.887,-0.4159999999999968,57.0,0.631578947368421,36.0,0.4166666666666667,225.0,1296.0,0,1,0,0,0,1,0,0.0,15.0,0.0,28
ALO,Aston Martin,37.0,0 days 00:01:32.406000,0 days 00:00:31.379000,0 days 00:00:35.325000,0 days 00:00:25.702000,MEDIUM,16.0,2.0,,,1,11.0,False,2024,Miami,R,92.406,31.379,35.325,25.702,93.592,1.1859999999999928,93.447,-1.0409999999999968,-1.1859999999999928,94.626,94.887,-0.2609999999999957,57.0,0.6491228070175439,36.0,0.4444444444444444,256.0,1369.0,0,1,0,0,0,1,0,0.0,16.0,0.0,28
ALO,Aston Martin,38.0,0 days 00:01:32.221000,0 days 00:00:31.094000,0 days 00:00:35.329000,0 days 00:00:25.798000,MEDIUM,17.0,2.0,,,1,11.0,False,2024,Miami,R,92.221,31.094,35.329,25.798,93.592,1.3709999999999951,93.447,-1.225999999999999,-1.3709999999999951,94.501,94.887,-0.3859999999999957,57.0,0.6666666666666666,36.0,0.4722222222222222,289.0,1444.0,0,1,1,0,0,1,0,0.0,17.0,0.0,28
ALO,Aston Martin,39.0,0 days 00:01:32.660000,0 days 00:00:31.356000,0 days 00:00:35.415000,0 days 00:00:25.889000,MEDIUM,18.0,2.0,,,1,11.0,False,2024,Miami,R,92.66,31.356,35.415,25.889,93.592,0.9320000000000022,93.447,-0.7870000000000061,-0.9320000000000022,95.0,94.887,0.11299999999999955,57.0,0.6842105263157895,36.0,0.5,324.0,1521.0,0,1,1,0,0,1,0,0.0,18.0,0.0,28
ALO,Aston Martin,40.0,0 days 00:01:32.482000,0 days 00:00:31.146000,0 days 00:00:35.489000,0 days 00:00:25.847000,MEDIUM,19.0,2.0,,,1,10.0,False,2024,Miami,R,92.482,31.146,35.489,25.847,93.592,1.1099999999999994,93.447,-0.9650000000000034,-1.1099999999999994,94.882,94.887,-0.0049999999999954525,57.0,0.7017543859649122,36.0,0.5277777777777778,361.0,1600.0,0,1,1,0,0,1,0,0.0,19.0,0.0,28
ALO,Aston Martin,41.0,0 days 00:01:32.867000,0 days 00:00:31.131000,0 days 00:00:35.792000,0 days 00:00:25.944000,MEDIUM,20.0,2.0,,,1,10.0,False,2024,Miami,R,92.867,31.131,35.792,25.944,93.592,0.7249999999999943,93.447,-0.5799999999999983,-0.7249999999999943,95.327,94.887,0.4399999999999977,57.0,0.7192982456140351,36.0,0.5555555555555556,400.0,1681.0,0,1,1,0,0,1,0,0.0,20.0,0.0,28
ALO,Aston Martin,42.0,0 days 00:01:32.180000,0 days 00:00:31.175000,0 days 00:00:35.278000,0 days 00:00:25.727000,MEDIUM,21.0,2.0,,,1,10.0,False,2024,Miami,R,92.18,31.175,35.278,25.727,93.592,1.411999999999992,93.447,-1.266999999999996,-1.411999999999992,94.7,94.887,-0.1869999999999976,57.0,0.7368421052631579,36.0,0.5833333333333334,441.0,1764.0,0,1,1,0,0,1,0,0.0,21.0,0.0,28
ALO,Aston Martin,43.0,0 days 00:01:32.229000,0 days 00:00:31.193000,0 days 00:00:35.319000,0 days 00:00:25.717000,MEDIUM,22.0,2.0,,,1,10.0,False,2024,Miami,R,92.229,31.193,35.319,25.717,93.592,1.3629999999999995,93.447,-1.2180000000000035,-1.3629999999999995,94.809,94.887,-0.07800000000000296,57.0,0.7543859649122807,36.0,0.6111111111111112,484.0,1849.0,0,1,1,0,0,1,0,0.0,22.0,0.0,28
ALO,Aston Martin,44.0,0 days 00:01:32.264000,0 days 00:00:31.167000,0 days 00:00:35.329000,0 days 00:00:25.768000,MEDIUM,23.0,2.0,,,1,10.0,False,2024,Miami,R,92.264,31.167,35.329,25.768,93.592,1.328000000000003,93.447,-1.183000000000007,-1.328000000000003,94.904,94.887,0.016999999999995907,57.0,0.7719298245614035,36.0,0.6388888888888888,529.0,1936.0,0,1,1,0,0,1,0,0.0,23.0,0.0,28
ALO,Aston Martin,45.0,0 days 00:01:33.052000,0 days 00:00:31.235000,0 days 00:00:35.990000,0 days 00:00:25.827000,MEDIUM,24.0,2.0,,,1,10.0,False,2024,Miami,R,93.052,31.235,35.99,25.827,93.592,0.539999999999992,93.447,-0.394999999999996,-0.539999999999992,95.75200000000001,94.887,0.8650000000000091,57.0,0.7894736842105263,36.0,0.6666666666666666,576.0,2025.0,0,1,1,0,0,1,0,0.0,24.0,0.0,28
ALO,Aston Martin,46.0,0 days 00:01:33.592000,0 days 00:00:31.918000,0 days 00:00:35.856000,0 days 00:00:25.818000,MEDIUM,25.0,2.0,,,1,10.0,False,2024,Miami,R,93.592,31.918,35.856,25.818,93.592,0.0,93.447,0.14499999999999602,0.0,96.352,94.887,1.4650000000000034,57.0,0.8070175438596491,36.0,0.6944444444444444,625.0,2116.0,0,1,1,0,0,1,0,0.0,25.0,0.0,28
ALO,Aston Martin,47.0,0 days 00:01:33.120000,0 days 00:00:31.460000,0 days 00:00:35.799000,0 days 00:00:25.861000,MEDIUM,26.0,2.0,,,1,10.0,False,2024,Miami,R,93.12,31.46,35.799,25.861,93.592,0.4719999999999942,93.447,-0.3269999999999982,-0.4719999999999942,95.94,94.887,1.0529999999999973,57.0,0.8245614035087719,36.0,0.7222222222222222,676.0,2209.0,0,1,1,0,0,1,0,0.0,26.0,0.0,28
ALO,Aston Martin,48.0,0 days 00:01:33.044000,0 days 00:00:31.826000,0 days 00:00:35.260000,0 days 00:00:25.958000,MEDIUM,27.0,2.0,,,1,9.0,False,2024,Miami,R,93.044,31.826,35.26,25.958,93.592,0.5480000000000018,93.447,-0.4030000000000058,-0.5480000000000018,95.92399999999999,94.887,1.036999999999992,57.0,0.8421052631578947,36.0,0.75,729.0,2304.0,0,1,1,0,0,1,0,0.0,27.0,0.0,28
ALO,Aston Martin,49.0,0 days 00:01:32.303000,0 days 00:00:31.014000,0 days 00:00:35.450000,0 days 00:00:25.839000,MEDIUM,28.0,2.0,,,1,9.0,False,2024,Miami,R,92.303,31.014,35.45,25.839,93.592,1.2890000000000015,93.447,-1.1440000000000055,-1.2890000000000015,95.243,94.887,0.35599999999999454,57.0,0.8596491228070176,36.0,0.7777777777777778,784.0,2401.0,0,1,1,0,0,1,0,0.0,28.0,0.0,28
ALO,Aston Martin,50.0,0 days 00:01:32.070000,0 days 00:00:30.743000,0 days 00:00:35.396000,0 days 00:00:25.931000,MEDIUM,29.0,2.0,,,1,9.0,False,2024,Miami,R,92.07,30.743,35.396,25.931,93.592,1.5220000000000056,93.447,-1.3770000000000095,-1.5220000000000056,95.07,94.887,0.18299999999999272,57.0,0.8771929824561403,36.0,0.8055555555555556,841.0,2500.0,0,1,1,0,0,1,0,0.0,29.0,0.0,28
ALO,Aston Martin,51.0,0 days 00:01:31.997000,0 days 00:00:30.796000,0 days 00:00:35.335000,0 days 00:00:25.866000,MEDIUM,30.0,2.0,,,1,9.0,False,2024,Miami,R,91.997,30.796,35.335,25.866,93.592,1.5949999999999989,93.447,-1.4500000000000028,-1.5949999999999989,95.057,94.887,0.1700000000000017,57.0,0.8947368421052632,36.0,0.8333333333333334,900.0,2601.0,0,1,1,0,0,1,0,0.0,30.0,0.0,28
ALO,Aston Martin,52.0,0 days 00:01:31.885000,0 days 00:00:30.772000,0 days 00:00:35.336000,0 days 00:00:25.777000,MEDIUM,31.0,2.0,,,1,9.0,False,2024,Miami,R,91.885,30.772,35.336,25.777,93.592,1.7069999999999936,93.447,-1.5619999999999976,-1.7069999999999936,95.00500000000001,94.887,0.11800000000000921,57.0,0.9122807017543859,36.0,0.8611111111111112,961.0,2704.0,0,1,1,0,0,1,0,0.0,31.0,0.0,28
ALO,Aston Martin,53.0,0 days 00:01:32.157000,0 days 00:00:30.742000,0 days 00:00:35.425000,0 days 00:00:25.990000,MEDIUM,32.0,2.0,,,1,9.0,False,2024,Miami,R,92.157,30.742,35.425,25.99,93.592,1.4350000000000023,93.447,-1.2900000000000063,-1.4350000000000023,95.33699999999999,94.887,0.44999999999998863,57.0,0.9298245614035088,36.0,0.8888888888888888,1024.0,2809.0,0,1,1,0,0,1,0,0.0,32.0,0.0,28
ALO,Aston Martin,54.0,0 days 00:01:31.733000,0 days 00:00:30.653000,0 days 00:00:35.301000,0 days 00:00:25.779000,MEDIUM,33.0,2.0,,,1,9.0,False,2024,Miami,R,91.733,30.653,35.301,25.779,93.592,1.8589999999999947,93.447,-1.7139999999999986,-1.8589999999999947,94.973,94.887,0.08599999999999852,57.0,0.9473684210526315,36.0,0.9166666666666666,1089.0,2916.0,0,1,1,0,0,1,0,0.0,33.0,0.0,28
ALO,Aston Martin,55.0,0 days 00:01:31.727000,0 days 00:00:30.700000,0 days 00:00:35.199000,0 days 00:00:25.828000,MEDIUM,34.0,2.0,,,1,9.0,False,2024,Miami,R,91.727,30.7,35.199,25.828,93.592,1.8649999999999949,93.447,-1.7199999999999989,-1.8649999999999949,95.027,94.887,0.14000000000000057,57.0,0.9649122807017544,36.0,0.9444444444444444,1156.0,3025.0,0,1,1,0,0,1,0,0.0,34.0,0.0,28
ALO,Aston Martin,56.0,0 days 00:01:32.131000,0 days 00:00:30.795000,0 days 00:00:35.417000,0 days 00:00:25.919000,MEDIUM,35.0,2.0,,,1,9.0,False,2024,Miami,R,92.131,30.795,35.417,25.919,93.592,1.4609999999999985,93.447,-1.3160000000000025,-1.4609999999999985,95.491,94.887,0.6039999999999992,57.0,0.9824561403508771,36.0,0.9722222222222222,1225.0,3136.0,0,1,1,0,0,1,0,0.0,35.0,0.0,28
ALO,Aston Martin,57.0,0 days 00:01:32.536000,0 days 00:00:30.824000,0 days 00:00:35.621000,0 days 00:00:26.091000,MEDIUM,36.0,2.0,,,1,9.0,False,2024,Miami,R,92.536,30.824,35.621,26.091,93.592,1.0559999999999974,93.447,-0.9110000000000014,-1.0559999999999974,95.956,94.887,1.0690000000000026,57.0,1.0,36.0,1.0,1296.0,3249.0,0,1,1,0,0,1,0,0.0,36.0,0.0,28
BOT,Kick Sauber,2.0,0 days 00:01:35.803000,0 days 00:00:32.961000,0 days 00:00:36.510000,0 days 00:00:26.332000,SOFT,2.0,1.0,,,1,18.0,False,2024,Miami,R,95.803,32.961,36.51,26.332,93.561,2.2419999999999902,95.803,0.0,2.2419999999999902,95.923,95.923,0.0,57.0,0.03508771929824561,10.0,0.2,4.0,4.0,1,0,0,1,1,0,0,2.0,0.0,0.0,9
BOT,Kick Sauber,3.0,0 days 00:01:34.634000,0 days 00:00:32.690000,0 days 00:00:35.905000,0 days 00:00:26.039000,SOFT,3.0,1.0,,,1,18.0,False,2024,Miami,R,94.634,32.69,35.905,26.039,93.561,1.0729999999999933,95.803,-1.168999999999997,1.0729999999999933,94.81400000000001,95.923,-1.1089999999999947,57.0,0.05263157894736842,10.0,0.3,9.0,9.0,1,0,0,1,1,0,0,3.0,0.0,0.0,9
BOT,Kick Sauber,4.0,0 days 00:01:34.397000,0 days 00:00:32.358000,0 days 00:00:36.041000,0 days 00:00:25.998000,SOFT,4.0,1.0,,,1,18.0,False,2024,Miami,R,94.397,32.358,36.041,25.998,93.561,0.8359999999999985,95.803,-1.4059999999999917,0.8359999999999985,94.637,95.923,-1.2860000000000014,57.0,0.07017543859649122,10.0,0.4,16.0,16.0,1,0,0,1,1,0,0,4.0,0.0,0.0,9
BOT,Kick Sauber,5.0,0 days 00:01:33.828000,0 days 00:00:32.038000,0 days 00:00:35.828000,0 days 00:00:25.962000,SOFT,5.0,1.0,,,1,18.0,False,2024,Miami,R,93.828,32.038,35.828,25.962,93.561,0.2669999999999959,95.803,-1.9749999999999943,0.2669999999999959,94.128,95.923,-1.7950000000000017,57.0,0.08771929824561403,10.0,0.5,25.0,25.0,1,0,0,1,1,0,0,5.0,0.0,0.0,9
BOT,Kick Sauber,6.0,0 days 00:01:34.373000,0 days 00:00:32.365000,0 days 00:00:35.942000,0 days 00:00:26.066000,SOFT,6.0,1.0,,,1,18.0,False,2024,Miami,R,94.373,32.365,35.942,26.066,93.561,0.8119999999999976,95.803,-1.4299999999999926,0.8119999999999976,94.733,95.923,-1.1899999999999977,57.0,0.10526315789473684,10.0,0.6,36.0,36.0,1,0,0,1,1,0,0,6.0,0.0,0.0,9
BOT,Kick Sauber,7.0,0 days 00:01:34.395000,0 days 00:00:32.286000,0 days 00:00:35.897000,0 days 00:00:26.212000,SOFT,7.0,1.0,,,1,18.0,False,2024,Miami,R,94.395,32.286,35.897,26.212,93.561,0.833999999999989,95.803,-1.4080000000000013,0.833999999999989,94.815,95.923,-1.108000000000004,57.0,0.12280701754385964,10.0,0.7,49.0,49.0,1,0,0,1,1,0,0,7.0,0.0,0.0,9
BOT,Kick Sauber,8.0,0 days 00:01:34.754000,0 days 00:00:32.385000,0 days 00:00:36.057000,0 days 00:00:26.312000,SOFT,8.0,1.0,,,1,18.0,False,2024,Miami,R,94.754,32.385,36.057,26.312,93.561,1.1929999999999978,95.803,-1.0489999999999924,1.1929999999999978,95.23400000000001,95.923,-0.688999999999993,57.0,0.14035087719298245,10.0,0.8,64.0,64.0,1,0,0,1,1,0,0,8.0,0.0,0.0,9
BOT,Kick Sauber,9.0,0 days 00:01:34.597000,0 days 00:00:32.448000,0 days 00:00:35.905000,0 days 00:00:26.244000,SOFT,9.0,1.0,,,1,18.0,False,2024,Miami,R,94.597,32.448,35.905,26.244,93.561,1.0359999999999872,95.803,-1.206000000000003,1.0359999999999872,95.137,95.923,-0.7860000000000014,57.0,0.15789473684210525,10.0,0.9,81.0,81.0,1,0,0,1,1,0,0,9.0,0.0,0.0,9
BOT,Kick Sauber,10.0,0 days 00:01:34.726000,0 days 00:00:32.429000,0 days 00:00:36.014000,0 days 00:00:26.283000,SOFT,10.0,1.0,,,1,17.0,False,2024,Miami,R,94.726,32.429,36.014,26.283,93.561,1.164999999999992,95.803,-1.0769999999999982,1.164999999999992,95.326,95.923,-0.5970000000000084,57.0,0.17543859649122806,10.0,1.0,100.0,100.0,1,0,0,1,1,0,0,10.0,0.0,0.0,9
BOT,Kick Sauber,13.0,0 days 00:01:33.803000,0 days 00:00:31.689000,0 days 00:00:35.960000,0 days 00:00:26.154000,HARD,2.0,2.0,,,1,20.0,False,2024,Miami,R,93.803,31.689,35.96,26.154,93.561,0.24199999999999022,93.803,0.0,0.24199999999999022,94.583,94.583,0.0,57.0,0.22807017543859648,16.0,0.125,4.0,169.0,0,1,0,1,0,0,1,0.0,0.0,2.0,14
BOT,Kick Sauber,14.0,0 days 00:01:33.594000,0 days 00:00:31.642000,0 days 00:00:35.777000,0 days 00:00:26.175000,HARD,3.0,2.0,,,1,20.0,False,2024,Miami,R,93.594,31.642,35.777,26.175,93.561,0.03299999999998704,93.803,-0.20900000000000318,0.03299999999998704,94.434,94.583,-0.1490000000000009,57.0,0.24561403508771928,16.0,0.1875,9.0,196.0,0,1,0,1,0,0,1,0.0,0.0,3.0,14
BOT,Kick Sauber,15.0,0 days 00:01:33.615000,0 days 00:00:31.776000,0 days 00:00:35.683000,0 days 00:00:26.156000,HARD,4.0,2.0,,,1,20.0,False,2024,Miami,R,93.615,31.776,35.683,26.156,93.561,0.053999999999987836,93.803,-0.1880000000000024,0.053999999999987836,94.515,94.583,-0.06799999999999784,57.0,0.2631578947368421,16.0,0.25,16.0,225.0,0,1,0,1,0,0,1,0.0,0.0,4.0,14
BOT,Kick Sauber,16.0,0 days 00:01:33.896000,0 days 00:00:31.819000,0 days 00:00:35.899000,0 days 00:00:26.178000,HARD,5.0,2.0,,,1,20.0,False,2024,Miami,R,93.896,31.819,35.899,26.178,93.561,0.33499999999999375,93.803,0.09300000000000352,0.33499999999999375,94.856,94.583,0.27299999999999613,57.0,0.2807017543859649,16.0,0.3125,25.0,256.0,0,1,0,1,0,0,1,0.0,0.0,5.0,14
BOT,Kick Sauber,17.0,0 days 00:01:33.650000,0 days 00:00:31.551000,0 days 00:00:35.812000,0 days 00:00:26.287000,HARD,6.0,2.0,,,1,20.0,False,2024,Miami,R,93.65,31.551,35.812,26.287,93.561,0.08899999999999864,93.803,-0.1529999999999916,0.08899999999999864,94.67,94.583,0.0870000000000033,57.0,0.2982456140350877,16.0,0.375,36.0,289.0,0,1,0,1,0,0,1,0.0,0.0,6.0,14
BOT,Kick Sauber,18.0,0 days 00:01:34.056000,0 days 00:00:31.946000,0 days 00:00:35.876000,0 days 00:00:26.234000,HARD,7.0,2.0,,,1,20.0,False,2024,Miami,R,94.056,31.946,35.876,26.234,93.561,0.49499999999999034,93.803,0.2530000000000001,0.49499999999999034,95.136,94.583,0.5529999999999973,57.0,0.3157894736842105,16.0,0.4375,49.0,324.0,0,1,0,1,0,0,1,0.0,0.0,7.0,14
BOT,Kick Sauber,19.0,0 days 00:01:33.757000,0 days 00:00:31.762000,0 days 00:00:35.883000,0 days 00:00:26.112000,HARD,8.0,2.0,,,1,20.0,False,2024,Miami,R,93.757,31.762,35.883,26.112,93.561,0.19599999999999795,93.803,-0.04599999999999227,0.19599999999999795,94.897,94.583,0.31400000000000716,57.0,0.3333333333333333,16.0,0.5,64.0,361.0,0,1,0,0,0,0,1,0.0,0.0,8.0,14
BOT,Kick Sauber,20.0,0 days 00:01:34.152000,0 days 00:00:31.754000,0 days 00:00:36.095000,0 days 00:00:26.303000,HARD,9.0,2.0,,,1,20.0,False,2024,Miami,R,94.152,31.754,36.095,26.303,93.561,0.590999999999994,93.803,0.34900000000000375,0.590999999999994,95.352,94.583,0.7690000000000055,57.0,0.3508771929824561,16.0,0.5625,81.0,400.0,0,1,0,0,0,0,1,0.0,0.0,9.0,14
BOT,Kick Sauber,21.0,0 days 00:01:34.199000,0 days 00:00:31.756000,0 days 00:00:36.262000,0 days 00:00:26.181000,HARD,10.0,2.0,,,1,20.0,False,2024,Miami,R,94.199,31.756,36.262,26.181,93.561,0.637999999999991,93.803,0.3960000000000008,0.637999999999991,95.459,94.583,0.8760000000000048,57.0,0.3684210526315789,16.0,0.625,100.0,441.0,0,1,0,0,0,0,1,0.0,0.0,10.0,14
BOT,Kick Sauber,23.0,0 days 00:01:36.788000,0 days 00:00:34.411000,0 days 00:00:36.033000,0 days 00:00:26.344000,HARD,12.0,2.0,,,71,20.0,False,2024,Miami,R,96.788,34.411,36.033,26.344,93.561,3.2269999999999897,93.803,2.9849999999999994,3.2269999999999897,98.16799999999999,94.583,3.5849999999999937,57.0,0.40350877192982454,16.0,0.75,144.0,529.0,0,1,0,0,0,0,1,0.0,0.0,12.0,14
BOT,Kick Sauber,24.0,0 days 00:01:33.747000,0 days 00:00:31.842000,0 days 00:00:35.750000,0 days 00:00:26.155000,HARD,13.0,2.0,,,1,20.0,False,2024,Miami,R,93.747,31.842,35.75,26.155,93.561,0.18599999999999284,93.803,-0.055999999999997385,0.18599999999999284,95.187,94.583,0.6039999999999992,57.0,0.42105263157894735,16.0,0.8125,169.0,576.0,0,1,0,0,0,0,1,0.0,0.0,13.0,14
BOT,Kick Sauber,25.0,0 days 00:01:33.400000,0 days 00:00:31.504000,0 days 00:00:35.731000,0 days 00:00:26.165000,HARD,14.0,2.0,,,1,20.0,False,2024,Miami,R,93.4,31.504,35.731,26.165,93.561,0.16100000000000136,93.803,-0.4029999999999916,-0.16100000000000136,94.9,94.583,0.3170000000000073,57.0,0.43859649122807015,16.0,0.875,196.0,625.0,0,1,0,0,0,0,1,0.0,0.0,14.0,14
BOT,Kick Sauber,26.0,0 days 00:01:33.786000,0 days 00:00:31.771000,0 days 00:00:35.843000,0 days 00:00:26.172000,HARD,15.0,2.0,,,1,20.0,False,2024,Miami,R,93.786,31.771,35.843,26.172,93.561,0.22499999999999432,93.803,-0.016999999999995907,0.22499999999999432,95.346,94.583,0.7630000000000052,57.0,0.45614035087719296,16.0,0.9375,225.0,676.0,0,1,0,0,0,0,1,0.0,0.0,15.0,14
BOT,Kick Sauber,27.0,0 days 00:01:33.561000,0 days 00:00:31.646000,0 days 00:00:35.783000,0 days 00:00:26.132000,HARD,16.0,2.0,,,1,20.0,False,2024,Miami,R,93.561,31.646,35.783,26.132,93.561,0.0,93.803,-0.24199999999999022,0.0,95.18100000000001,94.583,0.5980000000000132,57.0,0.47368421052631576,16.0,1.0,256.0,729.0,0,1,0,0,0,0,1,0.0,0.0,16.0,14
BOT,Kick Sauber,33.0,0 days 00:01:33.009000,0 days 00:00:31.456000,0 days 00:00:35.516000,0 days 00:00:26.037000,MEDIUM,4.0,3.0,,,1,18.0,False,2024,Miami,R,93.009,31.456,35.516,26.037,93.561,0.5520000000000067,93.009,0.0,-0.5520000000000067,94.989,94.989,0.0,57.0,0.5789473684210527,28.0,0.14285714285714285,16.0,1089.0,0,0,0,0,0,1,0,0.0,4.0,0.0,25
BOT,Kick Sauber,34.0,0 days 00:01:33.392000,0 days 00:00:31.762000,0 days 00:00:35.739000,0 days 00:00:25.891000,MEDIUM,5.0,3.0,,,1,18.0,False,2024,Miami,R,93.392,31.762,35.739,25.891,93.561,0.16900000000001114,93.009,0.38299999999999557,-0.16900000000001114,95.432,94.989,0.44299999999999784,57.0,0.5964912280701754,28.0,0.17857142857142858,25.0,1156.0,0,0,0,0,0,1,0,0.0,5.0,0.0,25
BOT,Kick Sauber,35.0,0 days 00:01:32.922000,0 days 00:00:31.414000,0 days 00:00:35.549000,0 days 00:00:25.959000,MEDIUM,6.0,3.0,,,1,18.0,False,2024,Miami,R,92.922,31.414,35.549,25.959,93.561,0.63900000000001,93.009,-0.0870000000000033,-0.63900000000001,95.02199999999999,94.989,0.03299999999998704,57.0,0.6140350877192983,28.0,0.21428571428571427,36.0,1225.0,0,0,0,0,0,1,0,0.0,6.0,0.0,25
BOT,Kick Sauber,36.0,0 days 00:01:33.229000,0 days 00:00:31.805000,0 days 00:00:35.529000,0 days 00:00:25.895000,MEDIUM,7.0,3.0,,,1,18.0,False,2024,Miami,R,93.229,31.805,35.529,25.895,93.561,0.33200000000000784,93.009,0.21999999999999886,-0.33200000000000784,95.389,94.989,0.3999999999999915,57.0,0.631578947368421,28.0,0.25,49.0,1296.0,0,0,0,0,0,1,0,0.0,7.0,0.0,25
BOT,Kick Sauber,37.0,0 days 00:01:32.950000,0 days 00:00:31.685000,0 days 00:00:35.438000,0 days 00:00:25.827000,MEDIUM,8.0,3.0,,,1,18.0,False,2024,Miami,R,92.95,31.685,35.438,25.827,93.561,0.6110000000000042,93.009,-0.0589999999999975,-0.6110000000000042,95.17,94.989,0.18099999999999739,57.0,0.6491228070175439,28.0,0.2857142857142857,64.0,1369.0,0,0,0,0,0,1,0,0.0,8.0,0.0,25
BOT,Kick Sauber,38.0,0 days 00:01:33.007000,0 days 00:00:31.608000,0 days 00:00:35.504000,0 days 00:00:25.895000,MEDIUM,9.0,3.0,,,1,18.0,False,2024,Miami,R,93.007,31.608,35.504,25.895,93.561,0.554000000000002,93.009,-0.001999999999995339,-0.554000000000002,95.287,94.989,0.2980000000000018,57.0,0.6666666666666666,28.0,0.32142857142857145,81.0,1444.0,0,0,1,0,0,1,0,0.0,9.0,0.0,25
BOT,Kick Sauber,39.0,0 days 00:01:33.012000,0 days 00:00:31.556000,0 days 00:00:35.503000,0 days 00:00:25.953000,MEDIUM,10.0,3.0,,,1,18.0,False,2024,Miami,R,93.012,31.556,35.503,25.953,93.561,0.5490000000000066,93.009,0.0030000000000001137,-0.5490000000000066,95.352,94.989,0.36299999999999955,57.0,0.6842105263157895,28.0,0.35714285714285715,100.0,1521.0,0,0,1,0,0,1,0,0.0,10.0,0.0,25
BOT,Kick Sauber,40.0,0 days 00:01:33.527000,0 days 00:00:32.107000,0 days 00:00:35.603000,0 days 00:00:25.817000,MEDIUM,11.0,3.0,,,1,18.0,False,2024,Miami,R,93.527,32.107,35.603,25.817,93.561,0.034000000000006025,93.009,0.5180000000000007,-0.034000000000006025,95.927,94.989,0.9380000000000024,57.0,0.7017543859649122,28.0,0.39285714285714285,121.0,1600.0,0,0,1,0,0,1,0,0.0,11.0,0.0,25
BOT,Kick Sauber,41.0,0 days 00:01:33.044000,0 days 00:00:31.377000,0 days 00:00:35.636000,0 days 00:00:26.031000,MEDIUM,12.0,3.0,,,1,17.0,False,2024,Miami,R,93.044,31.377,35.636,26.031,93.561,0.5170000000000101,93.009,0.03499999999999659,-0.5170000000000101,95.50399999999999,94.989,0.5149999999999864,57.0,0.7192982456140351,28.0,0.42857142857142855,144.0,1681.0,0,0,1,0,0,1,0,0.0,12.0,0.0,25
BOT,Kick Sauber,42.0,0 days 00:01:32.858000,0 days 00:00:31.359000,0 days 00:00:35.548000,0 days 00:00:25.951000,MEDIUM,13.0,3.0,,,1,17.0,False,2024,Miami,R,92.858,31.359,35.548,25.951,93.561,0.703000000000003,93.009,-0.15099999999999625,-0.703000000000003,95.378,94.989,0.3889999999999958,57.0,0.7368421052631579,28.0,0.4642857142857143,169.0,1764.0,0,0,1,0,0,1,0,0.0,13.0,0.0,25
BOT,Kick Sauber,43.0,0 days 00:01:32.748000,0 days 00:00:31.351000,0 days 00:00:35.536000,0 days 00:00:25.861000,MEDIUM,14.0,3.0,,,1,17.0,False,2024,Miami,R,92.748,31.351,35.536,25.861,93.561,0.8130000000000024,93.009,-0.2609999999999957,-0.8130000000000024,95.328,94.989,0.33899999999999864,57.0,0.7543859649122807,28.0,0.5,196.0,1849.0,0,0,1,0,0,1,0,0.0,14.0,0.0,25
BOT,Kick Sauber,44.0,0 days 00:01:32.947000,0 days 00:00:31.390000,0 days 00:00:35.636000,0 days 00:00:25.921000,MEDIUM,15.0,3.0,,,1,17.0,False,2024,Miami,R,92.947,31.39,35.636,25.921,93.561,0.6140000000000043,93.009,-0.06199999999999761,-0.6140000000000043,95.587,94.989,0.597999999999999,57.0,0.7719298245614035,28.0,0.5357142857142857,225.0,1936.0,0,0,1,0,0,1,0,0.0,15.0,0.0,25
BOT,Kick Sauber,45.0,0 days 00:01:33.026000,0 days 00:00:31.481000,0 days 00:00:35.690000,0 days 00:00:25.855000,MEDIUM,16.0,3.0,,,1,17.0,False,2024,Miami,R,93.026,31.481,35.69,25.855,93.561,0.5350000000000108,93.009,0.016999999999995907,-0.5350000000000108,95.726,94.989,0.7369999999999948,57.0,0.7894736842105263,28.0,0.5714285714285714,256.0,2025.0,0,0,1,0,0,1,0,0.0,16.0,0.0,25
BOT,Kick Sauber,46.0,0 days 00:01:32.908000,0 days 00:00:31.526000,0 days 00:00:35.478000,0 days 00:00:25.904000,MEDIUM,17.0,3.0,,,1,17.0,False,2024,Miami,R,92.908,31.526,35.478,25.904,93.561,0.6530000000000058,93.009,-0.10099999999999909,-0.6530000000000058,95.668,94.989,0.679000000000002,57.0,0.8070175438596491,28.0,0.6071428571428571,289.0,2116.0,0,0,1,0,0,1,0,0.0,17.0,0.0,25
BOT,Kick Sauber,47.0,0 days 00:01:32.888000,0 days 00:00:31.316000,0 days 00:00:35.658000,0 days 00:00:25.914000,MEDIUM,18.0,3.0,,,1,17.0,False,2024,Miami,R,92.888,31.316,35.658,25.914,93.561,0.6730000000000018,93.009,-0.12099999999999511,-0.6730000000000018,95.708,94.989,0.7189999999999941,57.0,0.8245614035087719,28.0,0.6428571428571429,324.0,2209.0,0,0,1,0,0,1,0,0.0,18.0,0.0,25
BOT,Kick Sauber,48.0,0 days 00:01:33.421000,0 days 00:00:31.401000,0 days 00:00:36.349000,0 days 00:00:25.671000,MEDIUM,19.0,3.0,,,1,18.0,False,2024,Miami,R,93.421,31.401,36.349,25.671,93.561,0.14000000000000057,93.009,0.41200000000000614,-0.14000000000000057,96.301,94.989,1.3119999999999976,57.0,0.8421052631578947,28.0,0.6785714285714286,361.0,2304.0,0,0,1,0,0,1,0,0.0,19.0,0.0,25
BOT,Kick Sauber,49.0,0 days 00:01:33.186000,0 days 00:00:31.648000,0 days 00:00:35.619000,0 days 00:00:25.919000,MEDIUM,20.0,3.0,,,1,18.0,False,2024,Miami,R,93.186,31.648,35.619,25.919,93.561,0.375,93.009,0.1770000000000067,-0.375,96.126,94.989,1.1370000000000005,57.0,0.8596491228070176,28.0,0.7142857142857143,400.0,2401.0,0,0,1,0,0,1,0,0.0,20.0,0.0,25
BOT,Kick Sauber,50.0,0 days 00:01:32.460000,0 days 00:00:31.158000,0 days 00:00:35.369000,0 days 00:00:25.933000,MEDIUM,21.0,3.0,,,1,18.0,False,2024,Miami,R,92.46,31.158,35.369,25.933,93.561,1.1010000000000133,93.009,-0.5490000000000066,-1.1010000000000133,95.46,94.989,0.4709999999999894,57.0,0.8771929824561403,28.0,0.75,441.0,2500.0,0,0,1,0,0,1,0,0.0,21.0,0.0,25
BOT,Kick Sauber,51.0,0 days 00:01:32.666000,0 days 00:00:31.268000,0 days 00:00:35.468000,0 days 00:00:25.930000,MEDIUM,22.0,3.0,,,1,18.0,False,2024,Miami,R,92.666,31.268,35.468,25.93,93.561,0.8950000000000102,93.009,-0.3430000000000035,-0.8950000000000102,95.726,94.989,0.7369999999999948,57.0,0.8947368421052632,28.0,0.7857142857142857,484.0,2601.0,0,0,1,0,0,1,0,0.0,22.0,0.0,25
BOT,Kick Sauber,52.0,0 days 00:01:32.605000,0 days 00:00:31.410000,0 days 00:00:35.542000,0 days 00:00:25.653000,MEDIUM,23.0,3.0,,,1,18.0,False,2024,Miami,R,92.605,31.41,35.542,25.653,93.561,0.9560000000000031,93.009,-0.40399999999999636,-0.9560000000000031,95.72500000000001,94.989,0.7360000000000042,57.0,0.9122807017543859,28.0,0.8214285714285714,529.0,2704.0,0,0,1,0,0,1,0,0.0,23.0,0.0,25
BOT,Kick Sauber,53.0,0 days 00:01:32.853000,0 days 00:00:31.584000,0 days 00:00:35.488000,0 days 00:00:25.781000,MEDIUM,24.0,3.0,,,1,17.0,False,2024,Miami,R,92.853,31.584,35.488,25.781,93.561,0.7080000000000126,93.009,-0.1560000000000059,-0.7080000000000126,96.03299999999999,94.989,1.0439999999999827,57.0,0.9298245614035088,28.0,0.8571428571428571,576.0,2809.0,0,0,1,0,0,1,0,0.0,24.0,0.0,25
BOT,Kick Sauber,54.0,0 days 00:01:32.326000,0 days 00:00:31.247000,0 days 00:00:35.276000,0 days 00:00:25.803000,MEDIUM,25.0,3.0,,,1,17.0,False,2024,Miami,R,92.326,31.247,35.276,25.803,93.561,1.2350000000000136,93.009,-0.6830000000000069,-1.2350000000000136,95.56599999999999,94.989,0.576999999999984,57.0,0.9473684210526315,28.0,0.8928571428571429,625.0,2916.0,0,0,1,0,0,1,0,0.0,25.0,0.0,25
BOT,Kick Sauber,55.0,0 days 00:01:32.098000,0 days 00:00:31.325000,0 days 00:00:35.176000,0 days 00:00:25.597000,MEDIUM,26.0,3.0,,,1,17.0,False,2024,Miami,R,92.098,31.325,35.176,25.597,93.561,1.463000000000008,93.009,-0.9110000000000014,-1.463000000000008,95.398,94.989,0.4089999999999918,57.0,0.9649122807017544,28.0,0.9285714285714286,676.0,3025.0,0,0,1,0,0,1,0,0.0,26.0,0.0,25
BOT,Kick Sauber,56.0,0 days 00:01:32.437000,0 days 00:00:31.181000,0 days 00:00:35.497000,0 days 00:00:25.759000,MEDIUM,27.0,3.0,,,1,17.0,False,2024,Miami,R,92.437,31.181,35.497,25.759,93.561,1.1240000000000094,93.009,-0.5720000000000027,-1.1240000000000094,95.797,94.989,0.8079999999999927,57.0,0.9824561403508771,28.0,0.9642857142857143,729.0,3136.0,0,0,1,0,0,1,0,0.0,27.0,0.0,25
BOT,Kick Sauber,57.0,0 days 00:01:32.619000,0 days 00:00:31.371000,0 days 00:00:35.641000,0 days 00:00:25.607000,MEDIUM,28.0,3.0,,,1,17.0,False,2024,Miami,R,92.619,31.371,35.641,25.607,93.561,0.9420000000000073,93.009,-0.39000000000000057,-0.9420000000000073,96.039,94.989,1.0499999999999972,57.0,1.0,28.0,1.0,784.0,3249.0,0,0,1,0,0,1,0,0.0,28.0,0.0,25
GAS,Alpine,2.0,0 days 00:01:34.498000,0 days 00:00:32.446000,0 days 00:00:35.776000,0 days 00:00:26.276000,MEDIUM,2.0,1.0,,,1,12.0,False,2024,Miami,R,94.498,32.446,35.776,26.276,93.542,0.9560000000000031,94.498,0.0,0.9560000000000031,94.61800000000001,94.61800000000001,0.0,57.0,0.03508771929824561,11.0,0.18181818181818182,4.0,4.0,1,0,0,1,0,1,0,0.0,2.0,0.0,10
GAS,Alpine,3.0,0 days 00:01:33.789000,0 days 00:00:32.069000,0 days 00:00:35.794000,0 days 00:00:25.926000,MEDIUM,3.0,1.0,,,1,12.0,False,2024,Miami,R,93.789,32.069,35.794,25.926,93.542,0.2469999999999999,94.498,-0.7090000000000032,0.2469999999999999,93.96900000000001,94.61800000000001,-0.6490000000000009,57.0,0.05263157894736842,11.0,0.2727272727272727,9.0,9.0,1,0,0,1,0,1,0,0.0,3.0,0.0,10
GAS,Alpine,4.0,0 days 00:01:34.155000,0 days 00:00:32.206000,0 days 00:00:35.910000,0 days 00:00:26.039000,MEDIUM,4.0,1.0,,,1,12.0,False,2024,Miami,R,94.155,32.206,35.91,26.039,93.542,0.6129999999999995,94.498,-0.3430000000000035,0.6129999999999995,94.395,94.61800000000001,-0.2230000000000132,57.0,0.07017543859649122,11.0,0.36363636363636365,16.0,16.0,1,0,0,1,0,1,0,0.0,4.0,0.0,10
GAS,Alpine,5.0,0 days 00:01:34.190000,0 days 00:00:32.047000,0 days 00:00:36.003000,0 days 00:00:26.140000,MEDIUM,5.0,1.0,,,1,12.0,False,2024,Miami,R,94.19,32.047,36.003,26.14,93.542,0.6479999999999961,94.498,-0.30800000000000693,0.6479999999999961,94.49,94.61800000000001,-0.12800000000001432,57.0,0.08771929824561403,11.0,0.45454545454545453,25.0,25.0,1,0,0,1,0,1,0,0.0,5.0,0.0,10
GAS,Alpine,6.0,0 days 00:01:34.004000,0 days 00:00:32.323000,0 days 00:00:35.683000,0 days 00:00:25.998000,MEDIUM,6.0,1.0,,,1,12.0,False,2024,Miami,R,94.004,32.323,35.683,25.998,93.542,0.4620000000000033,94.498,-0.4939999999999998,0.4620000000000033,94.364,94.61800000000001,-0.2540000000000049,57.0,0.10526315789473684,11.0,0.5454545454545454,36.0,36.0,1,0,0,1,0,1,0,0.0,6.0,0.0,10
GAS,Alpine,7.0,0 days 00:01:34.291000,0 days 00:00:32.199000,0 days 00:00:35.947000,0 days 00:00:26.145000,MEDIUM,7.0,1.0,,,1,12.0,False,2024,Miami,R,94.291,32.199,35.947,26.145,93.542,0.7489999999999952,94.498,-0.20700000000000784,0.7489999999999952,94.711,94.61800000000001,0.09299999999998931,57.0,0.12280701754385964,11.0,0.6363636363636364,49.0,49.0,1,0,0,1,0,1,0,0.0,7.0,0.0,10
GAS,Alpine,8.0,0 days 00:01:33.804000,0 days 00:00:32.029000,0 days 00:00:35.732000,0 days 00:00:26.043000,MEDIUM,8.0,1.0,,,1,12.0,False,2024,Miami,R,93.804,32.029,35.732,26.043,93.542,0.26200000000000045,94.498,-0.6940000000000026,0.26200000000000045,94.284,94.61800000000001,-0.3340000000000032,57.0,0.14035087719298245,11.0,0.7272727272727273,64.0,64.0,1,0,0,1,0,1,0,0.0,8.0,0.0,10
GAS,Alpine,9.0,0 days 00:01:33.953000,0 days 00:00:32.218000,0 days 00:00:35.792000,0 days 00:00:25.943000,MEDIUM,9.0,1.0,,,1,12.0,False,2024,Miami,R,93.953,32.218,35.792,25.943,93.542,0.41100000000000136,94.498,-0.5450000000000017,0.41100000000000136,94.49300000000001,94.61800000000001,-0.125,57.0,0.15789473684210525,11.0,0.8181818181818182,81.0,81.0,1,0,0,1,0,1,0,0.0,9.0,0.0,10
GAS,Alpine,10.0,0 days 00:01:34.731000,0 days 00:00:32.394000,0 days 00:00:36.140000,0 days 00:00:26.197000,MEDIUM,10.0,1.0,,,1,12.0,False,2024,Miami,R,94.731,32.394,36.14,26.197,93.542,1.188999999999993,94.498,0.23299999999998988,1.188999999999993,95.33099999999999,94.61800000000001,0.7129999999999797,57.0,0.17543859649122806,11.0,0.9090909090909091,100.0,100.0,1,0,0,1,0,1,0,0.0,10.0,0.0,10
GAS,Alpine,11.0,0 days 00:01:34.743000,0 days 00:00:32.595000,0 days 00:00:35.978000,0 days 00:00:26.170000,MEDIUM,11.0,1.0,,,1,11.0,False,2024,Miami,R,94.743,32.595,35.978,26.17,93.542,1.2009999999999934,94.498,0.24499999999999034,1.2009999999999934,95.40299999999999,94.61800000000001,0.7849999999999824,57.0,0.19298245614035087,11.0,1.0,121.0,121.0,1,0,0,1,0,1,0,0.0,11.0,0.0,10
GAS,Alpine,14.0,0 days 00:01:33.375000,0 days 00:00:31.827000,0 days 00:00:35.517000,0 days 00:00:26.031000,HARD,2.0,2.0,,,1,16.0,False,2024,Miami,R,93.375,31.827,35.517,26.031,93.542,0.1670000000000016,93.375,0.0,-0.1670000000000016,94.215,94.215,0.0,57.0,0.24561403508771928,45.0,0.044444444444444446,4.0,196.0,0,1,0,1,0,0,1,0.0,0.0,2.0,38
GAS,Alpine,15.0,0 days 00:01:32.994000,0 days 00:00:31.680000,0 days 00:00:35.328000,0 days 00:00:25.986000,HARD,3.0,2.0,,,1,16.0,False,2024,Miami,R,92.994,31.68,35.328,25.986,93.542,0.5480000000000018,93.375,-0.3810000000000002,-0.5480000000000018,93.894,94.215,-0.32099999999999795,57.0,0.2631578947368421,45.0,0.06666666666666667,9.0,225.0,0,1,0,1,0,0,1,0.0,0.0,3.0,38
GAS,Alpine,16.0,0 days 00:01:33.554000,0 days 00:00:32.027000,0 days 00:00:35.550000,0 days 00:00:25.977000,HARD,4.0,2.0,,,1,16.0,False,2024,Miami,R,93.554,32.027,35.55,25.977,93.542,0.012000000000000455,93.375,0.17900000000000205,0.012000000000000455,94.514,94.215,0.2989999999999924,57.0,0.2807017543859649,45.0,0.08888888888888889,16.0,256.0,0,1,0,1,0,0,1,0.0,0.0,4.0,38
GAS,Alpine,17.0,0 days 00:01:33.530000,0 days 00:00:31.718000,0 days 00:00:35.756000,0 days 00:00:26.056000,HARD,5.0,2.0,,,1,16.0,False,2024,Miami,R,93.53,31.718,35.756,26.056,93.542,0.012000000000000455,93.375,0.15500000000000114,-0.012000000000000455,94.55,94.215,0.33499999999999375,57.0,0.2982456140350877,45.0,0.1111111111111111,25.0,289.0,0,1,0,1,0,0,1,0.0,0.0,5.0,38
GAS,Alpine,18.0,0 days 00:01:33.807000,0 days 00:00:31.886000,0 days 00:00:35.734000,0 days 00:00:26.187000,HARD,6.0,2.0,,,1,16.0,False,2024,Miami,R,93.807,31.886,35.734,26.187,93.542,0.26500000000000057,93.375,0.43200000000000216,0.26500000000000057,94.887,94.215,0.671999999999997,57.0,0.3157894736842105,45.0,0.13333333333333333,36.0,324.0,0,1,0,1,0,0,1,0.0,0.0,6.0,38
GAS,Alpine,19.0,0 days 00:01:33.174000,0 days 00:00:31.708000,0 days 00:00:35.489000,0 days 00:00:25.977000,HARD,7.0,2.0,,,1,16.0,False,2024,Miami,R,93.174,31.708,35.489,25.977,93.542,0.367999999999995,93.375,-0.2009999999999934,-0.367999999999995,94.31400000000001,94.215,0.09900000000000375,57.0,0.3333333333333333,45.0,0.15555555555555556,49.0,361.0,0,1,0,0,0,0,1,0.0,0.0,7.0,38
GAS,Alpine,20.0,0 days 00:01:33.639000,0 days 00:00:31.804000,0 days 00:00:35.750000,0 days 00:00:26.085000,HARD,8.0,2.0,,,1,16.0,False,2024,Miami,R,93.639,31.804,35.75,26.085,93.542,0.0969999999999942,93.375,0.2639999999999958,0.0969999999999942,94.839,94.215,0.6239999999999952,57.0,0.3508771929824561,45.0,0.17777777777777778,64.0,400.0,0,1,0,0,0,0,1,0.0,0.0,8.0,38
GAS,Alpine,21.0,0 days 00:01:33.691000,0 days 00:00:32.010000,0 days 00:00:35.710000,0 days 00:00:25.971000,HARD,9.0,2.0,,,1,16.0,False,2024,Miami,R,93.691,32.01,35.71,25.971,93.542,0.1490000000000009,93.375,0.3160000000000025,0.1490000000000009,94.95100000000001,94.215,0.7360000000000042,57.0,0.3684210526315789,45.0,0.2,81.0,441.0,0,1,0,0,0,0,1,0.0,0.0,9.0,38
GAS,Alpine,22.0,0 days 00:01:41.221000,0 days 00:00:31.767000,0 days 00:00:35.565000,0 days 00:00:33.889000,HARD,10.0,2.0,,,16,16.0,False,2024,Miami,R,101.221,31.767,35.565,33.889,93.542,7.679000000000002,93.375,7.846000000000004,7.679000000000002,102.541,94.215,8.325999999999993,57.0,0.38596491228070173,45.0,0.2222222222222222,100.0,484.0,0,1,0,0,0,0,1,0.0,0.0,10.0,38
GAS,Alpine,23.0,0 days 00:01:41.202000,0 days 00:00:38.770000,0 days 00:00:36.364000,0 days 00:00:26.068000,HARD,11.0,2.0,,,671,15.0,False,2024,Miami,R,101.202,38.77,36.364,26.068,93.542,7.659999999999997,93.375,7.826999999999998,7.659999999999997,102.582,94.215,8.36699999999999,57.0,0.40350877192982454,45.0,0.24444444444444444,121.0,529.0,0,1,0,0,0,0,1,0.0,0.0,11.0,38
GAS,Alpine,24.0,0 days 00:01:33.983000,0 days 00:00:32.199000,0 days 00:00:35.838000,0 days 00:00:25.946000,HARD,12.0,2.0,,,1,15.0,False,2024,Miami,R,93.983,32.199,35.838,25.946,93.542,0.4410000000000025,93.375,0.6080000000000041,0.4410000000000025,95.423,94.215,1.2079999999999984,57.0,0.42105263157894735,45.0,0.26666666666666666,144.0,576.0,0,1,0,0,0,0,1,0.0,0.0,12.0,38
GAS,Alpine,25.0,0 days 00:01:33.969000,0 days 00:00:31.960000,0 days 00:00:35.869000,0 days 00:00:26.140000,HARD,13.0,2.0,,,1,15.0,False,2024,Miami,R,93.969,31.96,35.869,26.14,93.542,0.4269999999999925,93.375,0.5939999999999941,0.4269999999999925,95.469,94.215,1.2539999999999907,57.0,0.43859649122807015,45.0,0.28888888888888886,169.0,625.0,0,1,0,0,0,0,1,0.0,0.0,13.0,38
GAS,Alpine,27.0,0 days 00:01:33.614000,0 days 00:00:31.722000,0 days 00:00:35.750000,0 days 00:00:26.142000,HARD,15.0,2.0,,,1,14.0,False,2024,Miami,R,93.614,31.722,35.75,26.142,93.542,0.07200000000000273,93.375,0.23900000000000432,0.07200000000000273,95.23400000000001,94.215,1.0190000000000055,57.0,0.47368421052631576,45.0,0.3333333333333333,225.0,729.0,0,1,0,0,0,0,1,0.0,0.0,15.0,38
GAS,Alpine,33.0,0 days 00:01:34.561000,0 days 00:00:32.141000,0 days 00:00:36.172000,0 days 00:00:26.248000,HARD,21.0,2.0,,,1,12.0,False,2024,Miami,R,94.561,32.141,36.172,26.248,93.542,1.0190000000000055,93.375,1.186000000000007,1.0190000000000055,96.54100000000001,94.215,2.3260000000000076,57.0,0.5789473684210527,45.0,0.4666666666666667,441.0,1089.0,0,1,0,0,0,0,1,0.0,0.0,21.0,38
GAS,Alpine,34.0,0 days 00:01:33.201000,0 days 00:00:32.052000,0 days 00:00:35.338000,0 days 00:00:25.811000,HARD,22.0,2.0,,,1,12.0,False,2024,Miami,R,93.201,32.052,35.338,25.811,93.542,0.3410000000000082,93.375,-0.1740000000000066,-0.3410000000000082,95.241,94.215,1.0259999999999962,57.0,0.5964912280701754,45.0,0.4888888888888889,484.0,1156.0,0,1,0,0,0,0,1,0.0,0.0,22.0,38
GAS,Alpine,35.0,0 days 00:01:32.863000,0 days 00:00:31.554000,0 days 00:00:35.424000,0 days 00:00:25.885000,HARD,23.0,2.0,,,1,12.0,False,2024,Miami,R,92.863,31.554,35.424,25.885,93.542,0.679000000000002,93.375,-0.5120000000000005,-0.679000000000002,94.963,94.215,0.7479999999999905,57.0,0.6140350877192983,45.0,0.5111111111111111,529.0,1225.0,0,1,0,0,0,0,1,0.0,0.0,23.0,38
GAS,Alpine,36.0,0 days 00:01:32.878000,0 days 00:00:31.568000,0 days 00:00:35.461000,0 days 00:00:25.849000,HARD,24.0,2.0,,,1,12.0,False,2024,Miami,R,92.878,31.568,35.461,25.849,93.542,0.6640000000000015,93.375,-0.4969999999999999,-0.6640000000000015,95.038,94.215,0.8229999999999933,57.0,0.631578947368421,45.0,0.5333333333333333,576.0,1296.0,0,1,0,0,0,0,1,0.0,0.0,24.0,38
GAS,Alpine,37.0,0 days 00:01:32.785000,0 days 00:00:31.498000,0 days 00:00:35.326000,0 days 00:00:25.961000,HARD,25.0,2.0,,,1,12.0,False,2024,Miami,R,92.785,31.498,35.326,25.961,93.542,0.757000000000005,93.375,-0.5900000000000034,-0.757000000000005,95.005,94.215,0.789999999999992,57.0,0.6491228070175439,45.0,0.5555555555555556,625.0,1369.0,0,1,0,0,0,0,1,0.0,0.0,25.0,38
GAS,Alpine,38.0,0 days 00:01:32.989000,0 days 00:00:31.539000,0 days 00:00:35.367000,0 days 00:00:26.083000,HARD,26.0,2.0,,,1,12.0,False,2024,Miami,R,92.989,31.539,35.367,26.083,93.542,0.5529999999999973,93.375,-0.3859999999999957,-0.5529999999999973,95.269,94.215,1.054000000000002,57.0,0.6666666666666666,45.0,0.5777777777777777,676.0,1444.0,0,1,1,0,0,0,1,0.0,0.0,26.0,38
GAS,Alpine,39.0,0 days 00:01:33.007000,0 days 00:00:31.646000,0 days 00:00:35.433000,0 days 00:00:25.928000,HARD,27.0,2.0,,,1,12.0,False,2024,Miami,R,93.007,31.646,35.433,25.928,93.542,0.5349999999999966,93.375,-0.367999999999995,-0.5349999999999966,95.34700000000001,94.215,1.132000000000005,57.0,0.6842105263157895,45.0,0.6,729.0,1521.0,0,1,1,0,0,0,1,0.0,0.0,27.0,38
GAS,Alpine,40.0,0 days 00:01:32.786000,0 days 00:00:31.505000,0 days 00:00:35.387000,0 days 00:00:25.894000,HARD,28.0,2.0,,,1,12.0,False,2024,Miami,R,92.786,31.505,35.387,25.894,93.542,0.7560000000000002,93.375,-0.5889999999999986,-0.7560000000000002,95.186,94.215,0.9710000000000036,57.0,0.7017543859649122,45.0,0.6222222222222222,784.0,1600.0,0,1,1,0,0,0,1,0.0,0.0,28.0,38
GAS,Alpine,41.0,0 days 00:01:33.001000,0 days 00:00:31.444000,0 days 00:00:35.564000,0 days 00:00:25.993000,HARD,29.0,2.0,,,1,11.0,False,2024,Miami,R,93.001,31.444,35.564,25.993,93.542,0.5409999999999968,93.375,-0.3739999999999952,-0.5409999999999968,95.461,94.215,1.2459999999999951,57.0,0.7192982456140351,45.0,0.6444444444444445,841.0,1681.0,0,1,1,0,0,0,1,0.0,0.0,29.0,38
GAS,Alpine,42.0,0 days 00:01:32.627000,0 days 00:00:31.358000,0 days 00:00:35.385000,0 days 00:00:25.884000,HARD,30.0,2.0,,,1,11.0,False,2024,Miami,R,92.627,31.358,35.385,25.884,93.542,0.9150000000000063,93.375,-0.7480000000000047,-0.9150000000000063,95.14699999999999,94.215,0.931999999999988,57.0,0.7368421052631579,45.0,0.6666666666666666,900.0,1764.0,0,1,1,0,0,0,1,0.0,0.0,30.0,38
GAS,Alpine,43.0,0 days 00:01:32.504000,0 days 00:00:31.207000,0 days 00:00:35.367000,0 days 00:00:25.930000,HARD,31.0,2.0,,,1,11.0,False,2024,Miami,R,92.504,31.207,35.367,25.93,93.542,1.0379999999999967,93.375,-0.8709999999999951,-1.0379999999999967,95.084,94.215,0.8689999999999998,57.0,0.7543859649122807,45.0,0.6888888888888889,961.0,1849.0,0,1,1,0,0,0,1,0.0,0.0,31.0,38
GAS,Alpine,44.0,0 days 00:01:32.855000,0 days 00:00:31.363000,0 days 00:00:35.365000,0 days 00:00:26.127000,HARD,32.0,2.0,,,1,11.0,False,2024,Miami,R,92.855,31.363,35.365,26.127,93.542,0.6869999999999976,93.375,-0.519999999999996,-0.6869999999999976,95.495,94.215,1.2800000000000011,57.0,0.7719298245614035,45.0,0.7111111111111111,1024.0,1936.0,0,1,1,0,0,0,1,0.0,0.0,32.0,38
GAS,Alpine,45.0,0 days 00:01:32.981000,0 days 00:00:31.443000,0 days 00:00:35.503000,0 days 00:00:26.035000,HARD,33.0,2.0,,,1,11.0,False,2024,Miami,R,92.981,31.443,35.503,26.035,93.542,0.561000000000007,93.375,-0.39400000000000546,-0.561000000000007,95.681,94.215,1.465999999999994,57.0,0.7894736842105263,45.0,0.7333333333333333,1089.0,2025.0,0,1,1,0,0,0,1,0.0,0.0,33.0,38
GAS,Alpine,46.0,0 days 00:01:34.341000,0 days 00:00:32.812000,0 days 00:00:35.552000,0 days 00:00:25.977000,HARD,34.0,2.0,,,1,12.0,False,2024,Miami,R,94.341,32.812,35.552,25.977,93.542,0.7989999999999924,93.375,0.965999999999994,0.7989999999999924,97.101,94.215,2.8859999999999957,57.0,0.8070175438596491,45.0,0.7555555555555555,1156.0,2116.0,0,1,1,0,0,0,1,0.0,0.0,34.0,38
GAS,Alpine,47.0,0 days 00:01:32.767000,0 days 00:00:31.428000,0 days 00:00:35.452000,0 days 00:00:25.887000,HARD,35.0,2.0,,,1,12.0,False,2024,Miami,R,92.767,31.428,35.452,25.887,93.542,0.7750000000000057,93.375,-0.6080000000000041,-0.7750000000000057,95.58699999999999,94.215,1.3719999999999857,57.0,0.8245614035087719,45.0,0.7777777777777778,1225.0,2209.0,0,1,1,0,0,0,1,0.0,0.0,35.0,38
GAS,Alpine,48.0,0 days 00:01:32.628000,0 days 00:00:31.408000,0 days 00:00:35.311000,0 days 00:00:25.909000,HARD,36.0,2.0,,,1,12.0,False,2024,Miami,R,92.628,31.408,35.311,25.909,93.542,0.9140000000000015,93.375,-0.7469999999999999,-0.9140000000000015,95.508,94.215,1.2929999999999922,57.0,0.8421052631578947,45.0,0.8,1296.0,2304.0,0,1,1,0,0,0,1,0.0,0.0,36.0,38
GAS,Alpine,49.0,0 days 00:01:32.720000,0 days 00:00:31.197000,0 days 00:00:35.523000,0 days 00:00:26,HARD,37.0,2.0,,,1,12.0,False,2024,Miami,R,92.72,31.197,35.523,26.0,93.542,0.8220000000000027,93.375,-0.6550000000000011,-0.8220000000000027,95.66,94.215,1.4449999999999932,57.0,0.8596491228070176,45.0,0.8222222222222222,1369.0,2401.0,0,1,1,0,0,0,1,0.0,0.0,37.0,38
GAS,Alpine,50.0,0 days 00:01:32.492000,0 days 00:00:31.060000,0 days 00:00:35.446000,0 days 00:00:25.986000,HARD,38.0,2.0,,,1,12.0,False,2024,Miami,R,92.492,31.06,35.446,25.986,93.542,1.0499999999999972,93.375,-0.8829999999999956,-1.0499999999999972,95.492,94.215,1.277000000000001,57.0,0.8771929824561403,45.0,0.8444444444444444,1444.0,2500.0,0,1,1,0,0,0,1,0.0,0.0,38.0,38
GAS,Alpine,51.0,0 days 00:01:32.522000,0 days 00:00:31.064000,0 days 00:00:35.506000,0 days 00:00:25.952000,HARD,39.0,2.0,,,1,12.0,False,2024,Miami,R,92.522,31.064,35.506,25.952,93.542,1.019999999999996,93.375,-0.8529999999999944,-1.019999999999996,95.58200000000001,94.215,1.3670000000000044,57.0,0.8947368421052632,45.0,0.8666666666666667,1521.0,2601.0,0,1,1,0,0,0,1,0.0,0.0,39.0,38
GAS,Alpine,52.0,0 days 00:01:32.643000,0 days 00:00:31.129000,0 days 00:00:35.437000,0 days 00:00:26.077000,HARD,40.0,2.0,,,1,12.0,False,2024,Miami,R,92.643,31.129,35.437,26.077,93.542,0.8990000000000009,93.375,-0.7319999999999993,-0.8990000000000009,95.763,94.215,1.5480000000000018,57.0,0.9122807017543859,45.0,0.8888888888888888,1600.0,2704.0,0,1,1,0,0,0,1,0.0,0.0,40.0,38
GAS,Alpine,53.0,0 days 00:01:32.256000,0 days 00:00:30.857000,0 days 00:00:35.415000,0 days 00:00:25.984000,HARD,41.0,2.0,,,1,12.0,False,2024,Miami,R,92.256,30.857,35.415,25.984,93.542,1.2860000000000014,93.375,-1.1189999999999998,-1.2860000000000014,95.436,94.215,1.2210000000000036,57.0,0.9298245614035088,45.0,0.9111111111111111,1681.0,2809.0,0,1,1,0,0,0,1,0.0,0.0,41.0,38
GAS,Alpine,54.0,0 days 00:01:32.285000,0 days 00:00:30.991000,0 days 00:00:35.367000,0 days 00:00:25.927000,HARD,42.0,2.0,,,1,12.0,False,2024,Miami,R,92.285,30.991,35.367,25.927,93.542,1.257000000000005,93.375,-1.0900000000000034,-1.257000000000005,95.52499999999999,94.215,1.309999999999988,57.0,0.9473684210526315,45.0,0.9333333333333333,1764.0,2916.0,0,1,1,0,0,0,1,0.0,0.0,42.0,38
GAS,Alpine,55.0,0 days 00:01:32.326000,0 days 00:00:31.042000,0 days 00:00:35.348000,0 days 00:00:25.936000,HARD,43.0,2.0,,,1,12.0,False,2024,Miami,R,92.326,31.042,35.348,25.936,93.542,1.2160000000000082,93.375,-1.0490000000000066,-1.2160000000000082,95.62599999999999,94.215,1.4109999999999872,57.0,0.9649122807017544,45.0,0.9555555555555556,1849.0,3025.0,0,1,1,0,0,0,1,0.0,0.0,43.0,38
GAS,Alpine,56.0,0 days 00:01:32.055000,0 days 00:00:30.999000,0 days 00:00:35.221000,0 days 00:00:25.835000,HARD,44.0,2.0,,,1,12.0,False,2024,Miami,R,92.055,30.999,35.221,25.835,93.542,1.4869999999999948,93.375,-1.3199999999999932,-1.4869999999999948,95.415,94.215,1.2000000000000028,57.0,0.9824561403508771,45.0,0.9777777777777777,1936.0,3136.0,0,1,1,0,0,0,1,0.0,0.0,44.0,38
GAS,Alpine,57.0,0 days 00:01:32.420000,0 days 00:00:31.145000,0 days 00:00:35.328000,0 days 00:00:25.947000,HARD,45.0,2.0,,,1,12.0,False,2024,Miami,R,92.42,31.145,35.328,25.947,93.542,1.1219999999999999,93.375,-0.9549999999999983,-1.1219999999999999,95.84,94.215,1.625,57.0,1.0,45.0,1.0,2025.0,3249.0,0,1,1,0,0,0,1,0.0,0.0,45.0,38
HAM,Mercedes,1.0,0 days 00:01:39.924000,,0 days 00:00:36.229000,0 days 00:00:26.321000,HARD,1.0,1.0,,,1,7.0,False,2024,Miami,R,99.924,,36.229,26.321,93.306,6.618000000000009,99.924,0.0,6.618000000000009,99.98400000000001,99.98400000000001,0.0,57.0,0.017543859649122806,25.0,0.04,1.0,1.0,1,0,0,1,0,0,1,0.0,0.0,1.0,24
HAM,Mercedes,2.0,0 days 00:01:34.966000,0 days 00:00:33.275000,0 days 00:00:35.620000,0 days 00:00:26.071000,HARD,2.0,1.0,,,1,8.0,False,2024,Miami,R,94.966,33.275,35.62,26.071,93.306,1.6599999999999966,99.924,-4.958000000000013,1.6599999999999966,95.086,99.98400000000001,-4.89800000000001,57.0,0.03508771929824561,25.0,0.08,4.0,4.0,1,0,0,1,0,0,1,0.0,0.0,2.0,24
HAM,Mercedes,3.0,0 days 00:01:34.031000,0 days 00:00:32.040000,0 days 00:00:35.912000,0 days 00:00:26.079000,HARD,3.0,1.0,,,1,8.0,False,2024,Miami,R,94.031,32.04,35.912,26.079,93.306,0.7250000000000085,99.924,-5.893000000000001,0.7250000000000085,94.21100000000001,99.98400000000001,-5.772999999999996,57.0,0.05263157894736842,25.0,0.12,9.0,9.0,1,0,0,1,0,0,1,0.0,0.0,3.0,24
HAM,Mercedes,4.0,0 days 00:01:33.861000,0 days 00:00:31.931000,0 days 00:00:35.768000,0 days 00:00:26.162000,HARD,4.0,1.0,,,1,8.0,False,2024,Miami,R,93.861,31.931,35.768,26.162,93.306,0.5550000000000068,99.924,-6.063000000000002,0.5550000000000068,94.101,99.98400000000001,-5.88300000000001,57.0,0.07017543859649122,25.0,0.16,16.0,16.0,1,0,0,1,0,0,1,0.0,0.0,4.0,24
HAM,Mercedes,5.0,0 days 00:01:33.666000,0 days 00:00:31.703000,0 days 00:00:35.868000,0 days 00:00:26.095000,HARD,5.0,1.0,,,1,8.0,False,2024,Miami,R,93.666,31.703,35.868,26.095,93.306,0.35999999999999943,99.924,-6.25800000000001,0.35999999999999943,93.966,99.98400000000001,-6.018000000000015,57.0,0.08771929824561403,25.0,0.2,25.0,25.0,1,0,0,1,0,0,1,0.0,0.0,5.0,24
HAM,Mercedes,6.0,0 days 00:01:33.679000,0 days 00:00:31.816000,0 days 00:00:35.777000,0 days 00:00:26.086000,HARD,6.0,1.0,,,1,8.0,False,2024,Miami,R,93.679,31.816,35.777,26.086,93.306,0.37300000000000466,99.924,-6.2450000000000045,0.37300000000000466,94.039,99.98400000000001,-5.945000000000007,57.0,0.10526315789473684,25.0,0.24,36.0,36.0,1,0,0,1,0,0,1,0.0,0.0,6.0,24
HAM,Mercedes,7.0,0 days 00:01:34.466000,0 days 00:00:31.729000,0 days 00:00:35.544000,0 days 00:00:27.193000,HARD,7.0,1.0,,,1,8.0,False,2024,Miami,R,94.466,31.729,35.544,27.193,93.306,1.1599999999999966,99.924,-5.458000000000013,1.1599999999999966,94.886,99.98400000000001,-5.098000000000013,57.0,0.12280701754385964,25.0,0.28,49.0,49.0,1,0,0,1,0,0,1,0.0,0.0,7.0,24
HAM,Mercedes,8.0,0 days 00:01:34.621000,0 days 00:00:32.400000,0 days 00:00:36.121000,0 days 00:00:26.100000,HARD,8.0,1.0,,,1,8.0,False,2024,Miami,R,94.621,32.4,36.121,26.1,93.306,1.3149999999999977,99.924,-5.3030000000000115,1.3149999999999977,95.101,99.98400000000001,-4.88300000000001,57.0,0.14035087719298245,25.0,0.32,64.0,64.0,1,0,0,1,0,0,1,0.0,0.0,8.0,24
HAM,Mercedes,9.0,0 days 00:01:34.024000,0 days 00:00:32.167000,0 days 00:00:35.749000,0 days 00:00:26.108000,HARD,9.0,1.0,,,1,8.0,False,2024,Miami,R,94.024,32.167,35.749,26.108,93.306,0.7180000000000035,99.924,-5.900000000000006,0.7180000000000035,94.56400000000001,99.98400000000001,-5.420000000000002,57.0,0.15789473684210525,25.0,0.36,81.0,81.0,1,0,0,1,0,0,1,0.0,0.0,9.0,24
HAM,Mercedes,10.0,0 days 00:01:34.602000,0 days 00:00:32.404000,0 days 00:00:35.730000,0 days 00:00:26.468000,HARD,10.0,1.0,,,1,7.0,False,2024,Miami,R,94.602,32.404,35.73,26.468,93.306,1.2960000000000065,99.924,-5.322000000000003,1.2960000000000065,95.202,99.98400000000001,-4.782000000000011,57.0,0.17543859649122806,25.0,0.4,100.0,100.0,1,0,0,1,0,0,1,0.0,0.0,10.0,24
HAM,Mercedes,11.0,0 days 00:01:34.372000,0 days 00:00:31.995000,0 days 00:00:36.047000,0 days 00:00:26.330000,HARD,11.0,1.0,,,1,7.0,False,2024,Miami,R,94.372,31.995,36.047,26.33,93.306,1.0660000000000025,99.924,-5.552000000000007,1.0660000000000025,95.032,99.98400000000001,-4.952000000000012,57.0,0.19298245614035087,25.0,0.44,121.0,121.0,1,0,0,1,0,0,1,0.0,0.0,11.0,24
HAM,Mercedes,12.0,0 days 00:01:33.990000,0 days 00:00:31.809000,0 days 00:00:35.943000,0 days 00:00:26.238000,HARD,12.0,1.0,,,1,7.0,False,2024,Miami,R,93.99,31.809,35.943,26.238,93.306,0.6839999999999975,99.924,-5.934000000000012,0.6839999999999975,94.71,99.98400000000001,-5.274000000000015,57.0,0.21052631578947367,25.0,0.48,144.0,144.0,1,0,0,1,0,0,1,0.0,0.0,12.0,24
HAM,Mercedes,13.0,0 days 00:01:33.871000,0 days 00:00:31.751000,0 days 00:00:35.869000,0 days 00:00:26.251000,HARD,13.0,1.0,,,1,7.0,False,2024,Miami,R,93.871,31.751,35.869,26.251,93.306,0.5649999999999977,99.924,-6.0530000000000115,0.5649999999999977,94.651,99.98400000000001,-5.333000000000013,57.0,0.22807017543859648,25.0,0.52,169.0,169.0,1,0,0,1,0,0,1,0.0,0.0,13.0,24
HAM,Mercedes,14.0,0 days 00:01:33.693000,0 days 00:00:31.721000,0 days 00:00:35.809000,0 days 00:00:26.163000,HARD,14.0,1.0,,,1,7.0,False,2024,Miami,R,93.693,31.721,35.809,26.163,93.306,0.38700000000000045,99.924,-6.231000000000009,0.38700000000000045,94.533,99.98400000000001,-5.451000000000008,57.0,0.24561403508771928,25.0,0.56,196.0,196.0,1,0,0,1,0,0,1,0.0,0.0,14.0,24
HAM,Mercedes,15.0,0 days 00:01:33.344000,0 days 00:00:31.424000,0 days 00:00:35.685000,0 days 00:00:26.235000,HARD,15.0,1.0,,,1,7.0,False,2024,Miami,R,93.344,31.424,35.685,26.235,93.306,0.0379999999999967,99.924,-6.5800000000000125,0.0379999999999967,94.244,99.98400000000001,-5.740000000000009,57.0,0.2631578947368421,25.0,0.6,225.0,225.0,1,0,0,1,0,0,1,0.0,0.0,15.0,24
HAM,Mercedes,16.0,0 days 00:01:33.521000,0 days 00:00:31.570000,0 days 00:00:35.757000,0 days 00:00:26.194000,HARD,16.0,1.0,,,1,7.0,False,2024,Miami,R,93.521,31.57,35.757,26.194,93.306,0.2150000000000034,99.924,-6.403000000000006,0.2150000000000034,94.481,99.98400000000001,-5.503000000000014,57.0,0.2807017543859649,25.0,0.64,256.0,256.0,1,0,0,1,0,0,1,0.0,0.0,16.0,24
HAM,Mercedes,17.0,0 days 00:01:33.602000,0 days 00:00:31.505000,0 days 00:00:35.655000,0 days 00:00:26.442000,HARD,17.0,1.0,,,1,7.0,False,2024,Miami,R,93.602,31.505,35.655,26.442,93.306,0.2960000000000065,99.924,-6.322000000000003,0.2960000000000065,94.622,99.98400000000001,-5.362000000000009,57.0,0.2982456140350877,25.0,0.68,289.0,289.0,1,0,0,1,0,0,1,0.0,0.0,17.0,24
HAM,Mercedes,18.0,0 days 00:01:33.306000,0 days 00:00:31.376000,0 days 00:00:35.687000,0 days 00:00:26.243000,HARD,18.0,1.0,,,1,6.0,False,2024,Miami,R,93.306,31.376,35.687,26.243,93.306,0.0,99.924,-6.618000000000009,0.0,94.386,99.98400000000001,-5.598000000000013,57.0,0.3157894736842105,25.0,0.72,324.0,324.0,1,0,0,1,0,0,1,0.0,0.0,18.0,24
HAM,Mercedes,19.0,0 days 00:01:33.333000,0 days 00:00:31.405000,0 days 00:00:35.772000,0 days 00:00:26.156000,HARD,19.0,1.0,,,1,6.0,False,2024,Miami,R,93.333,31.405,35.772,26.156,93.306,0.027000000000001023,99.924,-6.591000000000008,0.027000000000001023,94.473,99.98400000000001,-5.51100000000001,57.0,0.3333333333333333,25.0,0.76,361.0,361.0,1,0,0,0,0,0,1,0.0,0.0,19.0,24
HAM,Mercedes,20.0,0 days 00:01:33.048000,0 days 00:00:31.286000,0 days 00:00:35.473000,0 days 00:00:26.289000,HARD,20.0,1.0,,,1,5.0,False,2024,Miami,R,93.048,31.286,35.473,26.289,93.306,0.25799999999999557,99.924,-6.876000000000005,-0.25799999999999557,94.248,99.98400000000001,-5.736000000000004,57.0,0.3508771929824561,25.0,0.8,400.0,400.0,1,0,0,0,0,0,1,0.0,0.0,20.0,24
HAM,Mercedes,21.0,0 days 00:01:34.185000,0 days 00:00:31.411000,0 days 00:00:36.438000,0 days 00:00:26.336000,HARD,21.0,1.0,,,1,6.0,False,2024,Miami,R,94.185,31.411,36.438,26.336,93.306,0.8790000000000049,99.924,-5.739000000000004,0.8790000000000049,95.44500000000001,99.98400000000001,-4.5390000000000015,57.0,0.3684210526315789,25.0,0.84,441.0,441.0,1,0,0,0,0,0,1,0.0,0.0,21.0,24
HAM,Mercedes,22.0,0 days 00:01:33.359000,0 days 00:00:31.603000,0 days 00:00:35.615000,0 days 00:00:26.141000,HARD,22.0,1.0,,,1,6.0,False,2024,Miami,R,93.359,31.603,35.615,26.141,93.306,0.05299999999999727,99.924,-6.565000000000012,0.05299999999999727,94.67899999999999,99.98400000000001,-5.305000000000021,57.0,0.38596491228070173,25.0,0.88,484.0,484.0,1,0,0,0,0,0,1,0.0,0.0,22.0,24
HAM,Mercedes,24.0,0 days 00:01:32.852000,0 days 00:00:31.336000,0 days 00:00:35.461000,0 days 00:00:26.055000,HARD,24.0,1.0,,,1,6.0,False,2024,Miami,R,92.852,31.336,35.461,26.055,93.306,0.4539999999999935,99.924,-7.072000000000003,-0.4539999999999935,94.292,99.98400000000001,-5.692000000000007,57.0,0.42105263157894735,25.0,0.96,576.0,576.0,1,0,0,0,0,0,1,0.0,0.0,24.0,24
HAM,Mercedes,25.0,0 days 00:01:32.932000,0 days 00:00:31.223000,0 days 00:00:35.619000,0 days 00:00:26.090000,HARD,25.0,1.0,,,1,6.0,False,2024,Miami,R,92.932,31.223,35.619,26.09,93.306,0.3739999999999952,99.924,-6.992000000000004,-0.3739999999999952,94.432,99.98400000000001,-5.552000000000007,57.0,0.43859649122807015,25.0,1.0,625.0,625.0,1,0,0,0,0,0,1,0.0,0.0,25.0,24
HAM,Mercedes,33.0,0 days 00:01:34.087000,0 days 00:00:32.358000,0 days 00:00:35.917000,0 days 00:00:25.812000,MEDIUM,10.0,2.0,,,1,8.0,False,2024,Miami,R,94.087,32.358,35.917,25.812,93.306,0.7810000000000059,94.087,0.0,0.7810000000000059,96.06700000000001,96.06700000000001,0.0,57.0,0.5789473684210527,34.0,0.29411764705882354,100.0,1089.0,0,1,0,0,0,1,0,0.0,10.0,0.0,25
HAM,Mercedes,34.0,0 days 00:01:32.268000,0 days 00:00:31.460000,0 days 00:00:35.035000,0 days 00:00:25.773000,MEDIUM,11.0,2.0,,,1,7.0,False,2024,Miami,R,92.268,31.46,35.035,25.773,93.306,1.0379999999999967,94.087,-1.8190000000000026,-1.0379999999999967,94.308,96.06700000000001,-1.7590000000000003,57.0,0.5964912280701754,34.0,0.3235294117647059,121.0,1156.0,0,1,0,0,0,1,0,0.0,11.0,0.0,25
HAM,Mercedes,35.0,0 days 00:01:31.385000,0 days 00:00:30.788000,0 days 00:00:34.846000,0 days 00:00:25.751000,MEDIUM,12.0,2.0,,,1,7.0,False,2024,Miami,R,91.385,30.788,34.846,25.751,93.306,1.9209999999999923,94.087,-2.701999999999998,-1.9209999999999923,93.485,96.06700000000001,-2.582000000000008,57.0,0.6140350877192983,34.0,0.35294117647058826,144.0,1225.0,0,1,0,0,0,1,0,0.0,12.0,0.0,25
HAM,Mercedes,36.0,0 days 00:01:32.240000,0 days 00:00:31.130000,0 days 00:00:35.206000,0 days 00:00:25.904000,MEDIUM,13.0,2.0,,,1,7.0,False,2024,Miami,R,92.24,31.13,35.206,25.904,93.306,1.0660000000000025,94.087,-1.8470000000000084,-1.0660000000000025,94.39999999999999,96.06700000000001,-1.6670000000000158,57.0,0.631578947368421,34.0,0.38235294117647056,169.0,1296.0,0,1,0,0,0,1,0,0.0,13.0,0.0,25
HAM,Mercedes,37.0,0 days 00:01:31.937000,0 days 00:00:31.129000,0 days 00:00:35.044000,0 days 00:00:25.764000,MEDIUM,14.0,2.0,,,1,7.0,False,2024,Miami,R,91.937,31.129,35.044,25.764,93.306,1.3689999999999998,94.087,-2.1500000000000057,-1.3689999999999998,94.157,96.06700000000001,-1.9100000000000108,57.0,0.6491228070175439,34.0,0.4117647058823529,196.0,1369.0,0,1,0,0,0,1,0,0.0,14.0,0.0,25
HAM,Mercedes,38.0,0 days 00:01:31.772000,0 days 00:00:31.016000,0 days 00:00:35.006000,0 days 00:00:25.750000,MEDIUM,15.0,2.0,,,1,7.0,False,2024,Miami,R,91.772,31.016,35.006,25.75,93.306,1.5339999999999918,94.087,-2.3149999999999977,-1.5339999999999918,94.052,96.06700000000001,-2.0150000000000006,57.0,0.6666666666666666,34.0,0.4411764705882353,225.0,1444.0,0,1,1,0,0,1,0,0.0,15.0,0.0,25
HAM,Mercedes,39.0,0 days 00:01:32.167000,0 days 00:00:30.987000,0 days 00:00:35.320000,0 days 00:00:25.860000,MEDIUM,16.0,2.0,,,1,7.0,False,2024,Miami,R,92.167,30.987,35.32,25.86,93.306,1.1389999999999958,94.087,-1.9200000000000017,-1.1389999999999958,94.507,96.06700000000001,-1.5600000000000023,57.0,0.6842105263157895,34.0,0.47058823529411764,256.0,1521.0,0,1,1,0,0,1,0,0.0,16.0,0.0,25
HAM,Mercedes,40.0,0 days 00:01:32.530000,0 days 00:00:31.568000,0 days 00:00:35.266000,0 days 00:00:25.696000,MEDIUM,17.0,2.0,,,1,6.0,False,2024,Miami,R,92.53,31.568,35.266,25.696,93.306,0.7759999999999962,94.087,-1.5570000000000022,-0.7759999999999962,94.93,96.06700000000001,-1.1370000000000005,57.0,0.7017543859649122,34.0,0.5,289.0,1600.0,0,1,1,0,0,1,0,0.0,17.0,0.0,25
HAM,Mercedes,41.0,0 days 00:01:32.143000,0 days 00:00:30.911000,0 days 00:00:35.532000,0 days 00:00:25.700000,MEDIUM,18.0,2.0,,,1,6.0,False,2024,Miami,R,92.143,30.911,35.532,25.7,93.306,1.1629999999999967,94.087,-1.9440000000000026,-1.1629999999999967,94.603,96.06700000000001,-1.4640000000000128,57.0,0.7192982456140351,34.0,0.5294117647058824,324.0,1681.0,0,1,1,0,0,1,0,0.0,18.0,0.0,25
HAM,Mercedes,42.0,0 days 00:01:31.672000,0 days 00:00:30.936000,0 days 00:00:35.101000,0 days 00:00:25.635000,MEDIUM,19.0,2.0,,,1,6.0,False,2024,Miami,R,91.672,30.936,35.101,25.635,93.306,1.6340000000000003,94.087,-2.4150000000000063,-1.6340000000000003,94.192,96.06700000000001,-1.8750000000000142,57.0,0.7368421052631579,34.0,0.5588235294117647,361.0,1764.0,0,1,1,0,0,1,0,0.0,19.0,0.0,25
HAM,Mercedes,43.0,0 days 00:01:31.417000,0 days 00:00:30.830000,0 days 00:00:35.067000,0 days 00:00:25.520000,MEDIUM,20.0,2.0,,,1,6.0,False,2024,Miami,R,91.417,30.83,35.067,25.52,93.306,1.8889999999999958,94.087,-2.6700000000000017,-1.8889999999999958,93.997,96.06700000000001,-2.0700000000000074,57.0,0.7543859649122807,34.0,0.5882352941176471,400.0,1849.0,0,1,1,0,0,1,0,0.0,20.0,0.0,25
HAM,Mercedes,44.0,0 days 00:01:31.511000,0 days 00:00:30.798000,0 days 00:00:35.119000,0 days 00:00:25.594000,MEDIUM,21.0,2.0,,,1,6.0,False,2024,Miami,R,91.511,30.798,35.119,25.594,93.306,1.7950000000000017,94.087,-2.5760000000000076,-1.7950000000000017,94.151,96.06700000000001,-1.916000000000011,57.0,0.7719298245614035,34.0,0.6176470588235294,441.0,1936.0,0,1,1,0,0,1,0,0.0,21.0,0.0,25
HAM,Mercedes,45.0,0 days 00:01:31.479000,0 days 00:00:30.727000,0 days 00:00:35.116000,0 days 00:00:25.636000,MEDIUM,22.0,2.0,,,1,6.0,False,2024,Miami,R,91.479,30.727,35.116,25.636,93.306,1.8269999999999982,94.087,-2.608000000000004,-1.8269999999999982,94.179,96.06700000000001,-1.8880000000000052,57.0,0.7894736842105263,34.0,0.6470588235294118,484.0,2025.0,0,1,1,0,0,1,0,0.0,22.0,0.0,25
HAM,Mercedes,46.0,0 days 00:01:31.679000,0 days 00:00:30.810000,0 days 00:00:35.201000,0 days 00:00:25.668000,MEDIUM,23.0,2.0,,,1,6.0,False,2024,Miami,R,91.679,30.81,35.201,25.668,93.306,1.6269999999999953,94.087,-2.4080000000000013,-1.6269999999999953,94.43900000000001,96.06700000000001,-1.6280000000000001,57.0,0.8070175438596491,34.0,0.6764705882352942,529.0,2116.0,0,1,1,0,0,1,0,0.0,23.0,0.0,25
HAM,Mercedes,47.0,0 days 00:01:31.330000,0 days 00:00:30.717000,0 days 00:00:35.085000,0 days 00:00:25.528000,MEDIUM,24.0,2.0,,,1,6.0,False,2024,Miami,R,91.33,30.717,35.085,25.528,93.306,1.975999999999999,94.087,-2.757000000000005,-1.975999999999999,94.14999999999999,96.06700000000001,-1.9170000000000158,57.0,0.8245614035087719,34.0,0.7058823529411765,576.0,2209.0,0,1,1,0,0,1,0,0.0,24.0,0.0,25
HAM,Mercedes,48.0,0 days 00:01:31.626000,0 days 00:00:30.790000,0 days 00:00:35.113000,0 days 00:00:25.723000,MEDIUM,25.0,2.0,,,1,6.0,False,2024,Miami,R,91.626,30.79,35.113,25.723,93.306,1.6799999999999926,94.087,-2.4609999999999985,-1.6799999999999926,94.506,96.06700000000001,-1.561000000000007,57.0,0.8421052631578947,34.0,0.7352941176470589,625.0,2304.0,0,1,1,0,0,1,0,0.0,25.0,0.0,25
HAM,Mercedes,49.0,0 days 00:01:31.432000,0 days 00:00:30.579000,0 days 00:00:35.252000,0 days 00:00:25.601000,MEDIUM,26.0,2.0,,,1,6.0,False,2024,Miami,R,91.432,30.579,35.252,25.601,93.306,1.8739999999999952,94.087,-2.655000000000001,-1.8739999999999952,94.372,96.06700000000001,-1.6950000000000074,57.0,0.8596491228070176,34.0,0.7647058823529411,676.0,2401.0,0,1,1,0,0,1,0,0.0,26.0,0.0,25
HAM,Mercedes,50.0,0 days 00:01:31.625000,0 days 00:00:30.562000,0 days 00:00:35.350000,0 days 00:00:25.713000,MEDIUM,27.0,2.0,,,1,6.0,False,2024,Miami,R,91.625,30.562,35.35,25.713,93.306,1.6809999999999974,94.087,-2.4620000000000033,-1.6809999999999974,94.625,96.06700000000001,-1.4420000000000073,57.0,0.8771929824561403,34.0,0.7941176470588235,729.0,2500.0,0,1,1,0,0,1,0,0.0,27.0,0.0,25
HAM,Mercedes,51.0,0 days 00:01:31.500000,0 days 00:00:30.649000,0 days 00:00:35.215000,0 days 00:00:25.636000,MEDIUM,28.0,2.0,,,1,6.0,False,2024,Miami,R,91.5,30.649,35.215,25.636,93.306,1.8059999999999974,94.087,-2.5870000000000033,-1.8059999999999974,94.56,96.06700000000001,-1.507000000000005,57.0,0.8947368421052632,34.0,0.8235294117647058,784.0,2601.0,0,1,1,0,0,1,0,0.0,28.0,0.0,25
HAM,Mercedes,52.0,0 days 00:01:31.696000,0 days 00:00:30.881000,0 days 00:00:35.207000,0 days 00:00:25.608000,MEDIUM,29.0,2.0,,,1,6.0,False,2024,Miami,R,91.696,30.881,35.207,25.608,93.306,1.6099999999999994,94.087,-2.3910000000000053,-1.6099999999999994,94.816,96.06700000000001,-1.2510000000000048,57.0,0.9122807017543859,34.0,0.8529411764705882,841.0,2704.0,0,1,1,0,0,1,0,0.0,29.0,0.0,25
HAM,Mercedes,53.0,0 days 00:01:31.372000,0 days 00:00:30.612000,0 days 00:00:35.140000,0 days 00:00:25.620000,MEDIUM,30.0,2.0,,,1,6.0,False,2024,Miami,R,91.372,30.612,35.14,25.62,93.306,1.9339999999999975,94.087,-2.7150000000000034,-1.9339999999999975,94.55199999999999,96.06700000000001,-1.5150000000000148,57.0,0.9298245614035088,34.0,0.8823529411764706,900.0,2809.0,0,1,1,0,0,1,0,0.0,30.0,0.0,25
HAM,Mercedes,54.0,0 days 00:01:31.233000,0 days 00:00:30.510000,0 days 00:00:35.044000,0 days 00:00:25.679000,MEDIUM,31.0,2.0,,,1,6.0,False,2024,Miami,R,91.233,30.51,35.044,25.679,93.306,2.0729999999999933,94.087,-2.853999999999999,-2.0729999999999933,94.473,96.06700000000001,-1.5940000000000083,57.0,0.9473684210526315,34.0,0.9117647058823529,961.0,2916.0,0,1,1,0,0,1,0,0.0,31.0,0.0,25
HAM,Mercedes,55.0,0 days 00:01:31.254000,0 days 00:00:30.536000,0 days 00:00:35.068000,0 days 00:00:25.650000,MEDIUM,32.0,2.0,,,1,6.0,False,2024,Miami,R,91.254,30.536,35.068,25.65,93.306,2.0519999999999925,94.087,-2.8329999999999984,-2.0519999999999925,94.554,96.06700000000001,-1.5130000000000052,57.0,0.9649122807017544,34.0,0.9411764705882353,1024.0,3025.0,0,1,1,0,0,1,0,0.0,32.0,0.0,25
HAM,Mercedes,56.0,0 days 00:01:31.429000,0 days 00:00:30.615000,0 days 00:00:35.073000,0 days 00:00:25.741000,MEDIUM,33.0,2.0,,,1,6.0,False,2024,Miami,R,91.429,30.615,35.073,25.741,93.306,1.8769999999999953,94.087,-2.6580000000000013,-1.8769999999999953,94.789,96.06700000000001,-1.2780000000000058,57.0,0.9824561403508771,34.0,0.9705882352941176,1089.0,3136.0,0,1,1,0,0,1,0,0.0,33.0,0.0,25
HAM,Mercedes,57.0,0 days 00:01:31.623000,0 days 00:00:30.730000,0 days 00:00:35.192000,0 days 00:00:25.701000,MEDIUM,34.0,2.0,,,1,6.0,False,2024,Miami,R,91.623,30.73,35.192,25.701,93.306,1.6829999999999927,94.087,-2.4639999999999986,-1.6829999999999927,95.043,96.06700000000001,-1.024000000000001,57.0,1.0,34.0,1.0,1156.0,3249.0,0,1,1,0,0,1,0,0.0,34.0,0.0,25
HUL,Haas F1 Team,1.0,0 days 00:01:40.159000,,0 days 00:00:36.227000,0 days 00:00:26.167000,MEDIUM,1.0,1.0,,,1,8.0,False,2024,Miami,R,100.159,,36.227,26.167,93.291,6.868000000000009,100.159,0.0,6.868000000000009,100.21900000000001,100.21900000000001,0.0,57.0,0.017543859649122806,11.0,0.09090909090909091,1.0,1.0,1,0,0,1,0,1,0,0.0,1.0,0.0,11
HUL,Haas F1 Team,2.0,0 days 00:01:33.938000,0 days 00:00:32.472000,0 days 00:00:35.402000,0 days 00:00:26.064000,MEDIUM,2.0,1.0,,,1,7.0,False,2024,Miami,R,93.938,32.472,35.402,26.064,93.291,0.6470000000000056,100.159,-6.221000000000004,0.6470000000000056,94.058,100.21900000000001,-6.161000000000001,57.0,0.03508771929824561,11.0,0.18181818181818182,4.0,4.0,1,0,0,1,0,1,0,0.0,2.0,0.0,11
HUL,Haas F1 Team,3.0,0 days 00:01:34.140000,0 days 00:00:32.347000,0 days 00:00:35.769000,0 days 00:00:26.024000,MEDIUM,3.0,1.0,,,1,7.0,False,2024,Miami,R,94.14,32.347,35.769,26.024,93.291,0.8490000000000038,100.159,-6.0190000000000055,0.8490000000000038,94.32000000000001,100.21900000000001,-5.899000000000001,57.0,0.05263157894736842,11.0,0.2727272727272727,9.0,9.0,1,0,0,1,0,1,0,0.0,3.0,0.0,11
HUL,Haas F1 Team,4.0,0 days 00:01:33.818000,0 days 00:00:31.877000,0 days 00:00:35.800000,0 days 00:00:26.141000,MEDIUM,4.0,1.0,,,1,7.0,False,2024,Miami,R,93.818,31.877,35.8,26.141,93.291,0.527000000000001,100.159,-6.341000000000008,0.527000000000001,94.05799999999999,100.21900000000001,-6.161000000000016,57.0,0.07017543859649122,11.0,0.36363636363636365,16.0,16.0,1,0,0,1,0,1,0,0.0,4.0,0.0,11
HUL,Haas F1 Team,5.0,0 days 00:01:33.776000,0 days 00:00:31.834000,0 days 00:00:35.841000,0 days 00:00:26.101000,MEDIUM,5.0,1.0,,,1,7.0,False,2024,Miami,R,93.776,31.834,35.841,26.101,93.291,0.48499999999999943,100.159,-6.38300000000001,0.48499999999999943,94.076,100.21900000000001,-6.143000000000015,57.0,0.08771929824561403,11.0,0.45454545454545453,25.0,25.0,1,0,0,1,0,1,0,0.0,5.0,0.0,11
HUL,Haas F1 Team,6.0,0 days 00:01:33.561000,0 days 00:00:31.875000,0 days 00:00:35.630000,0 days 00:00:26.056000,MEDIUM,6.0,1.0,,,1,7.0,False,2024,Miami,R,93.561,31.875,35.63,26.056,93.291,0.27000000000001023,100.159,-6.597999999999999,0.27000000000001023,93.921,100.21900000000001,-6.298000000000002,57.0,0.10526315789473684,11.0,0.5454545454545454,36.0,36.0,1,0,0,1,0,1,0,0.0,6.0,0.0,11
HUL,Haas F1 Team,7.0,0 days 00:01:34.953000,0 days 00:00:32.097000,0 days 00:00:36.764000,0 days 00:00:26.092000,MEDIUM,7.0,1.0,,,1,7.0,False,2024,Miami,R,94.953,32.097,36.764,26.092,93.291,1.6620000000000061,100.159,-5.206000000000003,1.6620000000000061,95.373,100.21900000000001,-4.846000000000004,57.0,0.12280701754385964,11.0,0.6363636363636364,49.0,49.0,1,0,0,1,0,1,0,0.0,7.0,0.0,11
HUL,Haas F1 Team,8.0,0 days 00:01:34.304000,0 days 00:00:32.180000,0 days 00:00:35.946000,0 days 00:00:26.178000,MEDIUM,8.0,1.0,,,1,7.0,False,2024,Miami,R,94.304,32.18,35.946,26.178,93.291,1.0130000000000052,100.159,-5.855000000000004,1.0130000000000052,94.784,100.21900000000001,-5.435000000000002,57.0,0.14035087719298245,11.0,0.7272727272727273,64.0,64.0,1,0,0,1,0,1,0,0.0,8.0,0.0,11
HUL,Haas F1 Team,9.0,0 days 00:01:34.126000,0 days 00:00:32.237000,0 days 00:00:35.697000,0 days 00:00:26.192000,MEDIUM,9.0,1.0,,,1,7.0,False,2024,Miami,R,94.126,32.237,35.697,26.192,93.291,0.835000000000008,100.159,-6.033000000000001,0.835000000000008,94.66600000000001,100.21900000000001,-5.552999999999997,57.0,0.15789473684210525,11.0,0.8181818181818182,81.0,81.0,1,0,0,1,0,1,0,0.0,9.0,0.0,11
HUL,Haas F1 Team,10.0,0 days 00:01:35.543000,0 days 00:00:32.406000,0 days 00:00:37.038000,0 days 00:00:26.099000,MEDIUM,10.0,1.0,,,1,8.0,False,2024,Miami,R,95.543,32.406,37.038,26.099,93.291,2.2520000000000095,100.159,-4.616,2.2520000000000095,96.143,100.21900000000001,-4.076000000000008,57.0,0.17543859649122806,11.0,0.9090909090909091,100.0,100.0,1,0,0,1,0,1,0,0.0,10.0,0.0,11
HUL,Haas F1 Team,11.0,0 days 00:01:34.756000,0 days 00:00:32.566000,0 days 00:00:36.056000,0 days 00:00:26.134000,MEDIUM,11.0,1.0,,,1,8.0,False,2024,Miami,R,94.756,32.566,36.056,26.134,93.291,1.4650000000000034,100.159,-5.403000000000006,1.4650000000000034,95.416,100.21900000000001,-4.8030000000000115,57.0,0.19298245614035087,11.0,1.0,121.0,121.0,1,0,0,1,0,1,0,0.0,11.0,0.0,11
HUL,Haas F1 Team,14.0,0 days 00:01:33.304000,0 days 00:00:31.465000,0 days 00:00:35.867000,0 days 00:00:25.972000,HARD,2.0,2.0,,,1,15.0,False,2024,Miami,R,93.304,31.465,35.867,25.972,93.291,0.01300000000000523,93.304,0.0,0.01300000000000523,94.144,94.144,0.0,57.0,0.24561403508771928,14.0,0.14285714285714285,4.0,196.0,0,1,0,1,0,0,1,0.0,0.0,2.0,11
HUL,Haas F1 Team,15.0,0 days 00:01:32.922000,0 days 00:00:31.596000,0 days 00:00:35.366000,0 days 00:00:25.960000,HARD,3.0,2.0,,,1,15.0,False,2024,Miami,R,92.922,31.596,35.366,25.96,93.291,0.3689999999999998,93.304,-0.382000000000005,-0.3689999999999998,93.822,94.144,-0.32200000000000273,57.0,0.2631578947368421,14.0,0.21428571428571427,9.0,225.0,0,1,0,1,0,0,1,0.0,0.0,3.0,11
HUL,Haas F1 Team,16.0,0 days 00:01:33.731000,0 days 00:00:32.197000,0 days 00:00:35.553000,0 days 00:00:25.981000,HARD,4.0,2.0,,,1,15.0,False,2024,Miami,R,93.731,32.197,35.553,25.981,93.291,0.4399999999999977,93.304,0.4269999999999925,0.4399999999999977,94.69099999999999,94.144,0.5469999999999828,57.0,0.2807017543859649,14.0,0.2857142857142857,16.0,256.0,0,1,0,1,0,0,1,0.0,0.0,4.0,11
HUL,Haas F1 Team,17.0,0 days 00:01:33.621000,0 days 00:00:31.700000,0 days 00:00:35.877000,0 days 00:00:26.044000,HARD,5.0,2.0,,,1,15.0,False,2024,Miami,R,93.621,31.7,35.877,26.044,93.291,0.3299999999999983,93.304,0.31699999999999307,0.3299999999999983,94.64099999999999,94.144,0.4969999999999857,57.0,0.2982456140350877,14.0,0.35714285714285715,25.0,289.0,0,1,0,1,0,0,1,0.0,0.0,5.0,11
HUL,Haas F1 Team,18.0,0 days 00:01:33.608000,0 days 00:00:31.828000,0 days 00:00:35.731000,0 days 00:00:26.049000,HARD,6.0,2.0,,,1,15.0,False,2024,Miami,R,93.608,31.828,35.731,26.049,93.291,0.3170000000000073,93.304,0.30400000000000205,0.3170000000000073,94.688,94.144,0.5439999999999969,57.0,0.3157894736842105,14.0,0.42857142857142855,36.0,324.0,0,1,0,1,0,0,1,0.0,0.0,6.0,11
HUL,Haas F1 Team,19.0,0 days 00:01:33.273000,0 days 00:00:31.690000,0 days 00:00:35.597000,0 days 00:00:25.986000,HARD,7.0,2.0,,,1,15.0,False,2024,Miami,R,93.273,31.69,35.597,25.986,93.291,0.018000000000000682,93.304,-0.03100000000000591,-0.018000000000000682,94.413,94.144,0.26899999999999125,57.0,0.3333333333333333,14.0,0.5,49.0,361.0,0,1,0,0,0,0,1,0.0,0.0,7.0,11
HUL,Haas F1 Team,20.0,0 days 00:01:33.538000,0 days 00:00:31.854000,0 days 00:00:35.713000,0 days 00:00:25.971000,HARD,8.0,2.0,,,1,15.0,False,2024,Miami,R,93.538,31.854,35.713,25.971,93.291,0.2469999999999999,93.304,0.23399999999999466,0.2469999999999999,94.738,94.144,0.5939999999999941,57.0,0.3508771929824561,14.0,0.5714285714285714,64.0,400.0,0,1,0,0,0,0,1,0.0,0.0,8.0,11
HUL,Haas F1 Team,21.0,0 days 00:01:33.705000,0 days 00:00:31.903000,0 days 00:00:35.838000,0 days 00:00:25.964000,HARD,9.0,2.0,,,1,15.0,False,2024,Miami,R,93.705,31.903,35.838,25.964,93.291,0.4140000000000015,93.304,0.40099999999999625,0.4140000000000015,94.965,94.144,0.820999999999998,57.0,0.3684210526315789,14.0,0.6428571428571429,81.0,441.0,0,1,0,0,0,0,1,0.0,0.0,9.0,11
HUL,Haas F1 Team,23.0,0 days 00:01:40.564000,0 days 00:00:38.837000,0 days 00:00:35.639000,0 days 00:00:26.088000,HARD,11.0,2.0,,,671,12.0,False,2024,Miami,R,100.564,38.837,35.639,26.088,93.291,7.272999999999996,93.304,7.259999999999991,7.272999999999996,101.94399999999999,94.144,7.799999999999983,57.0,0.40350877192982454,14.0,0.7857142857142857,121.0,529.0,0,1,0,0,0,0,1,0.0,0.0,11.0,11
HUL,Haas F1 Team,24.0,0 days 00:01:34.099000,0 days 00:00:31.930000,0 days 00:00:36.272000,0 days 00:00:25.897000,HARD,12.0,2.0,,,1,13.0,False,2024,Miami,R,94.099,31.93,36.272,25.897,93.291,0.8080000000000069,93.304,0.7950000000000017,0.8080000000000069,95.539,94.144,1.394999999999996,57.0,0.42105263157894735,14.0,0.8571428571428571,144.0,576.0,0,1,0,0,0,0,1,0.0,0.0,12.0,11
HUL,Haas F1 Team,26.0,0 days 00:01:34.322000,0 days 00:00:32.340000,0 days 00:00:36.017000,0 days 00:00:25.965000,HARD,14.0,2.0,,,1,14.0,False,2024,Miami,R,94.322,32.34,36.017,25.965,93.291,1.031000000000006,93.304,1.0180000000000007,1.031000000000006,95.882,94.144,1.7379999999999995,57.0,0.45614035087719296,14.0,1.0,196.0,676.0,0,1,0,0,0,0,1,0.0,0.0,14.0,11
HUL,Haas F1 Team,33.0,0 days 00:01:33.618000,0 days 00:00:32.069000,0 days 00:00:35.827000,0 days 00:00:25.722000,MEDIUM,5.0,3.0,,,1,16.0,False,2024,Miami,R,93.618,32.069,35.827,25.722,93.291,0.3269999999999982,93.618,0.0,0.3269999999999982,95.598,95.598,0.0,57.0,0.5789473684210527,29.0,0.1724137931034483,25.0,1089.0,0,0,0,0,0,1,0,0.0,5.0,0.0,25
HUL,Haas F1 Team,34.0,0 days 00:01:33.078000,0 days 00:00:32.018000,0 days 00:00:35.494000,0 days 00:00:25.566000,MEDIUM,6.0,3.0,,,1,15.0,False,2024,Miami,R,93.078,32.018,35.494,25.566,93.291,0.21299999999999386,93.618,-0.539999999999992,-0.21299999999999386,95.11800000000001,95.598,-0.47999999999998977,57.0,0.5964912280701754,29.0,0.20689655172413793,36.0,1156.0,0,0,0,0,0,1,0,0.0,6.0,0.0,25
HUL,Haas F1 Team,35.0,0 days 00:01:33.115000,0 days 00:00:32.005000,0 days 00:00:35.376000,0 days 00:00:25.734000,MEDIUM,7.0,3.0,,,1,15.0,False,2024,Miami,R,93.115,32.005,35.376,25.734,93.291,0.17600000000000193,93.618,-0.5030000000000001,-0.17600000000000193,95.21499999999999,95.598,-0.3830000000000098,57.0,0.6140350877192983,29.0,0.2413793103448276,49.0,1225.0,0,0,0,0,0,1,0,0.0,7.0,0.0,25
HUL,Haas F1 Team,36.0,0 days 00:01:33.291000,0 days 00:00:31.979000,0 days 00:00:35.406000,0 days 00:00:25.906000,MEDIUM,8.0,3.0,,,1,15.0,False,2024,Miami,R,93.291,31.979,35.406,25.906,93.291,0.0,93.618,-0.3269999999999982,0.0,95.451,95.598,-0.14700000000000557,57.0,0.631578947368421,29.0,0.27586206896551724,64.0,1296.0,0,0,0,0,0,1,0,0.0,8.0,0.0,25
HUL,Haas F1 Team,37.0,0 days 00:01:32.894000,0 days 00:00:31.740000,0 days 00:00:35.463000,0 days 00:00:25.691000,MEDIUM,9.0,3.0,,,1,15.0,False,2024,Miami,R,92.894,31.74,35.463,25.691,93.291,0.39699999999999136,93.618,-0.7239999999999895,-0.39699999999999136,95.114,95.598,-0.48399999999999466,57.0,0.6491228070175439,29.0,0.3103448275862069,81.0,1369.0,0,0,0,0,0,1,0,0.0,9.0,0.0,25
HUL,Haas F1 Team,38.0,0 days 00:01:32.953000,0 days 00:00:31.941000,0 days 00:00:35.412000,0 days 00:00:25.600000,MEDIUM,10.0,3.0,,,1,15.0,False,2024,Miami,R,92.953,31.941,35.412,25.6,93.291,0.33799999999999386,93.618,-0.664999999999992,-0.33799999999999386,95.233,95.598,-0.3649999999999949,57.0,0.6666666666666666,29.0,0.3448275862068966,100.0,1444.0,0,0,1,0,0,1,0,0.0,10.0,0.0,25
HUL,Haas F1 Team,39.0,0 days 00:01:33.092000,0 days 00:00:31.846000,0 days 00:00:35.708000,0 days 00:00:25.538000,MEDIUM,11.0,3.0,,,1,15.0,False,2024,Miami,R,93.092,31.846,35.708,25.538,93.291,0.19899999999999807,93.618,-0.5259999999999962,-0.19899999999999807,95.432,95.598,-0.16599999999999682,57.0,0.6842105263157895,29.0,0.3793103448275862,121.0,1521.0,0,0,1,0,0,1,0,0.0,11.0,0.0,25
HUL,Haas F1 Team,40.0,0 days 00:01:32.346000,0 days 00:00:31.819000,0 days 00:00:35.186000,0 days 00:00:25.341000,MEDIUM,12.0,3.0,,,1,14.0,False,2024,Miami,R,92.346,31.819,35.186,25.341,93.291,0.9449999999999932,93.618,-1.2719999999999914,-0.9449999999999932,94.74600000000001,95.598,-0.8519999999999897,57.0,0.7017543859649122,29.0,0.41379310344827586,144.0,1600.0,0,0,1,0,0,1,0,0.0,12.0,0.0,25
HUL,Haas F1 Team,41.0,0 days 00:01:32.637000,0 days 00:00:31.505000,0 days 00:00:35.390000,0 days 00:00:25.742000,MEDIUM,13.0,3.0,,,1,12.0,False,2024,Miami,R,92.637,31.505,35.39,25.742,93.291,0.6539999999999964,93.618,-0.9809999999999945,-0.6539999999999964,95.097,95.598,-0.5010000000000048,57.0,0.7192982456140351,29.0,0.4482758620689655,169.0,1681.0,0,0,1,0,0,1,0,0.0,13.0,0.0,25
HUL,Haas F1 Team,42.0,0 days 00:01:32.214000,0 days 00:00:31.365000,0 days 00:00:35.181000,0 days 00:00:25.668000,MEDIUM,14.0,3.0,,,1,12.0,False,2024,Miami,R,92.214,31.365,35.181,25.668,93.291,1.0769999999999982,93.618,-1.4039999999999964,-1.0769999999999982,94.734,95.598,-0.8640000000000043,57.0,0.7368421052631579,29.0,0.4827586206896552,196.0,1764.0,0,0,1,0,0,1,0,0.0,14.0,0.0,25
HUL,Haas F1 Team,43.0,0 days 00:01:32.638000,0 days 00:00:31.416000,0 days 00:00:35.543000,0 days 00:00:25.679000,MEDIUM,15.0,3.0,,,1,12.0,False,2024,Miami,R,92.638,31.416,35.543,25.679,93.291,0.6529999999999916,93.618,-0.9799999999999898,-0.6529999999999916,95.218,95.598,-0.37999999999999545,57.0,0.7543859649122807,29.0,0.5172413793103449,225.0,1849.0,0,0,1,0,0,1,0,0.0,15.0,0.0,25
HUL,Haas F1 Team,44.0,0 days 00:01:32.457000,0 days 00:00:31.487000,0 days 00:00:35.332000,0 days 00:00:25.638000,MEDIUM,16.0,3.0,,,1,12.0,False,2024,Miami,R,92.457,31.487,35.332,25.638,93.291,0.8340000000000032,93.618,-1.1610000000000014,-0.8340000000000032,95.097,95.598,-0.5010000000000048,57.0,0.7719298245614035,29.0,0.5517241379310345,256.0,1936.0,0,0,1,0,0,1,0,0.0,16.0,0.0,25
HUL,Haas F1 Team,45.0,0 days 00:01:32.474000,0 days 00:00:31.426000,0 days 00:00:35.452000,0 days 00:00:25.596000,MEDIUM,17.0,3.0,,,1,12.0,False,2024,Miami,R,92.474,31.426,35.452,25.596,93.291,0.8169999999999931,93.618,-1.1439999999999912,-0.8169999999999931,95.174,95.598,-0.4239999999999924,57.0,0.7894736842105263,29.0,0.5862068965517241,289.0,2025.0,0,0,1,0,0,1,0,0.0,17.0,0.0,25
HUL,Haas F1 Team,46.0,0 days 00:01:32.667000,0 days 00:00:31.580000,0 days 00:00:35.361000,0 days 00:00:25.726000,MEDIUM,18.0,3.0,,,1,11.0,False,2024,Miami,R,92.667,31.58,35.361,25.726,93.291,0.6239999999999952,93.618,-0.9509999999999934,-0.6239999999999952,95.427,95.598,-0.17099999999999227,57.0,0.8070175438596491,29.0,0.6206896551724138,324.0,2116.0,0,0,1,0,0,1,0,0.0,18.0,0.0,25
HUL,Haas F1 Team,47.0,0 days 00:01:32.184000,0 days 00:00:31.191000,0 days 00:00:35.239000,0 days 00:00:25.754000,MEDIUM,19.0,3.0,,,1,11.0,False,2024,Miami,R,92.184,31.191,35.239,25.754,93.291,1.1069999999999993,93.618,-1.4339999999999975,-1.1069999999999993,95.00399999999999,95.598,-0.5940000000000083,57.0,0.8245614035087719,29.0,0.6551724137931034,361.0,2209.0,0,0,1,0,0,1,0,0.0,19.0,0.0,25
HUL,Haas F1 Team,48.0,0 days 00:01:32.298000,0 days 00:00:31.294000,0 days 00:00:35.237000,0 days 00:00:25.767000,MEDIUM,20.0,3.0,,,1,11.0,False,2024,Miami,R,92.298,31.294,35.237,25.767,93.291,0.992999999999995,93.618,-1.3199999999999932,-0.992999999999995,95.178,95.598,-0.4200000000000017,57.0,0.8421052631578947,29.0,0.6896551724137931,400.0,2304.0,0,0,1,0,0,1,0,0.0,20.0,0.0,25
HUL,Haas F1 Team,49.0,0 days 00:01:32.474000,0 days 00:00:31.340000,0 days 00:00:35.419000,0 days 00:00:25.715000,MEDIUM,21.0,3.0,,,1,11.0,False,2024,Miami,R,92.474,31.34,35.419,25.715,93.291,0.8169999999999931,93.618,-1.1439999999999912,-0.8169999999999931,95.414,95.598,-0.1839999999999975,57.0,0.8596491228070176,29.0,0.7241379310344828,441.0,2401.0,0,0,1,0,0,1,0,0.0,21.0,0.0,25
HUL,Haas F1 Team,50.0,0 days 00:01:32.144000,0 days 00:00:31.166000,0 days 00:00:35.279000,0 days 00:00:25.699000,MEDIUM,22.0,3.0,,,1,11.0,False,2024,Miami,R,92.144,31.166,35.279,25.699,93.291,1.1469999999999914,93.618,-1.4739999999999895,-1.1469999999999914,95.144,95.598,-0.4539999999999935,57.0,0.8771929824561403,29.0,0.7586206896551724,484.0,2500.0,0,0,1,0,0,1,0,0.0,22.0,0.0,25
HUL,Haas F1 Team,51.0,0 days 00:01:32.044000,0 days 00:00:31.115000,0 days 00:00:35.306000,0 days 00:00:25.623000,MEDIUM,23.0,3.0,,,1,11.0,False,2024,Miami,R,92.044,31.115,35.306,25.623,93.291,1.2469999999999999,93.618,-1.573999999999998,-1.2469999999999999,95.104,95.598,-0.4939999999999998,57.0,0.8947368421052632,29.0,0.7931034482758621,529.0,2601.0,0,0,1,0,0,1,0,0.0,23.0,0.0,25
HUL,Haas F1 Team,52.0,0 days 00:01:32.403000,0 days 00:00:31.222000,0 days 00:00:35.392000,0 days 00:00:25.789000,MEDIUM,24.0,3.0,,,1,11.0,False,2024,Miami,R,92.403,31.222,35.392,25.789,93.291,0.887999999999991,93.618,-1.2149999999999892,-0.887999999999991,95.52300000000001,95.598,-0.07499999999998863,57.0,0.9122807017543859,29.0,0.8275862068965517,576.0,2704.0,0,0,1,0,0,1,0,0.0,24.0,0.0,25
HUL,Haas F1 Team,53.0,0 days 00:01:32.534000,0 days 00:00:31.106000,0 days 00:00:35.714000,0 days 00:00:25.714000,MEDIUM,25.0,3.0,,,1,11.0,False,2024,Miami,R,92.534,31.106,35.714,25.714,93.291,0.7569999999999908,93.618,-1.083999999999989,-0.7569999999999908,95.714,95.598,0.11599999999999966,57.0,0.9298245614035088,29.0,0.8620689655172413,625.0,2809.0,0,0,1,0,0,1,0,0.0,25.0,0.0,25
HUL,Haas F1 Team,54.0,0 days 00:01:32.187000,0 days 00:00:31.078000,0 days 00:00:35.424000,0 days 00:00:25.685000,MEDIUM,26.0,3.0,,,1,11.0,False,2024,Miami,R,92.187,31.078,35.424,25.685,93.291,1.1039999999999992,93.618,-1.4309999999999974,-1.1039999999999992,95.42699999999999,95.598,-0.17100000000000648,57.0,0.9473684210526315,29.0,0.896551724137931,676.0,2916.0,0,0,1,0,0,1,0,0.0,26.0,0.0,25
HUL,Haas F1 Team,55.0,0 days 00:01:32.045000,0 days 00:00:31.068000,0 days 00:00:35.276000,0 days 00:00:25.701000,MEDIUM,27.0,3.0,,,1,11.0,False,2024,Miami,R,92.045,31.068,35.276,25.701,93.291,1.2459999999999951,93.618,-1.5729999999999933,-1.2459999999999951,95.345,95.598,-0.2530000000000001,57.0,0.9649122807017544,29.0,0.9310344827586207,729.0,3025.0,0,0,1,0,0,1,0,0.0,27.0,0.0,25
HUL,Haas F1 Team,56.0,0 days 00:01:31.941000,0 days 00:00:31.108000,0 days 00:00:35.246000,0 days 00:00:25.587000,MEDIUM,28.0,3.0,,,1,11.0,False,2024,Miami,R,91.941,31.108,35.246,25.587,93.291,1.3499999999999943,93.618,-1.6769999999999925,-1.3499999999999943,95.301,95.598,-0.29699999999999704,57.0,0.9824561403508771,29.0,0.9655172413793104,784.0,3136.0,0,0,1,0,0,1,0,0.0,28.0,0.0,25
HUL,Haas F1 Team,57.0,0 days 00:01:32.187000,0 days 00:00:31.216000,0 days 00:00:35.232000,0 days 00:00:25.739000,MEDIUM,29.0,3.0,,,1,11.0,False,2024,Miami,R,92.187,31.216,35.232,25.739,93.291,1.1039999999999992,93.618,-1.4309999999999974,-1.1039999999999992,95.607,95.598,0.009000000000000341,57.0,1.0,29.0,1.0,841.0,3249.0,0,0,1,0,0,1,0,0.0,29.0,0.0,25
LEC,Ferrari,1.0,0 days 00:01:35.697000,,0 days 00:00:35.321000,0 days 00:00:26.090000,MEDIUM,1.0,1.0,,,1,2.0,False,2024,Miami,R,95.697,,35.321,26.09,92.3355,3.3615000000000066,95.697,0.0,3.3615000000000066,95.757,95.757,0.0,57.0,0.017543859649122806,18.0,0.05555555555555555,1.0,1.0,1,0,0,1,0,1,0,0.0,1.0,0.0,18
LEC,Ferrari,2.0,0 days 00:01:33.317000,0 days 00:00:31.481000,0 days 00:00:35.738000,0 days 00:00:26.098000,MEDIUM,2.0,1.0,,,1,2.0,False,2024,Miami,R,93.317,31.481,35.738,26.098,92.3355,0.9814999999999969,95.697,-2.3800000000000097,0.9814999999999969,93.437,95.757,-2.3200000000000074,57.0,0.03508771929824561,18.0,0.1111111111111111,4.0,4.0,1,0,0,1,0,1,0,0.0,2.0,0.0,18
LEC,Ferrari,3.0,0 days 00:01:33.310000,0 days 00:00:31.478000,0 days 00:00:35.579000,0 days 00:00:26.253000,MEDIUM,3.0,1.0,,,1,2.0,False,2024,Miami,R,93.31,31.478,35.579,26.253,92.3355,0.9745000000000061,95.697,-2.3870000000000005,0.9745000000000061,93.49000000000001,95.757,-2.266999999999996,57.0,0.05263157894736842,18.0,0.16666666666666666,9.0,9.0,1,0,0,1,0,1,0,0.0,3.0,0.0,18
LEC,Ferrari,4.0,0 days 00:01:33.774000,0 days 00:00:31.423000,0 days 00:00:35.756000,0 days 00:00:26.595000,MEDIUM,4.0,1.0,,,1,3.0,False,2024,Miami,R,93.774,31.423,35.756,26.595,92.3355,1.4385000000000048,95.697,-1.9230000000000018,1.4385000000000048,94.014,95.757,-1.7430000000000092,57.0,0.07017543859649122,18.0,0.2222222222222222,16.0,16.0,1,0,0,1,0,1,0,0.0,4.0,0.0,18
LEC,Ferrari,5.0,0 days 00:01:33.809000,0 days 00:00:32.040000,0 days 00:00:35.702000,0 days 00:00:26.067000,MEDIUM,5.0,1.0,,,1,3.0,False,2024,Miami,R,93.809,32.04,35.702,26.067,92.3355,1.4735000000000014,95.697,-1.8880000000000052,1.4735000000000014,94.109,95.757,-1.6480000000000103,57.0,0.08771929824561403,18.0,0.2777777777777778,25.0,25.0,1,0,0,1,0,1,0,0.0,5.0,0.0,18
LEC,Ferrari,6.0,0 days 00:01:32.940000,0 days 00:00:31.331000,0 days 00:00:35.617000,0 days 00:00:25.992000,MEDIUM,6.0,1.0,,,1,3.0,False,2024,Miami,R,92.94,31.331,35.617,25.992,92.3355,0.6045000000000016,95.697,-2.757000000000005,0.6045000000000016,93.3,95.757,-2.457000000000008,57.0,0.10526315789473684,18.0,0.3333333333333333,36.0,36.0,1,0,0,1,0,1,0,0.0,6.0,0.0,18
LEC,Ferrari,7.0,0 days 00:01:33.278000,0 days 00:00:31.654000,0 days 00:00:35.576000,0 days 00:00:26.048000,MEDIUM,7.0,1.0,,,1,3.0,False,2024,Miami,R,93.278,31.654,35.576,26.048,92.3355,0.9425000000000097,95.697,-2.418999999999997,0.9425000000000097,93.69800000000001,95.757,-2.0589999999999975,57.0,0.12280701754385964,18.0,0.3888888888888889,49.0,49.0,1,0,0,1,0,1,0,0.0,7.0,0.0,18
LEC,Ferrari,8.0,0 days 00:01:33.113000,0 days 00:00:31.587000,0 days 00:00:35.679000,0 days 00:00:25.847000,MEDIUM,8.0,1.0,,,1,3.0,False,2024,Miami,R,93.113,31.587,35.679,25.847,92.3355,0.7775000000000034,95.697,-2.584000000000003,0.7775000000000034,93.593,95.757,-2.1640000000000015,57.0,0.14035087719298245,18.0,0.4444444444444444,64.0,64.0,1,0,0,1,0,1,0,0.0,8.0,0.0,18
LEC,Ferrari,9.0,0 days 00:01:33.152000,0 days 00:00:31.759000,0 days 00:00:35.498000,0 days 00:00:25.895000,MEDIUM,9.0,1.0,,,1,3.0,False,2024,Miami,R,93.152,31.759,35.498,25.895,92.3355,0.8165000000000049,95.697,-2.5450000000000017,0.8165000000000049,93.69200000000001,95.757,-2.0649999999999977,57.0,0.15789473684210525,18.0,0.5,81.0,81.0,1,0,0,1,0,1,0,0.0,9.0,0.0,18
LEC,Ferrari,10.0,0 days 00:01:33.478000,0 days 00:00:31.807000,0 days 00:00:35.655000,0 days 00:00:26.016000,MEDIUM,10.0,1.0,,,1,3.0,False,2024,Miami,R,93.478,31.807,35.655,26.016,92.3355,1.1424999999999983,95.697,-2.2190000000000083,1.1424999999999983,94.07799999999999,95.757,-1.6790000000000163,57.0,0.17543859649122806,18.0,0.5555555555555556,100.0,100.0,1,0,0,1,0,1,0,0.0,10.0,0.0,18
LEC,Ferrari,11.0,0 days 00:01:33.171000,0 days 00:00:31.704000,0 days 00:00:35.458000,0 days 00:00:26.009000,MEDIUM,11.0,1.0,,,1,3.0,False,2024,Miami,R,93.171,31.704,35.458,26.009,92.3355,0.8355000000000103,95.697,-2.5259999999999962,0.8355000000000103,93.831,95.757,-1.926000000000002,57.0,0.19298245614035087,18.0,0.6111111111111112,121.0,121.0,1,0,0,1,0,1,0,0.0,11.0,0.0,18
LEC,Ferrari,12.0,0 days 00:01:33.123000,0 days 00:00:31.557000,0 days 00:00:35.636000,0 days 00:00:25.930000,MEDIUM,12.0,1.0,,,1,3.0,False,2024,Miami,R,93.123,31.557,35.636,25.93,92.3355,0.7875000000000085,95.697,-2.573999999999998,0.7875000000000085,93.843,95.757,-1.9140000000000015,57.0,0.21052631578947367,18.0,0.6666666666666666,144.0,144.0,1,0,0,1,0,1,0,0.0,12.0,0.0,18
LEC,Ferrari,13.0,0 days 00:01:33.327000,0 days 00:00:31.637000,0 days 00:00:35.683000,0 days 00:00:26.007000,MEDIUM,13.0,1.0,,,1,3.0,False,2024,Miami,R,93.327,31.637,35.683,26.007,92.3355,0.991500000000002,95.697,-2.3700000000000045,0.991500000000002,94.107,95.757,-1.6500000000000057,57.0,0.22807017543859648,18.0,0.7222222222222222,169.0,169.0,1,0,0,1,0,1,0,0.0,13.0,0.0,18
LEC,Ferrari,14.0,0 days 00:01:32.965000,0 days 00:00:31.595000,0 days 00:00:35.514000,0 days 00:00:25.856000,MEDIUM,14.0,1.0,,,1,3.0,False,2024,Miami,R,92.965,31.595,35.514,25.856,92.3355,0.6295000000000073,95.697,-2.7319999999999993,0.6295000000000073,93.805,95.757,-1.9519999999999982,57.0,0.24561403508771928,18.0,0.7777777777777778,196.0,196.0,1,0,0,1,0,1,0,0.0,14.0,0.0,18
LEC,Ferrari,15.0,0 days 00:01:32.689000,0 days 00:00:31.417000,0 days 00:00:35.433000,0 days 00:00:25.839000,MEDIUM,15.0,1.0,,,1,3.0,False,2024,Miami,R,92.689,31.417,35.433,25.839,92.3355,0.3534999999999968,95.697,-3.0080000000000098,0.3534999999999968,93.589,95.757,-2.1680000000000064,57.0,0.2631578947368421,18.0,0.8333333333333334,225.0,225.0,1,0,0,1,0,1,0,0.0,15.0,0.0,18
LEC,Ferrari,16.0,0 days 00:01:33.026000,0 days 00:00:31.725000,0 days 00:00:35.369000,0 days 00:00:25.932000,MEDIUM,16.0,1.0,,,1,3.0,False,2024,Miami,R,93.026,31.725,35.369,25.932,92.3355,0.6905000000000001,95.697,-2.6710000000000065,0.6905000000000001,93.98599999999999,95.757,-1.771000000000015,57.0,0.2807017543859649,18.0,0.8888888888888888,256.0,256.0,1,0,0,1,0,1,0,0.0,16.0,0.0,18
LEC,Ferrari,17.0,0 days 00:01:33.068000,0 days 00:00:31.683000,0 days 00:00:35.402000,0 days 00:00:25.983000,MEDIUM,17.0,1.0,,,1,3.0,False,2024,Miami,R,93.068,31.683,35.402,25.983,92.3355,0.7325000000000017,95.697,-2.629000000000005,0.7325000000000017,94.088,95.757,-1.6690000000000111,57.0,0.2982456140350877,18.0,0.9444444444444444,289.0,289.0,1,0,0,1,0,1,0,0.0,17.0,0.0,18
LEC,Ferrari,18.0,0 days 00:01:32.829000,0 days 00:00:31.483000,0 days 00:00:35.461000,0 days 00:00:25.885000,MEDIUM,18.0,1.0,,,1,3.0,False,2024,Miami,R,92.829,31.483,35.461,25.885,92.3355,0.4934999999999974,95.697,-2.868000000000009,0.4934999999999974,93.90899999999999,95.757,-1.8480000000000132,57.0,0.3157894736842105,18.0,1.0,324.0,324.0,1,0,0,1,0,1,0,0.0,18.0,0.0,18
LEC,Ferrari,21.0,0 days 00:01:32.113000,0 days 00:00:31.154000,0 days 00:00:34.798000,0 days 00:00:26.161000,HARD,2.0,2.0,,,1,5.0,False,2024,Miami,R,92.113,31.154,34.798,26.161,92.3355,0.2224999999999966,92.113,0.0,-0.2224999999999966,93.373,93.373,0.0,57.0,0.3684210526315789,38.0,0.05263157894736842,4.0,441.0,0,1,0,0,0,0,1,0.0,0.0,2.0,32
LEC,Ferrari,22.0,0 days 00:01:32.641000,0 days 00:00:31.232000,0 days 00:00:35.281000,0 days 00:00:26.128000,HARD,3.0,2.0,,,1,5.0,False,2024,Miami,R,92.641,31.232,35.281,26.128,92.3355,0.3055000000000092,92.113,0.5280000000000058,0.3055000000000092,93.961,93.373,0.5879999999999939,57.0,0.38596491228070173,38.0,0.07894736842105263,9.0,484.0,0,1,0,0,0,0,1,0.0,0.0,3.0,32
LEC,Ferrari,24.0,0 days 00:01:32.395000,0 days 00:00:31.121000,0 days 00:00:35.290000,0 days 00:00:25.984000,HARD,5.0,2.0,,,1,5.0,False,2024,Miami,R,92.395,31.121,35.29,25.984,92.3355,0.059499999999999886,92.113,0.2819999999999965,0.059499999999999886,93.835,93.373,0.4619999999999891,57.0,0.42105263157894735,38.0,0.13157894736842105,25.0,576.0,0,1,0,0,0,0,1,0.0,0.0,5.0,32
LEC,Ferrari,25.0,0 days 00:01:32.279000,0 days 00:00:30.926000,0 days 00:00:35.429000,0 days 00:00:25.924000,HARD,6.0,2.0,,,1,5.0,False,2024,Miami,R,92.279,30.926,35.429,25.924,92.3355,0.05649999999999977,92.113,0.16599999999999682,-0.05649999999999977,93.779,93.373,0.4059999999999917,57.0,0.43859649122807015,38.0,0.15789473684210525,36.0,625.0,0,1,0,0,0,0,1,0.0,0.0,6.0,32
LEC,Ferrari,26.0,0 days 00:01:32.392000,0 days 00:00:31.029000,0 days 00:00:35.435000,0 days 00:00:25.928000,HARD,7.0,2.0,,,1,5.0,False,2024,Miami,R,92.392,31.029,35.435,25.928,92.3355,0.05649999999999977,92.113,0.27899999999999636,0.05649999999999977,93.952,93.373,0.5789999999999935,57.0,0.45614035087719296,38.0,0.18421052631578946,49.0,676.0,0,1,0,0,0,0,1,0.0,0.0,7.0,32
LEC,Ferrari,27.0,0 days 00:01:32.057000,0 days 00:00:30.806000,0 days 00:00:35.275000,0 days 00:00:25.976000,HARD,8.0,2.0,,,1,5.0,False,2024,Miami,R,92.057,30.806,35.275,25.976,92.3355,0.278499999999994,92.113,-0.055999999999997385,-0.278499999999994,93.677,93.373,0.30400000000000205,57.0,0.47368421052631576,38.0,0.21052631578947367,64.0,729.0,0,1,0,0,0,0,1,0.0,0.0,8.0,32
LEC,Ferrari,28.0,0 days 00:01:38.903000,0 days 00:00:30.885000,0 days 00:00:35.236000,0 days 00:00:32.782000,HARD,9.0,2.0,,,124,3.0,False,2024,Miami,R,98.903,30.885,35.236,32.782,92.3355,6.56750000000001,92.113,6.790000000000006,6.56750000000001,100.58300000000001,93.373,7.210000000000008,57.0,0.49122807017543857,38.0,0.23684210526315788,81.0,784.0,0,1,0,0,0,0,1,0.0,0.0,9.0,32
LEC,Ferrari,33.0,0 days 00:01:32.787000,0 days 00:00:31.638000,0 days 00:00:35.356000,0 days 00:00:25.793000,HARD,14.0,2.0,,,1,3.0,False,2024,Miami,R,92.787,31.638,35.356,25.793,92.3355,0.45150000000001,92.113,0.6740000000000066,0.45150000000001,94.76700000000001,93.373,1.3940000000000055,57.0,0.5789473684210527,38.0,0.3684210526315789,196.0,1089.0,0,1,0,0,0,0,1,0.0,0.0,14.0,32
LEC,Ferrari,34.0,0 days 00:01:31.499000,0 days 00:00:30.864000,0 days 00:00:35.031000,0 days 00:00:25.604000,HARD,15.0,2.0,,,1,3.0,False,2024,Miami,R,91.499,30.864,35.031,25.604,92.3355,0.8365000000000009,92.113,-0.6140000000000043,-0.8365000000000009,93.539,93.373,0.16599999999999682,57.0,0.5964912280701754,38.0,0.39473684210526316,225.0,1156.0,0,1,0,0,0,0,1,0.0,0.0,15.0,32
LEC,Ferrari,35.0,0 days 00:01:31.449000,0 days 00:00:30.878000,0 days 00:00:34.926000,0 days 00:00:25.645000,HARD,16.0,2.0,,,1,3.0,False,2024,Miami,R,91.449,30.878,34.926,25.645,92.3355,0.8864999999999981,92.113,-0.6640000000000015,-0.8864999999999981,93.54899999999999,93.373,0.17599999999998772,57.0,0.6140350877192983,38.0,0.42105263157894735,256.0,1225.0,0,1,0,0,0,0,1,0.0,0.0,16.0,32
LEC,Ferrari,36.0,0 days 00:01:31.864000,0 days 00:00:30.964000,0 days 00:00:35.038000,0 days 00:00:25.862000,HARD,17.0,2.0,,,1,3.0,False,2024,Miami,R,91.864,30.964,35.038,25.862,92.3355,0.4714999999999918,92.113,-0.24899999999999523,-0.4714999999999918,94.024,93.373,0.6509999999999962,57.0,0.631578947368421,38.0,0.4473684210526316,289.0,1296.0,0,1,0,0,0,0,1,0.0,0.0,17.0,32
LEC,Ferrari,37.0,0 days 00:01:31.841000,0 days 00:00:30.908000,0 days 00:00:35.005000,0 days 00:00:25.928000,HARD,18.0,2.0,,,1,3.0,False,2024,Miami,R,91.841,30.908,35.005,25.928,92.3355,0.49450000000000216,92.113,-0.27200000000000557,-0.49450000000000216,94.06099999999999,93.373,0.6879999999999882,57.0,0.6491228070175439,38.0,0.47368421052631576,324.0,1369.0,0,1,0,0,0,0,1,0.0,0.0,18.0,32
LEC,Ferrari,38.0,0 days 00:01:31.753000,0 days 00:00:30.808000,0 days 00:00:35.113000,0 days 00:00:25.832000,HARD,19.0,2.0,,,1,3.0,False,2024,Miami,R,91.753,30.808,35.113,25.832,92.3355,0.582499999999996,92.113,-0.35999999999999943,-0.582499999999996,94.033,93.373,0.6599999999999966,57.0,0.6666666666666666,38.0,0.5,361.0,1444.0,0,1,1,0,0,0,1,0.0,0.0,19.0,32
LEC,Ferrari,39.0,0 days 00:01:31.561000,0 days 00:00:30.718000,0 days 00:00:35.062000,0 days 00:00:25.781000,HARD,20.0,2.0,,,1,3.0,False,2024,Miami,R,91.561,30.718,35.062,25.781,92.3355,0.7744999999999891,92.113,-0.5519999999999925,-0.7744999999999891,93.90100000000001,93.373,0.5280000000000058,57.0,0.6842105263157895,38.0,0.5263157894736842,400.0,1521.0,0,1,1,0,0,0,1,0.0,0.0,20.0,32
LEC,Ferrari,40.0,0 days 00:01:31.652000,0 days 00:00:30.743000,0 days 00:00:35.117000,0 days 00:00:25.792000,HARD,21.0,2.0,,,1,3.0,False,2024,Miami,R,91.652,30.743,35.117,25.792,92.3355,0.6834999999999951,92.113,-0.4609999999999985,-0.6834999999999951,94.052,93.373,0.679000000000002,57.0,0.7017543859649122,38.0,0.5526315789473685,441.0,1600.0,0,1,1,0,0,0,1,0.0,0.0,21.0,32
LEC,Ferrari,41.0,0 days 00:01:31.346000,0 days 00:00:30.476000,0 days 00:00:35.107000,0 days 00:00:25.763000,HARD,22.0,2.0,,,1,3.0,False,2024,Miami,R,91.346,30.476,35.107,25.763,92.3355,0.9894999999999925,92.113,-0.7669999999999959,-0.9894999999999925,93.806,93.373,0.4329999999999927,57.0,0.7192982456140351,38.0,0.5789473684210527,484.0,1681.0,0,1,1,0,0,0,1,0.0,0.0,22.0,32
LEC,Ferrari,42.0,0 days 00:01:31.500000,0 days 00:00:30.692000,0 days 00:00:35.005000,0 days 00:00:25.803000,HARD,23.0,2.0,,,1,3.0,False,2024,Miami,R,91.5,30.692,35.005,25.803,92.3355,0.8354999999999961,92.113,-0.6129999999999995,-0.8354999999999961,94.02,93.373,0.6469999999999914,57.0,0.7368421052631579,38.0,0.6052631578947368,529.0,1764.0,0,1,1,0,0,0,1,0.0,0.0,23.0,32
LEC,Ferrari,43.0,0 days 00:01:31.632000,0 days 00:00:30.983000,0 days 00:00:34.814000,0 days 00:00:25.835000,HARD,24.0,2.0,,,1,3.0,False,2024,Miami,R,91.632,30.983,34.814,25.835,92.3355,0.7034999999999911,92.113,-0.48099999999999454,-0.7034999999999911,94.212,93.373,0.8389999999999986,57.0,0.7543859649122807,38.0,0.631578947368421,576.0,1849.0,0,1,1,0,0,0,1,0.0,0.0,24.0,32
LEC,Ferrari,44.0,0 days 00:01:31.554000,0 days 00:00:30.544000,0 days 00:00:35.085000,0 days 00:00:25.925000,HARD,25.0,2.0,,,1,3.0,False,2024,Miami,R,91.554,30.544,35.085,25.925,92.3355,0.7814999999999941,92.113,-0.5589999999999975,-0.7814999999999941,94.194,93.373,0.820999999999998,57.0,0.7719298245614035,38.0,0.6578947368421053,625.0,1936.0,0,1,1,0,0,0,1,0.0,0.0,25.0,32
LEC,Ferrari,45.0,0 days 00:01:31.378000,0 days 00:00:30.646000,0 days 00:00:34.920000,0 days 00:00:25.812000,HARD,26.0,2.0,,,1,3.0,False,2024,Miami,R,91.378,30.646,34.92,25.812,92.3355,0.957499999999996,92.113,-0.7349999999999994,-0.957499999999996,94.078,93.373,0.7049999999999983,57.0,0.7894736842105263,38.0,0.6842105263157895,676.0,2025.0,0,1,1,0,0,0,1,0.0,0.0,26.0,32
LEC,Ferrari,46.0,0 days 00:01:31.537000,0 days 00:00:30.579000,0 days 00:00:35.197000,0 days 00:00:25.761000,HARD,27.0,2.0,,,1,3.0,False,2024,Miami,R,91.537,30.579,35.197,25.761,92.3355,0.79849999999999,92.113,-0.5759999999999934,-0.79849999999999,94.29700000000001,93.373,0.9240000000000066,57.0,0.8070175438596491,38.0,0.7105263157894737,729.0,2116.0,0,1,1,0,0,0,1,0.0,0.0,27.0,32
LEC,Ferrari,47.0,0 days 00:01:31.627000,0 days 00:00:30.744000,0 days 00:00:35.059000,0 days 00:00:25.824000,HARD,28.0,2.0,,,1,3.0,False,2024,Miami,R,91.627,30.744,35.059,25.824,92.3355,0.7085000000000008,92.113,-0.4860000000000042,-0.7085000000000008,94.44699999999999,93.373,1.0739999999999839,57.0,0.8245614035087719,38.0,0.7368421052631579,784.0,2209.0,0,1,1,0,0,0,1,0.0,0.0,28.0,32
LEC,Ferrari,48.0,0 days 00:01:31.227000,0 days 00:00:30.532000,0 days 00:00:34.881000,0 days 00:00:25.814000,HARD,29.0,2.0,,,1,3.0,False,2024,Miami,R,91.227,30.532,34.881,25.814,92.3355,1.1084999999999923,92.113,-0.8859999999999957,-1.1084999999999923,94.107,93.373,0.7339999999999947,57.0,0.8421052631578947,38.0,0.7631578947368421,841.0,2304.0,0,1,1,0,0,0,1,0.0,0.0,29.0,32
LEC,Ferrari,49.0,0 days 00:01:31.318000,0 days 00:00:30.527000,0 days 00:00:35.038000,0 days 00:00:25.753000,HARD,30.0,2.0,,,1,3.0,False,2024,Miami,R,91.318,30.527,35.038,25.753,92.3355,1.0174999999999983,92.113,-0.7950000000000017,-1.0174999999999983,94.258,93.373,0.8849999999999909,57.0,0.8596491228070176,38.0,0.7894736842105263,900.0,2401.0,0,1,1,0,0,0,1,0.0,0.0,30.0,32
LEC,Ferrari,50.0,0 days 00:01:31.936000,0 days 00:00:30.493000,0 days 00:00:35.293000,0 days 00:00:26.150000,HARD,31.0,2.0,,,1,3.0,False,2024,Miami,R,91.936,30.493,35.293,26.15,92.3355,0.3994999999999891,92.113,-0.1769999999999925,-0.3994999999999891,94.936,93.373,1.5630000000000024,57.0,0.8771929824561403,38.0,0.8157894736842105,961.0,2500.0,0,1,1,0,0,0,1,0.0,0.0,31.0,32
LEC,Ferrari,51.0,0 days 00:01:31.223000,0 days 00:00:30.429000,0 days 00:00:35.007000,0 days 00:00:25.787000,HARD,32.0,2.0,,,1,3.0,False,2024,Miami,R,91.223,30.429,35.007,25.787,92.3355,1.1124999999999972,92.113,-0.8900000000000006,-1.1124999999999972,94.283,93.373,0.9099999999999966,57.0,0.8947368421052632,38.0,0.8421052631578947,1024.0,2601.0,0,1,1,0,0,0,1,0.0,0.0,32.0,32
LEC,Ferrari,52.0,0 days 00:01:31.779000,0 days 00:00:30.438000,0 days 00:00:35.466000,0 days 00:00:25.875000,HARD,33.0,2.0,,,1,3.0,False,2024,Miami,R,91.779,30.438,35.466,25.875,92.3355,0.5564999999999998,92.113,-0.3340000000000032,-0.5564999999999998,94.899,93.373,1.5259999999999962,57.0,0.9122807017543859,38.0,0.868421052631579,1089.0,2704.0,0,1,1,0,0,0,1,0.0,0.0,33.0,32
LEC,Ferrari,53.0,0 days 00:01:31.455000,0 days 00:00:30.403000,0 days 00:00:35.268000,0 days 00:00:25.784000,HARD,34.0,2.0,,,1,3.0,False,2024,Miami,R,91.455,30.403,35.268,25.784,92.3355,0.8804999999999978,92.113,-0.6580000000000013,-0.8804999999999978,94.63499999999999,93.373,1.2619999999999862,57.0,0.9298245614035088,38.0,0.8947368421052632,1156.0,2809.0,0,1,1,0,0,0,1,0.0,0.0,34.0,32
LEC,Ferrari,54.0,0 days 00:01:31.592000,0 days 00:00:30.567000,0 days 00:00:35.154000,0 days 00:00:25.871000,HARD,35.0,2.0,,,1,3.0,False,2024,Miami,R,91.592,30.567,35.154,25.871,92.3355,0.7434999999999974,92.113,-0.5210000000000008,-0.7434999999999974,94.832,93.373,1.458999999999989,57.0,0.9473684210526315,38.0,0.9210526315789473,1225.0,2916.0,0,1,1,0,0,0,1,0.0,0.0,35.0,32
LEC,Ferrari,55.0,0 days 00:01:31.281000,0 days 00:00:30.505000,0 days 00:00:35.032000,0 days 00:00:25.744000,HARD,36.0,2.0,,,1,3.0,False,2024,Miami,R,91.281,30.505,35.032,25.744,92.3355,1.0544999999999902,92.113,-0.8319999999999936,-1.0544999999999902,94.581,93.373,1.2079999999999984,57.0,0.9649122807017544,38.0,0.9473684210526315,1296.0,3025.0,0,1,1,0,0,0,1,0.0,0.0,36.0,32
LEC,Ferrari,56.0,0 days 00:01:31.084000,0 days 00:00:30.383000,0 days 00:00:35.017000,0 days 00:00:25.684000,HARD,37.0,2.0,,,1,3.0,False,2024,Miami,R,91.084,30.383,35.017,25.684,92.3355,1.251499999999993,92.113,-1.0289999999999964,-1.251499999999993,94.444,93.373,1.070999999999998,57.0,0.9824561403508771,38.0,0.9736842105263158,1369.0,3136.0,0,1,1,0,0,0,1,0.0,0.0,37.0,32
LEC,Ferrari,57.0,0 days 00:01:31.629000,0 days 00:00:30.674000,0 days 00:00:35.135000,0 days 00:00:25.820000,HARD,38.0,2.0,,,1,3.0,False,2024,Miami,R,91.629,30.674,35.135,25.82,92.3355,0.7064999999999912,92.113,-0.48399999999999466,-0.7064999999999912,95.049,93.373,1.676000000000002,57.0,1.0,38.0,1.0,1444.0,3249.0,0,1,1,0,0,0,1,0.0,0.0,38.0,32
MAG,Haas F1 Team,2.0,0 days 00:01:36.868000,0 days 00:00:32.992000,0 days 00:00:36.783000,0 days 00:00:27.093000,HARD,2.0,1.0,,,1,19.0,False,2024,Miami,R,96.868,32.992,36.783,27.093,93.148,3.719999999999999,96.868,0.0,3.719999999999999,96.988,96.988,0.0,57.0,0.03508771929824561,21.0,0.09523809523809523,4.0,4.0,1,0,0,1,0,0,1,0.0,0.0,2.0,20
MAG,Haas F1 Team,3.0,0 days 00:01:35.280000,0 days 00:00:33.382000,0 days 00:00:35.883000,0 days 00:00:26.015000,HARD,3.0,1.0,,,1,19.0,False,2024,Miami,R,95.28,33.382,35.883,26.015,93.148,2.132000000000005,96.868,-1.5879999999999939,2.132000000000005,95.46000000000001,96.988,-1.5279999999999916,57.0,0.05263157894736842,21.0,0.14285714285714285,9.0,9.0,1,0,0,1,0,0,1,0.0,0.0,3.0,20
MAG,Haas F1 Team,4.0,0 days 00:01:34.460000,0 days 00:00:32.662000,0 days 00:00:35.770000,0 days 00:00:26.028000,HARD,4.0,1.0,,,1,19.0,False,2024,Miami,R,94.46,32.662,35.77,26.028,93.148,1.3119999999999976,96.868,-2.4080000000000013,1.3119999999999976,94.69999999999999,96.988,-2.288000000000011,57.0,0.07017543859649122,21.0,0.19047619047619047,16.0,16.0,1,0,0,1,0,0,1,0.0,0.0,4.0,20
MAG,Haas F1 Team,5.0,0 days 00:01:34.221000,0 days 00:00:32.289000,0 days 00:00:35.683000,0 days 00:00:26.249000,HARD,5.0,1.0,,,1,19.0,False,2024,Miami,R,94.221,32.289,35.683,26.249,93.148,1.0730000000000075,96.868,-2.6469999999999914,1.0730000000000075,94.521,96.988,-2.4669999999999987,57.0,0.08771929824561403,21.0,0.23809523809523808,25.0,25.0,1,0,0,1,0,0,1,0.0,0.0,5.0,20
MAG,Haas F1 Team,6.0,0 days 00:01:33.856000,0 days 00:00:32.307000,0 days 00:00:35.638000,0 days 00:00:25.911000,HARD,6.0,1.0,,,1,19.0,False,2024,Miami,R,93.856,32.307,35.638,25.911,93.148,0.7079999999999984,96.868,-3.0120000000000005,0.7079999999999984,94.216,96.988,-2.7720000000000056,57.0,0.10526315789473684,21.0,0.2857142857142857,36.0,36.0,1,0,0,1,0,0,1,0.0,0.0,6.0,20
MAG,Haas F1 Team,7.0,0 days 00:01:34.666000,0 days 00:00:32.589000,0 days 00:00:35.766000,0 days 00:00:26.311000,HARD,7.0,1.0,,,1,19.0,False,2024,Miami,R,94.666,32.589,35.766,26.311,93.148,1.5180000000000007,96.868,-2.201999999999998,1.5180000000000007,95.086,96.988,-1.902000000000001,57.0,0.12280701754385964,21.0,0.3333333333333333,49.0,49.0,1,0,0,1,0,0,1,0.0,0.0,7.0,20
MAG,Haas F1 Team,8.0,0 days 00:01:35.192000,0 days 00:00:33.145000,0 days 00:00:35.878000,0 days 00:00:26.169000,HARD,8.0,1.0,,,1,19.0,False,2024,Miami,R,95.192,33.145,35.878,26.169,93.148,2.043999999999997,96.868,-1.676000000000002,2.043999999999997,95.672,96.988,-1.3160000000000025,57.0,0.14035087719298245,21.0,0.38095238095238093,64.0,64.0,1,0,0,1,0,0,1,0.0,0.0,8.0,20
MAG,Haas F1 Team,9.0,0 days 00:01:34.577000,0 days 00:00:32.547000,0 days 00:00:35.813000,0 days 00:00:26.217000,HARD,9.0,1.0,,,1,19.0,False,2024,Miami,R,94.577,32.547,35.813,26.217,93.148,1.429000000000002,96.868,-2.290999999999997,1.429000000000002,95.117,96.988,-1.8709999999999951,57.0,0.15789473684210525,21.0,0.42857142857142855,81.0,81.0,1,0,0,1,0,0,1,0.0,0.0,9.0,20
MAG,Haas F1 Team,10.0,0 days 00:01:35.118000,0 days 00:00:32.819000,0 days 00:00:35.995000,0 days 00:00:26.304000,HARD,10.0,1.0,,,1,19.0,False,2024,Miami,R,95.118,32.819,35.995,26.304,93.148,1.9699999999999989,96.868,-1.75,1.9699999999999989,95.71799999999999,96.988,-1.2700000000000102,57.0,0.17543859649122806,21.0,0.47619047619047616,100.0,100.0,1,0,0,1,0,0,1,0.0,0.0,10.0,20
MAG,Haas F1 Team,11.0,0 days 00:01:35.152000,0 days 00:00:32.619000,0 days 00:00:36.205000,0 days 00:00:26.328000,HARD,11.0,1.0,,,1,17.0,False,2024,Miami,R,95.152,32.619,36.205,26.328,93.148,2.004000000000005,96.868,-1.715999999999994,2.004000000000005,95.812,96.988,-1.176000000000002,57.0,0.19298245614035087,21.0,0.5238095238095238,121.0,121.0,1,0,0,1,0,0,1,0.0,0.0,11.0,20
MAG,Haas F1 Team,12.0,0 days 00:01:34.613000,0 days 00:00:32.325000,0 days 00:00:35.928000,0 days 00:00:26.360000,HARD,12.0,1.0,,,1,15.0,False,2024,Miami,R,94.613,32.325,35.928,26.36,93.148,1.4650000000000034,96.868,-2.2549999999999955,1.4650000000000034,95.333,96.988,-1.6550000000000011,57.0,0.21052631578947367,21.0,0.5714285714285714,144.0,144.0,1,0,0,1,0,0,1,0.0,0.0,12.0,20
MAG,Haas F1 Team,13.0,0 days 00:01:34.605000,0 days 00:00:32.317000,0 days 00:00:35.915000,0 days 00:00:26.373000,HARD,13.0,1.0,,,1,13.0,False,2024,Miami,R,94.605,32.317,35.915,26.373,93.148,1.4570000000000078,96.868,-2.262999999999991,1.4570000000000078,95.385,96.988,-1.6029999999999944,57.0,0.22807017543859648,21.0,0.6190476190476191,169.0,169.0,1,0,0,1,0,0,1,0.0,0.0,13.0,20
MAG,Haas F1 Team,14.0,0 days 00:01:34.218000,0 days 00:00:32.069000,0 days 00:00:35.928000,0 days 00:00:26.221000,HARD,14.0,1.0,,,1,13.0,False,2024,Miami,R,94.218,32.069,35.928,26.221,93.148,1.0700000000000074,96.868,-2.6499999999999915,1.0700000000000074,95.058,96.988,-1.9299999999999926,57.0,0.24561403508771928,21.0,0.6666666666666666,196.0,196.0,1,0,0,1,0,0,1,0.0,0.0,14.0,20
MAG,Haas F1 Team,15.0,0 days 00:01:33.895000,0 days 00:00:32.099000,0 days 00:00:35.622000,0 days 00:00:26.174000,HARD,15.0,1.0,,,1,13.0,False,2024,Miami,R,93.895,32.099,35.622,26.174,93.148,0.7469999999999999,96.868,-2.972999999999999,0.7469999999999999,94.795,96.988,-2.192999999999998,57.0,0.2631578947368421,21.0,0.7142857142857143,225.0,225.0,1,0,0,1,0,0,1,0.0,0.0,15.0,20
MAG,Haas F1 Team,16.0,0 days 00:01:34.125000,0 days 00:00:32.078000,0 days 00:00:35.796000,0 days 00:00:26.251000,HARD,16.0,1.0,,,1,13.0,False,2024,Miami,R,94.125,32.078,35.796,26.251,93.148,0.9770000000000039,96.868,-2.742999999999995,0.9770000000000039,95.085,96.988,-1.9030000000000058,57.0,0.2807017543859649,21.0,0.7619047619047619,256.0,256.0,1,0,0,1,0,0,1,0.0,0.0,16.0,20
MAG,Haas F1 Team,17.0,0 days 00:01:34.140000,0 days 00:00:32.063000,0 days 00:00:35.802000,0 days 00:00:26.275000,HARD,17.0,1.0,,,1,13.0,False,2024,Miami,R,94.14,32.063,35.802,26.275,93.148,0.9920000000000044,96.868,-2.7279999999999944,0.9920000000000044,95.16,96.988,-1.828000000000003,57.0,0.2982456140350877,21.0,0.8095238095238095,289.0,289.0,1,0,0,1,0,0,1,0.0,0.0,17.0,20
MAG,Haas F1 Team,18.0,0 days 00:01:34.036000,0 days 00:00:32.097000,0 days 00:00:35.723000,0 days 00:00:26.216000,HARD,18.0,1.0,,,1,13.0,False,2024,Miami,R,94.036,32.097,35.723,26.216,93.148,0.8880000000000052,96.868,-2.8319999999999936,0.8880000000000052,95.116,96.988,-1.8719999999999999,57.0,0.3157894736842105,21.0,0.8571428571428571,324.0,324.0,1,0,0,1,0,0,1,0.0,0.0,18.0,20
MAG,Haas F1 Team,19.0,0 days 00:01:34.127000,0 days 00:00:32.122000,0 days 00:00:35.784000,0 days 00:00:26.221000,HARD,19.0,1.0,,,1,13.0,False,2024,Miami,R,94.127,32.122,35.784,26.221,93.148,0.9789999999999992,96.868,-2.7409999999999997,0.9789999999999992,95.267,96.988,-1.7210000000000036,57.0,0.3333333333333333,21.0,0.9047619047619048,361.0,361.0,1,0,0,0,0,0,1,0.0,0.0,19.0,20
MAG,Haas F1 Team,20.0,0 days 00:01:34.121000,0 days 00:00:32.008000,0 days 00:00:35.881000,0 days 00:00:26.232000,HARD,20.0,1.0,,,1,13.0,False,2024,Miami,R,94.121,32.008,35.881,26.232,93.148,0.972999999999999,96.868,-2.747,0.972999999999999,95.321,96.988,-1.6670000000000016,57.0,0.3508771929824561,21.0,0.9523809523809523,400.0,400.0,1,0,0,0,0,0,1,0.0,0.0,20.0,20
MAG,Haas F1 Team,21.0,0 days 00:01:34.118000,0 days 00:00:32.053000,0 days 00:00:35.829000,0 days 00:00:26.236000,HARD,21.0,1.0,,,1,13.0,False,2024,Miami,R,94.118,32.053,35.829,26.236,93.148,0.9699999999999989,96.868,-2.75,0.9699999999999989,95.378,96.988,-1.6099999999999994,57.0,0.3684210526315789,21.0,1.0,441.0,441.0,1,0,0,0,0,0,1,0.0,0.0,21.0,20
MAG,Haas F1 Team,24.0,0 days 00:01:33.148000,0 days 00:00:31.867000,0 days 00:00:35.489000,0 days 00:00:25.792000,MEDIUM,2.0,2.0,,,1,19.0,False,2024,Miami,R,93.148,31.867,35.489,25.792,93.148,0.0,93.148,0.0,0.0,94.588,94.588,0.0,57.0,0.42105263157894735,5.0,0.4,4.0,576.0,0,1,0,0,0,1,0,0.0,2.0,0.0,4
MAG,Haas F1 Team,25.0,0 days 00:01:33.181000,0 days 00:00:31.998000,0 days 00:00:35.439000,0 days 00:00:25.744000,MEDIUM,3.0,2.0,,,1,19.0,False,2024,Miami,R,93.181,31.998,35.439,25.744,93.148,0.03300000000000125,93.148,0.03300000000000125,0.03300000000000125,94.681,94.588,0.09300000000000352,57.0,0.43859649122807015,5.0,0.6,9.0,625.0,0,1,0,0,0,1,0,0.0,3.0,0.0,4
MAG,Haas F1 Team,26.0,0 days 00:01:34.371000,0 days 00:00:32.282000,0 days 00:00:36.175000,0 days 00:00:25.914000,MEDIUM,4.0,2.0,,,1,19.0,False,2024,Miami,R,94.371,32.282,36.175,25.914,93.148,1.222999999999999,93.148,1.222999999999999,1.222999999999999,95.931,94.588,1.3430000000000035,57.0,0.45614035087719296,5.0,0.8,16.0,676.0,0,1,0,0,0,1,0,0.0,4.0,0.0,4
MAG,Haas F1 Team,27.0,0 days 00:01:33.379000,0 days 00:00:31.942000,0 days 00:00:35.703000,0 days 00:00:25.734000,MEDIUM,5.0,2.0,,,1,19.0,False,2024,Miami,R,93.379,31.942,35.703,25.734,93.148,0.23100000000000875,93.148,0.23100000000000875,0.23100000000000875,94.99900000000001,94.588,0.4110000000000156,57.0,0.47368421052631576,5.0,1.0,25.0,729.0,0,1,0,0,0,1,0,0.0,5.0,0.0,4
MAG,Haas F1 Team,33.0,0 days 00:01:31.774000,0 days 00:00:30.917000,0 days 00:00:35.115000,0 days 00:00:25.742000,MEDIUM,5.0,4.0,,,1,19.0,False,2024,Miami,R,91.774,30.917,35.115,25.742,93.148,1.3739999999999952,91.774,0.0,-1.3739999999999952,93.754,93.754,0.0,57.0,0.5789473684210527,29.0,0.1724137931034483,25.0,1089.0,0,0,0,0,0,1,0,0.0,5.0,0.0,25
MAG,Haas F1 Team,34.0,0 days 00:01:32.230000,0 days 00:00:31.246000,0 days 00:00:35.107000,0 days 00:00:25.877000,MEDIUM,6.0,4.0,,,1,19.0,False,2024,Miami,R,92.23,31.246,35.107,25.877,93.148,0.9179999999999922,91.774,0.45600000000000307,-0.9179999999999922,94.27000000000001,93.754,0.5160000000000053,57.0,0.5964912280701754,29.0,0.20689655172413793,36.0,1156.0,0,0,0,0,0,1,0,0.0,6.0,0.0,25
MAG,Haas F1 Team,35.0,0 days 00:01:31.993000,0 days 00:00:31.148000,0 days 00:00:35.031000,0 days 00:00:25.814000,MEDIUM,7.0,4.0,,,1,19.0,False,2024,Miami,R,91.993,31.148,35.031,25.814,93.148,1.1550000000000011,91.774,0.2189999999999941,-1.1550000000000011,94.09299999999999,93.754,0.3389999999999844,57.0,0.6140350877192983,29.0,0.2413793103448276,49.0,1225.0,0,0,0,0,0,1,0,0.0,7.0,0.0,25
MAG,Haas F1 Team,36.0,0 days 00:01:32.206000,0 days 00:00:31.210000,0 days 00:00:35.295000,0 days 00:00:25.701000,MEDIUM,8.0,4.0,,,1,19.0,False,2024,Miami,R,92.206,31.21,35.295,25.701,93.148,0.9419999999999931,91.774,0.43200000000000216,-0.9419999999999931,94.366,93.754,0.6119999999999948,57.0,0.631578947368421,29.0,0.27586206896551724,64.0,1296.0,0,0,0,0,0,1,0,0.0,8.0,0.0,25
MAG,Haas F1 Team,37.0,0 days 00:01:31.985000,0 days 00:00:31.187000,0 days 00:00:34.961000,0 days 00:00:25.837000,MEDIUM,9.0,4.0,,,1,19.0,False,2024,Miami,R,91.985,31.187,34.961,25.837,93.148,1.1629999999999967,91.774,0.21099999999999852,-1.1629999999999967,94.205,93.754,0.4509999999999934,57.0,0.6491228070175439,29.0,0.3103448275862069,81.0,1369.0,0,0,0,0,0,1,0,0.0,9.0,0.0,25
MAG,Haas F1 Team,38.0,0 days 00:01:32.074000,0 days 00:00:31.275000,0 days 00:00:35.084000,0 days 00:00:25.715000,MEDIUM,10.0,4.0,,,1,19.0,False,2024,Miami,R,92.074,31.275,35.084,25.715,93.148,1.073999999999998,91.774,0.29999999999999716,-1.073999999999998,94.354,93.754,0.5999999999999943,57.0,0.6666666666666666,29.0,0.3448275862068966,100.0,1444.0,0,0,1,0,0,1,0,0.0,10.0,0.0,25
MAG,Haas F1 Team,39.0,0 days 00:01:32.318000,0 days 00:00:31.179000,0 days 00:00:35.246000,0 days 00:00:25.893000,MEDIUM,11.0,4.0,,,1,19.0,False,2024,Miami,R,92.318,31.179,35.246,25.893,93.148,0.8299999999999983,91.774,0.5439999999999969,-0.8299999999999983,94.658,93.754,0.9039999999999964,57.0,0.6842105263157895,29.0,0.3793103448275862,121.0,1521.0,0,0,1,0,0,1,0,0.0,11.0,0.0,25
MAG,Haas F1 Team,40.0,0 days 00:01:32.462000,0 days 00:00:31.320000,0 days 00:00:35.276000,0 days 00:00:25.866000,MEDIUM,12.0,4.0,,,1,19.0,False,2024,Miami,R,92.462,31.32,35.276,25.866,93.148,0.6859999999999928,91.774,0.6880000000000024,-0.6859999999999928,94.86200000000001,93.754,1.108000000000004,57.0,0.7017543859649122,29.0,0.41379310344827586,144.0,1600.0,0,0,1,0,0,1,0,0.0,12.0,0.0,25
MAG,Haas F1 Team,41.0,0 days 00:01:32.336000,0 days 00:00:31.244000,0 days 00:00:35.256000,0 days 00:00:25.836000,MEDIUM,13.0,4.0,,,1,18.0,False,2024,Miami,R,92.336,31.244,35.256,25.836,93.148,0.8119999999999976,91.774,0.5619999999999976,-0.8119999999999976,94.79599999999999,93.754,1.0419999999999874,57.0,0.7192982456140351,29.0,0.4482758620689655,169.0,1681.0,0,0,1,0,0,1,0,0.0,13.0,0.0,25
MAG,Haas F1 Team,42.0,0 days 00:01:32.300000,0 days 00:00:31.143000,0 days 00:00:35.309000,0 days 00:00:25.848000,MEDIUM,14.0,4.0,,,1,18.0,False,2024,Miami,R,92.3,31.143,35.309,25.848,93.148,0.847999999999999,91.774,0.5259999999999962,-0.847999999999999,94.82,93.754,1.0659999999999883,57.0,0.7368421052631579,29.0,0.4827586206896552,196.0,1764.0,0,0,1,0,0,1,0,0.0,14.0,0.0,25
MAG,Haas F1 Team,43.0,0 days 00:01:32.087000,0 days 00:00:31.200000,0 days 00:00:35.132000,0 days 00:00:25.755000,MEDIUM,15.0,4.0,,,1,18.0,False,2024,Miami,R,92.087,31.2,35.132,25.755,93.148,1.0609999999999928,91.774,0.3130000000000024,-1.0609999999999928,94.667,93.754,0.9129999999999967,57.0,0.7543859649122807,29.0,0.5172413793103449,225.0,1849.0,0,0,1,0,0,1,0,0.0,15.0,0.0,25
MAG,Haas F1 Team,44.0,0 days 00:01:32.287000,0 days 00:00:31.264000,0 days 00:00:35.219000,0 days 00:00:25.804000,MEDIUM,16.0,4.0,,,1,18.0,False,2024,Miami,R,92.287,31.264,35.219,25.804,93.148,0.86099999999999,91.774,0.5130000000000052,-0.86099999999999,94.927,93.754,1.1730000000000018,57.0,0.7719298245614035,29.0,0.5517241379310345,256.0,1936.0,0,0,1,0,0,1,0,0.0,16.0,0.0,25
MAG,Haas F1 Team,45.0,0 days 00:01:32.279000,0 days 00:00:31.281000,0 days 00:00:35.171000,0 days 00:00:25.827000,MEDIUM,17.0,4.0,,,1,18.0,False,2024,Miami,R,92.279,31.281,35.171,25.827,93.148,0.8689999999999998,91.774,0.5049999999999955,-0.8689999999999998,94.979,93.754,1.2249999999999943,57.0,0.7894736842105263,29.0,0.5862068965517241,289.0,2025.0,0,0,1,0,0,1,0,0.0,17.0,0.0,25
MAG,Haas F1 Team,46.0,0 days 00:01:33.068000,0 days 00:00:31.322000,0 days 00:00:35.202000,0 days 00:00:26.544000,MEDIUM,18.0,4.0,,,1,19.0,False,2024,Miami,R,93.068,31.322,35.202,26.544,93.148,0.0799999999999983,91.774,1.293999999999997,-0.0799999999999983,95.828,93.754,2.073999999999998,57.0,0.8070175438596491,29.0,0.6206896551724138,324.0,2116.0,0,0,1,0,0,1,0,0.0,18.0,0.0,25
MAG,Haas F1 Team,47.0,0 days 00:01:32.989000,0 days 00:00:31.792000,0 days 00:00:35.304000,0 days 00:00:25.893000,MEDIUM,19.0,4.0,,,1,19.0,False,2024,Miami,R,92.989,31.792,35.304,25.893,93.148,0.15899999999999181,91.774,1.2150000000000034,-0.15899999999999181,95.809,93.754,2.0549999999999926,57.0,0.8245614035087719,29.0,0.6551724137931034,361.0,2209.0,0,0,1,0,0,1,0,0.0,19.0,0.0,25
MAG,Haas F1 Team,48.0,0 days 00:01:32.384000,0 days 00:00:31.147000,0 days 00:00:35.485000,0 days 00:00:25.752000,MEDIUM,20.0,4.0,,,1,19.0,False,2024,Miami,R,92.384,31.147,35.485,25.752,93.148,0.7639999999999958,91.774,0.6099999999999994,-0.7639999999999958,95.264,93.754,1.509999999999991,57.0,0.8421052631578947,29.0,0.6896551724137931,400.0,2304.0,0,0,1,0,0,1,0,0.0,20.0,0.0,25
MAG,Haas F1 Team,49.0,0 days 00:01:32.344000,0 days 00:00:31.269000,0 days 00:00:35.386000,0 days 00:00:25.689000,MEDIUM,21.0,4.0,,,1,19.0,False,2024,Miami,R,92.344,31.269,35.386,25.689,93.148,0.804000000000002,91.774,0.5699999999999932,-0.804000000000002,95.28399999999999,93.754,1.529999999999987,57.0,0.8596491228070176,29.0,0.7241379310344828,441.0,2401.0,0,0,1,0,0,1,0,0.0,21.0,0.0,25
MAG,Haas F1 Team,50.0,0 days 00:01:32.395000,0 days 00:00:31.373000,0 days 00:00:35.288000,0 days 00:00:25.734000,MEDIUM,22.0,4.0,,,1,19.0,False,2024,Miami,R,92.395,31.373,35.288,25.734,93.148,0.7530000000000001,91.774,0.6209999999999951,-0.7530000000000001,95.395,93.754,1.6409999999999911,57.0,0.8771929824561403,29.0,0.7586206896551724,484.0,2500.0,0,0,1,0,0,1,0,0.0,22.0,0.0,25
MAG,Haas F1 Team,51.0,0 days 00:01:32.433000,0 days 00:00:31.616000,0 days 00:00:35.290000,0 days 00:00:25.527000,MEDIUM,23.0,4.0,,,1,19.0,False,2024,Miami,R,92.433,31.616,35.29,25.527,93.148,0.7149999999999892,91.774,0.659000000000006,-0.7149999999999892,95.49300000000001,93.754,1.7390000000000043,57.0,0.8947368421052632,29.0,0.7931034482758621,529.0,2601.0,0,0,1,0,0,1,0,0.0,23.0,0.0,25
MAG,Haas F1 Team,52.0,0 days 00:01:33.125000,0 days 00:00:32.063000,0 days 00:00:35.474000,0 days 00:00:25.588000,MEDIUM,24.0,4.0,,,1,19.0,False,2024,Miami,R,93.125,32.063,35.474,25.588,93.148,0.022999999999996135,91.774,1.350999999999999,-0.022999999999996135,96.245,93.754,2.4909999999999997,57.0,0.9122807017543859,29.0,0.8275862068965517,576.0,2704.0,0,0,1,0,0,1,0,0.0,24.0,0.0,25
MAG,Haas F1 Team,53.0,0 days 00:01:32.704000,0 days 00:00:31.370000,0 days 00:00:35.617000,0 days 00:00:25.717000,MEDIUM,25.0,4.0,,,1,18.0,False,2024,Miami,R,92.704,31.37,35.617,25.717,93.148,0.4440000000000026,91.774,0.9299999999999926,-0.4440000000000026,95.88399999999999,93.754,2.1299999999999812,57.0,0.9298245614035088,29.0,0.8620689655172413,625.0,2809.0,0,0,1,0,0,1,0,0.0,25.0,0.0,25
MAG,Haas F1 Team,54.0,0 days 00:01:32.755000,0 days 00:00:31.545000,0 days 00:00:35.345000,0 days 00:00:25.865000,MEDIUM,26.0,4.0,,,1,18.0,False,2024,Miami,R,92.755,31.545,35.345,25.865,93.148,0.3930000000000007,91.774,0.9809999999999945,-0.3930000000000007,95.99499999999999,93.754,2.2409999999999854,57.0,0.9473684210526315,29.0,0.896551724137931,676.0,2916.0,0,0,1,0,0,1,0,0.0,26.0,0.0,25
MAG,Haas F1 Team,55.0,0 days 00:01:32.360000,0 days 00:00:31.339000,0 days 00:00:35.258000,0 days 00:00:25.763000,MEDIUM,27.0,4.0,,,1,18.0,False,2024,Miami,R,92.36,31.339,35.258,25.763,93.148,0.7879999999999967,91.774,0.5859999999999985,-0.7879999999999967,95.66,93.754,1.9059999999999917,57.0,0.9649122807017544,29.0,0.9310344827586207,729.0,3025.0,0,0,1,0,0,1,0,0.0,27.0,0.0,25
MAG,Haas F1 Team,56.0,0 days 00:01:32.781000,0 days 00:00:31.515000,0 days 00:00:35.439000,0 days 00:00:25.827000,MEDIUM,28.0,4.0,,,1,18.0,False,2024,Miami,R,92.781,31.515,35.439,25.827,93.148,0.3669999999999902,91.774,1.007000000000005,-0.3669999999999902,96.141,93.754,2.3870000000000005,57.0,0.9824561403508771,29.0,0.9655172413793104,784.0,3136.0,0,0,1,0,0,1,0,0.0,28.0,0.0,25
MAG,Haas F1 Team,57.0,0 days 00:01:33.134000,0 days 00:00:31.736000,0 days 00:00:35.640000,0 days 00:00:25.758000,MEDIUM,29.0,4.0,,,1,18.0,False,2024,Miami,R,93.134,31.736,35.64,25.758,93.148,0.013999999999995794,91.774,1.3599999999999994,-0.013999999999995794,96.554,93.754,2.799999999999997,57.0,1.0,29.0,1.0,841.0,3249.0,0,0,1,0,0,1,0,0.0,29.0,0.0,25
NOR,McLaren,1.0,0 days 00:01:38.919000,,0 days 00:00:36.048000,0 days 00:00:26.092000,MEDIUM,1.0,1.0,,,1,6.0,False,2024,Miami,R,98.919,,36.048,26.092,92.0975,6.8215,98.919,0.0,6.8215,98.979,98.979,0.0,57.0,0.017543859649122806,28.0,0.03571428571428571,1.0,1.0,1,0,0,1,0,1,0,0.0,1.0,0.0,27
NOR,McLaren,2.0,0 days 00:01:34.199000,0 days 00:00:32.214000,0 days 00:00:35.711000,0 days 00:00:26.274000,MEDIUM,2.0,1.0,,,1,6.0,False,2024,Miami,R,94.199,32.214,35.711,26.274,92.0975,2.1015000000000015,98.919,-4.719999999999999,2.1015000000000015,94.319,98.979,-4.659999999999997,57.0,0.03508771929824561,28.0,0.07142857142857142,4.0,4.0,1,0,0,1,0,1,0,0.0,2.0,0.0,27
NOR,McLaren,3.0,0 days 00:01:33.687000,0 days 00:00:31.766000,0 days 00:00:35.697000,0 days 00:00:26.224000,MEDIUM,3.0,1.0,,,1,6.0,False,2024,Miami,R,93.687,31.766,35.697,26.224,92.0975,1.589500000000001,98.919,-5.231999999999999,1.589500000000001,93.867,98.979,-5.111999999999995,57.0,0.05263157894736842,28.0,0.10714285714285714,9.0,9.0,1,0,0,1,0,1,0,0.0,3.0,0.0,27
NOR,McLaren,4.0,0 days 00:01:33.674000,0 days 00:00:31.834000,0 days 00:00:35.786000,0 days 00:00:26.054000,MEDIUM,4.0,1.0,,,1,6.0,False,2024,Miami,R,93.674,31.834,35.786,26.054,92.0975,1.57650000000001,98.919,-5.24499999999999,1.57650000000001,93.914,98.979,-5.064999999999998,57.0,0.07017543859649122,28.0,0.14285714285714285,16.0,16.0,1,0,0,1,0,1,0,0.0,4.0,0.0,27
NOR,McLaren,5.0,0 days 00:01:33.260000,0 days 00:00:31.583000,0 days 00:00:35.645000,0 days 00:00:26.032000,MEDIUM,5.0,1.0,,,1,6.0,False,2024,Miami,R,93.26,31.583,35.645,26.032,92.0975,1.1625000000000085,98.919,-5.658999999999992,1.1625000000000085,93.56,98.979,-5.418999999999997,57.0,0.08771929824561403,28.0,0.17857142857142858,25.0,25.0,1,0,0,1,0,1,0,0.0,5.0,0.0,27
NOR,McLaren,6.0,0 days 00:01:33.172000,0 days 00:00:31.622000,0 days 00:00:35.555000,0 days 00:00:25.995000,MEDIUM,6.0,1.0,,,1,6.0,False,2024,Miami,R,93.172,31.622,35.555,25.995,92.0975,1.0745000000000005,98.919,-5.747,1.0745000000000005,93.532,98.979,-5.447000000000003,57.0,0.10526315789473684,28.0,0.21428571428571427,36.0,36.0,1,0,0,1,0,1,0,0.0,6.0,0.0,27
NOR,McLaren,7.0,0 days 00:01:33.165000,0 days 00:00:31.650000,0 days 00:00:35.508000,0 days 00:00:26.007000,MEDIUM,7.0,1.0,,,1,6.0,False,2024,Miami,R,93.165,31.65,35.508,26.007,92.0975,1.0675000000000097,98.919,-5.753999999999991,1.0675000000000097,93.58500000000001,98.979,-5.393999999999991,57.0,0.12280701754385964,28.0,0.25,49.0,49.0,1,0,0,1,0,1,0,0.0,7.0,0.0,27
NOR,McLaren,8.0,0 days 00:01:32.999000,0 days 00:00:31.604000,0 days 00:00:35.428000,0 days 00:00:25.967000,MEDIUM,8.0,1.0,,,1,6.0,False,2024,Miami,R,92.999,31.604,35.428,25.967,92.0975,0.9014999999999986,98.919,-5.920000000000002,0.9014999999999986,93.479,98.979,-5.5,57.0,0.14035087719298245,28.0,0.2857142857142857,64.0,64.0,1,0,0,1,0,1,0,0.0,8.0,0.0,27
NOR,McLaren,9.0,0 days 00:01:33.429000,0 days 00:00:31.724000,0 days 00:00:35.615000,0 days 00:00:26.090000,MEDIUM,9.0,1.0,,,1,6.0,False,2024,Miami,R,93.429,31.724,35.615,26.09,92.0975,1.3315000000000055,98.919,-5.489999999999995,1.3315000000000055,93.96900000000001,98.979,-5.009999999999991,57.0,0.15789473684210525,28.0,0.32142857142857145,81.0,81.0,1,0,0,1,0,1,0,0.0,9.0,0.0,27
NOR,McLaren,10.0,0 days 00:01:33.230000,0 days 00:00:31.754000,0 days 00:00:35.549000,0 days 00:00:25.927000,MEDIUM,10.0,1.0,,,1,6.0,False,2024,Miami,R,93.23,31.754,35.549,25.927,92.0975,1.1325000000000074,98.919,-5.688999999999993,1.1325000000000074,93.83,98.979,-5.149000000000001,57.0,0.17543859649122806,28.0,0.35714285714285715,100.0,100.0,1,0,0,1,0,1,0,0.0,10.0,0.0,27
NOR,McLaren,11.0,0 days 00:01:33.432000,0 days 00:00:31.625000,0 days 00:00:35.785000,0 days 00:00:26.022000,MEDIUM,11.0,1.0,,,1,6.0,False,2024,Miami,R,93.432,31.625,35.785,26.022,92.0975,1.3345000000000056,98.919,-5.486999999999995,1.3345000000000056,94.092,98.979,-4.8870000000000005,57.0,0.19298245614035087,28.0,0.39285714285714285,121.0,121.0,1,0,0,1,0,1,0,0.0,11.0,0.0,27
NOR,McLaren,12.0,0 days 00:01:33.427000,0 days 00:00:31.757000,0 days 00:00:35.641000,0 days 00:00:26.029000,MEDIUM,12.0,1.0,,,1,6.0,False,2024,Miami,R,93.427,31.757,35.641,26.029,92.0975,1.3295000000000101,98.919,-5.49199999999999,1.3295000000000101,94.147,98.979,-4.831999999999994,57.0,0.21052631578947367,28.0,0.42857142857142855,144.0,144.0,1,0,0,1,0,1,0,0.0,12.0,0.0,27
NOR,McLaren,13.0,0 days 00:01:33.502000,0 days 00:00:31.771000,0 days 00:00:35.753000,0 days 00:00:25.978000,MEDIUM,13.0,1.0,,,1,6.0,False,2024,Miami,R,93.502,31.771,35.753,25.978,92.0975,1.4044999999999987,98.919,-5.417000000000002,1.4044999999999987,94.282,98.979,-4.697000000000003,57.0,0.22807017543859648,28.0,0.4642857142857143,169.0,169.0,1,0,0,1,0,1,0,0.0,13.0,0.0,27
NOR,McLaren,14.0,0 days 00:01:33.764000,0 days 00:00:31.893000,0 days 00:00:35.884000,0 days 00:00:25.987000,MEDIUM,14.0,1.0,,,1,6.0,False,2024,Miami,R,93.764,31.893,35.884,25.987,92.0975,1.6664999999999992,98.919,-5.155000000000001,1.6664999999999992,94.604,98.979,-4.375,57.0,0.24561403508771928,28.0,0.5,196.0,196.0,1,0,0,1,0,1,0,0.0,14.0,0.0,27
NOR,McLaren,15.0,0 days 00:01:33.472000,0 days 00:00:31.733000,0 days 00:00:35.813000,0 days 00:00:25.926000,MEDIUM,15.0,1.0,,,1,6.0,False,2024,Miami,R,93.472,31.733,35.813,25.926,92.0975,1.3744999999999976,98.919,-5.447000000000003,1.3744999999999976,94.372,98.979,-4.606999999999999,57.0,0.2631578947368421,28.0,0.5357142857142857,225.0,225.0,1,0,0,1,0,1,0,0.0,15.0,0.0,27
NOR,McLaren,16.0,0 days 00:01:33.191000,0 days 00:00:31.564000,0 days 00:00:35.686000,0 days 00:00:25.941000,MEDIUM,16.0,1.0,,,1,6.0,False,2024,Miami,R,93.191,31.564,35.686,25.941,92.0975,1.093500000000006,98.919,-5.727999999999994,1.093500000000006,94.151,98.979,-4.828000000000003,57.0,0.2807017543859649,28.0,0.5714285714285714,256.0,256.0,1,0,0,1,0,1,0,0.0,16.0,0.0,27
NOR,McLaren,17.0,0 days 00:01:33.463000,0 days 00:00:31.729000,0 days 00:00:35.603000,0 days 00:00:26.131000,MEDIUM,17.0,1.0,,,1,5.0,False,2024,Miami,R,93.463,31.729,35.603,26.131,92.0975,1.3654999999999973,98.919,-5.456000000000003,1.3654999999999973,94.48299999999999,98.979,-4.496000000000009,57.0,0.2982456140350877,28.0,0.6071428571428571,289.0,289.0,1,0,0,1,0,1,0,0.0,17.0,0.0,27
NOR,McLaren,18.0,0 days 00:01:33.150000,0 days 00:00:31.495000,0 days 00:00:35.607000,0 days 00:00:26.048000,MEDIUM,18.0,1.0,,,1,5.0,False,2024,Miami,R,93.15,31.495,35.607,26.048,92.0975,1.052500000000009,98.919,-5.768999999999991,1.052500000000009,94.23,98.979,-4.748999999999995,57.0,0.3157894736842105,28.0,0.6428571428571429,324.0,324.0,1,0,0,1,0,1,0,0.0,18.0,0.0,27
NOR,McLaren,19.0,0 days 00:01:32.476000,0 days 00:00:31.179000,0 days 00:00:35.329000,0 days 00:00:25.968000,MEDIUM,19.0,1.0,,,1,5.0,False,2024,Miami,R,92.476,31.179,35.329,25.968,92.0975,0.3785000000000025,98.919,-6.442999999999998,0.3785000000000025,93.616,98.979,-5.3629999999999995,57.0,0.3333333333333333,28.0,0.6785714285714286,361.0,361.0,1,0,0,0,0,1,0,0.0,19.0,0.0,27
NOR,McLaren,20.0,0 days 00:01:32.421000,0 days 00:00:31.208000,0 days 00:00:35.278000,0 days 00:00:25.935000,MEDIUM,20.0,1.0,,,1,4.0,False,2024,Miami,R,92.421,31.208,35.278,25.935,92.0975,0.3235000000000099,98.919,-6.4979999999999905,0.3235000000000099,93.62100000000001,98.979,-5.35799999999999,57.0,0.3508771929824561,28.0,0.7142857142857143,400.0,400.0,1,0,0,0,0,1,0,0.0,20.0,0.0,27
NOR,McLaren,21.0,0 days 00:01:32.329000,0 days 00:00:31.083000,0 days 00:00:35.329000,0 days 00:00:25.917000,MEDIUM,21.0,1.0,,,1,4.0,False,2024,Miami,R,92.329,31.083,35.329,25.917,92.0975,0.23149999999999693,98.919,-6.590000000000003,0.23149999999999693,93.589,98.979,-5.390000000000001,57.0,0.3684210526315789,28.0,0.75,441.0,441.0,1,0,0,0,0,1,0,0.0,21.0,0.0,27
NOR,McLaren,22.0,0 days 00:01:32.517000,0 days 00:00:31.138000,0 days 00:00:35.452000,0 days 00:00:25.927000,MEDIUM,22.0,1.0,,,1,4.0,False,2024,Miami,R,92.517,31.138,35.452,25.927,92.0975,0.4194999999999993,98.919,-6.402000000000001,0.4194999999999993,93.83699999999999,98.979,-5.14200000000001,57.0,0.38596491228070173,28.0,0.7857142857142857,484.0,484.0,1,0,0,0,0,1,0,0.0,22.0,0.0,27
NOR,McLaren,24.0,0 days 00:01:31.982000,0 days 00:00:30.826000,0 days 00:00:35.283000,0 days 00:00:25.873000,MEDIUM,24.0,1.0,,,1,3.0,False,2024,Miami,R,91.982,30.826,35.283,25.873,92.0975,0.11549999999999727,98.919,-6.936999999999998,-0.11549999999999727,93.422,98.979,-5.557000000000002,57.0,0.42105263157894735,28.0,0.8571428571428571,576.0,576.0,1,0,0,0,0,1,0,0.0,24.0,0.0,27
NOR,McLaren,25.0,0 days 00:01:32.171000,0 days 00:00:31.017000,0 days 00:00:35.257000,0 days 00:00:25.897000,MEDIUM,25.0,1.0,,,1,3.0,False,2024,Miami,R,92.171,31.017,35.257,25.897,92.0975,0.07350000000000989,98.919,-6.7479999999999905,0.07350000000000989,93.671,98.979,-5.307999999999993,57.0,0.43859649122807015,28.0,0.8928571428571429,625.0,625.0,1,0,0,0,0,1,0,0.0,25.0,0.0,27
NOR,McLaren,26.0,0 days 00:01:32.153000,0 days 00:00:30.933000,0 days 00:00:35.271000,0 days 00:00:25.949000,MEDIUM,26.0,1.0,,,1,3.0,False,2024,Miami,R,92.153,30.933,35.271,25.949,92.0975,0.05550000000000921,98.919,-6.765999999999991,0.05550000000000921,93.71300000000001,98.979,-5.265999999999991,57.0,0.45614035087719296,28.0,0.9285714285714286,676.0,676.0,1,0,0,0,0,1,0,0.0,26.0,0.0,27
NOR,McLaren,27.0,0 days 00:01:32.162000,0 days 00:00:31.064000,0 days 00:00:35.253000,0 days 00:00:25.845000,MEDIUM,27.0,1.0,,,1,1.0,False,2024,Miami,R,92.162,31.064,35.253,25.845,92.0975,0.06450000000000955,98.919,-6.756999999999991,0.06450000000000955,93.78200000000001,98.979,-5.1969999999999885,57.0,0.47368421052631576,28.0,0.9642857142857143,729.0,729.0,1,0,0,0,0,1,0,0.0,27.0,0.0,27
NOR,McLaren,28.0,0 days 00:01:32.042000,0 days 00:00:30.830000,0 days 00:00:35.276000,0 days 00:00:25.936000,MEDIUM,28.0,1.0,,,124,1.0,False,2024,Miami,R,92.042,30.83,35.276,25.936,92.0975,0.055499999999995,98.919,-6.876999999999995,-0.055499999999995,93.72200000000001,98.979,-5.256999999999991,57.0,0.49122807017543857,28.0,1.0,784.0,784.0,1,0,0,0,0,1,0,0.0,28.0,0.0,27
NOR,McLaren,33.0,0 days 00:01:31.157000,0 days 00:00:30.834000,0 days 00:00:34.635000,0 days 00:00:25.688000,HARD,4.0,2.0,,,1,1.0,False,2024,Miami,R,91.157,30.834,34.635,25.688,92.0975,0.9405000000000001,91.157,0.0,-0.9405000000000001,93.137,93.137,0.0,57.0,0.5789473684210527,28.0,0.14285714285714285,16.0,1089.0,0,1,0,0,0,0,1,0.0,0.0,4.0,25
NOR,McLaren,34.0,0 days 00:01:31.289000,0 days 00:00:30.653000,0 days 00:00:34.896000,0 days 00:00:25.740000,HARD,5.0,2.0,,,1,1.0,False,2024,Miami,R,91.289,30.653,34.896,25.74,92.0975,0.8084999999999951,91.157,0.132000000000005,-0.8084999999999951,93.32900000000001,93.137,0.19200000000000728,57.0,0.5964912280701754,28.0,0.17857142857142858,25.0,1156.0,0,1,0,0,0,0,1,0.0,0.0,5.0,25
NOR,McLaren,35.0,0 days 00:01:31.391000,0 days 00:00:30.786000,0 days 00:00:34.791000,0 days 00:00:25.814000,HARD,6.0,2.0,,,1,1.0,False,2024,Miami,R,91.391,30.786,34.791,25.814,92.0975,0.7064999999999912,91.157,0.23400000000000887,-0.7064999999999912,93.491,93.137,0.3539999999999992,57.0,0.6140350877192983,28.0,0.21428571428571427,36.0,1225.0,0,1,0,0,0,0,1,0.0,0.0,6.0,25
NOR,McLaren,36.0,0 days 00:01:31.133000,0 days 00:00:30.610000,0 days 00:00:34.764000,0 days 00:00:25.759000,HARD,7.0,2.0,,,1,1.0,False,2024,Miami,R,91.133,30.61,34.764,25.759,92.0975,0.964500000000001,91.157,-0.02400000000000091,-0.964500000000001,93.29299999999999,93.137,0.1559999999999917,57.0,0.631578947368421,28.0,0.25,49.0,1296.0,0,1,0,0,0,0,1,0.0,0.0,7.0,25
NOR,McLaren,37.0,0 days 00:01:31.074000,0 days 00:00:30.519000,0 days 00:00:34.744000,0 days 00:00:25.811000,HARD,8.0,2.0,,,1,1.0,False,2024,Miami,R,91.074,30.519,34.744,25.811,92.0975,1.0234999999999985,91.157,-0.08299999999999841,-1.0234999999999985,93.294,93.137,0.15699999999999648,57.0,0.6491228070175439,28.0,0.2857142857142857,64.0,1369.0,0,1,0,0,0,0,1,0.0,0.0,8.0,25
NOR,McLaren,38.0,0 days 00:01:31.134000,0 days 00:00:30.649000,0 days 00:00:34.812000,0 days 00:00:25.673000,HARD,9.0,2.0,,,1,1.0,False,2024,Miami,R,91.134,30.649,34.812,25.673,92.0975,0.9634999999999962,91.157,-0.022999999999996135,-0.9634999999999962,93.414,93.137,0.277000000000001,57.0,0.6666666666666666,28.0,0.32142857142857145,81.0,1444.0,0,1,1,0,0,0,1,0.0,0.0,9.0,25
NOR,McLaren,39.0,0 days 00:01:31.192000,0 days 00:00:30.787000,0 days 00:00:34.738000,0 days 00:00:25.667000,HARD,10.0,2.0,,,1,1.0,False,2024,Miami,R,91.192,30.787,34.738,25.667,92.0975,0.9055000000000035,91.157,0.03499999999999659,-0.9055000000000035,93.532,93.137,0.394999999999996,57.0,0.6842105263157895,28.0,0.35714285714285715,100.0,1521.0,0,1,1,0,0,0,1,0.0,0.0,10.0,25
NOR,McLaren,40.0,0 days 00:01:31.222000,0 days 00:00:30.678000,0 days 00:00:34.830000,0 days 00:00:25.714000,HARD,11.0,2.0,,,1,1.0,False,2024,Miami,R,91.222,30.678,34.83,25.714,92.0975,0.8755000000000024,91.157,0.06499999999999773,-0.8755000000000024,93.622,93.137,0.48499999999999943,57.0,0.7017543859649122,28.0,0.39285714285714285,121.0,1600.0,0,1,1,0,0,0,1,0.0,0.0,11.0,25
NOR,McLaren,41.0,0 days 00:01:31.059000,0 days 00:00:30.482000,0 days 00:00:34.862000,0 days 00:00:25.715000,HARD,12.0,2.0,,,1,1.0,False,2024,Miami,R,91.059,30.482,34.862,25.715,92.0975,1.038499999999999,91.157,-0.09799999999999898,-1.038499999999999,93.51899999999999,93.137,0.3819999999999908,57.0,0.7192982456140351,28.0,0.42857142857142855,144.0,1681.0,0,1,1,0,0,0,1,0.0,0.0,12.0,25
NOR,McLaren,42.0,0 days 00:01:31.340000,0 days 00:00:30.737000,0 days 00:00:34.865000,0 days 00:00:25.738000,HARD,13.0,2.0,,,1,1.0,False,2024,Miami,R,91.34,30.737,34.865,25.738,92.0975,0.7574999999999932,91.157,0.18300000000000693,-0.7574999999999932,93.86,93.137,0.722999999999999,57.0,0.7368421052631579,28.0,0.4642857142857143,169.0,1764.0,0,1,1,0,0,0,1,0.0,0.0,13.0,25
NOR,McLaren,43.0,0 days 00:01:31.066000,0 days 00:00:30.530000,0 days 00:00:34.797000,0 days 00:00:25.739000,HARD,14.0,2.0,,,1,1.0,False,2024,Miami,R,91.066,30.53,34.797,25.739,92.0975,1.031499999999994,91.157,-0.09099999999999397,-1.031499999999994,93.646,93.137,0.5090000000000003,57.0,0.7543859649122807,28.0,0.5,196.0,1849.0,0,1,1,0,0,0,1,0.0,0.0,14.0,25
NOR,McLaren,44.0,0 days 00:01:31.180000,0 days 00:00:30.563000,0 days 00:00:34.920000,0 days 00:00:25.697000,HARD,15.0,2.0,,,1,1.0,False,2024,Miami,R,91.18,30.563,34.92,25.697,92.0975,0.9174999999999898,91.157,0.023000000000010346,-0.9174999999999898,93.82000000000001,93.137,0.6830000000000069,57.0,0.7719298245614035,28.0,0.5357142857142857,225.0,1936.0,0,1,1,0,0,0,1,0.0,0.0,15.0,25
NOR,McLaren,45.0,0 days 00:01:31.068000,0 days 00:00:30.453000,0 days 00:00:34.880000,0 days 00:00:25.735000,HARD,16.0,2.0,,,1,1.0,False,2024,Miami,R,91.068,30.453,34.88,25.735,92.0975,1.0294999999999987,91.157,-0.08899999999999864,-1.0294999999999987,93.768,93.137,0.6310000000000002,57.0,0.7894736842105263,28.0,0.5714285714285714,256.0,2025.0,0,1,1,0,0,0,1,0.0,0.0,16.0,25
NOR,McLaren,46.0,0 days 00:01:31.352000,0 days 00:00:30.499000,0 days 00:00:35.205000,0 days 00:00:25.648000,HARD,17.0,2.0,,,1,1.0,False,2024,Miami,R,91.352,30.499,35.205,25.648,92.0975,0.7454999999999927,91.157,0.1950000000000074,-0.7454999999999927,94.11200000000001,93.137,0.9750000000000085,57.0,0.8070175438596491,28.0,0.6071428571428571,289.0,2116.0,0,1,1,0,0,0,1,0.0,0.0,17.0,25
NOR,McLaren,47.0,0 days 00:01:31.423000,0 days 00:00:30.556000,0 days 00:00:35.123000,0 days 00:00:25.744000,HARD,18.0,2.0,,,1,1.0,False,2024,Miami,R,91.423,30.556,35.123,25.744,92.0975,0.6744999999999948,91.157,0.26600000000000534,-0.6744999999999948,94.243,93.137,1.1059999999999945,57.0,0.8245614035087719,28.0,0.6428571428571429,324.0,2209.0,0,1,1,0,0,0,1,0.0,0.0,18.0,25
NOR,McLaren,48.0,0 days 00:01:31.135000,0 days 00:00:30.529000,0 days 00:00:34.897000,0 days 00:00:25.709000,HARD,19.0,2.0,,,1,1.0,False,2024,Miami,R,91.135,30.529,34.897,25.709,92.0975,0.9624999999999915,91.157,-0.02199999999999136,-0.9624999999999915,94.015,93.137,0.8780000000000001,57.0,0.8421052631578947,28.0,0.6785714285714286,361.0,2304.0,0,1,1,0,0,0,1,0.0,0.0,19.0,25
NOR,McLaren,49.0,0 days 00:01:31.177000,0 days 00:00:30.427000,0 days 00:00:35.025000,0 days 00:00:25.725000,HARD,20.0,2.0,,,1,1.0,False,2024,Miami,R,91.177,30.427,35.025,25.725,92.0975,0.9204999999999899,91.157,0.020000000000010232,-0.9204999999999899,94.117,93.137,0.980000000000004,57.0,0.8596491228070176,28.0,0.7142857142857143,400.0,2401.0,0,1,1,0,0,0,1,0.0,0.0,20.0,25
NOR,McLaren,50.0,0 days 00:01:31.227000,0 days 00:00:30.338000,0 days 00:00:35.099000,0 days 00:00:25.790000,HARD,21.0,2.0,,,1,1.0,False,2024,Miami,R,91.227,30.338,35.099,25.79,92.0975,0.8704999999999927,91.157,0.07000000000000739,-0.8704999999999927,94.227,93.137,1.0900000000000034,57.0,0.8771929824561403,28.0,0.75,441.0,2500.0,0,1,1,0,0,0,1,0.0,0.0,21.0,25
NOR,McLaren,51.0,0 days 00:01:31.080000,0 days 00:00:30.328000,0 days 00:00:35.008000,0 days 00:00:25.744000,HARD,22.0,2.0,,,1,1.0,False,2024,Miami,R,91.08,30.328,35.008,25.744,92.0975,1.0174999999999983,91.157,-0.07699999999999818,-1.0174999999999983,94.14,93.137,1.0030000000000001,57.0,0.8947368421052632,28.0,0.7857142857142857,484.0,2601.0,0,1,1,0,0,0,1,0.0,0.0,22.0,25
NOR,McLaren,52.0,0 days 00:01:31.244000,0 days 00:00:30.413000,0 days 00:00:35.142000,0 days 00:00:25.689000,HARD,23.0,2.0,,,1,1.0,False,2024,Miami,R,91.244,30.413,35.142,25.689,92.0975,0.8534999999999968,91.157,0.0870000000000033,-0.8534999999999968,94.364,93.137,1.2270000000000039,57.0,0.9122807017543859,28.0,0.8214285714285714,529.0,2704.0,0,1,1,0,0,0,1,0.0,0.0,23.0,25
NOR,McLaren,53.0,0 days 00:01:31.251000,0 days 00:00:30.309000,0 days 00:00:35.186000,0 days 00:00:25.756000,HARD,24.0,2.0,,,1,1.0,False,2024,Miami,R,91.251,30.309,35.186,25.756,92.0975,0.8464999999999918,91.157,0.0940000000000083,-0.8464999999999918,94.43100000000001,93.137,1.2940000000000111,57.0,0.9298245614035088,28.0,0.8571428571428571,576.0,2809.0,0,1,1,0,0,0,1,0.0,0.0,24.0,25
NOR,McLaren,54.0,0 days 00:01:31.276000,0 days 00:00:30.402000,0 days 00:00:35.135000,0 days 00:00:25.739000,HARD,25.0,2.0,,,1,1.0,False,2024,Miami,R,91.276,30.402,35.135,25.739,92.0975,0.8215000000000003,91.157,0.11899999999999977,-0.8215000000000003,94.51599999999999,93.137,1.3789999999999907,57.0,0.9473684210526315,28.0,0.8928571428571429,625.0,2916.0,0,1,1,0,0,0,1,0.0,0.0,25.0,25
NOR,McLaren,55.0,0 days 00:01:30.980000,0 days 00:00:30.413000,0 days 00:00:34.898000,0 days 00:00:25.669000,HARD,26.0,2.0,,,1,1.0,False,2024,Miami,R,90.98,30.413,34.898,25.669,92.0975,1.1174999999999926,91.157,-0.1769999999999925,-1.1174999999999926,94.28,93.137,1.1430000000000007,57.0,0.9649122807017544,28.0,0.9285714285714286,676.0,3025.0,0,1,1,0,0,0,1,0.0,0.0,26.0,25
NOR,McLaren,56.0,0 days 00:01:31.040000,0 days 00:00:30.452000,0 days 00:00:34.938000,0 days 00:00:25.650000,HARD,27.0,2.0,,,1,1.0,False,2024,Miami,R,91.04,30.452,34.938,25.65,92.0975,1.0574999999999903,91.157,-0.11699999999999022,-1.0574999999999903,94.4,93.137,1.2630000000000052,57.0,0.9824561403508771,28.0,0.9642857142857143,729.0,3136.0,0,1,1,0,0,0,1,0.0,0.0,27.0,25
NOR,McLaren,57.0,0 days 00:01:31.575000,0 days 00:00:30.590000,0 days 00:00:35.034000,0 days 00:00:25.951000,HARD,28.0,2.0,,,1,1.0,False,2024,Miami,R,91.575,30.59,35.034,25.951,92.0975,0.5224999999999937,91.157,0.41800000000000637,-0.5224999999999937,94.995,93.137,1.858000000000004,57.0,1.0,28.0,1.0,784.0,3249.0,0,1,1,0,0,0,1,0.0,0.0,28.0,25
OCO,Alpine,2.0,0 days 00:01:35.438000,0 days 00:00:32.593000,0 days 00:00:36.325000,0 days 00:00:26.520000,MEDIUM,2.0,1.0,,,1,15.0,False,2024,Miami,R,95.438,32.593,36.325,26.52,93.585,1.8530000000000086,95.438,0.0,1.8530000000000086,95.558,95.558,0.0,57.0,0.03508771929824561,21.0,0.09523809523809523,4.0,4.0,1,0,0,1,0,1,0,0.0,2.0,0.0,20
OCO,Alpine,3.0,0 days 00:01:34.667000,0 days 00:00:32.730000,0 days 00:00:35.857000,0 days 00:00:26.080000,MEDIUM,3.0,1.0,,,1,15.0,False,2024,Miami,R,94.667,32.73,35.857,26.08,93.585,1.0820000000000078,95.438,-0.7710000000000008,1.0820000000000078,94.84700000000001,95.558,-0.7109999999999985,57.0,0.05263157894736842,21.0,0.14285714285714285,9.0,9.0,1,0,0,1,0,1,0,0.0,3.0,0.0,20
OCO,Alpine,4.0,0 days 00:01:34.013000,0 days 00:00:32.369000,0 days 00:00:35.587000,0 days 00:00:26.057000,MEDIUM,4.0,1.0,,,1,15.0,False,2024,Miami,R,94.013,32.369,35.587,26.057,93.585,0.4280000000000115,95.438,-1.4249999999999972,0.4280000000000115,94.253,95.558,-1.3050000000000068,57.0,0.07017543859649122,21.0,0.19047619047619047,16.0,16.0,1,0,0,1,0,1,0,0.0,4.0,0.0,20
OCO,Alpine,5.0,0 days 00:01:33.908000,0 days 00:00:32.255000,0 days 00:00:35.656000,0 days 00:00:25.997000,MEDIUM,5.0,1.0,,,1,15.0,False,2024,Miami,R,93.908,32.255,35.656,25.997,93.585,0.3230000000000075,95.438,-1.5300000000000011,0.3230000000000075,94.208,95.558,-1.3500000000000085,57.0,0.08771929824561403,21.0,0.23809523809523808,25.0,25.0,1,0,0,1,0,1,0,0.0,5.0,0.0,20
OCO,Alpine,6.0,0 days 00:01:34.440000,0 days 00:00:32.562000,0 days 00:00:35.852000,0 days 00:00:26.026000,MEDIUM,6.0,1.0,,,1,15.0,False,2024,Miami,R,94.44,32.562,35.852,26.026,93.585,0.855000000000004,95.438,-0.9980000000000047,0.855000000000004,94.8,95.558,-0.7580000000000098,57.0,0.10526315789473684,21.0,0.2857142857142857,36.0,36.0,1,0,0,1,0,1,0,0.0,6.0,0.0,20
OCO,Alpine,7.0,0 days 00:01:34.127000,0 days 00:00:32.259000,0 days 00:00:35.931000,0 days 00:00:25.937000,MEDIUM,7.0,1.0,,,1,15.0,False,2024,Miami,R,94.127,32.259,35.931,25.937,93.585,0.5420000000000016,95.438,-1.311000000000007,0.5420000000000016,94.547,95.558,-1.01100000000001,57.0,0.12280701754385964,21.0,0.3333333333333333,49.0,49.0,1,0,0,1,0,1,0,0.0,7.0,0.0,20
OCO,Alpine,8.0,0 days 00:01:34.490000,0 days 00:00:32.613000,0 days 00:00:35.929000,0 days 00:00:25.948000,MEDIUM,8.0,1.0,,,1,15.0,False,2024,Miami,R,94.49,32.613,35.929,25.948,93.585,0.9050000000000011,95.438,-0.9480000000000075,0.9050000000000011,94.97,95.558,-0.5880000000000081,57.0,0.14035087719298245,21.0,0.38095238095238093,64.0,64.0,1,0,0,1,0,1,0,0.0,8.0,0.0,20
OCO,Alpine,9.0,0 days 00:01:34.119000,0 days 00:00:32.272000,0 days 00:00:35.808000,0 days 00:00:26.039000,MEDIUM,9.0,1.0,,,1,15.0,False,2024,Miami,R,94.119,32.272,35.808,26.039,93.585,0.534000000000006,95.438,-1.3190000000000026,0.534000000000006,94.659,95.558,-0.8990000000000009,57.0,0.15789473684210525,21.0,0.42857142857142855,81.0,81.0,1,0,0,1,0,1,0,0.0,9.0,0.0,20
OCO,Alpine,10.0,0 days 00:01:34.356000,0 days 00:00:32.355000,0 days 00:00:35.906000,0 days 00:00:26.095000,MEDIUM,10.0,1.0,,,1,14.0,False,2024,Miami,R,94.356,32.355,35.906,26.095,93.585,0.7710000000000008,95.438,-1.0820000000000078,0.7710000000000008,94.95599999999999,95.558,-0.6020000000000181,57.0,0.17543859649122806,21.0,0.47619047619047616,100.0,100.0,1,0,0,1,0,1,0,0.0,10.0,0.0,20
OCO,Alpine,11.0,0 days 00:01:34.486000,0 days 00:00:32.305000,0 days 00:00:35.968000,0 days 00:00:26.213000,MEDIUM,11.0,1.0,,,1,13.0,False,2024,Miami,R,94.486,32.305,35.968,26.213,93.585,0.9010000000000105,95.438,-0.9519999999999982,0.9010000000000105,95.146,95.558,-0.41200000000000614,57.0,0.19298245614035087,21.0,0.5238095238095238,121.0,121.0,1,0,0,1,0,1,0,0.0,11.0,0.0,20
OCO,Alpine,12.0,0 days 00:01:33.984000,0 days 00:00:32.223000,0 days 00:00:35.821000,0 days 00:00:25.940000,MEDIUM,12.0,1.0,,,1,10.0,False,2024,Miami,R,93.984,32.223,35.821,25.94,93.585,0.3990000000000009,95.438,-1.4540000000000077,0.3990000000000009,94.704,95.558,-0.8540000000000134,57.0,0.21052631578947367,21.0,0.5714285714285714,144.0,144.0,1,0,0,1,0,1,0,0.0,12.0,0.0,20
OCO,Alpine,13.0,0 days 00:01:34.094000,0 days 00:00:31.887000,0 days 00:00:35.931000,0 days 00:00:26.276000,MEDIUM,13.0,1.0,,,1,10.0,False,2024,Miami,R,94.094,31.887,35.931,26.276,93.585,0.5090000000000003,95.438,-1.3440000000000083,0.5090000000000003,94.874,95.558,-0.6840000000000117,57.0,0.22807017543859648,21.0,0.6190476190476191,169.0,169.0,1,0,0,1,0,1,0,0.0,13.0,0.0,20
OCO,Alpine,14.0,0 days 00:01:34.067000,0 days 00:00:31.929000,0 days 00:00:35.873000,0 days 00:00:26.265000,MEDIUM,14.0,1.0,,,1,10.0,False,2024,Miami,R,94.067,31.929,35.873,26.265,93.585,0.4819999999999993,95.438,-1.3710000000000093,0.4819999999999993,94.907,95.558,-0.6510000000000105,57.0,0.24561403508771928,21.0,0.6666666666666666,196.0,196.0,1,0,0,1,0,1,0,0.0,14.0,0.0,20
OCO,Alpine,15.0,0 days 00:01:33.585000,0 days 00:00:31.743000,0 days 00:00:35.668000,0 days 00:00:26.174000,MEDIUM,15.0,1.0,,,1,10.0,False,2024,Miami,R,93.585,31.743,35.668,26.174,93.585,0.0,95.438,-1.8530000000000086,0.0,94.485,95.558,-1.0730000000000075,57.0,0.2631578947368421,21.0,0.7142857142857143,225.0,225.0,1,0,0,1,0,1,0,0.0,15.0,0.0,20
OCO,Alpine,16.0,0 days 00:01:33.545000,0 days 00:00:31.711000,0 days 00:00:35.672000,0 days 00:00:26.162000,MEDIUM,16.0,1.0,,,1,10.0,False,2024,Miami,R,93.545,31.711,35.672,26.162,93.585,0.03999999999999204,95.438,-1.8930000000000007,-0.03999999999999204,94.505,95.558,-1.0530000000000115,57.0,0.2807017543859649,21.0,0.7619047619047619,256.0,256.0,1,0,0,1,0,1,0,0.0,16.0,0.0,20
OCO,Alpine,17.0,0 days 00:01:33.997000,0 days 00:00:31.827000,0 days 00:00:35.802000,0 days 00:00:26.368000,MEDIUM,17.0,1.0,,,1,10.0,False,2024,Miami,R,93.997,31.827,35.802,26.368,93.585,0.41200000000000614,95.438,-1.4410000000000025,0.41200000000000614,95.017,95.558,-0.541000000000011,57.0,0.2982456140350877,21.0,0.8095238095238095,289.0,289.0,1,0,0,1,0,1,0,0.0,17.0,0.0,20
OCO,Alpine,18.0,0 days 00:01:33.890000,0 days 00:00:31.797000,0 days 00:00:35.865000,0 days 00:00:26.228000,MEDIUM,18.0,1.0,,,1,9.0,False,2024,Miami,R,93.89,31.797,35.865,26.228,93.585,0.3050000000000068,95.438,-1.5480000000000018,0.3050000000000068,94.97,95.558,-0.5880000000000081,57.0,0.3157894736842105,21.0,0.8571428571428571,324.0,324.0,1,0,0,1,0,1,0,0.0,18.0,0.0,20
OCO,Alpine,19.0,0 days 00:01:34.736000,0 days 00:00:31.785000,0 days 00:00:36.898000,0 days 00:00:26.053000,MEDIUM,19.0,1.0,,,1,10.0,False,2024,Miami,R,94.736,31.785,36.898,26.053,93.585,1.1510000000000105,95.438,-0.7019999999999982,1.1510000000000105,95.876,95.558,0.31799999999999784,57.0,0.3333333333333333,21.0,0.9047619047619048,361.0,361.0,1,0,0,0,0,1,0,0.0,19.0,0.0,20
OCO,Alpine,20.0,0 days 00:01:34.069000,0 days 00:00:32.061000,0 days 00:00:35.779000,0 days 00:00:26.229000,MEDIUM,20.0,1.0,,,1,10.0,False,2024,Miami,R,94.069,32.061,35.779,26.229,93.585,0.48400000000000887,95.438,-1.3689999999999998,0.48400000000000887,95.269,95.558,-0.2890000000000015,57.0,0.3508771929824561,21.0,0.9523809523809523,400.0,400.0,1,0,0,0,0,1,0,0.0,20.0,0.0,20
OCO,Alpine,21.0,0 days 00:01:33.867000,0 days 00:00:31.868000,0 days 00:00:35.799000,0 days 00:00:26.200000,MEDIUM,21.0,1.0,,,1,10.0,False,2024,Miami,R,93.867,31.868,35.799,26.2,93.585,0.2820000000000107,95.438,-1.570999999999998,0.2820000000000107,95.12700000000001,95.558,-0.4309999999999974,57.0,0.3684210526315789,21.0,1.0,441.0,441.0,1,0,0,0,0,1,0,0.0,21.0,0.0,20
OCO,Alpine,24.0,0 days 00:01:33.041000,0 days 00:00:31.979000,0 days 00:00:35.032000,0 days 00:00:26.030000,HARD,2.0,2.0,,,1,12.0,False,2024,Miami,R,93.041,31.979,35.032,26.03,93.585,0.5439999999999969,93.041,0.0,-0.5439999999999969,94.481,94.481,0.0,57.0,0.42105263157894735,35.0,0.05714285714285714,4.0,576.0,0,1,0,0,0,0,1,0.0,0.0,2.0,29
OCO,Alpine,25.0,0 days 00:01:32.918000,0 days 00:00:31.386000,0 days 00:00:35.508000,0 days 00:00:26.024000,HARD,3.0,2.0,,,1,11.0,False,2024,Miami,R,92.918,31.386,35.508,26.024,93.585,0.6669999999999874,93.041,-0.12299999999999045,-0.6669999999999874,94.418,94.481,-0.06299999999998818,57.0,0.43859649122807015,35.0,0.08571428571428572,9.0,625.0,0,1,0,0,0,0,1,0.0,0.0,3.0,29
OCO,Alpine,26.0,0 days 00:01:34.048000,0 days 00:00:32.421000,0 days 00:00:35.567000,0 days 00:00:26.060000,HARD,4.0,2.0,,,1,12.0,False,2024,Miami,R,94.048,32.421,35.567,26.06,93.585,0.46300000000000807,93.041,1.007000000000005,0.46300000000000807,95.608,94.481,1.1270000000000095,57.0,0.45614035087719296,35.0,0.11428571428571428,16.0,676.0,0,1,0,0,0,0,1,0.0,0.0,4.0,29
OCO,Alpine,27.0,0 days 00:01:33.170000,0 days 00:00:31.610000,0 days 00:00:35.636000,0 days 00:00:25.924000,HARD,5.0,2.0,,,1,12.0,False,2024,Miami,R,93.17,31.61,35.636,25.924,93.585,0.41499999999999204,93.041,0.1290000000000049,-0.41499999999999204,94.79,94.481,0.3090000000000117,57.0,0.47368421052631576,35.0,0.14285714285714285,25.0,729.0,0,1,0,0,0,0,1,0.0,0.0,5.0,29
OCO,Alpine,33.0,0 days 00:01:34.811000,0 days 00:00:32.518000,0 days 00:00:36.262000,0 days 00:00:26.031000,HARD,11.0,2.0,,,1,10.0,False,2024,Miami,R,94.811,32.518,36.262,26.031,93.585,1.2260000000000133,93.041,1.7700000000000102,1.2260000000000133,96.79100000000001,94.481,2.3100000000000165,57.0,0.5789473684210527,35.0,0.3142857142857143,121.0,1089.0,0,1,0,0,0,0,1,0.0,0.0,11.0,29
OCO,Alpine,34.0,0 days 00:01:32.734000,0 days 00:00:31.672000,0 days 00:00:35.399000,0 days 00:00:25.663000,HARD,12.0,2.0,,,1,10.0,False,2024,Miami,R,92.734,31.672,35.399,25.663,93.585,0.8509999999999991,93.041,-0.30700000000000216,-0.8509999999999991,94.774,94.481,0.29300000000000637,57.0,0.5964912280701754,35.0,0.34285714285714286,144.0,1156.0,0,1,0,0,0,0,1,0.0,0.0,12.0,29
OCO,Alpine,35.0,0 days 00:01:32.445000,0 days 00:00:31.406000,0 days 00:00:35.220000,0 days 00:00:25.819000,HARD,13.0,2.0,,,1,10.0,False,2024,Miami,R,92.445,31.406,35.22,25.819,93.585,1.1400000000000006,93.041,-0.5960000000000036,-1.1400000000000006,94.54499999999999,94.481,0.06399999999999295,57.0,0.6140350877192983,35.0,0.37142857142857144,169.0,1225.0,0,1,0,0,0,0,1,0.0,0.0,13.0,29
OCO,Alpine,36.0,0 days 00:01:32.348000,0 days 00:00:31.348000,0 days 00:00:35.306000,0 days 00:00:25.694000,HARD,14.0,2.0,,,1,10.0,False,2024,Miami,R,92.348,31.348,35.306,25.694,93.585,1.2369999999999948,93.041,-0.6929999999999978,-1.2369999999999948,94.508,94.481,0.027000000000001023,57.0,0.631578947368421,35.0,0.4,196.0,1296.0,0,1,0,0,0,0,1,0.0,0.0,14.0,29
OCO,Alpine,37.0,0 days 00:01:32.610000,0 days 00:00:31.429000,0 days 00:00:35.283000,0 days 00:00:25.898000,HARD,15.0,2.0,,,1,10.0,False,2024,Miami,R,92.61,31.429,35.283,25.898,93.585,0.9749999999999943,93.041,-0.4309999999999974,-0.9749999999999943,94.83,94.481,0.34900000000000375,57.0,0.6491228070175439,35.0,0.42857142857142855,225.0,1369.0,0,1,0,0,0,0,1,0.0,0.0,15.0,29
OCO,Alpine,38.0,0 days 00:01:32.392000,0 days 00:00:31.269000,0 days 00:00:35.218000,0 days 00:00:25.905000,HARD,16.0,2.0,,,1,10.0,False,2024,Miami,R,92.392,31.269,35.218,25.905,93.585,1.1929999999999978,93.041,-0.6490000000000009,-1.1929999999999978,94.672,94.481,0.1910000000000025,57.0,0.6666666666666666,35.0,0.45714285714285713,256.0,1444.0,0,1,1,0,0,0,1,0.0,0.0,16.0,29
OCO,Alpine,39.0,0 days 00:01:32.521000,0 days 00:00:31.197000,0 days 00:00:35.359000,0 days 00:00:25.965000,HARD,17.0,2.0,,,1,10.0,False,2024,Miami,R,92.521,31.197,35.359,25.965,93.585,1.063999999999993,93.041,-0.519999999999996,-1.063999999999993,94.861,94.481,0.38000000000000966,57.0,0.6842105263157895,35.0,0.4857142857142857,289.0,1521.0,0,1,1,0,0,0,1,0.0,0.0,17.0,29
OCO,Alpine,40.0,0 days 00:01:32.581000,0 days 00:00:31.260000,0 days 00:00:35.403000,0 days 00:00:25.918000,HARD,18.0,2.0,,,1,9.0,False,2024,Miami,R,92.581,31.26,35.403,25.918,93.585,1.0039999999999907,93.041,-0.45999999999999375,-1.0039999999999907,94.98100000000001,94.481,0.5000000000000142,57.0,0.7017543859649122,35.0,0.5142857142857142,324.0,1600.0,0,1,1,0,0,0,1,0.0,0.0,18.0,29
OCO,Alpine,41.0,0 days 00:01:32.575000,0 days 00:00:31.158000,0 days 00:00:35.376000,0 days 00:00:26.041000,HARD,19.0,2.0,,,1,9.0,False,2024,Miami,R,92.575,31.158,35.376,26.041,93.585,1.009999999999991,93.041,-0.465999999999994,-1.009999999999991,95.035,94.481,0.554000000000002,57.0,0.7192982456140351,35.0,0.5428571428571428,361.0,1681.0,0,1,1,0,0,0,1,0.0,0.0,19.0,29
OCO,Alpine,42.0,0 days 00:01:32.311000,0 days 00:00:31.094000,0 days 00:00:35.344000,0 days 00:00:25.873000,HARD,20.0,2.0,,,1,9.0,False,2024,Miami,R,92.311,31.094,35.344,25.873,93.585,1.2739999999999867,93.041,-0.7299999999999898,-1.2739999999999867,94.831,94.481,0.3500000000000085,57.0,0.7368421052631579,35.0,0.5714285714285714,400.0,1764.0,0,1,1,0,0,0,1,0.0,0.0,20.0,29
OCO,Alpine,43.0,0 days 00:01:32.280000,0 days 00:00:31.128000,0 days 00:00:35.246000,0 days 00:00:25.906000,HARD,21.0,2.0,,,1,9.0,False,2024,Miami,R,92.28,31.128,35.246,25.906,93.585,1.3049999999999926,93.041,-0.7609999999999957,-1.3049999999999926,94.86,94.481,0.3790000000000049,57.0,0.7543859649122807,35.0,0.6,441.0,1849.0,0,1,1,0,0,0,1,0.0,0.0,21.0,29
OCO,Alpine,44.0,0 days 00:01:32.483000,0 days 00:00:31.245000,0 days 00:00:35.255000,0 days 00:00:25.983000,HARD,22.0,2.0,,,1,9.0,False,2024,Miami,R,92.483,31.245,35.255,25.983,93.585,1.1019999999999897,93.041,-0.5579999999999927,-1.1019999999999897,95.123,94.481,0.6420000000000101,57.0,0.7719298245614035,35.0,0.6285714285714286,484.0,1936.0,0,1,1,0,0,0,1,0.0,0.0,22.0,29
OCO,Alpine,45.0,0 days 00:01:33.348000,0 days 00:00:31.327000,0 days 00:00:35.958000,0 days 00:00:26.063000,HARD,23.0,2.0,,,1,9.0,False,2024,Miami,R,93.348,31.327,35.958,26.063,93.585,0.23699999999999477,93.041,0.30700000000000216,-0.23699999999999477,96.048,94.481,1.5670000000000073,57.0,0.7894736842105263,35.0,0.6571428571428571,529.0,2025.0,0,1,1,0,0,0,1,0.0,0.0,23.0,29
OCO,Alpine,46.0,0 days 00:01:33.497000,0 days 00:00:31.670000,0 days 00:00:35.775000,0 days 00:00:26.052000,HARD,24.0,2.0,,,1,9.0,False,2024,Miami,R,93.497,31.67,35.775,26.052,93.585,0.08799999999999386,93.041,0.45600000000000307,-0.08799999999999386,96.257,94.481,1.7760000000000105,57.0,0.8070175438596491,35.0,0.6857142857142857,576.0,2116.0,0,1,1,0,0,0,1,0.0,0.0,24.0,29
OCO,Alpine,47.0,0 days 00:01:33.316000,0 days 00:00:31.248000,0 days 00:00:35.850000,0 days 00:00:26.218000,HARD,25.0,2.0,,,1,9.0,False,2024,Miami,R,93.316,31.248,35.85,26.218,93.585,0.26899999999999125,93.041,0.2750000000000057,-0.26899999999999125,96.136,94.481,1.6550000000000011,57.0,0.8245614035087719,35.0,0.7142857142857143,625.0,2209.0,0,1,1,0,0,0,1,0.0,0.0,25.0,29
OCO,Alpine,48.0,0 days 00:01:33.946000,0 days 00:00:31.509000,0 days 00:00:36.453000,0 days 00:00:25.984000,HARD,26.0,2.0,,,1,10.0,False,2024,Miami,R,93.946,31.509,36.453,25.984,93.585,0.3610000000000042,93.041,0.9050000000000011,0.3610000000000042,96.826,94.481,2.344999999999999,57.0,0.8421052631578947,35.0,0.7428571428571429,676.0,2304.0,0,1,1,0,0,0,1,0.0,0.0,26.0,29
OCO,Alpine,49.0,0 days 00:01:32.831000,0 days 00:00:31.378000,0 days 00:00:35.502000,0 days 00:00:25.951000,HARD,27.0,2.0,,,1,10.0,False,2024,Miami,R,92.831,31.378,35.502,25.951,93.585,0.7539999999999907,93.041,-0.20999999999999375,-0.7539999999999907,95.771,94.481,1.2900000000000063,57.0,0.8596491228070176,35.0,0.7714285714285715,729.0,2401.0,0,1,1,0,0,0,1,0.0,0.0,27.0,29
OCO,Alpine,50.0,0 days 00:01:32.185000,0 days 00:00:30.927000,0 days 00:00:35.324000,0 days 00:00:25.934000,HARD,28.0,2.0,,,1,10.0,False,2024,Miami,R,92.185,30.927,35.324,25.934,93.585,1.3999999999999915,93.041,-0.8559999999999945,-1.3999999999999915,95.185,94.481,0.7040000000000077,57.0,0.8771929824561403,35.0,0.8,784.0,2500.0,0,1,1,0,0,0,1,0.0,0.0,28.0,29
OCO,Alpine,51.0,0 days 00:01:32.037000,0 days 00:00:30.829000,0 days 00:00:35.360000,0 days 00:00:25.848000,HARD,29.0,2.0,,,1,10.0,False,2024,Miami,R,92.037,30.829,35.36,25.848,93.585,1.5479999999999876,93.041,-1.0039999999999907,-1.5479999999999876,95.09700000000001,94.481,0.6160000000000139,57.0,0.8947368421052632,35.0,0.8285714285714286,841.0,2601.0,0,1,1,0,0,0,1,0.0,0.0,29.0,29
OCO,Alpine,52.0,0 days 00:01:32.104000,0 days 00:00:31.023000,0 days 00:00:35.215000,0 days 00:00:25.866000,HARD,30.0,2.0,,,1,10.0,False,2024,Miami,R,92.104,31.023,35.215,25.866,93.585,1.4809999999999945,93.041,-0.9369999999999976,-1.4809999999999945,95.224,94.481,0.7430000000000092,57.0,0.9122807017543859,35.0,0.8571428571428571,900.0,2704.0,0,1,1,0,0,0,1,0.0,0.0,30.0,29
OCO,Alpine,53.0,0 days 00:01:32.205000,0 days 00:00:30.896000,0 days 00:00:35.373000,0 days 00:00:25.936000,HARD,31.0,2.0,,,1,10.0,False,2024,Miami,R,92.205,30.896,35.373,25.936,93.585,1.3799999999999955,93.041,-0.8359999999999985,-1.3799999999999955,95.38499999999999,94.481,0.9039999999999964,57.0,0.9298245614035088,35.0,0.8857142857142857,961.0,2809.0,0,1,1,0,0,0,1,0.0,0.0,31.0,29
OCO,Alpine,54.0,0 days 00:01:32.267000,0 days 00:00:30.863000,0 days 00:00:35.454000,0 days 00:00:25.950000,HARD,32.0,2.0,,,1,10.0,False,2024,Miami,R,92.267,30.863,35.454,25.95,93.585,1.3179999999999978,93.041,-0.7740000000000009,-1.3179999999999978,95.50699999999999,94.481,1.0259999999999962,57.0,0.9473684210526315,35.0,0.9142857142857143,1024.0,2916.0,0,1,1,0,0,0,1,0.0,0.0,32.0,29
OCO,Alpine,55.0,0 days 00:01:32.146000,0 days 00:00:30.942000,0 days 00:00:35.345000,0 days 00:00:25.859000,HARD,33.0,2.0,,,1,10.0,False,2024,Miami,R,92.146,30.942,35.345,25.859,93.585,1.438999999999993,93.041,-0.894999999999996,-1.438999999999993,95.446,94.481,0.9650000000000034,57.0,0.9649122807017544,35.0,0.9428571428571428,1089.0,3025.0,0,1,1,0,0,0,1,0.0,0.0,33.0,29
OCO,Alpine,56.0,0 days 00:01:32.136000,0 days 00:00:30.969000,0 days 00:00:35.325000,0 days 00:00:25.842000,HARD,34.0,2.0,,,1,10.0,False,2024,Miami,R,92.136,30.969,35.325,25.842,93.585,1.448999999999998,93.041,-0.9050000000000011,-1.448999999999998,95.496,94.481,1.0150000000000006,57.0,0.9824561403508771,35.0,0.9714285714285714,1156.0,3136.0,0,1,1,0,0,0,1,0.0,0.0,34.0,29
OCO,Alpine,57.0,0 days 00:01:32.467000,0 days 00:00:31.245000,0 days 00:00:35.296000,0 days 00:00:25.926000,HARD,35.0,2.0,,,1,10.0,False,2024,Miami,R,92.467,31.245,35.296,25.926,93.585,1.117999999999995,93.041,-0.5739999999999981,-1.117999999999995,95.887,94.481,1.406000000000006,57.0,1.0,35.0,1.0,1225.0,3249.0,0,1,1,0,0,0,1,0.0,0.0,35.0,29
PER,Red Bull Racing,1.0,0 days 00:01:38.282000,,0 days 00:00:35.815000,0 days 00:00:25.988000,MEDIUM,1.0,1.0,,,1,5.0,False,2024,Miami,R,98.282,,35.815,25.988,92.645,5.6370000000000005,98.282,0.0,5.6370000000000005,98.342,98.342,0.0,57.0,0.017543859649122806,16.0,0.0625,1.0,1.0,1,0,0,1,0,1,0,0.0,1.0,0.0,16
PER,Red Bull Racing,2.0,0 days 00:01:33.181000,0 days 00:00:31.695000,0 days 00:00:35.497000,0 days 00:00:25.989000,MEDIUM,2.0,1.0,,,1,5.0,False,2024,Miami,R,93.181,31.695,35.497,25.989,92.645,0.5360000000000014,98.282,-5.100999999999999,0.5360000000000014,93.301,98.342,-5.040999999999997,57.0,0.03508771929824561,16.0,0.125,4.0,4.0,1,0,0,1,0,1,0,0.0,2.0,0.0,16
PER,Red Bull Racing,3.0,0 days 00:01:33.521000,0 days 00:00:31.821000,0 days 00:00:35.548000,0 days 00:00:26.152000,MEDIUM,3.0,1.0,,,1,5.0,False,2024,Miami,R,93.521,31.821,35.548,26.152,92.645,0.8760000000000048,98.282,-4.760999999999996,0.8760000000000048,93.70100000000001,98.342,-4.640999999999991,57.0,0.05263157894736842,16.0,0.1875,9.0,9.0,1,0,0,1,0,1,0,0.0,3.0,0.0,16
PER,Red Bull Racing,4.0,0 days 00:01:33.425000,0 days 00:00:31.725000,0 days 00:00:35.532000,0 days 00:00:26.168000,MEDIUM,4.0,1.0,,,1,5.0,False,2024,Miami,R,93.425,31.725,35.532,26.168,92.645,0.7800000000000011,98.282,-4.856999999999999,0.7800000000000011,93.66499999999999,98.342,-4.677000000000007,57.0,0.07017543859649122,16.0,0.25,16.0,16.0,1,0,0,1,0,1,0,0.0,4.0,0.0,16
PER,Red Bull Racing,5.0,0 days 00:01:33.318000,0 days 00:00:31.829000,0 days 00:00:35.420000,0 days 00:00:26.069000,MEDIUM,5.0,1.0,,,1,5.0,False,2024,Miami,R,93.318,31.829,35.42,26.069,92.645,0.6730000000000018,98.282,-4.963999999999999,0.6730000000000018,93.618,98.342,-4.724000000000004,57.0,0.08771929824561403,16.0,0.3125,25.0,25.0,1,0,0,1,0,1,0,0.0,5.0,0.0,16
PER,Red Bull Racing,6.0,0 days 00:01:33.198000,0 days 00:00:31.696000,0 days 00:00:35.537000,0 days 00:00:25.965000,MEDIUM,6.0,1.0,,,1,5.0,False,2024,Miami,R,93.198,31.696,35.537,25.965,92.645,0.5529999999999973,98.282,-5.084000000000003,0.5529999999999973,93.55799999999999,98.342,-4.784000000000006,57.0,0.10526315789473684,16.0,0.375,36.0,36.0,1,0,0,1,0,1,0,0.0,6.0,0.0,16
PER,Red Bull Racing,7.0,0 days 00:01:33.175000,0 days 00:00:31.579000,0 days 00:00:35.546000,0 days 00:00:26.050000,MEDIUM,7.0,1.0,,,1,5.0,False,2024,Miami,R,93.175,31.579,35.546,26.05,92.645,0.5300000000000011,98.282,-5.106999999999999,0.5300000000000011,93.595,98.342,-4.747,57.0,0.12280701754385964,16.0,0.4375,49.0,49.0,1,0,0,1,0,1,0,0.0,7.0,0.0,16
PER,Red Bull Racing,8.0,0 days 00:01:33.147000,0 days 00:00:31.845000,0 days 00:00:35.375000,0 days 00:00:25.927000,MEDIUM,8.0,1.0,,,1,5.0,False,2024,Miami,R,93.147,31.845,35.375,25.927,92.645,0.5020000000000095,98.282,-5.134999999999991,0.5020000000000095,93.62700000000001,98.342,-4.714999999999989,57.0,0.14035087719298245,16.0,0.5,64.0,64.0,1,0,0,1,0,1,0,0.0,8.0,0.0,16
PER,Red Bull Racing,9.0,0 days 00:01:33.490000,0 days 00:00:31.967000,0 days 00:00:35.492000,0 days 00:00:26.031000,MEDIUM,9.0,1.0,,,1,5.0,False,2024,Miami,R,93.49,31.967,35.492,26.031,92.645,0.8449999999999989,98.282,-4.792000000000002,0.8449999999999989,94.03,98.342,-4.311999999999998,57.0,0.15789473684210525,16.0,0.5625,81.0,81.0,1,0,0,1,0,1,0,0.0,9.0,0.0,16
PER,Red Bull Racing,10.0,0 days 00:01:33.579000,0 days 00:00:31.952000,0 days 00:00:35.658000,0 days 00:00:25.969000,MEDIUM,10.0,1.0,,,1,5.0,False,2024,Miami,R,93.579,31.952,35.658,25.969,92.645,0.9339999999999975,98.282,-4.703000000000003,0.9339999999999975,94.17899999999999,98.342,-4.163000000000011,57.0,0.17543859649122806,16.0,0.625,100.0,100.0,1,0,0,1,0,1,0,0.0,10.0,0.0,16
PER,Red Bull Racing,11.0,0 days 00:01:33.532000,0 days 00:00:31.769000,0 days 00:00:35.672000,0 days 00:00:26.091000,MEDIUM,11.0,1.0,,,1,5.0,False,2024,Miami,R,93.532,31.769,35.672,26.091,92.645,0.8870000000000005,98.282,-4.75,0.8870000000000005,94.192,98.342,-4.150000000000006,57.0,0.19298245614035087,16.0,0.6875,121.0,121.0,1,0,0,1,0,1,0,0.0,11.0,0.0,16
PER,Red Bull Racing,12.0,0 days 00:01:33.755000,0 days 00:00:31.911000,0 days 00:00:35.596000,0 days 00:00:26.248000,MEDIUM,12.0,1.0,,,1,5.0,False,2024,Miami,R,93.755,31.911,35.596,26.248,92.645,1.1099999999999994,98.282,-4.527000000000001,1.1099999999999994,94.475,98.342,-3.8670000000000044,57.0,0.21052631578947367,16.0,0.75,144.0,144.0,1,0,0,1,0,1,0,0.0,12.0,0.0,16
PER,Red Bull Racing,13.0,0 days 00:01:33.971000,0 days 00:00:31.964000,0 days 00:00:35.848000,0 days 00:00:26.159000,MEDIUM,13.0,1.0,,,1,5.0,False,2024,Miami,R,93.971,31.964,35.848,26.159,92.645,1.3260000000000076,98.282,-4.310999999999993,1.3260000000000076,94.751,98.342,-3.590999999999994,57.0,0.22807017543859648,16.0,0.8125,169.0,169.0,1,0,0,1,0,1,0,0.0,13.0,0.0,16
PER,Red Bull Racing,14.0,0 days 00:01:33.832000,0 days 00:00:31.882000,0 days 00:00:35.804000,0 days 00:00:26.146000,MEDIUM,14.0,1.0,,,1,5.0,False,2024,Miami,R,93.832,31.882,35.804,26.146,92.645,1.1869999999999976,98.282,-4.450000000000003,1.1869999999999976,94.672,98.342,-3.6700000000000017,57.0,0.24561403508771928,16.0,0.875,196.0,196.0,1,0,0,1,0,1,0,0.0,14.0,0.0,16
PER,Red Bull Racing,15.0,0 days 00:01:33.337000,0 days 00:00:31.567000,0 days 00:00:35.705000,0 days 00:00:26.065000,MEDIUM,15.0,1.0,,,1,5.0,False,2024,Miami,R,93.337,31.567,35.705,26.065,92.645,0.6920000000000073,98.282,-4.944999999999993,0.6920000000000073,94.23700000000001,98.342,-4.10499999999999,57.0,0.2631578947368421,16.0,0.9375,225.0,225.0,1,0,0,1,0,1,0,0.0,15.0,0.0,16
PER,Red Bull Racing,16.0,0 days 00:01:33.174000,0 days 00:00:31.535000,0 days 00:00:35.654000,0 days 00:00:25.985000,MEDIUM,16.0,1.0,,,1,5.0,False,2024,Miami,R,93.174,31.535,35.654,25.985,92.645,0.5290000000000106,98.282,-5.10799999999999,0.5290000000000106,94.134,98.342,-4.207999999999998,57.0,0.2807017543859649,16.0,1.0,256.0,256.0,1,0,0,1,0,1,0,0.0,16.0,0.0,16
PER,Red Bull Racing,19.0,0 days 00:01:33.159000,0 days 00:00:31.811000,0 days 00:00:35.446000,0 days 00:00:25.902000,HARD,2.0,2.0,,,1,9.0,False,2024,Miami,R,93.159,31.811,35.446,25.902,92.645,0.51400000000001,93.159,0.0,0.51400000000001,94.299,94.299,0.0,57.0,0.3333333333333333,10.0,0.2,4.0,361.0,0,1,0,0,0,0,1,0.0,0.0,2.0,8
PER,Red Bull Racing,20.0,0 days 00:01:33.069000,0 days 00:00:31.843000,0 days 00:00:35.316000,0 days 00:00:25.910000,HARD,3.0,2.0,,,1,9.0,False,2024,Miami,R,93.069,31.843,35.316,25.91,92.645,0.4240000000000066,93.159,-0.09000000000000341,0.4240000000000066,94.269,94.299,-0.030000000000001137,57.0,0.3508771929824561,10.0,0.3,9.0,400.0,0,1,0,0,0,0,1,0.0,0.0,3.0,8
PER,Red Bull Racing,21.0,0 days 00:01:32.753000,0 days 00:00:31.382000,0 days 00:00:35.473000,0 days 00:00:25.898000,HARD,4.0,2.0,,,1,9.0,False,2024,Miami,R,92.753,31.382,35.473,25.898,92.645,0.10800000000000409,93.159,-0.4060000000000059,0.10800000000000409,94.013,94.299,-0.28600000000000136,57.0,0.3684210526315789,10.0,0.4,16.0,441.0,0,1,0,0,0,0,1,0.0,0.0,4.0,8
PER,Red Bull Racing,22.0,0 days 00:01:32.852000,0 days 00:00:31.438000,0 days 00:00:35.269000,0 days 00:00:26.145000,HARD,5.0,2.0,,,16,9.0,False,2024,Miami,R,92.852,31.438,35.269,26.145,92.645,0.20700000000000784,93.159,-0.30700000000000216,0.20700000000000784,94.172,94.299,-0.12700000000000955,57.0,0.38596491228070173,10.0,0.5,25.0,484.0,0,1,0,0,0,0,1,0.0,0.0,5.0,8
PER,Red Bull Racing,24.0,0 days 00:01:32.386000,0 days 00:00:31.391000,0 days 00:00:35.199000,0 days 00:00:25.796000,HARD,7.0,2.0,,,1,7.0,False,2024,Miami,R,92.386,31.391,35.199,25.796,92.645,0.25900000000000034,93.159,-0.7730000000000103,-0.25900000000000034,93.826,94.299,-0.4730000000000132,57.0,0.42105263157894735,10.0,0.7,49.0,576.0,0,1,0,0,0,0,1,0.0,0.0,7.0,8
PER,Red Bull Racing,25.0,0 days 00:01:32.763000,0 days 00:00:31.302000,0 days 00:00:35.540000,0 days 00:00:25.921000,HARD,8.0,2.0,,,1,7.0,False,2024,Miami,R,92.763,31.302,35.54,25.921,92.645,0.11800000000000921,93.159,-0.3960000000000008,0.11800000000000921,94.263,94.299,-0.036000000000001364,57.0,0.43859649122807015,10.0,0.8,64.0,625.0,0,1,0,0,0,0,1,0.0,0.0,8.0,8
PER,Red Bull Racing,26.0,0 days 00:01:32.512000,0 days 00:00:31.119000,0 days 00:00:35.359000,0 days 00:00:26.034000,HARD,9.0,2.0,,,1,6.0,False,2024,Miami,R,92.512,31.119,35.359,26.034,92.645,0.13299999999999557,93.159,-0.6470000000000056,-0.13299999999999557,94.072,94.299,-0.22700000000000387,57.0,0.45614035087719296,10.0,0.9,81.0,676.0,0,1,0,0,0,0,1,0.0,0.0,9.0,8
PER,Red Bull Racing,27.0,0 days 00:01:32.161000,0 days 00:00:31.079000,0 days 00:00:35.219000,0 days 00:00:25.863000,HARD,10.0,2.0,,,1,6.0,False,2024,Miami,R,92.161,31.079,35.219,25.863,92.645,0.48399999999999466,93.159,-0.9980000000000047,-0.48399999999999466,93.781,94.299,-0.5180000000000007,57.0,0.47368421052631576,10.0,1.0,100.0,729.0,0,1,0,0,0,0,1,0.0,0.0,10.0,8
PER,Red Bull Racing,33.0,0 days 00:01:33.589000,0 days 00:00:32.382000,0 days 00:00:35.357000,0 days 00:00:25.850000,MEDIUM,10.0,3.0,,,1,6.0,False,2024,Miami,R,93.589,32.382,35.357,25.85,92.645,0.9440000000000026,93.589,0.0,0.9440000000000026,95.569,95.569,0.0,57.0,0.5789473684210527,34.0,0.29411764705882354,100.0,1089.0,0,0,0,0,0,1,0,0.0,10.0,0.0,25
PER,Red Bull Racing,34.0,0 days 00:01:32.188000,0 days 00:00:31.582000,0 days 00:00:34.963000,0 days 00:00:25.643000,MEDIUM,11.0,3.0,,,1,6.0,False,2024,Miami,R,92.188,31.582,34.963,25.643,92.645,0.45699999999999363,93.589,-1.4009999999999962,-0.45699999999999363,94.22800000000001,95.569,-1.340999999999994,57.0,0.5964912280701754,34.0,0.3235294117647059,121.0,1156.0,0,0,0,0,0,1,0,0.0,11.0,0.0,25
PER,Red Bull Racing,35.0,0 days 00:01:31.589000,0 days 00:00:31.285000,0 days 00:00:34.769000,0 days 00:00:25.535000,MEDIUM,12.0,3.0,,,1,6.0,False,2024,Miami,R,91.589,31.285,34.769,25.535,92.645,1.0559999999999974,93.589,-2.0,-1.0559999999999974,93.689,95.569,-1.8800000000000097,57.0,0.6140350877192983,34.0,0.35294117647058826,144.0,1225.0,0,0,0,0,0,1,0,0.0,12.0,0.0,25
PER,Red Bull Racing,36.0,0 days 00:01:32.184000,0 days 00:00:31.281000,0 days 00:00:35.294000,0 days 00:00:25.609000,MEDIUM,13.0,3.0,,,1,6.0,False,2024,Miami,R,92.184,31.281,35.294,25.609,92.645,0.4609999999999985,93.589,-1.4050000000000011,-0.4609999999999985,94.344,95.569,-1.2250000000000085,57.0,0.631578947368421,34.0,0.38235294117647056,169.0,1296.0,0,0,0,0,0,1,0,0.0,13.0,0.0,25
PER,Red Bull Racing,37.0,0 days 00:01:32.553000,0 days 00:00:31.447000,0 days 00:00:35.271000,0 days 00:00:25.835000,MEDIUM,14.0,3.0,,,1,6.0,False,2024,Miami,R,92.553,31.447,35.271,25.835,92.645,0.09199999999999875,93.589,-1.0360000000000014,-0.09199999999999875,94.773,95.569,-0.7960000000000065,57.0,0.6491228070175439,34.0,0.4117647058823529,196.0,1369.0,0,0,0,0,0,1,0,0.0,14.0,0.0,25
PER,Red Bull Racing,38.0,0 days 00:01:31.664000,0 days 00:00:31.050000,0 days 00:00:34.859000,0 days 00:00:25.755000,MEDIUM,15.0,3.0,,,1,6.0,False,2024,Miami,R,91.664,31.05,34.859,25.755,92.645,0.9809999999999945,93.589,-1.9249999999999972,-0.9809999999999945,93.944,95.569,-1.625,57.0,0.6666666666666666,34.0,0.4411764705882353,225.0,1444.0,0,0,1,0,0,1,0,0.0,15.0,0.0,25
PER,Red Bull Racing,39.0,0 days 00:01:32.195000,0 days 00:00:31.292000,0 days 00:00:35.183000,0 days 00:00:25.720000,MEDIUM,16.0,3.0,,,1,6.0,False,2024,Miami,R,92.195,31.292,35.183,25.72,92.645,0.45000000000000284,93.589,-1.3940000000000055,-0.45000000000000284,94.535,95.569,-1.034000000000006,57.0,0.6842105263157895,34.0,0.47058823529411764,256.0,1521.0,0,0,1,0,0,1,0,0.0,16.0,0.0,25
PER,Red Bull Racing,40.0,0 days 00:01:32.645000,0 days 00:00:32.009000,0 days 00:00:34.848000,0 days 00:00:25.788000,MEDIUM,17.0,3.0,,,1,5.0,False,2024,Miami,R,92.645,32.009,34.848,25.788,92.645,0.0,93.589,-0.9440000000000026,0.0,95.045,95.569,-0.5240000000000009,57.0,0.7017543859649122,34.0,0.5,289.0,1600.0,0,0,1,0,0,1,0,0.0,17.0,0.0,25
PER,Red Bull Racing,41.0,0 days 00:01:32.137000,0 days 00:00:30.994000,0 days 00:00:35.311000,0 days 00:00:25.832000,MEDIUM,18.0,3.0,,,1,5.0,False,2024,Miami,R,92.137,30.994,35.311,25.832,92.645,0.5079999999999956,93.589,-1.4519999999999982,-0.5079999999999956,94.597,95.569,-0.9720000000000084,57.0,0.7192982456140351,34.0,0.5294117647058824,324.0,1681.0,0,0,1,0,0,1,0,0.0,18.0,0.0,25
PER,Red Bull Racing,42.0,0 days 00:01:31.513000,0 days 00:00:30.890000,0 days 00:00:34.929000,0 days 00:00:25.694000,MEDIUM,19.0,3.0,,,1,5.0,False,2024,Miami,R,91.513,30.89,34.929,25.694,92.645,1.1319999999999908,93.589,-2.0759999999999934,-1.1319999999999908,94.033,95.569,-1.5360000000000014,57.0,0.7368421052631579,34.0,0.5588235294117647,361.0,1764.0,0,0,1,0,0,1,0,0.0,19.0,0.0,25
PER,Red Bull Racing,43.0,0 days 00:01:31.405000,0 days 00:00:30.803000,0 days 00:00:34.937000,0 days 00:00:25.665000,MEDIUM,20.0,3.0,,,1,5.0,False,2024,Miami,R,91.405,30.803,34.937,25.665,92.645,1.2399999999999949,93.589,-2.1839999999999975,-1.2399999999999949,93.985,95.569,-1.5840000000000032,57.0,0.7543859649122807,34.0,0.5882352941176471,400.0,1849.0,0,0,1,0,0,1,0,0.0,20.0,0.0,25
PER,Red Bull Racing,44.0,0 days 00:01:31.509000,0 days 00:00:30.729000,0 days 00:00:35.039000,0 days 00:00:25.741000,MEDIUM,21.0,3.0,,,1,5.0,False,2024,Miami,R,91.509,30.729,35.039,25.741,92.645,1.1359999999999957,93.589,-2.0799999999999983,-1.1359999999999957,94.149,95.569,-1.4200000000000017,57.0,0.7719298245614035,34.0,0.6176470588235294,441.0,1936.0,0,0,1,0,0,1,0,0.0,21.0,0.0,25
PER,Red Bull Racing,45.0,0 days 00:01:31.532000,0 days 00:00:30.864000,0 days 00:00:35.058000,0 days 00:00:25.610000,MEDIUM,22.0,3.0,,,1,5.0,False,2024,Miami,R,91.532,30.864,35.058,25.61,92.645,1.1129999999999995,93.589,-2.057000000000002,-1.1129999999999995,94.232,95.569,-1.3370000000000033,57.0,0.7894736842105263,34.0,0.6470588235294118,484.0,2025.0,0,0,1,0,0,1,0,0.0,22.0,0.0,25
PER,Red Bull Racing,46.0,0 days 00:01:31.681000,0 days 00:00:30.825000,0 days 00:00:35.142000,0 days 00:00:25.714000,MEDIUM,23.0,3.0,,,1,5.0,False,2024,Miami,R,91.681,30.825,35.142,25.714,92.645,0.9639999999999986,93.589,-1.9080000000000013,-0.9639999999999986,94.441,95.569,-1.1280000000000001,57.0,0.8070175438596491,34.0,0.6764705882352942,529.0,2116.0,0,0,1,0,0,1,0,0.0,23.0,0.0,25
PER,Red Bull Racing,47.0,0 days 00:01:31.369000,0 days 00:00:30.732000,0 days 00:00:34.991000,0 days 00:00:25.646000,MEDIUM,24.0,3.0,,,1,5.0,False,2024,Miami,R,91.369,30.732,34.991,25.646,92.645,1.2759999999999962,93.589,-2.219999999999999,-1.2759999999999962,94.189,95.569,-1.3800000000000097,57.0,0.8245614035087719,34.0,0.7058823529411765,576.0,2209.0,0,0,1,0,0,1,0,0.0,24.0,0.0,25
PER,Red Bull Racing,48.0,0 days 00:01:31.549000,0 days 00:00:30.750000,0 days 00:00:35.140000,0 days 00:00:25.659000,MEDIUM,25.0,3.0,,,1,5.0,False,2024,Miami,R,91.549,30.75,35.14,25.659,92.645,1.0959999999999894,93.589,-2.039999999999992,-1.0959999999999894,94.429,95.569,-1.1400000000000006,57.0,0.8421052631578947,34.0,0.7352941176470589,625.0,2304.0,0,0,1,0,0,1,0,0.0,25.0,0.0,25
PER,Red Bull Racing,49.0,0 days 00:01:31.396000,0 days 00:00:30.732000,0 days 00:00:34.959000,0 days 00:00:25.705000,MEDIUM,26.0,3.0,,,1,5.0,False,2024,Miami,R,91.396,30.732,34.959,25.705,92.645,1.2489999999999952,93.589,-2.192999999999998,-1.2489999999999952,94.336,95.569,-1.233000000000004,57.0,0.8596491228070176,34.0,0.7647058823529411,676.0,2401.0,0,0,1,0,0,1,0,0.0,26.0,0.0,25
PER,Red Bull Racing,50.0,0 days 00:01:31.735000,0 days 00:00:30.746000,0 days 00:00:35.265000,0 days 00:00:25.724000,MEDIUM,27.0,3.0,,,1,5.0,False,2024,Miami,R,91.735,30.746,35.265,25.724,92.645,0.9099999999999966,93.589,-1.8539999999999992,-0.9099999999999966,94.735,95.569,-0.8340000000000032,57.0,0.8771929824561403,34.0,0.7941176470588235,729.0,2500.0,0,0,1,0,0,1,0,0.0,27.0,0.0,25
PER,Red Bull Racing,51.0,0 days 00:01:31.519000,0 days 00:00:30.706000,0 days 00:00:35.093000,0 days 00:00:25.720000,MEDIUM,28.0,3.0,,,1,5.0,False,2024,Miami,R,91.519,30.706,35.093,25.72,92.645,1.1259999999999906,93.589,-2.069999999999993,-1.1259999999999906,94.57900000000001,95.569,-0.9899999999999949,57.0,0.8947368421052632,34.0,0.8235294117647058,784.0,2601.0,0,0,1,0,0,1,0,0.0,28.0,0.0,25
PER,Red Bull Racing,52.0,0 days 00:01:31.530000,0 days 00:00:30.739000,0 days 00:00:35.169000,0 days 00:00:25.622000,MEDIUM,29.0,3.0,,,1,5.0,False,2024,Miami,R,91.53,30.739,35.169,25.622,92.645,1.1149999999999949,93.589,-2.0589999999999975,-1.1149999999999949,94.65,95.569,-0.9189999999999969,57.0,0.9122807017543859,34.0,0.8529411764705882,841.0,2704.0,0,0,1,0,0,1,0,0.0,29.0,0.0,25
PER,Red Bull Racing,53.0,0 days 00:01:31.316000,0 days 00:00:30.534000,0 days 00:00:35.149000,0 days 00:00:25.633000,MEDIUM,30.0,3.0,,,1,5.0,False,2024,Miami,R,91.316,30.534,35.149,25.633,92.645,1.3289999999999935,93.589,-2.272999999999996,-1.3289999999999935,94.49600000000001,95.569,-1.0729999999999933,57.0,0.9298245614035088,34.0,0.8823529411764706,900.0,2809.0,0,0,1,0,0,1,0,0.0,30.0,0.0,25
PER,Red Bull Racing,54.0,0 days 00:01:31.178000,0 days 00:00:30.488000,0 days 00:00:35.035000,0 days 00:00:25.655000,MEDIUM,31.0,3.0,,,1,5.0,False,2024,Miami,R,91.178,30.488,35.035,25.655,92.645,1.4669999999999987,93.589,-2.4110000000000014,-1.4669999999999987,94.41799999999999,95.569,-1.1510000000000105,57.0,0.9473684210526315,34.0,0.9117647058823529,961.0,2916.0,0,0,1,0,0,1,0,0.0,31.0,0.0,25
PER,Red Bull Racing,55.0,0 days 00:01:30.855000,0 days 00:00:30.505000,0 days 00:00:34.766000,0 days 00:00:25.584000,MEDIUM,32.0,3.0,,,1,5.0,False,2024,Miami,R,90.855,30.505,34.766,25.584,92.645,1.789999999999992,93.589,-2.7339999999999947,-1.789999999999992,94.155,95.569,-1.4140000000000015,57.0,0.9649122807017544,34.0,0.9411764705882353,1024.0,3025.0,0,0,1,0,0,1,0,0.0,32.0,0.0,25
PER,Red Bull Racing,56.0,0 days 00:01:31.294000,0 days 00:00:30.620000,0 days 00:00:35.024000,0 days 00:00:25.650000,MEDIUM,33.0,3.0,,,1,5.0,False,2024,Miami,R,91.294,30.62,35.024,25.65,92.645,1.350999999999999,93.589,-2.2950000000000017,-1.350999999999999,94.654,95.569,-0.9150000000000063,57.0,0.9824561403508771,34.0,0.9705882352941176,1089.0,3136.0,0,0,1,0,0,1,0,0.0,33.0,0.0,25
PER,Red Bull Racing,57.0,0 days 00:01:31.223000,0 days 00:00:30.624000,0 days 00:00:34.871000,0 days 00:00:25.728000,MEDIUM,34.0,3.0,,,1,5.0,False,2024,Miami,R,91.223,30.624,34.871,25.728,92.645,1.421999999999997,93.589,-2.3659999999999997,-1.421999999999997,94.643,95.569,-0.9260000000000019,57.0,1.0,34.0,1.0,1156.0,3249.0,0,0,1,0,0,1,0,0.0,34.0,0.0,25
PIA,McLaren,1.0,0 days 00:01:36.848000,,0 days 00:00:35.653000,0 days 00:00:26.096000,MEDIUM,1.0,1.0,,,1,3.0,False,2024,Miami,R,96.848,,35.653,26.096,92.776,4.072000000000003,96.848,0.0,4.072000000000003,96.908,96.908,0.0,57.0,0.017543859649122806,26.0,0.038461538461538464,1.0,1.0,1,0,0,1,0,1,0,0.0,1.0,0.0,25
PIA,McLaren,2.0,0 days 00:01:32.827000,0 days 00:00:31.390000,0 days 00:00:35.450000,0 days 00:00:25.987000,MEDIUM,2.0,1.0,,,1,3.0,False,2024,Miami,R,92.827,31.39,35.45,25.987,92.776,0.05100000000000193,96.848,-4.021000000000001,0.05100000000000193,92.947,96.908,-3.9609999999999985,57.0,0.03508771929824561,26.0,0.07692307692307693,4.0,4.0,1,0,0,1,0,1,0,0.0,2.0,0.0,25
PIA,McLaren,3.0,0 days 00:01:33.063000,0 days 00:00:31.681000,0 days 00:00:35.488000,0 days 00:00:25.894000,MEDIUM,3.0,1.0,,,1,3.0,False,2024,Miami,R,93.063,31.681,35.488,25.894,92.776,0.28700000000000614,96.848,-3.7849999999999966,0.28700000000000614,93.24300000000001,96.908,-3.664999999999992,57.0,0.05263157894736842,26.0,0.11538461538461539,9.0,9.0,1,0,0,1,0,1,0,0.0,3.0,0.0,25
PIA,McLaren,4.0,0 days 00:01:33.119000,0 days 00:00:31.769000,0 days 00:00:35.564000,0 days 00:00:25.786000,MEDIUM,4.0,1.0,,,1,2.0,False,2024,Miami,R,93.119,31.769,35.564,25.786,92.776,0.3430000000000035,96.848,-3.728999999999999,0.3430000000000035,93.359,96.908,-3.5490000000000066,57.0,0.07017543859649122,26.0,0.15384615384615385,16.0,16.0,1,0,0,1,0,1,0,0.0,4.0,0.0,25
PIA,McLaren,5.0,0 days 00:01:33.321000,0 days 00:00:31.562000,0 days 00:00:35.549000,0 days 00:00:26.210000,MEDIUM,5.0,1.0,,,1,2.0,False,2024,Miami,R,93.321,31.562,35.549,26.21,92.776,0.5450000000000017,96.848,-3.527000000000001,0.5450000000000017,93.621,96.908,-3.287000000000006,57.0,0.08771929824561403,26.0,0.19230769230769232,25.0,25.0,1,0,0,1,0,1,0,0.0,5.0,0.0,25
PIA,McLaren,6.0,0 days 00:01:32.878000,0 days 00:00:31.305000,0 days 00:00:35.473000,0 days 00:00:26.100000,MEDIUM,6.0,1.0,,,1,2.0,False,2024,Miami,R,92.878,31.305,35.473,26.1,92.776,0.10200000000000387,96.848,-3.969999999999999,0.10200000000000387,93.238,96.908,-3.6700000000000017,57.0,0.10526315789473684,26.0,0.23076923076923078,36.0,36.0,1,0,0,1,0,1,0,0.0,6.0,0.0,25
PIA,McLaren,7.0,0 days 00:01:33.355000,0 days 00:00:31.580000,0 days 00:00:35.566000,0 days 00:00:26.209000,MEDIUM,7.0,1.0,,,1,2.0,False,2024,Miami,R,93.355,31.58,35.566,26.209,92.776,0.5790000000000077,96.848,-3.492999999999995,0.5790000000000077,93.775,96.908,-3.1329999999999956,57.0,0.12280701754385964,26.0,0.2692307692307692,49.0,49.0,1,0,0,1,0,1,0,0.0,7.0,0.0,25
PIA,McLaren,8.0,0 days 00:01:33.067000,0 days 00:00:31.606000,0 days 00:00:35.402000,0 days 00:00:26.059000,MEDIUM,8.0,1.0,,,1,2.0,False,2024,Miami,R,93.067,31.606,35.402,26.059,92.776,0.2909999999999968,96.848,-3.781000000000006,0.2909999999999968,93.547,96.908,-3.361000000000004,57.0,0.14035087719298245,26.0,0.3076923076923077,64.0,64.0,1,0,0,1,0,1,0,0.0,8.0,0.0,25
PIA,McLaren,9.0,0 days 00:01:33.092000,0 days 00:00:31.727000,0 days 00:00:35.312000,0 days 00:00:26.053000,MEDIUM,9.0,1.0,,,1,2.0,False,2024,Miami,R,93.092,31.727,35.312,26.053,92.776,0.3160000000000025,96.848,-3.7560000000000002,0.3160000000000025,93.632,96.908,-3.2759999999999962,57.0,0.15789473684210525,26.0,0.34615384615384615,81.0,81.0,1,0,0,1,0,1,0,0.0,9.0,0.0,25
PIA,McLaren,10.0,0 days 00:01:33.592000,0 days 00:00:31.799000,0 days 00:00:35.626000,0 days 00:00:26.167000,MEDIUM,10.0,1.0,,,1,2.0,False,2024,Miami,R,93.592,31.799,35.626,26.167,92.776,0.8160000000000025,96.848,-3.2560000000000002,0.8160000000000025,94.192,96.908,-2.716000000000008,57.0,0.17543859649122806,26.0,0.38461538461538464,100.0,100.0,1,0,0,1,0,1,0,0.0,10.0,0.0,25
PIA,McLaren,11.0,0 days 00:01:33.262000,0 days 00:00:31.478000,0 days 00:00:35.619000,0 days 00:00:26.165000,MEDIUM,11.0,1.0,,,1,2.0,False,2024,Miami,R,93.262,31.478,35.619,26.165,92.776,0.4860000000000042,96.848,-3.5859999999999985,0.4860000000000042,93.922,96.908,-2.986000000000004,57.0,0.19298245614035087,26.0,0.4230769230769231,121.0,121.0,1,0,0,1,0,1,0,0.0,11.0,0.0,25
PIA,McLaren,12.0,0 days 00:01:33.083000,0 days 00:00:31.522000,0 days 00:00:35.448000,0 days 00:00:26.113000,MEDIUM,12.0,1.0,,,1,2.0,False,2024,Miami,R,93.083,31.522,35.448,26.113,92.776,0.30700000000000216,96.848,-3.7650000000000006,0.30700000000000216,93.803,96.908,-3.105000000000004,57.0,0.21052631578947367,26.0,0.46153846153846156,144.0,144.0,1,0,0,1,0,1,0,0.0,12.0,0.0,25
PIA,McLaren,13.0,0 days 00:01:33.162000,0 days 00:00:31.560000,0 days 00:00:35.520000,0 days 00:00:26.082000,MEDIUM,13.0,1.0,,,1,2.0,False,2024,Miami,R,93.162,31.56,35.52,26.082,92.776,0.3860000000000099,96.848,-3.685999999999993,0.3860000000000099,93.94200000000001,96.908,-2.965999999999994,57.0,0.22807017543859648,26.0,0.5,169.0,169.0,1,0,0,1,0,1,0,0.0,13.0,0.0,25
PIA,McLaren,14.0,0 days 00:01:33.183000,0 days 00:00:31.586000,0 days 00:00:35.508000,0 days 00:00:26.089000,MEDIUM,14.0,1.0,,,1,2.0,False,2024,Miami,R,93.183,31.586,35.508,26.089,92.776,0.4070000000000107,96.848,-3.664999999999992,0.4070000000000107,94.02300000000001,96.908,-2.884999999999991,57.0,0.24561403508771928,26.0,0.5384615384615384,196.0,196.0,1,0,0,1,0,1,0,0.0,14.0,0.0,25
PIA,McLaren,15.0,0 days 00:01:32.767000,0 days 00:00:31.299000,0 days 00:00:35.349000,0 days 00:00:26.119000,MEDIUM,15.0,1.0,,,1,2.0,False,2024,Miami,R,92.767,31.299,35.349,26.119,92.776,0.009000000000000341,96.848,-4.081000000000003,-0.009000000000000341,93.667,96.908,-3.2409999999999997,57.0,0.2631578947368421,26.0,0.5769230769230769,225.0,225.0,1,0,0,1,0,1,0,0.0,15.0,0.0,25
PIA,McLaren,16.0,0 days 00:01:32.785000,0 days 00:00:31.448000,0 days 00:00:35.317000,0 days 00:00:26.020000,MEDIUM,16.0,1.0,,,1,2.0,False,2024,Miami,R,92.785,31.448,35.317,26.02,92.776,0.009000000000000341,96.848,-4.063000000000002,0.009000000000000341,93.74499999999999,96.908,-3.163000000000011,57.0,0.2807017543859649,26.0,0.6153846153846154,256.0,256.0,1,0,0,1,0,1,0,0.0,16.0,0.0,25
PIA,McLaren,17.0,0 days 00:01:33.084000,0 days 00:00:31.562000,0 days 00:00:35.451000,0 days 00:00:26.071000,MEDIUM,17.0,1.0,,,1,2.0,False,2024,Miami,R,93.084,31.562,35.451,26.071,92.776,0.30800000000000693,96.848,-3.763999999999996,0.30800000000000693,94.104,96.908,-2.804000000000002,57.0,0.2982456140350877,26.0,0.6538461538461539,289.0,289.0,1,0,0,1,0,1,0,0.0,17.0,0.0,25
PIA,McLaren,18.0,0 days 00:01:32.975000,0 days 00:00:31.345000,0 days 00:00:35.499000,0 days 00:00:26.131000,MEDIUM,18.0,1.0,,,1,2.0,False,2024,Miami,R,92.975,31.345,35.499,26.131,92.776,0.19899999999999807,96.848,-3.8730000000000047,0.19899999999999807,94.05499999999999,96.908,-2.8530000000000086,57.0,0.3157894736842105,26.0,0.6923076923076923,324.0,324.0,1,0,0,1,0,1,0,0.0,18.0,0.0,25
PIA,McLaren,19.0,0 days 00:01:33.109000,0 days 00:00:31.472000,0 days 00:00:35.525000,0 days 00:00:26.112000,MEDIUM,19.0,1.0,,,1,2.0,False,2024,Miami,R,93.109,31.472,35.525,26.112,92.776,0.3329999999999984,96.848,-3.7390000000000043,0.3329999999999984,94.249,96.908,-2.659000000000006,57.0,0.3333333333333333,26.0,0.7307692307692307,361.0,361.0,1,0,0,0,0,1,0,0.0,19.0,0.0,25
PIA,McLaren,20.0,0 days 00:01:32.630000,0 days 00:00:31.173000,0 days 00:00:35.433000,0 days 00:00:26.024000,MEDIUM,20.0,1.0,,,1,2.0,False,2024,Miami,R,92.63,31.173,35.433,26.024,92.776,0.1460000000000008,96.848,-4.2180000000000035,-0.1460000000000008,93.83,96.908,-3.078000000000003,57.0,0.3508771929824561,26.0,0.7692307692307693,400.0,400.0,1,0,0,0,0,1,0,0.0,20.0,0.0,25
PIA,McLaren,21.0,0 days 00:01:32.930000,0 days 00:00:31.343000,0 days 00:00:35.538000,0 days 00:00:26.049000,MEDIUM,21.0,1.0,,,1,2.0,False,2024,Miami,R,92.93,31.343,35.538,26.049,92.776,0.15400000000001057,96.848,-3.917999999999992,0.15400000000001057,94.19000000000001,96.908,-2.7179999999999893,57.0,0.3684210526315789,26.0,0.8076923076923077,441.0,441.0,1,0,0,0,0,1,0,0.0,21.0,0.0,25
PIA,McLaren,22.0,0 days 00:01:32.716000,0 days 00:00:31.397000,0 days 00:00:35.265000,0 days 00:00:26.054000,MEDIUM,22.0,1.0,,,1,2.0,False,2024,Miami,R,92.716,31.397,35.265,26.054,92.776,0.060000000000002274,96.848,-4.132000000000005,-0.060000000000002274,94.03599999999999,96.908,-2.872000000000014,57.0,0.38596491228070173,26.0,0.8461538461538461,484.0,484.0,1,0,0,0,0,1,0,0.0,22.0,0.0,25
PIA,McLaren,24.0,0 days 00:01:32.455000,0 days 00:00:31.012000,0 days 00:00:35.326000,0 days 00:00:26.117000,MEDIUM,24.0,1.0,,,1,1.0,False,2024,Miami,R,92.455,31.012,35.326,26.117,92.776,0.32099999999999795,96.848,-4.393000000000001,-0.32099999999999795,93.895,96.908,-3.0130000000000052,57.0,0.42105263157894735,26.0,0.9230769230769231,576.0,576.0,1,0,0,0,0,1,0,0.0,24.0,0.0,25
PIA,McLaren,25.0,0 days 00:01:32.453000,0 days 00:00:31.003000,0 days 00:00:35.415000,0 days 00:00:26.035000,MEDIUM,25.0,1.0,,,1,1.0,False,2024,Miami,R,92.453,31.003,35.415,26.035,92.776,0.3229999999999933,96.848,-4.394999999999996,-0.3229999999999933,93.953,96.908,-2.9549999999999983,57.0,0.43859649122807015,26.0,0.9615384615384616,625.0,625.0,1,0,0,0,0,1,0,0.0,25.0,0.0,25
PIA,McLaren,26.0,0 days 00:01:32.656000,0 days 00:00:31.202000,0 days 00:00:35.409000,0 days 00:00:26.045000,MEDIUM,26.0,1.0,,,1,1.0,False,2024,Miami,R,92.656,31.202,35.409,26.045,92.776,0.11999999999999034,96.848,-4.191999999999993,-0.11999999999999034,94.21600000000001,96.908,-2.691999999999993,57.0,0.45614035087719296,26.0,1.0,676.0,676.0,1,0,0,0,0,1,0,0.0,26.0,0.0,25
PIA,McLaren,33.0,0 days 00:01:33.248000,0 days 00:00:32.050000,0 days 00:00:35.420000,0 days 00:00:25.778000,HARD,6.0,2.0,,,1,4.0,False,2024,Miami,R,93.248,32.05,35.42,25.778,92.776,0.4720000000000084,93.248,0.0,0.4720000000000084,95.22800000000001,95.22800000000001,0.0,57.0,0.5789473684210527,12.0,0.5,36.0,1089.0,0,1,0,0,0,0,1,0.0,0.0,6.0,7
PIA,McLaren,34.0,0 days 00:01:32.143000,0 days 00:00:31.261000,0 days 00:00:35.147000,0 days 00:00:25.735000,HARD,7.0,2.0,,,1,4.0,False,2024,Miami,R,92.143,31.261,35.147,25.735,92.776,0.6329999999999956,93.248,-1.105000000000004,-0.6329999999999956,94.183,95.22800000000001,-1.0450000000000017,57.0,0.5964912280701754,12.0,0.5833333333333334,49.0,1156.0,0,1,0,0,0,0,1,0.0,0.0,7.0,7
PIA,McLaren,35.0,0 days 00:01:31.372000,0 days 00:00:30.689000,0 days 00:00:34.940000,0 days 00:00:25.743000,HARD,8.0,2.0,,,1,4.0,False,2024,Miami,R,91.372,30.689,34.94,25.743,92.776,1.4039999999999964,93.248,-1.8760000000000048,-1.4039999999999964,93.472,95.22800000000001,-1.7560000000000144,57.0,0.6140350877192983,12.0,0.6666666666666666,64.0,1225.0,0,1,0,0,0,0,1,0.0,0.0,8.0,7
PIA,McLaren,36.0,0 days 00:01:32.202000,0 days 00:00:30.955000,0 days 00:00:35.397000,0 days 00:00:25.850000,HARD,9.0,2.0,,,1,4.0,False,2024,Miami,R,92.202,30.955,35.397,25.85,92.776,0.5739999999999981,93.248,-1.0460000000000065,-0.5739999999999981,94.362,95.22800000000001,-0.8660000000000139,57.0,0.631578947368421,12.0,0.75,81.0,1296.0,0,1,0,0,0,0,1,0.0,0.0,9.0,7
PIA,McLaren,37.0,0 days 00:01:32.035000,0 days 00:00:31.251000,0 days 00:00:34.993000,0 days 00:00:25.791000,HARD,10.0,2.0,,,1,4.0,False,2024,Miami,R,92.035,31.251,34.993,25.791,92.776,0.7409999999999997,93.248,-1.213000000000008,-0.7409999999999997,94.255,95.22800000000001,-0.9730000000000132,57.0,0.6491228070175439,12.0,0.8333333333333334,100.0,1369.0,0,1,0,0,0,0,1,0.0,0.0,10.0,7
PIA,McLaren,38.0,0 days 00:01:31.673000,0 days 00:00:30.798000,0 days 00:00:35.011000,0 days 00:00:25.864000,HARD,11.0,2.0,,,1,4.0,False,2024,Miami,R,91.673,30.798,35.011,25.864,92.776,1.1029999999999944,93.248,-1.5750000000000028,-1.1029999999999944,93.953,95.22800000000001,-1.2750000000000057,57.0,0.6666666666666666,12.0,0.9166666666666666,121.0,1444.0,0,1,1,0,0,0,1,0.0,0.0,11.0,7
PIA,McLaren,39.0,0 days 00:01:32.617000,0 days 00:00:30.880000,0 days 00:00:35.172000,0 days 00:00:26.565000,HARD,12.0,2.0,,,1,5.0,False,2024,Miami,R,92.617,30.88,35.172,26.565,92.776,0.15899999999999181,93.248,-0.6310000000000002,-0.15899999999999181,94.95700000000001,95.22800000000001,-0.2710000000000008,57.0,0.6842105263157895,12.0,1.0,144.0,1521.0,0,1,1,0,0,0,1,0.0,0.0,12.0,7
PIA,McLaren,42.0,0 days 00:01:30.643000,0 days 00:00:30.354000,0 days 00:00:34.628000,0 days 00:00:25.661000,MEDIUM,8.0,3.0,,,1,19.0,False,2024,Miami,R,90.643,30.354,34.628,25.661,92.776,2.1329999999999956,90.643,0.0,-2.1329999999999956,93.163,93.163,0.0,57.0,0.7368421052631579,23.0,0.34782608695652173,64.0,1764.0,0,0,1,0,0,1,0,0.0,8.0,0.0,16
PIA,McLaren,43.0,0 days 00:01:30.634000,0 days 00:00:30.384000,0 days 00:00:34.629000,0 days 00:00:25.621000,MEDIUM,9.0,3.0,,,1,19.0,False,2024,Miami,R,90.634,30.384,34.629,25.621,92.776,2.141999999999996,90.643,-0.009000000000000341,-2.141999999999996,93.214,93.163,0.05100000000000193,57.0,0.7543859649122807,23.0,0.391304347826087,81.0,1849.0,0,0,1,0,0,1,0,0.0,9.0,0.0,16
PIA,McLaren,44.0,0 days 00:01:30.752000,0 days 00:00:30.437000,0 days 00:00:34.610000,0 days 00:00:25.705000,MEDIUM,10.0,3.0,,,1,19.0,False,2024,Miami,R,90.752,30.437,34.61,25.705,92.776,2.024000000000001,90.643,0.10899999999999466,-2.024000000000001,93.392,93.163,0.2289999999999992,57.0,0.7719298245614035,23.0,0.43478260869565216,100.0,1936.0,0,0,1,0,0,1,0,0.0,10.0,0.0,16
PIA,McLaren,45.0,0 days 00:01:31.286000,0 days 00:00:30.569000,0 days 00:00:35.073000,0 days 00:00:25.644000,MEDIUM,11.0,3.0,,,1,19.0,False,2024,Miami,R,91.286,30.569,35.073,25.644,92.776,1.4899999999999949,90.643,0.6430000000000007,-1.4899999999999949,93.986,93.163,0.8230000000000075,57.0,0.7894736842105263,23.0,0.4782608695652174,121.0,2025.0,0,0,1,0,0,1,0,0.0,11.0,0.0,16
PIA,McLaren,46.0,0 days 00:01:31.080000,0 days 00:00:30.723000,0 days 00:00:34.939000,0 days 00:00:25.418000,MEDIUM,12.0,3.0,,,1,18.0,False,2024,Miami,R,91.08,30.723,34.939,25.418,92.776,1.695999999999998,90.643,0.4369999999999976,-1.695999999999998,93.84,93.163,0.6770000000000067,57.0,0.8070175438596491,23.0,0.5217391304347826,144.0,2116.0,0,0,1,0,0,1,0,0.0,12.0,0.0,16
PIA,McLaren,47.0,0 days 00:01:31.641000,0 days 00:00:30.834000,0 days 00:00:35.155000,0 days 00:00:25.652000,MEDIUM,13.0,3.0,,,1,18.0,False,2024,Miami,R,91.641,30.834,35.155,25.652,92.776,1.134999999999991,90.643,0.9980000000000047,-1.134999999999991,94.461,93.163,1.2980000000000018,57.0,0.8245614035087719,23.0,0.5652173913043478,169.0,2209.0,0,0,1,0,0,1,0,0.0,13.0,0.0,16
PIA,McLaren,48.0,0 days 00:01:31.828000,0 days 00:00:31.156000,0 days 00:00:34.993000,0 days 00:00:25.679000,MEDIUM,14.0,3.0,,,1,17.0,False,2024,Miami,R,91.828,31.156,34.993,25.679,92.776,0.9479999999999933,90.643,1.1850000000000023,-0.9479999999999933,94.708,93.163,1.5450000000000017,57.0,0.8421052631578947,23.0,0.6086956521739131,196.0,2304.0,0,0,1,0,0,1,0,0.0,14.0,0.0,16
PIA,McLaren,49.0,0 days 00:01:31.950000,0 days 00:00:30.913000,0 days 00:00:35.464000,0 days 00:00:25.573000,MEDIUM,15.0,3.0,,,1,17.0,False,2024,Miami,R,91.95,30.913,35.464,25.573,92.776,0.8259999999999934,90.643,1.3070000000000022,-0.8259999999999934,94.89,93.163,1.7270000000000039,57.0,0.8596491228070176,23.0,0.6521739130434783,225.0,2401.0,0,0,1,0,0,1,0,0.0,15.0,0.0,16
PIA,McLaren,50.0,0 days 00:01:32.375000,0 days 00:00:31.330000,0 days 00:00:35.350000,0 days 00:00:25.695000,MEDIUM,16.0,3.0,,,1,17.0,False,2024,Miami,R,92.375,31.33,35.35,25.695,92.776,0.40099999999999625,90.643,1.7319999999999993,-0.40099999999999625,95.375,93.163,2.2120000000000033,57.0,0.8771929824561403,23.0,0.6956521739130435,256.0,2500.0,0,0,1,0,0,1,0,0.0,16.0,0.0,16
PIA,McLaren,51.0,0 days 00:01:32.849000,0 days 00:00:31.961000,0 days 00:00:35.313000,0 days 00:00:25.575000,MEDIUM,17.0,3.0,,,1,17.0,False,2024,Miami,R,92.849,31.961,35.313,25.575,92.776,0.0730000000000075,90.643,2.206000000000003,0.0730000000000075,95.909,93.163,2.7460000000000093,57.0,0.8947368421052632,23.0,0.7391304347826086,289.0,2601.0,0,0,1,0,0,1,0,0.0,17.0,0.0,16
PIA,McLaren,52.0,0 days 00:01:33.862000,0 days 00:00:32.577000,0 days 00:00:35.660000,0 days 00:00:25.625000,MEDIUM,18.0,3.0,,,1,17.0,False,2024,Miami,R,93.862,32.577,35.66,25.625,92.776,1.0859999999999985,90.643,3.218999999999994,1.0859999999999985,96.982,93.163,3.8190000000000026,57.0,0.9122807017543859,23.0,0.782608695652174,324.0,2704.0,0,0,1,0,0,1,0,0.0,18.0,0.0,16
PIA,McLaren,53.0,0 days 00:01:32.610000,0 days 00:00:31.675000,0 days 00:00:35.281000,0 days 00:00:25.654000,MEDIUM,19.0,3.0,,,1,16.0,False,2024,Miami,R,92.61,31.675,35.281,25.654,92.776,0.16599999999999682,90.643,1.9669999999999987,-0.16599999999999682,95.78999999999999,93.163,2.6269999999999953,57.0,0.9298245614035088,23.0,0.8260869565217391,361.0,2809.0,0,0,1,0,0,1,0,0.0,19.0,0.0,16
PIA,McLaren,54.0,0 days 00:01:31.932000,0 days 00:00:31.311000,0 days 00:00:35.210000,0 days 00:00:25.411000,MEDIUM,20.0,3.0,,,1,15.0,False,2024,Miami,R,91.932,31.311,35.21,25.411,92.776,0.8439999999999941,90.643,1.2890000000000015,-0.8439999999999941,95.172,93.163,2.0090000000000003,57.0,0.9473684210526315,23.0,0.8695652173913043,400.0,2916.0,0,0,1,0,0,1,0,0.0,20.0,0.0,16
PIA,McLaren,55.0,0 days 00:01:31.665000,0 days 00:00:30.878000,0 days 00:00:35.143000,0 days 00:00:25.644000,MEDIUM,21.0,3.0,,,1,15.0,False,2024,Miami,R,91.665,30.878,35.143,25.644,92.776,1.11099999999999,90.643,1.0220000000000056,-1.11099999999999,94.965,93.163,1.8020000000000067,57.0,0.9649122807017544,23.0,0.9130434782608695,441.0,3025.0,0,0,1,0,0,1,0,0.0,21.0,0.0,16
PIA,McLaren,56.0,0 days 00:01:32.054000,0 days 00:00:31.051000,0 days 00:00:35.296000,0 days 00:00:25.707000,MEDIUM,22.0,3.0,,,1,15.0,False,2024,Miami,R,92.054,31.051,35.296,25.707,92.776,0.7219999999999942,90.643,1.4110000000000014,-0.7219999999999942,95.414,93.163,2.2510000000000048,57.0,0.9824561403508771,23.0,0.9565217391304348,484.0,3136.0,0,0,1,0,0,1,0,0.0,22.0,0.0,16
PIA,McLaren,57.0,0 days 00:01:32.150000,0 days 00:00:31.193000,0 days 00:00:35.351000,0 days 00:00:25.606000,MEDIUM,23.0,3.0,,,1,14.0,False,2024,Miami,R,92.15,31.193,35.351,25.606,92.776,0.6259999999999906,90.643,1.507000000000005,-0.6259999999999906,95.57000000000001,93.163,2.4070000000000107,57.0,1.0,23.0,1.0,529.0,3249.0,0,0,1,0,0,1,0,0.0,23.0,0.0,16
RIC,RB,2.0,0 days 00:01:35.593000,0 days 00:00:32.812000,0 days 00:00:36.307000,0 days 00:00:26.474000,HARD,2.0,1.0,,,1,20.0,False,2024,Miami,R,95.593,32.812,36.307,26.474,93.98,1.6129999999999995,95.593,0.0,1.6129999999999995,95.71300000000001,95.71300000000001,0.0,57.0,0.03508771929824561,27.0,0.07407407407407407,4.0,4.0,1,0,0,1,0,0,1,0.0,0.0,2.0,26
RIC,RB,3.0,0 days 00:01:35.732000,0 days 00:00:33.365000,0 days 00:00:36.117000,0 days 00:00:26.250000,HARD,3.0,1.0,,,1,20.0,False,2024,Miami,R,95.732,33.365,36.117,26.25,93.98,1.7519999999999953,95.593,0.1389999999999958,1.7519999999999953,95.912,95.71300000000001,0.19899999999999807,57.0,0.05263157894736842,27.0,0.1111111111111111,9.0,9.0,1,0,0,1,0,0,1,0.0,0.0,3.0,26
RIC,RB,4.0,0 days 00:01:34.907000,0 days 00:00:32.596000,0 days 00:00:35.960000,0 days 00:00:26.351000,HARD,4.0,1.0,,,1,20.0,False,2024,Miami,R,94.907,32.596,35.96,26.351,93.98,0.9269999999999925,95.593,-0.686000000000007,0.9269999999999925,95.14699999999999,95.71300000000001,-0.5660000000000167,57.0,0.07017543859649122,27.0,0.14814814814814814,16.0,16.0,1,0,0,1,0,0,1,0.0,0.0,4.0,26
RIC,RB,5.0,0 days 00:01:34.201000,0 days 00:00:32.173000,0 days 00:00:35.788000,0 days 00:00:26.240000,HARD,5.0,1.0,,,1,20.0,False,2024,Miami,R,94.201,32.173,35.788,26.24,93.98,0.22099999999998943,95.593,-1.3920000000000101,0.22099999999998943,94.50099999999999,95.71300000000001,-1.2120000000000175,57.0,0.08771929824561403,27.0,0.18518518518518517,25.0,25.0,1,0,0,1,0,0,1,0.0,0.0,5.0,26
RIC,RB,6.0,0 days 00:01:33.982000,0 days 00:00:32.231000,0 days 00:00:35.700000,0 days 00:00:26.051000,HARD,6.0,1.0,,,1,20.0,False,2024,Miami,R,93.982,32.231,35.7,26.051,93.98,0.001999999999995339,95.593,-1.6110000000000042,0.001999999999995339,94.342,95.71300000000001,-1.3710000000000093,57.0,0.10526315789473684,27.0,0.2222222222222222,36.0,36.0,1,0,0,1,0,0,1,0.0,0.0,6.0,26
RIC,RB,7.0,0 days 00:01:34.345000,0 days 00:00:32.216000,0 days 00:00:35.758000,0 days 00:00:26.371000,HARD,7.0,1.0,,,1,20.0,False,2024,Miami,R,94.345,32.216,35.758,26.371,93.98,0.3649999999999949,95.593,-1.2480000000000047,0.3649999999999949,94.765,95.71300000000001,-0.9480000000000075,57.0,0.12280701754385964,27.0,0.25925925925925924,49.0,49.0,1,0,0,1,0,0,1,0.0,0.0,7.0,26
RIC,RB,8.0,0 days 00:01:34.892000,0 days 00:00:32.697000,0 days 00:00:35.906000,0 days 00:00:26.289000,HARD,8.0,1.0,,,1,20.0,False,2024,Miami,R,94.892,32.697,35.906,26.289,93.98,0.9119999999999919,95.593,-0.7010000000000076,0.9119999999999919,95.372,95.71300000000001,-0.3410000000000082,57.0,0.14035087719298245,27.0,0.2962962962962963,64.0,64.0,1,0,0,1,0,0,1,0.0,0.0,8.0,26
RIC,RB,9.0,0 days 00:01:34.655000,0 days 00:00:32.516000,0 days 00:00:35.823000,0 days 00:00:26.316000,HARD,9.0,1.0,,,1,20.0,False,2024,Miami,R,94.655,32.516,35.823,26.316,93.98,0.6749999999999972,95.593,-0.9380000000000024,0.6749999999999972,95.19500000000001,95.71300000000001,-0.5180000000000007,57.0,0.15789473684210525,27.0,0.3333333333333333,81.0,81.0,1,0,0,1,0,0,1,0.0,0.0,9.0,26
RIC,RB,10.0,0 days 00:01:35.293000,0 days 00:00:32.625000,0 days 00:00:36.090000,0 days 00:00:26.578000,HARD,10.0,1.0,,,1,20.0,False,2024,Miami,R,95.293,32.625,36.09,26.578,93.98,1.3130000000000024,95.593,-0.29999999999999716,1.3130000000000024,95.893,95.71300000000001,0.1799999999999926,57.0,0.17543859649122806,27.0,0.37037037037037035,100.0,100.0,1,0,0,1,0,0,1,0.0,0.0,10.0,26
RIC,RB,11.0,0 days 00:01:34.931000,0 days 00:00:32.492000,0 days 00:00:35.951000,0 days 00:00:26.488000,HARD,11.0,1.0,,,1,18.0,False,2024,Miami,R,94.931,32.492,35.951,26.488,93.98,0.9509999999999934,95.593,-0.6620000000000061,0.9509999999999934,95.591,95.71300000000001,-0.1220000000000141,57.0,0.19298245614035087,27.0,0.4074074074074074,121.0,121.0,1,0,0,1,0,0,1,0.0,0.0,11.0,26
RIC,RB,12.0,0 days 00:01:34.558000,0 days 00:00:32.368000,0 days 00:00:35.812000,0 days 00:00:26.378000,HARD,12.0,1.0,,,1,16.0,False,2024,Miami,R,94.558,32.368,35.812,26.378,93.98,0.578000000000003,95.593,-1.0349999999999966,0.578000000000003,95.278,95.71300000000001,-0.4350000000000023,57.0,0.21052631578947367,27.0,0.4444444444444444,144.0,144.0,1,0,0,1,0,0,1,0.0,0.0,12.0,26
RIC,RB,13.0,0 days 00:01:34.405000,0 days 00:00:32.337000,0 days 00:00:35.887000,0 days 00:00:26.181000,HARD,13.0,1.0,,,1,14.0,False,2024,Miami,R,94.405,32.337,35.887,26.181,93.98,0.42499999999999716,95.593,-1.1880000000000024,0.42499999999999716,95.185,95.71300000000001,-0.5280000000000058,57.0,0.22807017543859648,27.0,0.48148148148148145,169.0,169.0,1,0,0,1,0,0,1,0.0,0.0,13.0,26
RIC,RB,14.0,0 days 00:01:34.311000,0 days 00:00:32.303000,0 days 00:00:35.877000,0 days 00:00:26.131000,HARD,14.0,1.0,,,1,14.0,False,2024,Miami,R,94.311,32.303,35.877,26.131,93.98,0.33100000000000307,95.593,-1.2819999999999965,0.33100000000000307,95.15100000000001,95.71300000000001,-0.5619999999999976,57.0,0.24561403508771928,27.0,0.5185185185185185,196.0,196.0,1,0,0,1,0,0,1,0.0,0.0,14.0,26
RIC,RB,15.0,0 days 00:01:34.018000,0 days 00:00:32.099000,0 days 00:00:35.816000,0 days 00:00:26.103000,HARD,15.0,1.0,,,1,14.0,False,2024,Miami,R,94.018,32.099,35.816,26.103,93.98,0.0379999999999967,95.593,-1.5750000000000028,0.0379999999999967,94.918,95.71300000000001,-0.7950000000000017,57.0,0.2631578947368421,27.0,0.5555555555555556,225.0,225.0,1,0,0,1,0,0,1,0.0,0.0,15.0,26
RIC,RB,16.0,0 days 00:01:34.268000,0 days 00:00:32.261000,0 days 00:00:35.827000,0 days 00:00:26.180000,HARD,16.0,1.0,,,1,14.0,False,2024,Miami,R,94.268,32.261,35.827,26.18,93.98,0.2879999999999967,95.593,-1.3250000000000028,0.2879999999999967,95.228,95.71300000000001,-0.48500000000001364,57.0,0.2807017543859649,27.0,0.5925925925925926,256.0,256.0,1,0,0,1,0,0,1,0.0,0.0,16.0,26
RIC,RB,17.0,0 days 00:01:34.033000,0 days 00:00:32.021000,0 days 00:00:35.767000,0 days 00:00:26.245000,HARD,17.0,1.0,,,1,14.0,False,2024,Miami,R,94.033,32.021,35.767,26.245,93.98,0.05299999999999727,95.593,-1.5600000000000023,0.05299999999999727,95.053,95.71300000000001,-0.6600000000000108,57.0,0.2982456140350877,27.0,0.6296296296296297,289.0,289.0,1,0,0,1,0,0,1,0.0,0.0,17.0,26
RIC,RB,18.0,0 days 00:01:34.234000,0 days 00:00:32.128000,0 days 00:00:35.836000,0 days 00:00:26.270000,HARD,18.0,1.0,,,1,14.0,False,2024,Miami,R,94.234,32.128,35.836,26.27,93.98,0.2539999999999907,95.593,-1.3590000000000089,0.2539999999999907,95.314,95.71300000000001,-0.3990000000000151,57.0,0.3157894736842105,27.0,0.6666666666666666,324.0,324.0,1,0,0,1,0,0,1,0.0,0.0,18.0,26
RIC,RB,19.0,0 days 00:01:33.901000,0 days 00:00:32.018000,0 days 00:00:35.784000,0 days 00:00:26.099000,HARD,19.0,1.0,,,1,14.0,False,2024,Miami,R,93.901,32.018,35.784,26.099,93.98,0.07900000000000773,95.593,-1.6920000000000073,-0.07900000000000773,95.041,95.71300000000001,-0.6720000000000113,57.0,0.3333333333333333,27.0,0.7037037037037037,361.0,361.0,1,0,0,0,0,0,1,0.0,0.0,19.0,26
RIC,RB,20.0,0 days 00:01:33.980000,0 days 00:00:31.931000,0 days 00:00:35.789000,0 days 00:00:26.260000,HARD,20.0,1.0,,,1,14.0,False,2024,Miami,R,93.98,31.931,35.789,26.26,93.98,0.0,95.593,-1.6129999999999995,0.0,95.18,95.71300000000001,-0.5330000000000013,57.0,0.3508771929824561,27.0,0.7407407407407407,400.0,400.0,1,0,0,0,0,0,1,0.0,0.0,20.0,26
RIC,RB,21.0,0 days 00:01:34.071000,0 days 00:00:32.115000,0 days 00:00:35.842000,0 days 00:00:26.114000,HARD,21.0,1.0,,,1,14.0,False,2024,Miami,R,94.071,32.115,35.842,26.114,93.98,0.09099999999999397,95.593,-1.5220000000000056,0.09099999999999397,95.331,95.71300000000001,-0.382000000000005,57.0,0.3684210526315789,27.0,0.7777777777777778,441.0,441.0,1,0,0,0,0,0,1,0.0,0.0,21.0,26
RIC,RB,22.0,0 days 00:01:41.546000,0 days 00:00:32.188000,0 days 00:00:35.631000,0 days 00:00:33.727000,HARD,22.0,1.0,,,16,13.0,False,2024,Miami,R,101.546,32.188,35.631,33.727,93.98,7.5660000000000025,95.593,5.953000000000003,7.5660000000000025,102.866,95.71300000000001,7.152999999999992,57.0,0.38596491228070173,27.0,0.8148148148148148,484.0,484.0,1,0,0,0,0,0,1,0.0,0.0,22.0,26
RIC,RB,23.0,0 days 00:01:40.199000,0 days 00:00:38.520000,0 days 00:00:35.546000,0 days 00:00:26.133000,HARD,23.0,1.0,,,671,11.0,False,2024,Miami,R,100.199,38.52,35.546,26.133,93.98,6.218999999999994,95.593,4.6059999999999945,6.218999999999994,101.579,95.71300000000001,5.8659999999999854,57.0,0.40350877192982454,27.0,0.8518518518518519,529.0,529.0,1,0,0,0,0,0,1,0.0,0.0,23.0,26
RIC,RB,24.0,0 days 00:01:33.488000,0 days 00:00:31.567000,0 days 00:00:35.689000,0 days 00:00:26.232000,HARD,24.0,1.0,,,1,11.0,False,2024,Miami,R,93.488,31.567,35.689,26.232,93.98,0.49200000000000443,95.593,-2.105000000000004,-0.49200000000000443,94.928,95.71300000000001,-0.7850000000000108,57.0,0.42105263157894735,27.0,0.8888888888888888,576.0,576.0,1,0,0,0,0,0,1,0.0,0.0,24.0,26
RIC,RB,25.0,0 days 00:01:33.435000,0 days 00:00:31.519000,0 days 00:00:35.709000,0 days 00:00:26.207000,HARD,25.0,1.0,,,1,10.0,False,2024,Miami,R,93.435,31.519,35.709,26.207,93.98,0.5450000000000017,95.593,-2.1580000000000013,-0.5450000000000017,94.935,95.71300000000001,-0.7780000000000058,57.0,0.43859649122807015,27.0,0.9259259259259259,625.0,625.0,1,0,0,0,0,0,1,0.0,0.0,25.0,26
RIC,RB,26.0,0 days 00:01:33.215000,0 days 00:00:31.549000,0 days 00:00:35.505000,0 days 00:00:26.161000,HARD,26.0,1.0,,,1,10.0,False,2024,Miami,R,93.215,31.549,35.505,26.161,93.98,0.7650000000000006,95.593,-2.378,-0.7650000000000006,94.775,95.71300000000001,-0.9380000000000024,57.0,0.45614035087719296,27.0,0.9629629629629629,676.0,676.0,1,0,0,0,0,0,1,0.0,0.0,26.0,26
RIC,RB,27.0,0 days 00:01:35.172000,0 days 00:00:32.497000,0 days 00:00:36.687000,0 days 00:00:25.988000,HARD,27.0,1.0,,,1,11.0,False,2024,Miami,R,95.172,32.497,36.687,25.988,93.98,1.191999999999993,95.593,-0.4210000000000065,1.191999999999993,96.792,95.71300000000001,1.0789999999999935,57.0,0.47368421052631576,27.0,1.0,729.0,729.0,1,0,0,0,0,0,1,0.0,0.0,27.0,26
RIC,RB,33.0,0 days 00:01:34.031000,0 days 00:00:32.072000,0 days 00:00:35.952000,0 days 00:00:26.007000,MEDIUM,10.0,2.0,,,1,15.0,False,2024,Miami,R,94.031,32.072,35.952,26.007,93.98,0.05100000000000193,94.031,0.0,0.05100000000000193,96.01100000000001,96.01100000000001,0.0,57.0,0.5789473684210527,34.0,0.29411764705882354,100.0,1089.0,0,1,0,0,0,1,0,0.0,10.0,0.0,25
RIC,RB,34.0,0 days 00:01:33.890000,0 days 00:00:32.633000,0 days 00:00:35.507000,0 days 00:00:25.750000,MEDIUM,11.0,2.0,,,1,16.0,False,2024,Miami,R,93.89,32.633,35.507,25.75,93.98,0.09000000000000341,94.031,-0.14100000000000534,-0.09000000000000341,95.93,96.01100000000001,-0.08100000000000307,57.0,0.5964912280701754,34.0,0.3235294117647059,121.0,1156.0,0,1,0,0,0,1,0,0.0,11.0,0.0,25
RIC,RB,35.0,0 days 00:01:32.985000,0 days 00:00:31.740000,0 days 00:00:35.421000,0 days 00:00:25.824000,MEDIUM,12.0,2.0,,,1,16.0,False,2024,Miami,R,92.985,31.74,35.421,25.824,93.98,0.9950000000000045,94.031,-1.0460000000000065,-0.9950000000000045,95.085,96.01100000000001,-0.9260000000000161,57.0,0.6140350877192983,34.0,0.35294117647058826,144.0,1225.0,0,1,0,0,0,1,0,0.0,12.0,0.0,25
RIC,RB,36.0,0 days 00:01:33.250000,0 days 00:00:31.823000,0 days 00:00:35.409000,0 days 00:00:26.018000,MEDIUM,13.0,2.0,,,1,16.0,False,2024,Miami,R,93.25,31.823,35.409,26.018,93.98,0.730000000000004,94.031,-0.7810000000000059,-0.730000000000004,95.41,96.01100000000001,-0.6010000000000133,57.0,0.631578947368421,34.0,0.38235294117647056,169.0,1296.0,0,1,0,0,0,1,0,0.0,13.0,0.0,25
RIC,RB,37.0,0 days 00:01:33.084000,0 days 00:00:32.039000,0 days 00:00:35.284000,0 days 00:00:25.761000,MEDIUM,14.0,2.0,,,1,16.0,False,2024,Miami,R,93.084,32.039,35.284,25.761,93.98,0.8960000000000008,94.031,-0.9470000000000027,-0.8960000000000008,95.304,96.01100000000001,-0.7070000000000078,57.0,0.6491228070175439,34.0,0.4117647058823529,196.0,1369.0,0,1,0,0,0,1,0,0.0,14.0,0.0,25
RIC,RB,38.0,0 days 00:01:32.881000,0 days 00:00:31.636000,0 days 00:00:35.506000,0 days 00:00:25.739000,MEDIUM,15.0,2.0,,,1,16.0,False,2024,Miami,R,92.881,31.636,35.506,25.739,93.98,1.0990000000000038,94.031,-1.1500000000000057,-1.0990000000000038,95.161,96.01100000000001,-0.8500000000000085,57.0,0.6666666666666666,34.0,0.4411764705882353,225.0,1444.0,0,1,1,0,0,1,0,0.0,15.0,0.0,25
RIC,RB,39.0,0 days 00:01:33.136000,0 days 00:00:31.735000,0 days 00:00:35.584000,0 days 00:00:25.817000,MEDIUM,16.0,2.0,,,1,16.0,False,2024,Miami,R,93.136,31.735,35.584,25.817,93.98,0.8440000000000083,94.031,-0.8950000000000102,-0.8440000000000083,95.476,96.01100000000001,-0.5350000000000108,57.0,0.6842105263157895,34.0,0.47058823529411764,256.0,1521.0,0,1,1,0,0,1,0,0.0,16.0,0.0,25
RIC,RB,40.0,0 days 00:01:33.462000,0 days 00:00:32.372000,0 days 00:00:35.213000,0 days 00:00:25.877000,MEDIUM,17.0,2.0,,,1,16.0,False,2024,Miami,R,93.462,32.372,35.213,25.877,93.98,0.5180000000000007,94.031,-0.5690000000000026,-0.5180000000000007,95.86200000000001,96.01100000000001,-0.1490000000000009,57.0,0.7017543859649122,34.0,0.5,289.0,1600.0,0,1,1,0,0,1,0,0.0,17.0,0.0,25
RIC,RB,41.0,0 days 00:01:32.854000,0 days 00:00:31.542000,0 days 00:00:35.491000,0 days 00:00:25.821000,MEDIUM,18.0,2.0,,,1,15.0,False,2024,Miami,R,92.854,31.542,35.491,25.821,93.98,1.1260000000000048,94.031,-1.1770000000000067,-1.1260000000000048,95.314,96.01100000000001,-0.6970000000000169,57.0,0.7192982456140351,34.0,0.5294117647058824,324.0,1681.0,0,1,1,0,0,1,0,0.0,18.0,0.0,25
RIC,RB,42.0,0 days 00:01:32.680000,0 days 00:00:31.477000,0 days 00:00:35.365000,0 days 00:00:25.838000,MEDIUM,19.0,2.0,,,1,15.0,False,2024,Miami,R,92.68,31.477,35.365,25.838,93.98,1.2999999999999972,94.031,-1.350999999999999,-1.2999999999999972,95.2,96.01100000000001,-0.811000000000007,57.0,0.7368421052631579,34.0,0.5588235294117647,361.0,1764.0,0,1,1,0,0,1,0,0.0,19.0,0.0,25
RIC,RB,43.0,0 days 00:01:32.769000,0 days 00:00:31.706000,0 days 00:00:35.323000,0 days 00:00:25.740000,MEDIUM,20.0,2.0,,,1,15.0,False,2024,Miami,R,92.769,31.706,35.323,25.74,93.98,1.2109999999999985,94.031,-1.2620000000000005,-1.2109999999999985,95.349,96.01100000000001,-0.6620000000000061,57.0,0.7543859649122807,34.0,0.5882352941176471,400.0,1849.0,0,1,1,0,0,1,0,0.0,20.0,0.0,25
RIC,RB,44.0,0 days 00:01:32.957000,0 days 00:00:31.571000,0 days 00:00:35.656000,0 days 00:00:25.730000,MEDIUM,21.0,2.0,,,1,15.0,False,2024,Miami,R,92.957,31.571,35.656,25.73,93.98,1.0230000000000103,94.031,-1.0740000000000123,-1.0230000000000103,95.597,96.01100000000001,-0.4140000000000157,57.0,0.7719298245614035,34.0,0.6176470588235294,441.0,1936.0,0,1,1,0,0,1,0,0.0,21.0,0.0,25
RIC,RB,45.0,0 days 00:01:34.020000,0 days 00:00:32.831000,0 days 00:00:35.466000,0 days 00:00:25.723000,MEDIUM,22.0,2.0,,,1,16.0,False,2024,Miami,R,94.02,32.831,35.466,25.723,93.98,0.03999999999999204,94.031,-0.01100000000000989,0.03999999999999204,96.72,96.01100000000001,0.708999999999989,57.0,0.7894736842105263,34.0,0.6470588235294118,484.0,2025.0,0,1,1,0,0,1,0,0.0,22.0,0.0,25
RIC,RB,46.0,0 days 00:01:32.845000,0 days 00:00:31.362000,0 days 00:00:35.568000,0 days 00:00:25.915000,MEDIUM,23.0,2.0,,,1,16.0,False,2024,Miami,R,92.845,31.362,35.568,25.915,93.98,1.1350000000000051,94.031,-1.186000000000007,-1.1350000000000051,95.605,96.01100000000001,-0.4060000000000059,57.0,0.8070175438596491,34.0,0.6764705882352942,529.0,2116.0,0,1,1,0,0,1,0,0.0,23.0,0.0,25
RIC,RB,47.0,0 days 00:01:32.567000,0 days 00:00:31.307000,0 days 00:00:35.412000,0 days 00:00:25.848000,MEDIUM,24.0,2.0,,,1,16.0,False,2024,Miami,R,92.567,31.307,35.412,25.848,93.98,1.413000000000011,94.031,-1.4640000000000128,-1.413000000000011,95.38699999999999,96.01100000000001,-0.6240000000000236,57.0,0.8245614035087719,34.0,0.7058823529411765,576.0,2209.0,0,1,1,0,0,1,0,0.0,24.0,0.0,25
RIC,RB,48.0,0 days 00:01:33.013000,0 days 00:00:31.742000,0 days 00:00:35.503000,0 days 00:00:25.768000,MEDIUM,25.0,2.0,,,1,16.0,False,2024,Miami,R,93.013,31.742,35.503,25.768,93.98,0.9669999999999987,94.031,-1.0180000000000007,-0.9669999999999987,95.893,96.01100000000001,-0.11800000000000921,57.0,0.8421052631578947,34.0,0.7352941176470589,625.0,2304.0,0,1,1,0,0,1,0,0.0,25.0,0.0,25
RIC,RB,49.0,0 days 00:01:32.720000,0 days 00:00:31.380000,0 days 00:00:35.536000,0 days 00:00:25.804000,MEDIUM,26.0,2.0,,,1,16.0,False,2024,Miami,R,92.72,31.38,35.536,25.804,93.98,1.2600000000000051,94.031,-1.311000000000007,-1.2600000000000051,95.66,96.01100000000001,-0.3510000000000133,57.0,0.8596491228070176,34.0,0.7647058823529411,676.0,2401.0,0,1,1,0,0,1,0,0.0,26.0,0.0,25
RIC,RB,50.0,0 days 00:01:33.033000,0 days 00:00:31.478000,0 days 00:00:35.482000,0 days 00:00:26.073000,MEDIUM,27.0,2.0,,,1,16.0,False,2024,Miami,R,93.033,31.478,35.482,26.073,93.98,0.9470000000000027,94.031,-0.9980000000000047,-0.9470000000000027,96.033,96.01100000000001,0.02199999999999136,57.0,0.8771929824561403,34.0,0.7941176470588235,729.0,2500.0,0,1,1,0,0,1,0,0.0,27.0,0.0,25
RIC,RB,51.0,0 days 00:01:32.486000,0 days 00:00:31.473000,0 days 00:00:35.380000,0 days 00:00:25.633000,MEDIUM,28.0,2.0,,,1,16.0,False,2024,Miami,R,92.486,31.473,35.38,25.633,93.98,1.4939999999999998,94.031,-1.5450000000000017,-1.4939999999999998,95.546,96.01100000000001,-0.4650000000000034,57.0,0.8947368421052632,34.0,0.8235294117647058,784.0,2601.0,0,1,1,0,0,1,0,0.0,28.0,0.0,25
RIC,RB,52.0,0 days 00:01:33.717000,0 days 00:00:32.464000,0 days 00:00:35.616000,0 days 00:00:25.637000,MEDIUM,29.0,2.0,,,1,16.0,False,2024,Miami,R,93.717,32.464,35.616,25.637,93.98,0.26300000000000523,94.031,-0.31400000000000716,-0.26300000000000523,96.837,96.01100000000001,0.8259999999999934,57.0,0.9122807017543859,34.0,0.8529411764705882,841.0,2704.0,0,1,1,0,0,1,0,0.0,29.0,0.0,25
RIC,RB,53.0,0 days 00:01:32.695000,0 days 00:00:31.746000,0 days 00:00:34.985000,0 days 00:00:25.964000,MEDIUM,30.0,2.0,,,1,15.0,False,2024,Miami,R,92.695,31.746,34.985,25.964,93.98,1.2850000000000108,94.031,-1.3360000000000127,-1.2850000000000108,95.875,96.01100000000001,-0.1360000000000099,57.0,0.9298245614035088,34.0,0.8823529411764706,900.0,2809.0,0,1,1,0,0,1,0,0.0,30.0,0.0,25
RIC,RB,54.0,0 days 00:01:32.735000,0 days 00:00:31.080000,0 days 00:00:35.342000,0 days 00:00:26.313000,MEDIUM,31.0,2.0,,,1,16.0,False,2024,Miami,R,92.735,31.08,35.342,26.313,93.98,1.2450000000000045,94.031,-1.2960000000000065,-1.2450000000000045,95.975,96.01100000000001,-0.036000000000015575,57.0,0.9473684210526315,34.0,0.9117647058823529,961.0,2916.0,0,1,1,0,0,1,0,0.0,31.0,0.0,25
RIC,RB,55.0,0 days 00:01:32.199000,0 days 00:00:31.454000,0 days 00:00:35.076000,0 days 00:00:25.669000,MEDIUM,32.0,2.0,,,1,16.0,False,2024,Miami,R,92.199,31.454,35.076,25.669,93.98,1.781000000000006,94.031,-1.8320000000000078,-1.781000000000006,95.499,96.01100000000001,-0.5120000000000147,57.0,0.9649122807017544,34.0,0.9411764705882353,1024.0,3025.0,0,1,1,0,0,1,0,0.0,32.0,0.0,25
RIC,RB,56.0,0 days 00:01:32.414000,0 days 00:00:31.321000,0 days 00:00:35.264000,0 days 00:00:25.829000,MEDIUM,33.0,2.0,,,1,16.0,False,2024,Miami,R,92.414,31.321,35.264,25.829,93.98,1.5660000000000025,94.031,-1.6170000000000044,-1.5660000000000025,95.774,96.01100000000001,-0.23700000000000898,57.0,0.9824561403508771,34.0,0.9705882352941176,1089.0,3136.0,0,1,1,0,0,1,0,0.0,33.0,0.0,25
RIC,RB,57.0,0 days 00:01:32.122000,0 days 00:00:31.171000,0 days 00:00:35.148000,0 days 00:00:25.803000,MEDIUM,34.0,2.0,,,1,16.0,False,2024,Miami,R,92.122,31.171,35.148,25.803,93.98,1.858000000000004,94.031,-1.909000000000006,-1.858000000000004,95.542,96.01100000000001,-0.4690000000000083,57.0,1.0,34.0,1.0,1156.0,3249.0,0,1,1,0,0,1,0,0.0,34.0,0.0,25
RUS,Mercedes,2.0,0 days 00:01:34.395000,0 days 00:00:32.558000,0 days 00:00:35.728000,0 days 00:00:26.109000,MEDIUM,5.0,1.0,,,1,10.0,False,2024,Miami,R,94.395,32.558,35.728,26.109,93.4085,0.9864999999999924,94.395,0.0,0.9864999999999924,94.515,94.515,0.0,57.0,0.03508771929824561,25.0,0.2,25.0,4.0,1,0,0,1,0,1,0,0.0,5.0,0.0,21
RUS,Mercedes,3.0,0 days 00:01:34.095000,0 days 00:00:32.323000,0 days 00:00:35.748000,0 days 00:00:26.024000,MEDIUM,6.0,1.0,,,1,10.0,False,2024,Miami,R,94.095,32.323,35.748,26.024,93.4085,0.6864999999999952,94.395,-0.29999999999999716,0.6864999999999952,94.275,94.515,-0.23999999999999488,57.0,0.05263157894736842,25.0,0.24,36.0,9.0,1,0,0,1,0,1,0,0.0,6.0,0.0,21
RUS,Mercedes,4.0,0 days 00:01:34.125000,0 days 00:00:32.253000,0 days 00:00:35.803000,0 days 00:00:26.069000,MEDIUM,7.0,1.0,,,1,10.0,False,2024,Miami,R,94.125,32.253,35.803,26.069,93.4085,0.7164999999999964,94.395,-0.269999999999996,0.7164999999999964,94.365,94.515,-0.15000000000000568,57.0,0.07017543859649122,25.0,0.28,49.0,16.0,1,0,0,1,0,1,0,0.0,7.0,0.0,21
RUS,Mercedes,5.0,0 days 00:01:33.932000,0 days 00:00:31.895000,0 days 00:00:36.050000,0 days 00:00:25.987000,MEDIUM,8.0,1.0,,,1,9.0,False,2024,Miami,R,93.932,31.895,36.05,25.987,93.4085,0.5234999999999985,94.395,-0.46299999999999386,0.5234999999999985,94.232,94.515,-0.28300000000000125,57.0,0.08771929824561403,25.0,0.32,64.0,25.0,1,0,0,1,0,1,0,0.0,8.0,0.0,21
RUS,Mercedes,6.0,0 days 00:01:33.636000,0 days 00:00:31.791000,0 days 00:00:35.820000,0 days 00:00:26.025000,MEDIUM,9.0,1.0,,,1,9.0,False,2024,Miami,R,93.636,31.791,35.82,26.025,93.4085,0.22749999999999204,94.395,-0.7590000000000003,0.22749999999999204,93.996,94.515,-0.5190000000000055,57.0,0.10526315789473684,25.0,0.36,81.0,36.0,1,0,0,1,0,1,0,0.0,9.0,0.0,21
RUS,Mercedes,7.0,0 days 00:01:33.936000,0 days 00:00:31.869000,0 days 00:00:35.849000,0 days 00:00:26.218000,MEDIUM,10.0,1.0,,,1,9.0,False,2024,Miami,R,93.936,31.869,35.849,26.218,93.4085,0.5275000000000034,94.395,-0.458999999999989,0.5275000000000034,94.35600000000001,94.515,-0.15899999999999181,57.0,0.12280701754385964,25.0,0.4,100.0,49.0,1,0,0,1,0,1,0,0.0,10.0,0.0,21
RUS,Mercedes,8.0,0 days 00:01:33.819000,0 days 00:00:32.047000,0 days 00:00:35.887000,0 days 00:00:25.885000,MEDIUM,11.0,1.0,,,1,9.0,False,2024,Miami,R,93.819,32.047,35.887,25.885,93.4085,0.410499999999999,94.395,-0.5759999999999934,0.410499999999999,94.299,94.515,-0.21599999999999397,57.0,0.14035087719298245,25.0,0.44,121.0,64.0,1,0,0,1,0,1,0,0.0,11.0,0.0,21
RUS,Mercedes,9.0,0 days 00:01:34.359000,0 days 00:00:32.498000,0 days 00:00:35.771000,0 days 00:00:26.090000,MEDIUM,12.0,1.0,,,1,9.0,False,2024,Miami,R,94.359,32.498,35.771,26.09,93.4085,0.950499999999991,94.395,-0.036000000000001364,0.950499999999991,94.899,94.515,0.38400000000000034,57.0,0.15789473684210525,25.0,0.48,144.0,81.0,1,0,0,1,0,1,0,0.0,12.0,0.0,21
RUS,Mercedes,10.0,0 days 00:01:34.785000,0 days 00:00:32.439000,0 days 00:00:36.205000,0 days 00:00:26.141000,MEDIUM,13.0,1.0,,,1,9.0,False,2024,Miami,R,94.785,32.439,36.205,26.141,93.4085,1.376499999999993,94.395,0.39000000000000057,1.376499999999993,95.38499999999999,94.515,0.8699999999999903,57.0,0.17543859649122806,25.0,0.52,169.0,100.0,1,0,0,1,0,1,0,0.0,13.0,0.0,21
RUS,Mercedes,11.0,0 days 00:01:34.805000,0 days 00:00:32.620000,0 days 00:00:36.151000,0 days 00:00:26.034000,MEDIUM,14.0,1.0,,,1,9.0,False,2024,Miami,R,94.805,32.62,36.151,26.034,93.4085,1.3965000000000032,94.395,0.4100000000000108,1.3965000000000032,95.465,94.515,0.9500000000000028,57.0,0.19298245614035087,25.0,0.56,196.0,121.0,1,0,0,1,0,1,0,0.0,14.0,0.0,21
RUS,Mercedes,12.0,0 days 00:01:34.392000,0 days 00:00:32.489000,0 days 00:00:35.757000,0 days 00:00:26.146000,MEDIUM,15.0,1.0,,,1,8.0,False,2024,Miami,R,94.392,32.489,35.757,26.146,93.4085,0.9834999999999923,94.395,-0.0030000000000001137,0.9834999999999923,95.112,94.515,0.5969999999999942,57.0,0.21052631578947367,25.0,0.6,225.0,144.0,1,0,0,1,0,1,0,0.0,15.0,0.0,21
RUS,Mercedes,13.0,0 days 00:01:34.041000,0 days 00:00:31.992000,0 days 00:00:35.903000,0 days 00:00:26.146000,MEDIUM,16.0,1.0,,,1,8.0,False,2024,Miami,R,94.041,31.992,35.903,26.146,93.4085,0.6324999999999932,94.395,-0.3539999999999992,0.6324999999999932,94.821,94.515,0.3059999999999974,57.0,0.22807017543859648,25.0,0.64,256.0,169.0,1,0,0,1,0,1,0,0.0,16.0,0.0,21
RUS,Mercedes,14.0,0 days 00:01:33.593000,0 days 00:00:31.761000,0 days 00:00:35.753000,0 days 00:00:26.079000,MEDIUM,17.0,1.0,,,1,8.0,False,2024,Miami,R,93.593,31.761,35.753,26.079,93.4085,0.1844999999999999,94.395,-0.8019999999999925,0.1844999999999999,94.433,94.515,-0.08199999999999363,57.0,0.24561403508771928,25.0,0.68,289.0,196.0,1,0,0,1,0,1,0,0.0,17.0,0.0,21
RUS,Mercedes,15.0,0 days 00:01:33.389000,0 days 00:00:31.672000,0 days 00:00:35.671000,0 days 00:00:26.046000,MEDIUM,18.0,1.0,,,1,8.0,False,2024,Miami,R,93.389,31.672,35.671,26.046,93.4085,0.019500000000007844,94.395,-1.0060000000000002,-0.019500000000007844,94.289,94.515,-0.2259999999999991,57.0,0.2631578947368421,25.0,0.72,324.0,225.0,1,0,0,1,0,1,0,0.0,18.0,0.0,21
RUS,Mercedes,16.0,0 days 00:01:33.423000,0 days 00:00:31.716000,0 days 00:00:35.657000,0 days 00:00:26.050000,MEDIUM,19.0,1.0,,,1,8.0,False,2024,Miami,R,93.423,31.716,35.657,26.05,93.4085,0.014499999999998181,94.395,-0.9719999999999942,0.014499999999998181,94.383,94.515,-0.132000000000005,57.0,0.2807017543859649,25.0,0.76,361.0,256.0,1,0,0,1,0,1,0,0.0,19.0,0.0,21
RUS,Mercedes,17.0,0 days 00:01:33.607000,0 days 00:00:31.649000,0 days 00:00:35.705000,0 days 00:00:26.253000,MEDIUM,20.0,1.0,,,1,8.0,False,2024,Miami,R,93.607,31.649,35.705,26.253,93.4085,0.19849999999999568,94.395,-0.7879999999999967,0.19849999999999568,94.627,94.515,0.11199999999999477,57.0,0.2982456140350877,25.0,0.8,400.0,289.0,1,0,0,1,0,1,0,0.0,20.0,0.0,21
RUS,Mercedes,18.0,0 days 00:01:33.705000,0 days 00:00:31.733000,0 days 00:00:35.838000,0 days 00:00:26.134000,MEDIUM,21.0,1.0,,,1,7.0,False,2024,Miami,R,93.705,31.733,35.838,26.134,93.4085,0.29649999999999466,94.395,-0.6899999999999977,0.29649999999999466,94.785,94.515,0.269999999999996,57.0,0.3157894736842105,25.0,0.84,441.0,324.0,1,0,0,1,0,1,0,0.0,21.0,0.0,21
RUS,Mercedes,19.0,0 days 00:01:33.562000,0 days 00:00:31.706000,0 days 00:00:35.794000,0 days 00:00:26.062000,MEDIUM,22.0,1.0,,,1,7.0,False,2024,Miami,R,93.562,31.706,35.794,26.062,93.4085,0.15349999999999397,94.395,-0.8329999999999984,0.15349999999999397,94.702,94.515,0.1869999999999976,57.0,0.3333333333333333,25.0,0.88,484.0,361.0,1,0,0,0,0,1,0,0.0,22.0,0.0,21
RUS,Mercedes,20.0,0 days 00:01:33.811000,0 days 00:00:31.848000,0 days 00:00:35.841000,0 days 00:00:26.122000,MEDIUM,23.0,1.0,,,1,7.0,False,2024,Miami,R,93.811,31.848,35.841,26.122,93.4085,0.4025000000000034,94.395,-0.583999999999989,0.4025000000000034,95.01100000000001,94.515,0.4960000000000093,57.0,0.3508771929824561,25.0,0.92,529.0,400.0,1,0,0,0,0,1,0,0.0,23.0,0.0,21
RUS,Mercedes,21.0,0 days 00:01:33.713000,0 days 00:00:31.685000,0 days 00:00:35.890000,0 days 00:00:26.138000,MEDIUM,24.0,1.0,,,1,7.0,False,2024,Miami,R,93.713,31.685,35.89,26.138,93.4085,0.3044999999999902,94.395,-0.6820000000000022,0.3044999999999902,94.973,94.515,0.4579999999999984,57.0,0.3684210526315789,25.0,0.96,576.0,441.0,1,0,0,0,0,1,0,0.0,24.0,0.0,21
RUS,Mercedes,22.0,0 days 00:01:33.326000,0 days 00:00:31.608000,0 days 00:00:35.718000,0 days 00:00:26,MEDIUM,25.0,1.0,,,16,7.0,False,2024,Miami,R,93.326,31.608,35.718,26.0,93.4085,0.08250000000001023,94.395,-1.0690000000000026,-0.08250000000001023,94.64599999999999,94.515,0.13099999999998602,57.0,0.38596491228070173,25.0,1.0,625.0,484.0,1,0,0,0,0,1,0,0.0,25.0,0.0,21
RUS,Mercedes,26.0,0 days 00:01:32.358000,0 days 00:00:31.162000,0 days 00:00:35.286000,0 days 00:00:25.910000,HARD,2.0,2.0,,,1,11.0,False,2024,Miami,R,92.358,31.162,35.286,25.91,93.4085,1.0504999999999995,92.358,0.0,-1.0504999999999995,93.918,93.918,0.0,57.0,0.45614035087719296,33.0,0.06060606060606061,4.0,676.0,0,1,0,0,0,0,1,0.0,0.0,2.0,26
RUS,Mercedes,27.0,0 days 00:01:32.595000,0 days 00:00:31.330000,0 days 00:00:35.282000,0 days 00:00:25.983000,HARD,3.0,2.0,,,1,10.0,False,2024,Miami,R,92.595,31.33,35.282,25.983,93.4085,0.8135000000000048,92.358,0.23699999999999477,-0.8135000000000048,94.215,93.918,0.29699999999999704,57.0,0.47368421052631576,33.0,0.09090909090909091,9.0,729.0,0,1,0,0,0,0,1,0.0,0.0,3.0,26
RUS,Mercedes,33.0,0 days 00:01:34.455000,0 days 00:00:32.419000,0 days 00:00:36.066000,0 days 00:00:25.970000,HARD,9.0,2.0,,,1,9.0,False,2024,Miami,R,94.455,32.419,36.066,25.97,93.4085,1.0464999999999947,92.358,2.096999999999994,1.0464999999999947,96.435,93.918,2.516999999999996,57.0,0.5789473684210527,33.0,0.2727272727272727,81.0,1089.0,0,1,0,0,0,0,1,0.0,0.0,9.0,26
RUS,Mercedes,34.0,0 days 00:01:32.762000,0 days 00:00:31.534000,0 days 00:00:35.531000,0 days 00:00:25.697000,HARD,10.0,2.0,,,1,9.0,False,2024,Miami,R,92.762,31.534,35.531,25.697,93.4085,0.6465000000000032,92.358,0.40399999999999636,-0.6465000000000032,94.802,93.918,0.8840000000000003,57.0,0.5964912280701754,33.0,0.30303030303030304,100.0,1156.0,0,1,0,0,0,0,1,0.0,0.0,10.0,26
RUS,Mercedes,35.0,0 days 00:01:32.277000,0 days 00:00:31.240000,0 days 00:00:35.286000,0 days 00:00:25.751000,HARD,11.0,2.0,,,1,9.0,False,2024,Miami,R,92.277,31.24,35.286,25.751,93.4085,1.1315000000000026,92.358,-0.08100000000000307,-1.1315000000000026,94.377,93.918,0.458999999999989,57.0,0.6140350877192983,33.0,0.3333333333333333,121.0,1225.0,0,1,0,0,0,0,1,0.0,0.0,11.0,26
RUS,Mercedes,36.0,0 days 00:01:32.345000,0 days 00:00:31.262000,0 days 00:00:35.308000,0 days 00:00:25.775000,HARD,12.0,2.0,,,1,9.0,False,2024,Miami,R,92.345,31.262,35.308,25.775,93.4085,1.0635000000000048,92.358,-0.01300000000000523,-1.0635000000000048,94.505,93.918,0.5869999999999891,57.0,0.631578947368421,33.0,0.36363636363636365,144.0,1296.0,0,1,0,0,0,0,1,0.0,0.0,12.0,26
RUS,Mercedes,37.0,0 days 00:01:32.275000,0 days 00:00:31.312000,0 days 00:00:35.166000,0 days 00:00:25.797000,HARD,13.0,2.0,,,1,9.0,False,2024,Miami,R,92.275,31.312,35.166,25.797,93.4085,1.133499999999998,92.358,-0.08299999999999841,-1.133499999999998,94.495,93.918,0.5769999999999982,57.0,0.6491228070175439,33.0,0.3939393939393939,169.0,1369.0,0,1,0,0,0,0,1,0.0,0.0,13.0,26
RUS,Mercedes,38.0,0 days 00:01:32.291000,0 days 00:00:31.124000,0 days 00:00:35.339000,0 days 00:00:25.828000,HARD,14.0,2.0,,,1,9.0,False,2024,Miami,R,92.291,31.124,35.339,25.828,93.4085,1.1175000000000068,92.358,-0.06700000000000728,-1.1175000000000068,94.571,93.918,0.6529999999999916,57.0,0.6666666666666666,33.0,0.42424242424242425,196.0,1444.0,0,1,1,0,0,0,1,0.0,0.0,14.0,26
RUS,Mercedes,39.0,0 days 00:01:32.248000,0 days 00:00:31.101000,0 days 00:00:35.319000,0 days 00:00:25.828000,HARD,15.0,2.0,,,1,9.0,False,2024,Miami,R,92.248,31.101,35.319,25.828,93.4085,1.160499999999999,92.358,-0.10999999999999943,-1.160499999999999,94.58800000000001,93.918,0.6700000000000017,57.0,0.6842105263157895,33.0,0.45454545454545453,225.0,1521.0,0,1,1,0,0,0,1,0.0,0.0,15.0,26
RUS,Mercedes,40.0,0 days 00:01:32.277000,0 days 00:00:31.085000,0 days 00:00:35.386000,0 days 00:00:25.806000,HARD,16.0,2.0,,,1,8.0,False,2024,Miami,R,92.277,31.085,35.386,25.806,93.4085,1.1315000000000026,92.358,-0.08100000000000307,-1.1315000000000026,94.677,93.918,0.7590000000000003,57.0,0.7017543859649122,33.0,0.48484848484848486,256.0,1600.0,0,1,1,0,0,0,1,0.0,0.0,16.0,26
RUS,Mercedes,41.0,0 days 00:01:32.648000,0 days 00:00:31.283000,0 days 00:00:35.514000,0 days 00:00:25.851000,HARD,17.0,2.0,,,1,8.0,False,2024,Miami,R,92.648,31.283,35.514,25.851,93.4085,0.7605000000000075,92.358,0.28999999999999204,-0.7605000000000075,95.10799999999999,93.918,1.1899999999999835,57.0,0.7192982456140351,33.0,0.5151515151515151,289.0,1681.0,0,1,1,0,0,0,1,0.0,0.0,17.0,26
RUS,Mercedes,42.0,0 days 00:01:32.167000,0 days 00:00:31.105000,0 days 00:00:35.202000,0 days 00:00:25.860000,HARD,18.0,2.0,,,1,8.0,False,2024,Miami,R,92.167,31.105,35.202,25.86,93.4085,1.241500000000002,92.358,-0.1910000000000025,-1.241500000000002,94.687,93.918,0.7689999999999912,57.0,0.7368421052631579,33.0,0.5454545454545454,324.0,1764.0,0,1,1,0,0,0,1,0.0,0.0,18.0,26
RUS,Mercedes,43.0,0 days 00:01:31.921000,0 days 00:00:30.917000,0 days 00:00:35.208000,0 days 00:00:25.796000,HARD,19.0,2.0,,,1,8.0,False,2024,Miami,R,91.921,30.917,35.208,25.796,93.4085,1.4874999999999972,92.358,-0.4369999999999976,-1.4874999999999972,94.501,93.918,0.5829999999999984,57.0,0.7543859649122807,33.0,0.5757575757575758,361.0,1849.0,0,1,1,0,0,0,1,0.0,0.0,19.0,26
RUS,Mercedes,45.0,0 days 00:01:32.131000,0 days 00:00:31.004000,0 days 00:00:35.270000,0 days 00:00:25.857000,HARD,21.0,2.0,,,1,8.0,False,2024,Miami,R,92.131,31.004,35.27,25.857,93.4085,1.2775000000000034,92.358,-0.22700000000000387,-1.2775000000000034,94.831,93.918,0.9129999999999967,57.0,0.7894736842105263,33.0,0.6363636363636364,441.0,2025.0,0,1,1,0,0,0,1,0.0,0.0,21.0,26
RUS,Mercedes,46.0,0 days 00:01:32.304000,0 days 00:00:31.005000,0 days 00:00:35.384000,0 days 00:00:25.915000,HARD,22.0,2.0,,,1,8.0,False,2024,Miami,R,92.304,31.005,35.384,25.915,93.4085,1.1045000000000016,92.358,-0.054000000000002046,-1.1045000000000016,95.06400000000001,93.918,1.1460000000000008,57.0,0.8070175438596491,33.0,0.6666666666666666,484.0,2116.0,0,1,1,0,0,0,1,0.0,0.0,22.0,26
RUS,Mercedes,47.0,0 days 00:01:32.198000,0 days 00:00:31.075000,0 days 00:00:35.327000,0 days 00:00:25.796000,HARD,23.0,2.0,,,1,8.0,False,2024,Miami,R,92.198,31.075,35.327,25.796,93.4085,1.2105000000000103,92.358,-0.1600000000000108,-1.2105000000000103,95.01799999999999,93.918,1.09999999999998,57.0,0.8245614035087719,33.0,0.696969696969697,529.0,2209.0,0,1,1,0,0,0,1,0.0,0.0,23.0,26
RUS,Mercedes,48.0,0 days 00:01:32.175000,0 days 00:00:30.996000,0 days 00:00:35.298000,0 days 00:00:25.881000,HARD,24.0,2.0,,,1,8.0,False,2024,Miami,R,92.175,30.996,35.298,25.881,93.4085,1.2335000000000065,92.358,-0.18300000000000693,-1.2335000000000065,95.05499999999999,93.918,1.1369999999999862,57.0,0.8421052631578947,33.0,0.7272727272727273,576.0,2304.0,0,1,1,0,0,0,1,0.0,0.0,24.0,26
RUS,Mercedes,49.0,0 days 00:01:32.120000,0 days 00:00:30.795000,0 days 00:00:35.550000,0 days 00:00:25.775000,HARD,25.0,2.0,,,1,8.0,False,2024,Miami,R,92.12,30.795,35.55,25.775,93.4085,1.288499999999999,92.358,-0.23799999999999955,-1.288499999999999,95.06,93.918,1.141999999999996,57.0,0.8596491228070176,33.0,0.7575757575757576,625.0,2401.0,0,1,1,0,0,0,1,0.0,0.0,25.0,26
RUS,Mercedes,50.0,0 days 00:01:32.438000,0 days 00:00:30.770000,0 days 00:00:35.535000,0 days 00:00:26.133000,HARD,26.0,2.0,,,1,8.0,False,2024,Miami,R,92.438,30.77,35.535,26.133,93.4085,0.9705000000000013,92.358,0.0799999999999983,-0.9705000000000013,95.438,93.918,1.519999999999996,57.0,0.8771929824561403,33.0,0.7878787878787878,676.0,2500.0,0,1,1,0,0,0,1,0.0,0.0,26.0,26
RUS,Mercedes,51.0,0 days 00:01:32.053000,0 days 00:00:30.743000,0 days 00:00:35.438000,0 days 00:00:25.872000,HARD,27.0,2.0,,,1,8.0,False,2024,Miami,R,92.053,30.743,35.438,25.872,93.4085,1.3555000000000064,92.358,-0.3050000000000068,-1.3555000000000064,95.113,93.918,1.1949999999999932,57.0,0.8947368421052632,33.0,0.8181818181818182,729.0,2601.0,0,1,1,0,0,0,1,0.0,0.0,27.0,26
RUS,Mercedes,52.0,0 days 00:01:32.185000,0 days 00:00:30.925000,0 days 00:00:35.391000,0 days 00:00:25.869000,HARD,28.0,2.0,,,1,8.0,False,2024,Miami,R,92.185,30.925,35.391,25.869,93.4085,1.2235000000000014,92.358,-0.17300000000000182,-1.2235000000000014,95.305,93.918,1.3870000000000005,57.0,0.9122807017543859,33.0,0.8484848484848485,784.0,2704.0,0,1,1,0,0,0,1,0.0,0.0,28.0,26
RUS,Mercedes,53.0,0 days 00:01:33.394000,0 days 00:00:30.946000,0 days 00:00:36.496000,0 days 00:00:25.952000,HARD,29.0,2.0,,,1,8.0,False,2024,Miami,R,93.394,30.946,36.496,25.952,93.4085,0.014499999999998181,92.358,1.0360000000000014,-0.014499999999998181,96.57400000000001,93.918,2.656000000000006,57.0,0.9298245614035088,33.0,0.8787878787878788,841.0,2809.0,0,1,1,0,0,0,1,0.0,0.0,29.0,26
RUS,Mercedes,54.0,0 days 00:01:32.537000,0 days 00:00:30.907000,0 days 00:00:35.605000,0 days 00:00:26.025000,HARD,30.0,2.0,,,1,8.0,False,2024,Miami,R,92.537,30.907,35.605,26.025,93.4085,0.8714999999999975,92.358,0.17900000000000205,-0.8714999999999975,95.777,93.918,1.8589999999999947,57.0,0.9473684210526315,33.0,0.9090909090909091,900.0,2916.0,0,1,1,0,0,0,1,0.0,0.0,30.0,26
RUS,Mercedes,55.0,0 days 00:01:32.030000,0 days 00:00:30.723000,0 days 00:00:35.397000,0 days 00:00:25.910000,HARD,31.0,2.0,,,1,8.0,False,2024,Miami,R,92.03,30.723,35.397,25.91,93.4085,1.3785000000000025,92.358,-0.32800000000000296,-1.3785000000000025,95.33,93.918,1.411999999999992,57.0,0.9649122807017544,33.0,0.9393939393939394,961.0,3025.0,0,1,1,0,0,0,1,0.0,0.0,31.0,26
RUS,Mercedes,56.0,0 days 00:01:32.379000,0 days 00:00:30.804000,0 days 00:00:35.509000,0 days 00:00:26.066000,HARD,32.0,2.0,,,1,8.0,False,2024,Miami,R,92.379,30.804,35.509,26.066,93.4085,1.0294999999999987,92.358,0.021000000000000796,-1.0294999999999987,95.739,93.918,1.820999999999998,57.0,0.9824561403508771,33.0,0.9696969696969697,1024.0,3136.0,0,1,1,0,0,0,1,0.0,0.0,32.0,26
RUS,Mercedes,57.0,0 days 00:01:32.739000,0 days 00:00:30.984000,0 days 00:00:35.698000,0 days 00:00:26.057000,HARD,33.0,2.0,,,1,8.0,False,2024,Miami,R,92.739,30.984,35.698,26.057,93.4085,0.6694999999999993,92.358,0.3810000000000002,-0.6694999999999993,96.159,93.918,2.2409999999999997,57.0,1.0,33.0,1.0,1089.0,3249.0,0,1,1,0,0,0,1,0.0,0.0,33.0,26
SAI,Ferrari,1.0,0 days 00:01:37.234000,,0 days 00:00:35.469000,0 days 00:00:25.983000,MEDIUM,1.0,1.0,,,1,4.0,False,2024,Miami,R,97.234,,35.469,25.983,92.70750000000001,4.526499999999984,97.234,0.0,4.526499999999984,97.294,97.294,0.0,57.0,0.017543859649122806,26.0,0.038461538461538464,1.0,1.0,1,0,0,1,0,1,0,0.0,1.0,0.0,25
SAI,Ferrari,2.0,0 days 00:01:32.990000,0 days 00:00:31.678000,0 days 00:00:35.404000,0 days 00:00:25.908000,MEDIUM,2.0,1.0,,,1,4.0,False,2024,Miami,R,92.99,31.678,35.404,25.908,92.70750000000001,0.28249999999998465,97.234,-4.244,0.28249999999998465,93.11,97.294,-4.1839999999999975,57.0,0.03508771929824561,26.0,0.07692307692307693,4.0,4.0,1,0,0,1,0,1,0,0.0,2.0,0.0,25
SAI,Ferrari,3.0,0 days 00:01:33.239000,0 days 00:00:31.788000,0 days 00:00:35.553000,0 days 00:00:25.898000,MEDIUM,3.0,1.0,,,1,4.0,False,2024,Miami,R,93.239,31.788,35.553,25.898,92.70750000000001,0.5314999999999941,97.234,-3.9949999999999903,0.5314999999999941,93.41900000000001,97.294,-3.874999999999986,57.0,0.05263157894736842,26.0,0.11538461538461539,9.0,9.0,1,0,0,1,0,1,0,0.0,3.0,0.0,25
SAI,Ferrari,4.0,0 days 00:01:33.249000,0 days 00:00:31.712000,0 days 00:00:35.607000,0 days 00:00:25.930000,MEDIUM,4.0,1.0,,,1,4.0,False,2024,Miami,R,93.249,31.712,35.607,25.93,92.70750000000001,0.541499999999985,97.234,-3.9849999999999994,0.541499999999985,93.48899999999999,97.294,-3.805000000000007,57.0,0.07017543859649122,26.0,0.15384615384615385,16.0,16.0,1,0,0,1,0,1,0,0.0,4.0,0.0,25
SAI,Ferrari,5.0,0 days 00:01:33.569000,0 days 00:00:31.913000,0 days 00:00:35.721000,0 days 00:00:25.935000,MEDIUM,5.0,1.0,,,1,4.0,False,2024,Miami,R,93.569,31.913,35.721,25.935,92.70750000000001,0.8614999999999924,97.234,-3.664999999999992,0.8614999999999924,93.869,97.294,-3.424999999999997,57.0,0.08771929824561403,26.0,0.19230769230769232,25.0,25.0,1,0,0,1,0,1,0,0.0,5.0,0.0,25
SAI,Ferrari,6.0,0 days 00:01:32.911000,0 days 00:00:31.560000,0 days 00:00:35.492000,0 days 00:00:25.859000,MEDIUM,6.0,1.0,,,1,4.0,False,2024,Miami,R,92.911,31.56,35.492,25.859,92.70750000000001,0.20349999999999113,97.234,-4.322999999999993,0.20349999999999113,93.271,97.294,-4.022999999999996,57.0,0.10526315789473684,26.0,0.23076923076923078,36.0,36.0,1,0,0,1,0,1,0,0.0,6.0,0.0,25
SAI,Ferrari,7.0,0 days 00:01:33.421000,0 days 00:00:31.885000,0 days 00:00:35.584000,0 days 00:00:25.952000,MEDIUM,7.0,1.0,,,1,4.0,False,2024,Miami,R,93.421,31.885,35.584,25.952,92.70750000000001,0.7134999999999962,97.234,-3.812999999999988,0.7134999999999962,93.84100000000001,97.294,-3.4529999999999887,57.0,0.12280701754385964,26.0,0.2692307692307692,49.0,49.0,1,0,0,1,0,1,0,0.0,7.0,0.0,25
SAI,Ferrari,8.0,0 days 00:01:33.339000,0 days 00:00:31.778000,0 days 00:00:35.615000,0 days 00:00:25.946000,MEDIUM,8.0,1.0,,,1,4.0,False,2024,Miami,R,93.339,31.778,35.615,25.946,92.70750000000001,0.6314999999999884,97.234,-3.894999999999996,0.6314999999999884,93.819,97.294,-3.4749999999999943,57.0,0.14035087719298245,26.0,0.3076923076923077,64.0,64.0,1,0,0,1,0,1,0,0.0,8.0,0.0,25
SAI,Ferrari,9.0,0 days 00:01:33.078000,0 days 00:00:31.982000,0 days 00:00:35.333000,0 days 00:00:25.763000,MEDIUM,9.0,1.0,,,1,4.0,False,2024,Miami,R,93.078,31.982,35.333,25.763,92.70750000000001,0.3704999999999927,97.234,-4.155999999999992,0.3704999999999927,93.61800000000001,97.294,-3.6759999999999877,57.0,0.15789473684210525,26.0,0.34615384615384615,81.0,81.0,1,0,0,1,0,1,0,0.0,9.0,0.0,25
SAI,Ferrari,10.0,0 days 00:01:33.334000,0 days 00:00:31.791000,0 days 00:00:35.665000,0 days 00:00:25.878000,MEDIUM,10.0,1.0,,,1,4.0,False,2024,Miami,R,93.334,31.791,35.665,25.878,92.70750000000001,0.626499999999993,97.234,-3.8999999999999915,0.626499999999993,93.934,97.294,-3.3599999999999994,57.0,0.17543859649122806,26.0,0.38461538461538464,100.0,100.0,1,0,0,1,0,1,0,0.0,10.0,0.0,25
SAI,Ferrari,11.0,0 days 00:01:33.355000,0 days 00:00:31.966000,0 days 00:00:35.461000,0 days 00:00:25.928000,MEDIUM,11.0,1.0,,,1,4.0,False,2024,Miami,R,93.355,31.966,35.461,25.928,92.70750000000001,0.6474999999999937,97.234,-3.8789999999999907,0.6474999999999937,94.015,97.294,-3.2789999999999964,57.0,0.19298245614035087,26.0,0.4230769230769231,121.0,121.0,1,0,0,1,0,1,0,0.0,11.0,0.0,25
SAI,Ferrari,12.0,0 days 00:01:33.153000,0 days 00:00:31.771000,0 days 00:00:35.506000,0 days 00:00:25.876000,MEDIUM,12.0,1.0,,,1,4.0,False,2024,Miami,R,93.153,31.771,35.506,25.876,92.70750000000001,0.44549999999999557,97.234,-4.080999999999989,0.44549999999999557,93.873,97.294,-3.4209999999999923,57.0,0.21052631578947367,26.0,0.46153846153846156,144.0,144.0,1,0,0,1,0,1,0,0.0,12.0,0.0,25
SAI,Ferrari,13.0,0 days 00:01:33.605000,0 days 00:00:31.622000,0 days 00:00:35.723000,0 days 00:00:26.260000,MEDIUM,13.0,1.0,,,1,4.0,False,2024,Miami,R,93.605,31.622,35.723,26.26,92.70750000000001,0.8974999999999937,97.234,-3.6289999999999907,0.8974999999999937,94.385,97.294,-2.908999999999992,57.0,0.22807017543859648,26.0,0.5,169.0,169.0,1,0,0,1,0,1,0,0.0,13.0,0.0,25
SAI,Ferrari,14.0,0 days 00:01:32.992000,0 days 00:00:31.618000,0 days 00:00:35.440000,0 days 00:00:25.934000,MEDIUM,14.0,1.0,,,1,4.0,False,2024,Miami,R,92.992,31.618,35.44,25.934,92.70750000000001,0.2844999999999942,97.234,-4.24199999999999,0.2844999999999942,93.83200000000001,97.294,-3.461999999999989,57.0,0.24561403508771928,26.0,0.5384615384615384,196.0,196.0,1,0,0,1,0,1,0,0.0,14.0,0.0,25
SAI,Ferrari,15.0,0 days 00:01:33.119000,0 days 00:00:31.434000,0 days 00:00:35.564000,0 days 00:00:26.121000,MEDIUM,15.0,1.0,,,1,4.0,False,2024,Miami,R,93.119,31.434,35.564,26.121,92.70750000000001,0.41149999999998954,97.234,-4.114999999999995,0.41149999999998954,94.019,97.294,-3.2749999999999915,57.0,0.2631578947368421,26.0,0.5769230769230769,225.0,225.0,1,0,0,1,0,1,0,0.0,15.0,0.0,25
SAI,Ferrari,16.0,0 days 00:01:33.245000,0 days 00:00:31.665000,0 days 00:00:35.548000,0 days 00:00:26.032000,MEDIUM,16.0,1.0,,,1,4.0,False,2024,Miami,R,93.245,31.665,35.548,26.032,92.70750000000001,0.5374999999999943,97.234,-3.98899999999999,0.5374999999999943,94.205,97.294,-3.0889999999999986,57.0,0.2807017543859649,26.0,0.6153846153846154,256.0,256.0,1,0,0,1,0,1,0,0.0,16.0,0.0,25
SAI,Ferrari,17.0,0 days 00:01:33.230000,0 days 00:00:31.487000,0 days 00:00:35.669000,0 days 00:00:26.074000,MEDIUM,17.0,1.0,,,1,4.0,False,2024,Miami,R,93.23,31.487,35.669,26.074,92.70750000000001,0.5224999999999937,97.234,-4.003999999999991,0.5224999999999937,94.25,97.294,-3.043999999999997,57.0,0.2982456140350877,26.0,0.6538461538461539,289.0,289.0,1,0,0,1,0,1,0,0.0,17.0,0.0,25
SAI,Ferrari,18.0,0 days 00:01:33.065000,0 days 00:00:31.464000,0 days 00:00:35.501000,0 days 00:00:26.100000,MEDIUM,18.0,1.0,,,1,4.0,False,2024,Miami,R,93.065,31.464,35.501,26.1,92.70750000000001,0.3574999999999875,97.234,-4.168999999999997,0.3574999999999875,94.145,97.294,-3.149000000000001,57.0,0.3157894736842105,26.0,0.6923076923076923,324.0,324.0,1,0,0,1,0,1,0,0.0,18.0,0.0,25
SAI,Ferrari,19.0,0 days 00:01:32.838000,0 days 00:00:31.391000,0 days 00:00:35.420000,0 days 00:00:26.027000,MEDIUM,19.0,1.0,,,1,3.0,False,2024,Miami,R,92.838,31.391,35.42,26.027,92.70750000000001,0.13049999999998363,97.234,-4.396000000000001,0.13049999999998363,93.978,97.294,-3.3160000000000025,57.0,0.3333333333333333,26.0,0.7307692307692307,361.0,361.0,1,0,0,0,0,1,0,0.0,19.0,0.0,25
SAI,Ferrari,20.0,0 days 00:01:32.628000,0 days 00:00:31.086000,0 days 00:00:35.543000,0 days 00:00:25.999000,MEDIUM,20.0,1.0,,,1,3.0,False,2024,Miami,R,92.628,31.086,35.543,25.999,92.70750000000001,0.07950000000001012,97.234,-4.6059999999999945,-0.07950000000001012,93.828,97.294,-3.465999999999994,57.0,0.3508771929824561,26.0,0.7692307692307693,400.0,400.0,1,0,0,0,0,1,0,0.0,20.0,0.0,25
SAI,Ferrari,21.0,0 days 00:01:32.778000,0 days 00:00:31.340000,0 days 00:00:35.457000,0 days 00:00:25.981000,MEDIUM,21.0,1.0,,,1,3.0,False,2024,Miami,R,92.778,31.34,35.457,25.981,92.70750000000001,0.07049999999999557,97.234,-4.455999999999989,0.07049999999999557,94.03800000000001,97.294,-3.255999999999986,57.0,0.3684210526315789,26.0,0.8076923076923077,441.0,441.0,1,0,0,0,0,1,0,0.0,21.0,0.0,25
SAI,Ferrari,22.0,0 days 00:01:32.775000,0 days 00:00:31.312000,0 days 00:00:35.440000,0 days 00:00:26.023000,MEDIUM,22.0,1.0,,,1,3.0,False,2024,Miami,R,92.775,31.312,35.44,26.023,92.70750000000001,0.06749999999999545,97.234,-4.458999999999989,0.06749999999999545,94.095,97.294,-3.198999999999998,57.0,0.38596491228070173,26.0,0.8461538461538461,484.0,484.0,1,0,0,0,0,1,0,0.0,22.0,0.0,25
SAI,Ferrari,24.0,0 days 00:01:32.640000,0 days 00:00:31.240000,0 days 00:00:35.346000,0 days 00:00:26.054000,MEDIUM,24.0,1.0,,,1,2.0,False,2024,Miami,R,92.64,31.24,35.346,26.054,92.70750000000001,0.06750000000000966,97.234,-4.593999999999994,-0.06750000000000966,94.08,97.294,-3.2139999999999986,57.0,0.42105263157894735,26.0,0.9230769230769231,576.0,576.0,1,0,0,0,0,1,0,0.0,24.0,0.0,25
SAI,Ferrari,25.0,0 days 00:01:32.455000,0 days 00:00:31.061000,0 days 00:00:35.433000,0 days 00:00:25.961000,MEDIUM,25.0,1.0,,,1,2.0,False,2024,Miami,R,92.455,31.061,35.433,25.961,92.70750000000001,0.25250000000001194,97.234,-4.778999999999996,-0.25250000000001194,93.955,97.294,-3.3389999999999986,57.0,0.43859649122807015,26.0,0.9615384615384616,625.0,625.0,1,0,0,0,0,1,0,0.0,25.0,0.0,25
SAI,Ferrari,26.0,0 days 00:01:32.573000,0 days 00:00:31.168000,0 days 00:00:35.372000,0 days 00:00:26.033000,MEDIUM,26.0,1.0,,,1,2.0,False,2024,Miami,R,92.573,31.168,35.372,26.033,92.70750000000001,0.13450000000001694,97.234,-4.661000000000001,-0.13450000000001694,94.133,97.294,-3.1610000000000014,57.0,0.45614035087719296,26.0,1.0,676.0,676.0,1,0,0,0,0,1,0,0.0,26.0,0.0,25
SAI,Ferrari,33.0,0 days 00:01:33.197000,0 days 00:00:32.030000,0 days 00:00:35.338000,0 days 00:00:25.829000,HARD,6.0,2.0,,,1,5.0,False,2024,Miami,R,93.197,32.03,35.338,25.829,92.70750000000001,0.4894999999999925,93.197,0.0,0.4894999999999925,95.177,95.177,0.0,57.0,0.5789473684210527,30.0,0.2,36.0,1089.0,0,1,0,0,0,0,1,0.0,0.0,6.0,24
SAI,Ferrari,35.0,0 days 00:01:31.423000,0 days 00:00:30.940000,0 days 00:00:34.790000,0 days 00:00:25.693000,HARD,8.0,2.0,,,1,5.0,False,2024,Miami,R,91.423,30.94,34.79,25.693,92.70750000000001,1.2845000000000084,93.197,-1.774000000000001,-1.2845000000000084,93.523,95.177,-1.6540000000000106,57.0,0.6140350877192983,30.0,0.26666666666666666,64.0,1225.0,0,1,0,0,0,0,1,0.0,0.0,8.0,24
SAI,Ferrari,36.0,0 days 00:01:32.105000,0 days 00:00:30.864000,0 days 00:00:35.547000,0 days 00:00:25.694000,HARD,9.0,2.0,,,1,5.0,False,2024,Miami,R,92.105,30.864,35.547,25.694,92.70750000000001,0.6025000000000063,93.197,-1.0919999999999987,-0.6025000000000063,94.265,95.177,-0.9120000000000061,57.0,0.631578947368421,30.0,0.3,81.0,1296.0,0,1,0,0,0,0,1,0.0,0.0,9.0,24
SAI,Ferrari,37.0,0 days 00:01:32.315000,0 days 00:00:31.775000,0 days 00:00:34.803000,0 days 00:00:25.737000,HARD,10.0,2.0,,,1,5.0,False,2024,Miami,R,92.315,31.775,34.803,25.737,92.70750000000001,0.3925000000000125,93.197,-0.882000000000005,-0.3925000000000125,94.535,95.177,-0.6420000000000101,57.0,0.6491228070175439,30.0,0.3333333333333333,100.0,1369.0,0,1,0,0,0,0,1,0.0,0.0,10.0,24
SAI,Ferrari,38.0,0 days 00:01:31.366000,0 days 00:00:31.051000,0 days 00:00:34.705000,0 days 00:00:25.610000,HARD,11.0,2.0,,,1,5.0,False,2024,Miami,R,91.366,31.051,34.705,25.61,92.70750000000001,1.3415000000000106,93.197,-1.831000000000003,-1.3415000000000106,93.646,95.177,-1.531000000000006,57.0,0.6666666666666666,30.0,0.36666666666666664,121.0,1444.0,0,1,1,0,0,0,1,0.0,0.0,11.0,24
SAI,Ferrari,39.0,0 days 00:01:32.198000,0 days 00:00:31.004000,0 days 00:00:35.175000,0 days 00:00:26.019000,HARD,12.0,2.0,,,1,4.0,False,2024,Miami,R,92.198,31.004,35.175,26.019,92.70750000000001,0.5095000000000169,93.197,-0.9990000000000094,-0.5095000000000169,94.538,95.177,-0.63900000000001,57.0,0.6842105263157895,30.0,0.4,144.0,1521.0,0,1,1,0,0,0,1,0.0,0.0,12.0,24
SAI,Ferrari,40.0,0 days 00:01:32.455000,0 days 00:00:31.577000,0 days 00:00:35.058000,0 days 00:00:25.820000,HARD,13.0,2.0,,,1,4.0,False,2024,Miami,R,92.455,31.577,35.058,25.82,92.70750000000001,0.25250000000001194,93.197,-0.7420000000000044,-0.25250000000001194,94.855,95.177,-0.32200000000000273,57.0,0.7017543859649122,30.0,0.43333333333333335,169.0,1600.0,0,1,1,0,0,0,1,0.0,0.0,13.0,24
SAI,Ferrari,41.0,0 days 00:01:32.006000,0 days 00:00:30.761000,0 days 00:00:35.329000,0 days 00:00:25.916000,HARD,14.0,2.0,,,1,4.0,False,2024,Miami,R,92.006,30.761,35.329,25.916,92.70750000000001,0.70150000000001,93.197,-1.1910000000000025,-0.70150000000001,94.466,95.177,-0.7110000000000127,57.0,0.7192982456140351,30.0,0.4666666666666667,196.0,1681.0,0,1,1,0,0,0,1,0.0,0.0,14.0,24
SAI,Ferrari,42.0,0 days 00:01:31.581000,0 days 00:00:30.772000,0 days 00:00:34.914000,0 days 00:00:25.895000,HARD,15.0,2.0,,,1,4.0,False,2024,Miami,R,91.581,30.772,34.914,25.895,92.70750000000001,1.1265000000000072,93.197,-1.6159999999999997,-1.1265000000000072,94.101,95.177,-1.0760000000000076,57.0,0.7368421052631579,30.0,0.5,225.0,1764.0,0,1,1,0,0,0,1,0.0,0.0,15.0,24
SAI,Ferrari,43.0,0 days 00:01:31.052000,0 days 00:00:30.556000,0 days 00:00:34.672000,0 days 00:00:25.824000,HARD,16.0,2.0,,,1,4.0,False,2024,Miami,R,91.052,30.556,34.672,25.824,92.70750000000001,1.6555000000000035,93.197,-2.144999999999996,-1.6555000000000035,93.632,95.177,-1.5450000000000017,57.0,0.7543859649122807,30.0,0.5333333333333333,256.0,1849.0,0,1,1,0,0,0,1,0.0,0.0,16.0,24
SAI,Ferrari,44.0,0 days 00:01:31.362000,0 days 00:00:30.529000,0 days 00:00:34.996000,0 days 00:00:25.837000,HARD,17.0,2.0,,,1,4.0,False,2024,Miami,R,91.362,30.529,34.996,25.837,92.70750000000001,1.3455000000000155,93.197,-1.835000000000008,-1.3455000000000155,94.002,95.177,-1.1750000000000114,57.0,0.7719298245614035,30.0,0.5666666666666667,289.0,1936.0,0,1,1,0,0,0,1,0.0,0.0,17.0,24
SAI,Ferrari,45.0,0 days 00:01:31.501000,0 days 00:00:30.650000,0 days 00:00:35.041000,0 days 00:00:25.810000,HARD,18.0,2.0,,,1,4.0,False,2024,Miami,R,91.501,30.65,35.041,25.81,92.70750000000001,1.2065000000000055,93.197,-1.695999999999998,-1.2065000000000055,94.20100000000001,95.177,-0.9759999999999991,57.0,0.7894736842105263,30.0,0.6,324.0,2025.0,0,1,1,0,0,0,1,0.0,0.0,18.0,24
SAI,Ferrari,46.0,0 days 00:01:31.348000,0 days 00:00:30.513000,0 days 00:00:35.070000,0 days 00:00:25.765000,HARD,19.0,2.0,,,1,4.0,False,2024,Miami,R,91.348,30.513,35.07,25.765,92.70750000000001,1.3595000000000113,93.197,-1.8490000000000038,-1.3595000000000113,94.108,95.177,-1.0690000000000026,57.0,0.8070175438596491,30.0,0.6333333333333333,361.0,2116.0,0,1,1,0,0,0,1,0.0,0.0,19.0,24
SAI,Ferrari,47.0,0 days 00:01:31.523000,0 days 00:00:30.635000,0 days 00:00:35.102000,0 days 00:00:25.786000,HARD,20.0,2.0,,,1,4.0,False,2024,Miami,R,91.523,30.635,35.102,25.786,92.70750000000001,1.184500000000014,93.197,-1.6740000000000066,-1.184500000000014,94.34299999999999,95.177,-0.8340000000000174,57.0,0.8245614035087719,30.0,0.6666666666666666,400.0,2209.0,0,1,1,0,0,0,1,0.0,0.0,20.0,24
SAI,Ferrari,48.0,0 days 00:01:31.392000,0 days 00:00:30.722000,0 days 00:00:34.880000,0 days 00:00:25.790000,HARD,21.0,2.0,,,1,4.0,False,2024,Miami,R,91.392,30.722,34.88,25.79,92.70750000000001,1.3155000000000143,93.197,-1.8050000000000068,-1.3155000000000143,94.27199999999999,95.177,-0.9050000000000153,57.0,0.8421052631578947,30.0,0.7,441.0,2304.0,0,1,1,0,0,0,1,0.0,0.0,21.0,24
SAI,Ferrari,49.0,0 days 00:01:31.415000,0 days 00:00:30.516000,0 days 00:00:35.180000,0 days 00:00:25.719000,HARD,22.0,2.0,,,1,4.0,False,2024,Miami,R,91.415,30.516,35.18,25.719,92.70750000000001,1.292500000000004,93.197,-1.7819999999999965,-1.292500000000004,94.355,95.177,-0.8220000000000027,57.0,0.8596491228070176,30.0,0.7333333333333333,484.0,2401.0,0,1,1,0,0,0,1,0.0,0.0,22.0,24
SAI,Ferrari,50.0,0 days 00:01:31.546000,0 days 00:00:30.318000,0 days 00:00:35.095000,0 days 00:00:26.133000,HARD,23.0,2.0,,,1,4.0,False,2024,Miami,R,91.546,30.318,35.095,26.133,92.70750000000001,1.1615000000000038,93.197,-1.6509999999999962,-1.1615000000000038,94.546,95.177,-0.6310000000000002,57.0,0.8771929824561403,30.0,0.7666666666666667,529.0,2500.0,0,1,1,0,0,0,1,0.0,0.0,23.0,24
SAI,Ferrari,51.0,0 days 00:01:31.039000,0 days 00:00:30.511000,0 days 00:00:34.806000,0 days 00:00:25.722000,HARD,24.0,2.0,,,1,4.0,False,2024,Miami,R,91.039,30.511,34.806,25.722,92.70750000000001,1.6685000000000088,93.197,-2.1580000000000013,-1.6685000000000088,94.099,95.177,-1.078000000000003,57.0,0.8947368421052632,30.0,0.8,576.0,2601.0,0,1,1,0,0,0,1,0.0,0.0,24.0,24
SAI,Ferrari,52.0,0 days 00:01:31.363000,0 days 00:00:30.554000,0 days 00:00:35.048000,0 days 00:00:25.761000,HARD,25.0,2.0,,,1,4.0,False,2024,Miami,R,91.363,30.554,35.048,25.761,92.70750000000001,1.3445000000000107,93.197,-1.8340000000000032,-1.3445000000000107,94.483,95.177,-0.6940000000000026,57.0,0.9122807017543859,30.0,0.8333333333333334,625.0,2704.0,0,1,1,0,0,0,1,0.0,0.0,25.0,24
SAI,Ferrari,53.0,0 days 00:01:31.567000,0 days 00:00:30.472000,0 days 00:00:35.245000,0 days 00:00:25.850000,HARD,26.0,2.0,,,1,4.0,False,2024,Miami,R,91.567,30.472,35.245,25.85,92.70750000000001,1.1405000000000172,93.197,-1.6300000000000097,-1.1405000000000172,94.74699999999999,95.177,-0.43000000000002103,57.0,0.9298245614035088,30.0,0.8666666666666667,676.0,2809.0,0,1,1,0,0,0,1,0.0,0.0,26.0,24
SAI,Ferrari,54.0,0 days 00:01:31.325000,0 days 00:00:30.429000,0 days 00:00:35.075000,0 days 00:00:25.821000,HARD,27.0,2.0,,,1,4.0,False,2024,Miami,R,91.325,30.429,35.075,25.821,92.70750000000001,1.3825000000000074,93.197,-1.8719999999999999,-1.3825000000000074,94.565,95.177,-0.612000000000009,57.0,0.9473684210526315,30.0,0.9,729.0,2916.0,0,1,1,0,0,0,1,0.0,0.0,27.0,24
SAI,Ferrari,55.0,0 days 00:01:30.928000,0 days 00:00:30.417000,0 days 00:00:34.860000,0 days 00:00:25.651000,HARD,28.0,2.0,,,1,4.0,False,2024,Miami,R,90.928,30.417,34.86,25.651,92.70750000000001,1.779500000000013,93.197,-2.2690000000000055,-1.779500000000013,94.228,95.177,-0.9490000000000123,57.0,0.9649122807017544,30.0,0.9333333333333333,784.0,3025.0,0,1,1,0,0,0,1,0.0,0.0,28.0,24
SAI,Ferrari,56.0,0 days 00:01:31.062000,0 days 00:00:30.624000,0 days 00:00:34.782000,0 days 00:00:25.656000,HARD,29.0,2.0,,,1,4.0,False,2024,Miami,R,91.062,30.624,34.782,25.656,92.70750000000001,1.6455000000000126,93.197,-2.135000000000005,-1.6455000000000126,94.422,95.177,-0.7550000000000097,57.0,0.9824561403508771,30.0,0.9666666666666667,841.0,3136.0,0,1,1,0,0,0,1,0.0,0.0,29.0,24
SAI,Ferrari,57.0,0 days 00:01:31.100000,0 days 00:00:30.573000,0 days 00:00:34.833000,0 days 00:00:25.694000,HARD,30.0,2.0,,,1,4.0,False,2024,Miami,R,91.1,30.573,34.833,25.694,92.70750000000001,1.607500000000016,93.197,-2.0970000000000084,-1.607500000000016,94.52,95.177,-0.6570000000000107,57.0,1.0,30.0,1.0,900.0,3249.0,0,1,1,0,0,0,1,0.0,0.0,30.0,24
SAR,Williams,2.0,0 days 00:01:35.367000,0 days 00:00:33.179000,0 days 00:00:36.041000,0 days 00:00:26.147000,MEDIUM,2.0,1.0,,,1,16.0,False,2024,Miami,R,95.367,33.179,36.041,26.147,94.022,1.3449999999999989,95.367,0.0,1.3449999999999989,95.48700000000001,95.48700000000001,0.0,57.0,0.03508771929824561,10.0,0.2,4.0,4.0,1,0,0,1,0,1,0,0.0,2.0,0.0,9
SAR,Williams,3.0,0 days 00:01:34.646000,0 days 00:00:32.871000,0 days 00:00:35.727000,0 days 00:00:26.048000,MEDIUM,3.0,1.0,,,1,16.0,False,2024,Miami,R,94.646,32.871,35.727,26.048,94.022,0.6239999999999952,95.367,-0.7210000000000036,0.6239999999999952,94.82600000000001,95.48700000000001,-0.6610000000000014,57.0,0.05263157894736842,10.0,0.3,9.0,9.0,1,0,0,1,0,1,0,0.0,3.0,0.0,9
SAR,Williams,4.0,0 days 00:01:34.303000,0 days 00:00:32.524000,0 days 00:00:35.784000,0 days 00:00:25.995000,MEDIUM,4.0,1.0,,,1,16.0,False,2024,Miami,R,94.303,32.524,35.784,25.995,94.022,0.2809999999999917,95.367,-1.0640000000000072,0.2809999999999917,94.54299999999999,95.48700000000001,-0.9440000000000168,57.0,0.07017543859649122,10.0,0.4,16.0,16.0,1,0,0,1,0,1,0,0.0,4.0,0.0,9
SAR,Williams,5.0,0 days 00:01:33.833000,0 days 00:00:32.257000,0 days 00:00:35.814000,0 days 00:00:25.762000,MEDIUM,5.0,1.0,,,1,16.0,False,2024,Miami,R,93.833,32.257,35.814,25.762,94.022,0.18900000000000716,95.367,-1.534000000000006,-0.18900000000000716,94.133,95.48700000000001,-1.3540000000000134,57.0,0.08771929824561403,10.0,0.5,25.0,25.0,1,0,0,1,0,1,0,0.0,5.0,0.0,9
SAR,Williams,6.0,0 days 00:01:34.465000,0 days 00:00:32.715000,0 days 00:00:35.831000,0 days 00:00:25.919000,MEDIUM,6.0,1.0,,,1,16.0,False,2024,Miami,R,94.465,32.715,35.831,25.919,94.022,0.44299999999999784,95.367,-0.902000000000001,0.44299999999999784,94.825,95.48700000000001,-0.6620000000000061,57.0,0.10526315789473684,10.0,0.6,36.0,36.0,1,0,0,1,0,1,0,0.0,6.0,0.0,9
SAR,Williams,7.0,0 days 00:01:34.641000,0 days 00:00:32.346000,0 days 00:00:35.904000,0 days 00:00:26.391000,MEDIUM,7.0,1.0,,,1,16.0,False,2024,Miami,R,94.641,32.346,35.904,26.391,94.022,0.6189999999999998,95.367,-0.7259999999999991,0.6189999999999998,95.061,95.48700000000001,-0.42600000000000193,57.0,0.12280701754385964,10.0,0.7,49.0,49.0,1,0,0,1,0,1,0,0.0,7.0,0.0,9
SAR,Williams,8.0,0 days 00:01:34.474000,0 days 00:00:32.454000,0 days 00:00:36.045000,0 days 00:00:25.975000,MEDIUM,8.0,1.0,,,1,16.0,False,2024,Miami,R,94.474,32.454,36.045,25.975,94.022,0.4519999999999982,95.367,-0.8930000000000007,0.4519999999999982,94.95400000000001,95.48700000000001,-0.5330000000000013,57.0,0.14035087719298245,10.0,0.8,64.0,64.0,1,0,0,1,0,1,0,0.0,8.0,0.0,9
SAR,Williams,9.0,0 days 00:01:34.275000,0 days 00:00:32.351000,0 days 00:00:35.859000,0 days 00:00:26.065000,MEDIUM,9.0,1.0,,,1,16.0,False,2024,Miami,R,94.275,32.351,35.859,26.065,94.022,0.2530000000000001,95.367,-1.0919999999999987,0.2530000000000001,94.81500000000001,95.48700000000001,-0.671999999999997,57.0,0.15789473684210525,10.0,0.9,81.0,81.0,1,0,0,1,0,1,0,0.0,9.0,0.0,9
SAR,Williams,10.0,0 days 00:01:34.582000,0 days 00:00:32.442000,0 days 00:00:36.009000,0 days 00:00:26.131000,MEDIUM,10.0,1.0,,,1,15.0,False,2024,Miami,R,94.582,32.442,36.009,26.131,94.022,0.5599999999999881,95.367,-0.7850000000000108,0.5599999999999881,95.18199999999999,95.48700000000001,-0.30500000000002103,57.0,0.17543859649122806,10.0,1.0,100.0,100.0,1,0,0,1,0,1,0,0.0,10.0,0.0,9
SAR,Williams,13.0,0 days 00:01:33.706000,0 days 00:00:32.027000,0 days 00:00:35.676000,0 days 00:00:26.003000,HARD,2.0,2.0,,,1,19.0,False,2024,Miami,R,93.706,32.027,35.676,26.003,94.022,0.3160000000000025,93.706,0.0,-0.3160000000000025,94.486,94.486,0.0,57.0,0.22807017543859648,16.0,0.125,4.0,169.0,0,1,0,1,0,0,1,0.0,0.0,2.0,14
SAR,Williams,14.0,0 days 00:01:33.692000,0 days 00:00:32.104000,0 days 00:00:35.535000,0 days 00:00:26.053000,HARD,3.0,2.0,,,1,19.0,False,2024,Miami,R,93.692,32.104,35.535,26.053,94.022,0.3300000000000125,93.706,-0.014000000000010004,-0.3300000000000125,94.532,94.486,0.04599999999999227,57.0,0.24561403508771928,16.0,0.1875,9.0,196.0,0,1,0,1,0,0,1,0.0,0.0,3.0,14
SAR,Williams,15.0,0 days 00:01:33.452000,0 days 00:00:32.123000,0 days 00:00:35.381000,0 days 00:00:25.948000,HARD,4.0,2.0,,,1,19.0,False,2024,Miami,R,93.452,32.123,35.381,25.948,94.022,0.5700000000000074,93.706,-0.2540000000000049,-0.5700000000000074,94.352,94.486,-0.13400000000000034,57.0,0.2631578947368421,16.0,0.25,16.0,225.0,0,1,0,1,0,0,1,0.0,0.0,4.0,14
SAR,Williams,16.0,0 days 00:01:34.022000,0 days 00:00:32.244000,0 days 00:00:35.667000,0 days 00:00:26.111000,HARD,5.0,2.0,,,1,19.0,False,2024,Miami,R,94.022,32.244,35.667,26.111,94.022,0.0,93.706,0.3160000000000025,0.0,94.982,94.486,0.4959999999999951,57.0,0.2807017543859649,16.0,0.3125,25.0,256.0,0,1,0,1,0,0,1,0.0,0.0,5.0,14
SAR,Williams,17.0,0 days 00:01:33.717000,0 days 00:00:32.076000,0 days 00:00:35.656000,0 days 00:00:25.985000,HARD,6.0,2.0,,,1,19.0,False,2024,Miami,R,93.717,32.076,35.656,25.985,94.022,0.3050000000000068,93.706,0.01099999999999568,-0.3050000000000068,94.737,94.486,0.25099999999999056,57.0,0.2982456140350877,16.0,0.375,36.0,289.0,0,1,0,1,0,0,1,0.0,0.0,6.0,14
SAR,Williams,18.0,0 days 00:01:33.680000,0 days 00:00:31.955000,0 days 00:00:35.770000,0 days 00:00:25.955000,HARD,7.0,2.0,,,1,19.0,False,2024,Miami,R,93.68,31.955,35.77,25.955,94.022,0.34199999999999875,93.706,-0.02599999999999625,-0.34199999999999875,94.76,94.486,0.2740000000000009,57.0,0.3157894736842105,16.0,0.4375,49.0,324.0,0,1,0,1,0,0,1,0.0,0.0,7.0,14
SAR,Williams,19.0,0 days 00:01:33.542000,0 days 00:00:31.979000,0 days 00:00:35.642000,0 days 00:00:25.921000,HARD,8.0,2.0,,,1,19.0,False,2024,Miami,R,93.542,31.979,35.642,25.921,94.022,0.480000000000004,93.706,-0.16400000000000148,-0.480000000000004,94.682,94.486,0.19599999999999795,57.0,0.3333333333333333,16.0,0.5,64.0,361.0,0,1,0,0,0,0,1,0.0,0.0,8.0,14
SAR,Williams,20.0,0 days 00:01:33.715000,0 days 00:00:32.038000,0 days 00:00:35.690000,0 days 00:00:25.987000,HARD,9.0,2.0,,,1,19.0,False,2024,Miami,R,93.715,32.038,35.69,25.987,94.022,0.30700000000000216,93.706,0.009000000000000341,-0.30700000000000216,94.915,94.486,0.42900000000000205,57.0,0.3508771929824561,16.0,0.5625,81.0,400.0,0,1,0,0,0,0,1,0.0,0.0,9.0,14
SAR,Williams,21.0,0 days 00:01:33.805000,0 days 00:00:31.866000,0 days 00:00:35.863000,0 days 00:00:26.076000,HARD,10.0,2.0,,,1,19.0,False,2024,Miami,R,93.805,31.866,35.863,26.076,94.022,0.21699999999999875,93.706,0.09900000000000375,-0.21699999999999875,95.06500000000001,94.486,0.5790000000000077,57.0,0.3684210526315789,16.0,0.625,100.0,441.0,0,1,0,0,0,0,1,0.0,0.0,10.0,14
SAR,Williams,23.0,0 days 00:01:38.214000,0 days 00:00:36.614000,0 days 00:00:35.600000,0 days 00:00:26,HARD,12.0,2.0,,,671,18.0,False,2024,Miami,R,98.214,36.614,35.6,26.0,94.022,4.191999999999993,93.706,4.507999999999996,4.191999999999993,99.594,94.486,5.10799999999999,57.0,0.40350877192982454,16.0,0.75,144.0,529.0,0,1,0,0,0,0,1,0.0,0.0,12.0,14
SAR,Williams,24.0,0 days 00:01:33.685000,0 days 00:00:31.836000,0 days 00:00:35.882000,0 days 00:00:25.967000,HARD,13.0,2.0,,,1,18.0,False,2024,Miami,R,93.685,31.836,35.882,25.967,94.022,0.3370000000000033,93.706,-0.021000000000000796,-0.3370000000000033,95.125,94.486,0.6389999999999958,57.0,0.42105263157894735,16.0,0.8125,169.0,576.0,0,1,0,0,0,0,1,0.0,0.0,13.0,14
SAR,Williams,25.0,0 days 00:01:33.802000,0 days 00:00:31.854000,0 days 00:00:35.812000,0 days 00:00:26.136000,HARD,14.0,2.0,,,1,18.0,False,2024,Miami,R,93.802,31.854,35.812,26.136,94.022,0.21999999999999886,93.706,0.09600000000000364,-0.21999999999999886,95.302,94.486,0.8160000000000025,57.0,0.43859649122807015,16.0,0.875,196.0,625.0,0,1,0,0,0,0,1,0.0,0.0,14.0,14
SAR,Williams,26.0,0 days 00:01:34.215000,0 days 00:00:32.051000,0 days 00:00:36.155000,0 days 00:00:26.009000,HARD,15.0,2.0,,,1,18.0,False,2024,Miami,R,94.215,32.051,36.155,26.009,94.022,0.19299999999999784,93.706,0.5090000000000003,0.19299999999999784,95.775,94.486,1.2890000000000015,57.0,0.45614035087719296,16.0,0.9375,225.0,676.0,0,1,0,0,0,0,1,0.0,0.0,15.0,14
SAR,Williams,27.0,0 days 00:01:33.555000,0 days 00:00:31.792000,0 days 00:00:35.710000,0 days 00:00:26.053000,HARD,16.0,2.0,,,1,18.0,False,2024,Miami,R,93.555,31.792,35.71,26.053,94.022,0.46699999999999875,93.706,-0.15099999999999625,-0.46699999999999875,95.17500000000001,94.486,0.6890000000000072,57.0,0.47368421052631576,16.0,1.0,256.0,729.0,0,1,0,0,0,0,1,0.0,0.0,16.0,14
STR,Aston Martin,2.0,0 days 00:01:34.526000,0 days 00:00:32.797000,0 days 00:00:35.722000,0 days 00:00:26.007000,MEDIUM,3.0,1.0,,,1,11.0,False,2024,Miami,R,94.526,32.797,35.722,26.007,93.6665,0.859499999999997,94.526,0.0,0.859499999999997,94.646,94.646,0.0,57.0,0.03508771929824561,11.0,0.2727272727272727,9.0,4.0,1,0,0,1,0,1,0,0.0,3.0,0.0,9
STR,Aston Martin,3.0,0 days 00:01:34.214000,0 days 00:00:32.522000,0 days 00:00:35.786000,0 days 00:00:25.906000,MEDIUM,4.0,1.0,,,1,11.0,False,2024,Miami,R,94.214,32.522,35.786,25.906,93.6665,0.5474999999999994,94.526,-0.3119999999999976,0.5474999999999994,94.394,94.646,-0.25199999999999534,57.0,0.05263157894736842,11.0,0.36363636363636365,16.0,9.0,1,0,0,1,0,1,0,0.0,4.0,0.0,9
STR,Aston Martin,4.0,0 days 00:01:34.066000,0 days 00:00:32.361000,0 days 00:00:35.903000,0 days 00:00:25.802000,MEDIUM,5.0,1.0,,,1,11.0,False,2024,Miami,R,94.066,32.361,35.903,25.802,93.6665,0.3995000000000033,94.526,-0.45999999999999375,0.3995000000000033,94.306,94.646,-0.3400000000000034,57.0,0.07017543859649122,11.0,0.45454545454545453,25.0,16.0,1,0,0,1,0,1,0,0.0,5.0,0.0,9
STR,Aston Martin,5.0,0 days 00:01:34.506000,0 days 00:00:32.111000,0 days 00:00:36.360000,0 days 00:00:26.035000,MEDIUM,6.0,1.0,,,1,11.0,False,2024,Miami,R,94.506,32.111,36.36,26.035,93.6665,0.839500000000001,94.526,-0.01999999999999602,0.839500000000001,94.806,94.646,0.1599999999999966,57.0,0.08771929824561403,11.0,0.5454545454545454,36.0,25.0,1,0,0,1,0,1,0,0.0,6.0,0.0,9
STR,Aston Martin,6.0,0 days 00:01:33.917000,0 days 00:00:32.244000,0 days 00:00:35.824000,0 days 00:00:25.849000,MEDIUM,7.0,1.0,,,1,11.0,False,2024,Miami,R,93.917,32.244,35.824,25.849,93.6665,0.2505000000000024,94.526,-0.6089999999999947,0.2505000000000024,94.277,94.646,-0.3689999999999998,57.0,0.10526315789473684,11.0,0.6363636363636364,49.0,36.0,1,0,0,1,0,1,0,0.0,7.0,0.0,9
STR,Aston Martin,7.0,0 days 00:01:34.064000,0 days 00:00:32.314000,0 days 00:00:35.782000,0 days 00:00:25.968000,MEDIUM,8.0,1.0,,,1,11.0,False,2024,Miami,R,94.064,32.314,35.782,25.968,93.6665,0.39749999999999375,94.526,-0.4620000000000033,0.39749999999999375,94.484,94.646,-0.16200000000000614,57.0,0.12280701754385964,11.0,0.7272727272727273,64.0,49.0,1,0,0,1,0,1,0,0.0,8.0,0.0,9
STR,Aston Martin,8.0,0 days 00:01:33.768000,0 days 00:00:32.162000,0 days 00:00:35.704000,0 days 00:00:25.902000,MEDIUM,9.0,1.0,,,1,11.0,False,2024,Miami,R,93.768,32.162,35.704,25.902,93.6665,0.10150000000000148,94.526,-0.7579999999999956,0.10150000000000148,94.248,94.646,-0.39799999999999613,57.0,0.14035087719298245,11.0,0.8181818181818182,81.0,64.0,1,0,0,1,0,1,0,0.0,9.0,0.0,9
STR,Aston Martin,9.0,0 days 00:01:34.100000,0 days 00:00:32.359000,0 days 00:00:35.828000,0 days 00:00:25.913000,MEDIUM,10.0,1.0,,,1,11.0,False,2024,Miami,R,94.1,32.359,35.828,25.913,93.6665,0.4334999999999951,94.526,-0.42600000000000193,0.4334999999999951,94.64,94.646,-0.006000000000000227,57.0,0.15789473684210525,11.0,0.9090909090909091,100.0,81.0,1,0,0,1,0,1,0,0.0,10.0,0.0,9
STR,Aston Martin,10.0,0 days 00:01:34.518000,0 days 00:00:32.410000,0 days 00:00:36.265000,0 days 00:00:25.843000,MEDIUM,11.0,1.0,,,1,11.0,False,2024,Miami,R,94.518,32.41,36.265,25.843,93.6665,0.8515000000000015,94.526,-0.007999999999995566,0.8515000000000015,95.118,94.646,0.4719999999999942,57.0,0.17543859649122806,11.0,1.0,121.0,100.0,1,0,0,1,0,1,0,0.0,11.0,0.0,9
STR,Aston Martin,13.0,0 days 00:01:33.936000,0 days 00:00:32.177000,0 days 00:00:35.785000,0 days 00:00:25.974000,HARD,3.0,2.0,,,1,17.0,False,2024,Miami,R,93.936,32.177,35.785,25.974,93.6665,0.26950000000000784,93.936,0.0,0.26950000000000784,94.71600000000001,94.71600000000001,0.0,57.0,0.22807017543859648,16.0,0.1875,9.0,169.0,0,1,0,1,0,0,1,0.0,0.0,3.0,12
STR,Aston Martin,14.0,0 days 00:01:33.362000,0 days 00:00:31.802000,0 days 00:00:35.620000,0 days 00:00:25.940000,HARD,4.0,2.0,,,1,17.0,False,2024,Miami,R,93.362,31.802,35.62,25.94,93.6665,0.30450000000000443,93.936,-0.5740000000000123,-0.30450000000000443,94.202,94.71600000000001,-0.51400000000001,57.0,0.24561403508771928,16.0,0.25,16.0,196.0,0,1,0,1,0,0,1,0.0,0.0,4.0,12
STR,Aston Martin,15.0,0 days 00:01:33.479000,0 days 00:00:31.814000,0 days 00:00:35.707000,0 days 00:00:25.958000,HARD,5.0,2.0,,,1,17.0,False,2024,Miami,R,93.479,31.814,35.707,25.958,93.6665,0.1875,93.936,-0.45700000000000784,-0.1875,94.379,94.71600000000001,-0.3370000000000033,57.0,0.2631578947368421,16.0,0.3125,25.0,225.0,0,1,0,1,0,0,1,0.0,0.0,5.0,12
STR,Aston Martin,16.0,0 days 00:01:33.858000,0 days 00:00:31.958000,0 days 00:00:35.847000,0 days 00:00:26.053000,HARD,6.0,2.0,,,1,17.0,False,2024,Miami,R,93.858,31.958,35.847,26.053,93.6665,0.1915000000000049,93.936,-0.07800000000000296,0.1915000000000049,94.818,94.71600000000001,0.10199999999998965,57.0,0.2807017543859649,16.0,0.375,36.0,256.0,0,1,0,1,0,0,1,0.0,0.0,6.0,12
STR,Aston Martin,17.0,0 days 00:01:33.473000,0 days 00:00:31.706000,0 days 00:00:35.780000,0 days 00:00:25.987000,HARD,7.0,2.0,,,1,17.0,False,2024,Miami,R,93.473,31.706,35.78,25.987,93.6665,0.19350000000000023,93.936,-0.46300000000000807,-0.19350000000000023,94.493,94.71600000000001,-0.2230000000000132,57.0,0.2982456140350877,16.0,0.4375,49.0,289.0,0,1,0,1,0,0,1,0.0,0.0,7.0,12
STR,Aston Martin,19.0,0 days 00:01:33.635000,0 days 00:00:31.777000,0 days 00:00:35.930000,0 days 00:00:25.928000,HARD,9.0,2.0,,,1,17.0,False,2024,Miami,R,93.635,31.777,35.93,25.928,93.6665,0.03149999999999409,93.936,-0.30100000000000193,-0.03149999999999409,94.775,94.71600000000001,0.0589999999999975,57.0,0.3333333333333333,16.0,0.5625,81.0,361.0,0,1,0,0,0,0,1,0.0,0.0,9.0,12
STR,Aston Martin,20.0,0 days 00:01:33.816000,0 days 00:00:31.884000,0 days 00:00:35.847000,0 days 00:00:26.085000,HARD,10.0,2.0,,,1,17.0,False,2024,Miami,R,93.816,31.884,35.847,26.085,93.6665,0.1495000000000033,93.936,-0.12000000000000455,0.1495000000000033,95.016,94.71600000000001,0.29999999999999716,57.0,0.3508771929824561,16.0,0.625,100.0,400.0,0,1,0,0,0,0,1,0.0,0.0,10.0,12
STR,Aston Martin,21.0,0 days 00:01:33.727000,0 days 00:00:31.906000,0 days 00:00:35.817000,0 days 00:00:26.004000,HARD,11.0,2.0,,,1,17.0,False,2024,Miami,R,93.727,31.906,35.817,26.004,93.6665,0.06050000000000466,93.936,-0.20900000000000318,0.06050000000000466,94.98700000000001,94.71600000000001,0.2710000000000008,57.0,0.3684210526315789,16.0,0.6875,121.0,441.0,0,1,0,0,0,0,1,0.0,0.0,11.0,12
STR,Aston Martin,23.0,0 days 00:01:39.557000,0 days 00:00:37.882000,0 days 00:00:35.699000,0 days 00:00:25.976000,HARD,13.0,2.0,,,671,16.0,False,2024,Miami,R,99.557,37.882,35.699,25.976,93.6665,5.890500000000003,93.936,5.620999999999995,5.890500000000003,100.937,94.71600000000001,6.220999999999989,57.0,0.40350877192982454,16.0,0.8125,169.0,529.0,0,1,0,0,0,0,1,0.0,0.0,13.0,12
STR,Aston Martin,24.0,0 days 00:01:33.838000,0 days 00:00:32.049000,0 days 00:00:35.910000,0 days 00:00:25.879000,HARD,14.0,2.0,,,1,16.0,False,2024,Miami,R,93.838,32.049,35.91,25.879,93.6665,0.17149999999999466,93.936,-0.09800000000001319,0.17149999999999466,95.27799999999999,94.71600000000001,0.5619999999999834,57.0,0.42105263157894735,16.0,0.875,196.0,576.0,0,1,0,0,0,0,1,0.0,0.0,14.0,12
STR,Aston Martin,25.0,0 days 00:01:33.711000,0 days 00:00:31.843000,0 days 00:00:35.811000,0 days 00:00:26.057000,HARD,15.0,2.0,,,1,16.0,False,2024,Miami,R,93.711,31.843,35.811,26.057,93.6665,0.04449999999999932,93.936,-0.22500000000000853,0.04449999999999932,95.211,94.71600000000001,0.49499999999999034,57.0,0.43859649122807015,16.0,0.9375,225.0,625.0,0,1,0,0,0,0,1,0.0,0.0,15.0,12
STR,Aston Martin,26.0,0 days 00:01:33.698000,0 days 00:00:31.914000,0 days 00:00:35.857000,0 days 00:00:25.927000,HARD,16.0,2.0,,,1,16.0,False,2024,Miami,R,93.698,31.914,35.857,25.927,93.6665,0.03149999999999409,93.936,-0.23800000000001376,0.03149999999999409,95.258,94.71600000000001,0.5419999999999874,57.0,0.45614035087719296,16.0,1.0,256.0,676.0,0,1,0,0,0,0,1,0.0,0.0,16.0,12
STR,Aston Martin,33.0,0 days 00:01:33.033000,0 days 00:00:31.687000,0 days 00:00:35.542000,0 days 00:00:25.804000,MEDIUM,5.0,3.0,,,1,17.0,False,2024,Miami,R,93.033,31.687,35.542,25.804,93.6665,0.633499999999998,93.033,0.0,-0.633499999999998,95.013,95.013,0.0,57.0,0.5789473684210527,29.0,0.1724137931034483,25.0,1089.0,0,0,0,0,0,1,0,0.0,5.0,0.0,22
STR,Aston Martin,34.0,0 days 00:01:33.559000,0 days 00:00:32.413000,0 days 00:00:35.515000,0 days 00:00:25.631000,MEDIUM,6.0,3.0,,,1,17.0,False,2024,Miami,R,93.559,32.413,35.515,25.631,93.6665,0.1075000000000017,93.033,0.5259999999999962,-0.1075000000000017,95.599,95.013,0.5859999999999985,57.0,0.5964912280701754,29.0,0.20689655172413793,36.0,1156.0,0,0,0,0,0,1,0,0.0,6.0,0.0,22
STR,Aston Martin,35.0,0 days 00:01:32.950000,0 days 00:00:31.857000,0 days 00:00:35.423000,0 days 00:00:25.670000,MEDIUM,7.0,3.0,,,1,17.0,False,2024,Miami,R,92.95,31.857,35.423,25.67,93.6665,0.7164999999999964,93.033,-0.08299999999999841,-0.7164999999999964,95.05,95.013,0.03699999999999193,57.0,0.6140350877192983,29.0,0.2413793103448276,49.0,1225.0,0,0,0,0,0,1,0,0.0,7.0,0.0,22
STR,Aston Martin,36.0,0 days 00:01:33.354000,0 days 00:00:31.975000,0 days 00:00:35.568000,0 days 00:00:25.811000,MEDIUM,8.0,3.0,,,1,17.0,False,2024,Miami,R,93.354,31.975,35.568,25.811,93.6665,0.3125,93.033,0.32099999999999795,-0.3125,95.514,95.013,0.5009999999999906,57.0,0.631578947368421,29.0,0.27586206896551724,64.0,1296.0,0,0,0,0,0,1,0,0.0,8.0,0.0,22
STR,Aston Martin,37.0,0 days 00:01:33.145000,0 days 00:00:32.209000,0 days 00:00:35.342000,0 days 00:00:25.594000,MEDIUM,9.0,3.0,,,1,17.0,False,2024,Miami,R,93.145,32.209,35.342,25.594,93.6665,0.5215000000000032,93.033,0.11199999999999477,-0.5215000000000032,95.365,95.013,0.35199999999998965,57.0,0.6491228070175439,29.0,0.3103448275862069,81.0,1369.0,0,0,0,0,0,1,0,0.0,9.0,0.0,22
STR,Aston Martin,38.0,0 days 00:01:32.789000,0 days 00:00:31.689000,0 days 00:00:35.505000,0 days 00:00:25.595000,MEDIUM,10.0,3.0,,,1,17.0,False,2024,Miami,R,92.789,31.689,35.505,25.595,93.6665,0.8774999999999977,93.033,-0.24399999999999977,-0.8774999999999977,95.069,95.013,0.055999999999997385,57.0,0.6666666666666666,29.0,0.3448275862068966,100.0,1444.0,0,0,1,0,0,1,0,0.0,10.0,0.0,22
STR,Aston Martin,39.0,0 days 00:01:32.919000,0 days 00:00:31.958000,0 days 00:00:35.417000,0 days 00:00:25.544000,MEDIUM,11.0,3.0,,,1,17.0,False,2024,Miami,R,92.919,31.958,35.417,25.544,93.6665,0.7475000000000023,93.033,-0.11400000000000432,-0.7475000000000023,95.259,95.013,0.2459999999999951,57.0,0.6842105263157895,29.0,0.3793103448275862,121.0,1521.0,0,0,1,0,0,1,0,0.0,11.0,0.0,22
STR,Aston Martin,40.0,0 days 00:01:34.389000,0 days 00:00:33.458000,0 days 00:00:35.217000,0 days 00:00:25.714000,MEDIUM,12.0,3.0,,,1,17.0,False,2024,Miami,R,94.389,33.458,35.217,25.714,93.6665,0.7224999999999966,93.033,1.3559999999999945,0.7224999999999966,96.789,95.013,1.7759999999999962,57.0,0.7017543859649122,29.0,0.41379310344827586,144.0,1600.0,0,0,1,0,0,1,0,0.0,12.0,0.0,22
STR,Aston Martin,41.0,0 days 00:01:32.160000,0 days 00:00:31.248000,0 days 00:00:35.290000,0 days 00:00:25.622000,MEDIUM,13.0,3.0,,,1,16.0,False,2024,Miami,R,92.16,31.248,35.29,25.622,93.6665,1.5065000000000026,93.033,-0.8730000000000047,-1.5065000000000026,94.61999999999999,95.013,-0.3930000000000149,57.0,0.7192982456140351,29.0,0.4482758620689655,169.0,1681.0,0,0,1,0,0,1,0,0.0,13.0,0.0,22
STR,Aston Martin,44.0,0 days 00:01:32.524000,0 days 00:00:31.513000,0 days 00:00:35.573000,0 days 00:00:25.438000,MEDIUM,16.0,3.0,,,1,16.0,False,2024,Miami,R,92.524,31.513,35.573,25.438,93.6665,1.1424999999999983,93.033,-0.5090000000000003,-1.1424999999999983,95.164,95.013,0.15099999999999625,57.0,0.7719298245614035,29.0,0.5517241379310345,256.0,1936.0,0,0,1,0,0,1,0,0.0,16.0,0.0,22
STR,Aston Martin,45.0,0 days 00:01:32.836000,0 days 00:00:32.047000,0 days 00:00:35.286000,0 days 00:00:25.503000,MEDIUM,17.0,3.0,,,1,15.0,False,2024,Miami,R,92.836,32.047,35.286,25.503,93.6665,0.8305000000000007,93.033,-0.19700000000000273,-0.8305000000000007,95.536,95.013,0.5229999999999961,57.0,0.7894736842105263,29.0,0.5862068965517241,289.0,2025.0,0,0,1,0,0,1,0,0.0,17.0,0.0,22
STR,Aston Martin,46.0,0 days 00:01:32.451000,0 days 00:00:31.426000,0 days 00:00:35.381000,0 days 00:00:25.644000,MEDIUM,18.0,3.0,,,1,15.0,False,2024,Miami,R,92.451,31.426,35.381,25.644,93.6665,1.2155000000000058,93.033,-0.5820000000000078,-1.2155000000000058,95.211,95.013,0.1979999999999933,57.0,0.8070175438596491,29.0,0.6206896551724138,324.0,2116.0,0,0,1,0,0,1,0,0.0,18.0,0.0,22
STR,Aston Martin,47.0,0 days 00:01:32.442000,0 days 00:00:31.502000,0 days 00:00:35.443000,0 days 00:00:25.497000,MEDIUM,19.0,3.0,,,1,15.0,False,2024,Miami,R,92.442,31.502,35.443,25.497,93.6665,1.2245000000000061,93.033,-0.5910000000000082,-1.2245000000000061,95.26199999999999,95.013,0.24899999999998101,57.0,0.8245614035087719,29.0,0.6551724137931034,361.0,2209.0,0,0,1,0,0,1,0,0.0,19.0,0.0,22
STR,Aston Martin,48.0,0 days 00:01:32.935000,0 days 00:00:31.851000,0 days 00:00:35.324000,0 days 00:00:25.760000,MEDIUM,20.0,3.0,,,1,14.0,False,2024,Miami,R,92.935,31.851,35.324,25.76,93.6665,0.7314999999999969,93.033,-0.09799999999999898,-0.7314999999999969,95.815,95.013,0.8019999999999925,57.0,0.8421052631578947,29.0,0.6896551724137931,400.0,2304.0,0,0,1,0,0,1,0,0.0,20.0,0.0,22
STR,Aston Martin,49.0,0 days 00:01:32.342000,0 days 00:00:31.120000,0 days 00:00:35.514000,0 days 00:00:25.708000,MEDIUM,21.0,3.0,,,1,14.0,False,2024,Miami,R,92.342,31.12,35.514,25.708,93.6665,1.3245000000000005,93.033,-0.6910000000000025,-1.3245000000000005,95.282,95.013,0.26899999999999125,57.0,0.8596491228070176,29.0,0.7241379310344828,441.0,2401.0,0,0,1,0,0,1,0,0.0,21.0,0.0,22
STR,Aston Martin,50.0,0 days 00:01:31.991000,0 days 00:00:31.215000,0 days 00:00:35.242000,0 days 00:00:25.534000,MEDIUM,22.0,3.0,,,1,14.0,False,2024,Miami,R,91.991,31.215,35.242,25.534,93.6665,1.6754999999999995,93.033,-1.0420000000000016,-1.6754999999999995,94.991,95.013,-0.02200000000000557,57.0,0.8771929824561403,29.0,0.7586206896551724,484.0,2500.0,0,0,1,0,0,1,0,0.0,22.0,0.0,22
STR,Aston Martin,51.0,0 days 00:01:33.951000,0 days 00:00:32.559000,0 days 00:00:35.838000,0 days 00:00:25.554000,MEDIUM,23.0,3.0,,,1,14.0,False,2024,Miami,R,93.951,32.559,35.838,25.554,93.6665,0.2844999999999942,93.033,0.9179999999999922,0.2844999999999942,97.011,95.013,1.9979999999999905,57.0,0.8947368421052632,29.0,0.7931034482758621,529.0,2601.0,0,0,1,0,0,1,0,0.0,23.0,0.0,22
STR,Aston Martin,53.0,0 days 00:01:31.973000,0 days 00:00:30.866000,0 days 00:00:35.373000,0 days 00:00:25.734000,MEDIUM,25.0,3.0,,,1,13.0,False,2024,Miami,R,91.973,30.866,35.373,25.734,93.6665,1.6935000000000002,93.033,-1.0600000000000023,-1.6935000000000002,95.15299999999999,95.013,0.13999999999998636,57.0,0.9298245614035088,29.0,0.8620689655172413,625.0,2809.0,0,0,1,0,0,1,0,0.0,25.0,0.0,22
STR,Aston Martin,54.0,0 days 00:01:31.742000,0 days 00:00:30.943000,0 days 00:00:35.129000,0 days 00:00:25.670000,MEDIUM,26.0,3.0,,,1,13.0,False,2024,Miami,R,91.742,30.943,35.129,25.67,93.6665,1.9244999999999948,93.033,-1.2909999999999968,-1.9244999999999948,94.982,95.013,-0.03100000000000591,57.0,0.9473684210526315,29.0,0.896551724137931,676.0,2916.0,0,0,1,0,0,1,0,0.0,26.0,0.0,22
STR,Aston Martin,55.0,0 days 00:01:31.632000,0 days 00:00:30.898000,0 days 00:00:35.140000,0 days 00:00:25.594000,MEDIUM,27.0,3.0,,,1,13.0,False,2024,Miami,R,91.632,30.898,35.14,25.594,93.6665,2.034499999999994,93.033,-1.4009999999999962,-2.034499999999994,94.932,95.013,-0.08100000000000307,57.0,0.9649122807017544,29.0,0.9310344827586207,729.0,3025.0,0,0,1,0,0,1,0,0.0,27.0,0.0,22
STR,Aston Martin,56.0,0 days 00:01:31.593000,0 days 00:00:30.995000,0 days 00:00:35.082000,0 days 00:00:25.516000,MEDIUM,28.0,3.0,,,1,13.0,False,2024,Miami,R,91.593,30.995,35.082,25.516,93.6665,2.0734999999999957,93.033,-1.4399999999999977,-2.0734999999999957,94.953,95.013,-0.060000000000002274,57.0,0.9824561403508771,29.0,0.9655172413793104,784.0,3136.0,0,0,1,0,0,1,0,0.0,28.0,0.0,22
STR,Aston Martin,57.0,0 days 00:01:31.588000,0 days 00:00:30.954000,0 days 00:00:35.173000,0 days 00:00:25.461000,MEDIUM,29.0,3.0,,,1,13.0,False,2024,Miami,R,91.588,30.954,35.173,25.461,93.6665,2.0785000000000053,93.033,-1.4450000000000074,-2.0785000000000053,95.008,95.013,-0.005000000000009663,57.0,1.0,29.0,1.0,841.0,3249.0,0,0,1,0,0,1,0,0.0,29.0,0.0,22
TSU,RB,1.0,0 days 00:01:41.055000,,0 days 00:00:36.072000,0 days 00:00:26.343000,MEDIUM,1.0,1.0,,,1,9.0,False,2024,Miami,R,101.055,,36.072,26.343,93.307,7.748000000000005,101.055,0.0,7.748000000000005,101.11500000000001,101.11500000000001,0.0,57.0,0.017543859649122806,27.0,0.037037037037037035,1.0,1.0,1,0,0,1,0,1,0,0.0,1.0,0.0,25
TSU,RB,2.0,0 days 00:01:34.337000,0 days 00:00:32.682000,0 days 00:00:35.581000,0 days 00:00:26.074000,MEDIUM,2.0,1.0,,,1,9.0,False,2024,Miami,R,94.337,32.682,35.581,26.074,93.307,1.0300000000000011,101.055,-6.7180000000000035,1.0300000000000011,94.45700000000001,101.11500000000001,-6.658000000000001,57.0,0.03508771929824561,27.0,0.07407407407407407,4.0,4.0,1,0,0,1,0,1,0,0.0,2.0,0.0,25
TSU,RB,3.0,0 days 00:01:34.277000,0 days 00:00:32.245000,0 days 00:00:35.923000,0 days 00:00:26.109000,MEDIUM,3.0,1.0,,,1,9.0,False,2024,Miami,R,94.277,32.245,35.923,26.109,93.307,0.9699999999999989,101.055,-6.778000000000006,0.9699999999999989,94.45700000000001,101.11500000000001,-6.658000000000001,57.0,0.05263157894736842,27.0,0.1111111111111111,9.0,9.0,1,0,0,1,0,1,0,0.0,3.0,0.0,25
TSU,RB,4.0,0 days 00:01:33.892000,0 days 00:00:32.055000,0 days 00:00:35.718000,0 days 00:00:26.119000,MEDIUM,4.0,1.0,,,1,9.0,False,2024,Miami,R,93.892,32.055,35.718,26.119,93.307,0.5849999999999937,101.055,-7.163000000000011,0.5849999999999937,94.13199999999999,101.11500000000001,-6.983000000000018,57.0,0.07017543859649122,27.0,0.14814814814814814,16.0,16.0,1,0,0,1,0,1,0,0.0,4.0,0.0,25
TSU,RB,6.0,0 days 00:01:33.902000,0 days 00:00:32.005000,0 days 00:00:35.836000,0 days 00:00:26.061000,MEDIUM,6.0,1.0,,,1,10.0,False,2024,Miami,R,93.902,32.005,35.836,26.061,93.307,0.5949999999999989,101.055,-7.153000000000006,0.5949999999999989,94.262,101.11500000000001,-6.853000000000009,57.0,0.10526315789473684,27.0,0.2222222222222222,36.0,36.0,1,0,0,1,0,1,0,0.0,6.0,0.0,25
TSU,RB,7.0,0 days 00:01:33.682000,0 days 00:00:31.779000,0 days 00:00:35.798000,0 days 00:00:26.105000,MEDIUM,7.0,1.0,,,1,10.0,False,2024,Miami,R,93.682,31.779,35.798,26.105,93.307,0.375,101.055,-7.373000000000005,0.375,94.102,101.11500000000001,-7.013000000000005,57.0,0.12280701754385964,27.0,0.25925925925925924,49.0,49.0,1,0,0,1,0,1,0,0.0,7.0,0.0,25
TSU,RB,8.0,0 days 00:01:34.022000,0 days 00:00:32.253000,0 days 00:00:35.829000,0 days 00:00:25.940000,MEDIUM,8.0,1.0,,,1,10.0,False,2024,Miami,R,94.022,32.253,35.829,25.94,93.307,0.7150000000000034,101.055,-7.033000000000001,0.7150000000000034,94.50200000000001,101.11500000000001,-6.6129999999999995,57.0,0.14035087719298245,27.0,0.2962962962962963,64.0,64.0,1,0,0,1,0,1,0,0.0,8.0,0.0,25
TSU,RB,9.0,0 days 00:01:34.117000,0 days 00:00:32.303000,0 days 00:00:35.801000,0 days 00:00:26.013000,MEDIUM,9.0,1.0,,,1,10.0,False,2024,Miami,R,94.117,32.303,35.801,26.013,93.307,0.8100000000000023,101.055,-6.938000000000002,0.8100000000000023,94.65700000000001,101.11500000000001,-6.457999999999998,57.0,0.15789473684210525,27.0,0.3333333333333333,81.0,81.0,1,0,0,1,0,1,0,0.0,9.0,0.0,25
TSU,RB,10.0,0 days 00:01:34.916000,0 days 00:00:32.517000,0 days 00:00:36.121000,0 days 00:00:26.278000,MEDIUM,10.0,1.0,,,1,10.0,False,2024,Miami,R,94.916,32.517,36.121,26.278,93.307,1.6089999999999947,101.055,-6.13900000000001,1.6089999999999947,95.51599999999999,101.11500000000001,-5.599000000000018,57.0,0.17543859649122806,27.0,0.37037037037037035,100.0,100.0,1,0,0,1,0,1,0,0.0,10.0,0.0,25
TSU,RB,11.0,0 days 00:01:34.816000,0 days 00:00:32.613000,0 days 00:00:36.112000,0 days 00:00:26.091000,MEDIUM,11.0,1.0,,,1,10.0,False,2024,Miami,R,94.816,32.613,36.112,26.091,93.307,1.5090000000000003,101.055,-6.239000000000004,1.5090000000000003,95.476,101.11500000000001,-5.63900000000001,57.0,0.19298245614035087,27.0,0.4074074074074074,121.0,121.0,1,0,0,1,0,1,0,0.0,11.0,0.0,25
TSU,RB,12.0,0 days 00:01:34.631000,0 days 00:00:32.407000,0 days 00:00:36.120000,0 days 00:00:26.104000,MEDIUM,12.0,1.0,,,1,9.0,False,2024,Miami,R,94.631,32.407,36.12,26.104,93.307,1.323999999999998,101.055,-6.424000000000007,1.323999999999998,95.351,101.11500000000001,-5.76400000000001,57.0,0.21052631578947367,27.0,0.4444444444444444,144.0,144.0,1,0,0,1,0,1,0,0.0,12.0,0.0,25
TSU,RB,13.0,0 days 00:01:34.689000,0 days 00:00:32.096000,0 days 00:00:35.959000,0 days 00:00:26.634000,MEDIUM,13.0,1.0,,,1,9.0,False,2024,Miami,R,94.689,32.096,35.959,26.634,93.307,1.3819999999999908,101.055,-6.366000000000014,1.3819999999999908,95.469,101.11500000000001,-5.646000000000015,57.0,0.22807017543859648,27.0,0.48148148148148145,169.0,169.0,1,0,0,1,0,1,0,0.0,13.0,0.0,25
TSU,RB,14.0,0 days 00:01:33.975000,0 days 00:00:31.964000,0 days 00:00:35.761000,0 days 00:00:26.250000,MEDIUM,14.0,1.0,,,1,9.0,False,2024,Miami,R,93.975,31.964,35.761,26.25,93.307,0.6679999999999922,101.055,-7.0800000000000125,0.6679999999999922,94.815,101.11500000000001,-6.300000000000011,57.0,0.24561403508771928,27.0,0.5185185185185185,196.0,196.0,1,0,0,1,0,1,0,0.0,14.0,0.0,25
TSU,RB,15.0,0 days 00:01:33.337000,0 days 00:00:31.625000,0 days 00:00:35.531000,0 days 00:00:26.181000,MEDIUM,15.0,1.0,,,1,9.0,False,2024,Miami,R,93.337,31.625,35.531,26.181,93.307,0.030000000000001137,101.055,-7.7180000000000035,0.030000000000001137,94.23700000000001,101.11500000000001,-6.878,57.0,0.2631578947368421,27.0,0.5555555555555556,225.0,225.0,1,0,0,1,0,1,0,0.0,15.0,0.0,25
TSU,RB,16.0,0 days 00:01:33.683000,0 days 00:00:31.887000,0 days 00:00:35.634000,0 days 00:00:26.162000,MEDIUM,16.0,1.0,,,1,9.0,False,2024,Miami,R,93.683,31.887,35.634,26.162,93.307,0.3760000000000048,101.055,-7.372,0.3760000000000048,94.643,101.11500000000001,-6.472000000000008,57.0,0.2807017543859649,27.0,0.5925925925925926,256.0,256.0,1,0,0,1,0,1,0,0.0,16.0,0.0,25
TSU,RB,17.0,0 days 00:01:33.936000,0 days 00:00:31.656000,0 days 00:00:35.678000,0 days 00:00:26.602000,MEDIUM,17.0,1.0,,,1,9.0,False,2024,Miami,R,93.936,31.656,35.678,26.602,93.307,0.6290000000000049,101.055,-7.119,0.6290000000000049,94.956,101.11500000000001,-6.159000000000006,57.0,0.2982456140350877,27.0,0.6296296296296297,289.0,289.0,1,0,0,1,0,1,0,0.0,17.0,0.0,25
TSU,RB,18.0,0 days 00:01:33.745000,0 days 00:00:31.825000,0 days 00:00:35.625000,0 days 00:00:26.295000,MEDIUM,18.0,1.0,,,1,8.0,False,2024,Miami,R,93.745,31.825,35.625,26.295,93.307,0.4380000000000024,101.055,-7.310000000000002,0.4380000000000024,94.825,101.11500000000001,-6.290000000000006,57.0,0.3157894736842105,27.0,0.6666666666666666,324.0,324.0,1,0,0,1,0,1,0,0.0,18.0,0.0,25
TSU,RB,19.0,0 days 00:01:33.382000,0 days 00:00:31.551000,0 days 00:00:35.627000,0 days 00:00:26.204000,MEDIUM,19.0,1.0,,,1,8.0,False,2024,Miami,R,93.382,31.551,35.627,26.204,93.307,0.07500000000000284,101.055,-7.673000000000002,0.07500000000000284,94.522,101.11500000000001,-6.5930000000000035,57.0,0.3333333333333333,27.0,0.7037037037037037,361.0,361.0,1,0,0,0,0,1,0,0.0,19.0,0.0,25
TSU,RB,20.0,0 days 00:01:33.447000,0 days 00:00:31.694000,0 days 00:00:35.606000,0 days 00:00:26.147000,MEDIUM,20.0,1.0,,,1,8.0,False,2024,Miami,R,93.447,31.694,35.606,26.147,93.307,0.14000000000000057,101.055,-7.608000000000004,0.14000000000000057,94.647,101.11500000000001,-6.4680000000000035,57.0,0.3508771929824561,27.0,0.7407407407407407,400.0,400.0,1,0,0,0,0,1,0,0.0,20.0,0.0,25
TSU,RB,21.0,0 days 00:01:33.711000,0 days 00:00:31.764000,0 days 00:00:35.668000,0 days 00:00:26.279000,MEDIUM,21.0,1.0,,,1,8.0,False,2024,Miami,R,93.711,31.764,35.668,26.279,93.307,0.40399999999999636,101.055,-7.344000000000008,0.40399999999999636,94.971,101.11500000000001,-6.1440000000000055,57.0,0.3684210526315789,27.0,0.7777777777777778,441.0,441.0,1,0,0,0,0,1,0,0.0,21.0,0.0,25
TSU,RB,22.0,0 days 00:01:33.715000,0 days 00:00:31.717000,0 days 00:00:35.546000,0 days 00:00:26.452000,MEDIUM,22.0,1.0,,,16,8.0,False,2024,Miami,R,93.715,31.717,35.546,26.452,93.307,0.40800000000000125,101.055,-7.340000000000003,0.40800000000000125,95.035,101.11500000000001,-6.0800000000000125,57.0,0.38596491228070173,27.0,0.8148148148148148,484.0,484.0,1,0,0,0,0,1,0,0.0,22.0,0.0,25
TSU,RB,24.0,0 days 00:01:34.405000,0 days 00:00:31.645000,0 days 00:00:36.676000,0 days 00:00:26.084000,MEDIUM,24.0,1.0,,,1,8.0,False,2024,Miami,R,94.405,31.645,36.676,26.084,93.307,1.097999999999999,101.055,-6.650000000000006,1.097999999999999,95.845,101.11500000000001,-5.27000000000001,57.0,0.42105263157894735,27.0,0.8888888888888888,576.0,576.0,1,0,0,0,0,1,0,0.0,24.0,0.0,25
TSU,RB,25.0,0 days 00:01:33.277000,0 days 00:00:31.655000,0 days 00:00:35.463000,0 days 00:00:26.159000,MEDIUM,25.0,1.0,,,1,8.0,False,2024,Miami,R,93.277,31.655,35.463,26.159,93.307,0.030000000000001137,101.055,-7.778000000000006,-0.030000000000001137,94.777,101.11500000000001,-6.338000000000008,57.0,0.43859649122807015,27.0,0.9259259259259259,625.0,625.0,1,0,0,0,0,1,0,0.0,25.0,0.0,25
TSU,RB,26.0,0 days 00:01:33.080000,0 days 00:00:31.504000,0 days 00:00:35.418000,0 days 00:00:26.158000,MEDIUM,26.0,1.0,,,1,8.0,False,2024,Miami,R,93.08,31.504,35.418,26.158,93.307,0.22700000000000387,101.055,-7.9750000000000085,-0.22700000000000387,94.64,101.11500000000001,-6.4750000000000085,57.0,0.45614035087719296,27.0,0.9629629629629629,676.0,676.0,1,0,0,0,0,1,0,0.0,26.0,0.0,25
TSU,RB,27.0,0 days 00:01:33.109000,0 days 00:00:31.376000,0 days 00:00:35.572000,0 days 00:00:26.161000,MEDIUM,27.0,1.0,,,1,7.0,False,2024,Miami,R,93.109,31.376,35.572,26.161,93.307,0.1980000000000075,101.055,-7.946000000000012,-0.1980000000000075,94.729,101.11500000000001,-6.38600000000001,57.0,0.47368421052631576,27.0,1.0,729.0,729.0,1,0,0,0,0,1,0,0.0,27.0,0.0,25
TSU,RB,33.0,0 days 00:01:34.127000,0 days 00:00:32.342000,0 days 00:00:35.758000,0 days 00:00:26.027000,HARD,5.0,2.0,,,1,7.0,False,2024,Miami,R,94.127,32.342,35.758,26.027,93.307,0.8199999999999932,94.127,0.0,0.8199999999999932,96.107,96.107,0.0,57.0,0.5789473684210527,29.0,0.1724137931034483,25.0,1089.0,0,1,0,0,0,0,1,0.0,0.0,5.0,25
TSU,RB,34.0,0 days 00:01:33.232000,0 days 00:00:31.293000,0 days 00:00:36.052000,0 days 00:00:25.887000,HARD,6.0,2.0,,,1,8.0,False,2024,Miami,R,93.232,31.293,36.052,25.887,93.307,0.07500000000000284,94.127,-0.894999999999996,-0.07500000000000284,95.272,96.107,-0.8349999999999937,57.0,0.5964912280701754,29.0,0.20689655172413793,36.0,1156.0,0,1,0,0,0,0,1,0.0,0.0,6.0,25
TSU,RB,35.0,0 days 00:01:32.318000,0 days 00:00:31.326000,0 days 00:00:35.032000,0 days 00:00:25.960000,HARD,7.0,2.0,,,1,8.0,False,2024,Miami,R,92.318,31.326,35.032,25.96,93.307,0.9890000000000043,94.127,-1.8089999999999975,-0.9890000000000043,94.41799999999999,96.107,-1.6890000000000072,57.0,0.6140350877192983,29.0,0.2413793103448276,49.0,1225.0,0,1,0,0,0,0,1,0.0,0.0,7.0,25
TSU,RB,36.0,0 days 00:01:32.388000,0 days 00:00:31.102000,0 days 00:00:35.247000,0 days 00:00:26.039000,HARD,8.0,2.0,,,1,8.0,False,2024,Miami,R,92.388,31.102,35.247,26.039,93.307,0.9189999999999969,94.127,-1.73899999999999,-0.9189999999999969,94.548,96.107,-1.5589999999999975,57.0,0.631578947368421,29.0,0.27586206896551724,64.0,1296.0,0,1,0,0,0,0,1,0.0,0.0,8.0,25
TSU,RB,37.0,0 days 00:01:31.906000,0 days 00:00:30.995000,0 days 00:00:35.042000,0 days 00:00:25.869000,HARD,9.0,2.0,,,1,8.0,False,2024,Miami,R,91.906,30.995,35.042,25.869,93.307,1.4009999999999962,94.127,-2.2209999999999894,-1.4009999999999962,94.126,96.107,-1.9809999999999945,57.0,0.6491228070175439,29.0,0.3103448275862069,81.0,1369.0,0,1,0,0,0,0,1,0.0,0.0,9.0,25
TSU,RB,38.0,0 days 00:01:31.724000,0 days 00:00:30.954000,0 days 00:00:34.934000,0 days 00:00:25.836000,HARD,10.0,2.0,,,1,8.0,False,2024,Miami,R,91.724,30.954,34.934,25.836,93.307,1.5829999999999984,94.127,-2.4029999999999916,-1.5829999999999984,94.004,96.107,-2.1029999999999944,57.0,0.6666666666666666,29.0,0.3448275862068966,100.0,1444.0,0,1,1,0,0,0,1,0.0,0.0,10.0,25
TSU,RB,39.0,0 days 00:01:32.204000,0 days 00:00:31.109000,0 days 00:00:35.246000,0 days 00:00:25.849000,HARD,11.0,2.0,,,1,8.0,False,2024,Miami,R,92.204,31.109,35.246,25.849,93.307,1.1030000000000086,94.127,-1.9230000000000018,-1.1030000000000086,94.544,96.107,-1.5630000000000024,57.0,0.6842105263157895,29.0,0.3793103448275862,121.0,1521.0,0,1,1,0,0,0,1,0.0,0.0,11.0,25
TSU,RB,40.0,0 days 00:01:32.798000,0 days 00:00:31.277000,0 days 00:00:35.543000,0 days 00:00:25.978000,HARD,12.0,2.0,,,1,7.0,False,2024,Miami,R,92.798,31.277,35.543,25.978,93.307,0.5090000000000003,94.127,-1.3289999999999935,-0.5090000000000003,95.19800000000001,96.107,-0.9089999999999918,57.0,0.7017543859649122,29.0,0.41379310344827586,144.0,1600.0,0,1,1,0,0,0,1,0.0,0.0,12.0,25
TSU,RB,41.0,0 days 00:01:32.177000,0 days 00:00:31.006000,0 days 00:00:35.248000,0 days 00:00:25.923000,HARD,13.0,2.0,,,1,7.0,False,2024,Miami,R,92.177,31.006,35.248,25.923,93.307,1.1299999999999955,94.127,-1.9499999999999886,-1.1299999999999955,94.637,96.107,-1.4699999999999989,57.0,0.7192982456140351,29.0,0.4482758620689655,169.0,1681.0,0,1,1,0,0,0,1,0.0,0.0,13.0,25
TSU,RB,42.0,0 days 00:01:31.943000,0 days 00:00:30.899000,0 days 00:00:35.151000,0 days 00:00:25.893000,HARD,14.0,2.0,,,1,7.0,False,2024,Miami,R,91.943,30.899,35.151,25.893,93.307,1.3640000000000043,94.127,-2.1839999999999975,-1.3640000000000043,94.463,96.107,-1.6440000000000055,57.0,0.7368421052631579,29.0,0.4827586206896552,196.0,1764.0,0,1,1,0,0,0,1,0.0,0.0,14.0,25
TSU,RB,43.0,0 days 00:01:31.909000,0 days 00:00:30.992000,0 days 00:00:35.120000,0 days 00:00:25.797000,HARD,15.0,2.0,,,1,7.0,False,2024,Miami,R,91.909,30.992,35.12,25.797,93.307,1.3979999999999961,94.127,-2.2179999999999893,-1.3979999999999961,94.489,96.107,-1.617999999999995,57.0,0.7543859649122807,29.0,0.5172413793103449,225.0,1849.0,0,1,1,0,0,0,1,0.0,0.0,15.0,25
TSU,RB,44.0,0 days 00:01:31.915000,0 days 00:00:30.988000,0 days 00:00:35.053000,0 days 00:00:25.874000,HARD,16.0,2.0,,,1,7.0,False,2024,Miami,R,91.915,30.988,35.053,25.874,93.307,1.391999999999996,94.127,-2.211999999999989,-1.391999999999996,94.555,96.107,-1.5519999999999925,57.0,0.7719298245614035,29.0,0.5517241379310345,256.0,1936.0,0,1,1,0,0,0,1,0.0,0.0,16.0,25
TSU,RB,45.0,0 days 00:01:32.077000,0 days 00:00:30.952000,0 days 00:00:35.246000,0 days 00:00:25.879000,HARD,17.0,2.0,,,1,7.0,False,2024,Miami,R,92.077,30.952,35.246,25.879,93.307,1.230000000000004,94.127,-2.049999999999997,-1.230000000000004,94.777,96.107,-1.3299999999999983,57.0,0.7894736842105263,29.0,0.5862068965517241,289.0,2025.0,0,1,1,0,0,0,1,0.0,0.0,17.0,25
TSU,RB,46.0,0 days 00:01:32.025000,0 days 00:00:30.840000,0 days 00:00:35.234000,0 days 00:00:25.951000,HARD,18.0,2.0,,,1,7.0,False,2024,Miami,R,92.025,30.84,35.234,25.951,93.307,1.2819999999999965,94.127,-2.1019999999999897,-1.2819999999999965,94.78500000000001,96.107,-1.3219999999999885,57.0,0.8070175438596491,29.0,0.6206896551724138,324.0,2116.0,0,1,1,0,0,0,1,0.0,0.0,18.0,25
TSU,RB,47.0,0 days 00:01:32.006000,0 days 00:00:30.943000,0 days 00:00:35.141000,0 days 00:00:25.922000,HARD,19.0,2.0,,,1,7.0,False,2024,Miami,R,92.006,30.943,35.141,25.922,93.307,1.301000000000002,94.127,-2.120999999999995,-1.301000000000002,94.826,96.107,-1.281000000000006,57.0,0.8245614035087719,29.0,0.6551724137931034,361.0,2209.0,0,1,1,0,0,0,1,0.0,0.0,19.0,25
TSU,RB,48.0,0 days 00:01:32.010000,0 days 00:00:30.881000,0 days 00:00:35.232000,0 days 00:00:25.897000,HARD,20.0,2.0,,,1,7.0,False,2024,Miami,R,92.01,30.881,35.232,25.897,93.307,1.296999999999997,94.127,-2.1169999999999902,-1.296999999999997,94.89,96.107,-1.2169999999999987,57.0,0.8421052631578947,29.0,0.6896551724137931,400.0,2304.0,0,1,1,0,0,0,1,0.0,0.0,20.0,25
TSU,RB,49.0,0 days 00:01:32.164000,0 days 00:00:30.772000,0 days 00:00:35.459000,0 days 00:00:25.933000,HARD,21.0,2.0,,,1,7.0,False,2024,Miami,R,92.164,30.772,35.459,25.933,93.307,1.1430000000000007,94.127,-1.9629999999999939,-1.1430000000000007,95.104,96.107,-1.0030000000000001,57.0,0.8596491228070176,29.0,0.7241379310344828,441.0,2401.0,0,1,1,0,0,0,1,0.0,0.0,21.0,25
TSU,RB,50.0,0 days 00:01:31.952000,0 days 00:00:30.749000,0 days 00:00:35.241000,0 days 00:00:25.962000,HARD,22.0,2.0,,,1,7.0,False,2024,Miami,R,91.952,30.749,35.241,25.962,93.307,1.355000000000004,94.127,-2.174999999999997,-1.355000000000004,94.952,96.107,-1.1550000000000011,57.0,0.8771929824561403,29.0,0.7586206896551724,484.0,2500.0,0,1,1,0,0,0,1,0.0,0.0,22.0,25
TSU,RB,51.0,0 days 00:01:32.070000,0 days 00:00:30.859000,0 days 00:00:35.247000,0 days 00:00:25.964000,HARD,23.0,2.0,,,1,7.0,False,2024,Miami,R,92.07,30.859,35.247,25.964,93.307,1.237000000000009,94.127,-2.057000000000002,-1.237000000000009,95.13,96.107,-0.9770000000000039,57.0,0.8947368421052632,29.0,0.7931034482758621,529.0,2601.0,0,1,1,0,0,0,1,0.0,0.0,23.0,25
TSU,RB,52.0,0 days 00:01:32.023000,0 days 00:00:30.834000,0 days 00:00:35.237000,0 days 00:00:25.952000,HARD,24.0,2.0,,,1,7.0,False,2024,Miami,R,92.023,30.834,35.237,25.952,93.307,1.284000000000006,94.127,-2.103999999999999,-1.284000000000006,95.143,96.107,-0.9639999999999986,57.0,0.9122807017543859,29.0,0.8275862068965517,576.0,2704.0,0,1,1,0,0,0,1,0.0,0.0,24.0,25
TSU,RB,53.0,0 days 00:01:31.955000,0 days 00:00:30.736000,0 days 00:00:35.315000,0 days 00:00:25.904000,HARD,25.0,2.0,,,1,7.0,False,2024,Miami,R,91.955,30.736,35.315,25.904,93.307,1.3520000000000039,94.127,-2.171999999999997,-1.3520000000000039,95.13499999999999,96.107,-0.9720000000000084,57.0,0.9298245614035088,29.0,0.8620689655172413,625.0,2809.0,0,1,1,0,0,0,1,0.0,0.0,25.0,25
TSU,RB,54.0,0 days 00:01:31.893000,0 days 00:00:30.671000,0 days 00:00:35.288000,0 days 00:00:25.934000,HARD,26.0,2.0,,,1,7.0,False,2024,Miami,R,91.893,30.671,35.288,25.934,93.307,1.4140000000000015,94.127,-2.2339999999999947,-1.4140000000000015,95.133,96.107,-0.9740000000000038,57.0,0.9473684210526315,29.0,0.896551724137931,676.0,2916.0,0,1,1,0,0,0,1,0.0,0.0,26.0,25
TSU,RB,55.0,0 days 00:01:31.682000,0 days 00:00:30.792000,0 days 00:00:35.088000,0 days 00:00:25.802000,HARD,27.0,2.0,,,1,7.0,False,2024,Miami,R,91.682,30.792,35.088,25.802,93.307,1.625,94.127,-2.444999999999993,-1.625,94.982,96.107,-1.125,57.0,0.9649122807017544,29.0,0.9310344827586207,729.0,3025.0,0,1,1,0,0,0,1,0.0,0.0,27.0,25
TSU,RB,56.0,0 days 00:01:31.822000,0 days 00:00:30.857000,0 days 00:00:35.164000,0 days 00:00:25.801000,HARD,28.0,2.0,,,1,7.0,False,2024,Miami,R,91.822,30.857,35.164,25.801,93.307,1.4849999999999994,94.127,-2.3049999999999926,-1.4849999999999994,95.182,96.107,-0.9249999999999972,57.0,0.9824561403508771,29.0,0.9655172413793104,784.0,3136.0,0,1,1,0,0,0,1,0.0,0.0,28.0,25
TSU,RB,57.0,0 days 00:01:31.957000,0 days 00:00:30.873000,0 days 00:00:35.161000,0 days 00:00:25.923000,HARD,29.0,2.0,,,1,7.0,False,2024,Miami,R,91.957,30.873,35.161,25.923,93.307,1.3500000000000085,94.127,-2.1700000000000017,-1.3500000000000085,95.377,96.107,-0.730000000000004,57.0,1.0,29.0,1.0,841.0,3249.0,0,1,1,0,0,0,1,0.0,0.0,29.0,25
VER,Red Bull Racing,1.0,0 days 00:01:34.338000,,0 days 00:00:34.990000,0 days 00:00:26.211000,MEDIUM,1.0,1.0,,,1,1.0,False,2024,Miami,R,94.338,,34.99,26.211,92.41,1.9279999999999973,94.338,0.0,1.9279999999999973,94.398,94.398,0.0,57.0,0.017543859649122806,22.0,0.045454545454545456,1.0,1.0,1,0,0,1,0,1,0,0.0,1.0,0.0,21
VER,Red Bull Racing,2.0,0 days 00:01:33.093000,0 days 00:00:31.455000,0 days 00:00:35.489000,0 days 00:00:26.149000,MEDIUM,2.0,1.0,,,1,1.0,False,2024,Miami,R,93.093,31.455,35.489,26.149,92.41,0.6830000000000069,94.338,-1.2449999999999903,0.6830000000000069,93.21300000000001,94.398,-1.184999999999988,57.0,0.03508771929824561,22.0,0.09090909090909091,4.0,4.0,1,0,0,1,0,1,0,0.0,2.0,0.0,21
VER,Red Bull Racing,3.0,0 days 00:01:33.137000,0 days 00:00:31.551000,0 days 00:00:35.472000,0 days 00:00:26.114000,MEDIUM,3.0,1.0,,,1,1.0,False,2024,Miami,R,93.137,31.551,35.472,26.114,92.41,0.7270000000000039,94.338,-1.2009999999999934,0.7270000000000039,93.31700000000001,94.398,-1.0809999999999889,57.0,0.05263157894736842,22.0,0.13636363636363635,9.0,9.0,1,0,0,1,0,1,0,0.0,3.0,0.0,21
VER,Red Bull Racing,4.0,0 days 00:01:33.504000,0 days 00:00:31.508000,0 days 00:00:35.686000,0 days 00:00:26.310000,MEDIUM,4.0,1.0,,,1,1.0,False,2024,Miami,R,93.504,31.508,35.686,26.31,92.41,1.0940000000000083,94.338,-0.833999999999989,1.0940000000000083,93.744,94.398,-0.6539999999999964,57.0,0.07017543859649122,22.0,0.18181818181818182,16.0,16.0,1,0,0,1,0,1,0,0.0,4.0,0.0,21
VER,Red Bull Racing,5.0,0 days 00:01:32.834000,0 days 00:00:31.318000,0 days 00:00:35.410000,0 days 00:00:26.106000,MEDIUM,5.0,1.0,,,1,1.0,False,2024,Miami,R,92.834,31.318,35.41,26.106,92.41,0.4240000000000066,94.338,-1.5039999999999907,0.4240000000000066,93.134,94.398,-1.2639999999999958,57.0,0.08771929824561403,22.0,0.22727272727272727,25.0,25.0,1,0,0,1,0,1,0,0.0,5.0,0.0,21
VER,Red Bull Racing,6.0,0 days 00:01:32.939000,0 days 00:00:31.528000,0 days 00:00:35.395000,0 days 00:00:26.016000,MEDIUM,6.0,1.0,,,1,1.0,False,2024,Miami,R,92.939,31.528,35.395,26.016,92.41,0.5289999999999964,94.338,-1.399000000000001,0.5289999999999964,93.29899999999999,94.398,-1.0990000000000038,57.0,0.10526315789473684,22.0,0.2727272727272727,36.0,36.0,1,0,0,1,0,1,0,0.0,6.0,0.0,21
VER,Red Bull Racing,7.0,0 days 00:01:32.895000,0 days 00:00:31.547000,0 days 00:00:35.239000,0 days 00:00:26.109000,MEDIUM,7.0,1.0,,,1,1.0,False,2024,Miami,R,92.895,31.547,35.239,26.109,92.41,0.48499999999999943,94.338,-1.4429999999999978,0.48499999999999943,93.315,94.398,-1.0829999999999984,57.0,0.12280701754385964,22.0,0.3181818181818182,49.0,49.0,1,0,0,1,0,1,0,0.0,7.0,0.0,21
VER,Red Bull Racing,8.0,0 days 00:01:32.838000,0 days 00:00:31.563000,0 days 00:00:35.266000,0 days 00:00:26.009000,MEDIUM,8.0,1.0,,,1,1.0,False,2024,Miami,R,92.838,31.563,35.266,26.009,92.41,0.42799999999999727,94.338,-1.5,0.42799999999999727,93.318,94.398,-1.0799999999999983,57.0,0.14035087719298245,22.0,0.36363636363636365,64.0,64.0,1,0,0,1,0,1,0,0.0,8.0,0.0,21
VER,Red Bull Racing,9.0,0 days 00:01:33.289000,0 days 00:00:31.903000,0 days 00:00:35.254000,0 days 00:00:26.132000,MEDIUM,9.0,1.0,,,1,1.0,False,2024,Miami,R,93.289,31.903,35.254,26.132,92.41,0.8790000000000049,94.338,-1.0489999999999924,0.8790000000000049,93.82900000000001,94.398,-0.5689999999999884,57.0,0.15789473684210525,22.0,0.4090909090909091,81.0,81.0,1,0,0,1,0,1,0,0.0,9.0,0.0,21
VER,Red Bull Racing,10.0,0 days 00:01:33.267000,0 days 00:00:31.730000,0 days 00:00:35.448000,0 days 00:00:26.089000,MEDIUM,10.0,1.0,,,1,1.0,False,2024,Miami,R,93.267,31.73,35.448,26.089,92.41,0.8569999999999993,94.338,-1.070999999999998,0.8569999999999993,93.86699999999999,94.398,-0.5310000000000059,57.0,0.17543859649122806,22.0,0.45454545454545453,100.0,100.0,1,0,0,1,0,1,0,0.0,10.0,0.0,21
VER,Red Bull Racing,11.0,0 days 00:01:33.501000,0 days 00:00:31.720000,0 days 00:00:35.573000,0 days 00:00:26.208000,MEDIUM,11.0,1.0,,,1,1.0,False,2024,Miami,R,93.501,31.72,35.573,26.208,92.41,1.0910000000000082,94.338,-0.8369999999999891,1.0910000000000082,94.161,94.398,-0.23699999999999477,57.0,0.19298245614035087,22.0,0.5,121.0,121.0,1,0,0,1,0,1,0,0.0,11.0,0.0,21
VER,Red Bull Racing,12.0,0 days 00:01:33.097000,0 days 00:00:31.605000,0 days 00:00:35.354000,0 days 00:00:26.138000,MEDIUM,12.0,1.0,,,1,1.0,False,2024,Miami,R,93.097,31.605,35.354,26.138,92.41,0.6869999999999976,94.338,-1.2409999999999997,0.6869999999999976,93.817,94.398,-0.5810000000000031,57.0,0.21052631578947367,22.0,0.5454545454545454,144.0,144.0,1,0,0,1,0,1,0,0.0,12.0,0.0,21
VER,Red Bull Racing,13.0,0 days 00:01:33.129000,0 days 00:00:31.578000,0 days 00:00:35.441000,0 days 00:00:26.110000,MEDIUM,13.0,1.0,,,1,1.0,False,2024,Miami,R,93.129,31.578,35.441,26.11,92.41,0.7190000000000083,94.338,-1.208999999999989,0.7190000000000083,93.909,94.398,-0.4889999999999901,57.0,0.22807017543859648,22.0,0.5909090909090909,169.0,169.0,1,0,0,1,0,1,0,0.0,13.0,0.0,21
VER,Red Bull Racing,14.0,0 days 00:01:32.918000,0 days 00:00:31.442000,0 days 00:00:35.397000,0 days 00:00:26.079000,MEDIUM,14.0,1.0,,,1,1.0,False,2024,Miami,R,92.918,31.442,35.397,26.079,92.41,0.5080000000000098,94.338,-1.4199999999999875,0.5080000000000098,93.75800000000001,94.398,-0.6399999999999864,57.0,0.24561403508771928,22.0,0.6363636363636364,196.0,196.0,1,0,0,1,0,1,0,0.0,14.0,0.0,21
VER,Red Bull Racing,15.0,0 days 00:01:32.807000,0 days 00:00:31.402000,0 days 00:00:35.279000,0 days 00:00:26.126000,MEDIUM,15.0,1.0,,,1,1.0,False,2024,Miami,R,92.807,31.402,35.279,26.126,92.41,0.39700000000000557,94.338,-1.5309999999999917,0.39700000000000557,93.70700000000001,94.398,-0.6909999999999883,57.0,0.2631578947368421,22.0,0.6818181818181818,225.0,225.0,1,0,0,1,0,1,0,0.0,15.0,0.0,21
VER,Red Bull Racing,16.0,0 days 00:01:32.749000,0 days 00:00:31.413000,0 days 00:00:35.262000,0 days 00:00:26.074000,MEDIUM,16.0,1.0,,,1,1.0,False,2024,Miami,R,92.749,31.413,35.262,26.074,92.41,0.33899999999999864,94.338,-1.5889999999999986,0.33899999999999864,93.70899999999999,94.398,-0.6890000000000072,57.0,0.2807017543859649,22.0,0.7272727272727273,256.0,256.0,1,0,0,1,0,1,0,0.0,16.0,0.0,21
VER,Red Bull Racing,17.0,0 days 00:01:32.920000,0 days 00:00:31.360000,0 days 00:00:35.419000,0 days 00:00:26.141000,MEDIUM,17.0,1.0,,,1,1.0,False,2024,Miami,R,92.92,31.36,35.419,26.141,92.41,0.5100000000000051,94.338,-1.4179999999999922,0.5100000000000051,93.94,94.398,-0.4579999999999984,57.0,0.2982456140350877,22.0,0.7727272727272727,289.0,289.0,1,0,0,1,0,1,0,0.0,17.0,0.0,21
VER,Red Bull Racing,18.0,0 days 00:01:33.022000,0 days 00:00:31.388000,0 days 00:00:35.398000,0 days 00:00:26.236000,MEDIUM,18.0,1.0,,,1,1.0,False,2024,Miami,R,93.022,31.388,35.398,26.236,92.41,0.612000000000009,94.338,-1.3159999999999883,0.612000000000009,94.102,94.398,-0.29599999999999227,57.0,0.3157894736842105,22.0,0.8181818181818182,324.0,324.0,1,0,0,1,0,1,0,0.0,18.0,0.0,21
VER,Red Bull Racing,19.0,0 days 00:01:32.668000,0 days 00:00:31.331000,0 days 00:00:35.313000,0 days 00:00:26.024000,MEDIUM,19.0,1.0,,,1,1.0,False,2024,Miami,R,92.668,31.331,35.313,26.024,92.41,0.2580000000000098,94.338,-1.6699999999999875,0.2580000000000098,93.808,94.398,-0.5899999999999892,57.0,0.3333333333333333,22.0,0.8636363636363636,361.0,361.0,1,0,0,0,0,1,0,0.0,19.0,0.0,21
VER,Red Bull Racing,20.0,0 days 00:01:32.530000,0 days 00:00:31.249000,0 days 00:00:35.307000,0 days 00:00:25.974000,MEDIUM,20.0,1.0,,,1,1.0,False,2024,Miami,R,92.53,31.249,35.307,25.974,92.41,0.12000000000000455,94.338,-1.8079999999999927,0.12000000000000455,93.73,94.398,-0.6679999999999922,57.0,0.3508771929824561,22.0,0.9090909090909091,400.0,400.0,1,0,0,0,0,1,0,0.0,20.0,0.0,21
VER,Red Bull Racing,22.0,0 days 00:01:32.906000,0 days 00:00:31.387000,0 days 00:00:35.453000,0 days 00:00:26.066000,MEDIUM,22.0,1.0,,,1,1.0,False,2024,Miami,R,92.906,31.387,35.453,26.066,92.41,0.4960000000000093,94.338,-1.431999999999988,0.4960000000000093,94.226,94.398,-0.17199999999999704,57.0,0.38596491228070173,22.0,1.0,484.0,484.0,1,0,0,0,0,1,0,0.0,22.0,0.0,21
VER,Red Bull Racing,25.0,0 days 00:01:32.298000,0 days 00:00:31.146000,0 days 00:00:35.182000,0 days 00:00:25.970000,HARD,2.0,2.0,,,1,4.0,False,2024,Miami,R,92.298,31.146,35.182,25.97,92.41,0.11199999999999477,92.298,0.0,-0.11199999999999477,93.798,93.798,0.0,57.0,0.43859649122807015,34.0,0.058823529411764705,4.0,625.0,0,1,0,0,0,0,1,0.0,0.0,2.0,29
VER,Red Bull Racing,26.0,0 days 00:01:32.410000,0 days 00:00:31.180000,0 days 00:00:35.194000,0 days 00:00:26.036000,HARD,3.0,2.0,,,1,4.0,False,2024,Miami,R,92.41,31.18,35.194,26.036,92.41,0.0,92.298,0.11199999999999477,0.0,93.97,93.798,0.17199999999999704,57.0,0.45614035087719296,34.0,0.08823529411764706,9.0,676.0,0,1,0,0,0,0,1,0.0,0.0,3.0,29
VER,Red Bull Racing,27.0,0 days 00:01:32.515000,0 days 00:00:31.060000,0 days 00:00:35.072000,0 days 00:00:26.383000,HARD,4.0,2.0,,,1,4.0,False,2024,Miami,R,92.515,31.06,35.072,26.383,92.41,0.10500000000000398,92.298,0.21699999999999875,0.10500000000000398,94.135,93.798,0.3370000000000033,57.0,0.47368421052631576,34.0,0.11764705882352941,16.0,729.0,0,1,0,0,0,0,1,0.0,0.0,4.0,29
VER,Red Bull Racing,28.0,0 days 00:01:39.376000,0 days 00:00:30.997000,0 days 00:00:35.165000,0 days 00:00:33.214000,HARD,5.0,2.0,,,124,2.0,False,2024,Miami,R,99.376,30.997,35.165,33.214,92.41,6.966000000000008,92.298,7.078000000000003,6.966000000000008,101.05600000000001,93.798,7.25800000000001,57.0,0.49122807017543857,34.0,0.14705882352941177,25.0,784.0,0,1,0,0,0,0,1,0.0,0.0,5.0,29
VER,Red Bull Racing,33.0,0 days 00:01:32.227000,0 days 00:00:31.596000,0 days 00:00:34.889000,0 days 00:00:25.742000,HARD,10.0,2.0,,,1,2.0,False,2024,Miami,R,92.227,31.596,34.889,25.742,92.41,0.18299999999999272,92.298,-0.07099999999999795,-0.18299999999999272,94.20700000000001,93.798,0.409000000000006,57.0,0.5789473684210527,34.0,0.29411764705882354,100.0,1089.0,0,1,0,0,0,0,1,0.0,0.0,10.0,29
VER,Red Bull Racing,34.0,0 days 00:01:31.611000,0 days 00:00:30.895000,0 days 00:00:34.877000,0 days 00:00:25.839000,HARD,11.0,2.0,,,1,2.0,False,2024,Miami,R,91.611,30.895,34.877,25.839,92.41,0.7989999999999924,92.298,-0.6869999999999976,-0.7989999999999924,93.65100000000001,93.798,-0.14699999999999136,57.0,0.5964912280701754,34.0,0.3235294117647059,121.0,1156.0,0,1,0,0,0,0,1,0.0,0.0,11.0,29
VER,Red Bull Racing,35.0,0 days 00:01:31.409000,0 days 00:00:30.803000,0 days 00:00:34.769000,0 days 00:00:25.837000,HARD,12.0,2.0,,,1,2.0,False,2024,Miami,R,91.409,30.803,34.769,25.837,92.41,1.0009999999999906,92.298,-0.8889999999999958,-1.0009999999999906,93.509,93.798,-0.2890000000000015,57.0,0.6140350877192983,34.0,0.35294117647058826,144.0,1225.0,0,1,0,0,0,0,1,0.0,0.0,12.0,29
VER,Red Bull Racing,36.0,0 days 00:01:31.456000,0 days 00:00:30.881000,0 days 00:00:34.840000,0 days 00:00:25.735000,HARD,13.0,2.0,,,1,2.0,False,2024,Miami,R,91.456,30.881,34.84,25.735,92.41,0.9539999999999935,92.298,-0.8419999999999987,-0.9539999999999935,93.616,93.798,-0.18200000000000216,57.0,0.631578947368421,34.0,0.38235294117647056,169.0,1296.0,0,1,0,0,0,0,1,0.0,0.0,13.0,29
VER,Red Bull Racing,37.0,0 days 00:01:31.377000,0 days 00:00:30.791000,0 days 00:00:34.863000,0 days 00:00:25.723000,HARD,14.0,2.0,,,1,2.0,False,2024,Miami,R,91.377,30.791,34.863,25.723,92.41,1.0330000000000013,92.298,-0.9210000000000065,-1.0330000000000013,93.597,93.798,-0.20100000000000762,57.0,0.6491228070175439,34.0,0.4117647058823529,196.0,1369.0,0,1,0,0,0,0,1,0.0,0.0,14.0,29
VER,Red Bull Racing,38.0,0 days 00:01:31.526000,0 days 00:00:30.847000,0 days 00:00:34.938000,0 days 00:00:25.741000,HARD,15.0,2.0,,,1,2.0,False,2024,Miami,R,91.526,30.847,34.938,25.741,92.41,0.8840000000000003,92.298,-0.7720000000000056,-0.8840000000000003,93.806,93.798,0.007999999999995566,57.0,0.6666666666666666,34.0,0.4411764705882353,225.0,1444.0,0,1,1,0,0,0,1,0.0,0.0,15.0,29
VER,Red Bull Racing,39.0,0 days 00:01:31.336000,0 days 00:00:30.814000,0 days 00:00:34.729000,0 days 00:00:25.793000,HARD,16.0,2.0,,,1,2.0,False,2024,Miami,R,91.336,30.814,34.729,25.793,92.41,1.073999999999998,92.298,-0.9620000000000033,-1.073999999999998,93.676,93.798,-0.12199999999999989,57.0,0.6842105263157895,34.0,0.47058823529411764,256.0,1521.0,0,1,1,0,0,0,1,0.0,0.0,16.0,29
VER,Red Bull Racing,40.0,0 days 00:01:31.487000,0 days 00:00:30.938000,0 days 00:00:34.881000,0 days 00:00:25.668000,HARD,17.0,2.0,,,1,2.0,False,2024,Miami,R,91.487,30.938,34.881,25.668,92.41,0.9230000000000018,92.298,-0.811000000000007,-0.9230000000000018,93.887,93.798,0.08899999999999864,57.0,0.7017543859649122,34.0,0.5,289.0,1600.0,0,1,1,0,0,0,1,0.0,0.0,17.0,29
VER,Red Bull Racing,41.0,0 days 00:01:31.375000,0 days 00:00:30.793000,0 days 00:00:34.854000,0 days 00:00:25.728000,HARD,18.0,2.0,,,1,2.0,False,2024,Miami,R,91.375,30.793,34.854,25.728,92.41,1.0349999999999966,92.298,-0.9230000000000018,-1.0349999999999966,93.835,93.798,0.03699999999999193,57.0,0.7192982456140351,34.0,0.5294117647058824,324.0,1681.0,0,1,1,0,0,0,1,0.0,0.0,18.0,29
VER,Red Bull Racing,42.0,0 days 00:01:31.455000,0 days 00:00:30.890000,0 days 00:00:34.778000,0 days 00:00:25.787000,HARD,19.0,2.0,,,1,2.0,False,2024,Miami,R,91.455,30.89,34.778,25.787,92.41,0.9549999999999983,92.298,-0.8430000000000035,-0.9549999999999983,93.975,93.798,0.1769999999999925,57.0,0.7368421052631579,34.0,0.5588235294117647,361.0,1764.0,0,1,1,0,0,0,1,0.0,0.0,19.0,29
VER,Red Bull Racing,43.0,0 days 00:01:31.435000,0 days 00:00:30.842000,0 days 00:00:34.871000,0 days 00:00:25.722000,HARD,20.0,2.0,,,1,2.0,False,2024,Miami,R,91.435,30.842,34.871,25.722,92.41,0.9749999999999943,92.298,-0.8629999999999995,-0.9749999999999943,94.015,93.798,0.21699999999999875,57.0,0.7543859649122807,34.0,0.5882352941176471,400.0,1849.0,0,1,1,0,0,0,1,0.0,0.0,20.0,29
VER,Red Bull Racing,44.0,0 days 00:01:31.452000,0 days 00:00:30.814000,0 days 00:00:34.908000,0 days 00:00:25.730000,HARD,21.0,2.0,,,1,2.0,False,2024,Miami,R,91.452,30.814,34.908,25.73,92.41,0.9579999999999984,92.298,-0.8460000000000036,-0.9579999999999984,94.092,93.798,0.29399999999999693,57.0,0.7719298245614035,34.0,0.6176470588235294,441.0,1936.0,0,1,1,0,0,0,1,0.0,0.0,21.0,29
VER,Red Bull Racing,45.0,0 days 00:01:31.537000,0 days 00:00:30.840000,0 days 00:00:34.912000,0 days 00:00:25.785000,HARD,22.0,2.0,,,1,2.0,False,2024,Miami,R,91.537,30.84,34.912,25.785,92.41,0.8729999999999905,92.298,-0.7609999999999957,-0.8729999999999905,94.23700000000001,93.798,0.43900000000000716,57.0,0.7894736842105263,34.0,0.6470588235294118,484.0,2025.0,0,1,1,0,0,0,1,0.0,0.0,22.0,29
VER,Red Bull Racing,46.0,0 days 00:01:31.788000,0 days 00:00:30.951000,0 days 00:00:35.099000,0 days 00:00:25.738000,HARD,23.0,2.0,,,1,2.0,False,2024,Miami,R,91.788,30.951,35.099,25.738,92.41,0.6219999999999999,92.298,-0.5100000000000051,-0.6219999999999999,94.548,93.798,0.75,57.0,0.8070175438596491,34.0,0.6764705882352942,529.0,2116.0,0,1,1,0,0,0,1,0.0,0.0,23.0,29
VER,Red Bull Racing,47.0,0 days 00:01:31.513000,0 days 00:00:30.859000,0 days 00:00:34.977000,0 days 00:00:25.677000,HARD,24.0,2.0,,,1,2.0,False,2024,Miami,R,91.513,30.859,34.977,25.677,92.41,0.8969999999999914,92.298,-0.7849999999999966,-0.8969999999999914,94.333,93.798,0.5349999999999966,57.0,0.8245614035087719,34.0,0.7058823529411765,576.0,2209.0,0,1,1,0,0,0,1,0.0,0.0,24.0,29
VER,Red Bull Racing,48.0,0 days 00:01:31.261000,0 days 00:00:30.775000,0 days 00:00:34.797000,0 days 00:00:25.689000,HARD,25.0,2.0,,,1,2.0,False,2024,Miami,R,91.261,30.775,34.797,25.689,92.41,1.149000000000001,92.298,-1.0370000000000061,-1.149000000000001,94.14099999999999,93.798,0.3429999999999893,57.0,0.8421052631578947,34.0,0.7352941176470589,625.0,2304.0,0,1,1,0,0,0,1,0.0,0.0,25.0,29
VER,Red Bull Racing,49.0,0 days 00:01:31.597000,0 days 00:00:30.695000,0 days 00:00:35.124000,0 days 00:00:25.778000,HARD,26.0,2.0,,,1,2.0,False,2024,Miami,R,91.597,30.695,35.124,25.778,92.41,0.8130000000000024,92.298,-0.7010000000000076,-0.8130000000000024,94.53699999999999,93.798,0.7389999999999901,57.0,0.8596491228070176,34.0,0.7647058823529411,676.0,2401.0,0,1,1,0,0,0,1,0.0,0.0,26.0,29
VER,Red Bull Racing,50.0,0 days 00:01:31.338000,0 days 00:00:30.531000,0 days 00:00:35.085000,0 days 00:00:25.722000,HARD,27.0,2.0,,,1,2.0,False,2024,Miami,R,91.338,30.531,35.085,25.722,92.41,1.0720000000000027,92.298,-0.960000000000008,-1.0720000000000027,94.338,93.798,0.539999999999992,57.0,0.8771929824561403,34.0,0.7941176470588235,729.0,2500.0,0,1,1,0,0,0,1,0.0,0.0,27.0,29
VER,Red Bull Racing,51.0,0 days 00:01:31.284000,0 days 00:00:30.587000,0 days 00:00:34.980000,0 days 00:00:25.717000,HARD,28.0,2.0,,,1,2.0,False,2024,Miami,R,91.284,30.587,34.98,25.717,92.41,1.1259999999999906,92.298,-1.0139999999999958,-1.1259999999999906,94.34400000000001,93.798,0.5460000000000065,57.0,0.8947368421052632,34.0,0.8235294117647058,784.0,2601.0,0,1,1,0,0,0,1,0.0,0.0,28.0,29
VER,Red Bull Racing,52.0,0 days 00:01:31.428000,0 days 00:00:30.619000,0 days 00:00:35.113000,0 days 00:00:25.696000,HARD,29.0,2.0,,,1,2.0,False,2024,Miami,R,91.428,30.619,35.113,25.696,92.41,0.9819999999999993,92.298,-0.8700000000000045,-0.9819999999999993,94.548,93.798,0.75,57.0,0.9122807017543859,34.0,0.8529411764705882,841.0,2704.0,0,1,1,0,0,0,1,0.0,0.0,29.0,29
VER,Red Bull Racing,53.0,0 days 00:01:31.473000,0 days 00:00:30.632000,0 days 00:00:35.137000,0 days 00:00:25.704000,HARD,30.0,2.0,,,1,2.0,False,2024,Miami,R,91.473,30.632,35.137,25.704,92.41,0.9369999999999976,92.298,-0.8250000000000028,-0.9369999999999976,94.65299999999999,93.798,0.8549999999999898,57.0,0.9298245614035088,34.0,0.8823529411764706,900.0,2809.0,0,1,1,0,0,0,1,0.0,0.0,30.0,29
VER,Red Bull Racing,54.0,0 days 00:01:31.546000,0 days 00:00:30.627000,0 days 00:00:35.090000,0 days 00:00:25.829000,HARD,31.0,2.0,,,1,2.0,False,2024,Miami,R,91.546,30.627,35.09,25.829,92.41,0.8639999999999901,92.298,-0.7519999999999953,-0.8639999999999901,94.786,93.798,0.9879999999999995,57.0,0.9473684210526315,34.0,0.9117647058823529,961.0,2916.0,0,1,1,0,0,0,1,0.0,0.0,31.0,29
VER,Red Bull Racing,55.0,0 days 00:01:31.408000,0 days 00:00:30.725000,0 days 00:00:34.948000,0 days 00:00:25.735000,HARD,32.0,2.0,,,1,2.0,False,2024,Miami,R,91.408,30.725,34.948,25.735,92.41,1.0019999999999953,92.298,-0.8900000000000006,-1.0019999999999953,94.708,93.798,0.9099999999999966,57.0,0.9649122807017544,34.0,0.9411764705882353,1024.0,3025.0,0,1,1,0,0,0,1,0.0,0.0,32.0,29
VER,Red Bull Racing,56.0,0 days 00:01:31.490000,0 days 00:00:30.749000,0 days 00:00:34.993000,0 days 00:00:25.748000,HARD,33.0,2.0,,,1,2.0,False,2024,Miami,R,91.49,30.749,34.993,25.748,92.41,0.9200000000000017,92.298,-0.8080000000000069,-0.9200000000000017,94.85,93.798,1.0519999999999925,57.0,0.9824561403508771,34.0,0.9705882352941176,1089.0,3136.0,0,1,1,0,0,0,1,0.0,0.0,33.0,29
VER,Red Bull Racing,57.0,0 days 00:01:31.699000,0 days 00:00:30.817000,0 days 00:00:35.101000,0 days 00:00:25.781000,HARD,34.0,2.0,,,1,2.0,False,2024,Miami,R,91.699,30.817,35.101,25.781,92.41,0.7109999999999985,92.298,-0.5990000000000038,-0.7109999999999985,95.119,93.798,1.320999999999998,57.0,1.0,34.0,1.0,1156.0,3249.0,0,1,1,0,0,0,1,0.0,0.0,34.0,29
ZHO,Kick Sauber,3.0,0 days 00:01:34.339000,0 days 00:00:32.333000,0 days 00:00:35.818000,0 days 00:00:26.188000,MEDIUM,3.0,1.0,,,1,17.0,False,2024,Miami,R,94.339,32.333,35.818,26.188,93.703,0.6359999999999957,94.339,0.0,0.6359999999999957,94.519,94.519,0.0,57.0,0.05263157894736842,27.0,0.1111111111111111,9.0,9.0,1,0,0,1,0,1,0,0.0,3.0,0.0,24
ZHO,Kick Sauber,4.0,0 days 00:01:34.357000,0 days 00:00:32.342000,0 days 00:00:35.935000,0 days 00:00:26.080000,MEDIUM,4.0,1.0,,,1,17.0,False,2024,Miami,R,94.357,32.342,35.935,26.08,93.703,0.6539999999999964,94.339,0.018000000000000682,0.6539999999999964,94.597,94.519,0.07799999999998875,57.0,0.07017543859649122,27.0,0.14814814814814814,16.0,16.0,1,0,0,1,0,1,0,0.0,4.0,0.0,24
ZHO,Kick Sauber,5.0,0 days 00:01:33.673000,0 days 00:00:32.009000,0 days 00:00:35.749000,0 days 00:00:25.915000,MEDIUM,5.0,1.0,,,1,17.0,False,2024,Miami,R,93.673,32.009,35.749,25.915,93.703,0.030000000000001137,94.339,-0.6659999999999968,-0.030000000000001137,93.973,94.519,-0.5460000000000065,57.0,0.08771929824561403,27.0,0.18518518518518517,25.0,25.0,1,0,0,1,0,1,0,0.0,5.0,0.0,24
ZHO,Kick Sauber,6.0,0 days 00:01:34.318000,0 days 00:00:32.344000,0 days 00:00:35.871000,0 days 00:00:26.103000,MEDIUM,6.0,1.0,,,1,17.0,False,2024,Miami,R,94.318,32.344,35.871,26.103,93.703,0.6149999999999949,94.339,-0.021000000000000796,0.6149999999999949,94.678,94.519,0.15899999999999181,57.0,0.10526315789473684,27.0,0.2222222222222222,36.0,36.0,1,0,0,1,0,1,0,0.0,6.0,0.0,24
ZHO,Kick Sauber,7.0,0 days 00:01:34.455000,0 days 00:00:32.243000,0 days 00:00:35.992000,0 days 00:00:26.220000,MEDIUM,7.0,1.0,,,1,17.0,False,2024,Miami,R,94.455,32.243,35.992,26.22,93.703,0.7519999999999953,94.339,0.11599999999999966,0.7519999999999953,94.875,94.519,0.35599999999999454,57.0,0.12280701754385964,27.0,0.25925925925925924,49.0,49.0,1,0,0,1,0,1,0,0.0,7.0,0.0,24
ZHO,Kick Sauber,8.0,0 days 00:01:34.539000,0 days 00:00:32.324000,0 days 00:00:36.064000,0 days 00:00:26.151000,MEDIUM,8.0,1.0,,,1,17.0,False,2024,Miami,R,94.539,32.324,36.064,26.151,93.703,0.8359999999999985,94.339,0.20000000000000284,0.8359999999999985,95.019,94.519,0.5,57.0,0.14035087719298245,27.0,0.2962962962962963,64.0,64.0,1,0,0,1,0,1,0,0.0,8.0,0.0,24
ZHO,Kick Sauber,9.0,0 days 00:01:34.263000,0 days 00:00:32.315000,0 days 00:00:35.892000,0 days 00:00:26.056000,MEDIUM,9.0,1.0,,,1,17.0,False,2024,Miami,R,94.263,32.315,35.892,26.056,93.703,0.5600000000000023,94.339,-0.0759999999999934,0.5600000000000023,94.80300000000001,94.519,0.284000000000006,57.0,0.15789473684210525,27.0,0.3333333333333333,81.0,81.0,1,0,0,1,0,1,0,0.0,9.0,0.0,24
ZHO,Kick Sauber,10.0,0 days 00:01:34.286000,0 days 00:00:32.293000,0 days 00:00:35.825000,0 days 00:00:26.168000,MEDIUM,10.0,1.0,,,1,16.0,False,2024,Miami,R,94.286,32.293,35.825,26.168,93.703,0.5829999999999984,94.339,-0.05299999999999727,0.5829999999999984,94.886,94.519,0.3669999999999902,57.0,0.17543859649122806,27.0,0.37037037037037035,100.0,100.0,1,0,0,1,0,1,0,0.0,10.0,0.0,24
ZHO,Kick Sauber,11.0,0 days 00:01:34.662000,0 days 00:00:32.492000,0 days 00:00:36.032000,0 days 00:00:26.138000,MEDIUM,11.0,1.0,,,1,15.0,False,2024,Miami,R,94.662,32.492,36.032,26.138,93.703,0.9590000000000032,94.339,0.3230000000000075,0.9590000000000032,95.322,94.519,0.8029999999999973,57.0,0.19298245614035087,27.0,0.4074074074074074,121.0,121.0,1,0,0,1,0,1,0,0.0,11.0,0.0,24
ZHO,Kick Sauber,12.0,0 days 00:01:34.455000,0 days 00:00:32.118000,0 days 00:00:36.090000,0 days 00:00:26.247000,MEDIUM,12.0,1.0,,,1,13.0,False,2024,Miami,R,94.455,32.118,36.09,26.247,93.703,0.7519999999999953,94.339,0.11599999999999966,0.7519999999999953,95.175,94.519,0.6559999999999917,57.0,0.21052631578947367,27.0,0.4444444444444444,144.0,144.0,1,0,0,1,0,1,0,0.0,12.0,0.0,24
ZHO,Kick Sauber,13.0,0 days 00:01:34.666000,0 days 00:00:32.221000,0 days 00:00:36.121000,0 days 00:00:26.324000,MEDIUM,13.0,1.0,,,1,12.0,False,2024,Miami,R,94.666,32.221,36.121,26.324,93.703,0.9629999999999939,94.339,0.3269999999999982,0.9629999999999939,95.446,94.519,0.9269999999999925,57.0,0.22807017543859648,27.0,0.48148148148148145,169.0,169.0,1,0,0,1,0,1,0,0.0,13.0,0.0,24
ZHO,Kick Sauber,14.0,0 days 00:01:34.195000,0 days 00:00:32.004000,0 days 00:00:35.992000,0 days 00:00:26.199000,MEDIUM,14.0,1.0,,,1,12.0,False,2024,Miami,R,94.195,32.004,35.992,26.199,93.703,0.4919999999999902,94.339,-0.14400000000000546,0.4919999999999902,95.035,94.519,0.5159999999999911,57.0,0.24561403508771928,27.0,0.5185185185185185,196.0,196.0,1,0,0,1,0,1,0,0.0,14.0,0.0,24
ZHO,Kick Sauber,15.0,0 days 00:01:34.166000,0 days 00:00:32.004000,0 days 00:00:36.012000,0 days 00:00:26.150000,MEDIUM,15.0,1.0,,,1,12.0,False,2024,Miami,R,94.166,32.004,36.012,26.15,93.703,0.46299999999999386,94.339,-0.17300000000000182,0.46299999999999386,95.066,94.519,0.546999999999997,57.0,0.2631578947368421,27.0,0.5555555555555556,225.0,225.0,1,0,0,1,0,1,0,0.0,15.0,0.0,24
ZHO,Kick Sauber,16.0,0 days 00:01:34.005000,0 days 00:00:31.871000,0 days 00:00:35.987000,0 days 00:00:26.147000,MEDIUM,16.0,1.0,,,1,12.0,False,2024,Miami,R,94.005,31.871,35.987,26.147,93.703,0.3019999999999925,94.339,-0.3340000000000032,0.3019999999999925,94.96499999999999,94.519,0.44599999999998374,57.0,0.2807017543859649,27.0,0.5925925925925926,256.0,256.0,1,0,0,1,0,1,0,0.0,16.0,0.0,24
ZHO,Kick Sauber,17.0,0 days 00:01:34.095000,0 days 00:00:31.792000,0 days 00:00:36.054000,0 days 00:00:26.249000,MEDIUM,17.0,1.0,,,1,12.0,False,2024,Miami,R,94.095,31.792,36.054,26.249,93.703,0.3919999999999959,94.339,-0.24399999999999977,0.3919999999999959,95.115,94.519,0.5959999999999894,57.0,0.2982456140350877,27.0,0.6296296296296297,289.0,289.0,1,0,0,1,0,1,0,0.0,17.0,0.0,24
ZHO,Kick Sauber,18.0,0 days 00:01:34.394000,0 days 00:00:32.034000,0 days 00:00:36.183000,0 days 00:00:26.177000,MEDIUM,18.0,1.0,,,1,12.0,False,2024,Miami,R,94.394,32.034,36.183,26.177,93.703,0.6910000000000025,94.339,0.05500000000000682,0.6910000000000025,95.474,94.519,0.9549999999999983,57.0,0.3157894736842105,27.0,0.6666666666666666,324.0,324.0,1,0,0,1,0,1,0,0.0,18.0,0.0,24
ZHO,Kick Sauber,19.0,0 days 00:01:33.941000,0 days 00:00:31.970000,0 days 00:00:35.926000,0 days 00:00:26.045000,MEDIUM,19.0,1.0,,,1,12.0,False,2024,Miami,R,93.941,31.97,35.926,26.045,93.703,0.23799999999999955,94.339,-0.39799999999999613,0.23799999999999955,95.081,94.519,0.5619999999999976,57.0,0.3333333333333333,27.0,0.7037037037037037,361.0,361.0,1,0,0,0,0,1,0,0.0,19.0,0.0,24
ZHO,Kick Sauber,20.0,0 days 00:01:34.286000,0 days 00:00:32.081000,0 days 00:00:35.952000,0 days 00:00:26.253000,MEDIUM,20.0,1.0,,,1,12.0,False,2024,Miami,R,94.286,32.081,35.952,26.253,93.703,0.5829999999999984,94.339,-0.05299999999999727,0.5829999999999984,95.486,94.519,0.9669999999999987,57.0,0.3508771929824561,27.0,0.7407407407407407,400.0,400.0,1,0,0,0,0,1,0,0.0,20.0,0.0,24
ZHO,Kick Sauber,21.0,0 days 00:01:34.689000,0 days 00:00:32.117000,0 days 00:00:36.349000,0 days 00:00:26.223000,MEDIUM,21.0,1.0,,,1,12.0,False,2024,Miami,R,94.689,32.117,36.349,26.223,93.703,0.98599999999999,94.339,0.3499999999999943,0.98599999999999,95.949,94.519,1.4299999999999926,57.0,0.3684210526315789,27.0,0.7777777777777778,441.0,441.0,1,0,0,0,0,1,0,0.0,21.0,0.0,24
ZHO,Kick Sauber,22.0,0 days 00:01:39.455000,0 days 00:00:32.008000,0 days 00:00:35.909000,0 days 00:00:31.538000,MEDIUM,22.0,1.0,,,16,11.0,False,2024,Miami,R,99.455,32.008,35.909,31.538,93.703,5.751999999999995,94.339,5.116,5.751999999999995,100.77499999999999,94.519,6.255999999999986,57.0,0.38596491228070173,27.0,0.8148148148148148,484.0,484.0,1,0,0,0,0,1,0,0.0,22.0,0.0,24
ZHO,Kick Sauber,24.0,0 days 00:01:33.688000,0 days 00:00:31.653000,0 days 00:00:35.941000,0 days 00:00:26.094000,MEDIUM,24.0,1.0,,,1,10.0,False,2024,Miami,R,93.688,31.653,35.941,26.094,93.703,0.015000000000000568,94.339,-0.6509999999999962,-0.015000000000000568,95.128,94.519,0.6089999999999947,57.0,0.42105263157894735,27.0,0.8888888888888888,576.0,576.0,1,0,0,0,0,1,0,0.0,24.0,0.0,24
ZHO,Kick Sauber,25.0,0 days 00:01:33.664000,0 days 00:00:31.644000,0 days 00:00:35.872000,0 days 00:00:26.148000,MEDIUM,25.0,1.0,,,1,9.0,False,2024,Miami,R,93.664,31.644,35.872,26.148,93.703,0.03900000000000148,94.339,-0.6749999999999972,-0.03900000000000148,95.164,94.519,0.644999999999996,57.0,0.43859649122807015,27.0,0.9259259259259259,625.0,625.0,1,0,0,0,0,1,0,0.0,25.0,0.0,24
ZHO,Kick Sauber,26.0,0 days 00:01:33.644000,0 days 00:00:31.576000,0 days 00:00:35.880000,0 days 00:00:26.188000,MEDIUM,26.0,1.0,,,1,9.0,False,2024,Miami,R,93.644,31.576,35.88,26.188,93.703,0.0589999999999975,94.339,-0.6949999999999932,-0.0589999999999975,95.20400000000001,94.519,0.6850000000000023,57.0,0.45614035087719296,27.0,0.9629629629629629,676.0,676.0,1,0,0,0,0,1,0,0.0,26.0,0.0,24
ZHO,Kick Sauber,27.0,0 days 00:01:33.485000,0 days 00:00:31.543000,0 days 00:00:35.727000,0 days 00:00:26.215000,MEDIUM,27.0,1.0,,,1,8.0,False,2024,Miami,R,93.485,31.543,35.727,26.215,93.703,0.21800000000000352,94.339,-0.8539999999999992,-0.21800000000000352,95.105,94.519,0.5859999999999985,57.0,0.47368421052631576,27.0,1.0,729.0,729.0,1,0,0,0,0,1,0,0.0,27.0,0.0,24
ZHO,Kick Sauber,33.0,0 days 00:01:33.784000,0 days 00:00:32.065000,0 days 00:00:35.722000,0 days 00:00:25.997000,SOFT,5.0,2.0,,,1,14.0,False,2024,Miami,R,93.784,32.065,35.722,25.997,93.703,0.08100000000000307,93.784,0.0,0.08100000000000307,95.76400000000001,95.76400000000001,0.0,57.0,0.5789473684210527,29.0,0.1724137931034483,25.0,1089.0,0,1,0,0,1,0,0,5.0,0.0,0.0,24
ZHO,Kick Sauber,34.0,0 days 00:01:33.438000,0 days 00:00:32.359000,0 days 00:00:35.370000,0 days 00:00:25.709000,SOFT,6.0,2.0,,,1,14.0,False,2024,Miami,R,93.438,32.359,35.37,25.709,93.703,0.26500000000000057,93.784,-0.34600000000000364,-0.26500000000000057,95.47800000000001,95.76400000000001,-0.28600000000000136,57.0,0.5964912280701754,29.0,0.20689655172413793,36.0,1156.0,0,1,0,0,1,0,0,6.0,0.0,0.0,24
ZHO,Kick Sauber,35.0,0 days 00:01:33.184000,0 days 00:00:31.960000,0 days 00:00:35.446000,0 days 00:00:25.778000,SOFT,7.0,2.0,,,1,14.0,False,2024,Miami,R,93.184,31.96,35.446,25.778,93.703,0.5190000000000055,93.784,-0.6000000000000085,-0.5190000000000055,95.28399999999999,95.76400000000001,-0.4800000000000182,57.0,0.6140350877192983,29.0,0.2413793103448276,49.0,1225.0,0,1,0,0,1,0,0,7.0,0.0,0.0,24
ZHO,Kick Sauber,36.0,0 days 00:01:33.258000,0 days 00:00:31.797000,0 days 00:00:35.614000,0 days 00:00:25.847000,SOFT,8.0,2.0,,,1,14.0,False,2024,Miami,R,93.258,31.797,35.614,25.847,93.703,0.4450000000000074,93.784,-0.5260000000000105,-0.4450000000000074,95.41799999999999,95.76400000000001,-0.34600000000001785,57.0,0.631578947368421,29.0,0.27586206896551724,64.0,1296.0,0,1,0,0,1,0,0,8.0,0.0,0.0,24
ZHO,Kick Sauber,37.0,0 days 00:01:32.951000,0 days 00:00:31.669000,0 days 00:00:35.478000,0 days 00:00:25.804000,SOFT,9.0,2.0,,,1,14.0,False,2024,Miami,R,92.951,31.669,35.478,25.804,93.703,0.7520000000000095,93.784,-0.8330000000000126,-0.7520000000000095,95.17099999999999,95.76400000000001,-0.5930000000000177,57.0,0.6491228070175439,29.0,0.3103448275862069,81.0,1369.0,0,1,0,0,1,0,0,9.0,0.0,0.0,24
ZHO,Kick Sauber,38.0,0 days 00:01:32.919000,0 days 00:00:31.695000,0 days 00:00:35.490000,0 days 00:00:25.734000,SOFT,10.0,2.0,,,1,14.0,False,2024,Miami,R,92.919,31.695,35.49,25.734,93.703,0.784000000000006,93.784,-0.8650000000000091,-0.784000000000006,95.199,95.76400000000001,-0.5650000000000119,57.0,0.6666666666666666,29.0,0.3448275862068966,100.0,1444.0,0,1,1,0,1,0,0,10.0,0.0,0.0,24
ZHO,Kick Sauber,40.0,0 days 00:01:33.703000,0 days 00:00:32.545000,0 days 00:00:35.358000,0 days 00:00:25.800000,SOFT,12.0,2.0,,,1,15.0,False,2024,Miami,R,93.703,32.545,35.358,25.8,93.703,0.0,93.784,-0.08100000000000307,0.0,96.10300000000001,95.76400000000001,0.33899999999999864,57.0,0.7017543859649122,29.0,0.41379310344827586,144.0,1600.0,0,1,1,0,1,0,0,12.0,0.0,0.0,24
ZHO,Kick Sauber,41.0,0 days 00:01:32.896000,0 days 00:00:31.642000,0 days 00:00:35.618000,0 days 00:00:25.636000,SOFT,13.0,2.0,,,1,14.0,False,2024,Miami,R,92.896,31.642,35.618,25.636,93.703,0.8070000000000022,93.784,-0.8880000000000052,-0.8070000000000022,95.356,95.76400000000001,-0.40800000000001546,57.0,0.7192982456140351,29.0,0.4482758620689655,169.0,1681.0,0,1,1,0,1,0,0,13.0,0.0,0.0,24
ZHO,Kick Sauber,42.0,0 days 00:01:32.777000,0 days 00:00:31.567000,0 days 00:00:35.420000,0 days 00:00:25.790000,SOFT,14.0,2.0,,,1,14.0,False,2024,Miami,R,92.777,31.567,35.42,25.79,93.703,0.9260000000000019,93.784,-1.007000000000005,-0.9260000000000019,95.297,95.76400000000001,-0.46700000000001296,57.0,0.7368421052631579,29.0,0.4827586206896552,196.0,1764.0,0,1,1,0,1,0,0,14.0,0.0,0.0,24
ZHO,Kick Sauber,43.0,0 days 00:01:32.818000,0 days 00:00:31.811000,0 days 00:00:35.210000,0 days 00:00:25.797000,SOFT,15.0,2.0,,,1,14.0,False,2024,Miami,R,92.818,31.811,35.21,25.797,93.703,0.8850000000000051,93.784,-0.9660000000000082,-0.8850000000000051,95.398,95.76400000000001,-0.36600000000001387,57.0,0.7543859649122807,29.0,0.5172413793103449,225.0,1849.0,0,1,1,0,1,0,0,15.0,0.0,0.0,24
ZHO,Kick Sauber,44.0,0 days 00:01:33.010000,0 days 00:00:31.520000,0 days 00:00:35.555000,0 days 00:00:25.935000,SOFT,16.0,2.0,,,1,14.0,False,2024,Miami,R,93.01,31.52,35.555,25.935,93.703,0.6929999999999978,93.784,-0.7740000000000009,-0.6929999999999978,95.65,95.76400000000001,-0.11400000000000432,57.0,0.7719298245614035,29.0,0.5517241379310345,256.0,1936.0,0,1,1,0,1,0,0,16.0,0.0,0.0,24
ZHO,Kick Sauber,45.0,0 days 00:01:32.774000,0 days 00:00:31.605000,0 days 00:00:35.390000,0 days 00:00:25.779000,SOFT,17.0,2.0,,,1,14.0,False,2024,Miami,R,92.774,31.605,35.39,25.779,93.703,0.929000000000002,93.784,-1.0100000000000051,-0.929000000000002,95.474,95.76400000000001,-0.29000000000000625,57.0,0.7894736842105263,29.0,0.5862068965517241,289.0,2025.0,0,1,1,0,1,0,0,17.0,0.0,0.0,24
ZHO,Kick Sauber,46.0,0 days 00:01:32.591000,0 days 00:00:31.488000,0 days 00:00:35.415000,0 days 00:00:25.688000,SOFT,18.0,2.0,,,1,14.0,False,2024,Miami,R,92.591,31.488,35.415,25.688,93.703,1.112000000000009,93.784,-1.193000000000012,-1.112000000000009,95.351,95.76400000000001,-0.4130000000000109,57.0,0.8070175438596491,29.0,0.6206896551724138,324.0,2116.0,0,1,1,0,1,0,0,18.0,0.0,0.0,24
ZHO,Kick Sauber,47.0,0 days 00:01:32.781000,0 days 00:00:31.548000,0 days 00:00:35.453000,0 days 00:00:25.780000,SOFT,19.0,2.0,,,1,14.0,False,2024,Miami,R,92.781,31.548,35.453,25.78,93.703,0.921999999999997,93.784,-1.0030000000000001,-0.921999999999997,95.601,95.76400000000001,-0.16300000000001091,57.0,0.8245614035087719,29.0,0.6551724137931034,361.0,2209.0,0,1,1,0,1,0,0,19.0,0.0,0.0,24
ZHO,Kick Sauber,48.0,0 days 00:01:34.209000,0 days 00:00:32.948000,0 days 00:00:35.460000,0 days 00:00:25.801000,SOFT,20.0,2.0,,,1,15.0,False,2024,Miami,R,94.209,32.948,35.46,25.801,93.703,0.5060000000000002,93.784,0.42499999999999716,0.5060000000000002,97.089,95.76400000000001,1.3249999999999886,57.0,0.8421052631578947,29.0,0.6896551724137931,400.0,2304.0,0,1,1,0,1,0,0,20.0,0.0,0.0,24
ZHO,Kick Sauber,49.0,0 days 00:01:32.938000,0 days 00:00:31.197000,0 days 00:00:35.725000,0 days 00:00:26.016000,SOFT,21.0,2.0,,,1,15.0,False,2024,Miami,R,92.938,31.197,35.725,26.016,93.703,0.7650000000000006,93.784,-0.8460000000000036,-0.7650000000000006,95.878,95.76400000000001,0.11399999999999011,57.0,0.8596491228070176,29.0,0.7241379310344828,441.0,2401.0,0,1,1,0,1,0,0,21.0,0.0,0.0,24
ZHO,Kick Sauber,50.0,0 days 00:01:32.522000,0 days 00:00:31.256000,0 days 00:00:35.515000,0 days 00:00:25.751000,SOFT,22.0,2.0,,,1,15.0,False,2024,Miami,R,92.522,31.256,35.515,25.751,93.703,1.1809999999999974,93.784,-1.2620000000000005,-1.1809999999999974,95.522,95.76400000000001,-0.24200000000000443,57.0,0.8771929824561403,29.0,0.7586206896551724,484.0,2500.0,0,1,1,0,1,0,0,22.0,0.0,0.0,24
ZHO,Kick Sauber,51.0,0 days 00:01:32.611000,0 days 00:00:31.353000,0 days 00:00:35.546000,0 days 00:00:25.712000,SOFT,23.0,2.0,,,1,15.0,False,2024,Miami,R,92.611,31.353,35.546,25.712,93.703,1.0919999999999987,93.784,-1.1730000000000018,-1.0919999999999987,95.671,95.76400000000001,-0.09300000000000352,57.0,0.8947368421052632,29.0,0.7931034482758621,529.0,2601.0,0,1,1,0,1,0,0,23.0,0.0,0.0,24
ZHO,Kick Sauber,52.0,0 days 00:01:33.156000,0 days 00:00:31.943000,0 days 00:00:35.482000,0 days 00:00:25.731000,SOFT,24.0,2.0,,,1,14.0,False,2024,Miami,R,93.156,31.943,35.482,25.731,93.703,0.546999999999997,93.784,-0.6280000000000001,-0.546999999999997,96.27600000000001,95.76400000000001,0.5120000000000005,57.0,0.9122807017543859,29.0,0.8275862068965517,576.0,2704.0,0,1,1,0,1,0,0,24.0,0.0,0.0,24
ZHO,Kick Sauber,53.0,0 days 00:01:32.922000,0 days 00:00:31.081000,0 days 00:00:35.825000,0 days 00:00:26.016000,SOFT,25.0,2.0,,,1,14.0,False,2024,Miami,R,92.922,31.081,35.825,26.016,93.703,0.7810000000000059,93.784,-0.862000000000009,-0.7810000000000059,96.102,95.76400000000001,0.33799999999999386,57.0,0.9298245614035088,29.0,0.8620689655172413,625.0,2809.0,0,1,1,0,1,0,0,25.0,0.0,0.0,24
ZHO,Kick Sauber,54.0,0 days 00:01:32.457000,0 days 00:00:31.084000,0 days 00:00:35.468000,0 days 00:00:25.905000,SOFT,26.0,2.0,,,1,14.0,False,2024,Miami,R,92.457,31.084,35.468,25.905,93.703,1.2460000000000093,93.784,-1.3270000000000124,-1.2460000000000093,95.69699999999999,95.76400000000001,-0.06700000000002149,57.0,0.9473684210526315,29.0,0.896551724137931,676.0,2916.0,0,1,1,0,1,0,0,26.0,0.0,0.0,24
ZHO,Kick Sauber,55.0,0 days 00:01:32.170000,0 days 00:00:31.110000,0 days 00:00:35.311000,0 days 00:00:25.749000,SOFT,27.0,2.0,,,1,14.0,False,2024,Miami,R,92.17,31.11,35.311,25.749,93.703,1.5330000000000013,93.784,-1.6140000000000043,-1.5330000000000013,95.47,95.76400000000001,-0.29400000000001114,57.0,0.9649122807017544,29.0,0.9310344827586207,729.0,3025.0,0,1,1,0,1,0,0,27.0,0.0,0.0,24
ZHO,Kick Sauber,56.0,0 days 00:01:31.991000,0 days 00:00:30.989000,0 days 00:00:35.292000,0 days 00:00:25.710000,SOFT,28.0,2.0,,,1,14.0,False,2024,Miami,R,91.991,30.989,35.292,25.71,93.703,1.7120000000000033,93.784,-1.7930000000000064,-1.7120000000000033,95.351,95.76400000000001,-0.4130000000000109,57.0,0.9824561403508771,29.0,0.9655172413793104,784.0,3136.0,0,1,1,0,1,0,0,28.0,0.0,0.0,24
ZHO,Kick Sauber,57.0,0 days 00:01:32.984000,0 days 00:00:31.144000,0 days 00:00:35.576000,0 days 00:00:26.264000,SOFT,29.0,2.0,,,1,15.0,False,2024,Miami,R,92.984,31.144,35.576,26.264,93.703,0.7190000000000083,93.784,-0.8000000000000114,-0.7190000000000083,96.404,95.76400000000001,0.6399999999999864,57.0,1.0,29.0,1.0,841.0,3249.0,0,1,1,0,1,0,0,29.0,0.0,0.0,24
