Driver,Team,LapNumber,LapTime,Sector1Time,Sector2Time,Sector3Time,Compound,TyreLife,Stint,PitInTime,PitOutTime,TrackStatus,Position,Deleted,season,race,session_type,lap_time_seconds,sector1_seconds,sector2_seconds,sector3_seconds,driver_median_lap,abs_delta_from_median,stint_baseline_lap_time,lap_time_delta_from_stint_start,normalized_lap_time,fuel_adjusted_lap_time,stint_baseline_fuel_adjusted_lap_time,fuel_adjusted_degradation_delta,race_max_lap,race_phase,stint_max_tyre_life,stint_progress,tyre_life_squared,lap_number_squared,is_first_stint,is_second_stint,is_late_race,is_early_race,is_soft,is_medium,is_hard,soft_tyre_life,medium_tyre_life,hard_tyre_life,stint_lap_count
ALB,Williams,1.0,0 days 00:01:46.629000,,0 days 00:00:44.973000,0 days 00:00:24.627000,SOFT,1.0,1.0,,,1,14.0,False,2025,Bahrain,R,106.629,,44.973,24.627,98.698,7.931000000000012,106.629,0.0,7.931000000000012,106.68900000000001,106.68900000000001,0.0,57.0,0.017543859649122806,15.0,0.06666666666666667,1.0,1.0,1,0,0,1,1,0,0,1.0,0.0,0.0,15
ALB,Williams,2.0,0 days 00:01:39.821000,0 days 00:00:31.871000,0 days 00:00:43.578000,0 days 00:00:24.372000,SOFT,2.0,1.0,,,1,14.0,False,2025,Bahrain,R,99.821,31.871,43.578,24.372,98.698,1.1230000000000047,106.629,-6.808000000000007,1.1230000000000047,99.941,106.68900000000001,-6.748000000000005,57.0,0.03508771929824561,15.0,0.13333333333333333,4.0,4.0,1,0,0,1,1,0,0,2.0,0.0,0.0,15
ALB,Williams,3.0,0 days 00:01:38.699000,0 days 00:00:31.043000,0 days 00:00:43.288000,0 days 00:00:24.368000,SOFT,3.0,1.0,,,1,13.0,False,2025,Bahrain,R,98.699,31.043,43.288,24.368,98.698,0.0010000000000047748,106.629,-7.930000000000007,0.0010000000000047748,98.879,106.68900000000001,-7.810000000000002,57.0,0.05263157894736842,15.0,0.2,9.0,9.0,1,0,0,1,1,0,0,3.0,0.0,0.0,15
ALB,Williams,4.0,0 days 00:01:39.056000,0 days 00:00:31.340000,0 days 00:00:43.310000,0 days 00:00:24.406000,SOFT,4.0,1.0,,,1,13.0,False,2025,Bahrain,R,99.056,31.34,43.31,24.406,98.698,0.3580000000000041,106.629,-7.5730000000000075,0.3580000000000041,99.29599999999999,106.68900000000001,-7.393000000000015,57.0,0.07017543859649122,15.0,0.26666666666666666,16.0,16.0,1,0,0,1,1,0,0,4.0,0.0,0.0,15
ALB,Williams,5.0,0 days 00:01:39.257000,0 days 00:00:31.361000,0 days 00:00:43.465000,0 days 00:00:24.431000,SOFT,5.0,1.0,,,1,13.0,False,2025,Bahrain,R,99.257,31.361,43.465,24.431,98.698,0.5590000000000117,106.629,-7.372,0.5590000000000117,99.557,106.68900000000001,-7.132000000000005,57.0,0.08771929824561403,15.0,0.3333333333333333,25.0,25.0,1,0,0,1,1,0,0,5.0,0.0,0.0,15
ALB,Williams,6.0,0 days 00:01:39.263000,0 days 00:00:31.431000,0 days 00:00:43.392000,0 days 00:00:24.440000,SOFT,6.0,1.0,,,1,13.0,False,2025,Bahrain,R,99.263,31.431,43.392,24.44,98.698,0.5650000000000119,106.629,-7.366,0.5650000000000119,99.623,106.68900000000001,-7.0660000000000025,57.0,0.10526315789473684,15.0,0.4,36.0,36.0,1,0,0,1,1,0,0,6.0,0.0,0.0,15
ALB,Williams,7.0,0 days 00:01:39.565000,0 days 00:00:31.535000,0 days 00:00:43.606000,0 days 00:00:24.424000,SOFT,7.0,1.0,,,1,13.0,False,2025,Bahrain,R,99.565,31.535,43.606,24.424,98.698,0.8670000000000044,106.629,-7.064000000000007,0.8670000000000044,99.985,106.68900000000001,-6.704000000000008,57.0,0.12280701754385964,15.0,0.4666666666666667,49.0,49.0,1,0,0,1,1,0,0,7.0,0.0,0.0,15
ALB,Williams,8.0,0 days 00:01:39.918000,0 days 00:00:31.565000,0 days 00:00:43.680000,0 days 00:00:24.673000,SOFT,8.0,1.0,,,1,12.0,False,2025,Bahrain,R,99.918,31.565,43.68,24.673,98.698,1.220000000000013,106.629,-6.7109999999999985,1.220000000000013,100.39800000000001,106.68900000000001,-6.290999999999997,57.0,0.14035087719298245,15.0,0.5333333333333333,64.0,64.0,1,0,0,1,1,0,0,8.0,0.0,0.0,15
ALB,Williams,9.0,0 days 00:01:39.735000,0 days 00:00:31.550000,0 days 00:00:43.603000,0 days 00:00:24.582000,SOFT,9.0,1.0,,,1,11.0,False,2025,Bahrain,R,99.735,31.55,43.603,24.582,98.698,1.0370000000000061,106.629,-6.8940000000000055,1.0370000000000061,100.275,106.68900000000001,-6.4140000000000015,57.0,0.15789473684210525,15.0,0.6,81.0,81.0,1,0,0,1,1,0,0,9.0,0.0,0.0,15
ALB,Williams,10.0,0 days 00:01:40.089000,0 days 00:00:31.741000,0 days 00:00:43.819000,0 days 00:00:24.529000,SOFT,10.0,1.0,,,1,11.0,False,2025,Bahrain,R,100.089,31.741,43.819,24.529,98.698,1.3910000000000053,106.629,-6.540000000000006,1.3910000000000053,100.689,106.68900000000001,-6.000000000000014,57.0,0.17543859649122806,15.0,0.6666666666666666,100.0,100.0,1,0,0,1,1,0,0,10.0,0.0,0.0,15
ALB,Williams,11.0,0 days 00:01:39.843000,0 days 00:00:31.566000,0 days 00:00:43.642000,0 days 00:00:24.635000,SOFT,11.0,1.0,,,1,8.0,False,2025,Bahrain,R,99.843,31.566,43.642,24.635,98.698,1.1450000000000102,106.629,-6.786000000000001,1.1450000000000102,100.503,106.68900000000001,-6.186000000000007,57.0,0.19298245614035087,15.0,0.7333333333333333,121.0,121.0,1,0,0,1,1,0,0,11.0,0.0,0.0,15
ALB,Williams,12.0,0 days 00:01:39.940000,0 days 00:00:31.768000,0 days 00:00:43.616000,0 days 00:00:24.556000,SOFT,12.0,1.0,,,1,7.0,False,2025,Bahrain,R,99.94,31.768,43.616,24.556,98.698,1.2420000000000044,106.629,-6.689000000000007,1.2420000000000044,100.66,106.68900000000001,-6.029000000000011,57.0,0.21052631578947367,15.0,0.8,144.0,144.0,1,0,0,1,1,0,0,12.0,0.0,0.0,15
ALB,Williams,13.0,0 days 00:01:40.144000,0 days 00:00:31.804000,0 days 00:00:43.771000,0 days 00:00:24.569000,SOFT,13.0,1.0,,,1,6.0,False,2025,Bahrain,R,100.144,31.804,43.771,24.569,98.698,1.4460000000000122,106.629,-6.484999999999999,1.4460000000000122,100.924,106.68900000000001,-5.765000000000001,57.0,0.22807017543859648,15.0,0.8666666666666667,169.0,169.0,1,0,0,1,1,0,0,13.0,0.0,0.0,15
ALB,Williams,14.0,0 days 00:01:40.326000,0 days 00:00:31.819000,0 days 00:00:43.698000,0 days 00:00:24.809000,SOFT,14.0,1.0,,,1,4.0,False,2025,Bahrain,R,100.326,31.819,43.698,24.809,98.698,1.6280000000000001,106.629,-6.3030000000000115,1.6280000000000001,101.166,106.68900000000001,-5.52300000000001,57.0,0.24561403508771928,15.0,0.9333333333333333,196.0,196.0,1,0,0,1,1,0,0,14.0,0.0,0.0,15
ALB,Williams,15.0,0 days 00:01:40.821000,0 days 00:00:31.858000,0 days 00:00:44.173000,0 days 00:00:24.790000,SOFT,15.0,1.0,,,1,5.0,False,2025,Bahrain,R,100.821,31.858,44.173,24.79,98.698,2.1230000000000047,106.629,-5.808000000000007,2.1230000000000047,101.721,106.68900000000001,-4.9680000000000035,57.0,0.2631578947368421,15.0,1.0,225.0,225.0,1,0,0,1,1,0,0,15.0,0.0,0.0,15
ALB,Williams,18.0,0 days 00:01:37.209000,0 days 00:00:31.066000,0 days 00:00:42.371000,0 days 00:00:23.772000,HARD,2.0,2.0,,,1,16.0,False,2025,Bahrain,R,97.209,31.066,42.371,23.772,98.698,1.48899999999999,97.209,0.0,-1.48899999999999,98.289,98.289,0.0,57.0,0.3157894736842105,15.0,0.13333333333333333,4.0,324.0,0,1,0,1,0,0,1,0.0,0.0,2.0,14
ALB,Williams,19.0,0 days 00:01:38.209000,0 days 00:00:31.077000,0 days 00:00:42.808000,0 days 00:00:24.324000,HARD,3.0,2.0,,,1,16.0,False,2025,Bahrain,R,98.209,31.077,42.808,24.324,98.698,0.4889999999999901,97.209,1.0,-0.4889999999999901,99.349,98.289,1.0600000000000023,57.0,0.3333333333333333,15.0,0.2,9.0,361.0,0,1,0,0,0,0,1,0.0,0.0,3.0,14
ALB,Williams,20.0,0 days 00:01:37.673000,0 days 00:00:30.867000,0 days 00:00:42.721000,0 days 00:00:24.085000,HARD,4.0,2.0,,,1,15.0,False,2025,Bahrain,R,97.673,30.867,42.721,24.085,98.698,1.0249999999999915,97.209,0.46399999999999864,-1.0249999999999915,98.873,98.289,0.5840000000000032,57.0,0.3508771929824561,15.0,0.26666666666666666,16.0,400.0,0,1,0,0,0,0,1,0.0,0.0,4.0,14
ALB,Williams,21.0,0 days 00:01:38.047000,0 days 00:00:31.264000,0 days 00:00:42.725000,0 days 00:00:24.058000,HARD,5.0,2.0,,,1,15.0,False,2025,Bahrain,R,98.047,31.264,42.725,24.058,98.698,0.6509999999999962,97.209,0.8379999999999939,-0.6509999999999962,99.307,98.289,1.0180000000000007,57.0,0.3684210526315789,15.0,0.3333333333333333,25.0,441.0,0,1,0,0,0,0,1,0.0,0.0,5.0,14
ALB,Williams,22.0,0 days 00:01:38.474000,0 days 00:00:31.259000,0 days 00:00:43.003000,0 days 00:00:24.212000,HARD,6.0,2.0,,,1,15.0,False,2025,Bahrain,R,98.474,31.259,43.003,24.212,98.698,0.22399999999998954,97.209,1.2650000000000006,-0.22399999999998954,99.794,98.289,1.5049999999999955,57.0,0.38596491228070173,15.0,0.4,36.0,484.0,0,1,0,0,0,0,1,0.0,0.0,6.0,14
ALB,Williams,23.0,0 days 00:01:37.884000,0 days 00:00:31.026000,0 days 00:00:42.720000,0 days 00:00:24.138000,HARD,7.0,2.0,,,1,14.0,False,2025,Bahrain,R,97.884,31.026,42.72,24.138,98.698,0.813999999999993,97.209,0.6749999999999972,-0.813999999999993,99.264,98.289,0.9749999999999943,57.0,0.40350877192982454,15.0,0.4666666666666667,49.0,529.0,0,1,0,0,0,0,1,0.0,0.0,7.0,14
ALB,Williams,24.0,0 days 00:01:38.023000,0 days 00:00:31.269000,0 days 00:00:42.696000,0 days 00:00:24.058000,HARD,8.0,2.0,,,1,14.0,False,2025,Bahrain,R,98.023,31.269,42.696,24.058,98.698,0.6749999999999972,97.209,0.813999999999993,-0.6749999999999972,99.463,98.289,1.1739999999999924,57.0,0.42105263157894735,15.0,0.5333333333333333,64.0,576.0,0,1,0,0,0,0,1,0.0,0.0,8.0,14
ALB,Williams,25.0,0 days 00:01:38.591000,0 days 00:00:31.383000,0 days 00:00:43.056000,0 days 00:00:24.152000,HARD,9.0,2.0,,,1,14.0,False,2025,Bahrain,R,98.591,31.383,43.056,24.152,98.698,0.10699999999999932,97.209,1.3819999999999908,-0.10699999999999932,100.091,98.289,1.8019999999999925,57.0,0.43859649122807015,15.0,0.6,81.0,625.0,0,1,0,0,0,0,1,0.0,0.0,9.0,14
ALB,Williams,26.0,0 days 00:01:38.698000,0 days 00:00:31.409000,0 days 00:00:43.175000,0 days 00:00:24.114000,HARD,10.0,2.0,,,1,14.0,False,2025,Bahrain,R,98.698,31.409,43.175,24.114,98.698,0.0,97.209,1.48899999999999,0.0,100.258,98.289,1.968999999999994,57.0,0.45614035087719296,15.0,0.6666666666666666,100.0,676.0,0,1,0,0,0,0,1,0.0,0.0,10.0,14
ALB,Williams,27.0,0 days 00:01:38.707000,0 days 00:00:31.410000,0 days 00:00:43.090000,0 days 00:00:24.207000,HARD,11.0,2.0,,,1,13.0,False,2025,Bahrain,R,98.707,31.41,43.09,24.207,98.698,0.009000000000000341,97.209,1.4979999999999905,0.009000000000000341,100.327,98.289,2.0379999999999967,57.0,0.47368421052631576,15.0,0.7333333333333333,121.0,729.0,0,1,0,0,0,0,1,0.0,0.0,11.0,14
ALB,Williams,28.0,0 days 00:01:38.830000,0 days 00:00:31.338000,0 days 00:00:43.108000,0 days 00:00:24.384000,HARD,12.0,2.0,,,1,11.0,False,2025,Bahrain,R,98.83,31.338,43.108,24.384,98.698,0.132000000000005,97.209,1.6209999999999951,0.132000000000005,100.51,98.289,2.2210000000000036,57.0,0.49122807017543857,15.0,0.8,144.0,784.0,0,1,0,0,0,0,1,0.0,0.0,12.0,14
ALB,Williams,29.0,0 days 00:01:38.148000,0 days 00:00:31.062000,0 days 00:00:42.919000,0 days 00:00:24.167000,HARD,13.0,2.0,,,1,8.0,False,2025,Bahrain,R,98.148,31.062,42.919,24.167,98.698,0.5499999999999972,97.209,0.938999999999993,-0.5499999999999972,99.88799999999999,98.289,1.5989999999999895,57.0,0.5087719298245614,15.0,0.8666666666666667,169.0,841.0,0,1,0,0,0,0,1,0.0,0.0,13.0,14
ALB,Williams,30.0,0 days 00:01:39.164000,0 days 00:00:31.616000,0 days 00:00:43.305000,0 days 00:00:24.243000,HARD,14.0,2.0,,,1,8.0,False,2025,Bahrain,R,99.164,31.616,43.305,24.243,98.698,0.4660000000000082,97.209,1.9549999999999983,0.4660000000000082,100.964,98.289,2.674999999999997,57.0,0.5263157894736842,15.0,0.9333333333333333,196.0,900.0,0,1,0,0,0,0,1,0.0,0.0,14.0,14
ALB,Williams,31.0,0 days 00:01:39.781000,0 days 00:00:31.549000,0 days 00:00:43.649000,0 days 00:00:24.583000,HARD,15.0,2.0,,,1,8.0,False,2025,Bahrain,R,99.781,31.549,43.649,24.583,98.698,1.0830000000000126,97.209,2.5720000000000027,1.0830000000000126,101.641,98.289,3.352000000000004,57.0,0.543859649122807,15.0,1.0,225.0,961.0,0,1,0,0,0,0,1,0.0,0.0,15.0,14
ALB,Williams,36.0,0 days 00:01:39.068000,0 days 00:00:32.089000,0 days 00:00:43.221000,0 days 00:00:23.758000,MEDIUM,4.0,3.0,,,1,12.0,False,2025,Bahrain,R,99.068,32.089,43.221,23.758,98.698,0.37000000000000455,99.068,0.0,0.37000000000000455,101.228,101.228,0.0,57.0,0.631578947368421,25.0,0.16,16.0,1296.0,0,0,0,0,0,1,0,0.0,4.0,0.0,22
ALB,Williams,37.0,0 days 00:01:37.615000,0 days 00:00:31.124000,0 days 00:00:42.561000,0 days 00:00:23.930000,MEDIUM,5.0,3.0,,,1,12.0,False,2025,Bahrain,R,97.615,31.124,42.561,23.93,98.698,1.0829999999999984,99.068,-1.453000000000003,-1.0829999999999984,99.835,101.228,-1.3930000000000007,57.0,0.6491228070175439,25.0,0.2,25.0,1369.0,0,0,0,0,0,1,0,0.0,5.0,0.0,22
ALB,Williams,38.0,0 days 00:01:37.871000,0 days 00:00:30.671000,0 days 00:00:43.031000,0 days 00:00:24.169000,MEDIUM,6.0,3.0,,,1,12.0,False,2025,Bahrain,R,97.871,30.671,43.031,24.169,98.698,0.8269999999999982,99.068,-1.1970000000000027,-0.8269999999999982,100.151,101.228,-1.0769999999999982,57.0,0.6666666666666666,25.0,0.24,36.0,1444.0,0,0,1,0,0,1,0,0.0,6.0,0.0,22
ALB,Williams,39.0,0 days 00:01:38.870000,0 days 00:00:31.337000,0 days 00:00:43.565000,0 days 00:00:23.968000,MEDIUM,7.0,3.0,,,1,13.0,False,2025,Bahrain,R,98.87,31.337,43.565,23.968,98.698,0.17200000000001125,99.068,-0.1979999999999933,0.17200000000001125,101.21000000000001,101.228,-0.01799999999998647,57.0,0.6842105263157895,25.0,0.28,49.0,1521.0,0,0,1,0,0,1,0,0.0,7.0,0.0,22
ALB,Williams,40.0,0 days 00:01:37.631000,0 days 00:00:30.932000,0 days 00:00:42.734000,0 days 00:00:23.965000,MEDIUM,8.0,3.0,,,1,13.0,False,2025,Bahrain,R,97.631,30.932,42.734,23.965,98.698,1.066999999999993,99.068,-1.4369999999999976,-1.066999999999993,100.031,101.228,-1.1969999999999885,57.0,0.7017543859649122,25.0,0.32,64.0,1600.0,0,0,1,0,0,1,0,0.0,8.0,0.0,22
ALB,Williams,41.0,0 days 00:01:37.504000,0 days 00:00:31.076000,0 days 00:00:42.487000,0 days 00:00:23.941000,MEDIUM,9.0,3.0,,,1,13.0,False,2025,Bahrain,R,97.504,31.076,42.487,23.941,98.698,1.1939999999999884,99.068,-1.563999999999993,-1.1939999999999884,99.964,101.228,-1.2639999999999958,57.0,0.7192982456140351,25.0,0.36,81.0,1681.0,0,0,1,0,0,1,0,0.0,9.0,0.0,22
ALB,Williams,42.0,0 days 00:01:37.702000,0 days 00:00:31.201000,0 days 00:00:42.521000,0 days 00:00:23.980000,MEDIUM,10.0,3.0,,,1,13.0,False,2025,Bahrain,R,97.702,31.201,42.521,23.98,98.698,0.9959999999999951,99.068,-1.3659999999999997,-0.9959999999999951,100.222,101.228,-1.0060000000000002,57.0,0.7368421052631579,25.0,0.4,100.0,1764.0,0,0,1,0,0,1,0,0.0,10.0,0.0,22
ALB,Williams,43.0,0 days 00:01:37.667000,0 days 00:00:31.087000,0 days 00:00:42.534000,0 days 00:00:24.046000,MEDIUM,11.0,3.0,,,1,13.0,False,2025,Bahrain,R,97.667,31.087,42.534,24.046,98.698,1.0309999999999917,99.068,-1.4009999999999962,-1.0309999999999917,100.247,101.228,-0.9809999999999945,57.0,0.7543859649122807,25.0,0.44,121.0,1849.0,0,0,1,0,0,1,0,0.0,11.0,0.0,22
ALB,Williams,44.0,0 days 00:01:37.647000,0 days 00:00:31.061000,0 days 00:00:42.666000,0 days 00:00:23.920000,MEDIUM,12.0,3.0,,,1,13.0,False,2025,Bahrain,R,97.647,31.061,42.666,23.92,98.698,1.0509999999999877,99.068,-1.4209999999999923,-1.0509999999999877,100.287,101.228,-0.9409999999999883,57.0,0.7719298245614035,25.0,0.48,144.0,1936.0,0,0,1,0,0,1,0,0.0,12.0,0.0,22
ALB,Williams,45.0,0 days 00:01:37.696000,0 days 00:00:30.758000,0 days 00:00:42.753000,0 days 00:00:24.185000,MEDIUM,13.0,3.0,,,1,13.0,False,2025,Bahrain,R,97.696,30.758,42.753,24.185,98.698,1.0019999999999953,99.068,-1.3719999999999999,-1.0019999999999953,100.396,101.228,-0.8319999999999936,57.0,0.7894736842105263,25.0,0.52,169.0,2025.0,0,0,1,0,0,1,0,0.0,13.0,0.0,22
ALB,Williams,46.0,0 days 00:01:38.333000,0 days 00:00:30.905000,0 days 00:00:43.328000,0 days 00:00:24.100000,MEDIUM,14.0,3.0,,,1,13.0,False,2025,Bahrain,R,98.333,30.905,43.328,24.1,98.698,0.3649999999999949,99.068,-0.7349999999999994,-0.3649999999999949,101.093,101.228,-0.1349999999999909,57.0,0.8070175438596491,25.0,0.56,196.0,2116.0,0,0,1,0,0,1,0,0.0,14.0,0.0,22
ALB,Williams,47.0,0 days 00:01:37.141000,0 days 00:00:30.593000,0 days 00:00:42.556000,0 days 00:00:23.992000,MEDIUM,15.0,3.0,,,1,12.0,False,2025,Bahrain,R,97.141,30.593,42.556,23.992,98.698,1.556999999999988,99.068,-1.9269999999999925,-1.556999999999988,99.961,101.228,-1.266999999999996,57.0,0.8245614035087719,25.0,0.6,225.0,2209.0,0,0,1,0,0,1,0,0.0,15.0,0.0,22
ALB,Williams,48.0,0 days 00:01:37.544000,0 days 00:00:30.786000,0 days 00:00:42.765000,0 days 00:00:23.993000,MEDIUM,16.0,3.0,,,1,12.0,False,2025,Bahrain,R,97.544,30.786,42.765,23.993,98.698,1.1539999999999964,99.068,-1.524000000000001,-1.1539999999999964,100.42399999999999,101.228,-0.804000000000002,57.0,0.8421052631578947,25.0,0.64,256.0,2304.0,0,0,1,0,0,1,0,0.0,16.0,0.0,22
ALB,Williams,49.0,0 days 00:01:37.627000,0 days 00:00:30.943000,0 days 00:00:42.790000,0 days 00:00:23.894000,MEDIUM,17.0,3.0,,,1,12.0,False,2025,Bahrain,R,97.627,30.943,42.79,23.894,98.698,1.070999999999998,99.068,-1.4410000000000025,-1.070999999999998,100.567,101.228,-0.6610000000000014,57.0,0.8596491228070176,25.0,0.68,289.0,2401.0,0,0,1,0,0,1,0,0.0,17.0,0.0,22
ALB,Williams,50.0,0 days 00:01:37.863000,0 days 00:00:31.118000,0 days 00:00:42.613000,0 days 00:00:24.132000,MEDIUM,18.0,3.0,,,1,12.0,False,2025,Bahrain,R,97.863,31.118,42.613,24.132,98.698,0.8349999999999937,99.068,-1.2049999999999983,-0.8349999999999937,100.863,101.228,-0.3649999999999949,57.0,0.8771929824561403,25.0,0.72,324.0,2500.0,0,0,1,0,0,1,0,0.0,18.0,0.0,22
ALB,Williams,51.0,0 days 00:01:37.810000,0 days 00:00:31.124000,0 days 00:00:42.487000,0 days 00:00:24.199000,MEDIUM,19.0,3.0,,,1,12.0,False,2025,Bahrain,R,97.81,31.124,42.487,24.199,98.698,0.887999999999991,99.068,-1.2579999999999956,-0.887999999999991,100.87,101.228,-0.3579999999999899,57.0,0.8947368421052632,25.0,0.76,361.0,2601.0,0,0,1,0,0,1,0,0.0,19.0,0.0,22
ALB,Williams,52.0,0 days 00:01:38.581000,0 days 00:00:30.823000,0 days 00:00:43.176000,0 days 00:00:24.582000,MEDIUM,20.0,3.0,,,1,12.0,False,2025,Bahrain,R,98.581,30.823,43.176,24.582,98.698,0.11699999999999022,99.068,-0.48699999999999477,-0.11699999999999022,101.70100000000001,101.228,0.4730000000000132,57.0,0.9122807017543859,25.0,0.8,400.0,2704.0,0,0,1,0,0,1,0,0.0,20.0,0.0,22
ALB,Williams,53.0,0 days 00:01:38.427000,0 days 00:00:30.960000,0 days 00:00:43.153000,0 days 00:00:24.314000,MEDIUM,21.0,3.0,,,1,12.0,False,2025,Bahrain,R,98.427,30.96,43.153,24.314,98.698,0.2709999999999866,99.068,-0.6409999999999911,-0.2709999999999866,101.607,101.228,0.3790000000000049,57.0,0.9298245614035088,25.0,0.84,441.0,2809.0,0,0,1,0,0,1,0,0.0,21.0,0.0,22
ALB,Williams,54.0,0 days 00:01:38.614000,0 days 00:00:30.972000,0 days 00:00:43.388000,0 days 00:00:24.254000,MEDIUM,22.0,3.0,,,1,12.0,False,2025,Bahrain,R,98.614,30.972,43.388,24.254,98.698,0.08399999999998897,99.068,-0.4539999999999935,-0.08399999999998897,101.854,101.228,0.6260000000000048,57.0,0.9473684210526315,25.0,0.88,484.0,2916.0,0,0,1,0,0,1,0,0.0,22.0,0.0,22
ALB,Williams,55.0,0 days 00:01:38.816000,0 days 00:00:31.204000,0 days 00:00:43.193000,0 days 00:00:24.419000,MEDIUM,23.0,3.0,,,1,12.0,False,2025,Bahrain,R,98.816,31.204,43.193,24.419,98.698,0.11800000000000921,99.068,-0.25199999999999534,0.11800000000000921,102.116,101.228,0.8880000000000052,57.0,0.9649122807017544,25.0,0.92,529.0,3025.0,0,0,1,0,0,1,0,0.0,23.0,0.0,22
ALB,Williams,56.0,0 days 00:01:39.220000,0 days 00:00:31.420000,0 days 00:00:43.203000,0 days 00:00:24.597000,MEDIUM,24.0,3.0,,,1,12.0,False,2025,Bahrain,R,99.22,31.42,43.203,24.597,98.698,0.5220000000000056,99.068,0.15200000000000102,0.5220000000000056,102.58,101.228,1.3520000000000039,57.0,0.9824561403508771,25.0,0.96,576.0,3136.0,0,0,1,0,0,1,0,0.0,24.0,0.0,22
ALB,Williams,57.0,0 days 00:01:39.664000,0 days 00:00:31.156000,0 days 00:00:43.836000,0 days 00:00:24.672000,MEDIUM,25.0,3.0,,,1,12.0,False,2025,Bahrain,R,99.664,31.156,43.836,24.672,98.698,0.9660000000000082,99.068,0.5960000000000036,0.9660000000000082,103.084,101.228,1.8560000000000088,57.0,1.0,25.0,1.0,625.0,3249.0,0,0,1,0,0,1,0,0.0,25.0,0.0,22
ALO,Aston Martin,1.0,0 days 00:01:45.786000,,0 days 00:00:44.353000,0 days 00:00:24.669000,MEDIUM,1.0,1.0,,,1,12.0,False,2025,Bahrain,R,105.786,,44.353,24.669,98.6925,7.093500000000006,105.786,0.0,7.093500000000006,105.846,105.846,0.0,57.0,0.017543859649122806,15.0,0.06666666666666667,1.0,1.0,1,0,0,1,0,1,0,0.0,1.0,0.0,15
ALO,Aston Martin,2.0,0 days 00:01:40.514000,0 days 00:00:32.375000,0 days 00:00:43.385000,0 days 00:00:24.754000,MEDIUM,2.0,1.0,,,1,13.0,False,2025,Bahrain,R,100.514,32.375,43.385,24.754,98.6925,1.8215000000000003,105.786,-5.272000000000006,1.8215000000000003,100.634,105.846,-5.212000000000003,57.0,0.03508771929824561,15.0,0.13333333333333333,4.0,4.0,1,0,0,1,0,1,0,0.0,2.0,0.0,15
ALO,Aston Martin,3.0,0 days 00:01:40.017000,0 days 00:00:31.769000,0 days 00:00:43.477000,0 days 00:00:24.771000,MEDIUM,3.0,1.0,,,1,14.0,False,2025,Bahrain,R,100.017,31.769,43.477,24.771,98.6925,1.3245000000000005,105.786,-5.7690000000000055,1.3245000000000005,100.197,105.846,-5.649000000000001,57.0,0.05263157894736842,15.0,0.2,9.0,9.0,1,0,0,1,0,1,0,0.0,3.0,0.0,15
ALO,Aston Martin,4.0,0 days 00:01:39.318000,0 days 00:00:31.299000,0 days 00:00:43.493000,0 days 00:00:24.526000,MEDIUM,4.0,1.0,,,1,14.0,False,2025,Bahrain,R,99.318,31.299,43.493,24.526,98.6925,0.6255000000000024,105.786,-6.4680000000000035,0.6255000000000024,99.55799999999999,105.846,-6.288000000000011,57.0,0.07017543859649122,15.0,0.26666666666666666,16.0,16.0,1,0,0,1,0,1,0,0.0,4.0,0.0,15
ALO,Aston Martin,5.0,0 days 00:01:40.555000,0 days 00:00:32.114000,0 days 00:00:43.800000,0 days 00:00:24.641000,MEDIUM,5.0,1.0,,,1,15.0,False,2025,Bahrain,R,100.555,32.114,43.8,24.641,98.6925,1.8625000000000114,105.786,-5.2309999999999945,1.8625000000000114,100.855,105.846,-4.991,57.0,0.08771929824561403,15.0,0.3333333333333333,25.0,25.0,1,0,0,1,0,1,0,0.0,5.0,0.0,15
ALO,Aston Martin,6.0,0 days 00:01:39.589000,0 days 00:00:31.465000,0 days 00:00:43.446000,0 days 00:00:24.678000,MEDIUM,6.0,1.0,,,1,15.0,False,2025,Bahrain,R,99.589,31.465,43.446,24.678,98.6925,0.8965000000000032,105.786,-6.197000000000003,0.8965000000000032,99.949,105.846,-5.897000000000006,57.0,0.10526315789473684,15.0,0.4,36.0,36.0,1,0,0,1,0,1,0,0.0,6.0,0.0,15
ALO,Aston Martin,7.0,0 days 00:01:39.919000,0 days 00:00:31.692000,0 days 00:00:43.633000,0 days 00:00:24.594000,MEDIUM,7.0,1.0,,,1,15.0,False,2025,Bahrain,R,99.919,31.692,43.633,24.594,98.6925,1.2265000000000015,105.786,-5.867000000000004,1.2265000000000015,100.339,105.846,-5.507000000000005,57.0,0.12280701754385964,15.0,0.4666666666666667,49.0,49.0,1,0,0,1,0,1,0,0.0,7.0,0.0,15
ALO,Aston Martin,8.0,0 days 00:01:40.195000,0 days 00:00:31.864000,0 days 00:00:43.766000,0 days 00:00:24.565000,MEDIUM,8.0,1.0,,,1,15.0,False,2025,Bahrain,R,100.195,31.864,43.766,24.565,98.6925,1.5024999999999977,105.786,-5.591000000000008,1.5024999999999977,100.675,105.846,-5.1710000000000065,57.0,0.14035087719298245,15.0,0.5333333333333333,64.0,64.0,1,0,0,1,0,1,0,0.0,8.0,0.0,15
ALO,Aston Martin,9.0,0 days 00:01:40.234000,0 days 00:00:31.773000,0 days 00:00:43.782000,0 days 00:00:24.679000,MEDIUM,9.0,1.0,,,1,14.0,False,2025,Bahrain,R,100.234,31.773,43.782,24.679,98.6925,1.5414999999999992,105.786,-5.552000000000007,1.5414999999999992,100.774,105.846,-5.072000000000003,57.0,0.15789473684210525,15.0,0.6,81.0,81.0,1,0,0,1,0,1,0,0.0,9.0,0.0,15
ALO,Aston Martin,10.0,0 days 00:01:40.369000,0 days 00:00:31.825000,0 days 00:00:43.877000,0 days 00:00:24.667000,MEDIUM,10.0,1.0,,,1,13.0,False,2025,Bahrain,R,100.369,31.825,43.877,24.667,98.6925,1.6765000000000043,105.786,-5.417000000000002,1.6765000000000043,100.969,105.846,-4.8770000000000095,57.0,0.17543859649122806,15.0,0.6666666666666666,100.0,100.0,1,0,0,1,0,1,0,0.0,10.0,0.0,15
ALO,Aston Martin,11.0,0 days 00:01:40.011000,0 days 00:00:31.806000,0 days 00:00:43.605000,0 days 00:00:24.600000,MEDIUM,11.0,1.0,,,1,10.0,False,2025,Bahrain,R,100.011,31.806,43.605,24.6,98.6925,1.3185000000000002,105.786,-5.775000000000006,1.3185000000000002,100.67099999999999,105.846,-5.175000000000011,57.0,0.19298245614035087,15.0,0.7333333333333333,121.0,121.0,1,0,0,1,0,1,0,0.0,11.0,0.0,15
ALO,Aston Martin,12.0,0 days 00:01:39.974000,0 days 00:00:31.793000,0 days 00:00:43.619000,0 days 00:00:24.562000,MEDIUM,12.0,1.0,,,1,9.0,False,2025,Bahrain,R,99.974,31.793,43.619,24.562,98.6925,1.2815000000000083,105.786,-5.811999999999998,1.2815000000000083,100.694,105.846,-5.152000000000001,57.0,0.21052631578947367,15.0,0.8,144.0,144.0,1,0,0,1,0,1,0,0.0,12.0,0.0,15
ALO,Aston Martin,13.0,0 days 00:01:39.751000,0 days 00:00:31.840000,0 days 00:00:43.270000,0 days 00:00:24.641000,MEDIUM,13.0,1.0,,,1,8.0,False,2025,Bahrain,R,99.751,31.84,43.27,24.641,98.6925,1.0585000000000093,105.786,-6.034999999999997,1.0585000000000093,100.531,105.846,-5.314999999999998,57.0,0.22807017543859648,15.0,0.8666666666666667,169.0,169.0,1,0,0,1,0,1,0,0.0,13.0,0.0,15
ALO,Aston Martin,14.0,0 days 00:01:40.631000,0 days 00:00:32.301000,0 days 00:00:43.734000,0 days 00:00:24.596000,MEDIUM,14.0,1.0,,,1,8.0,False,2025,Bahrain,R,100.631,32.301,43.734,24.596,98.6925,1.9385000000000048,105.786,-5.155000000000001,1.9385000000000048,101.471,105.846,-4.375,57.0,0.24561403508771928,15.0,0.9333333333333333,196.0,196.0,1,0,0,1,0,1,0,0.0,14.0,0.0,15
ALO,Aston Martin,15.0,0 days 00:01:40.461000,0 days 00:00:32.087000,0 days 00:00:43.775000,0 days 00:00:24.599000,MEDIUM,15.0,1.0,,,1,7.0,False,2025,Bahrain,R,100.461,32.087,43.775,24.599,98.6925,1.768500000000003,105.786,-5.325000000000003,1.768500000000003,101.361,105.846,-4.484999999999999,57.0,0.2631578947368421,15.0,1.0,225.0,225.0,1,0,0,1,0,1,0,0.0,15.0,0.0,15
ALO,Aston Martin,18.0,0 days 00:01:38.139000,0 days 00:00:31.089000,0 days 00:00:42.818000,0 days 00:00:24.232000,MEDIUM,2.0,2.0,,,1,18.0,False,2025,Bahrain,R,98.139,31.089,42.818,24.232,98.6925,0.5534999999999997,98.139,0.0,-0.5534999999999997,99.219,99.219,0.0,57.0,0.3157894736842105,15.0,0.13333333333333333,4.0,324.0,0,1,0,1,0,1,0,0.0,2.0,0.0,14
ALO,Aston Martin,19.0,0 days 00:01:37.955000,0 days 00:00:30.905000,0 days 00:00:42.852000,0 days 00:00:24.198000,MEDIUM,3.0,2.0,,,1,17.0,False,2025,Bahrain,R,97.955,30.905,42.852,24.198,98.6925,0.7374999999999972,98.139,-0.1839999999999975,-0.7374999999999972,99.095,99.219,-0.12399999999999523,57.0,0.3333333333333333,15.0,0.2,9.0,361.0,0,1,0,0,0,1,0,0.0,3.0,0.0,14
ALO,Aston Martin,20.0,0 days 00:01:38.474000,0 days 00:00:31.412000,0 days 00:00:42.955000,0 days 00:00:24.107000,MEDIUM,4.0,2.0,,,1,17.0,False,2025,Bahrain,R,98.474,31.412,42.955,24.107,98.6925,0.2184999999999917,98.139,0.33500000000000796,-0.2184999999999917,99.674,99.219,0.4550000000000125,57.0,0.3508771929824561,15.0,0.26666666666666666,16.0,400.0,0,1,0,0,0,1,0,0.0,4.0,0.0,14
ALO,Aston Martin,21.0,0 days 00:01:39.001000,0 days 00:00:31.558000,0 days 00:00:43.032000,0 days 00:00:24.411000,MEDIUM,5.0,2.0,,,1,17.0,False,2025,Bahrain,R,99.001,31.558,43.032,24.411,98.6925,0.3085000000000093,98.139,0.862000000000009,0.3085000000000093,100.26100000000001,99.219,1.0420000000000158,57.0,0.3684210526315789,15.0,0.3333333333333333,25.0,441.0,0,1,0,0,0,1,0,0.0,5.0,0.0,14
ALO,Aston Martin,22.0,0 days 00:01:38.549000,0 days 00:00:31.383000,0 days 00:00:42.972000,0 days 00:00:24.194000,MEDIUM,6.0,2.0,,,1,17.0,False,2025,Bahrain,R,98.549,31.383,42.972,24.194,98.6925,0.14349999999998886,98.139,0.4100000000000108,-0.14349999999998886,99.869,99.219,0.6500000000000057,57.0,0.38596491228070173,15.0,0.4,36.0,484.0,0,1,0,0,0,1,0,0.0,6.0,0.0,14
ALO,Aston Martin,23.0,0 days 00:01:38.508000,0 days 00:00:31.432000,0 days 00:00:42.807000,0 days 00:00:24.269000,MEDIUM,7.0,2.0,,,1,17.0,False,2025,Bahrain,R,98.508,31.432,42.807,24.269,98.6925,0.1844999999999999,98.139,0.3689999999999998,-0.1844999999999999,99.88799999999999,99.219,0.6689999999999969,57.0,0.40350877192982454,15.0,0.4666666666666667,49.0,529.0,0,1,0,0,0,1,0,0.0,7.0,0.0,14
ALO,Aston Martin,24.0,0 days 00:01:38.759000,0 days 00:00:31.443000,0 days 00:00:42.935000,0 days 00:00:24.381000,MEDIUM,8.0,2.0,,,1,17.0,False,2025,Bahrain,R,98.759,31.443,42.935,24.381,98.6925,0.06650000000000489,98.139,0.6200000000000045,0.06650000000000489,100.199,99.219,0.980000000000004,57.0,0.42105263157894735,15.0,0.5333333333333333,64.0,576.0,0,1,0,0,0,1,0,0.0,8.0,0.0,14
ALO,Aston Martin,25.0,0 days 00:01:39.199000,0 days 00:00:31.458000,0 days 00:00:43.279000,0 days 00:00:24.462000,MEDIUM,9.0,2.0,,,1,17.0,False,2025,Bahrain,R,99.199,31.458,43.279,24.462,98.6925,0.5065000000000026,98.139,1.0600000000000023,0.5065000000000026,100.699,99.219,1.480000000000004,57.0,0.43859649122807015,15.0,0.6,81.0,625.0,0,1,0,0,0,1,0,0.0,9.0,0.0,14
ALO,Aston Martin,26.0,0 days 00:01:38.311000,0 days 00:00:31.070000,0 days 00:00:42.969000,0 days 00:00:24.272000,MEDIUM,10.0,2.0,,,1,16.0,False,2025,Bahrain,R,98.311,31.07,42.969,24.272,98.6925,0.3814999999999884,98.139,0.17200000000001125,-0.3814999999999884,99.87100000000001,99.219,0.6520000000000152,57.0,0.45614035087719296,15.0,0.6666666666666666,100.0,676.0,0,1,0,0,0,1,0,0.0,10.0,0.0,14
ALO,Aston Martin,27.0,0 days 00:01:38.679000,0 days 00:00:31.505000,0 days 00:00:42.905000,0 days 00:00:24.269000,MEDIUM,11.0,2.0,,,1,15.0,False,2025,Bahrain,R,98.679,31.505,42.905,24.269,98.6925,0.013499999999993406,98.139,0.5400000000000063,-0.013499999999993406,100.299,99.219,1.0800000000000125,57.0,0.47368421052631576,15.0,0.7333333333333333,121.0,729.0,0,1,0,0,0,1,0,0.0,11.0,0.0,14
ALO,Aston Martin,28.0,0 days 00:01:38.897000,0 days 00:00:31.483000,0 days 00:00:43.097000,0 days 00:00:24.317000,MEDIUM,12.0,2.0,,,1,12.0,False,2025,Bahrain,R,98.897,31.483,43.097,24.317,98.6925,0.20450000000001012,98.139,0.7580000000000098,0.20450000000001012,100.57700000000001,99.219,1.3580000000000183,57.0,0.49122807017543857,15.0,0.8,144.0,784.0,0,1,0,0,0,1,0,0.0,12.0,0.0,14
ALO,Aston Martin,29.0,0 days 00:01:38.702000,0 days 00:00:31.485000,0 days 00:00:42.986000,0 days 00:00:24.231000,MEDIUM,13.0,2.0,,,1,11.0,False,2025,Bahrain,R,98.702,31.485,42.986,24.231,98.6925,0.009500000000002728,98.139,0.5630000000000024,0.009500000000002728,100.442,99.219,1.222999999999999,57.0,0.5087719298245614,15.0,0.8666666666666667,169.0,841.0,0,1,0,0,0,1,0,0.0,13.0,0.0,14
ALO,Aston Martin,30.0,0 days 00:01:38.477000,0 days 00:00:31.490000,0 days 00:00:42.739000,0 days 00:00:24.248000,MEDIUM,14.0,2.0,,,1,11.0,False,2025,Bahrain,R,98.477,31.49,42.739,24.248,98.6925,0.2154999999999916,98.139,0.33800000000000807,-0.2154999999999916,100.277,99.219,1.058000000000007,57.0,0.5263157894736842,15.0,0.9333333333333333,196.0,900.0,0,1,0,0,0,1,0,0.0,14.0,0.0,14
ALO,Aston Martin,31.0,0 days 00:01:40.181000,0 days 00:00:32.279000,0 days 00:00:43.285000,0 days 00:00:24.617000,MEDIUM,15.0,2.0,,,1,13.0,False,2025,Bahrain,R,100.181,32.279,43.285,24.617,98.6925,1.488500000000002,98.139,2.0420000000000016,1.488500000000002,102.041,99.219,2.8220000000000027,57.0,0.543859649122807,15.0,1.0,225.0,961.0,0,1,0,0,0,1,0,0.0,15.0,0.0,14
ALO,Aston Martin,37.0,0 days 00:01:38.646000,0 days 00:00:31.229000,0 days 00:00:43.160000,0 days 00:00:24.257000,HARD,5.0,3.0,,,1,18.0,False,2025,Bahrain,R,98.646,31.229,43.16,24.257,98.6925,0.04649999999999466,98.646,0.0,-0.04649999999999466,100.866,100.866,0.0,57.0,0.6491228070175439,25.0,0.2,25.0,1369.0,0,0,0,0,0,0,1,0.0,0.0,5.0,21
ALO,Aston Martin,38.0,0 days 00:01:37.906000,0 days 00:00:30.906000,0 days 00:00:42.773000,0 days 00:00:24.227000,HARD,6.0,3.0,,,1,18.0,False,2025,Bahrain,R,97.906,30.906,42.773,24.227,98.6925,0.7864999999999895,98.646,-0.7399999999999949,-0.7864999999999895,100.186,100.866,-0.6799999999999926,57.0,0.6666666666666666,25.0,0.24,36.0,1444.0,0,0,1,0,0,0,1,0.0,0.0,6.0,21
ALO,Aston Martin,39.0,0 days 00:01:38.391000,0 days 00:00:31.029000,0 days 00:00:43.001000,0 days 00:00:24.361000,HARD,7.0,3.0,,,1,18.0,False,2025,Bahrain,R,98.391,31.029,43.001,24.361,98.6925,0.3014999999999901,98.646,-0.25499999999999545,-0.3014999999999901,100.73100000000001,100.866,-0.1349999999999909,57.0,0.6842105263157895,25.0,0.28,49.0,1521.0,0,0,1,0,0,0,1,0.0,0.0,7.0,21
ALO,Aston Martin,40.0,0 days 00:01:38.388000,0 days 00:00:31.039000,0 days 00:00:42.944000,0 days 00:00:24.405000,HARD,8.0,3.0,,,1,18.0,False,2025,Bahrain,R,98.388,31.039,42.944,24.405,98.6925,0.3044999999999902,98.646,-0.25799999999999557,-0.3044999999999902,100.78800000000001,100.866,-0.07799999999998875,57.0,0.7017543859649122,25.0,0.32,64.0,1600.0,0,0,1,0,0,0,1,0.0,0.0,8.0,21
ALO,Aston Martin,41.0,0 days 00:01:38.530000,0 days 00:00:31.214000,0 days 00:00:42.913000,0 days 00:00:24.403000,HARD,9.0,3.0,,,1,18.0,False,2025,Bahrain,R,98.53,31.214,42.913,24.403,98.6925,0.16249999999999432,98.646,-0.11599999999999966,-0.16249999999999432,100.99,100.866,0.12399999999999523,57.0,0.7192982456140351,25.0,0.36,81.0,1681.0,0,0,1,0,0,0,1,0.0,0.0,9.0,21
ALO,Aston Martin,42.0,0 days 00:01:38.683000,0 days 00:00:31.035000,0 days 00:00:43.013000,0 days 00:00:24.635000,HARD,10.0,3.0,,,1,18.0,False,2025,Bahrain,R,98.683,31.035,43.013,24.635,98.6925,0.009499999999988518,98.646,0.03700000000000614,-0.009499999999988518,101.203,100.866,0.3370000000000033,57.0,0.7368421052631579,25.0,0.4,100.0,1764.0,0,0,1,0,0,0,1,0.0,0.0,10.0,21
ALO,Aston Martin,43.0,0 days 00:01:38.974000,0 days 00:00:31.023000,0 days 00:00:43.324000,0 days 00:00:24.627000,HARD,11.0,3.0,,,1,18.0,False,2025,Bahrain,R,98.974,31.023,43.324,24.627,98.6925,0.2815000000000083,98.646,0.32800000000000296,0.2815000000000083,101.554,100.866,0.6880000000000024,57.0,0.7543859649122807,25.0,0.44,121.0,1849.0,0,0,1,0,0,0,1,0.0,0.0,11.0,21
ALO,Aston Martin,44.0,0 days 00:01:38.268000,0 days 00:00:31.326000,0 days 00:00:42.504000,0 days 00:00:24.438000,HARD,12.0,3.0,,,1,17.0,False,2025,Bahrain,R,98.268,31.326,42.504,24.438,98.6925,0.42449999999999477,98.646,-0.3780000000000001,-0.42449999999999477,100.908,100.866,0.04200000000000159,57.0,0.7719298245614035,25.0,0.48,144.0,1936.0,0,0,1,0,0,0,1,0.0,0.0,12.0,21
ALO,Aston Martin,45.0,0 days 00:01:38.421000,0 days 00:00:31.378000,0 days 00:00:42.845000,0 days 00:00:24.198000,HARD,13.0,3.0,,,1,17.0,False,2025,Bahrain,R,98.421,31.378,42.845,24.198,98.6925,0.271499999999989,98.646,-0.22499999999999432,-0.271499999999989,101.12100000000001,100.866,0.25500000000000966,57.0,0.7894736842105263,25.0,0.52,169.0,2025.0,0,0,1,0,0,0,1,0.0,0.0,13.0,21
ALO,Aston Martin,46.0,0 days 00:01:38.020000,0 days 00:00:31.342000,0 days 00:00:42.535000,0 days 00:00:24.143000,HARD,14.0,3.0,,,1,17.0,False,2025,Bahrain,R,98.02,31.342,42.535,24.143,98.6925,0.6724999999999994,98.646,-0.6260000000000048,-0.6724999999999994,100.78,100.866,-0.08599999999999852,57.0,0.8070175438596491,25.0,0.56,196.0,2116.0,0,0,1,0,0,0,1,0.0,0.0,14.0,21
ALO,Aston Martin,47.0,0 days 00:01:38.118000,0 days 00:00:31.327000,0 days 00:00:42.629000,0 days 00:00:24.162000,HARD,15.0,3.0,,,1,17.0,False,2025,Bahrain,R,98.118,31.327,42.629,24.162,98.6925,0.5745000000000005,98.646,-0.5280000000000058,-0.5745000000000005,100.93799999999999,100.866,0.07199999999998852,57.0,0.8245614035087719,25.0,0.6,225.0,2209.0,0,0,1,0,0,0,1,0.0,0.0,15.0,21
ALO,Aston Martin,48.0,0 days 00:01:38.329000,0 days 00:00:31.421000,0 days 00:00:42.725000,0 days 00:00:24.183000,HARD,16.0,3.0,,,1,17.0,False,2025,Bahrain,R,98.329,31.421,42.725,24.183,98.6925,0.36350000000000193,98.646,-0.3170000000000073,-0.36350000000000193,101.20899999999999,100.866,0.3429999999999893,57.0,0.8421052631578947,25.0,0.64,256.0,2304.0,0,0,1,0,0,0,1,0.0,0.0,16.0,21
ALO,Aston Martin,49.0,0 days 00:01:38.542000,0 days 00:00:31.576000,0 days 00:00:42.737000,0 days 00:00:24.229000,HARD,17.0,3.0,,,1,17.0,False,2025,Bahrain,R,98.542,31.576,42.737,24.229,98.6925,0.15049999999999386,98.646,-0.1039999999999992,-0.15049999999999386,101.482,100.866,0.6159999999999997,57.0,0.8596491228070176,25.0,0.68,289.0,2401.0,0,0,1,0,0,0,1,0.0,0.0,17.0,21
ALO,Aston Martin,50.0,0 days 00:01:38.116000,0 days 00:00:31.402000,0 days 00:00:42.479000,0 days 00:00:24.235000,HARD,18.0,3.0,,,1,17.0,False,2025,Bahrain,R,98.116,31.402,42.479,24.235,98.6925,0.5764999999999958,98.646,-0.5300000000000011,-0.5764999999999958,101.116,100.866,0.25,57.0,0.8771929824561403,25.0,0.72,324.0,2500.0,0,0,1,0,0,0,1,0.0,0.0,18.0,21
ALO,Aston Martin,51.0,0 days 00:01:38.237000,0 days 00:00:31.382000,0 days 00:00:42.556000,0 days 00:00:24.299000,HARD,19.0,3.0,,,1,17.0,False,2025,Bahrain,R,98.237,31.382,42.556,24.299,98.6925,0.4555000000000007,98.646,-0.409000000000006,-0.4555000000000007,101.297,100.866,0.4309999999999974,57.0,0.8947368421052632,25.0,0.76,361.0,2601.0,0,0,1,0,0,0,1,0.0,0.0,19.0,21
ALO,Aston Martin,52.0,0 days 00:01:38.610000,0 days 00:00:31.488000,0 days 00:00:42.788000,0 days 00:00:24.334000,HARD,20.0,3.0,,,1,17.0,False,2025,Bahrain,R,98.61,31.488,42.788,24.334,98.6925,0.08249999999999602,98.646,-0.036000000000001364,-0.08249999999999602,101.73,100.866,0.8640000000000043,57.0,0.9122807017543859,25.0,0.8,400.0,2704.0,0,0,1,0,0,0,1,0.0,0.0,20.0,21
ALO,Aston Martin,53.0,0 days 00:01:38.601000,0 days 00:00:31.487000,0 days 00:00:42.796000,0 days 00:00:24.318000,HARD,21.0,3.0,,,1,17.0,False,2025,Bahrain,R,98.601,31.487,42.796,24.318,98.6925,0.09149999999999636,98.646,-0.045000000000001705,-0.09149999999999636,101.781,100.866,0.9150000000000063,57.0,0.9298245614035088,25.0,0.84,441.0,2809.0,0,0,1,0,0,0,1,0.0,0.0,21.0,21
ALO,Aston Martin,54.0,0 days 00:01:38.442000,0 days 00:00:31.444000,0 days 00:00:42.580000,0 days 00:00:24.418000,HARD,22.0,3.0,,,1,17.0,False,2025,Bahrain,R,98.442,31.444,42.58,24.418,98.6925,0.2505000000000024,98.646,-0.20400000000000773,-0.2505000000000024,101.68199999999999,100.866,0.8159999999999883,57.0,0.9473684210526315,25.0,0.88,484.0,2916.0,0,0,1,0,0,0,1,0.0,0.0,22.0,21
ALO,Aston Martin,55.0,0 days 00:01:38.644000,0 days 00:00:31.615000,0 days 00:00:42.737000,0 days 00:00:24.292000,HARD,23.0,3.0,,,1,17.0,False,2025,Bahrain,R,98.644,31.615,42.737,24.292,98.6925,0.048499999999989996,98.646,-0.001999999999995339,-0.048499999999989996,101.944,100.866,1.078000000000003,57.0,0.9649122807017544,25.0,0.92,529.0,3025.0,0,0,1,0,0,0,1,0.0,0.0,23.0,21
ALO,Aston Martin,56.0,0 days 00:01:39.318000,0 days 00:00:31.477000,0 days 00:00:43.426000,0 days 00:00:24.415000,HARD,24.0,3.0,,,1,17.0,False,2025,Bahrain,R,99.318,31.477,43.426,24.415,98.6925,0.6255000000000024,98.646,0.671999999999997,0.6255000000000024,102.678,100.866,1.8119999999999976,57.0,0.9824561403508771,25.0,0.96,576.0,3136.0,0,0,1,0,0,0,1,0.0,0.0,24.0,21
ALO,Aston Martin,57.0,0 days 00:01:38.750000,0 days 00:00:31.567000,0 days 00:00:42.747000,0 days 00:00:24.436000,HARD,25.0,3.0,,,1,17.0,False,2025,Bahrain,R,98.75,31.567,42.747,24.436,98.6925,0.05750000000000455,98.646,0.1039999999999992,0.05750000000000455,102.17,100.866,1.304000000000002,57.0,1.0,25.0,1.0,625.0,3249.0,0,0,1,0,0,0,1,0.0,0.0,25.0,21
ANT,Mercedes,1.0,0 days 00:01:43.363000,,0 days 00:00:44.112000,0 days 00:00:24.317000,SOFT,4.0,1.0,,,1,7.0,False,2025,Bahrain,R,103.363,,44.112,24.317,98.42150000000001,4.941499999999991,103.363,0.0,4.941499999999991,103.423,103.423,0.0,57.0,0.017543859649122806,14.0,0.2857142857142857,16.0,1.0,1,0,0,1,1,0,0,4.0,0.0,0.0,9
ANT,Mercedes,2.0,0 days 00:01:38.187000,0 days 00:00:31.202000,0 days 00:00:42.869000,0 days 00:00:24.116000,SOFT,5.0,1.0,,,1,7.0,False,2025,Bahrain,R,98.187,31.202,42.869,24.116,98.42150000000001,0.23450000000001125,103.363,-5.176000000000002,-0.23450000000001125,98.307,103.423,-5.116,57.0,0.03508771929824561,14.0,0.35714285714285715,25.0,4.0,1,0,0,1,1,0,0,5.0,0.0,0.0,9
ANT,Mercedes,3.0,0 days 00:01:38.427000,0 days 00:00:31.022000,0 days 00:00:43.195000,0 days 00:00:24.210000,SOFT,6.0,1.0,,,1,7.0,False,2025,Bahrain,R,98.427,31.022,43.195,24.21,98.42150000000001,0.00549999999999784,103.363,-4.935999999999993,0.00549999999999784,98.60700000000001,103.423,-4.815999999999988,57.0,0.05263157894736842,14.0,0.42857142857142855,36.0,9.0,1,0,0,1,1,0,0,6.0,0.0,0.0,9
ANT,Mercedes,4.0,0 days 00:01:38.564000,0 days 00:00:31.110000,0 days 00:00:43.098000,0 days 00:00:24.356000,SOFT,7.0,1.0,,,1,7.0,False,2025,Bahrain,R,98.564,31.11,43.098,24.356,98.42150000000001,0.14249999999998408,103.363,-4.799000000000007,0.14249999999998408,98.80399999999999,103.423,-4.619000000000014,57.0,0.07017543859649122,14.0,0.5,49.0,16.0,1,0,0,1,1,0,0,7.0,0.0,0.0,9
ANT,Mercedes,5.0,0 days 00:01:38.520000,0 days 00:00:31.276000,0 days 00:00:43.027000,0 days 00:00:24.217000,SOFT,8.0,1.0,,,1,6.0,False,2025,Bahrain,R,98.52,31.276,43.027,24.217,98.42150000000001,0.09849999999998715,103.363,-4.8430000000000035,0.09849999999998715,98.82,103.423,-4.603000000000009,57.0,0.08771929824561403,14.0,0.5714285714285714,64.0,25.0,1,0,0,1,1,0,0,8.0,0.0,0.0,9
ANT,Mercedes,6.0,0 days 00:01:38.634000,0 days 00:00:31.381000,0 days 00:00:42.994000,0 days 00:00:24.259000,SOFT,9.0,1.0,,,1,6.0,False,2025,Bahrain,R,98.634,31.381,42.994,24.259,98.42150000000001,0.21249999999999147,103.363,-4.728999999999999,0.21249999999999147,98.994,103.423,-4.429000000000002,57.0,0.10526315789473684,14.0,0.6428571428571429,81.0,36.0,1,0,0,1,1,0,0,9.0,0.0,0.0,9
ANT,Mercedes,7.0,0 days 00:01:38.905000,0 days 00:00:31.347000,0 days 00:00:43.190000,0 days 00:00:24.368000,SOFT,10.0,1.0,,,1,6.0,False,2025,Bahrain,R,98.905,31.347,43.19,24.368,98.42150000000001,0.48349999999999227,103.363,-4.457999999999998,0.48349999999999227,99.325,103.423,-4.097999999999999,57.0,0.12280701754385964,14.0,0.7142857142857143,100.0,49.0,1,0,0,1,1,0,0,10.0,0.0,0.0,9
ANT,Mercedes,9.0,0 days 00:01:39.646000,0 days 00:00:31.431000,0 days 00:00:43.668000,0 days 00:00:24.547000,SOFT,12.0,1.0,,,1,6.0,False,2025,Bahrain,R,99.646,31.431,43.668,24.547,98.42150000000001,1.224499999999992,103.363,-3.7169999999999987,1.224499999999992,100.186,103.423,-3.2369999999999948,57.0,0.15789473684210525,14.0,0.8571428571428571,144.0,81.0,1,0,0,1,1,0,0,12.0,0.0,0.0,9
ANT,Mercedes,11.0,0 days 00:01:39.667000,0 days 00:00:31.598000,0 days 00:00:43.638000,0 days 00:00:24.431000,SOFT,14.0,1.0,,,1,4.0,False,2025,Bahrain,R,99.667,31.598,43.638,24.431,98.42150000000001,1.2454999999999927,103.363,-3.695999999999998,1.2454999999999927,100.327,103.423,-3.0960000000000036,57.0,0.19298245614035087,14.0,1.0,196.0,121.0,1,0,0,1,1,0,0,14.0,0.0,0.0,9
ANT,Mercedes,14.0,0 days 00:01:37.732000,0 days 00:00:30.789000,0 days 00:00:42.732000,0 days 00:00:24.211000,MEDIUM,2.0,2.0,,,1,13.0,False,2025,Bahrain,R,97.732,30.789,42.732,24.211,98.42150000000001,0.6895000000000095,97.732,0.0,-0.6895000000000095,98.572,98.572,0.0,57.0,0.24561403508771928,14.0,0.14285714285714285,4.0,196.0,0,1,0,1,0,1,0,0.0,2.0,0.0,13
ANT,Mercedes,15.0,0 days 00:01:38.397000,0 days 00:00:30.955000,0 days 00:00:43.120000,0 days 00:00:24.322000,MEDIUM,3.0,2.0,,,1,11.0,False,2025,Bahrain,R,98.397,30.955,43.12,24.322,98.42150000000001,0.024500000000003297,97.732,0.6650000000000063,-0.024500000000003297,99.29700000000001,98.572,0.7250000000000085,57.0,0.2631578947368421,14.0,0.21428571428571427,9.0,225.0,0,1,0,1,0,1,0,0.0,3.0,0.0,13
ANT,Mercedes,16.0,0 days 00:01:39.069000,0 days 00:00:31.021000,0 days 00:00:43.495000,0 days 00:00:24.553000,MEDIUM,4.0,2.0,,,1,10.0,False,2025,Bahrain,R,99.069,31.021,43.495,24.553,98.42150000000001,0.6474999999999937,97.732,1.3370000000000033,0.6474999999999937,100.029,98.572,1.4569999999999936,57.0,0.2807017543859649,14.0,0.2857142857142857,16.0,256.0,0,1,0,1,0,1,0,0.0,4.0,0.0,13
ANT,Mercedes,17.0,0 days 00:01:38.942000,0 days 00:00:31.113000,0 days 00:00:43.534000,0 days 00:00:24.295000,MEDIUM,5.0,2.0,,,1,9.0,False,2025,Bahrain,R,98.942,31.113,43.534,24.295,98.42150000000001,0.5204999999999842,97.732,1.2099999999999937,0.5204999999999842,99.96199999999999,98.572,1.3899999999999864,57.0,0.2982456140350877,14.0,0.35714285714285715,25.0,289.0,0,1,0,1,0,1,0,0.0,5.0,0.0,13
ANT,Mercedes,18.0,0 days 00:01:38.365000,0 days 00:00:30.899000,0 days 00:00:43.190000,0 days 00:00:24.276000,MEDIUM,6.0,2.0,,,1,8.0,False,2025,Bahrain,R,98.365,30.899,43.19,24.276,98.42150000000001,0.056500000000013983,97.732,0.6329999999999956,-0.056500000000013983,99.445,98.572,0.8729999999999905,57.0,0.3157894736842105,14.0,0.42857142857142855,36.0,324.0,0,1,0,1,0,1,0,0.0,6.0,0.0,13
ANT,Mercedes,19.0,0 days 00:01:38.331000,0 days 00:00:30.842000,0 days 00:00:43.084000,0 days 00:00:24.405000,MEDIUM,7.0,2.0,,,1,8.0,False,2025,Bahrain,R,98.331,30.842,43.084,24.405,98.42150000000001,0.0905000000000058,97.732,0.5990000000000038,-0.0905000000000058,99.471,98.572,0.8990000000000009,57.0,0.3333333333333333,14.0,0.5,49.0,361.0,0,1,0,0,0,1,0,0.0,7.0,0.0,13
ANT,Mercedes,20.0,0 days 00:01:38.895000,0 days 00:00:31.457000,0 days 00:00:43.291000,0 days 00:00:24.147000,MEDIUM,8.0,2.0,,,1,7.0,False,2025,Bahrain,R,98.895,31.457,43.291,24.147,98.42150000000001,0.47349999999998715,97.732,1.1629999999999967,0.47349999999998715,100.095,98.572,1.5229999999999961,57.0,0.3508771929824561,14.0,0.5714285714285714,64.0,400.0,0,1,0,0,0,1,0,0.0,8.0,0.0,13
ANT,Mercedes,21.0,0 days 00:01:38.680000,0 days 00:00:31.270000,0 days 00:00:43.138000,0 days 00:00:24.272000,MEDIUM,9.0,2.0,,,1,7.0,False,2025,Bahrain,R,98.68,31.27,43.138,24.272,98.42150000000001,0.25849999999999795,97.732,0.9480000000000075,0.25849999999999795,99.94000000000001,98.572,1.3680000000000092,57.0,0.3684210526315789,14.0,0.6428571428571429,81.0,441.0,0,1,0,0,0,1,0,0.0,9.0,0.0,13
ANT,Mercedes,22.0,0 days 00:01:38.897000,0 days 00:00:31.429000,0 days 00:00:43.279000,0 days 00:00:24.189000,MEDIUM,10.0,2.0,,,1,7.0,False,2025,Bahrain,R,98.897,31.429,43.279,24.189,98.42150000000001,0.4754999999999967,97.732,1.1650000000000063,0.4754999999999967,100.217,98.572,1.644999999999996,57.0,0.38596491228070173,14.0,0.7142857142857143,100.0,484.0,0,1,0,0,0,1,0,0.0,10.0,0.0,13
ANT,Mercedes,23.0,0 days 00:01:38.744000,0 days 00:00:31.404000,0 days 00:00:43.227000,0 days 00:00:24.113000,MEDIUM,11.0,2.0,,,1,7.0,False,2025,Bahrain,R,98.744,31.404,43.227,24.113,98.42150000000001,0.3224999999999909,97.732,1.0120000000000005,0.3224999999999909,100.124,98.572,1.5519999999999925,57.0,0.40350877192982454,14.0,0.7857142857142857,121.0,529.0,0,1,0,0,0,1,0,0.0,11.0,0.0,13
ANT,Mercedes,24.0,0 days 00:01:38.642000,0 days 00:00:31.518000,0 days 00:00:43.019000,0 days 00:00:24.105000,MEDIUM,12.0,2.0,,,1,7.0,False,2025,Bahrain,R,98.642,31.518,43.019,24.105,98.42150000000001,0.22049999999998704,97.732,0.9099999999999966,0.22049999999998704,100.082,98.572,1.509999999999991,57.0,0.42105263157894735,14.0,0.8571428571428571,144.0,576.0,0,1,0,0,0,1,0,0.0,12.0,0.0,13
ANT,Mercedes,25.0,0 days 00:01:39.729000,0 days 00:00:32.135000,0 days 00:00:43.298000,0 days 00:00:24.296000,MEDIUM,13.0,2.0,,,1,8.0,False,2025,Bahrain,R,99.729,32.135,43.298,24.296,98.42150000000001,1.3074999999999903,97.732,1.9969999999999999,1.3074999999999903,101.229,98.572,2.6569999999999965,57.0,0.43859649122807015,14.0,0.9285714285714286,169.0,625.0,0,1,0,0,0,1,0,0.0,13.0,0.0,13
ANT,Mercedes,26.0,0 days 00:01:39.193000,0 days 00:00:31.573000,0 days 00:00:43.316000,0 days 00:00:24.304000,MEDIUM,14.0,2.0,,,1,8.0,False,2025,Bahrain,R,99.193,31.573,43.316,24.304,98.42150000000001,0.771499999999989,97.732,1.4609999999999985,0.771499999999989,100.753,98.572,2.1809999999999974,57.0,0.45614035087719296,14.0,1.0,196.0,676.0,0,1,0,0,0,1,0,0.0,14.0,0.0,13
ANT,Mercedes,29.0,0 days 00:01:36.690000,0 days 00:00:30.931000,0 days 00:00:42.104000,0 days 00:00:23.655000,SOFT,5.0,3.0,,,1,13.0,False,2025,Bahrain,R,96.69,30.931,42.104,23.655,98.42150000000001,1.7315000000000111,96.69,0.0,-1.7315000000000111,98.42999999999999,98.42999999999999,0.0,57.0,0.5087719298245614,7.0,0.7142857142857143,25.0,841.0,0,0,0,0,1,0,0,5.0,0.0,0.0,3
ANT,Mercedes,30.0,0 days 00:01:36.690000,0 days 00:00:30.933000,0 days 00:00:42.012000,0 days 00:00:23.745000,SOFT,6.0,3.0,,,1,13.0,False,2025,Bahrain,R,96.69,30.933,42.012,23.745,98.42150000000001,1.7315000000000111,96.69,0.0,-1.7315000000000111,98.49,98.42999999999999,0.060000000000002274,57.0,0.5263157894736842,7.0,0.8571428571428571,36.0,900.0,0,0,0,0,1,0,0,6.0,0.0,0.0,3
ANT,Mercedes,31.0,0 days 00:01:37.531000,0 days 00:00:30.999000,0 days 00:00:42.581000,0 days 00:00:23.951000,SOFT,7.0,3.0,,,1,12.0,False,2025,Bahrain,R,97.531,30.999,42.581,23.951,98.42150000000001,0.890500000000003,96.69,0.8410000000000082,-0.890500000000003,99.391,98.42999999999999,0.9610000000000127,57.0,0.543859649122807,7.0,1.0,49.0,961.0,0,0,0,0,1,0,0,7.0,0.0,0.0,3
ANT,Mercedes,37.0,0 days 00:01:37.717000,0 days 00:00:31.271000,0 days 00:00:42.513000,0 days 00:00:23.933000,SOFT,8.0,4.0,,,1,14.0,False,2025,Bahrain,R,97.717,31.271,42.513,23.933,98.42150000000001,0.7045000000000101,97.717,0.0,-0.7045000000000101,99.937,99.937,0.0,57.0,0.6491228070175439,28.0,0.2857142857142857,64.0,1369.0,0,0,0,0,1,0,0,8.0,0.0,0.0,21
ANT,Mercedes,38.0,0 days 00:01:36.985000,0 days 00:00:30.526000,0 days 00:00:42.474000,0 days 00:00:23.985000,SOFT,9.0,4.0,,,1,13.0,False,2025,Bahrain,R,96.985,30.526,42.474,23.985,98.42150000000001,1.4365000000000094,97.717,-0.7319999999999993,-1.4365000000000094,99.265,99.937,-0.671999999999997,57.0,0.6666666666666666,28.0,0.32142857142857145,81.0,1444.0,0,0,1,0,1,0,0,9.0,0.0,0.0,21
ANT,Mercedes,39.0,0 days 00:01:37.577000,0 days 00:00:30.853000,0 days 00:00:42.875000,0 days 00:00:23.849000,SOFT,10.0,4.0,,,1,12.0,False,2025,Bahrain,R,97.577,30.853,42.875,23.849,98.42150000000001,0.8445000000000107,97.717,-0.14000000000000057,-0.8445000000000107,99.917,99.937,-0.01999999999999602,57.0,0.6842105263157895,28.0,0.35714285714285715,100.0,1521.0,0,0,1,0,1,0,0,10.0,0.0,0.0,21
ANT,Mercedes,40.0,0 days 00:01:37.273000,0 days 00:00:30.720000,0 days 00:00:42.563000,0 days 00:00:23.990000,SOFT,11.0,4.0,,,1,12.0,False,2025,Bahrain,R,97.273,30.72,42.563,23.99,98.42150000000001,1.1485000000000127,97.717,-0.4440000000000026,-1.1485000000000127,99.673,99.937,-0.2639999999999958,57.0,0.7017543859649122,28.0,0.39285714285714285,121.0,1600.0,0,0,1,0,1,0,0,11.0,0.0,0.0,21
ANT,Mercedes,41.0,0 days 00:01:37.584000,0 days 00:00:30.704000,0 days 00:00:42.964000,0 days 00:00:23.916000,SOFT,12.0,4.0,,,1,12.0,False,2025,Bahrain,R,97.584,30.704,42.964,23.916,98.42150000000001,0.8375000000000057,97.717,-0.13299999999999557,-0.8375000000000057,100.044,99.937,0.10699999999999932,57.0,0.7192982456140351,28.0,0.42857142857142855,144.0,1681.0,0,0,1,0,1,0,0,12.0,0.0,0.0,21
ANT,Mercedes,42.0,0 days 00:01:37.697000,0 days 00:00:30.888000,0 days 00:00:42.705000,0 days 00:00:24.104000,SOFT,13.0,4.0,,,1,12.0,False,2025,Bahrain,R,97.697,30.888,42.705,24.104,98.42150000000001,0.7245000000000061,97.717,-0.01999999999999602,-0.7245000000000061,100.217,99.937,0.28000000000000114,57.0,0.7368421052631579,28.0,0.4642857142857143,169.0,1764.0,0,0,1,0,1,0,0,13.0,0.0,0.0,21
ANT,Mercedes,43.0,0 days 00:01:37.616000,0 days 00:00:30.790000,0 days 00:00:42.793000,0 days 00:00:24.033000,SOFT,14.0,4.0,,,1,12.0,False,2025,Bahrain,R,97.616,30.79,42.793,24.033,98.42150000000001,0.8055000000000092,97.717,-0.10099999999999909,-0.8055000000000092,100.196,99.937,0.25900000000000034,57.0,0.7543859649122807,28.0,0.5,196.0,1849.0,0,0,1,0,1,0,0,14.0,0.0,0.0,21
ANT,Mercedes,44.0,0 days 00:01:37.916000,0 days 00:00:30.925000,0 days 00:00:42.959000,0 days 00:00:24.032000,SOFT,15.0,4.0,,,1,12.0,False,2025,Bahrain,R,97.916,30.925,42.959,24.032,98.42150000000001,0.505500000000012,97.717,0.19899999999999807,-0.505500000000012,100.556,99.937,0.6189999999999998,57.0,0.7719298245614035,28.0,0.5357142857142857,225.0,1936.0,0,0,1,0,1,0,0,15.0,0.0,0.0,21
ANT,Mercedes,45.0,0 days 00:01:37.827000,0 days 00:00:30.877000,0 days 00:00:42.921000,0 days 00:00:24.029000,SOFT,16.0,4.0,,,1,12.0,False,2025,Bahrain,R,97.827,30.877,42.921,24.029,98.42150000000001,0.5945000000000107,97.717,0.10999999999999943,-0.5945000000000107,100.527,99.937,0.5900000000000034,57.0,0.7894736842105263,28.0,0.5714285714285714,256.0,2025.0,0,0,1,0,1,0,0,16.0,0.0,0.0,21
ANT,Mercedes,46.0,0 days 00:01:37.738000,0 days 00:00:30.943000,0 days 00:00:42.883000,0 days 00:00:23.912000,SOFT,17.0,4.0,,,1,11.0,False,2025,Bahrain,R,97.738,30.943,42.883,23.912,98.42150000000001,0.6835000000000093,97.717,0.021000000000000796,-0.6835000000000093,100.498,99.937,0.561000000000007,57.0,0.8070175438596491,28.0,0.6071428571428571,289.0,2116.0,0,0,1,0,1,0,0,17.0,0.0,0.0,21
ANT,Mercedes,47.0,0 days 00:01:37.687000,0 days 00:00:30.921000,0 days 00:00:42.689000,0 days 00:00:24.077000,SOFT,18.0,4.0,,,1,11.0,False,2025,Bahrain,R,97.687,30.921,42.689,24.077,98.42150000000001,0.7345000000000113,97.717,-0.030000000000001137,-0.7345000000000113,100.50699999999999,99.937,0.5699999999999932,57.0,0.8245614035087719,28.0,0.6428571428571429,324.0,2209.0,0,0,1,0,1,0,0,18.0,0.0,0.0,21
ANT,Mercedes,48.0,0 days 00:01:37.488000,0 days 00:00:30.909000,0 days 00:00:42.563000,0 days 00:00:24.016000,SOFT,19.0,4.0,,,1,11.0,False,2025,Bahrain,R,97.488,30.909,42.563,24.016,98.42150000000001,0.9335000000000093,97.717,-0.2289999999999992,-0.9335000000000093,100.368,99.937,0.4309999999999974,57.0,0.8421052631578947,28.0,0.6785714285714286,361.0,2304.0,0,0,1,0,1,0,0,19.0,0.0,0.0,21
ANT,Mercedes,49.0,0 days 00:01:37.615000,0 days 00:00:30.894000,0 days 00:00:42.672000,0 days 00:00:24.049000,SOFT,20.0,4.0,,,1,11.0,False,2025,Bahrain,R,97.615,30.894,42.672,24.049,98.42150000000001,0.806500000000014,97.717,-0.10200000000000387,-0.806500000000014,100.55499999999999,99.937,0.617999999999995,57.0,0.8596491228070176,28.0,0.7142857142857143,400.0,2401.0,0,0,1,0,1,0,0,20.0,0.0,0.0,21
ANT,Mercedes,50.0,0 days 00:01:37.740000,0 days 00:00:30.952000,0 days 00:00:42.739000,0 days 00:00:24.049000,SOFT,21.0,4.0,,,1,11.0,False,2025,Bahrain,R,97.74,30.952,42.739,24.049,98.42150000000001,0.681500000000014,97.717,0.022999999999996135,-0.681500000000014,100.74,99.937,0.8029999999999973,57.0,0.8771929824561403,28.0,0.75,441.0,2500.0,0,0,1,0,1,0,0,21.0,0.0,0.0,21
ANT,Mercedes,51.0,0 days 00:01:38.021000,0 days 00:00:31.124000,0 days 00:00:42.882000,0 days 00:00:24.015000,SOFT,22.0,4.0,,,1,11.0,False,2025,Bahrain,R,98.021,31.124,42.882,24.015,98.42150000000001,0.40050000000000807,97.717,0.30400000000000205,-0.40050000000000807,101.081,99.937,1.1440000000000055,57.0,0.8947368421052632,28.0,0.7857142857142857,484.0,2601.0,0,0,1,0,1,0,0,22.0,0.0,0.0,21
ANT,Mercedes,52.0,0 days 00:01:38.660000,0 days 00:00:31.087000,0 days 00:00:43.221000,0 days 00:00:24.352000,SOFT,23.0,4.0,,,1,11.0,False,2025,Bahrain,R,98.66,31.087,43.221,24.352,98.42150000000001,0.23849999999998772,97.717,0.9429999999999978,0.23849999999998772,101.78,99.937,1.8430000000000035,57.0,0.9122807017543859,28.0,0.8214285714285714,529.0,2704.0,0,0,1,0,1,0,0,23.0,0.0,0.0,21
ANT,Mercedes,53.0,0 days 00:01:38.416000,0 days 00:00:31.063000,0 days 00:00:43.137000,0 days 00:00:24.216000,SOFT,24.0,4.0,,,1,11.0,False,2025,Bahrain,R,98.416,31.063,43.137,24.216,98.42150000000001,0.005500000000012051,97.717,0.6989999999999981,-0.005500000000012051,101.596,99.937,1.659000000000006,57.0,0.9298245614035088,28.0,0.8571428571428571,576.0,2809.0,0,0,1,0,1,0,0,24.0,0.0,0.0,21
ANT,Mercedes,54.0,0 days 00:01:38.712000,0 days 00:00:31.094000,0 days 00:00:43.245000,0 days 00:00:24.373000,SOFT,25.0,4.0,,,1,11.0,False,2025,Bahrain,R,98.712,31.094,43.245,24.373,98.42150000000001,0.29049999999999443,97.717,0.9950000000000045,0.29049999999999443,101.952,99.937,2.0150000000000006,57.0,0.9473684210526315,28.0,0.8928571428571429,625.0,2916.0,0,0,1,0,1,0,0,25.0,0.0,0.0,21
ANT,Mercedes,55.0,0 days 00:01:38.869000,0 days 00:00:31.299000,0 days 00:00:43.192000,0 days 00:00:24.378000,SOFT,26.0,4.0,,,1,11.0,False,2025,Bahrain,R,98.869,31.299,43.192,24.378,98.42150000000001,0.4474999999999909,97.717,1.152000000000001,0.4474999999999909,102.169,99.937,2.2319999999999993,57.0,0.9649122807017544,28.0,0.9285714285714286,676.0,3025.0,0,0,1,0,1,0,0,26.0,0.0,0.0,21
ANT,Mercedes,56.0,0 days 00:01:39.065000,0 days 00:00:31.441000,0 days 00:00:43.148000,0 days 00:00:24.476000,SOFT,27.0,4.0,,,1,11.0,False,2025,Bahrain,R,99.065,31.441,43.148,24.476,98.42150000000001,0.6434999999999889,97.717,1.347999999999999,0.6434999999999889,102.425,99.937,2.4879999999999995,57.0,0.9824561403508771,28.0,0.9642857142857143,729.0,3136.0,0,0,1,0,1,0,0,27.0,0.0,0.0,21
ANT,Mercedes,57.0,0 days 00:01:39.546000,0 days 00:00:31.588000,0 days 00:00:43.675000,0 days 00:00:24.283000,SOFT,28.0,4.0,,,1,11.0,False,2025,Bahrain,R,99.546,31.588,43.675,24.283,98.42150000000001,1.1244999999999976,97.717,1.8290000000000077,1.1244999999999976,102.96600000000001,99.937,3.0290000000000106,57.0,1.0,28.0,1.0,784.0,3249.0,0,0,1,0,1,0,0,28.0,0.0,0.0,21
BEA,Haas F1 Team,2.0,0 days 00:01:40.265000,0 days 00:00:31.859000,0 days 00:00:44.023000,0 days 00:00:24.383000,SOFT,2.0,1.0,,,1,15.0,False,2025,Bahrain,R,100.265,31.859,44.023,24.383,98.69,1.5750000000000028,100.265,0.0,1.5750000000000028,100.385,100.385,0.0,57.0,0.03508771929824561,13.0,0.15384615384615385,4.0,4.0,1,0,0,1,1,0,0,2.0,0.0,0.0,12
BEA,Haas F1 Team,3.0,0 days 00:01:39.586000,0 days 00:00:31.415000,0 days 00:00:43.700000,0 days 00:00:24.471000,SOFT,3.0,1.0,,,1,15.0,False,2025,Bahrain,R,99.586,31.415,43.7,24.471,98.69,0.8960000000000008,100.265,-0.679000000000002,0.8960000000000008,99.766,100.385,-0.6189999999999998,57.0,0.05263157894736842,13.0,0.23076923076923078,9.0,9.0,1,0,0,1,1,0,0,3.0,0.0,0.0,12
BEA,Haas F1 Team,4.0,0 days 00:01:39.262000,0 days 00:00:31.354000,0 days 00:00:43.488000,0 days 00:00:24.420000,SOFT,4.0,1.0,,,1,15.0,False,2025,Bahrain,R,99.262,31.354,43.488,24.42,98.69,0.5720000000000027,100.265,-1.0030000000000001,0.5720000000000027,99.502,100.385,-0.8830000000000098,57.0,0.07017543859649122,13.0,0.3076923076923077,16.0,16.0,1,0,0,1,1,0,0,4.0,0.0,0.0,12
BEA,Haas F1 Team,5.0,0 days 00:01:39.246000,0 days 00:00:31.251000,0 days 00:00:43.482000,0 days 00:00:24.513000,SOFT,5.0,1.0,,,1,14.0,False,2025,Bahrain,R,99.246,31.251,43.482,24.513,98.69,0.5559999999999974,100.265,-1.0190000000000055,0.5559999999999974,99.54599999999999,100.385,-0.8390000000000128,57.0,0.08771929824561403,13.0,0.38461538461538464,25.0,25.0,1,0,0,1,1,0,0,5.0,0.0,0.0,12
BEA,Haas F1 Team,6.0,0 days 00:01:39.303000,0 days 00:00:31.420000,0 days 00:00:43.448000,0 days 00:00:24.435000,SOFT,6.0,1.0,,,1,14.0,False,2025,Bahrain,R,99.303,31.42,43.448,24.435,98.69,0.6129999999999995,100.265,-0.9620000000000033,0.6129999999999995,99.663,100.385,-0.7220000000000084,57.0,0.10526315789473684,13.0,0.46153846153846156,36.0,36.0,1,0,0,1,1,0,0,6.0,0.0,0.0,12
BEA,Haas F1 Team,7.0,0 days 00:01:39.507000,0 days 00:00:31.410000,0 days 00:00:43.650000,0 days 00:00:24.447000,SOFT,7.0,1.0,,,1,14.0,False,2025,Bahrain,R,99.507,31.41,43.65,24.447,98.69,0.8170000000000073,100.265,-0.7579999999999956,0.8170000000000073,99.927,100.385,-0.4579999999999984,57.0,0.12280701754385964,13.0,0.5384615384615384,49.0,49.0,1,0,0,1,1,0,0,7.0,0.0,0.0,12
BEA,Haas F1 Team,8.0,0 days 00:01:39.699000,0 days 00:00:31.548000,0 days 00:00:43.649000,0 days 00:00:24.502000,SOFT,8.0,1.0,,,1,14.0,False,2025,Bahrain,R,99.699,31.548,43.649,24.502,98.69,1.0090000000000003,100.265,-0.5660000000000025,1.0090000000000003,100.179,100.385,-0.20600000000000307,57.0,0.14035087719298245,13.0,0.6153846153846154,64.0,64.0,1,0,0,1,1,0,0,8.0,0.0,0.0,12
BEA,Haas F1 Team,9.0,0 days 00:01:40.284000,0 days 00:00:31.347000,0 days 00:00:44.397000,0 days 00:00:24.540000,SOFT,9.0,1.0,,,1,13.0,False,2025,Bahrain,R,100.284,31.347,44.397,24.54,98.69,1.5940000000000083,100.265,0.019000000000005457,1.5940000000000083,100.82400000000001,100.385,0.43900000000000716,57.0,0.15789473684210525,13.0,0.6923076923076923,81.0,81.0,1,0,0,1,1,0,0,9.0,0.0,0.0,12
BEA,Haas F1 Team,10.0,0 days 00:01:39.839000,0 days 00:00:31.512000,0 days 00:00:43.783000,0 days 00:00:24.544000,SOFT,10.0,1.0,,,1,12.0,False,2025,Bahrain,R,99.839,31.512,43.783,24.544,98.69,1.149000000000001,100.265,-0.42600000000000193,1.149000000000001,100.439,100.385,0.053999999999987836,57.0,0.17543859649122806,13.0,0.7692307692307693,100.0,100.0,1,0,0,1,1,0,0,10.0,0.0,0.0,12
BEA,Haas F1 Team,11.0,0 days 00:01:39.791000,0 days 00:00:31.460000,0 days 00:00:43.752000,0 days 00:00:24.579000,SOFT,11.0,1.0,,,1,9.0,False,2025,Bahrain,R,99.791,31.46,43.752,24.579,98.69,1.100999999999999,100.265,-0.47400000000000375,1.100999999999999,100.451,100.385,0.06599999999998829,57.0,0.19298245614035087,13.0,0.8461538461538461,121.0,121.0,1,0,0,1,1,0,0,11.0,0.0,0.0,12
BEA,Haas F1 Team,12.0,0 days 00:01:39.850000,0 days 00:00:31.644000,0 days 00:00:43.723000,0 days 00:00:24.483000,SOFT,12.0,1.0,,,1,8.0,False,2025,Bahrain,R,99.85,31.644,43.723,24.483,98.69,1.1599999999999966,100.265,-0.41500000000000625,1.1599999999999966,100.57,100.385,0.18499999999998806,57.0,0.21052631578947367,13.0,0.9230769230769231,144.0,144.0,1,0,0,1,1,0,0,12.0,0.0,0.0,12
BEA,Haas F1 Team,13.0,0 days 00:01:40.101000,0 days 00:00:31.553000,0 days 00:00:43.870000,0 days 00:00:24.678000,SOFT,13.0,1.0,,,1,7.0,False,2025,Bahrain,R,100.101,31.553,43.87,24.678,98.69,1.4110000000000014,100.265,-0.16400000000000148,1.4110000000000014,100.881,100.385,0.4959999999999951,57.0,0.22807017543859648,13.0,1.0,169.0,169.0,1,0,0,1,1,0,0,13.0,0.0,0.0,12
BEA,Haas F1 Team,16.0,0 days 00:01:38.402000,0 days 00:00:30.907000,0 days 00:00:43.109000,0 days 00:00:24.386000,HARD,2.0,2.0,,,1,17.0,False,2025,Bahrain,R,98.402,30.907,43.109,24.386,98.69,0.2879999999999967,98.402,0.0,-0.2879999999999967,99.362,99.362,0.0,57.0,0.2807017543859649,17.0,0.11764705882352941,4.0,256.0,0,1,0,1,0,0,1,0.0,0.0,2.0,16
BEA,Haas F1 Team,17.0,0 days 00:01:37.480000,0 days 00:00:30.733000,0 days 00:00:42.684000,0 days 00:00:24.063000,HARD,3.0,2.0,,,1,14.0,False,2025,Bahrain,R,97.48,30.733,42.684,24.063,98.69,1.2099999999999937,98.402,-0.921999999999997,-1.2099999999999937,98.5,99.362,-0.8619999999999948,57.0,0.2982456140350877,17.0,0.17647058823529413,9.0,289.0,0,1,0,1,0,0,1,0.0,0.0,3.0,16
BEA,Haas F1 Team,18.0,0 days 00:01:38.033000,0 days 00:00:31.013000,0 days 00:00:42.786000,0 days 00:00:24.234000,HARD,4.0,2.0,,,1,14.0,False,2025,Bahrain,R,98.033,31.013,42.786,24.234,98.69,0.6569999999999965,98.402,-0.3689999999999998,-0.6569999999999965,99.113,99.362,-0.24899999999999523,57.0,0.3157894736842105,17.0,0.23529411764705882,16.0,324.0,0,1,0,1,0,0,1,0.0,0.0,4.0,16
BEA,Haas F1 Team,19.0,0 days 00:01:38.516000,0 days 00:00:31.264000,0 days 00:00:43.076000,0 days 00:00:24.176000,HARD,5.0,2.0,,,1,14.0,False,2025,Bahrain,R,98.516,31.264,43.076,24.176,98.69,0.17399999999999238,98.402,0.11400000000000432,-0.17399999999999238,99.656,99.362,0.29400000000001114,57.0,0.3333333333333333,17.0,0.29411764705882354,25.0,361.0,0,1,0,0,0,0,1,0.0,0.0,5.0,16
BEA,Haas F1 Team,20.0,0 days 00:01:38.626000,0 days 00:00:31.148000,0 days 00:00:43.265000,0 days 00:00:24.213000,HARD,6.0,2.0,,,1,14.0,False,2025,Bahrain,R,98.626,31.148,43.265,24.213,98.69,0.06399999999999295,98.402,0.22400000000000375,-0.06399999999999295,99.82600000000001,99.362,0.46400000000001285,57.0,0.3508771929824561,17.0,0.35294117647058826,36.0,400.0,0,1,0,0,0,0,1,0.0,0.0,6.0,16
BEA,Haas F1 Team,21.0,0 days 00:01:38.636000,0 days 00:00:31.429000,0 days 00:00:42.908000,0 days 00:00:24.299000,HARD,7.0,2.0,,,1,13.0,False,2025,Bahrain,R,98.636,31.429,42.908,24.299,98.69,0.054000000000002046,98.402,0.23399999999999466,-0.054000000000002046,99.896,99.362,0.534000000000006,57.0,0.3684210526315789,17.0,0.4117647058823529,49.0,441.0,0,1,0,0,0,0,1,0.0,0.0,7.0,16
BEA,Haas F1 Team,22.0,0 days 00:01:38.566000,0 days 00:00:31.332000,0 days 00:00:42.899000,0 days 00:00:24.335000,HARD,8.0,2.0,,,1,13.0,False,2025,Bahrain,R,98.566,31.332,42.899,24.335,98.69,0.12399999999999523,98.402,0.16400000000000148,-0.12399999999999523,99.886,99.362,0.5240000000000009,57.0,0.38596491228070173,17.0,0.47058823529411764,64.0,484.0,0,1,0,0,0,0,1,0.0,0.0,8.0,16
BEA,Haas F1 Team,23.0,0 days 00:01:38.505000,0 days 00:00:31.252000,0 days 00:00:42.871000,0 days 00:00:24.382000,HARD,9.0,2.0,,,1,13.0,False,2025,Bahrain,R,98.505,31.252,42.871,24.382,98.69,0.18500000000000227,98.402,0.10299999999999443,-0.18500000000000227,99.88499999999999,99.362,0.5229999999999961,57.0,0.40350877192982454,17.0,0.5294117647058824,81.0,529.0,0,1,0,0,0,0,1,0.0,0.0,9.0,16
BEA,Haas F1 Team,24.0,0 days 00:01:38.690000,0 days 00:00:31.427000,0 days 00:00:42.996000,0 days 00:00:24.267000,HARD,10.0,2.0,,,1,13.0,False,2025,Bahrain,R,98.69,31.427,42.996,24.267,98.69,0.0,98.402,0.2879999999999967,0.0,100.13,99.362,0.7680000000000007,57.0,0.42105263157894735,17.0,0.5882352941176471,100.0,576.0,0,1,0,0,0,0,1,0.0,0.0,10.0,16
BEA,Haas F1 Team,25.0,0 days 00:01:38.967000,0 days 00:00:31.566000,0 days 00:00:43.037000,0 days 00:00:24.364000,HARD,11.0,2.0,,,1,13.0,False,2025,Bahrain,R,98.967,31.566,43.037,24.364,98.69,0.277000000000001,98.402,0.5649999999999977,0.277000000000001,100.467,99.362,1.105000000000004,57.0,0.43859649122807015,17.0,0.6470588235294118,121.0,625.0,0,1,0,0,0,0,1,0.0,0.0,11.0,16
BEA,Haas F1 Team,26.0,0 days 00:01:38.770000,0 days 00:00:31.461000,0 days 00:00:43.019000,0 days 00:00:24.290000,HARD,12.0,2.0,,,1,13.0,False,2025,Bahrain,R,98.77,31.461,43.019,24.29,98.69,0.0799999999999983,98.402,0.367999999999995,0.0799999999999983,100.33,99.362,0.9680000000000035,57.0,0.45614035087719296,17.0,0.7058823529411765,144.0,676.0,0,1,0,0,0,0,1,0.0,0.0,12.0,16
BEA,Haas F1 Team,27.0,0 days 00:01:39.158000,0 days 00:00:31.565000,0 days 00:00:43.209000,0 days 00:00:24.384000,HARD,13.0,2.0,,,1,12.0,False,2025,Bahrain,R,99.158,31.565,43.209,24.384,98.69,0.4680000000000035,98.402,0.7560000000000002,0.4680000000000035,100.778,99.362,1.416000000000011,57.0,0.47368421052631576,17.0,0.7647058823529411,169.0,729.0,0,1,0,0,0,0,1,0.0,0.0,13.0,16
BEA,Haas F1 Team,28.0,0 days 00:01:39.019000,0 days 00:00:31.581000,0 days 00:00:43.107000,0 days 00:00:24.331000,HARD,14.0,2.0,,,1,10.0,False,2025,Bahrain,R,99.019,31.581,43.107,24.331,98.69,0.32900000000000773,98.402,0.6170000000000044,0.32900000000000773,100.69900000000001,99.362,1.3370000000000175,57.0,0.49122807017543857,17.0,0.8235294117647058,196.0,784.0,0,1,0,0,0,0,1,0.0,0.0,14.0,16
BEA,Haas F1 Team,29.0,0 days 00:01:40.234000,0 days 00:00:32.290000,0 days 00:00:43.638000,0 days 00:00:24.306000,HARD,15.0,2.0,,,1,9.0,False,2025,Bahrain,R,100.234,32.29,43.638,24.306,98.69,1.543999999999997,98.402,1.8319999999999936,1.543999999999997,101.97399999999999,99.362,2.6119999999999948,57.0,0.5087719298245614,17.0,0.8823529411764706,225.0,841.0,0,1,0,0,0,0,1,0.0,0.0,15.0,16
BEA,Haas F1 Team,30.0,0 days 00:01:39.239000,0 days 00:00:31.618000,0 days 00:00:43.222000,0 days 00:00:24.399000,HARD,16.0,2.0,,,1,9.0,False,2025,Bahrain,R,99.239,31.618,43.222,24.399,98.69,0.5490000000000066,98.402,0.8370000000000033,0.5490000000000066,101.039,99.362,1.6770000000000067,57.0,0.5263157894736842,17.0,0.9411764705882353,256.0,900.0,0,1,0,0,0,0,1,0.0,0.0,16.0,16
BEA,Haas F1 Team,31.0,0 days 00:01:39.338000,0 days 00:00:31.509000,0 days 00:00:43.308000,0 days 00:00:24.521000,HARD,17.0,2.0,,,1,9.0,False,2025,Bahrain,R,99.338,31.509,43.308,24.521,98.69,0.6479999999999961,98.402,0.9359999999999928,0.6479999999999961,101.198,99.362,1.8359999999999985,57.0,0.543859649122807,17.0,1.0,289.0,961.0,0,1,0,0,0,0,1,0.0,0.0,17.0,16
BEA,Haas F1 Team,36.0,0 days 00:01:38.294000,0 days 00:00:31.734000,0 days 00:00:42.588000,0 days 00:00:23.972000,SOFT,4.0,3.0,,,1,11.0,False,2025,Bahrain,R,98.294,31.734,42.588,23.972,98.69,0.3960000000000008,98.294,0.0,-0.3960000000000008,100.454,100.454,0.0,57.0,0.631578947368421,25.0,0.16,16.0,1296.0,0,0,0,0,1,0,0,4.0,0.0,0.0,20
BEA,Haas F1 Team,37.0,0 days 00:01:37.739000,0 days 00:00:31.046000,0 days 00:00:42.667000,0 days 00:00:24.026000,SOFT,5.0,3.0,,,1,11.0,False,2025,Bahrain,R,97.739,31.046,42.667,24.026,98.69,0.9509999999999934,98.294,-0.5549999999999926,-0.9509999999999934,99.959,100.454,-0.49499999999999034,57.0,0.6491228070175439,25.0,0.2,25.0,1369.0,0,0,0,0,1,0,0,5.0,0.0,0.0,20
BEA,Haas F1 Team,38.0,0 days 00:01:38.308000,0 days 00:00:30.639000,0 days 00:00:43.615000,0 days 00:00:24.054000,SOFT,6.0,3.0,,,1,11.0,False,2025,Bahrain,R,98.308,30.639,43.615,24.054,98.69,0.3819999999999908,98.294,0.014000000000010004,-0.3819999999999908,100.58800000000001,100.454,0.13400000000001455,57.0,0.6666666666666666,25.0,0.24,36.0,1444.0,0,0,1,0,1,0,0,6.0,0.0,0.0,20
BEA,Haas F1 Team,39.0,0 days 00:01:37.908000,0 days 00:00:31.226000,0 days 00:00:42.725000,0 days 00:00:23.957000,SOFT,7.0,3.0,,,1,11.0,False,2025,Bahrain,R,97.908,31.226,42.725,23.957,98.69,0.7819999999999965,98.294,-0.3859999999999957,-0.7819999999999965,100.248,100.454,-0.20599999999998886,57.0,0.6842105263157895,25.0,0.28,49.0,1521.0,0,0,1,0,1,0,0,7.0,0.0,0.0,20
BEA,Haas F1 Team,40.0,0 days 00:01:37.303000,0 days 00:00:30.684000,0 days 00:00:42.713000,0 days 00:00:23.906000,SOFT,8.0,3.0,,,1,11.0,False,2025,Bahrain,R,97.303,30.684,42.713,23.906,98.69,1.3870000000000005,98.294,-0.9909999999999997,-1.3870000000000005,99.703,100.454,-0.7509999999999906,57.0,0.7017543859649122,25.0,0.32,64.0,1600.0,0,0,1,0,1,0,0,8.0,0.0,0.0,20
BEA,Haas F1 Team,41.0,0 days 00:01:37.708000,0 days 00:00:30.820000,0 days 00:00:42.808000,0 days 00:00:24.080000,SOFT,9.0,3.0,,,1,11.0,False,2025,Bahrain,R,97.708,30.82,42.808,24.08,98.69,0.9819999999999993,98.294,-0.5859999999999985,-0.9819999999999993,100.16799999999999,100.454,-0.28600000000000136,57.0,0.7192982456140351,25.0,0.36,81.0,1681.0,0,0,1,0,1,0,0,9.0,0.0,0.0,20
BEA,Haas F1 Team,42.0,0 days 00:01:37.509000,0 days 00:00:30.906000,0 days 00:00:42.549000,0 days 00:00:24.054000,SOFT,10.0,3.0,,,1,11.0,False,2025,Bahrain,R,97.509,30.906,42.549,24.054,98.69,1.1809999999999974,98.294,-0.7849999999999966,-1.1809999999999974,100.029,100.454,-0.42499999999999716,57.0,0.7368421052631579,25.0,0.4,100.0,1764.0,0,0,1,0,1,0,0,10.0,0.0,0.0,20
BEA,Haas F1 Team,43.0,0 days 00:01:37.785000,0 days 00:00:30.956000,0 days 00:00:42.824000,0 days 00:00:24.005000,SOFT,11.0,3.0,,,1,11.0,False,2025,Bahrain,R,97.785,30.956,42.824,24.005,98.69,0.9050000000000011,98.294,-0.5090000000000003,-0.9050000000000011,100.365,100.454,-0.08899999999999864,57.0,0.7543859649122807,25.0,0.44,121.0,1849.0,0,0,1,0,1,0,0,11.0,0.0,0.0,20
BEA,Haas F1 Team,44.0,0 days 00:01:37.853000,0 days 00:00:31.044000,0 days 00:00:42.856000,0 days 00:00:23.953000,SOFT,12.0,3.0,,,1,11.0,False,2025,Bahrain,R,97.853,31.044,42.856,23.953,98.69,0.8370000000000033,98.294,-0.4410000000000025,-0.8370000000000033,100.493,100.454,0.03900000000000148,57.0,0.7719298245614035,25.0,0.48,144.0,1936.0,0,0,1,0,1,0,0,12.0,0.0,0.0,20
BEA,Haas F1 Team,45.0,0 days 00:01:37.867000,0 days 00:00:30.876000,0 days 00:00:42.962000,0 days 00:00:24.029000,SOFT,13.0,3.0,,,1,11.0,False,2025,Bahrain,R,97.867,30.876,42.962,24.029,98.69,0.8229999999999933,98.294,-0.4269999999999925,-0.8229999999999933,100.56700000000001,100.454,0.11300000000001376,57.0,0.7894736842105263,25.0,0.52,169.0,2025.0,0,0,1,0,1,0,0,13.0,0.0,0.0,20
BEA,Haas F1 Team,46.0,0 days 00:01:37.479000,0 days 00:00:30.963000,0 days 00:00:42.497000,0 days 00:00:24.019000,SOFT,14.0,3.0,,,1,10.0,False,2025,Bahrain,R,97.479,30.963,42.497,24.019,98.69,1.2109999999999985,98.294,-0.8149999999999977,-1.2109999999999985,100.239,100.454,-0.2149999999999892,57.0,0.8070175438596491,25.0,0.56,196.0,2116.0,0,0,1,0,1,0,0,14.0,0.0,0.0,20
BEA,Haas F1 Team,47.0,0 days 00:01:37.572000,0 days 00:00:31.113000,0 days 00:00:42.559000,0 days 00:00:23.900000,SOFT,15.0,3.0,,,1,10.0,False,2025,Bahrain,R,97.572,31.113,42.559,23.9,98.69,1.117999999999995,98.294,-0.7219999999999942,-1.117999999999995,100.392,100.454,-0.06199999999999761,57.0,0.8245614035087719,25.0,0.6,225.0,2209.0,0,0,1,0,1,0,0,15.0,0.0,0.0,20
BEA,Haas F1 Team,48.0,0 days 00:01:37.656000,0 days 00:00:31.121000,0 days 00:00:42.576000,0 days 00:00:23.959000,SOFT,16.0,3.0,,,1,10.0,False,2025,Bahrain,R,97.656,31.121,42.576,23.959,98.69,1.0339999999999918,98.294,-0.637999999999991,-1.0339999999999918,100.536,100.454,0.08200000000000784,57.0,0.8421052631578947,25.0,0.64,256.0,2304.0,0,0,1,0,1,0,0,16.0,0.0,0.0,20
BEA,Haas F1 Team,49.0,0 days 00:01:37.691000,0 days 00:00:31.227000,0 days 00:00:42.503000,0 days 00:00:23.961000,SOFT,17.0,3.0,,,1,10.0,False,2025,Bahrain,R,97.691,31.227,42.503,23.961,98.69,0.9989999999999952,98.294,-0.6029999999999944,-0.9989999999999952,100.631,100.454,0.1770000000000067,57.0,0.8596491228070176,25.0,0.68,289.0,2401.0,0,0,1,0,1,0,0,17.0,0.0,0.0,20
BEA,Haas F1 Team,50.0,0 days 00:01:37.675000,0 days 00:00:30.948000,0 days 00:00:42.670000,0 days 00:00:24.057000,SOFT,18.0,3.0,,,1,10.0,False,2025,Bahrain,R,97.675,30.948,42.67,24.057,98.69,1.0150000000000006,98.294,-0.6189999999999998,-1.0150000000000006,100.675,100.454,0.22100000000000364,57.0,0.8771929824561403,25.0,0.72,324.0,2500.0,0,0,1,0,1,0,0,18.0,0.0,0.0,20
BEA,Haas F1 Team,51.0,0 days 00:01:38.339000,0 days 00:00:31.226000,0 days 00:00:42.807000,0 days 00:00:24.306000,SOFT,19.0,3.0,,,1,10.0,False,2025,Bahrain,R,98.339,31.226,42.807,24.306,98.69,0.3509999999999991,98.294,0.045000000000001705,-0.3509999999999991,101.399,100.454,0.9450000000000074,57.0,0.8947368421052632,25.0,0.76,361.0,2601.0,0,0,1,0,1,0,0,19.0,0.0,0.0,20
BEA,Haas F1 Team,53.0,0 days 00:01:38.422000,0 days 00:00:31.106000,0 days 00:00:43.151000,0 days 00:00:24.165000,SOFT,21.0,3.0,,,1,10.0,False,2025,Bahrain,R,98.422,31.106,43.151,24.165,98.69,0.2680000000000007,98.294,0.1280000000000001,-0.2680000000000007,101.602,100.454,1.1480000000000103,57.0,0.9298245614035088,25.0,0.84,441.0,2809.0,0,0,1,0,1,0,0,21.0,0.0,0.0,20
BEA,Haas F1 Team,55.0,0 days 00:01:38.842000,0 days 00:00:31.473000,0 days 00:00:43.130000,0 days 00:00:24.239000,SOFT,23.0,3.0,,,1,10.0,False,2025,Bahrain,R,98.842,31.473,43.13,24.239,98.69,0.15200000000000102,98.294,0.5480000000000018,0.15200000000000102,102.142,100.454,1.6880000000000024,57.0,0.9649122807017544,25.0,0.92,529.0,3025.0,0,0,1,0,1,0,0,23.0,0.0,0.0,20
BEA,Haas F1 Team,56.0,0 days 00:01:39.009000,0 days 00:00:31.459000,0 days 00:00:43.332000,0 days 00:00:24.218000,SOFT,24.0,3.0,,,1,10.0,False,2025,Bahrain,R,99.009,31.459,43.332,24.218,98.69,0.3190000000000026,98.294,0.7150000000000034,0.3190000000000026,102.369,100.454,1.9150000000000063,57.0,0.9824561403508771,25.0,0.96,576.0,3136.0,0,0,1,0,1,0,0,24.0,0.0,0.0,20
BEA,Haas F1 Team,57.0,0 days 00:01:39.704000,0 days 00:00:31.842000,0 days 00:00:43.693000,0 days 00:00:24.169000,SOFT,25.0,3.0,,,1,10.0,False,2025,Bahrain,R,99.704,31.842,43.693,24.169,98.69,1.0139999999999958,98.294,1.4099999999999966,1.0139999999999958,103.124,100.454,2.6700000000000017,57.0,1.0,25.0,1.0,625.0,3249.0,0,0,1,0,1,0,0,25.0,0.0,0.0,20
BOR,Kick Sauber,2.0,0 days 00:01:40.450000,0 days 00:00:31.895000,0 days 00:00:43.727000,0 days 00:00:24.828000,MEDIUM,2.0,1.0,,,1,19.0,False,2025,Bahrain,R,100.45,31.895,43.727,24.828,99.265,1.1850000000000023,100.45,0.0,1.1850000000000023,100.57000000000001,100.57000000000001,0.0,57.0,0.03508771929824561,12.0,0.16666666666666666,4.0,4.0,1,0,0,1,0,1,0,0.0,2.0,0.0,11
BOR,Kick Sauber,3.0,0 days 00:01:39.900000,0 days 00:00:31.164000,0 days 00:00:43.889000,0 days 00:00:24.847000,MEDIUM,3.0,1.0,,,1,19.0,False,2025,Bahrain,R,99.9,31.164,43.889,24.847,99.265,0.6350000000000051,100.45,-0.5499999999999972,0.6350000000000051,100.08000000000001,100.57000000000001,-0.4899999999999949,57.0,0.05263157894736842,12.0,0.25,9.0,9.0,1,0,0,1,0,1,0,0.0,3.0,0.0,11
BOR,Kick Sauber,4.0,0 days 00:01:40.079000,0 days 00:00:31.298000,0 days 00:00:43.925000,0 days 00:00:24.856000,MEDIUM,4.0,1.0,,,1,19.0,False,2025,Bahrain,R,100.079,31.298,43.925,24.856,99.265,0.813999999999993,100.45,-0.3710000000000093,0.813999999999993,100.31899999999999,100.57000000000001,-0.251000000000019,57.0,0.07017543859649122,12.0,0.3333333333333333,16.0,16.0,1,0,0,1,0,1,0,0.0,4.0,0.0,11
BOR,Kick Sauber,5.0,0 days 00:01:40.726000,0 days 00:00:32.015000,0 days 00:00:43.910000,0 days 00:00:24.801000,MEDIUM,5.0,1.0,,,1,19.0,False,2025,Bahrain,R,100.726,32.015,43.91,24.801,99.265,1.4609999999999985,100.45,0.27599999999999625,1.4609999999999985,101.026,100.57000000000001,0.45599999999998886,57.0,0.08771929824561403,12.0,0.4166666666666667,25.0,25.0,1,0,0,1,0,1,0,0.0,5.0,0.0,11
BOR,Kick Sauber,6.0,0 days 00:01:39.953000,0 days 00:00:31.683000,0 days 00:00:43.614000,0 days 00:00:24.656000,MEDIUM,6.0,1.0,,,1,19.0,False,2025,Bahrain,R,99.953,31.683,43.614,24.656,99.265,0.6880000000000024,100.45,-0.4969999999999999,0.6880000000000024,100.313,100.57000000000001,-0.257000000000005,57.0,0.10526315789473684,12.0,0.5,36.0,36.0,1,0,0,1,0,1,0,0.0,6.0,0.0,11
BOR,Kick Sauber,7.0,0 days 00:01:39.772000,0 days 00:00:31.637000,0 days 00:00:43.588000,0 days 00:00:24.547000,MEDIUM,7.0,1.0,,,1,18.0,False,2025,Bahrain,R,99.772,31.637,43.588,24.547,99.265,0.507000000000005,100.45,-0.6779999999999973,0.507000000000005,100.19200000000001,100.57000000000001,-0.3780000000000001,57.0,0.12280701754385964,12.0,0.5833333333333334,49.0,49.0,1,0,0,1,0,1,0,0.0,7.0,0.0,11
BOR,Kick Sauber,8.0,0 days 00:01:40.131000,0 days 00:00:31.681000,0 days 00:00:43.722000,0 days 00:00:24.728000,MEDIUM,8.0,1.0,,,1,18.0,False,2025,Bahrain,R,100.131,31.681,43.722,24.728,99.265,0.8659999999999997,100.45,-0.3190000000000026,0.8659999999999997,100.611,100.57000000000001,0.04099999999999682,57.0,0.14035087719298245,12.0,0.6666666666666666,64.0,64.0,1,0,0,1,0,1,0,0.0,8.0,0.0,11
BOR,Kick Sauber,9.0,0 days 00:01:40.325000,0 days 00:00:31.705000,0 days 00:00:43.884000,0 days 00:00:24.736000,MEDIUM,9.0,1.0,,,1,17.0,False,2025,Bahrain,R,100.325,31.705,43.884,24.736,99.265,1.0600000000000023,100.45,-0.125,1.0600000000000023,100.86500000000001,100.57000000000001,0.2950000000000017,57.0,0.15789473684210525,12.0,0.75,81.0,81.0,1,0,0,1,0,1,0,0.0,9.0,0.0,11
BOR,Kick Sauber,10.0,0 days 00:01:40.312000,0 days 00:00:31.746000,0 days 00:00:43.988000,0 days 00:00:24.578000,MEDIUM,10.0,1.0,,,1,16.0,False,2025,Bahrain,R,100.312,31.746,43.988,24.578,99.265,1.046999999999997,100.45,-0.13800000000000523,1.046999999999997,100.91199999999999,100.57000000000001,0.34199999999998454,57.0,0.17543859649122806,12.0,0.8333333333333334,100.0,100.0,1,0,0,1,0,1,0,0.0,10.0,0.0,11
BOR,Kick Sauber,11.0,0 days 00:01:40.248000,0 days 00:00:31.712000,0 days 00:00:43.863000,0 days 00:00:24.673000,MEDIUM,11.0,1.0,,,1,13.0,False,2025,Bahrain,R,100.248,31.712,43.863,24.673,99.265,0.9830000000000041,100.45,-0.20199999999999818,0.9830000000000041,100.908,100.57000000000001,0.33799999999999386,57.0,0.19298245614035087,12.0,0.9166666666666666,121.0,121.0,1,0,0,1,0,1,0,0.0,11.0,0.0,11
BOR,Kick Sauber,12.0,0 days 00:01:40.903000,0 days 00:00:31.788000,0 days 00:00:44.368000,0 days 00:00:24.747000,MEDIUM,12.0,1.0,,,1,12.0,False,2025,Bahrain,R,100.903,31.788,44.368,24.747,99.265,1.6380000000000052,100.45,0.45300000000000296,1.6380000000000052,101.623,100.57000000000001,1.0529999999999973,57.0,0.21052631578947367,12.0,1.0,144.0,144.0,1,0,0,1,0,1,0,0.0,12.0,0.0,11
BOR,Kick Sauber,15.0,0 days 00:01:39.255000,0 days 00:00:31.743000,0 days 00:00:43.224000,0 days 00:00:24.288000,HARD,2.0,2.0,,,1,20.0,False,2025,Bahrain,R,99.255,31.743,43.224,24.288,99.265,0.010000000000005116,99.255,0.0,-0.010000000000005116,100.155,100.155,0.0,57.0,0.2631578947368421,18.0,0.1111111111111111,4.0,225.0,0,1,0,1,0,0,1,0.0,0.0,2.0,17
BOR,Kick Sauber,16.0,0 days 00:01:38.456000,0 days 00:00:31.118000,0 days 00:00:43.113000,0 days 00:00:24.225000,HARD,3.0,2.0,,,1,20.0,False,2025,Bahrain,R,98.456,31.118,43.113,24.225,99.265,0.8089999999999975,99.255,-0.7989999999999924,-0.8089999999999975,99.416,100.155,-0.7390000000000043,57.0,0.2807017543859649,18.0,0.16666666666666666,9.0,256.0,0,1,0,1,0,0,1,0.0,0.0,3.0,17
BOR,Kick Sauber,17.0,0 days 00:01:39.262000,0 days 00:00:31.540000,0 days 00:00:43.307000,0 days 00:00:24.415000,HARD,4.0,2.0,,,1,20.0,False,2025,Bahrain,R,99.262,31.54,43.307,24.415,99.265,0.0030000000000001137,99.255,0.007000000000005002,-0.0030000000000001137,100.282,100.155,0.12699999999999534,57.0,0.2982456140350877,18.0,0.2222222222222222,16.0,289.0,0,1,0,1,0,0,1,0.0,0.0,4.0,17
BOR,Kick Sauber,18.0,0 days 00:01:39.265000,0 days 00:00:31.395000,0 days 00:00:43.315000,0 days 00:00:24.555000,HARD,5.0,2.0,,,1,20.0,False,2025,Bahrain,R,99.265,31.395,43.315,24.555,99.265,0.0,99.255,0.010000000000005116,0.0,100.345,100.155,0.18999999999999773,57.0,0.3157894736842105,18.0,0.2777777777777778,25.0,324.0,0,1,0,1,0,0,1,0.0,0.0,5.0,17
BOR,Kick Sauber,19.0,0 days 00:01:38.953000,0 days 00:00:31.469000,0 days 00:00:43.042000,0 days 00:00:24.442000,HARD,6.0,2.0,,,1,20.0,False,2025,Bahrain,R,98.953,31.469,43.042,24.442,99.265,0.3119999999999976,99.255,-0.3019999999999925,-0.3119999999999976,100.093,100.155,-0.06199999999999761,57.0,0.3333333333333333,18.0,0.3333333333333333,36.0,361.0,0,1,0,0,0,0,1,0.0,0.0,6.0,17
BOR,Kick Sauber,20.0,0 days 00:01:38.764000,0 days 00:00:31.350000,0 days 00:00:43.052000,0 days 00:00:24.362000,HARD,7.0,2.0,,,1,20.0,False,2025,Bahrain,R,98.764,31.35,43.052,24.362,99.265,0.5010000000000048,99.255,-0.49099999999999966,-0.5010000000000048,99.964,100.155,-0.1910000000000025,57.0,0.3508771929824561,18.0,0.3888888888888889,49.0,400.0,0,1,0,0,0,0,1,0.0,0.0,7.0,17
BOR,Kick Sauber,21.0,0 days 00:01:39.320000,0 days 00:00:31.547000,0 days 00:00:43.221000,0 days 00:00:24.552000,HARD,8.0,2.0,,,1,20.0,False,2025,Bahrain,R,99.32,31.547,43.221,24.552,99.265,0.05499999999999261,99.255,0.06499999999999773,0.05499999999999261,100.58,100.155,0.42499999999999716,57.0,0.3684210526315789,18.0,0.4444444444444444,64.0,441.0,0,1,0,0,0,0,1,0.0,0.0,8.0,17
BOR,Kick Sauber,22.0,0 days 00:01:39.167000,0 days 00:00:31.519000,0 days 00:00:43.116000,0 days 00:00:24.532000,HARD,9.0,2.0,,,1,20.0,False,2025,Bahrain,R,99.167,31.519,43.116,24.532,99.265,0.09799999999999898,99.255,-0.08799999999999386,-0.09799999999999898,100.487,100.155,0.33199999999999363,57.0,0.38596491228070173,18.0,0.5,81.0,484.0,0,1,0,0,0,0,1,0.0,0.0,9.0,17
BOR,Kick Sauber,23.0,0 days 00:01:39.252000,0 days 00:00:31.517000,0 days 00:00:43.212000,0 days 00:00:24.523000,HARD,10.0,2.0,,,1,20.0,False,2025,Bahrain,R,99.252,31.517,43.212,24.523,99.265,0.01300000000000523,99.255,-0.0030000000000001137,-0.01300000000000523,100.63199999999999,100.155,0.47699999999998965,57.0,0.40350877192982454,18.0,0.5555555555555556,100.0,529.0,0,1,0,0,0,0,1,0.0,0.0,10.0,17
BOR,Kick Sauber,24.0,0 days 00:01:39.787000,0 days 00:00:31.613000,0 days 00:00:43.583000,0 days 00:00:24.591000,HARD,11.0,2.0,,,1,20.0,False,2025,Bahrain,R,99.787,31.613,43.583,24.591,99.265,0.5220000000000056,99.255,0.5320000000000107,0.5220000000000056,101.227,100.155,1.0720000000000027,57.0,0.42105263157894735,18.0,0.6111111111111112,121.0,576.0,0,1,0,0,0,0,1,0.0,0.0,11.0,17
BOR,Kick Sauber,25.0,0 days 00:01:39.358000,0 days 00:00:31.504000,0 days 00:00:43.226000,0 days 00:00:24.628000,HARD,12.0,2.0,,,1,20.0,False,2025,Bahrain,R,99.358,31.504,43.226,24.628,99.265,0.09300000000000352,99.255,0.10300000000000864,0.09300000000000352,100.858,100.155,0.703000000000003,57.0,0.43859649122807015,18.0,0.6666666666666666,144.0,625.0,0,1,0,0,0,0,1,0.0,0.0,12.0,17
BOR,Kick Sauber,26.0,0 days 00:01:39.765000,0 days 00:00:31.635000,0 days 00:00:43.563000,0 days 00:00:24.567000,HARD,13.0,2.0,,,1,20.0,False,2025,Bahrain,R,99.765,31.635,43.563,24.567,99.265,0.5,99.255,0.5100000000000051,0.5,101.325,100.155,1.1700000000000017,57.0,0.45614035087719296,18.0,0.7222222222222222,169.0,676.0,0,1,0,0,0,0,1,0.0,0.0,13.0,17
BOR,Kick Sauber,27.0,0 days 00:01:40.319000,0 days 00:00:31.692000,0 days 00:00:43.720000,0 days 00:00:24.907000,HARD,14.0,2.0,,,1,20.0,False,2025,Bahrain,R,100.319,31.692,43.72,24.907,99.265,1.054000000000002,99.255,1.0640000000000072,1.054000000000002,101.93900000000001,100.155,1.784000000000006,57.0,0.47368421052631576,18.0,0.7777777777777778,196.0,729.0,0,1,0,0,0,0,1,0.0,0.0,14.0,17
BOR,Kick Sauber,28.0,0 days 00:01:39.870000,0 days 00:00:31.804000,0 days 00:00:43.439000,0 days 00:00:24.627000,HARD,15.0,2.0,,,1,19.0,False,2025,Bahrain,R,99.87,31.804,43.439,24.627,99.265,0.605000000000004,99.255,0.6150000000000091,0.605000000000004,101.55000000000001,100.155,1.3950000000000102,57.0,0.49122807017543857,18.0,0.8333333333333334,225.0,784.0,0,1,0,0,0,0,1,0.0,0.0,15.0,17
BOR,Kick Sauber,29.0,0 days 00:01:39.853000,0 days 00:00:31.726000,0 days 00:00:43.567000,0 days 00:00:24.560000,HARD,16.0,2.0,,,1,18.0,False,2025,Bahrain,R,99.853,31.726,43.567,24.56,99.265,0.5879999999999939,99.255,0.597999999999999,0.5879999999999939,101.59299999999999,100.155,1.4379999999999882,57.0,0.5087719298245614,18.0,0.8888888888888888,256.0,841.0,0,1,0,0,0,0,1,0.0,0.0,16.0,17
BOR,Kick Sauber,30.0,0 days 00:01:39.880000,0 days 00:00:31.687000,0 days 00:00:43.514000,0 days 00:00:24.679000,HARD,17.0,2.0,,,1,18.0,False,2025,Bahrain,R,99.88,31.687,43.514,24.679,99.265,0.6149999999999949,99.255,0.625,0.6149999999999949,101.67999999999999,100.155,1.5249999999999915,57.0,0.5263157894736842,18.0,0.9444444444444444,289.0,900.0,0,1,0,0,0,0,1,0.0,0.0,17.0,17
BOR,Kick Sauber,31.0,0 days 00:01:39.929000,0 days 00:00:31.677000,0 days 00:00:43.509000,0 days 00:00:24.743000,HARD,18.0,2.0,,,1,18.0,False,2025,Bahrain,R,99.929,31.677,43.509,24.743,99.265,0.6640000000000015,99.255,0.6740000000000066,0.6640000000000015,101.789,100.155,1.6340000000000003,57.0,0.543859649122807,18.0,1.0,324.0,961.0,0,1,0,0,0,0,1,0.0,0.0,18.0,17
BOR,Kick Sauber,34.0,0 days 00:01:46.476000,0 days 00:00:33.520000,0 days 00:00:46.027000,0 days 00:00:26.929000,MEDIUM,2.0,3.0,,,4,20.0,False,2025,Bahrain,R,106.476,33.52,46.027,26.929,99.265,7.2109999999999985,106.476,0.0,7.2109999999999985,108.516,108.516,0.0,57.0,0.5964912280701754,25.0,0.08,4.0,1156.0,0,0,0,0,0,1,0,0.0,2.0,0.0,23
BOR,Kick Sauber,36.0,0 days 00:01:40.448000,0 days 00:00:32.310000,0 days 00:00:43.780000,0 days 00:00:24.358000,MEDIUM,4.0,3.0,,,1,20.0,False,2025,Bahrain,R,100.448,32.31,43.78,24.358,99.265,1.1829999999999927,106.476,-6.028000000000006,1.1829999999999927,102.60799999999999,108.516,-5.9080000000000155,57.0,0.631578947368421,25.0,0.16,16.0,1296.0,0,0,0,0,0,1,0,0.0,4.0,0.0,23
BOR,Kick Sauber,37.0,0 days 00:01:38.701000,0 days 00:00:31.277000,0 days 00:00:42.917000,0 days 00:00:24.507000,MEDIUM,5.0,3.0,,,1,20.0,False,2025,Bahrain,R,98.701,31.277,42.917,24.507,99.265,0.5640000000000072,106.476,-7.775000000000006,-0.5640000000000072,100.92099999999999,108.516,-7.595000000000013,57.0,0.6491228070175439,25.0,0.2,25.0,1369.0,0,0,0,0,0,1,0,0.0,5.0,0.0,23
BOR,Kick Sauber,38.0,0 days 00:01:38.006000,0 days 00:00:30.984000,0 days 00:00:42.744000,0 days 00:00:24.278000,MEDIUM,6.0,3.0,,,1,20.0,False,2025,Bahrain,R,98.006,30.984,42.744,24.278,99.265,1.2590000000000003,106.476,-8.469999999999999,-1.2590000000000003,100.286,108.516,-8.230000000000004,57.0,0.6666666666666666,25.0,0.24,36.0,1444.0,0,0,1,0,0,1,0,0.0,6.0,0.0,23
BOR,Kick Sauber,39.0,0 days 00:01:38.433000,0 days 00:00:31.030000,0 days 00:00:42.922000,0 days 00:00:24.481000,MEDIUM,7.0,3.0,,,1,20.0,False,2025,Bahrain,R,98.433,31.03,42.922,24.481,99.265,0.8319999999999936,106.476,-8.042999999999992,-0.8319999999999936,100.77300000000001,108.516,-7.742999999999995,57.0,0.6842105263157895,25.0,0.28,49.0,1521.0,0,0,1,0,0,1,0,0.0,7.0,0.0,23
BOR,Kick Sauber,40.0,0 days 00:01:38.311000,0 days 00:00:30.947000,0 days 00:00:43.039000,0 days 00:00:24.325000,MEDIUM,8.0,3.0,,,1,20.0,False,2025,Bahrain,R,98.311,30.947,43.039,24.325,99.265,0.9539999999999935,106.476,-8.164999999999992,-0.9539999999999935,100.71100000000001,108.516,-7.804999999999993,57.0,0.7017543859649122,25.0,0.32,64.0,1600.0,0,0,1,0,0,1,0,0.0,8.0,0.0,23
BOR,Kick Sauber,41.0,0 days 00:01:38.758000,0 days 00:00:31.085000,0 days 00:00:43.106000,0 days 00:00:24.567000,MEDIUM,9.0,3.0,,,1,20.0,False,2025,Bahrain,R,98.758,31.085,43.106,24.567,99.265,0.507000000000005,106.476,-7.7180000000000035,-0.507000000000005,101.21799999999999,108.516,-7.298000000000016,57.0,0.7192982456140351,25.0,0.36,81.0,1681.0,0,0,1,0,0,1,0,0.0,9.0,0.0,23
BOR,Kick Sauber,42.0,0 days 00:01:38.490000,0 days 00:00:31.131000,0 days 00:00:42.911000,0 days 00:00:24.448000,MEDIUM,10.0,3.0,,,1,20.0,False,2025,Bahrain,R,98.49,31.131,42.911,24.448,99.265,0.7750000000000057,106.476,-7.986000000000004,-0.7750000000000057,101.00999999999999,108.516,-7.506000000000014,57.0,0.7368421052631579,25.0,0.4,100.0,1764.0,0,0,1,0,0,1,0,0.0,10.0,0.0,23
BOR,Kick Sauber,43.0,0 days 00:01:38.919000,0 days 00:00:31.159000,0 days 00:00:43.177000,0 days 00:00:24.583000,MEDIUM,11.0,3.0,,,1,20.0,False,2025,Bahrain,R,98.919,31.159,43.177,24.583,99.265,0.34600000000000364,106.476,-7.557000000000002,-0.34600000000000364,101.499,108.516,-7.01700000000001,57.0,0.7543859649122807,25.0,0.44,121.0,1849.0,0,0,1,0,0,1,0,0.0,11.0,0.0,23
BOR,Kick Sauber,44.0,0 days 00:01:40.209000,0 days 00:00:31.125000,0 days 00:00:44.199000,0 days 00:00:24.885000,MEDIUM,12.0,3.0,,,1,19.0,False,2025,Bahrain,R,100.209,31.125,44.199,24.885,99.265,0.9440000000000026,106.476,-6.266999999999996,0.9440000000000026,102.849,108.516,-5.667000000000002,57.0,0.7719298245614035,25.0,0.48,144.0,1936.0,0,0,1,0,0,1,0,0.0,12.0,0.0,23
BOR,Kick Sauber,45.0,0 days 00:01:38.554000,0 days 00:00:31.006000,0 days 00:00:43.231000,0 days 00:00:24.317000,MEDIUM,13.0,3.0,,,1,19.0,False,2025,Bahrain,R,98.554,31.006,43.231,24.317,99.265,0.7109999999999985,106.476,-7.921999999999997,-0.7109999999999985,101.254,108.516,-7.2620000000000005,57.0,0.7894736842105263,25.0,0.52,169.0,2025.0,0,0,1,0,0,1,0,0.0,13.0,0.0,23
BOR,Kick Sauber,46.0,0 days 00:01:38.151000,0 days 00:00:31.154000,0 days 00:00:42.694000,0 days 00:00:24.303000,MEDIUM,14.0,3.0,,,1,19.0,False,2025,Bahrain,R,98.151,31.154,42.694,24.303,99.265,1.1140000000000043,106.476,-8.325000000000003,-1.1140000000000043,100.911,108.516,-7.605000000000004,57.0,0.8070175438596491,25.0,0.56,196.0,2116.0,0,0,1,0,0,1,0,0.0,14.0,0.0,23
BOR,Kick Sauber,47.0,0 days 00:01:38.470000,0 days 00:00:31.220000,0 days 00:00:42.932000,0 days 00:00:24.318000,MEDIUM,15.0,3.0,,,1,19.0,False,2025,Bahrain,R,98.47,31.22,42.932,24.318,99.265,0.7950000000000017,106.476,-8.006,-0.7950000000000017,101.28999999999999,108.516,-7.226000000000013,57.0,0.8245614035087719,25.0,0.6,225.0,2209.0,0,0,1,0,0,1,0,0.0,15.0,0.0,23
BOR,Kick Sauber,48.0,0 days 00:01:38.583000,0 days 00:00:31.079000,0 days 00:00:43.073000,0 days 00:00:24.431000,MEDIUM,16.0,3.0,,,1,19.0,False,2025,Bahrain,R,98.583,31.079,43.073,24.431,99.265,0.6820000000000022,106.476,-7.893000000000001,-0.6820000000000022,101.463,108.516,-7.0530000000000115,57.0,0.8421052631578947,25.0,0.64,256.0,2304.0,0,0,1,0,0,1,0,0.0,16.0,0.0,23
BOR,Kick Sauber,49.0,0 days 00:01:38.580000,0 days 00:00:31.153000,0 days 00:00:43.041000,0 days 00:00:24.386000,MEDIUM,17.0,3.0,,,1,19.0,False,2025,Bahrain,R,98.58,31.153,43.041,24.386,99.265,0.6850000000000023,106.476,-7.896000000000001,-0.6850000000000023,101.52,108.516,-6.996000000000009,57.0,0.8596491228070176,25.0,0.68,289.0,2401.0,0,0,1,0,0,1,0,0.0,17.0,0.0,23
BOR,Kick Sauber,50.0,0 days 00:01:38.592000,0 days 00:00:31.160000,0 days 00:00:43.085000,0 days 00:00:24.347000,MEDIUM,18.0,3.0,,,1,19.0,False,2025,Bahrain,R,98.592,31.16,43.085,24.347,99.265,0.6730000000000018,106.476,-7.884,-0.6730000000000018,101.592,108.516,-6.924000000000007,57.0,0.8771929824561403,25.0,0.72,324.0,2500.0,0,0,1,0,0,1,0,0.0,18.0,0.0,23
BOR,Kick Sauber,51.0,0 days 00:01:38.706000,0 days 00:00:31.190000,0 days 00:00:43.074000,0 days 00:00:24.442000,MEDIUM,19.0,3.0,,,1,19.0,False,2025,Bahrain,R,98.706,31.19,43.074,24.442,99.265,0.5589999999999975,106.476,-7.769999999999996,-0.5589999999999975,101.766,108.516,-6.75,57.0,0.8947368421052632,25.0,0.76,361.0,2601.0,0,0,1,0,0,1,0,0.0,19.0,0.0,23
BOR,Kick Sauber,52.0,0 days 00:01:38.551000,0 days 00:00:31.113000,0 days 00:00:43.052000,0 days 00:00:24.386000,MEDIUM,20.0,3.0,,,1,19.0,False,2025,Bahrain,R,98.551,31.113,43.052,24.386,99.265,0.7139999999999986,106.476,-7.924999999999997,-0.7139999999999986,101.671,108.516,-6.844999999999999,57.0,0.9122807017543859,25.0,0.8,400.0,2704.0,0,0,1,0,0,1,0,0.0,20.0,0.0,23
BOR,Kick Sauber,53.0,0 days 00:01:38.973000,0 days 00:00:31.305000,0 days 00:00:43.372000,0 days 00:00:24.296000,MEDIUM,21.0,3.0,,,1,19.0,False,2025,Bahrain,R,98.973,31.305,43.372,24.296,99.265,0.2920000000000016,106.476,-7.503,-0.2920000000000016,102.15299999999999,108.516,-6.363000000000014,57.0,0.9298245614035088,25.0,0.84,441.0,2809.0,0,0,1,0,0,1,0,0.0,21.0,0.0,23
BOR,Kick Sauber,54.0,0 days 00:01:38.936000,0 days 00:00:31.274000,0 days 00:00:43.170000,0 days 00:00:24.492000,MEDIUM,22.0,3.0,,,1,19.0,False,2025,Bahrain,R,98.936,31.274,43.17,24.492,99.265,0.3289999999999935,106.476,-7.539999999999992,-0.3289999999999935,102.176,108.516,-6.340000000000003,57.0,0.9473684210526315,25.0,0.88,484.0,2916.0,0,0,1,0,0,1,0,0.0,22.0,0.0,23
BOR,Kick Sauber,55.0,0 days 00:01:39.001000,0 days 00:00:31.254000,0 days 00:00:43.276000,0 days 00:00:24.471000,MEDIUM,23.0,3.0,,,1,19.0,False,2025,Bahrain,R,99.001,31.254,43.276,24.471,99.265,0.2639999999999958,106.476,-7.474999999999994,-0.2639999999999958,102.301,108.516,-6.215000000000003,57.0,0.9649122807017544,25.0,0.92,529.0,3025.0,0,0,1,0,0,1,0,0.0,23.0,0.0,23
BOR,Kick Sauber,56.0,0 days 00:01:39.381000,0 days 00:00:31.440000,0 days 00:00:43.214000,0 days 00:00:24.727000,MEDIUM,24.0,3.0,,,1,19.0,False,2025,Bahrain,R,99.381,31.44,43.214,24.727,99.265,0.11599999999999966,106.476,-7.094999999999999,0.11599999999999966,102.741,108.516,-5.775000000000006,57.0,0.9824561403508771,25.0,0.96,576.0,3136.0,0,0,1,0,0,1,0,0.0,24.0,0.0,23
BOR,Kick Sauber,57.0,0 days 00:01:39.063000,0 days 00:00:31.525000,0 days 00:00:43.015000,0 days 00:00:24.523000,MEDIUM,25.0,3.0,,,1,19.0,False,2025,Bahrain,R,99.063,31.525,43.015,24.523,99.265,0.20199999999999818,106.476,-7.412999999999997,-0.20199999999999818,102.483,108.516,-6.033000000000001,57.0,1.0,25.0,1.0,625.0,3249.0,0,0,1,0,0,1,0,0.0,25.0,0.0,23
DOO,Alpine,1.0,0 days 00:01:45.172000,,0 days 00:00:43.936000,0 days 00:00:24.529000,SOFT,1.0,1.0,,,1,11.0,False,2025,Bahrain,R,105.172,,43.936,24.529,98.714,6.457999999999998,105.172,0.0,6.457999999999998,105.232,105.232,0.0,57.0,0.017543859649122806,8.0,0.125,1.0,1.0,1,0,0,1,1,0,0,1.0,0.0,0.0,8
DOO,Alpine,2.0,0 days 00:01:39.172000,0 days 00:00:31.798000,0 days 00:00:42.939000,0 days 00:00:24.435000,SOFT,2.0,1.0,,,1,11.0,False,2025,Bahrain,R,99.172,31.798,42.939,24.435,98.714,0.4579999999999984,105.172,-6.0,0.4579999999999984,99.292,105.232,-5.939999999999998,57.0,0.03508771929824561,8.0,0.25,4.0,4.0,1,0,0,1,1,0,0,2.0,0.0,0.0,8
DOO,Alpine,3.0,0 days 00:01:38.714000,0 days 00:00:31.135000,0 days 00:00:43.081000,0 days 00:00:24.498000,SOFT,3.0,1.0,,,1,11.0,False,2025,Bahrain,R,98.714,31.135,43.081,24.498,98.714,0.0,105.172,-6.457999999999998,0.0,98.894,105.232,-6.337999999999994,57.0,0.05263157894736842,8.0,0.375,9.0,9.0,1,0,0,1,1,0,0,3.0,0.0,0.0,8
DOO,Alpine,4.0,0 days 00:01:38.722000,0 days 00:00:31.094000,0 days 00:00:43.026000,0 days 00:00:24.602000,SOFT,4.0,1.0,,,1,11.0,False,2025,Bahrain,R,98.722,31.094,43.026,24.602,98.714,0.007999999999995566,105.172,-6.450000000000003,0.007999999999995566,98.96199999999999,105.232,-6.27000000000001,57.0,0.07017543859649122,8.0,0.5,16.0,16.0,1,0,0,1,1,0,0,4.0,0.0,0.0,8
DOO,Alpine,5.0,0 days 00:01:39.295000,0 days 00:00:31.278000,0 days 00:00:43.271000,0 days 00:00:24.746000,SOFT,5.0,1.0,,,1,11.0,False,2025,Bahrain,R,99.295,31.278,43.271,24.746,98.714,0.5810000000000031,105.172,-5.876999999999995,0.5810000000000031,99.595,105.232,-5.6370000000000005,57.0,0.08771929824561403,8.0,0.625,25.0,25.0,1,0,0,1,1,0,0,5.0,0.0,0.0,8
DOO,Alpine,6.0,0 days 00:01:39.286000,0 days 00:00:31.353000,0 days 00:00:43.281000,0 days 00:00:24.652000,SOFT,6.0,1.0,,,1,11.0,False,2025,Bahrain,R,99.286,31.353,43.281,24.652,98.714,0.5720000000000027,105.172,-5.885999999999996,0.5720000000000027,99.646,105.232,-5.5859999999999985,57.0,0.10526315789473684,8.0,0.75,36.0,36.0,1,0,0,1,1,0,0,6.0,0.0,0.0,8
DOO,Alpine,7.0,0 days 00:01:39.457000,0 days 00:00:31.298000,0 days 00:00:43.389000,0 days 00:00:24.770000,SOFT,7.0,1.0,,,1,11.0,False,2025,Bahrain,R,99.457,31.298,43.389,24.77,98.714,0.742999999999995,105.172,-5.715000000000003,0.742999999999995,99.877,105.232,-5.355000000000004,57.0,0.12280701754385964,8.0,0.875,49.0,49.0,1,0,0,1,1,0,0,7.0,0.0,0.0,8
DOO,Alpine,8.0,0 days 00:01:39.813000,0 days 00:00:31.468000,0 days 00:00:43.683000,0 days 00:00:24.662000,SOFT,8.0,1.0,,,1,11.0,False,2025,Bahrain,R,99.813,31.468,43.683,24.662,98.714,1.0990000000000038,105.172,-5.358999999999995,1.0990000000000038,100.293,105.232,-4.938999999999993,57.0,0.14035087719298245,8.0,1.0,64.0,64.0,1,0,0,1,1,0,0,8.0,0.0,0.0,8
DOO,Alpine,12.0,0 days 00:01:38.013000,0 days 00:00:31.313000,0 days 00:00:42.539000,0 days 00:00:24.161000,MEDIUM,3.0,2.0,,,1,17.0,False,2025,Bahrain,R,98.013,31.313,42.539,24.161,98.714,0.7009999999999934,98.013,0.0,-0.7009999999999934,98.733,98.733,0.0,57.0,0.21052631578947367,17.0,0.17647058823529413,9.0,144.0,0,1,0,1,0,1,0,0.0,3.0,0.0,15
DOO,Alpine,13.0,0 days 00:01:38.425000,0 days 00:00:31.259000,0 days 00:00:42.840000,0 days 00:00:24.326000,MEDIUM,4.0,2.0,,,1,16.0,False,2025,Bahrain,R,98.425,31.259,42.84,24.326,98.714,0.2890000000000015,98.013,0.41199999999999193,-0.2890000000000015,99.205,98.733,0.4719999999999942,57.0,0.22807017543859648,17.0,0.23529411764705882,16.0,169.0,0,1,0,1,0,1,0,0.0,4.0,0.0,15
DOO,Alpine,14.0,0 days 00:01:38.173000,0 days 00:00:31.297000,0 days 00:00:42.692000,0 days 00:00:24.184000,MEDIUM,5.0,2.0,,,1,15.0,False,2025,Bahrain,R,98.173,31.297,42.692,24.184,98.714,0.5409999999999968,98.013,0.1599999999999966,-0.5409999999999968,99.013,98.733,0.28000000000000114,57.0,0.24561403508771928,17.0,0.29411764705882354,25.0,196.0,0,1,0,1,0,1,0,0.0,5.0,0.0,15
DOO,Alpine,15.0,0 days 00:01:38.312000,0 days 00:00:31.515000,0 days 00:00:42.620000,0 days 00:00:24.177000,MEDIUM,6.0,2.0,,,1,12.0,False,2025,Bahrain,R,98.312,31.515,42.62,24.177,98.714,0.402000000000001,98.013,0.2989999999999924,-0.402000000000001,99.212,98.733,0.4789999999999992,57.0,0.2631578947368421,17.0,0.35294117647058826,36.0,225.0,0,1,0,1,0,1,0,0.0,6.0,0.0,15
DOO,Alpine,16.0,0 days 00:01:38.702000,0 days 00:00:31.406000,0 days 00:00:42.977000,0 days 00:00:24.319000,MEDIUM,7.0,2.0,,,1,11.0,False,2025,Bahrain,R,98.702,31.406,42.977,24.319,98.714,0.012000000000000455,98.013,0.688999999999993,-0.012000000000000455,99.66199999999999,98.733,0.9289999999999878,57.0,0.2807017543859649,17.0,0.4117647058823529,49.0,256.0,0,1,0,1,0,1,0,0.0,7.0,0.0,15
DOO,Alpine,17.0,0 days 00:01:38.968000,0 days 00:00:31.602000,0 days 00:00:43.062000,0 days 00:00:24.304000,MEDIUM,8.0,2.0,,,1,10.0,False,2025,Bahrain,R,98.968,31.602,43.062,24.304,98.714,0.2540000000000049,98.013,0.9549999999999983,0.2540000000000049,99.988,98.733,1.2549999999999955,57.0,0.2982456140350877,17.0,0.47058823529411764,64.0,289.0,0,1,0,1,0,1,0,0.0,8.0,0.0,15
DOO,Alpine,18.0,0 days 00:01:38.549000,0 days 00:00:31.455000,0 days 00:00:42.821000,0 days 00:00:24.273000,MEDIUM,9.0,2.0,,,1,9.0,False,2025,Bahrain,R,98.549,31.455,42.821,24.273,98.714,0.16499999999999204,98.013,0.5360000000000014,-0.16499999999999204,99.629,98.733,0.8960000000000008,57.0,0.3157894736842105,17.0,0.5294117647058824,81.0,324.0,0,1,0,1,0,1,0,0.0,9.0,0.0,15
DOO,Alpine,19.0,0 days 00:01:38.298000,0 days 00:00:31.464000,0 days 00:00:42.656000,0 days 00:00:24.178000,MEDIUM,10.0,2.0,,,1,9.0,False,2025,Bahrain,R,98.298,31.464,42.656,24.178,98.714,0.4159999999999968,98.013,0.2849999999999966,-0.4159999999999968,99.438,98.733,0.7049999999999983,57.0,0.3333333333333333,17.0,0.5882352941176471,100.0,361.0,0,1,0,0,0,1,0,0.0,10.0,0.0,15
DOO,Alpine,20.0,0 days 00:01:39.266000,0 days 00:00:31.579000,0 days 00:00:43.261000,0 days 00:00:24.426000,MEDIUM,11.0,2.0,,,1,9.0,False,2025,Bahrain,R,99.266,31.579,43.261,24.426,98.714,0.5520000000000067,98.013,1.2530000000000001,0.5520000000000067,100.46600000000001,98.733,1.733000000000004,57.0,0.3508771929824561,17.0,0.6470588235294118,121.0,400.0,0,1,0,0,0,1,0,0.0,11.0,0.0,15
DOO,Alpine,21.0,0 days 00:01:38.973000,0 days 00:00:31.202000,0 days 00:00:43.270000,0 days 00:00:24.501000,MEDIUM,12.0,2.0,,,1,9.0,False,2025,Bahrain,R,98.973,31.202,43.27,24.501,98.714,0.25900000000000034,98.013,0.9599999999999937,0.25900000000000034,100.233,98.733,1.5,57.0,0.3684210526315789,17.0,0.7058823529411765,144.0,441.0,0,1,0,0,0,1,0,0.0,12.0,0.0,15
DOO,Alpine,22.0,0 days 00:01:39.897000,0 days 00:00:31.817000,0 days 00:00:43.585000,0 days 00:00:24.495000,MEDIUM,13.0,2.0,,,1,10.0,False,2025,Bahrain,R,99.897,31.817,43.585,24.495,98.714,1.183000000000007,98.013,1.8840000000000003,1.183000000000007,101.217,98.733,2.4839999999999947,57.0,0.38596491228070173,17.0,0.7647058823529411,169.0,484.0,0,1,0,0,0,1,0,0.0,13.0,0.0,15
DOO,Alpine,23.0,0 days 00:01:38.842000,0 days 00:00:31.221000,0 days 00:00:43.228000,0 days 00:00:24.393000,MEDIUM,14.0,2.0,,,1,10.0,False,2025,Bahrain,R,98.842,31.221,43.228,24.393,98.714,0.1280000000000001,98.013,0.8289999999999935,0.1280000000000001,100.222,98.733,1.48899999999999,57.0,0.40350877192982454,17.0,0.8235294117647058,196.0,529.0,0,1,0,0,0,1,0,0.0,14.0,0.0,15
DOO,Alpine,24.0,0 days 00:01:39.422000,0 days 00:00:31.828000,0 days 00:00:43.196000,0 days 00:00:24.398000,MEDIUM,15.0,2.0,,,1,10.0,False,2025,Bahrain,R,99.422,31.828,43.196,24.398,98.714,0.7079999999999984,98.013,1.4089999999999918,0.7079999999999984,100.862,98.733,2.1289999999999907,57.0,0.42105263157894735,17.0,0.8823529411764706,225.0,576.0,0,1,0,0,0,1,0,0.0,15.0,0.0,15
DOO,Alpine,25.0,0 days 00:01:39.323000,0 days 00:00:31.691000,0 days 00:00:43.225000,0 days 00:00:24.407000,MEDIUM,16.0,2.0,,,1,10.0,False,2025,Bahrain,R,99.323,31.691,43.225,24.407,98.714,0.6089999999999947,98.013,1.309999999999988,0.6089999999999947,100.823,98.733,2.089999999999989,57.0,0.43859649122807015,17.0,0.9411764705882353,256.0,625.0,0,1,0,0,0,1,0,0.0,16.0,0.0,15
DOO,Alpine,26.0,0 days 00:01:39.752000,0 days 00:00:31.835000,0 days 00:00:43.450000,0 days 00:00:24.467000,MEDIUM,17.0,2.0,,,1,9.0,False,2025,Bahrain,R,99.752,31.835,43.45,24.467,98.714,1.0379999999999967,98.013,1.73899999999999,1.0379999999999967,101.312,98.733,2.5789999999999935,57.0,0.45614035087719296,17.0,1.0,289.0,676.0,0,1,0,0,0,1,0,0.0,17.0,0.0,15
DOO,Alpine,30.0,0 days 00:01:37.587000,0 days 00:00:30.894000,0 days 00:00:42.776000,0 days 00:00:23.917000,HARD,2.0,3.0,,,1,15.0,False,2025,Bahrain,R,97.587,30.894,42.776,23.917,98.714,1.1269999999999953,97.587,0.0,-1.1269999999999953,99.387,99.387,0.0,57.0,0.5263157894736842,29.0,0.06896551724137931,4.0,900.0,0,0,0,0,0,0,1,0.0,0.0,2.0,22
DOO,Alpine,31.0,0 days 00:01:36.682000,0 days 00:00:31.029000,0 days 00:00:41.839000,0 days 00:00:23.814000,HARD,3.0,3.0,,,1,15.0,False,2025,Bahrain,R,96.682,31.029,41.839,23.814,98.714,2.0319999999999965,97.587,-0.9050000000000011,-2.0319999999999965,98.542,99.387,-0.8449999999999989,57.0,0.543859649122807,29.0,0.10344827586206896,9.0,961.0,0,0,0,0,0,0,1,0.0,0.0,3.0,22
DOO,Alpine,36.0,0 days 00:01:38.497000,0 days 00:00:31.588000,0 days 00:00:43.029000,0 days 00:00:23.880000,HARD,8.0,3.0,,,1,9.0,False,2025,Bahrain,R,98.497,31.588,43.029,23.88,98.714,0.21699999999999875,97.587,0.9099999999999966,-0.21699999999999875,100.657,99.387,1.269999999999996,57.0,0.631578947368421,29.0,0.27586206896551724,64.0,1296.0,0,0,0,0,0,0,1,0.0,0.0,8.0,22
DOO,Alpine,37.0,0 days 00:01:37.578000,0 days 00:00:31.191000,0 days 00:00:42.343000,0 days 00:00:24.044000,HARD,9.0,3.0,,,1,9.0,False,2025,Bahrain,R,97.578,31.191,42.343,24.044,98.714,1.1359999999999957,97.587,-0.009000000000000341,-1.1359999999999957,99.798,99.387,0.41100000000000136,57.0,0.6491228070175439,29.0,0.3103448275862069,81.0,1369.0,0,0,0,0,0,0,1,0.0,0.0,9.0,22
DOO,Alpine,38.0,0 days 00:01:38.144000,0 days 00:00:31.120000,0 days 00:00:42.942000,0 days 00:00:24.082000,HARD,10.0,3.0,,,1,9.0,False,2025,Bahrain,R,98.144,31.12,42.942,24.082,98.714,0.5699999999999932,97.587,0.5570000000000022,-0.5699999999999932,100.424,99.387,1.0370000000000061,57.0,0.6666666666666666,29.0,0.3448275862068966,100.0,1444.0,0,0,1,0,0,0,1,0.0,0.0,10.0,22
DOO,Alpine,39.0,0 days 00:01:37.529000,0 days 00:00:31.277000,0 days 00:00:42.317000,0 days 00:00:23.935000,HARD,11.0,3.0,,,1,9.0,False,2025,Bahrain,R,97.529,31.277,42.317,23.935,98.714,1.1850000000000023,97.587,-0.058000000000006935,-1.1850000000000023,99.869,99.387,0.4819999999999993,57.0,0.6842105263157895,29.0,0.3793103448275862,121.0,1521.0,0,0,1,0,0,0,1,0.0,0.0,11.0,22
DOO,Alpine,40.0,0 days 00:01:37.493000,0 days 00:00:31.380000,0 days 00:00:42.181000,0 days 00:00:23.932000,HARD,12.0,3.0,,,1,9.0,False,2025,Bahrain,R,97.493,31.38,42.181,23.932,98.714,1.2210000000000036,97.587,-0.0940000000000083,-1.2210000000000036,99.893,99.387,0.5060000000000002,57.0,0.7017543859649122,29.0,0.41379310344827586,144.0,1600.0,0,0,1,0,0,0,1,0.0,0.0,12.0,22
DOO,Alpine,41.0,0 days 00:01:37.535000,0 days 00:00:31.363000,0 days 00:00:42.285000,0 days 00:00:23.887000,HARD,13.0,3.0,,,1,9.0,False,2025,Bahrain,R,97.535,31.363,42.285,23.887,98.714,1.179000000000002,97.587,-0.05200000000000671,-1.179000000000002,99.99499999999999,99.387,0.6079999999999899,57.0,0.7192982456140351,29.0,0.4482758620689655,169.0,1681.0,0,0,1,0,0,0,1,0.0,0.0,13.0,22
DOO,Alpine,43.0,0 days 00:01:37.776000,0 days 00:00:31.440000,0 days 00:00:42.373000,0 days 00:00:23.963000,HARD,15.0,3.0,,,1,9.0,False,2025,Bahrain,R,97.776,31.44,42.373,23.963,98.714,0.9380000000000024,97.587,0.18899999999999295,-0.9380000000000024,100.356,99.387,0.9689999999999941,57.0,0.7543859649122807,29.0,0.5172413793103449,225.0,1849.0,0,0,1,0,0,0,1,0.0,0.0,15.0,22
DOO,Alpine,44.0,0 days 00:01:37.882000,0 days 00:00:31.450000,0 days 00:00:42.344000,0 days 00:00:24.088000,HARD,16.0,3.0,,,1,9.0,False,2025,Bahrain,R,97.882,31.45,42.344,24.088,98.714,0.8319999999999936,97.587,0.2950000000000017,-0.8319999999999936,100.522,99.387,1.1350000000000051,57.0,0.7719298245614035,29.0,0.5517241379310345,256.0,1936.0,0,0,1,0,0,0,1,0.0,0.0,16.0,22
DOO,Alpine,45.0,0 days 00:01:39.001000,0 days 00:00:32.018000,0 days 00:00:42.778000,0 days 00:00:24.205000,HARD,17.0,3.0,,,1,10.0,False,2025,Bahrain,R,99.001,32.018,42.778,24.205,98.714,0.28700000000000614,97.587,1.4140000000000015,0.28700000000000614,101.70100000000001,99.387,2.314000000000007,57.0,0.7894736842105263,29.0,0.5862068965517241,289.0,2025.0,0,0,1,0,0,0,1,0.0,0.0,17.0,22
DOO,Alpine,46.0,0 days 00:01:39.544000,0 days 00:00:31.602000,0 days 00:00:43.698000,0 days 00:00:24.244000,HARD,18.0,3.0,,,1,12.0,False,2025,Bahrain,R,99.544,31.602,43.698,24.244,98.714,0.8299999999999983,97.587,1.9569999999999936,0.8299999999999983,102.304,99.387,2.9170000000000016,57.0,0.8070175438596491,29.0,0.6206896551724138,324.0,2116.0,0,0,1,0,0,0,1,0.0,0.0,18.0,22
DOO,Alpine,47.0,0 days 00:01:38.916000,0 days 00:00:31.687000,0 days 00:00:42.999000,0 days 00:00:24.230000,HARD,19.0,3.0,,,1,13.0,False,2025,Bahrain,R,98.916,31.687,42.999,24.23,98.714,0.20199999999999818,97.587,1.3289999999999935,0.20199999999999818,101.73599999999999,99.387,2.3489999999999895,57.0,0.8245614035087719,29.0,0.6551724137931034,361.0,2209.0,0,0,1,0,0,0,1,0.0,0.0,19.0,22
DOO,Alpine,48.0,0 days 00:01:38.350000,0 days 00:00:31.566000,0 days 00:00:42.622000,0 days 00:00:24.162000,HARD,20.0,3.0,,,1,13.0,False,2025,Bahrain,R,98.35,31.566,42.622,24.162,98.714,0.3640000000000043,97.587,0.762999999999991,-0.3640000000000043,101.22999999999999,99.387,1.8429999999999893,57.0,0.8421052631578947,29.0,0.6896551724137931,400.0,2304.0,0,0,1,0,0,0,1,0.0,0.0,20.0,22
DOO,Alpine,49.0,0 days 00:01:38.193000,0 days 00:00:31.580000,0 days 00:00:42.536000,0 days 00:00:24.077000,HARD,21.0,3.0,,,1,13.0,False,2025,Bahrain,R,98.193,31.58,42.536,24.077,98.714,0.5210000000000008,97.587,0.6059999999999945,-0.5210000000000008,101.133,99.387,1.7459999999999951,57.0,0.8596491228070176,29.0,0.7241379310344828,441.0,2401.0,0,0,1,0,0,0,1,0.0,0.0,21.0,22
DOO,Alpine,50.0,0 days 00:01:39.473000,0 days 00:00:32.204000,0 days 00:00:43.087000,0 days 00:00:24.182000,HARD,22.0,3.0,,,1,14.0,False,2025,Bahrain,R,99.473,32.204,43.087,24.182,98.714,0.7590000000000003,97.587,1.8859999999999957,0.7590000000000003,102.473,99.387,3.0859999999999985,57.0,0.8771929824561403,29.0,0.7586206896551724,484.0,2500.0,0,0,1,0,0,0,1,0.0,0.0,22.0,22
DOO,Alpine,51.0,0 days 00:01:38.580000,0 days 00:00:31.592000,0 days 00:00:42.852000,0 days 00:00:24.136000,HARD,23.0,3.0,,,1,14.0,False,2025,Bahrain,R,98.58,31.592,42.852,24.136,98.714,0.13400000000000034,97.587,0.992999999999995,-0.13400000000000034,101.64,99.387,2.253,57.0,0.8947368421052632,29.0,0.7931034482758621,529.0,2601.0,0,0,1,0,0,0,1,0.0,0.0,23.0,22
DOO,Alpine,52.0,0 days 00:01:38.395000,0 days 00:00:31.471000,0 days 00:00:42.696000,0 days 00:00:24.228000,HARD,24.0,3.0,,,1,14.0,False,2025,Bahrain,R,98.395,31.471,42.696,24.228,98.714,0.3190000000000026,97.587,0.8079999999999927,-0.3190000000000026,101.515,99.387,2.128,57.0,0.9122807017543859,29.0,0.8275862068965517,576.0,2704.0,0,0,1,0,0,0,1,0.0,0.0,24.0,22
DOO,Alpine,53.0,0 days 00:01:38.434000,0 days 00:00:31.558000,0 days 00:00:42.683000,0 days 00:00:24.193000,HARD,25.0,3.0,,,1,14.0,False,2025,Bahrain,R,98.434,31.558,42.683,24.193,98.714,0.28000000000000114,97.587,0.8469999999999942,-0.28000000000000114,101.614,99.387,2.227000000000004,57.0,0.9298245614035088,29.0,0.8620689655172413,625.0,2809.0,0,0,1,0,0,0,1,0.0,0.0,25.0,22
DOO,Alpine,54.0,0 days 00:01:38.557000,0 days 00:00:31.575000,0 days 00:00:42.790000,0 days 00:00:24.192000,HARD,26.0,3.0,,,1,14.0,False,2025,Bahrain,R,98.557,31.575,42.79,24.192,98.714,0.15699999999999648,97.587,0.9699999999999989,-0.15699999999999648,101.797,99.387,2.4099999999999966,57.0,0.9473684210526315,29.0,0.896551724137931,676.0,2916.0,0,0,1,0,0,0,1,0.0,0.0,26.0,22
DOO,Alpine,55.0,0 days 00:01:38.557000,0 days 00:00:31.662000,0 days 00:00:42.851000,0 days 00:00:24.044000,HARD,27.0,3.0,,,1,14.0,False,2025,Bahrain,R,98.557,31.662,42.851,24.044,98.714,0.15699999999999648,97.587,0.9699999999999989,-0.15699999999999648,101.857,99.387,2.469999999999999,57.0,0.9649122807017544,29.0,0.9310344827586207,729.0,3025.0,0,0,1,0,0,0,1,0.0,0.0,27.0,22
DOO,Alpine,57.0,0 days 00:01:39.367000,0 days 00:00:31.766000,0 days 00:00:43.305000,0 days 00:00:24.296000,HARD,29.0,3.0,,,1,14.0,False,2025,Bahrain,R,99.367,31.766,43.305,24.296,98.714,0.6530000000000058,97.587,1.7800000000000011,0.6530000000000058,102.787,99.387,3.4000000000000057,57.0,1.0,29.0,1.0,841.0,3249.0,0,0,1,0,0,0,1,0.0,0.0,29.0,22
GAS,Alpine,1.0,0 days 00:01:42.050000,,0 days 00:00:42.900000,0 days 00:00:24.192000,SOFT,4.0,1.0,,,1,5.0,False,2025,Bahrain,R,102.05,,42.9,24.192,98.204,3.8460000000000036,102.05,0.0,3.8460000000000036,102.11,102.11,0.0,57.0,0.017543859649122806,12.0,0.3333333333333333,16.0,1.0,1,0,0,1,1,0,0,4.0,0.0,0.0,9
GAS,Alpine,2.0,0 days 00:01:38.064000,0 days 00:00:31.421000,0 days 00:00:42.439000,0 days 00:00:24.204000,SOFT,5.0,1.0,,,1,5.0,False,2025,Bahrain,R,98.064,31.421,42.439,24.204,98.204,0.14000000000000057,102.05,-3.986000000000004,-0.14000000000000057,98.184,102.11,-3.926000000000002,57.0,0.03508771929824561,12.0,0.4166666666666667,25.0,4.0,1,0,0,1,1,0,0,5.0,0.0,0.0,9
GAS,Alpine,3.0,0 days 00:01:38.418000,0 days 00:00:31.180000,0 days 00:00:42.805000,0 days 00:00:24.433000,SOFT,6.0,1.0,,,1,5.0,False,2025,Bahrain,R,98.418,31.18,42.805,24.433,98.204,0.21400000000001285,102.05,-3.631999999999991,0.21400000000001285,98.59800000000001,102.11,-3.5119999999999862,57.0,0.05263157894736842,12.0,0.5,36.0,9.0,1,0,0,1,1,0,0,6.0,0.0,0.0,9
GAS,Alpine,4.0,0 days 00:01:38.312000,0 days 00:00:31.295000,0 days 00:00:42.581000,0 days 00:00:24.436000,SOFT,7.0,1.0,,,1,5.0,False,2025,Bahrain,R,98.312,31.295,42.581,24.436,98.204,0.10800000000000409,102.05,-3.7379999999999995,0.10800000000000409,98.55199999999999,102.11,-3.558000000000007,57.0,0.07017543859649122,12.0,0.5833333333333334,49.0,16.0,1,0,0,1,1,0,0,7.0,0.0,0.0,9
GAS,Alpine,5.0,0 days 00:01:38.616000,0 days 00:00:31.280000,0 days 00:00:42.999000,0 days 00:00:24.337000,SOFT,8.0,1.0,,,1,5.0,False,2025,Bahrain,R,98.616,31.28,42.999,24.337,98.204,0.41200000000000614,102.05,-3.4339999999999975,0.41200000000000614,98.916,102.11,-3.1940000000000026,57.0,0.08771929824561403,12.0,0.6666666666666666,64.0,25.0,1,0,0,1,1,0,0,8.0,0.0,0.0,9
GAS,Alpine,6.0,0 days 00:01:38.867000,0 days 00:00:31.337000,0 days 00:00:43.007000,0 days 00:00:24.523000,SOFT,9.0,1.0,,,1,5.0,False,2025,Bahrain,R,98.867,31.337,43.007,24.523,98.204,0.6630000000000109,102.05,-3.1829999999999927,0.6630000000000109,99.227,102.11,-2.8829999999999956,57.0,0.10526315789473684,12.0,0.75,81.0,36.0,1,0,0,1,1,0,0,9.0,0.0,0.0,9
GAS,Alpine,7.0,0 days 00:01:39.003000,0 days 00:00:31.363000,0 days 00:00:43.004000,0 days 00:00:24.636000,SOFT,10.0,1.0,,,1,5.0,False,2025,Bahrain,R,99.003,31.363,43.004,24.636,98.204,0.7990000000000066,102.05,-3.046999999999997,0.7990000000000066,99.423,102.11,-2.6869999999999976,57.0,0.12280701754385964,12.0,0.8333333333333334,100.0,49.0,1,0,0,1,1,0,0,10.0,0.0,0.0,9
GAS,Alpine,8.0,0 days 00:01:39.431000,0 days 00:00:31.778000,0 days 00:00:42.932000,0 days 00:00:24.721000,SOFT,11.0,1.0,,,1,5.0,False,2025,Bahrain,R,99.431,31.778,42.932,24.721,98.204,1.2270000000000039,102.05,-2.6189999999999998,1.2270000000000039,99.911,102.11,-2.198999999999998,57.0,0.14035087719298245,12.0,0.9166666666666666,121.0,64.0,1,0,0,1,1,0,0,11.0,0.0,0.0,9
GAS,Alpine,9.0,0 days 00:01:40.096000,0 days 00:00:31.839000,0 days 00:00:43.530000,0 days 00:00:24.727000,SOFT,12.0,1.0,,,1,5.0,False,2025,Bahrain,R,100.096,31.839,43.53,24.727,98.204,1.8920000000000101,102.05,-1.9539999999999935,1.8920000000000101,100.63600000000001,102.11,-1.4739999999999895,57.0,0.15789473684210525,12.0,1.0,144.0,81.0,1,0,0,1,1,0,0,12.0,0.0,0.0,9
GAS,Alpine,12.0,0 days 00:01:37.388000,0 days 00:00:31.219000,0 days 00:00:42.111000,0 days 00:00:24.058000,MEDIUM,2.0,2.0,,,1,13.0,False,2025,Bahrain,R,97.388,31.219,42.111,24.058,98.204,0.8159999999999883,97.388,0.0,-0.8159999999999883,98.108,98.108,0.0,57.0,0.21052631578947367,17.0,0.11764705882352941,4.0,144.0,0,1,0,1,0,1,0,0.0,2.0,0.0,16
GAS,Alpine,13.0,0 days 00:01:37.668000,0 days 00:00:30.718000,0 days 00:00:42.669000,0 days 00:00:24.281000,MEDIUM,3.0,2.0,,,1,11.0,False,2025,Bahrain,R,97.668,30.718,42.669,24.281,98.204,0.5359999999999872,97.388,0.28000000000000114,-0.5359999999999872,98.44800000000001,98.108,0.3400000000000034,57.0,0.22807017543859648,17.0,0.17647058823529413,9.0,169.0,0,1,0,1,0,1,0,0.0,3.0,0.0,16
GAS,Alpine,14.0,0 days 00:01:39.690000,0 days 00:00:31.591000,0 days 00:00:43.309000,0 days 00:00:24.790000,MEDIUM,4.0,2.0,,,1,10.0,False,2025,Bahrain,R,99.69,31.591,43.309,24.79,98.204,1.4860000000000042,97.388,2.3019999999999925,1.4860000000000042,100.53,98.108,2.421999999999997,57.0,0.24561403508771928,17.0,0.23529411764705882,16.0,196.0,0,1,0,1,0,1,0,0.0,4.0,0.0,16
GAS,Alpine,15.0,0 days 00:01:38.045000,0 days 00:00:31.144000,0 days 00:00:42.486000,0 days 00:00:24.415000,MEDIUM,5.0,2.0,,,1,8.0,False,2025,Bahrain,R,98.045,31.144,42.486,24.415,98.204,0.15899999999999181,97.388,0.6569999999999965,-0.15899999999999181,98.94500000000001,98.108,0.8370000000000033,57.0,0.2631578947368421,17.0,0.29411764705882354,25.0,225.0,0,1,0,1,0,1,0,0.0,5.0,0.0,16
GAS,Alpine,16.0,0 days 00:01:38.181000,0 days 00:00:31.190000,0 days 00:00:42.649000,0 days 00:00:24.342000,MEDIUM,6.0,2.0,,,1,7.0,False,2025,Bahrain,R,98.181,31.19,42.649,24.342,98.204,0.022999999999996135,97.388,0.7929999999999922,-0.022999999999996135,99.14099999999999,98.108,1.032999999999987,57.0,0.2807017543859649,17.0,0.35294117647058826,36.0,256.0,0,1,0,1,0,1,0,0.0,6.0,0.0,16
GAS,Alpine,17.0,0 days 00:01:38.198000,0 days 00:00:31.455000,0 days 00:00:42.584000,0 days 00:00:24.159000,MEDIUM,7.0,2.0,,,1,6.0,False,2025,Bahrain,R,98.198,31.455,42.584,24.159,98.204,0.006000000000000227,97.388,0.8099999999999881,-0.006000000000000227,99.21799999999999,98.108,1.1099999999999852,57.0,0.2982456140350877,17.0,0.4117647058823529,49.0,289.0,0,1,0,1,0,1,0,0.0,7.0,0.0,16
GAS,Alpine,18.0,0 days 00:01:39.151000,0 days 00:00:31.551000,0 days 00:00:43.188000,0 days 00:00:24.412000,MEDIUM,8.0,2.0,,,1,5.0,False,2025,Bahrain,R,99.151,31.551,43.188,24.412,98.204,0.9470000000000027,97.388,1.762999999999991,0.9470000000000027,100.231,98.108,2.1229999999999905,57.0,0.3157894736842105,17.0,0.47058823529411764,64.0,324.0,0,1,0,1,0,1,0,0.0,8.0,0.0,16
GAS,Alpine,19.0,0 days 00:01:38.112000,0 days 00:00:31.265000,0 days 00:00:42.607000,0 days 00:00:24.240000,MEDIUM,9.0,2.0,,,1,5.0,False,2025,Bahrain,R,98.112,31.265,42.607,24.24,98.204,0.09199999999999875,97.388,0.7239999999999895,-0.09199999999999875,99.252,98.108,1.1439999999999912,57.0,0.3333333333333333,17.0,0.5294117647058824,81.0,361.0,0,1,0,0,0,1,0,0.0,9.0,0.0,16
GAS,Alpine,20.0,0 days 00:01:38.441000,0 days 00:00:31.508000,0 days 00:00:42.755000,0 days 00:00:24.178000,MEDIUM,10.0,2.0,,,1,5.0,False,2025,Bahrain,R,98.441,31.508,42.755,24.178,98.204,0.23700000000000898,97.388,1.0529999999999973,0.23700000000000898,99.641,98.108,1.5330000000000013,57.0,0.3508771929824561,17.0,0.5882352941176471,100.0,400.0,0,1,0,0,0,1,0,0.0,10.0,0.0,16
GAS,Alpine,21.0,0 days 00:01:38.193000,0 days 00:00:31.441000,0 days 00:00:42.602000,0 days 00:00:24.150000,MEDIUM,11.0,2.0,,,1,5.0,False,2025,Bahrain,R,98.193,31.441,42.602,24.15,98.204,0.01099999999999568,97.388,0.8049999999999926,-0.01099999999999568,99.453,98.108,1.3449999999999989,57.0,0.3684210526315789,17.0,0.6470588235294118,121.0,441.0,0,1,0,0,0,1,0,0.0,11.0,0.0,16
GAS,Alpine,22.0,0 days 00:01:38.346000,0 days 00:00:31.668000,0 days 00:00:42.587000,0 days 00:00:24.091000,MEDIUM,12.0,2.0,,,1,5.0,False,2025,Bahrain,R,98.346,31.668,42.587,24.091,98.204,0.14200000000001012,97.388,0.9579999999999984,0.14200000000001012,99.666,98.108,1.5579999999999927,57.0,0.38596491228070173,17.0,0.7058823529411765,144.0,484.0,0,1,0,0,0,1,0,0.0,12.0,0.0,16
GAS,Alpine,23.0,0 days 00:01:38.616000,0 days 00:00:31.643000,0 days 00:00:42.647000,0 days 00:00:24.326000,MEDIUM,13.0,2.0,,,1,5.0,False,2025,Bahrain,R,98.616,31.643,42.647,24.326,98.204,0.41200000000000614,97.388,1.2279999999999944,0.41200000000000614,99.996,98.108,1.887999999999991,57.0,0.40350877192982454,17.0,0.7647058823529411,169.0,529.0,0,1,0,0,0,1,0,0.0,13.0,0.0,16
GAS,Alpine,24.0,0 days 00:01:38.440000,0 days 00:00:31.697000,0 days 00:00:42.567000,0 days 00:00:24.176000,MEDIUM,14.0,2.0,,,1,5.0,False,2025,Bahrain,R,98.44,31.697,42.567,24.176,98.204,0.2360000000000042,97.388,1.0519999999999925,0.2360000000000042,99.88,98.108,1.7719999999999914,57.0,0.42105263157894735,17.0,0.8235294117647058,196.0,576.0,0,1,0,0,0,1,0,0.0,14.0,0.0,16
GAS,Alpine,25.0,0 days 00:01:38.695000,0 days 00:00:31.700000,0 days 00:00:42.646000,0 days 00:00:24.349000,MEDIUM,15.0,2.0,,,1,5.0,False,2025,Bahrain,R,98.695,31.7,42.646,24.349,98.204,0.49099999999999966,97.388,1.306999999999988,0.49099999999999966,100.195,98.108,2.086999999999989,57.0,0.43859649122807015,17.0,0.8823529411764706,225.0,625.0,0,1,0,0,0,1,0,0.0,15.0,0.0,16
GAS,Alpine,26.0,0 days 00:01:38.898000,0 days 00:00:31.735000,0 days 00:00:42.897000,0 days 00:00:24.266000,MEDIUM,16.0,2.0,,,1,5.0,False,2025,Bahrain,R,98.898,31.735,42.897,24.266,98.204,0.6940000000000026,97.388,1.509999999999991,0.6940000000000026,100.458,98.108,2.3499999999999943,57.0,0.45614035087719296,17.0,0.9411764705882353,256.0,676.0,0,1,0,0,0,1,0,0.0,16.0,0.0,16
GAS,Alpine,27.0,0 days 00:01:38.752000,0 days 00:00:31.651000,0 days 00:00:42.738000,0 days 00:00:24.363000,MEDIUM,17.0,2.0,,,1,5.0,False,2025,Bahrain,R,98.752,31.651,42.738,24.363,98.204,0.5480000000000018,97.388,1.36399999999999,0.5480000000000018,100.372,98.108,2.263999999999996,57.0,0.47368421052631576,17.0,1.0,289.0,729.0,0,1,0,0,0,1,0,0.0,17.0,0.0,16
GAS,Alpine,30.0,0 days 00:01:37.268000,0 days 00:00:31.157000,0 days 00:00:42.228000,0 days 00:00:23.883000,HARD,2.0,3.0,,,1,10.0,False,2025,Bahrain,R,97.268,31.157,42.228,23.883,98.204,0.9359999999999928,97.268,0.0,-0.9359999999999928,99.068,99.068,0.0,57.0,0.5263157894736842,29.0,0.06896551724137931,4.0,900.0,0,0,0,0,0,0,1,0.0,0.0,2.0,24
GAS,Alpine,31.0,0 days 00:01:37.691000,0 days 00:00:31.219000,0 days 00:00:41.961000,0 days 00:00:24.511000,HARD,3.0,3.0,,,1,10.0,False,2025,Bahrain,R,97.691,31.219,41.961,24.511,98.204,0.512999999999991,97.268,0.4230000000000018,-0.512999999999991,99.551,99.068,0.4830000000000041,57.0,0.543859649122807,29.0,0.10344827586206896,9.0,961.0,0,0,0,0,0,0,1,0.0,0.0,3.0,24
GAS,Alpine,36.0,0 days 00:01:37.431000,0 days 00:00:31.664000,0 days 00:00:42.020000,0 days 00:00:23.747000,HARD,8.0,3.0,,,1,6.0,False,2025,Bahrain,R,97.431,31.664,42.02,23.747,98.204,0.7729999999999961,97.268,0.1629999999999967,-0.7729999999999961,99.591,99.068,0.5229999999999961,57.0,0.631578947368421,29.0,0.27586206896551724,64.0,1296.0,0,0,0,0,0,0,1,0.0,0.0,8.0,24
GAS,Alpine,37.0,0 days 00:01:37.189000,0 days 00:00:31.300000,0 days 00:00:41.964000,0 days 00:00:23.925000,HARD,9.0,3.0,,,1,6.0,False,2025,Bahrain,R,97.189,31.3,41.964,23.925,98.204,1.0150000000000006,97.268,-0.07900000000000773,-1.0150000000000006,99.40899999999999,99.068,0.340999999999994,57.0,0.6491228070175439,29.0,0.3103448275862069,81.0,1369.0,0,0,0,0,0,0,1,0.0,0.0,9.0,24
GAS,Alpine,38.0,0 days 00:01:36.682000,0 days 00:00:31.129000,0 days 00:00:41.745000,0 days 00:00:23.808000,HARD,10.0,3.0,,,1,6.0,False,2025,Bahrain,R,96.682,31.129,41.745,23.808,98.204,1.5219999999999914,97.268,-0.5859999999999985,-1.5219999999999914,98.962,99.068,-0.10599999999999454,57.0,0.6666666666666666,29.0,0.3448275862068966,100.0,1444.0,0,0,1,0,0,0,1,0.0,0.0,10.0,24
GAS,Alpine,39.0,0 days 00:01:36.531000,0 days 00:00:31.018000,0 days 00:00:41.861000,0 days 00:00:23.652000,HARD,11.0,3.0,,,1,6.0,False,2025,Bahrain,R,96.531,31.018,41.861,23.652,98.204,1.6729999999999876,97.268,-0.7369999999999948,-1.6729999999999876,98.87100000000001,99.068,-0.19699999999998852,57.0,0.6842105263157895,29.0,0.3793103448275862,121.0,1521.0,0,0,1,0,0,0,1,0.0,0.0,11.0,24
GAS,Alpine,40.0,0 days 00:01:36.981000,0 days 00:00:31.256000,0 days 00:00:41.869000,0 days 00:00:23.856000,HARD,12.0,3.0,,,1,6.0,False,2025,Bahrain,R,96.981,31.256,41.869,23.856,98.204,1.222999999999999,97.268,-0.28700000000000614,-1.222999999999999,99.381,99.068,0.3130000000000024,57.0,0.7017543859649122,29.0,0.41379310344827586,144.0,1600.0,0,0,1,0,0,0,1,0.0,0.0,12.0,24
GAS,Alpine,41.0,0 days 00:01:36.869000,0 days 00:00:31.256000,0 days 00:00:41.828000,0 days 00:00:23.785000,HARD,13.0,3.0,,,1,6.0,False,2025,Bahrain,R,96.869,31.256,41.828,23.785,98.204,1.3349999999999937,97.268,-0.3990000000000009,-1.3349999999999937,99.329,99.068,0.2609999999999957,57.0,0.7192982456140351,29.0,0.4482758620689655,169.0,1681.0,0,0,1,0,0,0,1,0.0,0.0,13.0,24
GAS,Alpine,42.0,0 days 00:01:37.257000,0 days 00:00:31.344000,0 days 00:00:41.957000,0 days 00:00:23.956000,HARD,14.0,3.0,,,1,6.0,False,2025,Bahrain,R,97.257,31.344,41.957,23.956,98.204,0.9469999999999885,97.268,-0.01099999999999568,-0.9469999999999885,99.777,99.068,0.7090000000000032,57.0,0.7368421052631579,29.0,0.4827586206896552,196.0,1764.0,0,0,1,0,0,0,1,0.0,0.0,14.0,24
GAS,Alpine,43.0,0 days 00:01:37.185000,0 days 00:00:31.280000,0 days 00:00:42.007000,0 days 00:00:23.898000,HARD,15.0,3.0,,,1,6.0,False,2025,Bahrain,R,97.185,31.28,42.007,23.898,98.204,1.0189999999999912,97.268,-0.08299999999999841,-1.0189999999999912,99.765,99.068,0.6970000000000027,57.0,0.7543859649122807,29.0,0.5172413793103449,225.0,1849.0,0,0,1,0,0,0,1,0.0,0.0,15.0,24
GAS,Alpine,44.0,0 days 00:01:37.232000,0 days 00:00:31.261000,0 days 00:00:42.112000,0 days 00:00:23.859000,HARD,16.0,3.0,,,1,6.0,False,2025,Bahrain,R,97.232,31.261,42.112,23.859,98.204,0.9719999999999942,97.268,-0.036000000000001364,-0.9719999999999942,99.872,99.068,0.804000000000002,57.0,0.7719298245614035,29.0,0.5517241379310345,256.0,1936.0,0,0,1,0,0,0,1,0.0,0.0,16.0,24
GAS,Alpine,45.0,0 days 00:01:37.358000,0 days 00:00:31.279000,0 days 00:00:42.165000,0 days 00:00:23.914000,HARD,17.0,3.0,,,1,6.0,False,2025,Bahrain,R,97.358,31.279,42.165,23.914,98.204,0.8459999999999894,97.268,0.09000000000000341,-0.8459999999999894,100.058,99.068,0.9900000000000091,57.0,0.7894736842105263,29.0,0.5862068965517241,289.0,2025.0,0,0,1,0,0,0,1,0.0,0.0,17.0,24
GAS,Alpine,46.0,0 days 00:01:37.227000,0 days 00:00:31.379000,0 days 00:00:42.025000,0 days 00:00:23.823000,HARD,18.0,3.0,,,1,6.0,False,2025,Bahrain,R,97.227,31.379,42.025,23.823,98.204,0.9769999999999897,97.268,-0.04099999999999682,-0.9769999999999897,99.98700000000001,99.068,0.9190000000000111,57.0,0.8070175438596491,29.0,0.6206896551724138,324.0,2116.0,0,0,1,0,0,0,1,0.0,0.0,18.0,24
GAS,Alpine,47.0,0 days 00:01:37.499000,0 days 00:00:31.455000,0 days 00:00:42.093000,0 days 00:00:23.951000,HARD,19.0,3.0,,,1,6.0,False,2025,Bahrain,R,97.499,31.455,42.093,23.951,98.204,0.7049999999999983,97.268,0.23099999999999454,-0.7049999999999983,100.31899999999999,99.068,1.2509999999999906,57.0,0.8245614035087719,29.0,0.6551724137931034,361.0,2209.0,0,0,1,0,0,0,1,0.0,0.0,19.0,24
GAS,Alpine,48.0,0 days 00:01:37.667000,0 days 00:00:31.455000,0 days 00:00:42.274000,0 days 00:00:23.938000,HARD,20.0,3.0,,,1,6.0,False,2025,Bahrain,R,97.667,31.455,42.274,23.938,98.204,0.5369999999999919,97.268,0.3990000000000009,-0.5369999999999919,100.547,99.068,1.4789999999999992,57.0,0.8421052631578947,29.0,0.6896551724137931,400.0,2304.0,0,0,1,0,0,0,1,0.0,0.0,20.0,24
GAS,Alpine,49.0,0 days 00:01:37.762000,0 days 00:00:31.444000,0 days 00:00:42.297000,0 days 00:00:24.021000,HARD,21.0,3.0,,,1,6.0,False,2025,Bahrain,R,97.762,31.444,42.297,24.021,98.204,0.44199999999999307,97.268,0.4939999999999998,-0.44199999999999307,100.702,99.068,1.6340000000000003,57.0,0.8596491228070176,29.0,0.7241379310344828,441.0,2401.0,0,0,1,0,0,0,1,0.0,0.0,21.0,24
GAS,Alpine,50.0,0 days 00:01:37.898000,0 days 00:00:31.421000,0 days 00:00:42.430000,0 days 00:00:24.047000,HARD,22.0,3.0,,,1,6.0,False,2025,Bahrain,R,97.898,31.421,42.43,24.047,98.204,0.3059999999999974,97.268,0.6299999999999955,-0.3059999999999974,100.898,99.068,1.8299999999999983,57.0,0.8771929824561403,29.0,0.7586206896551724,484.0,2500.0,0,0,1,0,0,0,1,0.0,0.0,22.0,24
GAS,Alpine,51.0,0 days 00:01:37.907000,0 days 00:00:31.547000,0 days 00:00:42.335000,0 days 00:00:24.025000,HARD,23.0,3.0,,,1,6.0,False,2025,Bahrain,R,97.907,31.547,42.335,24.025,98.204,0.29699999999999704,97.268,0.6389999999999958,-0.29699999999999704,100.967,99.068,1.899000000000001,57.0,0.8947368421052632,29.0,0.7931034482758621,529.0,2601.0,0,0,1,0,0,0,1,0.0,0.0,23.0,24
GAS,Alpine,52.0,0 days 00:01:38.227000,0 days 00:00:31.504000,0 days 00:00:42.536000,0 days 00:00:24.187000,HARD,24.0,3.0,,,1,6.0,False,2025,Bahrain,R,98.227,31.504,42.536,24.187,98.204,0.023000000000010346,97.268,0.9590000000000032,0.023000000000010346,101.34700000000001,99.068,2.2790000000000106,57.0,0.9122807017543859,29.0,0.8275862068965517,576.0,2704.0,0,0,1,0,0,0,1,0.0,0.0,24.0,24
GAS,Alpine,53.0,0 days 00:01:38.389000,0 days 00:00:31.692000,0 days 00:00:42.608000,0 days 00:00:24.089000,HARD,25.0,3.0,,,1,6.0,False,2025,Bahrain,R,98.389,31.692,42.608,24.089,98.204,0.18500000000000227,97.268,1.1209999999999951,0.18500000000000227,101.56899999999999,99.068,2.5009999999999906,57.0,0.9298245614035088,29.0,0.8620689655172413,625.0,2809.0,0,0,1,0,0,0,1,0.0,0.0,25.0,24
GAS,Alpine,54.0,0 days 00:01:38.496000,0 days 00:00:31.736000,0 days 00:00:42.655000,0 days 00:00:24.105000,HARD,26.0,3.0,,,1,6.0,False,2025,Bahrain,R,98.496,31.736,42.655,24.105,98.204,0.2920000000000016,97.268,1.2279999999999944,0.2920000000000016,101.73599999999999,99.068,2.667999999999992,57.0,0.9473684210526315,29.0,0.896551724137931,676.0,2916.0,0,0,1,0,0,0,1,0.0,0.0,26.0,24
GAS,Alpine,55.0,0 days 00:01:38.613000,0 days 00:00:31.861000,0 days 00:00:42.663000,0 days 00:00:24.089000,HARD,27.0,3.0,,,1,6.0,False,2025,Bahrain,R,98.613,31.861,42.663,24.089,98.204,0.409000000000006,97.268,1.3449999999999989,0.409000000000006,101.913,99.068,2.844999999999999,57.0,0.9649122807017544,29.0,0.9310344827586207,729.0,3025.0,0,0,1,0,0,0,1,0.0,0.0,27.0,24
GAS,Alpine,56.0,0 days 00:01:38.204000,0 days 00:00:31.532000,0 days 00:00:42.471000,0 days 00:00:24.201000,HARD,28.0,3.0,,,1,6.0,False,2025,Bahrain,R,98.204,31.532,42.471,24.201,98.204,0.0,97.268,0.9359999999999928,0.0,101.564,99.068,2.495999999999995,57.0,0.9824561403508771,29.0,0.9655172413793104,784.0,3136.0,0,0,1,0,0,0,1,0.0,0.0,28.0,24
GAS,Alpine,57.0,0 days 00:01:39.946000,0 days 00:00:31.990000,0 days 00:00:43.728000,0 days 00:00:24.228000,HARD,29.0,3.0,,,1,7.0,False,2025,Bahrain,R,99.946,31.99,43.728,24.228,98.204,1.7420000000000044,97.268,2.6779999999999973,1.7420000000000044,103.366,99.068,4.298000000000002,57.0,1.0,29.0,1.0,841.0,3249.0,0,0,1,0,0,0,1,0.0,0.0,29.0,24
HAD,Racing Bulls,3.0,0 days 00:01:39.767000,0 days 00:00:31.408000,0 days 00:00:43.811000,0 days 00:00:24.548000,SOFT,3.0,1.0,,,1,16.0,False,2025,Bahrain,R,99.767,31.408,43.811,24.548,98.861,0.9059999999999917,99.767,0.0,0.9059999999999917,99.947,99.947,0.0,57.0,0.05263157894736842,5.0,0.6,9.0,9.0,1,0,0,1,1,0,0,3.0,0.0,0.0,3
HAD,Racing Bulls,4.0,0 days 00:01:39.631000,0 days 00:00:31.134000,0 days 00:00:43.918000,0 days 00:00:24.579000,SOFT,4.0,1.0,,,1,16.0,False,2025,Bahrain,R,99.631,31.134,43.918,24.579,98.861,0.769999999999996,99.767,-0.13599999999999568,0.769999999999996,99.871,99.947,-0.07600000000000762,57.0,0.07017543859649122,5.0,0.8,16.0,16.0,1,0,0,1,1,0,0,4.0,0.0,0.0,3
HAD,Racing Bulls,5.0,0 days 00:01:39.669000,0 days 00:00:31.424000,0 days 00:00:43.626000,0 days 00:00:24.619000,SOFT,5.0,1.0,,,1,16.0,False,2025,Bahrain,R,99.669,31.424,43.626,24.619,98.861,0.8079999999999927,99.767,-0.09799999999999898,0.8079999999999927,99.969,99.947,0.02199999999999136,57.0,0.08771929824561403,5.0,1.0,25.0,25.0,1,0,0,1,1,0,0,5.0,0.0,0.0,3
HAD,Racing Bulls,9.0,0 days 00:01:38.542000,0 days 00:00:31.296000,0 days 00:00:43.046000,0 days 00:00:24.200000,MEDIUM,3.0,2.0,,,1,19.0,False,2025,Bahrain,R,98.542,31.296,43.046,24.2,98.861,0.3190000000000026,98.542,0.0,-0.3190000000000026,99.08200000000001,99.08200000000001,0.0,57.0,0.15789473684210525,21.0,0.14285714285714285,9.0,81.0,0,1,0,1,0,1,0,0.0,3.0,0.0,18
HAD,Racing Bulls,10.0,0 days 00:01:39.429000,0 days 00:00:31.814000,0 days 00:00:43.487000,0 days 00:00:24.128000,MEDIUM,4.0,2.0,,,1,19.0,False,2025,Bahrain,R,99.429,31.814,43.487,24.128,98.861,0.5679999999999978,98.542,0.8870000000000005,0.5679999999999978,100.029,99.08200000000001,0.9469999999999885,57.0,0.17543859649122806,21.0,0.19047619047619047,16.0,100.0,0,1,0,1,0,1,0,0.0,4.0,0.0,18
HAD,Racing Bulls,12.0,0 days 00:01:38.700000,0 days 00:00:31.400000,0 days 00:00:43.117000,0 days 00:00:24.183000,MEDIUM,6.0,2.0,,,1,18.0,False,2025,Bahrain,R,98.7,31.4,43.117,24.183,98.861,0.16100000000000136,98.542,0.15800000000000125,-0.16100000000000136,99.42,99.08200000000001,0.33799999999999386,57.0,0.21052631578947367,21.0,0.2857142857142857,36.0,144.0,0,1,0,1,0,1,0,0.0,6.0,0.0,18
HAD,Racing Bulls,13.0,0 days 00:01:38.849000,0 days 00:00:31.377000,0 days 00:00:43.136000,0 days 00:00:24.336000,MEDIUM,7.0,2.0,,,1,17.0,False,2025,Bahrain,R,98.849,31.377,43.136,24.336,98.861,0.012000000000000455,98.542,0.30700000000000216,-0.012000000000000455,99.629,99.08200000000001,0.546999999999997,57.0,0.22807017543859648,21.0,0.3333333333333333,49.0,169.0,0,1,0,1,0,1,0,0.0,7.0,0.0,18
HAD,Racing Bulls,14.0,0 days 00:01:40.030000,0 days 00:00:31.666000,0 days 00:00:43.964000,0 days 00:00:24.400000,MEDIUM,8.0,2.0,,,1,17.0,False,2025,Bahrain,R,100.03,31.666,43.964,24.4,98.861,1.168999999999997,98.542,1.4879999999999995,1.168999999999997,100.87,99.08200000000001,1.7879999999999967,57.0,0.24561403508771928,21.0,0.38095238095238093,64.0,196.0,0,1,0,1,0,1,0,0.0,8.0,0.0,18
HAD,Racing Bulls,15.0,0 days 00:01:38.893000,0 days 00:00:31.447000,0 days 00:00:43.177000,0 days 00:00:24.269000,MEDIUM,9.0,2.0,,,1,14.0,False,2025,Bahrain,R,98.893,31.447,43.177,24.269,98.861,0.031999999999996476,98.542,0.3509999999999991,0.031999999999996476,99.793,99.08200000000001,0.7109999999999985,57.0,0.2631578947368421,21.0,0.42857142857142855,81.0,225.0,0,1,0,1,0,1,0,0.0,9.0,0.0,18
HAD,Racing Bulls,16.0,0 days 00:01:39.168000,0 days 00:00:31.453000,0 days 00:00:43.415000,0 days 00:00:24.300000,MEDIUM,10.0,2.0,,,1,14.0,False,2025,Bahrain,R,99.168,31.453,43.415,24.3,98.861,0.30700000000000216,98.542,0.6260000000000048,0.30700000000000216,100.128,99.08200000000001,1.0459999999999923,57.0,0.2807017543859649,21.0,0.47619047619047616,100.0,256.0,0,1,0,1,0,1,0,0.0,10.0,0.0,18
HAD,Racing Bulls,17.0,0 days 00:01:38.749000,0 days 00:00:31.373000,0 days 00:00:43.121000,0 days 00:00:24.255000,MEDIUM,11.0,2.0,,,1,12.0,False,2025,Bahrain,R,98.749,31.373,43.121,24.255,98.861,0.11200000000000898,98.542,0.20699999999999363,-0.11200000000000898,99.76899999999999,99.08200000000001,0.6869999999999834,57.0,0.2982456140350877,21.0,0.5238095238095238,121.0,289.0,0,1,0,1,0,1,0,0.0,11.0,0.0,18
HAD,Racing Bulls,18.0,0 days 00:01:40.018000,0 days 00:00:32.028000,0 days 00:00:43.504000,0 days 00:00:24.486000,MEDIUM,12.0,2.0,,,1,13.0,False,2025,Bahrain,R,100.018,32.028,43.504,24.486,98.861,1.1569999999999965,98.542,1.475999999999999,1.1569999999999965,101.098,99.08200000000001,2.015999999999991,57.0,0.3157894736842105,21.0,0.5714285714285714,144.0,324.0,0,1,0,1,0,1,0,0.0,12.0,0.0,18
HAD,Racing Bulls,19.0,0 days 00:01:38.894000,0 days 00:00:31.549000,0 days 00:00:42.997000,0 days 00:00:24.348000,MEDIUM,13.0,2.0,,,1,13.0,False,2025,Bahrain,R,98.894,31.549,42.997,24.348,98.861,0.03300000000000125,98.542,0.35200000000000387,0.03300000000000125,100.034,99.08200000000001,0.9519999999999982,57.0,0.3333333333333333,21.0,0.6190476190476191,169.0,361.0,0,1,0,0,0,1,0,0.0,13.0,0.0,18
HAD,Racing Bulls,20.0,0 days 00:01:38.873000,0 days 00:00:31.389000,0 days 00:00:43.114000,0 days 00:00:24.370000,MEDIUM,14.0,2.0,,,1,13.0,False,2025,Bahrain,R,98.873,31.389,43.114,24.37,98.861,0.012000000000000455,98.542,0.33100000000000307,0.012000000000000455,100.07300000000001,99.08200000000001,0.9909999999999997,57.0,0.3508771929824561,21.0,0.6666666666666666,196.0,400.0,0,1,0,0,0,1,0,0.0,14.0,0.0,18
HAD,Racing Bulls,21.0,0 days 00:01:40.764000,0 days 00:00:32.102000,0 days 00:00:44.130000,0 days 00:00:24.532000,MEDIUM,15.0,2.0,,,1,14.0,False,2025,Bahrain,R,100.764,32.102,44.13,24.532,98.861,1.9029999999999916,98.542,2.221999999999994,1.9029999999999916,102.024,99.08200000000001,2.941999999999993,57.0,0.3684210526315789,21.0,0.7142857142857143,225.0,441.0,0,1,0,0,0,1,0,0.0,15.0,0.0,18
HAD,Racing Bulls,22.0,0 days 00:01:39.442000,0 days 00:00:31.559000,0 days 00:00:43.418000,0 days 00:00:24.465000,MEDIUM,16.0,2.0,,,1,14.0,False,2025,Bahrain,R,99.442,31.559,43.418,24.465,98.861,0.5809999999999889,98.542,0.8999999999999915,0.5809999999999889,100.76199999999999,99.08200000000001,1.6799999999999784,57.0,0.38596491228070173,21.0,0.7619047619047619,256.0,484.0,0,1,0,0,0,1,0,0.0,16.0,0.0,18
HAD,Racing Bulls,23.0,0 days 00:01:40.365000,0 days 00:00:32.145000,0 days 00:00:43.704000,0 days 00:00:24.516000,MEDIUM,17.0,2.0,,,1,15.0,False,2025,Bahrain,R,100.365,32.145,43.704,24.516,98.861,1.5039999999999907,98.542,1.8229999999999933,1.5039999999999907,101.74499999999999,99.08200000000001,2.6629999999999825,57.0,0.40350877192982454,21.0,0.8095238095238095,289.0,529.0,0,1,0,0,0,1,0,0.0,17.0,0.0,18
HAD,Racing Bulls,24.0,0 days 00:01:39.522000,0 days 00:00:31.615000,0 days 00:00:43.452000,0 days 00:00:24.455000,MEDIUM,18.0,2.0,,,1,15.0,False,2025,Bahrain,R,99.522,31.615,43.452,24.455,98.861,0.6610000000000014,98.542,0.980000000000004,0.6610000000000014,100.962,99.08200000000001,1.8799999999999955,57.0,0.42105263157894735,21.0,0.8571428571428571,324.0,576.0,0,1,0,0,0,1,0,0.0,18.0,0.0,18
HAD,Racing Bulls,25.0,0 days 00:01:39.795000,0 days 00:00:31.755000,0 days 00:00:43.572000,0 days 00:00:24.468000,MEDIUM,19.0,2.0,,,1,15.0,False,2025,Bahrain,R,99.795,31.755,43.572,24.468,98.861,0.9339999999999975,98.542,1.2530000000000001,0.9339999999999975,101.295,99.08200000000001,2.212999999999994,57.0,0.43859649122807015,21.0,0.9047619047619048,361.0,625.0,0,1,0,0,0,1,0,0.0,19.0,0.0,18
HAD,Racing Bulls,26.0,0 days 00:01:39.588000,0 days 00:00:31.713000,0 days 00:00:43.508000,0 days 00:00:24.367000,MEDIUM,20.0,2.0,,,1,15.0,False,2025,Bahrain,R,99.588,31.713,43.508,24.367,98.861,0.7269999999999897,98.542,1.0459999999999923,0.7269999999999897,101.148,99.08200000000001,2.0659999999999883,57.0,0.45614035087719296,21.0,0.9523809523809523,400.0,676.0,0,1,0,0,0,1,0,0.0,20.0,0.0,18
HAD,Racing Bulls,27.0,0 days 00:01:39.465000,0 days 00:00:31.733000,0 days 00:00:43.356000,0 days 00:00:24.376000,MEDIUM,21.0,2.0,,,1,14.0,False,2025,Bahrain,R,99.465,31.733,43.356,24.376,98.861,0.6039999999999992,98.542,0.9230000000000018,0.6039999999999992,101.08500000000001,99.08200000000001,2.003,57.0,0.47368421052631576,21.0,1.0,441.0,729.0,0,1,0,0,0,1,0,0.0,21.0,0.0,18
HAD,Racing Bulls,30.0,0 days 00:01:36.952000,0 days 00:00:30.825000,0 days 00:00:42.385000,0 days 00:00:23.742000,HARD,2.0,3.0,,,1,19.0,False,2025,Bahrain,R,96.952,30.825,42.385,23.742,98.861,1.909000000000006,96.952,0.0,-1.909000000000006,98.752,98.752,0.0,57.0,0.5263157894736842,29.0,0.06896551724137931,4.0,900.0,0,0,0,0,0,0,1,0.0,0.0,2.0,24
HAD,Racing Bulls,31.0,0 days 00:01:37.158000,0 days 00:00:30.843000,0 days 00:00:42.444000,0 days 00:00:23.871000,HARD,3.0,3.0,,,1,19.0,False,2025,Bahrain,R,97.158,30.843,42.444,23.871,98.861,1.703000000000003,96.952,0.20600000000000307,-1.703000000000003,99.018,98.752,0.26600000000000534,57.0,0.543859649122807,29.0,0.10344827586206896,9.0,961.0,0,0,0,0,0,0,1,0.0,0.0,3.0,24
HAD,Racing Bulls,36.0,0 days 00:01:40.318000,0 days 00:00:32.466000,0 days 00:00:43.688000,0 days 00:00:24.164000,HARD,8.0,3.0,,,1,17.0,False,2025,Bahrain,R,100.318,32.466,43.688,24.164,98.861,1.4569999999999936,96.952,3.3659999999999997,1.4569999999999936,102.478,98.752,3.725999999999999,57.0,0.631578947368421,29.0,0.27586206896551724,64.0,1296.0,0,0,0,0,0,0,1,0.0,0.0,8.0,24
HAD,Racing Bulls,37.0,0 days 00:01:38.467000,0 days 00:00:31.225000,0 days 00:00:43.203000,0 days 00:00:24.039000,HARD,9.0,3.0,,,1,17.0,False,2025,Bahrain,R,98.467,31.225,43.203,24.039,98.861,0.39400000000000546,96.952,1.5150000000000006,-0.39400000000000546,100.687,98.752,1.9350000000000023,57.0,0.6491228070175439,29.0,0.3103448275862069,81.0,1369.0,0,0,0,0,0,0,1,0.0,0.0,9.0,24
HAD,Racing Bulls,38.0,0 days 00:01:37.831000,0 days 00:00:30.911000,0 days 00:00:42.802000,0 days 00:00:24.118000,HARD,10.0,3.0,,,1,17.0,False,2025,Bahrain,R,97.831,30.911,42.802,24.118,98.861,1.0300000000000011,96.952,0.8790000000000049,-1.0300000000000011,100.111,98.752,1.3590000000000089,57.0,0.6666666666666666,29.0,0.3448275862068966,100.0,1444.0,0,0,1,0,0,0,1,0.0,0.0,10.0,24
HAD,Racing Bulls,39.0,0 days 00:01:38.329000,0 days 00:00:31.031000,0 days 00:00:43.097000,0 days 00:00:24.201000,HARD,11.0,3.0,,,1,17.0,False,2025,Bahrain,R,98.329,31.031,43.097,24.201,98.861,0.5320000000000107,96.952,1.3769999999999953,-0.5320000000000107,100.669,98.752,1.9170000000000016,57.0,0.6842105263157895,29.0,0.3793103448275862,121.0,1521.0,0,0,1,0,0,0,1,0.0,0.0,11.0,24
HAD,Racing Bulls,40.0,0 days 00:01:38.342000,0 days 00:00:31.037000,0 days 00:00:42.928000,0 days 00:00:24.377000,HARD,12.0,3.0,,,1,17.0,False,2025,Bahrain,R,98.342,31.037,42.928,24.377,98.861,0.5190000000000055,96.952,1.3900000000000006,-0.5190000000000055,100.742,98.752,1.990000000000009,57.0,0.7017543859649122,29.0,0.41379310344827586,144.0,1600.0,0,0,1,0,0,0,1,0.0,0.0,12.0,24
HAD,Racing Bulls,41.0,0 days 00:01:38.686000,0 days 00:00:31.244000,0 days 00:00:43.234000,0 days 00:00:24.208000,HARD,13.0,3.0,,,1,17.0,False,2025,Bahrain,R,98.686,31.244,43.234,24.208,98.861,0.17499999999999716,96.952,1.7340000000000089,-0.17499999999999716,101.146,98.752,2.3940000000000055,57.0,0.7192982456140351,29.0,0.4482758620689655,169.0,1681.0,0,0,1,0,0,0,1,0.0,0.0,13.0,24
HAD,Racing Bulls,42.0,0 days 00:01:38.561000,0 days 00:00:31.195000,0 days 00:00:43.052000,0 days 00:00:24.314000,HARD,14.0,3.0,,,1,17.0,False,2025,Bahrain,R,98.561,31.195,43.052,24.314,98.861,0.29999999999999716,96.952,1.6090000000000089,-0.29999999999999716,101.081,98.752,2.3290000000000077,57.0,0.7368421052631579,29.0,0.4827586206896552,196.0,1764.0,0,0,1,0,0,0,1,0.0,0.0,14.0,24
HAD,Racing Bulls,43.0,0 days 00:01:39.073000,0 days 00:00:31.110000,0 days 00:00:43.540000,0 days 00:00:24.423000,HARD,15.0,3.0,,,1,17.0,False,2025,Bahrain,R,99.073,31.11,43.54,24.423,98.861,0.21199999999998909,96.952,2.120999999999995,0.21199999999998909,101.65299999999999,98.752,2.9009999999999962,57.0,0.7543859649122807,29.0,0.5172413793103449,225.0,1849.0,0,0,1,0,0,0,1,0.0,0.0,15.0,24
HAD,Racing Bulls,44.0,0 days 00:01:37.724000,0 days 00:00:31.130000,0 days 00:00:42.612000,0 days 00:00:23.982000,HARD,16.0,3.0,,,1,16.0,False,2025,Bahrain,R,97.724,31.13,42.612,23.982,98.861,1.1370000000000005,96.952,0.7720000000000056,-1.1370000000000005,100.364,98.752,1.612000000000009,57.0,0.7719298245614035,29.0,0.5517241379310345,256.0,1936.0,0,0,1,0,0,0,1,0.0,0.0,16.0,24
HAD,Racing Bulls,45.0,0 days 00:01:38.019000,0 days 00:00:31.294000,0 days 00:00:42.656000,0 days 00:00:24.069000,HARD,17.0,3.0,,,1,16.0,False,2025,Bahrain,R,98.019,31.294,42.656,24.069,98.861,0.8419999999999987,96.952,1.0670000000000073,-0.8419999999999987,100.71900000000001,98.752,1.967000000000013,57.0,0.7894736842105263,29.0,0.5862068965517241,289.0,2025.0,0,0,1,0,0,0,1,0.0,0.0,17.0,24
HAD,Racing Bulls,46.0,0 days 00:01:37.793000,0 days 00:00:31.202000,0 days 00:00:42.622000,0 days 00:00:23.969000,HARD,18.0,3.0,,,1,16.0,False,2025,Bahrain,R,97.793,31.202,42.622,23.969,98.861,1.0679999999999978,96.952,0.8410000000000082,-1.0679999999999978,100.55300000000001,98.752,1.8010000000000161,57.0,0.8070175438596491,29.0,0.6206896551724138,324.0,2116.0,0,0,1,0,0,0,1,0.0,0.0,18.0,24
HAD,Racing Bulls,47.0,0 days 00:01:37.762000,0 days 00:00:31.285000,0 days 00:00:42.529000,0 days 00:00:23.948000,HARD,19.0,3.0,,,1,16.0,False,2025,Bahrain,R,97.762,31.285,42.529,23.948,98.861,1.0990000000000038,96.952,0.8100000000000023,-1.0990000000000038,100.582,98.752,1.8299999999999983,57.0,0.8245614035087719,29.0,0.6551724137931034,361.0,2209.0,0,0,1,0,0,0,1,0.0,0.0,19.0,24
HAD,Racing Bulls,48.0,0 days 00:01:38.021000,0 days 00:00:31.333000,0 days 00:00:42.724000,0 days 00:00:23.964000,HARD,20.0,3.0,,,1,16.0,False,2025,Bahrain,R,98.021,31.333,42.724,23.964,98.861,0.8400000000000034,96.952,1.0690000000000026,-0.8400000000000034,100.901,98.752,2.149000000000001,57.0,0.8421052631578947,29.0,0.6896551724137931,400.0,2304.0,0,0,1,0,0,0,1,0.0,0.0,20.0,24
HAD,Racing Bulls,49.0,0 days 00:01:37.985000,0 days 00:00:31.314000,0 days 00:00:42.659000,0 days 00:00:24.012000,HARD,21.0,3.0,,,1,16.0,False,2025,Bahrain,R,97.985,31.314,42.659,24.012,98.861,0.8760000000000048,96.952,1.0330000000000013,-0.8760000000000048,100.925,98.752,2.173000000000002,57.0,0.8596491228070176,29.0,0.7241379310344828,441.0,2401.0,0,0,1,0,0,0,1,0.0,0.0,21.0,24
HAD,Racing Bulls,50.0,0 days 00:01:38.142000,0 days 00:00:31.442000,0 days 00:00:42.692000,0 days 00:00:24.008000,HARD,22.0,3.0,,,1,16.0,False,2025,Bahrain,R,98.142,31.442,42.692,24.008,98.861,0.7190000000000083,96.952,1.1899999999999977,-0.7190000000000083,101.142,98.752,2.3900000000000006,57.0,0.8771929824561403,29.0,0.7586206896551724,484.0,2500.0,0,0,1,0,0,0,1,0.0,0.0,22.0,24
HAD,Racing Bulls,51.0,0 days 00:01:38.266000,0 days 00:00:31.448000,0 days 00:00:42.708000,0 days 00:00:24.110000,HARD,23.0,3.0,,,1,16.0,False,2025,Bahrain,R,98.266,31.448,42.708,24.11,98.861,0.5949999999999989,96.952,1.3140000000000072,-0.5949999999999989,101.32600000000001,98.752,2.5740000000000123,57.0,0.8947368421052632,29.0,0.7931034482758621,529.0,2601.0,0,0,1,0,0,0,1,0.0,0.0,23.0,24
HAD,Racing Bulls,52.0,0 days 00:01:38.205000,0 days 00:00:31.381000,0 days 00:00:42.686000,0 days 00:00:24.138000,HARD,24.0,3.0,,,1,16.0,False,2025,Bahrain,R,98.205,31.381,42.686,24.138,98.861,0.6560000000000059,96.952,1.2530000000000001,-0.6560000000000059,101.325,98.752,2.5730000000000075,57.0,0.9122807017543859,29.0,0.8275862068965517,576.0,2704.0,0,0,1,0,0,0,1,0.0,0.0,24.0,24
HAD,Racing Bulls,53.0,0 days 00:01:38.495000,0 days 00:00:31.503000,0 days 00:00:42.748000,0 days 00:00:24.244000,HARD,25.0,3.0,,,1,16.0,False,2025,Bahrain,R,98.495,31.503,42.748,24.244,98.861,0.36599999999999966,96.952,1.5430000000000064,-0.36599999999999966,101.67500000000001,98.752,2.923000000000016,57.0,0.9298245614035088,29.0,0.8620689655172413,625.0,2809.0,0,0,1,0,0,0,1,0.0,0.0,25.0,24
HAD,Racing Bulls,54.0,0 days 00:01:39.003000,0 days 00:00:31.555000,0 days 00:00:43.301000,0 days 00:00:24.147000,HARD,26.0,3.0,,,1,16.0,False,2025,Bahrain,R,99.003,31.555,43.301,24.147,98.861,0.1419999999999959,96.952,2.051000000000002,0.1419999999999959,102.243,98.752,3.4909999999999997,57.0,0.9473684210526315,29.0,0.896551724137931,676.0,2916.0,0,0,1,0,0,0,1,0.0,0.0,26.0,24
HAD,Racing Bulls,55.0,0 days 00:01:38.297000,0 days 00:00:31.477000,0 days 00:00:42.766000,0 days 00:00:24.054000,HARD,27.0,3.0,,,1,16.0,False,2025,Bahrain,R,98.297,31.477,42.766,24.054,98.861,0.5640000000000072,96.952,1.3449999999999989,-0.5640000000000072,101.597,98.752,2.844999999999999,57.0,0.9649122807017544,29.0,0.9310344827586207,729.0,3025.0,0,0,1,0,0,0,1,0.0,0.0,27.0,24
HAD,Racing Bulls,56.0,0 days 00:01:38.784000,0 days 00:00:31.536000,0 days 00:00:42.927000,0 days 00:00:24.321000,HARD,28.0,3.0,,,1,16.0,False,2025,Bahrain,R,98.784,31.536,42.927,24.321,98.861,0.07699999999999818,96.952,1.8320000000000078,-0.07699999999999818,102.144,98.752,3.39200000000001,57.0,0.9824561403508771,29.0,0.9655172413793104,784.0,3136.0,0,0,1,0,0,0,1,0.0,0.0,28.0,24
HAD,Racing Bulls,57.0,0 days 00:01:38.496000,0 days 00:00:31.395000,0 days 00:00:42.881000,0 days 00:00:24.220000,HARD,29.0,3.0,,,1,16.0,False,2025,Bahrain,R,98.496,31.395,42.881,24.22,98.861,0.3650000000000091,96.952,1.543999999999997,-0.3650000000000091,101.916,98.752,3.1640000000000015,57.0,1.0,29.0,1.0,841.0,3249.0,0,0,1,0,0,0,1,0.0,0.0,29.0,24
HAM,Ferrari,1.0,0 days 00:01:44.568000,,0 days 00:00:44.052000,0 days 00:00:24.672000,MEDIUM,1.0,1.0,,,1,9.0,False,2025,Bahrain,R,104.568,,44.052,24.672,98.018,6.549999999999997,104.568,0.0,6.549999999999997,104.628,104.628,0.0,57.0,0.017543859649122806,16.0,0.0625,1.0,1.0,1,0,0,1,0,1,0,0.0,1.0,0.0,16
HAM,Ferrari,2.0,0 days 00:01:38.566000,0 days 00:00:31.329000,0 days 00:00:42.931000,0 days 00:00:24.306000,MEDIUM,2.0,1.0,,,1,9.0,False,2025,Bahrain,R,98.566,31.329,42.931,24.306,98.018,0.5480000000000018,104.568,-6.001999999999995,0.5480000000000018,98.686,104.628,-5.941999999999993,57.0,0.03508771929824561,16.0,0.125,4.0,4.0,1,0,0,1,0,1,0,0.0,2.0,0.0,16
HAM,Ferrari,3.0,0 days 00:01:38.419000,0 days 00:00:31.073000,0 days 00:00:43.067000,0 days 00:00:24.279000,MEDIUM,3.0,1.0,,,1,9.0,False,2025,Bahrain,R,98.419,31.073,43.067,24.279,98.018,0.40099999999999625,104.568,-6.149000000000001,0.40099999999999625,98.599,104.628,-6.028999999999996,57.0,0.05263157894736842,16.0,0.1875,9.0,9.0,1,0,0,1,0,1,0,0.0,3.0,0.0,16
HAM,Ferrari,4.0,0 days 00:01:38.654000,0 days 00:00:31.030000,0 days 00:00:43.265000,0 days 00:00:24.359000,MEDIUM,4.0,1.0,,,1,9.0,False,2025,Bahrain,R,98.654,31.03,43.265,24.359,98.018,0.6359999999999957,104.568,-5.9140000000000015,0.6359999999999957,98.89399999999999,104.628,-5.734000000000009,57.0,0.07017543859649122,16.0,0.25,16.0,16.0,1,0,0,1,0,1,0,0.0,4.0,0.0,16
HAM,Ferrari,5.0,0 days 00:01:39.465000,0 days 00:00:31.108000,0 days 00:00:43.969000,0 days 00:00:24.388000,MEDIUM,5.0,1.0,,,1,9.0,False,2025,Bahrain,R,99.465,31.108,43.969,24.388,98.018,1.4470000000000027,104.568,-5.102999999999994,1.4470000000000027,99.765,104.628,-4.8629999999999995,57.0,0.08771929824561403,16.0,0.3125,25.0,25.0,1,0,0,1,0,1,0,0.0,5.0,0.0,16
HAM,Ferrari,6.0,0 days 00:01:39.104000,0 days 00:00:31.357000,0 days 00:00:43.341000,0 days 00:00:24.406000,MEDIUM,6.0,1.0,,,1,9.0,False,2025,Bahrain,R,99.104,31.357,43.341,24.406,98.018,1.0859999999999985,104.568,-5.463999999999999,1.0859999999999985,99.464,104.628,-5.1640000000000015,57.0,0.10526315789473684,16.0,0.375,36.0,36.0,1,0,0,1,0,1,0,0.0,6.0,0.0,16
HAM,Ferrari,7.0,0 days 00:01:39.279000,0 days 00:00:31.332000,0 days 00:00:43.404000,0 days 00:00:24.543000,MEDIUM,7.0,1.0,,,1,9.0,False,2025,Bahrain,R,99.279,31.332,43.404,24.543,98.018,1.2609999999999957,104.568,-5.2890000000000015,1.2609999999999957,99.699,104.628,-4.929000000000002,57.0,0.12280701754385964,16.0,0.4375,49.0,49.0,1,0,0,1,0,1,0,0.0,7.0,0.0,16
HAM,Ferrari,8.0,0 days 00:01:39.743000,0 days 00:00:31.451000,0 days 00:00:43.679000,0 days 00:00:24.613000,MEDIUM,8.0,1.0,,,1,9.0,False,2025,Bahrain,R,99.743,31.451,43.679,24.613,98.018,1.7249999999999943,104.568,-4.825000000000003,1.7249999999999943,100.223,104.628,-4.405000000000001,57.0,0.14035087719298245,16.0,0.5,64.0,64.0,1,0,0,1,0,1,0,0.0,8.0,0.0,16
HAM,Ferrari,9.0,0 days 00:01:40.945000,0 days 00:00:31.727000,0 days 00:00:44.660000,0 days 00:00:24.558000,MEDIUM,9.0,1.0,,,1,8.0,False,2025,Bahrain,R,100.945,31.727,44.66,24.558,98.018,2.9269999999999925,104.568,-3.6230000000000047,2.9269999999999925,101.485,104.628,-3.1430000000000007,57.0,0.15789473684210525,16.0,0.5625,81.0,81.0,1,0,0,1,0,1,0,0.0,9.0,0.0,16
HAM,Ferrari,10.0,0 days 00:01:39.297000,0 days 00:00:31.567000,0 days 00:00:43.314000,0 days 00:00:24.416000,MEDIUM,10.0,1.0,,,1,8.0,False,2025,Bahrain,R,99.297,31.567,43.314,24.416,98.018,1.2789999999999964,104.568,-5.271000000000001,1.2789999999999964,99.89699999999999,104.628,-4.731000000000009,57.0,0.17543859649122806,16.0,0.625,100.0,100.0,1,0,0,1,0,1,0,0.0,10.0,0.0,16
HAM,Ferrari,11.0,0 days 00:01:39.146000,0 days 00:00:31.417000,0 days 00:00:43.321000,0 days 00:00:24.408000,MEDIUM,11.0,1.0,,,1,5.0,False,2025,Bahrain,R,99.146,31.417,43.321,24.408,98.018,1.1280000000000001,104.568,-5.421999999999997,1.1280000000000001,99.806,104.628,-4.822000000000003,57.0,0.19298245614035087,16.0,0.6875,121.0,121.0,1,0,0,1,0,1,0,0.0,11.0,0.0,16
HAM,Ferrari,12.0,0 days 00:01:38.885000,0 days 00:00:31.471000,0 days 00:00:43.116000,0 days 00:00:24.298000,MEDIUM,12.0,1.0,,,1,5.0,False,2025,Bahrain,R,98.885,31.471,43.116,24.298,98.018,0.8670000000000044,104.568,-5.682999999999993,0.8670000000000044,99.605,104.628,-5.022999999999996,57.0,0.21052631578947367,16.0,0.75,144.0,144.0,1,0,0,1,0,1,0,0.0,12.0,0.0,16
HAM,Ferrari,13.0,0 days 00:01:38.903000,0 days 00:00:31.395000,0 days 00:00:43.103000,0 days 00:00:24.405000,MEDIUM,13.0,1.0,,,1,4.0,False,2025,Bahrain,R,98.903,31.395,43.103,24.405,98.018,0.8850000000000051,104.568,-5.664999999999992,0.8850000000000051,99.683,104.628,-4.944999999999993,57.0,0.22807017543859648,16.0,0.8125,169.0,169.0,1,0,0,1,0,1,0,0.0,13.0,0.0,16
HAM,Ferrari,14.0,0 days 00:01:39.127000,0 days 00:00:31.585000,0 days 00:00:43.164000,0 days 00:00:24.378000,MEDIUM,14.0,1.0,,,1,3.0,False,2025,Bahrain,R,99.127,31.585,43.164,24.378,98.018,1.1089999999999947,104.568,-5.4410000000000025,1.1089999999999947,99.967,104.628,-4.661000000000001,57.0,0.24561403508771928,16.0,0.875,196.0,196.0,1,0,0,1,0,1,0,0.0,14.0,0.0,16
HAM,Ferrari,15.0,0 days 00:01:39.276000,0 days 00:00:31.589000,0 days 00:00:43.107000,0 days 00:00:24.580000,MEDIUM,15.0,1.0,,,1,2.0,False,2025,Bahrain,R,99.276,31.589,43.107,24.58,98.018,1.2579999999999956,104.568,-5.292000000000002,1.2579999999999956,100.176,104.628,-4.451999999999998,57.0,0.2631578947368421,16.0,0.9375,225.0,225.0,1,0,0,1,0,1,0,0.0,15.0,0.0,16
HAM,Ferrari,16.0,0 days 00:01:39.486000,0 days 00:00:31.496000,0 days 00:00:43.332000,0 days 00:00:24.658000,MEDIUM,16.0,1.0,,,1,2.0,False,2025,Bahrain,R,99.486,31.496,43.332,24.658,98.018,1.4680000000000035,104.568,-5.081999999999994,1.4680000000000035,100.446,104.628,-4.182000000000002,57.0,0.2807017543859649,16.0,1.0,256.0,256.0,1,0,0,1,0,1,0,0.0,16.0,0.0,16
HAM,Ferrari,19.0,0 days 00:01:36.798000,0 days 00:00:30.457000,0 days 00:00:42.343000,0 days 00:00:23.998000,MEDIUM,2.0,2.0,,,1,10.0,False,2025,Bahrain,R,96.798,30.457,42.343,23.998,98.018,1.2199999999999989,96.798,0.0,-1.2199999999999989,97.938,97.938,0.0,57.0,0.3333333333333333,14.0,0.14285714285714285,4.0,361.0,0,1,0,0,0,1,0,0.0,2.0,0.0,13
HAM,Ferrari,20.0,0 days 00:01:37.326000,0 days 00:00:30.899000,0 days 00:00:42.344000,0 days 00:00:24.083000,MEDIUM,3.0,2.0,,,1,10.0,False,2025,Bahrain,R,97.326,30.899,42.344,24.083,98.018,0.6920000000000073,96.798,0.5279999999999916,-0.6920000000000073,98.526,97.938,0.5879999999999939,57.0,0.3508771929824561,14.0,0.21428571428571427,9.0,400.0,0,1,0,0,0,1,0,0.0,3.0,0.0,13
HAM,Ferrari,21.0,0 days 00:01:38.430000,0 days 00:00:31.003000,0 days 00:00:43.047000,0 days 00:00:24.380000,MEDIUM,4.0,2.0,,,1,10.0,False,2025,Bahrain,R,98.43,31.003,43.047,24.38,98.018,0.41200000000000614,96.798,1.632000000000005,0.41200000000000614,99.69000000000001,97.938,1.7520000000000095,57.0,0.3684210526315789,14.0,0.2857142857142857,16.0,441.0,0,1,0,0,0,1,0,0.0,4.0,0.0,13
HAM,Ferrari,22.0,0 days 00:01:38.010000,0 days 00:00:30.933000,0 days 00:00:43.189000,0 days 00:00:23.888000,MEDIUM,5.0,2.0,,,1,8.0,False,2025,Bahrain,R,98.01,30.933,43.189,23.888,98.018,0.007999999999995566,96.798,1.2120000000000033,-0.007999999999995566,99.33,97.938,1.391999999999996,57.0,0.38596491228070173,14.0,0.35714285714285715,25.0,484.0,0,1,0,0,0,1,0,0.0,5.0,0.0,13
HAM,Ferrari,23.0,0 days 00:01:37.924000,0 days 00:00:31.136000,0 days 00:00:42.607000,0 days 00:00:24.181000,MEDIUM,6.0,2.0,,,1,8.0,False,2025,Bahrain,R,97.924,31.136,42.607,24.181,98.018,0.09399999999999409,96.798,1.1260000000000048,-0.09399999999999409,99.304,97.938,1.3659999999999997,57.0,0.40350877192982454,14.0,0.42857142857142855,36.0,529.0,0,1,0,0,0,1,0,0.0,6.0,0.0,13
HAM,Ferrari,24.0,0 days 00:01:38.526000,0 days 00:00:31.174000,0 days 00:00:43.099000,0 days 00:00:24.253000,MEDIUM,7.0,2.0,,,1,8.0,False,2025,Bahrain,R,98.526,31.174,43.099,24.253,98.018,0.5079999999999956,96.798,1.7279999999999944,0.5079999999999956,99.966,97.938,2.0279999999999916,57.0,0.42105263157894735,14.0,0.5,49.0,576.0,0,1,0,0,0,1,0,0.0,7.0,0.0,13
HAM,Ferrari,25.0,0 days 00:01:37.663000,0 days 00:00:30.800000,0 days 00:00:42.672000,0 days 00:00:24.191000,MEDIUM,8.0,2.0,,,1,7.0,False,2025,Bahrain,R,97.663,30.8,42.672,24.191,98.018,0.355000000000004,96.798,0.8649999999999949,-0.355000000000004,99.163,97.938,1.2249999999999943,57.0,0.43859649122807015,14.0,0.5714285714285714,64.0,625.0,0,1,0,0,0,1,0,0.0,8.0,0.0,13
HAM,Ferrari,26.0,0 days 00:01:37.385000,0 days 00:00:30.903000,0 days 00:00:42.501000,0 days 00:00:23.981000,MEDIUM,9.0,2.0,,,1,6.0,False,2025,Bahrain,R,97.385,30.903,42.501,23.981,98.018,0.6329999999999956,96.798,0.5870000000000033,-0.6329999999999956,98.94500000000001,97.938,1.007000000000005,57.0,0.45614035087719296,14.0,0.6428571428571429,81.0,676.0,0,1,0,0,0,1,0,0.0,9.0,0.0,13
HAM,Ferrari,27.0,0 days 00:01:37.695000,0 days 00:00:31.320000,0 days 00:00:42.331000,0 days 00:00:24.044000,MEDIUM,10.0,2.0,,,1,6.0,False,2025,Bahrain,R,97.695,31.32,42.331,24.044,98.018,0.3230000000000075,96.798,0.8969999999999914,-0.3230000000000075,99.315,97.938,1.3769999999999953,57.0,0.47368421052631576,14.0,0.7142857142857143,100.0,729.0,0,1,0,0,0,1,0,0.0,10.0,0.0,13
HAM,Ferrari,28.0,0 days 00:01:37.674000,0 days 00:00:31.175000,0 days 00:00:42.332000,0 days 00:00:24.167000,MEDIUM,11.0,2.0,,,1,5.0,False,2025,Bahrain,R,97.674,31.175,42.332,24.167,98.018,0.3439999999999941,96.798,0.8760000000000048,-0.3439999999999941,99.35400000000001,97.938,1.416000000000011,57.0,0.49122807017543857,14.0,0.7857142857142857,121.0,784.0,0,1,0,0,0,1,0,0.0,11.0,0.0,13
HAM,Ferrari,29.0,0 days 00:01:37.288000,0 days 00:00:31.137000,0 days 00:00:42.244000,0 days 00:00:23.907000,MEDIUM,12.0,2.0,,,1,5.0,False,2025,Bahrain,R,97.288,31.137,42.244,23.907,98.018,0.730000000000004,96.798,0.4899999999999949,-0.730000000000004,99.02799999999999,97.938,1.0899999999999892,57.0,0.5087719298245614,14.0,0.8571428571428571,144.0,841.0,0,1,0,0,0,1,0,0.0,12.0,0.0,13
HAM,Ferrari,30.0,0 days 00:01:37.517000,0 days 00:00:31.229000,0 days 00:00:42.328000,0 days 00:00:23.960000,MEDIUM,13.0,2.0,,,1,5.0,False,2025,Bahrain,R,97.517,31.229,42.328,23.96,98.018,0.5010000000000048,96.798,0.7189999999999941,-0.5010000000000048,99.317,97.938,1.3789999999999907,57.0,0.5263157894736842,14.0,0.9285714285714286,169.0,900.0,0,1,0,0,0,1,0,0.0,13.0,0.0,13
HAM,Ferrari,31.0,0 days 00:01:37.598000,0 days 00:00:31.080000,0 days 00:00:42.404000,0 days 00:00:24.114000,MEDIUM,14.0,2.0,,,1,5.0,False,2025,Bahrain,R,97.598,31.08,42.404,24.114,98.018,0.4200000000000017,96.798,0.7999999999999972,-0.4200000000000017,99.458,97.938,1.519999999999996,57.0,0.543859649122807,14.0,1.0,196.0,961.0,0,1,0,0,0,1,0,0.0,14.0,0.0,13
HAM,Ferrari,36.0,0 days 00:01:37.514000,0 days 00:00:31.240000,0 days 00:00:42.519000,0 days 00:00:23.755000,HARD,4.0,3.0,,,1,5.0,False,2025,Bahrain,R,97.514,31.24,42.519,23.755,98.018,0.5040000000000049,97.514,0.0,-0.5040000000000049,99.67399999999999,99.67399999999999,0.0,57.0,0.631578947368421,25.0,0.16,16.0,1296.0,0,0,0,0,0,0,1,0.0,0.0,4.0,21
HAM,Ferrari,37.0,0 days 00:01:36.235000,0 days 00:00:31.101000,0 days 00:00:41.458000,0 days 00:00:23.676000,HARD,5.0,3.0,,,1,4.0,False,2025,Bahrain,R,96.235,31.101,41.458,23.676,98.018,1.7830000000000013,97.514,-1.2789999999999964,-1.7830000000000013,98.455,99.67399999999999,-1.218999999999994,57.0,0.6491228070175439,25.0,0.2,25.0,1369.0,0,0,0,0,0,0,1,0.0,0.0,5.0,21
HAM,Ferrari,38.0,0 days 00:01:37.198000,0 days 00:00:31.402000,0 days 00:00:42.034000,0 days 00:00:23.762000,HARD,6.0,3.0,,,1,5.0,False,2025,Bahrain,R,97.198,31.402,42.034,23.762,98.018,0.8200000000000074,97.514,-0.3160000000000025,-0.8200000000000074,99.478,99.67399999999999,-0.19599999999999795,57.0,0.6666666666666666,25.0,0.24,36.0,1444.0,0,0,1,0,0,0,1,0.0,0.0,6.0,21
HAM,Ferrari,39.0,0 days 00:01:36.320000,0 days 00:00:30.587000,0 days 00:00:41.936000,0 days 00:00:23.797000,HARD,7.0,3.0,,,1,5.0,False,2025,Bahrain,R,96.32,30.587,41.936,23.797,98.018,1.6980000000000075,97.514,-1.1940000000000026,-1.6980000000000075,98.66,99.67399999999999,-1.0139999999999958,57.0,0.6842105263157895,25.0,0.28,49.0,1521.0,0,0,1,0,0,0,1,0.0,0.0,7.0,21
HAM,Ferrari,40.0,0 days 00:01:36.659000,0 days 00:00:30.939000,0 days 00:00:41.925000,0 days 00:00:23.795000,HARD,8.0,3.0,,,1,5.0,False,2025,Bahrain,R,96.659,30.939,41.925,23.795,98.018,1.3589999999999947,97.514,-0.8549999999999898,-1.3589999999999947,99.05900000000001,99.67399999999999,-0.6149999999999807,57.0,0.7017543859649122,25.0,0.32,64.0,1600.0,0,0,1,0,0,0,1,0.0,0.0,8.0,21
HAM,Ferrari,41.0,0 days 00:01:36.848000,0 days 00:00:31.077000,0 days 00:00:41.929000,0 days 00:00:23.842000,HARD,9.0,3.0,,,1,5.0,False,2025,Bahrain,R,96.848,31.077,41.929,23.842,98.018,1.1700000000000017,97.514,-0.6659999999999968,-1.1700000000000017,99.30799999999999,99.67399999999999,-0.36599999999999966,57.0,0.7192982456140351,25.0,0.36,81.0,1681.0,0,0,1,0,0,0,1,0.0,0.0,9.0,21
HAM,Ferrari,43.0,0 days 00:01:36.756000,0 days 00:00:30.951000,0 days 00:00:41.970000,0 days 00:00:23.835000,HARD,11.0,3.0,,,1,5.0,False,2025,Bahrain,R,96.756,30.951,41.97,23.835,98.018,1.2620000000000005,97.514,-0.7579999999999956,-1.2620000000000005,99.336,99.67399999999999,-0.33799999999999386,57.0,0.7543859649122807,25.0,0.44,121.0,1849.0,0,0,1,0,0,0,1,0.0,0.0,11.0,21
HAM,Ferrari,44.0,0 days 00:01:37.001000,0 days 00:00:31.007000,0 days 00:00:42.009000,0 days 00:00:23.985000,HARD,12.0,3.0,,,1,5.0,False,2025,Bahrain,R,97.001,31.007,42.009,23.985,98.018,1.016999999999996,97.514,-0.512999999999991,-1.016999999999996,99.641,99.67399999999999,-0.03299999999998704,57.0,0.7719298245614035,25.0,0.48,144.0,1936.0,0,0,1,0,0,0,1,0.0,0.0,12.0,21
HAM,Ferrari,45.0,0 days 00:01:37.034000,0 days 00:00:30.950000,0 days 00:00:42.218000,0 days 00:00:23.866000,HARD,13.0,3.0,,,1,5.0,False,2025,Bahrain,R,97.034,30.95,42.218,23.866,98.018,0.9839999999999947,97.514,-0.47999999999998977,-0.9839999999999947,99.73400000000001,99.67399999999999,0.060000000000016485,57.0,0.7894736842105263,25.0,0.52,169.0,2025.0,0,0,1,0,0,0,1,0.0,0.0,13.0,21
HAM,Ferrari,46.0,0 days 00:01:37.025000,0 days 00:00:31.098000,0 days 00:00:42.041000,0 days 00:00:23.886000,HARD,14.0,3.0,,,1,5.0,False,2025,Bahrain,R,97.025,31.098,42.041,23.886,98.018,0.992999999999995,97.514,-0.4889999999999901,-0.992999999999995,99.78500000000001,99.67399999999999,0.11100000000001842,57.0,0.8070175438596491,25.0,0.56,196.0,2116.0,0,0,1,0,0,0,1,0.0,0.0,14.0,21
HAM,Ferrari,47.0,0 days 00:01:36.882000,0 days 00:00:30.992000,0 days 00:00:41.984000,0 days 00:00:23.906000,HARD,15.0,3.0,,,1,5.0,False,2025,Bahrain,R,96.882,30.992,41.984,23.906,98.018,1.1359999999999957,97.514,-0.6319999999999908,-1.1359999999999957,99.702,99.67399999999999,0.028000000000005798,57.0,0.8245614035087719,25.0,0.6,225.0,2209.0,0,0,1,0,0,0,1,0.0,0.0,15.0,21
HAM,Ferrari,48.0,0 days 00:01:37.017000,0 days 00:00:31.102000,0 days 00:00:41.998000,0 days 00:00:23.917000,HARD,16.0,3.0,,,1,5.0,False,2025,Bahrain,R,97.017,31.102,41.998,23.917,98.018,1.0010000000000048,97.514,-0.4969999999999999,-1.0010000000000048,99.89699999999999,99.67399999999999,0.22299999999999898,57.0,0.8421052631578947,25.0,0.64,256.0,2304.0,0,0,1,0,0,0,1,0.0,0.0,16.0,21
HAM,Ferrari,49.0,0 days 00:01:37.633000,0 days 00:00:31.130000,0 days 00:00:42.568000,0 days 00:00:23.935000,HARD,17.0,3.0,,,1,5.0,False,2025,Bahrain,R,97.633,31.13,42.568,23.935,98.018,0.3850000000000051,97.514,0.11899999999999977,-0.3850000000000051,100.573,99.67399999999999,0.8990000000000009,57.0,0.8596491228070176,25.0,0.68,289.0,2401.0,0,0,1,0,0,0,1,0.0,0.0,17.0,21
HAM,Ferrari,50.0,0 days 00:01:37.576000,0 days 00:00:31.112000,0 days 00:00:42.440000,0 days 00:00:24.024000,HARD,18.0,3.0,,,1,5.0,False,2025,Bahrain,R,97.576,31.112,42.44,24.024,98.018,0.4420000000000073,97.514,0.06199999999999761,-0.4420000000000073,100.576,99.67399999999999,0.902000000000001,57.0,0.8771929824561403,25.0,0.72,324.0,2500.0,0,0,1,0,0,0,1,0.0,0.0,18.0,21
HAM,Ferrari,51.0,0 days 00:01:38.112000,0 days 00:00:31.522000,0 days 00:00:42.542000,0 days 00:00:24.048000,HARD,19.0,3.0,,,1,5.0,False,2025,Bahrain,R,98.112,31.522,42.542,24.048,98.018,0.09399999999999409,97.514,0.597999999999999,0.09399999999999409,101.172,99.67399999999999,1.4980000000000047,57.0,0.8947368421052632,25.0,0.76,361.0,2601.0,0,0,1,0,0,0,1,0.0,0.0,19.0,21
HAM,Ferrari,52.0,0 days 00:01:37.747000,0 days 00:00:31.064000,0 days 00:00:42.597000,0 days 00:00:24.086000,HARD,20.0,3.0,,,1,5.0,False,2025,Bahrain,R,97.747,31.064,42.597,24.086,98.018,0.2710000000000008,97.514,0.2330000000000041,-0.2710000000000008,100.867,99.67399999999999,1.193000000000012,57.0,0.9122807017543859,25.0,0.8,400.0,2704.0,0,0,1,0,0,0,1,0.0,0.0,20.0,21
HAM,Ferrari,53.0,0 days 00:01:38.162000,0 days 00:00:31.414000,0 days 00:00:42.639000,0 days 00:00:24.109000,HARD,21.0,3.0,,,1,5.0,False,2025,Bahrain,R,98.162,31.414,42.639,24.109,98.018,0.14400000000000546,97.514,0.6480000000000103,0.14400000000000546,101.34200000000001,99.67399999999999,1.6680000000000206,57.0,0.9298245614035088,25.0,0.84,441.0,2809.0,0,0,1,0,0,0,1,0.0,0.0,21.0,21
HAM,Ferrari,54.0,0 days 00:01:38.028000,0 days 00:00:31.242000,0 days 00:00:42.762000,0 days 00:00:24.024000,HARD,22.0,3.0,,,1,5.0,False,2025,Bahrain,R,98.028,31.242,42.762,24.024,98.018,0.010000000000005116,97.514,0.51400000000001,0.010000000000005116,101.268,99.67399999999999,1.5940000000000083,57.0,0.9473684210526315,25.0,0.88,484.0,2916.0,0,0,1,0,0,0,1,0.0,0.0,22.0,21
HAM,Ferrari,55.0,0 days 00:01:38.026000,0 days 00:00:31.426000,0 days 00:00:42.565000,0 days 00:00:24.035000,HARD,23.0,3.0,,,1,5.0,False,2025,Bahrain,R,98.026,31.426,42.565,24.035,98.018,0.007999999999995566,97.514,0.5120000000000005,0.007999999999995566,101.326,99.67399999999999,1.652000000000001,57.0,0.9649122807017544,25.0,0.92,529.0,3025.0,0,0,1,0,0,0,1,0.0,0.0,23.0,21
HAM,Ferrari,56.0,0 days 00:01:38.062000,0 days 00:00:31.273000,0 days 00:00:42.639000,0 days 00:00:24.150000,HARD,24.0,3.0,,,1,5.0,False,2025,Bahrain,R,98.062,31.273,42.639,24.15,98.018,0.04399999999999693,97.514,0.5480000000000018,0.04399999999999693,101.422,99.67399999999999,1.7480000000000047,57.0,0.9824561403508771,25.0,0.96,576.0,3136.0,0,0,1,0,0,0,1,0.0,0.0,24.0,21
HAM,Ferrari,57.0,0 days 00:01:38.438000,0 days 00:00:31.336000,0 days 00:00:43.009000,0 days 00:00:24.093000,HARD,25.0,3.0,,,1,5.0,False,2025,Bahrain,R,98.438,31.336,43.009,24.093,98.018,0.4200000000000017,97.514,0.9240000000000066,0.4200000000000017,101.858,99.67399999999999,2.1840000000000117,57.0,1.0,25.0,1.0,625.0,3249.0,0,0,1,0,0,0,1,0.0,0.0,25.0,21
HUL,Kick Sauber,2.0,0 days 00:01:40.634000,0 days 00:00:31.807000,0 days 00:00:44.277000,0 days 00:00:24.550000,SOFT,2.0,1.0,,,1,20.0,False,2025,Bahrain,R,100.634,31.807,44.277,24.55,99.1345,1.4994999999999976,100.634,0.0,1.4994999999999976,100.754,100.754,0.0,57.0,0.03508771929824561,4.0,0.5,4.0,4.0,1,0,0,1,1,0,0,2.0,0.0,0.0,3
HUL,Kick Sauber,3.0,0 days 00:01:40.019000,0 days 00:00:31.363000,0 days 00:00:43.957000,0 days 00:00:24.699000,SOFT,3.0,1.0,,,1,20.0,False,2025,Bahrain,R,100.019,31.363,43.957,24.699,99.1345,0.8845000000000027,100.634,-0.6149999999999949,0.8845000000000027,100.19900000000001,100.754,-0.5549999999999926,57.0,0.05263157894736842,4.0,0.75,9.0,9.0,1,0,0,1,1,0,0,3.0,0.0,0.0,3
HUL,Kick Sauber,4.0,0 days 00:01:39.829000,0 days 00:00:31.222000,0 days 00:00:43.841000,0 days 00:00:24.766000,SOFT,4.0,1.0,,,1,20.0,False,2025,Bahrain,R,99.829,31.222,43.841,24.766,99.1345,0.6944999999999908,100.634,-0.8050000000000068,0.6944999999999908,100.06899999999999,100.754,-0.6850000000000165,57.0,0.07017543859649122,4.0,1.0,16.0,16.0,1,0,0,1,1,0,0,4.0,0.0,0.0,3
HUL,Kick Sauber,7.0,0 days 00:01:37.950000,0 days 00:00:30.936000,0 days 00:00:42.713000,0 days 00:00:24.301000,MEDIUM,2.0,2.0,,,1,19.0,False,2025,Bahrain,R,97.95,30.936,42.713,24.301,99.1345,1.1844999999999999,97.95,0.0,-1.1844999999999999,98.37,98.37,0.0,57.0,0.12280701754385964,21.0,0.09523809523809523,4.0,49.0,0,1,0,1,0,1,0,0.0,2.0,0.0,20
HUL,Kick Sauber,8.0,0 days 00:01:39.411000,0 days 00:00:31.804000,0 days 00:00:43.374000,0 days 00:00:24.233000,MEDIUM,3.0,2.0,,,1,20.0,False,2025,Bahrain,R,99.411,31.804,43.374,24.233,99.1345,0.27649999999999864,97.95,1.4609999999999985,0.27649999999999864,99.891,98.37,1.5210000000000008,57.0,0.14035087719298245,21.0,0.14285714285714285,9.0,64.0,0,1,0,1,0,1,0,0.0,3.0,0.0,20
HUL,Kick Sauber,9.0,0 days 00:01:39.247000,0 days 00:00:31.479000,0 days 00:00:43.382000,0 days 00:00:24.386000,MEDIUM,4.0,2.0,,,1,20.0,False,2025,Bahrain,R,99.247,31.479,43.382,24.386,99.1345,0.11249999999999716,97.95,1.296999999999997,0.11249999999999716,99.787,98.37,1.4170000000000016,57.0,0.15789473684210525,21.0,0.19047619047619047,16.0,81.0,0,1,0,1,0,1,0,0.0,4.0,0.0,20
HUL,Kick Sauber,10.0,0 days 00:01:39.259000,0 days 00:00:31.509000,0 days 00:00:43.449000,0 days 00:00:24.301000,MEDIUM,5.0,2.0,,,1,20.0,False,2025,Bahrain,R,99.259,31.509,43.449,24.301,99.1345,0.12449999999999761,97.95,1.3089999999999975,0.12449999999999761,99.859,98.37,1.48899999999999,57.0,0.17543859649122806,21.0,0.23809523809523808,25.0,100.0,0,1,0,1,0,1,0,0.0,5.0,0.0,20
HUL,Kick Sauber,11.0,0 days 00:01:39.256000,0 days 00:00:31.409000,0 days 00:00:43.428000,0 days 00:00:24.419000,MEDIUM,6.0,2.0,,,1,20.0,False,2025,Bahrain,R,99.256,31.409,43.428,24.419,99.1345,0.1214999999999975,97.95,1.3059999999999974,0.1214999999999975,99.916,98.37,1.5459999999999923,57.0,0.19298245614035087,21.0,0.2857142857142857,36.0,121.0,0,1,0,1,0,1,0,0.0,6.0,0.0,20
HUL,Kick Sauber,12.0,0 days 00:01:39.150000,0 days 00:00:31.410000,0 days 00:00:43.338000,0 days 00:00:24.402000,MEDIUM,7.0,2.0,,,1,20.0,False,2025,Bahrain,R,99.15,31.41,43.338,24.402,99.1345,0.015500000000002956,97.95,1.2000000000000028,0.015500000000002956,99.87,98.37,1.5,57.0,0.21052631578947367,21.0,0.3333333333333333,49.0,144.0,0,1,0,1,0,1,0,0.0,7.0,0.0,20
HUL,Kick Sauber,13.0,0 days 00:01:39.037000,0 days 00:00:31.339000,0 days 00:00:43.290000,0 days 00:00:24.408000,MEDIUM,8.0,2.0,,,1,19.0,False,2025,Bahrain,R,99.037,31.339,43.29,24.408,99.1345,0.09749999999999659,97.95,1.0870000000000033,-0.09749999999999659,99.81700000000001,98.37,1.4470000000000027,57.0,0.22807017543859648,21.0,0.38095238095238093,64.0,169.0,0,1,0,1,0,1,0,0.0,8.0,0.0,20
HUL,Kick Sauber,14.0,0 days 00:01:39.472000,0 days 00:00:31.460000,0 days 00:00:43.540000,0 days 00:00:24.472000,MEDIUM,9.0,2.0,,,1,18.0,False,2025,Bahrain,R,99.472,31.46,43.54,24.472,99.1345,0.3374999999999915,97.95,1.5219999999999914,0.3374999999999915,100.312,98.37,1.941999999999993,57.0,0.24561403508771928,21.0,0.42857142857142855,81.0,196.0,0,1,0,1,0,1,0,0.0,9.0,0.0,20
HUL,Kick Sauber,15.0,0 days 00:01:39.389000,0 days 00:00:31.403000,0 days 00:00:43.541000,0 days 00:00:24.445000,MEDIUM,10.0,2.0,,,1,15.0,False,2025,Bahrain,R,99.389,31.403,43.541,24.445,99.1345,0.25449999999999307,97.95,1.438999999999993,0.25449999999999307,100.289,98.37,1.918999999999997,57.0,0.2631578947368421,21.0,0.47619047619047616,100.0,225.0,0,1,0,1,0,1,0,0.0,10.0,0.0,20
HUL,Kick Sauber,16.0,0 days 00:01:39.945000,0 days 00:00:31.787000,0 days 00:00:43.628000,0 days 00:00:24.530000,MEDIUM,11.0,2.0,,,1,16.0,False,2025,Bahrain,R,99.945,31.787,43.628,24.53,99.1345,0.8104999999999905,97.95,1.9949999999999903,0.8104999999999905,100.90499999999999,98.37,2.5349999999999824,57.0,0.2807017543859649,21.0,0.5238095238095238,121.0,256.0,0,1,0,1,0,1,0,0.0,11.0,0.0,20
HUL,Kick Sauber,17.0,0 days 00:01:39.883000,0 days 00:00:31.849000,0 days 00:00:43.522000,0 days 00:00:24.512000,MEDIUM,12.0,2.0,,,1,15.0,False,2025,Bahrain,R,99.883,31.849,43.522,24.512,99.1345,0.7484999999999928,97.95,1.9329999999999927,0.7484999999999928,100.90299999999999,98.37,2.532999999999987,57.0,0.2982456140350877,21.0,0.5714285714285714,144.0,289.0,0,1,0,1,0,1,0,0.0,12.0,0.0,20
HUL,Kick Sauber,18.0,0 days 00:01:39.272000,0 days 00:00:31.501000,0 days 00:00:43.340000,0 days 00:00:24.431000,MEDIUM,13.0,2.0,,,1,15.0,False,2025,Bahrain,R,99.272,31.501,43.34,24.431,99.1345,0.13750000000000284,97.95,1.3220000000000027,0.13750000000000284,100.352,98.37,1.9819999999999993,57.0,0.3157894736842105,21.0,0.6190476190476191,169.0,324.0,0,1,0,1,0,1,0,0.0,13.0,0.0,20
HUL,Kick Sauber,19.0,0 days 00:01:39.402000,0 days 00:00:31.509000,0 days 00:00:43.434000,0 days 00:00:24.459000,MEDIUM,14.0,2.0,,,1,15.0,False,2025,Bahrain,R,99.402,31.509,43.434,24.459,99.1345,0.2674999999999983,97.95,1.4519999999999982,0.2674999999999983,100.542,98.37,2.171999999999997,57.0,0.3333333333333333,21.0,0.6666666666666666,196.0,361.0,0,1,0,0,0,1,0,0.0,14.0,0.0,20
HUL,Kick Sauber,20.0,0 days 00:01:39.772000,0 days 00:00:31.861000,0 days 00:00:43.459000,0 days 00:00:24.452000,MEDIUM,15.0,2.0,,,1,16.0,False,2025,Bahrain,R,99.772,31.861,43.459,24.452,99.1345,0.6375000000000028,97.95,1.8220000000000027,0.6375000000000028,100.97200000000001,98.37,2.602000000000004,57.0,0.3508771929824561,21.0,0.7142857142857143,225.0,400.0,0,1,0,0,0,1,0,0.0,15.0,0.0,20
HUL,Kick Sauber,21.0,0 days 00:01:39.525000,0 days 00:00:31.608000,0 days 00:00:43.358000,0 days 00:00:24.559000,MEDIUM,16.0,2.0,,,1,16.0,False,2025,Bahrain,R,99.525,31.608,43.358,24.559,99.1345,0.39050000000000296,97.95,1.5750000000000028,0.39050000000000296,100.78500000000001,98.37,2.4150000000000063,57.0,0.3684210526315789,21.0,0.7619047619047619,256.0,441.0,0,1,0,0,0,1,0,0.0,16.0,0.0,20
HUL,Kick Sauber,22.0,0 days 00:01:39.390000,0 days 00:00:31.517000,0 days 00:00:43.380000,0 days 00:00:24.493000,MEDIUM,17.0,2.0,,,1,16.0,False,2025,Bahrain,R,99.39,31.517,43.38,24.493,99.1345,0.25549999999999784,97.95,1.4399999999999977,0.25549999999999784,100.71,98.37,2.339999999999989,57.0,0.38596491228070173,21.0,0.8095238095238095,289.0,484.0,0,1,0,0,0,1,0,0.0,17.0,0.0,20
HUL,Kick Sauber,23.0,0 days 00:01:39.462000,0 days 00:00:31.591000,0 days 00:00:43.247000,0 days 00:00:24.624000,MEDIUM,18.0,2.0,,,1,16.0,False,2025,Bahrain,R,99.462,31.591,43.247,24.624,99.1345,0.32750000000000057,97.95,1.5120000000000005,0.32750000000000057,100.842,98.37,2.471999999999994,57.0,0.40350877192982454,21.0,0.8571428571428571,324.0,529.0,0,1,0,0,0,1,0,0.0,18.0,0.0,20
HUL,Kick Sauber,24.0,0 days 00:01:39.521000,0 days 00:00:31.532000,0 days 00:00:43.537000,0 days 00:00:24.452000,MEDIUM,19.0,2.0,,,1,16.0,False,2025,Bahrain,R,99.521,31.532,43.537,24.452,99.1345,0.38649999999999807,97.95,1.570999999999998,0.38649999999999807,100.961,98.37,2.590999999999994,57.0,0.42105263157894735,21.0,0.9047619047619048,361.0,576.0,0,1,0,0,0,1,0,0.0,19.0,0.0,20
HUL,Kick Sauber,25.0,0 days 00:01:39.600000,0 days 00:00:31.641000,0 days 00:00:43.314000,0 days 00:00:24.645000,MEDIUM,20.0,2.0,,,1,16.0,False,2025,Bahrain,R,99.6,31.641,43.314,24.645,99.1345,0.4654999999999916,97.95,1.6499999999999915,0.4654999999999916,101.1,98.37,2.7299999999999898,57.0,0.43859649122807015,21.0,0.9523809523809523,400.0,625.0,0,1,0,0,0,1,0,0.0,20.0,0.0,20
HUL,Kick Sauber,26.0,0 days 00:01:40.521000,0 days 00:00:32.185000,0 days 00:00:43.746000,0 days 00:00:24.590000,MEDIUM,21.0,2.0,,,1,17.0,False,2025,Bahrain,R,100.521,32.185,43.746,24.59,99.1345,1.386499999999998,97.95,2.570999999999998,1.386499999999998,102.081,98.37,3.7109999999999985,57.0,0.45614035087719296,21.0,1.0,441.0,676.0,0,1,0,0,0,1,0,0.0,21.0,0.0,20
HUL,Kick Sauber,29.0,0 days 00:01:37.753000,0 days 00:00:31.110000,0 days 00:00:42.775000,0 days 00:00:23.868000,MEDIUM,2.0,3.0,,,1,20.0,False,2025,Bahrain,R,97.753,31.11,42.775,23.868,99.1345,1.3815000000000026,97.753,0.0,-1.3815000000000026,99.493,99.493,0.0,57.0,0.5087719298245614,30.0,0.06666666666666667,4.0,841.0,0,0,0,0,0,1,0,0.0,2.0,0.0,24
HUL,Kick Sauber,30.0,0 days 00:01:37.338000,0 days 00:00:30.994000,0 days 00:00:42.520000,0 days 00:00:23.824000,MEDIUM,3.0,3.0,,,1,20.0,False,2025,Bahrain,R,97.338,30.994,42.52,23.824,99.1345,1.7965000000000089,97.753,-0.41500000000000625,-1.7965000000000089,99.13799999999999,99.493,-0.355000000000004,57.0,0.5263157894736842,30.0,0.1,9.0,900.0,0,0,0,0,0,1,0,0.0,3.0,0.0,24
HUL,Kick Sauber,31.0,0 days 00:01:37.758000,0 days 00:00:31.094000,0 days 00:00:42.597000,0 days 00:00:24.067000,MEDIUM,4.0,3.0,,,1,20.0,False,2025,Bahrain,R,97.758,31.094,42.597,24.067,99.1345,1.3765000000000072,97.753,0.0049999999999954525,-1.3765000000000072,99.618,99.493,0.125,57.0,0.543859649122807,30.0,0.13333333333333333,16.0,961.0,0,0,0,0,0,1,0,0.0,4.0,0.0,24
HUL,Kick Sauber,37.0,0 days 00:01:38.150000,0 days 00:00:31.583000,0 days 00:00:42.399000,0 days 00:00:24.168000,MEDIUM,10.0,3.0,,,1,15.0,False,2025,Bahrain,R,98.15,31.583,42.399,24.168,99.1345,0.984499999999997,97.753,0.39700000000000557,-0.984499999999997,100.37,99.493,0.8770000000000095,57.0,0.6491228070175439,30.0,0.3333333333333333,100.0,1369.0,0,0,0,0,0,1,0,0.0,10.0,0.0,24
HUL,Kick Sauber,38.0,0 days 00:01:37.910000,0 days 00:00:30.852000,0 days 00:00:42.815000,0 days 00:00:24.243000,MEDIUM,11.0,3.0,,,1,15.0,False,2025,Bahrain,R,97.91,30.852,42.815,24.243,99.1345,1.2245000000000061,97.753,0.15699999999999648,-1.2245000000000061,100.19,99.493,0.6970000000000027,57.0,0.6666666666666666,30.0,0.36666666666666664,121.0,1444.0,0,0,1,0,0,1,0,0.0,11.0,0.0,24
HUL,Kick Sauber,39.0,0 days 00:01:38.276000,0 days 00:00:31.169000,0 days 00:00:43.127000,0 days 00:00:23.980000,MEDIUM,12.0,3.0,,,1,15.0,False,2025,Bahrain,R,98.276,31.169,43.127,23.98,99.1345,0.8585000000000065,97.753,0.5229999999999961,-0.8585000000000065,100.616,99.493,1.1230000000000047,57.0,0.6842105263157895,30.0,0.4,144.0,1521.0,0,0,1,0,0,1,0,0.0,12.0,0.0,24
HUL,Kick Sauber,40.0,0 days 00:01:38.662000,0 days 00:00:31.078000,0 days 00:00:43.095000,0 days 00:00:24.489000,MEDIUM,13.0,3.0,,,1,15.0,False,2025,Bahrain,R,98.662,31.078,43.095,24.489,99.1345,0.4724999999999966,97.753,0.909000000000006,-0.4724999999999966,101.06200000000001,99.493,1.5690000000000168,57.0,0.7017543859649122,30.0,0.43333333333333335,169.0,1600.0,0,0,1,0,0,1,0,0.0,13.0,0.0,24
HUL,Kick Sauber,41.0,0 days 00:01:39.119000,0 days 00:00:32.090000,0 days 00:00:42.839000,0 days 00:00:24.190000,MEDIUM,14.0,3.0,,,1,16.0,False,2025,Bahrain,R,99.119,32.09,42.839,24.19,99.1345,0.015500000000002956,97.753,1.3659999999999997,-0.015500000000002956,101.579,99.493,2.0859999999999985,57.0,0.7192982456140351,30.0,0.4666666666666667,196.0,1681.0,0,0,1,0,0,1,0,0.0,14.0,0.0,24
HUL,Kick Sauber,42.0,0 days 00:01:38.678000,0 days 00:00:31.253000,0 days 00:00:43.095000,0 days 00:00:24.330000,MEDIUM,15.0,3.0,,,1,16.0,False,2025,Bahrain,R,98.678,31.253,43.095,24.33,99.1345,0.45650000000000546,97.753,0.9249999999999972,-0.45650000000000546,101.198,99.493,1.7049999999999983,57.0,0.7368421052631579,30.0,0.5,225.0,1764.0,0,0,1,0,0,1,0,0.0,15.0,0.0,24
HUL,Kick Sauber,43.0,0 days 00:01:37.459000,0 days 00:00:30.883000,0 days 00:00:42.441000,0 days 00:00:24.135000,MEDIUM,16.0,3.0,,,1,15.0,False,2025,Bahrain,R,97.459,30.883,42.441,24.135,99.1345,1.6754999999999995,97.753,-0.29399999999999693,-1.6754999999999995,100.039,99.493,0.5460000000000065,57.0,0.7543859649122807,30.0,0.5333333333333333,256.0,1849.0,0,0,1,0,0,1,0,0.0,16.0,0.0,24
HUL,Kick Sauber,44.0,0 days 00:01:37.839000,0 days 00:00:31.340000,0 days 00:00:42.431000,0 days 00:00:24.068000,MEDIUM,17.0,3.0,,,1,15.0,False,2025,Bahrain,R,97.839,31.34,42.431,24.068,99.1345,1.295500000000004,97.753,0.08599999999999852,-1.295500000000004,100.479,99.493,0.9860000000000042,57.0,0.7719298245614035,30.0,0.5666666666666667,289.0,1936.0,0,0,1,0,0,1,0,0.0,17.0,0.0,24
HUL,Kick Sauber,45.0,0 days 00:01:37.924000,0 days 00:00:31.150000,0 days 00:00:42.639000,0 days 00:00:24.135000,MEDIUM,18.0,3.0,,,1,15.0,False,2025,Bahrain,R,97.924,31.15,42.639,24.135,99.1345,1.2104999999999961,97.753,0.17100000000000648,-1.2104999999999961,100.62400000000001,99.493,1.1310000000000144,57.0,0.7894736842105263,30.0,0.6,324.0,2025.0,0,0,1,0,0,1,0,0.0,18.0,0.0,24
HUL,Kick Sauber,46.0,0 days 00:01:37.610000,0 days 00:00:31.111000,0 days 00:00:42.553000,0 days 00:00:23.946000,MEDIUM,19.0,3.0,,,1,15.0,False,2025,Bahrain,R,97.61,31.111,42.553,23.946,99.1345,1.5245000000000033,97.753,-0.14300000000000068,-1.5245000000000033,100.37,99.493,0.8770000000000095,57.0,0.8070175438596491,30.0,0.6333333333333333,361.0,2116.0,0,0,1,0,0,1,0,0.0,19.0,0.0,24
HUL,Kick Sauber,47.0,0 days 00:01:37.925000,0 days 00:00:31.187000,0 days 00:00:42.628000,0 days 00:00:24.110000,MEDIUM,20.0,3.0,,,1,15.0,False,2025,Bahrain,R,97.925,31.187,42.628,24.11,99.1345,1.2095000000000056,97.753,0.17199999999999704,-1.2095000000000056,100.74499999999999,99.493,1.2519999999999953,57.0,0.8245614035087719,30.0,0.6666666666666666,400.0,2209.0,0,0,1,0,0,1,0,0.0,20.0,0.0,24
HUL,Kick Sauber,48.0,0 days 00:01:38.150000,0 days 00:00:31.292000,0 days 00:00:42.765000,0 days 00:00:24.093000,MEDIUM,21.0,3.0,,,1,15.0,False,2025,Bahrain,R,98.15,31.292,42.765,24.093,99.1345,0.984499999999997,97.753,0.39700000000000557,-0.984499999999997,101.03,99.493,1.5370000000000061,57.0,0.8421052631578947,30.0,0.7,441.0,2304.0,0,0,1,0,0,1,0,0.0,21.0,0.0,24
HUL,Kick Sauber,49.0,0 days 00:01:38.014000,0 days 00:00:31.251000,0 days 00:00:42.624000,0 days 00:00:24.139000,MEDIUM,22.0,3.0,,,1,15.0,False,2025,Bahrain,R,98.014,31.251,42.624,24.139,99.1345,1.120500000000007,97.753,0.2609999999999957,-1.120500000000007,100.954,99.493,1.4609999999999985,57.0,0.8596491228070176,30.0,0.7333333333333333,484.0,2401.0,0,0,1,0,0,1,0,0.0,22.0,0.0,24
HUL,Kick Sauber,50.0,0 days 00:01:37.886000,0 days 00:00:31.284000,0 days 00:00:42.455000,0 days 00:00:24.147000,MEDIUM,23.0,3.0,,,1,15.0,False,2025,Bahrain,R,97.886,31.284,42.455,24.147,99.1345,1.248500000000007,97.753,0.13299999999999557,-1.248500000000007,100.886,99.493,1.3930000000000007,57.0,0.8771929824561403,30.0,0.7666666666666667,529.0,2500.0,0,0,1,0,0,1,0,0.0,23.0,0.0,24
HUL,Kick Sauber,51.0,0 days 00:01:37.992000,0 days 00:00:31.225000,0 days 00:00:42.533000,0 days 00:00:24.234000,MEDIUM,24.0,3.0,,,1,15.0,False,2025,Bahrain,R,97.992,31.225,42.533,24.234,99.1345,1.1424999999999983,97.753,0.23900000000000432,-1.1424999999999983,101.052,99.493,1.5590000000000117,57.0,0.8947368421052632,30.0,0.8,576.0,2601.0,0,0,1,0,0,1,0,0.0,24.0,0.0,24
HUL,Kick Sauber,52.0,0 days 00:01:38.025000,0 days 00:00:31.176000,0 days 00:00:42.670000,0 days 00:00:24.179000,MEDIUM,25.0,3.0,,,1,15.0,False,2025,Bahrain,R,98.025,31.176,42.67,24.179,99.1345,1.109499999999997,97.753,0.27200000000000557,-1.109499999999997,101.14500000000001,99.493,1.6520000000000152,57.0,0.9122807017543859,30.0,0.8333333333333334,625.0,2704.0,0,0,1,0,0,1,0,0.0,25.0,0.0,24
HUL,Kick Sauber,53.0,0 days 00:01:38.260000,0 days 00:00:31.255000,0 days 00:00:42.821000,0 days 00:00:24.184000,MEDIUM,26.0,3.0,,,1,15.0,False,2025,Bahrain,R,98.26,31.255,42.821,24.184,99.1345,0.8744999999999976,97.753,0.507000000000005,-0.8744999999999976,101.44,99.493,1.9470000000000027,57.0,0.9298245614035088,30.0,0.8666666666666667,676.0,2809.0,0,0,1,0,0,1,0,0.0,26.0,0.0,24
HUL,Kick Sauber,54.0,0 days 00:01:38.498000,0 days 00:00:31.388000,0 days 00:00:42.992000,0 days 00:00:24.118000,MEDIUM,27.0,3.0,,,1,15.0,False,2025,Bahrain,R,98.498,31.388,42.992,24.118,99.1345,0.6364999999999981,97.753,0.7450000000000045,-0.6364999999999981,101.738,99.493,2.2450000000000045,57.0,0.9473684210526315,30.0,0.9,729.0,2916.0,0,0,1,0,0,1,0,0.0,27.0,0.0,24
HUL,Kick Sauber,55.0,0 days 00:01:38.424000,0 days 00:00:31.415000,0 days 00:00:42.892000,0 days 00:00:24.117000,MEDIUM,28.0,3.0,,,1,15.0,False,2025,Bahrain,R,98.424,31.415,42.892,24.117,99.1345,0.7104999999999961,97.753,0.6710000000000065,-0.7104999999999961,101.724,99.493,2.2310000000000088,57.0,0.9649122807017544,30.0,0.9333333333333333,784.0,3025.0,0,0,1,0,0,1,0,0.0,28.0,0.0,24
HUL,Kick Sauber,56.0,0 days 00:01:38.998000,0 days 00:00:31.369000,0 days 00:00:43.236000,0 days 00:00:24.393000,MEDIUM,29.0,3.0,,,1,15.0,False,2025,Bahrain,R,98.998,31.369,43.236,24.393,99.1345,0.13649999999999807,97.753,1.2450000000000045,-0.13649999999999807,102.358,99.493,2.865000000000009,57.0,0.9824561403508771,30.0,0.9666666666666667,841.0,3136.0,0,0,1,0,0,1,0,0.0,29.0,0.0,24
HUL,Kick Sauber,57.0,0 days 00:01:38.823000,0 days 00:00:31.087000,0 days 00:00:43.128000,0 days 00:00:24.608000,MEDIUM,30.0,3.0,,,1,15.0,False,2025,Bahrain,R,98.823,31.087,43.128,24.608,99.1345,0.31150000000000944,97.753,1.0699999999999932,-0.31150000000000944,102.243,99.493,2.75,57.0,1.0,30.0,1.0,900.0,3249.0,0,0,1,0,0,1,0,0.0,30.0,0.0,24
LAW,Racing Bulls,2.0,0 days 00:01:40.130000,0 days 00:00:31.884000,0 days 00:00:43.579000,0 days 00:00:24.667000,MEDIUM,2.0,1.0,,,1,17.0,False,2025,Bahrain,R,100.13,31.884,43.579,24.667,99.0235,1.106499999999997,100.13,0.0,1.106499999999997,100.25,100.25,0.0,57.0,0.03508771929824561,13.0,0.15384615384615385,4.0,4.0,1,0,0,1,0,1,0,0.0,2.0,0.0,12
LAW,Racing Bulls,3.0,0 days 00:01:39.689000,0 days 00:00:31.183000,0 days 00:00:43.667000,0 days 00:00:24.839000,MEDIUM,3.0,1.0,,,1,17.0,False,2025,Bahrain,R,99.689,31.183,43.667,24.839,99.0235,0.6654999999999944,100.13,-0.4410000000000025,0.6654999999999944,99.869,100.25,-0.3810000000000002,57.0,0.05263157894736842,13.0,0.23076923076923078,9.0,9.0,1,0,0,1,0,1,0,0.0,3.0,0.0,12
LAW,Racing Bulls,4.0,0 days 00:01:39.641000,0 days 00:00:31.220000,0 days 00:00:43.782000,0 days 00:00:24.639000,MEDIUM,4.0,1.0,,,1,17.0,False,2025,Bahrain,R,99.641,31.22,43.782,24.639,99.0235,0.6175000000000068,100.13,-0.4889999999999901,0.6175000000000068,99.881,100.25,-0.3689999999999998,57.0,0.07017543859649122,13.0,0.3076923076923077,16.0,16.0,1,0,0,1,0,1,0,0.0,4.0,0.0,12
LAW,Racing Bulls,5.0,0 days 00:01:39.958000,0 days 00:00:31.508000,0 days 00:00:43.805000,0 days 00:00:24.645000,MEDIUM,5.0,1.0,,,1,17.0,False,2025,Bahrain,R,99.958,31.508,43.805,24.645,99.0235,0.9344999999999999,100.13,-0.17199999999999704,0.9344999999999999,100.258,100.25,0.007999999999995566,57.0,0.08771929824561403,13.0,0.38461538461538464,25.0,25.0,1,0,0,1,0,1,0,0.0,5.0,0.0,12
LAW,Racing Bulls,6.0,0 days 00:01:39.706000,0 days 00:00:31.645000,0 days 00:00:43.340000,0 days 00:00:24.721000,MEDIUM,6.0,1.0,,,1,16.0,False,2025,Bahrain,R,99.706,31.645,43.34,24.721,99.0235,0.6825000000000045,100.13,-0.4239999999999924,0.6825000000000045,100.066,100.25,-0.1839999999999975,57.0,0.10526315789473684,13.0,0.46153846153846156,36.0,36.0,1,0,0,1,0,1,0,0.0,6.0,0.0,12
LAW,Racing Bulls,7.0,0 days 00:01:39.609000,0 days 00:00:31.590000,0 days 00:00:43.404000,0 days 00:00:24.615000,MEDIUM,7.0,1.0,,,1,16.0,False,2025,Bahrain,R,99.609,31.59,43.404,24.615,99.0235,0.5854999999999961,100.13,-0.5210000000000008,0.5854999999999961,100.029,100.25,-0.22100000000000364,57.0,0.12280701754385964,13.0,0.5384615384615384,49.0,49.0,1,0,0,1,0,1,0,0.0,7.0,0.0,12
LAW,Racing Bulls,8.0,0 days 00:01:39.987000,0 days 00:00:31.820000,0 days 00:00:43.524000,0 days 00:00:24.643000,MEDIUM,8.0,1.0,,,1,16.0,False,2025,Bahrain,R,99.987,31.82,43.524,24.643,99.0235,0.9634999999999962,100.13,-0.14300000000000068,0.9634999999999962,100.467,100.25,0.21699999999999875,57.0,0.14035087719298245,13.0,0.6153846153846154,64.0,64.0,1,0,0,1,0,1,0,0.0,8.0,0.0,12
LAW,Racing Bulls,9.0,0 days 00:01:40.068000,0 days 00:00:31.758000,0 days 00:00:43.669000,0 days 00:00:24.641000,MEDIUM,9.0,1.0,,,1,15.0,False,2025,Bahrain,R,100.068,31.758,43.669,24.641,99.0235,1.0444999999999993,100.13,-0.06199999999999761,1.0444999999999993,100.608,100.25,0.3580000000000041,57.0,0.15789473684210525,13.0,0.6923076923076923,81.0,81.0,1,0,0,1,0,1,0,0.0,9.0,0.0,12
LAW,Racing Bulls,10.0,0 days 00:01:40.299000,0 days 00:00:31.799000,0 days 00:00:43.910000,0 days 00:00:24.590000,MEDIUM,10.0,1.0,,,1,14.0,False,2025,Bahrain,R,100.299,31.799,43.91,24.59,99.0235,1.275500000000008,100.13,0.16900000000001114,1.275500000000008,100.899,100.25,0.6490000000000009,57.0,0.17543859649122806,13.0,0.7692307692307693,100.0,100.0,1,0,0,1,0,1,0,0.0,10.0,0.0,12
LAW,Racing Bulls,11.0,0 days 00:01:40.264000,0 days 00:00:31.694000,0 days 00:00:43.923000,0 days 00:00:24.647000,MEDIUM,11.0,1.0,,,1,11.0,False,2025,Bahrain,R,100.264,31.694,43.923,24.647,99.0235,1.2404999999999973,100.13,0.13400000000000034,1.2404999999999973,100.92399999999999,100.25,0.6739999999999924,57.0,0.19298245614035087,13.0,0.8461538461538461,121.0,121.0,1,0,0,1,0,1,0,0.0,11.0,0.0,12
LAW,Racing Bulls,12.0,0 days 00:01:40.148000,0 days 00:00:31.825000,0 days 00:00:43.736000,0 days 00:00:24.587000,MEDIUM,12.0,1.0,,,1,10.0,False,2025,Bahrain,R,100.148,31.825,43.736,24.587,99.0235,1.1244999999999976,100.13,0.018000000000000682,1.1244999999999976,100.868,100.25,0.617999999999995,57.0,0.21052631578947367,13.0,0.9230769230769231,144.0,144.0,1,0,0,1,0,1,0,0.0,12.0,0.0,12
LAW,Racing Bulls,13.0,0 days 00:01:39.968000,0 days 00:00:31.682000,0 days 00:00:43.647000,0 days 00:00:24.639000,MEDIUM,13.0,1.0,,,1,9.0,False,2025,Bahrain,R,99.968,31.682,43.647,24.639,99.0235,0.944500000000005,100.13,-0.16199999999999193,0.944500000000005,100.748,100.25,0.49800000000000466,57.0,0.22807017543859648,13.0,1.0,169.0,169.0,1,0,0,1,0,1,0,0.0,13.0,0.0,12
LAW,Racing Bulls,16.0,0 days 00:01:37.860000,0 days 00:00:31.116000,0 days 00:00:42.623000,0 days 00:00:24.121000,HARD,2.0,2.0,,,1,19.0,False,2025,Bahrain,R,97.86,31.116,42.623,24.121,99.0235,1.163499999999999,97.86,0.0,-1.163499999999999,98.82,98.82,0.0,57.0,0.2807017543859649,17.0,0.11764705882352941,4.0,256.0,0,1,0,1,0,0,1,0.0,0.0,2.0,15
LAW,Racing Bulls,17.0,0 days 00:01:38.194000,0 days 00:00:31.305000,0 days 00:00:42.574000,0 days 00:00:24.315000,HARD,3.0,2.0,,,1,18.0,False,2025,Bahrain,R,98.194,31.305,42.574,24.315,99.0235,0.8294999999999959,97.86,0.3340000000000032,-0.8294999999999959,99.214,98.82,0.39400000000000546,57.0,0.2982456140350877,17.0,0.17647058823529413,9.0,289.0,0,1,0,1,0,0,1,0.0,0.0,3.0,15
LAW,Racing Bulls,19.0,0 days 00:01:38.942000,0 days 00:00:31.410000,0 days 00:00:43.216000,0 days 00:00:24.316000,HARD,5.0,2.0,,,1,19.0,False,2025,Bahrain,R,98.942,31.41,43.216,24.316,99.0235,0.08150000000000546,97.86,1.0819999999999936,-0.08150000000000546,100.082,98.82,1.2620000000000005,57.0,0.3333333333333333,17.0,0.29411764705882354,25.0,361.0,0,1,0,0,0,0,1,0.0,0.0,5.0,15
LAW,Racing Bulls,20.0,0 days 00:01:38.845000,0 days 00:00:31.384000,0 days 00:00:43.130000,0 days 00:00:24.331000,HARD,6.0,2.0,,,1,19.0,False,2025,Bahrain,R,98.845,31.384,43.13,24.331,99.0235,0.17849999999999966,97.86,0.9849999999999994,-0.17849999999999966,100.045,98.82,1.2250000000000085,57.0,0.3508771929824561,17.0,0.35294117647058826,36.0,400.0,0,1,0,0,0,0,1,0.0,0.0,6.0,15
LAW,Racing Bulls,21.0,0 days 00:01:39.003000,0 days 00:00:31.458000,0 days 00:00:43.099000,0 days 00:00:24.446000,HARD,7.0,2.0,,,1,19.0,False,2025,Bahrain,R,99.003,31.458,43.099,24.446,99.0235,0.02049999999999841,97.86,1.1430000000000007,-0.02049999999999841,100.263,98.82,1.443000000000012,57.0,0.3684210526315789,17.0,0.4117647058823529,49.0,441.0,0,1,0,0,0,0,1,0.0,0.0,7.0,15
LAW,Racing Bulls,22.0,0 days 00:01:39.063000,0 days 00:00:31.458000,0 days 00:00:43.184000,0 days 00:00:24.421000,HARD,8.0,2.0,,,1,19.0,False,2025,Bahrain,R,99.063,31.458,43.184,24.421,99.0235,0.039500000000003865,97.86,1.203000000000003,0.039500000000003865,100.383,98.82,1.5630000000000024,57.0,0.38596491228070173,17.0,0.47058823529411764,64.0,484.0,0,1,0,0,0,0,1,0.0,0.0,8.0,15
LAW,Racing Bulls,23.0,0 days 00:01:39.189000,0 days 00:00:31.460000,0 days 00:00:43.194000,0 days 00:00:24.535000,HARD,9.0,2.0,,,1,19.0,False,2025,Bahrain,R,99.189,31.46,43.194,24.535,99.0235,0.16549999999999443,97.86,1.3289999999999935,0.16549999999999443,100.56899999999999,98.82,1.7489999999999952,57.0,0.40350877192982454,17.0,0.5294117647058824,81.0,529.0,0,1,0,0,0,0,1,0.0,0.0,9.0,15
LAW,Racing Bulls,24.0,0 days 00:01:39.035000,0 days 00:00:31.487000,0 days 00:00:43.100000,0 days 00:00:24.448000,HARD,10.0,2.0,,,1,19.0,False,2025,Bahrain,R,99.035,31.487,43.1,24.448,99.0235,0.011499999999998067,97.86,1.1749999999999972,0.011499999999998067,100.475,98.82,1.6550000000000011,57.0,0.42105263157894735,17.0,0.5882352941176471,100.0,576.0,0,1,0,0,0,0,1,0.0,0.0,10.0,15
LAW,Racing Bulls,25.0,0 days 00:01:39.146000,0 days 00:00:31.427000,0 days 00:00:43.140000,0 days 00:00:24.579000,HARD,11.0,2.0,,,1,19.0,False,2025,Bahrain,R,99.146,31.427,43.14,24.579,99.0235,0.12250000000000227,97.86,1.2860000000000014,0.12250000000000227,100.646,98.82,1.8260000000000076,57.0,0.43859649122807015,17.0,0.6470588235294118,121.0,625.0,0,1,0,0,0,0,1,0.0,0.0,11.0,15
LAW,Racing Bulls,26.0,0 days 00:01:39.321000,0 days 00:00:31.369000,0 days 00:00:43.289000,0 days 00:00:24.663000,HARD,12.0,2.0,,,1,19.0,False,2025,Bahrain,R,99.321,31.369,43.289,24.663,99.0235,0.29749999999999943,97.86,1.4609999999999985,0.29749999999999943,100.881,98.82,2.061000000000007,57.0,0.45614035087719296,17.0,0.7058823529411765,144.0,676.0,0,1,0,0,0,0,1,0.0,0.0,12.0,15
LAW,Racing Bulls,27.0,0 days 00:01:39.316000,0 days 00:00:31.427000,0 days 00:00:43.380000,0 days 00:00:24.509000,HARD,13.0,2.0,,,1,18.0,False,2025,Bahrain,R,99.316,31.427,43.38,24.509,99.0235,0.292500000000004,97.86,1.456000000000003,0.292500000000004,100.936,98.82,2.116000000000014,57.0,0.47368421052631576,17.0,0.7647058823529411,169.0,729.0,0,1,0,0,0,0,1,0.0,0.0,13.0,15
LAW,Racing Bulls,28.0,0 days 00:01:40.768000,0 days 00:00:32.031000,0 days 00:00:43.750000,0 days 00:00:24.987000,HARD,14.0,2.0,,,1,18.0,False,2025,Bahrain,R,100.768,32.031,43.75,24.987,99.0235,1.7445000000000022,97.86,2.9080000000000013,1.7445000000000022,102.44800000000001,98.82,3.6280000000000143,57.0,0.49122807017543857,17.0,0.8235294117647058,196.0,784.0,0,1,0,0,0,0,1,0.0,0.0,14.0,15
LAW,Racing Bulls,29.0,0 days 00:01:39.397000,0 days 00:00:31.429000,0 days 00:00:43.413000,0 days 00:00:24.555000,HARD,15.0,2.0,,,1,16.0,False,2025,Bahrain,R,99.397,31.429,43.413,24.555,99.0235,0.37350000000000705,97.86,1.5370000000000061,0.37350000000000705,101.137,98.82,2.3170000000000073,57.0,0.5087719298245614,17.0,0.8823529411764706,225.0,841.0,0,1,0,0,0,0,1,0.0,0.0,15.0,15
LAW,Racing Bulls,30.0,0 days 00:01:39.942000,0 days 00:00:31.420000,0 days 00:00:43.973000,0 days 00:00:24.549000,HARD,16.0,2.0,,,1,17.0,False,2025,Bahrain,R,99.942,31.42,43.973,24.549,99.0235,0.9184999999999945,97.86,2.0819999999999936,0.9184999999999945,101.74199999999999,98.82,2.921999999999997,57.0,0.5263157894736842,17.0,0.9411764705882353,256.0,900.0,0,1,0,0,0,0,1,0.0,0.0,16.0,15
LAW,Racing Bulls,31.0,0 days 00:01:39.113000,0 days 00:00:31.201000,0 days 00:00:43.405000,0 days 00:00:24.507000,HARD,17.0,2.0,,,1,17.0,False,2025,Bahrain,R,99.113,31.201,43.405,24.507,99.0235,0.08950000000000102,97.86,1.2530000000000001,0.08950000000000102,100.973,98.82,2.153000000000006,57.0,0.543859649122807,17.0,1.0,289.0,961.0,0,1,0,0,0,0,1,0.0,0.0,17.0,15
LAW,Racing Bulls,36.0,0 days 00:01:39.012000,0 days 00:00:31.737000,0 days 00:00:43.130000,0 days 00:00:24.145000,SOFT,4.0,3.0,,,1,16.0,False,2025,Bahrain,R,99.012,31.737,43.13,24.145,99.0235,0.011499999999998067,99.012,0.0,-0.011499999999998067,101.172,101.172,0.0,57.0,0.631578947368421,25.0,0.16,16.0,1296.0,0,0,0,0,1,0,0,4.0,0.0,0.0,22
LAW,Racing Bulls,37.0,0 days 00:01:38.358000,0 days 00:00:31.428000,0 days 00:00:42.860000,0 days 00:00:24.070000,SOFT,5.0,3.0,,,1,16.0,False,2025,Bahrain,R,98.358,31.428,42.86,24.07,99.0235,0.6654999999999944,99.012,-0.6539999999999964,-0.6654999999999944,100.578,101.172,-0.5939999999999941,57.0,0.6491228070175439,25.0,0.2,25.0,1369.0,0,0,0,0,1,0,0,5.0,0.0,0.0,22
LAW,Racing Bulls,38.0,0 days 00:01:37.827000,0 days 00:00:30.814000,0 days 00:00:42.779000,0 days 00:00:24.234000,SOFT,6.0,3.0,,,1,16.0,False,2025,Bahrain,R,97.827,30.814,42.779,24.234,99.0235,1.1965000000000003,99.012,-1.1850000000000023,-1.1965000000000003,100.107,101.172,-1.0649999999999977,57.0,0.6666666666666666,25.0,0.24,36.0,1444.0,0,0,1,0,1,0,0,6.0,0.0,0.0,22
LAW,Racing Bulls,39.0,0 days 00:01:38.410000,0 days 00:00:31.038000,0 days 00:00:43.290000,0 days 00:00:24.082000,SOFT,7.0,3.0,,,1,16.0,False,2025,Bahrain,R,98.41,31.038,43.29,24.082,99.0235,0.6135000000000019,99.012,-0.6020000000000039,-0.6135000000000019,100.75,101.172,-0.42199999999999704,57.0,0.6842105263157895,25.0,0.28,49.0,1521.0,0,0,1,0,1,0,0,7.0,0.0,0.0,22
LAW,Racing Bulls,40.0,0 days 00:01:38.358000,0 days 00:00:30.898000,0 days 00:00:43.309000,0 days 00:00:24.151000,SOFT,8.0,3.0,,,1,16.0,False,2025,Bahrain,R,98.358,30.898,43.309,24.151,99.0235,0.6654999999999944,99.012,-0.6539999999999964,-0.6654999999999944,100.75800000000001,101.172,-0.41399999999998727,57.0,0.7017543859649122,25.0,0.32,64.0,1600.0,0,0,1,0,1,0,0,8.0,0.0,0.0,22
LAW,Racing Bulls,41.0,0 days 00:01:37.690000,0 days 00:00:31.021000,0 days 00:00:42.584000,0 days 00:00:24.085000,SOFT,9.0,3.0,,,1,15.0,False,2025,Bahrain,R,97.69,31.021,42.584,24.085,99.0235,1.3335000000000008,99.012,-1.3220000000000027,-1.3335000000000008,100.14999999999999,101.172,-1.0220000000000056,57.0,0.7192982456140351,25.0,0.36,81.0,1681.0,0,0,1,0,1,0,0,9.0,0.0,0.0,22
LAW,Racing Bulls,42.0,0 days 00:01:37.569000,0 days 00:00:31.095000,0 days 00:00:42.376000,0 days 00:00:24.098000,SOFT,10.0,3.0,,,1,14.0,False,2025,Bahrain,R,97.569,31.095,42.376,24.098,99.0235,1.454499999999996,99.012,-1.4429999999999978,-1.454499999999996,100.089,101.172,-1.0829999999999984,57.0,0.7368421052631579,25.0,0.4,100.0,1764.0,0,0,1,0,1,0,0,10.0,0.0,0.0,22
LAW,Racing Bulls,43.0,0 days 00:01:37.480000,0 days 00:00:31.148000,0 days 00:00:42.352000,0 days 00:00:23.980000,SOFT,11.0,3.0,,,1,14.0,False,2025,Bahrain,R,97.48,31.148,42.352,23.98,99.0235,1.5434999999999945,99.012,-1.5319999999999965,-1.5434999999999945,100.06,101.172,-1.1119999999999948,57.0,0.7543859649122807,25.0,0.44,121.0,1849.0,0,0,1,0,1,0,0,11.0,0.0,0.0,22
LAW,Racing Bulls,44.0,0 days 00:01:37.380000,0 days 00:00:31.025000,0 days 00:00:42.394000,0 days 00:00:23.961000,SOFT,12.0,3.0,,,1,14.0,False,2025,Bahrain,R,97.38,31.025,42.394,23.961,99.0235,1.643500000000003,99.012,-1.632000000000005,-1.643500000000003,100.02,101.172,-1.152000000000001,57.0,0.7719298245614035,25.0,0.48,144.0,1936.0,0,0,1,0,1,0,0,12.0,0.0,0.0,22
LAW,Racing Bulls,45.0,0 days 00:01:37.536000,0 days 00:00:30.983000,0 days 00:00:42.506000,0 days 00:00:24.047000,SOFT,13.0,3.0,,,1,14.0,False,2025,Bahrain,R,97.536,30.983,42.506,24.047,99.0235,1.4874999999999972,99.012,-1.475999999999999,-1.4874999999999972,100.236,101.172,-0.9359999999999928,57.0,0.7894736842105263,25.0,0.52,169.0,2025.0,0,0,1,0,1,0,0,13.0,0.0,0.0,22
LAW,Racing Bulls,46.0,0 days 00:01:37.727000,0 days 00:00:31.125000,0 days 00:00:42.551000,0 days 00:00:24.051000,SOFT,14.0,3.0,,,1,14.0,False,2025,Bahrain,R,97.727,31.125,42.551,24.051,99.0235,1.2964999999999947,99.012,-1.2849999999999966,-1.2964999999999947,100.48700000000001,101.172,-0.6849999999999881,57.0,0.8070175438596491,25.0,0.56,196.0,2116.0,0,0,1,0,1,0,0,14.0,0.0,0.0,22
LAW,Racing Bulls,47.0,0 days 00:01:37.934000,0 days 00:00:31.144000,0 days 00:00:42.652000,0 days 00:00:24.138000,SOFT,15.0,3.0,,,1,14.0,False,2025,Bahrain,R,97.934,31.144,42.652,24.138,99.0235,1.089500000000001,99.012,-1.078000000000003,-1.089500000000001,100.75399999999999,101.172,-0.41800000000000637,57.0,0.8245614035087719,25.0,0.6,225.0,2209.0,0,0,1,0,1,0,0,15.0,0.0,0.0,22
LAW,Racing Bulls,48.0,0 days 00:01:37.895000,0 days 00:00:31.163000,0 days 00:00:42.665000,0 days 00:00:24.067000,SOFT,16.0,3.0,,,1,14.0,False,2025,Bahrain,R,97.895,31.163,42.665,24.067,99.0235,1.1285000000000025,99.012,-1.1170000000000044,-1.1285000000000025,100.77499999999999,101.172,-0.39700000000000557,57.0,0.8421052631578947,25.0,0.64,256.0,2304.0,0,0,1,0,1,0,0,16.0,0.0,0.0,22
LAW,Racing Bulls,49.0,0 days 00:01:37.797000,0 days 00:00:31.204000,0 days 00:00:42.630000,0 days 00:00:23.963000,SOFT,17.0,3.0,,,1,14.0,False,2025,Bahrain,R,97.797,31.204,42.63,23.963,99.0235,1.2265000000000015,99.012,-1.2150000000000034,-1.2265000000000015,100.737,101.172,-0.4350000000000023,57.0,0.8596491228070176,25.0,0.68,289.0,2401.0,0,0,1,0,1,0,0,17.0,0.0,0.0,22
LAW,Racing Bulls,50.0,0 days 00:01:37.732000,0 days 00:00:31.131000,0 days 00:00:42.597000,0 days 00:00:24.004000,SOFT,18.0,3.0,,,1,13.0,False,2025,Bahrain,R,97.732,31.131,42.597,24.004,99.0235,1.2914999999999992,99.012,-1.2800000000000011,-1.2914999999999992,100.732,101.172,-0.4399999999999977,57.0,0.8771929824561403,25.0,0.72,324.0,2500.0,0,0,1,0,1,0,0,18.0,0.0,0.0,22
LAW,Racing Bulls,51.0,0 days 00:01:37.977000,0 days 00:00:31.218000,0 days 00:00:42.758000,0 days 00:00:24.001000,SOFT,19.0,3.0,,,1,13.0,False,2025,Bahrain,R,97.977,31.218,42.758,24.001,99.0235,1.0464999999999947,99.012,-1.0349999999999966,-1.0464999999999947,101.037,101.172,-0.1349999999999909,57.0,0.8947368421052632,25.0,0.76,361.0,2601.0,0,0,1,0,1,0,0,19.0,0.0,0.0,22
LAW,Racing Bulls,52.0,0 days 00:01:37.734000,0 days 00:00:31.116000,0 days 00:00:42.434000,0 days 00:00:24.184000,SOFT,20.0,3.0,,,1,13.0,False,2025,Bahrain,R,97.734,31.116,42.434,24.184,99.0235,1.2895000000000039,99.012,-1.2780000000000058,-1.2895000000000039,100.854,101.172,-0.31799999999999784,57.0,0.9122807017543859,25.0,0.8,400.0,2704.0,0,0,1,0,1,0,0,20.0,0.0,0.0,22
LAW,Racing Bulls,53.0,0 days 00:01:38.149000,0 days 00:00:31.143000,0 days 00:00:42.767000,0 days 00:00:24.239000,SOFT,21.0,3.0,,,1,13.0,False,2025,Bahrain,R,98.149,31.143,42.767,24.239,99.0235,0.8744999999999976,99.012,-0.8629999999999995,-0.8744999999999976,101.32900000000001,101.172,0.1570000000000107,57.0,0.9298245614035088,25.0,0.84,441.0,2809.0,0,0,1,0,1,0,0,21.0,0.0,0.0,22
LAW,Racing Bulls,54.0,0 days 00:01:38.406000,0 days 00:00:31.295000,0 days 00:00:43.014000,0 days 00:00:24.097000,SOFT,22.0,3.0,,,1,13.0,False,2025,Bahrain,R,98.406,31.295,43.014,24.097,99.0235,0.6174999999999926,99.012,-0.6059999999999945,-0.6174999999999926,101.646,101.172,0.47400000000000375,57.0,0.9473684210526315,25.0,0.88,484.0,2916.0,0,0,1,0,1,0,0,22.0,0.0,0.0,22
LAW,Racing Bulls,55.0,0 days 00:01:38.143000,0 days 00:00:31.284000,0 days 00:00:42.699000,0 days 00:00:24.160000,SOFT,23.0,3.0,,,1,13.0,False,2025,Bahrain,R,98.143,31.284,42.699,24.16,99.0235,0.8804999999999978,99.012,-0.8689999999999998,-0.8804999999999978,101.443,101.172,0.2710000000000008,57.0,0.9649122807017544,25.0,0.92,529.0,3025.0,0,0,1,0,1,0,0,23.0,0.0,0.0,22
LAW,Racing Bulls,56.0,0 days 00:01:38.395000,0 days 00:00:31.362000,0 days 00:00:42.797000,0 days 00:00:24.236000,SOFT,24.0,3.0,,,1,13.0,False,2025,Bahrain,R,98.395,31.362,42.797,24.236,99.0235,0.6285000000000025,99.012,-0.6170000000000044,-0.6285000000000025,101.755,101.172,0.5829999999999984,57.0,0.9824561403508771,25.0,0.96,576.0,3136.0,0,0,1,0,1,0,0,24.0,0.0,0.0,22
LAW,Racing Bulls,57.0,0 days 00:01:39.672000,0 days 00:00:31.313000,0 days 00:00:43.816000,0 days 00:00:24.543000,SOFT,25.0,3.0,,,1,13.0,False,2025,Bahrain,R,99.672,31.313,43.816,24.543,99.0235,0.6484999999999985,99.012,0.6599999999999966,0.6484999999999985,103.092,101.172,1.9200000000000017,57.0,1.0,25.0,1.0,625.0,3249.0,0,0,1,0,1,0,0,25.0,0.0,0.0,22
LEC,Ferrari,1.0,0 days 00:01:41.332000,,0 days 00:00:43.164000,0 days 00:00:24.036000,MEDIUM,1.0,1.0,,,1,4.0,False,2025,Bahrain,R,101.332,,43.164,24.036,97.7235,3.6084999999999923,101.332,0.0,3.6084999999999923,101.392,101.392,0.0,57.0,0.017543859649122806,16.0,0.0625,1.0,1.0,1,0,0,1,0,1,0,0.0,1.0,0.0,16
LEC,Ferrari,2.0,0 days 00:01:38.048000,0 days 00:00:31.404000,0 days 00:00:42.615000,0 days 00:00:24.029000,MEDIUM,2.0,1.0,,,1,4.0,False,2025,Bahrain,R,98.048,31.404,42.615,24.029,97.7235,0.32450000000000045,101.332,-3.283999999999992,0.32450000000000045,98.168,101.392,-3.2239999999999895,57.0,0.03508771929824561,16.0,0.125,4.0,4.0,1,0,0,1,0,1,0,0.0,2.0,0.0,16
LEC,Ferrari,3.0,0 days 00:01:38.463000,0 days 00:00:31.396000,0 days 00:00:42.837000,0 days 00:00:24.230000,MEDIUM,3.0,1.0,,,1,4.0,False,2025,Bahrain,R,98.463,31.396,42.837,24.23,97.7235,0.7394999999999925,101.332,-2.8689999999999998,0.7394999999999925,98.643,101.392,-2.7489999999999952,57.0,0.05263157894736842,16.0,0.1875,9.0,9.0,1,0,0,1,0,1,0,0.0,3.0,0.0,16
LEC,Ferrari,4.0,0 days 00:01:38.273000,0 days 00:00:31.373000,0 days 00:00:42.588000,0 days 00:00:24.312000,MEDIUM,4.0,1.0,,,1,4.0,False,2025,Bahrain,R,98.273,31.373,42.588,24.312,97.7235,0.5494999999999948,101.332,-3.0589999999999975,0.5494999999999948,98.51299999999999,101.392,-2.879000000000005,57.0,0.07017543859649122,16.0,0.25,16.0,16.0,1,0,0,1,0,1,0,0.0,4.0,0.0,16
LEC,Ferrari,5.0,0 days 00:01:38.427000,0 days 00:00:31.449000,0 days 00:00:42.592000,0 days 00:00:24.386000,MEDIUM,5.0,1.0,,,1,4.0,False,2025,Bahrain,R,98.427,31.449,42.592,24.386,97.7235,0.7035000000000053,101.332,-2.904999999999987,0.7035000000000053,98.727,101.392,-2.664999999999992,57.0,0.08771929824561403,16.0,0.3125,25.0,25.0,1,0,0,1,0,1,0,0.0,5.0,0.0,16
LEC,Ferrari,6.0,0 days 00:01:38.784000,0 days 00:00:31.149000,0 days 00:00:43.411000,0 days 00:00:24.224000,MEDIUM,6.0,1.0,,,1,4.0,False,2025,Bahrain,R,98.784,31.149,43.411,24.224,97.7235,1.0605000000000047,101.332,-2.5479999999999876,1.0605000000000047,99.144,101.392,-2.2479999999999905,57.0,0.10526315789473684,16.0,0.375,36.0,36.0,1,0,0,1,0,1,0,0.0,6.0,0.0,16
LEC,Ferrari,7.0,0 days 00:01:38.680000,0 days 00:00:31.431000,0 days 00:00:42.843000,0 days 00:00:24.406000,MEDIUM,7.0,1.0,,,1,4.0,False,2025,Bahrain,R,98.68,31.431,42.843,24.406,97.7235,0.9565000000000055,101.332,-2.651999999999987,0.9565000000000055,99.10000000000001,101.392,-2.2919999999999874,57.0,0.12280701754385964,16.0,0.4375,49.0,49.0,1,0,0,1,0,1,0,0.0,7.0,0.0,16
LEC,Ferrari,8.0,0 days 00:01:39.133000,0 days 00:00:31.654000,0 days 00:00:43.109000,0 days 00:00:24.370000,MEDIUM,8.0,1.0,,,1,4.0,False,2025,Bahrain,R,99.133,31.654,43.109,24.37,97.7235,1.4094999999999942,101.332,-2.198999999999998,1.4094999999999942,99.613,101.392,-1.7789999999999964,57.0,0.14035087719298245,16.0,0.5,64.0,64.0,1,0,0,1,0,1,0,0.0,8.0,0.0,16
LEC,Ferrari,9.0,0 days 00:01:39.164000,0 days 00:00:31.658000,0 days 00:00:43.171000,0 days 00:00:24.335000,MEDIUM,9.0,1.0,,,1,4.0,False,2025,Bahrain,R,99.164,31.658,43.171,24.335,97.7235,1.4405000000000001,101.332,-2.167999999999992,1.4405000000000001,99.70400000000001,101.392,-1.6879999999999882,57.0,0.15789473684210525,16.0,0.5625,81.0,81.0,1,0,0,1,0,1,0,0.0,9.0,0.0,16
LEC,Ferrari,10.0,0 days 00:01:38.881000,0 days 00:00:31.447000,0 days 00:00:43.104000,0 days 00:00:24.330000,MEDIUM,10.0,1.0,,,1,3.0,False,2025,Bahrain,R,98.881,31.447,43.104,24.33,97.7235,1.1574999999999989,101.332,-2.4509999999999934,1.1574999999999989,99.481,101.392,-1.9110000000000014,57.0,0.17543859649122806,16.0,0.625,100.0,100.0,1,0,0,1,0,1,0,0.0,10.0,0.0,16
LEC,Ferrari,11.0,0 days 00:01:39.185000,0 days 00:00:31.466000,0 days 00:00:43.334000,0 days 00:00:24.385000,MEDIUM,11.0,1.0,,,1,3.0,False,2025,Bahrain,R,99.185,31.466,43.334,24.385,97.7235,1.461500000000001,101.332,-2.1469999999999914,1.461500000000001,99.845,101.392,-1.546999999999997,57.0,0.19298245614035087,16.0,0.6875,121.0,121.0,1,0,0,1,0,1,0,0.0,11.0,0.0,16
LEC,Ferrari,12.0,0 days 00:01:38.973000,0 days 00:00:31.473000,0 days 00:00:43.085000,0 days 00:00:24.415000,MEDIUM,12.0,1.0,,,1,3.0,False,2025,Bahrain,R,98.973,31.473,43.085,24.415,97.7235,1.2494999999999976,101.332,-2.3589999999999947,1.2494999999999976,99.693,101.392,-1.698999999999998,57.0,0.21052631578947367,16.0,0.75,144.0,144.0,1,0,0,1,0,1,0,0.0,12.0,0.0,16
LEC,Ferrari,13.0,0 days 00:01:38.721000,0 days 00:00:31.428000,0 days 00:00:42.848000,0 days 00:00:24.445000,MEDIUM,13.0,1.0,,,1,2.0,False,2025,Bahrain,R,98.721,31.428,42.848,24.445,97.7235,0.9975000000000023,101.332,-2.61099999999999,0.9975000000000023,99.501,101.392,-1.8909999999999911,57.0,0.22807017543859648,16.0,0.8125,169.0,169.0,1,0,0,1,0,1,0,0.0,13.0,0.0,16
LEC,Ferrari,14.0,0 days 00:01:38.870000,0 days 00:00:31.531000,0 days 00:00:42.808000,0 days 00:00:24.531000,MEDIUM,14.0,1.0,,,1,2.0,False,2025,Bahrain,R,98.87,31.531,42.808,24.531,97.7235,1.1465000000000032,101.332,-2.461999999999989,1.1465000000000032,99.71000000000001,101.392,-1.681999999999988,57.0,0.24561403508771928,16.0,0.875,196.0,196.0,1,0,0,1,0,1,0,0.0,14.0,0.0,16
LEC,Ferrari,15.0,0 days 00:01:38.856000,0 days 00:00:31.499000,0 days 00:00:42.940000,0 days 00:00:24.417000,MEDIUM,15.0,1.0,,,1,1.0,False,2025,Bahrain,R,98.856,31.499,42.94,24.417,97.7235,1.1324999999999932,101.332,-2.475999999999999,1.1324999999999932,99.756,101.392,-1.6359999999999957,57.0,0.2631578947368421,16.0,0.9375,225.0,225.0,1,0,0,1,0,1,0,0.0,15.0,0.0,16
LEC,Ferrari,16.0,0 days 00:01:39.061000,0 days 00:00:31.637000,0 days 00:00:42.888000,0 days 00:00:24.536000,MEDIUM,16.0,1.0,,,1,1.0,False,2025,Bahrain,R,99.061,31.637,42.888,24.536,97.7235,1.3375000000000057,101.332,-2.2709999999999866,1.3375000000000057,100.021,101.392,-1.3709999999999951,57.0,0.2807017543859649,16.0,1.0,256.0,256.0,1,0,0,1,0,1,0,0.0,16.0,0.0,16
LEC,Ferrari,19.0,0 days 00:01:36.876000,0 days 00:00:30.963000,0 days 00:00:42.137000,0 days 00:00:23.776000,MEDIUM,2.0,2.0,,,1,4.0,False,2025,Bahrain,R,96.876,30.963,42.137,23.776,97.7235,0.8474999999999966,96.876,0.0,-0.8474999999999966,98.016,98.016,0.0,57.0,0.3333333333333333,14.0,0.14285714285714285,4.0,361.0,0,1,0,0,0,1,0,0.0,2.0,0.0,13
LEC,Ferrari,20.0,0 days 00:01:37.206000,0 days 00:00:31.067000,0 days 00:00:42.377000,0 days 00:00:23.762000,MEDIUM,3.0,2.0,,,1,4.0,False,2025,Bahrain,R,97.206,31.067,42.377,23.762,97.7235,0.5174999999999983,96.876,0.3299999999999983,-0.5174999999999983,98.406,98.016,0.39000000000000057,57.0,0.3508771929824561,14.0,0.21428571428571427,9.0,400.0,0,1,0,0,0,1,0,0.0,3.0,0.0,13
LEC,Ferrari,21.0,0 days 00:01:37.393000,0 days 00:00:31.197000,0 days 00:00:42.385000,0 days 00:00:23.811000,MEDIUM,4.0,2.0,,,1,4.0,False,2025,Bahrain,R,97.393,31.197,42.385,23.811,97.7235,0.3305000000000007,96.876,0.5169999999999959,-0.3305000000000007,98.653,98.016,0.6370000000000005,57.0,0.3684210526315789,14.0,0.2857142857142857,16.0,441.0,0,1,0,0,0,1,0,0.0,4.0,0.0,13
LEC,Ferrari,22.0,0 days 00:01:37.363000,0 days 00:00:31.076000,0 days 00:00:42.343000,0 days 00:00:23.944000,MEDIUM,5.0,2.0,,,1,4.0,False,2025,Bahrain,R,97.363,31.076,42.343,23.944,97.7235,0.3605000000000018,96.876,0.48699999999999477,-0.3605000000000018,98.68299999999999,98.016,0.6669999999999874,57.0,0.38596491228070173,14.0,0.35714285714285715,25.0,484.0,0,1,0,0,0,1,0,0.0,5.0,0.0,13
LEC,Ferrari,23.0,0 days 00:01:37.666000,0 days 00:00:31.263000,0 days 00:00:42.373000,0 days 00:00:24.030000,MEDIUM,6.0,2.0,,,1,4.0,False,2025,Bahrain,R,97.666,31.263,42.373,24.03,97.7235,0.05750000000000455,96.876,0.789999999999992,-0.05750000000000455,99.04599999999999,98.016,1.029999999999987,57.0,0.40350877192982454,14.0,0.42857142857142855,36.0,529.0,0,1,0,0,0,1,0,0.0,6.0,0.0,13
LEC,Ferrari,24.0,0 days 00:01:38.013000,0 days 00:00:31.349000,0 days 00:00:42.594000,0 days 00:00:24.070000,MEDIUM,7.0,2.0,,,1,4.0,False,2025,Bahrain,R,98.013,31.349,42.594,24.07,97.7235,0.28950000000000387,96.876,1.1370000000000005,0.28950000000000387,99.453,98.016,1.4369999999999976,57.0,0.42105263157894735,14.0,0.5,49.0,576.0,0,1,0,0,0,1,0,0.0,7.0,0.0,13
LEC,Ferrari,25.0,0 days 00:01:37.452000,0 days 00:00:31.003000,0 days 00:00:42.339000,0 days 00:00:24.110000,MEDIUM,8.0,2.0,,,1,3.0,False,2025,Bahrain,R,97.452,31.003,42.339,24.11,97.7235,0.2715000000000032,96.876,0.5759999999999934,-0.2715000000000032,98.952,98.016,0.9359999999999928,57.0,0.43859649122807015,14.0,0.5714285714285714,64.0,625.0,0,1,0,0,0,1,0,0.0,8.0,0.0,13
LEC,Ferrari,26.0,0 days 00:01:37.476000,0 days 00:00:31.266000,0 days 00:00:42.274000,0 days 00:00:23.936000,MEDIUM,9.0,2.0,,,1,3.0,False,2025,Bahrain,R,97.476,31.266,42.274,23.936,97.7235,0.24750000000000227,96.876,0.5999999999999943,-0.24750000000000227,99.036,98.016,1.019999999999996,57.0,0.45614035087719296,14.0,0.6428571428571429,81.0,676.0,0,1,0,0,0,1,0,0.0,9.0,0.0,13
LEC,Ferrari,27.0,0 days 00:01:37.947000,0 days 00:00:31.317000,0 days 00:00:42.358000,0 days 00:00:24.272000,MEDIUM,10.0,2.0,,,1,3.0,False,2025,Bahrain,R,97.947,31.317,42.358,24.272,97.7235,0.22350000000000136,96.876,1.070999999999998,0.22350000000000136,99.56700000000001,98.016,1.551000000000002,57.0,0.47368421052631576,14.0,0.7142857142857143,100.0,729.0,0,1,0,0,0,1,0,0.0,10.0,0.0,13
LEC,Ferrari,28.0,0 days 00:01:38.105000,0 days 00:00:31.487000,0 days 00:00:42.443000,0 days 00:00:24.175000,MEDIUM,11.0,2.0,,,1,3.0,False,2025,Bahrain,R,98.105,31.487,42.443,24.175,97.7235,0.3815000000000026,96.876,1.2289999999999992,0.3815000000000026,99.78500000000001,98.016,1.7690000000000055,57.0,0.49122807017543857,14.0,0.7857142857142857,121.0,784.0,0,1,0,0,0,1,0,0.0,11.0,0.0,13
LEC,Ferrari,29.0,0 days 00:01:37.781000,0 days 00:00:31.339000,0 days 00:00:42.247000,0 days 00:00:24.195000,MEDIUM,12.0,2.0,,,1,3.0,False,2025,Bahrain,R,97.781,31.339,42.247,24.195,97.7235,0.05750000000000455,96.876,0.9050000000000011,0.05750000000000455,99.521,98.016,1.5049999999999955,57.0,0.5087719298245614,14.0,0.8571428571428571,144.0,841.0,0,1,0,0,0,1,0,0.0,12.0,0.0,13
LEC,Ferrari,30.0,0 days 00:01:37.619000,0 days 00:00:31.483000,0 days 00:00:42.092000,0 days 00:00:24.044000,MEDIUM,13.0,2.0,,,1,3.0,False,2025,Bahrain,R,97.619,31.483,42.092,24.044,97.7235,0.10450000000000159,96.876,0.742999999999995,-0.10450000000000159,99.419,98.016,1.4029999999999916,57.0,0.5263157894736842,14.0,0.9285714285714286,169.0,900.0,0,1,0,0,0,1,0,0.0,13.0,0.0,13
LEC,Ferrari,31.0,0 days 00:01:38.048000,0 days 00:00:31.441000,0 days 00:00:42.434000,0 days 00:00:24.173000,MEDIUM,14.0,2.0,,,1,3.0,False,2025,Bahrain,R,98.048,31.441,42.434,24.173,97.7235,0.32450000000000045,96.876,1.171999999999997,0.32450000000000045,99.908,98.016,1.891999999999996,57.0,0.543859649122807,14.0,1.0,196.0,961.0,0,1,0,0,0,1,0,0.0,14.0,0.0,13
LEC,Ferrari,36.0,0 days 00:01:36.132000,0 days 00:00:31.175000,0 days 00:00:41.388000,0 days 00:00:23.569000,HARD,4.0,3.0,,,1,3.0,False,2025,Bahrain,R,96.132,31.175,41.388,23.569,97.7235,1.5914999999999964,96.132,0.0,-1.5914999999999964,98.292,98.292,0.0,57.0,0.631578947368421,25.0,0.16,16.0,1296.0,0,0,0,0,0,0,1,0.0,0.0,4.0,21
LEC,Ferrari,37.0,0 days 00:01:36.324000,0 days 00:00:30.795000,0 days 00:00:41.870000,0 days 00:00:23.659000,HARD,5.0,3.0,,,1,3.0,False,2025,Bahrain,R,96.324,30.795,41.87,23.659,97.7235,1.3995000000000033,96.132,0.19199999999999307,-1.3995000000000033,98.544,98.292,0.25199999999999534,57.0,0.6491228070175439,25.0,0.2,25.0,1369.0,0,0,0,0,0,0,1,0.0,0.0,5.0,21
LEC,Ferrari,39.0,0 days 00:01:36.198000,0 days 00:00:30.894000,0 days 00:00:41.559000,0 days 00:00:23.745000,HARD,7.0,3.0,,,1,3.0,False,2025,Bahrain,R,96.198,30.894,41.559,23.745,97.7235,1.525500000000008,96.132,0.06599999999998829,-1.525500000000008,98.538,98.292,0.2459999999999951,57.0,0.6842105263157895,25.0,0.28,49.0,1521.0,0,0,1,0,0,0,1,0.0,0.0,7.0,21
LEC,Ferrari,40.0,0 days 00:01:36.280000,0 days 00:00:30.873000,0 days 00:00:41.741000,0 days 00:00:23.666000,HARD,8.0,3.0,,,1,3.0,False,2025,Bahrain,R,96.28,30.873,41.741,23.666,97.7235,1.4435000000000002,96.132,0.14799999999999613,-1.4435000000000002,98.68,98.292,0.38800000000000523,57.0,0.7017543859649122,25.0,0.32,64.0,1600.0,0,0,1,0,0,0,1,0.0,0.0,8.0,21
LEC,Ferrari,41.0,0 days 00:01:36.493000,0 days 00:00:30.927000,0 days 00:00:41.766000,0 days 00:00:23.800000,HARD,9.0,3.0,,,1,3.0,False,2025,Bahrain,R,96.493,30.927,41.766,23.8,97.7235,1.2305000000000064,96.132,0.36099999999999,-1.2305000000000064,98.95299999999999,98.292,0.6609999999999872,57.0,0.7192982456140351,25.0,0.36,81.0,1681.0,0,0,1,0,0,0,1,0.0,0.0,9.0,21
LEC,Ferrari,42.0,0 days 00:01:36.304000,0 days 00:00:30.919000,0 days 00:00:41.570000,0 days 00:00:23.815000,HARD,10.0,3.0,,,1,3.0,False,2025,Bahrain,R,96.304,30.919,41.57,23.815,97.7235,1.4194999999999993,96.132,0.17199999999999704,-1.4194999999999993,98.824,98.292,0.5319999999999965,57.0,0.7368421052631579,25.0,0.4,100.0,1764.0,0,0,1,0,0,0,1,0.0,0.0,10.0,21
LEC,Ferrari,43.0,0 days 00:01:36.506000,0 days 00:00:30.927000,0 days 00:00:41.890000,0 days 00:00:23.689000,HARD,11.0,3.0,,,1,3.0,False,2025,Bahrain,R,96.506,30.927,41.89,23.689,97.7235,1.2175000000000011,96.132,0.3739999999999952,-1.2175000000000011,99.086,98.292,0.7939999999999969,57.0,0.7543859649122807,25.0,0.44,121.0,1849.0,0,0,1,0,0,0,1,0.0,0.0,11.0,21
LEC,Ferrari,44.0,0 days 00:01:36.547000,0 days 00:00:30.914000,0 days 00:00:41.889000,0 days 00:00:23.744000,HARD,12.0,3.0,,,1,3.0,False,2025,Bahrain,R,96.547,30.914,41.889,23.744,97.7235,1.1765000000000043,96.132,0.41499999999999204,-1.1765000000000043,99.187,98.292,0.894999999999996,57.0,0.7719298245614035,25.0,0.48,144.0,1936.0,0,0,1,0,0,0,1,0.0,0.0,12.0,21
LEC,Ferrari,45.0,0 days 00:01:36.700000,0 days 00:00:30.937000,0 days 00:00:41.969000,0 days 00:00:23.794000,HARD,13.0,3.0,,,1,3.0,False,2025,Bahrain,R,96.7,30.937,41.969,23.794,97.7235,1.0234999999999985,96.132,0.5679999999999978,-1.0234999999999985,99.4,98.292,1.108000000000004,57.0,0.7894736842105263,25.0,0.52,169.0,2025.0,0,0,1,0,0,0,1,0.0,0.0,13.0,21
LEC,Ferrari,46.0,0 days 00:01:36.894000,0 days 00:00:31.118000,0 days 00:00:42.092000,0 days 00:00:23.684000,HARD,14.0,3.0,,,1,3.0,False,2025,Bahrain,R,96.894,31.118,42.092,23.684,97.7235,0.8294999999999959,96.132,0.7620000000000005,-0.8294999999999959,99.65400000000001,98.292,1.362000000000009,57.0,0.8070175438596491,25.0,0.56,196.0,2116.0,0,0,1,0,0,0,1,0.0,0.0,14.0,21
LEC,Ferrari,47.0,0 days 00:01:36.774000,0 days 00:00:31.053000,0 days 00:00:41.941000,0 days 00:00:23.780000,HARD,15.0,3.0,,,1,3.0,False,2025,Bahrain,R,96.774,31.053,41.941,23.78,97.7235,0.9495000000000005,96.132,0.6419999999999959,-0.9495000000000005,99.594,98.292,1.3019999999999925,57.0,0.8245614035087719,25.0,0.6,225.0,2209.0,0,0,1,0,0,0,1,0.0,0.0,15.0,21
LEC,Ferrari,48.0,0 days 00:01:36.954000,0 days 00:00:31.116000,0 days 00:00:41.992000,0 days 00:00:23.846000,HARD,16.0,3.0,,,1,3.0,False,2025,Bahrain,R,96.954,31.116,41.992,23.846,97.7235,0.7695000000000078,96.132,0.8219999999999885,-0.7695000000000078,99.83399999999999,98.292,1.5419999999999874,57.0,0.8421052631578947,25.0,0.64,256.0,2304.0,0,0,1,0,0,0,1,0.0,0.0,16.0,21
LEC,Ferrari,49.0,0 days 00:01:37.658000,0 days 00:00:31.649000,0 days 00:00:42.201000,0 days 00:00:23.808000,HARD,17.0,3.0,,,1,3.0,False,2025,Bahrain,R,97.658,31.649,42.201,23.808,97.7235,0.06550000000000011,96.132,1.5259999999999962,-0.06550000000000011,100.598,98.292,2.3059999999999974,57.0,0.8596491228070176,25.0,0.68,289.0,2401.0,0,0,1,0,0,0,1,0.0,0.0,17.0,21
LEC,Ferrari,50.0,0 days 00:01:36.956000,0 days 00:00:31.059000,0 days 00:00:42.132000,0 days 00:00:23.765000,HARD,18.0,3.0,,,1,3.0,False,2025,Bahrain,R,96.956,31.059,42.132,23.765,97.7235,0.7674999999999983,96.132,0.8239999999999981,-0.7674999999999983,99.956,98.292,1.6640000000000015,57.0,0.8771929824561403,25.0,0.72,324.0,2500.0,0,0,1,0,0,0,1,0.0,0.0,18.0,21
LEC,Ferrari,51.0,0 days 00:01:37.279000,0 days 00:00:31.185000,0 days 00:00:42.159000,0 days 00:00:23.935000,HARD,19.0,3.0,,,1,3.0,False,2025,Bahrain,R,97.279,31.185,42.159,23.935,97.7235,0.444500000000005,96.132,1.1469999999999914,-0.444500000000005,100.339,98.292,2.046999999999997,57.0,0.8947368421052632,25.0,0.76,361.0,2601.0,0,0,1,0,0,0,1,0.0,0.0,19.0,21
LEC,Ferrari,52.0,0 days 00:01:38.423000,0 days 00:00:31.588000,0 days 00:00:42.692000,0 days 00:00:24.143000,HARD,20.0,3.0,,,1,4.0,False,2025,Bahrain,R,98.423,31.588,42.692,24.143,97.7235,0.6995000000000005,96.132,2.290999999999997,0.6995000000000005,101.543,98.292,3.2510000000000048,57.0,0.9122807017543859,25.0,0.8,400.0,2704.0,0,0,1,0,0,0,1,0.0,0.0,20.0,21
LEC,Ferrari,53.0,0 days 00:01:37.583000,0 days 00:00:31.288000,0 days 00:00:42.278000,0 days 00:00:24.017000,HARD,21.0,3.0,,,1,4.0,False,2025,Bahrain,R,97.583,31.288,42.278,24.017,97.7235,0.14050000000000296,96.132,1.4509999999999934,-0.14050000000000296,100.763,98.292,2.4710000000000036,57.0,0.9298245614035088,25.0,0.84,441.0,2809.0,0,0,1,0,0,0,1,0.0,0.0,21.0,21
LEC,Ferrari,54.0,0 days 00:01:37.794000,0 days 00:00:31.127000,0 days 00:00:42.614000,0 days 00:00:24.053000,HARD,22.0,3.0,,,1,4.0,False,2025,Bahrain,R,97.794,31.127,42.614,24.053,97.7235,0.07049999999999557,96.132,1.661999999999992,0.07049999999999557,101.03399999999999,98.292,2.7419999999999902,57.0,0.9473684210526315,25.0,0.88,484.0,2916.0,0,0,1,0,0,0,1,0.0,0.0,22.0,21
LEC,Ferrari,55.0,0 days 00:01:37.586000,0 days 00:00:31.324000,0 days 00:00:42.224000,0 days 00:00:24.038000,HARD,23.0,3.0,,,1,4.0,False,2025,Bahrain,R,97.586,31.324,42.224,24.038,97.7235,0.13750000000000284,96.132,1.4539999999999935,-0.13750000000000284,100.886,98.292,2.593999999999994,57.0,0.9649122807017544,25.0,0.92,529.0,3025.0,0,0,1,0,0,0,1,0.0,0.0,23.0,21
LEC,Ferrari,56.0,0 days 00:01:37.666000,0 days 00:00:31.216000,0 days 00:00:42.390000,0 days 00:00:24.060000,HARD,24.0,3.0,,,1,4.0,False,2025,Bahrain,R,97.666,31.216,42.39,24.06,97.7235,0.05750000000000455,96.132,1.5339999999999918,-0.05750000000000455,101.026,98.292,2.7339999999999947,57.0,0.9824561403508771,25.0,0.96,576.0,3136.0,0,0,1,0,0,0,1,0.0,0.0,24.0,21
LEC,Ferrari,57.0,0 days 00:01:38.273000,0 days 00:00:31.476000,0 days 00:00:42.583000,0 days 00:00:24.214000,HARD,25.0,3.0,,,1,4.0,False,2025,Bahrain,R,98.273,31.476,42.583,24.214,97.7235,0.5494999999999948,96.132,2.140999999999991,0.5494999999999948,101.693,98.292,3.4009999999999962,57.0,1.0,25.0,1.0,625.0,3249.0,0,0,1,0,0,0,1,0.0,0.0,25.0,21
NOR,McLaren,1.0,0 days 00:01:40.424000,,0 days 00:00:42.491000,0 days 00:00:23.969000,SOFT,4.0,1.0,,,1,3.0,False,2025,Bahrain,R,100.424,,42.491,23.969,97.867,2.557000000000002,100.424,0.0,2.557000000000002,100.48400000000001,100.48400000000001,0.0,57.0,0.017543859649122806,12.0,0.3333333333333333,16.0,1.0,1,0,0,1,1,0,0,4.0,0.0,0.0,9
NOR,McLaren,2.0,0 days 00:01:37.910000,0 days 00:00:31.193000,0 days 00:00:42.593000,0 days 00:00:24.124000,SOFT,5.0,1.0,,,1,3.0,False,2025,Bahrain,R,97.91,31.193,42.593,24.124,97.867,0.042999999999992156,100.424,-2.51400000000001,0.042999999999992156,98.03,100.48400000000001,-2.4540000000000077,57.0,0.03508771929824561,12.0,0.4166666666666667,25.0,4.0,1,0,0,1,1,0,0,5.0,0.0,0.0,9
NOR,McLaren,3.0,0 days 00:01:38.417000,0 days 00:00:31.039000,0 days 00:00:43.110000,0 days 00:00:24.268000,SOFT,6.0,1.0,,,1,3.0,False,2025,Bahrain,R,98.417,31.039,43.11,24.268,97.867,0.5499999999999972,100.424,-2.007000000000005,0.5499999999999972,98.59700000000001,100.48400000000001,-1.8870000000000005,57.0,0.05263157894736842,12.0,0.5,36.0,9.0,1,0,0,1,1,0,0,6.0,0.0,0.0,9
NOR,McLaren,4.0,0 days 00:01:38.235000,0 days 00:00:31.052000,0 days 00:00:42.808000,0 days 00:00:24.375000,SOFT,7.0,1.0,,,1,3.0,False,2025,Bahrain,R,98.235,31.052,42.808,24.375,97.867,0.367999999999995,100.424,-2.189000000000007,0.367999999999995,98.475,100.48400000000001,-2.0090000000000146,57.0,0.07017543859649122,12.0,0.5833333333333334,49.0,16.0,1,0,0,1,1,0,0,7.0,0.0,0.0,9
NOR,McLaren,5.0,0 days 00:01:38.604000,0 days 00:00:31.146000,0 days 00:00:43.114000,0 days 00:00:24.344000,SOFT,8.0,1.0,,,1,3.0,False,2025,Bahrain,R,98.604,31.146,43.114,24.344,97.867,0.7369999999999948,100.424,-1.8200000000000074,0.7369999999999948,98.904,100.48400000000001,-1.5800000000000125,57.0,0.08771929824561403,12.0,0.6666666666666666,64.0,25.0,1,0,0,1,1,0,0,8.0,0.0,0.0,9
NOR,McLaren,6.0,0 days 00:01:38.570000,0 days 00:00:31.176000,0 days 00:00:43.090000,0 days 00:00:24.304000,SOFT,9.0,1.0,,,1,3.0,False,2025,Bahrain,R,98.57,31.176,43.09,24.304,97.867,0.7029999999999887,100.424,-1.8540000000000134,0.7029999999999887,98.92999999999999,100.48400000000001,-1.5540000000000163,57.0,0.10526315789473684,12.0,0.75,81.0,36.0,1,0,0,1,1,0,0,9.0,0.0,0.0,9
NOR,McLaren,7.0,0 days 00:01:38.468000,0 days 00:00:31.093000,0 days 00:00:42.936000,0 days 00:00:24.439000,SOFT,10.0,1.0,,,1,3.0,False,2025,Bahrain,R,98.468,31.093,42.936,24.439,97.867,0.6009999999999991,100.424,-1.956000000000003,0.6009999999999991,98.888,100.48400000000001,-1.5960000000000036,57.0,0.12280701754385964,12.0,0.8333333333333334,100.0,49.0,1,0,0,1,1,0,0,10.0,0.0,0.0,9
NOR,McLaren,8.0,0 days 00:01:38.970000,0 days 00:00:31.197000,0 days 00:00:43.276000,0 days 00:00:24.497000,SOFT,11.0,1.0,,,1,3.0,False,2025,Bahrain,R,98.97,31.197,43.276,24.497,97.867,1.1029999999999944,100.424,-1.4540000000000077,1.1029999999999944,99.45,100.48400000000001,-1.034000000000006,57.0,0.14035087719298245,12.0,0.9166666666666666,121.0,64.0,1,0,0,1,1,0,0,11.0,0.0,0.0,9
NOR,McLaren,9.0,0 days 00:01:39.104000,0 days 00:00:31.318000,0 days 00:00:43.201000,0 days 00:00:24.585000,SOFT,12.0,1.0,,,1,3.0,False,2025,Bahrain,R,99.104,31.318,43.201,24.585,97.867,1.2369999999999948,100.424,-1.3200000000000074,1.2369999999999948,99.644,100.48400000000001,-0.8400000000000034,57.0,0.15789473684210525,12.0,1.0,144.0,81.0,1,0,0,1,1,0,0,12.0,0.0,0.0,9
NOR,McLaren,12.0,0 days 00:01:37.867000,0 days 00:00:30.815000,0 days 00:00:43.067000,0 days 00:00:23.985000,MEDIUM,2.0,2.0,,,1,11.0,False,2025,Bahrain,R,97.867,30.815,43.067,23.985,97.867,0.0,97.867,0.0,0.0,98.587,98.587,0.0,57.0,0.21052631578947367,21.0,0.09523809523809523,4.0,144.0,0,1,0,1,0,1,0,0.0,2.0,0.0,20
NOR,McLaren,13.0,0 days 00:01:37.453000,0 days 00:00:31.024000,0 days 00:00:42.436000,0 days 00:00:23.993000,MEDIUM,3.0,2.0,,,1,10.0,False,2025,Bahrain,R,97.453,31.024,42.436,23.993,97.867,0.4140000000000015,97.867,-0.4140000000000015,-0.4140000000000015,98.233,98.587,-0.3539999999999992,57.0,0.22807017543859648,21.0,0.14285714285714285,9.0,169.0,0,1,0,1,0,1,0,0.0,3.0,0.0,20
NOR,McLaren,14.0,0 days 00:01:38.773000,0 days 00:00:31.361000,0 days 00:00:43.039000,0 days 00:00:24.373000,MEDIUM,4.0,2.0,,,1,9.0,False,2025,Bahrain,R,98.773,31.361,43.039,24.373,97.867,0.9059999999999917,97.867,0.9059999999999917,0.9059999999999917,99.613,98.587,1.0259999999999962,57.0,0.24561403508771928,21.0,0.19047619047619047,16.0,196.0,0,1,0,1,0,1,0,0.0,4.0,0.0,20
NOR,McLaren,15.0,0 days 00:01:37.747000,0 days 00:00:30.986000,0 days 00:00:42.706000,0 days 00:00:24.055000,MEDIUM,5.0,2.0,,,1,6.0,False,2025,Bahrain,R,97.747,30.986,42.706,24.055,97.867,0.12000000000000455,97.867,-0.12000000000000455,-0.12000000000000455,98.647,98.587,0.060000000000002274,57.0,0.2631578947368421,21.0,0.23809523809523808,25.0,225.0,0,1,0,1,0,1,0,0.0,5.0,0.0,20
NOR,McLaren,16.0,0 days 00:01:38.394000,0 days 00:00:31.244000,0 days 00:00:42.725000,0 days 00:00:24.425000,MEDIUM,6.0,2.0,,,1,5.0,False,2025,Bahrain,R,98.394,31.244,42.725,24.425,97.867,0.527000000000001,97.867,0.527000000000001,0.527000000000001,99.354,98.587,0.7669999999999959,57.0,0.2807017543859649,21.0,0.2857142857142857,36.0,256.0,0,1,0,1,0,1,0,0.0,6.0,0.0,20
NOR,McLaren,17.0,0 days 00:01:37.567000,0 days 00:00:30.969000,0 days 00:00:42.575000,0 days 00:00:24.023000,MEDIUM,7.0,2.0,,,1,5.0,False,2025,Bahrain,R,97.567,30.969,42.575,24.023,97.867,0.30000000000001137,97.867,-0.30000000000001137,-0.30000000000001137,98.58699999999999,98.587,-1.4210854715202004e-14,57.0,0.2982456140350877,21.0,0.3333333333333333,49.0,289.0,0,1,0,1,0,1,0,0.0,7.0,0.0,20
NOR,McLaren,18.0,0 days 00:01:37.670000,0 days 00:00:31.058000,0 days 00:00:42.459000,0 days 00:00:24.153000,MEDIUM,8.0,2.0,,,1,3.0,False,2025,Bahrain,R,97.67,31.058,42.459,24.153,97.867,0.19700000000000273,97.867,-0.19700000000000273,-0.19700000000000273,98.75,98.587,0.1629999999999967,57.0,0.3157894736842105,21.0,0.38095238095238093,64.0,324.0,0,1,0,1,0,1,0,0.0,8.0,0.0,20
NOR,McLaren,19.0,0 days 00:01:37.655000,0 days 00:00:31.238000,0 days 00:00:42.302000,0 days 00:00:24.115000,MEDIUM,9.0,2.0,,,1,3.0,False,2025,Bahrain,R,97.655,31.238,42.302,24.115,97.867,0.2120000000000033,97.867,-0.2120000000000033,-0.2120000000000033,98.795,98.587,0.2079999999999984,57.0,0.3333333333333333,21.0,0.42857142857142855,81.0,361.0,0,1,0,0,0,1,0,0.0,9.0,0.0,20
NOR,McLaren,20.0,0 days 00:01:37.926000,0 days 00:00:31.211000,0 days 00:00:42.683000,0 days 00:00:24.032000,MEDIUM,10.0,2.0,,,1,3.0,False,2025,Bahrain,R,97.926,31.211,42.683,24.032,97.867,0.0589999999999975,97.867,0.0589999999999975,0.0589999999999975,99.126,98.587,0.5390000000000015,57.0,0.3508771929824561,21.0,0.47619047619047616,100.0,400.0,0,1,0,0,0,1,0,0.0,10.0,0.0,20
NOR,McLaren,21.0,0 days 00:01:37.983000,0 days 00:00:31.438000,0 days 00:00:42.494000,0 days 00:00:24.051000,MEDIUM,11.0,2.0,,,1,3.0,False,2025,Bahrain,R,97.983,31.438,42.494,24.051,97.867,0.11599999999999966,97.867,0.11599999999999966,0.11599999999999966,99.24300000000001,98.587,0.6560000000000059,57.0,0.3684210526315789,21.0,0.5238095238095238,121.0,441.0,0,1,0,0,0,1,0,0.0,11.0,0.0,20
NOR,McLaren,22.0,0 days 00:01:37.787000,0 days 00:00:31.271000,0 days 00:00:42.444000,0 days 00:00:24.072000,MEDIUM,12.0,2.0,,,1,3.0,False,2025,Bahrain,R,97.787,31.271,42.444,24.072,97.867,0.0799999999999983,97.867,-0.0799999999999983,-0.0799999999999983,99.107,98.587,0.519999999999996,57.0,0.38596491228070173,21.0,0.5714285714285714,144.0,484.0,0,1,0,0,0,1,0,0.0,12.0,0.0,20
NOR,McLaren,23.0,0 days 00:01:38.134000,0 days 00:00:31.346000,0 days 00:00:42.519000,0 days 00:00:24.269000,MEDIUM,13.0,2.0,,,1,3.0,False,2025,Bahrain,R,98.134,31.346,42.519,24.269,97.867,0.2669999999999959,97.867,0.2669999999999959,0.2669999999999959,99.514,98.587,0.9269999999999925,57.0,0.40350877192982454,21.0,0.6190476190476191,169.0,529.0,0,1,0,0,0,1,0,0.0,13.0,0.0,20
NOR,McLaren,24.0,0 days 00:01:37.983000,0 days 00:00:31.587000,0 days 00:00:42.393000,0 days 00:00:24.003000,MEDIUM,14.0,2.0,,,1,3.0,False,2025,Bahrain,R,97.983,31.587,42.393,24.003,97.867,0.11599999999999966,97.867,0.11599999999999966,0.11599999999999966,99.423,98.587,0.8359999999999985,57.0,0.42105263157894735,21.0,0.6666666666666666,196.0,576.0,0,1,0,0,0,1,0,0.0,14.0,0.0,20
NOR,McLaren,25.0,0 days 00:01:39.290000,0 days 00:00:32.025000,0 days 00:00:43.027000,0 days 00:00:24.238000,MEDIUM,15.0,2.0,,,1,4.0,False,2025,Bahrain,R,99.29,32.025,43.027,24.238,97.867,1.4230000000000018,97.867,1.4230000000000018,1.4230000000000018,100.79,98.587,2.203000000000003,57.0,0.43859649122807015,21.0,0.7142857142857143,225.0,625.0,0,1,0,0,0,1,0,0.0,15.0,0.0,20
NOR,McLaren,26.0,0 days 00:01:38.215000,0 days 00:00:31.467000,0 days 00:00:42.659000,0 days 00:00:24.089000,MEDIUM,16.0,2.0,,,1,4.0,False,2025,Bahrain,R,98.215,31.467,42.659,24.089,97.867,0.347999999999999,97.867,0.347999999999999,0.347999999999999,99.775,98.587,1.1880000000000024,57.0,0.45614035087719296,21.0,0.7619047619047619,256.0,676.0,0,1,0,0,0,1,0,0.0,16.0,0.0,20
NOR,McLaren,27.0,0 days 00:01:37.970000,0 days 00:00:31.320000,0 days 00:00:42.401000,0 days 00:00:24.249000,MEDIUM,17.0,2.0,,,1,4.0,False,2025,Bahrain,R,97.97,31.32,42.401,24.249,97.867,0.10299999999999443,97.867,0.10299999999999443,0.10299999999999443,99.59,98.587,1.0030000000000001,57.0,0.47368421052631576,21.0,0.8095238095238095,289.0,729.0,0,1,0,0,0,1,0,0.0,17.0,0.0,20
NOR,McLaren,28.0,0 days 00:01:37.949000,0 days 00:00:31.412000,0 days 00:00:42.417000,0 days 00:00:24.120000,MEDIUM,18.0,2.0,,,1,4.0,False,2025,Bahrain,R,97.949,31.412,42.417,24.12,97.867,0.08199999999999363,97.867,0.08199999999999363,0.08199999999999363,99.629,98.587,1.0420000000000016,57.0,0.49122807017543857,21.0,0.8571428571428571,324.0,784.0,0,1,0,0,0,1,0,0.0,18.0,0.0,20
NOR,McLaren,29.0,0 days 00:01:38.130000,0 days 00:00:31.643000,0 days 00:00:42.344000,0 days 00:00:24.143000,MEDIUM,19.0,2.0,,,1,4.0,False,2025,Bahrain,R,98.13,31.643,42.344,24.143,97.867,0.262999999999991,97.867,0.262999999999991,0.262999999999991,99.86999999999999,98.587,1.282999999999987,57.0,0.5087719298245614,21.0,0.9047619047619048,361.0,841.0,0,1,0,0,0,1,0,0.0,19.0,0.0,20
NOR,McLaren,30.0,0 days 00:01:37.736000,0 days 00:00:31.353000,0 days 00:00:42.291000,0 days 00:00:24.092000,MEDIUM,20.0,2.0,,,1,4.0,False,2025,Bahrain,R,97.736,31.353,42.291,24.092,97.867,0.13100000000000023,97.867,-0.13100000000000023,-0.13100000000000023,99.536,98.587,0.9489999999999981,57.0,0.5263157894736842,21.0,0.9523809523809523,400.0,900.0,0,1,0,0,0,1,0,0.0,20.0,0.0,20
NOR,McLaren,31.0,0 days 00:01:37.927000,0 days 00:00:31.346000,0 days 00:00:42.527000,0 days 00:00:24.054000,MEDIUM,21.0,2.0,,,1,4.0,False,2025,Bahrain,R,97.927,31.346,42.527,24.054,97.867,0.060000000000002274,97.867,0.060000000000002274,0.060000000000002274,99.787,98.587,1.2000000000000028,57.0,0.543859649122807,21.0,1.0,441.0,961.0,0,1,0,0,0,1,0,0.0,21.0,0.0,20
NOR,McLaren,37.0,0 days 00:01:37.967000,0 days 00:00:32.673000,0 days 00:00:41.735000,0 days 00:00:23.559000,MEDIUM,5.0,3.0,,,1,5.0,False,2025,Bahrain,R,97.967,32.673,41.735,23.559,97.867,0.09999999999999432,97.967,0.0,0.09999999999999432,100.187,100.187,0.0,57.0,0.6491228070175439,25.0,0.2,25.0,1369.0,0,0,0,0,0,1,0,0.0,5.0,0.0,20
NOR,McLaren,38.0,0 days 00:01:35.728000,0 days 00:00:30.584000,0 days 00:00:41.696000,0 days 00:00:23.448000,MEDIUM,6.0,3.0,,,1,4.0,False,2025,Bahrain,R,95.728,30.584,41.696,23.448,97.867,2.13900000000001,97.967,-2.2390000000000043,-2.13900000000001,98.008,100.187,-2.179000000000002,57.0,0.6666666666666666,25.0,0.24,36.0,1444.0,0,0,1,0,0,1,0,0.0,6.0,0.0,20
NOR,McLaren,39.0,0 days 00:01:36.259000,0 days 00:00:30.981000,0 days 00:00:41.609000,0 days 00:00:23.669000,MEDIUM,7.0,3.0,,,1,4.0,False,2025,Bahrain,R,96.259,30.981,41.609,23.669,97.867,1.608000000000004,97.967,-1.7079999999999984,-1.608000000000004,98.599,100.187,-1.5879999999999939,57.0,0.6842105263157895,25.0,0.28,49.0,1521.0,0,0,1,0,0,1,0,0.0,7.0,0.0,20
NOR,McLaren,40.0,0 days 00:01:36.121000,0 days 00:00:30.828000,0 days 00:00:41.791000,0 days 00:00:23.502000,MEDIUM,8.0,3.0,,,1,4.0,False,2025,Bahrain,R,96.121,30.828,41.791,23.502,97.867,1.7460000000000093,97.967,-1.8460000000000036,-1.7460000000000093,98.521,100.187,-1.6659999999999968,57.0,0.7017543859649122,25.0,0.32,64.0,1600.0,0,0,1,0,0,1,0,0.0,8.0,0.0,20
NOR,McLaren,41.0,0 days 00:01:36.259000,0 days 00:00:30.958000,0 days 00:00:41.785000,0 days 00:00:23.516000,MEDIUM,9.0,3.0,,,1,4.0,False,2025,Bahrain,R,96.259,30.958,41.785,23.516,97.867,1.608000000000004,97.967,-1.7079999999999984,-1.608000000000004,98.719,100.187,-1.4680000000000035,57.0,0.7192982456140351,25.0,0.36,81.0,1681.0,0,0,1,0,0,1,0,0.0,9.0,0.0,20
NOR,McLaren,42.0,0 days 00:01:36.143000,0 days 00:00:30.907000,0 days 00:00:41.753000,0 days 00:00:23.483000,MEDIUM,10.0,3.0,,,1,4.0,False,2025,Bahrain,R,96.143,30.907,41.753,23.483,97.867,1.7240000000000038,97.967,-1.823999999999998,-1.7240000000000038,98.663,100.187,-1.524000000000001,57.0,0.7368421052631579,25.0,0.4,100.0,1764.0,0,0,1,0,0,1,0,0.0,10.0,0.0,20
NOR,McLaren,43.0,0 days 00:01:36.042000,0 days 00:00:30.781000,0 days 00:00:41.467000,0 days 00:00:23.794000,MEDIUM,11.0,3.0,,,1,4.0,False,2025,Bahrain,R,96.042,30.781,41.467,23.794,97.867,1.8250000000000028,97.967,-1.9249999999999972,-1.8250000000000028,98.622,100.187,-1.5649999999999977,57.0,0.7543859649122807,25.0,0.44,121.0,1849.0,0,0,1,0,0,1,0,0.0,11.0,0.0,20
NOR,McLaren,44.0,0 days 00:01:36.452000,0 days 00:00:30.715000,0 days 00:00:41.927000,0 days 00:00:23.810000,MEDIUM,12.0,3.0,,,1,4.0,False,2025,Bahrain,R,96.452,30.715,41.927,23.81,97.867,1.4150000000000063,97.967,-1.5150000000000006,-1.4150000000000063,99.092,100.187,-1.0949999999999989,57.0,0.7719298245614035,25.0,0.48,144.0,1936.0,0,0,1,0,0,1,0,0.0,12.0,0.0,20
NOR,McLaren,45.0,0 days 00:01:36.594000,0 days 00:00:30.723000,0 days 00:00:42.013000,0 days 00:00:23.858000,MEDIUM,13.0,3.0,,,1,4.0,False,2025,Bahrain,R,96.594,30.723,42.013,23.858,97.867,1.2730000000000103,97.967,-1.3730000000000047,-1.2730000000000103,99.294,100.187,-0.8930000000000007,57.0,0.7894736842105263,25.0,0.52,169.0,2025.0,0,0,1,0,0,1,0,0.0,13.0,0.0,20
NOR,McLaren,46.0,0 days 00:01:37.651000,0 days 00:00:31.934000,0 days 00:00:42.047000,0 days 00:00:23.670000,MEDIUM,14.0,3.0,,,1,4.0,False,2025,Bahrain,R,97.651,31.934,42.047,23.67,97.867,0.21600000000000819,97.967,-0.3160000000000025,-0.21600000000000819,100.411,100.187,0.22400000000000375,57.0,0.8070175438596491,25.0,0.56,196.0,2116.0,0,0,1,0,0,1,0,0.0,14.0,0.0,20
NOR,McLaren,47.0,0 days 00:01:36.315000,0 days 00:00:31.013000,0 days 00:00:41.659000,0 days 00:00:23.643000,MEDIUM,15.0,3.0,,,1,4.0,False,2025,Bahrain,R,96.315,31.013,41.659,23.643,97.867,1.5520000000000067,97.967,-1.652000000000001,-1.5520000000000067,99.13499999999999,100.187,-1.0520000000000067,57.0,0.8245614035087719,25.0,0.6,225.0,2209.0,0,0,1,0,0,1,0,0.0,15.0,0.0,20
NOR,McLaren,48.0,0 days 00:01:36.579000,0 days 00:00:30.746000,0 days 00:00:41.937000,0 days 00:00:23.896000,MEDIUM,16.0,3.0,,,1,4.0,False,2025,Bahrain,R,96.579,30.746,41.937,23.896,97.867,1.288000000000011,97.967,-1.3880000000000052,-1.288000000000011,99.45899999999999,100.187,-0.7280000000000086,57.0,0.8421052631578947,25.0,0.64,256.0,2304.0,0,0,1,0,0,1,0,0.0,16.0,0.0,20
NOR,McLaren,50.0,0 days 00:01:37.036000,0 days 00:00:30.828000,0 days 00:00:42.352000,0 days 00:00:23.856000,MEDIUM,18.0,3.0,,,1,4.0,False,2025,Bahrain,R,97.036,30.828,42.352,23.856,97.867,0.8310000000000031,97.967,-0.9309999999999974,-0.8310000000000031,100.036,100.187,-0.15099999999999625,57.0,0.8771929824561403,25.0,0.72,324.0,2500.0,0,0,1,0,0,1,0,0.0,18.0,0.0,20
NOR,McLaren,51.0,0 days 00:01:37.083000,0 days 00:00:30.834000,0 days 00:00:42.118000,0 days 00:00:24.131000,MEDIUM,19.0,3.0,,,1,4.0,False,2025,Bahrain,R,97.083,30.834,42.118,24.131,97.867,0.784000000000006,97.967,-0.8840000000000003,-0.784000000000006,100.143,100.187,-0.04399999999999693,57.0,0.8947368421052632,25.0,0.76,361.0,2601.0,0,0,1,0,0,1,0,0.0,19.0,0.0,20
NOR,McLaren,52.0,0 days 00:01:36.325000,0 days 00:00:30.888000,0 days 00:00:41.659000,0 days 00:00:23.778000,MEDIUM,20.0,3.0,,,1,3.0,False,2025,Bahrain,R,96.325,30.888,41.659,23.778,97.867,1.5420000000000016,97.967,-1.641999999999996,-1.5420000000000016,99.44500000000001,100.187,-0.7419999999999902,57.0,0.9122807017543859,25.0,0.8,400.0,2704.0,0,0,1,0,0,1,0,0.0,20.0,0.0,20
NOR,McLaren,53.0,0 days 00:01:36.737000,0 days 00:00:31.105000,0 days 00:00:41.860000,0 days 00:00:23.772000,MEDIUM,21.0,3.0,,,1,3.0,False,2025,Bahrain,R,96.737,31.105,41.86,23.772,97.867,1.1300000000000097,97.967,-1.230000000000004,-1.1300000000000097,99.917,100.187,-0.269999999999996,57.0,0.9298245614035088,25.0,0.84,441.0,2809.0,0,0,1,0,0,1,0,0.0,21.0,0.0,20
NOR,McLaren,54.0,0 days 00:01:37.127000,0 days 00:00:31.090000,0 days 00:00:42.040000,0 days 00:00:23.997000,MEDIUM,22.0,3.0,,,1,3.0,False,2025,Bahrain,R,97.127,31.09,42.04,23.997,97.867,0.7400000000000091,97.967,-0.8400000000000034,-0.7400000000000091,100.36699999999999,100.187,0.1799999999999926,57.0,0.9473684210526315,25.0,0.88,484.0,2916.0,0,0,1,0,0,1,0,0.0,22.0,0.0,20
NOR,McLaren,55.0,0 days 00:01:37.340000,0 days 00:00:31.016000,0 days 00:00:42.209000,0 days 00:00:24.115000,MEDIUM,23.0,3.0,,,1,3.0,False,2025,Bahrain,R,97.34,31.016,42.209,24.115,97.867,0.527000000000001,97.967,-0.6269999999999953,-0.527000000000001,100.64,100.187,0.45300000000000296,57.0,0.9649122807017544,25.0,0.92,529.0,3025.0,0,0,1,0,0,1,0,0.0,23.0,0.0,20
NOR,McLaren,56.0,0 days 00:01:37.727000,0 days 00:00:31.068000,0 days 00:00:42.685000,0 days 00:00:23.974000,MEDIUM,24.0,3.0,,,1,3.0,False,2025,Bahrain,R,97.727,31.068,42.685,23.974,97.867,0.14000000000000057,97.967,-0.23999999999999488,-0.14000000000000057,101.087,100.187,0.9000000000000057,57.0,0.9824561403508771,25.0,0.96,576.0,3136.0,0,0,1,0,0,1,0,0.0,24.0,0.0,20
NOR,McLaren,57.0,0 days 00:01:38.129000,0 days 00:00:31.393000,0 days 00:00:42.508000,0 days 00:00:24.228000,MEDIUM,25.0,3.0,,,1,3.0,False,2025,Bahrain,R,98.129,31.393,42.508,24.228,97.867,0.26200000000000045,97.967,0.16200000000000614,0.26200000000000045,101.549,100.187,1.362000000000009,57.0,1.0,25.0,1.0,625.0,3249.0,0,0,1,0,0,1,0,0.0,25.0,0.0,20
OCO,Haas F1 Team,1.0,0 days 00:01:46.156000,,0 days 00:00:44.392000,0 days 00:00:24.711000,SOFT,1.0,1.0,,,1,13.0,False,2025,Bahrain,R,106.156,,44.392,24.711,98.4,7.756,106.156,0.0,7.756,106.21600000000001,106.21600000000001,0.0,57.0,0.017543859649122806,7.0,0.14285714285714285,1.0,1.0,1,0,0,1,1,0,0,1.0,0.0,0.0,7
OCO,Haas F1 Team,2.0,0 days 00:01:38.883000,0 days 00:00:31.351000,0 days 00:00:43.229000,0 days 00:00:24.303000,SOFT,2.0,1.0,,,1,12.0,False,2025,Bahrain,R,98.883,31.351,43.229,24.303,98.4,0.4829999999999899,106.156,-7.27300000000001,0.4829999999999899,99.003,106.21600000000001,-7.213000000000008,57.0,0.03508771929824561,7.0,0.2857142857142857,4.0,4.0,1,0,0,1,1,0,0,2.0,0.0,0.0,7
OCO,Haas F1 Team,3.0,0 days 00:01:38.726000,0 days 00:00:30.973000,0 days 00:00:43.266000,0 days 00:00:24.487000,SOFT,3.0,1.0,,,1,12.0,False,2025,Bahrain,R,98.726,30.973,43.266,24.487,98.4,0.3259999999999934,106.156,-7.430000000000007,0.3259999999999934,98.906,106.21600000000001,-7.310000000000002,57.0,0.05263157894736842,7.0,0.42857142857142855,9.0,9.0,1,0,0,1,1,0,0,3.0,0.0,0.0,7
OCO,Haas F1 Team,4.0,0 days 00:01:38.766000,0 days 00:00:31.019000,0 days 00:00:43.217000,0 days 00:00:24.530000,SOFT,4.0,1.0,,,1,12.0,False,2025,Bahrain,R,98.766,31.019,43.217,24.53,98.4,0.36599999999999966,106.156,-7.390000000000001,0.36599999999999966,99.006,106.21600000000001,-7.210000000000008,57.0,0.07017543859649122,7.0,0.5714285714285714,16.0,16.0,1,0,0,1,1,0,0,4.0,0.0,0.0,7
OCO,Haas F1 Team,5.0,0 days 00:01:39.240000,0 days 00:00:31.175000,0 days 00:00:43.479000,0 days 00:00:24.586000,SOFT,5.0,1.0,,,1,12.0,False,2025,Bahrain,R,99.24,31.175,43.479,24.586,98.4,0.8399999999999892,106.156,-6.916000000000011,0.8399999999999892,99.53999999999999,106.21600000000001,-6.676000000000016,57.0,0.08771929824561403,7.0,0.7142857142857143,25.0,25.0,1,0,0,1,1,0,0,5.0,0.0,0.0,7
OCO,Haas F1 Team,6.0,0 days 00:01:39.447000,0 days 00:00:31.312000,0 days 00:00:43.498000,0 days 00:00:24.637000,SOFT,6.0,1.0,,,1,12.0,False,2025,Bahrain,R,99.447,31.312,43.498,24.637,98.4,1.046999999999997,106.156,-6.709000000000003,1.046999999999997,99.807,106.21600000000001,-6.409000000000006,57.0,0.10526315789473684,7.0,0.8571428571428571,36.0,36.0,1,0,0,1,1,0,0,6.0,0.0,0.0,7
OCO,Haas F1 Team,7.0,0 days 00:01:39.408000,0 days 00:00:31.218000,0 days 00:00:43.384000,0 days 00:00:24.806000,SOFT,7.0,1.0,,,1,12.0,False,2025,Bahrain,R,99.408,31.218,43.384,24.806,98.4,1.0079999999999956,106.156,-6.748000000000005,1.0079999999999956,99.828,106.21600000000001,-6.388000000000005,57.0,0.12280701754385964,7.0,1.0,49.0,49.0,1,0,0,1,1,0,0,7.0,0.0,0.0,7
OCO,Haas F1 Team,10.0,0 days 00:01:37.553000,0 days 00:00:31.066000,0 days 00:00:42.543000,0 days 00:00:23.944000,MEDIUM,2.0,2.0,,,1,17.0,False,2025,Bahrain,R,97.553,31.066,42.543,23.944,98.4,0.8470000000000084,97.553,0.0,-0.8470000000000084,98.15299999999999,98.15299999999999,0.0,57.0,0.17543859649122806,18.0,0.1111111111111111,4.0,100.0,0,1,0,1,0,1,0,0.0,2.0,0.0,17
OCO,Haas F1 Team,11.0,0 days 00:01:38.172000,0 days 00:00:31,0 days 00:00:43.042000,0 days 00:00:24.130000,MEDIUM,3.0,2.0,,,1,16.0,False,2025,Bahrain,R,98.172,31.0,43.042,24.13,98.4,0.22800000000000864,97.553,0.6189999999999998,-0.22800000000000864,98.832,98.15299999999999,0.679000000000002,57.0,0.19298245614035087,18.0,0.16666666666666666,9.0,121.0,0,1,0,1,0,1,0,0.0,3.0,0.0,17
OCO,Haas F1 Team,12.0,0 days 00:01:37.817000,0 days 00:00:31.078000,0 days 00:00:42.620000,0 days 00:00:24.119000,MEDIUM,4.0,2.0,,,1,15.0,False,2025,Bahrain,R,97.817,31.078,42.62,24.119,98.4,0.5830000000000126,97.553,0.2639999999999958,-0.5830000000000126,98.53699999999999,98.15299999999999,0.38400000000000034,57.0,0.21052631578947367,18.0,0.2222222222222222,16.0,144.0,0,1,0,1,0,1,0,0.0,4.0,0.0,17
OCO,Haas F1 Team,13.0,0 days 00:01:38.425000,0 days 00:00:31.049000,0 days 00:00:42.982000,0 days 00:00:24.394000,MEDIUM,5.0,2.0,,,1,12.0,False,2025,Bahrain,R,98.425,31.049,42.982,24.394,98.4,0.024999999999991473,97.553,0.8719999999999999,0.024999999999991473,99.205,98.15299999999999,1.0520000000000067,57.0,0.22807017543859648,18.0,0.2777777777777778,25.0,169.0,0,1,0,1,0,1,0,0.0,5.0,0.0,17
OCO,Haas F1 Team,14.0,0 days 00:01:37.990000,0 days 00:00:30.923000,0 days 00:00:42.815000,0 days 00:00:24.252000,MEDIUM,6.0,2.0,,,1,11.0,False,2025,Bahrain,R,97.99,30.923,42.815,24.252,98.4,0.4100000000000108,97.553,0.4369999999999976,-0.4100000000000108,98.83,98.15299999999999,0.6770000000000067,57.0,0.24561403508771928,18.0,0.3333333333333333,36.0,196.0,0,1,0,1,0,1,0,0.0,6.0,0.0,17
OCO,Haas F1 Team,15.0,0 days 00:01:38.239000,0 days 00:00:31.214000,0 days 00:00:42.846000,0 days 00:00:24.179000,MEDIUM,7.0,2.0,,,1,9.0,False,2025,Bahrain,R,98.239,31.214,42.846,24.179,98.4,0.16100000000000136,97.553,0.686000000000007,-0.16100000000000136,99.13900000000001,98.15299999999999,0.9860000000000184,57.0,0.2631578947368421,18.0,0.3888888888888889,49.0,225.0,0,1,0,1,0,1,0,0.0,7.0,0.0,17
OCO,Haas F1 Team,16.0,0 days 00:01:39.288000,0 days 00:00:31.436000,0 days 00:00:43.281000,0 days 00:00:24.571000,MEDIUM,8.0,2.0,,,1,8.0,False,2025,Bahrain,R,99.288,31.436,43.281,24.571,98.4,0.887999999999991,97.553,1.7349999999999994,0.887999999999991,100.24799999999999,98.15299999999999,2.094999999999999,57.0,0.2807017543859649,18.0,0.4444444444444444,64.0,256.0,0,1,0,1,0,1,0,0.0,8.0,0.0,17
OCO,Haas F1 Team,17.0,0 days 00:01:38.275000,0 days 00:00:31.098000,0 days 00:00:42.905000,0 days 00:00:24.272000,MEDIUM,9.0,2.0,,,1,7.0,False,2025,Bahrain,R,98.275,31.098,42.905,24.272,98.4,0.125,97.553,0.7220000000000084,-0.125,99.295,98.15299999999999,1.1420000000000101,57.0,0.2982456140350877,18.0,0.5,81.0,289.0,0,1,0,1,0,1,0,0.0,9.0,0.0,17
OCO,Haas F1 Team,18.0,0 days 00:01:38.465000,0 days 00:00:31.299000,0 days 00:00:42.868000,0 days 00:00:24.298000,MEDIUM,10.0,2.0,,,1,6.0,False,2025,Bahrain,R,98.465,31.299,42.868,24.298,98.4,0.06499999999999773,97.553,0.9120000000000061,0.06499999999999773,99.545,98.15299999999999,1.3920000000000101,57.0,0.3157894736842105,18.0,0.5555555555555556,100.0,324.0,0,1,0,1,0,1,0,0.0,10.0,0.0,17
OCO,Haas F1 Team,19.0,0 days 00:01:38.400000,0 days 00:00:31.284000,0 days 00:00:42.811000,0 days 00:00:24.305000,MEDIUM,11.0,2.0,,,1,6.0,False,2025,Bahrain,R,98.4,31.284,42.811,24.305,98.4,0.0,97.553,0.8470000000000084,0.0,99.54,98.15299999999999,1.3870000000000147,57.0,0.3333333333333333,18.0,0.6111111111111112,121.0,361.0,0,1,0,0,0,1,0,0.0,11.0,0.0,17
OCO,Haas F1 Team,20.0,0 days 00:01:38.619000,0 days 00:00:31.381000,0 days 00:00:42.988000,0 days 00:00:24.250000,MEDIUM,12.0,2.0,,,1,6.0,False,2025,Bahrain,R,98.619,31.381,42.988,24.25,98.4,0.2189999999999941,97.553,1.0660000000000025,0.2189999999999941,99.819,98.15299999999999,1.666000000000011,57.0,0.3508771929824561,18.0,0.6666666666666666,144.0,400.0,0,1,0,0,0,1,0,0.0,12.0,0.0,17
OCO,Haas F1 Team,21.0,0 days 00:01:38.787000,0 days 00:00:31.472000,0 days 00:00:42.929000,0 days 00:00:24.386000,MEDIUM,13.0,2.0,,,1,6.0,False,2025,Bahrain,R,98.787,31.472,42.929,24.386,98.4,0.38700000000000045,97.553,1.2340000000000089,0.38700000000000045,100.04700000000001,98.15299999999999,1.8940000000000197,57.0,0.3684210526315789,18.0,0.7222222222222222,169.0,441.0,0,1,0,0,0,1,0,0.0,13.0,0.0,17
OCO,Haas F1 Team,22.0,0 days 00:01:38.632000,0 days 00:00:31.431000,0 days 00:00:42.964000,0 days 00:00:24.237000,MEDIUM,14.0,2.0,,,1,6.0,False,2025,Bahrain,R,98.632,31.431,42.964,24.237,98.4,0.23199999999999932,97.553,1.0790000000000077,0.23199999999999932,99.952,98.15299999999999,1.7990000000000066,57.0,0.38596491228070173,18.0,0.7777777777777778,196.0,484.0,0,1,0,0,0,1,0,0.0,14.0,0.0,17
OCO,Haas F1 Team,23.0,0 days 00:01:38.918000,0 days 00:00:31.419000,0 days 00:00:43.149000,0 days 00:00:24.350000,MEDIUM,15.0,2.0,,,1,6.0,False,2025,Bahrain,R,98.918,31.419,43.149,24.35,98.4,0.5180000000000007,97.553,1.365000000000009,0.5180000000000007,100.298,98.15299999999999,2.1450000000000102,57.0,0.40350877192982454,18.0,0.8333333333333334,225.0,529.0,0,1,0,0,0,1,0,0.0,15.0,0.0,17
OCO,Haas F1 Team,24.0,0 days 00:01:38.840000,0 days 00:00:31.443000,0 days 00:00:43.125000,0 days 00:00:24.272000,MEDIUM,16.0,2.0,,,1,6.0,False,2025,Bahrain,R,98.84,31.443,43.125,24.272,98.4,0.4399999999999977,97.553,1.2870000000000061,0.4399999999999977,100.28,98.15299999999999,2.1270000000000095,57.0,0.42105263157894735,18.0,0.8888888888888888,256.0,576.0,0,1,0,0,0,1,0,0.0,16.0,0.0,17
OCO,Haas F1 Team,25.0,0 days 00:01:39.405000,0 days 00:00:31.583000,0 days 00:00:43.301000,0 days 00:00:24.521000,MEDIUM,17.0,2.0,,,1,6.0,False,2025,Bahrain,R,99.405,31.583,43.301,24.521,98.4,1.0049999999999955,97.553,1.8520000000000039,1.0049999999999955,100.905,98.15299999999999,2.7520000000000095,57.0,0.43859649122807015,18.0,0.9444444444444444,289.0,625.0,0,1,0,0,0,1,0,0.0,17.0,0.0,17
OCO,Haas F1 Team,26.0,0 days 00:01:39.882000,0 days 00:00:31.974000,0 days 00:00:43.507000,0 days 00:00:24.401000,MEDIUM,18.0,2.0,,,1,7.0,False,2025,Bahrain,R,99.882,31.974,43.507,24.401,98.4,1.4819999999999993,97.553,2.3290000000000077,1.4819999999999993,101.44200000000001,98.15299999999999,3.2890000000000157,57.0,0.45614035087719296,18.0,1.0,324.0,676.0,0,1,0,0,0,1,0,0.0,18.0,0.0,17
OCO,Haas F1 Team,29.0,0 days 00:01:37.161000,0 days 00:00:30.954000,0 days 00:00:42.353000,0 days 00:00:23.854000,HARD,2.0,3.0,,,1,12.0,False,2025,Bahrain,R,97.161,30.954,42.353,23.854,98.4,1.2390000000000043,97.161,0.0,-1.2390000000000043,98.901,98.901,0.0,57.0,0.5087719298245614,30.0,0.06666666666666667,4.0,841.0,0,0,0,0,0,0,1,0.0,0.0,2.0,25
OCO,Haas F1 Team,30.0,0 days 00:01:37.098000,0 days 00:00:31.041000,0 days 00:00:42.168000,0 days 00:00:23.889000,HARD,3.0,3.0,,,1,12.0,False,2025,Bahrain,R,97.098,31.041,42.168,23.889,98.4,1.3020000000000067,97.161,-0.06300000000000239,-1.3020000000000067,98.898,98.901,-0.0030000000000001137,57.0,0.5263157894736842,30.0,0.1,9.0,900.0,0,0,0,0,0,0,1,0.0,0.0,3.0,25
OCO,Haas F1 Team,31.0,0 days 00:01:37.530000,0 days 00:00:30.993000,0 days 00:00:42.488000,0 days 00:00:24.049000,HARD,4.0,3.0,,,1,11.0,False,2025,Bahrain,R,97.53,30.993,42.488,24.049,98.4,0.8700000000000045,97.161,0.3689999999999998,-0.8700000000000045,99.39,98.901,0.4890000000000043,57.0,0.543859649122807,30.0,0.13333333333333333,16.0,961.0,0,0,0,0,0,0,1,0.0,0.0,4.0,25
OCO,Haas F1 Team,36.0,0 days 00:01:38.212000,0 days 00:00:31.738000,0 days 00:00:42.549000,0 days 00:00:23.925000,HARD,9.0,3.0,,,1,7.0,False,2025,Bahrain,R,98.212,31.738,42.549,23.925,98.4,0.1880000000000024,97.161,1.051000000000002,-0.1880000000000024,100.372,98.901,1.4710000000000036,57.0,0.631578947368421,30.0,0.3,81.0,1296.0,0,0,0,0,0,0,1,0.0,0.0,9.0,25
OCO,Haas F1 Team,37.0,0 days 00:01:37.401000,0 days 00:00:31.138000,0 days 00:00:42.300000,0 days 00:00:23.963000,HARD,10.0,3.0,,,1,7.0,False,2025,Bahrain,R,97.401,31.138,42.3,23.963,98.4,0.9990000000000094,97.161,0.23999999999999488,-0.9990000000000094,99.621,98.901,0.7199999999999989,57.0,0.6491228070175439,30.0,0.3333333333333333,100.0,1369.0,0,0,0,0,0,0,1,0.0,0.0,10.0,25
OCO,Haas F1 Team,38.0,0 days 00:01:38.081000,0 days 00:00:31.431000,0 days 00:00:42.615000,0 days 00:00:24.035000,HARD,11.0,3.0,,,1,8.0,False,2025,Bahrain,R,98.081,31.431,42.615,24.035,98.4,0.3190000000000026,97.161,0.9200000000000017,-0.3190000000000026,100.361,98.901,1.460000000000008,57.0,0.6666666666666666,30.0,0.36666666666666664,121.0,1444.0,0,0,1,0,0,0,1,0.0,0.0,11.0,25
OCO,Haas F1 Team,39.0,0 days 00:01:37.541000,0 days 00:00:31.190000,0 days 00:00:42.337000,0 days 00:00:24.014000,HARD,12.0,3.0,,,1,8.0,False,2025,Bahrain,R,97.541,31.19,42.337,24.014,98.4,0.8590000000000089,97.161,0.37999999999999545,-0.8590000000000089,99.881,98.901,0.980000000000004,57.0,0.6842105263157895,30.0,0.4,144.0,1521.0,0,0,1,0,0,0,1,0.0,0.0,12.0,25
OCO,Haas F1 Team,40.0,0 days 00:01:37.480000,0 days 00:00:31.091000,0 days 00:00:42.417000,0 days 00:00:23.972000,HARD,13.0,3.0,,,1,8.0,False,2025,Bahrain,R,97.48,31.091,42.417,23.972,98.4,0.9200000000000017,97.161,0.3190000000000026,-0.9200000000000017,99.88000000000001,98.901,0.9790000000000134,57.0,0.7017543859649122,30.0,0.43333333333333335,169.0,1600.0,0,0,1,0,0,0,1,0.0,0.0,13.0,25
OCO,Haas F1 Team,41.0,0 days 00:01:37.447000,0 days 00:00:31.111000,0 days 00:00:42.330000,0 days 00:00:24.006000,HARD,14.0,3.0,,,1,8.0,False,2025,Bahrain,R,97.447,31.111,42.33,24.006,98.4,0.953000000000003,97.161,0.28600000000000136,-0.953000000000003,99.907,98.901,1.0060000000000002,57.0,0.7192982456140351,30.0,0.4666666666666667,196.0,1681.0,0,0,1,0,0,0,1,0.0,0.0,14.0,25
OCO,Haas F1 Team,42.0,0 days 00:01:37.716000,0 days 00:00:31.211000,0 days 00:00:42.398000,0 days 00:00:24.107000,HARD,15.0,3.0,,,1,8.0,False,2025,Bahrain,R,97.716,31.211,42.398,24.107,98.4,0.6840000000000117,97.161,0.5549999999999926,-0.6840000000000117,100.23599999999999,98.901,1.3349999999999937,57.0,0.7368421052631579,30.0,0.5,225.0,1764.0,0,0,1,0,0,0,1,0.0,0.0,15.0,25
OCO,Haas F1 Team,43.0,0 days 00:01:37.703000,0 days 00:00:31.201000,0 days 00:00:42.385000,0 days 00:00:24.117000,HARD,16.0,3.0,,,1,8.0,False,2025,Bahrain,R,97.703,31.201,42.385,24.117,98.4,0.6970000000000027,97.161,0.5420000000000016,-0.6970000000000027,100.283,98.901,1.382000000000005,57.0,0.7543859649122807,30.0,0.5333333333333333,256.0,1849.0,0,0,1,0,0,0,1,0.0,0.0,16.0,25
OCO,Haas F1 Team,44.0,0 days 00:01:37.955000,0 days 00:00:31.418000,0 days 00:00:42.465000,0 days 00:00:24.072000,HARD,17.0,3.0,,,1,8.0,False,2025,Bahrain,R,97.955,31.418,42.465,24.072,98.4,0.4450000000000074,97.161,0.7939999999999969,-0.4450000000000074,100.595,98.901,1.6940000000000026,57.0,0.7719298245614035,30.0,0.5666666666666667,289.0,1936.0,0,0,1,0,0,0,1,0.0,0.0,17.0,25
OCO,Haas F1 Team,45.0,0 days 00:01:37.639000,0 days 00:00:31.126000,0 days 00:00:42.456000,0 days 00:00:24.057000,HARD,18.0,3.0,,,1,8.0,False,2025,Bahrain,R,97.639,31.126,42.456,24.057,98.4,0.7610000000000099,97.161,0.47799999999999443,-0.7610000000000099,100.339,98.901,1.4380000000000024,57.0,0.7894736842105263,30.0,0.6,324.0,2025.0,0,0,1,0,0,0,1,0.0,0.0,18.0,25
OCO,Haas F1 Team,46.0,0 days 00:01:37.660000,0 days 00:00:31.182000,0 days 00:00:42.462000,0 days 00:00:24.016000,HARD,19.0,3.0,,,1,8.0,False,2025,Bahrain,R,97.66,31.182,42.462,24.016,98.4,0.7400000000000091,97.161,0.4989999999999952,-0.7400000000000091,100.42,98.901,1.5190000000000055,57.0,0.8070175438596491,30.0,0.6333333333333333,361.0,2116.0,0,0,1,0,0,0,1,0.0,0.0,19.0,25
OCO,Haas F1 Team,47.0,0 days 00:01:37.842000,0 days 00:00:31.209000,0 days 00:00:42.574000,0 days 00:00:24.059000,HARD,20.0,3.0,,,1,8.0,False,2025,Bahrain,R,97.842,31.209,42.574,24.059,98.4,0.5580000000000069,97.161,0.6809999999999974,-0.5580000000000069,100.66199999999999,98.901,1.7609999999999957,57.0,0.8245614035087719,30.0,0.6666666666666666,400.0,2209.0,0,0,1,0,0,0,1,0.0,0.0,20.0,25
OCO,Haas F1 Team,48.0,0 days 00:01:37.874000,0 days 00:00:31.206000,0 days 00:00:42.579000,0 days 00:00:24.089000,HARD,21.0,3.0,,,1,8.0,False,2025,Bahrain,R,97.874,31.206,42.579,24.089,98.4,0.5260000000000105,97.161,0.7129999999999939,-0.5260000000000105,100.75399999999999,98.901,1.8529999999999944,57.0,0.8421052631578947,30.0,0.7,441.0,2304.0,0,0,1,0,0,0,1,0.0,0.0,21.0,25
OCO,Haas F1 Team,49.0,0 days 00:01:37.806000,0 days 00:00:31.256000,0 days 00:00:42.446000,0 days 00:00:24.104000,HARD,22.0,3.0,,,1,8.0,False,2025,Bahrain,R,97.806,31.256,42.446,24.104,98.4,0.5940000000000083,97.161,0.644999999999996,-0.5940000000000083,100.746,98.901,1.8449999999999989,57.0,0.8596491228070176,30.0,0.7333333333333333,484.0,2401.0,0,0,1,0,0,0,1,0.0,0.0,22.0,25
OCO,Haas F1 Team,50.0,0 days 00:01:38.191000,0 days 00:00:31.368000,0 days 00:00:42.705000,0 days 00:00:24.118000,HARD,23.0,3.0,,,1,8.0,False,2025,Bahrain,R,98.191,31.368,42.705,24.118,98.4,0.20900000000000318,97.161,1.0300000000000011,-0.20900000000000318,101.191,98.901,2.2900000000000063,57.0,0.8771929824561403,30.0,0.7666666666666667,529.0,2500.0,0,0,1,0,0,0,1,0.0,0.0,23.0,25
OCO,Haas F1 Team,51.0,0 days 00:01:38.332000,0 days 00:00:31.289000,0 days 00:00:42.817000,0 days 00:00:24.226000,HARD,24.0,3.0,,,1,8.0,False,2025,Bahrain,R,98.332,31.289,42.817,24.226,98.4,0.06800000000001205,97.161,1.1709999999999923,-0.06800000000001205,101.392,98.901,2.4909999999999997,57.0,0.8947368421052632,30.0,0.8,576.0,2601.0,0,0,1,0,0,0,1,0.0,0.0,24.0,25
OCO,Haas F1 Team,52.0,0 days 00:01:38.395000,0 days 00:00:31.352000,0 days 00:00:42.847000,0 days 00:00:24.196000,HARD,25.0,3.0,,,1,8.0,False,2025,Bahrain,R,98.395,31.352,42.847,24.196,98.4,0.005000000000009663,97.161,1.2339999999999947,-0.005000000000009663,101.515,98.901,2.6140000000000043,57.0,0.9122807017543859,30.0,0.8333333333333334,625.0,2704.0,0,0,1,0,0,0,1,0.0,0.0,25.0,25
OCO,Haas F1 Team,53.0,0 days 00:01:38.432000,0 days 00:00:31.336000,0 days 00:00:42.863000,0 days 00:00:24.233000,HARD,26.0,3.0,,,1,8.0,False,2025,Bahrain,R,98.432,31.336,42.863,24.233,98.4,0.031999999999996476,97.161,1.2710000000000008,0.031999999999996476,101.612,98.901,2.7109999999999985,57.0,0.9298245614035088,30.0,0.8666666666666667,676.0,2809.0,0,0,1,0,0,0,1,0.0,0.0,26.0,25
OCO,Haas F1 Team,54.0,0 days 00:01:38.413000,0 days 00:00:31.417000,0 days 00:00:42.875000,0 days 00:00:24.121000,HARD,27.0,3.0,,,1,8.0,False,2025,Bahrain,R,98.413,31.417,42.875,24.121,98.4,0.012999999999991019,97.161,1.2519999999999953,0.012999999999991019,101.65299999999999,98.901,2.7519999999999953,57.0,0.9473684210526315,30.0,0.9,729.0,2916.0,0,0,1,0,0,0,1,0.0,0.0,27.0,25
OCO,Haas F1 Team,55.0,0 days 00:01:38.573000,0 days 00:00:31.423000,0 days 00:00:42.894000,0 days 00:00:24.256000,HARD,28.0,3.0,,,1,8.0,False,2025,Bahrain,R,98.573,31.423,42.894,24.256,98.4,0.1729999999999876,97.161,1.411999999999992,0.1729999999999876,101.87299999999999,98.901,2.971999999999994,57.0,0.9649122807017544,30.0,0.9333333333333333,784.0,3025.0,0,0,1,0,0,0,1,0.0,0.0,28.0,25
OCO,Haas F1 Team,56.0,0 days 00:01:38.555000,0 days 00:00:31.453000,0 days 00:00:42.834000,0 days 00:00:24.268000,HARD,29.0,3.0,,,1,8.0,False,2025,Bahrain,R,98.555,31.453,42.834,24.268,98.4,0.15500000000000114,97.161,1.3940000000000055,0.15500000000000114,101.915,98.901,3.01400000000001,57.0,0.9824561403508771,30.0,0.9666666666666667,841.0,3136.0,0,0,1,0,0,0,1,0.0,0.0,29.0,25
OCO,Haas F1 Team,57.0,0 days 00:01:39.099000,0 days 00:00:31.572000,0 days 00:00:43.182000,0 days 00:00:24.345000,HARD,30.0,3.0,,,1,8.0,False,2025,Bahrain,R,99.099,31.572,43.182,24.345,98.4,0.6989999999999981,97.161,1.9380000000000024,0.6989999999999981,102.519,98.901,3.618000000000009,57.0,1.0,30.0,1.0,900.0,3249.0,0,0,1,0,0,0,1,0.0,0.0,30.0,25
PIA,McLaren,1.0,0 days 00:01:38.693000,,0 days 00:00:42.130000,0 days 00:00:23.956000,SOFT,4.0,1.0,,,1,1.0,False,2025,Bahrain,R,98.693,,42.13,23.956,97.53,1.1629999999999967,98.693,0.0,1.1629999999999967,98.753,98.753,0.0,57.0,0.017543859649122806,16.0,0.25,16.0,1.0,1,0,0,1,1,0,0,4.0,0.0,0.0,13
PIA,McLaren,2.0,0 days 00:01:37.492000,0 days 00:00:31.139000,0 days 00:00:42.343000,0 days 00:00:24.010000,SOFT,5.0,1.0,,,1,1.0,False,2025,Bahrain,R,97.492,31.139,42.343,24.01,97.53,0.0379999999999967,98.693,-1.2009999999999934,-0.0379999999999967,97.61200000000001,98.753,-1.1409999999999911,57.0,0.03508771929824561,16.0,0.3125,25.0,4.0,1,0,0,1,1,0,0,5.0,0.0,0.0,13
PIA,McLaren,3.0,0 days 00:01:38.083000,0 days 00:00:31.306000,0 days 00:00:42.727000,0 days 00:00:24.050000,SOFT,6.0,1.0,,,1,1.0,False,2025,Bahrain,R,98.083,31.306,42.727,24.05,97.53,0.5529999999999973,98.693,-0.6099999999999994,0.5529999999999973,98.263,98.753,-0.4899999999999949,57.0,0.05263157894736842,16.0,0.375,36.0,9.0,1,0,0,1,1,0,0,6.0,0.0,0.0,13
PIA,McLaren,4.0,0 days 00:01:38.133000,0 days 00:00:31.326000,0 days 00:00:42.796000,0 days 00:00:24.011000,SOFT,7.0,1.0,,,1,1.0,False,2025,Bahrain,R,98.133,31.326,42.796,24.011,97.53,0.6029999999999944,98.693,-0.5600000000000023,0.6029999999999944,98.37299999999999,98.753,-0.38000000000000966,57.0,0.07017543859649122,16.0,0.4375,49.0,16.0,1,0,0,1,1,0,0,7.0,0.0,0.0,13
PIA,McLaren,5.0,0 days 00:01:38.043000,0 days 00:00:31.305000,0 days 00:00:42.690000,0 days 00:00:24.048000,SOFT,8.0,1.0,,,1,1.0,False,2025,Bahrain,R,98.043,31.305,42.69,24.048,97.53,0.5130000000000052,98.693,-0.6499999999999915,0.5130000000000052,98.343,98.753,-0.4099999999999966,57.0,0.08771929824561403,16.0,0.5,64.0,25.0,1,0,0,1,1,0,0,8.0,0.0,0.0,13
PIA,McLaren,6.0,0 days 00:01:38.363000,0 days 00:00:31.336000,0 days 00:00:42.880000,0 days 00:00:24.147000,SOFT,9.0,1.0,,,1,1.0,False,2025,Bahrain,R,98.363,31.336,42.88,24.147,97.53,0.8329999999999984,98.693,-0.3299999999999983,0.8329999999999984,98.723,98.753,-0.030000000000001137,57.0,0.10526315789473684,16.0,0.5625,81.0,36.0,1,0,0,1,1,0,0,9.0,0.0,0.0,13
PIA,McLaren,7.0,0 days 00:01:38.498000,0 days 00:00:31.448000,0 days 00:00:42.862000,0 days 00:00:24.188000,SOFT,10.0,1.0,,,1,1.0,False,2025,Bahrain,R,98.498,31.448,42.862,24.188,97.53,0.9680000000000035,98.693,-0.19499999999999318,0.9680000000000035,98.918,98.753,0.16500000000000625,57.0,0.12280701754385964,16.0,0.625,100.0,49.0,1,0,0,1,1,0,0,10.0,0.0,0.0,13
PIA,McLaren,8.0,0 days 00:01:38.567000,0 days 00:00:31.500000,0 days 00:00:42.865000,0 days 00:00:24.202000,SOFT,11.0,1.0,,,1,1.0,False,2025,Bahrain,R,98.567,31.5,42.865,24.202,97.53,1.036999999999992,98.693,-0.12600000000000477,1.036999999999992,99.047,98.753,0.29399999999999693,57.0,0.14035087719298245,16.0,0.6875,121.0,64.0,1,0,0,1,1,0,0,11.0,0.0,0.0,13
PIA,McLaren,9.0,0 days 00:01:38.800000,0 days 00:00:31.521000,0 days 00:00:42.944000,0 days 00:00:24.335000,SOFT,12.0,1.0,,,1,1.0,False,2025,Bahrain,R,98.8,31.521,42.944,24.335,97.53,1.269999999999996,98.693,0.10699999999999932,1.269999999999996,99.34,98.753,0.5870000000000033,57.0,0.15789473684210525,16.0,0.75,144.0,81.0,1,0,0,1,1,0,0,12.0,0.0,0.0,13
PIA,McLaren,10.0,0 days 00:01:38.549000,0 days 00:00:31.452000,0 days 00:00:42.868000,0 days 00:00:24.229000,SOFT,13.0,1.0,,,1,1.0,False,2025,Bahrain,R,98.549,31.452,42.868,24.229,97.53,1.0190000000000055,98.693,-0.14399999999999125,1.0190000000000055,99.149,98.753,0.3960000000000008,57.0,0.17543859649122806,16.0,0.8125,169.0,100.0,1,0,0,1,1,0,0,13.0,0.0,0.0,13
PIA,McLaren,11.0,0 days 00:01:38.681000,0 days 00:00:31.426000,0 days 00:00:43.024000,0 days 00:00:24.231000,SOFT,14.0,1.0,,,1,1.0,False,2025,Bahrain,R,98.681,31.426,43.024,24.231,97.53,1.1509999999999962,98.693,-0.012000000000000455,1.1509999999999962,99.341,98.753,0.5879999999999939,57.0,0.19298245614035087,16.0,0.875,196.0,121.0,1,0,0,1,1,0,0,14.0,0.0,0.0,13
PIA,McLaren,12.0,0 days 00:01:39.028000,0 days 00:00:31.526000,0 days 00:00:43.156000,0 days 00:00:24.346000,SOFT,15.0,1.0,,,1,1.0,False,2025,Bahrain,R,99.028,31.526,43.156,24.346,97.53,1.4980000000000047,98.693,0.33500000000000796,1.4980000000000047,99.748,98.753,0.9950000000000045,57.0,0.21052631578947367,16.0,0.9375,225.0,144.0,1,0,0,1,1,0,0,15.0,0.0,0.0,13
PIA,McLaren,13.0,0 days 00:01:38.763000,0 days 00:00:31.482000,0 days 00:00:43.069000,0 days 00:00:24.212000,SOFT,16.0,1.0,,,1,1.0,False,2025,Bahrain,R,98.763,31.482,43.069,24.212,97.53,1.233000000000004,98.693,0.07000000000000739,1.233000000000004,99.543,98.753,0.7900000000000063,57.0,0.22807017543859648,16.0,1.0,256.0,169.0,1,0,0,1,1,0,0,16.0,0.0,0.0,13
PIA,McLaren,16.0,0 days 00:01:38.063000,0 days 00:00:31.078000,0 days 00:00:43.003000,0 days 00:00:23.982000,MEDIUM,2.0,2.0,,,1,3.0,False,2025,Bahrain,R,98.063,31.078,43.003,23.982,97.53,0.5330000000000013,98.063,0.0,0.5330000000000013,99.023,99.023,0.0,57.0,0.2807017543859649,17.0,0.11764705882352941,4.0,256.0,0,1,0,1,0,1,0,0.0,2.0,0.0,15
PIA,McLaren,17.0,0 days 00:01:37.733000,0 days 00:00:30.997000,0 days 00:00:42.803000,0 days 00:00:23.933000,MEDIUM,3.0,2.0,,,1,3.0,False,2025,Bahrain,R,97.733,30.997,42.803,23.933,97.53,0.20300000000000296,98.063,-0.3299999999999983,0.20300000000000296,98.753,99.023,-0.269999999999996,57.0,0.2982456140350877,17.0,0.17647058823529413,9.0,289.0,0,1,0,1,0,1,0,0.0,3.0,0.0,15
PIA,McLaren,18.0,0 days 00:01:37.688000,0 days 00:00:31.042000,0 days 00:00:42.772000,0 days 00:00:23.874000,MEDIUM,4.0,2.0,,,1,1.0,False,2025,Bahrain,R,97.688,31.042,42.772,23.874,97.53,0.15800000000000125,98.063,-0.375,0.15800000000000125,98.768,99.023,-0.25499999999999545,57.0,0.3157894736842105,17.0,0.23529411764705882,16.0,324.0,0,1,0,1,0,1,0,0.0,4.0,0.0,15
PIA,McLaren,19.0,0 days 00:01:37.891000,0 days 00:00:31.134000,0 days 00:00:42.835000,0 days 00:00:23.922000,MEDIUM,5.0,2.0,,,1,1.0,False,2025,Bahrain,R,97.891,31.134,42.835,23.922,97.53,0.3610000000000042,98.063,-0.17199999999999704,0.3610000000000042,99.031,99.023,0.008000000000009777,57.0,0.3333333333333333,17.0,0.29411764705882354,25.0,361.0,0,1,0,0,0,1,0,0.0,5.0,0.0,15
PIA,McLaren,20.0,0 days 00:01:37.504000,0 days 00:00:31.126000,0 days 00:00:42.551000,0 days 00:00:23.827000,MEDIUM,6.0,2.0,,,1,1.0,False,2025,Bahrain,R,97.504,31.126,42.551,23.827,97.53,0.02599999999999625,98.063,-0.5589999999999975,-0.02599999999999625,98.70400000000001,99.023,-0.3189999999999884,57.0,0.3508771929824561,17.0,0.35294117647058826,36.0,400.0,0,1,0,0,0,1,0,0.0,6.0,0.0,15
PIA,McLaren,21.0,0 days 00:01:37.712000,0 days 00:00:31.053000,0 days 00:00:42.769000,0 days 00:00:23.890000,MEDIUM,7.0,2.0,,,1,1.0,False,2025,Bahrain,R,97.712,31.053,42.769,23.89,97.53,0.18200000000000216,98.063,-0.3509999999999991,0.18200000000000216,98.97200000000001,99.023,-0.05099999999998772,57.0,0.3684210526315789,17.0,0.4117647058823529,49.0,441.0,0,1,0,0,0,1,0,0.0,7.0,0.0,15
PIA,McLaren,22.0,0 days 00:01:37.142000,0 days 00:00:31.072000,0 days 00:00:42.247000,0 days 00:00:23.823000,MEDIUM,8.0,2.0,,,1,1.0,False,2025,Bahrain,R,97.142,31.072,42.247,23.823,97.53,0.38800000000000523,98.063,-0.9210000000000065,-0.38800000000000523,98.46199999999999,99.023,-0.561000000000007,57.0,0.38596491228070173,17.0,0.47058823529411764,64.0,484.0,0,1,0,0,0,1,0,0.0,8.0,0.0,15
PIA,McLaren,24.0,0 days 00:01:37.634000,0 days 00:00:31.153000,0 days 00:00:42.568000,0 days 00:00:23.913000,MEDIUM,10.0,2.0,,,1,1.0,False,2025,Bahrain,R,97.634,31.153,42.568,23.913,97.53,0.1039999999999992,98.063,-0.42900000000000205,0.1039999999999992,99.074,99.023,0.05100000000000193,57.0,0.42105263157894735,17.0,0.5882352941176471,100.0,576.0,0,1,0,0,0,1,0,0.0,10.0,0.0,15
PIA,McLaren,25.0,0 days 00:01:37.811000,0 days 00:00:31.347000,0 days 00:00:42.591000,0 days 00:00:23.873000,MEDIUM,11.0,2.0,,,1,1.0,False,2025,Bahrain,R,97.811,31.347,42.591,23.873,97.53,0.2810000000000059,98.063,-0.25199999999999534,0.2810000000000059,99.311,99.023,0.2880000000000109,57.0,0.43859649122807015,17.0,0.6470588235294118,121.0,625.0,0,1,0,0,0,1,0,0.0,11.0,0.0,15
PIA,McLaren,26.0,0 days 00:01:37.390000,0 days 00:00:31.095000,0 days 00:00:42.426000,0 days 00:00:23.869000,MEDIUM,12.0,2.0,,,1,1.0,False,2025,Bahrain,R,97.39,31.095,42.426,23.869,97.53,0.14000000000000057,98.063,-0.6730000000000018,-0.14000000000000057,98.95,99.023,-0.07299999999999329,57.0,0.45614035087719296,17.0,0.7058823529411765,144.0,676.0,0,1,0,0,0,1,0,0.0,12.0,0.0,15
PIA,McLaren,27.0,0 days 00:01:37.579000,0 days 00:00:31.064000,0 days 00:00:42.526000,0 days 00:00:23.989000,MEDIUM,13.0,2.0,,,1,1.0,False,2025,Bahrain,R,97.579,31.064,42.526,23.989,97.53,0.04899999999999238,98.063,-0.48400000000000887,0.04899999999999238,99.199,99.023,0.17600000000000193,57.0,0.47368421052631576,17.0,0.7647058823529411,169.0,729.0,0,1,0,0,0,1,0,0.0,13.0,0.0,15
PIA,McLaren,28.0,0 days 00:01:37.693000,0 days 00:00:31.228000,0 days 00:00:42.482000,0 days 00:00:23.983000,MEDIUM,14.0,2.0,,,1,1.0,False,2025,Bahrain,R,97.693,31.228,42.482,23.983,97.53,0.1629999999999967,98.063,-0.37000000000000455,0.1629999999999967,99.373,99.023,0.3500000000000085,57.0,0.49122807017543857,17.0,0.8235294117647058,196.0,784.0,0,1,0,0,0,1,0,0.0,14.0,0.0,15
PIA,McLaren,29.0,0 days 00:01:37.677000,0 days 00:00:31.178000,0 days 00:00:42.547000,0 days 00:00:23.952000,MEDIUM,15.0,2.0,,,1,1.0,False,2025,Bahrain,R,97.677,31.178,42.547,23.952,97.53,0.14700000000000557,98.063,-0.3859999999999957,0.14700000000000557,99.417,99.023,0.39400000000000546,57.0,0.5087719298245614,17.0,0.8823529411764706,225.0,841.0,0,1,0,0,0,1,0,0.0,15.0,0.0,15
PIA,McLaren,30.0,0 days 00:01:37.811000,0 days 00:00:31.408000,0 days 00:00:42.483000,0 days 00:00:23.920000,MEDIUM,16.0,2.0,,,1,1.0,False,2025,Bahrain,R,97.811,31.408,42.483,23.92,97.53,0.2810000000000059,98.063,-0.25199999999999534,0.2810000000000059,99.611,99.023,0.5880000000000081,57.0,0.5263157894736842,17.0,0.9411764705882353,256.0,900.0,0,1,0,0,0,1,0,0.0,16.0,0.0,15
PIA,McLaren,31.0,0 days 00:01:37.556000,0 days 00:00:31.137000,0 days 00:00:42.532000,0 days 00:00:23.887000,MEDIUM,17.0,2.0,,,1,1.0,False,2025,Bahrain,R,97.556,31.137,42.532,23.887,97.53,0.02599999999999625,98.063,-0.507000000000005,0.02599999999999625,99.416,99.023,0.3930000000000007,57.0,0.543859649122807,17.0,1.0,289.0,961.0,0,1,0,0,0,1,0,0.0,17.0,0.0,15
PIA,McLaren,36.0,0 days 00:01:35.140000,0 days 00:00:30.548000,0 days 00:00:41.215000,0 days 00:00:23.377000,MEDIUM,4.0,3.0,,,1,1.0,False,2025,Bahrain,R,95.14,30.548,41.215,23.377,97.53,2.3900000000000006,95.14,0.0,-2.3900000000000006,97.3,97.3,0.0,57.0,0.631578947368421,25.0,0.16,16.0,1296.0,0,0,0,0,0,1,0,0.0,4.0,0.0,22
PIA,McLaren,37.0,0 days 00:01:35.375000,0 days 00:00:30.644000,0 days 00:00:41.272000,0 days 00:00:23.459000,MEDIUM,5.0,3.0,,,1,1.0,False,2025,Bahrain,R,95.375,30.644,41.272,23.459,97.53,2.155000000000001,95.14,0.23499999999999943,-2.155000000000001,97.595,97.3,0.2950000000000017,57.0,0.6491228070175439,25.0,0.2,25.0,1369.0,0,0,0,0,0,1,0,0.0,5.0,0.0,22
PIA,McLaren,38.0,0 days 00:01:35.997000,0 days 00:00:30.732000,0 days 00:00:41.780000,0 days 00:00:23.485000,MEDIUM,6.0,3.0,,,1,1.0,False,2025,Bahrain,R,95.997,30.732,41.78,23.485,97.53,1.5330000000000013,95.14,0.8569999999999993,-1.5330000000000013,98.277,97.3,0.9770000000000039,57.0,0.6666666666666666,25.0,0.24,36.0,1444.0,0,0,1,0,0,1,0,0.0,6.0,0.0,22
PIA,McLaren,39.0,0 days 00:01:36.174000,0 days 00:00:30.738000,0 days 00:00:41.913000,0 days 00:00:23.523000,MEDIUM,7.0,3.0,,,1,1.0,False,2025,Bahrain,R,96.174,30.738,41.913,23.523,97.53,1.3559999999999945,95.14,1.034000000000006,-1.3559999999999945,98.51400000000001,97.3,1.2140000000000128,57.0,0.6842105263157895,25.0,0.28,49.0,1521.0,0,0,1,0,0,1,0,0.0,7.0,0.0,22
PIA,McLaren,40.0,0 days 00:01:36.360000,0 days 00:00:30.889000,0 days 00:00:41.986000,0 days 00:00:23.485000,MEDIUM,8.0,3.0,,,1,1.0,False,2025,Bahrain,R,96.36,30.889,41.986,23.485,97.53,1.1700000000000017,95.14,1.2199999999999989,-1.1700000000000017,98.76,97.3,1.460000000000008,57.0,0.7017543859649122,25.0,0.32,64.0,1600.0,0,0,1,0,0,1,0,0.0,8.0,0.0,22
PIA,McLaren,41.0,0 days 00:01:36.326000,0 days 00:00:30.912000,0 days 00:00:41.839000,0 days 00:00:23.575000,MEDIUM,9.0,3.0,,,1,1.0,False,2025,Bahrain,R,96.326,30.912,41.839,23.575,97.53,1.2040000000000077,95.14,1.1859999999999928,-1.2040000000000077,98.78599999999999,97.3,1.48599999999999,57.0,0.7192982456140351,25.0,0.36,81.0,1681.0,0,0,1,0,0,1,0,0.0,9.0,0.0,22
PIA,McLaren,42.0,0 days 00:01:36.249000,0 days 00:00:30.950000,0 days 00:00:41.813000,0 days 00:00:23.486000,MEDIUM,10.0,3.0,,,1,1.0,False,2025,Bahrain,R,96.249,30.95,41.813,23.486,97.53,1.281000000000006,95.14,1.1089999999999947,-1.281000000000006,98.76899999999999,97.3,1.468999999999994,57.0,0.7368421052631579,25.0,0.4,100.0,1764.0,0,0,1,0,0,1,0,0.0,10.0,0.0,22
PIA,McLaren,43.0,0 days 00:01:36.118000,0 days 00:00:30.841000,0 days 00:00:41.710000,0 days 00:00:23.567000,MEDIUM,11.0,3.0,,,1,1.0,False,2025,Bahrain,R,96.118,30.841,41.71,23.567,97.53,1.4120000000000061,95.14,0.9779999999999944,-1.4120000000000061,98.698,97.3,1.3979999999999961,57.0,0.7543859649122807,25.0,0.44,121.0,1849.0,0,0,1,0,0,1,0,0.0,11.0,0.0,22
PIA,McLaren,44.0,0 days 00:01:36.289000,0 days 00:00:30.843000,0 days 00:00:41.882000,0 days 00:00:23.564000,MEDIUM,12.0,3.0,,,1,1.0,False,2025,Bahrain,R,96.289,30.843,41.882,23.564,97.53,1.2409999999999997,95.14,1.149000000000001,-1.2409999999999997,98.929,97.3,1.6290000000000049,57.0,0.7719298245614035,25.0,0.48,144.0,1936.0,0,0,1,0,0,1,0,0.0,12.0,0.0,22
PIA,McLaren,45.0,0 days 00:01:36.035000,0 days 00:00:30.853000,0 days 00:00:41.629000,0 days 00:00:23.553000,MEDIUM,13.0,3.0,,,1,1.0,False,2025,Bahrain,R,96.035,30.853,41.629,23.553,97.53,1.4950000000000045,95.14,0.894999999999996,-1.4950000000000045,98.735,97.3,1.4350000000000023,57.0,0.7894736842105263,25.0,0.52,169.0,2025.0,0,0,1,0,0,1,0,0.0,13.0,0.0,22
PIA,McLaren,46.0,0 days 00:01:35.898000,0 days 00:00:30.839000,0 days 00:00:41.526000,0 days 00:00:23.533000,MEDIUM,14.0,3.0,,,1,1.0,False,2025,Bahrain,R,95.898,30.839,41.526,23.533,97.53,1.632000000000005,95.14,0.7579999999999956,-1.632000000000005,98.658,97.3,1.358000000000004,57.0,0.8070175438596491,25.0,0.56,196.0,2116.0,0,0,1,0,0,1,0,0.0,14.0,0.0,22
PIA,McLaren,47.0,0 days 00:01:36.090000,0 days 00:00:30.847000,0 days 00:00:41.685000,0 days 00:00:23.558000,MEDIUM,15.0,3.0,,,1,1.0,False,2025,Bahrain,R,96.09,30.847,41.685,23.558,97.53,1.4399999999999977,95.14,0.9500000000000028,-1.4399999999999977,98.91,97.3,1.6099999999999994,57.0,0.8245614035087719,25.0,0.6,225.0,2209.0,0,0,1,0,0,1,0,0.0,15.0,0.0,22
PIA,McLaren,48.0,0 days 00:01:36.357000,0 days 00:00:30.826000,0 days 00:00:41.850000,0 days 00:00:23.681000,MEDIUM,16.0,3.0,,,1,1.0,False,2025,Bahrain,R,96.357,30.826,41.85,23.681,97.53,1.1730000000000018,95.14,1.2169999999999987,-1.1730000000000018,99.237,97.3,1.9369999999999976,57.0,0.8421052631578947,25.0,0.64,256.0,2304.0,0,0,1,0,0,1,0,0.0,16.0,0.0,22
PIA,McLaren,49.0,0 days 00:01:36.815000,0 days 00:00:31.036000,0 days 00:00:42.078000,0 days 00:00:23.701000,MEDIUM,17.0,3.0,,,1,1.0,False,2025,Bahrain,R,96.815,31.036,42.078,23.701,97.53,0.7150000000000034,95.14,1.6749999999999972,-0.7150000000000034,99.755,97.3,2.4549999999999983,57.0,0.8596491228070176,25.0,0.68,289.0,2401.0,0,0,1,0,0,1,0,0.0,17.0,0.0,22
PIA,McLaren,50.0,0 days 00:01:36.263000,0 days 00:00:30.885000,0 days 00:00:41.878000,0 days 00:00:23.500000,MEDIUM,18.0,3.0,,,1,1.0,False,2025,Bahrain,R,96.263,30.885,41.878,23.5,97.53,1.266999999999996,95.14,1.1230000000000047,-1.266999999999996,99.263,97.3,1.963000000000008,57.0,0.8771929824561403,25.0,0.72,324.0,2500.0,0,0,1,0,0,1,0,0.0,18.0,0.0,22
PIA,McLaren,51.0,0 days 00:01:36.105000,0 days 00:00:30.851000,0 days 00:00:41.653000,0 days 00:00:23.601000,MEDIUM,19.0,3.0,,,1,1.0,False,2025,Bahrain,R,96.105,30.851,41.653,23.601,97.53,1.4249999999999972,95.14,0.9650000000000034,-1.4249999999999972,99.165,97.3,1.865000000000009,57.0,0.8947368421052632,25.0,0.76,361.0,2601.0,0,0,1,0,0,1,0,0.0,19.0,0.0,22
PIA,McLaren,52.0,0 days 00:01:35.961000,0 days 00:00:30.858000,0 days 00:00:41.503000,0 days 00:00:23.600000,MEDIUM,20.0,3.0,,,1,1.0,False,2025,Bahrain,R,95.961,30.858,41.503,23.6,97.53,1.5690000000000026,95.14,0.820999999999998,-1.5690000000000026,99.081,97.3,1.781000000000006,57.0,0.9122807017543859,25.0,0.8,400.0,2704.0,0,0,1,0,0,1,0,0.0,20.0,0.0,22
PIA,McLaren,53.0,0 days 00:01:36.333000,0 days 00:00:30.865000,0 days 00:00:41.789000,0 days 00:00:23.679000,MEDIUM,21.0,3.0,,,1,1.0,False,2025,Bahrain,R,96.333,30.865,41.789,23.679,97.53,1.1970000000000027,95.14,1.1929999999999978,-1.1970000000000027,99.513,97.3,2.213000000000008,57.0,0.9298245614035088,25.0,0.84,441.0,2809.0,0,0,1,0,0,1,0,0.0,21.0,0.0,22
PIA,McLaren,54.0,0 days 00:01:36.229000,0 days 00:00:30.936000,0 days 00:00:41.680000,0 days 00:00:23.613000,MEDIUM,22.0,3.0,,,1,1.0,False,2025,Bahrain,R,96.229,30.936,41.68,23.613,97.53,1.301000000000002,95.14,1.0889999999999986,-1.301000000000002,99.469,97.3,2.168999999999997,57.0,0.9473684210526315,25.0,0.88,484.0,2916.0,0,0,1,0,0,1,0,0.0,22.0,0.0,22
PIA,McLaren,55.0,0 days 00:01:36.259000,0 days 00:00:30.814000,0 days 00:00:41.864000,0 days 00:00:23.581000,MEDIUM,23.0,3.0,,,1,1.0,False,2025,Bahrain,R,96.259,30.814,41.864,23.581,97.53,1.2710000000000008,95.14,1.1189999999999998,-1.2710000000000008,99.559,97.3,2.2590000000000003,57.0,0.9649122807017544,25.0,0.92,529.0,3025.0,0,0,1,0,0,1,0,0.0,23.0,0.0,22
PIA,McLaren,56.0,0 days 00:01:36.243000,0 days 00:00:30.915000,0 days 00:00:41.772000,0 days 00:00:23.556000,MEDIUM,24.0,3.0,,,1,1.0,False,2025,Bahrain,R,96.243,30.915,41.772,23.556,97.53,1.2870000000000061,95.14,1.1029999999999944,-1.2870000000000061,99.603,97.3,2.3029999999999973,57.0,0.9824561403508771,25.0,0.96,576.0,3136.0,0,0,1,0,0,1,0,0.0,24.0,0.0,22
PIA,McLaren,57.0,0 days 00:01:36.588000,0 days 00:00:31.162000,0 days 00:00:41.763000,0 days 00:00:23.663000,MEDIUM,25.0,3.0,,,1,1.0,False,2025,Bahrain,R,96.588,31.162,41.763,23.663,97.53,0.9420000000000073,95.14,1.4479999999999933,-0.9420000000000073,100.008,97.3,2.7079999999999984,57.0,1.0,25.0,1.0,625.0,3249.0,0,0,1,0,0,1,0,0.0,25.0,0.0,22
RUS,Mercedes,1.0,0 days 00:01:39.582000,,0 days 00:00:42.305000,0 days 00:00:23.820000,SOFT,4.0,1.0,,,1,2.0,False,2025,Bahrain,R,99.582,,42.305,23.82,97.841,1.7409999999999997,99.582,0.0,1.7409999999999997,99.642,99.642,0.0,57.0,0.017543859649122806,15.0,0.26666666666666666,16.0,1.0,1,0,0,1,1,0,0,4.0,0.0,0.0,12
RUS,Mercedes,2.0,0 days 00:01:37.817000,0 days 00:00:31.075000,0 days 00:00:42.830000,0 days 00:00:23.912000,SOFT,5.0,1.0,,,1,2.0,False,2025,Bahrain,R,97.817,31.075,42.83,23.912,97.841,0.02400000000000091,99.582,-1.7650000000000006,-0.02400000000000091,97.937,99.642,-1.7049999999999983,57.0,0.03508771929824561,15.0,0.3333333333333333,25.0,4.0,1,0,0,1,1,0,0,5.0,0.0,0.0,12
RUS,Mercedes,3.0,0 days 00:01:38.286000,0 days 00:00:31.490000,0 days 00:00:42.703000,0 days 00:00:24.093000,SOFT,6.0,1.0,,,1,2.0,False,2025,Bahrain,R,98.286,31.49,42.703,24.093,97.841,0.4450000000000074,99.582,-1.2959999999999923,0.4450000000000074,98.46600000000001,99.642,-1.1759999999999877,57.0,0.05263157894736842,15.0,0.4,36.0,9.0,1,0,0,1,1,0,0,6.0,0.0,0.0,12
RUS,Mercedes,4.0,0 days 00:01:38.378000,0 days 00:00:31.455000,0 days 00:00:42.808000,0 days 00:00:24.115000,SOFT,7.0,1.0,,,1,2.0,False,2025,Bahrain,R,98.378,31.455,42.808,24.115,97.841,0.5370000000000061,99.582,-1.2039999999999935,0.5370000000000061,98.618,99.642,-1.024000000000001,57.0,0.07017543859649122,15.0,0.4666666666666667,49.0,16.0,1,0,0,1,1,0,0,7.0,0.0,0.0,12
RUS,Mercedes,5.0,0 days 00:01:38.604000,0 days 00:00:31.416000,0 days 00:00:43.034000,0 days 00:00:24.154000,SOFT,8.0,1.0,,,1,2.0,False,2025,Bahrain,R,98.604,31.416,43.034,24.154,97.841,0.7630000000000052,99.582,-0.9779999999999944,0.7630000000000052,98.904,99.642,-0.7379999999999995,57.0,0.08771929824561403,15.0,0.5333333333333333,64.0,25.0,1,0,0,1,1,0,0,8.0,0.0,0.0,12
RUS,Mercedes,6.0,0 days 00:01:38.467000,0 days 00:00:31.427000,0 days 00:00:42.851000,0 days 00:00:24.189000,SOFT,9.0,1.0,,,1,2.0,False,2025,Bahrain,R,98.467,31.427,42.851,24.189,97.841,0.6260000000000048,99.582,-1.1149999999999949,0.6260000000000048,98.827,99.642,-0.8149999999999977,57.0,0.10526315789473684,15.0,0.6,81.0,36.0,1,0,0,1,1,0,0,9.0,0.0,0.0,12
RUS,Mercedes,7.0,0 days 00:01:38.686000,0 days 00:00:31.405000,0 days 00:00:43.002000,0 days 00:00:24.279000,SOFT,10.0,1.0,,,1,2.0,False,2025,Bahrain,R,98.686,31.405,43.002,24.279,97.841,0.8450000000000131,99.582,-0.8959999999999866,0.8450000000000131,99.10600000000001,99.642,-0.5359999999999872,57.0,0.12280701754385964,15.0,0.6666666666666666,100.0,49.0,1,0,0,1,1,0,0,10.0,0.0,0.0,12
RUS,Mercedes,8.0,0 days 00:01:39.007000,0 days 00:00:31.534000,0 days 00:00:43.192000,0 days 00:00:24.281000,SOFT,11.0,1.0,,,1,2.0,False,2025,Bahrain,R,99.007,31.534,43.192,24.281,97.841,1.166000000000011,99.582,-0.5749999999999886,1.166000000000011,99.48700000000001,99.642,-0.15499999999998693,57.0,0.14035087719298245,15.0,0.7333333333333333,121.0,64.0,1,0,0,1,1,0,0,11.0,0.0,0.0,12
RUS,Mercedes,9.0,0 days 00:01:38.900000,0 days 00:00:31.550000,0 days 00:00:43.050000,0 days 00:00:24.300000,SOFT,12.0,1.0,,,1,2.0,False,2025,Bahrain,R,98.9,31.55,43.05,24.3,97.841,1.0590000000000117,99.582,-0.681999999999988,1.0590000000000117,99.44000000000001,99.642,-0.20199999999998397,57.0,0.15789473684210525,15.0,0.8,144.0,81.0,1,0,0,1,1,0,0,12.0,0.0,0.0,12
RUS,Mercedes,10.0,0 days 00:01:38.889000,0 days 00:00:31.528000,0 days 00:00:43.040000,0 days 00:00:24.321000,SOFT,13.0,1.0,,,1,2.0,False,2025,Bahrain,R,98.889,31.528,43.04,24.321,97.841,1.0480000000000018,99.582,-0.6929999999999978,1.0480000000000018,99.48899999999999,99.642,-0.1530000000000058,57.0,0.17543859649122806,15.0,0.8666666666666667,169.0,100.0,1,0,0,1,1,0,0,13.0,0.0,0.0,12
RUS,Mercedes,11.0,0 days 00:01:39.152000,0 days 00:00:31.474000,0 days 00:00:43.381000,0 days 00:00:24.297000,SOFT,14.0,1.0,,,1,2.0,False,2025,Bahrain,R,99.152,31.474,43.381,24.297,97.841,1.311000000000007,99.582,-0.4299999999999926,1.311000000000007,99.812,99.642,0.1700000000000017,57.0,0.19298245614035087,15.0,0.9333333333333333,196.0,121.0,1,0,0,1,1,0,0,14.0,0.0,0.0,12
RUS,Mercedes,12.0,0 days 00:01:39.098000,0 days 00:00:31.556000,0 days 00:00:43.247000,0 days 00:00:24.295000,SOFT,15.0,1.0,,,1,2.0,False,2025,Bahrain,R,99.098,31.556,43.247,24.295,97.841,1.257000000000005,99.582,-0.48399999999999466,1.257000000000005,99.818,99.642,0.17600000000000193,57.0,0.21052631578947367,15.0,1.0,225.0,144.0,1,0,0,1,1,0,0,15.0,0.0,0.0,12
RUS,Mercedes,15.0,0 days 00:01:37.828000,0 days 00:00:30.826000,0 days 00:00:43.037000,0 days 00:00:23.965000,MEDIUM,2.0,2.0,,,1,4.0,False,2025,Bahrain,R,97.828,30.826,43.037,23.965,97.841,0.012999999999991019,97.828,0.0,-0.012999999999991019,98.72800000000001,98.72800000000001,0.0,57.0,0.2631578947368421,18.0,0.1111111111111111,4.0,225.0,0,1,0,1,0,1,0,0.0,2.0,0.0,17
RUS,Mercedes,16.0,0 days 00:01:38.067000,0 days 00:00:31.186000,0 days 00:00:42.855000,0 days 00:00:24.026000,MEDIUM,3.0,2.0,,,1,4.0,False,2025,Bahrain,R,98.067,31.186,42.855,24.026,97.841,0.2259999999999991,97.828,0.2389999999999901,0.2259999999999991,99.02699999999999,98.72800000000001,0.29899999999997817,57.0,0.2807017543859649,18.0,0.16666666666666666,9.0,256.0,0,1,0,1,0,1,0,0.0,3.0,0.0,17
RUS,Mercedes,17.0,0 days 00:01:38.193000,0 days 00:00:31.217000,0 days 00:00:42.971000,0 days 00:00:24.005000,MEDIUM,4.0,2.0,,,1,4.0,False,2025,Bahrain,R,98.193,31.217,42.971,24.005,97.841,0.35200000000000387,97.828,0.3649999999999949,0.35200000000000387,99.213,98.72800000000001,0.4849999999999852,57.0,0.2982456140350877,18.0,0.2222222222222222,16.0,289.0,0,1,0,1,0,1,0,0.0,4.0,0.0,17
RUS,Mercedes,18.0,0 days 00:01:38.383000,0 days 00:00:31.203000,0 days 00:00:43.099000,0 days 00:00:24.081000,MEDIUM,5.0,2.0,,,1,2.0,False,2025,Bahrain,R,98.383,31.203,43.099,24.081,97.841,0.5420000000000016,97.828,0.5549999999999926,0.5420000000000016,99.463,98.72800000000001,0.7349999999999852,57.0,0.3157894736842105,18.0,0.2777777777777778,25.0,324.0,0,1,0,1,0,1,0,0.0,5.0,0.0,17
RUS,Mercedes,19.0,0 days 00:01:38.162000,0 days 00:00:31.217000,0 days 00:00:42.936000,0 days 00:00:24.009000,MEDIUM,6.0,2.0,,,1,2.0,False,2025,Bahrain,R,98.162,31.217,42.936,24.009,97.841,0.32100000000001216,97.828,0.3340000000000032,0.32100000000001216,99.302,98.72800000000001,0.5739999999999981,57.0,0.3333333333333333,18.0,0.3333333333333333,36.0,361.0,0,1,0,0,0,1,0,0.0,6.0,0.0,17
RUS,Mercedes,20.0,0 days 00:01:38.148000,0 days 00:00:31.218000,0 days 00:00:42.996000,0 days 00:00:23.934000,MEDIUM,7.0,2.0,,,1,2.0,False,2025,Bahrain,R,98.148,31.218,42.996,23.934,97.841,0.30700000000000216,97.828,0.3199999999999932,0.30700000000000216,99.348,98.72800000000001,0.6199999999999903,57.0,0.3508771929824561,18.0,0.3888888888888889,49.0,400.0,0,1,0,0,0,1,0,0.0,7.0,0.0,17
RUS,Mercedes,21.0,0 days 00:01:37.841000,0 days 00:00:31.152000,0 days 00:00:42.800000,0 days 00:00:23.889000,MEDIUM,8.0,2.0,,,1,2.0,False,2025,Bahrain,R,97.841,31.152,42.8,23.889,97.841,0.0,97.828,0.012999999999991019,0.0,99.101,98.72800000000001,0.37299999999999045,57.0,0.3684210526315789,18.0,0.4444444444444444,64.0,441.0,0,1,0,0,0,1,0,0.0,8.0,0.0,17
RUS,Mercedes,22.0,0 days 00:01:37.806000,0 days 00:00:31.216000,0 days 00:00:42.727000,0 days 00:00:23.863000,MEDIUM,9.0,2.0,,,1,2.0,False,2025,Bahrain,R,97.806,31.216,42.727,23.863,97.841,0.03499999999999659,97.828,-0.02200000000000557,-0.03499999999999659,99.12599999999999,98.72800000000001,0.3979999999999819,57.0,0.38596491228070173,18.0,0.5,81.0,484.0,0,1,0,0,0,1,0,0.0,9.0,0.0,17
RUS,Mercedes,23.0,0 days 00:01:38.018000,0 days 00:00:31.297000,0 days 00:00:42.839000,0 days 00:00:23.882000,MEDIUM,10.0,2.0,,,1,2.0,False,2025,Bahrain,R,98.018,31.297,42.839,23.882,97.841,0.1770000000000067,97.828,0.18999999999999773,0.1770000000000067,99.398,98.72800000000001,0.6699999999999875,57.0,0.40350877192982454,18.0,0.5555555555555556,100.0,529.0,0,1,0,0,0,1,0,0.0,10.0,0.0,17
RUS,Mercedes,24.0,0 days 00:01:37.784000,0 days 00:00:31.260000,0 days 00:00:42.557000,0 days 00:00:23.967000,MEDIUM,11.0,2.0,,,1,2.0,False,2025,Bahrain,R,97.784,31.26,42.557,23.967,97.841,0.05699999999998795,97.828,-0.04399999999999693,-0.05699999999998795,99.224,98.72800000000001,0.4959999999999951,57.0,0.42105263157894735,18.0,0.6111111111111112,121.0,576.0,0,1,0,0,0,1,0,0.0,11.0,0.0,17
RUS,Mercedes,25.0,0 days 00:01:38.076000,0 days 00:00:31.398000,0 days 00:00:42.762000,0 days 00:00:23.916000,MEDIUM,12.0,2.0,,,1,2.0,False,2025,Bahrain,R,98.076,31.398,42.762,23.916,97.841,0.23499999999999943,97.828,0.24799999999999045,0.23499999999999943,99.576,98.72800000000001,0.8479999999999848,57.0,0.43859649122807015,18.0,0.6666666666666666,144.0,625.0,0,1,0,0,0,1,0,0.0,12.0,0.0,17
RUS,Mercedes,26.0,0 days 00:01:38.045000,0 days 00:00:31.318000,0 days 00:00:42.796000,0 days 00:00:23.931000,MEDIUM,13.0,2.0,,,1,2.0,False,2025,Bahrain,R,98.045,31.318,42.796,23.931,97.841,0.20400000000000773,97.828,0.21699999999999875,0.20400000000000773,99.605,98.72800000000001,0.8769999999999953,57.0,0.45614035087719296,18.0,0.7222222222222222,169.0,676.0,0,1,0,0,0,1,0,0.0,13.0,0.0,17
RUS,Mercedes,27.0,0 days 00:01:37.929000,0 days 00:00:31.254000,0 days 00:00:42.667000,0 days 00:00:24.008000,MEDIUM,14.0,2.0,,,1,2.0,False,2025,Bahrain,R,97.929,31.254,42.667,24.008,97.841,0.08800000000000807,97.828,0.10099999999999909,0.08800000000000807,99.549,98.72800000000001,0.820999999999998,57.0,0.47368421052631576,18.0,0.7777777777777778,196.0,729.0,0,1,0,0,0,1,0,0.0,14.0,0.0,17
RUS,Mercedes,28.0,0 days 00:01:37.996000,0 days 00:00:31.307000,0 days 00:00:42.677000,0 days 00:00:24.012000,MEDIUM,15.0,2.0,,,1,2.0,False,2025,Bahrain,R,97.996,31.307,42.677,24.012,97.841,0.15500000000000114,97.828,0.16799999999999216,0.15500000000000114,99.676,98.72800000000001,0.9479999999999933,57.0,0.49122807017543857,18.0,0.8333333333333334,225.0,784.0,0,1,0,0,0,1,0,0.0,15.0,0.0,17
RUS,Mercedes,29.0,0 days 00:01:37.777000,0 days 00:00:31.280000,0 days 00:00:42.493000,0 days 00:00:24.004000,MEDIUM,16.0,2.0,,,1,2.0,False,2025,Bahrain,R,97.777,31.28,42.493,24.004,97.841,0.06399999999999295,97.828,-0.05100000000000193,-0.06399999999999295,99.517,98.72800000000001,0.7889999999999873,57.0,0.5087719298245614,18.0,0.8888888888888888,256.0,841.0,0,1,0,0,0,1,0,0.0,16.0,0.0,17
RUS,Mercedes,30.0,0 days 00:01:37.653000,0 days 00:00:31.312000,0 days 00:00:42.438000,0 days 00:00:23.903000,MEDIUM,17.0,2.0,,,1,2.0,False,2025,Bahrain,R,97.653,31.312,42.438,23.903,97.841,0.18799999999998818,97.828,-0.17499999999999716,-0.18799999999998818,99.453,98.72800000000001,0.7249999999999943,57.0,0.5263157894736842,18.0,0.9444444444444444,289.0,900.0,0,1,0,0,0,1,0,0.0,17.0,0.0,17
RUS,Mercedes,31.0,0 days 00:01:38.084000,0 days 00:00:31.295000,0 days 00:00:42.784000,0 days 00:00:24.005000,MEDIUM,18.0,2.0,,,1,2.0,False,2025,Bahrain,R,98.084,31.295,42.784,24.005,97.841,0.2430000000000092,97.828,0.2560000000000002,0.2430000000000092,99.944,98.72800000000001,1.215999999999994,57.0,0.543859649122807,18.0,1.0,324.0,961.0,0,1,0,0,0,1,0,0.0,18.0,0.0,17
RUS,Mercedes,36.0,0 days 00:01:35.518000,0 days 00:00:30.752000,0 days 00:00:41.505000,0 days 00:00:23.261000,SOFT,7.0,3.0,,,1,2.0,False,2025,Bahrain,R,95.518,30.752,41.505,23.261,97.841,2.3229999999999933,95.518,0.0,-2.3229999999999933,97.678,97.678,0.0,57.0,0.631578947368421,28.0,0.25,49.0,1296.0,0,0,0,0,1,0,0,7.0,0.0,0.0,22
RUS,Mercedes,37.0,0 days 00:01:35.842000,0 days 00:00:30.762000,0 days 00:00:41.601000,0 days 00:00:23.479000,SOFT,8.0,3.0,,,1,2.0,False,2025,Bahrain,R,95.842,30.762,41.601,23.479,97.841,1.9989999999999952,95.518,0.32399999999999807,-1.9989999999999952,98.062,97.678,0.38400000000000034,57.0,0.6491228070175439,28.0,0.2857142857142857,64.0,1369.0,0,0,0,0,1,0,0,8.0,0.0,0.0,22
RUS,Mercedes,38.0,0 days 00:01:36.207000,,,,SOFT,9.0,3.0,,,1,2.0,False,2025,Bahrain,R,96.207,,,,97.841,1.6340000000000003,95.518,0.688999999999993,-1.6340000000000003,98.487,97.678,0.8089999999999975,57.0,0.6666666666666666,28.0,0.32142857142857145,81.0,1444.0,0,0,1,0,1,0,0,9.0,0.0,0.0,22
RUS,Mercedes,39.0,0 days 00:01:36.398000,,,,SOFT,10.0,3.0,,,1,2.0,False,2025,Bahrain,R,96.398,,,,97.841,1.4429999999999978,95.518,0.8799999999999955,-1.4429999999999978,98.738,97.678,1.0600000000000023,57.0,0.6842105263157895,28.0,0.35714285714285715,100.0,1521.0,0,0,1,0,1,0,0,10.0,0.0,0.0,22
RUS,Mercedes,40.0,0 days 00:01:36.471000,,,,SOFT,11.0,3.0,,,1,2.0,False,2025,Bahrain,R,96.471,,,,97.841,1.3699999999999903,95.518,0.953000000000003,-1.3699999999999903,98.87100000000001,97.678,1.193000000000012,57.0,0.7017543859649122,28.0,0.39285714285714285,121.0,1600.0,0,0,1,0,1,0,0,11.0,0.0,0.0,22
RUS,Mercedes,41.0,0 days 00:01:36.391000,,,,SOFT,12.0,3.0,,,1,2.0,False,2025,Bahrain,R,96.391,,,,97.841,1.4499999999999886,95.518,0.8730000000000047,-1.4499999999999886,98.851,97.678,1.1730000000000018,57.0,0.7192982456140351,28.0,0.42857142857142855,144.0,1681.0,0,0,1,0,1,0,0,12.0,0.0,0.0,22
RUS,Mercedes,42.0,0 days 00:01:36.280000,,,,SOFT,13.0,3.0,,,1,2.0,False,2025,Bahrain,R,96.28,,,,97.841,1.5609999999999928,95.518,0.7620000000000005,-1.5609999999999928,98.8,97.678,1.1219999999999999,57.0,0.7368421052631579,28.0,0.4642857142857143,169.0,1764.0,0,0,1,0,1,0,0,13.0,0.0,0.0,22
RUS,Mercedes,43.0,0 days 00:01:36.665000,,,,SOFT,14.0,3.0,,,1,2.0,False,2025,Bahrain,R,96.665,,,,97.841,1.1759999999999877,95.518,1.1470000000000056,-1.1759999999999877,99.245,97.678,1.5670000000000073,57.0,0.7543859649122807,28.0,0.5,196.0,1849.0,0,0,1,0,1,0,0,14.0,0.0,0.0,22
RUS,Mercedes,44.0,0 days 00:01:36.885000,,,,SOFT,15.0,3.0,,,1,2.0,False,2025,Bahrain,R,96.885,,,,97.841,0.9559999999999889,95.518,1.3670000000000044,-0.9559999999999889,99.525,97.678,1.8470000000000084,57.0,0.7719298245614035,28.0,0.5357142857142857,225.0,1936.0,0,0,1,0,1,0,0,15.0,0.0,0.0,22
RUS,Mercedes,45.0,0 days 00:01:36.746000,,,,SOFT,16.0,3.0,,,1,2.0,False,2025,Bahrain,R,96.746,,,,97.841,1.0949999999999989,95.518,1.2279999999999944,-1.0949999999999989,99.446,97.678,1.7680000000000007,57.0,0.7894736842105263,28.0,0.5714285714285714,256.0,2025.0,0,0,1,0,1,0,0,16.0,0.0,0.0,22
RUS,Mercedes,46.0,0 days 00:01:36.456000,,,,SOFT,17.0,3.0,,,1,2.0,False,2025,Bahrain,R,96.456,,,,97.841,1.384999999999991,95.518,0.9380000000000024,-1.384999999999991,99.21600000000001,97.678,1.538000000000011,57.0,0.8070175438596491,28.0,0.6071428571428571,289.0,2116.0,0,0,1,0,1,0,0,17.0,0.0,0.0,22
RUS,Mercedes,47.0,0 days 00:01:36.708000,,,,SOFT,18.0,3.0,,,1,2.0,False,2025,Bahrain,R,96.708,,,,97.841,1.1329999999999956,95.518,1.1899999999999977,-1.1329999999999956,99.52799999999999,97.678,1.8499999999999943,57.0,0.8245614035087719,28.0,0.6428571428571429,324.0,2209.0,0,0,1,0,1,0,0,18.0,0.0,0.0,22
RUS,Mercedes,48.0,0 days 00:01:36.746000,,,,SOFT,19.0,3.0,,,1,2.0,False,2025,Bahrain,R,96.746,,,,97.841,1.0949999999999989,95.518,1.2279999999999944,-1.0949999999999989,99.62599999999999,97.678,1.9479999999999933,57.0,0.8421052631578947,28.0,0.6785714285714286,361.0,2304.0,0,0,1,0,1,0,0,19.0,0.0,0.0,22
RUS,Mercedes,49.0,0 days 00:01:37.315000,,,,SOFT,20.0,3.0,,,1,2.0,False,2025,Bahrain,R,97.315,,,,97.841,0.5259999999999962,95.518,1.796999999999997,-0.5259999999999962,100.255,97.678,2.576999999999998,57.0,0.8596491228070176,28.0,0.7142857142857143,400.0,2401.0,0,0,1,0,1,0,0,20.0,0.0,0.0,22
RUS,Mercedes,50.0,0 days 00:01:36.973000,,,,SOFT,21.0,3.0,,,1,2.0,False,2025,Bahrain,R,96.973,,,,97.841,0.867999999999995,95.518,1.4549999999999983,-0.867999999999995,99.973,97.678,2.2950000000000017,57.0,0.8771929824561403,28.0,0.75,441.0,2500.0,0,0,1,0,1,0,0,21.0,0.0,0.0,22
RUS,Mercedes,51.0,0 days 00:01:37.377000,,,,SOFT,22.0,3.0,,,1,2.0,False,2025,Bahrain,R,97.377,,,,97.841,0.46399999999999864,95.518,1.8589999999999947,-0.46399999999999864,100.437,97.678,2.7590000000000003,57.0,0.8947368421052632,28.0,0.7857142857142857,484.0,2601.0,0,0,1,0,1,0,0,22.0,0.0,0.0,22
RUS,Mercedes,52.0,0 days 00:01:37.281000,,,,SOFT,23.0,3.0,,,1,2.0,False,2025,Bahrain,R,97.281,,,,97.841,0.5599999999999881,95.518,1.7630000000000052,-0.5599999999999881,100.40100000000001,97.678,2.723000000000013,57.0,0.9122807017543859,28.0,0.8214285714285714,529.0,2704.0,0,0,1,0,1,0,0,23.0,0.0,0.0,22
RUS,Mercedes,53.0,0 days 00:01:37.412000,,,,SOFT,24.0,3.0,,,1,2.0,False,2025,Bahrain,R,97.412,,,,97.841,0.42899999999998784,95.518,1.8940000000000055,-0.42899999999998784,100.59200000000001,97.678,2.9140000000000157,57.0,0.9298245614035088,28.0,0.8571428571428571,576.0,2809.0,0,0,1,0,1,0,0,24.0,0.0,0.0,22
RUS,Mercedes,54.0,0 days 00:01:37.369000,,,,SOFT,25.0,3.0,,,1,2.0,False,2025,Bahrain,R,97.369,,,,97.841,0.4719999999999942,95.518,1.850999999999999,-0.4719999999999942,100.609,97.678,2.9309999999999974,57.0,0.9473684210526315,28.0,0.8928571428571429,625.0,2916.0,0,0,1,0,1,0,0,25.0,0.0,0.0,22
RUS,Mercedes,55.0,0 days 00:01:37.387000,,,,SOFT,26.0,3.0,,,1,2.0,False,2025,Bahrain,R,97.387,,,,97.841,0.4539999999999935,95.518,1.8689999999999998,-0.4539999999999935,100.687,97.678,3.0090000000000003,57.0,0.9649122807017544,28.0,0.9285714285714286,676.0,3025.0,0,0,1,0,1,0,0,26.0,0.0,0.0,22
RUS,Mercedes,56.0,0 days 00:01:37.844000,,,,SOFT,27.0,3.0,,,1,2.0,False,2025,Bahrain,R,97.844,,,,97.841,0.0030000000000001137,95.518,2.3259999999999934,0.0030000000000001137,101.204,97.678,3.5259999999999962,57.0,0.9824561403508771,28.0,0.9642857142857143,729.0,3136.0,0,0,1,0,1,0,0,27.0,0.0,0.0,22
RUS,Mercedes,57.0,0 days 00:01:37.956000,,,,SOFT,28.0,3.0,,,1,2.0,False,2025,Bahrain,R,97.956,,,,97.841,0.1150000000000091,95.518,2.4380000000000024,0.1150000000000091,101.376,97.678,3.6980000000000075,57.0,1.0,28.0,1.0,784.0,3249.0,0,0,1,0,1,0,0,28.0,0.0,0.0,22
SAI,Williams,1.0,0 days 00:01:42.770000,,0 days 00:00:43.370000,0 days 00:00:24.064000,SOFT,4.0,1.0,,,1,6.0,False,2025,Bahrain,R,102.77,,43.37,24.064,99.0455,3.724499999999992,102.77,0.0,3.724499999999992,102.83,102.83,0.0,57.0,0.017543859649122806,16.0,0.25,16.0,1.0,1,0,0,1,1,0,0,4.0,0.0,0.0,13
SAI,Williams,2.0,0 days 00:01:38.185000,0 days 00:00:31.186000,0 days 00:00:42.797000,0 days 00:00:24.202000,SOFT,5.0,1.0,,,1,6.0,False,2025,Bahrain,R,98.185,31.186,42.797,24.202,99.0455,0.8605000000000018,102.77,-4.584999999999994,-0.8605000000000018,98.305,102.83,-4.5249999999999915,57.0,0.03508771929824561,16.0,0.3125,25.0,4.0,1,0,0,1,1,0,0,5.0,0.0,0.0,13
SAI,Williams,3.0,0 days 00:01:38.389000,0 days 00:00:31.122000,0 days 00:00:43.005000,0 days 00:00:24.262000,SOFT,6.0,1.0,,,1,6.0,False,2025,Bahrain,R,98.389,31.122,43.005,24.262,99.0455,0.6565000000000083,102.77,-4.381,-0.6565000000000083,98.569,102.83,-4.260999999999996,57.0,0.05263157894736842,16.0,0.375,36.0,9.0,1,0,0,1,1,0,0,6.0,0.0,0.0,13
SAI,Williams,4.0,0 days 00:01:38.620000,0 days 00:00:31.188000,0 days 00:00:43.020000,0 days 00:00:24.412000,SOFT,7.0,1.0,,,1,6.0,False,2025,Bahrain,R,98.62,31.188,43.02,24.412,99.0455,0.42549999999999955,102.77,-4.1499999999999915,-0.42549999999999955,98.86,102.83,-3.969999999999999,57.0,0.07017543859649122,16.0,0.4375,49.0,16.0,1,0,0,1,1,0,0,7.0,0.0,0.0,13
SAI,Williams,5.0,0 days 00:01:41.021000,0 days 00:00:32.492000,0 days 00:00:44.112000,0 days 00:00:24.417000,SOFT,8.0,1.0,,,1,8.0,False,2025,Bahrain,R,101.021,32.492,44.112,24.417,99.0455,1.9754999999999967,102.77,-1.7489999999999952,1.9754999999999967,101.321,102.83,-1.5090000000000003,57.0,0.08771929824561403,16.0,0.5,64.0,25.0,1,0,0,1,1,0,0,8.0,0.0,0.0,13
SAI,Williams,6.0,0 days 00:01:39.023000,0 days 00:00:31.235000,0 days 00:00:43.376000,0 days 00:00:24.412000,SOFT,9.0,1.0,,,1,8.0,False,2025,Bahrain,R,99.023,31.235,43.376,24.412,99.0455,0.022500000000007958,102.77,-3.747,-0.022500000000007958,99.383,102.83,-3.4470000000000027,57.0,0.10526315789473684,16.0,0.5625,81.0,36.0,1,0,0,1,1,0,0,9.0,0.0,0.0,13
SAI,Williams,7.0,0 days 00:01:39.330000,0 days 00:00:31.542000,0 days 00:00:43.306000,0 days 00:00:24.482000,SOFT,10.0,1.0,,,1,8.0,False,2025,Bahrain,R,99.33,31.542,43.306,24.482,99.0455,0.2844999999999942,102.77,-3.4399999999999977,0.2844999999999942,99.75,102.83,-3.0799999999999983,57.0,0.12280701754385964,16.0,0.625,100.0,49.0,1,0,0,1,1,0,0,10.0,0.0,0.0,13
SAI,Williams,8.0,0 days 00:01:39.906000,0 days 00:00:31.718000,0 days 00:00:43.605000,0 days 00:00:24.583000,SOFT,11.0,1.0,,,1,8.0,False,2025,Bahrain,R,99.906,31.718,43.605,24.583,99.0455,0.8605000000000018,102.77,-2.86399999999999,0.8605000000000018,100.38600000000001,102.83,-2.4439999999999884,57.0,0.14035087719298245,16.0,0.6875,121.0,64.0,1,0,0,1,1,0,0,11.0,0.0,0.0,13
SAI,Williams,9.0,0 days 00:01:42.895000,0 days 00:00:32.248000,0 days 00:00:45.682000,0 days 00:00:24.965000,SOFT,12.0,1.0,,,1,10.0,False,2025,Bahrain,R,102.895,32.248,45.682,24.965,99.0455,3.849499999999992,102.77,0.125,3.849499999999992,103.435,102.83,0.605000000000004,57.0,0.15789473684210525,16.0,0.75,144.0,81.0,1,0,0,1,1,0,0,12.0,0.0,0.0,13
SAI,Williams,10.0,0 days 00:01:40.164000,0 days 00:00:31.570000,0 days 00:00:43.817000,0 days 00:00:24.777000,SOFT,13.0,1.0,,,1,10.0,False,2025,Bahrain,R,100.164,31.57,43.817,24.777,99.0455,1.1184999999999974,102.77,-2.6059999999999945,1.1184999999999974,100.764,102.83,-2.0660000000000025,57.0,0.17543859649122806,16.0,0.8125,169.0,100.0,1,0,0,1,1,0,0,13.0,0.0,0.0,13
SAI,Williams,11.0,0 days 00:01:40.015000,0 days 00:00:31.537000,0 days 00:00:43.747000,0 days 00:00:24.731000,SOFT,14.0,1.0,,,1,6.0,False,2025,Bahrain,R,100.015,31.537,43.747,24.731,99.0455,0.9694999999999965,102.77,-2.7549999999999955,0.9694999999999965,100.675,102.83,-2.155000000000001,57.0,0.19298245614035087,16.0,0.875,196.0,121.0,1,0,0,1,1,0,0,14.0,0.0,0.0,13
SAI,Williams,12.0,0 days 00:01:40.250000,0 days 00:00:31.762000,0 days 00:00:43.847000,0 days 00:00:24.641000,SOFT,15.0,1.0,,,1,6.0,False,2025,Bahrain,R,100.25,31.762,43.847,24.641,99.0455,1.204499999999996,102.77,-2.519999999999996,1.204499999999996,100.97,102.83,-1.8599999999999994,57.0,0.21052631578947367,16.0,0.9375,225.0,144.0,1,0,0,1,1,0,0,15.0,0.0,0.0,13
SAI,Williams,13.0,0 days 00:01:40.277000,0 days 00:00:31.692000,0 days 00:00:43.793000,0 days 00:00:24.792000,SOFT,16.0,1.0,,,1,5.0,False,2025,Bahrain,R,100.277,31.692,43.793,24.792,99.0455,1.231499999999997,102.77,-2.492999999999995,1.231499999999997,101.057,102.83,-1.7729999999999961,57.0,0.22807017543859648,16.0,1.0,256.0,169.0,1,0,0,1,1,0,0,16.0,0.0,0.0,13
SAI,Williams,16.0,0 days 00:01:36.954000,0 days 00:00:30.549000,0 days 00:00:42.491000,0 days 00:00:23.914000,MEDIUM,2.0,2.0,,,1,15.0,False,2025,Bahrain,R,96.954,30.549,42.491,23.914,99.0455,2.0915000000000106,96.954,0.0,-2.0915000000000106,97.91399999999999,97.91399999999999,0.0,57.0,0.2807017543859649,17.0,0.11764705882352941,4.0,256.0,0,1,0,1,0,1,0,0.0,2.0,0.0,16
SAI,Williams,17.0,0 days 00:01:37.867000,0 days 00:00:31.133000,0 days 00:00:42.658000,0 days 00:00:24.076000,MEDIUM,3.0,2.0,,,1,13.0,False,2025,Bahrain,R,97.867,31.133,42.658,24.076,99.0455,1.1784999999999997,96.954,0.9130000000000109,-1.1784999999999997,98.887,97.91399999999999,0.9730000000000132,57.0,0.2982456140350877,17.0,0.17647058823529413,9.0,289.0,0,1,0,1,0,1,0,0.0,3.0,0.0,16
SAI,Williams,18.0,0 days 00:01:37.809000,0 days 00:00:30.867000,0 days 00:00:42.834000,0 days 00:00:24.108000,MEDIUM,4.0,2.0,,,1,12.0,False,2025,Bahrain,R,97.809,30.867,42.834,24.108,99.0455,1.2365000000000066,96.954,0.855000000000004,-1.2365000000000066,98.889,97.91399999999999,0.9750000000000085,57.0,0.3157894736842105,17.0,0.23529411764705882,16.0,324.0,0,1,0,1,0,1,0,0.0,4.0,0.0,16
SAI,Williams,19.0,0 days 00:01:38.259000,0 days 00:00:31.268000,0 days 00:00:42.836000,0 days 00:00:24.155000,MEDIUM,5.0,2.0,,,1,12.0,False,2025,Bahrain,R,98.259,31.268,42.836,24.155,99.0455,0.7865000000000038,96.954,1.3050000000000068,-0.7865000000000038,99.399,97.91399999999999,1.4850000000000136,57.0,0.3333333333333333,17.0,0.29411764705882354,25.0,361.0,0,1,0,0,0,1,0,0.0,5.0,0.0,16
SAI,Williams,20.0,0 days 00:01:38.427000,0 days 00:00:31.244000,0 days 00:00:42.950000,0 days 00:00:24.233000,MEDIUM,6.0,2.0,,,1,12.0,False,2025,Bahrain,R,98.427,31.244,42.95,24.233,99.0455,0.6184999999999974,96.954,1.4730000000000132,-0.6184999999999974,99.62700000000001,97.91399999999999,1.7130000000000223,57.0,0.3508771929824561,17.0,0.35294117647058826,36.0,400.0,0,1,0,0,0,1,0,0.0,6.0,0.0,16
SAI,Williams,21.0,0 days 00:01:38.718000,0 days 00:00:31.286000,0 days 00:00:43.139000,0 days 00:00:24.293000,MEDIUM,7.0,2.0,,,1,12.0,False,2025,Bahrain,R,98.718,31.286,43.139,24.293,99.0455,0.32750000000000057,96.954,1.76400000000001,-0.32750000000000057,99.97800000000001,97.91399999999999,2.0640000000000214,57.0,0.3684210526315789,17.0,0.4117647058823529,49.0,441.0,0,1,0,0,0,1,0,0.0,7.0,0.0,16
SAI,Williams,22.0,0 days 00:01:38.555000,0 days 00:00:31.352000,0 days 00:00:43.029000,0 days 00:00:24.174000,MEDIUM,8.0,2.0,,,1,12.0,False,2025,Bahrain,R,98.555,31.352,43.029,24.174,99.0455,0.49049999999999727,96.954,1.6010000000000133,-0.49049999999999727,99.875,97.91399999999999,1.9610000000000127,57.0,0.38596491228070173,17.0,0.47058823529411764,64.0,484.0,0,1,0,0,0,1,0,0.0,8.0,0.0,16
SAI,Williams,23.0,0 days 00:01:38.631000,0 days 00:00:31.344000,0 days 00:00:43.004000,0 days 00:00:24.283000,MEDIUM,9.0,2.0,,,1,12.0,False,2025,Bahrain,R,98.631,31.344,43.004,24.283,99.0455,0.41450000000000387,96.954,1.6770000000000067,-0.41450000000000387,100.011,97.91399999999999,2.0970000000000084,57.0,0.40350877192982454,17.0,0.5294117647058824,81.0,529.0,0,1,0,0,0,1,0,0.0,9.0,0.0,16
SAI,Williams,24.0,0 days 00:01:38.782000,0 days 00:00:31.383000,0 days 00:00:43.047000,0 days 00:00:24.352000,MEDIUM,10.0,2.0,,,1,12.0,False,2025,Bahrain,R,98.782,31.383,43.047,24.352,99.0455,0.2635000000000076,96.954,1.828000000000003,-0.2635000000000076,100.222,97.91399999999999,2.308000000000007,57.0,0.42105263157894735,17.0,0.5882352941176471,100.0,576.0,0,1,0,0,0,1,0,0.0,10.0,0.0,16
SAI,Williams,25.0,0 days 00:01:39.068000,0 days 00:00:31.435000,0 days 00:00:43.259000,0 days 00:00:24.374000,MEDIUM,11.0,2.0,,,1,12.0,False,2025,Bahrain,R,99.068,31.435,43.259,24.374,99.0455,0.022499999999993747,96.954,2.1140000000000043,0.022499999999993747,100.568,97.91399999999999,2.6540000000000106,57.0,0.43859649122807015,17.0,0.6470588235294118,121.0,625.0,0,1,0,0,0,1,0,0.0,11.0,0.0,16
SAI,Williams,26.0,0 days 00:01:39.212000,0 days 00:00:31.444000,0 days 00:00:43.387000,0 days 00:00:24.381000,MEDIUM,12.0,2.0,,,1,12.0,False,2025,Bahrain,R,99.212,31.444,43.387,24.381,99.0455,0.1664999999999992,96.954,2.2580000000000098,0.1664999999999992,100.772,97.91399999999999,2.8580000000000183,57.0,0.45614035087719296,17.0,0.7058823529411765,144.0,676.0,0,1,0,0,0,1,0,0.0,12.0,0.0,16
SAI,Williams,27.0,0 days 00:01:39.302000,0 days 00:00:31.484000,0 days 00:00:43.376000,0 days 00:00:24.442000,MEDIUM,13.0,2.0,,,1,11.0,False,2025,Bahrain,R,99.302,31.484,43.376,24.442,99.0455,0.2565000000000026,96.954,2.348000000000013,0.2565000000000026,100.92200000000001,97.91399999999999,3.008000000000024,57.0,0.47368421052631576,17.0,0.7647058823529411,169.0,729.0,0,1,0,0,0,1,0,0.0,13.0,0.0,16
SAI,Williams,28.0,0 days 00:01:39.236000,0 days 00:00:31.275000,0 days 00:00:43.450000,0 days 00:00:24.511000,MEDIUM,14.0,2.0,,,1,8.0,False,2025,Bahrain,R,99.236,31.275,43.45,24.511,99.0455,0.1905000000000001,96.954,2.2820000000000107,0.1905000000000001,100.91600000000001,97.91399999999999,3.0020000000000238,57.0,0.49122807017543857,17.0,0.8235294117647058,196.0,784.0,0,1,0,0,0,1,0,0.0,14.0,0.0,16
SAI,Williams,29.0,0 days 00:01:38.798000,0 days 00:00:31.215000,0 days 00:00:43.310000,0 days 00:00:24.273000,MEDIUM,15.0,2.0,,,1,7.0,False,2025,Bahrain,R,98.798,31.215,43.31,24.273,99.0455,0.24750000000000227,96.954,1.8440000000000083,-0.24750000000000227,100.538,97.91399999999999,2.6240000000000094,57.0,0.5087719298245614,17.0,0.8823529411764706,225.0,841.0,0,1,0,0,0,1,0,0.0,15.0,0.0,16
SAI,Williams,30.0,0 days 00:01:39.280000,0 days 00:00:31.425000,0 days 00:00:43.387000,0 days 00:00:24.468000,MEDIUM,16.0,2.0,,,1,6.0,False,2025,Bahrain,R,99.28,31.425,43.387,24.468,99.0455,0.23449999999999704,96.954,2.3260000000000076,0.23449999999999704,101.08,97.91399999999999,3.166000000000011,57.0,0.5263157894736842,17.0,0.9411764705882353,256.0,900.0,0,1,0,0,0,1,0,0.0,16.0,0.0,16
SAI,Williams,31.0,0 days 00:01:40.485000,0 days 00:00:32.149000,0 days 00:00:43.711000,0 days 00:00:24.625000,MEDIUM,17.0,2.0,,,1,6.0,False,2025,Bahrain,R,100.485,32.149,43.711,24.625,99.0455,1.4394999999999953,96.954,3.531000000000006,1.4394999999999953,102.345,97.91399999999999,4.431000000000012,57.0,0.543859649122807,17.0,1.0,289.0,961.0,0,1,0,0,0,1,0,0.0,17.0,0.0,16
SAI,Williams,37.0,0 days 00:01:37.832000,0 days 00:00:31.180000,0 days 00:00:42.526000,0 days 00:00:24.126000,HARD,5.0,3.0,,,1,13.0,False,2025,Bahrain,R,97.832,31.18,42.526,24.126,99.0455,1.2135000000000105,97.832,0.0,-1.2135000000000105,100.05199999999999,100.05199999999999,0.0,57.0,0.6491228070175439,11.0,0.45454545454545453,25.0,1369.0,0,0,0,0,0,0,1,0.0,0.0,5.0,7
SAI,Williams,38.0,0 days 00:01:38.624000,0 days 00:00:31.459000,0 days 00:00:43.014000,0 days 00:00:24.151000,HARD,6.0,3.0,,,1,14.0,False,2025,Bahrain,R,98.624,31.459,43.014,24.151,99.0455,0.42150000000000887,97.832,0.7920000000000016,-0.42150000000000887,100.904,100.05199999999999,0.8520000000000039,57.0,0.6666666666666666,11.0,0.5454545454545454,36.0,1444.0,0,0,1,0,0,0,1,0.0,0.0,6.0,7
SAI,Williams,39.0,0 days 00:01:38.292000,0 days 00:00:31.359000,0 days 00:00:42.873000,0 days 00:00:24.060000,HARD,7.0,3.0,,,1,14.0,False,2025,Bahrain,R,98.292,31.359,42.873,24.06,99.0455,0.7535000000000025,97.832,0.46000000000000796,-0.7535000000000025,100.632,100.05199999999999,0.5800000000000125,57.0,0.6842105263157895,11.0,0.6363636363636364,49.0,1521.0,0,0,1,0,0,0,1,0.0,0.0,7.0,7
SAI,Williams,40.0,0 days 00:01:38.454000,0 days 00:00:31.351000,0 days 00:00:42.940000,0 days 00:00:24.163000,HARD,8.0,3.0,,,1,14.0,False,2025,Bahrain,R,98.454,31.351,42.94,24.163,99.0455,0.5915000000000106,97.832,0.6219999999999999,-0.5915000000000106,100.854,100.05199999999999,0.8020000000000067,57.0,0.7017543859649122,11.0,0.7272727272727273,64.0,1600.0,0,0,1,0,0,0,1,0.0,0.0,8.0,7
SAI,Williams,41.0,0 days 00:01:38.415000,0 days 00:00:31.403000,0 days 00:00:42.856000,0 days 00:00:24.156000,HARD,9.0,3.0,,,1,14.0,False,2025,Bahrain,R,98.415,31.403,42.856,24.156,99.0455,0.6304999999999978,97.832,0.5830000000000126,-0.6304999999999978,100.875,100.05199999999999,0.8230000000000075,57.0,0.7192982456140351,11.0,0.8181818181818182,81.0,1681.0,0,0,1,0,0,0,1,0.0,0.0,9.0,7
SAI,Williams,42.0,0 days 00:01:39.736000,0 days 00:00:31.909000,0 days 00:00:43.547000,0 days 00:00:24.280000,HARD,10.0,3.0,,,1,15.0,False,2025,Bahrain,R,99.736,31.909,43.547,24.28,99.0455,0.6905000000000001,97.832,1.9040000000000106,0.6905000000000001,102.256,100.05199999999999,2.2040000000000077,57.0,0.7368421052631579,11.0,0.9090909090909091,100.0,1764.0,0,0,1,0,0,0,1,0.0,0.0,10.0,7
SAI,Williams,43.0,0 days 00:01:39.607000,0 days 00:00:31.642000,0 days 00:00:43.610000,0 days 00:00:24.355000,HARD,11.0,3.0,,,1,16.0,False,2025,Bahrain,R,99.607,31.642,43.61,24.355,99.0455,0.5614999999999952,97.832,1.7750000000000057,0.5614999999999952,102.187,100.05199999999999,2.135000000000005,57.0,0.7543859649122807,11.0,1.0,121.0,1849.0,0,0,1,0,0,0,1,0.0,0.0,11.0,7
STR,Aston Martin,2.0,0 days 00:01:40.250000,0 days 00:00:31.884000,0 days 00:00:43.792000,0 days 00:00:24.574000,SOFT,2.0,1.0,,,1,18.0,False,2025,Bahrain,R,100.25,31.884,43.792,24.574,99.2425,1.0074999999999932,100.25,0.0,1.0074999999999932,100.37,100.37,0.0,57.0,0.03508771929824561,11.0,0.18181818181818182,4.0,4.0,1,0,0,1,1,0,0,2.0,0.0,0.0,10
STR,Aston Martin,3.0,0 days 00:01:39.708000,0 days 00:00:31.237000,0 days 00:00:43.684000,0 days 00:00:24.787000,SOFT,3.0,1.0,,,1,18.0,False,2025,Bahrain,R,99.708,31.237,43.684,24.787,99.2425,0.4654999999999916,100.25,-0.5420000000000016,0.4654999999999916,99.888,100.37,-0.4819999999999993,57.0,0.05263157894736842,11.0,0.2727272727272727,9.0,9.0,1,0,0,1,1,0,0,3.0,0.0,0.0,10
STR,Aston Martin,4.0,0 days 00:01:39.844000,0 days 00:00:31.273000,0 days 00:00:43.787000,0 days 00:00:24.784000,SOFT,4.0,1.0,,,1,18.0,False,2025,Bahrain,R,99.844,31.273,43.787,24.784,99.2425,0.6014999999999873,100.25,-0.4060000000000059,0.6014999999999873,100.08399999999999,100.37,-0.2860000000000156,57.0,0.07017543859649122,11.0,0.36363636363636365,16.0,16.0,1,0,0,1,1,0,0,4.0,0.0,0.0,10
STR,Aston Martin,5.0,0 days 00:01:39.974000,0 days 00:00:31.396000,0 days 00:00:43.943000,0 days 00:00:24.635000,SOFT,5.0,1.0,,,1,18.0,False,2025,Bahrain,R,99.974,31.396,43.943,24.635,99.2425,0.7314999999999969,100.25,-0.27599999999999625,0.7314999999999969,100.274,100.37,-0.09600000000000364,57.0,0.08771929824561403,11.0,0.45454545454545453,25.0,25.0,1,0,0,1,1,0,0,5.0,0.0,0.0,10
STR,Aston Martin,6.0,0 days 00:01:39.805000,0 days 00:00:31.446000,0 days 00:00:43.665000,0 days 00:00:24.694000,SOFT,6.0,1.0,,,1,17.0,False,2025,Bahrain,R,99.805,31.446,43.665,24.694,99.2425,0.5625,100.25,-0.4449999999999932,0.5625,100.165,100.37,-0.2049999999999983,57.0,0.10526315789473684,11.0,0.5454545454545454,36.0,36.0,1,0,0,1,1,0,0,6.0,0.0,0.0,10
STR,Aston Martin,7.0,0 days 00:01:39.855000,0 days 00:00:31.428000,0 days 00:00:43.685000,0 days 00:00:24.742000,SOFT,7.0,1.0,,,1,17.0,False,2025,Bahrain,R,99.855,31.428,43.685,24.742,99.2425,0.6124999999999972,100.25,-0.394999999999996,0.6124999999999972,100.275,100.37,-0.09499999999999886,57.0,0.12280701754385964,11.0,0.6363636363636364,49.0,49.0,1,0,0,1,1,0,0,7.0,0.0,0.0,10
STR,Aston Martin,8.0,0 days 00:01:40.399000,0 days 00:00:31.796000,0 days 00:00:43.859000,0 days 00:00:24.744000,SOFT,8.0,1.0,,,1,17.0,False,2025,Bahrain,R,100.399,31.796,43.859,24.744,99.2425,1.156499999999994,100.25,0.1490000000000009,1.156499999999994,100.879,100.37,0.5090000000000003,57.0,0.14035087719298245,11.0,0.7272727272727273,64.0,64.0,1,0,0,1,1,0,0,8.0,0.0,0.0,10
STR,Aston Martin,9.0,0 days 00:01:40.148000,0 days 00:00:31.668000,0 days 00:00:43.697000,0 days 00:00:24.783000,SOFT,9.0,1.0,,,1,16.0,False,2025,Bahrain,R,100.148,31.668,43.697,24.783,99.2425,0.9054999999999893,100.25,-0.10200000000000387,0.9054999999999893,100.688,100.37,0.31799999999999784,57.0,0.15789473684210525,11.0,0.8181818181818182,81.0,81.0,1,0,0,1,1,0,0,9.0,0.0,0.0,10
STR,Aston Martin,10.0,0 days 00:01:40.519000,0 days 00:00:31.856000,0 days 00:00:43.976000,0 days 00:00:24.687000,SOFT,10.0,1.0,,,1,15.0,False,2025,Bahrain,R,100.519,31.856,43.976,24.687,99.2425,1.2764999999999986,100.25,0.26900000000000546,1.2764999999999986,101.119,100.37,0.7489999999999952,57.0,0.17543859649122806,11.0,0.9090909090909091,100.0,100.0,1,0,0,1,1,0,0,10.0,0.0,0.0,10
STR,Aston Martin,11.0,0 days 00:01:40.470000,0 days 00:00:31.818000,0 days 00:00:43.928000,0 days 00:00:24.724000,SOFT,11.0,1.0,,,1,12.0,False,2025,Bahrain,R,100.47,31.818,43.928,24.724,99.2425,1.227499999999992,100.25,0.21999999999999886,1.227499999999992,101.13,100.37,0.7599999999999909,57.0,0.19298245614035087,11.0,1.0,121.0,121.0,1,0,0,1,1,0,0,11.0,0.0,0.0,10
STR,Aston Martin,14.0,0 days 00:01:39.024000,0 days 00:00:31.424000,0 days 00:00:43.248000,0 days 00:00:24.352000,MEDIUM,2.0,2.0,,,1,19.0,False,2025,Bahrain,R,99.024,31.424,43.248,24.352,99.2425,0.2185000000000059,99.024,0.0,-0.2185000000000059,99.864,99.864,0.0,57.0,0.24561403508771928,19.0,0.10526315789473684,4.0,196.0,0,1,0,1,0,1,0,0.0,2.0,0.0,18
STR,Aston Martin,15.0,0 days 00:01:39.375000,0 days 00:00:31.602000,0 days 00:00:43.468000,0 days 00:00:24.305000,MEDIUM,3.0,2.0,,,1,18.0,False,2025,Bahrain,R,99.375,31.602,43.468,24.305,99.2425,0.13249999999999318,99.024,0.3509999999999991,0.13249999999999318,100.275,99.864,0.41100000000000136,57.0,0.2631578947368421,19.0,0.15789473684210525,9.0,225.0,0,1,0,1,0,1,0,0.0,3.0,0.0,18
STR,Aston Martin,16.0,0 days 00:01:39.093000,0 days 00:00:31.514000,0 days 00:00:43.281000,0 days 00:00:24.298000,MEDIUM,4.0,2.0,,,1,18.0,False,2025,Bahrain,R,99.093,31.514,43.281,24.298,99.2425,0.1495000000000033,99.024,0.06900000000000261,-0.1495000000000033,100.053,99.864,0.18899999999999295,57.0,0.2807017543859649,19.0,0.21052631578947367,16.0,256.0,0,1,0,1,0,1,0,0.0,4.0,0.0,18
STR,Aston Martin,17.0,0 days 00:01:39.699000,0 days 00:00:31.466000,0 days 00:00:43.742000,0 days 00:00:24.491000,MEDIUM,5.0,2.0,,,1,17.0,False,2025,Bahrain,R,99.699,31.466,43.742,24.491,99.2425,0.45649999999999125,99.024,0.6749999999999972,0.45649999999999125,100.719,99.864,0.8549999999999898,57.0,0.2982456140350877,19.0,0.2631578947368421,25.0,289.0,0,1,0,1,0,1,0,0.0,5.0,0.0,18
STR,Aston Martin,18.0,0 days 00:01:39.259000,0 days 00:00:31.380000,0 days 00:00:43.355000,0 days 00:00:24.524000,MEDIUM,6.0,2.0,,,1,17.0,False,2025,Bahrain,R,99.259,31.38,43.355,24.524,99.2425,0.01649999999999352,99.024,0.23499999999999943,0.01649999999999352,100.339,99.864,0.4749999999999943,57.0,0.3157894736842105,19.0,0.3157894736842105,36.0,324.0,0,1,0,1,0,1,0,0.0,6.0,0.0,18
STR,Aston Martin,19.0,0 days 00:01:39.515000,0 days 00:00:31.965000,0 days 00:00:43.010000,0 days 00:00:24.540000,MEDIUM,7.0,2.0,,,1,18.0,False,2025,Bahrain,R,99.515,31.965,43.01,24.54,99.2425,0.27249999999999375,99.024,0.49099999999999966,0.27249999999999375,100.655,99.864,0.7909999999999968,57.0,0.3333333333333333,19.0,0.3684210526315789,49.0,361.0,0,1,0,0,0,1,0,0.0,7.0,0.0,18
STR,Aston Martin,20.0,0 days 00:01:38.667000,0 days 00:00:31.143000,0 days 00:00:43.150000,0 days 00:00:24.374000,MEDIUM,8.0,2.0,,,1,18.0,False,2025,Bahrain,R,98.667,31.143,43.15,24.374,99.2425,0.5755000000000052,99.024,-0.3569999999999993,-0.5755000000000052,99.867,99.864,0.0030000000000001137,57.0,0.3508771929824561,19.0,0.42105263157894735,64.0,400.0,0,1,0,0,0,1,0,0.0,8.0,0.0,18
STR,Aston Martin,21.0,0 days 00:01:39.226000,0 days 00:00:31.532000,0 days 00:00:43.295000,0 days 00:00:24.399000,MEDIUM,9.0,2.0,,,1,18.0,False,2025,Bahrain,R,99.226,31.532,43.295,24.399,99.2425,0.01650000000000773,99.024,0.20199999999999818,-0.01650000000000773,100.486,99.864,0.6219999999999999,57.0,0.3684210526315789,19.0,0.47368421052631576,81.0,441.0,0,1,0,0,0,1,0,0.0,9.0,0.0,18
STR,Aston Martin,22.0,0 days 00:01:39.091000,0 days 00:00:31.440000,0 days 00:00:43.230000,0 days 00:00:24.421000,MEDIUM,10.0,2.0,,,1,18.0,False,2025,Bahrain,R,99.091,31.44,43.23,24.421,99.2425,0.15150000000001285,99.024,0.06699999999999307,-0.15150000000001285,100.41099999999999,99.864,0.5469999999999828,57.0,0.38596491228070173,19.0,0.5263157894736842,100.0,484.0,0,1,0,0,0,1,0,0.0,10.0,0.0,18
STR,Aston Martin,23.0,0 days 00:01:39.143000,0 days 00:00:31.480000,0 days 00:00:43.126000,0 days 00:00:24.537000,MEDIUM,11.0,2.0,,,1,18.0,False,2025,Bahrain,R,99.143,31.48,43.126,24.537,99.2425,0.09950000000000614,99.024,0.11899999999999977,-0.09950000000000614,100.523,99.864,0.6589999999999918,57.0,0.40350877192982454,19.0,0.5789473684210527,121.0,529.0,0,1,0,0,0,1,0,0.0,11.0,0.0,18
STR,Aston Martin,24.0,0 days 00:01:38.927000,0 days 00:00:31.470000,0 days 00:00:43.025000,0 days 00:00:24.432000,MEDIUM,12.0,2.0,,,1,18.0,False,2025,Bahrain,R,98.927,31.47,43.025,24.432,99.2425,0.3155000000000001,99.024,-0.0969999999999942,-0.3155000000000001,100.367,99.864,0.5030000000000001,57.0,0.42105263157894735,19.0,0.631578947368421,144.0,576.0,0,1,0,0,0,1,0,0.0,12.0,0.0,18
STR,Aston Martin,25.0,0 days 00:01:39.458000,0 days 00:00:31.504000,0 days 00:00:43.385000,0 days 00:00:24.569000,MEDIUM,13.0,2.0,,,1,18.0,False,2025,Bahrain,R,99.458,31.504,43.385,24.569,99.2425,0.2154999999999916,99.024,0.4339999999999975,0.2154999999999916,100.958,99.864,1.093999999999994,57.0,0.43859649122807015,19.0,0.6842105263157895,169.0,625.0,0,1,0,0,0,1,0,0.0,13.0,0.0,18
STR,Aston Martin,26.0,0 days 00:01:39.265000,0 days 00:00:31.589000,0 days 00:00:43.155000,0 days 00:00:24.521000,MEDIUM,14.0,2.0,,,1,18.0,False,2025,Bahrain,R,99.265,31.589,43.155,24.521,99.2425,0.022499999999993747,99.024,0.24099999999999966,0.022499999999993747,100.825,99.864,0.9609999999999985,57.0,0.45614035087719296,19.0,0.7368421052631579,196.0,676.0,0,1,0,0,0,1,0,0.0,14.0,0.0,18
STR,Aston Martin,27.0,0 days 00:01:39.457000,0 days 00:00:31.580000,0 days 00:00:43.342000,0 days 00:00:24.535000,MEDIUM,15.0,2.0,,,1,16.0,False,2025,Bahrain,R,99.457,31.58,43.342,24.535,99.2425,0.2144999999999868,99.024,0.4329999999999927,0.2144999999999868,101.077,99.864,1.2129999999999939,57.0,0.47368421052631576,19.0,0.7894736842105263,225.0,729.0,0,1,0,0,0,1,0,0.0,15.0,0.0,18
STR,Aston Martin,28.0,0 days 00:01:40.283000,0 days 00:00:31.958000,0 days 00:00:43.842000,0 days 00:00:24.483000,MEDIUM,16.0,2.0,,,1,16.0,False,2025,Bahrain,R,100.283,31.958,43.842,24.483,99.2425,1.0404999999999944,99.024,1.2590000000000003,1.0404999999999944,101.96300000000001,99.864,2.0990000000000038,57.0,0.49122807017543857,19.0,0.8421052631578947,256.0,784.0,0,1,0,0,0,1,0,0.0,16.0,0.0,18
STR,Aston Martin,29.0,0 days 00:01:39.736000,0 days 00:00:31.513000,0 days 00:00:43.703000,0 days 00:00:24.520000,MEDIUM,17.0,2.0,,,1,15.0,False,2025,Bahrain,R,99.736,31.513,43.703,24.52,99.2425,0.4934999999999974,99.024,0.7120000000000033,0.4934999999999974,101.476,99.864,1.6119999999999948,57.0,0.5087719298245614,19.0,0.8947368421052632,289.0,841.0,0,1,0,0,0,1,0,0.0,17.0,0.0,18
STR,Aston Martin,30.0,0 days 00:01:40.035000,0 days 00:00:31.735000,0 days 00:00:43.512000,0 days 00:00:24.788000,MEDIUM,18.0,2.0,,,1,16.0,False,2025,Bahrain,R,100.035,31.735,43.512,24.788,99.2425,0.7924999999999898,99.024,1.0109999999999957,0.7924999999999898,101.835,99.864,1.9709999999999894,57.0,0.5263157894736842,19.0,0.9473684210526315,324.0,900.0,0,1,0,0,0,1,0,0.0,18.0,0.0,18
STR,Aston Martin,31.0,0 days 00:01:39.387000,0 days 00:00:31.334000,0 days 00:00:43.551000,0 days 00:00:24.502000,MEDIUM,19.0,2.0,,,1,16.0,False,2025,Bahrain,R,99.387,31.334,43.551,24.502,99.2425,0.14449999999999363,99.024,0.36299999999999955,0.14449999999999363,101.247,99.864,1.3829999999999956,57.0,0.543859649122807,19.0,1.0,361.0,961.0,0,1,0,0,0,1,0,0.0,19.0,0.0,18
STR,Aston Martin,36.0,0 days 00:01:40.018000,0 days 00:00:32.194000,0 days 00:00:43.651000,0 days 00:00:24.173000,HARD,4.0,3.0,,,1,19.0,False,2025,Bahrain,R,100.018,32.194,43.651,24.173,99.2425,0.7754999999999939,100.018,0.0,0.7754999999999939,102.178,102.178,0.0,57.0,0.631578947368421,24.0,0.16666666666666666,16.0,1296.0,0,0,0,0,0,0,1,0.0,0.0,4.0,21
STR,Aston Martin,37.0,0 days 00:01:38.606000,0 days 00:00:31.188000,0 days 00:00:43.147000,0 days 00:00:24.271000,HARD,5.0,3.0,,,1,19.0,False,2025,Bahrain,R,98.606,31.188,43.147,24.271,99.2425,0.6365000000000123,100.018,-1.4120000000000061,-0.6365000000000123,100.826,102.178,-1.3520000000000039,57.0,0.6491228070175439,24.0,0.20833333333333334,25.0,1369.0,0,0,0,0,0,0,1,0.0,0.0,5.0,21
STR,Aston Martin,38.0,0 days 00:01:38.064000,0 days 00:00:30.850000,0 days 00:00:43.011000,0 days 00:00:24.203000,HARD,6.0,3.0,,,1,19.0,False,2025,Bahrain,R,98.064,30.85,43.011,24.203,99.2425,1.1785000000000139,100.018,-1.9540000000000077,-1.1785000000000139,100.344,102.178,-1.8340000000000032,57.0,0.6666666666666666,24.0,0.25,36.0,1444.0,0,0,1,0,0,0,1,0.0,0.0,6.0,21
STR,Aston Martin,39.0,0 days 00:01:38.329000,0 days 00:00:31.010000,0 days 00:00:42.823000,0 days 00:00:24.496000,HARD,7.0,3.0,,,1,19.0,False,2025,Bahrain,R,98.329,31.01,42.823,24.496,99.2425,0.9135000000000133,100.018,-1.6890000000000072,-0.9135000000000133,100.669,102.178,-1.5090000000000003,57.0,0.6842105263157895,24.0,0.2916666666666667,49.0,1521.0,0,0,1,0,0,0,1,0.0,0.0,7.0,21
STR,Aston Martin,40.0,0 days 00:01:38.375000,0 days 00:00:30.957000,0 days 00:00:43.037000,0 days 00:00:24.381000,HARD,8.0,3.0,,,1,19.0,False,2025,Bahrain,R,98.375,30.957,43.037,24.381,99.2425,0.8675000000000068,100.018,-1.6430000000000007,-0.8675000000000068,100.775,102.178,-1.4029999999999916,57.0,0.7017543859649122,24.0,0.3333333333333333,64.0,1600.0,0,0,1,0,0,0,1,0.0,0.0,8.0,21
STR,Aston Martin,41.0,0 days 00:01:38.655000,0 days 00:00:31.149000,0 days 00:00:43.185000,0 days 00:00:24.321000,HARD,9.0,3.0,,,1,19.0,False,2025,Bahrain,R,98.655,31.149,43.185,24.321,99.2425,0.5875000000000057,100.018,-1.3629999999999995,-0.5875000000000057,101.115,102.178,-1.0630000000000024,57.0,0.7192982456140351,24.0,0.375,81.0,1681.0,0,0,1,0,0,0,1,0.0,0.0,9.0,21
STR,Aston Martin,42.0,0 days 00:01:38.537000,0 days 00:00:31.120000,0 days 00:00:43.034000,0 days 00:00:24.383000,HARD,10.0,3.0,,,1,19.0,False,2025,Bahrain,R,98.537,31.12,43.034,24.383,99.2425,0.7055000000000007,100.018,-1.4809999999999945,-0.7055000000000007,101.057,102.178,-1.1209999999999951,57.0,0.7368421052631579,24.0,0.4166666666666667,100.0,1764.0,0,0,1,0,0,0,1,0.0,0.0,10.0,21
STR,Aston Martin,43.0,0 days 00:01:38.896000,0 days 00:00:31.159000,0 days 00:00:43.308000,0 days 00:00:24.429000,HARD,11.0,3.0,,,1,19.0,False,2025,Bahrain,R,98.896,31.159,43.308,24.429,99.2425,0.346500000000006,100.018,-1.1219999999999999,-0.346500000000006,101.476,102.178,-0.7019999999999982,57.0,0.7543859649122807,24.0,0.4583333333333333,121.0,1849.0,0,0,1,0,0,0,1,0.0,0.0,11.0,21
STR,Aston Martin,44.0,0 days 00:01:40.255000,0 days 00:00:31.407000,0 days 00:00:44.367000,0 days 00:00:24.481000,HARD,12.0,3.0,,,1,18.0,False,2025,Bahrain,R,100.255,31.407,44.367,24.481,99.2425,1.0124999999999886,100.018,0.23699999999999477,1.0124999999999886,102.895,102.178,0.7169999999999987,57.0,0.7719298245614035,24.0,0.5,144.0,1936.0,0,0,1,0,0,0,1,0.0,0.0,12.0,21
STR,Aston Martin,45.0,0 days 00:01:38.280000,0 days 00:00:31.034000,0 days 00:00:42.967000,0 days 00:00:24.279000,HARD,13.0,3.0,,,1,18.0,False,2025,Bahrain,R,98.28,31.034,42.967,24.279,99.2425,0.9625000000000057,100.018,-1.7379999999999995,-0.9625000000000057,100.98,102.178,-1.1979999999999933,57.0,0.7894736842105263,24.0,0.5416666666666666,169.0,2025.0,0,0,1,0,0,0,1,0.0,0.0,13.0,21
STR,Aston Martin,46.0,0 days 00:01:38.295000,0 days 00:00:31.259000,0 days 00:00:42.861000,0 days 00:00:24.175000,HARD,14.0,3.0,,,1,18.0,False,2025,Bahrain,R,98.295,31.259,42.861,24.175,99.2425,0.9475000000000051,100.018,-1.722999999999999,-0.9475000000000051,101.055,102.178,-1.1229999999999905,57.0,0.8070175438596491,24.0,0.5833333333333334,196.0,2116.0,0,0,1,0,0,0,1,0.0,0.0,14.0,21
STR,Aston Martin,47.0,0 days 00:01:38.352000,0 days 00:00:31.274000,0 days 00:00:42.788000,0 days 00:00:24.290000,HARD,15.0,3.0,,,1,18.0,False,2025,Bahrain,R,98.352,31.274,42.788,24.29,99.2425,0.890500000000003,100.018,-1.6659999999999968,-0.890500000000003,101.172,102.178,-1.0060000000000002,57.0,0.8245614035087719,24.0,0.625,225.0,2209.0,0,0,1,0,0,0,1,0.0,0.0,15.0,21
STR,Aston Martin,48.0,0 days 00:01:38.413000,0 days 00:00:31.302000,0 days 00:00:42.958000,0 days 00:00:24.153000,HARD,16.0,3.0,,,1,18.0,False,2025,Bahrain,R,98.413,31.302,42.958,24.153,99.2425,0.8295000000000101,100.018,-1.605000000000004,-0.8295000000000101,101.29299999999999,102.178,-0.8850000000000051,57.0,0.8421052631578947,24.0,0.6666666666666666,256.0,2304.0,0,0,1,0,0,0,1,0.0,0.0,16.0,21
STR,Aston Martin,49.0,0 days 00:01:38.648000,0 days 00:00:31.483000,0 days 00:00:42.961000,0 days 00:00:24.204000,HARD,17.0,3.0,,,1,18.0,False,2025,Bahrain,R,98.648,31.483,42.961,24.204,99.2425,0.5945000000000107,100.018,-1.3700000000000045,-0.5945000000000107,101.588,102.178,-0.5900000000000034,57.0,0.8596491228070176,24.0,0.7083333333333334,289.0,2401.0,0,0,1,0,0,0,1,0.0,0.0,17.0,21
STR,Aston Martin,50.0,0 days 00:01:38.725000,0 days 00:00:31.507000,0 days 00:00:43.003000,0 days 00:00:24.215000,HARD,18.0,3.0,,,1,18.0,False,2025,Bahrain,R,98.725,31.507,43.003,24.215,99.2425,0.5175000000000125,100.018,-1.2930000000000064,-0.5175000000000125,101.725,102.178,-0.45300000000000296,57.0,0.8771929824561403,24.0,0.75,324.0,2500.0,0,0,1,0,0,0,1,0.0,0.0,18.0,21
STR,Aston Martin,51.0,0 days 00:01:38.627000,0 days 00:00:31.485000,0 days 00:00:42.949000,0 days 00:00:24.193000,HARD,19.0,3.0,,,1,18.0,False,2025,Bahrain,R,98.627,31.485,42.949,24.193,99.2425,0.6155000000000115,100.018,-1.3910000000000053,-0.6155000000000115,101.687,102.178,-0.49099999999999966,57.0,0.8947368421052632,24.0,0.7916666666666666,361.0,2601.0,0,0,1,0,0,0,1,0.0,0.0,19.0,21
STR,Aston Martin,52.0,0 days 00:01:38.694000,0 days 00:00:31.402000,0 days 00:00:42.984000,0 days 00:00:24.308000,HARD,20.0,3.0,,,1,18.0,False,2025,Bahrain,R,98.694,31.402,42.984,24.308,99.2425,0.5485000000000042,100.018,-1.323999999999998,-0.5485000000000042,101.81400000000001,102.178,-0.3639999999999901,57.0,0.9122807017543859,24.0,0.8333333333333334,400.0,2704.0,0,0,1,0,0,0,1,0.0,0.0,20.0,21
STR,Aston Martin,53.0,0 days 00:01:38.796000,0 days 00:00:31.550000,0 days 00:00:42.915000,0 days 00:00:24.331000,HARD,21.0,3.0,,,1,18.0,False,2025,Bahrain,R,98.796,31.55,42.915,24.331,99.2425,0.44650000000000034,100.018,-1.2219999999999942,-0.44650000000000034,101.976,102.178,-0.20199999999999818,57.0,0.9298245614035088,24.0,0.875,441.0,2809.0,0,0,1,0,0,0,1,0.0,0.0,21.0,21
STR,Aston Martin,54.0,0 days 00:01:38.834000,0 days 00:00:31.703000,0 days 00:00:42.827000,0 days 00:00:24.304000,HARD,22.0,3.0,,,1,18.0,False,2025,Bahrain,R,98.834,31.703,42.827,24.304,99.2425,0.40850000000000364,100.018,-1.1839999999999975,-0.40850000000000364,102.074,102.178,-0.1039999999999992,57.0,0.9473684210526315,24.0,0.9166666666666666,484.0,2916.0,0,0,1,0,0,0,1,0.0,0.0,22.0,21
STR,Aston Martin,55.0,0 days 00:01:39.064000,0 days 00:00:31.565000,0 days 00:00:43.104000,0 days 00:00:24.395000,HARD,23.0,3.0,,,1,18.0,False,2025,Bahrain,R,99.064,31.565,43.104,24.395,99.2425,0.17850000000001387,100.018,-0.9540000000000077,-0.17850000000001387,102.36399999999999,102.178,0.18599999999999284,57.0,0.9649122807017544,24.0,0.9583333333333334,529.0,3025.0,0,0,1,0,0,0,1,0.0,0.0,23.0,21
STR,Aston Martin,56.0,0 days 00:01:39.025000,0 days 00:00:31.573000,0 days 00:00:42.953000,0 days 00:00:24.499000,HARD,24.0,3.0,,,1,18.0,False,2025,Bahrain,R,99.025,31.573,42.953,24.499,99.2425,0.21750000000000114,100.018,-0.992999999999995,-0.21750000000000114,102.385,102.178,0.20700000000000784,57.0,0.9824561403508771,24.0,1.0,576.0,3136.0,0,0,1,0,0,0,1,0.0,0.0,24.0,21
TSU,Red Bull Racing,1.0,0 days 00:01:44.935000,,0 days 00:00:43.866000,0 days 00:00:24.626000,SOFT,4.0,1.0,,,1,10.0,False,2025,Bahrain,R,104.935,,43.866,24.626,98.577,6.358000000000004,104.935,0.0,6.358000000000004,104.995,104.995,0.0,57.0,0.017543859649122806,13.0,0.3076923076923077,16.0,1.0,1,0,0,1,1,0,0,4.0,0.0,0.0,9
TSU,Red Bull Racing,2.0,0 days 00:01:38.959000,0 days 00:00:31.467000,0 days 00:00:43.097000,0 days 00:00:24.395000,SOFT,5.0,1.0,,,1,10.0,False,2025,Bahrain,R,98.959,31.467,43.097,24.395,98.577,0.382000000000005,104.935,-5.975999999999999,0.382000000000005,99.07900000000001,104.995,-5.915999999999997,57.0,0.03508771929824561,13.0,0.38461538461538464,25.0,4.0,1,0,0,1,1,0,0,5.0,0.0,0.0,9
TSU,Red Bull Racing,3.0,0 days 00:01:38.565000,0 days 00:00:31.024000,0 days 00:00:43.141000,0 days 00:00:24.400000,SOFT,6.0,1.0,,,1,10.0,False,2025,Bahrain,R,98.565,31.024,43.141,24.4,98.577,0.012000000000000455,104.935,-6.3700000000000045,-0.012000000000000455,98.745,104.995,-6.25,57.0,0.05263157894736842,13.0,0.46153846153846156,36.0,9.0,1,0,0,1,1,0,0,6.0,0.0,0.0,9
TSU,Red Bull Racing,4.0,0 days 00:01:38.612000,0 days 00:00:30.935000,0 days 00:00:43.187000,0 days 00:00:24.490000,SOFT,7.0,1.0,,,1,10.0,False,2025,Bahrain,R,98.612,30.935,43.187,24.49,98.577,0.03499999999999659,104.935,-6.3230000000000075,0.03499999999999659,98.85199999999999,104.995,-6.143000000000015,57.0,0.07017543859649122,13.0,0.5384615384615384,49.0,16.0,1,0,0,1,1,0,0,7.0,0.0,0.0,9
TSU,Red Bull Racing,5.0,0 days 00:01:39.370000,0 days 00:00:31.078000,0 days 00:00:43.678000,0 days 00:00:24.614000,SOFT,8.0,1.0,,,1,10.0,False,2025,Bahrain,R,99.37,31.078,43.678,24.614,98.577,0.7930000000000064,104.935,-5.564999999999998,0.7930000000000064,99.67,104.995,-5.325000000000003,57.0,0.08771929824561403,13.0,0.6153846153846154,64.0,25.0,1,0,0,1,1,0,0,8.0,0.0,0.0,9
TSU,Red Bull Racing,6.0,0 days 00:01:39.245000,0 days 00:00:31.146000,0 days 00:00:43.482000,0 days 00:00:24.617000,SOFT,9.0,1.0,,,1,10.0,False,2025,Bahrain,R,99.245,31.146,43.482,24.617,98.577,0.6680000000000064,104.935,-5.689999999999998,0.6680000000000064,99.605,104.995,-5.390000000000001,57.0,0.10526315789473684,13.0,0.6923076923076923,81.0,36.0,1,0,0,1,1,0,0,9.0,0.0,0.0,9
TSU,Red Bull Racing,7.0,0 days 00:01:39.366000,0 days 00:00:31.102000,0 days 00:00:43.608000,0 days 00:00:24.656000,SOFT,10.0,1.0,,,1,10.0,False,2025,Bahrain,R,99.366,31.102,43.608,24.656,98.577,0.7890000000000015,104.935,-5.569000000000003,0.7890000000000015,99.786,104.995,-5.209000000000003,57.0,0.12280701754385964,13.0,0.7692307692307693,100.0,49.0,1,0,0,1,1,0,0,10.0,0.0,0.0,9
TSU,Red Bull Racing,8.0,0 days 00:01:39.686000,0 days 00:00:31.287000,0 days 00:00:43.653000,0 days 00:00:24.746000,SOFT,11.0,1.0,,,1,10.0,False,2025,Bahrain,R,99.686,31.287,43.653,24.746,98.577,1.1090000000000089,104.935,-5.248999999999995,1.1090000000000089,100.16600000000001,104.995,-4.8289999999999935,57.0,0.14035087719298245,13.0,0.8461538461538461,121.0,64.0,1,0,0,1,1,0,0,11.0,0.0,0.0,9
TSU,Red Bull Racing,10.0,0 days 00:01:39.687000,0 days 00:00:31.403000,0 days 00:00:43.628000,0 days 00:00:24.656000,SOFT,13.0,1.0,,,1,9.0,False,2025,Bahrain,R,99.687,31.403,43.628,24.656,98.577,1.1099999999999994,104.935,-5.248000000000005,1.1099999999999994,100.28699999999999,104.995,-4.708000000000013,57.0,0.17543859649122806,13.0,1.0,169.0,100.0,1,0,0,1,1,0,0,13.0,0.0,0.0,9
TSU,Red Bull Racing,13.0,0 days 00:01:38.009000,0 days 00:00:30.976000,0 days 00:00:42.907000,0 days 00:00:24.126000,MEDIUM,2.0,2.0,,,1,18.0,False,2025,Bahrain,R,98.009,30.976,42.907,24.126,98.577,0.5679999999999978,98.009,0.0,-0.5679999999999978,98.789,98.789,0.0,57.0,0.22807017543859648,20.0,0.1,4.0,169.0,0,1,0,1,0,1,0,0.0,2.0,0.0,19
TSU,Red Bull Racing,14.0,0 days 00:01:38.081000,0 days 00:00:30.850000,0 days 00:00:43.126000,0 days 00:00:24.105000,MEDIUM,3.0,2.0,,,1,16.0,False,2025,Bahrain,R,98.081,30.85,43.126,24.105,98.577,0.4959999999999951,98.009,0.07200000000000273,-0.4959999999999951,98.921,98.789,0.132000000000005,57.0,0.24561403508771928,20.0,0.15,9.0,196.0,0,1,0,1,0,1,0,0.0,3.0,0.0,19
TSU,Red Bull Racing,15.0,0 days 00:01:38.323000,0 days 00:00:31.100000,0 days 00:00:43.027000,0 days 00:00:24.196000,MEDIUM,4.0,2.0,,,1,13.0,False,2025,Bahrain,R,98.323,31.1,43.027,24.196,98.577,0.2540000000000049,98.009,0.31399999999999295,-0.2540000000000049,99.223,98.789,0.4339999999999975,57.0,0.2631578947368421,20.0,0.2,16.0,225.0,0,1,0,1,0,1,0,0.0,4.0,0.0,19
TSU,Red Bull Racing,16.0,0 days 00:01:38.491000,0 days 00:00:31.198000,0 days 00:00:43.058000,0 days 00:00:24.235000,MEDIUM,5.0,2.0,,,1,13.0,False,2025,Bahrain,R,98.491,31.198,43.058,24.235,98.577,0.08599999999999852,98.009,0.4819999999999993,-0.08599999999999852,99.451,98.789,0.6619999999999919,57.0,0.2807017543859649,20.0,0.25,25.0,256.0,0,1,0,1,0,1,0,0.0,5.0,0.0,19
TSU,Red Bull Racing,17.0,0 days 00:01:38.658000,0 days 00:00:31.285000,0 days 00:00:43.100000,0 days 00:00:24.273000,MEDIUM,6.0,2.0,,,1,11.0,False,2025,Bahrain,R,98.658,31.285,43.1,24.273,98.577,0.08100000000000307,98.009,0.6490000000000009,0.08100000000000307,99.678,98.789,0.8889999999999958,57.0,0.2982456140350877,20.0,0.3,36.0,289.0,0,1,0,1,0,1,0,0.0,6.0,0.0,19
TSU,Red Bull Racing,18.0,0 days 00:01:38.535000,0 days 00:00:31.378000,0 days 00:00:42.887000,0 days 00:00:24.270000,MEDIUM,7.0,2.0,,,1,10.0,False,2025,Bahrain,R,98.535,31.378,42.887,24.27,98.577,0.04200000000000159,98.009,0.5259999999999962,-0.04200000000000159,99.615,98.789,0.8259999999999934,57.0,0.3157894736842105,20.0,0.35,49.0,324.0,0,1,0,1,0,1,0,0.0,7.0,0.0,19
TSU,Red Bull Racing,19.0,0 days 00:01:38.914000,0 days 00:00:31.539000,0 days 00:00:43.088000,0 days 00:00:24.287000,MEDIUM,8.0,2.0,,,1,11.0,False,2025,Bahrain,R,98.914,31.539,43.088,24.287,98.577,0.3370000000000033,98.009,0.9050000000000011,0.3370000000000033,100.054,98.789,1.2650000000000006,57.0,0.3333333333333333,20.0,0.4,64.0,361.0,0,1,0,0,0,1,0,0.0,8.0,0.0,19
TSU,Red Bull Racing,20.0,0 days 00:01:38.351000,0 days 00:00:31.191000,0 days 00:00:42.940000,0 days 00:00:24.220000,MEDIUM,9.0,2.0,,,1,11.0,False,2025,Bahrain,R,98.351,31.191,42.94,24.22,98.577,0.2259999999999991,98.009,0.34199999999999875,-0.2259999999999991,99.551,98.789,0.7620000000000005,57.0,0.3508771929824561,20.0,0.45,81.0,400.0,0,1,0,0,0,1,0,0.0,9.0,0.0,19
TSU,Red Bull Racing,21.0,0 days 00:01:38.680000,0 days 00:00:31.359000,0 days 00:00:42.937000,0 days 00:00:24.384000,MEDIUM,10.0,2.0,,,1,11.0,False,2025,Bahrain,R,98.68,31.359,42.937,24.384,98.577,0.10300000000000864,98.009,0.6710000000000065,0.10300000000000864,99.94000000000001,98.789,1.1510000000000105,57.0,0.3684210526315789,20.0,0.5,100.0,441.0,0,1,0,0,0,1,0,0.0,10.0,0.0,19
TSU,Red Bull Racing,22.0,0 days 00:01:38.713000,0 days 00:00:31.235000,0 days 00:00:43.091000,0 days 00:00:24.387000,MEDIUM,11.0,2.0,,,1,11.0,False,2025,Bahrain,R,98.713,31.235,43.091,24.387,98.577,0.13599999999999568,98.009,0.7039999999999935,0.13599999999999568,100.03299999999999,98.789,1.2439999999999856,57.0,0.38596491228070173,20.0,0.55,121.0,484.0,0,1,0,0,0,1,0,0.0,11.0,0.0,19
TSU,Red Bull Racing,23.0,0 days 00:01:38.888000,0 days 00:00:31.295000,0 days 00:00:43.164000,0 days 00:00:24.429000,MEDIUM,12.0,2.0,,,1,11.0,False,2025,Bahrain,R,98.888,31.295,43.164,24.429,98.577,0.31100000000000705,98.009,0.8790000000000049,0.31100000000000705,100.268,98.789,1.4789999999999992,57.0,0.40350877192982454,20.0,0.6,144.0,529.0,0,1,0,0,0,1,0,0.0,12.0,0.0,19
TSU,Red Bull Racing,24.0,0 days 00:01:39.031000,0 days 00:00:31.445000,0 days 00:00:43.234000,0 days 00:00:24.352000,MEDIUM,13.0,2.0,,,1,11.0,False,2025,Bahrain,R,99.031,31.445,43.234,24.352,98.577,0.45400000000000773,98.009,1.0220000000000056,0.45400000000000773,100.471,98.789,1.6820000000000022,57.0,0.42105263157894735,20.0,0.65,169.0,576.0,0,1,0,0,0,1,0,0.0,13.0,0.0,19
TSU,Red Bull Racing,25.0,0 days 00:01:39.067000,0 days 00:00:31.426000,0 days 00:00:43.254000,0 days 00:00:24.387000,MEDIUM,14.0,2.0,,,1,11.0,False,2025,Bahrain,R,99.067,31.426,43.254,24.387,98.577,0.4899999999999949,98.009,1.0579999999999927,0.4899999999999949,100.567,98.789,1.7779999999999916,57.0,0.43859649122807015,20.0,0.7,196.0,625.0,0,1,0,0,0,1,0,0.0,14.0,0.0,19
TSU,Red Bull Racing,26.0,0 days 00:01:39.367000,0 days 00:00:31.578000,0 days 00:00:43.428000,0 days 00:00:24.361000,MEDIUM,15.0,2.0,,,1,10.0,False,2025,Bahrain,R,99.367,31.578,43.428,24.361,98.577,0.7900000000000063,98.009,1.358000000000004,0.7900000000000063,100.927,98.789,2.1380000000000052,57.0,0.45614035087719296,20.0,0.75,225.0,676.0,0,1,0,0,0,1,0,0.0,15.0,0.0,19
TSU,Red Bull Racing,27.0,0 days 00:01:39.528000,0 days 00:00:31.691000,0 days 00:00:43.338000,0 days 00:00:24.499000,MEDIUM,16.0,2.0,,,1,10.0,False,2025,Bahrain,R,99.528,31.691,43.338,24.499,98.577,0.9510000000000076,98.009,1.5190000000000055,0.9510000000000076,101.14800000000001,98.789,2.359000000000009,57.0,0.47368421052631576,20.0,0.8,256.0,729.0,0,1,0,0,0,1,0,0.0,16.0,0.0,19
TSU,Red Bull Racing,28.0,0 days 00:01:39.387000,0 days 00:00:31.618000,0 days 00:00:43.274000,0 days 00:00:24.495000,MEDIUM,17.0,2.0,,,1,7.0,False,2025,Bahrain,R,99.387,31.618,43.274,24.495,98.577,0.8100000000000023,98.009,1.3780000000000001,0.8100000000000023,101.06700000000001,98.789,2.278000000000006,57.0,0.49122807017543857,20.0,0.85,289.0,784.0,0,1,0,0,0,1,0,0.0,17.0,0.0,19
TSU,Red Bull Racing,29.0,0 days 00:01:38.710000,0 days 00:00:31.427000,0 days 00:00:43.004000,0 days 00:00:24.279000,MEDIUM,18.0,2.0,,,1,6.0,False,2025,Bahrain,R,98.71,31.427,43.004,24.279,98.577,0.13299999999999557,98.009,0.7009999999999934,0.13299999999999557,100.44999999999999,98.789,1.6609999999999872,57.0,0.5087719298245614,20.0,0.9,324.0,841.0,0,1,0,0,0,1,0,0.0,18.0,0.0,19
TSU,Red Bull Racing,30.0,0 days 00:01:40.754000,0 days 00:00:32.938000,0 days 00:00:43.392000,0 days 00:00:24.424000,MEDIUM,19.0,2.0,,,1,7.0,False,2025,Bahrain,R,100.754,32.938,43.392,24.424,98.577,2.1770000000000067,98.009,2.7450000000000045,2.1770000000000067,102.554,98.789,3.7650000000000006,57.0,0.5263157894736842,20.0,0.95,361.0,900.0,0,1,0,0,0,1,0,0.0,19.0,0.0,19
TSU,Red Bull Racing,31.0,0 days 00:01:40.477000,0 days 00:00:31.780000,0 days 00:00:43.971000,0 days 00:00:24.726000,MEDIUM,20.0,2.0,,,1,7.0,False,2025,Bahrain,R,100.477,31.78,43.971,24.726,98.577,1.9000000000000057,98.009,2.4680000000000035,1.9000000000000057,102.337,98.789,3.548000000000002,57.0,0.543859649122807,20.0,1.0,400.0,961.0,0,1,0,0,0,1,0,0.0,20.0,0.0,19
TSU,Red Bull Racing,36.0,0 days 00:01:38.242000,0 days 00:00:31.457000,0 days 00:00:42.841000,0 days 00:00:23.944000,SOFT,7.0,3.0,,,1,10.0,False,2025,Bahrain,R,98.242,31.457,42.841,23.944,98.577,0.33499999999999375,98.242,0.0,-0.33499999999999375,100.402,100.402,0.0,57.0,0.631578947368421,28.0,0.25,49.0,1296.0,0,0,0,0,1,0,0,7.0,0.0,0.0,20
TSU,Red Bull Racing,37.0,0 days 00:01:37.640000,0 days 00:00:31.189000,0 days 00:00:42.466000,0 days 00:00:23.985000,SOFT,8.0,3.0,,,1,10.0,False,2025,Bahrain,R,97.64,31.189,42.466,23.985,98.577,0.9369999999999976,98.242,-0.6020000000000039,-0.9369999999999976,99.86,100.402,-0.5420000000000016,57.0,0.6491228070175439,28.0,0.2857142857142857,64.0,1369.0,0,0,0,0,1,0,0,8.0,0.0,0.0,20
TSU,Red Bull Racing,38.0,0 days 00:01:38.329000,0 days 00:00:30.625000,0 days 00:00:43.744000,0 days 00:00:23.960000,SOFT,9.0,3.0,,,1,10.0,False,2025,Bahrain,R,98.329,30.625,43.744,23.96,98.577,0.24800000000000466,98.242,0.08699999999998909,-0.24800000000000466,100.609,100.402,0.20699999999999363,57.0,0.6666666666666666,28.0,0.32142857142857145,81.0,1444.0,0,0,1,0,1,0,0,9.0,0.0,0.0,20
TSU,Red Bull Racing,39.0,0 days 00:01:37.814000,0 days 00:00:31.505000,0 days 00:00:42.239000,0 days 00:00:24.070000,SOFT,10.0,3.0,,,1,10.0,False,2025,Bahrain,R,97.814,31.505,42.239,24.07,98.577,0.7630000000000052,98.242,-0.4280000000000115,-0.7630000000000052,100.154,100.402,-0.24800000000000466,57.0,0.6842105263157895,28.0,0.35714285714285715,100.0,1521.0,0,0,1,0,1,0,0,10.0,0.0,0.0,20
TSU,Red Bull Racing,40.0,0 days 00:01:37.303000,0 days 00:00:30.834000,0 days 00:00:42.417000,0 days 00:00:24.052000,SOFT,11.0,3.0,,,1,10.0,False,2025,Bahrain,R,97.303,30.834,42.417,24.052,98.577,1.274000000000001,98.242,-0.9390000000000072,-1.274000000000001,99.703,100.402,-0.6989999999999981,57.0,0.7017543859649122,28.0,0.39285714285714285,121.0,1600.0,0,0,1,0,1,0,0,11.0,0.0,0.0,20
TSU,Red Bull Racing,41.0,0 days 00:01:37.495000,0 days 00:00:31.003000,0 days 00:00:42.507000,0 days 00:00:23.985000,SOFT,12.0,3.0,,,1,10.0,False,2025,Bahrain,R,97.495,31.003,42.507,23.985,98.577,1.0819999999999936,98.242,-0.7469999999999999,-1.0819999999999936,99.955,100.402,-0.44700000000000273,57.0,0.7192982456140351,28.0,0.42857142857142855,144.0,1681.0,0,0,1,0,1,0,0,12.0,0.0,0.0,20
TSU,Red Bull Racing,42.0,0 days 00:01:37.607000,0 days 00:00:30.871000,0 days 00:00:42.557000,0 days 00:00:24.179000,SOFT,13.0,3.0,,,1,10.0,False,2025,Bahrain,R,97.607,30.871,42.557,24.179,98.577,0.9699999999999989,98.242,-0.6350000000000051,-0.9699999999999989,100.127,100.402,-0.2750000000000057,57.0,0.7368421052631579,28.0,0.4642857142857143,169.0,1764.0,0,0,1,0,1,0,0,13.0,0.0,0.0,20
TSU,Red Bull Racing,43.0,0 days 00:01:37.727000,0 days 00:00:31.081000,0 days 00:00:42.574000,0 days 00:00:24.072000,SOFT,14.0,3.0,,,1,10.0,False,2025,Bahrain,R,97.727,31.081,42.574,24.072,98.577,0.8499999999999943,98.242,-0.5150000000000006,-0.8499999999999943,100.307,100.402,-0.09499999999999886,57.0,0.7543859649122807,28.0,0.5,196.0,1849.0,0,0,1,0,1,0,0,14.0,0.0,0.0,20
TSU,Red Bull Racing,44.0,0 days 00:01:37.838000,0 days 00:00:31.101000,0 days 00:00:42.632000,0 days 00:00:24.105000,SOFT,15.0,3.0,,,1,10.0,False,2025,Bahrain,R,97.838,31.101,42.632,24.105,98.577,0.7390000000000043,98.242,-0.4040000000000106,-0.7390000000000043,100.478,100.402,0.0759999999999934,57.0,0.7719298245614035,28.0,0.5357142857142857,225.0,1936.0,0,0,1,0,1,0,0,15.0,0.0,0.0,20
TSU,Red Bull Racing,45.0,0 days 00:01:37.225000,0 days 00:00:30.742000,0 days 00:00:42.374000,0 days 00:00:24.109000,SOFT,16.0,3.0,,,1,9.0,False,2025,Bahrain,R,97.225,30.742,42.374,24.109,98.577,1.3520000000000039,98.242,-1.0170000000000101,-1.3520000000000039,99.925,100.402,-0.47700000000000387,57.0,0.7894736842105263,28.0,0.5714285714285714,256.0,2025.0,0,0,1,0,1,0,0,16.0,0.0,0.0,20
TSU,Red Bull Racing,46.0,0 days 00:01:37.736000,0 days 00:00:31.165000,0 days 00:00:42.478000,0 days 00:00:24.093000,SOFT,17.0,3.0,,,1,9.0,False,2025,Bahrain,R,97.736,31.165,42.478,24.093,98.577,0.840999999999994,98.242,-0.5060000000000002,-0.840999999999994,100.49600000000001,100.402,0.0940000000000083,57.0,0.8070175438596491,28.0,0.6071428571428571,289.0,2116.0,0,0,1,0,1,0,0,17.0,0.0,0.0,20
TSU,Red Bull Racing,47.0,0 days 00:01:37.646000,0 days 00:00:31.120000,0 days 00:00:42.397000,0 days 00:00:24.129000,SOFT,18.0,3.0,,,1,9.0,False,2025,Bahrain,R,97.646,31.12,42.397,24.129,98.577,0.9309999999999974,98.242,-0.5960000000000036,-0.9309999999999974,100.466,100.402,0.06399999999999295,57.0,0.8245614035087719,28.0,0.6428571428571429,324.0,2209.0,0,0,1,0,1,0,0,18.0,0.0,0.0,20
TSU,Red Bull Racing,48.0,0 days 00:01:37.714000,0 days 00:00:31.199000,0 days 00:00:42.441000,0 days 00:00:24.074000,SOFT,19.0,3.0,,,1,9.0,False,2025,Bahrain,R,97.714,31.199,42.441,24.074,98.577,0.8629999999999995,98.242,-0.5280000000000058,-0.8629999999999995,100.594,100.402,0.19199999999999307,57.0,0.8421052631578947,28.0,0.6785714285714286,361.0,2304.0,0,0,1,0,1,0,0,19.0,0.0,0.0,20
TSU,Red Bull Racing,49.0,0 days 00:01:37.831000,0 days 00:00:31.240000,0 days 00:00:42.468000,0 days 00:00:24.123000,SOFT,20.0,3.0,,,1,9.0,False,2025,Bahrain,R,97.831,31.24,42.468,24.123,98.577,0.7459999999999951,98.242,-0.41100000000000136,-0.7459999999999951,100.771,100.402,0.3689999999999998,57.0,0.8596491228070176,28.0,0.7142857142857143,400.0,2401.0,0,0,1,0,1,0,0,20.0,0.0,0.0,20
TSU,Red Bull Racing,51.0,0 days 00:01:38.273000,0 days 00:00:30.930000,0 days 00:00:42.968000,0 days 00:00:24.375000,SOFT,22.0,3.0,,,1,9.0,False,2025,Bahrain,R,98.273,30.93,42.968,24.375,98.577,0.30400000000000205,98.242,0.0309999999999917,-0.30400000000000205,101.333,100.402,0.9309999999999974,57.0,0.8947368421052632,28.0,0.7857142857142857,484.0,2601.0,0,0,1,0,1,0,0,22.0,0.0,0.0,20
TSU,Red Bull Racing,53.0,0 days 00:01:38.399000,0 days 00:00:31.031000,0 days 00:00:42.953000,0 days 00:00:24.415000,SOFT,24.0,3.0,,,1,9.0,False,2025,Bahrain,R,98.399,31.031,42.953,24.415,98.577,0.17799999999999727,98.242,0.15699999999999648,-0.17799999999999727,101.57900000000001,100.402,1.1770000000000067,57.0,0.9298245614035088,28.0,0.8571428571428571,576.0,2809.0,0,0,1,0,1,0,0,24.0,0.0,0.0,20
TSU,Red Bull Racing,54.0,0 days 00:01:38.526000,0 days 00:00:31.187000,0 days 00:00:42.867000,0 days 00:00:24.472000,SOFT,25.0,3.0,,,1,9.0,False,2025,Bahrain,R,98.526,31.187,42.867,24.472,98.577,0.05100000000000193,98.242,0.2839999999999918,-0.05100000000000193,101.76599999999999,100.402,1.36399999999999,57.0,0.9473684210526315,28.0,0.8928571428571429,625.0,2916.0,0,0,1,0,1,0,0,25.0,0.0,0.0,20
TSU,Red Bull Racing,55.0,0 days 00:01:38.539000,0 days 00:00:31.158000,0 days 00:00:43.007000,0 days 00:00:24.374000,SOFT,26.0,3.0,,,1,9.0,False,2025,Bahrain,R,98.539,31.158,43.007,24.374,98.577,0.0379999999999967,98.242,0.29699999999999704,-0.0379999999999967,101.839,100.402,1.4369999999999976,57.0,0.9649122807017544,28.0,0.9285714285714286,676.0,3025.0,0,0,1,0,1,0,0,26.0,0.0,0.0,20
TSU,Red Bull Racing,56.0,0 days 00:01:38.589000,0 days 00:00:31.143000,0 days 00:00:43.014000,0 days 00:00:24.432000,SOFT,27.0,3.0,,,1,9.0,False,2025,Bahrain,R,98.589,31.143,43.014,24.432,98.577,0.012000000000000455,98.242,0.3469999999999942,0.012000000000000455,101.949,100.402,1.546999999999997,57.0,0.9824561403508771,28.0,0.9642857142857143,729.0,3136.0,0,0,1,0,1,0,0,27.0,0.0,0.0,20
TSU,Red Bull Racing,57.0,0 days 00:01:38.861000,0 days 00:00:31.218000,0 days 00:00:43.214000,0 days 00:00:24.429000,SOFT,28.0,3.0,,,1,9.0,False,2025,Bahrain,R,98.861,31.218,43.214,24.429,98.577,0.284000000000006,98.242,0.6189999999999998,0.284000000000006,102.281,100.402,1.8790000000000049,57.0,1.0,28.0,1.0,784.0,3249.0,0,0,1,0,1,0,0,28.0,0.0,0.0,20
VER,Red Bull Racing,1.0,0 days 00:01:43.877000,,0 days 00:00:43.964000,0 days 00:00:24.393000,SOFT,4.0,1.0,,,1,8.0,False,2025,Bahrain,R,103.877,,43.964,24.393,98.4005,5.4765000000000015,103.877,0.0,5.4765000000000015,103.937,103.937,0.0,57.0,0.017543859649122806,12.0,0.3333333333333333,16.0,1.0,1,0,0,1,1,0,0,4.0,0.0,0.0,9
VER,Red Bull Racing,2.0,0 days 00:01:38.403000,0 days 00:00:31.183000,0 days 00:00:42.971000,0 days 00:00:24.249000,SOFT,5.0,1.0,,,1,8.0,False,2025,Bahrain,R,98.403,31.183,42.971,24.249,98.4005,0.002500000000011937,103.877,-5.4739999999999895,0.002500000000011937,98.52300000000001,103.937,-5.413999999999987,57.0,0.03508771929824561,12.0,0.4166666666666667,25.0,4.0,1,0,0,1,1,0,0,5.0,0.0,0.0,9
VER,Red Bull Racing,3.0,0 days 00:01:38.475000,0 days 00:00:30.952000,0 days 00:00:43.091000,0 days 00:00:24.432000,SOFT,6.0,1.0,,,1,8.0,False,2025,Bahrain,R,98.475,30.952,43.091,24.432,98.4005,0.07450000000000045,103.877,-5.402000000000001,0.07450000000000045,98.655,103.937,-5.2819999999999965,57.0,0.05263157894736842,12.0,0.5,36.0,9.0,1,0,0,1,1,0,0,6.0,0.0,0.0,9
VER,Red Bull Racing,4.0,0 days 00:01:38.549000,0 days 00:00:30.908000,0 days 00:00:43.238000,0 days 00:00:24.403000,SOFT,7.0,1.0,,,1,8.0,False,2025,Bahrain,R,98.549,30.908,43.238,24.403,98.4005,0.14850000000001273,103.877,-5.327999999999989,0.14850000000001273,98.789,103.937,-5.147999999999996,57.0,0.07017543859649122,12.0,0.5833333333333334,49.0,16.0,1,0,0,1,1,0,0,7.0,0.0,0.0,9
VER,Red Bull Racing,5.0,0 days 00:01:38.760000,0 days 00:00:31.138000,0 days 00:00:43.175000,0 days 00:00:24.447000,SOFT,8.0,1.0,,,1,7.0,False,2025,Bahrain,R,98.76,31.138,43.175,24.447,98.4005,0.35950000000001125,103.877,-5.11699999999999,0.35950000000001125,99.06,103.937,-4.876999999999995,57.0,0.08771929824561403,12.0,0.6666666666666666,64.0,25.0,1,0,0,1,1,0,0,8.0,0.0,0.0,9
VER,Red Bull Racing,6.0,0 days 00:01:38.593000,0 days 00:00:31.040000,0 days 00:00:43.040000,0 days 00:00:24.513000,SOFT,9.0,1.0,,,1,7.0,False,2025,Bahrain,R,98.593,31.04,43.04,24.513,98.4005,0.19250000000000966,103.877,-5.283999999999992,0.19250000000000966,98.953,103.937,-4.983999999999995,57.0,0.10526315789473684,12.0,0.75,81.0,36.0,1,0,0,1,1,0,0,9.0,0.0,0.0,9
VER,Red Bull Racing,7.0,0 days 00:01:38.929000,0 days 00:00:31.093000,0 days 00:00:43.268000,0 days 00:00:24.568000,SOFT,10.0,1.0,,,1,7.0,False,2025,Bahrain,R,98.929,31.093,43.268,24.568,98.4005,0.5285000000000082,103.877,-4.947999999999993,0.5285000000000082,99.349,103.937,-4.587999999999994,57.0,0.12280701754385964,12.0,0.8333333333333334,100.0,49.0,1,0,0,1,1,0,0,10.0,0.0,0.0,9
VER,Red Bull Racing,8.0,0 days 00:01:39.385000,0 days 00:00:31.208000,0 days 00:00:43.654000,0 days 00:00:24.523000,SOFT,11.0,1.0,,,1,7.0,False,2025,Bahrain,R,99.385,31.208,43.654,24.523,98.4005,0.9845000000000113,103.877,-4.49199999999999,0.9845000000000113,99.86500000000001,103.937,-4.0719999999999885,57.0,0.14035087719298245,12.0,0.9166666666666666,121.0,64.0,1,0,0,1,1,0,0,11.0,0.0,0.0,9
VER,Red Bull Racing,9.0,0 days 00:01:39.670000,0 days 00:00:31.767000,0 days 00:00:43.281000,0 days 00:00:24.622000,SOFT,12.0,1.0,,,1,7.0,False,2025,Bahrain,R,99.67,31.767,43.281,24.622,98.4005,1.2695000000000078,103.877,-4.206999999999994,1.2695000000000078,100.21000000000001,103.937,-3.7269999999999897,57.0,0.15789473684210525,12.0,1.0,144.0,81.0,1,0,0,1,1,0,0,12.0,0.0,0.0,9
VER,Red Bull Racing,12.0,0 days 00:01:37.204000,0 days 00:00:31.031000,0 days 00:00:42.045000,0 days 00:00:24.128000,HARD,2.0,2.0,,,1,16.0,False,2025,Bahrain,R,97.204,31.031,42.045,24.128,98.4005,1.1965000000000003,97.204,0.0,-1.1965000000000003,97.92399999999999,97.92399999999999,0.0,57.0,0.21052631578947367,15.0,0.13333333333333333,4.0,144.0,0,1,0,1,0,0,1,0.0,0.0,2.0,14
VER,Red Bull Racing,13.0,0 days 00:01:38.327000,0 days 00:00:30.807000,0 days 00:00:42.931000,0 days 00:00:24.589000,HARD,3.0,2.0,,,1,13.0,False,2025,Bahrain,R,98.327,30.807,42.931,24.589,98.4005,0.07349999999999568,97.204,1.1230000000000047,-0.07349999999999568,99.107,97.92399999999999,1.183000000000007,57.0,0.22807017543859648,15.0,0.2,9.0,169.0,0,1,0,1,0,0,1,0.0,0.0,3.0,14
VER,Red Bull Racing,14.0,0 days 00:01:38.087000,0 days 00:00:30.837000,0 days 00:00:42.822000,0 days 00:00:24.428000,HARD,4.0,2.0,,,1,12.0,False,2025,Bahrain,R,98.087,30.837,42.822,24.428,98.4005,0.31349999999999056,97.204,0.8830000000000098,-0.31349999999999056,98.927,97.92399999999999,1.0030000000000143,57.0,0.24561403508771928,15.0,0.26666666666666666,16.0,196.0,0,1,0,1,0,0,1,0.0,0.0,4.0,14
VER,Red Bull Racing,15.0,0 days 00:01:38.287000,0 days 00:00:31.029000,0 days 00:00:42.932000,0 days 00:00:24.326000,HARD,5.0,2.0,,,1,10.0,False,2025,Bahrain,R,98.287,31.029,42.932,24.326,98.4005,0.11349999999998772,97.204,1.0830000000000126,-0.11349999999998772,99.18700000000001,97.92399999999999,1.2630000000000194,57.0,0.2631578947368421,15.0,0.3333333333333333,25.0,225.0,0,1,0,1,0,0,1,0.0,0.0,5.0,14
VER,Red Bull Racing,16.0,0 days 00:01:39.303000,0 days 00:00:31.259000,0 days 00:00:43.322000,0 days 00:00:24.722000,HARD,6.0,2.0,,,1,9.0,False,2025,Bahrain,R,99.303,31.259,43.322,24.722,98.4005,0.9025000000000034,97.204,2.0990000000000038,0.9025000000000034,100.26299999999999,97.92399999999999,2.3389999999999986,57.0,0.2807017543859649,15.0,0.4,36.0,256.0,0,1,0,1,0,0,1,0.0,0.0,6.0,14
VER,Red Bull Racing,17.0,0 days 00:01:38.408000,0 days 00:00:31.268000,0 days 00:00:42.801000,0 days 00:00:24.339000,HARD,7.0,2.0,,,1,8.0,False,2025,Bahrain,R,98.408,31.268,42.801,24.339,98.4005,0.00750000000000739,97.204,1.2040000000000077,0.00750000000000739,99.428,97.92399999999999,1.5040000000000049,57.0,0.2982456140350877,15.0,0.4666666666666667,49.0,289.0,0,1,0,1,0,0,1,0.0,0.0,7.0,14
VER,Red Bull Racing,18.0,0 days 00:01:38.553000,0 days 00:00:31.151000,0 days 00:00:42.950000,0 days 00:00:24.452000,HARD,8.0,2.0,,,1,7.0,False,2025,Bahrain,R,98.553,31.151,42.95,24.452,98.4005,0.1525000000000034,97.204,1.3490000000000038,0.1525000000000034,99.633,97.92399999999999,1.7090000000000032,57.0,0.3157894736842105,15.0,0.5333333333333333,64.0,324.0,0,1,0,1,0,0,1,0.0,0.0,8.0,14
VER,Red Bull Racing,19.0,0 days 00:01:38.515000,0 days 00:00:31.078000,0 days 00:00:42.988000,0 days 00:00:24.449000,HARD,9.0,2.0,,,1,7.0,False,2025,Bahrain,R,98.515,31.078,42.988,24.449,98.4005,0.11450000000000671,97.204,1.311000000000007,0.11450000000000671,99.655,97.92399999999999,1.7310000000000088,57.0,0.3333333333333333,15.0,0.6,81.0,361.0,0,1,0,0,0,0,1,0.0,0.0,9.0,14
VER,Red Bull Racing,20.0,0 days 00:01:40.427000,0 days 00:00:31.993000,0 days 00:00:43.988000,0 days 00:00:24.446000,HARD,10.0,2.0,,,1,8.0,False,2025,Bahrain,R,100.427,31.993,43.988,24.446,98.4005,2.026500000000013,97.204,3.223000000000013,2.026500000000013,101.62700000000001,97.92399999999999,3.703000000000017,57.0,0.3508771929824561,15.0,0.6666666666666666,100.0,400.0,0,1,0,0,0,0,1,0.0,0.0,10.0,14
VER,Red Bull Racing,21.0,0 days 00:01:38.948000,0 days 00:00:31.207000,0 days 00:00:43.163000,0 days 00:00:24.578000,HARD,11.0,2.0,,,1,8.0,False,2025,Bahrain,R,98.948,31.207,43.163,24.578,98.4005,0.5474999999999994,97.204,1.7439999999999998,0.5474999999999994,100.208,97.92399999999999,2.284000000000006,57.0,0.3684210526315789,15.0,0.7333333333333333,121.0,441.0,0,1,0,0,0,0,1,0.0,0.0,11.0,14
VER,Red Bull Racing,22.0,0 days 00:01:40.076000,0 days 00:00:31.627000,0 days 00:00:43.856000,0 days 00:00:24.593000,HARD,12.0,2.0,,,1,9.0,False,2025,Bahrain,R,100.076,31.627,43.856,24.593,98.4005,1.6754999999999995,97.204,2.872,1.6754999999999995,101.39599999999999,97.92399999999999,3.471999999999994,57.0,0.38596491228070173,15.0,0.8,144.0,484.0,0,1,0,0,0,0,1,0.0,0.0,12.0,14
VER,Red Bull Racing,23.0,0 days 00:01:38.433000,0 days 00:00:31.033000,0 days 00:00:42.911000,0 days 00:00:24.489000,HARD,13.0,2.0,,,1,9.0,False,2025,Bahrain,R,98.433,31.033,42.911,24.489,98.4005,0.032500000000013074,97.204,1.2290000000000134,0.032500000000013074,99.813,97.92399999999999,1.88900000000001,57.0,0.40350877192982454,15.0,0.8666666666666667,169.0,529.0,0,1,0,0,0,0,1,0.0,0.0,13.0,14
VER,Red Bull Racing,24.0,0 days 00:01:38.871000,0 days 00:00:31.598000,0 days 00:00:42.867000,0 days 00:00:24.406000,HARD,14.0,2.0,,,1,9.0,False,2025,Bahrain,R,98.871,31.598,42.867,24.406,98.4005,0.47050000000000125,97.204,1.6670000000000016,0.47050000000000125,100.31099999999999,97.92399999999999,2.3870000000000005,57.0,0.42105263157894735,15.0,0.9333333333333333,196.0,576.0,0,1,0,0,0,0,1,0.0,0.0,14.0,14
VER,Red Bull Racing,25.0,0 days 00:01:39.492000,0 days 00:00:31.608000,0 days 00:00:43.181000,0 days 00:00:24.703000,HARD,15.0,2.0,,,1,9.0,False,2025,Bahrain,R,99.492,31.608,43.181,24.703,98.4005,1.0915000000000106,97.204,2.288000000000011,1.0915000000000106,100.992,97.92399999999999,3.068000000000012,57.0,0.43859649122807015,15.0,1.0,225.0,625.0,0,1,0,0,0,0,1,0.0,0.0,15.0,14
VER,Red Bull Racing,28.0,0 days 00:01:37.090000,0 days 00:00:30.751000,0 days 00:00:42.369000,0 days 00:00:23.970000,MEDIUM,2.0,3.0,,,1,17.0,False,2025,Bahrain,R,97.09,30.751,42.369,23.97,98.4005,1.3104999999999905,97.09,0.0,-1.3104999999999905,98.77000000000001,98.77000000000001,0.0,57.0,0.49122807017543857,31.0,0.06451612903225806,4.0,784.0,0,0,0,0,0,1,0,0.0,2.0,0.0,23
VER,Red Bull Racing,29.0,0 days 00:01:36.167000,0 days 00:00:30.598000,0 days 00:00:41.822000,0 days 00:00:23.747000,MEDIUM,3.0,3.0,,,1,14.0,False,2025,Bahrain,R,96.167,30.598,41.822,23.747,98.4005,2.2334999999999923,97.09,-0.9230000000000018,-2.2334999999999923,97.907,98.77000000000001,-0.8630000000000138,57.0,0.5087719298245614,31.0,0.0967741935483871,9.0,841.0,0,0,0,0,0,1,0,0.0,3.0,0.0,23
VER,Red Bull Racing,30.0,0 days 00:01:36.694000,0 days 00:00:31.070000,0 days 00:00:41.837000,0 days 00:00:23.787000,MEDIUM,4.0,3.0,,,1,14.0,False,2025,Bahrain,R,96.694,31.07,41.837,23.787,98.4005,1.7064999999999912,97.09,-0.3960000000000008,-1.7064999999999912,98.494,98.77000000000001,-0.27600000000001046,57.0,0.5263157894736842,31.0,0.12903225806451613,16.0,900.0,0,0,0,0,0,1,0,0.0,4.0,0.0,23
VER,Red Bull Racing,31.0,0 days 00:01:38.040000,0 days 00:00:31.048000,0 days 00:00:42.577000,0 days 00:00:24.415000,MEDIUM,5.0,3.0,,,1,14.0,False,2025,Bahrain,R,98.04,31.048,42.577,24.415,98.4005,0.3604999999999876,97.09,0.9500000000000028,-0.3604999999999876,99.9,98.77000000000001,1.1299999999999955,57.0,0.543859649122807,31.0,0.16129032258064516,25.0,961.0,0,0,0,0,0,1,0,0.0,5.0,0.0,23
VER,Red Bull Racing,36.0,0 days 00:01:38.622000,0 days 00:00:31.795000,0 days 00:00:42.704000,0 days 00:00:24.123000,MEDIUM,10.0,3.0,,,1,8.0,False,2025,Bahrain,R,98.622,31.795,42.704,24.123,98.4005,0.22150000000000603,97.09,1.5319999999999965,0.22150000000000603,100.782,98.77000000000001,2.0119999999999862,57.0,0.631578947368421,31.0,0.3225806451612903,100.0,1296.0,0,0,0,0,0,1,0,0.0,10.0,0.0,23
VER,Red Bull Racing,37.0,0 days 00:01:37.345000,0 days 00:00:31.027000,0 days 00:00:42.228000,0 days 00:00:24.090000,MEDIUM,11.0,3.0,,,1,8.0,False,2025,Bahrain,R,97.345,31.027,42.228,24.09,98.4005,1.055499999999995,97.09,0.25499999999999545,-1.055499999999995,99.565,98.77000000000001,0.7949999999999875,57.0,0.6491228070175439,31.0,0.3548387096774194,121.0,1369.0,0,0,0,0,0,1,0,0.0,11.0,0.0,23
VER,Red Bull Racing,38.0,0 days 00:01:36.171000,0 days 00:00:30.521000,0 days 00:00:41.675000,0 days 00:00:23.975000,MEDIUM,12.0,3.0,,,1,7.0,False,2025,Bahrain,R,96.171,30.521,41.675,23.975,98.4005,2.2294999999999874,97.09,-0.9189999999999969,-2.2294999999999874,98.45100000000001,98.77000000000001,-0.3190000000000026,57.0,0.6666666666666666,31.0,0.3870967741935484,144.0,1444.0,0,0,1,0,0,1,0,0.0,12.0,0.0,23
VER,Red Bull Racing,39.0,0 days 00:01:36.670000,0 days 00:00:30.945000,0 days 00:00:41.913000,0 days 00:00:23.812000,MEDIUM,13.0,3.0,,,1,7.0,False,2025,Bahrain,R,96.67,30.945,41.913,23.812,98.4005,1.7304999999999922,97.09,-0.4200000000000017,-1.7304999999999922,99.01,98.77000000000001,0.23999999999999488,57.0,0.6842105263157895,31.0,0.41935483870967744,169.0,1521.0,0,0,1,0,0,1,0,0.0,13.0,0.0,23
VER,Red Bull Racing,40.0,0 days 00:01:37.059000,0 days 00:00:31.130000,0 days 00:00:41.987000,0 days 00:00:23.942000,MEDIUM,14.0,3.0,,,1,7.0,False,2025,Bahrain,R,97.059,31.13,41.987,23.942,98.4005,1.3414999999999964,97.09,-0.03100000000000591,-1.3414999999999964,99.459,98.77000000000001,0.688999999999993,57.0,0.7017543859649122,31.0,0.45161290322580644,196.0,1600.0,0,0,1,0,0,1,0,0.0,14.0,0.0,23
VER,Red Bull Racing,41.0,0 days 00:01:36.922000,0 days 00:00:31.063000,0 days 00:00:41.956000,0 days 00:00:23.903000,MEDIUM,15.0,3.0,,,1,7.0,False,2025,Bahrain,R,96.922,31.063,41.956,23.903,98.4005,1.4784999999999968,97.09,-0.16800000000000637,-1.4784999999999968,99.38199999999999,98.77000000000001,0.6119999999999806,57.0,0.7192982456140351,31.0,0.4838709677419355,225.0,1681.0,0,0,1,0,0,1,0,0.0,15.0,0.0,23
VER,Red Bull Racing,42.0,0 days 00:01:37.163000,0 days 00:00:31.150000,0 days 00:00:41.941000,0 days 00:00:24.072000,MEDIUM,16.0,3.0,,,1,7.0,False,2025,Bahrain,R,97.163,31.15,41.941,24.072,98.4005,1.2374999999999972,97.09,0.07299999999999329,-1.2374999999999972,99.68299999999999,98.77000000000001,0.9129999999999825,57.0,0.7368421052631579,31.0,0.5161290322580645,256.0,1764.0,0,0,1,0,0,1,0,0.0,16.0,0.0,23
VER,Red Bull Racing,43.0,0 days 00:01:37.095000,0 days 00:00:31.133000,0 days 00:00:41.962000,0 days 00:00:24,MEDIUM,17.0,3.0,,,1,7.0,False,2025,Bahrain,R,97.095,31.133,41.962,24.0,98.4005,1.305499999999995,97.09,0.0049999999999954525,-1.305499999999995,99.675,98.77000000000001,0.9049999999999869,57.0,0.7543859649122807,31.0,0.5483870967741935,289.0,1849.0,0,0,1,0,0,1,0,0.0,17.0,0.0,23
VER,Red Bull Racing,44.0,0 days 00:01:37.038000,0 days 00:00:31.118000,0 days 00:00:41.962000,0 days 00:00:23.958000,MEDIUM,18.0,3.0,,,1,7.0,False,2025,Bahrain,R,97.038,31.118,41.962,23.958,98.4005,1.3624999999999972,97.09,-0.05200000000000671,-1.3624999999999972,99.678,98.77000000000001,0.907999999999987,57.0,0.7719298245614035,31.0,0.5806451612903226,324.0,1936.0,0,0,1,0,0,1,0,0.0,18.0,0.0,23
VER,Red Bull Racing,46.0,0 days 00:01:37.351000,0 days 00:00:31.246000,0 days 00:00:42.132000,0 days 00:00:23.973000,MEDIUM,20.0,3.0,,,1,7.0,False,2025,Bahrain,R,97.351,31.246,42.132,23.973,98.4005,1.0494999999999948,97.09,0.2609999999999957,-1.0494999999999948,100.111,98.77000000000001,1.340999999999994,57.0,0.8070175438596491,31.0,0.6451612903225806,400.0,2116.0,0,0,1,0,0,1,0,0.0,20.0,0.0,23
VER,Red Bull Racing,47.0,0 days 00:01:37.369000,0 days 00:00:31.179000,0 days 00:00:42.177000,0 days 00:00:24.013000,MEDIUM,21.0,3.0,,,1,7.0,False,2025,Bahrain,R,97.369,31.179,42.177,24.013,98.4005,1.031499999999994,97.09,0.27899999999999636,-1.031499999999994,100.189,98.77000000000001,1.4189999999999827,57.0,0.8245614035087719,31.0,0.6774193548387096,441.0,2209.0,0,0,1,0,0,1,0,0.0,21.0,0.0,23
VER,Red Bull Racing,49.0,0 days 00:01:37.620000,0 days 00:00:31.408000,0 days 00:00:42.265000,0 days 00:00:23.947000,MEDIUM,23.0,3.0,,,1,7.0,False,2025,Bahrain,R,97.62,31.408,42.265,23.947,98.4005,0.7804999999999893,97.09,0.5300000000000011,-0.7804999999999893,100.56,98.77000000000001,1.789999999999992,57.0,0.8596491228070176,31.0,0.7419354838709677,529.0,2401.0,0,0,1,0,0,1,0,0.0,23.0,0.0,23
VER,Red Bull Racing,50.0,0 days 00:01:37.684000,0 days 00:00:30.896000,0 days 00:00:42.568000,0 days 00:00:24.220000,MEDIUM,24.0,3.0,,,1,7.0,False,2025,Bahrain,R,97.684,30.896,42.568,24.22,98.4005,0.7164999999999964,97.09,0.5939999999999941,-0.7164999999999964,100.684,98.77000000000001,1.9139999999999873,57.0,0.8771929824561403,31.0,0.7741935483870968,576.0,2500.0,0,0,1,0,0,1,0,0.0,24.0,0.0,23
VER,Red Bull Racing,51.0,0 days 00:01:38.075000,0 days 00:00:31.254000,0 days 00:00:42.744000,0 days 00:00:24.077000,MEDIUM,25.0,3.0,,,1,7.0,False,2025,Bahrain,R,98.075,31.254,42.744,24.077,98.4005,0.325499999999991,97.09,0.9849999999999994,-0.325499999999991,101.135,98.77000000000001,2.364999999999995,57.0,0.8947368421052632,31.0,0.8064516129032258,625.0,2601.0,0,0,1,0,0,1,0,0.0,25.0,0.0,23
VER,Red Bull Racing,52.0,0 days 00:01:38.065000,0 days 00:00:31.022000,0 days 00:00:42.676000,0 days 00:00:24.367000,MEDIUM,26.0,3.0,,,1,7.0,False,2025,Bahrain,R,98.065,31.022,42.676,24.367,98.4005,0.33549999999999613,97.09,0.9749999999999943,-0.33549999999999613,101.185,98.77000000000001,2.414999999999992,57.0,0.9122807017543859,31.0,0.8387096774193549,676.0,2704.0,0,0,1,0,0,1,0,0.0,26.0,0.0,23
VER,Red Bull Racing,53.0,0 days 00:01:38.435000,0 days 00:00:31.244000,0 days 00:00:43.025000,0 days 00:00:24.166000,MEDIUM,27.0,3.0,,,1,7.0,False,2025,Bahrain,R,98.435,31.244,43.025,24.166,98.4005,0.03450000000000841,97.09,1.3449999999999989,0.03450000000000841,101.61500000000001,98.77000000000001,2.844999999999999,57.0,0.9298245614035088,31.0,0.8709677419354839,729.0,2809.0,0,0,1,0,0,1,0,0.0,27.0,0.0,23
VER,Red Bull Racing,54.0,0 days 00:01:38.398000,0 days 00:00:31.256000,0 days 00:00:42.903000,0 days 00:00:24.239000,MEDIUM,28.0,3.0,,,1,7.0,False,2025,Bahrain,R,98.398,31.256,42.903,24.239,98.4005,0.0024999999999977263,97.09,1.3079999999999927,-0.0024999999999977263,101.63799999999999,98.77000000000001,2.867999999999981,57.0,0.9473684210526315,31.0,0.9032258064516129,784.0,2916.0,0,0,1,0,0,1,0,0.0,28.0,0.0,23
VER,Red Bull Racing,56.0,0 days 00:01:38.016000,0 days 00:00:31.155000,0 days 00:00:42.708000,0 days 00:00:24.153000,MEDIUM,30.0,3.0,,,1,7.0,False,2025,Bahrain,R,98.016,31.155,42.708,24.153,98.4005,0.3844999999999885,97.09,0.9260000000000019,-0.3844999999999885,101.376,98.77000000000001,2.6059999999999945,57.0,0.9824561403508771,31.0,0.967741935483871,900.0,3136.0,0,0,1,0,0,1,0,0.0,30.0,0.0,23
VER,Red Bull Racing,57.0,0 days 00:01:37.662000,0 days 00:00:31.024000,0 days 00:00:42.504000,0 days 00:00:24.134000,MEDIUM,31.0,3.0,,,1,6.0,False,2025,Bahrain,R,97.662,31.024,42.504,24.134,98.4005,0.7384999999999877,97.09,0.5720000000000027,-0.7384999999999877,101.08200000000001,98.77000000000001,2.3119999999999976,57.0,1.0,31.0,1.0,961.0,3249.0,0,0,1,0,0,1,0,0.0,31.0,0.0,23
