Driver,Team,LapNumber,LapTime,Sector1Time,Sector2Time,Sector3Time,Compound,TyreLife,Stint,PitInTime,PitOutTime,TrackStatus,Position,Deleted,season,race,session_type,lap_time_seconds,sector1_seconds,sector2_seconds,sector3_seconds,driver_median_lap,abs_delta_from_median,stint_baseline_lap_time,lap_time_delta_from_stint_start,normalized_lap_time,fuel_adjusted_lap_time,stint_baseline_fuel_adjusted_lap_time,fuel_adjusted_degradation_delta,race_max_lap,race_phase,stint_max_tyre_life,stint_progress,tyre_life_squared,lap_number_squared,is_first_stint,is_second_stint,is_late_race,is_early_race,is_soft,is_medium,is_hard,soft_tyre_life,medium_tyre_life,hard_tyre_life,stint_lap_count
ALB,Williams,2.0,0 days 00:01:23.703000,0 days 00:00:24.710000,0 days 00:00:34.072000,0 days 00:00:24.921000,SOFT,5.0,1.0,,,1,14.0,False,2025,Spain,R,83.703,24.71,34.072,24.921,81.9615,1.741500000000002,83.703,0.0,1.741500000000002,83.82300000000001,83.82300000000001,0.0,66.0,0.030303030303030304,8.0,0.625,25.0,4.0,1,0,0,1,1,0,0,5.0,0.0,0.0,4
ALB,Williams,3.0,0 days 00:01:22.585000,0 days 00:00:24.187000,0 days 00:00:33.553000,0 days 00:00:24.845000,SOFT,6.0,1.0,,,1,14.0,False,2025,Spain,R,82.585,24.187,33.553,24.845,81.9615,0.6234999999999928,83.703,-1.1180000000000092,0.6234999999999928,82.765,83.82300000000001,-1.058000000000007,66.0,0.045454545454545456,8.0,0.75,36.0,9.0,1,0,0,1,1,0,0,6.0,0.0,0.0,4
ALB,Williams,4.0,0 days 00:01:22.127000,0 days 00:00:24.038000,0 days 00:00:33.274000,0 days 00:00:24.815000,SOFT,7.0,1.0,,,1,14.0,False,2025,Spain,R,82.127,24.038,33.274,24.815,81.9615,0.16549999999999443,83.703,-1.5760000000000076,0.16549999999999443,82.36699999999999,83.82300000000001,-1.4560000000000173,66.0,0.06060606060606061,8.0,0.875,49.0,16.0,1,0,0,1,1,0,0,7.0,0.0,0.0,4
ALB,Williams,5.0,0 days 00:01:22.537000,0 days 00:00:24.110000,0 days 00:00:33.503000,0 days 00:00:24.924000,SOFT,8.0,1.0,,,1,14.0,False,2025,Spain,R,82.537,24.11,33.503,24.924,81.9615,0.5755000000000052,83.703,-1.1659999999999968,0.5755000000000052,82.837,83.82300000000001,-0.9860000000000042,66.0,0.07575757575757576,8.0,1.0,64.0,25.0,1,0,0,1,1,0,0,8.0,0.0,0.0,4
ALB,Williams,8.0,0 days 00:01:20.543000,0 days 00:00:23.986000,0 days 00:00:32.373000,0 days 00:00:24.184000,SOFT,2.0,2.0,,,1,19.0,False,2025,Spain,R,80.543,23.986,32.373,24.184,81.9615,1.4184999999999945,80.543,0.0,-1.4184999999999945,81.02300000000001,81.02300000000001,0.0,66.0,0.12121212121212122,19.0,0.10526315789473684,4.0,64.0,0,1,0,1,1,0,0,2.0,0.0,0.0,17
ALB,Williams,9.0,0 days 00:01:20.508000,0 days 00:00:23.867000,0 days 00:00:32.458000,0 days 00:00:24.183000,SOFT,3.0,2.0,,,1,18.0,False,2025,Spain,R,80.508,23.867,32.458,24.183,81.9615,1.4535000000000053,80.543,-0.0350000000000108,-1.4535000000000053,81.048,81.02300000000001,0.024999999999991473,66.0,0.13636363636363635,19.0,0.15789473684210525,9.0,81.0,0,1,0,1,1,0,0,3.0,0.0,0.0,17
ALB,Williams,10.0,0 days 00:01:21.462000,0 days 00:00:24.441000,0 days 00:00:32.712000,0 days 00:00:24.309000,SOFT,4.0,2.0,,,1,18.0,False,2025,Spain,R,81.462,24.441,32.712,24.309,81.9615,0.4994999999999976,80.543,0.9189999999999969,-0.4994999999999976,82.062,81.02300000000001,1.0389999999999873,66.0,0.15151515151515152,19.0,0.21052631578947367,16.0,100.0,0,1,0,1,1,0,0,4.0,0.0,0.0,17
ALB,Williams,11.0,0 days 00:01:21.011000,0 days 00:00:23.787000,0 days 00:00:32.862000,0 days 00:00:24.362000,SOFT,5.0,2.0,,,1,18.0,False,2025,Spain,R,81.011,23.787,32.862,24.362,81.9615,0.9505000000000052,80.543,0.4679999999999893,-0.9505000000000052,81.67099999999999,81.02300000000001,0.6479999999999819,66.0,0.16666666666666666,19.0,0.2631578947368421,25.0,121.0,0,1,0,1,1,0,0,5.0,0.0,0.0,17
ALB,Williams,12.0,0 days 00:01:21.879000,0 days 00:00:24.083000,0 days 00:00:33.150000,0 days 00:00:24.646000,SOFT,6.0,2.0,,,1,18.0,False,2025,Spain,R,81.879,24.083,33.15,24.646,81.9615,0.08249999999999602,80.543,1.3359999999999985,-0.08249999999999602,82.599,81.02300000000001,1.5759999999999934,66.0,0.18181818181818182,19.0,0.3157894736842105,36.0,144.0,0,1,0,1,1,0,0,6.0,0.0,0.0,17
ALB,Williams,13.0,0 days 00:01:21.932000,0 days 00:00:24.115000,0 days 00:00:33.153000,0 days 00:00:24.664000,SOFT,7.0,2.0,,,1,18.0,False,2025,Spain,R,81.932,24.115,33.153,24.664,81.9615,0.02949999999999875,80.543,1.3889999999999958,-0.02949999999999875,82.712,81.02300000000001,1.688999999999993,66.0,0.19696969696969696,19.0,0.3684210526315789,49.0,169.0,0,1,0,1,1,0,0,7.0,0.0,0.0,17
ALB,Williams,14.0,0 days 00:01:21.793000,0 days 00:00:24.091000,0 days 00:00:33.228000,0 days 00:00:24.474000,SOFT,8.0,2.0,,,1,18.0,False,2025,Spain,R,81.793,24.091,33.228,24.474,81.9615,0.16849999999999454,80.543,1.25,-0.16849999999999454,82.63300000000001,81.02300000000001,1.6099999999999994,66.0,0.21212121212121213,19.0,0.42105263157894735,64.0,196.0,0,1,0,1,1,0,0,8.0,0.0,0.0,17
ALB,Williams,15.0,0 days 00:01:21.738000,0 days 00:00:23.962000,0 days 00:00:33.071000,0 days 00:00:24.705000,SOFT,9.0,2.0,,,1,17.0,False,2025,Spain,R,81.738,23.962,33.071,24.705,81.9615,0.22350000000000136,80.543,1.1949999999999932,-0.22350000000000136,82.638,81.02300000000001,1.6149999999999949,66.0,0.22727272727272727,19.0,0.47368421052631576,81.0,225.0,0,1,0,1,1,0,0,9.0,0.0,0.0,17
ALB,Williams,16.0,0 days 00:01:21.783000,0 days 00:00:24.101000,0 days 00:00:33.074000,0 days 00:00:24.608000,SOFT,10.0,2.0,,,1,16.0,False,2025,Spain,R,81.783,24.101,33.074,24.608,81.9615,0.17849999999999966,80.543,1.2399999999999949,-0.17849999999999966,82.743,81.02300000000001,1.7199999999999847,66.0,0.24242424242424243,19.0,0.5263157894736842,100.0,256.0,0,1,0,1,1,0,0,10.0,0.0,0.0,17
ALB,Williams,17.0,0 days 00:01:21.649000,0 days 00:00:23.934000,0 days 00:00:33,0 days 00:00:24.715000,SOFT,11.0,2.0,,,1,16.0,False,2025,Spain,R,81.649,23.934,33.0,24.715,81.9615,0.3125,80.543,1.1059999999999945,-0.3125,82.669,81.02300000000001,1.6459999999999866,66.0,0.25757575757575757,19.0,0.5789473684210527,121.0,289.0,0,1,0,1,1,0,0,11.0,0.0,0.0,17
ALB,Williams,18.0,0 days 00:01:21.960000,0 days 00:00:24.086000,0 days 00:00:33.314000,0 days 00:00:24.560000,SOFT,12.0,2.0,,,1,16.0,False,2025,Spain,R,81.96,24.086,33.314,24.56,81.9615,0.0015000000000071623,80.543,1.4169999999999874,-0.0015000000000071623,83.03999999999999,81.02300000000001,2.0169999999999817,66.0,0.2727272727272727,19.0,0.631578947368421,144.0,324.0,0,1,0,1,1,0,0,12.0,0.0,0.0,17
ALB,Williams,19.0,0 days 00:01:21.963000,0 days 00:00:24.165000,0 days 00:00:33.098000,0 days 00:00:24.700000,SOFT,13.0,2.0,,,1,15.0,False,2025,Spain,R,81.963,24.165,33.098,24.7,81.9615,0.0014999999999929514,80.543,1.4199999999999875,0.0014999999999929514,83.103,81.02300000000001,2.079999999999984,66.0,0.2878787878787879,19.0,0.6842105263157895,169.0,361.0,0,1,0,1,1,0,0,13.0,0.0,0.0,17
ALB,Williams,20.0,0 days 00:01:22.346000,0 days 00:00:24.193000,0 days 00:00:33.386000,0 days 00:00:24.767000,SOFT,14.0,2.0,,,1,14.0,False,2025,Spain,R,82.346,24.193,33.386,24.767,81.9615,0.38450000000000273,80.543,1.8029999999999973,0.38450000000000273,83.546,81.02300000000001,2.522999999999996,66.0,0.30303030303030304,19.0,0.7368421052631579,196.0,400.0,0,1,0,1,1,0,0,14.0,0.0,0.0,17
ALB,Williams,21.0,0 days 00:01:22.440000,0 days 00:00:24.046000,0 days 00:00:33.544000,0 days 00:00:24.850000,SOFT,15.0,2.0,,,1,13.0,False,2025,Spain,R,82.44,24.046,33.544,24.85,81.9615,0.4784999999999968,80.543,1.8969999999999914,0.4784999999999968,83.7,81.02300000000001,2.6769999999999925,66.0,0.3181818181818182,19.0,0.7894736842105263,225.0,441.0,0,1,0,1,1,0,0,15.0,0.0,0.0,17
ALB,Williams,22.0,0 days 00:01:22.388000,0 days 00:00:23.929000,0 days 00:00:33.638000,0 days 00:00:24.821000,SOFT,16.0,2.0,,,1,13.0,False,2025,Spain,R,82.388,23.929,33.638,24.821,81.9615,0.4265000000000043,80.543,1.8449999999999989,0.4265000000000043,83.708,81.02300000000001,2.684999999999988,66.0,0.3333333333333333,19.0,0.8421052631578947,256.0,484.0,0,1,0,0,1,0,0,16.0,0.0,0.0,17
ALB,Williams,23.0,0 days 00:01:22.522000,0 days 00:00:23.892000,0 days 00:00:33.845000,0 days 00:00:24.785000,SOFT,17.0,2.0,,,1,13.0,False,2025,Spain,R,82.522,23.892,33.845,24.785,81.9615,0.5605000000000047,80.543,1.9789999999999992,0.5605000000000047,83.902,81.02300000000001,2.8789999999999907,66.0,0.3484848484848485,19.0,0.8947368421052632,289.0,529.0,0,1,0,0,1,0,0,17.0,0.0,0.0,17
ALB,Williams,25.0,0 days 00:01:24.407000,0 days 00:00:25.163000,0 days 00:00:34.345000,0 days 00:00:24.899000,SOFT,19.0,2.0,,,1,14.0,False,2025,Spain,R,84.407,25.163,34.345,24.899,81.9615,2.4454999999999956,80.543,3.86399999999999,2.4454999999999956,85.907,81.02300000000001,4.883999999999986,66.0,0.3787878787878788,19.0,1.0,361.0,625.0,0,1,0,0,1,0,0,19.0,0.0,0.0,17
ALO,Aston Martin,1.0,0 days 00:01:28.761000,,0 days 00:00:34.254000,0 days 00:00:24.974000,SOFT,3.0,1.0,,,1,10.0,False,2025,Spain,R,88.761,,34.254,24.974,81.626,7.134999999999991,88.761,0.0,7.134999999999991,88.821,88.821,0.0,66.0,0.015151515151515152,16.0,0.1875,9.0,1.0,1,0,0,1,1,0,0,3.0,0.0,0.0,13
ALO,Aston Martin,2.0,0 days 00:01:23.387000,0 days 00:00:24.661000,0 days 00:00:33.931000,0 days 00:00:24.795000,SOFT,4.0,1.0,,,1,11.0,False,2025,Spain,R,83.387,24.661,33.931,24.795,81.626,1.7609999999999957,88.761,-5.373999999999995,1.7609999999999957,83.507,88.821,-5.313999999999993,66.0,0.030303030303030304,16.0,0.25,16.0,4.0,1,0,0,1,1,0,0,4.0,0.0,0.0,13
ALO,Aston Martin,3.0,0 days 00:01:22.424000,0 days 00:00:24.069000,0 days 00:00:33.648000,0 days 00:00:24.707000,SOFT,5.0,1.0,,,1,11.0,False,2025,Spain,R,82.424,24.069,33.648,24.707,81.626,0.7980000000000018,88.761,-6.336999999999989,0.7980000000000018,82.60400000000001,88.821,-6.2169999999999845,66.0,0.045454545454545456,16.0,0.3125,25.0,9.0,1,0,0,1,1,0,0,5.0,0.0,0.0,13
ALO,Aston Martin,4.0,0 days 00:01:21.965000,0 days 00:00:23.936000,0 days 00:00:33.355000,0 days 00:00:24.674000,SOFT,6.0,1.0,,,1,11.0,False,2025,Spain,R,81.965,23.936,33.355,24.674,81.626,0.33899999999999864,88.761,-6.795999999999992,0.33899999999999864,82.205,88.821,-6.616,66.0,0.06060606060606061,16.0,0.375,36.0,16.0,1,0,0,1,1,0,0,6.0,0.0,0.0,13
ALO,Aston Martin,5.0,0 days 00:01:21.888000,0 days 00:00:23.833000,0 days 00:00:33.370000,0 days 00:00:24.685000,SOFT,7.0,1.0,,,1,11.0,False,2025,Spain,R,81.888,23.833,33.37,24.685,81.626,0.26200000000000045,88.761,-6.8729999999999905,0.26200000000000045,82.188,88.821,-6.632999999999996,66.0,0.07575757575757576,16.0,0.4375,49.0,25.0,1,0,0,1,1,0,0,7.0,0.0,0.0,13
ALO,Aston Martin,6.0,0 days 00:01:21.670000,0 days 00:00:23.895000,0 days 00:00:33.015000,0 days 00:00:24.760000,SOFT,8.0,1.0,,,1,11.0,False,2025,Spain,R,81.67,23.895,33.015,24.76,81.626,0.04399999999999693,88.761,-7.090999999999994,0.04399999999999693,82.03,88.821,-6.790999999999997,66.0,0.09090909090909091,16.0,0.5,64.0,36.0,1,0,0,1,1,0,0,8.0,0.0,0.0,13
ALO,Aston Martin,7.0,0 days 00:01:22.247000,0 days 00:00:23.767000,0 days 00:00:33.523000,0 days 00:00:24.957000,SOFT,9.0,1.0,,,1,11.0,False,2025,Spain,R,82.247,23.767,33.523,24.957,81.626,0.6209999999999951,88.761,-6.513999999999996,0.6209999999999951,82.667,88.821,-6.153999999999996,66.0,0.10606060606060606,16.0,0.5625,81.0,49.0,1,0,0,1,1,0,0,9.0,0.0,0.0,13
ALO,Aston Martin,8.0,0 days 00:01:22.421000,0 days 00:00:23.914000,0 days 00:00:33.440000,0 days 00:00:25.067000,SOFT,10.0,1.0,,,1,11.0,False,2025,Spain,R,82.421,23.914,33.44,25.067,81.626,0.7950000000000017,88.761,-6.339999999999989,0.7950000000000017,82.90100000000001,88.821,-5.9199999999999875,66.0,0.12121212121212122,16.0,0.625,100.0,64.0,1,0,0,1,1,0,0,10.0,0.0,0.0,13
ALO,Aston Martin,9.0,0 days 00:01:22.498000,0 days 00:00:24.143000,0 days 00:00:33.451000,0 days 00:00:24.904000,SOFT,11.0,1.0,,,1,10.0,False,2025,Spain,R,82.498,24.143,33.451,24.904,81.626,0.8719999999999999,88.761,-6.262999999999991,0.8719999999999999,83.03800000000001,88.821,-5.782999999999987,66.0,0.13636363636363635,16.0,0.6875,121.0,81.0,1,0,0,1,1,0,0,11.0,0.0,0.0,13
ALO,Aston Martin,10.0,0 days 00:01:22.313000,0 days 00:00:24.293000,0 days 00:00:33.191000,0 days 00:00:24.829000,SOFT,12.0,1.0,,,1,9.0,False,2025,Spain,R,82.313,24.293,33.191,24.829,81.626,0.6869999999999976,88.761,-6.447999999999993,0.6869999999999976,82.913,88.821,-5.908000000000001,66.0,0.15151515151515152,16.0,0.75,144.0,100.0,1,0,0,1,1,0,0,12.0,0.0,0.0,13
ALO,Aston Martin,11.0,0 days 00:01:22.304000,0 days 00:00:24.201000,0 days 00:00:33.205000,0 days 00:00:24.898000,SOFT,13.0,1.0,,,1,9.0,False,2025,Spain,R,82.304,24.201,33.205,24.898,81.626,0.6779999999999973,88.761,-6.456999999999994,0.6779999999999973,82.964,88.821,-5.856999999999999,66.0,0.16666666666666666,16.0,0.8125,169.0,121.0,1,0,0,1,1,0,0,13.0,0.0,0.0,13
ALO,Aston Martin,12.0,0 days 00:01:22.469000,0 days 00:00:24.228000,0 days 00:00:33.394000,0 days 00:00:24.847000,SOFT,14.0,1.0,,,1,9.0,False,2025,Spain,R,82.469,24.228,33.394,24.847,81.626,0.8429999999999893,88.761,-6.292000000000002,0.8429999999999893,83.189,88.821,-5.632000000000005,66.0,0.18181818181818182,16.0,0.875,196.0,144.0,1,0,0,1,1,0,0,14.0,0.0,0.0,13
ALO,Aston Martin,14.0,0 days 00:01:24.019000,0 days 00:00:24.853000,0 days 00:00:33.849000,0 days 00:00:25.317000,SOFT,16.0,1.0,,,1,11.0,False,2025,Spain,R,84.019,24.853,33.849,25.317,81.626,2.3930000000000007,88.761,-4.74199999999999,2.3930000000000007,84.85900000000001,88.821,-3.961999999999989,66.0,0.21212121212121213,16.0,1.0,256.0,196.0,1,0,0,1,1,0,0,16.0,0.0,0.0,13
ALO,Aston Martin,17.0,0 days 00:01:20.454000,0 days 00:00:23.599000,0 days 00:00:32.543000,0 days 00:00:24.312000,MEDIUM,3.0,2.0,,,1,19.0,False,2025,Spain,R,80.454,23.599,32.543,24.312,81.626,1.1720000000000113,80.454,0.0,-1.1720000000000113,81.47399999999999,81.47399999999999,0.0,66.0,0.25757575757575757,27.0,0.1111111111111111,9.0,289.0,0,1,0,1,0,1,0,0.0,3.0,0.0,25
ALO,Aston Martin,18.0,0 days 00:01:21.025000,0 days 00:00:23.438000,0 days 00:00:33.169000,0 days 00:00:24.418000,MEDIUM,4.0,2.0,,,1,17.0,False,2025,Spain,R,81.025,23.438,33.169,24.418,81.626,0.6009999999999991,80.454,0.5710000000000122,-0.6009999999999991,82.105,81.47399999999999,0.6310000000000144,66.0,0.2727272727272727,27.0,0.14814814814814814,16.0,324.0,0,1,0,1,0,1,0,0.0,4.0,0.0,25
ALO,Aston Martin,19.0,0 days 00:01:21.033000,0 days 00:00:23.936000,0 days 00:00:32.779000,0 days 00:00:24.318000,MEDIUM,5.0,2.0,,,1,17.0,False,2025,Spain,R,81.033,23.936,32.779,24.318,81.626,0.5930000000000035,80.454,0.5790000000000077,-0.5930000000000035,82.173,81.47399999999999,0.6990000000000123,66.0,0.2878787878787879,27.0,0.18518518518518517,25.0,361.0,0,1,0,1,0,1,0,0.0,5.0,0.0,25
ALO,Aston Martin,20.0,0 days 00:01:20.858000,0 days 00:00:23.854000,0 days 00:00:32.618000,0 days 00:00:24.386000,MEDIUM,6.0,2.0,,,1,16.0,False,2025,Spain,R,80.858,23.854,32.618,24.386,81.626,0.7680000000000007,80.454,0.4040000000000106,-0.7680000000000007,82.058,81.47399999999999,0.5840000000000174,66.0,0.30303030303030304,27.0,0.2222222222222222,36.0,400.0,0,1,0,1,0,1,0,0.0,6.0,0.0,25
ALO,Aston Martin,21.0,0 days 00:01:20.959000,0 days 00:00:23.623000,0 days 00:00:32.791000,0 days 00:00:24.545000,MEDIUM,7.0,2.0,,,1,15.0,False,2025,Spain,R,80.959,23.623,32.791,24.545,81.626,0.6670000000000016,80.454,0.5050000000000097,-0.6670000000000016,82.21900000000001,81.47399999999999,0.7450000000000188,66.0,0.3181818181818182,27.0,0.25925925925925924,49.0,441.0,0,1,0,1,0,1,0,0.0,7.0,0.0,25
ALO,Aston Martin,22.0,0 days 00:01:21.589000,0 days 00:00:24.068000,0 days 00:00:32.942000,0 days 00:00:24.579000,MEDIUM,8.0,2.0,,,1,15.0,False,2025,Spain,R,81.589,24.068,32.942,24.579,81.626,0.03700000000000614,80.454,1.1350000000000051,-0.03700000000000614,82.90899999999999,81.47399999999999,1.4350000000000023,66.0,0.3333333333333333,27.0,0.2962962962962963,64.0,484.0,0,1,0,0,0,1,0,0.0,8.0,0.0,25
ALO,Aston Martin,23.0,0 days 00:01:21.616000,0 days 00:00:23.964000,0 days 00:00:32.985000,0 days 00:00:24.667000,MEDIUM,9.0,2.0,,,1,15.0,False,2025,Spain,R,81.616,23.964,32.985,24.667,81.626,0.010000000000005116,80.454,1.1620000000000061,-0.010000000000005116,82.996,81.47399999999999,1.5220000000000056,66.0,0.3484848484848485,27.0,0.3333333333333333,81.0,529.0,0,1,0,0,0,1,0,0.0,9.0,0.0,25
ALO,Aston Martin,24.0,0 days 00:01:22.870000,0 days 00:00:24.069000,0 days 00:00:33.691000,0 days 00:00:25.110000,MEDIUM,10.0,2.0,,,1,14.0,False,2025,Spain,R,82.87,24.069,33.691,25.11,81.626,1.2439999999999998,80.454,2.416000000000011,1.2439999999999998,84.31,81.47399999999999,2.8360000000000127,66.0,0.36363636363636365,27.0,0.37037037037037035,100.0,576.0,0,1,0,0,0,1,0,0.0,10.0,0.0,25
ALO,Aston Martin,25.0,0 days 00:01:21.727000,0 days 00:00:23.714000,0 days 00:00:33.367000,0 days 00:00:24.646000,MEDIUM,11.0,2.0,,,1,13.0,False,2025,Spain,R,81.727,23.714,33.367,24.646,81.626,0.10099999999999909,80.454,1.2730000000000103,0.10099999999999909,83.227,81.47399999999999,1.7530000000000143,66.0,0.3787878787878788,27.0,0.4074074074074074,121.0,625.0,0,1,0,0,0,1,0,0.0,11.0,0.0,25
ALO,Aston Martin,26.0,0 days 00:01:21.419000,0 days 00:00:23.914000,0 days 00:00:32.875000,0 days 00:00:24.630000,MEDIUM,12.0,2.0,,,1,13.0,False,2025,Spain,R,81.419,23.914,32.875,24.63,81.626,0.20700000000000784,80.454,0.9650000000000034,-0.20700000000000784,82.979,81.47399999999999,1.5050000000000097,66.0,0.3939393939393939,27.0,0.4444444444444444,144.0,676.0,0,1,0,0,0,1,0,0.0,12.0,0.0,25
ALO,Aston Martin,27.0,0 days 00:01:21.394000,0 days 00:00:23.971000,0 days 00:00:32.896000,0 days 00:00:24.527000,MEDIUM,13.0,2.0,,,1,13.0,False,2025,Spain,R,81.394,23.971,32.896,24.527,81.626,0.23199999999999932,80.454,0.9400000000000119,-0.23199999999999932,83.01400000000001,81.47399999999999,1.5400000000000205,66.0,0.4090909090909091,27.0,0.48148148148148145,169.0,729.0,0,1,0,0,0,1,0,0.0,13.0,0.0,25
ALO,Aston Martin,28.0,0 days 00:01:21.430000,0 days 00:00:23.839000,0 days 00:00:32.981000,0 days 00:00:24.610000,MEDIUM,14.0,2.0,,,1,13.0,False,2025,Spain,R,81.43,23.839,32.981,24.61,81.626,0.19599999999999795,80.454,0.9760000000000133,-0.19599999999999795,83.11000000000001,81.47399999999999,1.636000000000024,66.0,0.42424242424242425,27.0,0.5185185185185185,196.0,784.0,0,1,0,0,0,1,0,0.0,14.0,0.0,25
ALO,Aston Martin,29.0,0 days 00:01:21.505000,0 days 00:00:23.909000,0 days 00:00:32.964000,0 days 00:00:24.632000,MEDIUM,15.0,2.0,,,1,13.0,False,2025,Spain,R,81.505,23.909,32.964,24.632,81.626,0.12100000000000932,80.454,1.051000000000002,-0.12100000000000932,83.24499999999999,81.47399999999999,1.7710000000000008,66.0,0.4393939393939394,27.0,0.5555555555555556,225.0,841.0,0,1,0,0,0,1,0,0.0,15.0,0.0,25
ALO,Aston Martin,30.0,0 days 00:01:21.450000,0 days 00:00:23.896000,0 days 00:00:32.928000,0 days 00:00:24.626000,MEDIUM,16.0,2.0,,,1,13.0,False,2025,Spain,R,81.45,23.896,32.928,24.626,81.626,0.17600000000000193,80.454,0.9960000000000093,-0.17600000000000193,83.25,81.47399999999999,1.7760000000000105,66.0,0.45454545454545453,27.0,0.5925925925925926,256.0,900.0,0,1,0,0,0,1,0,0.0,16.0,0.0,25
ALO,Aston Martin,31.0,0 days 00:01:22.196000,0 days 00:00:24.002000,0 days 00:00:33.225000,0 days 00:00:24.969000,MEDIUM,17.0,2.0,,,1,13.0,False,2025,Spain,R,82.196,24.002,33.225,24.969,81.626,0.5699999999999932,80.454,1.7420000000000044,0.5699999999999932,84.056,81.47399999999999,2.582000000000008,66.0,0.4696969696969697,27.0,0.6296296296296297,289.0,961.0,0,1,0,0,0,1,0,0.0,17.0,0.0,25
ALO,Aston Martin,32.0,0 days 00:01:22.387000,0 days 00:00:24.149000,0 days 00:00:33.310000,0 days 00:00:24.928000,MEDIUM,18.0,2.0,,,1,12.0,False,2025,Spain,R,82.387,24.149,33.31,24.928,81.626,0.7609999999999957,80.454,1.933000000000007,0.7609999999999957,84.307,81.47399999999999,2.8330000000000126,66.0,0.48484848484848486,27.0,0.6666666666666666,324.0,1024.0,0,1,0,0,0,1,0,0.0,18.0,0.0,25
ALO,Aston Martin,33.0,0 days 00:01:21.918000,0 days 00:00:24.027000,0 days 00:00:33.146000,0 days 00:00:24.745000,MEDIUM,19.0,2.0,,,1,12.0,False,2025,Spain,R,81.918,24.027,33.146,24.745,81.626,0.2920000000000016,80.454,1.4640000000000128,0.2920000000000016,83.89800000000001,81.47399999999999,2.424000000000021,66.0,0.5,27.0,0.7037037037037037,361.0,1089.0,0,1,0,0,0,1,0,0.0,19.0,0.0,25
ALO,Aston Martin,34.0,0 days 00:01:22.007000,0 days 00:00:24.187000,0 days 00:00:33.016000,0 days 00:00:24.804000,MEDIUM,20.0,2.0,,,1,12.0,False,2025,Spain,R,82.007,24.187,33.016,24.804,81.626,0.3810000000000002,80.454,1.5530000000000115,0.3810000000000002,84.04700000000001,81.47399999999999,2.5730000000000217,66.0,0.5151515151515151,27.0,0.7407407407407407,400.0,1156.0,0,1,0,0,0,1,0,0.0,20.0,0.0,25
ALO,Aston Martin,35.0,0 days 00:01:22.218000,0 days 00:00:24.086000,0 days 00:00:33.260000,0 days 00:00:24.872000,MEDIUM,21.0,2.0,,,1,11.0,False,2025,Spain,R,82.218,24.086,33.26,24.872,81.626,0.5919999999999987,80.454,1.76400000000001,0.5919999999999987,84.318,81.47399999999999,2.8440000000000083,66.0,0.5303030303030303,27.0,0.7777777777777778,441.0,1225.0,0,1,0,0,0,1,0,0.0,21.0,0.0,25
ALO,Aston Martin,36.0,0 days 00:01:21.218000,0 days 00:00:23.668000,0 days 00:00:32.970000,0 days 00:00:24.580000,MEDIUM,22.0,2.0,,,1,11.0,False,2025,Spain,R,81.218,23.668,32.97,24.58,81.626,0.40800000000000125,80.454,0.76400000000001,-0.40800000000000125,83.378,81.47399999999999,1.9040000000000106,66.0,0.5454545454545454,27.0,0.8148148148148148,484.0,1296.0,0,1,0,0,0,1,0,0.0,22.0,0.0,25
ALO,Aston Martin,37.0,0 days 00:01:21.500000,0 days 00:00:23.940000,0 days 00:00:32.897000,0 days 00:00:24.663000,MEDIUM,23.0,2.0,,,1,11.0,False,2025,Spain,R,81.5,23.94,32.897,24.663,81.626,0.12600000000000477,80.454,1.0460000000000065,-0.12600000000000477,83.72,81.47399999999999,2.2460000000000093,66.0,0.5606060606060606,27.0,0.8518518518518519,529.0,1369.0,0,1,0,0,0,1,0,0.0,23.0,0.0,25
ALO,Aston Martin,38.0,0 days 00:01:21.626000,0 days 00:00:24.074000,0 days 00:00:32.987000,0 days 00:00:24.565000,MEDIUM,24.0,2.0,,,1,11.0,False,2025,Spain,R,81.626,24.074,32.987,24.565,81.626,0.0,80.454,1.1720000000000113,0.0,83.906,81.47399999999999,2.4320000000000164,66.0,0.5757575757575758,27.0,0.8888888888888888,576.0,1444.0,0,1,0,0,0,1,0,0.0,24.0,0.0,25
ALO,Aston Martin,39.0,0 days 00:01:21.717000,0 days 00:00:24.056000,0 days 00:00:33.061000,0 days 00:00:24.600000,MEDIUM,25.0,2.0,,,1,11.0,False,2025,Spain,R,81.717,24.056,33.061,24.6,81.626,0.09099999999999397,80.454,1.2630000000000052,0.09099999999999397,84.057,81.47399999999999,2.5830000000000126,66.0,0.5909090909090909,27.0,0.9259259259259259,625.0,1521.0,0,1,0,0,0,1,0,0.0,25.0,0.0,25
ALO,Aston Martin,40.0,0 days 00:01:21.703000,0 days 00:00:24.025000,0 days 00:00:32.966000,0 days 00:00:24.712000,MEDIUM,26.0,2.0,,,1,11.0,False,2025,Spain,R,81.703,24.025,32.966,24.712,81.626,0.07699999999999818,80.454,1.2490000000000094,0.07699999999999818,84.10300000000001,81.47399999999999,2.629000000000019,66.0,0.6060606060606061,27.0,0.9629629629629629,676.0,1600.0,0,1,0,0,0,1,0,0.0,26.0,0.0,25
ALO,Aston Martin,41.0,0 days 00:01:21.980000,0 days 00:00:24.050000,0 days 00:00:33.107000,0 days 00:00:24.823000,MEDIUM,27.0,2.0,,,1,11.0,False,2025,Spain,R,81.98,24.05,33.107,24.823,81.626,0.3539999999999992,80.454,1.5260000000000105,0.3539999999999992,84.44,81.47399999999999,2.966000000000008,66.0,0.6212121212121212,27.0,1.0,729.0,1681.0,0,1,0,0,0,1,0,0.0,27.0,0.0,25
ALO,Aston Martin,44.0,0 days 00:01:18.997000,0 days 00:00:23.433000,0 days 00:00:31.857000,0 days 00:00:23.707000,SOFT,5.0,3.0,,,1,15.0,False,2025,Spain,R,78.997,23.433,31.857,23.707,81.626,2.629000000000005,78.997,0.0,-2.629000000000005,81.637,81.637,0.0,66.0,0.6666666666666666,14.0,0.35714285714285715,25.0,1936.0,0,0,1,0,1,0,0,5.0,0.0,0.0,10
ALO,Aston Martin,45.0,0 days 00:01:19.707000,0 days 00:00:23.470000,0 days 00:00:32.260000,0 days 00:00:23.977000,SOFT,6.0,3.0,,,1,14.0,False,2025,Spain,R,79.707,23.47,32.26,23.977,81.626,1.9190000000000111,78.997,0.7099999999999937,-1.9190000000000111,82.407,81.637,0.769999999999996,66.0,0.6818181818181818,14.0,0.42857142857142855,36.0,2025.0,0,0,1,0,1,0,0,6.0,0.0,0.0,10
ALO,Aston Martin,46.0,0 days 00:01:19.703000,0 days 00:00:23.720000,0 days 00:00:32.099000,0 days 00:00:23.884000,SOFT,7.0,3.0,,,1,14.0,False,2025,Spain,R,79.703,23.72,32.099,23.884,81.626,1.9230000000000018,78.997,0.7060000000000031,-1.9230000000000018,82.46300000000001,81.637,0.8260000000000076,66.0,0.696969696969697,14.0,0.5,49.0,2116.0,0,0,1,0,1,0,0,7.0,0.0,0.0,10
ALO,Aston Martin,47.0,0 days 00:01:19.587000,0 days 00:00:23.413000,0 days 00:00:32.270000,0 days 00:00:23.904000,SOFT,8.0,3.0,,,1,14.0,False,2025,Spain,R,79.587,23.413,32.27,23.904,81.626,2.0390000000000015,78.997,0.5900000000000034,-2.0390000000000015,82.407,81.637,0.769999999999996,66.0,0.7121212121212122,14.0,0.5714285714285714,64.0,2209.0,0,0,1,0,1,0,0,8.0,0.0,0.0,10
ALO,Aston Martin,48.0,0 days 00:01:19.931000,0 days 00:00:23.290000,0 days 00:00:32.305000,0 days 00:00:24.336000,SOFT,9.0,3.0,,,1,14.0,False,2025,Spain,R,79.931,23.29,32.305,24.336,81.626,1.6950000000000074,78.997,0.9339999999999975,-1.6950000000000074,82.81099999999999,81.637,1.1739999999999924,66.0,0.7272727272727273,14.0,0.6428571428571429,81.0,2304.0,0,0,1,0,1,0,0,9.0,0.0,0.0,10
ALO,Aston Martin,49.0,0 days 00:01:21.771000,0 days 00:00:23.488000,0 days 00:00:32.758000,0 days 00:00:25.525000,SOFT,10.0,3.0,,,1,14.0,False,2025,Spain,R,81.771,23.488,32.758,25.525,81.626,0.14499999999999602,78.997,2.774000000000001,0.14499999999999602,84.711,81.637,3.073999999999998,66.0,0.7424242424242424,14.0,0.7142857142857143,100.0,2401.0,0,0,1,0,1,0,0,10.0,0.0,0.0,10
ALO,Aston Martin,50.0,0 days 00:01:21.378000,0 days 00:00:23.501000,0 days 00:00:32.689000,0 days 00:00:25.188000,SOFT,11.0,3.0,,,1,13.0,False,2025,Spain,R,81.378,23.501,32.689,25.188,81.626,0.24800000000000466,78.997,2.3810000000000002,-0.24800000000000466,84.378,81.637,2.7409999999999997,66.0,0.7575757575757576,14.0,0.7857142857142857,121.0,2500.0,0,0,1,0,1,0,0,11.0,0.0,0.0,10
ALO,Aston Martin,51.0,0 days 00:01:22.129000,0 days 00:00:24.538000,0 days 00:00:32.937000,0 days 00:00:24.654000,SOFT,12.0,3.0,,,1,13.0,False,2025,Spain,R,82.129,24.538,32.937,24.654,81.626,0.5030000000000001,78.997,3.132000000000005,0.5030000000000001,85.18900000000001,81.637,3.5520000000000067,66.0,0.7727272727272727,14.0,0.8571428571428571,144.0,2601.0,0,0,1,0,1,0,0,12.0,0.0,0.0,10
ALO,Aston Martin,52.0,0 days 00:01:20.232000,0 days 00:00:23.507000,0 days 00:00:32.600000,0 days 00:00:24.125000,SOFT,13.0,3.0,,,1,12.0,False,2025,Spain,R,80.232,23.507,32.6,24.125,81.626,1.3940000000000055,78.997,1.2349999999999994,-1.3940000000000055,83.352,81.637,1.7150000000000034,66.0,0.7878787878787878,14.0,0.9285714285714286,169.0,2704.0,0,0,1,0,1,0,0,13.0,0.0,0.0,10
ALO,Aston Martin,53.0,0 days 00:01:20.137000,0 days 00:00:23.465000,0 days 00:00:32.557000,0 days 00:00:24.115000,SOFT,14.0,3.0,,,1,12.0,False,2025,Spain,R,80.137,23.465,32.557,24.115,81.626,1.4890000000000043,78.997,1.1400000000000006,-1.4890000000000043,83.31700000000001,81.637,1.6800000000000068,66.0,0.803030303030303,14.0,1.0,196.0,2809.0,0,0,1,0,1,0,0,14.0,0.0,0.0,10
ALO,Aston Martin,58.0,0 days 00:01:23.660000,0 days 00:00:24.515000,0 days 00:00:33.887000,0 days 00:00:25.258000,SOFT,7.0,4.0,,,4,13.0,False,2025,Spain,R,83.66,24.515,33.887,25.258,81.626,2.033999999999992,83.66,0.0,2.033999999999992,87.14,87.14,0.0,66.0,0.8787878787878788,15.0,0.4666666666666667,49.0,3364.0,0,0,1,0,1,0,0,7.0,0.0,0.0,8
ALO,Aston Martin,59.0,0 days 00:01:21.227000,0 days 00:00:24.198000,0 days 00:00:32.553000,0 days 00:00:24.476000,SOFT,8.0,4.0,,,4,13.0,False,2025,Spain,R,81.227,24.198,32.553,24.476,81.626,0.3990000000000009,83.66,-2.4329999999999927,-0.3990000000000009,84.76700000000001,87.14,-2.3729999999999905,66.0,0.8939393939393939,15.0,0.5333333333333333,64.0,3481.0,0,0,1,0,1,0,0,8.0,0.0,0.0,8
ALO,Aston Martin,61.0,0 days 00:01:20.638000,0 days 00:00:24.223000,0 days 00:00:32.586000,0 days 00:00:23.829000,SOFT,10.0,4.0,,,1,12.0,False,2025,Spain,R,80.638,24.223,32.586,23.829,81.626,0.9879999999999995,83.66,-3.0219999999999914,-0.9879999999999995,84.298,87.14,-2.8419999999999987,66.0,0.9242424242424242,15.0,0.6666666666666666,100.0,3721.0,0,0,1,0,1,0,0,10.0,0.0,0.0,8
ALO,Aston Martin,62.0,0 days 00:01:19.550000,0 days 00:00:23.592000,0 days 00:00:32.193000,0 days 00:00:23.765000,SOFT,11.0,4.0,,,1,12.0,False,2025,Spain,R,79.55,23.592,32.193,23.765,81.626,2.0760000000000076,83.66,-4.109999999999999,-2.0760000000000076,83.27,87.14,-3.8700000000000045,66.0,0.9393939393939394,15.0,0.7333333333333333,121.0,3844.0,0,0,1,0,1,0,0,11.0,0.0,0.0,8
ALO,Aston Martin,63.0,0 days 00:01:19.886000,0 days 00:00:23.254000,0 days 00:00:32.725000,0 days 00:00:23.907000,SOFT,12.0,4.0,,,1,12.0,False,2025,Spain,R,79.886,23.254,32.725,23.907,81.626,1.740000000000009,83.66,-3.774000000000001,-1.740000000000009,83.666,87.14,-3.4740000000000038,66.0,0.9545454545454546,15.0,0.8,144.0,3969.0,0,0,1,0,1,0,0,12.0,0.0,0.0,8
ALO,Aston Martin,64.0,0 days 00:01:19.063000,0 days 00:00:23.192000,0 days 00:00:32.069000,0 days 00:00:23.802000,SOFT,13.0,4.0,,,1,11.0,False,2025,Spain,R,79.063,23.192,32.069,23.802,81.626,2.5630000000000024,83.66,-4.596999999999994,-2.5630000000000024,82.903,87.14,-4.236999999999995,66.0,0.9696969696969697,15.0,0.8666666666666667,169.0,4096.0,0,0,1,0,1,0,0,13.0,0.0,0.0,8
ALO,Aston Martin,65.0,0 days 00:01:18.494000,0 days 00:00:22.827000,0 days 00:00:32.013000,0 days 00:00:23.654000,SOFT,14.0,4.0,,,1,10.0,False,2025,Spain,R,78.494,22.827,32.013,23.654,81.626,3.132000000000005,83.66,-5.165999999999997,-3.132000000000005,82.394,87.14,-4.745999999999995,66.0,0.9848484848484849,15.0,0.9333333333333333,196.0,4225.0,0,0,1,0,1,0,0,14.0,0.0,0.0,8
ALO,Aston Martin,66.0,0 days 00:01:18.128000,0 days 00:00:22.956000,0 days 00:00:31.621000,0 days 00:00:23.551000,SOFT,15.0,4.0,,,1,10.0,False,2025,Spain,R,78.128,22.956,31.621,23.551,81.626,3.4980000000000047,83.66,-5.5319999999999965,-3.4980000000000047,82.088,87.14,-5.052000000000007,66.0,1.0,15.0,1.0,225.0,4356.0,0,0,1,0,1,0,0,15.0,0.0,0.0,8
ANT,Mercedes,1.0,0 days 00:01:27.381000,,0 days 00:00:34.011000,0 days 00:00:24.402000,SOFT,4.0,1.0,,,1,7.0,False,2025,Spain,R,87.381,,34.011,24.402,80.924,6.456999999999994,87.381,0.0,6.456999999999994,87.441,87.441,0.0,66.0,0.015151515151515152,23.0,0.17391304347826086,16.0,1.0,1,0,0,1,1,0,0,4.0,0.0,0.0,19
ANT,Mercedes,2.0,0 days 00:01:22.112000,0 days 00:00:24.554000,0 days 00:00:33.438000,0 days 00:00:24.120000,SOFT,5.0,1.0,,,1,7.0,False,2025,Spain,R,82.112,24.554,33.438,24.12,80.924,1.1879999999999882,87.381,-5.2690000000000055,1.1879999999999882,82.232,87.441,-5.209000000000003,66.0,0.030303030303030304,23.0,0.21739130434782608,25.0,4.0,1,0,0,1,1,0,0,5.0,0.0,0.0,19
ANT,Mercedes,3.0,0 days 00:01:21.874000,0 days 00:00:24.292000,0 days 00:00:33.119000,0 days 00:00:24.463000,SOFT,6.0,1.0,,,1,7.0,False,2025,Spain,R,81.874,24.292,33.119,24.463,80.924,0.9499999999999886,87.381,-5.507000000000005,0.9499999999999886,82.054,87.441,-5.3870000000000005,66.0,0.045454545454545456,23.0,0.2608695652173913,36.0,9.0,1,0,0,1,1,0,0,6.0,0.0,0.0,19
ANT,Mercedes,4.0,0 days 00:01:21.374000,0 days 00:00:24.270000,0 days 00:00:32.687000,0 days 00:00:24.417000,SOFT,7.0,1.0,,,1,7.0,False,2025,Spain,R,81.374,24.27,32.687,24.417,80.924,0.44999999999998863,87.381,-6.007000000000005,0.44999999999998863,81.61399999999999,87.441,-5.827000000000012,66.0,0.06060606060606061,23.0,0.30434782608695654,49.0,16.0,1,0,0,1,1,0,0,7.0,0.0,0.0,19
ANT,Mercedes,5.0,0 days 00:01:21.368000,0 days 00:00:24.076000,0 days 00:00:32.712000,0 days 00:00:24.580000,SOFT,8.0,1.0,,,1,7.0,False,2025,Spain,R,81.368,24.076,32.712,24.58,80.924,0.4439999999999884,87.381,-6.013000000000005,0.4439999999999884,81.66799999999999,87.441,-5.77300000000001,66.0,0.07575757575757576,23.0,0.34782608695652173,64.0,25.0,1,0,0,1,1,0,0,8.0,0.0,0.0,19
ANT,Mercedes,6.0,0 days 00:01:21.477000,0 days 00:00:24.236000,0 days 00:00:32.726000,0 days 00:00:24.515000,SOFT,9.0,1.0,,,1,7.0,False,2025,Spain,R,81.477,24.236,32.726,24.515,80.924,0.5529999999999973,87.381,-5.903999999999996,0.5529999999999973,81.837,87.441,-5.603999999999999,66.0,0.09090909090909091,23.0,0.391304347826087,81.0,36.0,1,0,0,1,1,0,0,9.0,0.0,0.0,19
ANT,Mercedes,7.0,0 days 00:01:21.707000,0 days 00:00:24.145000,0 days 00:00:32.984000,0 days 00:00:24.578000,SOFT,10.0,1.0,,,1,7.0,False,2025,Spain,R,81.707,24.145,32.984,24.578,80.924,0.782999999999987,87.381,-5.674000000000007,0.782999999999987,82.127,87.441,-5.314000000000007,66.0,0.10606060606060606,23.0,0.43478260869565216,100.0,49.0,1,0,0,1,1,0,0,10.0,0.0,0.0,19
ANT,Mercedes,8.0,0 days 00:01:21.857000,0 days 00:00:24.190000,0 days 00:00:33.080000,0 days 00:00:24.587000,SOFT,11.0,1.0,,,1,7.0,False,2025,Spain,R,81.857,24.19,33.08,24.587,80.924,0.9329999999999927,87.381,-5.524000000000001,0.9329999999999927,82.337,87.441,-5.103999999999999,66.0,0.12121212121212122,23.0,0.4782608695652174,121.0,64.0,1,0,0,1,1,0,0,11.0,0.0,0.0,19
ANT,Mercedes,9.0,0 days 00:01:21.744000,0 days 00:00:24.186000,0 days 00:00:32.947000,0 days 00:00:24.611000,SOFT,12.0,1.0,,,1,7.0,False,2025,Spain,R,81.744,24.186,32.947,24.611,80.924,0.8199999999999932,87.381,-5.6370000000000005,0.8199999999999932,82.284,87.441,-5.1569999999999965,66.0,0.13636363636363635,23.0,0.5217391304347826,144.0,81.0,1,0,0,1,1,0,0,12.0,0.0,0.0,19
ANT,Mercedes,10.0,0 days 00:01:21.991000,0 days 00:00:24.225000,0 days 00:00:33.045000,0 days 00:00:24.721000,SOFT,13.0,1.0,,,1,7.0,False,2025,Spain,R,81.991,24.225,33.045,24.721,80.924,1.066999999999993,87.381,-5.390000000000001,1.066999999999993,82.591,87.441,-4.8500000000000085,66.0,0.15151515151515152,23.0,0.5652173913043478,169.0,100.0,1,0,0,1,1,0,0,13.0,0.0,0.0,19
ANT,Mercedes,11.0,0 days 00:01:22.021000,0 days 00:00:24.286000,0 days 00:00:33.067000,0 days 00:00:24.668000,SOFT,14.0,1.0,,,1,7.0,False,2025,Spain,R,82.021,24.286,33.067,24.668,80.924,1.0969999999999942,87.381,-5.359999999999999,1.0969999999999942,82.681,87.441,-4.760000000000005,66.0,0.16666666666666666,23.0,0.6086956521739131,196.0,121.0,1,0,0,1,1,0,0,14.0,0.0,0.0,19
ANT,Mercedes,12.0,0 days 00:01:21.736000,0 days 00:00:24.154000,0 days 00:00:32.913000,0 days 00:00:24.669000,SOFT,15.0,1.0,,,1,7.0,False,2025,Spain,R,81.736,24.154,32.913,24.669,80.924,0.8119999999999976,87.381,-5.644999999999996,0.8119999999999976,82.456,87.441,-4.984999999999999,66.0,0.18181818181818182,23.0,0.6521739130434783,225.0,144.0,1,0,0,1,1,0,0,15.0,0.0,0.0,19
ANT,Mercedes,13.0,0 days 00:01:21.845000,0 days 00:00:24.197000,0 days 00:00:32.970000,0 days 00:00:24.678000,SOFT,16.0,1.0,,,1,7.0,False,2025,Spain,R,81.845,24.197,32.97,24.678,80.924,0.9209999999999923,87.381,-5.536000000000001,0.9209999999999923,82.625,87.441,-4.8160000000000025,66.0,0.19696969696969696,23.0,0.6956521739130435,256.0,169.0,1,0,0,1,1,0,0,16.0,0.0,0.0,19
ANT,Mercedes,15.0,0 days 00:01:22.181000,0 days 00:00:24.313000,0 days 00:00:33.056000,0 days 00:00:24.812000,SOFT,18.0,1.0,,,1,6.0,False,2025,Spain,R,82.181,24.313,33.056,24.812,80.924,1.2569999999999908,87.381,-5.200000000000003,1.2569999999999908,83.081,87.441,-4.359999999999999,66.0,0.22727272727272727,23.0,0.782608695652174,324.0,225.0,1,0,0,1,1,0,0,18.0,0.0,0.0,19
ANT,Mercedes,16.0,0 days 00:01:21.899000,0 days 00:00:24.150000,0 days 00:00:33.035000,0 days 00:00:24.714000,SOFT,19.0,1.0,,,1,6.0,False,2025,Spain,R,81.899,24.15,33.035,24.714,80.924,0.9749999999999943,87.381,-5.481999999999999,0.9749999999999943,82.859,87.441,-4.582000000000008,66.0,0.24242424242424243,23.0,0.8260869565217391,361.0,256.0,1,0,0,1,1,0,0,19.0,0.0,0.0,19
ANT,Mercedes,17.0,0 days 00:01:22.217000,0 days 00:00:23.948000,0 days 00:00:33.093000,0 days 00:00:25.176000,SOFT,20.0,1.0,,,1,6.0,False,2025,Spain,R,82.217,23.948,33.093,25.176,80.924,1.2929999999999922,87.381,-5.1640000000000015,1.2929999999999922,83.237,87.441,-4.204000000000008,66.0,0.25757575757575757,23.0,0.8695652173913043,400.0,289.0,1,0,0,1,1,0,0,20.0,0.0,0.0,19
ANT,Mercedes,18.0,0 days 00:01:22.441000,0 days 00:00:24.129000,0 days 00:00:33.410000,0 days 00:00:24.902000,SOFT,21.0,1.0,,,1,5.0,False,2025,Spain,R,82.441,24.129,33.41,24.902,80.924,1.516999999999996,87.381,-4.939999999999998,1.516999999999996,83.521,87.441,-3.9200000000000017,66.0,0.2727272727272727,23.0,0.9130434782608695,441.0,324.0,1,0,0,1,1,0,0,21.0,0.0,0.0,19
ANT,Mercedes,19.0,0 days 00:01:22.260000,0 days 00:00:24.163000,0 days 00:00:33.251000,0 days 00:00:24.846000,SOFT,22.0,1.0,,,1,5.0,False,2025,Spain,R,82.26,24.163,33.251,24.846,80.924,1.3359999999999985,87.381,-5.120999999999995,1.3359999999999985,83.4,87.441,-4.040999999999997,66.0,0.2878787878787879,23.0,0.9565217391304348,484.0,361.0,1,0,0,1,1,0,0,22.0,0.0,0.0,19
ANT,Mercedes,20.0,0 days 00:01:22.540000,0 days 00:00:24.225000,0 days 00:00:33.376000,0 days 00:00:24.939000,SOFT,23.0,1.0,,,1,5.0,False,2025,Spain,R,82.54,24.225,33.376,24.939,80.924,1.6159999999999997,87.381,-4.840999999999994,1.6159999999999997,83.74000000000001,87.441,-3.7009999999999934,66.0,0.30303030303030304,23.0,1.0,529.0,400.0,1,0,0,1,1,0,0,23.0,0.0,0.0,19
ANT,Mercedes,23.0,0 days 00:01:21.650000,0 days 00:00:23.925000,0 days 00:00:32.939000,0 days 00:00:24.786000,MEDIUM,2.0,2.0,,,1,8.0,False,2025,Spain,R,81.65,23.925,32.939,24.786,80.924,0.7259999999999991,81.65,0.0,0.7259999999999991,83.03,83.03,0.0,66.0,0.3484848484848485,27.0,0.07407407407407407,4.0,529.0,0,1,0,0,0,1,0,0.0,2.0,0.0,25
ANT,Mercedes,24.0,0 days 00:01:20.507000,0 days 00:00:23.652000,0 days 00:00:32.590000,0 days 00:00:24.265000,MEDIUM,3.0,2.0,,,1,7.0,False,2025,Spain,R,80.507,23.652,32.59,24.265,80.924,0.4170000000000016,81.65,-1.1430000000000007,-0.4170000000000016,81.947,83.03,-1.0829999999999984,66.0,0.36363636363636365,27.0,0.1111111111111111,9.0,576.0,0,1,0,0,0,1,0,0.0,3.0,0.0,25
ANT,Mercedes,25.0,0 days 00:01:20.894000,0 days 00:00:23.953000,0 days 00:00:32.575000,0 days 00:00:24.366000,MEDIUM,4.0,2.0,,,1,7.0,False,2025,Spain,R,80.894,23.953,32.575,24.366,80.924,0.030000000000001137,81.65,-0.7560000000000002,-0.030000000000001137,82.394,83.03,-0.6359999999999957,66.0,0.3787878787878788,27.0,0.14814814814814814,16.0,625.0,0,1,0,0,0,1,0,0.0,4.0,0.0,25
ANT,Mercedes,26.0,0 days 00:01:20.774000,0 days 00:00:24.039000,0 days 00:00:32.439000,0 days 00:00:24.296000,MEDIUM,5.0,2.0,,,1,7.0,False,2025,Spain,R,80.774,24.039,32.439,24.296,80.924,0.15000000000000568,81.65,-0.8760000000000048,-0.15000000000000568,82.334,83.03,-0.695999999999998,66.0,0.3939393939393939,27.0,0.18518518518518517,25.0,676.0,0,1,0,0,0,1,0,0.0,5.0,0.0,25
ANT,Mercedes,27.0,0 days 00:01:20.696000,0 days 00:00:24.022000,0 days 00:00:32.437000,0 days 00:00:24.237000,MEDIUM,6.0,2.0,,,1,7.0,False,2025,Spain,R,80.696,24.022,32.437,24.237,80.924,0.22800000000000864,81.65,-0.9540000000000077,-0.22800000000000864,82.316,83.03,-0.7139999999999986,66.0,0.4090909090909091,27.0,0.2222222222222222,36.0,729.0,0,1,0,0,0,1,0,0.0,6.0,0.0,25
ANT,Mercedes,28.0,0 days 00:01:20.485000,0 days 00:00:23.799000,0 days 00:00:32.421000,0 days 00:00:24.265000,MEDIUM,7.0,2.0,,,1,7.0,False,2025,Spain,R,80.485,23.799,32.421,24.265,80.924,0.43900000000000716,81.65,-1.1650000000000063,-0.43900000000000716,82.165,83.03,-0.8649999999999949,66.0,0.42424242424242425,27.0,0.25925925925925924,49.0,784.0,0,1,0,0,0,1,0,0.0,7.0,0.0,25
ANT,Mercedes,29.0,0 days 00:01:20.518000,0 days 00:00:23.794000,0 days 00:00:32.453000,0 days 00:00:24.271000,MEDIUM,8.0,2.0,,,1,7.0,False,2025,Spain,R,80.518,23.794,32.453,24.271,80.924,0.4060000000000059,81.65,-1.132000000000005,-0.4060000000000059,82.258,83.03,-0.7720000000000056,66.0,0.4393939393939394,27.0,0.2962962962962963,64.0,841.0,0,1,0,0,0,1,0,0.0,8.0,0.0,25
ANT,Mercedes,30.0,0 days 00:01:20.395000,0 days 00:00:23.719000,0 days 00:00:32.424000,0 days 00:00:24.252000,MEDIUM,9.0,2.0,,,1,7.0,False,2025,Spain,R,80.395,23.719,32.424,24.252,80.924,0.5290000000000106,81.65,-1.2550000000000097,-0.5290000000000106,82.195,83.03,-0.835000000000008,66.0,0.45454545454545453,27.0,0.3333333333333333,81.0,900.0,0,1,0,0,0,1,0,0.0,9.0,0.0,25
ANT,Mercedes,31.0,0 days 00:01:20.529000,0 days 00:00:23.800000,0 days 00:00:32.406000,0 days 00:00:24.323000,MEDIUM,10.0,2.0,,,1,7.0,False,2025,Spain,R,80.529,23.8,32.406,24.323,80.924,0.39500000000001023,81.65,-1.1210000000000093,-0.39500000000001023,82.389,83.03,-0.6410000000000053,66.0,0.4696969696969697,27.0,0.37037037037037035,100.0,961.0,0,1,0,0,0,1,0,0.0,10.0,0.0,25
ANT,Mercedes,32.0,0 days 00:01:20.475000,0 days 00:00:23.837000,0 days 00:00:32.496000,0 days 00:00:24.142000,MEDIUM,11.0,2.0,,,1,7.0,False,2025,Spain,R,80.475,23.837,32.496,24.142,80.924,0.4490000000000123,81.65,-1.1750000000000114,-0.4490000000000123,82.395,83.03,-0.6350000000000051,66.0,0.48484848484848486,27.0,0.4074074074074074,121.0,1024.0,0,1,0,0,0,1,0,0.0,11.0,0.0,25
ANT,Mercedes,33.0,0 days 00:01:20.549000,0 days 00:00:23.828000,0 days 00:00:32.473000,0 days 00:00:24.248000,MEDIUM,12.0,2.0,,,1,7.0,False,2025,Spain,R,80.549,23.828,32.473,24.248,80.924,0.375,81.65,-1.100999999999999,-0.375,82.52900000000001,83.03,-0.5009999999999906,66.0,0.5,27.0,0.4444444444444444,144.0,1089.0,0,1,0,0,0,1,0,0.0,12.0,0.0,25
ANT,Mercedes,34.0,0 days 00:01:20.924000,0 days 00:00:23.881000,0 days 00:00:32.677000,0 days 00:00:24.366000,MEDIUM,13.0,2.0,,,1,7.0,False,2025,Spain,R,80.924,23.881,32.677,24.366,80.924,0.0,81.65,-0.7259999999999991,0.0,82.96400000000001,83.03,-0.06599999999998829,66.0,0.5151515151515151,27.0,0.48148148148148145,169.0,1156.0,0,1,0,0,0,1,0,0.0,13.0,0.0,25
ANT,Mercedes,35.0,0 days 00:01:20.728000,0 days 00:00:23.898000,0 days 00:00:32.617000,0 days 00:00:24.213000,MEDIUM,14.0,2.0,,,1,7.0,False,2025,Spain,R,80.728,23.898,32.617,24.213,80.924,0.19600000000001216,81.65,-0.9220000000000113,-0.19600000000001216,82.82799999999999,83.03,-0.2020000000000124,66.0,0.5303030303030303,27.0,0.5185185185185185,196.0,1225.0,0,1,0,0,0,1,0,0.0,14.0,0.0,25
ANT,Mercedes,36.0,0 days 00:01:20.730000,0 days 00:00:23.846000,0 days 00:00:32.632000,0 days 00:00:24.252000,MEDIUM,15.0,2.0,,,1,7.0,False,2025,Spain,R,80.73,23.846,32.632,24.252,80.924,0.19400000000000261,81.65,-0.9200000000000017,-0.19400000000000261,82.89,83.03,-0.14000000000000057,66.0,0.5454545454545454,27.0,0.5555555555555556,225.0,1296.0,0,1,0,0,0,1,0,0.0,15.0,0.0,25
ANT,Mercedes,38.0,0 days 00:01:20.581000,0 days 00:00:23.854000,0 days 00:00:32.459000,0 days 00:00:24.268000,MEDIUM,17.0,2.0,,,1,7.0,False,2025,Spain,R,80.581,23.854,32.459,24.268,80.924,0.3430000000000035,81.65,-1.0690000000000026,-0.3430000000000035,82.861,83.03,-0.16899999999999693,66.0,0.5757575757575758,27.0,0.6296296296296297,289.0,1444.0,0,1,0,0,0,1,0,0.0,17.0,0.0,25
ANT,Mercedes,39.0,0 days 00:01:20.371000,0 days 00:00:23.705000,0 days 00:00:32.442000,0 days 00:00:24.224000,MEDIUM,18.0,2.0,,,1,7.0,False,2025,Spain,R,80.371,23.705,32.442,24.224,80.924,0.5530000000000115,81.65,-1.2790000000000106,-0.5530000000000115,82.711,83.03,-0.3190000000000026,66.0,0.5909090909090909,27.0,0.6666666666666666,324.0,1521.0,0,1,0,0,0,1,0,0.0,18.0,0.0,25
ANT,Mercedes,40.0,0 days 00:01:20.456000,0 days 00:00:23.755000,0 days 00:00:32.484000,0 days 00:00:24.217000,MEDIUM,19.0,2.0,,,1,7.0,False,2025,Spain,R,80.456,23.755,32.484,24.217,80.924,0.4680000000000035,81.65,-1.1940000000000026,-0.4680000000000035,82.85600000000001,83.03,-0.17399999999999238,66.0,0.6060606060606061,27.0,0.7037037037037037,361.0,1600.0,0,1,0,0,0,1,0,0.0,19.0,0.0,25
ANT,Mercedes,41.0,0 days 00:01:20.705000,0 days 00:00:23.733000,0 days 00:00:32.706000,0 days 00:00:24.266000,MEDIUM,20.0,2.0,,,1,7.0,False,2025,Spain,R,80.705,23.733,32.706,24.266,80.924,0.2190000000000083,81.65,-0.9450000000000074,-0.2190000000000083,83.16499999999999,83.03,0.1349999999999909,66.0,0.6212121212121212,27.0,0.7407407407407407,400.0,1681.0,0,1,0,0,0,1,0,0.0,20.0,0.0,25
ANT,Mercedes,42.0,0 days 00:01:20.713000,0 days 00:00:23.664000,0 days 00:00:32.839000,0 days 00:00:24.210000,MEDIUM,21.0,2.0,,,1,6.0,False,2025,Spain,R,80.713,23.664,32.839,24.21,80.924,0.21100000000001273,81.65,-0.9370000000000118,-0.21100000000001273,83.23299999999999,83.03,0.20299999999998875,66.0,0.6363636363636364,27.0,0.7777777777777778,441.0,1764.0,0,1,0,0,0,1,0,0.0,21.0,0.0,25
ANT,Mercedes,43.0,0 days 00:01:20.711000,0 days 00:00:23.730000,0 days 00:00:32.735000,0 days 00:00:24.246000,MEDIUM,22.0,2.0,,,1,6.0,False,2025,Spain,R,80.711,23.73,32.735,24.246,80.924,0.21300000000000807,81.65,-0.9390000000000072,-0.21300000000000807,83.291,83.03,0.2609999999999957,66.0,0.6515151515151515,27.0,0.8148148148148148,484.0,1849.0,0,1,0,0,0,1,0,0.0,22.0,0.0,25
ANT,Mercedes,44.0,0 days 00:01:21.604000,0 days 00:00:23.810000,0 days 00:00:32.625000,0 days 00:00:25.169000,MEDIUM,23.0,2.0,,,1,7.0,False,2025,Spain,R,81.604,23.81,32.625,25.169,80.924,0.6799999999999926,81.65,-0.04600000000000648,0.6799999999999926,84.244,83.03,1.2139999999999986,66.0,0.6666666666666666,27.0,0.8518518518518519,529.0,1936.0,0,1,1,0,0,1,0,0.0,23.0,0.0,25
ANT,Mercedes,45.0,0 days 00:01:21.289000,0 days 00:00:24.071000,0 days 00:00:32.956000,0 days 00:00:24.262000,MEDIUM,24.0,2.0,,,1,7.0,False,2025,Spain,R,81.289,24.071,32.956,24.262,80.924,0.3649999999999949,81.65,-0.3610000000000042,0.3649999999999949,83.989,83.03,0.9590000000000032,66.0,0.6818181818181818,27.0,0.8888888888888888,576.0,2025.0,0,1,1,0,0,1,0,0.0,24.0,0.0,25
ANT,Mercedes,46.0,0 days 00:01:20.941000,0 days 00:00:23.817000,0 days 00:00:32.700000,0 days 00:00:24.424000,MEDIUM,25.0,2.0,,,1,7.0,False,2025,Spain,R,80.941,23.817,32.7,24.424,80.924,0.016999999999995907,81.65,-0.7090000000000032,0.016999999999995907,83.70100000000001,83.03,0.6710000000000065,66.0,0.696969696969697,27.0,0.9259259259259259,625.0,2116.0,0,1,1,0,0,1,0,0.0,25.0,0.0,25
ANT,Mercedes,47.0,0 days 00:01:20.622000,0 days 00:00:23.807000,0 days 00:00:32.586000,0 days 00:00:24.229000,MEDIUM,26.0,2.0,,,1,6.0,False,2025,Spain,R,80.622,23.807,32.586,24.229,80.924,0.3020000000000067,81.65,-1.0280000000000058,-0.3020000000000067,83.442,83.03,0.41199999999999193,66.0,0.7121212121212122,27.0,0.9629629629629629,676.0,2209.0,0,1,1,0,0,1,0,0.0,26.0,0.0,25
ANT,Mercedes,48.0,0 days 00:01:20.434000,0 days 00:00:23.773000,0 days 00:00:32.478000,0 days 00:00:24.183000,MEDIUM,27.0,2.0,,,1,6.0,False,2025,Spain,R,80.434,23.773,32.478,24.183,80.924,0.4900000000000091,81.65,-1.2160000000000082,-0.4900000000000091,83.314,83.03,0.2839999999999918,66.0,0.7272727272727273,27.0,1.0,729.0,2304.0,0,1,1,0,0,1,0,0.0,27.0,0.0,25
ANT,Mercedes,51.0,0 days 00:01:18.328000,0 days 00:00:23.436000,0 days 00:00:31.555000,0 days 00:00:23.337000,SOFT,5.0,3.0,,,1,7.0,False,2025,Spain,R,78.328,23.436,31.555,23.337,80.924,2.5960000000000036,78.328,0.0,-2.5960000000000036,81.388,81.388,0.0,66.0,0.7727272727272727,7.0,0.7142857142857143,25.0,2601.0,0,0,1,0,1,0,0,5.0,0.0,0.0,3
ANT,Mercedes,52.0,0 days 00:01:18.255000,0 days 00:00:23.382000,0 days 00:00:31.542000,0 days 00:00:23.331000,SOFT,6.0,3.0,,,1,7.0,False,2025,Spain,R,78.255,23.382,31.542,23.331,80.924,2.669000000000011,78.328,-0.0730000000000075,-2.669000000000011,81.375,81.388,-0.01300000000000523,66.0,0.7878787878787878,7.0,0.8571428571428571,36.0,2704.0,0,0,1,0,1,0,0,6.0,0.0,0.0,3
ANT,Mercedes,53.0,0 days 00:01:19.040000,0 days 00:00:23.441000,0 days 00:00:31.879000,0 days 00:00:23.720000,SOFT,7.0,3.0,,,1,7.0,False,2025,Spain,R,79.04,23.441,31.879,23.72,80.924,1.8840000000000003,78.328,0.7120000000000033,-1.8840000000000003,82.22,81.388,0.8319999999999936,66.0,0.803030303030303,7.0,1.0,49.0,2809.0,0,0,1,0,1,0,0,7.0,0.0,0.0,3
BEA,Haas F1 Team,2.0,0 days 00:01:23.868000,0 days 00:00:24.837000,0 days 00:00:34.059000,0 days 00:00:24.972000,SOFT,2.0,1.0,,,1,15.0,False,2025,Spain,R,83.868,24.837,34.059,24.972,81.886,1.9819999999999993,83.868,0.0,1.9819999999999993,83.988,83.988,0.0,66.0,0.030303030303030304,7.0,0.2857142857142857,4.0,4.0,1,0,0,1,1,0,0,2.0,0.0,0.0,6
BEA,Haas F1 Team,3.0,0 days 00:01:22.603000,0 days 00:00:24.267000,0 days 00:00:33.558000,0 days 00:00:24.778000,SOFT,3.0,1.0,,,1,15.0,False,2025,Spain,R,82.603,24.267,33.558,24.778,81.886,0.7169999999999987,83.868,-1.2650000000000006,0.7169999999999987,82.783,83.988,-1.2049999999999983,66.0,0.045454545454545456,7.0,0.42857142857142855,9.0,9.0,1,0,0,1,1,0,0,3.0,0.0,0.0,6
BEA,Haas F1 Team,4.0,0 days 00:01:22.344000,0 days 00:00:23.984000,0 days 00:00:33.616000,0 days 00:00:24.744000,SOFT,4.0,1.0,,,1,15.0,False,2025,Spain,R,82.344,23.984,33.616,24.744,81.886,0.4579999999999984,83.868,-1.524000000000001,0.4579999999999984,82.58399999999999,83.988,-1.4040000000000106,66.0,0.06060606060606061,7.0,0.5714285714285714,16.0,16.0,1,0,0,1,1,0,0,4.0,0.0,0.0,6
BEA,Haas F1 Team,5.0,0 days 00:01:22.177000,0 days 00:00:23.996000,0 days 00:00:33.237000,0 days 00:00:24.944000,SOFT,5.0,1.0,,,1,15.0,False,2025,Spain,R,82.177,23.996,33.237,24.944,81.886,0.291000000000011,83.868,-1.6909999999999883,0.291000000000011,82.477,83.988,-1.5109999999999957,66.0,0.07575757575757576,7.0,0.7142857142857143,25.0,25.0,1,0,0,1,1,0,0,5.0,0.0,0.0,6
BEA,Haas F1 Team,6.0,0 days 00:01:22.587000,0 days 00:00:24.108000,0 days 00:00:33.557000,0 days 00:00:24.922000,SOFT,6.0,1.0,,,1,14.0,False,2025,Spain,R,82.587,24.108,33.557,24.922,81.886,0.7010000000000076,83.868,-1.2809999999999917,0.7010000000000076,82.947,83.988,-1.0409999999999968,66.0,0.09090909090909091,7.0,0.8571428571428571,36.0,36.0,1,0,0,1,1,0,0,6.0,0.0,0.0,6
BEA,Haas F1 Team,7.0,0 days 00:01:22.068000,0 days 00:00:23.936000,0 days 00:00:33.312000,0 days 00:00:24.820000,SOFT,7.0,1.0,,,1,14.0,False,2025,Spain,R,82.068,23.936,33.312,24.82,81.886,0.18200000000000216,83.868,-1.7999999999999972,0.18200000000000216,82.488,83.988,-1.5,66.0,0.10606060606060606,7.0,1.0,49.0,49.0,1,0,0,1,1,0,0,7.0,0.0,0.0,6
BEA,Haas F1 Team,10.0,0 days 00:01:20.386000,0 days 00:00:23.882000,0 days 00:00:32.324000,0 days 00:00:24.180000,MEDIUM,2.0,2.0,,,1,16.0,False,2025,Spain,R,80.386,23.882,32.324,24.18,81.886,1.5,80.386,0.0,-1.5,80.98599999999999,80.98599999999999,0.0,66.0,0.15151515151515152,26.0,0.07692307692307693,4.0,100.0,0,1,0,1,0,1,0,0.0,2.0,0.0,24
BEA,Haas F1 Team,11.0,0 days 00:01:21.715000,0 days 00:00:24.167000,0 days 00:00:32.868000,0 days 00:00:24.680000,MEDIUM,3.0,2.0,,,1,16.0,False,2025,Spain,R,81.715,24.167,32.868,24.68,81.886,0.17099999999999227,80.386,1.3290000000000077,-0.17099999999999227,82.375,80.98599999999999,1.38900000000001,66.0,0.16666666666666666,26.0,0.11538461538461539,9.0,121.0,0,1,0,1,0,1,0,0.0,3.0,0.0,24
BEA,Haas F1 Team,12.0,0 days 00:01:22.380000,0 days 00:00:24.305000,0 days 00:00:33.227000,0 days 00:00:24.848000,MEDIUM,4.0,2.0,,,1,16.0,False,2025,Spain,R,82.38,24.305,33.227,24.848,81.886,0.4939999999999998,80.386,1.9939999999999998,0.4939999999999998,83.1,80.98599999999999,2.1140000000000043,66.0,0.18181818181818182,26.0,0.15384615384615385,16.0,144.0,0,1,0,1,0,1,0,0.0,4.0,0.0,24
BEA,Haas F1 Team,13.0,0 days 00:01:22.327000,0 days 00:00:24.448000,0 days 00:00:33.183000,0 days 00:00:24.696000,MEDIUM,5.0,2.0,,,1,16.0,False,2025,Spain,R,82.327,24.448,33.183,24.696,81.886,0.4410000000000025,80.386,1.9410000000000025,0.4410000000000025,83.107,80.98599999999999,2.1210000000000093,66.0,0.19696969696969696,26.0,0.19230769230769232,25.0,169.0,0,1,0,1,0,1,0,0.0,5.0,0.0,24
BEA,Haas F1 Team,14.0,0 days 00:01:22.444000,0 days 00:00:24.272000,0 days 00:00:33.219000,0 days 00:00:24.953000,MEDIUM,6.0,2.0,,,1,16.0,False,2025,Spain,R,82.444,24.272,33.219,24.953,81.886,0.5580000000000069,80.386,2.058000000000007,0.5580000000000069,83.284,80.98599999999999,2.298000000000016,66.0,0.21212121212121213,26.0,0.23076923076923078,36.0,196.0,0,1,0,1,0,1,0,0.0,6.0,0.0,24
BEA,Haas F1 Team,15.0,0 days 00:01:22.126000,0 days 00:00:24.282000,0 days 00:00:33.034000,0 days 00:00:24.810000,MEDIUM,7.0,2.0,,,1,15.0,False,2025,Spain,R,82.126,24.282,33.034,24.81,81.886,0.2400000000000091,80.386,1.740000000000009,0.2400000000000091,83.02600000000001,80.98599999999999,2.0400000000000205,66.0,0.22727272727272727,26.0,0.2692307692307692,49.0,225.0,0,1,0,1,0,1,0,0.0,7.0,0.0,24
BEA,Haas F1 Team,16.0,0 days 00:01:21.646000,0 days 00:00:24.151000,0 days 00:00:32.881000,0 days 00:00:24.614000,MEDIUM,8.0,2.0,,,1,14.0,False,2025,Spain,R,81.646,24.151,32.881,24.614,81.886,0.23999999999999488,80.386,1.2600000000000051,-0.23999999999999488,82.606,80.98599999999999,1.6200000000000045,66.0,0.24242424242424243,26.0,0.3076923076923077,64.0,256.0,0,1,0,1,0,1,0,0.0,8.0,0.0,24
BEA,Haas F1 Team,17.0,0 days 00:01:21.777000,0 days 00:00:24.119000,0 days 00:00:33.014000,0 days 00:00:24.644000,MEDIUM,9.0,2.0,,,1,14.0,False,2025,Spain,R,81.777,24.119,33.014,24.644,81.886,0.10899999999999466,80.386,1.3910000000000053,-0.10899999999999466,82.797,80.98599999999999,1.811000000000007,66.0,0.25757575757575757,26.0,0.34615384615384615,81.0,289.0,0,1,0,1,0,1,0,0.0,9.0,0.0,24
BEA,Haas F1 Team,18.0,0 days 00:01:22.312000,0 days 00:00:24.218000,0 days 00:00:33.242000,0 days 00:00:24.852000,MEDIUM,10.0,2.0,,,1,14.0,False,2025,Spain,R,82.312,24.218,33.242,24.852,81.886,0.42600000000000193,80.386,1.926000000000002,0.42600000000000193,83.392,80.98599999999999,2.406000000000006,66.0,0.2727272727272727,26.0,0.38461538461538464,100.0,324.0,0,1,0,1,0,1,0,0.0,10.0,0.0,24
BEA,Haas F1 Team,19.0,0 days 00:01:22.410000,0 days 00:00:24.260000,0 days 00:00:33.358000,0 days 00:00:24.792000,MEDIUM,11.0,2.0,,,1,13.0,False,2025,Spain,R,82.41,24.26,33.358,24.792,81.886,0.5240000000000009,80.386,2.024000000000001,0.5240000000000009,83.55,80.98599999999999,2.564000000000007,66.0,0.2878787878787879,26.0,0.4230769230769231,121.0,361.0,0,1,0,1,0,1,0,0.0,11.0,0.0,24
BEA,Haas F1 Team,20.0,0 days 00:01:23.758000,0 days 00:00:24.566000,0 days 00:00:34.206000,0 days 00:00:24.986000,MEDIUM,12.0,2.0,,,1,11.0,False,2025,Spain,R,83.758,24.566,34.206,24.986,81.886,1.8719999999999999,80.386,3.372,1.8719999999999999,84.958,80.98599999999999,3.9720000000000084,66.0,0.30303030303030304,26.0,0.46153846153846156,144.0,400.0,0,1,0,1,0,1,0,0.0,12.0,0.0,24
BEA,Haas F1 Team,21.0,0 days 00:01:22.287000,0 days 00:00:24.316000,0 days 00:00:33.254000,0 days 00:00:24.717000,MEDIUM,13.0,2.0,,,1,11.0,False,2025,Spain,R,82.287,24.316,33.254,24.717,81.886,0.40100000000001046,80.386,1.9010000000000105,0.40100000000001046,83.54700000000001,80.98599999999999,2.5610000000000213,66.0,0.3181818181818182,26.0,0.5,169.0,441.0,0,1,0,1,0,1,0,0.0,13.0,0.0,24
BEA,Haas F1 Team,22.0,0 days 00:01:22.339000,0 days 00:00:24.355000,0 days 00:00:33.251000,0 days 00:00:24.733000,MEDIUM,14.0,2.0,,,1,11.0,False,2025,Spain,R,82.339,24.355,33.251,24.733,81.886,0.45300000000000296,80.386,1.953000000000003,0.45300000000000296,83.65899999999999,80.98599999999999,2.673000000000002,66.0,0.3333333333333333,26.0,0.5384615384615384,196.0,484.0,0,1,0,0,0,1,0,0.0,14.0,0.0,24
BEA,Haas F1 Team,23.0,0 days 00:01:22.529000,0 days 00:00:24.435000,0 days 00:00:33.257000,0 days 00:00:24.837000,MEDIUM,15.0,2.0,,,1,11.0,False,2025,Spain,R,82.529,24.435,33.257,24.837,81.886,0.6430000000000007,80.386,2.1430000000000007,0.6430000000000007,83.90899999999999,80.98599999999999,2.923000000000002,66.0,0.3484848484848485,26.0,0.5769230769230769,225.0,529.0,0,1,0,0,0,1,0,0.0,15.0,0.0,24
BEA,Haas F1 Team,24.0,0 days 00:01:22.515000,0 days 00:00:24.468000,0 days 00:00:33.311000,0 days 00:00:24.736000,MEDIUM,16.0,2.0,,,1,11.0,False,2025,Spain,R,82.515,24.468,33.311,24.736,81.886,0.6290000000000049,80.386,2.129000000000005,0.6290000000000049,83.955,80.98599999999999,2.9690000000000083,66.0,0.36363636363636365,26.0,0.6153846153846154,256.0,576.0,0,1,0,0,0,1,0,0.0,16.0,0.0,24
BEA,Haas F1 Team,25.0,0 days 00:01:21.911000,0 days 00:00:24.160000,0 days 00:00:33.100000,0 days 00:00:24.651000,MEDIUM,17.0,2.0,,,1,11.0,False,2025,Spain,R,81.911,24.16,33.1,24.651,81.886,0.025000000000005684,80.386,1.5250000000000057,0.025000000000005684,83.411,80.98599999999999,2.4250000000000114,66.0,0.3787878787878788,26.0,0.6538461538461539,289.0,625.0,0,1,0,0,0,1,0,0.0,17.0,0.0,24
BEA,Haas F1 Team,26.0,0 days 00:01:22.059000,0 days 00:00:24.229000,0 days 00:00:33.102000,0 days 00:00:24.728000,MEDIUM,18.0,2.0,,,1,11.0,False,2025,Spain,R,82.059,24.229,33.102,24.728,81.886,0.17300000000000182,80.386,1.6730000000000018,0.17300000000000182,83.619,80.98599999999999,2.6330000000000098,66.0,0.3939393939393939,26.0,0.6923076923076923,324.0,676.0,0,1,0,0,0,1,0,0.0,18.0,0.0,24
BEA,Haas F1 Team,27.0,0 days 00:01:21.802000,0 days 00:00:24.153000,0 days 00:00:33.026000,0 days 00:00:24.623000,MEDIUM,19.0,2.0,,,1,11.0,False,2025,Spain,R,81.802,24.153,33.026,24.623,81.886,0.08399999999998897,80.386,1.416000000000011,-0.08399999999998897,83.42200000000001,80.98599999999999,2.4360000000000213,66.0,0.4090909090909091,26.0,0.7307692307692307,361.0,729.0,0,1,0,0,0,1,0,0.0,19.0,0.0,24
BEA,Haas F1 Team,28.0,0 days 00:01:21.671000,0 days 00:00:24.045000,0 days 00:00:33.064000,0 days 00:00:24.562000,MEDIUM,20.0,2.0,,,1,11.0,False,2025,Spain,R,81.671,24.045,33.064,24.562,81.886,0.2149999999999892,80.386,1.2850000000000108,-0.2149999999999892,83.35100000000001,80.98599999999999,2.3650000000000233,66.0,0.42424242424242425,26.0,0.7692307692307693,400.0,784.0,0,1,0,0,0,1,0,0.0,20.0,0.0,24
BEA,Haas F1 Team,29.0,0 days 00:01:21.576000,0 days 00:00:24.027000,0 days 00:00:33,0 days 00:00:24.549000,MEDIUM,21.0,2.0,,,1,11.0,False,2025,Spain,R,81.576,24.027,33.0,24.549,81.886,0.3100000000000023,80.386,1.1899999999999977,-0.3100000000000023,83.31599999999999,80.98599999999999,2.3299999999999983,66.0,0.4393939393939394,26.0,0.8076923076923077,441.0,841.0,0,1,0,0,0,1,0,0.0,21.0,0.0,24
BEA,Haas F1 Team,30.0,0 days 00:01:21.748000,0 days 00:00:24.056000,0 days 00:00:33.099000,0 days 00:00:24.593000,MEDIUM,22.0,2.0,,,1,11.0,False,2025,Spain,R,81.748,24.056,33.099,24.593,81.886,0.13799999999999102,80.386,1.362000000000009,-0.13799999999999102,83.548,80.98599999999999,2.562000000000012,66.0,0.45454545454545453,26.0,0.8461538461538461,484.0,900.0,0,1,0,0,0,1,0,0.0,22.0,0.0,24
BEA,Haas F1 Team,32.0,0 days 00:01:21.870000,0 days 00:00:24.245000,0 days 00:00:33.045000,0 days 00:00:24.580000,MEDIUM,24.0,2.0,,,1,10.0,False,2025,Spain,R,81.87,24.245,33.045,24.58,81.886,0.015999999999991132,80.386,1.4840000000000089,-0.015999999999991132,83.79,80.98599999999999,2.8040000000000163,66.0,0.48484848484848486,26.0,0.9230769230769231,576.0,1024.0,0,1,0,0,0,1,0,0.0,24.0,0.0,24
BEA,Haas F1 Team,33.0,0 days 00:01:21.860000,0 days 00:00:24.200000,0 days 00:00:32.999000,0 days 00:00:24.661000,MEDIUM,25.0,2.0,,,1,10.0,False,2025,Spain,R,81.86,24.2,32.999,24.661,81.886,0.02599999999999625,80.386,1.4740000000000038,-0.02599999999999625,83.84,80.98599999999999,2.8540000000000134,66.0,0.5,26.0,0.9615384615384616,625.0,1089.0,0,1,0,0,0,1,0,0.0,25.0,0.0,24
BEA,Haas F1 Team,34.0,0 days 00:01:21.902000,0 days 00:00:24.258000,0 days 00:00:33.051000,0 days 00:00:24.593000,MEDIUM,26.0,2.0,,,1,10.0,False,2025,Spain,R,81.902,24.258,33.051,24.593,81.886,0.016000000000005343,80.386,1.5160000000000053,0.016000000000005343,83.94200000000001,80.98599999999999,2.9560000000000173,66.0,0.5151515151515151,26.0,1.0,676.0,1156.0,0,1,0,0,0,1,0,0.0,26.0,0.0,24
BEA,Haas F1 Team,37.0,0 days 00:01:22.683000,0 days 00:00:23.917000,0 days 00:00:34.211000,0 days 00:00:24.555000,MEDIUM,2.0,3.0,,,1,16.0,False,2025,Spain,R,82.683,23.917,34.211,24.555,81.886,0.7970000000000113,82.683,0.0,0.7970000000000113,84.903,84.903,0.0,66.0,0.5606060606060606,18.0,0.1111111111111111,4.0,1369.0,0,0,0,0,0,1,0,0.0,2.0,0.0,16
BEA,Haas F1 Team,38.0,0 days 00:01:20.856000,0 days 00:00:23.960000,0 days 00:00:32.555000,0 days 00:00:24.341000,MEDIUM,3.0,3.0,,,1,16.0,False,2025,Spain,R,80.856,23.96,32.555,24.341,81.886,1.0300000000000011,82.683,-1.8270000000000124,-1.0300000000000011,83.136,84.903,-1.7670000000000101,66.0,0.5757575757575758,18.0,0.16666666666666666,9.0,1444.0,0,0,0,0,0,1,0,0.0,3.0,0.0,16
BEA,Haas F1 Team,39.0,0 days 00:01:20.508000,0 days 00:00:23.936000,0 days 00:00:32.372000,0 days 00:00:24.200000,MEDIUM,4.0,3.0,,,1,16.0,False,2025,Spain,R,80.508,23.936,32.372,24.2,81.886,1.3780000000000001,82.683,-2.1750000000000114,-1.3780000000000001,82.848,84.903,-2.055000000000007,66.0,0.5909090909090909,18.0,0.2222222222222222,16.0,1521.0,0,0,0,0,0,1,0,0.0,4.0,0.0,16
BEA,Haas F1 Team,40.0,0 days 00:01:20.849000,0 days 00:00:23.905000,0 days 00:00:32.581000,0 days 00:00:24.363000,MEDIUM,5.0,3.0,,,1,16.0,False,2025,Spain,R,80.849,23.905,32.581,24.363,81.886,1.036999999999992,82.683,-1.8340000000000032,-1.036999999999992,83.24900000000001,84.903,-1.6539999999999964,66.0,0.6060606060606061,18.0,0.2777777777777778,25.0,1600.0,0,0,0,0,0,1,0,0.0,5.0,0.0,16
BEA,Haas F1 Team,41.0,0 days 00:01:20.615000,0 days 00:00:23.920000,0 days 00:00:32.496000,0 days 00:00:24.199000,MEDIUM,6.0,3.0,,,1,16.0,False,2025,Spain,R,80.615,23.92,32.496,24.199,81.886,1.2710000000000008,82.683,-2.068000000000012,-1.2710000000000008,83.07499999999999,84.903,-1.8280000000000172,66.0,0.6212121212121212,18.0,0.3333333333333333,36.0,1681.0,0,0,0,0,0,1,0,0.0,6.0,0.0,16
BEA,Haas F1 Team,42.0,0 days 00:01:20.455000,0 days 00:00:23.731000,0 days 00:00:32.479000,0 days 00:00:24.245000,MEDIUM,7.0,3.0,,,1,16.0,False,2025,Spain,R,80.455,23.731,32.479,24.245,81.886,1.4309999999999974,82.683,-2.2280000000000086,-1.4309999999999974,82.975,84.903,-1.9280000000000115,66.0,0.6363636363636364,18.0,0.3888888888888889,49.0,1764.0,0,0,0,0,0,1,0,0.0,7.0,0.0,16
BEA,Haas F1 Team,43.0,0 days 00:01:20.747000,0 days 00:00:23.906000,0 days 00:00:32.651000,0 days 00:00:24.190000,MEDIUM,8.0,3.0,,,1,15.0,False,2025,Spain,R,80.747,23.906,32.651,24.19,81.886,1.1389999999999958,82.683,-1.936000000000007,-1.1389999999999958,83.327,84.903,-1.5760000000000076,66.0,0.6515151515151515,18.0,0.4444444444444444,64.0,1849.0,0,0,0,0,0,1,0,0.0,8.0,0.0,16
BEA,Haas F1 Team,44.0,0 days 00:01:20.529000,0 days 00:00:23.847000,0 days 00:00:32.606000,0 days 00:00:24.076000,MEDIUM,9.0,3.0,,,1,14.0,False,2025,Spain,R,80.529,23.847,32.606,24.076,81.886,1.3569999999999993,82.683,-2.1540000000000106,-1.3569999999999993,83.169,84.903,-1.7340000000000089,66.0,0.6666666666666666,18.0,0.5,81.0,1936.0,0,0,1,0,0,1,0,0.0,9.0,0.0,16
BEA,Haas F1 Team,45.0,0 days 00:01:20.579000,0 days 00:00:23.845000,0 days 00:00:32.546000,0 days 00:00:24.188000,MEDIUM,10.0,3.0,,,1,12.0,False,2025,Spain,R,80.579,23.845,32.546,24.188,81.886,1.3070000000000022,82.683,-2.1040000000000134,-1.3070000000000022,83.279,84.903,-1.6240000000000094,66.0,0.6818181818181818,18.0,0.5555555555555556,100.0,2025.0,0,0,1,0,0,1,0,0.0,10.0,0.0,16
BEA,Haas F1 Team,46.0,0 days 00:01:20.236000,0 days 00:00:23.705000,0 days 00:00:32.395000,0 days 00:00:24.136000,MEDIUM,11.0,3.0,,,1,12.0,False,2025,Spain,R,80.236,23.705,32.395,24.136,81.886,1.6499999999999915,82.683,-2.4470000000000027,-1.6499999999999915,82.99600000000001,84.903,-1.9069999999999965,66.0,0.696969696969697,18.0,0.6111111111111112,121.0,2116.0,0,0,1,0,0,1,0,0.0,11.0,0.0,16
BEA,Haas F1 Team,47.0,0 days 00:01:20.017000,0 days 00:00:23.446000,0 days 00:00:32.370000,0 days 00:00:24.201000,MEDIUM,12.0,3.0,,,1,12.0,False,2025,Spain,R,80.017,23.446,32.37,24.201,81.886,1.8689999999999998,82.683,-2.666000000000011,-1.8689999999999998,82.83699999999999,84.903,-2.0660000000000167,66.0,0.7121212121212122,18.0,0.6666666666666666,144.0,2209.0,0,0,1,0,0,1,0,0.0,12.0,0.0,16
BEA,Haas F1 Team,48.0,0 days 00:01:20.963000,0 days 00:00:23.815000,0 days 00:00:32.772000,0 days 00:00:24.376000,MEDIUM,13.0,3.0,,,1,12.0,False,2025,Spain,R,80.963,23.815,32.772,24.376,81.886,0.9230000000000018,82.683,-1.720000000000013,-0.9230000000000018,83.84299999999999,84.903,-1.0600000000000165,66.0,0.7272727272727273,18.0,0.7222222222222222,169.0,2304.0,0,0,1,0,0,1,0,0.0,13.0,0.0,16
BEA,Haas F1 Team,49.0,0 days 00:01:20.718000,0 days 00:00:23.487000,0 days 00:00:32.964000,0 days 00:00:24.267000,MEDIUM,14.0,3.0,,,1,11.0,False,2025,Spain,R,80.718,23.487,32.964,24.267,81.886,1.1679999999999922,82.683,-1.9650000000000034,-1.1679999999999922,83.658,84.903,-1.2450000000000045,66.0,0.7424242424242424,18.0,0.7777777777777778,196.0,2401.0,0,0,1,0,0,1,0,0.0,14.0,0.0,16
BEA,Haas F1 Team,50.0,0 days 00:01:21.975000,0 days 00:00:23.316000,0 days 00:00:34.378000,0 days 00:00:24.281000,MEDIUM,15.0,3.0,,,1,11.0,False,2025,Spain,R,81.975,23.316,34.378,24.281,81.886,0.08899999999999864,82.683,-0.7080000000000126,0.08899999999999864,84.975,84.903,0.07199999999998852,66.0,0.7575757575757576,18.0,0.8333333333333334,225.0,2500.0,0,0,1,0,0,1,0,0.0,15.0,0.0,16
BEA,Haas F1 Team,52.0,0 days 00:01:22.704000,0 days 00:00:24.733000,0 days 00:00:33.554000,0 days 00:00:24.417000,MEDIUM,17.0,3.0,,,1,13.0,False,2025,Spain,R,82.704,24.733,33.554,24.417,81.886,0.8179999999999978,82.683,0.020999999999986585,0.8179999999999978,85.824,84.903,0.9209999999999923,66.0,0.7878787878787878,18.0,0.9444444444444444,289.0,2704.0,0,0,1,0,0,1,0,0.0,17.0,0.0,16
BEA,Haas F1 Team,53.0,0 days 00:01:20.958000,0 days 00:00:23.806000,0 days 00:00:32.856000,0 days 00:00:24.296000,MEDIUM,18.0,3.0,,,1,13.0,False,2025,Spain,R,80.958,23.806,32.856,24.296,81.886,0.9279999999999973,82.683,-1.7250000000000085,-0.9279999999999973,84.138,84.903,-0.7650000000000006,66.0,0.803030303030303,18.0,1.0,324.0,2809.0,0,0,1,0,0,1,0,0.0,18.0,0.0,16
BEA,Haas F1 Team,58.0,0 days 00:01:23.573000,0 days 00:00:24.395000,0 days 00:00:34.061000,0 days 00:00:25.117000,SOFT,10.0,4.0,,,4,14.0,False,2025,Spain,R,83.573,24.395,34.061,25.117,81.886,1.6869999999999976,83.573,0.0,1.6869999999999976,87.053,87.053,0.0,66.0,0.8787878787878788,18.0,0.5555555555555556,100.0,3364.0,0,0,1,0,1,0,0,10.0,0.0,0.0,8
BEA,Haas F1 Team,59.0,0 days 00:01:22.104000,0 days 00:00:24.419000,0 days 00:00:33.069000,0 days 00:00:24.616000,SOFT,11.0,4.0,,,4,14.0,False,2025,Spain,R,82.104,24.419,33.069,24.616,81.886,0.21800000000000352,83.573,-1.468999999999994,0.21800000000000352,85.644,87.053,-1.4089999999999918,66.0,0.8939393939393939,18.0,0.6111111111111112,121.0,3481.0,0,0,1,0,1,0,0,11.0,0.0,0.0,8
BEA,Haas F1 Team,61.0,0 days 00:01:21.477000,0 days 00:00:23.950000,0 days 00:00:33.295000,0 days 00:00:24.232000,SOFT,13.0,4.0,,,1,14.0,False,2025,Spain,R,81.477,23.95,33.295,24.232,81.886,0.4089999999999918,83.573,-2.0959999999999894,-0.4089999999999918,85.137,87.053,-1.9159999999999968,66.0,0.9242424242424242,18.0,0.7222222222222222,169.0,3721.0,0,0,1,0,1,0,0,13.0,0.0,0.0,8
BEA,Haas F1 Team,62.0,0 days 00:01:20.255000,0 days 00:00:23.593000,0 days 00:00:32.490000,0 days 00:00:24.172000,SOFT,14.0,4.0,,,1,14.0,False,2025,Spain,R,80.255,23.593,32.49,24.172,81.886,1.6310000000000002,83.573,-3.317999999999998,-1.6310000000000002,83.975,87.053,-3.078000000000003,66.0,0.9393939393939394,18.0,0.7777777777777778,196.0,3844.0,0,0,1,0,1,0,0,14.0,0.0,0.0,8
BEA,Haas F1 Team,63.0,0 days 00:01:18.907000,0 days 00:00:22.884000,0 days 00:00:32.034000,0 days 00:00:23.989000,SOFT,15.0,4.0,,,1,13.0,False,2025,Spain,R,78.907,22.884,32.034,23.989,81.886,2.978999999999999,83.573,-4.665999999999997,-2.978999999999999,82.687,87.053,-4.366,66.0,0.9545454545454546,18.0,0.8333333333333334,225.0,3969.0,0,0,1,0,1,0,0,15.0,0.0,0.0,8
BEA,Haas F1 Team,64.0,0 days 00:01:20.300000,0 days 00:00:23.498000,0 days 00:00:32.736000,0 days 00:00:24.066000,SOFT,16.0,4.0,,,1,13.0,False,2025,Spain,R,80.3,23.498,32.736,24.066,81.886,1.5859999999999985,83.573,-3.272999999999996,-1.5859999999999985,84.14,87.053,-2.9129999999999967,66.0,0.9696969696969697,18.0,0.8888888888888888,256.0,4096.0,0,0,1,0,1,0,0,16.0,0.0,0.0,8
BEA,Haas F1 Team,65.0,0 days 00:01:20.082000,0 days 00:00:23.363000,0 days 00:00:32.711000,0 days 00:00:24.008000,SOFT,17.0,4.0,,,1,13.0,False,2025,Spain,R,80.082,23.363,32.711,24.008,81.886,1.804000000000002,83.573,-3.4909999999999997,-1.804000000000002,83.982,87.053,-3.070999999999998,66.0,0.9848484848484849,18.0,0.9444444444444444,289.0,4225.0,0,0,1,0,1,0,0,17.0,0.0,0.0,8
BEA,Haas F1 Team,66.0,0 days 00:01:19.675000,0 days 00:00:23.435000,0 days 00:00:32.304000,0 days 00:00:23.936000,SOFT,18.0,4.0,,,1,13.0,False,2025,Spain,R,79.675,23.435,32.304,23.936,81.886,2.2109999999999985,83.573,-3.897999999999996,-2.2109999999999985,83.63499999999999,87.053,-3.4180000000000064,66.0,1.0,18.0,1.0,324.0,4356.0,0,0,1,0,1,0,0,18.0,0.0,0.0,8
BOR,Kick Sauber,1.0,0 days 00:01:29.360000,,0 days 00:00:34.480000,0 days 00:00:25.080000,SOFT,4.0,1.0,,,1,12.0,False,2025,Spain,R,89.36,,34.48,25.08,81.81299999999999,7.547000000000011,89.36,0.0,7.547000000000011,89.42,89.42,0.0,66.0,0.015151515151515152,21.0,0.19047619047619047,16.0,1.0,1,0,0,1,1,0,0,4.0,0.0,0.0,18
BOR,Kick Sauber,2.0,0 days 00:01:23.275000,0 days 00:00:24.666000,0 days 00:00:33.728000,0 days 00:00:24.881000,SOFT,5.0,1.0,,,1,12.0,False,2025,Spain,R,83.275,24.666,33.728,24.881,81.81299999999999,1.4620000000000175,89.36,-6.084999999999994,1.4620000000000175,83.39500000000001,89.42,-6.0249999999999915,66.0,0.030303030303030304,21.0,0.23809523809523808,25.0,4.0,1,0,0,1,1,0,0,5.0,0.0,0.0,18
BOR,Kick Sauber,3.0,0 days 00:01:22.493000,0 days 00:00:24.142000,0 days 00:00:33.577000,0 days 00:00:24.774000,SOFT,6.0,1.0,,,1,12.0,False,2025,Spain,R,82.493,24.142,33.577,24.774,81.81299999999999,0.6800000000000068,89.36,-6.867000000000004,0.6800000000000068,82.673,89.42,-6.747,66.0,0.045454545454545456,21.0,0.2857142857142857,36.0,9.0,1,0,0,1,1,0,0,6.0,0.0,0.0,18
BOR,Kick Sauber,4.0,0 days 00:01:22.114000,0 days 00:00:23.954000,0 days 00:00:33.292000,0 days 00:00:24.868000,SOFT,7.0,1.0,,,1,12.0,False,2025,Spain,R,82.114,23.954,33.292,24.868,81.81299999999999,0.30100000000001614,89.36,-7.245999999999995,0.30100000000001614,82.354,89.42,-7.0660000000000025,66.0,0.06060606060606061,21.0,0.3333333333333333,49.0,16.0,1,0,0,1,1,0,0,7.0,0.0,0.0,18
BOR,Kick Sauber,5.0,0 days 00:01:22.130000,0 days 00:00:23.901000,0 days 00:00:33.380000,0 days 00:00:24.849000,SOFT,8.0,1.0,,,1,12.0,False,2025,Spain,R,82.13,23.901,33.38,24.849,81.81299999999999,0.3170000000000073,89.36,-7.230000000000004,0.3170000000000073,82.42999999999999,89.42,-6.990000000000009,66.0,0.07575757575757576,21.0,0.38095238095238093,64.0,25.0,1,0,0,1,1,0,0,8.0,0.0,0.0,18
BOR,Kick Sauber,6.0,0 days 00:01:22.166000,0 days 00:00:23.991000,0 days 00:00:33.231000,0 days 00:00:24.944000,SOFT,9.0,1.0,,,1,12.0,False,2025,Spain,R,82.166,23.991,33.231,24.944,81.81299999999999,0.35300000000000864,89.36,-7.194000000000003,0.35300000000000864,82.526,89.42,-6.8940000000000055,66.0,0.09090909090909091,21.0,0.42857142857142855,81.0,36.0,1,0,0,1,1,0,0,9.0,0.0,0.0,18
BOR,Kick Sauber,7.0,0 days 00:01:22.531000,0 days 00:00:24.134000,0 days 00:00:33.450000,0 days 00:00:24.947000,SOFT,10.0,1.0,,,1,12.0,False,2025,Spain,R,82.531,24.134,33.45,24.947,81.81299999999999,0.7180000000000177,89.36,-6.8289999999999935,0.7180000000000177,82.95100000000001,89.42,-6.468999999999994,66.0,0.10606060606060606,21.0,0.47619047619047616,100.0,49.0,1,0,0,1,1,0,0,10.0,0.0,0.0,18
BOR,Kick Sauber,8.0,0 days 00:01:23.133000,0 days 00:00:24.268000,0 days 00:00:33.601000,0 days 00:00:25.264000,SOFT,11.0,1.0,,,1,12.0,False,2025,Spain,R,83.133,24.268,33.601,25.264,81.81299999999999,1.3200000000000074,89.36,-6.227000000000004,1.3200000000000074,83.613,89.42,-5.807000000000002,66.0,0.12121212121212122,21.0,0.5238095238095238,121.0,64.0,1,0,0,1,1,0,0,11.0,0.0,0.0,18
BOR,Kick Sauber,9.0,0 days 00:01:23.248000,0 days 00:00:24.405000,0 days 00:00:33.659000,0 days 00:00:25.184000,SOFT,12.0,1.0,,,1,12.0,False,2025,Spain,R,83.248,24.405,33.659,25.184,81.81299999999999,1.4350000000000165,89.36,-6.111999999999995,1.4350000000000165,83.78800000000001,89.42,-5.631999999999991,66.0,0.13636363636363635,21.0,0.5714285714285714,144.0,81.0,1,0,0,1,1,0,0,12.0,0.0,0.0,18
BOR,Kick Sauber,10.0,0 days 00:01:22.659000,0 days 00:00:24.276000,0 days 00:00:33.429000,0 days 00:00:24.954000,SOFT,13.0,1.0,,,1,11.0,False,2025,Spain,R,82.659,24.276,33.429,24.954,81.81299999999999,0.8460000000000178,89.36,-6.700999999999993,0.8460000000000178,83.259,89.42,-6.161000000000001,66.0,0.15151515151515152,21.0,0.6190476190476191,169.0,100.0,1,0,0,1,1,0,0,13.0,0.0,0.0,18
BOR,Kick Sauber,11.0,0 days 00:01:22.506000,0 days 00:00:24.206000,0 days 00:00:33.292000,0 days 00:00:25.008000,SOFT,14.0,1.0,,,1,10.0,False,2025,Spain,R,82.506,24.206,33.292,25.008,81.81299999999999,0.693000000000012,89.36,-6.853999999999999,0.693000000000012,83.166,89.42,-6.254000000000005,66.0,0.16666666666666666,21.0,0.6666666666666666,196.0,121.0,1,0,0,1,1,0,0,14.0,0.0,0.0,18
BOR,Kick Sauber,12.0,0 days 00:01:23.318000,0 days 00:00:24.305000,0 days 00:00:33.789000,0 days 00:00:25.224000,SOFT,15.0,1.0,,,1,10.0,False,2025,Spain,R,83.318,24.305,33.789,25.224,81.81299999999999,1.5050000000000097,89.36,-6.042000000000002,1.5050000000000097,84.038,89.42,-5.382000000000005,66.0,0.18181818181818182,21.0,0.7142857142857143,225.0,144.0,1,0,0,1,1,0,0,15.0,0.0,0.0,18
BOR,Kick Sauber,13.0,0 days 00:01:24.556000,0 days 00:00:25.189000,0 days 00:00:34.136000,0 days 00:00:25.231000,SOFT,16.0,1.0,,,1,10.0,False,2025,Spain,R,84.556,25.189,34.136,25.231,81.81299999999999,2.743000000000009,89.36,-4.804000000000002,2.743000000000009,85.336,89.42,-4.084000000000003,66.0,0.19696969696969696,21.0,0.7619047619047619,256.0,169.0,1,0,0,1,1,0,0,16.0,0.0,0.0,18
BOR,Kick Sauber,14.0,0 days 00:01:23.066000,0 days 00:00:24.297000,0 days 00:00:33.531000,0 days 00:00:25.238000,SOFT,17.0,1.0,,,1,10.0,False,2025,Spain,R,83.066,24.297,33.531,25.238,81.81299999999999,1.2530000000000143,89.36,-6.293999999999997,1.2530000000000143,83.906,89.42,-5.513999999999996,66.0,0.21212121212121213,21.0,0.8095238095238095,289.0,196.0,1,0,0,1,1,0,0,17.0,0.0,0.0,18
BOR,Kick Sauber,15.0,0 days 00:01:23.295000,0 days 00:00:24.359000,0 days 00:00:33.629000,0 days 00:00:25.307000,SOFT,18.0,1.0,,,1,10.0,False,2025,Spain,R,83.295,24.359,33.629,25.307,81.81299999999999,1.4820000000000135,89.36,-6.064999999999998,1.4820000000000135,84.19500000000001,89.42,-5.224999999999994,66.0,0.22727272727272727,21.0,0.8571428571428571,324.0,225.0,1,0,0,1,1,0,0,18.0,0.0,0.0,18
BOR,Kick Sauber,16.0,0 days 00:01:23.056000,0 days 00:00:24.244000,0 days 00:00:33.510000,0 days 00:00:25.302000,SOFT,19.0,1.0,,,1,10.0,False,2025,Spain,R,83.056,24.244,33.51,25.302,81.81299999999999,1.2430000000000092,89.36,-6.304000000000002,1.2430000000000092,84.01599999999999,89.42,-5.404000000000011,66.0,0.24242424242424243,21.0,0.9047619047619048,361.0,256.0,1,0,0,1,1,0,0,19.0,0.0,0.0,18
BOR,Kick Sauber,17.0,0 days 00:01:24.138000,0 days 00:00:24.671000,0 days 00:00:34.037000,0 days 00:00:25.430000,SOFT,20.0,1.0,,,1,10.0,False,2025,Spain,R,84.138,24.671,34.037,25.43,81.81299999999999,2.325000000000017,89.36,-5.221999999999994,2.325000000000017,85.158,89.42,-4.2620000000000005,66.0,0.25757575757575757,21.0,0.9523809523809523,400.0,289.0,1,0,0,1,1,0,0,20.0,0.0,0.0,18
BOR,Kick Sauber,18.0,0 days 00:01:23.443000,0 days 00:00:24.316000,0 days 00:00:33.830000,0 days 00:00:25.297000,SOFT,21.0,1.0,,,1,10.0,False,2025,Spain,R,83.443,24.316,33.83,25.297,81.81299999999999,1.6300000000000097,89.36,-5.917000000000002,1.6300000000000097,84.523,89.42,-4.897000000000006,66.0,0.2727272727272727,21.0,1.0,441.0,324.0,1,0,0,1,1,0,0,21.0,0.0,0.0,18
BOR,Kick Sauber,21.0,0 days 00:01:21.974000,0 days 00:00:24.248000,0 days 00:00:32.911000,0 days 00:00:24.815000,MEDIUM,2.0,2.0,,,1,18.0,False,2025,Spain,R,81.974,24.248,32.911,24.815,81.81299999999999,0.16100000000001558,81.974,0.0,0.16100000000001558,83.23400000000001,83.23400000000001,0.0,66.0,0.3181818181818182,29.0,0.06896551724137931,4.0,441.0,0,1,0,1,0,1,0,0.0,2.0,0.0,28
BOR,Kick Sauber,22.0,0 days 00:01:21.164000,0 days 00:00:23.896000,0 days 00:00:32.553000,0 days 00:00:24.715000,MEDIUM,3.0,2.0,,,1,18.0,False,2025,Spain,R,81.164,23.896,32.553,24.715,81.81299999999999,0.6489999999999867,81.974,-0.8100000000000023,-0.6489999999999867,82.484,83.23400000000001,-0.7500000000000142,66.0,0.3333333333333333,29.0,0.10344827586206896,9.0,484.0,0,1,0,0,0,1,0,0.0,3.0,0.0,28
BOR,Kick Sauber,23.0,0 days 00:01:21.452000,0 days 00:00:23.862000,0 days 00:00:32.761000,0 days 00:00:24.829000,MEDIUM,4.0,2.0,,,1,18.0,False,2025,Spain,R,81.452,23.862,32.761,24.829,81.81299999999999,0.36099999999999,81.974,-0.5220000000000056,-0.36099999999999,82.832,83.23400000000001,-0.40200000000001523,66.0,0.3484848484848485,29.0,0.13793103448275862,16.0,529.0,0,1,0,0,0,1,0,0.0,4.0,0.0,28
BOR,Kick Sauber,24.0,0 days 00:01:21.483000,0 days 00:00:24.046000,0 days 00:00:32.761000,0 days 00:00:24.676000,MEDIUM,5.0,2.0,,,1,18.0,False,2025,Spain,R,81.483,24.046,32.761,24.676,81.81299999999999,0.3299999999999841,81.974,-0.49099999999999966,-0.3299999999999841,82.923,83.23400000000001,-0.31100000000000705,66.0,0.36363636363636365,29.0,0.1724137931034483,25.0,576.0,0,1,0,0,0,1,0,0.0,5.0,0.0,28
BOR,Kick Sauber,25.0,0 days 00:01:21.192000,0 days 00:00:23.569000,0 days 00:00:32.941000,0 days 00:00:24.682000,MEDIUM,6.0,2.0,,,1,16.0,False,2025,Spain,R,81.192,23.569,32.941,24.682,81.81299999999999,0.6209999999999951,81.974,-0.7820000000000107,-0.6209999999999951,82.692,83.23400000000001,-0.5420000000000158,66.0,0.3787878787878788,29.0,0.20689655172413793,36.0,625.0,0,1,0,0,0,1,0,0.0,6.0,0.0,28
BOR,Kick Sauber,26.0,0 days 00:01:21.225000,0 days 00:00:23.814000,0 days 00:00:32.718000,0 days 00:00:24.693000,MEDIUM,7.0,2.0,,,1,15.0,False,2025,Spain,R,81.225,23.814,32.718,24.693,81.81299999999999,0.5879999999999939,81.974,-0.7490000000000094,-0.5879999999999939,82.785,83.23400000000001,-0.4490000000000123,66.0,0.3939393939393939,29.0,0.2413793103448276,49.0,676.0,0,1,0,0,0,1,0,0.0,7.0,0.0,28
BOR,Kick Sauber,27.0,0 days 00:01:20.999000,0 days 00:00:23.760000,0 days 00:00:32.660000,0 days 00:00:24.579000,MEDIUM,8.0,2.0,,,1,15.0,False,2025,Spain,R,80.999,23.76,32.66,24.579,81.81299999999999,0.813999999999993,81.974,-0.9750000000000085,-0.813999999999993,82.619,83.23400000000001,-0.6150000000000091,66.0,0.4090909090909091,29.0,0.27586206896551724,64.0,729.0,0,1,0,0,0,1,0,0.0,8.0,0.0,28
BOR,Kick Sauber,28.0,0 days 00:01:21.159000,0 days 00:00:23.706000,0 days 00:00:32.711000,0 days 00:00:24.742000,MEDIUM,9.0,2.0,,,1,15.0,False,2025,Spain,R,81.159,23.706,32.711,24.742,81.81299999999999,0.6539999999999822,81.974,-0.8149999999999977,-0.6539999999999822,82.83900000000001,83.23400000000001,-0.394999999999996,66.0,0.42424242424242425,29.0,0.3103448275862069,81.0,784.0,0,1,0,0,0,1,0,0.0,9.0,0.0,28
BOR,Kick Sauber,29.0,0 days 00:01:21.540000,0 days 00:00:23.786000,0 days 00:00:32.950000,0 days 00:00:24.804000,MEDIUM,10.0,2.0,,,1,15.0,False,2025,Spain,R,81.54,23.786,32.95,24.804,81.81299999999999,0.2729999999999819,81.974,-0.4339999999999975,-0.2729999999999819,83.28,83.23400000000001,0.04599999999999227,66.0,0.4393939393939394,29.0,0.3448275862068966,100.0,841.0,0,1,0,0,0,1,0,0.0,10.0,0.0,28
BOR,Kick Sauber,30.0,0 days 00:01:21.448000,0 days 00:00:23.901000,0 days 00:00:32.885000,0 days 00:00:24.662000,MEDIUM,11.0,2.0,,,1,15.0,False,2025,Spain,R,81.448,23.901,32.885,24.662,81.81299999999999,0.3649999999999949,81.974,-0.5260000000000105,-0.3649999999999949,83.24799999999999,83.23400000000001,0.013999999999981583,66.0,0.45454545454545453,29.0,0.3793103448275862,121.0,900.0,0,1,0,0,0,1,0,0.0,11.0,0.0,28
BOR,Kick Sauber,31.0,0 days 00:01:21.612000,0 days 00:00:23.873000,0 days 00:00:33.077000,0 days 00:00:24.662000,MEDIUM,12.0,2.0,,,1,15.0,False,2025,Spain,R,81.612,23.873,33.077,24.662,81.81299999999999,0.2009999999999934,81.974,-0.362000000000009,-0.2009999999999934,83.472,83.23400000000001,0.23799999999998533,66.0,0.4696969696969697,29.0,0.41379310344827586,144.0,961.0,0,1,0,0,0,1,0,0.0,12.0,0.0,28
BOR,Kick Sauber,32.0,0 days 00:01:22.119000,0 days 00:00:23.927000,0 days 00:00:33.289000,0 days 00:00:24.903000,MEDIUM,13.0,2.0,,,1,14.0,False,2025,Spain,R,82.119,23.927,33.289,24.903,81.81299999999999,0.3060000000000116,81.974,0.14499999999999602,0.3060000000000116,84.039,83.23400000000001,0.8049999999999926,66.0,0.48484848484848486,29.0,0.4482758620689655,169.0,1024.0,0,1,0,0,0,1,0,0.0,13.0,0.0,28
BOR,Kick Sauber,33.0,0 days 00:01:21.904000,0 days 00:00:23.819000,0 days 00:00:32.993000,0 days 00:00:25.092000,MEDIUM,14.0,2.0,,,1,14.0,False,2025,Spain,R,81.904,23.819,32.993,25.092,81.81299999999999,0.09100000000000819,81.974,-0.07000000000000739,0.09100000000000819,83.884,83.23400000000001,0.6499999999999915,66.0,0.5,29.0,0.4827586206896552,196.0,1089.0,0,1,0,0,0,1,0,0.0,14.0,0.0,28
BOR,Kick Sauber,34.0,0 days 00:01:21.874000,0 days 00:00:23.840000,0 days 00:00:33.283000,0 days 00:00:24.751000,MEDIUM,15.0,2.0,,,1,13.0,False,2025,Spain,R,81.874,23.84,33.283,24.751,81.81299999999999,0.06100000000000705,81.974,-0.10000000000000853,0.06100000000000705,83.914,83.23400000000001,0.6799999999999926,66.0,0.5151515151515151,29.0,0.5172413793103449,225.0,1156.0,0,1,0,0,0,1,0,0.0,15.0,0.0,28
BOR,Kick Sauber,35.0,0 days 00:01:21.666000,0 days 00:00:23.927000,0 days 00:00:32.944000,0 days 00:00:24.795000,MEDIUM,16.0,2.0,,,1,13.0,False,2025,Spain,R,81.666,23.927,32.944,24.795,81.81299999999999,0.14699999999999136,81.974,-0.30800000000000693,-0.14699999999999136,83.76599999999999,83.23400000000001,0.5319999999999823,66.0,0.5303030303030303,29.0,0.5517241379310345,256.0,1225.0,0,1,0,0,0,1,0,0.0,16.0,0.0,28
BOR,Kick Sauber,36.0,0 days 00:01:21.104000,0 days 00:00:23.881000,0 days 00:00:32.650000,0 days 00:00:24.573000,MEDIUM,17.0,2.0,,,1,12.0,False,2025,Spain,R,81.104,23.881,32.65,24.573,81.81299999999999,0.708999999999989,81.974,-0.8700000000000045,-0.708999999999989,83.264,83.23400000000001,0.029999999999986926,66.0,0.5454545454545454,29.0,0.5862068965517241,289.0,1296.0,0,1,0,0,0,1,0,0.0,17.0,0.0,28
BOR,Kick Sauber,37.0,0 days 00:01:21.163000,0 days 00:00:23.817000,0 days 00:00:32.635000,0 days 00:00:24.711000,MEDIUM,18.0,2.0,,,1,12.0,False,2025,Spain,R,81.163,23.817,32.635,24.711,81.81299999999999,0.6499999999999915,81.974,-0.811000000000007,-0.6499999999999915,83.383,83.23400000000001,0.1489999999999867,66.0,0.5606060606060606,29.0,0.6206896551724138,324.0,1369.0,0,1,0,0,0,1,0,0.0,18.0,0.0,28
BOR,Kick Sauber,38.0,0 days 00:01:21.432000,0 days 00:00:23.848000,0 days 00:00:32.917000,0 days 00:00:24.667000,MEDIUM,19.0,2.0,,,1,12.0,False,2025,Spain,R,81.432,23.848,32.917,24.667,81.81299999999999,0.380999999999986,81.974,-0.5420000000000016,-0.380999999999986,83.712,83.23400000000001,0.47799999999999443,66.0,0.5757575757575758,29.0,0.6551724137931034,361.0,1444.0,0,1,0,0,0,1,0,0.0,19.0,0.0,28
BOR,Kick Sauber,39.0,0 days 00:01:21.004000,0 days 00:00:23.789000,0 days 00:00:32.643000,0 days 00:00:24.572000,MEDIUM,20.0,2.0,,,1,12.0,False,2025,Spain,R,81.004,23.789,32.643,24.572,81.81299999999999,0.8089999999999833,81.974,-0.9699999999999989,-0.8089999999999833,83.34400000000001,83.23400000000001,0.10999999999999943,66.0,0.5909090909090909,29.0,0.6896551724137931,400.0,1521.0,0,1,0,0,0,1,0,0.0,20.0,0.0,28
BOR,Kick Sauber,40.0,0 days 00:01:20.881000,0 days 00:00:23.662000,0 days 00:00:32.595000,0 days 00:00:24.624000,MEDIUM,21.0,2.0,,,1,12.0,False,2025,Spain,R,80.881,23.662,32.595,24.624,81.81299999999999,0.931999999999988,81.974,-1.0930000000000035,-0.931999999999988,83.281,83.23400000000001,0.046999999999997044,66.0,0.6060606060606061,29.0,0.7241379310344828,441.0,1600.0,0,1,0,0,0,1,0,0.0,21.0,0.0,28
BOR,Kick Sauber,41.0,0 days 00:01:21.106000,0 days 00:00:23.736000,0 days 00:00:32.654000,0 days 00:00:24.716000,MEDIUM,22.0,2.0,,,1,12.0,False,2025,Spain,R,81.106,23.736,32.654,24.716,81.81299999999999,0.7069999999999936,81.974,-0.8680000000000092,-0.7069999999999936,83.56599999999999,83.23400000000001,0.3319999999999794,66.0,0.6212121212121212,29.0,0.7586206896551724,484.0,1681.0,0,1,0,0,0,1,0,0.0,22.0,0.0,28
BOR,Kick Sauber,42.0,0 days 00:01:21.291000,0 days 00:00:23.718000,0 days 00:00:32.832000,0 days 00:00:24.741000,MEDIUM,23.0,2.0,,,1,11.0,False,2025,Spain,R,81.291,23.718,32.832,24.741,81.81299999999999,0.5219999999999914,81.974,-0.6830000000000069,-0.5219999999999914,83.81099999999999,83.23400000000001,0.576999999999984,66.0,0.6363636363636364,29.0,0.7931034482758621,529.0,1764.0,0,1,0,0,0,1,0,0.0,23.0,0.0,28
BOR,Kick Sauber,43.0,0 days 00:01:23.179000,0 days 00:00:24.279000,0 days 00:00:34.068000,0 days 00:00:24.832000,MEDIUM,24.0,2.0,,,1,11.0,False,2025,Spain,R,83.179,24.279,34.068,24.832,81.81299999999999,1.3660000000000139,81.974,1.2049999999999983,1.3660000000000139,85.759,83.23400000000001,2.5249999999999915,66.0,0.6515151515151515,29.0,0.8275862068965517,576.0,1849.0,0,1,0,0,0,1,0,0.0,24.0,0.0,28
BOR,Kick Sauber,44.0,0 days 00:01:23.274000,0 days 00:00:24.858000,0 days 00:00:33.530000,0 days 00:00:24.886000,MEDIUM,25.0,2.0,,,1,11.0,False,2025,Spain,R,83.274,24.858,33.53,24.886,81.81299999999999,1.4610000000000127,81.974,1.2999999999999972,1.4610000000000127,85.914,83.23400000000001,2.6799999999999926,66.0,0.6666666666666666,29.0,0.8620689655172413,625.0,1936.0,0,1,1,0,0,1,0,0.0,25.0,0.0,28
BOR,Kick Sauber,45.0,0 days 00:01:21.547000,0 days 00:00:23.924000,0 days 00:00:32.761000,0 days 00:00:24.862000,MEDIUM,26.0,2.0,,,1,10.0,False,2025,Spain,R,81.547,23.924,32.761,24.862,81.81299999999999,0.26599999999999113,81.974,-0.4270000000000067,-0.26599999999999113,84.247,83.23400000000001,1.012999999999991,66.0,0.6818181818181818,29.0,0.896551724137931,676.0,2025.0,0,1,1,0,0,1,0,0.0,26.0,0.0,28
BOR,Kick Sauber,46.0,0 days 00:01:24.398000,0 days 00:00:25.073000,0 days 00:00:34.216000,0 days 00:00:25.109000,MEDIUM,27.0,2.0,,,1,10.0,False,2025,Spain,R,84.398,25.073,34.216,25.109,81.81299999999999,2.585000000000008,81.974,2.4239999999999924,2.585000000000008,87.158,83.23400000000001,3.9239999999999924,66.0,0.696969696969697,29.0,0.9310344827586207,729.0,2116.0,0,1,1,0,0,1,0,0.0,27.0,0.0,28
BOR,Kick Sauber,47.0,0 days 00:01:21.519000,0 days 00:00:23.899000,0 days 00:00:32.828000,0 days 00:00:24.792000,MEDIUM,28.0,2.0,,,1,10.0,False,2025,Spain,R,81.519,23.899,32.828,24.792,81.81299999999999,0.2939999999999827,81.974,-0.4549999999999983,-0.2939999999999827,84.339,83.23400000000001,1.1049999999999898,66.0,0.7121212121212122,29.0,0.9655172413793104,784.0,2209.0,0,1,1,0,0,1,0,0.0,28.0,0.0,28
BOR,Kick Sauber,48.0,0 days 00:01:21.264000,0 days 00:00:23.748000,0 days 00:00:32.863000,0 days 00:00:24.653000,MEDIUM,29.0,2.0,,,1,10.0,False,2025,Spain,R,81.264,23.748,32.863,24.653,81.81299999999999,0.5489999999999924,81.974,-0.710000000000008,-0.5489999999999924,84.14399999999999,83.23400000000001,0.9099999999999824,66.0,0.7272727272727273,29.0,1.0,841.0,2304.0,0,1,1,0,0,1,0,0.0,29.0,0.0,28
BOR,Kick Sauber,51.0,0 days 00:01:18.297000,0 days 00:00:22.875000,0 days 00:00:31.542000,0 days 00:00:23.880000,SOFT,2.0,3.0,,,1,17.0,False,2025,Spain,R,78.297,22.875,31.542,23.88,81.81299999999999,3.515999999999991,78.297,0.0,-3.515999999999991,81.357,81.357,0.0,66.0,0.7727272727272727,17.0,0.11764705882352941,4.0,2601.0,0,0,1,0,1,0,0,2.0,0.0,0.0,11
BOR,Kick Sauber,52.0,0 days 00:01:19.386000,0 days 00:00:23.316000,0 days 00:00:31.864000,0 days 00:00:24.206000,SOFT,3.0,3.0,,,1,17.0,False,2025,Spain,R,79.386,23.316,31.864,24.206,81.81299999999999,2.4269999999999925,78.297,1.0889999999999986,-2.4269999999999925,82.506,81.357,1.149000000000001,66.0,0.7878787878787878,17.0,0.17647058823529413,9.0,2704.0,0,0,1,0,1,0,0,3.0,0.0,0.0,11
BOR,Kick Sauber,53.0,0 days 00:01:19.454000,0 days 00:00:23.122000,0 days 00:00:32.089000,0 days 00:00:24.243000,SOFT,4.0,3.0,,,1,17.0,False,2025,Spain,R,79.454,23.122,32.089,24.243,81.81299999999999,2.3589999999999947,78.297,1.1569999999999965,-2.3589999999999947,82.63399999999999,81.357,1.2769999999999868,66.0,0.803030303030303,17.0,0.23529411764705882,16.0,2809.0,0,0,1,0,1,0,0,4.0,0.0,0.0,11
BOR,Kick Sauber,58.0,0 days 00:01:22.738000,0 days 00:00:24.295000,0 days 00:00:33.774000,0 days 00:00:24.669000,SOFT,9.0,3.0,,,4,12.0,False,2025,Spain,R,82.738,24.295,33.774,24.669,81.81299999999999,0.9250000000000114,78.297,4.4410000000000025,0.9250000000000114,86.218,81.357,4.861000000000004,66.0,0.8787878787878788,17.0,0.5294117647058824,81.0,3364.0,0,0,1,0,1,0,0,9.0,0.0,0.0,11
BOR,Kick Sauber,59.0,0 days 00:01:21.752000,0 days 00:00:24.049000,0 days 00:00:32.800000,0 days 00:00:24.903000,SOFT,10.0,3.0,,,4,12.0,False,2025,Spain,R,81.752,24.049,32.8,24.903,81.81299999999999,0.06099999999999284,78.297,3.4549999999999983,-0.06099999999999284,85.292,81.357,3.9350000000000023,66.0,0.8939393939393939,17.0,0.5882352941176471,100.0,3481.0,0,0,1,0,1,0,0,10.0,0.0,0.0,11
BOR,Kick Sauber,61.0,0 days 00:01:20.362000,0 days 00:00:23.787000,0 days 00:00:32.799000,0 days 00:00:23.776000,SOFT,12.0,3.0,,,1,11.0,False,2025,Spain,R,80.362,23.787,32.799,23.776,81.81299999999999,1.4509999999999934,78.297,2.0649999999999977,-1.4509999999999934,84.02199999999999,81.357,2.664999999999992,66.0,0.9242424242424242,17.0,0.7058823529411765,144.0,3721.0,0,0,1,0,1,0,0,12.0,0.0,0.0,11
BOR,Kick Sauber,62.0,0 days 00:01:19.563000,0 days 00:00:23.575000,0 days 00:00:32.120000,0 days 00:00:23.868000,SOFT,13.0,3.0,,,1,11.0,False,2025,Spain,R,79.563,23.575,32.12,23.868,81.81299999999999,2.249999999999986,78.297,1.2660000000000053,-2.249999999999986,83.283,81.357,1.926000000000002,66.0,0.9393939393939394,17.0,0.7647058823529411,169.0,3844.0,0,0,1,0,1,0,0,13.0,0.0,0.0,11
BOR,Kick Sauber,63.0,0 days 00:01:19.979000,0 days 00:00:23.492000,0 days 00:00:32.466000,0 days 00:00:24.021000,SOFT,14.0,3.0,,,1,11.0,False,2025,Spain,R,79.979,23.492,32.466,24.021,81.81299999999999,1.833999999999989,78.297,1.6820000000000022,-1.833999999999989,83.759,81.357,2.402000000000001,66.0,0.9545454545454546,17.0,0.8235294117647058,196.0,3969.0,0,0,1,0,1,0,0,14.0,0.0,0.0,11
BOR,Kick Sauber,64.0,0 days 00:01:20.544000,0 days 00:00:23.392000,0 days 00:00:32.945000,0 days 00:00:24.207000,SOFT,15.0,3.0,,,1,12.0,False,2025,Spain,R,80.544,23.392,32.945,24.207,81.81299999999999,1.2689999999999912,78.297,2.247,-1.2689999999999912,84.384,81.357,3.027000000000001,66.0,0.9696969696969697,17.0,0.8823529411764706,225.0,4096.0,0,0,1,0,1,0,0,15.0,0.0,0.0,11
BOR,Kick Sauber,65.0,0 days 00:01:20.291000,0 days 00:00:23.453000,0 days 00:00:32.596000,0 days 00:00:24.242000,SOFT,16.0,3.0,,,1,12.0,False,2025,Spain,R,80.291,23.453,32.596,24.242,81.81299999999999,1.5219999999999914,78.297,1.9939999999999998,-1.5219999999999914,84.191,81.357,2.834000000000003,66.0,0.9848484848484849,17.0,0.9411764705882353,256.0,4225.0,0,0,1,0,1,0,0,16.0,0.0,0.0,11
BOR,Kick Sauber,66.0,0 days 00:01:19.685000,0 days 00:00:23.122000,0 days 00:00:32.489000,0 days 00:00:24.074000,SOFT,17.0,3.0,,,1,12.0,False,2025,Spain,R,79.685,23.122,32.489,24.074,81.81299999999999,2.127999999999986,78.297,1.3880000000000052,-2.127999999999986,83.645,81.357,2.2879999999999967,66.0,1.0,17.0,1.0,289.0,4356.0,0,0,1,0,1,0,0,17.0,0.0,0.0,11
COL,Alpine,2.0,0 days 00:01:23.993000,0 days 00:00:24.778000,0 days 00:00:34.042000,0 days 00:00:25.173000,SOFT,2.0,1.0,,,1,18.0,False,2025,Spain,R,83.993,24.778,34.042,25.173,82.562,1.4309999999999974,83.993,0.0,1.4309999999999974,84.113,84.113,0.0,66.0,0.030303030303030304,13.0,0.15384615384615385,4.0,4.0,1,0,0,1,1,0,0,2.0,0.0,0.0,11
COL,Alpine,3.0,0 days 00:01:23.061000,0 days 00:00:24.299000,0 days 00:00:33.911000,0 days 00:00:24.851000,SOFT,3.0,1.0,,,1,18.0,False,2025,Spain,R,83.061,24.299,33.911,24.851,82.562,0.49900000000000944,83.993,-0.931999999999988,0.49900000000000944,83.24100000000001,84.113,-0.8719999999999857,66.0,0.045454545454545456,13.0,0.23076923076923078,9.0,9.0,1,0,0,1,1,0,0,3.0,0.0,0.0,11
COL,Alpine,4.0,0 days 00:01:22.402000,0 days 00:00:24.011000,0 days 00:00:33.601000,0 days 00:00:24.790000,SOFT,4.0,1.0,,,1,18.0,False,2025,Spain,R,82.402,24.011,33.601,24.79,82.562,0.1599999999999966,83.993,-1.590999999999994,-0.1599999999999966,82.642,84.113,-1.4710000000000036,66.0,0.06060606060606061,13.0,0.3076923076923077,16.0,16.0,1,0,0,1,1,0,0,4.0,0.0,0.0,11
COL,Alpine,5.0,0 days 00:01:22.336000,0 days 00:00:23.916000,0 days 00:00:33.564000,0 days 00:00:24.856000,SOFT,5.0,1.0,,,1,18.0,False,2025,Spain,R,82.336,23.916,33.564,24.856,82.562,0.2259999999999991,83.993,-1.6569999999999965,-0.2259999999999991,82.636,84.113,-1.4770000000000039,66.0,0.07575757575757576,13.0,0.38461538461538464,25.0,25.0,1,0,0,1,1,0,0,5.0,0.0,0.0,11
COL,Alpine,6.0,0 days 00:01:22.776000,0 days 00:00:24.205000,0 days 00:00:33.670000,0 days 00:00:24.901000,SOFT,6.0,1.0,,,1,17.0,False,2025,Spain,R,82.776,24.205,33.67,24.901,82.562,0.21399999999999864,83.993,-1.2169999999999987,0.21399999999999864,83.136,84.113,-0.9770000000000039,66.0,0.09090909090909091,13.0,0.46153846153846156,36.0,36.0,1,0,0,1,1,0,0,6.0,0.0,0.0,11
COL,Alpine,7.0,0 days 00:01:23.079000,0 days 00:00:24.288000,0 days 00:00:33.665000,0 days 00:00:25.126000,SOFT,7.0,1.0,,,1,17.0,False,2025,Spain,R,83.079,24.288,33.665,25.126,82.562,0.5169999999999959,83.993,-0.9140000000000015,0.5169999999999959,83.499,84.113,-0.6140000000000043,66.0,0.10606060606060606,13.0,0.5384615384615384,49.0,49.0,1,0,0,1,1,0,0,7.0,0.0,0.0,11
COL,Alpine,8.0,0 days 00:01:23.385000,0 days 00:00:24.325000,0 days 00:00:33.921000,0 days 00:00:25.139000,SOFT,8.0,1.0,,,1,17.0,False,2025,Spain,R,83.385,24.325,33.921,25.139,82.562,0.8230000000000075,83.993,-0.6079999999999899,0.8230000000000075,83.86500000000001,84.113,-0.24799999999999045,66.0,0.12121212121212122,13.0,0.6153846153846154,64.0,64.0,1,0,0,1,1,0,0,8.0,0.0,0.0,11
COL,Alpine,9.0,0 days 00:01:23.094000,0 days 00:00:24.355000,0 days 00:00:33.675000,0 days 00:00:25.064000,SOFT,9.0,1.0,,,1,15.0,False,2025,Spain,R,83.094,24.355,33.675,25.064,82.562,0.5319999999999965,83.993,-0.8990000000000009,0.5319999999999965,83.634,84.113,-0.4789999999999992,66.0,0.13636363636363635,13.0,0.6923076923076923,81.0,81.0,1,0,0,1,1,0,0,9.0,0.0,0.0,11
COL,Alpine,10.0,0 days 00:01:22.147000,0 days 00:00:23.786000,0 days 00:00:33.283000,0 days 00:00:25.078000,SOFT,10.0,1.0,,,1,14.0,False,2025,Spain,R,82.147,23.786,33.283,25.078,82.562,0.41499999999999204,83.993,-1.8459999999999894,-0.41499999999999204,82.747,84.113,-1.3659999999999997,66.0,0.15151515151515152,13.0,0.7692307692307693,100.0,100.0,1,0,0,1,1,0,0,10.0,0.0,0.0,11
COL,Alpine,11.0,0 days 00:01:23.044000,0 days 00:00:24.267000,0 days 00:00:33.563000,0 days 00:00:25.214000,SOFT,11.0,1.0,,,1,13.0,False,2025,Spain,R,83.044,24.267,33.563,25.214,82.562,0.4819999999999993,83.993,-0.9489999999999981,0.4819999999999993,83.704,84.113,-0.409000000000006,66.0,0.16666666666666666,13.0,0.8461538461538461,121.0,121.0,1,0,0,1,1,0,0,11.0,0.0,0.0,11
COL,Alpine,13.0,0 days 00:01:23.742000,0 days 00:00:24.874000,0 days 00:00:33.690000,0 days 00:00:25.178000,SOFT,13.0,1.0,,,1,13.0,False,2025,Spain,R,83.742,24.874,33.69,25.178,82.562,1.1800000000000068,83.993,-0.25099999999999056,1.1800000000000068,84.522,84.113,0.409000000000006,66.0,0.19696969696969696,13.0,1.0,169.0,169.0,1,0,0,1,1,0,0,13.0,0.0,0.0,11
COL,Alpine,16.0,0 days 00:01:21.386000,0 days 00:00:23.941000,0 days 00:00:32.949000,0 days 00:00:24.496000,MEDIUM,2.0,2.0,,,1,18.0,False,2025,Spain,R,81.386,23.941,32.949,24.496,82.562,1.176000000000002,81.386,0.0,-1.176000000000002,82.34599999999999,82.34599999999999,0.0,66.0,0.24242424242424243,24.0,0.08333333333333333,4.0,256.0,0,1,0,1,0,1,0,0.0,2.0,0.0,23
COL,Alpine,17.0,0 days 00:01:21.625000,0 days 00:00:23.846000,0 days 00:00:33.174000,0 days 00:00:24.605000,MEDIUM,3.0,2.0,,,1,18.0,False,2025,Spain,R,81.625,23.846,33.174,24.605,82.562,0.9369999999999976,81.386,0.23900000000000432,-0.9369999999999976,82.645,82.34599999999999,0.2990000000000066,66.0,0.25757575757575757,24.0,0.125,9.0,289.0,0,1,0,1,0,1,0,0.0,3.0,0.0,23
COL,Alpine,18.0,0 days 00:01:22.805000,0 days 00:00:24.114000,0 days 00:00:33.800000,0 days 00:00:24.891000,MEDIUM,4.0,2.0,,,1,19.0,False,2025,Spain,R,82.805,24.114,33.8,24.891,82.562,0.2430000000000092,81.386,1.4190000000000111,0.2430000000000092,83.885,82.34599999999999,1.5390000000000157,66.0,0.2727272727272727,24.0,0.16666666666666666,16.0,324.0,0,1,0,1,0,1,0,0.0,4.0,0.0,23
COL,Alpine,19.0,0 days 00:01:22.359000,0 days 00:00:24.087000,0 days 00:00:33.268000,0 days 00:00:25.004000,MEDIUM,5.0,2.0,,,1,19.0,False,2025,Spain,R,82.359,24.087,33.268,25.004,82.562,0.20300000000000296,81.386,0.972999999999999,-0.20300000000000296,83.499,82.34599999999999,1.1530000000000058,66.0,0.2878787878787879,24.0,0.20833333333333334,25.0,361.0,0,1,0,1,0,1,0,0.0,5.0,0.0,23
COL,Alpine,20.0,0 days 00:01:22.388000,0 days 00:00:24.039000,0 days 00:00:33.447000,0 days 00:00:24.902000,MEDIUM,6.0,2.0,,,1,18.0,False,2025,Spain,R,82.388,24.039,33.447,24.902,82.562,0.17399999999999238,81.386,1.0020000000000095,-0.17399999999999238,83.58800000000001,82.34599999999999,1.2420000000000186,66.0,0.30303030303030304,24.0,0.25,36.0,400.0,0,1,0,1,0,1,0,0.0,6.0,0.0,23
COL,Alpine,21.0,0 days 00:01:22.649000,0 days 00:00:24.346000,0 days 00:00:33.304000,0 days 00:00:24.999000,MEDIUM,7.0,2.0,,,1,17.0,False,2025,Spain,R,82.649,24.346,33.304,24.999,82.562,0.0870000000000033,81.386,1.2630000000000052,0.0870000000000033,83.909,82.34599999999999,1.5630000000000166,66.0,0.3181818181818182,24.0,0.2916666666666667,49.0,441.0,0,1,0,1,0,1,0,0.0,7.0,0.0,23
COL,Alpine,22.0,0 days 00:01:22.541000,0 days 00:00:24.195000,0 days 00:00:33.218000,0 days 00:00:25.128000,MEDIUM,8.0,2.0,,,1,17.0,False,2025,Spain,R,82.541,24.195,33.218,25.128,82.562,0.021000000000000796,81.386,1.1550000000000011,-0.021000000000000796,83.86099999999999,82.34599999999999,1.5150000000000006,66.0,0.3333333333333333,24.0,0.3333333333333333,64.0,484.0,0,1,0,0,0,1,0,0.0,8.0,0.0,23
COL,Alpine,23.0,0 days 00:01:22.562000,0 days 00:00:24.144000,0 days 00:00:33.298000,0 days 00:00:25.120000,MEDIUM,9.0,2.0,,,1,17.0,False,2025,Spain,R,82.562,24.144,33.298,25.12,82.562,0.0,81.386,1.176000000000002,0.0,83.942,82.34599999999999,1.5960000000000036,66.0,0.3484848484848485,24.0,0.375,81.0,529.0,0,1,0,0,0,1,0,0.0,9.0,0.0,23
COL,Alpine,24.0,0 days 00:01:22.707000,0 days 00:00:24.522000,0 days 00:00:33.312000,0 days 00:00:24.873000,MEDIUM,10.0,2.0,,,1,17.0,False,2025,Spain,R,82.707,24.522,33.312,24.873,82.562,0.14499999999999602,81.386,1.320999999999998,0.14499999999999602,84.14699999999999,82.34599999999999,1.801000000000002,66.0,0.36363636363636365,24.0,0.4166666666666667,100.0,576.0,0,1,0,0,0,1,0,0.0,10.0,0.0,23
COL,Alpine,25.0,0 days 00:01:23.729000,0 days 00:00:24.923000,0 days 00:00:33.635000,0 days 00:00:25.171000,MEDIUM,11.0,2.0,,,1,17.0,False,2025,Spain,R,83.729,24.923,33.635,25.171,82.562,1.1670000000000016,81.386,2.3430000000000035,1.1670000000000016,85.229,82.34599999999999,2.8830000000000098,66.0,0.3787878787878788,24.0,0.4583333333333333,121.0,625.0,0,1,0,0,0,1,0,0.0,11.0,0.0,23
COL,Alpine,26.0,0 days 00:01:23.997000,0 days 00:00:25.069000,0 days 00:00:33.758000,0 days 00:00:25.170000,MEDIUM,12.0,2.0,,,1,18.0,False,2025,Spain,R,83.997,25.069,33.758,25.17,82.562,1.4350000000000023,81.386,2.611000000000004,1.4350000000000023,85.557,82.34599999999999,3.2110000000000127,66.0,0.3939393939393939,24.0,0.5,144.0,676.0,0,1,0,0,0,1,0,0.0,12.0,0.0,23
COL,Alpine,27.0,0 days 00:01:22.766000,0 days 00:00:24.445000,0 days 00:00:33.307000,0 days 00:00:25.014000,MEDIUM,13.0,2.0,,,1,17.0,False,2025,Spain,R,82.766,24.445,33.307,25.014,82.562,0.20400000000000773,81.386,1.3800000000000097,0.20400000000000773,84.38600000000001,82.34599999999999,2.0400000000000205,66.0,0.4090909090909091,24.0,0.5416666666666666,169.0,729.0,0,1,0,0,0,1,0,0.0,13.0,0.0,23
COL,Alpine,28.0,0 days 00:01:22.499000,0 days 00:00:24.361000,0 days 00:00:33.286000,0 days 00:00:24.852000,MEDIUM,14.0,2.0,,,1,17.0,False,2025,Spain,R,82.499,24.361,33.286,24.852,82.562,0.06300000000000239,81.386,1.1129999999999995,-0.06300000000000239,84.179,82.34599999999999,1.8330000000000126,66.0,0.42424242424242425,24.0,0.5833333333333334,196.0,784.0,0,1,0,0,0,1,0,0.0,14.0,0.0,23
COL,Alpine,29.0,0 days 00:01:23.503000,0 days 00:00:24.832000,0 days 00:00:33.626000,0 days 00:00:25.045000,MEDIUM,15.0,2.0,,,1,18.0,False,2025,Spain,R,83.503,24.832,33.626,25.045,82.562,0.9410000000000025,81.386,2.1170000000000044,0.9410000000000025,85.243,82.34599999999999,2.8970000000000056,66.0,0.4393939393939394,24.0,0.625,225.0,841.0,0,1,0,0,0,1,0,0.0,15.0,0.0,23
COL,Alpine,30.0,0 days 00:01:22.645000,0 days 00:00:24.478000,0 days 00:00:33.158000,0 days 00:00:25.009000,MEDIUM,16.0,2.0,,,1,18.0,False,2025,Spain,R,82.645,24.478,33.158,25.009,82.562,0.08299999999999841,81.386,1.2590000000000003,0.08299999999999841,84.445,82.34599999999999,2.0990000000000038,66.0,0.45454545454545453,24.0,0.6666666666666666,256.0,900.0,0,1,0,0,0,1,0,0.0,16.0,0.0,23
COL,Alpine,31.0,0 days 00:01:22.593000,0 days 00:00:24.275000,0 days 00:00:33.124000,0 days 00:00:25.194000,MEDIUM,17.0,2.0,,,1,18.0,False,2025,Spain,R,82.593,24.275,33.124,25.194,82.562,0.03100000000000591,81.386,1.2070000000000078,0.03100000000000591,84.453,82.34599999999999,2.1070000000000135,66.0,0.4696969696969697,24.0,0.7083333333333334,289.0,961.0,0,1,0,0,0,1,0,0.0,17.0,0.0,23
COL,Alpine,32.0,0 days 00:01:23.257000,0 days 00:00:24.416000,0 days 00:00:33.327000,0 days 00:00:25.514000,MEDIUM,18.0,2.0,,,1,18.0,False,2025,Spain,R,83.257,24.416,33.327,25.514,82.562,0.6950000000000074,81.386,1.8710000000000093,0.6950000000000074,85.177,82.34599999999999,2.8310000000000173,66.0,0.48484848484848486,24.0,0.75,324.0,1024.0,0,1,0,0,0,1,0,0.0,18.0,0.0,23
COL,Alpine,33.0,0 days 00:01:24.241000,0 days 00:00:25.649000,0 days 00:00:33.548000,0 days 00:00:25.044000,MEDIUM,19.0,2.0,,,1,18.0,False,2025,Spain,R,84.241,25.649,33.548,25.044,82.562,1.679000000000002,81.386,2.855000000000004,1.679000000000002,86.221,82.34599999999999,3.875000000000014,66.0,0.5,24.0,0.7916666666666666,361.0,1089.0,0,1,0,0,0,1,0,0.0,19.0,0.0,23
COL,Alpine,34.0,0 days 00:01:23.956000,0 days 00:00:25.135000,0 days 00:00:33.716000,0 days 00:00:25.105000,MEDIUM,20.0,2.0,,,1,18.0,False,2025,Spain,R,83.956,25.135,33.716,25.105,82.562,1.3940000000000055,81.386,2.5700000000000074,1.3940000000000055,85.99600000000001,82.34599999999999,3.65000000000002,66.0,0.5151515151515151,24.0,0.8333333333333334,400.0,1156.0,0,1,0,0,0,1,0,0.0,20.0,0.0,23
COL,Alpine,35.0,0 days 00:01:22.315000,0 days 00:00:24.328000,0 days 00:00:33,0 days 00:00:24.987000,MEDIUM,21.0,2.0,,,1,17.0,False,2025,Spain,R,82.315,24.328,33.0,24.987,82.562,0.2469999999999999,81.386,0.929000000000002,-0.2469999999999999,84.41499999999999,82.34599999999999,2.0690000000000026,66.0,0.5303030303030303,24.0,0.875,441.0,1225.0,0,1,0,0,0,1,0,0.0,21.0,0.0,23
COL,Alpine,36.0,0 days 00:01:25.365000,0 days 00:00:26.117000,0 days 00:00:34.204000,0 days 00:00:25.044000,MEDIUM,22.0,2.0,,,1,17.0,False,2025,Spain,R,85.365,26.117,34.204,25.044,82.562,2.8029999999999973,81.386,3.978999999999999,2.8029999999999973,87.52499999999999,82.34599999999999,5.179000000000002,66.0,0.5454545454545454,24.0,0.9166666666666666,484.0,1296.0,0,1,0,0,0,1,0,0.0,22.0,0.0,23
COL,Alpine,37.0,0 days 00:01:23.395000,0 days 00:00:24.862000,0 days 00:00:33.521000,0 days 00:00:25.012000,MEDIUM,23.0,2.0,,,1,18.0,False,2025,Spain,R,83.395,24.862,33.521,25.012,82.562,0.8329999999999984,81.386,2.0090000000000003,0.8329999999999984,85.615,82.34599999999999,3.2690000000000055,66.0,0.5606060606060606,24.0,0.9583333333333334,529.0,1369.0,0,1,0,0,0,1,0,0.0,23.0,0.0,23
COL,Alpine,38.0,0 days 00:01:22.679000,0 days 00:00:24.291000,0 days 00:00:33.338000,0 days 00:00:25.050000,MEDIUM,24.0,2.0,,,1,18.0,False,2025,Spain,R,82.679,24.291,33.338,25.05,82.562,0.11700000000000443,81.386,1.2930000000000064,0.11700000000000443,84.959,82.34599999999999,2.6130000000000138,66.0,0.5757575757575758,24.0,1.0,576.0,1444.0,0,1,0,0,0,1,0,0.0,24.0,0.0,23
COL,Alpine,41.0,0 days 00:01:18.353000,0 days 00:00:23.136000,0 days 00:00:31.673000,0 days 00:00:23.544000,SOFT,2.0,3.0,,,1,18.0,False,2025,Spain,R,78.353,23.136,31.673,23.544,82.562,4.209000000000003,78.353,0.0,-4.209000000000003,80.81299999999999,80.81299999999999,0.0,66.0,0.6212121212121212,14.0,0.14285714285714285,4.0,1681.0,0,0,0,0,1,0,0,2.0,0.0,0.0,13
COL,Alpine,42.0,0 days 00:01:22.116000,0 days 00:00:23.436000,0 days 00:00:34.005000,0 days 00:00:24.675000,SOFT,3.0,3.0,,,1,18.0,False,2025,Spain,R,82.116,23.436,34.005,24.675,82.562,0.44599999999999795,78.353,3.7630000000000052,-0.44599999999999795,84.636,80.81299999999999,3.8230000000000075,66.0,0.6363636363636364,14.0,0.21428571428571427,9.0,1764.0,0,0,0,0,1,0,0,3.0,0.0,0.0,13
COL,Alpine,43.0,0 days 00:01:20.805000,0 days 00:00:23.795000,0 days 00:00:32.516000,0 days 00:00:24.494000,SOFT,4.0,3.0,,,1,18.0,False,2025,Spain,R,80.805,23.795,32.516,24.494,82.562,1.7569999999999908,78.353,2.4520000000000124,-1.7569999999999908,83.385,80.81299999999999,2.572000000000017,66.0,0.6515151515151515,14.0,0.2857142857142857,16.0,1849.0,0,0,0,0,1,0,0,4.0,0.0,0.0,13
COL,Alpine,44.0,0 days 00:01:21.025000,0 days 00:00:23.838000,0 days 00:00:32.625000,0 days 00:00:24.562000,SOFT,5.0,3.0,,,1,18.0,False,2025,Spain,R,81.025,23.838,32.625,24.562,82.562,1.536999999999992,78.353,2.6720000000000113,-1.536999999999992,83.665,80.81299999999999,2.852000000000018,66.0,0.6666666666666666,14.0,0.35714285714285715,25.0,1936.0,0,0,1,0,1,0,0,5.0,0.0,0.0,13
COL,Alpine,45.0,0 days 00:01:21.050000,0 days 00:00:23.961000,0 days 00:00:32.527000,0 days 00:00:24.562000,SOFT,6.0,3.0,,,1,18.0,False,2025,Spain,R,81.05,23.961,32.527,24.562,82.562,1.5120000000000005,78.353,2.6970000000000027,-1.5120000000000005,83.75,80.81299999999999,2.937000000000012,66.0,0.6818181818181818,14.0,0.42857142857142855,36.0,2025.0,0,0,1,0,1,0,0,6.0,0.0,0.0,13
COL,Alpine,46.0,0 days 00:01:20.728000,0 days 00:00:23.759000,0 days 00:00:32.474000,0 days 00:00:24.495000,SOFT,7.0,3.0,,,1,18.0,False,2025,Spain,R,80.728,23.759,32.474,24.495,82.562,1.8340000000000032,78.353,2.375,-1.8340000000000032,83.488,80.81299999999999,2.6750000000000114,66.0,0.696969696969697,14.0,0.5,49.0,2116.0,0,0,1,0,1,0,0,7.0,0.0,0.0,13
COL,Alpine,47.0,0 days 00:01:20.273000,0 days 00:00:23.516000,0 days 00:00:32.498000,0 days 00:00:24.259000,SOFT,8.0,3.0,,,1,18.0,False,2025,Spain,R,80.273,23.516,32.498,24.259,82.562,2.2890000000000015,78.353,1.9200000000000017,-2.2890000000000015,83.09299999999999,80.81299999999999,2.280000000000001,66.0,0.7121212121212122,14.0,0.5714285714285714,64.0,2209.0,0,0,1,0,1,0,0,8.0,0.0,0.0,13
COL,Alpine,48.0,0 days 00:01:22.164000,0 days 00:00:23.804000,0 days 00:00:33.898000,0 days 00:00:24.462000,SOFT,9.0,3.0,,,1,18.0,False,2025,Spain,R,82.164,23.804,33.898,24.462,82.562,0.39799999999999613,78.353,3.811000000000007,-0.39799999999999613,85.044,80.81299999999999,4.231000000000009,66.0,0.7272727272727273,14.0,0.6428571428571429,81.0,2304.0,0,0,1,0,1,0,0,9.0,0.0,0.0,13
COL,Alpine,49.0,0 days 00:01:20.105000,0 days 00:00:23.479000,0 days 00:00:32.361000,0 days 00:00:24.265000,SOFT,10.0,3.0,,,1,18.0,False,2025,Spain,R,80.105,23.479,32.361,24.265,82.562,2.4569999999999936,78.353,1.7520000000000095,-2.4569999999999936,83.045,80.81299999999999,2.2320000000000135,66.0,0.7424242424242424,14.0,0.7142857142857143,100.0,2401.0,0,0,1,0,1,0,0,10.0,0.0,0.0,13
COL,Alpine,50.0,0 days 00:01:20.056000,0 days 00:00:23.498000,0 days 00:00:32.317000,0 days 00:00:24.241000,SOFT,11.0,3.0,,,1,18.0,False,2025,Spain,R,80.056,23.498,32.317,24.241,82.562,2.5060000000000002,78.353,1.703000000000003,-2.5060000000000002,83.056,80.81299999999999,2.243000000000009,66.0,0.7575757575757576,14.0,0.7857142857142857,121.0,2500.0,0,0,1,0,1,0,0,11.0,0.0,0.0,13
COL,Alpine,51.0,0 days 00:01:20.076000,0 days 00:00:23.672000,0 days 00:00:32.136000,0 days 00:00:24.268000,SOFT,12.0,3.0,,,1,18.0,False,2025,Spain,R,80.076,23.672,32.136,24.268,82.562,2.486000000000004,78.353,1.722999999999999,-2.486000000000004,83.136,80.81299999999999,2.3230000000000075,66.0,0.7727272727272727,14.0,0.8571428571428571,144.0,2601.0,0,0,1,0,1,0,0,12.0,0.0,0.0,13
COL,Alpine,52.0,0 days 00:01:20.120000,0 days 00:00:23.579000,0 days 00:00:32.321000,0 days 00:00:24.220000,SOFT,13.0,3.0,,,1,18.0,False,2025,Spain,R,80.12,23.579,32.321,24.22,82.562,2.441999999999993,78.353,1.7670000000000101,-2.441999999999993,83.24000000000001,80.81299999999999,2.427000000000021,66.0,0.7878787878787878,14.0,0.9285714285714286,169.0,2704.0,0,0,1,0,1,0,0,13.0,0.0,0.0,13
COL,Alpine,53.0,0 days 00:01:20.080000,0 days 00:00:23.578000,0 days 00:00:32.381000,0 days 00:00:24.121000,SOFT,14.0,3.0,,,12,18.0,False,2025,Spain,R,80.08,23.578,32.381,24.121,82.562,2.4819999999999993,78.353,1.7270000000000039,-2.4819999999999993,83.25999999999999,80.81299999999999,2.4470000000000027,66.0,0.803030303030303,14.0,1.0,196.0,2809.0,0,0,1,0,1,0,0,14.0,0.0,0.0,13
COL,Alpine,58.0,0 days 00:01:23.285000,0 days 00:00:25.340000,0 days 00:00:33.386000,0 days 00:00:24.559000,SOFT,5.0,4.0,,,4,17.0,False,2025,Spain,R,83.285,25.34,33.386,24.559,82.562,0.722999999999999,83.285,0.0,0.722999999999999,86.765,86.765,0.0,66.0,0.8787878787878788,13.0,0.38461538461538464,25.0,3364.0,0,0,1,0,1,0,0,5.0,0.0,0.0,9
COL,Alpine,59.0,0 days 00:01:22.685000,0 days 00:00:24.389000,0 days 00:00:33.245000,0 days 00:00:25.051000,SOFT,6.0,4.0,,,4,17.0,False,2025,Spain,R,82.685,24.389,33.245,25.051,82.562,0.12300000000000466,83.285,-0.5999999999999943,0.12300000000000466,86.22500000000001,86.765,-0.539999999999992,66.0,0.8939393939393939,13.0,0.46153846153846156,36.0,3481.0,0,0,1,0,1,0,0,6.0,0.0,0.0,9
COL,Alpine,60.0,0 days 00:01:28.629000,0 days 00:00:24.742000,0 days 00:00:33.351000,0 days 00:00:30.536000,SOFT,7.0,4.0,,,41,17.0,False,2025,Spain,R,88.629,24.742,33.351,30.536,82.562,6.067000000000007,83.285,5.344000000000008,6.067000000000007,92.229,86.765,5.463999999999999,66.0,0.9090909090909091,13.0,0.5384615384615384,49.0,3600.0,0,0,1,0,1,0,0,7.0,0.0,0.0,9
COL,Alpine,61.0,0 days 00:01:22.072000,0 days 00:00:24.107000,0 days 00:00:33.370000,0 days 00:00:24.595000,SOFT,8.0,4.0,,,1,17.0,False,2025,Spain,R,82.072,24.107,33.37,24.595,82.562,0.4899999999999949,83.285,-1.2129999999999939,-0.4899999999999949,85.732,86.765,-1.0330000000000013,66.0,0.9242424242424242,13.0,0.6153846153846154,64.0,3721.0,0,0,1,0,1,0,0,8.0,0.0,0.0,9
COL,Alpine,62.0,0 days 00:01:20.401000,0 days 00:00:23.653000,0 days 00:00:32.408000,0 days 00:00:24.340000,SOFT,9.0,4.0,,,1,17.0,False,2025,Spain,R,80.401,23.653,32.408,24.34,82.562,2.1610000000000014,83.285,-2.8840000000000003,-2.1610000000000014,84.121,86.765,-2.6440000000000055,66.0,0.9393939393939394,13.0,0.6923076923076923,81.0,3844.0,0,0,1,0,1,0,0,9.0,0.0,0.0,9
COL,Alpine,63.0,0 days 00:01:20.276000,0 days 00:00:23.239000,0 days 00:00:32.774000,0 days 00:00:24.263000,SOFT,10.0,4.0,,,1,17.0,False,2025,Spain,R,80.276,23.239,32.774,24.263,82.562,2.2860000000000014,83.285,-3.0090000000000003,-2.2860000000000014,84.056,86.765,-2.709000000000003,66.0,0.9545454545454546,13.0,0.7692307692307693,100.0,3969.0,0,0,1,0,1,0,0,10.0,0.0,0.0,9
COL,Alpine,64.0,0 days 00:01:20.536000,0 days 00:00:23.602000,0 days 00:00:32.592000,0 days 00:00:24.342000,SOFT,11.0,4.0,,,1,17.0,False,2025,Spain,R,80.536,23.602,32.592,24.342,82.562,2.0259999999999962,83.285,-2.7489999999999952,-2.0259999999999962,84.376,86.765,-2.388999999999996,66.0,0.9696969696969697,13.0,0.8461538461538461,121.0,4096.0,0,0,1,0,1,0,0,11.0,0.0,0.0,9
COL,Alpine,65.0,0 days 00:01:20.343000,0 days 00:00:23.401000,0 days 00:00:32.737000,0 days 00:00:24.205000,SOFT,12.0,4.0,,,1,17.0,False,2025,Spain,R,80.343,23.401,32.737,24.205,82.562,2.218999999999994,83.285,-2.941999999999993,-2.218999999999994,84.24300000000001,86.765,-2.5219999999999914,66.0,0.9848484848484849,13.0,0.9230769230769231,144.0,4225.0,0,0,1,0,1,0,0,12.0,0.0,0.0,9
COL,Alpine,66.0,0 days 00:01:19.978000,0 days 00:00:23.140000,0 days 00:00:32.759000,0 days 00:00:24.079000,SOFT,13.0,4.0,,,1,16.0,False,2025,Spain,R,79.978,23.14,32.759,24.079,82.562,2.584000000000003,83.285,-3.307000000000002,-2.584000000000003,83.93799999999999,86.765,-2.8270000000000124,66.0,1.0,13.0,1.0,169.0,4356.0,0,0,1,0,1,0,0,13.0,0.0,0.0,9
GAS,Alpine,1.0,0 days 00:01:27.934000,,0 days 00:00:34.300000,0 days 00:00:24.572000,SOFT,3.0,1.0,,,1,8.0,False,2025,Spain,R,87.934,,34.3,24.572,81.8335,6.100499999999997,87.934,0.0,6.100499999999997,87.994,87.994,0.0,66.0,0.015151515151515152,11.0,0.2727272727272727,9.0,1.0,1,0,0,1,1,0,0,3.0,0.0,0.0,9
GAS,Alpine,2.0,0 days 00:01:22.663000,0 days 00:00:24.576000,0 days 00:00:33.518000,0 days 00:00:24.569000,SOFT,4.0,1.0,,,1,8.0,False,2025,Spain,R,82.663,24.576,33.518,24.569,81.8335,0.8294999999999959,87.934,-5.271000000000001,0.8294999999999959,82.783,87.994,-5.2109999999999985,66.0,0.030303030303030304,11.0,0.36363636363636365,16.0,4.0,1,0,0,1,1,0,0,4.0,0.0,0.0,9
GAS,Alpine,3.0,0 days 00:01:22.133000,0 days 00:00:24.330000,0 days 00:00:33.287000,0 days 00:00:24.516000,SOFT,5.0,1.0,,,1,8.0,False,2025,Spain,R,82.133,24.33,33.287,24.516,81.8335,0.29949999999999477,87.934,-5.801000000000002,0.29949999999999477,82.313,87.994,-5.680999999999997,66.0,0.045454545454545456,11.0,0.45454545454545453,25.0,9.0,1,0,0,1,1,0,0,5.0,0.0,0.0,9
GAS,Alpine,4.0,0 days 00:01:21.329000,0 days 00:00:24.159000,0 days 00:00:32.839000,0 days 00:00:24.331000,SOFT,6.0,1.0,,,1,8.0,False,2025,Spain,R,81.329,24.159,32.839,24.331,81.8335,0.5045000000000073,87.934,-6.605000000000004,-0.5045000000000073,81.56899999999999,87.994,-6.425000000000011,66.0,0.06060606060606061,11.0,0.5454545454545454,36.0,16.0,1,0,0,1,1,0,0,6.0,0.0,0.0,9
GAS,Alpine,5.0,0 days 00:01:21.681000,0 days 00:00:24.223000,0 days 00:00:32.938000,0 days 00:00:24.520000,SOFT,7.0,1.0,,,1,8.0,False,2025,Spain,R,81.681,24.223,32.938,24.52,81.8335,0.1525000000000034,87.934,-6.253,-0.1525000000000034,81.981,87.994,-6.013000000000005,66.0,0.07575757575757576,11.0,0.6363636363636364,49.0,25.0,1,0,0,1,1,0,0,7.0,0.0,0.0,9
GAS,Alpine,6.0,0 days 00:01:21.791000,0 days 00:00:24.115000,0 days 00:00:33.054000,0 days 00:00:24.622000,SOFT,8.0,1.0,,,1,8.0,False,2025,Spain,R,81.791,24.115,33.054,24.622,81.8335,0.04250000000000398,87.934,-6.143000000000001,-0.04250000000000398,82.151,87.994,-5.8430000000000035,66.0,0.09090909090909091,11.0,0.7272727272727273,64.0,36.0,1,0,0,1,1,0,0,8.0,0.0,0.0,9
GAS,Alpine,7.0,0 days 00:01:21.964000,0 days 00:00:24.072000,0 days 00:00:33.093000,0 days 00:00:24.799000,SOFT,9.0,1.0,,,1,8.0,False,2025,Spain,R,81.964,24.072,33.093,24.799,81.8335,0.13049999999999784,87.934,-5.969999999999999,0.13049999999999784,82.384,87.994,-5.609999999999999,66.0,0.10606060606060606,11.0,0.8181818181818182,81.0,49.0,1,0,0,1,1,0,0,9.0,0.0,0.0,9
GAS,Alpine,8.0,0 days 00:01:22.313000,0 days 00:00:24.281000,0 days 00:00:33.253000,0 days 00:00:24.779000,SOFT,10.0,1.0,,,1,8.0,False,2025,Spain,R,82.313,24.281,33.253,24.779,81.8335,0.4795000000000016,87.934,-5.620999999999995,0.4795000000000016,82.793,87.994,-5.200999999999993,66.0,0.12121212121212122,11.0,0.9090909090909091,100.0,64.0,1,0,0,1,1,0,0,10.0,0.0,0.0,9
GAS,Alpine,9.0,0 days 00:01:22.160000,0 days 00:00:24.177000,0 days 00:00:33.189000,0 days 00:00:24.794000,SOFT,11.0,1.0,,,1,8.0,False,2025,Spain,R,82.16,24.177,33.189,24.794,81.8335,0.3264999999999958,87.934,-5.774000000000001,0.3264999999999958,82.7,87.994,-5.293999999999997,66.0,0.13636363636363635,11.0,1.0,121.0,81.0,1,0,0,1,1,0,0,11.0,0.0,0.0,9
GAS,Alpine,12.0,0 days 00:01:21.664000,0 days 00:00:24.250000,0 days 00:00:32.881000,0 days 00:00:24.533000,SOFT,5.0,2.0,,,1,14.0,False,2025,Spain,R,81.664,24.25,32.881,24.533,81.8335,0.16949999999999932,81.664,0.0,-0.16949999999999932,82.384,82.384,0.0,66.0,0.18181818181818182,23.0,0.21739130434782608,25.0,144.0,0,1,0,1,1,0,0,5.0,0.0,0.0,19
GAS,Alpine,13.0,0 days 00:01:22.252000,0 days 00:00:24.287000,0 days 00:00:33.121000,0 days 00:00:24.844000,SOFT,6.0,2.0,,,1,14.0,False,2025,Spain,R,82.252,24.287,33.121,24.844,81.8335,0.41849999999999454,81.664,0.5879999999999939,0.41849999999999454,83.032,82.384,0.6479999999999961,66.0,0.19696969696969696,23.0,0.2608695652173913,36.0,169.0,0,1,0,1,1,0,0,6.0,0.0,0.0,19
GAS,Alpine,14.0,0 days 00:01:22.189000,0 days 00:00:24.265000,0 days 00:00:33.101000,0 days 00:00:24.823000,SOFT,7.0,2.0,,,1,13.0,False,2025,Spain,R,82.189,24.265,33.101,24.823,81.8335,0.35549999999999216,81.664,0.5249999999999915,0.35549999999999216,83.029,82.384,0.644999999999996,66.0,0.21212121212121213,23.0,0.30434782608695654,49.0,196.0,0,1,0,1,1,0,0,7.0,0.0,0.0,19
GAS,Alpine,15.0,0 days 00:01:21.939000,0 days 00:00:24.175000,0 days 00:00:33.043000,0 days 00:00:24.721000,SOFT,8.0,2.0,,,1,12.0,False,2025,Spain,R,81.939,24.175,33.043,24.721,81.8335,0.10549999999999216,81.664,0.2749999999999915,0.10549999999999216,82.839,82.384,0.4549999999999983,66.0,0.22727272727272727,23.0,0.34782608695652173,64.0,225.0,0,1,0,1,1,0,0,8.0,0.0,0.0,19
GAS,Alpine,16.0,0 days 00:01:21.645000,0 days 00:00:24.064000,0 days 00:00:32.816000,0 days 00:00:24.765000,SOFT,9.0,2.0,,,1,12.0,False,2025,Spain,R,81.645,24.064,32.816,24.765,81.8335,0.18850000000000477,81.664,-0.019000000000005457,-0.18850000000000477,82.60499999999999,82.384,0.22099999999998943,66.0,0.24242424242424243,23.0,0.391304347826087,81.0,256.0,0,1,0,1,1,0,0,9.0,0.0,0.0,19
GAS,Alpine,17.0,0 days 00:01:21.636000,0 days 00:00:23.999000,0 days 00:00:32.988000,0 days 00:00:24.649000,SOFT,10.0,2.0,,,1,12.0,False,2025,Spain,R,81.636,23.999,32.988,24.649,81.8335,0.19750000000000512,81.664,-0.028000000000005798,-0.19750000000000512,82.65599999999999,82.384,0.27199999999999136,66.0,0.25757575757575757,23.0,0.43478260869565216,100.0,289.0,0,1,0,1,1,0,0,10.0,0.0,0.0,19
GAS,Alpine,18.0,0 days 00:01:22.752000,0 days 00:00:24.198000,0 days 00:00:33.535000,0 days 00:00:25.019000,SOFT,11.0,2.0,,,1,12.0,False,2025,Spain,R,82.752,24.198,33.535,25.019,81.8335,0.9184999999999945,81.664,1.0879999999999939,0.9184999999999945,83.832,82.384,1.4479999999999933,66.0,0.2727272727272727,23.0,0.4782608695652174,121.0,324.0,0,1,0,1,1,0,0,11.0,0.0,0.0,19
GAS,Alpine,19.0,0 days 00:01:21.937000,0 days 00:00:23.942000,0 days 00:00:33.090000,0 days 00:00:24.905000,SOFT,12.0,2.0,,,1,9.0,False,2025,Spain,R,81.937,23.942,33.09,24.905,81.8335,0.10349999999999682,81.664,0.27299999999999613,0.10349999999999682,83.077,82.384,0.6929999999999978,66.0,0.2878787878787879,23.0,0.5217391304347826,144.0,361.0,0,1,0,1,1,0,0,12.0,0.0,0.0,19
GAS,Alpine,20.0,0 days 00:01:21.663000,0 days 00:00:23.833000,0 days 00:00:33.058000,0 days 00:00:24.772000,SOFT,13.0,2.0,,,1,8.0,False,2025,Spain,R,81.663,23.833,33.058,24.772,81.8335,0.1705000000000041,81.664,-0.0010000000000047748,-0.1705000000000041,82.863,82.384,0.4789999999999992,66.0,0.30303030303030304,23.0,0.5652173913043478,169.0,400.0,0,1,0,1,1,0,0,13.0,0.0,0.0,19
GAS,Alpine,21.0,0 days 00:01:21.802000,0 days 00:00:24.137000,0 days 00:00:33.050000,0 days 00:00:24.615000,SOFT,14.0,2.0,,,1,8.0,False,2025,Spain,R,81.802,24.137,33.05,24.615,81.8335,0.03149999999999409,81.664,0.13800000000000523,-0.03149999999999409,83.06200000000001,82.384,0.6780000000000115,66.0,0.3181818181818182,23.0,0.6086956521739131,196.0,441.0,0,1,0,1,1,0,0,14.0,0.0,0.0,19
GAS,Alpine,22.0,0 days 00:01:21.865000,0 days 00:00:24.155000,0 days 00:00:33.010000,0 days 00:00:24.700000,SOFT,15.0,2.0,,,1,7.0,False,2025,Spain,R,81.865,24.155,33.01,24.7,81.8335,0.03149999999999409,81.664,0.2009999999999934,0.03149999999999409,83.18499999999999,82.384,0.8009999999999877,66.0,0.3333333333333333,23.0,0.6521739130434783,225.0,484.0,0,1,0,0,1,0,0,15.0,0.0,0.0,19
GAS,Alpine,23.0,0 days 00:01:22.333000,0 days 00:00:24.351000,0 days 00:00:33.202000,0 days 00:00:24.780000,SOFT,16.0,2.0,,,1,7.0,False,2025,Spain,R,82.333,24.351,33.202,24.78,81.8335,0.4994999999999976,81.664,0.6689999999999969,0.4994999999999976,83.713,82.384,1.3289999999999935,66.0,0.3484848484848485,23.0,0.6956521739130435,256.0,529.0,0,1,0,0,1,0,0,16.0,0.0,0.0,19
GAS,Alpine,24.0,0 days 00:01:23.215000,0 days 00:00:24.889000,0 days 00:00:33.487000,0 days 00:00:24.839000,SOFT,17.0,2.0,,,1,8.0,False,2025,Spain,R,83.215,24.889,33.487,24.839,81.8335,1.3815000000000026,81.664,1.551000000000002,1.3815000000000026,84.655,82.384,2.271000000000001,66.0,0.36363636363636365,23.0,0.7391304347826086,289.0,576.0,0,1,0,0,1,0,0,17.0,0.0,0.0,19
GAS,Alpine,25.0,0 days 00:01:22.755000,0 days 00:00:24.214000,0 days 00:00:33.658000,0 days 00:00:24.883000,SOFT,18.0,2.0,,,1,9.0,False,2025,Spain,R,82.755,24.214,33.658,24.883,81.8335,0.9214999999999947,81.664,1.090999999999994,0.9214999999999947,84.255,82.384,1.8709999999999951,66.0,0.3787878787878788,23.0,0.782608695652174,324.0,625.0,0,1,0,0,1,0,0,18.0,0.0,0.0,19
GAS,Alpine,26.0,0 days 00:01:22.284000,0 days 00:00:24.195000,0 days 00:00:33.202000,0 days 00:00:24.887000,SOFT,19.0,2.0,,,1,9.0,False,2025,Spain,R,82.284,24.195,33.202,24.887,81.8335,0.45050000000000523,81.664,0.6200000000000045,0.45050000000000523,83.84400000000001,82.384,1.460000000000008,66.0,0.3939393939393939,23.0,0.8260869565217391,361.0,676.0,0,1,0,0,1,0,0,19.0,0.0,0.0,19
GAS,Alpine,27.0,0 days 00:01:22.195000,0 days 00:00:24.138000,0 days 00:00:33.321000,0 days 00:00:24.736000,SOFT,20.0,2.0,,,1,9.0,False,2025,Spain,R,82.195,24.138,33.321,24.736,81.8335,0.3614999999999924,81.664,0.5309999999999917,0.3614999999999924,83.815,82.384,1.4309999999999974,66.0,0.4090909090909091,23.0,0.8695652173913043,400.0,729.0,0,1,0,0,1,0,0,20.0,0.0,0.0,19
GAS,Alpine,28.0,0 days 00:01:23.234000,0 days 00:00:24.609000,0 days 00:00:33.698000,0 days 00:00:24.927000,SOFT,21.0,2.0,,,1,10.0,False,2025,Spain,R,83.234,24.609,33.698,24.927,81.8335,1.4004999999999939,81.664,1.5699999999999932,1.4004999999999939,84.914,82.384,2.530000000000001,66.0,0.42424242424242425,23.0,0.9130434782608695,441.0,784.0,0,1,0,0,1,0,0,21.0,0.0,0.0,19
GAS,Alpine,29.0,0 days 00:01:22.303000,0 days 00:00:24.200000,0 days 00:00:33.228000,0 days 00:00:24.875000,SOFT,22.0,2.0,,,1,10.0,False,2025,Spain,R,82.303,24.2,33.228,24.875,81.8335,0.4694999999999965,81.664,0.6389999999999958,0.4694999999999965,84.04299999999999,82.384,1.6589999999999918,66.0,0.4393939393939394,23.0,0.9565217391304348,484.0,841.0,0,1,0,0,1,0,0,22.0,0.0,0.0,19
GAS,Alpine,30.0,0 days 00:01:22.258000,0 days 00:00:24.218000,0 days 00:00:33.233000,0 days 00:00:24.807000,SOFT,23.0,2.0,,,1,10.0,False,2025,Spain,R,82.258,24.218,33.233,24.807,81.8335,0.42449999999999477,81.664,0.5939999999999941,0.42449999999999477,84.05799999999999,82.384,1.6739999999999924,66.0,0.45454545454545453,23.0,1.0,529.0,900.0,0,1,0,0,1,0,0,23.0,0.0,0.0,19
GAS,Alpine,33.0,0 days 00:01:21.034000,0 days 00:00:24.169000,0 days 00:00:32.629000,0 days 00:00:24.236000,MEDIUM,2.0,3.0,,,1,17.0,False,2025,Spain,R,81.034,24.169,32.629,24.236,81.8335,0.7994999999999948,81.034,0.0,-0.7994999999999948,83.01400000000001,83.01400000000001,0.0,66.0,0.5,22.0,0.09090909090909091,4.0,1089.0,0,0,0,0,0,1,0,0.0,2.0,0.0,21
GAS,Alpine,34.0,0 days 00:01:21.605000,0 days 00:00:24.381000,0 days 00:00:32.643000,0 days 00:00:24.581000,MEDIUM,3.0,3.0,,,1,17.0,False,2025,Spain,R,81.605,24.381,32.643,24.581,81.8335,0.22849999999999682,81.034,0.570999999999998,-0.22849999999999682,83.64500000000001,83.01400000000001,0.6310000000000002,66.0,0.5151515151515151,22.0,0.13636363636363635,9.0,1156.0,0,0,0,0,0,1,0,0.0,3.0,0.0,21
GAS,Alpine,35.0,0 days 00:01:21.279000,0 days 00:00:24.078000,0 days 00:00:32.685000,0 days 00:00:24.516000,MEDIUM,4.0,3.0,,,1,16.0,False,2025,Spain,R,81.279,24.078,32.685,24.516,81.8335,0.5545000000000044,81.034,0.24499999999999034,-0.5545000000000044,83.37899999999999,83.01400000000001,0.3649999999999807,66.0,0.5303030303030303,22.0,0.18181818181818182,16.0,1225.0,0,0,0,0,0,1,0,0.0,4.0,0.0,21
GAS,Alpine,36.0,0 days 00:01:22.880000,0 days 00:00:24.027000,0 days 00:00:33.903000,0 days 00:00:24.950000,MEDIUM,5.0,3.0,,,1,15.0,False,2025,Spain,R,82.88,24.027,33.903,24.95,81.8335,1.0464999999999947,81.034,1.8459999999999894,1.0464999999999947,85.03999999999999,83.01400000000001,2.025999999999982,66.0,0.5454545454545454,22.0,0.22727272727272727,25.0,1296.0,0,0,0,0,0,1,0,0.0,5.0,0.0,21
GAS,Alpine,37.0,0 days 00:01:21.429000,0 days 00:00:23.870000,0 days 00:00:32.791000,0 days 00:00:24.768000,MEDIUM,6.0,3.0,,,1,15.0,False,2025,Spain,R,81.429,23.87,32.791,24.768,81.8335,0.40449999999999875,81.034,0.394999999999996,-0.40449999999999875,83.649,83.01400000000001,0.6349999999999909,66.0,0.5606060606060606,22.0,0.2727272727272727,36.0,1369.0,0,0,0,0,0,1,0,0.0,6.0,0.0,21
GAS,Alpine,38.0,0 days 00:01:22.230000,0 days 00:00:24.913000,0 days 00:00:32.858000,0 days 00:00:24.459000,MEDIUM,7.0,3.0,,,1,15.0,False,2025,Spain,R,82.23,24.913,32.858,24.459,81.8335,0.3965000000000032,81.034,1.195999999999998,0.3965000000000032,84.51,83.01400000000001,1.4959999999999951,66.0,0.5757575757575758,22.0,0.3181818181818182,49.0,1444.0,0,0,0,0,0,1,0,0.0,7.0,0.0,21
GAS,Alpine,39.0,0 days 00:01:21.231000,0 days 00:00:24.084000,0 days 00:00:32.792000,0 days 00:00:24.355000,MEDIUM,8.0,3.0,,,1,15.0,False,2025,Spain,R,81.231,24.084,32.792,24.355,81.8335,0.6025000000000063,81.034,0.19699999999998852,-0.6025000000000063,83.571,83.01400000000001,0.556999999999988,66.0,0.5909090909090909,22.0,0.36363636363636365,64.0,1521.0,0,0,0,0,0,1,0,0.0,8.0,0.0,21
GAS,Alpine,40.0,0 days 00:01:22.499000,0 days 00:00:23.737000,0 days 00:00:34.253000,0 days 00:00:24.509000,MEDIUM,9.0,3.0,,,1,15.0,False,2025,Spain,R,82.499,23.737,34.253,24.509,81.8335,0.6654999999999944,81.034,1.4649999999999892,0.6654999999999944,84.899,83.01400000000001,1.884999999999991,66.0,0.6060606060606061,22.0,0.4090909090909091,81.0,1600.0,0,0,0,0,0,1,0,0.0,9.0,0.0,21
GAS,Alpine,41.0,0 days 00:01:21.126000,0 days 00:00:23.944000,0 days 00:00:32.855000,0 days 00:00:24.327000,MEDIUM,10.0,3.0,,,1,15.0,False,2025,Spain,R,81.126,23.944,32.855,24.327,81.8335,0.707499999999996,81.034,0.09199999999999875,-0.707499999999996,83.586,83.01400000000001,0.5719999999999885,66.0,0.6212121212121212,22.0,0.45454545454545453,100.0,1681.0,0,0,0,0,0,1,0,0.0,10.0,0.0,21
GAS,Alpine,42.0,0 days 00:01:20.758000,0 days 00:00:23.769000,0 days 00:00:32.552000,0 days 00:00:24.437000,MEDIUM,11.0,3.0,,,1,15.0,False,2025,Spain,R,80.758,23.769,32.552,24.437,81.8335,1.0755000000000052,81.034,-0.27600000000001046,-1.0755000000000052,83.27799999999999,83.01400000000001,0.2639999999999816,66.0,0.6363636363636364,22.0,0.5,121.0,1764.0,0,0,0,0,0,1,0,0.0,11.0,0.0,21
GAS,Alpine,43.0,0 days 00:01:20.810000,0 days 00:00:23.848000,0 days 00:00:32.688000,0 days 00:00:24.274000,MEDIUM,12.0,3.0,,,1,13.0,False,2025,Spain,R,80.81,23.848,32.688,24.274,81.8335,1.0234999999999985,81.034,-0.22400000000000375,-1.0234999999999985,83.39,83.01400000000001,0.37599999999999056,66.0,0.6515151515151515,22.0,0.5454545454545454,144.0,1849.0,0,0,0,0,0,1,0,0.0,12.0,0.0,21
GAS,Alpine,44.0,0 days 00:01:21.204000,0 days 00:00:23.992000,0 days 00:00:32.816000,0 days 00:00:24.396000,MEDIUM,13.0,3.0,,,1,12.0,False,2025,Spain,R,81.204,23.992,32.816,24.396,81.8335,0.6295000000000073,81.034,0.1699999999999875,-0.6295000000000073,83.844,83.01400000000001,0.8299999999999841,66.0,0.6666666666666666,22.0,0.5909090909090909,169.0,1936.0,0,0,1,0,0,1,0,0.0,13.0,0.0,21
GAS,Alpine,45.0,0 days 00:01:20.750000,0 days 00:00:23.794000,0 days 00:00:32.497000,0 days 00:00:24.459000,MEDIUM,14.0,3.0,,,1,11.0,False,2025,Spain,R,80.75,23.794,32.497,24.459,81.8335,1.0835000000000008,81.034,-0.284000000000006,-1.0835000000000008,83.45,83.01400000000001,0.43599999999999284,66.0,0.6818181818181818,22.0,0.6363636363636364,196.0,2025.0,0,0,1,0,0,1,0,0.0,14.0,0.0,21
GAS,Alpine,46.0,0 days 00:01:20.563000,0 days 00:00:23.753000,0 days 00:00:32.528000,0 days 00:00:24.282000,MEDIUM,15.0,3.0,,,1,11.0,False,2025,Spain,R,80.563,23.753,32.528,24.282,81.8335,1.2704999999999984,81.034,-0.47100000000000364,-1.2704999999999984,83.32300000000001,83.01400000000001,0.3089999999999975,66.0,0.696969696969697,22.0,0.6818181818181818,225.0,2116.0,0,0,1,0,0,1,0,0.0,15.0,0.0,21
GAS,Alpine,47.0,0 days 00:01:20.421000,0 days 00:00:23.815000,0 days 00:00:32.367000,0 days 00:00:24.239000,MEDIUM,16.0,3.0,,,1,11.0,False,2025,Spain,R,80.421,23.815,32.367,24.239,81.8335,1.4124999999999943,81.034,-0.6129999999999995,-1.4124999999999943,83.241,83.01400000000001,0.22699999999998965,66.0,0.7121212121212122,22.0,0.7272727272727273,256.0,2209.0,0,0,1,0,0,1,0,0.0,16.0,0.0,21
GAS,Alpine,48.0,0 days 00:01:20.624000,0 days 00:00:23.644000,0 days 00:00:32.634000,0 days 00:00:24.346000,MEDIUM,17.0,3.0,,,1,11.0,False,2025,Spain,R,80.624,23.644,32.634,24.346,81.8335,1.2095000000000056,81.034,-0.4100000000000108,-1.2095000000000056,83.50399999999999,83.01400000000001,0.4899999999999807,66.0,0.7272727272727273,22.0,0.7727272727272727,289.0,2304.0,0,0,1,0,0,1,0,0.0,17.0,0.0,21
GAS,Alpine,49.0,0 days 00:01:20.646000,0 days 00:00:23.588000,0 days 00:00:32.751000,0 days 00:00:24.307000,MEDIUM,18.0,3.0,,,1,10.0,False,2025,Spain,R,80.646,23.588,32.751,24.307,81.8335,1.1875,81.034,-0.38800000000000523,-1.1875,83.586,83.01400000000001,0.5719999999999885,66.0,0.7424242424242424,22.0,0.8181818181818182,324.0,2401.0,0,0,1,0,0,1,0,0.0,18.0,0.0,21
GAS,Alpine,50.0,0 days 00:01:20.035000,0 days 00:00:23.262000,0 days 00:00:32.418000,0 days 00:00:24.355000,MEDIUM,19.0,3.0,,,1,10.0,False,2025,Spain,R,80.035,23.262,32.418,24.355,81.8335,1.7985000000000042,81.034,-0.9990000000000094,-1.7985000000000042,83.035,83.01400000000001,0.020999999999986585,66.0,0.7575757575757576,22.0,0.8636363636363636,361.0,2500.0,0,0,1,0,0,1,0,0.0,19.0,0.0,21
GAS,Alpine,51.0,0 days 00:01:21.884000,0 days 00:00:23.603000,0 days 00:00:33.767000,0 days 00:00:24.514000,MEDIUM,20.0,3.0,,,1,10.0,False,2025,Spain,R,81.884,23.603,33.767,24.514,81.8335,0.050499999999999545,81.034,0.8499999999999943,0.050499999999999545,84.944,83.01400000000001,1.9299999999999926,66.0,0.7727272727272727,22.0,0.9090909090909091,400.0,2601.0,0,0,1,0,0,1,0,0.0,20.0,0.0,21
GAS,Alpine,52.0,0 days 00:01:22.812000,0 days 00:00:24.534000,0 days 00:00:33.938000,0 days 00:00:24.340000,MEDIUM,21.0,3.0,,,1,10.0,False,2025,Spain,R,82.812,24.534,33.938,24.34,81.8335,0.9784999999999968,81.034,1.7779999999999916,0.9784999999999968,85.932,83.01400000000001,2.917999999999992,66.0,0.7878787878787878,22.0,0.9545454545454546,441.0,2704.0,0,0,1,0,0,1,0,0.0,21.0,0.0,21
GAS,Alpine,53.0,0 days 00:01:20.163000,0 days 00:00:23.673000,0 days 00:00:32.317000,0 days 00:00:24.173000,MEDIUM,22.0,3.0,,,1,10.0,False,2025,Spain,R,80.163,23.673,32.317,24.173,81.8335,1.670500000000004,81.034,-0.8710000000000093,-1.670500000000004,83.34299999999999,83.01400000000001,0.3289999999999793,66.0,0.803030303030303,22.0,1.0,484.0,2809.0,0,0,1,0,0,1,0,0.0,22.0,0.0,21
GAS,Alpine,57.0,0 days 00:01:28.262000,0 days 00:00:24.171000,0 days 00:00:33.891000,0 days 00:00:30.200000,SOFT,5.0,4.0,,,4,9.0,False,2025,Spain,R,88.262,24.171,33.891,30.2,81.8335,6.4285,88.262,0.0,6.4285,91.682,91.682,0.0,66.0,0.8636363636363636,14.0,0.35714285714285715,25.0,3249.0,0,0,1,0,1,0,0,5.0,0.0,0.0,7
GAS,Alpine,61.0,0 days 00:01:20.103000,0 days 00:00:23.923000,0 days 00:00:32.461000,0 days 00:00:23.719000,SOFT,9.0,4.0,,,1,9.0,False,2025,Spain,R,80.103,23.923,32.461,23.719,81.8335,1.7305000000000064,88.262,-8.159000000000006,-1.7305000000000064,83.76299999999999,91.682,-7.919000000000011,66.0,0.9242424242424242,14.0,0.6428571428571429,81.0,3721.0,0,0,1,0,1,0,0,9.0,0.0,0.0,7
GAS,Alpine,62.0,0 days 00:01:18.745000,0 days 00:00:23.476000,0 days 00:00:31.646000,0 days 00:00:23.623000,SOFT,10.0,4.0,,,1,9.0,False,2025,Spain,R,78.745,23.476,31.646,23.623,81.8335,3.0884999999999962,88.262,-9.516999999999996,-3.0884999999999962,82.465,91.682,-9.216999999999999,66.0,0.9393939393939394,14.0,0.7142857142857143,100.0,3844.0,0,0,1,0,1,0,0,10.0,0.0,0.0,7
GAS,Alpine,63.0,0 days 00:01:17.896000,0 days 00:00:22.849000,0 days 00:00:31.475000,0 days 00:00:23.572000,SOFT,11.0,4.0,,,1,9.0,False,2025,Spain,R,77.896,22.849,31.475,23.572,81.8335,3.9375,88.262,-10.366,-3.9375,81.676,91.682,-10.006,66.0,0.9545454545454546,14.0,0.7857142857142857,121.0,3969.0,0,0,1,0,1,0,0,11.0,0.0,0.0,7
GAS,Alpine,64.0,0 days 00:01:18.791000,0 days 00:00:23.024000,0 days 00:00:31.870000,0 days 00:00:23.897000,SOFT,12.0,4.0,,,1,9.0,False,2025,Spain,R,78.791,23.024,31.87,23.897,81.8335,3.042500000000004,88.262,-9.471000000000004,-3.042500000000004,82.631,91.682,-9.051000000000002,66.0,0.9696969696969697,14.0,0.8571428571428571,144.0,4096.0,0,0,1,0,1,0,0,12.0,0.0,0.0,7
GAS,Alpine,65.0,0 days 00:01:19.102000,0 days 00:00:23.314000,0 days 00:00:31.958000,0 days 00:00:23.830000,SOFT,13.0,4.0,,,1,9.0,False,2025,Spain,R,79.102,23.314,31.958,23.83,81.8335,2.731499999999997,88.262,-9.159999999999997,-2.731499999999997,83.00200000000001,91.682,-8.679999999999993,66.0,0.9848484848484849,14.0,0.9285714285714286,169.0,4225.0,0,0,1,0,1,0,0,13.0,0.0,0.0,7
GAS,Alpine,66.0,0 days 00:01:19.149000,0 days 00:00:23.334000,0 days 00:00:31.990000,0 days 00:00:23.825000,SOFT,14.0,4.0,,,1,9.0,False,2025,Spain,R,79.149,23.334,31.99,23.825,81.8335,2.6845,88.262,-9.113,-2.6845,83.109,91.682,-8.573000000000008,66.0,1.0,14.0,1.0,196.0,4356.0,0,0,1,0,1,0,0,14.0,0.0,0.0,7
HAD,Racing Bulls,1.0,0 days 00:01:28.411000,,0 days 00:00:34.329000,0 days 00:00:24.794000,SOFT,4.0,1.0,,,1,9.0,False,2025,Spain,R,88.411,,34.329,24.794,81.1225,7.288499999999999,88.411,0.0,7.288499999999999,88.471,88.471,0.0,66.0,0.015151515151515152,21.0,0.19047619047619047,16.0,1.0,1,0,0,1,1,0,0,4.0,0.0,0.0,18
HAD,Racing Bulls,2.0,0 days 00:01:22.858000,0 days 00:00:24.689000,0 days 00:00:33.432000,0 days 00:00:24.737000,SOFT,5.0,1.0,,,1,9.0,False,2025,Spain,R,82.858,24.689,33.432,24.737,81.1225,1.7355000000000018,88.411,-5.552999999999997,1.7355000000000018,82.97800000000001,88.471,-5.492999999999995,66.0,0.030303030303030304,21.0,0.23809523809523808,25.0,4.0,1,0,0,1,1,0,0,5.0,0.0,0.0,18
HAD,Racing Bulls,3.0,0 days 00:01:21.972000,0 days 00:00:24.087000,0 days 00:00:33.332000,0 days 00:00:24.553000,SOFT,6.0,1.0,,,1,9.0,False,2025,Spain,R,81.972,24.087,33.332,24.553,81.1225,0.8494999999999919,88.411,-6.439000000000007,0.8494999999999919,82.152,88.471,-6.319000000000003,66.0,0.045454545454545456,21.0,0.2857142857142857,36.0,9.0,1,0,0,1,1,0,0,6.0,0.0,0.0,18
HAD,Racing Bulls,4.0,0 days 00:01:21.781000,0 days 00:00:23.960000,0 days 00:00:33.186000,0 days 00:00:24.635000,SOFT,7.0,1.0,,,1,9.0,False,2025,Spain,R,81.781,23.96,33.186,24.635,81.1225,0.6585000000000036,88.411,-6.6299999999999955,0.6585000000000036,82.021,88.471,-6.450000000000003,66.0,0.06060606060606061,21.0,0.3333333333333333,49.0,16.0,1,0,0,1,1,0,0,7.0,0.0,0.0,18
HAD,Racing Bulls,5.0,0 days 00:01:21.647000,0 days 00:00:23.976000,0 days 00:00:32.936000,0 days 00:00:24.735000,SOFT,8.0,1.0,,,1,9.0,False,2025,Spain,R,81.647,23.976,32.936,24.735,81.1225,0.5245000000000033,88.411,-6.763999999999996,0.5245000000000033,81.947,88.471,-6.524000000000001,66.0,0.07575757575757576,21.0,0.38095238095238093,64.0,25.0,1,0,0,1,1,0,0,8.0,0.0,0.0,18
HAD,Racing Bulls,6.0,0 days 00:01:21.820000,0 days 00:00:24.103000,0 days 00:00:32.949000,0 days 00:00:24.768000,SOFT,9.0,1.0,,,1,9.0,False,2025,Spain,R,81.82,24.103,32.949,24.768,81.1225,0.6974999999999909,88.411,-6.591000000000008,0.6974999999999909,82.17999999999999,88.471,-6.291000000000011,66.0,0.09090909090909091,21.0,0.42857142857142855,81.0,36.0,1,0,0,1,1,0,0,9.0,0.0,0.0,18
HAD,Racing Bulls,7.0,0 days 00:01:22.164000,0 days 00:00:23.933000,0 days 00:00:33.425000,0 days 00:00:24.806000,SOFT,10.0,1.0,,,1,9.0,False,2025,Spain,R,82.164,23.933,33.425,24.806,81.1225,1.0414999999999992,88.411,-6.247,1.0414999999999992,82.584,88.471,-5.8870000000000005,66.0,0.10606060606060606,21.0,0.47619047619047616,100.0,49.0,1,0,0,1,1,0,0,10.0,0.0,0.0,18
HAD,Racing Bulls,8.0,0 days 00:01:22.317000,0 days 00:00:24.239000,0 days 00:00:33.231000,0 days 00:00:24.847000,SOFT,11.0,1.0,,,1,9.0,False,2025,Spain,R,82.317,24.239,33.231,24.847,81.1225,1.1944999999999908,88.411,-6.094000000000008,1.1944999999999908,82.797,88.471,-5.674000000000007,66.0,0.12121212121212122,21.0,0.5238095238095238,121.0,64.0,1,0,0,1,1,0,0,11.0,0.0,0.0,18
HAD,Racing Bulls,9.0,0 days 00:01:22.106000,0 days 00:00:24.035000,0 days 00:00:33.287000,0 days 00:00:24.784000,SOFT,12.0,1.0,,,1,9.0,False,2025,Spain,R,82.106,24.035,33.287,24.784,81.1225,0.9834999999999923,88.411,-6.305000000000007,0.9834999999999923,82.646,88.471,-5.825000000000003,66.0,0.13636363636363635,21.0,0.5714285714285714,144.0,81.0,1,0,0,1,1,0,0,12.0,0.0,0.0,18
HAD,Racing Bulls,10.0,0 days 00:01:22.171000,0 days 00:00:24.285000,0 days 00:00:33.118000,0 days 00:00:24.768000,SOFT,13.0,1.0,,,1,8.0,False,2025,Spain,R,82.171,24.285,33.118,24.768,81.1225,1.0485000000000042,88.411,-6.239999999999995,1.0485000000000042,82.771,88.471,-5.700000000000003,66.0,0.15151515151515152,21.0,0.6190476190476191,169.0,100.0,1,0,0,1,1,0,0,13.0,0.0,0.0,18
HAD,Racing Bulls,11.0,0 days 00:01:21.893000,0 days 00:00:24.085000,0 days 00:00:32.979000,0 days 00:00:24.829000,SOFT,14.0,1.0,,,1,8.0,False,2025,Spain,R,81.893,24.085,32.979,24.829,81.1225,0.7704999999999984,88.411,-6.518000000000001,0.7704999999999984,82.553,88.471,-5.918000000000006,66.0,0.16666666666666666,21.0,0.6666666666666666,196.0,121.0,1,0,0,1,1,0,0,14.0,0.0,0.0,18
HAD,Racing Bulls,12.0,0 days 00:01:21.966000,0 days 00:00:24.170000,0 days 00:00:33.054000,0 days 00:00:24.742000,SOFT,15.0,1.0,,,1,8.0,False,2025,Spain,R,81.966,24.17,33.054,24.742,81.1225,0.8434999999999917,88.411,-6.445000000000007,0.8434999999999917,82.68599999999999,88.471,-5.785000000000011,66.0,0.18181818181818182,21.0,0.7142857142857143,225.0,144.0,1,0,0,1,1,0,0,15.0,0.0,0.0,18
HAD,Racing Bulls,13.0,0 days 00:01:22.176000,0 days 00:00:24.206000,0 days 00:00:33.155000,0 days 00:00:24.815000,SOFT,16.0,1.0,,,1,8.0,False,2025,Spain,R,82.176,24.206,33.155,24.815,81.1225,1.0534999999999997,88.411,-6.234999999999999,1.0534999999999997,82.956,88.471,-5.515000000000001,66.0,0.19696969696969696,21.0,0.7619047619047619,256.0,169.0,1,0,0,1,1,0,0,16.0,0.0,0.0,18
HAD,Racing Bulls,14.0,0 days 00:01:22.235000,0 days 00:00:24.252000,0 days 00:00:33.119000,0 days 00:00:24.864000,SOFT,17.0,1.0,,,1,7.0,False,2025,Spain,R,82.235,24.252,33.119,24.864,81.1225,1.1124999999999972,88.411,-6.176000000000002,1.1124999999999972,83.075,88.471,-5.396000000000001,66.0,0.21212121212121213,21.0,0.8095238095238095,289.0,196.0,1,0,0,1,1,0,0,17.0,0.0,0.0,18
HAD,Racing Bulls,15.0,0 days 00:01:22.539000,0 days 00:00:24.209000,0 days 00:00:33.144000,0 days 00:00:25.186000,SOFT,18.0,1.0,,,1,8.0,False,2025,Spain,R,82.539,24.209,33.144,25.186,81.1225,1.4164999999999992,88.411,-5.872,1.4164999999999992,83.43900000000001,88.471,-5.0319999999999965,66.0,0.22727272727272727,21.0,0.8571428571428571,324.0,225.0,1,0,0,1,1,0,0,18.0,0.0,0.0,18
HAD,Racing Bulls,16.0,0 days 00:01:22.316000,0 days 00:00:24.222000,0 days 00:00:33.126000,0 days 00:00:24.968000,SOFT,19.0,1.0,,,1,8.0,False,2025,Spain,R,82.316,24.222,33.126,24.968,81.1225,1.1935000000000002,88.411,-6.094999999999999,1.1935000000000002,83.276,88.471,-5.195000000000007,66.0,0.24242424242424243,21.0,0.9047619047619048,361.0,256.0,1,0,0,1,1,0,0,19.0,0.0,0.0,18
HAD,Racing Bulls,17.0,0 days 00:01:22.553000,0 days 00:00:24.239000,0 days 00:00:33.238000,0 days 00:00:25.076000,SOFT,20.0,1.0,,,1,7.0,False,2025,Spain,R,82.553,24.239,33.238,25.076,81.1225,1.430499999999995,88.411,-5.858000000000004,1.430499999999995,83.573,88.471,-4.89800000000001,66.0,0.25757575757575757,21.0,0.9523809523809523,400.0,289.0,1,0,0,1,1,0,0,20.0,0.0,0.0,18
HAD,Racing Bulls,18.0,0 days 00:01:22.581000,0 days 00:00:24.284000,0 days 00:00:33.313000,0 days 00:00:24.984000,SOFT,21.0,1.0,,,1,6.0,False,2025,Spain,R,82.581,24.284,33.313,24.984,81.1225,1.4585000000000008,88.411,-5.829999999999998,1.4585000000000008,83.661,88.471,-4.810000000000002,66.0,0.2727272727272727,21.0,1.0,441.0,324.0,1,0,0,1,1,0,0,21.0,0.0,0.0,18
HAD,Racing Bulls,21.0,0 days 00:01:20.720000,0 days 00:00:23.674000,0 days 00:00:32.487000,0 days 00:00:24.559000,MEDIUM,2.0,2.0,,,1,10.0,False,2025,Spain,R,80.72,23.674,32.487,24.559,81.1225,0.4025000000000034,80.72,0.0,-0.4025000000000034,81.98,81.98,0.0,66.0,0.3181818181818182,28.0,0.07142857142857142,4.0,441.0,0,1,0,1,0,1,0,0.0,2.0,0.0,27
HAD,Racing Bulls,22.0,0 days 00:01:21.418000,0 days 00:00:24.145000,0 days 00:00:32.879000,0 days 00:00:24.394000,MEDIUM,3.0,2.0,,,1,10.0,False,2025,Spain,R,81.418,24.145,32.879,24.394,81.1225,0.2955000000000041,80.72,0.6980000000000075,0.2955000000000041,82.738,81.98,0.7579999999999956,66.0,0.3333333333333333,28.0,0.10714285714285714,9.0,484.0,0,1,0,0,0,1,0,0.0,3.0,0.0,27
HAD,Racing Bulls,23.0,0 days 00:01:21.467000,0 days 00:00:23.853000,0 days 00:00:33.090000,0 days 00:00:24.524000,MEDIUM,4.0,2.0,,,1,10.0,False,2025,Spain,R,81.467,23.853,33.09,24.524,81.1225,0.3444999999999965,80.72,0.7469999999999999,0.3444999999999965,82.847,81.98,0.8669999999999902,66.0,0.3484848484848485,28.0,0.14285714285714285,16.0,529.0,0,1,0,0,0,1,0,0.0,4.0,0.0,27
HAD,Racing Bulls,24.0,0 days 00:01:21.367000,0 days 00:00:23.932000,0 days 00:00:33.068000,0 days 00:00:24.367000,MEDIUM,5.0,2.0,,,1,9.0,False,2025,Spain,R,81.367,23.932,33.068,24.367,81.1225,0.24450000000000216,80.72,0.6470000000000056,0.24450000000000216,82.807,81.98,0.8269999999999982,66.0,0.36363636363636365,28.0,0.17857142857142858,25.0,576.0,0,1,0,0,0,1,0,0.0,5.0,0.0,27
HAD,Racing Bulls,25.0,0 days 00:01:21.183000,0 days 00:00:23.692000,0 days 00:00:32.858000,0 days 00:00:24.633000,MEDIUM,6.0,2.0,,,1,8.0,False,2025,Spain,R,81.183,23.692,32.858,24.633,81.1225,0.06050000000000466,80.72,0.46300000000000807,0.06050000000000466,82.683,81.98,0.703000000000003,66.0,0.3787878787878788,28.0,0.21428571428571427,36.0,625.0,0,1,0,0,0,1,0,0.0,6.0,0.0,27
HAD,Racing Bulls,26.0,0 days 00:01:21.315000,0 days 00:00:24.110000,0 days 00:00:32.741000,0 days 00:00:24.464000,MEDIUM,7.0,2.0,,,1,8.0,False,2025,Spain,R,81.315,24.11,32.741,24.464,81.1225,0.19249999999999545,80.72,0.5949999999999989,0.19249999999999545,82.875,81.98,0.894999999999996,66.0,0.3939393939393939,28.0,0.25,49.0,676.0,0,1,0,0,0,1,0,0.0,7.0,0.0,27
HAD,Racing Bulls,27.0,0 days 00:01:20.979000,0 days 00:00:23.998000,0 days 00:00:32.505000,0 days 00:00:24.476000,MEDIUM,8.0,2.0,,,1,8.0,False,2025,Spain,R,80.979,23.998,32.505,24.476,81.1225,0.14350000000000307,80.72,0.25900000000000034,-0.14350000000000307,82.599,81.98,0.6189999999999998,66.0,0.4090909090909091,28.0,0.2857142857142857,64.0,729.0,0,1,0,0,0,1,0,0.0,8.0,0.0,27
HAD,Racing Bulls,28.0,0 days 00:01:21.005000,0 days 00:00:24.022000,0 days 00:00:32.490000,0 days 00:00:24.493000,MEDIUM,9.0,2.0,,,1,8.0,False,2025,Spain,R,81.005,24.022,32.49,24.493,81.1225,0.11750000000000682,80.72,0.2849999999999966,-0.11750000000000682,82.685,81.98,0.7049999999999983,66.0,0.42424242424242425,28.0,0.32142857142857145,81.0,784.0,0,1,0,0,0,1,0,0.0,9.0,0.0,27
HAD,Racing Bulls,29.0,0 days 00:01:20.651000,0 days 00:00:23.947000,0 days 00:00:32.354000,0 days 00:00:24.350000,MEDIUM,10.0,2.0,,,1,8.0,False,2025,Spain,R,80.651,23.947,32.354,24.35,81.1225,0.471500000000006,80.72,-0.06900000000000261,-0.471500000000006,82.39099999999999,81.98,0.41099999999998715,66.0,0.4393939393939394,28.0,0.35714285714285715,100.0,841.0,0,1,0,0,0,1,0,0.0,10.0,0.0,27
HAD,Racing Bulls,30.0,0 days 00:01:20.858000,0 days 00:00:24.040000,0 days 00:00:32.449000,0 days 00:00:24.369000,MEDIUM,11.0,2.0,,,1,8.0,False,2025,Spain,R,80.858,24.04,32.449,24.369,81.1225,0.2644999999999982,80.72,0.13800000000000523,-0.2644999999999982,82.658,81.98,0.6779999999999973,66.0,0.45454545454545453,28.0,0.39285714285714285,121.0,900.0,0,1,0,0,0,1,0,0.0,11.0,0.0,27
HAD,Racing Bulls,31.0,0 days 00:01:20.909000,0 days 00:00:23.945000,0 days 00:00:32.533000,0 days 00:00:24.431000,MEDIUM,12.0,2.0,,,1,8.0,False,2025,Spain,R,80.909,23.945,32.533,24.431,81.1225,0.21349999999999625,80.72,0.18900000000000716,-0.21349999999999625,82.769,81.98,0.7890000000000015,66.0,0.4696969696969697,28.0,0.42857142857142855,144.0,961.0,0,1,0,0,0,1,0,0.0,12.0,0.0,27
HAD,Racing Bulls,32.0,0 days 00:01:20.781000,0 days 00:00:23.973000,0 days 00:00:32.379000,0 days 00:00:24.429000,MEDIUM,13.0,2.0,,,1,8.0,False,2025,Spain,R,80.781,23.973,32.379,24.429,81.1225,0.34149999999999636,80.72,0.06100000000000705,-0.34149999999999636,82.70100000000001,81.98,0.7210000000000036,66.0,0.48484848484848486,28.0,0.4642857142857143,169.0,1024.0,0,1,0,0,0,1,0,0.0,13.0,0.0,27
HAD,Racing Bulls,33.0,0 days 00:01:20.907000,0 days 00:00:23.933000,0 days 00:00:32.434000,0 days 00:00:24.540000,MEDIUM,14.0,2.0,,,1,8.0,False,2025,Spain,R,80.907,23.933,32.434,24.54,81.1225,0.2155000000000058,80.72,0.1869999999999976,-0.2155000000000058,82.887,81.98,0.9069999999999965,66.0,0.5,28.0,0.5,196.0,1089.0,0,1,0,0,0,1,0,0.0,14.0,0.0,27
HAD,Racing Bulls,34.0,0 days 00:01:20.954000,0 days 00:00:24.029000,0 days 00:00:32.596000,0 days 00:00:24.329000,MEDIUM,15.0,2.0,,,1,8.0,False,2025,Spain,R,80.954,24.029,32.596,24.329,81.1225,0.16850000000000875,80.72,0.23399999999999466,-0.16850000000000875,82.994,81.98,1.0139999999999958,66.0,0.5151515151515151,28.0,0.5357142857142857,225.0,1156.0,0,1,0,0,0,1,0,0.0,15.0,0.0,27
HAD,Racing Bulls,35.0,0 days 00:01:21.023000,0 days 00:00:24.015000,0 days 00:00:32.572000,0 days 00:00:24.436000,MEDIUM,16.0,2.0,,,1,8.0,False,2025,Spain,R,81.023,24.015,32.572,24.436,81.1225,0.09950000000000614,80.72,0.30299999999999727,-0.09950000000000614,83.12299999999999,81.98,1.1429999999999865,66.0,0.5303030303030303,28.0,0.5714285714285714,256.0,1225.0,0,1,0,0,0,1,0,0.0,16.0,0.0,27
HAD,Racing Bulls,36.0,0 days 00:01:21.135000,0 days 00:00:23.896000,0 days 00:00:32.759000,0 days 00:00:24.480000,MEDIUM,17.0,2.0,,,1,8.0,False,2025,Spain,R,81.135,23.896,32.759,24.48,81.1225,0.012500000000002842,80.72,0.41500000000000625,0.012500000000002842,83.295,81.98,1.3149999999999977,66.0,0.5454545454545454,28.0,0.6071428571428571,289.0,1296.0,0,1,0,0,0,1,0,0.0,17.0,0.0,27
HAD,Racing Bulls,37.0,0 days 00:01:21.070000,0 days 00:00:23.956000,0 days 00:00:32.629000,0 days 00:00:24.485000,MEDIUM,18.0,2.0,,,1,8.0,False,2025,Spain,R,81.07,23.956,32.629,24.485,81.1225,0.052500000000009095,80.72,0.3499999999999943,-0.052500000000009095,83.28999999999999,81.98,1.309999999999988,66.0,0.5606060606060606,28.0,0.6428571428571429,324.0,1369.0,0,1,0,0,0,1,0,0.0,18.0,0.0,27
HAD,Racing Bulls,38.0,0 days 00:01:20.912000,0 days 00:00:23.983000,0 days 00:00:32.448000,0 days 00:00:24.481000,MEDIUM,19.0,2.0,,,1,8.0,False,2025,Spain,R,80.912,23.983,32.448,24.481,81.1225,0.21049999999999613,80.72,0.19200000000000728,-0.21049999999999613,83.19200000000001,81.98,1.2120000000000033,66.0,0.5757575757575758,28.0,0.6785714285714286,361.0,1444.0,0,1,0,0,0,1,0,0.0,19.0,0.0,27
HAD,Racing Bulls,39.0,0 days 00:01:20.738000,0 days 00:00:23.935000,0 days 00:00:32.404000,0 days 00:00:24.399000,MEDIUM,20.0,2.0,,,1,8.0,False,2025,Spain,R,80.738,23.935,32.404,24.399,81.1225,0.38450000000000273,80.72,0.018000000000000682,-0.38450000000000273,83.078,81.98,1.097999999999999,66.0,0.5909090909090909,28.0,0.7142857142857143,400.0,1521.0,0,1,0,0,0,1,0,0.0,20.0,0.0,27
HAD,Racing Bulls,40.0,0 days 00:01:20.977000,0 days 00:00:23.895000,0 days 00:00:32.432000,0 days 00:00:24.650000,MEDIUM,21.0,2.0,,,1,8.0,False,2025,Spain,R,80.977,23.895,32.432,24.65,81.1225,0.1454999999999984,80.72,0.257000000000005,-0.1454999999999984,83.37700000000001,81.98,1.3970000000000056,66.0,0.6060606060606061,28.0,0.75,441.0,1600.0,0,1,0,0,0,1,0,0.0,21.0,0.0,27
HAD,Racing Bulls,41.0,0 days 00:01:20.989000,0 days 00:00:23.976000,0 days 00:00:32.526000,0 days 00:00:24.487000,MEDIUM,22.0,2.0,,,1,8.0,False,2025,Spain,R,80.989,23.976,32.526,24.487,81.1225,0.13349999999999795,80.72,0.26900000000000546,-0.13349999999999795,83.449,81.98,1.468999999999994,66.0,0.6212121212121212,28.0,0.7857142857142857,484.0,1681.0,0,1,0,0,0,1,0,0.0,22.0,0.0,27
HAD,Racing Bulls,42.0,0 days 00:01:21.110000,0 days 00:00:23.989000,0 days 00:00:32.759000,0 days 00:00:24.362000,MEDIUM,23.0,2.0,,,1,8.0,False,2025,Spain,R,81.11,23.989,32.759,24.362,81.1225,0.012500000000002842,80.72,0.39000000000000057,-0.012500000000002842,83.63,81.98,1.6499999999999915,66.0,0.6363636363636364,28.0,0.8214285714285714,529.0,1764.0,0,1,0,0,0,1,0,0.0,23.0,0.0,27
HAD,Racing Bulls,43.0,0 days 00:01:21.033000,0 days 00:00:23.982000,0 days 00:00:32.524000,0 days 00:00:24.527000,MEDIUM,24.0,2.0,,,1,8.0,False,2025,Spain,R,81.033,23.982,32.524,24.527,81.1225,0.08950000000000102,80.72,0.3130000000000024,-0.08950000000000102,83.613,81.98,1.6329999999999956,66.0,0.6515151515151515,28.0,0.8571428571428571,576.0,1849.0,0,1,0,0,0,1,0,0.0,24.0,0.0,27
HAD,Racing Bulls,44.0,0 days 00:01:20.842000,0 days 00:00:24.014000,0 days 00:00:32.403000,0 days 00:00:24.425000,MEDIUM,25.0,2.0,,,1,8.0,False,2025,Spain,R,80.842,24.014,32.403,24.425,81.1225,0.2805000000000035,80.72,0.12199999999999989,-0.2805000000000035,83.482,81.98,1.5019999999999953,66.0,0.6666666666666666,28.0,0.8928571428571429,625.0,1936.0,0,1,1,0,0,1,0,0.0,25.0,0.0,27
HAD,Racing Bulls,45.0,0 days 00:01:20.882000,0 days 00:00:23.844000,0 days 00:00:32.541000,0 days 00:00:24.497000,MEDIUM,26.0,2.0,,,1,8.0,False,2025,Spain,R,80.882,23.844,32.541,24.497,81.1225,0.24049999999999727,80.72,0.16200000000000614,-0.24049999999999727,83.58200000000001,81.98,1.6020000000000039,66.0,0.6818181818181818,28.0,0.9285714285714286,676.0,2025.0,0,1,1,0,0,1,0,0.0,26.0,0.0,27
HAD,Racing Bulls,46.0,0 days 00:01:20.875000,0 days 00:00:23.911000,0 days 00:00:32.448000,0 days 00:00:24.516000,MEDIUM,27.0,2.0,,,1,8.0,False,2025,Spain,R,80.875,23.911,32.448,24.516,81.1225,0.24750000000000227,80.72,0.15500000000000114,-0.24750000000000227,83.635,81.98,1.6550000000000011,66.0,0.696969696969697,28.0,0.9642857142857143,729.0,2116.0,0,1,1,0,0,1,0,0.0,27.0,0.0,27
HAD,Racing Bulls,47.0,0 days 00:01:21.963000,0 days 00:00:24.660000,0 days 00:00:32.900000,0 days 00:00:24.403000,MEDIUM,28.0,2.0,,,1,8.0,False,2025,Spain,R,81.963,24.66,32.9,24.403,81.1225,0.8404999999999916,80.72,1.242999999999995,0.8404999999999916,84.78299999999999,81.98,2.802999999999983,66.0,0.7121212121212122,28.0,1.0,784.0,2209.0,0,1,1,0,0,1,0,0.0,28.0,0.0,27
HAD,Racing Bulls,50.0,0 days 00:01:20.047000,0 days 00:00:23.754000,0 days 00:00:32.126000,0 days 00:00:24.167000,SOFT,5.0,3.0,,,1,8.0,False,2025,Spain,R,80.047,23.754,32.126,24.167,81.1225,1.0755000000000052,80.047,0.0,-1.0755000000000052,83.047,83.047,0.0,66.0,0.7575757575757576,9.0,0.5555555555555556,25.0,2500.0,0,0,1,0,1,0,0,5.0,0.0,0.0,5
HAD,Racing Bulls,51.0,0 days 00:01:19.611000,0 days 00:00:23.721000,0 days 00:00:31.815000,0 days 00:00:24.075000,SOFT,6.0,3.0,,,1,8.0,False,2025,Spain,R,79.611,23.721,31.815,24.075,81.1225,1.511499999999998,80.047,-0.43599999999999284,-1.511499999999998,82.671,83.047,-0.37599999999999056,66.0,0.7727272727272727,9.0,0.6666666666666666,36.0,2601.0,0,0,1,0,1,0,0,6.0,0.0,0.0,5
HAD,Racing Bulls,52.0,0 days 00:01:19.702000,0 days 00:00:23.722000,0 days 00:00:31.981000,0 days 00:00:23.999000,SOFT,7.0,3.0,,,1,8.0,False,2025,Spain,R,79.702,23.722,31.981,23.999,81.1225,1.420500000000004,80.047,-0.34499999999999886,-1.420500000000004,82.822,83.047,-0.22499999999999432,66.0,0.7878787878787878,9.0,0.7777777777777778,49.0,2704.0,0,0,1,0,1,0,0,7.0,0.0,0.0,5
HAD,Racing Bulls,53.0,0 days 00:01:19.595000,0 days 00:00:23.753000,0 days 00:00:31.816000,0 days 00:00:24.026000,SOFT,8.0,3.0,,,1,8.0,False,2025,Spain,R,79.595,23.753,31.816,24.026,81.1225,1.5275000000000034,80.047,-0.4519999999999982,-1.5275000000000034,82.775,83.047,-0.27199999999999136,66.0,0.803030303030303,9.0,0.8888888888888888,64.0,2809.0,0,0,1,0,1,0,0,8.0,0.0,0.0,5
HAD,Racing Bulls,54.0,0 days 00:01:27.674000,0 days 00:00:23.776000,0 days 00:00:31.981000,0 days 00:00:31.917000,SOFT,9.0,3.0,,,124,7.0,False,2025,Spain,R,87.674,23.776,31.981,31.917,81.1225,6.551500000000004,80.047,7.6270000000000095,6.551500000000004,90.914,83.047,7.867000000000004,66.0,0.8181818181818182,9.0,1.0,81.0,2916.0,0,0,1,0,1,0,0,9.0,0.0,0.0,5
HAD,Racing Bulls,61.0,0 days 00:01:20.227000,0 days 00:00:24.265000,0 days 00:00:32.411000,0 days 00:00:23.551000,SOFT,9.0,4.0,,,1,8.0,False,2025,Spain,R,80.227,24.265,32.411,23.551,81.1225,0.8954999999999984,80.227,0.0,-0.8954999999999984,83.887,83.887,0.0,66.0,0.9242424242424242,14.0,0.6428571428571429,81.0,3721.0,0,0,1,0,1,0,0,9.0,0.0,0.0,6
HAD,Racing Bulls,62.0,0 days 00:01:18.376000,0 days 00:00:23.408000,0 days 00:00:31.535000,0 days 00:00:23.433000,SOFT,10.0,4.0,,,1,8.0,False,2025,Spain,R,78.376,23.408,31.535,23.433,81.1225,2.7464999999999975,80.227,-1.850999999999999,-2.7464999999999975,82.096,83.887,-1.7909999999999968,66.0,0.9393939393939394,14.0,0.7142857142857143,100.0,3844.0,0,0,1,0,1,0,0,10.0,0.0,0.0,6
HAD,Racing Bulls,63.0,0 days 00:01:17.770000,0 days 00:00:22.862000,0 days 00:00:31.417000,0 days 00:00:23.491000,SOFT,11.0,4.0,,,1,8.0,False,2025,Spain,R,77.77,22.862,31.417,23.491,81.1225,3.3525000000000063,80.227,-2.457000000000008,-3.3525000000000063,81.55,83.887,-2.3370000000000033,66.0,0.9545454545454546,14.0,0.7857142857142857,121.0,3969.0,0,0,1,0,1,0,0,11.0,0.0,0.0,6
HAD,Racing Bulls,64.0,0 days 00:01:18.511000,0 days 00:00:22.996000,0 days 00:00:31.664000,0 days 00:00:23.851000,SOFT,12.0,4.0,,,1,8.0,False,2025,Spain,R,78.511,22.996,31.664,23.851,81.1225,2.6115000000000066,80.227,-1.7160000000000082,-2.6115000000000066,82.351,83.887,-1.5360000000000014,66.0,0.9696969696969697,14.0,0.8571428571428571,144.0,4096.0,0,0,1,0,1,0,0,12.0,0.0,0.0,6
HAD,Racing Bulls,65.0,0 days 00:01:18.801000,0 days 00:00:23.064000,0 days 00:00:31.959000,0 days 00:00:23.778000,SOFT,13.0,4.0,,,1,8.0,False,2025,Spain,R,78.801,23.064,31.959,23.778,81.1225,2.3215000000000003,80.227,-1.426000000000002,-2.3215000000000003,82.70100000000001,83.887,-1.1859999999999928,66.0,0.9848484848484849,14.0,0.9285714285714286,169.0,4225.0,0,0,1,0,1,0,0,13.0,0.0,0.0,6
HAD,Racing Bulls,66.0,0 days 00:01:18.961000,0 days 00:00:23.006000,0 days 00:00:32.064000,0 days 00:00:23.891000,SOFT,14.0,4.0,,,1,8.0,False,2025,Spain,R,78.961,23.006,32.064,23.891,81.1225,2.1615000000000038,80.227,-1.2660000000000053,-2.1615000000000038,82.92099999999999,83.887,-0.9660000000000082,66.0,1.0,14.0,1.0,196.0,4356.0,0,0,1,0,1,0,0,14.0,0.0,0.0,6
HAM,Ferrari,1.0,0 days 00:01:25.349000,,0 days 00:00:32.960000,0 days 00:00:24.259000,SOFT,4.0,1.0,,,1,4.0,False,2025,Spain,R,85.349,,32.96,24.259,80.64349999999999,4.705500000000015,85.349,0.0,4.705500000000015,85.409,85.409,0.0,66.0,0.015151515151515152,18.0,0.2222222222222222,16.0,1.0,1,0,0,1,1,0,0,4.0,0.0,0.0,15
HAM,Ferrari,2.0,0 days 00:01:21.368000,0 days 00:00:24.232000,0 days 00:00:32.983000,0 days 00:00:24.153000,SOFT,5.0,1.0,,,1,4.0,False,2025,Spain,R,81.368,24.232,32.983,24.153,80.64349999999999,0.7245000000000061,85.349,-3.9810000000000088,0.7245000000000061,81.488,85.409,-3.9210000000000065,66.0,0.030303030303030304,18.0,0.2777777777777778,25.0,4.0,1,0,0,1,1,0,0,5.0,0.0,0.0,15
HAM,Ferrari,3.0,0 days 00:01:20.753000,0 days 00:00:23.843000,0 days 00:00:32.754000,0 days 00:00:24.156000,SOFT,6.0,1.0,,,1,4.0,False,2025,Spain,R,80.753,23.843,32.754,24.156,80.64349999999999,0.10950000000001125,85.349,-4.596000000000004,0.10950000000001125,80.933,85.409,-4.475999999999999,66.0,0.045454545454545456,18.0,0.3333333333333333,36.0,9.0,1,0,0,1,1,0,0,6.0,0.0,0.0,15
HAM,Ferrari,4.0,0 days 00:01:20.639000,0 days 00:00:23.899000,0 days 00:00:32.494000,0 days 00:00:24.246000,SOFT,7.0,1.0,,,1,4.0,False,2025,Spain,R,80.639,23.899,32.494,24.246,80.64349999999999,0.004499999999993065,85.349,-4.710000000000008,-0.004499999999993065,80.87899999999999,85.409,-4.530000000000015,66.0,0.06060606060606061,18.0,0.3888888888888889,49.0,16.0,1,0,0,1,1,0,0,7.0,0.0,0.0,15
HAM,Ferrari,5.0,0 days 00:01:21.109000,0 days 00:00:23.967000,0 days 00:00:32.681000,0 days 00:00:24.461000,SOFT,8.0,1.0,,,1,4.0,False,2025,Spain,R,81.109,23.967,32.681,24.461,80.64349999999999,0.4655000000000058,85.349,-4.240000000000009,0.4655000000000058,81.40899999999999,85.409,-4.000000000000014,66.0,0.07575757575757576,18.0,0.4444444444444444,64.0,25.0,1,0,0,1,1,0,0,8.0,0.0,0.0,15
HAM,Ferrari,6.0,0 days 00:01:21.565000,0 days 00:00:24.134000,0 days 00:00:32.822000,0 days 00:00:24.609000,SOFT,9.0,1.0,,,1,4.0,False,2025,Spain,R,81.565,24.134,32.822,24.609,80.64349999999999,0.9215000000000089,85.349,-3.784000000000006,0.9215000000000089,81.925,85.409,-3.484000000000009,66.0,0.09090909090909091,18.0,0.5,81.0,36.0,1,0,0,1,1,0,0,9.0,0.0,0.0,15
HAM,Ferrari,7.0,0 days 00:01:21.623000,0 days 00:00:24.204000,0 days 00:00:32.867000,0 days 00:00:24.552000,SOFT,10.0,1.0,,,1,4.0,False,2025,Spain,R,81.623,24.204,32.867,24.552,80.64349999999999,0.9795000000000158,85.349,-3.725999999999999,0.9795000000000158,82.043,85.409,-3.3659999999999997,66.0,0.10606060606060606,18.0,0.5555555555555556,100.0,49.0,1,0,0,1,1,0,0,10.0,0.0,0.0,15
HAM,Ferrari,8.0,0 days 00:01:21.929000,0 days 00:00:24.362000,0 days 00:00:32.995000,0 days 00:00:24.572000,SOFT,11.0,1.0,,,1,4.0,False,2025,Spain,R,81.929,24.362,32.995,24.572,80.64349999999999,1.2855000000000132,85.349,-3.4200000000000017,1.2855000000000132,82.409,85.409,-3.0,66.0,0.12121212121212122,18.0,0.6111111111111112,121.0,64.0,1,0,0,1,1,0,0,11.0,0.0,0.0,15
HAM,Ferrari,9.0,0 days 00:01:21.974000,0 days 00:00:24.355000,0 days 00:00:32.919000,0 days 00:00:24.700000,SOFT,12.0,1.0,,,1,4.0,False,2025,Spain,R,81.974,24.355,32.919,24.7,80.64349999999999,1.330500000000015,85.349,-3.375,1.330500000000015,82.51400000000001,85.409,-2.894999999999996,66.0,0.13636363636363635,18.0,0.6666666666666666,144.0,81.0,1,0,0,1,1,0,0,12.0,0.0,0.0,15
HAM,Ferrari,10.0,0 days 00:01:23.068000,0 days 00:00:25.234000,0 days 00:00:33.148000,0 days 00:00:24.686000,SOFT,13.0,1.0,,,1,5.0,False,2025,Spain,R,83.068,25.234,33.148,24.686,80.64349999999999,2.424500000000009,85.349,-2.281000000000006,2.424500000000009,83.66799999999999,85.409,-1.7410000000000139,66.0,0.15151515151515152,18.0,0.7222222222222222,169.0,100.0,1,0,0,1,1,0,0,13.0,0.0,0.0,15
HAM,Ferrari,11.0,0 days 00:01:21.552000,0 days 00:00:24.116000,0 days 00:00:32.833000,0 days 00:00:24.603000,SOFT,14.0,1.0,,,1,5.0,False,2025,Spain,R,81.552,24.116,32.833,24.603,80.64349999999999,0.9085000000000178,85.349,-3.796999999999997,0.9085000000000178,82.212,85.409,-3.1970000000000027,66.0,0.16666666666666666,18.0,0.7777777777777778,196.0,121.0,1,0,0,1,1,0,0,14.0,0.0,0.0,15
HAM,Ferrari,12.0,0 days 00:01:21.615000,0 days 00:00:24.021000,0 days 00:00:32.938000,0 days 00:00:24.656000,SOFT,15.0,1.0,,,1,5.0,False,2025,Spain,R,81.615,24.021,32.938,24.656,80.64349999999999,0.971500000000006,85.349,-3.734000000000009,0.971500000000006,82.335,85.409,-3.0740000000000123,66.0,0.18181818181818182,18.0,0.8333333333333334,225.0,144.0,1,0,0,1,1,0,0,15.0,0.0,0.0,15
HAM,Ferrari,13.0,0 days 00:01:21.828000,0 days 00:00:24.111000,0 days 00:00:32.985000,0 days 00:00:24.732000,SOFT,16.0,1.0,,,1,5.0,False,2025,Spain,R,81.828,24.111,32.985,24.732,80.64349999999999,1.184500000000014,85.349,-3.521000000000001,1.184500000000014,82.608,85.409,-2.801000000000002,66.0,0.19696969696969696,18.0,0.8888888888888888,256.0,169.0,1,0,0,1,1,0,0,16.0,0.0,0.0,15
HAM,Ferrari,14.0,0 days 00:01:22.320000,0 days 00:00:24.221000,0 days 00:00:33.289000,0 days 00:00:24.810000,SOFT,17.0,1.0,,,1,4.0,False,2025,Spain,R,82.32,24.221,33.289,24.81,80.64349999999999,1.6765000000000043,85.349,-3.0290000000000106,1.6765000000000043,83.16,85.409,-2.2490000000000094,66.0,0.21212121212121213,18.0,0.9444444444444444,289.0,196.0,1,0,0,1,1,0,0,17.0,0.0,0.0,15
HAM,Ferrari,15.0,0 days 00:01:21.869000,0 days 00:00:24.224000,0 days 00:00:32.888000,0 days 00:00:24.757000,SOFT,18.0,1.0,,,1,4.0,False,2025,Spain,R,81.869,24.224,32.888,24.757,80.64349999999999,1.225500000000011,85.349,-3.480000000000004,1.225500000000011,82.769,85.409,-2.6400000000000006,66.0,0.22727272727272727,18.0,1.0,324.0,225.0,1,0,0,1,1,0,0,18.0,0.0,0.0,15
HAM,Ferrari,18.0,0 days 00:01:20.948000,0 days 00:00:24.199000,0 days 00:00:32.429000,0 days 00:00:24.320000,MEDIUM,2.0,2.0,,,1,8.0,False,2025,Spain,R,80.948,24.199,32.429,24.32,80.64349999999999,0.30450000000000443,80.948,0.0,0.30450000000000443,82.02799999999999,82.02799999999999,0.0,66.0,0.2727272727272727,29.0,0.06896551724137931,4.0,324.0,0,1,0,1,0,1,0,0.0,2.0,0.0,28
HAM,Ferrari,19.0,0 days 00:01:21.348000,0 days 00:00:23.960000,0 days 00:00:32.950000,0 days 00:00:24.438000,MEDIUM,3.0,2.0,,,1,8.0,False,2025,Spain,R,81.348,23.96,32.95,24.438,80.64349999999999,0.7045000000000101,80.948,0.4000000000000057,0.7045000000000101,82.488,82.02799999999999,0.46000000000000796,66.0,0.2878787878787879,29.0,0.10344827586206896,9.0,361.0,0,1,0,1,0,1,0,0.0,3.0,0.0,28
HAM,Ferrari,20.0,0 days 00:01:20.755000,0 days 00:00:23.930000,0 days 00:00:32.431000,0 days 00:00:24.394000,MEDIUM,4.0,2.0,,,1,7.0,False,2025,Spain,R,80.755,23.93,32.431,24.394,80.64349999999999,0.1115000000000066,80.948,-0.19299999999999784,0.1115000000000066,81.955,82.02799999999999,-0.07299999999999329,66.0,0.30303030303030304,29.0,0.13793103448275862,16.0,400.0,0,1,0,1,0,1,0,0.0,4.0,0.0,28
HAM,Ferrari,21.0,0 days 00:01:20.545000,0 days 00:00:23.811000,0 days 00:00:32.471000,0 days 00:00:24.263000,MEDIUM,5.0,2.0,,,1,6.0,False,2025,Spain,R,80.545,23.811,32.471,24.263,80.64349999999999,0.09849999999998715,80.948,-0.4029999999999916,-0.09849999999998715,81.805,82.02799999999999,-0.22299999999998477,66.0,0.3181818181818182,29.0,0.1724137931034483,25.0,441.0,0,1,0,1,0,1,0,0.0,5.0,0.0,28
HAM,Ferrari,22.0,0 days 00:01:20.280000,0 days 00:00:23.774000,0 days 00:00:32.334000,0 days 00:00:24.172000,MEDIUM,6.0,2.0,,,1,5.0,False,2025,Spain,R,80.28,23.774,32.334,24.172,80.64349999999999,0.3634999999999877,80.948,-0.6679999999999922,-0.3634999999999877,81.6,82.02799999999999,-0.42799999999999727,66.0,0.3333333333333333,29.0,0.20689655172413793,36.0,484.0,0,1,0,0,0,1,0,0.0,6.0,0.0,28
HAM,Ferrari,23.0,0 days 00:01:20.030000,0 days 00:00:23.775000,0 days 00:00:32.177000,0 days 00:00:24.078000,MEDIUM,7.0,2.0,,,1,5.0,False,2025,Spain,R,80.03,23.775,32.177,24.078,80.64349999999999,0.6134999999999877,80.948,-0.9179999999999922,-0.6134999999999877,81.41,82.02799999999999,-0.617999999999995,66.0,0.3484848484848485,29.0,0.2413793103448276,49.0,529.0,0,1,0,0,0,1,0,0.0,7.0,0.0,28
HAM,Ferrari,24.0,0 days 00:01:20.304000,0 days 00:00:23.715000,0 days 00:00:32.224000,0 days 00:00:24.365000,MEDIUM,8.0,2.0,,,1,5.0,False,2025,Spain,R,80.304,23.715,32.224,24.365,80.64349999999999,0.3394999999999868,80.948,-0.6439999999999912,-0.3394999999999868,81.744,82.02799999999999,-0.2839999999999918,66.0,0.36363636363636365,29.0,0.27586206896551724,64.0,576.0,0,1,0,0,0,1,0,0.0,8.0,0.0,28
HAM,Ferrari,25.0,0 days 00:01:20.509000,0 days 00:00:23.854000,0 days 00:00:32.292000,0 days 00:00:24.363000,MEDIUM,9.0,2.0,,,1,5.0,False,2025,Spain,R,80.509,23.854,32.292,24.363,80.64349999999999,0.13449999999998852,80.948,-0.43899999999999295,-0.13449999999998852,82.009,82.02799999999999,-0.018999999999991246,66.0,0.3787878787878788,29.0,0.3103448275862069,81.0,625.0,0,1,0,0,0,1,0,0.0,9.0,0.0,28
HAM,Ferrari,26.0,0 days 00:01:20.648000,0 days 00:00:23.897000,0 days 00:00:32.517000,0 days 00:00:24.234000,MEDIUM,10.0,2.0,,,1,5.0,False,2025,Spain,R,80.648,23.897,32.517,24.234,80.64349999999999,0.004500000000007276,80.948,-0.29999999999999716,0.004500000000007276,82.208,82.02799999999999,0.18000000000000682,66.0,0.3939393939393939,29.0,0.3448275862068966,100.0,676.0,0,1,0,0,0,1,0,0.0,10.0,0.0,28
HAM,Ferrari,27.0,0 days 00:01:20.426000,0 days 00:00:23.890000,0 days 00:00:32.373000,0 days 00:00:24.163000,MEDIUM,11.0,2.0,,,1,5.0,False,2025,Spain,R,80.426,23.89,32.373,24.163,80.64349999999999,0.21749999999998693,80.948,-0.5219999999999914,-0.21749999999998693,82.046,82.02799999999999,0.018000000000014893,66.0,0.4090909090909091,29.0,0.3793103448275862,121.0,729.0,0,1,0,0,0,1,0,0.0,11.0,0.0,28
HAM,Ferrari,28.0,0 days 00:01:20.480000,0 days 00:00:23.660000,0 days 00:00:32.376000,0 days 00:00:24.444000,MEDIUM,12.0,2.0,,,1,5.0,False,2025,Spain,R,80.48,23.66,32.376,24.444,80.64349999999999,0.16349999999998488,80.948,-0.4679999999999893,-0.16349999999998488,82.16000000000001,82.02799999999999,0.1320000000000192,66.0,0.42424242424242425,29.0,0.41379310344827586,144.0,784.0,0,1,0,0,0,1,0,0.0,12.0,0.0,28
HAM,Ferrari,29.0,0 days 00:01:20.206000,0 days 00:00:23.677000,0 days 00:00:32.268000,0 days 00:00:24.261000,MEDIUM,13.0,2.0,,,1,5.0,False,2025,Spain,R,80.206,23.677,32.268,24.261,80.64349999999999,0.4374999999999858,80.948,-0.7419999999999902,-0.4374999999999858,81.946,82.02799999999999,-0.08199999999999363,66.0,0.4393939393939394,29.0,0.4482758620689655,169.0,841.0,0,1,0,0,0,1,0,0.0,13.0,0.0,28
HAM,Ferrari,30.0,0 days 00:01:21.183000,0 days 00:00:24.168000,0 days 00:00:32.595000,0 days 00:00:24.420000,MEDIUM,14.0,2.0,,,1,5.0,False,2025,Spain,R,81.183,24.168,32.595,24.42,80.64349999999999,0.5395000000000181,80.948,0.23500000000001364,0.5395000000000181,82.983,82.02799999999999,0.9550000000000125,66.0,0.45454545454545453,29.0,0.4827586206896552,196.0,900.0,0,1,0,0,0,1,0,0.0,14.0,0.0,28
HAM,Ferrari,31.0,0 days 00:01:20.343000,0 days 00:00:23.628000,0 days 00:00:32.321000,0 days 00:00:24.394000,MEDIUM,15.0,2.0,,,1,5.0,False,2025,Spain,R,80.343,23.628,32.321,24.394,80.64349999999999,0.30049999999998533,80.948,-0.6049999999999898,-0.30049999999998533,82.203,82.02799999999999,0.17500000000001137,66.0,0.4696969696969697,29.0,0.5172413793103449,225.0,961.0,0,1,0,0,0,1,0,0.0,15.0,0.0,28
HAM,Ferrari,32.0,0 days 00:01:20.317000,0 days 00:00:23.701000,0 days 00:00:32.276000,0 days 00:00:24.340000,MEDIUM,16.0,2.0,,,1,5.0,False,2025,Spain,R,80.317,23.701,32.276,24.34,80.64349999999999,0.3264999999999958,80.948,-0.6310000000000002,-0.3264999999999958,82.237,82.02799999999999,0.20900000000000318,66.0,0.48484848484848486,29.0,0.5517241379310345,256.0,1024.0,0,1,0,0,0,1,0,0.0,16.0,0.0,28
HAM,Ferrari,33.0,0 days 00:01:20.257000,0 days 00:00:23.636000,0 days 00:00:32.261000,0 days 00:00:24.360000,MEDIUM,17.0,2.0,,,1,5.0,False,2025,Spain,R,80.257,23.636,32.261,24.36,80.64349999999999,0.38649999999998386,80.948,-0.6909999999999883,-0.38649999999998386,82.23700000000001,82.02799999999999,0.2090000000000174,66.0,0.5,29.0,0.5862068965517241,289.0,1089.0,0,1,0,0,0,1,0,0.0,17.0,0.0,28
HAM,Ferrari,34.0,0 days 00:01:20.286000,0 days 00:00:23.657000,0 days 00:00:32.225000,0 days 00:00:24.404000,MEDIUM,18.0,2.0,,,1,5.0,False,2025,Spain,R,80.286,23.657,32.225,24.404,80.64349999999999,0.3574999999999875,80.948,-0.6619999999999919,-0.3574999999999875,82.32600000000001,82.02799999999999,0.29800000000001603,66.0,0.5151515151515151,29.0,0.6206896551724138,324.0,1156.0,0,1,0,0,0,1,0,0.0,18.0,0.0,28
HAM,Ferrari,35.0,0 days 00:01:20.283000,0 days 00:00:23.722000,0 days 00:00:32.275000,0 days 00:00:24.286000,MEDIUM,19.0,2.0,,,1,5.0,False,2025,Spain,R,80.283,23.722,32.275,24.286,80.64349999999999,0.3604999999999876,80.948,-0.664999999999992,-0.3604999999999876,82.383,82.02799999999999,0.355000000000004,66.0,0.5303030303030303,29.0,0.6551724137931034,361.0,1225.0,0,1,0,0,0,1,0,0.0,19.0,0.0,28
HAM,Ferrari,36.0,0 days 00:01:20.452000,0 days 00:00:23.742000,0 days 00:00:32.261000,0 days 00:00:24.449000,MEDIUM,20.0,2.0,,,1,5.0,False,2025,Spain,R,80.452,23.742,32.261,24.449,80.64349999999999,0.19149999999999068,80.948,-0.4959999999999951,-0.19149999999999068,82.612,82.02799999999999,0.5840000000000032,66.0,0.5454545454545454,29.0,0.6896551724137931,400.0,1296.0,0,1,0,0,0,1,0,0.0,20.0,0.0,28
HAM,Ferrari,37.0,0 days 00:01:20.784000,0 days 00:00:23.862000,0 days 00:00:32.344000,0 days 00:00:24.578000,MEDIUM,21.0,2.0,,,1,5.0,False,2025,Spain,R,80.784,23.862,32.344,24.578,80.64349999999999,0.14050000000001717,80.948,-0.16399999999998727,0.14050000000001717,83.004,82.02799999999999,0.9760000000000133,66.0,0.5606060606060606,29.0,0.7241379310344828,441.0,1369.0,0,1,0,0,0,1,0,0.0,21.0,0.0,28
HAM,Ferrari,38.0,0 days 00:01:20.512000,0 days 00:00:23.842000,0 days 00:00:32.347000,0 days 00:00:24.323000,MEDIUM,22.0,2.0,,,1,5.0,False,2025,Spain,R,80.512,23.842,32.347,24.323,80.64349999999999,0.1314999999999884,80.948,-0.43599999999999284,-0.1314999999999884,82.792,82.02799999999999,0.76400000000001,66.0,0.5757575757575758,29.0,0.7586206896551724,484.0,1444.0,0,1,0,0,0,1,0,0.0,22.0,0.0,28
HAM,Ferrari,39.0,0 days 00:01:20.699000,0 days 00:00:23.765000,0 days 00:00:32.442000,0 days 00:00:24.492000,MEDIUM,23.0,2.0,,,1,5.0,False,2025,Spain,R,80.699,23.765,32.442,24.492,80.64349999999999,0.05550000000000921,80.948,-0.24899999999999523,0.05550000000000921,83.039,82.02799999999999,1.01100000000001,66.0,0.5909090909090909,29.0,0.7931034482758621,529.0,1521.0,0,1,0,0,0,1,0,0.0,23.0,0.0,28
HAM,Ferrari,40.0,0 days 00:01:20.770000,0 days 00:00:23.694000,0 days 00:00:32.524000,0 days 00:00:24.552000,MEDIUM,24.0,2.0,,,1,5.0,False,2025,Spain,R,80.77,23.694,32.524,24.552,80.64349999999999,0.12650000000000716,80.948,-0.17799999999999727,0.12650000000000716,83.17,82.02799999999999,1.1420000000000101,66.0,0.6060606060606061,29.0,0.8275862068965517,576.0,1600.0,0,1,0,0,0,1,0,0.0,24.0,0.0,28
HAM,Ferrari,41.0,0 days 00:01:20.553000,0 days 00:00:23.735000,0 days 00:00:32.335000,0 days 00:00:24.483000,MEDIUM,25.0,2.0,,,1,4.0,False,2025,Spain,R,80.553,23.735,32.335,24.483,80.64349999999999,0.09049999999999159,80.948,-0.394999999999996,-0.09049999999999159,83.01299999999999,82.02799999999999,0.9849999999999994,66.0,0.6212121212121212,29.0,0.8620689655172413,625.0,1681.0,0,1,0,0,0,1,0,0.0,25.0,0.0,28
HAM,Ferrari,42.0,0 days 00:01:20.849000,0 days 00:00:23.692000,0 days 00:00:32.646000,0 days 00:00:24.511000,MEDIUM,26.0,2.0,,,1,4.0,False,2025,Spain,R,80.849,23.692,32.646,24.511,80.64349999999999,0.2055000000000149,80.948,-0.09899999999998954,0.2055000000000149,83.369,82.02799999999999,1.3410000000000082,66.0,0.6363636363636364,29.0,0.896551724137931,676.0,1764.0,0,1,0,0,0,1,0,0.0,26.0,0.0,28
HAM,Ferrari,43.0,0 days 00:01:21.029000,0 days 00:00:23.930000,0 days 00:00:32.575000,0 days 00:00:24.524000,MEDIUM,27.0,2.0,,,1,4.0,False,2025,Spain,R,81.029,23.93,32.575,24.524,80.64349999999999,0.3855000000000075,80.948,0.08100000000000307,0.3855000000000075,83.609,82.02799999999999,1.581000000000003,66.0,0.6515151515151515,29.0,0.9310344827586207,729.0,1849.0,0,1,0,0,0,1,0,0.0,27.0,0.0,28
HAM,Ferrari,44.0,0 days 00:01:20.930000,0 days 00:00:23.843000,0 days 00:00:32.503000,0 days 00:00:24.584000,MEDIUM,28.0,2.0,,,1,4.0,False,2025,Spain,R,80.93,23.843,32.503,24.584,80.64349999999999,0.28650000000001796,80.948,-0.01799999999998647,0.28650000000001796,83.57000000000001,82.02799999999999,1.5420000000000158,66.0,0.6666666666666666,29.0,0.9655172413793104,784.0,1936.0,0,1,1,0,0,1,0,0.0,28.0,0.0,28
HAM,Ferrari,45.0,0 days 00:01:21.412000,0 days 00:00:24.004000,0 days 00:00:32.806000,0 days 00:00:24.602000,MEDIUM,29.0,2.0,,,1,4.0,False,2025,Spain,R,81.412,24.004,32.806,24.602,80.64349999999999,0.7685000000000173,80.948,0.46400000000001285,0.7685000000000173,84.11200000000001,82.02799999999999,2.0840000000000174,66.0,0.6818181818181818,29.0,1.0,841.0,2025.0,0,1,1,0,0,1,0,0.0,29.0,0.0,28
HAM,Ferrari,48.0,0 days 00:01:18.335000,0 days 00:00:23.144000,0 days 00:00:31.592000,0 days 00:00:23.599000,SOFT,5.0,3.0,,,1,7.0,False,2025,Spain,R,78.335,23.144,31.592,23.599,80.64349999999999,2.308499999999995,78.335,0.0,-2.308499999999995,81.21499999999999,81.21499999999999,0.0,66.0,0.7272727272727273,11.0,0.45454545454545453,25.0,2304.0,0,0,1,0,1,0,0,5.0,0.0,0.0,7
HAM,Ferrari,49.0,0 days 00:01:18.598000,0 days 00:00:23.145000,0 days 00:00:31.772000,0 days 00:00:23.681000,SOFT,6.0,3.0,,,1,6.0,False,2025,Spain,R,78.598,23.145,31.772,23.681,80.64349999999999,2.04549999999999,78.335,0.26300000000000523,-2.04549999999999,81.538,81.21499999999999,0.3230000000000075,66.0,0.7424242424242424,11.0,0.5454545454545454,36.0,2401.0,0,0,1,0,1,0,0,6.0,0.0,0.0,7
HAM,Ferrari,50.0,0 days 00:01:18.344000,0 days 00:00:23.078000,0 days 00:00:31.474000,0 days 00:00:23.792000,SOFT,7.0,3.0,,,1,6.0,False,2025,Spain,R,78.344,23.078,31.474,23.792,80.64349999999999,2.2994999999999948,78.335,0.009000000000000341,-2.2994999999999948,81.344,81.21499999999999,0.1290000000000049,66.0,0.7575757575757576,11.0,0.6363636363636364,49.0,2500.0,0,0,1,0,1,0,0,7.0,0.0,0.0,7
HAM,Ferrari,51.0,0 days 00:01:18.722000,0 days 00:00:23.136000,0 days 00:00:31.736000,0 days 00:00:23.850000,SOFT,8.0,3.0,,,1,6.0,False,2025,Spain,R,78.722,23.136,31.736,23.85,80.64349999999999,1.9214999999999947,78.335,0.38700000000000045,-1.9214999999999947,81.782,81.21499999999999,0.5670000000000073,66.0,0.7727272727272727,11.0,0.7272727272727273,64.0,2601.0,0,0,1,0,1,0,0,8.0,0.0,0.0,7
HAM,Ferrari,52.0,0 days 00:01:18.645000,0 days 00:00:23.092000,0 days 00:00:31.594000,0 days 00:00:23.959000,SOFT,9.0,3.0,,,1,6.0,False,2025,Spain,R,78.645,23.092,31.594,23.959,80.64349999999999,1.9984999999999928,78.335,0.3100000000000023,-1.9984999999999928,81.765,81.21499999999999,0.5500000000000114,66.0,0.7878787878787878,11.0,0.8181818181818182,81.0,2704.0,0,0,1,0,1,0,0,9.0,0.0,0.0,7
HAM,Ferrari,53.0,0 days 00:01:19.160000,0 days 00:00:23.423000,0 days 00:00:31.760000,0 days 00:00:23.977000,SOFT,10.0,3.0,,,1,6.0,False,2025,Spain,R,79.16,23.423,31.76,23.977,80.64349999999999,1.4834999999999923,78.335,0.8250000000000028,-1.4834999999999923,82.34,81.21499999999999,1.1250000000000142,66.0,0.803030303030303,11.0,0.9090909090909091,100.0,2809.0,0,0,1,0,1,0,0,10.0,0.0,0.0,7
HAM,Ferrari,54.0,0 days 00:01:19.257000,0 days 00:00:23.397000,0 days 00:00:31.903000,0 days 00:00:23.957000,SOFT,11.0,3.0,,,1,6.0,False,2025,Spain,R,79.257,23.397,31.903,23.957,80.64349999999999,1.3864999999999839,78.335,0.9220000000000113,-1.3864999999999839,82.497,81.21499999999999,1.2820000000000107,66.0,0.8181818181818182,11.0,1.0,121.0,2916.0,0,0,1,0,1,0,0,11.0,0.0,0.0,7
HAM,Ferrari,61.0,0 days 00:01:19.362000,0 days 00:00:23.507000,0 days 00:00:32.247000,0 days 00:00:23.608000,SOFT,9.0,4.0,,,1,6.0,False,2025,Spain,R,79.362,23.507,32.247,23.608,80.64349999999999,1.281499999999994,79.362,0.0,-1.281499999999994,83.02199999999999,83.02199999999999,0.0,66.0,0.9242424242424242,14.0,0.6428571428571429,81.0,3721.0,0,0,1,0,1,0,0,9.0,0.0,0.0,6
HAM,Ferrari,62.0,0 days 00:01:17.706000,0 days 00:00:22.982000,0 days 00:00:31.208000,0 days 00:00:23.516000,SOFT,10.0,4.0,,,1,6.0,False,2025,Spain,R,77.706,22.982,31.208,23.516,80.64349999999999,2.937499999999986,79.362,-1.6559999999999917,-2.937499999999986,81.426,83.02199999999999,-1.5959999999999894,66.0,0.9393939393939394,14.0,0.7142857142857143,100.0,3844.0,0,0,1,0,1,0,0,10.0,0.0,0.0,6
HAM,Ferrari,63.0,0 days 00:01:17.939000,0 days 00:00:22.922000,0 days 00:00:31.346000,0 days 00:00:23.671000,SOFT,11.0,4.0,,,1,6.0,False,2025,Spain,R,77.939,22.922,31.346,23.671,80.64349999999999,2.704499999999996,79.362,-1.4230000000000018,-2.704499999999996,81.719,83.02199999999999,-1.3029999999999973,66.0,0.9545454545454546,14.0,0.7857142857142857,121.0,3969.0,0,0,1,0,1,0,0,11.0,0.0,0.0,6
HAM,Ferrari,64.0,0 days 00:01:18.833000,0 days 00:00:23.289000,0 days 00:00:31.698000,0 days 00:00:23.846000,SOFT,12.0,4.0,,,1,6.0,False,2025,Spain,R,78.833,23.289,31.698,23.846,80.64349999999999,1.8104999999999905,79.362,-0.5289999999999964,-1.8104999999999905,82.673,83.02199999999999,-0.34899999999998954,66.0,0.9696969696969697,14.0,0.8571428571428571,144.0,4096.0,0,0,1,0,1,0,0,12.0,0.0,0.0,6
HAM,Ferrari,65.0,0 days 00:01:19.738000,0 days 00:00:23.503000,0 days 00:00:32.331000,0 days 00:00:23.904000,SOFT,13.0,4.0,,,1,7.0,False,2025,Spain,R,79.738,23.503,32.331,23.904,80.64349999999999,0.9054999999999893,79.362,0.3760000000000048,-0.9054999999999893,83.638,83.02199999999999,0.6160000000000139,66.0,0.9848484848484849,14.0,0.9285714285714286,169.0,4225.0,0,0,1,0,1,0,0,13.0,0.0,0.0,6
HAM,Ferrari,66.0,0 days 00:01:19.034000,0 days 00:00:23.087000,0 days 00:00:31.928000,0 days 00:00:24.019000,SOFT,14.0,4.0,,,1,7.0,False,2025,Spain,R,79.034,23.087,31.928,24.019,80.64349999999999,1.6094999999999828,79.362,-0.32799999999998875,-1.6094999999999828,82.994,83.02199999999999,-0.027999999999991587,66.0,1.0,14.0,1.0,196.0,4356.0,0,0,1,0,1,0,0,14.0,0.0,0.0,6
HUL,Kick Sauber,1.0,0 days 00:01:28.901000,,0 days 00:00:33.937000,0 days 00:00:24.907000,SOFT,1.0,1.0,,,1,11.0,False,2025,Spain,R,88.901,,33.937,24.907,81.637,7.263999999999996,88.901,0.0,7.263999999999996,88.961,88.961,0.0,66.0,0.015151515151515152,8.0,0.125,1.0,1.0,1,0,0,1,1,0,0,1.0,0.0,0.0,8
HUL,Kick Sauber,2.0,0 days 00:01:22.812000,0 days 00:00:24.519000,0 days 00:00:33.492000,0 days 00:00:24.801000,SOFT,2.0,1.0,,,1,10.0,False,2025,Spain,R,82.812,24.519,33.492,24.801,81.637,1.1749999999999972,88.901,-6.088999999999999,1.1749999999999972,82.932,88.961,-6.028999999999996,66.0,0.030303030303030304,8.0,0.25,4.0,4.0,1,0,0,1,1,0,0,2.0,0.0,0.0,8
HUL,Kick Sauber,3.0,0 days 00:01:22.138000,0 days 00:00:23.864000,0 days 00:00:33.559000,0 days 00:00:24.715000,SOFT,3.0,1.0,,,1,10.0,False,2025,Spain,R,82.138,23.864,33.559,24.715,81.637,0.5010000000000048,88.901,-6.762999999999991,0.5010000000000048,82.31800000000001,88.961,-6.6429999999999865,66.0,0.045454545454545456,8.0,0.375,9.0,9.0,1,0,0,1,1,0,0,3.0,0.0,0.0,8
HUL,Kick Sauber,4.0,0 days 00:01:21.756000,0 days 00:00:23.861000,0 days 00:00:33.327000,0 days 00:00:24.568000,SOFT,4.0,1.0,,,1,10.0,False,2025,Spain,R,81.756,23.861,33.327,24.568,81.637,0.11899999999999977,88.901,-7.144999999999996,0.11899999999999977,81.996,88.961,-6.965000000000003,66.0,0.06060606060606061,8.0,0.5,16.0,16.0,1,0,0,1,1,0,0,4.0,0.0,0.0,8
HUL,Kick Sauber,5.0,0 days 00:01:21.710000,0 days 00:00:23.883000,0 days 00:00:33.242000,0 days 00:00:24.585000,SOFT,5.0,1.0,,,1,10.0,False,2025,Spain,R,81.71,23.883,33.242,24.585,81.637,0.07299999999999329,88.901,-7.1910000000000025,0.07299999999999329,82.00999999999999,88.961,-6.951000000000008,66.0,0.07575757575757576,8.0,0.625,25.0,25.0,1,0,0,1,1,0,0,5.0,0.0,0.0,8
HUL,Kick Sauber,6.0,0 days 00:01:21.740000,0 days 00:00:23.954000,0 days 00:00:33.121000,0 days 00:00:24.665000,SOFT,6.0,1.0,,,1,10.0,False,2025,Spain,R,81.74,23.954,33.121,24.665,81.637,0.10299999999999443,88.901,-7.161000000000001,0.10299999999999443,82.1,88.961,-6.861000000000004,66.0,0.09090909090909091,8.0,0.75,36.0,36.0,1,0,0,1,1,0,0,6.0,0.0,0.0,8
HUL,Kick Sauber,7.0,0 days 00:01:22.315000,0 days 00:00:23.881000,0 days 00:00:33.532000,0 days 00:00:24.902000,SOFT,7.0,1.0,,,1,10.0,False,2025,Spain,R,82.315,23.881,33.532,24.902,81.637,0.6779999999999973,88.901,-6.5859999999999985,0.6779999999999973,82.735,88.961,-6.225999999999999,66.0,0.10606060606060606,8.0,0.875,49.0,49.0,1,0,0,1,1,0,0,7.0,0.0,0.0,8
HUL,Kick Sauber,8.0,0 days 00:01:22.263000,0 days 00:00:24.096000,0 days 00:00:33.317000,0 days 00:00:24.850000,SOFT,8.0,1.0,,,1,10.0,False,2025,Spain,R,82.263,24.096,33.317,24.85,81.637,0.6260000000000048,88.901,-6.637999999999991,0.6260000000000048,82.74300000000001,88.961,-6.217999999999989,66.0,0.12121212121212122,8.0,1.0,64.0,64.0,1,0,0,1,1,0,0,8.0,0.0,0.0,8
HUL,Kick Sauber,11.0,0 days 00:01:21.463000,0 days 00:00:23.933000,0 days 00:00:33.019000,0 days 00:00:24.511000,MEDIUM,2.0,2.0,,,1,15.0,False,2025,Spain,R,81.463,23.933,33.019,24.511,81.637,0.1740000000000066,81.463,0.0,-0.1740000000000066,82.12299999999999,82.12299999999999,0.0,66.0,0.16666666666666666,35.0,0.05714285714285714,4.0,121.0,0,1,0,1,0,1,0,0.0,2.0,0.0,34
HUL,Kick Sauber,12.0,0 days 00:01:21.785000,0 days 00:00:24.093000,0 days 00:00:33.002000,0 days 00:00:24.690000,MEDIUM,3.0,2.0,,,1,15.0,False,2025,Spain,R,81.785,24.093,33.002,24.69,81.637,0.14799999999999613,81.463,0.32200000000000273,0.14799999999999613,82.505,82.12299999999999,0.382000000000005,66.0,0.18181818181818182,35.0,0.08571428571428572,9.0,144.0,0,1,0,1,0,1,0,0.0,3.0,0.0,34
HUL,Kick Sauber,13.0,0 days 00:01:22.901000,0 days 00:00:24.464000,0 days 00:00:33.378000,0 days 00:00:25.059000,MEDIUM,4.0,2.0,,,1,15.0,False,2025,Spain,R,82.901,24.464,33.378,25.059,81.637,1.2639999999999958,81.463,1.4380000000000024,1.2639999999999958,83.681,82.12299999999999,1.558000000000007,66.0,0.19696969696969696,35.0,0.11428571428571428,16.0,169.0,0,1,0,1,0,1,0,0.0,4.0,0.0,34
HUL,Kick Sauber,14.0,0 days 00:01:22.607000,0 days 00:00:24.413000,0 days 00:00:33.054000,0 days 00:00:25.140000,MEDIUM,5.0,2.0,,,1,15.0,False,2025,Spain,R,82.607,24.413,33.054,25.14,81.637,0.9699999999999989,81.463,1.1440000000000055,0.9699999999999989,83.447,82.12299999999999,1.3240000000000123,66.0,0.21212121212121213,35.0,0.14285714285714285,25.0,196.0,0,1,0,1,0,1,0,0.0,5.0,0.0,34
HUL,Kick Sauber,15.0,0 days 00:01:21.800000,0 days 00:00:24.171000,0 days 00:00:32.891000,0 days 00:00:24.738000,MEDIUM,6.0,2.0,,,1,14.0,False,2025,Spain,R,81.8,24.171,32.891,24.738,81.637,0.1629999999999967,81.463,0.3370000000000033,0.1629999999999967,82.7,82.12299999999999,0.5770000000000124,66.0,0.22727272727272727,35.0,0.17142857142857143,36.0,225.0,0,1,0,1,0,1,0,0.0,6.0,0.0,34
HUL,Kick Sauber,16.0,0 days 00:01:21.549000,0 days 00:00:24.013000,0 days 00:00:32.822000,0 days 00:00:24.714000,MEDIUM,7.0,2.0,,,1,13.0,False,2025,Spain,R,81.549,24.013,32.822,24.714,81.637,0.08799999999999386,81.463,0.08600000000001273,-0.08799999999999386,82.509,82.12299999999999,0.3860000000000099,66.0,0.24242424242424243,35.0,0.2,49.0,256.0,0,1,0,1,0,1,0,0.0,7.0,0.0,34
HUL,Kick Sauber,17.0,0 days 00:01:21.829000,0 days 00:00:24.124000,0 days 00:00:32.873000,0 days 00:00:24.832000,MEDIUM,8.0,2.0,,,1,13.0,False,2025,Spain,R,81.829,24.124,32.873,24.832,81.637,0.19199999999999307,81.463,0.36599999999999966,0.19199999999999307,82.84899999999999,82.12299999999999,0.7259999999999991,66.0,0.25757575757575757,35.0,0.22857142857142856,64.0,289.0,0,1,0,1,0,1,0,0.0,8.0,0.0,34
HUL,Kick Sauber,18.0,0 days 00:01:22.099000,0 days 00:00:24.031000,0 days 00:00:33.334000,0 days 00:00:24.734000,MEDIUM,9.0,2.0,,,1,13.0,False,2025,Spain,R,82.099,24.031,33.334,24.734,81.637,0.4620000000000033,81.463,0.6360000000000099,0.4620000000000033,83.179,82.12299999999999,1.0560000000000116,66.0,0.2727272727272727,35.0,0.2571428571428571,81.0,324.0,0,1,0,1,0,1,0,0.0,9.0,0.0,34
HUL,Kick Sauber,19.0,0 days 00:01:22.303000,0 days 00:00:24.123000,0 days 00:00:33.257000,0 days 00:00:24.923000,MEDIUM,10.0,2.0,,,1,11.0,False,2025,Spain,R,82.303,24.123,33.257,24.923,81.637,0.6659999999999968,81.463,0.8400000000000034,0.6659999999999968,83.443,82.12299999999999,1.3200000000000074,66.0,0.2878787878787879,35.0,0.2857142857142857,100.0,361.0,0,1,0,1,0,1,0,0.0,10.0,0.0,34
HUL,Kick Sauber,20.0,0 days 00:01:21.664000,0 days 00:00:23.879000,0 days 00:00:33.132000,0 days 00:00:24.653000,MEDIUM,11.0,2.0,,,1,9.0,False,2025,Spain,R,81.664,23.879,33.132,24.653,81.637,0.027000000000001023,81.463,0.20100000000000762,0.027000000000001023,82.864,82.12299999999999,0.7410000000000139,66.0,0.30303030303030304,35.0,0.3142857142857143,121.0,400.0,0,1,0,1,0,1,0,0.0,11.0,0.0,34
HUL,Kick Sauber,21.0,0 days 00:01:21.715000,0 days 00:00:23.962000,0 days 00:00:33.098000,0 days 00:00:24.655000,MEDIUM,12.0,2.0,,,1,9.0,False,2025,Spain,R,81.715,23.962,33.098,24.655,81.637,0.07800000000000296,81.463,0.25200000000000955,0.07800000000000296,82.97500000000001,82.12299999999999,0.8520000000000181,66.0,0.3181818181818182,35.0,0.34285714285714286,144.0,441.0,0,1,0,1,0,1,0,0.0,12.0,0.0,34
HUL,Kick Sauber,22.0,0 days 00:01:22.359000,0 days 00:00:24.388000,0 days 00:00:33.385000,0 days 00:00:24.586000,MEDIUM,13.0,2.0,,,1,9.0,False,2025,Spain,R,82.359,24.388,33.385,24.586,81.637,0.7219999999999942,81.463,0.8960000000000008,0.7219999999999942,83.67899999999999,82.12299999999999,1.5559999999999974,66.0,0.3333333333333333,35.0,0.37142857142857144,169.0,484.0,0,1,0,0,0,1,0,0.0,13.0,0.0,34
HUL,Kick Sauber,23.0,0 days 00:01:21.761000,0 days 00:00:24.010000,0 days 00:00:33.033000,0 days 00:00:24.718000,MEDIUM,14.0,2.0,,,1,9.0,False,2025,Spain,R,81.761,24.01,33.033,24.718,81.637,0.12399999999999523,81.463,0.2980000000000018,0.12399999999999523,83.14099999999999,82.12299999999999,1.0180000000000007,66.0,0.3484848484848485,35.0,0.4,196.0,529.0,0,1,0,0,0,1,0,0.0,14.0,0.0,34
HUL,Kick Sauber,24.0,0 days 00:01:23.434000,0 days 00:00:24.873000,0 days 00:00:33.736000,0 days 00:00:24.825000,MEDIUM,15.0,2.0,,,1,10.0,False,2025,Spain,R,83.434,24.873,33.736,24.825,81.637,1.796999999999997,81.463,1.9710000000000036,1.796999999999997,84.874,82.12299999999999,2.7510000000000048,66.0,0.36363636363636365,35.0,0.42857142857142855,225.0,576.0,0,1,0,0,0,1,0,0.0,15.0,0.0,34
HUL,Kick Sauber,25.0,0 days 00:01:22.107000,0 days 00:00:24.113000,0 days 00:00:33.146000,0 days 00:00:24.848000,MEDIUM,16.0,2.0,,,1,10.0,False,2025,Spain,R,82.107,24.113,33.146,24.848,81.637,0.46999999999999886,81.463,0.6440000000000055,0.46999999999999886,83.607,82.12299999999999,1.4840000000000089,66.0,0.3787878787878788,35.0,0.45714285714285713,256.0,625.0,0,1,0,0,0,1,0,0.0,16.0,0.0,34
HUL,Kick Sauber,26.0,0 days 00:01:21.737000,0 days 00:00:24.003000,0 days 00:00:33.003000,0 days 00:00:24.731000,MEDIUM,17.0,2.0,,,1,10.0,False,2025,Spain,R,81.737,24.003,33.003,24.731,81.637,0.09999999999999432,81.463,0.2740000000000009,0.09999999999999432,83.297,82.12299999999999,1.1740000000000066,66.0,0.3939393939393939,35.0,0.4857142857142857,289.0,676.0,0,1,0,0,0,1,0,0.0,17.0,0.0,34
HUL,Kick Sauber,27.0,0 days 00:01:21.554000,0 days 00:00:23.848000,0 days 00:00:32.970000,0 days 00:00:24.736000,MEDIUM,18.0,2.0,,,1,10.0,False,2025,Spain,R,81.554,23.848,32.97,24.736,81.637,0.08299999999999841,81.463,0.09100000000000819,-0.08299999999999841,83.174,82.12299999999999,1.0510000000000161,66.0,0.4090909090909091,35.0,0.5142857142857142,324.0,729.0,0,1,0,0,0,1,0,0.0,18.0,0.0,34
HUL,Kick Sauber,28.0,0 days 00:01:20.709000,0 days 00:00:23.380000,0 days 00:00:32.848000,0 days 00:00:24.481000,MEDIUM,19.0,2.0,,,1,9.0,False,2025,Spain,R,80.709,23.38,32.848,24.481,81.637,0.9279999999999973,81.463,-0.7539999999999907,-0.9279999999999973,82.38900000000001,82.12299999999999,0.26600000000001955,66.0,0.42424242424242425,35.0,0.5428571428571428,361.0,784.0,0,1,0,0,0,1,0,0.0,19.0,0.0,34
HUL,Kick Sauber,29.0,0 days 00:01:21.344000,0 days 00:00:23.861000,0 days 00:00:32.929000,0 days 00:00:24.554000,MEDIUM,20.0,2.0,,,1,9.0,False,2025,Spain,R,81.344,23.861,32.929,24.554,81.637,0.29300000000000637,81.463,-0.11899999999999977,-0.29300000000000637,83.08399999999999,82.12299999999999,0.9609999999999985,66.0,0.4393939393939394,35.0,0.5714285714285714,400.0,841.0,0,1,0,0,0,1,0,0.0,20.0,0.0,34
HUL,Kick Sauber,30.0,0 days 00:01:21.195000,0 days 00:00:23.824000,0 days 00:00:32.878000,0 days 00:00:24.493000,MEDIUM,21.0,2.0,,,1,9.0,False,2025,Spain,R,81.195,23.824,32.878,24.493,81.637,0.4420000000000073,81.463,-0.2680000000000007,-0.4420000000000073,82.99499999999999,82.12299999999999,0.8719999999999999,66.0,0.45454545454545453,35.0,0.6,441.0,900.0,0,1,0,0,0,1,0,0.0,21.0,0.0,34
HUL,Kick Sauber,31.0,0 days 00:01:21.160000,0 days 00:00:23.801000,0 days 00:00:32.739000,0 days 00:00:24.620000,MEDIUM,22.0,2.0,,,1,9.0,False,2025,Spain,R,81.16,23.801,32.739,24.62,81.637,0.47700000000000387,81.463,-0.30299999999999727,-0.47700000000000387,83.02,82.12299999999999,0.8970000000000056,66.0,0.4696969696969697,35.0,0.6285714285714286,484.0,961.0,0,1,0,0,0,1,0,0.0,22.0,0.0,34
HUL,Kick Sauber,32.0,0 days 00:01:21.938000,0 days 00:00:24.009000,0 days 00:00:33.172000,0 days 00:00:24.757000,MEDIUM,23.0,2.0,,,1,9.0,False,2025,Spain,R,81.938,24.009,33.172,24.757,81.637,0.30100000000000193,81.463,0.4750000000000085,0.30100000000000193,83.858,82.12299999999999,1.7350000000000136,66.0,0.48484848484848486,35.0,0.6571428571428571,529.0,1024.0,0,1,0,0,0,1,0,0.0,23.0,0.0,34
HUL,Kick Sauber,33.0,0 days 00:01:21.414000,0 days 00:00:23.896000,0 days 00:00:32.919000,0 days 00:00:24.599000,MEDIUM,24.0,2.0,,,1,9.0,False,2025,Spain,R,81.414,23.896,32.919,24.599,81.637,0.22299999999999898,81.463,-0.04899999999999238,-0.22299999999999898,83.394,82.12299999999999,1.271000000000015,66.0,0.5,35.0,0.6857142857142857,576.0,1089.0,0,1,0,0,0,1,0,0.0,24.0,0.0,34
HUL,Kick Sauber,34.0,0 days 00:01:21.610000,0 days 00:00:24.112000,0 days 00:00:32.988000,0 days 00:00:24.510000,MEDIUM,25.0,2.0,,,1,9.0,False,2025,Spain,R,81.61,24.112,32.988,24.51,81.637,0.027000000000001023,81.463,0.14700000000000557,-0.027000000000001023,83.65,82.12299999999999,1.5270000000000152,66.0,0.5151515151515151,35.0,0.7142857142857143,625.0,1156.0,0,1,0,0,0,1,0,0.0,25.0,0.0,34
HUL,Kick Sauber,35.0,0 days 00:01:21.406000,0 days 00:00:23.911000,0 days 00:00:32.987000,0 days 00:00:24.508000,MEDIUM,26.0,2.0,,,1,9.0,False,2025,Spain,R,81.406,23.911,32.987,24.508,81.637,0.23099999999999454,81.463,-0.05699999999998795,-0.23099999999999454,83.506,82.12299999999999,1.3830000000000098,66.0,0.5303030303030303,35.0,0.7428571428571429,676.0,1225.0,0,1,0,0,0,1,0,0.0,26.0,0.0,34
HUL,Kick Sauber,36.0,0 days 00:01:21.125000,0 days 00:00:23.865000,0 days 00:00:32.737000,0 days 00:00:24.523000,MEDIUM,27.0,2.0,,,1,9.0,False,2025,Spain,R,81.125,23.865,32.737,24.523,81.637,0.5120000000000005,81.463,-0.33799999999999386,-0.5120000000000005,83.285,82.12299999999999,1.1620000000000061,66.0,0.5454545454545454,35.0,0.7714285714285715,729.0,1296.0,0,1,0,0,0,1,0,0.0,27.0,0.0,34
HUL,Kick Sauber,37.0,0 days 00:01:21.265000,0 days 00:00:23.946000,0 days 00:00:32.731000,0 days 00:00:24.588000,MEDIUM,28.0,2.0,,,1,9.0,False,2025,Spain,R,81.265,23.946,32.731,24.588,81.637,0.3719999999999999,81.463,-0.1979999999999933,-0.3719999999999999,83.485,82.12299999999999,1.362000000000009,66.0,0.5606060606060606,35.0,0.8,784.0,1369.0,0,1,0,0,0,1,0,0.0,28.0,0.0,34
HUL,Kick Sauber,38.0,0 days 00:01:21.502000,0 days 00:00:23.920000,0 days 00:00:32.930000,0 days 00:00:24.652000,MEDIUM,29.0,2.0,,,1,9.0,False,2025,Spain,R,81.502,23.92,32.93,24.652,81.637,0.13500000000000512,81.463,0.03900000000000148,-0.13500000000000512,83.782,82.12299999999999,1.659000000000006,66.0,0.5757575757575758,35.0,0.8285714285714286,841.0,1444.0,0,1,0,0,0,1,0,0.0,29.0,0.0,34
HUL,Kick Sauber,39.0,0 days 00:01:21.388000,0 days 00:00:23.912000,0 days 00:00:32.903000,0 days 00:00:24.573000,MEDIUM,30.0,2.0,,,1,9.0,False,2025,Spain,R,81.388,23.912,32.903,24.573,81.637,0.24899999999999523,81.463,-0.07499999999998863,-0.24899999999999523,83.72800000000001,82.12299999999999,1.6050000000000182,66.0,0.5909090909090909,35.0,0.8571428571428571,900.0,1521.0,0,1,0,0,0,1,0,0.0,30.0,0.0,34
HUL,Kick Sauber,40.0,0 days 00:01:21.514000,0 days 00:00:23.889000,0 days 00:00:33.076000,0 days 00:00:24.549000,MEDIUM,31.0,2.0,,,1,9.0,False,2025,Spain,R,81.514,23.889,33.076,24.549,81.637,0.12300000000000466,81.463,0.05100000000000193,-0.12300000000000466,83.914,82.12299999999999,1.791000000000011,66.0,0.6060606060606061,35.0,0.8857142857142857,961.0,1600.0,0,1,0,0,0,1,0,0.0,31.0,0.0,34
HUL,Kick Sauber,41.0,0 days 00:01:21.130000,0 days 00:00:23.779000,0 days 00:00:32.770000,0 days 00:00:24.581000,MEDIUM,32.0,2.0,,,1,9.0,False,2025,Spain,R,81.13,23.779,32.77,24.581,81.637,0.507000000000005,81.463,-0.3329999999999984,-0.507000000000005,83.58999999999999,82.12299999999999,1.4669999999999987,66.0,0.6212121212121212,35.0,0.9142857142857143,1024.0,1681.0,0,1,0,0,0,1,0,0.0,32.0,0.0,34
HUL,Kick Sauber,42.0,0 days 00:01:21.354000,0 days 00:00:23.746000,0 days 00:00:32.981000,0 days 00:00:24.627000,MEDIUM,33.0,2.0,,,1,9.0,False,2025,Spain,R,81.354,23.746,32.981,24.627,81.637,0.28300000000000125,81.463,-0.10899999999999466,-0.28300000000000125,83.874,82.12299999999999,1.7510000000000048,66.0,0.6363636363636364,35.0,0.9428571428571428,1089.0,1764.0,0,1,0,0,0,1,0,0.0,33.0,0.0,34
HUL,Kick Sauber,43.0,0 days 00:01:21.683000,0 days 00:00:23.894000,0 days 00:00:33.051000,0 days 00:00:24.738000,MEDIUM,34.0,2.0,,,1,9.0,False,2025,Spain,R,81.683,23.894,33.051,24.738,81.637,0.04600000000000648,81.463,0.22000000000001307,0.04600000000000648,84.263,82.12299999999999,2.140000000000015,66.0,0.6515151515151515,35.0,0.9714285714285714,1156.0,1849.0,0,1,0,0,0,1,0,0.0,34.0,0.0,34
HUL,Kick Sauber,44.0,0 days 00:01:22.092000,0 days 00:00:24.078000,0 days 00:00:33.206000,0 days 00:00:24.808000,MEDIUM,35.0,2.0,,,1,9.0,False,2025,Spain,R,82.092,24.078,33.206,24.808,81.637,0.4549999999999983,81.463,0.6290000000000049,0.4549999999999983,84.732,82.12299999999999,2.609000000000009,66.0,0.6666666666666666,35.0,1.0,1225.0,1936.0,0,1,1,0,0,1,0,0.0,35.0,0.0,34
HUL,Kick Sauber,47.0,0 days 00:01:20.811000,0 days 00:00:23.813000,0 days 00:00:32.628000,0 days 00:00:24.370000,SOFT,2.0,3.0,,,1,9.0,False,2025,Spain,R,80.811,23.813,32.628,24.37,81.637,0.8259999999999934,80.811,0.0,-0.8259999999999934,83.631,83.631,0.0,66.0,0.7121212121212122,8.0,0.25,4.0,2209.0,0,0,1,0,1,0,0,2.0,0.0,0.0,7
HUL,Kick Sauber,48.0,0 days 00:01:20.805000,0 days 00:00:23.779000,0 days 00:00:32.652000,0 days 00:00:24.374000,SOFT,3.0,3.0,,,1,9.0,False,2025,Spain,R,80.805,23.779,32.652,24.374,81.637,0.8319999999999936,80.811,-0.006000000000000227,-0.8319999999999936,83.685,83.631,0.054000000000002046,66.0,0.7272727272727273,8.0,0.375,9.0,2304.0,0,0,1,0,1,0,0,3.0,0.0,0.0,7
HUL,Kick Sauber,49.0,0 days 00:01:20.699000,0 days 00:00:23.720000,0 days 00:00:32.569000,0 days 00:00:24.410000,SOFT,4.0,3.0,,,1,9.0,False,2025,Spain,R,80.699,23.72,32.569,24.41,81.637,0.9380000000000024,80.811,-0.11200000000000898,-0.9380000000000024,83.639,83.631,0.007999999999995566,66.0,0.7424242424242424,8.0,0.5,16.0,2401.0,0,0,1,0,1,0,0,4.0,0.0,0.0,7
HUL,Kick Sauber,50.0,0 days 00:01:19.794000,0 days 00:00:23.677000,0 days 00:00:32.052000,0 days 00:00:24.065000,SOFT,5.0,3.0,,,1,9.0,False,2025,Spain,R,79.794,23.677,32.052,24.065,81.637,1.8430000000000035,80.811,-1.0170000000000101,-1.8430000000000035,82.794,83.631,-0.8370000000000033,66.0,0.7575757575757576,8.0,0.625,25.0,2500.0,0,0,1,0,1,0,0,5.0,0.0,0.0,7
HUL,Kick Sauber,51.0,0 days 00:01:19.936000,0 days 00:00:23.589000,0 days 00:00:32.287000,0 days 00:00:24.060000,SOFT,6.0,3.0,,,1,9.0,False,2025,Spain,R,79.936,23.589,32.287,24.06,81.637,1.7009999999999934,80.811,-0.875,-1.7009999999999934,82.99600000000001,83.631,-0.6349999999999909,66.0,0.7727272727272727,8.0,0.75,36.0,2601.0,0,0,1,0,1,0,0,6.0,0.0,0.0,7
HUL,Kick Sauber,52.0,0 days 00:01:19.987000,0 days 00:00:23.553000,0 days 00:00:32.453000,0 days 00:00:23.981000,SOFT,7.0,3.0,,,1,9.0,False,2025,Spain,R,79.987,23.553,32.453,23.981,81.637,1.6500000000000057,80.811,-0.8240000000000123,-1.6500000000000057,83.107,83.631,-0.5240000000000009,66.0,0.7878787878787878,8.0,0.875,49.0,2704.0,0,0,1,0,1,0,0,7.0,0.0,0.0,7
HUL,Kick Sauber,53.0,0 days 00:01:21.133000,0 days 00:00:23.682000,0 days 00:00:33.019000,0 days 00:00:24.432000,SOFT,8.0,3.0,,,1,9.0,False,2025,Spain,R,81.133,23.682,33.019,24.432,81.637,0.5040000000000049,80.811,0.3219999999999885,-0.5040000000000049,84.31299999999999,83.631,0.681999999999988,66.0,0.803030303030303,8.0,1.0,64.0,2809.0,0,0,1,0,1,0,0,8.0,0.0,0.0,7
HUL,Kick Sauber,61.0,0 days 00:01:19.023000,0 days 00:00:23.407000,0 days 00:00:32.078000,0 days 00:00:23.538000,SOFT,5.0,4.0,,,1,7.0,False,2025,Spain,R,79.023,23.407,32.078,23.538,81.637,2.6140000000000043,79.023,0.0,-2.6140000000000043,82.68299999999999,82.68299999999999,0.0,66.0,0.9242424242424242,10.0,0.5,25.0,3721.0,0,0,1,0,1,0,0,5.0,0.0,0.0,6
HUL,Kick Sauber,62.0,0 days 00:01:18.282000,0 days 00:00:23.311000,0 days 00:00:31.447000,0 days 00:00:23.524000,SOFT,6.0,4.0,,,1,7.0,False,2025,Spain,R,78.282,23.311,31.447,23.524,81.637,3.355000000000004,79.023,-0.7409999999999997,-3.355000000000004,82.002,82.68299999999999,-0.6809999999999974,66.0,0.9393939393939394,10.0,0.6,36.0,3844.0,0,0,1,0,1,0,0,6.0,0.0,0.0,6
HUL,Kick Sauber,63.0,0 days 00:01:17.575000,0 days 00:00:22.773000,0 days 00:00:31.373000,0 days 00:00:23.429000,SOFT,7.0,4.0,,,1,7.0,False,2025,Spain,R,77.575,22.773,31.373,23.429,81.637,4.061999999999998,79.023,-1.4479999999999933,-4.061999999999998,81.355,82.68299999999999,-1.3279999999999887,66.0,0.9545454545454546,10.0,0.7,49.0,3969.0,0,0,1,0,1,0,0,7.0,0.0,0.0,6
HUL,Kick Sauber,64.0,0 days 00:01:18.615000,0 days 00:00:23.089000,0 days 00:00:31.840000,0 days 00:00:23.686000,SOFT,8.0,4.0,,,1,7.0,False,2025,Spain,R,78.615,23.089,31.84,23.686,81.637,3.0220000000000056,79.023,-0.40800000000000125,-3.0220000000000056,82.455,82.68299999999999,-0.22799999999999443,66.0,0.9696969696969697,10.0,0.8,64.0,4096.0,0,0,1,0,1,0,0,8.0,0.0,0.0,6
HUL,Kick Sauber,65.0,0 days 00:01:18.056000,0 days 00:00:22.608000,0 days 00:00:31.847000,0 days 00:00:23.601000,SOFT,9.0,4.0,,,1,6.0,False,2025,Spain,R,78.056,22.608,31.847,23.601,81.637,3.581000000000003,79.023,-0.9669999999999987,-3.581000000000003,81.956,82.68299999999999,-0.7269999999999897,66.0,0.9848484848484849,10.0,0.9,81.0,4225.0,0,0,1,0,1,0,0,9.0,0.0,0.0,6
HUL,Kick Sauber,66.0,0 days 00:01:18.496000,0 days 00:00:22.880000,0 days 00:00:31.812000,0 days 00:00:23.804000,SOFT,10.0,4.0,,,1,6.0,False,2025,Spain,R,78.496,22.88,31.812,23.804,81.637,3.1410000000000053,79.023,-0.527000000000001,-3.1410000000000053,82.45599999999999,82.68299999999999,-0.22700000000000387,66.0,1.0,10.0,1.0,100.0,4356.0,0,0,1,0,1,0,0,10.0,0.0,0.0,6
LAW,Racing Bulls,2.0,0 days 00:01:23.220000,0 days 00:00:24.720000,0 days 00:00:33.666000,0 days 00:00:24.834000,SOFT,2.0,1.0,,,1,13.0,False,2025,Spain,R,83.22,24.72,33.666,24.834,81.716,1.5040000000000049,83.22,0.0,1.5040000000000049,83.34,83.34,0.0,66.0,0.030303030303030304,17.0,0.11764705882352941,4.0,4.0,1,0,0,1,1,0,0,2.0,0.0,0.0,16
LAW,Racing Bulls,3.0,0 days 00:01:22.634000,0 days 00:00:24.264000,0 days 00:00:33.579000,0 days 00:00:24.791000,SOFT,3.0,1.0,,,1,13.0,False,2025,Spain,R,82.634,24.264,33.579,24.791,81.716,0.9180000000000064,83.22,-0.5859999999999985,0.9180000000000064,82.81400000000001,83.34,-0.5259999999999962,66.0,0.045454545454545456,17.0,0.17647058823529413,9.0,9.0,1,0,0,1,1,0,0,3.0,0.0,0.0,16
LAW,Racing Bulls,4.0,0 days 00:01:22.031000,0 days 00:00:24.028000,0 days 00:00:33.274000,0 days 00:00:24.729000,SOFT,4.0,1.0,,,1,13.0,False,2025,Spain,R,82.031,24.028,33.274,24.729,81.716,0.31500000000001194,83.22,-1.188999999999993,0.31500000000001194,82.271,83.34,-1.0690000000000026,66.0,0.06060606060606061,17.0,0.23529411764705882,16.0,16.0,1,0,0,1,1,0,0,4.0,0.0,0.0,16
LAW,Racing Bulls,5.0,0 days 00:01:22.423000,0 days 00:00:24.083000,0 days 00:00:33.286000,0 days 00:00:25.054000,SOFT,5.0,1.0,,,1,13.0,False,2025,Spain,R,82.423,24.083,33.286,25.054,81.716,0.7070000000000078,83.22,-0.796999999999997,0.7070000000000078,82.723,83.34,-0.6170000000000044,66.0,0.07575757575757576,17.0,0.29411764705882354,25.0,25.0,1,0,0,1,1,0,0,5.0,0.0,0.0,16
LAW,Racing Bulls,6.0,0 days 00:01:22.137000,0 days 00:00:24.072000,0 days 00:00:33.214000,0 days 00:00:24.851000,SOFT,6.0,1.0,,,1,13.0,False,2025,Spain,R,82.137,24.072,33.214,24.851,81.716,0.4210000000000065,83.22,-1.0829999999999984,0.4210000000000065,82.497,83.34,-0.8430000000000035,66.0,0.09090909090909091,17.0,0.35294117647058826,36.0,36.0,1,0,0,1,1,0,0,6.0,0.0,0.0,16
LAW,Racing Bulls,7.0,0 days 00:01:22.695000,0 days 00:00:24.169000,0 days 00:00:33.551000,0 days 00:00:24.975000,SOFT,7.0,1.0,,,1,13.0,False,2025,Spain,R,82.695,24.169,33.551,24.975,81.716,0.9789999999999992,83.22,-0.5250000000000057,0.9789999999999992,83.115,83.34,-0.22500000000000853,66.0,0.10606060606060606,17.0,0.4117647058823529,49.0,49.0,1,0,0,1,1,0,0,7.0,0.0,0.0,16
LAW,Racing Bulls,8.0,0 days 00:01:22.930000,0 days 00:00:24.488000,0 days 00:00:33.477000,0 days 00:00:24.965000,SOFT,8.0,1.0,,,1,13.0,False,2025,Spain,R,82.93,24.488,33.477,24.965,81.716,1.2140000000000128,83.22,-0.28999999999999204,1.2140000000000128,83.41000000000001,83.34,0.07000000000000739,66.0,0.12121212121212122,17.0,0.47058823529411764,64.0,64.0,1,0,0,1,1,0,0,8.0,0.0,0.0,16
LAW,Racing Bulls,9.0,0 days 00:01:23.238000,0 days 00:00:24.470000,0 days 00:00:33.654000,0 days 00:00:25.114000,SOFT,9.0,1.0,,,1,13.0,False,2025,Spain,R,83.238,24.47,33.654,25.114,81.716,1.5220000000000056,83.22,0.018000000000000682,1.5220000000000056,83.778,83.34,0.4380000000000024,66.0,0.13636363636363635,17.0,0.5294117647058824,81.0,81.0,1,0,0,1,1,0,0,9.0,0.0,0.0,16
LAW,Racing Bulls,10.0,0 days 00:01:22.700000,0 days 00:00:24.458000,0 days 00:00:33.459000,0 days 00:00:24.783000,SOFT,10.0,1.0,,,1,12.0,False,2025,Spain,R,82.7,24.458,33.459,24.783,81.716,0.9840000000000089,83.22,-0.519999999999996,0.9840000000000089,83.3,83.34,-0.04000000000000625,66.0,0.15151515151515152,17.0,0.5882352941176471,100.0,100.0,1,0,0,1,1,0,0,10.0,0.0,0.0,16
LAW,Racing Bulls,11.0,0 days 00:01:22.485000,0 days 00:00:24.194000,0 days 00:00:33.313000,0 days 00:00:24.978000,SOFT,11.0,1.0,,,1,11.0,False,2025,Spain,R,82.485,24.194,33.313,24.978,81.716,0.7690000000000055,83.22,-0.7349999999999994,0.7690000000000055,83.145,83.34,-0.1950000000000074,66.0,0.16666666666666666,17.0,0.6470588235294118,121.0,121.0,1,0,0,1,1,0,0,11.0,0.0,0.0,16
LAW,Racing Bulls,12.0,0 days 00:01:22.828000,0 days 00:00:24.350000,0 days 00:00:33.408000,0 days 00:00:25.070000,SOFT,12.0,1.0,,,1,11.0,False,2025,Spain,R,82.828,24.35,33.408,25.07,81.716,1.112000000000009,83.22,-0.3919999999999959,1.112000000000009,83.548,83.34,0.2079999999999984,66.0,0.18181818181818182,17.0,0.7058823529411765,144.0,144.0,1,0,0,1,1,0,0,12.0,0.0,0.0,16
LAW,Racing Bulls,13.0,0 days 00:01:22.277000,0 days 00:00:24.197000,0 days 00:00:33.383000,0 days 00:00:24.697000,SOFT,13.0,1.0,,,1,9.0,False,2025,Spain,R,82.277,24.197,33.383,24.697,81.716,0.561000000000007,83.22,-0.9429999999999978,0.561000000000007,83.057,83.34,-0.28300000000000125,66.0,0.19696969696969696,17.0,0.7647058823529411,169.0,169.0,1,0,0,1,1,0,0,13.0,0.0,0.0,16
LAW,Racing Bulls,14.0,0 days 00:01:22.192000,0 days 00:00:24.479000,0 days 00:00:33.019000,0 days 00:00:24.694000,SOFT,14.0,1.0,,,1,9.0,False,2025,Spain,R,82.192,24.479,33.019,24.694,81.716,0.4759999999999991,83.22,-1.0280000000000058,0.4759999999999991,83.032,83.34,-0.30800000000000693,66.0,0.21212121212121213,17.0,0.8235294117647058,196.0,196.0,1,0,0,1,1,0,0,14.0,0.0,0.0,16
LAW,Racing Bulls,15.0,0 days 00:01:21.968000,0 days 00:00:24.299000,0 days 00:00:33.049000,0 days 00:00:24.620000,SOFT,15.0,1.0,,,1,9.0,False,2025,Spain,R,81.968,24.299,33.049,24.62,81.716,0.25200000000000955,83.22,-1.2519999999999953,0.25200000000000955,82.86800000000001,83.34,-0.4719999999999942,66.0,0.22727272727272727,17.0,0.8823529411764706,225.0,225.0,1,0,0,1,1,0,0,15.0,0.0,0.0,16
LAW,Racing Bulls,16.0,0 days 00:01:21.967000,0 days 00:00:24.206000,0 days 00:00:32.934000,0 days 00:00:24.827000,SOFT,16.0,1.0,,,1,9.0,False,2025,Spain,R,81.967,24.206,32.934,24.827,81.716,0.2510000000000048,83.22,-1.2530000000000001,0.2510000000000048,82.92699999999999,83.34,-0.4130000000000109,66.0,0.24242424242424243,17.0,0.9411764705882353,256.0,256.0,1,0,0,1,1,0,0,16.0,0.0,0.0,16
LAW,Racing Bulls,17.0,0 days 00:01:22.308000,0 days 00:00:24.359000,0 days 00:00:33.058000,0 days 00:00:24.891000,SOFT,17.0,1.0,,,1,8.0,False,2025,Spain,R,82.308,24.359,33.058,24.891,81.716,0.592000000000013,83.22,-0.9119999999999919,0.592000000000013,83.328,83.34,-0.012000000000000455,66.0,0.25757575757575757,17.0,1.0,289.0,289.0,1,0,0,1,1,0,0,17.0,0.0,0.0,16
LAW,Racing Bulls,20.0,0 days 00:01:21.344000,0 days 00:00:24.099000,0 days 00:00:32.675000,0 days 00:00:24.570000,MEDIUM,2.0,2.0,,,1,15.0,False,2025,Spain,R,81.344,24.099,32.675,24.57,81.716,0.3719999999999999,81.344,0.0,-0.3719999999999999,82.544,82.544,0.0,66.0,0.30303030303030304,25.0,0.08,4.0,400.0,0,1,0,1,0,1,0,0.0,2.0,0.0,24
LAW,Racing Bulls,21.0,0 days 00:01:21.187000,0 days 00:00:24.034000,0 days 00:00:32.579000,0 days 00:00:24.574000,MEDIUM,3.0,2.0,,,1,14.0,False,2025,Spain,R,81.187,24.034,32.579,24.574,81.716,0.5289999999999964,81.344,-0.15699999999999648,-0.5289999999999964,82.447,82.544,-0.0969999999999942,66.0,0.3181818181818182,25.0,0.12,9.0,441.0,0,1,0,1,0,1,0,0.0,3.0,0.0,24
LAW,Racing Bulls,22.0,0 days 00:01:21.720000,0 days 00:00:24.123000,0 days 00:00:32.958000,0 days 00:00:24.639000,MEDIUM,4.0,2.0,,,1,14.0,False,2025,Spain,R,81.72,24.123,32.958,24.639,81.716,0.0040000000000048885,81.344,0.3760000000000048,0.0040000000000048885,83.03999999999999,82.544,0.4959999999999951,66.0,0.3333333333333333,25.0,0.16,16.0,484.0,0,1,0,0,0,1,0,0.0,4.0,0.0,24
LAW,Racing Bulls,23.0,0 days 00:01:21.854000,0 days 00:00:24.050000,0 days 00:00:33.132000,0 days 00:00:24.672000,MEDIUM,5.0,2.0,,,1,14.0,False,2025,Spain,R,81.854,24.05,33.132,24.672,81.716,0.13800000000000523,81.344,0.5100000000000051,0.13800000000000523,83.234,82.544,0.6899999999999977,66.0,0.3484848484848485,25.0,0.2,25.0,529.0,0,1,0,0,0,1,0,0.0,5.0,0.0,24
LAW,Racing Bulls,24.0,0 days 00:01:23.531000,0 days 00:00:24.234000,0 days 00:00:34.300000,0 days 00:00:24.997000,MEDIUM,6.0,2.0,,,1,13.0,False,2025,Spain,R,83.531,24.234,34.3,24.997,81.716,1.815000000000012,81.344,2.187000000000012,1.815000000000012,84.971,82.544,2.4270000000000067,66.0,0.36363636363636365,25.0,0.24,36.0,576.0,0,1,0,0,0,1,0,0.0,6.0,0.0,24
LAW,Racing Bulls,25.0,0 days 00:01:20.771000,0 days 00:00:23.861000,0 days 00:00:32.527000,0 days 00:00:24.383000,MEDIUM,7.0,2.0,,,1,12.0,False,2025,Spain,R,80.771,23.861,32.527,24.383,81.716,0.9449999999999932,81.344,-0.5729999999999933,-0.9449999999999932,82.271,82.544,-0.27299999999999613,66.0,0.3787878787878788,25.0,0.28,49.0,625.0,0,1,0,0,0,1,0,0.0,7.0,0.0,24
LAW,Racing Bulls,26.0,0 days 00:01:21.013000,0 days 00:00:23.916000,0 days 00:00:32.617000,0 days 00:00:24.480000,MEDIUM,8.0,2.0,,,1,12.0,False,2025,Spain,R,81.013,23.916,32.617,24.48,81.716,0.7029999999999887,81.344,-0.33099999999998886,-0.7029999999999887,82.57300000000001,82.544,0.029000000000010573,66.0,0.3939393939393939,25.0,0.32,64.0,676.0,0,1,0,0,0,1,0,0.0,8.0,0.0,24
LAW,Racing Bulls,27.0,0 days 00:01:21.360000,0 days 00:00:23.990000,0 days 00:00:32.838000,0 days 00:00:24.532000,MEDIUM,9.0,2.0,,,1,12.0,False,2025,Spain,R,81.36,23.99,32.838,24.532,81.716,0.35599999999999454,81.344,0.016000000000005343,-0.35599999999999454,82.98,82.544,0.43600000000000705,66.0,0.4090909090909091,25.0,0.36,81.0,729.0,0,1,0,0,0,1,0,0.0,9.0,0.0,24
LAW,Racing Bulls,28.0,0 days 00:01:21.489000,0 days 00:00:24.045000,0 days 00:00:32.958000,0 days 00:00:24.486000,MEDIUM,10.0,2.0,,,1,12.0,False,2025,Spain,R,81.489,24.045,32.958,24.486,81.716,0.22699999999998965,81.344,0.14500000000001023,-0.22699999999998965,83.16900000000001,82.544,0.6250000000000142,66.0,0.42424242424242425,25.0,0.4,100.0,784.0,0,1,0,0,0,1,0,0.0,10.0,0.0,24
LAW,Racing Bulls,29.0,0 days 00:01:21.494000,0 days 00:00:23.984000,0 days 00:00:32.954000,0 days 00:00:24.556000,MEDIUM,11.0,2.0,,,1,12.0,False,2025,Spain,R,81.494,23.984,32.954,24.556,81.716,0.2219999999999942,81.344,0.15000000000000568,-0.2219999999999942,83.234,82.544,0.6899999999999977,66.0,0.4393939393939394,25.0,0.44,121.0,841.0,0,1,0,0,0,1,0,0.0,11.0,0.0,24
LAW,Racing Bulls,30.0,0 days 00:01:21.473000,0 days 00:00:23.865000,0 days 00:00:33.060000,0 days 00:00:24.548000,MEDIUM,12.0,2.0,,,1,12.0,False,2025,Spain,R,81.473,23.865,33.06,24.548,81.716,0.242999999999995,81.344,0.1290000000000049,-0.242999999999995,83.273,82.544,0.7289999999999992,66.0,0.45454545454545453,25.0,0.48,144.0,900.0,0,1,0,0,0,1,0,0.0,12.0,0.0,24
LAW,Racing Bulls,31.0,0 days 00:01:23.075000,0 days 00:00:24.530000,0 days 00:00:33.734000,0 days 00:00:24.811000,MEDIUM,13.0,2.0,,,1,12.0,False,2025,Spain,R,83.075,24.53,33.734,24.811,81.716,1.3590000000000089,81.344,1.7310000000000088,1.3590000000000089,84.935,82.544,2.3910000000000053,66.0,0.4696969696969697,25.0,0.52,169.0,961.0,0,1,0,0,0,1,0,0.0,13.0,0.0,24
LAW,Racing Bulls,32.0,0 days 00:01:22.393000,0 days 00:00:24.420000,0 days 00:00:33.192000,0 days 00:00:24.781000,MEDIUM,14.0,2.0,,,1,11.0,False,2025,Spain,R,82.393,24.42,33.192,24.781,81.716,0.6770000000000067,81.344,1.0490000000000066,0.6770000000000067,84.313,82.544,1.7690000000000055,66.0,0.48484848484848486,25.0,0.56,196.0,1024.0,0,1,0,0,0,1,0,0.0,14.0,0.0,24
LAW,Racing Bulls,33.0,0 days 00:01:21.716000,0 days 00:00:24.093000,0 days 00:00:32.988000,0 days 00:00:24.635000,MEDIUM,15.0,2.0,,,1,11.0,False,2025,Spain,R,81.716,24.093,32.988,24.635,81.716,0.0,81.344,0.3719999999999999,0.0,83.696,82.544,1.152000000000001,66.0,0.5,25.0,0.6,225.0,1089.0,0,1,0,0,0,1,0,0.0,15.0,0.0,24
LAW,Racing Bulls,34.0,0 days 00:01:21.387000,0 days 00:00:23.967000,0 days 00:00:32.923000,0 days 00:00:24.497000,MEDIUM,16.0,2.0,,,1,11.0,False,2025,Spain,R,81.387,23.967,32.923,24.497,81.716,0.3289999999999935,81.344,0.043000000000006366,-0.3289999999999935,83.427,82.544,0.8830000000000098,66.0,0.5151515151515151,25.0,0.64,256.0,1156.0,0,1,0,0,0,1,0,0.0,16.0,0.0,24
LAW,Racing Bulls,35.0,0 days 00:01:21.043000,0 days 00:00:23.906000,0 days 00:00:32.766000,0 days 00:00:24.371000,MEDIUM,17.0,2.0,,,1,10.0,False,2025,Spain,R,81.043,23.906,32.766,24.371,81.716,0.6729999999999876,81.344,-0.3009999999999877,-0.6729999999999876,83.143,82.544,0.5990000000000038,66.0,0.5303030303030303,25.0,0.68,289.0,1225.0,0,1,0,0,0,1,0,0.0,17.0,0.0,24
LAW,Racing Bulls,36.0,0 days 00:01:21.467000,0 days 00:00:24.067000,0 days 00:00:32.946000,0 days 00:00:24.454000,MEDIUM,18.0,2.0,,,1,10.0,False,2025,Spain,R,81.467,24.067,32.946,24.454,81.716,0.24899999999999523,81.344,0.12300000000000466,-0.24899999999999523,83.627,82.544,1.0829999999999984,66.0,0.5454545454545454,25.0,0.72,324.0,1296.0,0,1,0,0,0,1,0,0.0,18.0,0.0,24
LAW,Racing Bulls,37.0,0 days 00:01:21.384000,0 days 00:00:24.089000,0 days 00:00:32.772000,0 days 00:00:24.523000,MEDIUM,19.0,2.0,,,1,10.0,False,2025,Spain,R,81.384,24.089,32.772,24.523,81.716,0.33199999999999363,81.344,0.04000000000000625,-0.33199999999999363,83.604,82.544,1.0600000000000023,66.0,0.5606060606060606,25.0,0.76,361.0,1369.0,0,1,0,0,0,1,0,0.0,19.0,0.0,24
LAW,Racing Bulls,38.0,0 days 00:01:21.202000,0 days 00:00:24.135000,0 days 00:00:32.728000,0 days 00:00:24.339000,MEDIUM,20.0,2.0,,,1,10.0,False,2025,Spain,R,81.202,24.135,32.728,24.339,81.716,0.5139999999999958,81.344,-0.1419999999999959,-0.5139999999999958,83.482,82.544,0.9380000000000024,66.0,0.5757575757575758,25.0,0.8,400.0,1444.0,0,1,0,0,0,1,0,0.0,20.0,0.0,24
LAW,Racing Bulls,39.0,0 days 00:01:21.143000,0 days 00:00:23.923000,0 days 00:00:32.798000,0 days 00:00:24.422000,MEDIUM,21.0,2.0,,,1,10.0,False,2025,Spain,R,81.143,23.923,32.798,24.422,81.716,0.5729999999999933,81.344,-0.2009999999999934,-0.5729999999999933,83.483,82.544,0.9390000000000072,66.0,0.5909090909090909,25.0,0.84,441.0,1521.0,0,1,0,0,0,1,0,0.0,21.0,0.0,24
LAW,Racing Bulls,40.0,0 days 00:01:21.321000,0 days 00:00:24.027000,0 days 00:00:32.797000,0 days 00:00:24.497000,MEDIUM,22.0,2.0,,,1,10.0,False,2025,Spain,R,81.321,24.027,32.797,24.497,81.716,0.394999999999996,81.344,-0.022999999999996135,-0.394999999999996,83.721,82.544,1.1770000000000067,66.0,0.6060606060606061,25.0,0.88,484.0,1600.0,0,1,0,0,0,1,0,0.0,22.0,0.0,24
LAW,Racing Bulls,41.0,0 days 00:01:21.400000,0 days 00:00:24.135000,0 days 00:00:32.751000,0 days 00:00:24.514000,MEDIUM,23.0,2.0,,,1,10.0,False,2025,Spain,R,81.4,24.135,32.751,24.514,81.716,0.3159999999999883,81.344,0.056000000000011596,-0.3159999999999883,83.86,82.544,1.3160000000000025,66.0,0.6212121212121212,25.0,0.92,529.0,1681.0,0,1,0,0,0,1,0,0.0,23.0,0.0,24
LAW,Racing Bulls,42.0,0 days 00:01:21.036000,0 days 00:00:23.960000,0 days 00:00:32.729000,0 days 00:00:24.347000,MEDIUM,24.0,2.0,,,1,10.0,False,2025,Spain,R,81.036,23.96,32.729,24.347,81.716,0.6799999999999926,81.344,-0.3079999999999927,-0.6799999999999926,83.556,82.544,1.0120000000000005,66.0,0.6363636363636364,25.0,0.96,576.0,1764.0,0,1,0,0,0,1,0,0.0,24.0,0.0,24
LAW,Racing Bulls,43.0,0 days 00:01:21.110000,0 days 00:00:24.071000,0 days 00:00:32.692000,0 days 00:00:24.347000,MEDIUM,25.0,2.0,,,1,10.0,False,2025,Spain,R,81.11,24.071,32.692,24.347,81.716,0.6059999999999945,81.344,-0.23399999999999466,-0.6059999999999945,83.69,82.544,1.1460000000000008,66.0,0.6515151515151515,25.0,1.0,625.0,1849.0,0,1,0,0,0,1,0,0.0,25.0,0.0,24
LAW,Racing Bulls,46.0,0 days 00:01:19.887000,0 days 00:00:23.893000,0 days 00:00:32.014000,0 days 00:00:23.980000,SOFT,5.0,3.0,,,1,13.0,False,2025,Spain,R,79.887,23.893,32.014,23.98,81.716,1.8289999999999935,79.887,0.0,-1.8289999999999935,82.647,82.647,0.0,66.0,0.696969696969697,25.0,0.2,25.0,2116.0,0,0,1,0,1,0,0,5.0,0.0,0.0,15
LAW,Racing Bulls,47.0,0 days 00:01:19.611000,0 days 00:00:23.681000,0 days 00:00:32.030000,0 days 00:00:23.900000,SOFT,6.0,3.0,,,1,13.0,False,2025,Spain,R,79.611,23.681,32.03,23.9,81.716,2.1049999999999898,79.887,-0.27599999999999625,-2.1049999999999898,82.431,82.647,-0.21600000000000819,66.0,0.7121212121212122,25.0,0.24,36.0,2209.0,0,0,1,0,1,0,0,6.0,0.0,0.0,15
LAW,Racing Bulls,48.0,0 days 00:01:19.860000,0 days 00:00:23.683000,0 days 00:00:32.158000,0 days 00:00:24.019000,SOFT,7.0,3.0,,,1,13.0,False,2025,Spain,R,79.86,23.683,32.158,24.019,81.716,1.8559999999999945,79.887,-0.027000000000001023,-1.8559999999999945,82.74,82.647,0.09299999999998931,66.0,0.7272727272727273,25.0,0.28,49.0,2304.0,0,0,1,0,1,0,0,7.0,0.0,0.0,15
LAW,Racing Bulls,49.0,0 days 00:01:20.784000,0 days 00:00:23.864000,0 days 00:00:32.608000,0 days 00:00:24.312000,SOFT,8.0,3.0,,,1,12.0,False,2025,Spain,R,80.784,23.864,32.608,24.312,81.716,0.931999999999988,79.887,0.8970000000000056,-0.931999999999988,83.724,82.647,1.0769999999999982,66.0,0.7424242424242424,25.0,0.32,64.0,2401.0,0,0,1,0,1,0,0,8.0,0.0,0.0,15
LAW,Racing Bulls,50.0,0 days 00:01:21.891000,0 days 00:00:23.943000,0 days 00:00:33.399000,0 days 00:00:24.549000,SOFT,9.0,3.0,,,1,12.0,False,2025,Spain,R,81.891,23.943,33.399,24.549,81.716,0.17500000000001137,79.887,2.004000000000005,0.17500000000001137,84.891,82.647,2.2439999999999998,66.0,0.7575757575757576,25.0,0.36,81.0,2500.0,0,0,1,0,1,0,0,9.0,0.0,0.0,15
LAW,Racing Bulls,51.0,0 days 00:01:22.974000,0 days 00:00:25.236000,0 days 00:00:33.312000,0 days 00:00:24.426000,SOFT,10.0,3.0,,,1,12.0,False,2025,Spain,R,82.974,25.236,33.312,24.426,81.716,1.2580000000000098,79.887,3.0870000000000033,1.2580000000000098,86.034,82.647,3.3870000000000005,66.0,0.7727272727272727,25.0,0.4,100.0,2601.0,0,0,1,0,1,0,0,10.0,0.0,0.0,15
LAW,Racing Bulls,53.0,0 days 00:01:19.986000,0 days 00:00:23.786000,0 days 00:00:32.203000,0 days 00:00:23.997000,SOFT,12.0,3.0,,,1,11.0,False,2025,Spain,R,79.986,23.786,32.203,23.997,81.716,1.7299999999999898,79.887,0.09900000000000375,-1.7299999999999898,83.166,82.647,0.5189999999999912,66.0,0.803030303030303,25.0,0.48,144.0,2809.0,0,0,1,0,1,0,0,12.0,0.0,0.0,15
LAW,Racing Bulls,58.0,0 days 00:01:24.162000,0 days 00:00:26.155000,0 days 00:00:33.576000,0 days 00:00:24.431000,SOFT,17.0,3.0,,,4,10.0,False,2025,Spain,R,84.162,26.155,33.576,24.431,81.716,2.446000000000012,79.887,4.275000000000006,2.446000000000012,87.64200000000001,82.647,4.9950000000000045,66.0,0.8787878787878788,25.0,0.68,289.0,3364.0,0,0,1,0,1,0,0,17.0,0.0,0.0,15
LAW,Racing Bulls,59.0,0 days 00:01:21.244000,0 days 00:00:23.973000,0 days 00:00:32.558000,0 days 00:00:24.713000,SOFT,18.0,3.0,,,4,10.0,False,2025,Spain,R,81.244,23.973,32.558,24.713,81.716,0.4719999999999942,79.887,1.3569999999999993,-0.4719999999999942,84.784,82.647,2.1370000000000005,66.0,0.8939393939393939,25.0,0.72,324.0,3481.0,0,0,1,0,1,0,0,18.0,0.0,0.0,15
LAW,Racing Bulls,61.0,0 days 00:01:20.721000,0 days 00:00:24.159000,0 days 00:00:32.632000,0 days 00:00:23.930000,SOFT,20.0,3.0,,,1,10.0,False,2025,Spain,R,80.721,24.159,32.632,23.93,81.716,0.9949999999999903,79.887,0.8340000000000032,-0.9949999999999903,84.381,82.647,1.7339999999999947,66.0,0.9242424242424242,25.0,0.8,400.0,3721.0,0,0,1,0,1,0,0,20.0,0.0,0.0,15
LAW,Racing Bulls,62.0,0 days 00:01:19.424000,0 days 00:00:23.580000,0 days 00:00:32.003000,0 days 00:00:23.841000,SOFT,21.0,3.0,,,1,10.0,False,2025,Spain,R,79.424,23.58,32.003,23.841,81.716,2.2919999999999874,79.887,-0.46299999999999386,-2.2919999999999874,83.144,82.647,0.4969999999999999,66.0,0.9393939393939394,25.0,0.84,441.0,3844.0,0,0,1,0,1,0,0,21.0,0.0,0.0,15
LAW,Racing Bulls,63.0,0 days 00:01:19.887000,0 days 00:00:23.809000,0 days 00:00:32.256000,0 days 00:00:23.822000,SOFT,22.0,3.0,,,1,10.0,False,2025,Spain,R,79.887,23.809,32.256,23.822,81.716,1.8289999999999935,79.887,0.0,-1.8289999999999935,83.667,82.647,1.019999999999996,66.0,0.9545454545454546,25.0,0.88,484.0,3969.0,0,0,1,0,1,0,0,22.0,0.0,0.0,15
LAW,Racing Bulls,64.0,0 days 00:01:19.834000,0 days 00:00:23.771000,0 days 00:00:32.033000,0 days 00:00:24.030000,SOFT,23.0,3.0,,,1,10.0,False,2025,Spain,R,79.834,23.771,32.033,24.03,81.716,1.8819999999999908,79.887,-0.05299999999999727,-1.8819999999999908,83.674,82.647,1.027000000000001,66.0,0.9696969696969697,25.0,0.92,529.0,4096.0,0,0,1,0,1,0,0,23.0,0.0,0.0,15
LAW,Racing Bulls,65.0,0 days 00:01:20.900000,0 days 00:00:24.316000,0 days 00:00:32.423000,0 days 00:00:24.161000,SOFT,24.0,3.0,,,1,11.0,False,2025,Spain,R,80.9,24.316,32.423,24.161,81.716,0.8159999999999883,79.887,1.0130000000000052,-0.8159999999999883,84.80000000000001,82.647,2.153000000000006,66.0,0.9848484848484849,25.0,0.96,576.0,4225.0,0,0,1,0,1,0,0,24.0,0.0,0.0,15
LAW,Racing Bulls,66.0,0 days 00:01:20.015000,0 days 00:00:23.448000,0 days 00:00:32.324000,0 days 00:00:24.243000,SOFT,25.0,3.0,,,1,11.0,False,2025,Spain,R,80.015,23.448,32.324,24.243,81.716,1.7009999999999934,79.887,0.1280000000000001,-1.7009999999999934,83.975,82.647,1.3279999999999887,66.0,1.0,25.0,1.0,625.0,4356.0,0,0,1,0,1,0,0,25.0,0.0,0.0,15
LEC,Ferrari,1.0,0 days 00:01:26.275000,,0 days 00:00:33.173000,0 days 00:00:24.382000,SOFT,2.0,1.0,,,1,5.0,False,2025,Spain,R,86.275,,33.173,24.382,80.0975,6.177500000000009,86.275,0.0,6.177500000000009,86.33500000000001,86.33500000000001,0.0,66.0,0.015151515151515152,17.0,0.11764705882352941,4.0,1.0,1,0,0,1,1,0,0,2.0,0.0,0.0,16
LEC,Ferrari,2.0,0 days 00:01:21.421000,0 days 00:00:24.415000,0 days 00:00:32.960000,0 days 00:00:24.046000,SOFT,3.0,1.0,,,1,5.0,False,2025,Spain,R,81.421,24.415,32.96,24.046,80.0975,1.32350000000001,86.275,-4.853999999999999,1.32350000000001,81.54100000000001,86.33500000000001,-4.793999999999997,66.0,0.030303030303030304,17.0,0.17647058823529413,9.0,4.0,1,0,0,1,1,0,0,3.0,0.0,0.0,16
LEC,Ferrari,3.0,0 days 00:01:20.809000,0 days 00:00:24.264000,0 days 00:00:32.473000,0 days 00:00:24.072000,SOFT,4.0,1.0,,,1,5.0,False,2025,Spain,R,80.809,24.264,32.473,24.072,80.0975,0.7115000000000009,86.275,-5.466000000000008,0.7115000000000009,80.989,86.33500000000001,-5.346000000000004,66.0,0.045454545454545456,17.0,0.23529411764705882,16.0,9.0,1,0,0,1,1,0,0,4.0,0.0,0.0,16
LEC,Ferrari,4.0,0 days 00:01:20.725000,0 days 00:00:23.886000,0 days 00:00:32.381000,0 days 00:00:24.458000,SOFT,5.0,1.0,,,1,5.0,False,2025,Spain,R,80.725,23.886,32.381,24.458,80.0975,0.6274999999999977,86.275,-5.550000000000011,0.6274999999999977,80.96499999999999,86.33500000000001,-5.370000000000019,66.0,0.06060606060606061,17.0,0.29411764705882354,25.0,16.0,1,0,0,1,1,0,0,5.0,0.0,0.0,16
LEC,Ferrari,5.0,0 days 00:01:20.750000,0 days 00:00:23.909000,0 days 00:00:32.475000,0 days 00:00:24.366000,SOFT,6.0,1.0,,,1,5.0,False,2025,Spain,R,80.75,23.909,32.475,24.366,80.0975,0.6525000000000034,86.275,-5.525000000000006,0.6525000000000034,81.05,86.33500000000001,-5.285000000000011,66.0,0.07575757575757576,17.0,0.35294117647058826,36.0,25.0,1,0,0,1,1,0,0,6.0,0.0,0.0,16
LEC,Ferrari,6.0,0 days 00:01:21.368000,0 days 00:00:23.784000,0 days 00:00:32.764000,0 days 00:00:24.820000,SOFT,7.0,1.0,,,1,5.0,False,2025,Spain,R,81.368,23.784,32.764,24.82,80.0975,1.2704999999999984,86.275,-4.907000000000011,1.2704999999999984,81.728,86.33500000000001,-4.6070000000000135,66.0,0.09090909090909091,17.0,0.4117647058823529,49.0,36.0,1,0,0,1,1,0,0,7.0,0.0,0.0,16
LEC,Ferrari,7.0,0 days 00:01:21.722000,0 days 00:00:24.036000,0 days 00:00:33.025000,0 days 00:00:24.661000,SOFT,8.0,1.0,,,1,5.0,False,2025,Spain,R,81.722,24.036,33.025,24.661,80.0975,1.6244999999999976,86.275,-4.5530000000000115,1.6244999999999976,82.142,86.33500000000001,-4.193000000000012,66.0,0.10606060606060606,17.0,0.47058823529411764,64.0,49.0,1,0,0,1,1,0,0,8.0,0.0,0.0,16
LEC,Ferrari,8.0,0 days 00:01:21.841000,0 days 00:00:23.946000,0 days 00:00:33.269000,0 days 00:00:24.626000,SOFT,9.0,1.0,,,1,5.0,False,2025,Spain,R,81.841,23.946,33.269,24.626,80.0975,1.7434999999999974,86.275,-4.434000000000012,1.7434999999999974,82.321,86.33500000000001,-4.01400000000001,66.0,0.12121212121212122,17.0,0.5294117647058824,81.0,64.0,1,0,0,1,1,0,0,9.0,0.0,0.0,16
LEC,Ferrari,9.0,0 days 00:01:22.127000,0 days 00:00:24.302000,0 days 00:00:33.121000,0 days 00:00:24.704000,SOFT,10.0,1.0,,,1,5.0,False,2025,Spain,R,82.127,24.302,33.121,24.704,80.0975,2.0294999999999987,86.275,-4.14800000000001,2.0294999999999987,82.667,86.33500000000001,-3.6680000000000064,66.0,0.13636363636363635,17.0,0.5882352941176471,100.0,81.0,1,0,0,1,1,0,0,10.0,0.0,0.0,16
LEC,Ferrari,10.0,0 days 00:01:21.028000,0 days 00:00:23.929000,0 days 00:00:32.569000,0 days 00:00:24.530000,SOFT,11.0,1.0,,,1,4.0,False,2025,Spain,R,81.028,23.929,32.569,24.53,80.0975,0.9305000000000092,86.275,-5.247,0.9305000000000092,81.628,86.33500000000001,-4.707000000000008,66.0,0.15151515151515152,17.0,0.6470588235294118,121.0,100.0,1,0,0,1,1,0,0,11.0,0.0,0.0,16
LEC,Ferrari,11.0,0 days 00:01:21.004000,0 days 00:00:23.860000,0 days 00:00:32.687000,0 days 00:00:24.457000,SOFT,12.0,1.0,,,1,4.0,False,2025,Spain,R,81.004,23.86,32.687,24.457,80.0975,0.9065000000000083,86.275,-5.271000000000001,0.9065000000000083,81.664,86.33500000000001,-4.6710000000000065,66.0,0.16666666666666666,17.0,0.7058823529411765,144.0,121.0,1,0,0,1,1,0,0,12.0,0.0,0.0,16
LEC,Ferrari,12.0,0 days 00:01:21.086000,0 days 00:00:23.835000,0 days 00:00:32.656000,0 days 00:00:24.595000,SOFT,13.0,1.0,,,1,4.0,False,2025,Spain,R,81.086,23.835,32.656,24.595,80.0975,0.9885000000000019,86.275,-5.189000000000007,0.9885000000000019,81.806,86.33500000000001,-4.529000000000011,66.0,0.18181818181818182,17.0,0.7647058823529411,169.0,144.0,1,0,0,1,1,0,0,13.0,0.0,0.0,16
LEC,Ferrari,13.0,0 days 00:01:21.406000,0 days 00:00:24.084000,0 days 00:00:32.653000,0 days 00:00:24.669000,SOFT,14.0,1.0,,,1,4.0,False,2025,Spain,R,81.406,24.084,32.653,24.669,80.0975,1.3085000000000093,86.275,-4.869,1.3085000000000093,82.186,86.33500000000001,-4.149000000000001,66.0,0.19696969696969696,17.0,0.8235294117647058,196.0,169.0,1,0,0,1,1,0,0,14.0,0.0,0.0,16
LEC,Ferrari,14.0,0 days 00:01:21.341000,0 days 00:00:24,0 days 00:00:32.653000,0 days 00:00:24.688000,SOFT,15.0,1.0,,,1,3.0,False,2025,Spain,R,81.341,24.0,32.653,24.688,80.0975,1.2434999999999974,86.275,-4.934000000000012,1.2434999999999974,82.181,86.33500000000001,-4.154000000000011,66.0,0.21212121212121213,17.0,0.8823529411764706,225.0,196.0,1,0,0,1,1,0,0,15.0,0.0,0.0,16
LEC,Ferrari,15.0,0 days 00:01:21.700000,0 days 00:00:24.108000,0 days 00:00:32.807000,0 days 00:00:24.785000,SOFT,16.0,1.0,,,1,3.0,False,2025,Spain,R,81.7,24.108,32.807,24.785,80.0975,1.6025000000000063,86.275,-4.575000000000003,1.6025000000000063,82.60000000000001,86.33500000000001,-3.7349999999999994,66.0,0.22727272727272727,17.0,0.9411764705882353,256.0,225.0,1,0,0,1,1,0,0,16.0,0.0,0.0,16
LEC,Ferrari,16.0,0 days 00:01:21.481000,0 days 00:00:24.114000,0 days 00:00:32.767000,0 days 00:00:24.600000,SOFT,17.0,1.0,,,1,3.0,False,2025,Spain,R,81.481,24.114,32.767,24.6,80.0975,1.383499999999998,86.275,-4.794000000000011,1.383499999999998,82.44099999999999,86.33500000000001,-3.8940000000000197,66.0,0.24242424242424243,17.0,1.0,289.0,256.0,1,0,0,1,1,0,0,17.0,0.0,0.0,16
LEC,Ferrari,19.0,0 days 00:01:20.585000,0 days 00:00:23.839000,0 days 00:00:32.303000,0 days 00:00:24.443000,MEDIUM,2.0,2.0,,,1,6.0,False,2025,Spain,R,80.585,23.839,32.303,24.443,80.0975,0.48749999999999716,80.585,0.0,0.48749999999999716,81.725,81.725,0.0,66.0,0.2878787878787879,22.0,0.09090909090909091,4.0,361.0,0,1,0,1,0,1,0,0.0,2.0,0.0,21
LEC,Ferrari,20.0,0 days 00:01:20.775000,0 days 00:00:24.071000,0 days 00:00:32.439000,0 days 00:00:24.265000,MEDIUM,3.0,2.0,,,1,6.0,False,2025,Spain,R,80.775,24.071,32.439,24.265,80.0975,0.6775000000000091,80.585,0.19000000000001194,0.6775000000000091,81.97500000000001,81.725,0.2500000000000142,66.0,0.30303030303030304,22.0,0.13636363636363635,9.0,400.0,0,1,0,1,0,1,0,0.0,3.0,0.0,21
LEC,Ferrari,21.0,0 days 00:01:20.107000,0 days 00:00:23.719000,0 days 00:00:32.203000,0 days 00:00:24.185000,MEDIUM,4.0,2.0,,,1,5.0,False,2025,Spain,R,80.107,23.719,32.203,24.185,80.0975,0.009500000000002728,80.585,-0.47799999999999443,0.009500000000002728,81.367,81.725,-0.3579999999999899,66.0,0.3181818181818182,22.0,0.18181818181818182,16.0,441.0,0,1,0,1,0,1,0,0.0,4.0,0.0,21
LEC,Ferrari,22.0,0 days 00:01:19.918000,0 days 00:00:23.675000,0 days 00:00:32.221000,0 days 00:00:24.022000,MEDIUM,5.0,2.0,,,1,4.0,False,2025,Spain,R,79.918,23.675,32.221,24.022,80.0975,0.17949999999999022,80.585,-0.6669999999999874,-0.17949999999999022,81.238,81.725,-0.48699999999999477,66.0,0.3333333333333333,22.0,0.22727272727272727,25.0,484.0,0,1,0,0,0,1,0,0.0,5.0,0.0,21
LEC,Ferrari,23.0,0 days 00:01:19.467000,0 days 00:00:23.588000,0 days 00:00:31.959000,0 days 00:00:23.920000,MEDIUM,6.0,2.0,,,1,4.0,False,2025,Spain,R,79.467,23.588,31.959,23.92,80.0975,0.6304999999999978,80.585,-1.117999999999995,-0.6304999999999978,80.847,81.725,-0.8780000000000001,66.0,0.3484848484848485,22.0,0.2727272727272727,36.0,529.0,0,1,0,0,0,1,0,0.0,6.0,0.0,21
LEC,Ferrari,24.0,0 days 00:01:19.578000,0 days 00:00:23.503000,0 days 00:00:32.016000,0 days 00:00:24.059000,MEDIUM,7.0,2.0,,,1,4.0,False,2025,Spain,R,79.578,23.503,32.016,24.059,80.0975,0.5194999999999936,80.585,-1.0069999999999908,-0.5194999999999936,81.018,81.725,-0.7069999999999936,66.0,0.36363636363636365,22.0,0.3181818181818182,49.0,576.0,0,1,0,0,0,1,0,0.0,7.0,0.0,21
LEC,Ferrari,25.0,0 days 00:01:19.611000,0 days 00:00:23.536000,0 days 00:00:32.003000,0 days 00:00:24.072000,MEDIUM,8.0,2.0,,,1,4.0,False,2025,Spain,R,79.611,23.536,32.003,24.072,80.0975,0.4864999999999924,80.585,-0.9739999999999895,-0.4864999999999924,81.111,81.725,-0.6139999999999901,66.0,0.3787878787878788,22.0,0.36363636363636365,64.0,625.0,0,1,0,0,0,1,0,0.0,8.0,0.0,21
LEC,Ferrari,26.0,0 days 00:01:19.983000,0 days 00:00:23.689000,0 days 00:00:32.134000,0 days 00:00:24.160000,MEDIUM,9.0,2.0,,,1,4.0,False,2025,Spain,R,79.983,23.689,32.134,24.16,80.0975,0.1144999999999925,80.585,-0.6019999999999897,-0.1144999999999925,81.543,81.725,-0.18199999999998795,66.0,0.3939393939393939,22.0,0.4090909090909091,81.0,676.0,0,1,0,0,0,1,0,0.0,9.0,0.0,21
LEC,Ferrari,27.0,0 days 00:01:19.981000,0 days 00:00:23.649000,0 days 00:00:32.184000,0 days 00:00:24.148000,MEDIUM,10.0,2.0,,,1,4.0,False,2025,Spain,R,79.981,23.649,32.184,24.148,80.0975,0.11650000000000205,80.585,-0.6039999999999992,-0.11650000000000205,81.601,81.725,-0.12399999999999523,66.0,0.4090909090909091,22.0,0.45454545454545453,100.0,729.0,0,1,0,0,0,1,0,0.0,10.0,0.0,21
LEC,Ferrari,28.0,0 days 00:01:20.061000,0 days 00:00:23.718000,0 days 00:00:32.152000,0 days 00:00:24.191000,MEDIUM,11.0,2.0,,,1,4.0,False,2025,Spain,R,80.061,23.718,32.152,24.191,80.0975,0.03649999999998954,80.585,-0.5239999999999867,-0.03649999999998954,81.74100000000001,81.725,0.016000000000019554,66.0,0.42424242424242425,22.0,0.5,121.0,784.0,0,1,0,0,0,1,0,0.0,11.0,0.0,21
LEC,Ferrari,29.0,0 days 00:01:19.979000,0 days 00:00:23.653000,0 days 00:00:32.127000,0 days 00:00:24.199000,MEDIUM,12.0,2.0,,,1,4.0,False,2025,Spain,R,79.979,23.653,32.127,24.199,80.0975,0.11849999999999739,80.585,-0.6059999999999945,-0.11849999999999739,81.719,81.725,-0.006000000000000227,66.0,0.4393939393939394,22.0,0.5454545454545454,144.0,841.0,0,1,0,0,0,1,0,0.0,12.0,0.0,21
LEC,Ferrari,30.0,0 days 00:01:20.088000,0 days 00:00:23.604000,0 days 00:00:32.295000,0 days 00:00:24.189000,MEDIUM,13.0,2.0,,,1,3.0,False,2025,Spain,R,80.088,23.604,32.295,24.189,80.0975,0.009500000000002728,80.585,-0.4969999999999999,-0.009500000000002728,81.88799999999999,81.725,0.1629999999999967,66.0,0.45454545454545453,22.0,0.5909090909090909,169.0,900.0,0,1,0,0,0,1,0,0.0,13.0,0.0,21
LEC,Ferrari,31.0,0 days 00:01:20.085000,0 days 00:00:23.605000,0 days 00:00:32.263000,0 days 00:00:24.217000,MEDIUM,14.0,2.0,,,1,3.0,False,2025,Spain,R,80.085,23.605,32.263,24.217,80.0975,0.012500000000002842,80.585,-0.5,-0.012500000000002842,81.945,81.725,0.21999999999999886,66.0,0.4696969696969697,22.0,0.6363636363636364,196.0,961.0,0,1,0,0,0,1,0,0.0,14.0,0.0,21
LEC,Ferrari,32.0,0 days 00:01:20.007000,0 days 00:00:23.723000,0 days 00:00:32.150000,0 days 00:00:24.134000,MEDIUM,15.0,2.0,,,1,3.0,False,2025,Spain,R,80.007,23.723,32.15,24.134,80.0975,0.09049999999999159,80.585,-0.5779999999999887,-0.09049999999999159,81.927,81.725,0.2020000000000124,66.0,0.48484848484848486,22.0,0.6818181818181818,225.0,1024.0,0,1,0,0,0,1,0,0.0,15.0,0.0,21
LEC,Ferrari,33.0,0 days 00:01:20.240000,0 days 00:00:23.794000,0 days 00:00:32.231000,0 days 00:00:24.215000,MEDIUM,16.0,2.0,,,1,3.0,False,2025,Spain,R,80.24,23.794,32.231,24.215,80.0975,0.1424999999999983,80.585,-0.34499999999999886,0.1424999999999983,82.22,81.725,0.49500000000000455,66.0,0.5,22.0,0.7272727272727273,256.0,1089.0,0,1,0,0,0,1,0,0.0,16.0,0.0,21
LEC,Ferrari,34.0,0 days 00:01:20.338000,0 days 00:00:23.804000,0 days 00:00:32.200000,0 days 00:00:24.334000,MEDIUM,17.0,2.0,,,1,3.0,False,2025,Spain,R,80.338,23.804,32.2,24.334,80.0975,0.24049999999999727,80.585,-0.2469999999999999,0.24049999999999727,82.378,81.725,0.6530000000000058,66.0,0.5151515151515151,22.0,0.7727272727272727,289.0,1156.0,0,1,0,0,0,1,0,0.0,17.0,0.0,21
LEC,Ferrari,35.0,0 days 00:01:20.399000,0 days 00:00:23.743000,0 days 00:00:32.341000,0 days 00:00:24.315000,MEDIUM,18.0,2.0,,,1,3.0,False,2025,Spain,R,80.399,23.743,32.341,24.315,80.0975,0.3015000000000043,80.585,-0.18599999999999284,0.3015000000000043,82.499,81.725,0.7740000000000009,66.0,0.5303030303030303,22.0,0.8181818181818182,324.0,1225.0,0,1,0,0,0,1,0,0.0,18.0,0.0,21
LEC,Ferrari,36.0,0 days 00:01:21.159000,0 days 00:00:24.108000,0 days 00:00:32.596000,0 days 00:00:24.455000,MEDIUM,19.0,2.0,,,1,4.0,False,2025,Spain,R,81.159,24.108,32.596,24.455,80.0975,1.0615000000000094,80.585,0.5740000000000123,1.0615000000000094,83.319,81.725,1.5940000000000083,66.0,0.5454545454545454,22.0,0.8636363636363636,361.0,1296.0,0,1,0,0,0,1,0,0.0,19.0,0.0,21
LEC,Ferrari,37.0,0 days 00:01:21.111000,0 days 00:00:23.951000,0 days 00:00:32.602000,0 days 00:00:24.558000,MEDIUM,20.0,2.0,,,1,4.0,False,2025,Spain,R,81.111,23.951,32.602,24.558,80.0975,1.0135000000000076,80.585,0.5260000000000105,1.0135000000000076,83.331,81.725,1.6060000000000088,66.0,0.5606060606060606,22.0,0.9090909090909091,400.0,1369.0,0,1,0,0,0,1,0,0.0,20.0,0.0,21
LEC,Ferrari,38.0,0 days 00:01:20.825000,0 days 00:00:23.865000,0 days 00:00:32.370000,0 days 00:00:24.590000,MEDIUM,21.0,2.0,,,1,4.0,False,2025,Spain,R,80.825,23.865,32.37,24.59,80.0975,0.7275000000000063,80.585,0.2400000000000091,0.7275000000000063,83.105,81.725,1.3800000000000097,66.0,0.5757575757575758,22.0,0.9545454545454546,441.0,1444.0,0,1,0,0,0,1,0,0.0,21.0,0.0,21
LEC,Ferrari,39.0,0 days 00:01:20.912000,0 days 00:00:23.848000,0 days 00:00:32.525000,0 days 00:00:24.539000,MEDIUM,22.0,2.0,,,1,4.0,False,2025,Spain,R,80.912,23.848,32.525,24.539,80.0975,0.8145000000000095,80.585,0.3270000000000124,0.8145000000000095,83.25200000000001,81.725,1.5270000000000152,66.0,0.5909090909090909,22.0,1.0,484.0,1521.0,0,1,0,0,0,1,0,0.0,22.0,0.0,21
LEC,Ferrari,42.0,0 days 00:01:19.354000,0 days 00:00:23.708000,0 days 00:00:31.802000,0 days 00:00:23.844000,MEDIUM,2.0,3.0,,,1,5.0,False,2025,Spain,R,79.354,23.708,31.802,23.844,80.0975,0.7434999999999974,79.354,0.0,-0.7434999999999974,81.874,81.874,0.0,66.0,0.6363636363636364,14.0,0.14285714285714285,4.0,1764.0,0,0,0,0,0,1,0,0.0,2.0,0.0,13
LEC,Ferrari,43.0,0 days 00:01:19.570000,0 days 00:00:23.595000,0 days 00:00:31.932000,0 days 00:00:24.043000,MEDIUM,3.0,3.0,,,1,5.0,False,2025,Spain,R,79.57,23.595,31.932,24.043,80.0975,0.5275000000000034,79.354,0.21599999999999397,-0.5275000000000034,82.14999999999999,81.874,0.27599999999999625,66.0,0.6515151515151515,14.0,0.21428571428571427,9.0,1849.0,0,0,0,0,0,1,0,0.0,3.0,0.0,13
LEC,Ferrari,44.0,0 days 00:01:19.321000,0 days 00:00:23.583000,0 days 00:00:31.942000,0 days 00:00:23.796000,MEDIUM,4.0,3.0,,,1,5.0,False,2025,Spain,R,79.321,23.583,31.942,23.796,80.0975,0.7764999999999986,79.354,-0.03300000000000125,-0.7764999999999986,81.961,81.874,0.0870000000000033,66.0,0.6666666666666666,14.0,0.2857142857142857,16.0,1936.0,0,0,1,0,0,1,0,0.0,4.0,0.0,13
LEC,Ferrari,45.0,0 days 00:01:19.181000,0 days 00:00:23.531000,0 days 00:00:31.790000,0 days 00:00:23.860000,MEDIUM,5.0,3.0,,,1,5.0,False,2025,Spain,R,79.181,23.531,31.79,23.86,80.0975,0.9164999999999992,79.354,-0.17300000000000182,-0.9164999999999992,81.881,81.874,0.007000000000005002,66.0,0.6818181818181818,14.0,0.35714285714285715,25.0,2025.0,0,0,1,0,0,1,0,0.0,5.0,0.0,13
LEC,Ferrari,46.0,0 days 00:01:19.877000,0 days 00:00:23.571000,0 days 00:00:32.171000,0 days 00:00:24.135000,MEDIUM,6.0,3.0,,,1,5.0,False,2025,Spain,R,79.877,23.571,32.171,24.135,80.0975,0.22050000000000125,79.354,0.5229999999999961,-0.22050000000000125,82.637,81.874,0.7630000000000052,66.0,0.696969696969697,14.0,0.42857142857142855,36.0,2116.0,0,0,1,0,0,1,0,0.0,6.0,0.0,13
LEC,Ferrari,47.0,0 days 00:01:19.806000,0 days 00:00:23.650000,0 days 00:00:32.105000,0 days 00:00:24.051000,MEDIUM,7.0,3.0,,,1,4.0,False,2025,Spain,R,79.806,23.65,32.105,24.051,80.0975,0.2914999999999992,79.354,0.4519999999999982,-0.2914999999999992,82.62599999999999,81.874,0.7519999999999953,66.0,0.7121212121212122,14.0,0.5,49.0,2209.0,0,0,1,0,0,1,0,0.0,7.0,0.0,13
LEC,Ferrari,48.0,0 days 00:01:19.304000,0 days 00:00:23.410000,0 days 00:00:31.928000,0 days 00:00:23.966000,MEDIUM,8.0,3.0,,,1,4.0,False,2025,Spain,R,79.304,23.41,31.928,23.966,80.0975,0.7934999999999945,79.354,-0.04999999999999716,-0.7934999999999945,82.184,81.874,0.3100000000000023,66.0,0.7272727272727273,14.0,0.5714285714285714,64.0,2304.0,0,0,1,0,0,1,0,0.0,8.0,0.0,13
LEC,Ferrari,49.0,0 days 00:01:19.735000,0 days 00:00:23.596000,0 days 00:00:32.049000,0 days 00:00:24.090000,MEDIUM,9.0,3.0,,,1,4.0,False,2025,Spain,R,79.735,23.596,32.049,24.09,80.0975,0.36249999999999716,79.354,0.3810000000000002,-0.36249999999999716,82.675,81.874,0.8010000000000019,66.0,0.7424242424242424,14.0,0.6428571428571429,81.0,2401.0,0,0,1,0,0,1,0,0.0,9.0,0.0,13
LEC,Ferrari,50.0,0 days 00:01:19.697000,0 days 00:00:23.556000,0 days 00:00:31.978000,0 days 00:00:24.163000,MEDIUM,10.0,3.0,,,1,4.0,False,2025,Spain,R,79.697,23.556,31.978,24.163,80.0975,0.40049999999999386,79.354,0.3430000000000035,-0.40049999999999386,82.697,81.874,0.8230000000000075,66.0,0.7575757575757576,14.0,0.7142857142857143,100.0,2500.0,0,0,1,0,0,1,0,0.0,10.0,0.0,13
LEC,Ferrari,51.0,0 days 00:01:19.815000,0 days 00:00:23.487000,0 days 00:00:32.045000,0 days 00:00:24.283000,MEDIUM,11.0,3.0,,,1,4.0,False,2025,Spain,R,79.815,23.487,32.045,24.283,80.0975,0.28249999999999886,79.354,0.4609999999999985,-0.28249999999999886,82.875,81.874,1.0010000000000048,66.0,0.7727272727272727,14.0,0.7857142857142857,121.0,2601.0,0,0,1,0,0,1,0,0.0,11.0,0.0,13
LEC,Ferrari,52.0,0 days 00:01:19.831000,0 days 00:00:23.368000,0 days 00:00:32.181000,0 days 00:00:24.282000,MEDIUM,12.0,3.0,,,1,4.0,False,2025,Spain,R,79.831,23.368,32.181,24.282,80.0975,0.2664999999999935,79.354,0.47700000000000387,-0.2664999999999935,82.95100000000001,81.874,1.0770000000000124,66.0,0.7878787878787878,14.0,0.8571428571428571,144.0,2704.0,0,0,1,0,0,1,0,0.0,12.0,0.0,13
LEC,Ferrari,53.0,0 days 00:01:19.674000,0 days 00:00:23.479000,0 days 00:00:31.983000,0 days 00:00:24.212000,MEDIUM,13.0,3.0,,,1,4.0,False,2025,Spain,R,79.674,23.479,31.983,24.212,80.0975,0.42349999999999,79.354,0.3200000000000074,-0.42349999999999,82.85400000000001,81.874,0.9800000000000182,66.0,0.803030303030303,14.0,0.9285714285714286,169.0,2809.0,0,0,1,0,0,1,0,0.0,13.0,0.0,13
LEC,Ferrari,54.0,0 days 00:01:19.826000,0 days 00:00:23.472000,0 days 00:00:32.271000,0 days 00:00:24.083000,MEDIUM,14.0,3.0,,,1,4.0,False,2025,Spain,R,79.826,23.472,32.271,24.083,80.0975,0.2715000000000032,79.354,0.4719999999999942,-0.2715000000000032,83.06599999999999,81.874,1.191999999999993,66.0,0.8181818181818182,14.0,1.0,196.0,2916.0,0,0,1,0,0,1,0,0.0,14.0,0.0,13
LEC,Ferrari,61.0,0 days 00:01:17.547000,0 days 00:00:23.280000,0 days 00:00:31.168000,0 days 00:00:23.099000,SOFT,9.0,4.0,,,1,3.0,False,2025,Spain,R,77.547,23.28,31.168,23.099,80.0975,2.5504999999999995,77.547,0.0,-2.5504999999999995,81.207,81.207,0.0,66.0,0.9242424242424242,14.0,0.6428571428571429,81.0,3721.0,0,0,1,0,1,0,0,9.0,0.0,0.0,6
LEC,Ferrari,62.0,0 days 00:01:17.259000,0 days 00:00:22.833000,0 days 00:00:31.092000,0 days 00:00:23.334000,SOFT,10.0,4.0,,,1,3.0,False,2025,Spain,R,77.259,22.833,31.092,23.334,80.0975,2.8384999999999962,77.547,-0.2879999999999967,-2.8384999999999962,80.979,81.207,-0.22799999999999443,66.0,0.9393939393939394,14.0,0.7142857142857143,100.0,3844.0,0,0,1,0,1,0,0,10.0,0.0,0.0,6
LEC,Ferrari,63.0,0 days 00:01:17.609000,0 days 00:00:22.894000,0 days 00:00:31.197000,0 days 00:00:23.518000,SOFT,11.0,4.0,,,1,3.0,False,2025,Spain,R,77.609,22.894,31.197,23.518,80.0975,2.488500000000002,77.547,0.06199999999999761,-2.488500000000002,81.389,81.207,0.18200000000000216,66.0,0.9545454545454546,14.0,0.7857142857142857,121.0,3969.0,0,0,1,0,1,0,0,11.0,0.0,0.0,6
LEC,Ferrari,64.0,0 days 00:01:18.130000,0 days 00:00:23.057000,0 days 00:00:31.475000,0 days 00:00:23.598000,SOFT,12.0,4.0,,,1,3.0,False,2025,Spain,R,78.13,23.057,31.475,23.598,80.0975,1.9675000000000011,77.547,0.5829999999999984,-1.9675000000000011,81.97,81.207,0.7630000000000052,66.0,0.9696969696969697,14.0,0.8571428571428571,144.0,4096.0,0,0,1,0,1,0,0,12.0,0.0,0.0,6
LEC,Ferrari,65.0,0 days 00:01:18.644000,0 days 00:00:23.050000,0 days 00:00:31.685000,0 days 00:00:23.909000,SOFT,13.0,4.0,,,1,3.0,False,2025,Spain,R,78.644,23.05,31.685,23.909,80.0975,1.4534999999999911,77.547,1.0970000000000084,-1.4534999999999911,82.54400000000001,81.207,1.3370000000000175,66.0,0.9848484848484849,14.0,0.9285714285714286,169.0,4225.0,0,0,1,0,1,0,0,13.0,0.0,0.0,6
LEC,Ferrari,66.0,0 days 00:01:19.137000,0 days 00:00:23.283000,0 days 00:00:31.853000,0 days 00:00:24.001000,SOFT,14.0,4.0,,,1,3.0,False,2025,Spain,R,79.137,23.283,31.853,24.001,80.0975,0.9604999999999961,77.547,1.5900000000000034,-0.9604999999999961,83.097,81.207,1.8900000000000006,66.0,1.0,14.0,1.0,196.0,4356.0,0,0,1,0,1,0,0,14.0,0.0,0.0,6
NOR,McLaren,1.0,0 days 00:01:24.658000,,0 days 00:00:32.807000,0 days 00:00:24.069000,SOFT,1.0,1.0,,,1,3.0,False,2025,Spain,R,84.658,,32.807,24.069,80.04650000000001,4.611499999999992,84.658,0.0,4.611499999999992,84.718,84.718,0.0,66.0,0.015151515151515152,20.0,0.05,1.0,1.0,1,0,0,1,1,0,0,1.0,0.0,0.0,20
NOR,McLaren,2.0,0 days 00:01:20.904000,0 days 00:00:24.426000,0 days 00:00:32.574000,0 days 00:00:23.904000,SOFT,2.0,1.0,,,1,3.0,False,2025,Spain,R,80.904,24.426,32.574,23.904,80.04650000000001,0.8574999999999875,84.658,-3.754000000000005,0.8574999999999875,81.024,84.718,-3.6940000000000026,66.0,0.030303030303030304,20.0,0.1,4.0,4.0,1,0,0,1,1,0,0,2.0,0.0,0.0,20
NOR,McLaren,3.0,0 days 00:01:20.690000,0 days 00:00:23.920000,0 days 00:00:32.553000,0 days 00:00:24.217000,SOFT,3.0,1.0,,,1,3.0,False,2025,Spain,R,80.69,23.92,32.553,24.217,80.04650000000001,0.6434999999999889,84.658,-3.9680000000000035,0.6434999999999889,80.87,84.718,-3.847999999999999,66.0,0.045454545454545456,20.0,0.15,9.0,9.0,1,0,0,1,1,0,0,3.0,0.0,0.0,20
NOR,McLaren,4.0,0 days 00:01:20.800000,0 days 00:00:24.072000,0 days 00:00:32.502000,0 days 00:00:24.226000,SOFT,4.0,1.0,,,1,3.0,False,2025,Spain,R,80.8,24.072,32.502,24.226,80.04650000000001,0.7534999999999883,84.658,-3.858000000000004,0.7534999999999883,81.03999999999999,84.718,-3.6780000000000115,66.0,0.06060606060606061,20.0,0.2,16.0,16.0,1,0,0,1,1,0,0,4.0,0.0,0.0,20
NOR,McLaren,5.0,0 days 00:01:20.644000,0 days 00:00:23.983000,0 days 00:00:32.529000,0 days 00:00:24.132000,SOFT,5.0,1.0,,,1,3.0,False,2025,Spain,R,80.644,23.983,32.529,24.132,80.04650000000001,0.5974999999999966,84.658,-4.013999999999996,0.5974999999999966,80.944,84.718,-3.774000000000001,66.0,0.07575757575757576,20.0,0.25,25.0,25.0,1,0,0,1,1,0,0,5.0,0.0,0.0,20
NOR,McLaren,6.0,0 days 00:01:20.713000,0 days 00:00:24.113000,0 days 00:00:32.402000,0 days 00:00:24.198000,SOFT,6.0,1.0,,,1,3.0,False,2025,Spain,R,80.713,24.113,32.402,24.198,80.04650000000001,0.666499999999985,84.658,-3.9450000000000074,0.666499999999985,81.073,84.718,-3.6450000000000102,66.0,0.09090909090909091,20.0,0.3,36.0,36.0,1,0,0,1,1,0,0,6.0,0.0,0.0,20
NOR,McLaren,7.0,0 days 00:01:20.837000,0 days 00:00:24.048000,0 days 00:00:32.427000,0 days 00:00:24.362000,SOFT,7.0,1.0,,,1,3.0,False,2025,Spain,R,80.837,24.048,32.427,24.362,80.04650000000001,0.7904999999999944,84.658,-3.820999999999998,0.7904999999999944,81.257,84.718,-3.4609999999999985,66.0,0.10606060606060606,20.0,0.35,49.0,49.0,1,0,0,1,1,0,0,7.0,0.0,0.0,20
NOR,McLaren,8.0,0 days 00:01:20.902000,0 days 00:00:24.111000,0 days 00:00:32.541000,0 days 00:00:24.250000,SOFT,8.0,1.0,,,1,3.0,False,2025,Spain,R,80.902,24.111,32.541,24.25,80.04650000000001,0.8554999999999922,84.658,-3.7560000000000002,0.8554999999999922,81.382,84.718,-3.3359999999999985,66.0,0.12121212121212122,20.0,0.4,64.0,64.0,1,0,0,1,1,0,0,8.0,0.0,0.0,20
NOR,McLaren,9.0,0 days 00:01:20.950000,0 days 00:00:24.027000,0 days 00:00:32.557000,0 days 00:00:24.366000,SOFT,9.0,1.0,,,1,3.0,False,2025,Spain,R,80.95,24.027,32.557,24.366,80.04650000000001,0.903499999999994,84.658,-3.7079999999999984,0.903499999999994,81.49000000000001,84.718,-3.2279999999999944,66.0,0.13636363636363635,20.0,0.45,81.0,81.0,1,0,0,1,1,0,0,9.0,0.0,0.0,20
NOR,McLaren,10.0,0 days 00:01:20.929000,0 days 00:00:23.944000,0 days 00:00:32.556000,0 days 00:00:24.429000,SOFT,10.0,1.0,,,1,3.0,False,2025,Spain,R,80.929,23.944,32.556,24.429,80.04650000000001,0.8824999999999932,84.658,-3.728999999999999,0.8824999999999932,81.529,84.718,-3.189000000000007,66.0,0.15151515151515152,20.0,0.5,100.0,100.0,1,0,0,1,1,0,0,10.0,0.0,0.0,20
NOR,McLaren,11.0,0 days 00:01:20.959000,0 days 00:00:23.919000,0 days 00:00:32.618000,0 days 00:00:24.422000,SOFT,11.0,1.0,,,1,3.0,False,2025,Spain,R,80.959,23.919,32.618,24.422,80.04650000000001,0.9124999999999943,84.658,-3.698999999999998,0.9124999999999943,81.619,84.718,-3.0990000000000038,66.0,0.16666666666666666,20.0,0.55,121.0,121.0,1,0,0,1,1,0,0,11.0,0.0,0.0,20
NOR,McLaren,12.0,0 days 00:01:21.461000,0 days 00:00:23.934000,0 days 00:00:32.972000,0 days 00:00:24.555000,SOFT,12.0,1.0,,,1,3.0,False,2025,Spain,R,81.461,23.934,32.972,24.555,80.04650000000001,1.4144999999999897,84.658,-3.1970000000000027,1.4144999999999897,82.181,84.718,-2.537000000000006,66.0,0.18181818181818182,20.0,0.6,144.0,144.0,1,0,0,1,1,0,0,12.0,0.0,0.0,20
NOR,McLaren,13.0,0 days 00:01:20.531000,0 days 00:00:23.725000,0 days 00:00:32.403000,0 days 00:00:24.403000,SOFT,13.0,1.0,,,1,2.0,False,2025,Spain,R,80.531,23.725,32.403,24.403,80.04650000000001,0.48449999999999704,84.658,-4.126999999999995,0.48449999999999704,81.311,84.718,-3.4069999999999965,66.0,0.19696969696969696,20.0,0.65,169.0,169.0,1,0,0,1,1,0,0,13.0,0.0,0.0,20
NOR,McLaren,14.0,0 days 00:01:20.658000,0 days 00:00:23.945000,0 days 00:00:32.424000,0 days 00:00:24.289000,SOFT,14.0,1.0,,,1,2.0,False,2025,Spain,R,80.658,23.945,32.424,24.289,80.04650000000001,0.6114999999999924,84.658,-4.0,0.6114999999999924,81.498,84.718,-3.219999999999999,66.0,0.21212121212121213,20.0,0.7,196.0,196.0,1,0,0,1,1,0,0,14.0,0.0,0.0,20
NOR,McLaren,15.0,0 days 00:01:20.926000,0 days 00:00:23.899000,0 days 00:00:32.592000,0 days 00:00:24.435000,SOFT,15.0,1.0,,,1,2.0,False,2025,Spain,R,80.926,23.899,32.592,24.435,80.04650000000001,0.8794999999999931,84.658,-3.7319999999999993,0.8794999999999931,81.82600000000001,84.718,-2.891999999999996,66.0,0.22727272727272727,20.0,0.75,225.0,225.0,1,0,0,1,1,0,0,15.0,0.0,0.0,20
NOR,McLaren,16.0,0 days 00:01:20.666000,0 days 00:00:23.875000,0 days 00:00:32.465000,0 days 00:00:24.326000,SOFT,16.0,1.0,,,1,2.0,False,2025,Spain,R,80.666,23.875,32.465,24.326,80.04650000000001,0.619499999999988,84.658,-3.9920000000000044,0.619499999999988,81.62599999999999,84.718,-3.092000000000013,66.0,0.24242424242424243,20.0,0.8,256.0,256.0,1,0,0,1,1,0,0,16.0,0.0,0.0,20
NOR,McLaren,17.0,0 days 00:01:20.846000,0 days 00:00:23.955000,0 days 00:00:32.516000,0 days 00:00:24.375000,SOFT,17.0,1.0,,,1,2.0,False,2025,Spain,R,80.846,23.955,32.516,24.375,80.04650000000001,0.7994999999999948,84.658,-3.8119999999999976,0.7994999999999948,81.866,84.718,-2.852000000000004,66.0,0.25757575757575757,20.0,0.85,289.0,289.0,1,0,0,1,1,0,0,17.0,0.0,0.0,20
NOR,McLaren,18.0,0 days 00:01:20.918000,0 days 00:00:23.892000,0 days 00:00:32.585000,0 days 00:00:24.441000,SOFT,18.0,1.0,,,1,2.0,False,2025,Spain,R,80.918,23.892,32.585,24.441,80.04650000000001,0.8714999999999975,84.658,-3.739999999999995,0.8714999999999975,81.998,84.718,-2.719999999999999,66.0,0.2727272727272727,20.0,0.9,324.0,324.0,1,0,0,1,1,0,0,18.0,0.0,0.0,20
NOR,McLaren,19.0,0 days 00:01:21.089000,0 days 00:00:23.914000,0 days 00:00:32.802000,0 days 00:00:24.373000,SOFT,19.0,1.0,,,1,2.0,False,2025,Spain,R,81.089,23.914,32.802,24.373,80.04650000000001,1.0424999999999898,84.658,-3.5690000000000026,1.0424999999999898,82.229,84.718,-2.4890000000000043,66.0,0.2878787878787879,20.0,0.95,361.0,361.0,1,0,0,1,1,0,0,19.0,0.0,0.0,20
NOR,McLaren,20.0,0 days 00:01:21.578000,0 days 00:00:23.876000,0 days 00:00:33.148000,0 days 00:00:24.554000,SOFT,20.0,1.0,,,1,2.0,False,2025,Spain,R,81.578,23.876,33.148,24.554,80.04650000000001,1.531499999999994,84.658,-3.0799999999999983,1.531499999999994,82.778,84.718,-1.9399999999999977,66.0,0.30303030303030304,20.0,1.0,400.0,400.0,1,0,0,1,1,0,0,20.0,0.0,0.0,20
NOR,McLaren,23.0,0 days 00:01:19.844000,0 days 00:00:23.843000,0 days 00:00:32.086000,0 days 00:00:23.915000,MEDIUM,2.0,2.0,,,1,3.0,False,2025,Spain,R,79.844,23.843,32.086,23.915,80.04650000000001,0.20250000000001478,79.844,0.0,-0.20250000000001478,81.22399999999999,81.22399999999999,0.0,66.0,0.3484848484848485,26.0,0.07692307692307693,4.0,529.0,0,1,0,0,0,1,0,0.0,2.0,0.0,25
NOR,McLaren,24.0,0 days 00:01:19.841000,0 days 00:00:23.836000,0 days 00:00:31.979000,0 days 00:00:24.026000,MEDIUM,3.0,2.0,,,1,3.0,False,2025,Spain,R,79.841,23.836,31.979,24.026,80.04650000000001,0.2055000000000149,79.844,-0.0030000000000001137,-0.2055000000000149,81.28099999999999,81.22399999999999,0.05700000000000216,66.0,0.36363636363636365,26.0,0.11538461538461539,9.0,576.0,0,1,0,0,0,1,0,0.0,3.0,0.0,25
NOR,McLaren,25.0,0 days 00:01:19.917000,0 days 00:00:23.809000,0 days 00:00:32.112000,0 days 00:00:23.996000,MEDIUM,4.0,2.0,,,1,3.0,False,2025,Spain,R,79.917,23.809,32.112,23.996,80.04650000000001,0.12950000000000728,79.844,0.0730000000000075,-0.12950000000000728,81.417,81.22399999999999,0.19300000000001205,66.0,0.3787878787878788,26.0,0.15384615384615385,16.0,625.0,0,1,0,0,0,1,0,0.0,4.0,0.0,25
NOR,McLaren,26.0,0 days 00:01:19.912000,0 days 00:00:23.696000,0 days 00:00:32.187000,0 days 00:00:24.029000,MEDIUM,5.0,2.0,,,1,3.0,False,2025,Spain,R,79.912,23.696,32.187,24.029,80.04650000000001,0.13450000000000273,79.844,0.06800000000001205,-0.13450000000000273,81.47200000000001,81.22399999999999,0.24800000000001887,66.0,0.3939393939393939,26.0,0.19230769230769232,25.0,676.0,0,1,0,0,0,1,0,0.0,5.0,0.0,25
NOR,McLaren,27.0,0 days 00:01:19.968000,0 days 00:00:23.727000,0 days 00:00:32.163000,0 days 00:00:24.078000,MEDIUM,6.0,2.0,,,1,3.0,False,2025,Spain,R,79.968,23.727,32.163,24.078,80.04650000000001,0.07850000000000534,79.844,0.12400000000000944,-0.07850000000000534,81.58800000000001,81.22399999999999,0.36400000000001853,66.0,0.4090909090909091,26.0,0.23076923076923078,36.0,729.0,0,1,0,0,0,1,0,0.0,6.0,0.0,25
NOR,McLaren,28.0,0 days 00:01:19.799000,0 days 00:00:23.742000,0 days 00:00:32.131000,0 days 00:00:23.926000,MEDIUM,7.0,2.0,,,1,3.0,False,2025,Spain,R,79.799,23.742,32.131,23.926,80.04650000000001,0.24750000000000227,79.844,-0.044999999999987494,-0.24750000000000227,81.47900000000001,81.22399999999999,0.2550000000000239,66.0,0.42424242424242425,26.0,0.2692307692307692,49.0,784.0,0,1,0,0,0,1,0,0.0,7.0,0.0,25
NOR,McLaren,29.0,0 days 00:01:20.016000,0 days 00:00:23.633000,0 days 00:00:32.182000,0 days 00:00:24.201000,MEDIUM,8.0,2.0,,,1,3.0,False,2025,Spain,R,80.016,23.633,32.182,24.201,80.04650000000001,0.030500000000003524,79.844,0.17200000000001125,-0.030500000000003524,81.756,81.22399999999999,0.5320000000000107,66.0,0.4393939393939394,26.0,0.3076923076923077,64.0,841.0,0,1,0,0,0,1,0,0.0,8.0,0.0,25
NOR,McLaren,30.0,0 days 00:01:19.989000,0 days 00:00:23.550000,0 days 00:00:32.334000,0 days 00:00:24.105000,MEDIUM,9.0,2.0,,,1,2.0,False,2025,Spain,R,79.989,23.55,32.334,24.105,80.04650000000001,0.05750000000000455,79.844,0.14500000000001023,-0.05750000000000455,81.789,81.22399999999999,0.5650000000000119,66.0,0.45454545454545453,26.0,0.34615384615384615,81.0,900.0,0,1,0,0,0,1,0,0.0,9.0,0.0,25
NOR,McLaren,31.0,0 days 00:01:20.318000,0 days 00:00:23.685000,0 days 00:00:32.434000,0 days 00:00:24.199000,MEDIUM,10.0,2.0,,,1,2.0,False,2025,Spain,R,80.318,23.685,32.434,24.199,80.04650000000001,0.271499999999989,79.844,0.47400000000000375,0.271499999999989,82.178,81.22399999999999,0.9540000000000077,66.0,0.4696969696969697,26.0,0.38461538461538464,100.0,961.0,0,1,0,0,0,1,0,0.0,10.0,0.0,25
NOR,McLaren,32.0,0 days 00:01:20.066000,0 days 00:00:23.781000,0 days 00:00:32.283000,0 days 00:00:24.002000,MEDIUM,11.0,2.0,,,1,2.0,False,2025,Spain,R,80.066,23.781,32.283,24.002,80.04650000000001,0.019499999999993634,79.844,0.2220000000000084,0.019499999999993634,81.986,81.22399999999999,0.7620000000000147,66.0,0.48484848484848486,26.0,0.4230769230769231,121.0,1024.0,0,1,0,0,0,1,0,0.0,11.0,0.0,25
NOR,McLaren,33.0,0 days 00:01:19.902000,0 days 00:00:23.728000,0 days 00:00:32.149000,0 days 00:00:24.025000,MEDIUM,12.0,2.0,,,1,2.0,False,2025,Spain,R,79.902,23.728,32.149,24.025,80.04650000000001,0.14450000000000784,79.844,0.058000000000006935,-0.14450000000000784,81.882,81.22399999999999,0.6580000000000155,66.0,0.5,26.0,0.46153846153846156,144.0,1089.0,0,1,0,0,0,1,0,0.0,12.0,0.0,25
NOR,McLaren,34.0,0 days 00:01:19.913000,0 days 00:00:23.596000,0 days 00:00:32.173000,0 days 00:00:24.144000,MEDIUM,13.0,2.0,,,1,2.0,False,2025,Spain,R,79.913,23.596,32.173,24.144,80.04650000000001,0.13350000000001216,79.844,0.06900000000000261,-0.13350000000001216,81.953,81.22399999999999,0.7290000000000134,66.0,0.5151515151515151,26.0,0.5,169.0,1156.0,0,1,0,0,0,1,0,0.0,13.0,0.0,25
NOR,McLaren,35.0,0 days 00:01:19.854000,0 days 00:00:23.581000,0 days 00:00:32.137000,0 days 00:00:24.136000,MEDIUM,14.0,2.0,,,1,2.0,False,2025,Spain,R,79.854,23.581,32.137,24.136,80.04650000000001,0.19250000000000966,79.844,0.010000000000005116,-0.19250000000000966,81.954,81.22399999999999,0.730000000000004,66.0,0.5303030303030303,26.0,0.5384615384615384,196.0,1225.0,0,1,0,0,0,1,0,0.0,14.0,0.0,25
NOR,McLaren,36.0,0 days 00:01:19.612000,0 days 00:00:23.532000,0 days 00:00:32.102000,0 days 00:00:23.978000,MEDIUM,15.0,2.0,,,1,2.0,False,2025,Spain,R,79.612,23.532,32.102,23.978,80.04650000000001,0.4345000000000141,79.844,-0.23199999999999932,-0.4345000000000141,81.77199999999999,81.22399999999999,0.5480000000000018,66.0,0.5454545454545454,26.0,0.5769230769230769,225.0,1296.0,0,1,0,0,0,1,0,0.0,15.0,0.0,25
NOR,McLaren,37.0,0 days 00:01:19.650000,0 days 00:00:23.391000,0 days 00:00:32.190000,0 days 00:00:24.069000,MEDIUM,16.0,2.0,,,1,2.0,False,2025,Spain,R,79.65,23.391,32.19,24.069,80.04650000000001,0.3965000000000032,79.844,-0.1939999999999884,-0.3965000000000032,81.87,81.22399999999999,0.646000000000015,66.0,0.5606060606060606,26.0,0.6153846153846154,256.0,1369.0,0,1,0,0,0,1,0,0.0,16.0,0.0,25
NOR,McLaren,38.0,0 days 00:01:20.101000,0 days 00:00:23.312000,0 days 00:00:32.389000,0 days 00:00:24.400000,MEDIUM,17.0,2.0,,,1,2.0,False,2025,Spain,R,80.101,23.312,32.389,24.4,80.04650000000001,0.05449999999999022,79.844,0.257000000000005,0.05449999999999022,82.381,81.22399999999999,1.1570000000000107,66.0,0.5757575757575758,26.0,0.6538461538461539,289.0,1444.0,0,1,0,0,0,1,0,0.0,17.0,0.0,25
NOR,McLaren,39.0,0 days 00:01:19.449000,0 days 00:00:23.103000,0 days 00:00:32.283000,0 days 00:00:24.063000,MEDIUM,18.0,2.0,,,1,2.0,False,2025,Spain,R,79.449,23.103,32.283,24.063,80.04650000000001,0.5975000000000108,79.844,-0.394999999999996,-0.5975000000000108,81.789,81.22399999999999,0.5650000000000119,66.0,0.5909090909090909,26.0,0.6923076923076923,324.0,1521.0,0,1,0,0,0,1,0,0.0,18.0,0.0,25
NOR,McLaren,40.0,0 days 00:01:19.851000,0 days 00:00:23.344000,0 days 00:00:32.216000,0 days 00:00:24.291000,MEDIUM,19.0,2.0,,,1,2.0,False,2025,Spain,R,79.851,23.344,32.216,24.291,80.04650000000001,0.19550000000000978,79.844,0.007000000000005002,-0.19550000000000978,82.251,81.22399999999999,1.0270000000000152,66.0,0.6060606060606061,26.0,0.7307692307692307,361.0,1600.0,0,1,0,0,0,1,0,0.0,19.0,0.0,25
NOR,McLaren,41.0,0 days 00:01:20.568000,0 days 00:00:23.533000,0 days 00:00:32.591000,0 days 00:00:24.444000,MEDIUM,20.0,2.0,,,1,2.0,False,2025,Spain,R,80.568,23.533,32.591,24.444,80.04650000000001,0.521499999999989,79.844,0.7240000000000038,0.521499999999989,83.02799999999999,81.22399999999999,1.804000000000002,66.0,0.6212121212121212,26.0,0.7692307692307693,400.0,1681.0,0,1,0,0,0,1,0,0.0,20.0,0.0,25
NOR,McLaren,42.0,0 days 00:01:19.941000,0 days 00:00:23.424000,0 days 00:00:32.303000,0 days 00:00:24.214000,MEDIUM,21.0,2.0,,,1,2.0,False,2025,Spain,R,79.941,23.424,32.303,24.214,80.04650000000001,0.10550000000000637,79.844,0.09700000000000841,-0.10550000000000637,82.461,81.22399999999999,1.237000000000009,66.0,0.6363636363636364,26.0,0.8076923076923077,441.0,1764.0,0,1,0,0,0,1,0,0.0,21.0,0.0,25
NOR,McLaren,43.0,0 days 00:01:19.824000,0 days 00:00:23.375000,0 days 00:00:32.353000,0 days 00:00:24.096000,MEDIUM,22.0,2.0,,,1,2.0,False,2025,Spain,R,79.824,23.375,32.353,24.096,80.04650000000001,0.2225000000000108,79.844,-0.01999999999999602,-0.2225000000000108,82.404,81.22399999999999,1.1800000000000068,66.0,0.6515151515151515,26.0,0.8461538461538461,484.0,1849.0,0,1,0,0,0,1,0,0.0,22.0,0.0,25
NOR,McLaren,44.0,0 days 00:01:19.984000,0 days 00:00:23.550000,0 days 00:00:32.212000,0 days 00:00:24.222000,MEDIUM,23.0,2.0,,,1,2.0,False,2025,Spain,R,79.984,23.55,32.212,24.222,80.04650000000001,0.06250000000001421,79.844,0.14000000000000057,-0.06250000000001421,82.624,81.22399999999999,1.4000000000000057,66.0,0.6666666666666666,26.0,0.8846153846153846,529.0,1936.0,0,1,1,0,0,1,0,0.0,23.0,0.0,25
NOR,McLaren,45.0,0 days 00:01:20.426000,0 days 00:00:23.676000,0 days 00:00:32.478000,0 days 00:00:24.272000,MEDIUM,24.0,2.0,,,1,2.0,False,2025,Spain,R,80.426,23.676,32.478,24.272,80.04650000000001,0.37949999999999307,79.844,0.5820000000000078,0.37949999999999307,83.126,81.22399999999999,1.9020000000000152,66.0,0.6818181818181818,26.0,0.9230769230769231,576.0,2025.0,0,1,1,0,0,1,0,0.0,24.0,0.0,25
NOR,McLaren,46.0,0 days 00:01:20.027000,0 days 00:00:23.614000,0 days 00:00:32.171000,0 days 00:00:24.242000,MEDIUM,25.0,2.0,,,1,2.0,False,2025,Spain,R,80.027,23.614,32.171,24.242,80.04650000000001,0.019500000000007844,79.844,0.18300000000000693,-0.019500000000007844,82.787,81.22399999999999,1.5630000000000166,66.0,0.696969696969697,26.0,0.9615384615384616,625.0,2116.0,0,1,1,0,0,1,0,0.0,25.0,0.0,25
NOR,McLaren,47.0,0 days 00:01:20.082000,0 days 00:00:23.596000,0 days 00:00:32.318000,0 days 00:00:24.168000,MEDIUM,26.0,2.0,,,1,2.0,False,2025,Spain,R,80.082,23.596,32.318,24.168,80.04650000000001,0.035499999999984766,79.844,0.23799999999999955,0.035499999999984766,82.90199999999999,81.22399999999999,1.6779999999999973,66.0,0.7121212121212122,26.0,1.0,676.0,2209.0,0,1,1,0,0,1,0,0.0,26.0,0.0,25
NOR,McLaren,50.0,0 days 00:01:17.304000,0 days 00:00:22.512000,0 days 00:00:31.296000,0 days 00:00:23.496000,SOFT,5.0,3.0,,,1,2.0,False,2025,Spain,R,77.304,22.512,31.296,23.496,80.04650000000001,2.742500000000007,77.304,0.0,-2.742500000000007,80.304,80.304,0.0,66.0,0.7575757575757576,9.0,0.5555555555555556,25.0,2500.0,0,0,1,0,1,0,0,5.0,0.0,0.0,5
NOR,McLaren,51.0,0 days 00:01:18.315000,0 days 00:00:23.219000,0 days 00:00:31.349000,0 days 00:00:23.747000,SOFT,6.0,3.0,,,1,2.0,False,2025,Spain,R,78.315,23.219,31.349,23.747,80.04650000000001,1.7315000000000111,77.304,1.0109999999999957,-1.7315000000000111,81.375,80.304,1.070999999999998,66.0,0.7727272727272727,9.0,0.6666666666666666,36.0,2601.0,0,0,1,0,1,0,0,6.0,0.0,0.0,5
NOR,McLaren,52.0,0 days 00:01:19.034000,0 days 00:00:23.896000,0 days 00:00:31.698000,0 days 00:00:23.440000,SOFT,7.0,3.0,,,1,2.0,False,2025,Spain,R,79.034,23.896,31.698,23.44,80.04650000000001,1.0125000000000028,77.304,1.730000000000004,-1.0125000000000028,82.15400000000001,80.304,1.8500000000000085,66.0,0.7878787878787878,9.0,0.7777777777777778,49.0,2704.0,0,0,1,0,1,0,0,7.0,0.0,0.0,5
NOR,McLaren,53.0,0 days 00:01:18.345000,0 days 00:00:23.291000,0 days 00:00:31.634000,0 days 00:00:23.420000,SOFT,8.0,3.0,,,1,2.0,False,2025,Spain,R,78.345,23.291,31.634,23.42,80.04650000000001,1.70150000000001,77.304,1.0409999999999968,-1.70150000000001,81.525,80.304,1.2210000000000036,66.0,0.803030303030303,9.0,0.8888888888888888,64.0,2809.0,0,0,1,0,1,0,0,8.0,0.0,0.0,5
NOR,McLaren,54.0,0 days 00:01:18.114000,0 days 00:00:23.129000,0 days 00:00:31.474000,0 days 00:00:23.511000,SOFT,9.0,3.0,,,1,2.0,False,2025,Spain,R,78.114,23.129,31.474,23.511,80.04650000000001,1.9325000000000045,77.304,0.8100000000000023,-1.9325000000000045,81.354,80.304,1.0499999999999972,66.0,0.8181818181818182,9.0,1.0,81.0,2916.0,0,0,1,0,1,0,0,9.0,0.0,0.0,5
NOR,McLaren,61.0,0 days 00:01:16.187000,0 days 00:00:22.929000,0 days 00:00:30.691000,0 days 00:00:22.567000,SOFT,9.0,4.0,,,1,2.0,False,2025,Spain,R,76.187,22.929,30.691,22.567,80.04650000000001,3.8595000000000113,76.187,0.0,-3.8595000000000113,79.847,79.847,0.0,66.0,0.9242424242424242,14.0,0.6428571428571429,81.0,3721.0,0,0,1,0,1,0,0,9.0,0.0,0.0,6
NOR,McLaren,62.0,0 days 00:01:16.214000,0 days 00:00:22.632000,0 days 00:00:30.825000,0 days 00:00:22.757000,SOFT,10.0,4.0,,,1,2.0,False,2025,Spain,R,76.214,22.632,30.825,22.757,80.04650000000001,3.8325000000000102,76.187,0.027000000000001023,-3.8325000000000102,79.934,79.847,0.0870000000000033,66.0,0.9393939393939394,14.0,0.7142857142857143,100.0,3844.0,0,0,1,0,1,0,0,10.0,0.0,0.0,6
NOR,McLaren,63.0,0 days 00:01:16.716000,0 days 00:00:22.652000,0 days 00:00:31.060000,0 days 00:00:23.004000,SOFT,11.0,4.0,,,1,2.0,False,2025,Spain,R,76.716,22.652,31.06,23.004,80.04650000000001,3.330500000000015,76.187,0.5289999999999964,-3.330500000000015,80.496,79.847,0.6490000000000009,66.0,0.9545454545454546,14.0,0.7857142857142857,121.0,3969.0,0,0,1,0,1,0,0,11.0,0.0,0.0,6
NOR,McLaren,64.0,0 days 00:01:16.863000,0 days 00:00:22.500000,0 days 00:00:31.187000,0 days 00:00:23.176000,SOFT,12.0,4.0,,,1,2.0,False,2025,Spain,R,76.863,22.5,31.187,23.176,80.04650000000001,3.1835000000000093,76.187,0.6760000000000019,-3.1835000000000093,80.703,79.847,0.8560000000000088,66.0,0.9696969696969697,14.0,0.8571428571428571,144.0,4096.0,0,0,1,0,1,0,0,12.0,0.0,0.0,6
NOR,McLaren,65.0,0 days 00:01:17.505000,0 days 00:00:22.660000,0 days 00:00:31.502000,0 days 00:00:23.343000,SOFT,13.0,4.0,,,1,2.0,False,2025,Spain,R,77.505,22.66,31.502,23.343,80.04650000000001,2.5415000000000134,76.187,1.3179999999999978,-2.5415000000000134,81.405,79.847,1.558000000000007,66.0,0.9848484848484849,14.0,0.9285714285714286,169.0,4225.0,0,0,1,0,1,0,0,13.0,0.0,0.0,6
NOR,McLaren,66.0,0 days 00:01:17.519000,0 days 00:00:22.775000,0 days 00:00:31.491000,0 days 00:00:23.253000,SOFT,14.0,4.0,,,1,2.0,False,2025,Spain,R,77.519,22.775,31.491,23.253,80.04650000000001,2.5275000000000034,76.187,1.3320000000000078,-2.5275000000000034,81.479,79.847,1.632000000000005,66.0,1.0,14.0,1.0,196.0,4356.0,0,0,1,0,1,0,0,14.0,0.0,0.0,6
OCO,Haas F1 Team,2.0,0 days 00:01:23.815000,0 days 00:00:24.782000,0 days 00:00:33.892000,0 days 00:00:25.141000,SOFT,2.0,1.0,,,1,16.0,False,2025,Spain,R,83.815,24.782,33.892,25.141,81.904,1.9110000000000014,83.815,0.0,1.9110000000000014,83.935,83.935,0.0,66.0,0.030303030303030304,19.0,0.10526315789473684,4.0,4.0,1,0,0,1,1,0,0,2.0,0.0,0.0,18
OCO,Haas F1 Team,3.0,0 days 00:01:22.636000,0 days 00:00:24.295000,0 days 00:00:33.585000,0 days 00:00:24.756000,SOFT,3.0,1.0,,,1,16.0,False,2025,Spain,R,82.636,24.295,33.585,24.756,81.904,0.7319999999999993,83.815,-1.179000000000002,0.7319999999999993,82.816,83.935,-1.1189999999999998,66.0,0.045454545454545456,19.0,0.15789473684210525,9.0,9.0,1,0,0,1,1,0,0,3.0,0.0,0.0,18
OCO,Haas F1 Team,4.0,0 days 00:01:22.373000,0 days 00:00:24.215000,0 days 00:00:33.190000,0 days 00:00:24.968000,SOFT,4.0,1.0,,,1,16.0,False,2025,Spain,R,82.373,24.215,33.19,24.968,81.904,0.4690000000000083,83.815,-1.441999999999993,0.4690000000000083,82.613,83.935,-1.3220000000000027,66.0,0.06060606060606061,19.0,0.21052631578947367,16.0,16.0,1,0,0,1,1,0,0,4.0,0.0,0.0,18
OCO,Haas F1 Team,5.0,0 days 00:01:22.484000,0 days 00:00:24.086000,0 days 00:00:33.441000,0 days 00:00:24.957000,SOFT,5.0,1.0,,,1,16.0,False,2025,Spain,R,82.484,24.086,33.441,24.957,81.904,0.5799999999999983,83.815,-1.331000000000003,0.5799999999999983,82.78399999999999,83.935,-1.1510000000000105,66.0,0.07575757575757576,19.0,0.2631578947368421,25.0,25.0,1,0,0,1,1,0,0,5.0,0.0,0.0,18
OCO,Haas F1 Team,6.0,0 days 00:01:22.586000,0 days 00:00:24.162000,0 days 00:00:33.465000,0 days 00:00:24.959000,SOFT,6.0,1.0,,,1,15.0,False,2025,Spain,R,82.586,24.162,33.465,24.959,81.904,0.6820000000000022,83.815,-1.2289999999999992,0.6820000000000022,82.946,83.935,-0.9890000000000043,66.0,0.09090909090909091,19.0,0.3157894736842105,36.0,36.0,1,0,0,1,1,0,0,6.0,0.0,0.0,18
OCO,Haas F1 Team,7.0,0 days 00:01:22.280000,0 days 00:00:23.931000,0 days 00:00:33.391000,0 days 00:00:24.958000,SOFT,7.0,1.0,,,1,15.0,False,2025,Spain,R,82.28,23.931,33.391,24.958,81.904,0.3760000000000048,83.815,-1.5349999999999966,0.3760000000000048,82.7,83.935,-1.2349999999999994,66.0,0.10606060606060606,19.0,0.3684210526315789,49.0,49.0,1,0,0,1,1,0,0,7.0,0.0,0.0,18
OCO,Haas F1 Team,8.0,0 days 00:01:22.643000,0 days 00:00:24.169000,0 days 00:00:33.356000,0 days 00:00:25.118000,SOFT,8.0,1.0,,,1,14.0,False,2025,Spain,R,82.643,24.169,33.356,25.118,81.904,0.7390000000000043,83.815,-1.171999999999997,0.7390000000000043,83.123,83.935,-0.8119999999999976,66.0,0.12121212121212122,19.0,0.42105263157894735,64.0,64.0,1,0,0,1,1,0,0,8.0,0.0,0.0,18
OCO,Haas F1 Team,9.0,0 days 00:01:22.814000,0 days 00:00:24.084000,0 days 00:00:33.619000,0 days 00:00:25.111000,SOFT,9.0,1.0,,,1,14.0,False,2025,Spain,R,82.814,24.084,33.619,25.111,81.904,0.9099999999999966,83.815,-1.0010000000000048,0.9099999999999966,83.354,83.935,-0.5810000000000031,66.0,0.13636363636363635,19.0,0.47368421052631576,81.0,81.0,1,0,0,1,1,0,0,9.0,0.0,0.0,18
OCO,Haas F1 Team,10.0,0 days 00:01:22.833000,0 days 00:00:24.372000,0 days 00:00:33.515000,0 days 00:00:24.946000,SOFT,10.0,1.0,,,1,13.0,False,2025,Spain,R,82.833,24.372,33.515,24.946,81.904,0.929000000000002,83.815,-0.9819999999999993,0.929000000000002,83.43299999999999,83.935,-0.5020000000000095,66.0,0.15151515151515152,19.0,0.5263157894736842,100.0,100.0,1,0,0,1,1,0,0,10.0,0.0,0.0,18
OCO,Haas F1 Team,11.0,0 days 00:01:22.770000,0 days 00:00:24.339000,0 days 00:00:33.360000,0 days 00:00:25.071000,SOFT,11.0,1.0,,,1,12.0,False,2025,Spain,R,82.77,24.339,33.36,25.071,81.904,0.8659999999999997,83.815,-1.0450000000000017,0.8659999999999997,83.42999999999999,83.935,-0.5050000000000097,66.0,0.16666666666666666,19.0,0.5789473684210527,121.0,121.0,1,0,0,1,1,0,0,11.0,0.0,0.0,18
OCO,Haas F1 Team,12.0,0 days 00:01:22.916000,0 days 00:00:24.267000,0 days 00:00:33.496000,0 days 00:00:25.153000,SOFT,12.0,1.0,,,1,12.0,False,2025,Spain,R,82.916,24.267,33.496,25.153,81.904,1.0120000000000005,83.815,-0.8990000000000009,1.0120000000000005,83.636,83.935,-0.2990000000000066,66.0,0.18181818181818182,19.0,0.631578947368421,144.0,144.0,1,0,0,1,1,0,0,12.0,0.0,0.0,18
OCO,Haas F1 Team,13.0,0 days 00:01:24.063000,0 days 00:00:24.485000,0 days 00:00:34.109000,0 days 00:00:25.469000,SOFT,13.0,1.0,,,1,12.0,False,2025,Spain,R,84.063,24.485,34.109,25.469,81.904,2.159000000000006,83.815,0.24800000000000466,2.159000000000006,84.843,83.935,0.9080000000000013,66.0,0.19696969696969696,19.0,0.6842105263157895,169.0,169.0,1,0,0,1,1,0,0,13.0,0.0,0.0,18
OCO,Haas F1 Team,14.0,0 days 00:01:24.388000,0 days 00:00:24.937000,0 days 00:00:34.065000,0 days 00:00:25.386000,SOFT,14.0,1.0,,,1,12.0,False,2025,Spain,R,84.388,24.937,34.065,25.386,81.904,2.484000000000009,83.815,0.5730000000000075,2.484000000000009,85.22800000000001,83.935,1.2930000000000064,66.0,0.21212121212121213,19.0,0.7368421052631579,196.0,196.0,1,0,0,1,1,0,0,14.0,0.0,0.0,18
OCO,Haas F1 Team,15.0,0 days 00:01:23.590000,0 days 00:00:24.504000,0 days 00:00:33.815000,0 days 00:00:25.271000,SOFT,15.0,1.0,,,1,11.0,False,2025,Spain,R,83.59,24.504,33.815,25.271,81.904,1.686000000000007,83.815,-0.22499999999999432,1.686000000000007,84.49000000000001,83.935,0.5550000000000068,66.0,0.22727272727272727,19.0,0.7894736842105263,225.0,225.0,1,0,0,1,1,0,0,15.0,0.0,0.0,18
OCO,Haas F1 Team,16.0,0 days 00:01:22.357000,0 days 00:00:23.924000,0 days 00:00:33.383000,0 days 00:00:25.050000,SOFT,16.0,1.0,,,1,11.0,False,2025,Spain,R,82.357,23.924,33.383,25.05,81.904,0.45300000000000296,83.815,-1.4579999999999984,0.45300000000000296,83.317,83.935,-0.6180000000000092,66.0,0.24242424242424243,19.0,0.8421052631578947,256.0,256.0,1,0,0,1,1,0,0,16.0,0.0,0.0,18
OCO,Haas F1 Team,17.0,0 days 00:01:23.264000,0 days 00:00:24.403000,0 days 00:00:33.634000,0 days 00:00:25.227000,SOFT,17.0,1.0,,,1,11.0,False,2025,Spain,R,83.264,24.403,33.634,25.227,81.904,1.3599999999999994,83.815,-0.5510000000000019,1.3599999999999994,84.28399999999999,83.935,0.34899999999998954,66.0,0.25757575757575757,19.0,0.8947368421052632,289.0,289.0,1,0,0,1,1,0,0,17.0,0.0,0.0,18
OCO,Haas F1 Team,18.0,0 days 00:01:23.040000,0 days 00:00:24.468000,0 days 00:00:33.474000,0 days 00:00:25.098000,SOFT,18.0,1.0,,,1,11.0,False,2025,Spain,R,83.04,24.468,33.474,25.098,81.904,1.13600000000001,83.815,-0.7749999999999915,1.13600000000001,84.12,83.935,0.18500000000000227,66.0,0.2727272727272727,19.0,0.9473684210526315,324.0,324.0,1,0,0,1,1,0,0,18.0,0.0,0.0,18
OCO,Haas F1 Team,19.0,0 days 00:01:24.345000,0 days 00:00:25.075000,0 days 00:00:33.972000,0 days 00:00:25.298000,SOFT,19.0,1.0,,,1,10.0,False,2025,Spain,R,84.345,25.075,33.972,25.298,81.904,2.4410000000000025,83.815,0.5300000000000011,2.4410000000000025,85.485,83.935,1.5499999999999972,66.0,0.2878787878787879,19.0,1.0,361.0,361.0,1,0,0,1,1,0,0,19.0,0.0,0.0,18
OCO,Haas F1 Team,22.0,0 days 00:01:20.553000,0 days 00:00:23.811000,0 days 00:00:32.346000,0 days 00:00:24.396000,MEDIUM,2.0,2.0,,,1,19.0,False,2025,Spain,R,80.553,23.811,32.346,24.396,81.904,1.350999999999999,80.553,0.0,-1.350999999999999,81.87299999999999,81.87299999999999,0.0,66.0,0.3333333333333333,22.0,0.09090909090909091,4.0,484.0,0,1,0,0,0,1,0,0.0,2.0,0.0,21
OCO,Haas F1 Team,23.0,0 days 00:01:20.793000,0 days 00:00:23.893000,0 days 00:00:32.515000,0 days 00:00:24.385000,MEDIUM,3.0,2.0,,,1,19.0,False,2025,Spain,R,80.793,23.893,32.515,24.385,81.904,1.11099999999999,80.553,0.2400000000000091,-1.11099999999999,82.173,81.87299999999999,0.30000000000001137,66.0,0.3484848484848485,22.0,0.13636363636363635,9.0,529.0,0,1,0,0,0,1,0,0.0,3.0,0.0,21
OCO,Haas F1 Team,24.0,0 days 00:01:21.025000,0 days 00:00:23.886000,0 days 00:00:32.732000,0 days 00:00:24.407000,MEDIUM,4.0,2.0,,,1,19.0,False,2025,Spain,R,81.025,23.886,32.732,24.407,81.904,0.8789999999999907,80.553,0.4720000000000084,-0.8789999999999907,82.465,81.87299999999999,0.592000000000013,66.0,0.36363636363636365,22.0,0.18181818181818182,16.0,576.0,0,1,0,0,0,1,0,0.0,4.0,0.0,21
OCO,Haas F1 Team,25.0,0 days 00:01:22.556000,0 days 00:00:24.068000,0 days 00:00:33.117000,0 days 00:00:25.371000,MEDIUM,5.0,2.0,,,1,18.0,False,2025,Spain,R,82.556,24.068,33.117,25.371,81.904,0.652000000000001,80.553,2.003,0.652000000000001,84.056,81.87299999999999,2.183000000000007,66.0,0.3787878787878788,22.0,0.22727272727272727,25.0,625.0,0,1,0,0,0,1,0,0.0,5.0,0.0,21
OCO,Haas F1 Team,26.0,0 days 00:01:21.239000,0 days 00:00:23.584000,0 days 00:00:32.971000,0 days 00:00:24.684000,MEDIUM,6.0,2.0,,,1,16.0,False,2025,Spain,R,81.239,23.584,32.971,24.684,81.904,0.664999999999992,80.553,0.686000000000007,-0.664999999999992,82.799,81.87299999999999,0.9260000000000161,66.0,0.3939393939393939,22.0,0.2727272727272727,36.0,676.0,0,1,0,0,0,1,0,0.0,6.0,0.0,21
OCO,Haas F1 Team,27.0,0 days 00:01:21.248000,0 days 00:00:24.078000,0 days 00:00:32.677000,0 days 00:00:24.493000,MEDIUM,7.0,2.0,,,1,16.0,False,2025,Spain,R,81.248,24.078,32.677,24.493,81.904,0.6559999999999917,80.553,0.6950000000000074,-0.6559999999999917,82.86800000000001,81.87299999999999,0.9950000000000188,66.0,0.4090909090909091,22.0,0.3181818181818182,49.0,729.0,0,1,0,0,0,1,0,0.0,7.0,0.0,21
OCO,Haas F1 Team,28.0,0 days 00:01:20.959000,0 days 00:00:23.874000,0 days 00:00:32.664000,0 days 00:00:24.421000,MEDIUM,8.0,2.0,,,1,16.0,False,2025,Spain,R,80.959,23.874,32.664,24.421,81.904,0.9449999999999932,80.553,0.4060000000000059,-0.9449999999999932,82.63900000000001,81.87299999999999,0.7660000000000196,66.0,0.42424242424242425,22.0,0.36363636363636365,64.0,784.0,0,1,0,0,0,1,0,0.0,8.0,0.0,21
OCO,Haas F1 Team,29.0,0 days 00:01:21.229000,0 days 00:00:23.963000,0 days 00:00:32.786000,0 days 00:00:24.480000,MEDIUM,9.0,2.0,,,1,16.0,False,2025,Spain,R,81.229,23.963,32.786,24.48,81.904,0.6749999999999972,80.553,0.6760000000000019,-0.6749999999999972,82.969,81.87299999999999,1.0960000000000036,66.0,0.4393939393939394,22.0,0.4090909090909091,81.0,841.0,0,1,0,0,0,1,0,0.0,9.0,0.0,21
OCO,Haas F1 Team,30.0,0 days 00:01:21.122000,0 days 00:00:23.777000,0 days 00:00:32.755000,0 days 00:00:24.590000,MEDIUM,10.0,2.0,,,1,16.0,False,2025,Spain,R,81.122,23.777,32.755,24.59,81.904,0.7819999999999965,80.553,0.5690000000000026,-0.7819999999999965,82.922,81.87299999999999,1.0490000000000066,66.0,0.45454545454545453,22.0,0.45454545454545453,100.0,900.0,0,1,0,0,0,1,0,0.0,10.0,0.0,21
OCO,Haas F1 Team,31.0,0 days 00:01:21.692000,0 days 00:00:24.051000,0 days 00:00:32.918000,0 days 00:00:24.723000,MEDIUM,11.0,2.0,,,1,16.0,False,2025,Spain,R,81.692,24.051,32.918,24.723,81.904,0.2120000000000033,80.553,1.1389999999999958,-0.2120000000000033,83.55199999999999,81.87299999999999,1.679000000000002,66.0,0.4696969696969697,22.0,0.5,121.0,961.0,0,1,0,0,0,1,0,0.0,11.0,0.0,21
OCO,Haas F1 Team,32.0,0 days 00:01:21.617000,0 days 00:00:23.933000,0 days 00:00:32.950000,0 days 00:00:24.734000,MEDIUM,12.0,2.0,,,1,15.0,False,2025,Spain,R,81.617,23.933,32.95,24.734,81.904,0.28699999999999193,80.553,1.0640000000000072,-0.28699999999999193,83.537,81.87299999999999,1.6640000000000157,66.0,0.48484848484848486,22.0,0.5454545454545454,144.0,1024.0,0,1,0,0,0,1,0,0.0,12.0,0.0,21
OCO,Haas F1 Team,33.0,0 days 00:01:21.600000,0 days 00:00:23.923000,0 days 00:00:32.933000,0 days 00:00:24.744000,MEDIUM,13.0,2.0,,,1,15.0,False,2025,Spain,R,81.6,23.923,32.933,24.744,81.904,0.30400000000000205,80.553,1.046999999999997,-0.30400000000000205,83.58,81.87299999999999,1.7070000000000078,66.0,0.5,22.0,0.5909090909090909,169.0,1089.0,0,1,0,0,0,1,0,0.0,13.0,0.0,21
OCO,Haas F1 Team,34.0,0 days 00:01:22.657000,0 days 00:00:24.210000,0 days 00:00:33.655000,0 days 00:00:24.792000,MEDIUM,14.0,2.0,,,1,14.0,False,2025,Spain,R,82.657,24.21,33.655,24.792,81.904,0.7530000000000001,80.553,2.103999999999999,0.7530000000000001,84.697,81.87299999999999,2.8240000000000123,66.0,0.5151515151515151,22.0,0.6363636363636364,196.0,1156.0,0,1,0,0,0,1,0,0.0,14.0,0.0,21
OCO,Haas F1 Team,35.0,0 days 00:01:21.466000,0 days 00:00:23.815000,0 days 00:00:33.038000,0 days 00:00:24.613000,MEDIUM,15.0,2.0,,,1,14.0,False,2025,Spain,R,81.466,23.815,33.038,24.613,81.904,0.4380000000000024,80.553,0.9129999999999967,-0.4380000000000024,83.56599999999999,81.87299999999999,1.6929999999999978,66.0,0.5303030303030303,22.0,0.6818181818181818,225.0,1225.0,0,1,0,0,0,1,0,0.0,15.0,0.0,21
OCO,Haas F1 Team,36.0,0 days 00:01:21.311000,0 days 00:00:24.010000,0 days 00:00:32.883000,0 days 00:00:24.418000,MEDIUM,16.0,2.0,,,1,13.0,False,2025,Spain,R,81.311,24.01,32.883,24.418,81.904,0.5929999999999893,80.553,0.7580000000000098,-0.5929999999999893,83.471,81.87299999999999,1.5980000000000132,66.0,0.5454545454545454,22.0,0.7272727272727273,256.0,1296.0,0,1,0,0,0,1,0,0.0,16.0,0.0,21
OCO,Haas F1 Team,37.0,0 days 00:01:21.480000,0 days 00:00:24.028000,0 days 00:00:32.852000,0 days 00:00:24.600000,MEDIUM,17.0,2.0,,,1,13.0,False,2025,Spain,R,81.48,24.028,32.852,24.6,81.904,0.4239999999999924,80.553,0.9270000000000067,-0.4239999999999924,83.7,81.87299999999999,1.8270000000000124,66.0,0.5606060606060606,22.0,0.7727272727272727,289.0,1369.0,0,1,0,0,0,1,0,0.0,17.0,0.0,21
OCO,Haas F1 Team,38.0,0 days 00:01:22.832000,0 days 00:00:24.875000,0 days 00:00:33.091000,0 days 00:00:24.866000,MEDIUM,18.0,2.0,,,1,14.0,False,2025,Spain,R,82.832,24.875,33.091,24.866,81.904,0.9279999999999973,80.553,2.2789999999999964,0.9279999999999973,85.112,81.87299999999999,3.2390000000000043,66.0,0.5757575757575758,22.0,0.8181818181818182,324.0,1444.0,0,1,0,0,0,1,0,0.0,18.0,0.0,21
OCO,Haas F1 Team,39.0,0 days 00:01:23.090000,0 days 00:00:24.041000,0 days 00:00:33.984000,0 days 00:00:25.065000,MEDIUM,19.0,2.0,,,1,14.0,False,2025,Spain,R,83.09,24.041,33.984,25.065,81.904,1.186000000000007,80.553,2.537000000000006,1.186000000000007,85.43,81.87299999999999,3.5570000000000164,66.0,0.5909090909090909,22.0,0.8636363636363636,361.0,1521.0,0,1,0,0,0,1,0,0.0,19.0,0.0,21
OCO,Haas F1 Team,40.0,0 days 00:01:22.804000,0 days 00:00:23.773000,0 days 00:00:33.949000,0 days 00:00:25.082000,MEDIUM,20.0,2.0,,,1,14.0,False,2025,Spain,R,82.804,23.773,33.949,25.082,81.904,0.9000000000000057,80.553,2.2510000000000048,0.9000000000000057,85.20400000000001,81.87299999999999,3.3310000000000173,66.0,0.6060606060606061,22.0,0.9090909090909091,400.0,1600.0,0,1,0,0,0,1,0,0.0,20.0,0.0,21
OCO,Haas F1 Team,41.0,0 days 00:01:21.214000,0 days 00:00:23.722000,0 days 00:00:32.871000,0 days 00:00:24.621000,MEDIUM,21.0,2.0,,,1,14.0,False,2025,Spain,R,81.214,23.722,32.871,24.621,81.904,0.6899999999999977,80.553,0.6610000000000014,-0.6899999999999977,83.67399999999999,81.87299999999999,1.801000000000002,66.0,0.6212121212121212,22.0,0.9545454545454546,441.0,1681.0,0,1,0,0,0,1,0,0.0,21.0,0.0,21
OCO,Haas F1 Team,42.0,0 days 00:01:21.688000,0 days 00:00:23.861000,0 days 00:00:32.965000,0 days 00:00:24.862000,MEDIUM,22.0,2.0,,,1,14.0,False,2025,Spain,R,81.688,23.861,32.965,24.862,81.904,0.21599999999999397,80.553,1.1350000000000051,-0.21599999999999397,84.208,81.87299999999999,2.335000000000008,66.0,0.6363636363636364,22.0,1.0,484.0,1764.0,0,1,0,0,0,1,0,0.0,22.0,0.0,21
OCO,Haas F1 Team,45.0,0 days 00:01:20.252000,0 days 00:00:23.541000,0 days 00:00:32.090000,0 days 00:00:24.621000,MEDIUM,2.0,3.0,,,1,16.0,False,2025,Spain,R,80.252,23.541,32.09,24.621,81.904,1.652000000000001,80.252,0.0,-1.652000000000001,82.952,82.952,0.0,66.0,0.6818181818181818,23.0,0.08695652173913043,4.0,2025.0,0,0,1,0,0,1,0,0.0,2.0,0.0,17
OCO,Haas F1 Team,46.0,0 days 00:01:18.624000,0 days 00:00:22.988000,0 days 00:00:31.884000,0 days 00:00:23.752000,MEDIUM,3.0,3.0,,,1,16.0,False,2025,Spain,R,78.624,22.988,31.884,23.752,81.904,3.280000000000001,80.252,-1.6280000000000001,-3.280000000000001,81.384,82.952,-1.5679999999999978,66.0,0.696969696969697,23.0,0.13043478260869565,9.0,2116.0,0,0,1,0,0,1,0,0.0,3.0,0.0,17
OCO,Haas F1 Team,47.0,0 days 00:01:21.418000,0 days 00:00:24.843000,0 days 00:00:32.563000,0 days 00:00:24.012000,MEDIUM,4.0,3.0,,,1,17.0,False,2025,Spain,R,81.418,24.843,32.563,24.012,81.904,0.48599999999999,80.252,1.166000000000011,-0.48599999999999,84.238,82.952,1.2860000000000014,66.0,0.7121212121212122,23.0,0.17391304347826086,16.0,2209.0,0,0,1,0,0,1,0,0.0,4.0,0.0,17
OCO,Haas F1 Team,48.0,0 days 00:01:19.540000,0 days 00:00:23.334000,0 days 00:00:32.123000,0 days 00:00:24.083000,MEDIUM,5.0,3.0,,,1,17.0,False,2025,Spain,R,79.54,23.334,32.123,24.083,81.904,2.36399999999999,80.252,-0.7119999999999891,-2.36399999999999,82.42,82.952,-0.5319999999999965,66.0,0.7272727272727273,23.0,0.21739130434782608,25.0,2304.0,0,0,1,0,0,1,0,0.0,5.0,0.0,17
OCO,Haas F1 Team,49.0,0 days 00:01:19.294000,0 days 00:00:23.232000,0 days 00:00:32.076000,0 days 00:00:23.986000,MEDIUM,6.0,3.0,,,1,17.0,False,2025,Spain,R,79.294,23.232,32.076,23.986,81.904,2.6099999999999994,80.252,-0.9579999999999984,-2.6099999999999994,82.234,82.952,-0.7180000000000035,66.0,0.7424242424242424,23.0,0.2608695652173913,36.0,2401.0,0,0,1,0,0,1,0,0.0,6.0,0.0,17
OCO,Haas F1 Team,50.0,0 days 00:01:19.549000,0 days 00:00:23.379000,0 days 00:00:32.002000,0 days 00:00:24.168000,MEDIUM,7.0,3.0,,,1,16.0,False,2025,Spain,R,79.549,23.379,32.002,24.168,81.904,2.3549999999999898,80.252,-0.7029999999999887,-2.3549999999999898,82.549,82.952,-0.4029999999999916,66.0,0.7575757575757576,23.0,0.30434782608695654,49.0,2500.0,0,0,1,0,0,1,0,0.0,7.0,0.0,17
OCO,Haas F1 Team,51.0,0 days 00:01:19.826000,0 days 00:00:23.453000,0 days 00:00:32.195000,0 days 00:00:24.178000,MEDIUM,8.0,3.0,,,1,16.0,False,2025,Spain,R,79.826,23.453,32.195,24.178,81.904,2.078000000000003,80.252,-0.42600000000000193,-2.078000000000003,82.886,82.952,-0.0660000000000025,66.0,0.7727272727272727,23.0,0.34782608695652173,64.0,2601.0,0,0,1,0,0,1,0,0.0,8.0,0.0,17
OCO,Haas F1 Team,52.0,0 days 00:01:19.897000,0 days 00:00:23.577000,0 days 00:00:32.164000,0 days 00:00:24.156000,MEDIUM,9.0,3.0,,,1,16.0,False,2025,Spain,R,79.897,23.577,32.164,24.156,81.904,2.006999999999991,80.252,-0.35499999999998977,-2.006999999999991,83.01700000000001,82.952,0.06500000000001194,66.0,0.7878787878787878,23.0,0.391304347826087,81.0,2704.0,0,0,1,0,0,1,0,0.0,9.0,0.0,17
OCO,Haas F1 Team,53.0,0 days 00:01:19.950000,0 days 00:00:23.584000,0 days 00:00:32.269000,0 days 00:00:24.097000,MEDIUM,10.0,3.0,,,1,16.0,False,2025,Spain,R,79.95,23.584,32.269,24.097,81.904,1.9539999999999935,80.252,-0.3019999999999925,-1.9539999999999935,83.13,82.952,0.17799999999999727,66.0,0.803030303030303,23.0,0.43478260869565216,100.0,2809.0,0,0,1,0,0,1,0,0.0,10.0,0.0,17
OCO,Haas F1 Team,58.0,0 days 00:01:23.666000,0 days 00:00:25.125000,0 days 00:00:33.640000,0 days 00:00:24.901000,MEDIUM,15.0,3.0,,,4,11.0,False,2025,Spain,R,83.666,25.125,33.64,24.901,81.904,1.7620000000000005,80.252,3.4140000000000015,1.7620000000000005,87.146,82.952,4.194000000000003,66.0,0.8787878787878788,23.0,0.6521739130434783,225.0,3364.0,0,0,1,0,0,1,0,0.0,15.0,0.0,17
OCO,Haas F1 Team,59.0,0 days 00:01:21.232000,0 days 00:00:23.959000,0 days 00:00:32.598000,0 days 00:00:24.675000,MEDIUM,16.0,3.0,,,4,11.0,False,2025,Spain,R,81.232,23.959,32.598,24.675,81.904,0.671999999999997,80.252,0.980000000000004,-0.671999999999997,84.772,82.952,1.8200000000000074,66.0,0.8939393939393939,23.0,0.6956521739130435,256.0,3481.0,0,0,1,0,0,1,0,0.0,16.0,0.0,17
OCO,Haas F1 Team,61.0,0 days 00:01:22.116000,0 days 00:00:24.660000,0 days 00:00:33.259000,0 days 00:00:24.197000,MEDIUM,18.0,3.0,,,1,13.0,False,2025,Spain,R,82.116,24.66,33.259,24.197,81.904,0.2120000000000033,80.252,1.8640000000000043,0.2120000000000033,85.776,82.952,2.823999999999998,66.0,0.9242424242424242,23.0,0.782608695652174,324.0,3721.0,0,0,1,0,0,1,0,0.0,18.0,0.0,17
OCO,Haas F1 Team,62.0,0 days 00:01:20.164000,0 days 00:00:23.738000,0 days 00:00:32.309000,0 days 00:00:24.117000,MEDIUM,19.0,3.0,,,1,13.0,False,2025,Spain,R,80.164,23.738,32.309,24.117,81.904,1.7399999999999949,80.252,-0.08799999999999386,-1.7399999999999949,83.884,82.952,0.9320000000000022,66.0,0.9393939393939394,23.0,0.8260869565217391,361.0,3844.0,0,0,1,0,0,1,0,0.0,19.0,0.0,17
OCO,Haas F1 Team,63.0,0 days 00:01:20.781000,0 days 00:00:24.159000,0 days 00:00:32.407000,0 days 00:00:24.215000,MEDIUM,20.0,3.0,,,1,14.0,False,2025,Spain,R,80.781,24.159,32.407,24.215,81.904,1.1229999999999905,80.252,0.5290000000000106,-1.1229999999999905,84.561,82.952,1.6090000000000089,66.0,0.9545454545454546,23.0,0.8695652173913043,400.0,3969.0,0,0,1,0,0,1,0,0.0,20.0,0.0,17
OCO,Haas F1 Team,64.0,0 days 00:01:21.171000,0 days 00:00:24.463000,0 days 00:00:32.545000,0 days 00:00:24.163000,MEDIUM,21.0,3.0,,,1,15.0,False,2025,Spain,R,81.171,24.463,32.545,24.163,81.904,0.7329999999999899,80.252,0.9190000000000111,-0.7329999999999899,85.01100000000001,82.952,2.0590000000000117,66.0,0.9696969696969697,23.0,0.9130434782608695,441.0,4096.0,0,0,1,0,0,1,0,0.0,21.0,0.0,17
OCO,Haas F1 Team,65.0,0 days 00:01:21.445000,0 days 00:00:24.099000,0 days 00:00:33.117000,0 days 00:00:24.229000,MEDIUM,22.0,3.0,,,1,16.0,False,2025,Spain,R,81.445,24.099,33.117,24.229,81.904,0.4590000000000032,80.252,1.1929999999999978,-0.4590000000000032,85.345,82.952,2.3930000000000007,66.0,0.9848484848484849,23.0,0.9565217391304348,484.0,4225.0,0,0,1,0,0,1,0,0.0,22.0,0.0,17
OCO,Haas F1 Team,66.0,0 days 00:01:21.201000,0 days 00:00:24.244000,0 days 00:00:32.673000,0 days 00:00:24.284000,MEDIUM,23.0,3.0,,,1,17.0,False,2025,Spain,R,81.201,24.244,32.673,24.284,81.904,0.703000000000003,80.252,0.9489999999999981,-0.703000000000003,85.16099999999999,82.952,2.208999999999989,66.0,1.0,23.0,1.0,529.0,4356.0,0,0,1,0,0,1,0,0.0,23.0,0.0,17
PIA,McLaren,1.0,0 days 00:01:22.879000,,0 days 00:00:32.049000,0 days 00:00:24.119000,SOFT,1.0,1.0,,,1,1.0,False,2025,Spain,R,82.879,,32.049,24.119,80.135,2.7439999999999998,82.879,0.0,2.7439999999999998,82.93900000000001,82.93900000000001,0.0,66.0,0.015151515151515152,21.0,0.047619047619047616,1.0,1.0,1,0,0,1,1,0,0,1.0,0.0,0.0,21
PIA,McLaren,2.0,0 days 00:01:20.211000,0 days 00:00:24.207000,0 days 00:00:32.317000,0 days 00:00:23.687000,SOFT,2.0,1.0,,,1,1.0,False,2025,Spain,R,80.211,24.207,32.317,23.687,80.135,0.0759999999999934,82.879,-2.6680000000000064,0.0759999999999934,80.331,82.93900000000001,-2.608000000000004,66.0,0.030303030303030304,21.0,0.09523809523809523,4.0,4.0,1,0,0,1,1,0,0,2.0,0.0,0.0,21
PIA,McLaren,3.0,0 days 00:01:19.866000,0 days 00:00:23.812000,0 days 00:00:31.867000,0 days 00:00:24.187000,SOFT,3.0,1.0,,,1,1.0,False,2025,Spain,R,79.866,23.812,31.867,24.187,80.135,0.26900000000000546,82.879,-3.0130000000000052,-0.26900000000000546,80.046,82.93900000000001,-2.8930000000000007,66.0,0.045454545454545456,21.0,0.14285714285714285,9.0,9.0,1,0,0,1,1,0,0,3.0,0.0,0.0,21
PIA,McLaren,4.0,0 days 00:01:20.359000,0 days 00:00:24.104000,0 days 00:00:32.173000,0 days 00:00:24.082000,SOFT,4.0,1.0,,,1,1.0,False,2025,Spain,R,80.359,24.104,32.173,24.082,80.135,0.22399999999998954,82.879,-2.5200000000000102,0.22399999999998954,80.59899999999999,82.93900000000001,-2.3400000000000176,66.0,0.06060606060606061,21.0,0.19047619047619047,16.0,16.0,1,0,0,1,1,0,0,4.0,0.0,0.0,21
PIA,McLaren,5.0,0 days 00:01:20.467000,0 days 00:00:24.036000,0 days 00:00:32.363000,0 days 00:00:24.068000,SOFT,5.0,1.0,,,1,1.0,False,2025,Spain,R,80.467,24.036,32.363,24.068,80.135,0.33199999999999363,82.879,-2.412000000000006,0.33199999999999363,80.767,82.93900000000001,-2.1720000000000113,66.0,0.07575757575757576,21.0,0.23809523809523808,25.0,25.0,1,0,0,1,1,0,0,5.0,0.0,0.0,21
PIA,McLaren,6.0,0 days 00:01:20.254000,0 days 00:00:23.854000,0 days 00:00:32.345000,0 days 00:00:24.055000,SOFT,6.0,1.0,,,1,1.0,False,2025,Spain,R,80.254,23.854,32.345,24.055,80.135,0.11899999999999977,82.879,-2.625,0.11899999999999977,80.614,82.93900000000001,-2.325000000000003,66.0,0.09090909090909091,21.0,0.2857142857142857,36.0,36.0,1,0,0,1,1,0,0,6.0,0.0,0.0,21
PIA,McLaren,7.0,0 days 00:01:20.931000,0 days 00:00:24.007000,0 days 00:00:32.591000,0 days 00:00:24.333000,SOFT,7.0,1.0,,,1,1.0,False,2025,Spain,R,80.931,24.007,32.591,24.333,80.135,0.7959999999999923,82.879,-1.9480000000000075,0.7959999999999923,81.351,82.93900000000001,-1.588000000000008,66.0,0.10606060606060606,21.0,0.3333333333333333,49.0,49.0,1,0,0,1,1,0,0,7.0,0.0,0.0,21
PIA,McLaren,8.0,0 days 00:01:20.828000,0 days 00:00:24.044000,0 days 00:00:32.550000,0 days 00:00:24.234000,SOFT,8.0,1.0,,,1,1.0,False,2025,Spain,R,80.828,24.044,32.55,24.234,80.135,0.6929999999999978,82.879,-2.051000000000002,0.6929999999999978,81.308,82.93900000000001,-1.6310000000000002,66.0,0.12121212121212122,21.0,0.38095238095238093,64.0,64.0,1,0,0,1,1,0,0,8.0,0.0,0.0,21
PIA,McLaren,9.0,0 days 00:01:20.767000,0 days 00:00:24.017000,0 days 00:00:32.505000,0 days 00:00:24.245000,SOFT,9.0,1.0,,,1,1.0,False,2025,Spain,R,80.767,24.017,32.505,24.245,80.135,0.6319999999999908,82.879,-2.112000000000009,0.6319999999999908,81.307,82.93900000000001,-1.632000000000005,66.0,0.13636363636363635,21.0,0.42857142857142855,81.0,81.0,1,0,0,1,1,0,0,9.0,0.0,0.0,21
PIA,McLaren,10.0,0 days 00:01:20.890000,0 days 00:00:23.925000,0 days 00:00:32.469000,0 days 00:00:24.496000,SOFT,10.0,1.0,,,1,1.0,False,2025,Spain,R,80.89,23.925,32.469,24.496,80.135,0.7549999999999955,82.879,-1.9890000000000043,0.7549999999999955,81.49,82.93900000000001,-1.4490000000000123,66.0,0.15151515151515152,21.0,0.47619047619047616,100.0,100.0,1,0,0,1,1,0,0,10.0,0.0,0.0,21
PIA,McLaren,11.0,0 days 00:01:21.136000,0 days 00:00:24.081000,0 days 00:00:32.577000,0 days 00:00:24.478000,SOFT,11.0,1.0,,,1,1.0,False,2025,Spain,R,81.136,24.081,32.577,24.478,80.135,1.0009999999999906,82.879,-1.7430000000000092,1.0009999999999906,81.79599999999999,82.93900000000001,-1.143000000000015,66.0,0.16666666666666666,21.0,0.5238095238095238,121.0,121.0,1,0,0,1,1,0,0,11.0,0.0,0.0,21
PIA,McLaren,12.0,0 days 00:01:21.091000,0 days 00:00:24.007000,0 days 00:00:32.636000,0 days 00:00:24.448000,SOFT,12.0,1.0,,,1,1.0,False,2025,Spain,R,81.091,24.007,32.636,24.448,80.135,0.9559999999999889,82.879,-1.788000000000011,0.9559999999999889,81.81099999999999,82.93900000000001,-1.1280000000000143,66.0,0.18181818181818182,21.0,0.5714285714285714,144.0,144.0,1,0,0,1,1,0,0,12.0,0.0,0.0,21
PIA,McLaren,13.0,0 days 00:01:21.033000,0 days 00:00:24.097000,0 days 00:00:32.618000,0 days 00:00:24.318000,SOFT,13.0,1.0,,,1,1.0,False,2025,Spain,R,81.033,24.097,32.618,24.318,80.135,0.8979999999999961,82.879,-1.8460000000000036,0.8979999999999961,81.813,82.93900000000001,-1.1260000000000048,66.0,0.19696969696969696,21.0,0.6190476190476191,169.0,169.0,1,0,0,1,1,0,0,13.0,0.0,0.0,21
PIA,McLaren,14.0,0 days 00:01:20.780000,0 days 00:00:23.896000,0 days 00:00:32.572000,0 days 00:00:24.312000,SOFT,14.0,1.0,,,1,1.0,False,2025,Spain,R,80.78,23.896,32.572,24.312,80.135,0.644999999999996,82.879,-2.0990000000000038,0.644999999999996,81.62,82.93900000000001,-1.3190000000000026,66.0,0.21212121212121213,21.0,0.6666666666666666,196.0,196.0,1,0,0,1,1,0,0,14.0,0.0,0.0,21
PIA,McLaren,15.0,0 days 00:01:20.804000,0 days 00:00:23.883000,0 days 00:00:32.601000,0 days 00:00:24.320000,SOFT,15.0,1.0,,,1,1.0,False,2025,Spain,R,80.804,23.883,32.601,24.32,80.135,0.6689999999999969,82.879,-2.075000000000003,0.6689999999999969,81.70400000000001,82.93900000000001,-1.2349999999999994,66.0,0.22727272727272727,21.0,0.7142857142857143,225.0,225.0,1,0,0,1,1,0,0,15.0,0.0,0.0,21
PIA,McLaren,16.0,0 days 00:01:20.659000,0 days 00:00:23.985000,0 days 00:00:32.410000,0 days 00:00:24.264000,SOFT,16.0,1.0,,,1,1.0,False,2025,Spain,R,80.659,23.985,32.41,24.264,80.135,0.5240000000000009,82.879,-2.219999999999999,0.5240000000000009,81.619,82.93900000000001,-1.3200000000000074,66.0,0.24242424242424243,21.0,0.7619047619047619,256.0,256.0,1,0,0,1,1,0,0,16.0,0.0,0.0,21
PIA,McLaren,17.0,0 days 00:01:20.657000,0 days 00:00:23.912000,0 days 00:00:32.432000,0 days 00:00:24.313000,SOFT,17.0,1.0,,,1,1.0,False,2025,Spain,R,80.657,23.912,32.432,24.313,80.135,0.5219999999999914,82.879,-2.2220000000000084,0.5219999999999914,81.67699999999999,82.93900000000001,-1.2620000000000147,66.0,0.25757575757575757,21.0,0.8095238095238095,289.0,289.0,1,0,0,1,1,0,0,17.0,0.0,0.0,21
PIA,McLaren,18.0,0 days 00:01:20.693000,0 days 00:00:23.795000,0 days 00:00:32.529000,0 days 00:00:24.369000,SOFT,18.0,1.0,,,1,1.0,False,2025,Spain,R,80.693,23.795,32.529,24.369,80.135,0.5579999999999927,82.879,-2.186000000000007,0.5579999999999927,81.773,82.93900000000001,-1.166000000000011,66.0,0.2727272727272727,21.0,0.8571428571428571,324.0,324.0,1,0,0,1,1,0,0,18.0,0.0,0.0,21
PIA,McLaren,19.0,0 days 00:01:20.850000,0 days 00:00:23.806000,0 days 00:00:32.673000,0 days 00:00:24.371000,SOFT,19.0,1.0,,,1,1.0,False,2025,Spain,R,80.85,23.806,32.673,24.371,80.135,0.7149999999999892,82.879,-2.0290000000000106,0.7149999999999892,81.99,82.93900000000001,-0.9490000000000123,66.0,0.2878787878787879,21.0,0.9047619047619048,361.0,361.0,1,0,0,1,1,0,0,19.0,0.0,0.0,21
PIA,McLaren,20.0,0 days 00:01:21.126000,0 days 00:00:23.870000,0 days 00:00:32.832000,0 days 00:00:24.424000,SOFT,20.0,1.0,,,1,1.0,False,2025,Spain,R,81.126,23.87,32.832,24.424,80.135,0.9909999999999997,82.879,-1.7530000000000001,0.9909999999999997,82.32600000000001,82.93900000000001,-0.6129999999999995,66.0,0.30303030303030304,21.0,0.9523809523809523,400.0,400.0,1,0,0,1,1,0,0,20.0,0.0,0.0,21
PIA,McLaren,21.0,0 days 00:01:21.471000,0 days 00:00:23.830000,0 days 00:00:33.006000,0 days 00:00:24.635000,SOFT,21.0,1.0,,,1,1.0,False,2025,Spain,R,81.471,23.83,33.006,24.635,80.135,1.3359999999999985,82.879,-1.4080000000000013,1.3359999999999985,82.73100000000001,82.93900000000001,-0.2079999999999984,66.0,0.3181818181818182,21.0,1.0,441.0,441.0,1,0,0,1,1,0,0,21.0,0.0,0.0,21
PIA,McLaren,24.0,0 days 00:01:19.985000,0 days 00:00:23.897000,0 days 00:00:32.083000,0 days 00:00:24.005000,MEDIUM,2.0,2.0,,,1,2.0,False,2025,Spain,R,79.985,23.897,32.083,24.005,80.135,0.15000000000000568,79.985,0.0,-0.15000000000000568,81.425,81.425,0.0,66.0,0.36363636363636365,26.0,0.07692307692307693,4.0,576.0,0,1,0,0,0,1,0,0.0,2.0,0.0,25
PIA,McLaren,25.0,0 days 00:01:19.850000,0 days 00:00:23.825000,0 days 00:00:32.069000,0 days 00:00:23.956000,MEDIUM,3.0,2.0,,,1,2.0,False,2025,Spain,R,79.85,23.825,32.069,23.956,80.135,0.2850000000000108,79.985,-0.13500000000000512,-0.2850000000000108,81.35,81.425,-0.07500000000000284,66.0,0.3787878787878788,26.0,0.11538461538461539,9.0,625.0,0,1,0,0,0,1,0,0.0,3.0,0.0,25
PIA,McLaren,26.0,0 days 00:01:19.913000,0 days 00:00:23.848000,0 days 00:00:32.111000,0 days 00:00:23.954000,MEDIUM,4.0,2.0,,,1,2.0,False,2025,Spain,R,79.913,23.848,32.111,23.954,80.135,0.2220000000000084,79.985,-0.07200000000000273,-0.2220000000000084,81.473,81.425,0.04800000000000182,66.0,0.3939393939393939,26.0,0.15384615384615385,16.0,676.0,0,1,0,0,0,1,0,0.0,4.0,0.0,25
PIA,McLaren,27.0,0 days 00:01:19.749000,0 days 00:00:23.682000,0 days 00:00:31.985000,0 days 00:00:24.082000,MEDIUM,5.0,2.0,,,1,2.0,False,2025,Spain,R,79.749,23.682,31.985,24.082,80.135,0.3860000000000099,79.985,-0.2360000000000042,-0.3860000000000099,81.369,81.425,-0.055999999999997385,66.0,0.4090909090909091,26.0,0.19230769230769232,25.0,729.0,0,1,0,0,0,1,0,0.0,5.0,0.0,25
PIA,McLaren,28.0,0 days 00:01:19.904000,0 days 00:00:23.747000,0 days 00:00:32.087000,0 days 00:00:24.070000,MEDIUM,6.0,2.0,,,1,2.0,False,2025,Spain,R,79.904,23.747,32.087,24.07,80.135,0.23100000000000875,79.985,-0.08100000000000307,-0.23100000000000875,81.584,81.425,0.15900000000000603,66.0,0.42424242424242425,26.0,0.23076923076923078,36.0,784.0,0,1,0,0,0,1,0,0.0,6.0,0.0,25
PIA,McLaren,29.0,0 days 00:01:19.919000,0 days 00:00:23.642000,0 days 00:00:32.072000,0 days 00:00:24.205000,MEDIUM,7.0,2.0,,,1,1.0,False,2025,Spain,R,79.919,23.642,32.072,24.205,80.135,0.21600000000000819,79.985,-0.0660000000000025,-0.21600000000000819,81.65899999999999,81.425,0.23399999999999466,66.0,0.4393939393939394,26.0,0.2692307692307692,49.0,841.0,0,1,0,0,0,1,0,0.0,7.0,0.0,25
PIA,McLaren,30.0,0 days 00:01:19.807000,0 days 00:00:23.655000,0 days 00:00:32.076000,0 days 00:00:24.076000,MEDIUM,8.0,2.0,,,1,1.0,False,2025,Spain,R,79.807,23.655,32.076,24.076,80.135,0.32800000000000296,79.985,-0.17799999999999727,-0.32800000000000296,81.607,81.425,0.18200000000000216,66.0,0.45454545454545453,26.0,0.3076923076923077,64.0,900.0,0,1,0,0,0,1,0,0.0,8.0,0.0,25
PIA,McLaren,31.0,0 days 00:01:19.719000,0 days 00:00:23.677000,0 days 00:00:31.965000,0 days 00:00:24.077000,MEDIUM,9.0,2.0,,,1,1.0,False,2025,Spain,R,79.719,23.677,31.965,24.077,80.135,0.416000000000011,79.985,-0.26600000000000534,-0.416000000000011,81.579,81.425,0.15399999999999636,66.0,0.4696969696969697,26.0,0.34615384615384615,81.0,961.0,0,1,0,0,0,1,0,0.0,9.0,0.0,25
PIA,McLaren,32.0,0 days 00:01:19.983000,0 days 00:00:23.732000,0 days 00:00:32.090000,0 days 00:00:24.161000,MEDIUM,10.0,2.0,,,1,1.0,False,2025,Spain,R,79.983,23.732,32.09,24.161,80.135,0.15200000000000102,79.985,-0.001999999999995339,-0.15200000000000102,81.903,81.425,0.47800000000000864,66.0,0.48484848484848486,26.0,0.38461538461538464,100.0,1024.0,0,1,0,0,0,1,0,0.0,10.0,0.0,25
PIA,McLaren,33.0,0 days 00:01:20.387000,0 days 00:00:23.835000,0 days 00:00:32.204000,0 days 00:00:24.348000,MEDIUM,11.0,2.0,,,1,1.0,False,2025,Spain,R,80.387,23.835,32.204,24.348,80.135,0.25199999999999534,79.985,0.402000000000001,0.25199999999999534,82.367,81.425,0.9420000000000073,66.0,0.5,26.0,0.4230769230769231,121.0,1089.0,0,1,0,0,0,1,0,0.0,11.0,0.0,25
PIA,McLaren,34.0,0 days 00:01:20.474000,0 days 00:00:24.056000,0 days 00:00:32.266000,0 days 00:00:24.152000,MEDIUM,12.0,2.0,,,1,1.0,False,2025,Spain,R,80.474,24.056,32.266,24.152,80.135,0.33899999999999864,79.985,0.4890000000000043,0.33899999999999864,82.51400000000001,81.425,1.0890000000000128,66.0,0.5151515151515151,26.0,0.46153846153846156,144.0,1156.0,0,1,0,0,0,1,0,0.0,12.0,0.0,25
PIA,McLaren,35.0,0 days 00:01:20.150000,0 days 00:00:23.796000,0 days 00:00:32.219000,0 days 00:00:24.135000,MEDIUM,13.0,2.0,,,1,1.0,False,2025,Spain,R,80.15,23.796,32.219,24.135,80.135,0.015000000000000568,79.985,0.16500000000000625,0.015000000000000568,82.25,81.425,0.8250000000000028,66.0,0.5303030303030303,26.0,0.5,169.0,1225.0,0,1,0,0,0,1,0,0.0,13.0,0.0,25
PIA,McLaren,36.0,0 days 00:01:20.129000,0 days 00:00:23.762000,0 days 00:00:32.053000,0 days 00:00:24.314000,MEDIUM,14.0,2.0,,,1,1.0,False,2025,Spain,R,80.129,23.762,32.053,24.314,80.135,0.006000000000000227,79.985,0.14400000000000546,-0.006000000000000227,82.289,81.425,0.8640000000000043,66.0,0.5454545454545454,26.0,0.5384615384615384,196.0,1296.0,0,1,0,0,0,1,0,0.0,14.0,0.0,25
PIA,McLaren,37.0,0 days 00:01:20.457000,0 days 00:00:23.749000,0 days 00:00:32.436000,0 days 00:00:24.272000,MEDIUM,15.0,2.0,,,1,1.0,False,2025,Spain,R,80.457,23.749,32.436,24.272,80.135,0.3219999999999885,79.985,0.4719999999999942,0.3219999999999885,82.67699999999999,81.425,1.2519999999999953,66.0,0.5606060606060606,26.0,0.5769230769230769,225.0,1369.0,0,1,0,0,0,1,0,0.0,15.0,0.0,25
PIA,McLaren,38.0,0 days 00:01:19.681000,0 days 00:00:23.495000,0 days 00:00:32.071000,0 days 00:00:24.115000,MEDIUM,16.0,2.0,,,1,1.0,False,2025,Spain,R,79.681,23.495,32.071,24.115,80.135,0.45400000000000773,79.985,-0.30400000000000205,-0.45400000000000773,81.961,81.425,0.5360000000000014,66.0,0.5757575757575758,26.0,0.6153846153846154,256.0,1444.0,0,1,0,0,0,1,0,0.0,16.0,0.0,25
PIA,McLaren,39.0,0 days 00:01:19.945000,0 days 00:00:23.596000,0 days 00:00:32.134000,0 days 00:00:24.215000,MEDIUM,17.0,2.0,,,1,1.0,False,2025,Spain,R,79.945,23.596,32.134,24.215,80.135,0.19000000000001194,79.985,-0.04000000000000625,-0.19000000000001194,82.285,81.425,0.8599999999999994,66.0,0.5909090909090909,26.0,0.6538461538461539,289.0,1521.0,0,1,0,0,0,1,0,0.0,17.0,0.0,25
PIA,McLaren,40.0,0 days 00:01:20.293000,0 days 00:00:23.622000,0 days 00:00:32.260000,0 days 00:00:24.411000,MEDIUM,18.0,2.0,,,1,1.0,False,2025,Spain,R,80.293,23.622,32.26,24.411,80.135,0.15800000000000125,79.985,0.30800000000000693,0.15800000000000125,82.69300000000001,81.425,1.268000000000015,66.0,0.6060606060606061,26.0,0.6923076923076923,324.0,1600.0,0,1,0,0,0,1,0,0.0,18.0,0.0,25
PIA,McLaren,41.0,0 days 00:01:20.125000,0 days 00:00:23.610000,0 days 00:00:32.192000,0 days 00:00:24.323000,MEDIUM,19.0,2.0,,,1,1.0,False,2025,Spain,R,80.125,23.61,32.192,24.323,80.135,0.010000000000005116,79.985,0.14000000000000057,-0.010000000000005116,82.585,81.425,1.1599999999999966,66.0,0.6212121212121212,26.0,0.7307692307692307,361.0,1681.0,0,1,0,0,0,1,0,0.0,19.0,0.0,25
PIA,McLaren,42.0,0 days 00:01:20.141000,0 days 00:00:23.559000,0 days 00:00:32.464000,0 days 00:00:24.118000,MEDIUM,20.0,2.0,,,1,1.0,False,2025,Spain,R,80.141,23.559,32.464,24.118,80.135,0.006000000000000227,79.985,0.1560000000000059,0.006000000000000227,82.661,81.425,1.2360000000000042,66.0,0.6363636363636364,26.0,0.7692307692307693,400.0,1764.0,0,1,0,0,0,1,0,0.0,20.0,0.0,25
PIA,McLaren,43.0,0 days 00:01:19.489000,0 days 00:00:23.260000,0 days 00:00:32.060000,0 days 00:00:24.169000,MEDIUM,21.0,2.0,,,1,1.0,False,2025,Spain,R,79.489,23.26,32.06,24.169,80.135,0.6460000000000008,79.985,-0.4959999999999951,-0.6460000000000008,82.069,81.425,0.6440000000000055,66.0,0.6515151515151515,26.0,0.8076923076923077,441.0,1849.0,0,1,0,0,0,1,0,0.0,21.0,0.0,25
PIA,McLaren,44.0,0 days 00:01:19.694000,0 days 00:00:23.633000,0 days 00:00:32.109000,0 days 00:00:23.952000,MEDIUM,22.0,2.0,,,1,1.0,False,2025,Spain,R,79.694,23.633,32.109,23.952,80.135,0.4410000000000025,79.985,-0.2909999999999968,-0.4410000000000025,82.334,81.425,0.909000000000006,66.0,0.6666666666666666,26.0,0.8461538461538461,484.0,1936.0,0,1,1,0,0,1,0,0.0,22.0,0.0,25
PIA,McLaren,45.0,0 days 00:01:19.438000,0 days 00:00:23.473000,0 days 00:00:32.026000,0 days 00:00:23.939000,MEDIUM,23.0,2.0,,,1,1.0,False,2025,Spain,R,79.438,23.473,32.026,23.939,80.135,0.6970000000000027,79.985,-0.546999999999997,-0.6970000000000027,82.138,81.425,0.7130000000000081,66.0,0.6818181818181818,26.0,0.8846153846153846,529.0,2025.0,0,1,1,0,0,1,0,0.0,23.0,0.0,25
PIA,McLaren,46.0,0 days 00:01:19.235000,0 days 00:00:23.355000,0 days 00:00:31.911000,0 days 00:00:23.969000,MEDIUM,24.0,2.0,,,1,1.0,False,2025,Spain,R,79.235,23.355,31.911,23.969,80.135,0.9000000000000057,79.985,-0.75,-0.9000000000000057,81.995,81.425,0.5700000000000074,66.0,0.696969696969697,26.0,0.9230769230769231,576.0,2116.0,0,1,1,0,0,1,0,0.0,24.0,0.0,25
PIA,McLaren,47.0,0 days 00:01:19.630000,0 days 00:00:23.435000,0 days 00:00:32.138000,0 days 00:00:24.057000,MEDIUM,25.0,2.0,,,1,1.0,False,2025,Spain,R,79.63,23.435,32.138,24.057,80.135,0.5050000000000097,79.985,-0.355000000000004,-0.5050000000000097,82.44999999999999,81.425,1.0249999999999915,66.0,0.7121212121212122,26.0,0.9615384615384616,625.0,2209.0,0,1,1,0,0,1,0,0.0,25.0,0.0,25
PIA,McLaren,48.0,0 days 00:01:19.378000,0 days 00:00:23.414000,0 days 00:00:32.010000,0 days 00:00:23.954000,MEDIUM,26.0,2.0,,,1,1.0,False,2025,Spain,R,79.378,23.414,32.01,23.954,80.135,0.757000000000005,79.985,-0.6069999999999993,-0.757000000000005,82.258,81.425,0.8329999999999984,66.0,0.7272727272727273,26.0,1.0,676.0,2304.0,0,1,1,0,0,1,0,0.0,26.0,0.0,25
PIA,McLaren,51.0,0 days 00:01:18.780000,0 days 00:00:23.425000,0 days 00:00:31.573000,0 days 00:00:23.782000,SOFT,5.0,3.0,,,1,1.0,False,2025,Spain,R,78.78,23.425,31.573,23.782,80.135,1.355000000000004,78.78,0.0,-1.355000000000004,81.84,81.84,0.0,66.0,0.7727272727272727,8.0,0.625,25.0,2601.0,0,0,1,0,1,0,0,5.0,0.0,0.0,4
PIA,McLaren,52.0,0 days 00:01:18.796000,0 days 00:00:23.254000,0 days 00:00:31.783000,0 days 00:00:23.759000,SOFT,6.0,3.0,,,1,1.0,False,2025,Spain,R,78.796,23.254,31.783,23.759,80.135,1.3389999999999986,78.78,0.016000000000005343,-1.3389999999999986,81.91600000000001,81.84,0.07600000000000762,66.0,0.7878787878787878,8.0,0.75,36.0,2704.0,0,0,1,0,1,0,0,6.0,0.0,0.0,4
PIA,McLaren,53.0,0 days 00:01:17.885000,0 days 00:00:23.183000,0 days 00:00:31.381000,0 days 00:00:23.321000,SOFT,7.0,3.0,,,1,1.0,False,2025,Spain,R,77.885,23.183,31.381,23.321,80.135,2.25,78.78,-0.894999999999996,-2.25,81.065,81.84,-0.7750000000000057,66.0,0.803030303030303,8.0,0.875,49.0,2809.0,0,0,1,0,1,0,0,7.0,0.0,0.0,4
PIA,McLaren,54.0,0 days 00:01:17.766000,0 days 00:00:23.099000,0 days 00:00:31.335000,0 days 00:00:23.332000,SOFT,8.0,3.0,,,1,1.0,False,2025,Spain,R,77.766,23.099,31.335,23.332,80.135,2.3689999999999998,78.78,-1.0139999999999958,-2.3689999999999998,81.006,81.84,-0.8340000000000032,66.0,0.8181818181818182,8.0,1.0,64.0,2916.0,0,0,1,0,1,0,0,8.0,0.0,0.0,4
PIA,McLaren,61.0,0 days 00:01:15.743000,0 days 00:00:22.645000,0 days 00:00:30.476000,0 days 00:00:22.622000,SOFT,9.0,4.0,,,1,1.0,False,2025,Spain,R,75.743,22.645,30.476,22.622,80.135,4.39200000000001,75.743,0.0,-4.39200000000001,79.40299999999999,79.40299999999999,0.0,66.0,0.9242424242424242,14.0,0.6428571428571429,81.0,3721.0,0,0,1,0,1,0,0,9.0,0.0,0.0,6
PIA,McLaren,62.0,0 days 00:01:15.933000,0 days 00:00:22.740000,0 days 00:00:30.590000,0 days 00:00:22.603000,SOFT,10.0,4.0,,,1,1.0,False,2025,Spain,R,75.933,22.74,30.59,22.603,80.135,4.201999999999998,75.743,0.19000000000001194,-4.201999999999998,79.653,79.40299999999999,0.2500000000000142,66.0,0.9393939393939394,14.0,0.7142857142857143,100.0,3844.0,0,0,1,0,1,0,0,10.0,0.0,0.0,6
PIA,McLaren,63.0,0 days 00:01:16.377000,0 days 00:00:22.626000,0 days 00:00:30.748000,0 days 00:00:23.003000,SOFT,11.0,4.0,,,1,1.0,False,2025,Spain,R,76.377,22.626,30.748,23.003,80.135,3.7580000000000098,75.743,0.6340000000000003,-3.7580000000000098,80.157,79.40299999999999,0.7540000000000049,66.0,0.9545454545454546,14.0,0.7857142857142857,121.0,3969.0,0,0,1,0,1,0,0,11.0,0.0,0.0,6
PIA,McLaren,64.0,0 days 00:01:16.580000,0 days 00:00:22.698000,0 days 00:00:30.883000,0 days 00:00:22.999000,SOFT,12.0,4.0,,,1,1.0,False,2025,Spain,R,76.58,22.698,30.883,22.999,80.135,3.555000000000007,75.743,0.8370000000000033,-3.555000000000007,80.42,79.40299999999999,1.0170000000000101,66.0,0.9696969696969697,14.0,0.8571428571428571,144.0,4096.0,0,0,1,0,1,0,0,12.0,0.0,0.0,6
PIA,McLaren,65.0,0 days 00:01:16.994000,0 days 00:00:22.605000,0 days 00:00:31.169000,0 days 00:00:23.220000,SOFT,13.0,4.0,,,1,1.0,False,2025,Spain,R,76.994,22.605,31.169,23.22,80.135,3.1410000000000053,75.743,1.2510000000000048,-3.1410000000000053,80.894,79.40299999999999,1.4910000000000139,66.0,0.9848484848484849,14.0,0.9285714285714286,169.0,4225.0,0,0,1,0,1,0,0,13.0,0.0,0.0,6
PIA,McLaren,66.0,0 days 00:01:17.445000,0 days 00:00:22.694000,0 days 00:00:31.406000,0 days 00:00:23.345000,SOFT,14.0,4.0,,,1,1.0,False,2025,Spain,R,77.445,22.694,31.406,23.345,80.135,2.690000000000012,75.743,1.7019999999999982,-2.690000000000012,81.40499999999999,79.40299999999999,2.0019999999999953,66.0,1.0,14.0,1.0,196.0,4356.0,0,0,1,0,1,0,0,14.0,0.0,0.0,6
RUS,Mercedes,1.0,0 days 00:01:26.617000,,0 days 00:00:33.777000,0 days 00:00:24.336000,SOFT,4.0,1.0,,,1,6.0,False,2025,Spain,R,86.617,,33.777,24.336,80.52850000000001,6.088499999999996,86.617,0.0,6.088499999999996,86.677,86.677,0.0,66.0,0.015151515151515152,22.0,0.18181818181818182,16.0,1.0,1,0,0,1,1,0,0,4.0,0.0,0.0,19
RUS,Mercedes,2.0,0 days 00:01:21.564000,0 days 00:00:24.515000,0 days 00:00:33.029000,0 days 00:00:24.020000,SOFT,5.0,1.0,,,1,6.0,False,2025,Spain,R,81.564,24.515,33.029,24.02,80.52850000000001,1.0354999999999848,86.617,-5.0530000000000115,1.0354999999999848,81.684,86.677,-4.993000000000009,66.0,0.030303030303030304,22.0,0.22727272727272727,25.0,4.0,1,0,0,1,1,0,0,5.0,0.0,0.0,19
RUS,Mercedes,3.0,0 days 00:01:21.385000,0 days 00:00:24.145000,0 days 00:00:32.846000,0 days 00:00:24.394000,SOFT,6.0,1.0,,,1,6.0,False,2025,Spain,R,81.385,24.145,32.846,24.394,80.52850000000001,0.8564999999999969,86.617,-5.231999999999999,0.8564999999999969,81.56500000000001,86.677,-5.111999999999995,66.0,0.045454545454545456,22.0,0.2727272727272727,36.0,9.0,1,0,0,1,1,0,0,6.0,0.0,0.0,19
RUS,Mercedes,4.0,0 days 00:01:21.126000,0 days 00:00:24.090000,0 days 00:00:32.710000,0 days 00:00:24.326000,SOFT,7.0,1.0,,,1,6.0,False,2025,Spain,R,81.126,24.09,32.71,24.326,80.52850000000001,0.5974999999999966,86.617,-5.491,0.5974999999999966,81.366,86.677,-5.311000000000007,66.0,0.06060606060606061,22.0,0.3181818181818182,49.0,16.0,1,0,0,1,1,0,0,7.0,0.0,0.0,19
RUS,Mercedes,5.0,0 days 00:01:21.130000,0 days 00:00:24.050000,0 days 00:00:32.694000,0 days 00:00:24.386000,SOFT,8.0,1.0,,,1,6.0,False,2025,Spain,R,81.13,24.05,32.694,24.386,80.52850000000001,0.6014999999999873,86.617,-5.487000000000009,0.6014999999999873,81.42999999999999,86.677,-5.247000000000014,66.0,0.07575757575757576,22.0,0.36363636363636365,64.0,25.0,1,0,0,1,1,0,0,8.0,0.0,0.0,19
RUS,Mercedes,6.0,0 days 00:01:21.383000,0 days 00:00:24.069000,0 days 00:00:32.786000,0 days 00:00:24.528000,SOFT,9.0,1.0,,,1,6.0,False,2025,Spain,R,81.383,24.069,32.786,24.528,80.52850000000001,0.8544999999999874,86.617,-5.234000000000009,0.8544999999999874,81.743,86.677,-4.934000000000012,66.0,0.09090909090909091,22.0,0.4090909090909091,81.0,36.0,1,0,0,1,1,0,0,9.0,0.0,0.0,19
RUS,Mercedes,7.0,0 days 00:01:21.684000,0 days 00:00:24.067000,0 days 00:00:32.977000,0 days 00:00:24.640000,SOFT,10.0,1.0,,,1,6.0,False,2025,Spain,R,81.684,24.067,32.977,24.64,80.52850000000001,1.1554999999999893,86.617,-4.933000000000007,1.1554999999999893,82.104,86.677,-4.5730000000000075,66.0,0.10606060606060606,22.0,0.45454545454545453,100.0,49.0,1,0,0,1,1,0,0,10.0,0.0,0.0,19
RUS,Mercedes,8.0,0 days 00:01:21.738000,0 days 00:00:23.979000,0 days 00:00:33.090000,0 days 00:00:24.669000,SOFT,11.0,1.0,,,1,6.0,False,2025,Spain,R,81.738,23.979,33.09,24.669,80.52850000000001,1.2094999999999914,86.617,-4.879000000000005,1.2094999999999914,82.218,86.677,-4.459000000000003,66.0,0.12121212121212122,22.0,0.5,121.0,64.0,1,0,0,1,1,0,0,11.0,0.0,0.0,19
RUS,Mercedes,9.0,0 days 00:01:22.136000,0 days 00:00:24.142000,0 days 00:00:33.224000,0 days 00:00:24.770000,SOFT,12.0,1.0,,,1,6.0,False,2025,Spain,R,82.136,24.142,33.224,24.77,80.52850000000001,1.6074999999999875,86.617,-4.481000000000009,1.6074999999999875,82.676,86.677,-4.001000000000005,66.0,0.13636363636363635,22.0,0.5454545454545454,144.0,81.0,1,0,0,1,1,0,0,12.0,0.0,0.0,19
RUS,Mercedes,10.0,0 days 00:01:22.081000,0 days 00:00:24.162000,0 days 00:00:33.205000,0 days 00:00:24.714000,SOFT,13.0,1.0,,,1,6.0,False,2025,Spain,R,82.081,24.162,33.205,24.714,80.52850000000001,1.5524999999999949,86.617,-4.536000000000001,1.5524999999999949,82.681,86.677,-3.9960000000000093,66.0,0.15151515151515152,22.0,0.5909090909090909,169.0,100.0,1,0,0,1,1,0,0,13.0,0.0,0.0,19
RUS,Mercedes,11.0,0 days 00:01:21.472000,0 days 00:00:23.882000,0 days 00:00:32.927000,0 days 00:00:24.663000,SOFT,14.0,1.0,,,1,6.0,False,2025,Spain,R,81.472,23.882,32.927,24.663,80.52850000000001,0.943499999999986,86.617,-5.14500000000001,0.943499999999986,82.13199999999999,86.677,-4.545000000000016,66.0,0.16666666666666666,22.0,0.6363636363636364,196.0,121.0,1,0,0,1,1,0,0,14.0,0.0,0.0,19
RUS,Mercedes,12.0,0 days 00:01:21.625000,0 days 00:00:23.868000,0 days 00:00:32.993000,0 days 00:00:24.764000,SOFT,15.0,1.0,,,1,6.0,False,2025,Spain,R,81.625,23.868,32.993,24.764,80.52850000000001,1.0964999999999918,86.617,-4.992000000000004,1.0964999999999918,82.345,86.677,-4.332000000000008,66.0,0.18181818181818182,22.0,0.6818181818181818,225.0,144.0,1,0,0,1,1,0,0,15.0,0.0,0.0,19
RUS,Mercedes,13.0,0 days 00:01:22.055000,0 days 00:00:24.132000,0 days 00:00:33.159000,0 days 00:00:24.764000,SOFT,16.0,1.0,,,1,6.0,False,2025,Spain,R,82.055,24.132,33.159,24.764,80.52850000000001,1.5264999999999986,86.617,-4.561999999999998,1.5264999999999986,82.83500000000001,86.677,-3.8419999999999987,66.0,0.19696969696969696,22.0,0.7272727272727273,256.0,169.0,1,0,0,1,1,0,0,16.0,0.0,0.0,19
RUS,Mercedes,14.0,0 days 00:01:22.339000,0 days 00:00:24.081000,0 days 00:00:33.471000,0 days 00:00:24.787000,SOFT,17.0,1.0,,,1,5.0,False,2025,Spain,R,82.339,24.081,33.471,24.787,80.52850000000001,1.8104999999999905,86.617,-4.278000000000006,1.8104999999999905,83.179,86.677,-3.4980000000000047,66.0,0.21212121212121213,22.0,0.7727272727272727,289.0,196.0,1,0,0,1,1,0,0,17.0,0.0,0.0,19
RUS,Mercedes,15.0,0 days 00:01:21.968000,0 days 00:00:24.108000,0 days 00:00:33.173000,0 days 00:00:24.687000,SOFT,18.0,1.0,,,1,5.0,False,2025,Spain,R,81.968,24.108,33.173,24.687,80.52850000000001,1.4394999999999953,86.617,-4.649000000000001,1.4394999999999953,82.86800000000001,86.677,-3.8089999999999975,66.0,0.22727272727272727,22.0,0.8181818181818182,324.0,225.0,1,0,0,1,1,0,0,18.0,0.0,0.0,19
RUS,Mercedes,16.0,0 days 00:01:21.547000,0 days 00:00:23.908000,0 days 00:00:32.982000,0 days 00:00:24.657000,SOFT,19.0,1.0,,,1,4.0,False,2025,Spain,R,81.547,23.908,32.982,24.657,80.52850000000001,1.0184999999999889,86.617,-5.070000000000007,1.0184999999999889,82.50699999999999,86.677,-4.170000000000016,66.0,0.24242424242424243,22.0,0.8636363636363636,361.0,256.0,1,0,0,1,1,0,0,19.0,0.0,0.0,19
RUS,Mercedes,17.0,0 days 00:01:21.382000,0 days 00:00:23.925000,0 days 00:00:32.868000,0 days 00:00:24.589000,SOFT,20.0,1.0,,,1,4.0,False,2025,Spain,R,81.382,23.925,32.868,24.589,80.52850000000001,0.8534999999999968,86.617,-5.234999999999999,0.8534999999999968,82.402,86.677,-4.275000000000006,66.0,0.25757575757575757,22.0,0.9090909090909091,400.0,289.0,1,0,0,1,1,0,0,20.0,0.0,0.0,19
RUS,Mercedes,18.0,0 days 00:01:21.732000,0 days 00:00:24.064000,0 days 00:00:33.034000,0 days 00:00:24.634000,SOFT,21.0,1.0,,,1,3.0,False,2025,Spain,R,81.732,24.064,33.034,24.634,80.52850000000001,1.2034999999999911,86.617,-4.885000000000005,1.2034999999999911,82.812,86.677,-3.865000000000009,66.0,0.2727272727272727,22.0,0.9545454545454546,441.0,324.0,1,0,0,1,1,0,0,21.0,0.0,0.0,19
RUS,Mercedes,19.0,0 days 00:01:22.971000,0 days 00:00:24.056000,0 days 00:00:33.936000,0 days 00:00:24.979000,SOFT,22.0,1.0,,,1,4.0,False,2025,Spain,R,82.971,24.056,33.936,24.979,80.52850000000001,2.4424999999999955,86.617,-3.646000000000001,2.4424999999999955,84.111,86.677,-2.5660000000000025,66.0,0.2878787878787879,22.0,1.0,484.0,361.0,1,0,0,1,1,0,0,22.0,0.0,0.0,19
RUS,Mercedes,22.0,0 days 00:01:19.163000,0 days 00:00:23.553000,0 days 00:00:31.850000,0 days 00:00:23.760000,MEDIUM,2.0,2.0,,,1,6.0,False,2025,Spain,R,79.163,23.553,31.85,23.76,80.52850000000001,1.3655000000000115,79.163,0.0,-1.3655000000000115,80.48299999999999,80.48299999999999,0.0,66.0,0.3333333333333333,20.0,0.1,4.0,484.0,0,1,0,0,0,1,0,0.0,2.0,0.0,19
RUS,Mercedes,23.0,0 days 00:01:19.512000,0 days 00:00:23.430000,0 days 00:00:32.202000,0 days 00:00:23.880000,MEDIUM,3.0,2.0,,,1,6.0,False,2025,Spain,R,79.512,23.43,32.202,23.88,80.52850000000001,1.0165000000000077,79.163,0.34900000000000375,-1.0165000000000077,80.892,80.48299999999999,0.409000000000006,66.0,0.3484848484848485,20.0,0.15,9.0,529.0,0,1,0,0,0,1,0,0.0,3.0,0.0,19
RUS,Mercedes,24.0,0 days 00:01:20.074000,0 days 00:00:23.562000,0 days 00:00:32.341000,0 days 00:00:24.171000,MEDIUM,4.0,2.0,,,1,6.0,False,2025,Spain,R,80.074,23.562,32.341,24.171,80.52850000000001,0.4545000000000101,79.163,0.9110000000000014,-0.4545000000000101,81.514,80.48299999999999,1.031000000000006,66.0,0.36363636363636365,20.0,0.2,16.0,576.0,0,1,0,0,0,1,0,0.0,4.0,0.0,19
RUS,Mercedes,25.0,0 days 00:01:20.411000,0 days 00:00:23.727000,0 days 00:00:32.467000,0 days 00:00:24.217000,MEDIUM,5.0,2.0,,,1,6.0,False,2025,Spain,R,80.411,23.727,32.467,24.217,80.52850000000001,0.11750000000000682,79.163,1.2480000000000047,-0.11750000000000682,81.911,80.48299999999999,1.4280000000000115,66.0,0.3787878787878788,20.0,0.25,25.0,625.0,0,1,0,0,0,1,0,0.0,5.0,0.0,19
RUS,Mercedes,26.0,0 days 00:01:20.592000,0 days 00:00:23.758000,0 days 00:00:32.596000,0 days 00:00:24.238000,MEDIUM,6.0,2.0,,,1,6.0,False,2025,Spain,R,80.592,23.758,32.596,24.238,80.52850000000001,0.06349999999999056,79.163,1.429000000000002,0.06349999999999056,82.152,80.48299999999999,1.6690000000000111,66.0,0.3939393939393939,20.0,0.3,36.0,676.0,0,1,0,0,0,1,0,0.0,6.0,0.0,19
RUS,Mercedes,27.0,0 days 00:01:20.311000,0 days 00:00:23.703000,0 days 00:00:32.480000,0 days 00:00:24.128000,MEDIUM,7.0,2.0,,,1,6.0,False,2025,Spain,R,80.311,23.703,32.48,24.128,80.52850000000001,0.21750000000000114,79.163,1.1480000000000103,-0.21750000000000114,81.93100000000001,80.48299999999999,1.4480000000000217,66.0,0.4090909090909091,20.0,0.35,49.0,729.0,0,1,0,0,0,1,0,0.0,7.0,0.0,19
RUS,Mercedes,28.0,0 days 00:01:20.726000,0 days 00:00:23.823000,0 days 00:00:32.691000,0 days 00:00:24.212000,MEDIUM,8.0,2.0,,,1,6.0,False,2025,Spain,R,80.726,23.823,32.691,24.212,80.52850000000001,0.1974999999999909,79.163,1.5630000000000024,0.1974999999999909,82.406,80.48299999999999,1.923000000000016,66.0,0.42424242424242425,20.0,0.4,64.0,784.0,0,1,0,0,0,1,0,0.0,8.0,0.0,19
RUS,Mercedes,29.0,0 days 00:01:20.349000,0 days 00:00:23.645000,0 days 00:00:32.547000,0 days 00:00:24.157000,MEDIUM,9.0,2.0,,,1,6.0,False,2025,Spain,R,80.349,23.645,32.547,24.157,80.52850000000001,0.17950000000000443,79.163,1.186000000000007,-0.17950000000000443,82.089,80.48299999999999,1.6060000000000088,66.0,0.4393939393939394,20.0,0.45,81.0,841.0,0,1,0,0,0,1,0,0.0,9.0,0.0,19
RUS,Mercedes,30.0,0 days 00:01:20.427000,0 days 00:00:23.711000,0 days 00:00:32.499000,0 days 00:00:24.217000,MEDIUM,10.0,2.0,,,1,6.0,False,2025,Spain,R,80.427,23.711,32.499,24.217,80.52850000000001,0.10150000000000148,79.163,1.26400000000001,-0.10150000000000148,82.227,80.48299999999999,1.744000000000014,66.0,0.45454545454545453,20.0,0.5,100.0,900.0,0,1,0,0,0,1,0,0.0,10.0,0.0,19
RUS,Mercedes,31.0,0 days 00:01:20.421000,0 days 00:00:23.569000,0 days 00:00:32.571000,0 days 00:00:24.281000,MEDIUM,11.0,2.0,,,1,6.0,False,2025,Spain,R,80.421,23.569,32.571,24.281,80.52850000000001,0.1075000000000017,79.163,1.2580000000000098,-0.1075000000000017,82.281,80.48299999999999,1.798000000000016,66.0,0.4696969696969697,20.0,0.55,121.0,961.0,0,1,0,0,0,1,0,0.0,11.0,0.0,19
RUS,Mercedes,32.0,0 days 00:01:20.533000,0 days 00:00:23.589000,0 days 00:00:32.674000,0 days 00:00:24.270000,MEDIUM,12.0,2.0,,,1,6.0,False,2025,Spain,R,80.533,23.589,32.674,24.27,80.52850000000001,0.004499999999993065,79.163,1.3700000000000045,0.004499999999993065,82.453,80.48299999999999,1.970000000000013,66.0,0.48484848484848486,20.0,0.6,144.0,1024.0,0,1,0,0,0,1,0,0.0,12.0,0.0,19
RUS,Mercedes,33.0,0 days 00:01:20.669000,0 days 00:00:23.799000,0 days 00:00:32.620000,0 days 00:00:24.250000,MEDIUM,13.0,2.0,,,1,6.0,False,2025,Spain,R,80.669,23.799,32.62,24.25,80.52850000000001,0.14049999999998875,79.163,1.5060000000000002,0.14049999999998875,82.649,80.48299999999999,2.166000000000011,66.0,0.5,20.0,0.65,169.0,1089.0,0,1,0,0,0,1,0,0.0,13.0,0.0,19
RUS,Mercedes,34.0,0 days 00:01:20.421000,0 days 00:00:23.732000,0 days 00:00:32.518000,0 days 00:00:24.171000,MEDIUM,14.0,2.0,,,1,6.0,False,2025,Spain,R,80.421,23.732,32.518,24.171,80.52850000000001,0.1075000000000017,79.163,1.2580000000000098,-0.1075000000000017,82.46100000000001,80.48299999999999,1.9780000000000229,66.0,0.5151515151515151,20.0,0.7,196.0,1156.0,0,1,0,0,0,1,0,0.0,14.0,0.0,19
RUS,Mercedes,35.0,0 days 00:01:20.619000,0 days 00:00:23.654000,0 days 00:00:32.668000,0 days 00:00:24.297000,MEDIUM,15.0,2.0,,,1,6.0,False,2025,Spain,R,80.619,23.654,32.668,24.297,80.52850000000001,0.09049999999999159,79.163,1.456000000000003,0.09049999999999159,82.719,80.48299999999999,2.236000000000004,66.0,0.5303030303030303,20.0,0.75,225.0,1225.0,0,1,0,0,0,1,0,0.0,15.0,0.0,19
RUS,Mercedes,36.0,0 days 00:01:20.368000,0 days 00:00:23.662000,0 days 00:00:32.474000,0 days 00:00:24.232000,MEDIUM,16.0,2.0,,,1,6.0,False,2025,Spain,R,80.368,23.662,32.474,24.232,80.52850000000001,0.1605000000000132,79.163,1.2049999999999983,-0.1605000000000132,82.52799999999999,80.48299999999999,2.0450000000000017,66.0,0.5454545454545454,20.0,0.8,256.0,1296.0,0,1,0,0,0,1,0,0.0,16.0,0.0,19
RUS,Mercedes,37.0,0 days 00:01:20.537000,0 days 00:00:23.594000,0 days 00:00:32.628000,0 days 00:00:24.315000,MEDIUM,17.0,2.0,,,1,6.0,False,2025,Spain,R,80.537,23.594,32.628,24.315,80.52850000000001,0.008499999999997954,79.163,1.3740000000000094,0.008499999999997954,82.757,80.48299999999999,2.274000000000015,66.0,0.5606060606060606,20.0,0.85,289.0,1369.0,0,1,0,0,0,1,0,0.0,17.0,0.0,19
RUS,Mercedes,38.0,0 days 00:01:20.524000,0 days 00:00:23.643000,0 days 00:00:32.591000,0 days 00:00:24.290000,MEDIUM,18.0,2.0,,,1,6.0,False,2025,Spain,R,80.524,23.643,32.591,24.29,80.52850000000001,0.004500000000007276,79.163,1.3610000000000042,-0.004500000000007276,82.804,80.48299999999999,2.321000000000012,66.0,0.5757575757575758,20.0,0.9,324.0,1444.0,0,1,0,0,0,1,0,0.0,18.0,0.0,19
RUS,Mercedes,39.0,0 days 00:01:20.499000,0 days 00:00:23.570000,0 days 00:00:32.623000,0 days 00:00:24.306000,MEDIUM,19.0,2.0,,,1,6.0,False,2025,Spain,R,80.499,23.57,32.623,24.306,80.52850000000001,0.02950000000001296,79.163,1.3359999999999985,-0.02950000000001296,82.839,80.48299999999999,2.3560000000000088,66.0,0.5909090909090909,20.0,0.95,361.0,1521.0,0,1,0,0,0,1,0,0.0,19.0,0.0,19
RUS,Mercedes,40.0,0 days 00:01:20.888000,0 days 00:00:23.595000,0 days 00:00:32.691000,0 days 00:00:24.602000,MEDIUM,20.0,2.0,,,1,6.0,False,2025,Spain,R,80.888,23.595,32.691,24.602,80.52850000000001,0.35949999999999704,79.163,1.7250000000000085,0.35949999999999704,83.28800000000001,80.48299999999999,2.805000000000021,66.0,0.6060606060606061,20.0,1.0,400.0,1600.0,0,1,0,0,0,1,0,0.0,20.0,0.0,19
RUS,Mercedes,43.0,0 days 00:01:18.437000,0 days 00:00:23.083000,0 days 00:00:31.624000,0 days 00:00:23.730000,SOFT,2.0,3.0,,,1,7.0,False,2025,Spain,R,78.437,23.083,31.624,23.73,80.52850000000001,2.0915000000000106,78.437,0.0,-2.0915000000000106,81.017,81.017,0.0,66.0,0.6515151515151515,13.0,0.15384615384615385,4.0,1849.0,0,0,0,0,1,0,0,2.0,0.0,0.0,12
RUS,Mercedes,44.0,0 days 00:01:19.079000,0 days 00:00:23.446000,0 days 00:00:31.980000,0 days 00:00:23.653000,SOFT,3.0,3.0,,,1,6.0,False,2025,Spain,R,79.079,23.446,31.98,23.653,80.52850000000001,1.4495000000000147,78.437,0.6419999999999959,-1.4495000000000147,81.719,81.017,0.7019999999999982,66.0,0.6666666666666666,13.0,0.23076923076923078,9.0,1936.0,0,0,1,0,1,0,0,3.0,0.0,0.0,12
RUS,Mercedes,45.0,0 days 00:01:19.176000,0 days 00:00:23.553000,0 days 00:00:31.845000,0 days 00:00:23.778000,SOFT,4.0,3.0,,,1,6.0,False,2025,Spain,R,79.176,23.553,31.845,23.778,80.52850000000001,1.3525000000000063,78.437,0.7390000000000043,-1.3525000000000063,81.876,81.017,0.8590000000000089,66.0,0.6818181818181818,13.0,0.3076923076923077,16.0,2025.0,0,0,1,0,1,0,0,4.0,0.0,0.0,12
RUS,Mercedes,46.0,0 days 00:01:19.351000,0 days 00:00:23.553000,0 days 00:00:31.912000,0 days 00:00:23.886000,SOFT,5.0,3.0,,,1,6.0,False,2025,Spain,R,79.351,23.553,31.912,23.886,80.52850000000001,1.177500000000009,78.437,0.9140000000000015,-1.177500000000009,82.111,81.017,1.0940000000000083,66.0,0.696969696969697,13.0,0.38461538461538464,25.0,2116.0,0,0,1,0,1,0,0,5.0,0.0,0.0,12
RUS,Mercedes,47.0,0 days 00:01:19.393000,0 days 00:00:23.478000,0 days 00:00:32.052000,0 days 00:00:23.863000,SOFT,6.0,3.0,,,1,5.0,False,2025,Spain,R,79.393,23.478,32.052,23.863,80.52850000000001,1.1355000000000075,78.437,0.9560000000000031,-1.1355000000000075,82.213,81.017,1.195999999999998,66.0,0.7121212121212122,13.0,0.46153846153846156,36.0,2209.0,0,0,1,0,1,0,0,6.0,0.0,0.0,12
RUS,Mercedes,48.0,0 days 00:01:19.047000,0 days 00:00:23.359000,0 days 00:00:31.866000,0 days 00:00:23.822000,SOFT,7.0,3.0,,,1,5.0,False,2025,Spain,R,79.047,23.359,31.866,23.822,80.52850000000001,1.4815000000000111,78.437,0.6099999999999994,-1.4815000000000111,81.92699999999999,81.017,0.9099999999999966,66.0,0.7272727272727273,13.0,0.5384615384615384,49.0,2304.0,0,0,1,0,1,0,0,7.0,0.0,0.0,12
RUS,Mercedes,49.0,0 days 00:01:19.121000,0 days 00:00:23.465000,0 days 00:00:31.960000,0 days 00:00:23.696000,SOFT,8.0,3.0,,,1,5.0,False,2025,Spain,R,79.121,23.465,31.96,23.696,80.52850000000001,1.407500000000013,78.437,0.6839999999999975,-1.407500000000013,82.06099999999999,81.017,1.043999999999997,66.0,0.7424242424242424,13.0,0.6153846153846154,64.0,2401.0,0,0,1,0,1,0,0,8.0,0.0,0.0,12
RUS,Mercedes,50.0,0 days 00:01:19.416000,0 days 00:00:23.404000,0 days 00:00:32.086000,0 days 00:00:23.926000,SOFT,9.0,3.0,,,1,5.0,False,2025,Spain,R,79.416,23.404,32.086,23.926,80.52850000000001,1.1125000000000114,78.437,0.9789999999999992,-1.1125000000000114,82.416,81.017,1.399000000000001,66.0,0.7575757575757576,13.0,0.6923076923076923,81.0,2500.0,0,0,1,0,1,0,0,9.0,0.0,0.0,12
RUS,Mercedes,51.0,0 days 00:01:19.471000,0 days 00:00:23.439000,0 days 00:00:32.141000,0 days 00:00:23.891000,SOFT,10.0,3.0,,,1,5.0,False,2025,Spain,R,79.471,23.439,32.141,23.891,80.52850000000001,1.0575000000000045,78.437,1.034000000000006,-1.0575000000000045,82.531,81.017,1.51400000000001,66.0,0.7727272727272727,13.0,0.7692307692307693,100.0,2601.0,0,0,1,0,1,0,0,10.0,0.0,0.0,12
RUS,Mercedes,52.0,0 days 00:01:19.280000,0 days 00:00:23.240000,0 days 00:00:32.092000,0 days 00:00:23.948000,SOFT,11.0,3.0,,,1,5.0,False,2025,Spain,R,79.28,23.24,32.092,23.948,80.52850000000001,1.248500000000007,78.437,0.8430000000000035,-1.248500000000007,82.4,81.017,1.3830000000000098,66.0,0.7878787878787878,13.0,0.8461538461538461,121.0,2704.0,0,0,1,0,1,0,0,11.0,0.0,0.0,12
RUS,Mercedes,53.0,0 days 00:01:19.426000,0 days 00:00:23.469000,0 days 00:00:32.045000,0 days 00:00:23.912000,SOFT,12.0,3.0,,,1,5.0,False,2025,Spain,R,79.426,23.469,32.045,23.912,80.52850000000001,1.1025000000000063,78.437,0.9890000000000043,-1.1025000000000063,82.606,81.017,1.5889999999999986,66.0,0.803030303030303,13.0,0.9230769230769231,144.0,2809.0,0,0,1,0,1,0,0,12.0,0.0,0.0,12
RUS,Mercedes,54.0,0 days 00:01:19.578000,0 days 00:00:23.432000,0 days 00:00:32.106000,0 days 00:00:24.040000,SOFT,13.0,3.0,,,1,5.0,False,2025,Spain,R,79.578,23.432,32.106,24.04,80.52850000000001,0.9505000000000052,78.437,1.1410000000000053,-0.9505000000000052,82.818,81.017,1.801000000000002,66.0,0.8181818181818182,13.0,1.0,169.0,2916.0,0,0,1,0,1,0,0,13.0,0.0,0.0,12
RUS,Mercedes,61.0,0 days 00:01:18.843000,0 days 00:00:23.576000,0 days 00:00:31.975000,0 days 00:00:23.292000,SOFT,9.0,4.0,,,1,5.0,False,2025,Spain,R,78.843,23.576,31.975,23.292,80.52850000000001,1.6855000000000047,78.843,0.0,-1.6855000000000047,82.503,82.503,0.0,66.0,0.9242424242424242,14.0,0.6428571428571429,81.0,3721.0,0,0,1,0,1,0,0,9.0,0.0,0.0,6
RUS,Mercedes,62.0,0 days 00:01:17.244000,0 days 00:00:22.988000,0 days 00:00:31.092000,0 days 00:00:23.164000,SOFT,10.0,4.0,,,1,5.0,False,2025,Spain,R,77.244,22.988,31.092,23.164,80.52850000000001,3.2845000000000084,78.843,-1.5990000000000038,-3.2845000000000084,80.964,82.503,-1.5390000000000015,66.0,0.9393939393939394,14.0,0.7142857142857143,100.0,3844.0,0,0,1,0,1,0,0,10.0,0.0,0.0,6
RUS,Mercedes,63.0,0 days 00:01:17.594000,0 days 00:00:22.746000,0 days 00:00:31.382000,0 days 00:00:23.466000,SOFT,11.0,4.0,,,1,5.0,False,2025,Spain,R,77.594,22.746,31.382,23.466,80.52850000000001,2.934500000000014,78.843,-1.2490000000000094,-2.934500000000014,81.374,82.503,-1.1290000000000049,66.0,0.9545454545454546,14.0,0.7857142857142857,121.0,3969.0,0,0,1,0,1,0,0,11.0,0.0,0.0,6
RUS,Mercedes,64.0,0 days 00:01:18.793000,0 days 00:00:22.737000,0 days 00:00:32.309000,0 days 00:00:23.747000,SOFT,12.0,4.0,,,1,4.0,False,2025,Spain,R,78.793,22.737,32.309,23.747,80.52850000000001,1.7355000000000018,78.843,-0.04999999999999716,-1.7355000000000018,82.63300000000001,82.503,0.13000000000000966,66.0,0.9696969696969697,14.0,0.8571428571428571,144.0,4096.0,0,0,1,0,1,0,0,12.0,0.0,0.0,6
RUS,Mercedes,65.0,0 days 00:01:17.749000,0 days 00:00:22.926000,0 days 00:00:31.497000,0 days 00:00:23.326000,SOFT,13.0,4.0,,,1,4.0,False,2025,Spain,R,77.749,22.926,31.497,23.326,80.52850000000001,2.779500000000013,78.843,-1.0940000000000083,-2.779500000000013,81.649,82.503,-0.8539999999999992,66.0,0.9848484848484849,14.0,0.9285714285714286,169.0,4225.0,0,0,1,0,1,0,0,13.0,0.0,0.0,6
RUS,Mercedes,66.0,0 days 00:01:18.569000,0 days 00:00:22.874000,0 days 00:00:31.938000,0 days 00:00:23.757000,SOFT,14.0,4.0,,,1,4.0,False,2025,Spain,R,78.569,22.874,31.938,23.757,80.52850000000001,1.9595000000000056,78.843,-0.2740000000000009,-1.9595000000000056,82.529,82.503,0.02599999999999625,66.0,1.0,14.0,1.0,196.0,4356.0,0,0,1,0,1,0,0,14.0,0.0,0.0,6
SAI,Williams,2.0,0 days 00:01:23.851000,0 days 00:00:24.744000,0 days 00:00:33.993000,0 days 00:00:25.114000,SOFT,2.0,1.0,,,1,17.0,False,2025,Spain,R,83.851,24.744,33.993,25.114,81.623,2.2279999999999944,83.851,0.0,2.2279999999999944,83.971,83.971,0.0,66.0,0.030303030303030304,8.0,0.25,4.0,4.0,1,0,0,1,1,0,0,2.0,0.0,0.0,7
SAI,Williams,3.0,0 days 00:01:22.905000,0 days 00:00:24.264000,0 days 00:00:33.694000,0 days 00:00:24.947000,SOFT,3.0,1.0,,,1,17.0,False,2025,Spain,R,82.905,24.264,33.694,24.947,81.623,1.2819999999999965,83.851,-0.945999999999998,1.2819999999999965,83.08500000000001,83.971,-0.8859999999999957,66.0,0.045454545454545456,8.0,0.375,9.0,9.0,1,0,0,1,1,0,0,3.0,0.0,0.0,7
SAI,Williams,4.0,0 days 00:01:22.370000,0 days 00:00:24.043000,0 days 00:00:33.431000,0 days 00:00:24.896000,SOFT,4.0,1.0,,,1,17.0,False,2025,Spain,R,82.37,24.043,33.431,24.896,81.623,0.7469999999999999,83.851,-1.4809999999999945,0.7469999999999999,82.61,83.971,-1.3610000000000042,66.0,0.06060606060606061,8.0,0.5,16.0,16.0,1,0,0,1,1,0,0,4.0,0.0,0.0,7
SAI,Williams,5.0,0 days 00:01:22.470000,0 days 00:00:23.952000,0 days 00:00:33.457000,0 days 00:00:25.061000,SOFT,5.0,1.0,,,1,17.0,False,2025,Spain,R,82.47,23.952,33.457,25.061,81.623,0.8469999999999942,83.851,-1.3810000000000002,0.8469999999999942,82.77,83.971,-1.2010000000000076,66.0,0.07575757575757576,8.0,0.625,25.0,25.0,1,0,0,1,1,0,0,5.0,0.0,0.0,7
SAI,Williams,6.0,0 days 00:01:22.836000,0 days 00:00:24.029000,0 days 00:00:33.588000,0 days 00:00:25.219000,SOFT,6.0,1.0,,,1,16.0,False,2025,Spain,R,82.836,24.029,33.588,25.219,81.623,1.2129999999999939,83.851,-1.0150000000000006,1.2129999999999939,83.196,83.971,-0.7750000000000057,66.0,0.09090909090909091,8.0,0.75,36.0,36.0,1,0,0,1,1,0,0,6.0,0.0,0.0,7
SAI,Williams,7.0,0 days 00:01:22.908000,0 days 00:00:24.163000,0 days 00:00:33.696000,0 days 00:00:25.049000,SOFT,7.0,1.0,,,1,16.0,False,2025,Spain,R,82.908,24.163,33.696,25.049,81.623,1.2849999999999966,83.851,-0.9429999999999978,1.2849999999999966,83.328,83.971,-0.6430000000000007,66.0,0.10606060606060606,8.0,0.875,49.0,49.0,1,0,0,1,1,0,0,7.0,0.0,0.0,7
SAI,Williams,8.0,0 days 00:01:23.405000,0 days 00:00:24.436000,0 days 00:00:33.907000,0 days 00:00:25.062000,SOFT,8.0,1.0,,,1,15.0,False,2025,Spain,R,83.405,24.436,33.907,25.062,81.623,1.7819999999999965,83.851,-0.44599999999999795,1.7819999999999965,83.885,83.971,-0.08599999999999852,66.0,0.12121212121212122,8.0,1.0,64.0,64.0,1,0,0,1,1,0,0,8.0,0.0,0.0,7
SAI,Williams,11.0,0 days 00:01:21.101000,0 days 00:00:24.130000,0 days 00:00:32.642000,0 days 00:00:24.329000,SOFT,2.0,2.0,,,1,19.0,False,2025,Spain,R,81.101,24.13,32.642,24.329,81.623,0.5220000000000056,81.101,0.0,-0.5220000000000056,81.761,81.761,0.0,66.0,0.16666666666666666,24.0,0.08333333333333333,4.0,121.0,0,1,0,1,1,0,0,2.0,0.0,0.0,23
SAI,Williams,12.0,0 days 00:01:21.020000,0 days 00:00:24.189000,0 days 00:00:32.648000,0 days 00:00:24.183000,SOFT,3.0,2.0,,,1,19.0,False,2025,Spain,R,81.02,24.189,32.648,24.183,81.623,0.6030000000000086,81.101,-0.08100000000000307,-0.6030000000000086,81.74,81.761,-0.021000000000000796,66.0,0.18181818181818182,24.0,0.125,9.0,144.0,0,1,0,1,1,0,0,3.0,0.0,0.0,23
SAI,Williams,13.0,0 days 00:01:21.568000,0 days 00:00:24.154000,0 days 00:00:32.916000,0 days 00:00:24.498000,SOFT,4.0,2.0,,,1,19.0,False,2025,Spain,R,81.568,24.154,32.916,24.498,81.623,0.05500000000000682,81.101,0.46699999999999875,-0.05500000000000682,82.348,81.761,0.5870000000000033,66.0,0.19696969696969696,24.0,0.16666666666666666,16.0,169.0,0,1,0,1,1,0,0,4.0,0.0,0.0,23
SAI,Williams,14.0,0 days 00:01:21.456000,0 days 00:00:24.220000,0 days 00:00:32.814000,0 days 00:00:24.422000,SOFT,5.0,2.0,,,1,19.0,False,2025,Spain,R,81.456,24.22,32.814,24.422,81.623,0.1670000000000016,81.101,0.355000000000004,-0.1670000000000016,82.296,81.761,0.5350000000000108,66.0,0.21212121212121213,24.0,0.20833333333333334,25.0,196.0,0,1,0,1,1,0,0,5.0,0.0,0.0,23
SAI,Williams,15.0,0 days 00:01:21.298000,0 days 00:00:24.194000,0 days 00:00:33.014000,0 days 00:00:24.090000,SOFT,6.0,2.0,,,1,18.0,False,2025,Spain,R,81.298,24.194,33.014,24.09,81.623,0.32500000000000284,81.101,0.19700000000000273,-0.32500000000000284,82.19800000000001,81.761,0.4370000000000118,66.0,0.22727272727272727,24.0,0.25,36.0,225.0,0,1,0,1,1,0,0,6.0,0.0,0.0,23
SAI,Williams,16.0,0 days 00:01:21.320000,0 days 00:00:24.256000,0 days 00:00:32.909000,0 days 00:00:24.155000,SOFT,7.0,2.0,,,1,17.0,False,2025,Spain,R,81.32,24.256,32.909,24.155,81.623,0.3030000000000115,81.101,0.2189999999999941,-0.3030000000000115,82.27999999999999,81.761,0.5189999999999912,66.0,0.24242424242424243,24.0,0.2916666666666667,49.0,256.0,0,1,0,1,1,0,0,7.0,0.0,0.0,23
SAI,Williams,17.0,0 days 00:01:21.579000,0 days 00:00:24.260000,0 days 00:00:33.064000,0 days 00:00:24.255000,SOFT,8.0,2.0,,,1,17.0,False,2025,Spain,R,81.579,24.26,33.064,24.255,81.623,0.04400000000001114,81.101,0.47799999999999443,-0.04400000000001114,82.59899999999999,81.761,0.8379999999999939,66.0,0.25757575757575757,24.0,0.3333333333333333,64.0,289.0,0,1,0,1,1,0,0,8.0,0.0,0.0,23
SAI,Williams,18.0,0 days 00:01:23.128000,0 days 00:00:24.369000,0 days 00:00:33.370000,0 days 00:00:25.389000,SOFT,9.0,2.0,,,1,18.0,False,2025,Spain,R,83.128,24.369,33.37,25.389,81.623,1.5049999999999955,81.101,2.027000000000001,1.5049999999999955,84.208,81.761,2.4470000000000027,66.0,0.2727272727272727,24.0,0.375,81.0,324.0,0,1,0,1,1,0,0,9.0,0.0,0.0,23
SAI,Williams,19.0,0 days 00:01:22.008000,0 days 00:00:24.173000,0 days 00:00:33.367000,0 days 00:00:24.468000,SOFT,10.0,2.0,,,1,18.0,False,2025,Spain,R,82.008,24.173,33.367,24.468,81.623,0.3849999999999909,81.101,0.9069999999999965,0.3849999999999909,83.148,81.761,1.3870000000000005,66.0,0.2878787878787879,24.0,0.4166666666666667,100.0,361.0,0,1,0,1,1,0,0,10.0,0.0,0.0,23
SAI,Williams,20.0,0 days 00:01:21.894000,0 days 00:00:24.174000,0 days 00:00:33.216000,0 days 00:00:24.504000,SOFT,11.0,2.0,,,1,17.0,False,2025,Spain,R,81.894,24.174,33.216,24.504,81.623,0.2710000000000008,81.101,0.7930000000000064,0.2710000000000008,83.09400000000001,81.761,1.3330000000000126,66.0,0.30303030303030304,24.0,0.4583333333333333,121.0,400.0,0,1,0,1,1,0,0,11.0,0.0,0.0,23
SAI,Williams,21.0,0 days 00:01:21.853000,0 days 00:00:24.278000,0 days 00:00:33.159000,0 days 00:00:24.416000,SOFT,12.0,2.0,,,1,16.0,False,2025,Spain,R,81.853,24.278,33.159,24.416,81.623,0.22999999999998977,81.101,0.7519999999999953,0.22999999999998977,83.113,81.761,1.3520000000000039,66.0,0.3181818181818182,24.0,0.5,144.0,441.0,0,1,0,1,1,0,0,12.0,0.0,0.0,23
SAI,Williams,22.0,0 days 00:01:21.938000,0 days 00:00:24.277000,0 days 00:00:33.213000,0 days 00:00:24.448000,SOFT,13.0,2.0,,,1,16.0,False,2025,Spain,R,81.938,24.277,33.213,24.448,81.623,0.3149999999999977,81.101,0.8370000000000033,0.3149999999999977,83.258,81.761,1.4969999999999999,66.0,0.3333333333333333,24.0,0.5416666666666666,169.0,484.0,0,1,0,0,1,0,0,13.0,0.0,0.0,23
SAI,Williams,23.0,0 days 00:01:21.862000,0 days 00:00:24.206000,0 days 00:00:33.248000,0 days 00:00:24.408000,SOFT,14.0,2.0,,,1,16.0,False,2025,Spain,R,81.862,24.206,33.248,24.408,81.623,0.2389999999999901,81.101,0.7609999999999957,0.2389999999999901,83.24199999999999,81.761,1.4809999999999945,66.0,0.3484848484848485,24.0,0.5833333333333334,196.0,529.0,0,1,0,0,1,0,0,14.0,0.0,0.0,23
SAI,Williams,24.0,0 days 00:01:21.697000,0 days 00:00:24.054000,0 days 00:00:33.116000,0 days 00:00:24.527000,SOFT,15.0,2.0,,,1,16.0,False,2025,Spain,R,81.697,24.054,33.116,24.527,81.623,0.07399999999999807,81.101,0.5960000000000036,0.07399999999999807,83.137,81.761,1.3760000000000048,66.0,0.36363636363636365,24.0,0.625,225.0,576.0,0,1,0,0,1,0,0,15.0,0.0,0.0,23
SAI,Williams,25.0,0 days 00:01:21.867000,0 days 00:00:24.032000,0 days 00:00:33.286000,0 days 00:00:24.549000,SOFT,16.0,2.0,,,1,15.0,False,2025,Spain,R,81.867,24.032,33.286,24.549,81.623,0.24399999999999977,81.101,0.7660000000000053,0.24399999999999977,83.367,81.761,1.6060000000000088,66.0,0.3787878787878788,24.0,0.6666666666666666,256.0,625.0,0,1,0,0,1,0,0,16.0,0.0,0.0,23
SAI,Williams,26.0,0 days 00:01:21.915000,0 days 00:00:24.142000,0 days 00:00:33.295000,0 days 00:00:24.478000,SOFT,17.0,2.0,,,1,14.0,False,2025,Spain,R,81.915,24.142,33.295,24.478,81.623,0.2920000000000016,81.101,0.8140000000000072,0.2920000000000016,83.47500000000001,81.761,1.7140000000000128,66.0,0.3939393939393939,24.0,0.7083333333333334,289.0,676.0,0,1,0,0,1,0,0,17.0,0.0,0.0,23
SAI,Williams,27.0,0 days 00:01:21.686000,0 days 00:00:24.195000,0 days 00:00:33.106000,0 days 00:00:24.385000,SOFT,18.0,2.0,,,1,14.0,False,2025,Spain,R,81.686,24.195,33.106,24.385,81.623,0.06300000000000239,81.101,0.585000000000008,0.06300000000000239,83.30600000000001,81.761,1.545000000000016,66.0,0.4090909090909091,24.0,0.75,324.0,729.0,0,1,0,0,1,0,0,18.0,0.0,0.0,23
SAI,Williams,28.0,0 days 00:01:21.877000,0 days 00:00:24.196000,0 days 00:00:33.126000,0 days 00:00:24.555000,SOFT,19.0,2.0,,,1,14.0,False,2025,Spain,R,81.877,24.196,33.126,24.555,81.623,0.2539999999999907,81.101,0.7759999999999962,0.2539999999999907,83.557,81.761,1.7960000000000065,66.0,0.42424242424242425,24.0,0.7916666666666666,361.0,784.0,0,1,0,0,1,0,0,19.0,0.0,0.0,23
SAI,Williams,29.0,0 days 00:01:22.105000,0 days 00:00:24.233000,0 days 00:00:33.404000,0 days 00:00:24.468000,SOFT,20.0,2.0,,,1,14.0,False,2025,Spain,R,82.105,24.233,33.404,24.468,81.623,0.4819999999999993,81.101,1.0040000000000049,0.4819999999999993,83.845,81.761,2.084000000000003,66.0,0.4393939393939394,24.0,0.8333333333333334,400.0,841.0,0,1,0,0,1,0,0,20.0,0.0,0.0,23
SAI,Williams,30.0,0 days 00:01:21.918000,0 days 00:00:24.297000,0 days 00:00:33.082000,0 days 00:00:24.539000,SOFT,21.0,2.0,,,1,14.0,False,2025,Spain,R,81.918,24.297,33.082,24.539,81.623,0.2950000000000017,81.101,0.8170000000000073,0.2950000000000017,83.718,81.761,1.9570000000000078,66.0,0.45454545454545453,24.0,0.875,441.0,900.0,0,1,0,0,1,0,0,21.0,0.0,0.0,23
SAI,Williams,31.0,0 days 00:01:22.026000,0 days 00:00:24.320000,0 days 00:00:33.279000,0 days 00:00:24.427000,SOFT,22.0,2.0,,,1,14.0,False,2025,Spain,R,82.026,24.32,33.279,24.427,81.623,0.4029999999999916,81.101,0.9249999999999972,0.4029999999999916,83.886,81.761,2.125,66.0,0.4696969696969697,24.0,0.9166666666666666,484.0,961.0,0,1,0,0,1,0,0,22.0,0.0,0.0,23
SAI,Williams,32.0,0 days 00:01:21.993000,0 days 00:00:24.245000,0 days 00:00:33.369000,0 days 00:00:24.379000,SOFT,23.0,2.0,,,1,13.0,False,2025,Spain,R,81.993,24.245,33.369,24.379,81.623,0.36999999999999034,81.101,0.8919999999999959,0.36999999999999034,83.913,81.761,2.152000000000001,66.0,0.48484848484848486,24.0,0.9583333333333334,529.0,1024.0,0,1,0,0,1,0,0,23.0,0.0,0.0,23
SAI,Williams,33.0,0 days 00:01:22.290000,0 days 00:00:24.230000,0 days 00:00:33.270000,0 days 00:00:24.790000,SOFT,24.0,2.0,,,1,13.0,False,2025,Spain,R,82.29,24.23,33.27,24.79,81.623,0.6670000000000016,81.101,1.1890000000000072,0.6670000000000016,84.27000000000001,81.761,2.5090000000000146,66.0,0.5,24.0,1.0,576.0,1089.0,0,1,0,0,1,0,0,24.0,0.0,0.0,23
SAI,Williams,36.0,0 days 00:01:21.478000,0 days 00:00:24.040000,0 days 00:00:32.849000,0 days 00:00:24.589000,MEDIUM,2.0,3.0,,,1,18.0,False,2025,Spain,R,81.478,24.04,32.849,24.589,81.623,0.14500000000001023,81.478,0.0,-0.14500000000001023,83.63799999999999,83.63799999999999,0.0,66.0,0.5454545454545454,19.0,0.10526315789473684,4.0,1296.0,0,0,0,0,0,1,0,0.0,2.0,0.0,18
SAI,Williams,37.0,0 days 00:01:20.724000,0 days 00:00:23.896000,0 days 00:00:32.559000,0 days 00:00:24.269000,MEDIUM,3.0,3.0,,,1,17.0,False,2025,Spain,R,80.724,23.896,32.559,24.269,81.623,0.8990000000000009,81.478,-0.7539999999999907,-0.8990000000000009,82.944,83.63799999999999,-0.6939999999999884,66.0,0.5606060606060606,19.0,0.15789473684210525,9.0,1369.0,0,0,0,0,0,1,0,0.0,3.0,0.0,18
SAI,Williams,38.0,0 days 00:01:20.961000,0 days 00:00:23.953000,0 days 00:00:32.728000,0 days 00:00:24.280000,MEDIUM,4.0,3.0,,,1,17.0,False,2025,Spain,R,80.961,23.953,32.728,24.28,81.623,0.6620000000000061,81.478,-0.5169999999999959,-0.6620000000000061,83.241,83.63799999999999,-0.39699999999999136,66.0,0.5757575757575758,19.0,0.21052631578947367,16.0,1444.0,0,0,0,0,0,1,0,0.0,4.0,0.0,18
SAI,Williams,39.0,0 days 00:01:21.112000,0 days 00:00:23.974000,0 days 00:00:32.894000,0 days 00:00:24.244000,MEDIUM,5.0,3.0,,,1,17.0,False,2025,Spain,R,81.112,23.974,32.894,24.244,81.623,0.5110000000000099,81.478,-0.36599999999999966,-0.5110000000000099,83.452,83.63799999999999,-0.18599999999999284,66.0,0.5909090909090909,19.0,0.2631578947368421,25.0,1521.0,0,0,0,0,0,1,0,0.0,5.0,0.0,18
SAI,Williams,40.0,0 days 00:01:20.557000,0 days 00:00:23.948000,0 days 00:00:32.578000,0 days 00:00:24.031000,MEDIUM,6.0,3.0,,,1,17.0,False,2025,Spain,R,80.557,23.948,32.578,24.031,81.623,1.0660000000000025,81.478,-0.9209999999999923,-1.0660000000000025,82.95700000000001,83.63799999999999,-0.6809999999999832,66.0,0.6060606060606061,19.0,0.3157894736842105,36.0,1600.0,0,0,0,0,0,1,0,0.0,6.0,0.0,18
SAI,Williams,41.0,0 days 00:01:20.485000,0 days 00:00:23.770000,0 days 00:00:32.579000,0 days 00:00:24.136000,MEDIUM,7.0,3.0,,,1,17.0,False,2025,Spain,R,80.485,23.77,32.579,24.136,81.623,1.1380000000000052,81.478,-0.992999999999995,-1.1380000000000052,82.945,83.63799999999999,-0.6929999999999978,66.0,0.6212121212121212,19.0,0.3684210526315789,49.0,1681.0,0,0,0,0,0,1,0,0.0,7.0,0.0,18
SAI,Williams,42.0,0 days 00:01:20.583000,0 days 00:00:23.904000,0 days 00:00:32.641000,0 days 00:00:24.038000,MEDIUM,8.0,3.0,,,1,17.0,False,2025,Spain,R,80.583,23.904,32.641,24.038,81.623,1.0400000000000063,81.478,-0.894999999999996,-1.0400000000000063,83.103,83.63799999999999,-0.5349999999999966,66.0,0.6363636363636364,19.0,0.42105263157894735,64.0,1764.0,0,0,0,0,0,1,0,0.0,8.0,0.0,18
SAI,Williams,43.0,0 days 00:01:21.481000,0 days 00:00:23.847000,0 days 00:00:33.267000,0 days 00:00:24.367000,MEDIUM,9.0,3.0,,,1,17.0,False,2025,Spain,R,81.481,23.847,33.267,24.367,81.623,0.14200000000001012,81.478,0.0030000000000001137,-0.14200000000001012,84.06099999999999,83.63799999999999,0.4230000000000018,66.0,0.6515151515151515,19.0,0.47368421052631576,81.0,1849.0,0,0,0,0,0,1,0,0.0,9.0,0.0,18
SAI,Williams,44.0,0 days 00:01:20.821000,0 days 00:00:23.859000,0 days 00:00:32.801000,0 days 00:00:24.161000,MEDIUM,10.0,3.0,,,1,16.0,False,2025,Spain,R,80.821,23.859,32.801,24.161,81.623,0.8020000000000067,81.478,-0.6569999999999965,-0.8020000000000067,83.461,83.63799999999999,-0.1769999999999925,66.0,0.6666666666666666,19.0,0.5263157894736842,100.0,1936.0,0,0,1,0,0,1,0,0.0,10.0,0.0,18
SAI,Williams,45.0,0 days 00:01:20.673000,0 days 00:00:23.837000,0 days 00:00:32.629000,0 days 00:00:24.207000,MEDIUM,11.0,3.0,,,1,15.0,False,2025,Spain,R,80.673,23.837,32.629,24.207,81.623,0.9500000000000028,81.478,-0.8049999999999926,-0.9500000000000028,83.373,83.63799999999999,-0.26499999999998636,66.0,0.6818181818181818,19.0,0.5789473684210527,121.0,2025.0,0,0,1,0,0,1,0,0.0,11.0,0.0,18
SAI,Williams,46.0,0 days 00:01:20.588000,0 days 00:00:23.963000,0 days 00:00:32.547000,0 days 00:00:24.078000,MEDIUM,12.0,3.0,,,1,15.0,False,2025,Spain,R,80.588,23.963,32.547,24.078,81.623,1.0350000000000108,81.478,-0.8900000000000006,-1.0350000000000108,83.348,83.63799999999999,-0.28999999999999204,66.0,0.696969696969697,19.0,0.631578947368421,144.0,2116.0,0,0,1,0,0,1,0,0.0,12.0,0.0,18
SAI,Williams,47.0,0 days 00:01:20.378000,0 days 00:00:23.754000,0 days 00:00:32.606000,0 days 00:00:24.018000,MEDIUM,13.0,3.0,,,1,15.0,False,2025,Spain,R,80.378,23.754,32.606,24.018,81.623,1.2450000000000045,81.478,-1.0999999999999943,-1.2450000000000045,83.198,83.63799999999999,-0.4399999999999977,66.0,0.7121212121212122,19.0,0.6842105263157895,169.0,2209.0,0,0,1,0,0,1,0,0.0,13.0,0.0,18
SAI,Williams,48.0,0 days 00:01:20.500000,0 days 00:00:23.854000,0 days 00:00:32.483000,0 days 00:00:24.163000,MEDIUM,14.0,3.0,,,1,15.0,False,2025,Spain,R,80.5,23.854,32.483,24.163,81.623,1.1230000000000047,81.478,-0.9779999999999944,-1.1230000000000047,83.38,83.63799999999999,-0.25799999999999557,66.0,0.7272727272727273,19.0,0.7368421052631579,196.0,2304.0,0,0,1,0,0,1,0,0.0,14.0,0.0,18
SAI,Williams,49.0,0 days 00:01:21.614000,0 days 00:00:24.923000,0 days 00:00:32.619000,0 days 00:00:24.072000,MEDIUM,15.0,3.0,,,1,15.0,False,2025,Spain,R,81.614,24.923,32.619,24.072,81.623,0.009000000000000341,81.478,0.1360000000000099,-0.009000000000000341,84.554,83.63799999999999,0.916000000000011,66.0,0.7424242424242424,19.0,0.7894736842105263,225.0,2401.0,0,0,1,0,0,1,0,0.0,15.0,0.0,18
SAI,Williams,50.0,0 days 00:01:20.402000,0 days 00:00:23.775000,0 days 00:00:32.527000,0 days 00:00:24.100000,MEDIUM,16.0,3.0,,,1,14.0,False,2025,Spain,R,80.402,23.775,32.527,24.1,81.623,1.2210000000000036,81.478,-1.0759999999999934,-1.2210000000000036,83.402,83.63799999999999,-0.23599999999999,66.0,0.7575757575757576,19.0,0.8421052631578947,256.0,2500.0,0,0,1,0,0,1,0,0.0,16.0,0.0,18
SAI,Williams,51.0,0 days 00:01:20.494000,0 days 00:00:23.697000,0 days 00:00:32.582000,0 days 00:00:24.215000,MEDIUM,17.0,3.0,,,1,14.0,False,2025,Spain,R,80.494,23.697,32.582,24.215,81.623,1.1290000000000049,81.478,-0.9839999999999947,-1.1290000000000049,83.554,83.63799999999999,-0.08399999999998897,66.0,0.7727272727272727,19.0,0.8947368421052632,289.0,2601.0,0,0,1,0,0,1,0,0.0,17.0,0.0,18
SAI,Williams,52.0,0 days 00:01:20.603000,0 days 00:00:23.869000,0 days 00:00:32.627000,0 days 00:00:24.107000,MEDIUM,18.0,3.0,,,1,14.0,False,2025,Spain,R,80.603,23.869,32.627,24.107,81.623,1.0200000000000102,81.478,-0.875,-1.0200000000000102,83.723,83.63799999999999,0.08500000000000796,66.0,0.7878787878787878,19.0,0.9473684210526315,324.0,2704.0,0,0,1,0,0,1,0,0.0,18.0,0.0,18
SAI,Williams,53.0,0 days 00:01:20.417000,0 days 00:00:23.831000,0 days 00:00:32.573000,0 days 00:00:24.013000,MEDIUM,19.0,3.0,,,1,14.0,False,2025,Spain,R,80.417,23.831,32.573,24.013,81.623,1.206000000000003,81.478,-1.0609999999999928,-1.206000000000003,83.59700000000001,83.63799999999999,-0.040999999999982606,66.0,0.803030303030303,19.0,1.0,361.0,2809.0,0,0,1,0,0,1,0,0.0,19.0,0.0,18
SAI,Williams,58.0,0 days 00:01:22.843000,0 days 00:00:24.942000,0 days 00:00:32.753000,0 days 00:00:25.148000,SOFT,3.0,4.0,,,4,16.0,False,2025,Spain,R,82.843,24.942,32.753,25.148,81.623,1.2199999999999989,82.843,0.0,1.2199999999999989,86.32300000000001,86.32300000000001,0.0,66.0,0.8787878787878788,11.0,0.2727272727272727,9.0,3364.0,0,0,1,0,1,0,0,3.0,0.0,0.0,8
SAI,Williams,59.0,0 days 00:01:22.150000,0 days 00:00:24.950000,0 days 00:00:32.370000,0 days 00:00:24.830000,SOFT,4.0,4.0,,,4,16.0,False,2025,Spain,R,82.15,24.95,32.37,24.83,81.623,0.527000000000001,82.843,-0.6929999999999978,0.527000000000001,85.69000000000001,86.32300000000001,-0.6329999999999956,66.0,0.8939393939393939,11.0,0.36363636363636365,16.0,3481.0,0,0,1,0,1,0,0,4.0,0.0,0.0,8
SAI,Williams,61.0,0 days 00:01:21.632000,0 days 00:00:23.910000,0 days 00:00:33.532000,0 days 00:00:24.190000,SOFT,6.0,4.0,,,1,16.0,False,2025,Spain,R,81.632,23.91,33.532,24.19,81.623,0.009000000000000341,82.843,-1.2109999999999985,0.009000000000000341,85.292,86.32300000000001,-1.031000000000006,66.0,0.9242424242424242,11.0,0.5454545454545454,36.0,3721.0,0,0,1,0,1,0,0,6.0,0.0,0.0,8
SAI,Williams,62.0,0 days 00:01:20.530000,0 days 00:00:23.732000,0 days 00:00:32.575000,0 days 00:00:24.223000,SOFT,7.0,4.0,,,1,16.0,False,2025,Spain,R,80.53,23.732,32.575,24.223,81.623,1.0930000000000035,82.843,-2.3130000000000024,-1.0930000000000035,84.25,86.32300000000001,-2.0730000000000075,66.0,0.9393939393939394,11.0,0.6363636363636364,49.0,3844.0,0,0,1,0,1,0,0,7.0,0.0,0.0,8
SAI,Williams,63.0,0 days 00:01:20.214000,0 days 00:00:23.154000,0 days 00:00:33.089000,0 days 00:00:23.971000,SOFT,8.0,4.0,,,1,16.0,False,2025,Spain,R,80.214,23.154,33.089,23.971,81.623,1.409000000000006,82.843,-2.629000000000005,-1.409000000000006,83.994,86.32300000000001,-2.3290000000000077,66.0,0.9545454545454546,11.0,0.7272727272727273,64.0,3969.0,0,0,1,0,1,0,0,8.0,0.0,0.0,8
SAI,Williams,64.0,0 days 00:01:20.650000,0 days 00:00:23.542000,0 days 00:00:33.011000,0 days 00:00:24.097000,SOFT,9.0,4.0,,,1,16.0,False,2025,Spain,R,80.65,23.542,33.011,24.097,81.623,0.972999999999999,82.843,-2.192999999999998,-0.972999999999999,84.49000000000001,86.32300000000001,-1.8329999999999984,66.0,0.9696969696969697,11.0,0.8181818181818182,81.0,4096.0,0,0,1,0,1,0,0,9.0,0.0,0.0,8
SAI,Williams,65.0,0 days 00:01:19.317000,0 days 00:00:23.259000,0 days 00:00:32.405000,0 days 00:00:23.653000,SOFT,10.0,4.0,,,1,15.0,False,2025,Spain,R,79.317,23.259,32.405,23.653,81.623,2.3060000000000116,82.843,-3.5260000000000105,-2.3060000000000116,83.217,86.32300000000001,-3.1060000000000088,66.0,0.9848484848484849,11.0,0.9090909090909091,100.0,4225.0,0,0,1,0,1,0,0,10.0,0.0,0.0,8
SAI,Williams,66.0,0 days 00:01:19.899000,0 days 00:00:23.117000,0 days 00:00:32.742000,0 days 00:00:24.040000,SOFT,11.0,4.0,,,1,15.0,False,2025,Spain,R,79.899,23.117,32.742,24.04,81.623,1.7240000000000038,82.843,-2.9440000000000026,-1.7240000000000038,83.859,86.32300000000001,-2.464000000000013,66.0,1.0,11.0,1.0,121.0,4356.0,0,0,1,0,1,0,0,11.0,0.0,0.0,8
TSU,Red Bull Racing,2.0,0 days 00:01:23.482000,0 days 00:00:24.492000,0 days 00:00:33.757000,0 days 00:00:25.233000,MEDIUM,2.0,1.0,,,1,19.0,False,2025,Spain,R,83.482,24.492,33.757,25.233,81.36,2.122,83.482,0.0,2.122,83.602,83.602,0.0,66.0,0.030303030303030304,7.0,0.2857142857142857,4.0,4.0,1,0,0,1,0,1,0,0.0,2.0,0.0,6
TSU,Red Bull Racing,3.0,0 days 00:01:23.005000,0 days 00:00:24.256000,0 days 00:00:33.736000,0 days 00:00:25.013000,MEDIUM,3.0,1.0,,,1,19.0,False,2025,Spain,R,83.005,24.256,33.736,25.013,81.36,1.644999999999996,83.482,-0.47700000000000387,1.644999999999996,83.185,83.602,-0.4170000000000016,66.0,0.045454545454545456,7.0,0.42857142857142855,9.0,9.0,1,0,0,1,0,1,0,0.0,3.0,0.0,6
TSU,Red Bull Racing,4.0,0 days 00:01:22.585000,0 days 00:00:24.079000,0 days 00:00:33.591000,0 days 00:00:24.915000,MEDIUM,4.0,1.0,,,1,19.0,False,2025,Spain,R,82.585,24.079,33.591,24.915,81.36,1.2249999999999943,83.482,-0.8970000000000056,1.2249999999999943,82.82499999999999,83.602,-0.7770000000000152,66.0,0.06060606060606061,7.0,0.5714285714285714,16.0,16.0,1,0,0,1,0,1,0,0.0,4.0,0.0,6
TSU,Red Bull Racing,5.0,0 days 00:01:22.249000,0 days 00:00:23.834000,0 days 00:00:33.353000,0 days 00:00:25.062000,MEDIUM,5.0,1.0,,,1,19.0,False,2025,Spain,R,82.249,23.834,33.353,25.062,81.36,0.8889999999999958,83.482,-1.233000000000004,0.8889999999999958,82.54899999999999,83.602,-1.0530000000000115,66.0,0.07575757575757576,7.0,0.7142857142857143,25.0,25.0,1,0,0,1,0,1,0,0.0,5.0,0.0,6
TSU,Red Bull Racing,6.0,0 days 00:01:22.860000,0 days 00:00:24.134000,0 days 00:00:33.568000,0 days 00:00:25.158000,MEDIUM,6.0,1.0,,,1,19.0,False,2025,Spain,R,82.86,24.134,33.568,25.158,81.36,1.5,83.482,-0.6219999999999999,1.5,83.22,83.602,-0.382000000000005,66.0,0.09090909090909091,7.0,0.8571428571428571,36.0,36.0,1,0,0,1,0,1,0,0.0,6.0,0.0,6
TSU,Red Bull Racing,7.0,0 days 00:01:22.950000,0 days 00:00:24.038000,0 days 00:00:33.791000,0 days 00:00:25.121000,MEDIUM,7.0,1.0,,,1,18.0,False,2025,Spain,R,82.95,24.038,33.791,25.121,81.36,1.5900000000000034,83.482,-0.5319999999999965,1.5900000000000034,83.37,83.602,-0.23199999999999932,66.0,0.10606060606060606,7.0,1.0,49.0,49.0,1,0,0,1,0,1,0,0.0,7.0,0.0,6
TSU,Red Bull Racing,10.0,0 days 00:01:19.888000,0 days 00:00:23.565000,0 days 00:00:32.320000,0 days 00:00:24.003000,SOFT,2.0,2.0,,,1,17.0,False,2025,Spain,R,79.888,23.565,32.32,24.003,81.36,1.4719999999999942,79.888,0.0,-1.4719999999999942,80.488,80.488,0.0,66.0,0.15151515151515152,15.0,0.13333333333333333,4.0,100.0,0,1,0,1,1,0,0,2.0,0.0,0.0,14
TSU,Red Bull Racing,11.0,0 days 00:01:20.645000,0 days 00:00:23.847000,0 days 00:00:32.472000,0 days 00:00:24.326000,SOFT,3.0,2.0,,,1,17.0,False,2025,Spain,R,80.645,23.847,32.472,24.326,81.36,0.7150000000000034,79.888,0.7569999999999908,-0.7150000000000034,81.30499999999999,80.488,0.8169999999999931,66.0,0.16666666666666666,15.0,0.2,9.0,121.0,0,1,0,1,1,0,0,3.0,0.0,0.0,14
TSU,Red Bull Racing,12.0,0 days 00:01:21.574000,0 days 00:00:24.139000,0 days 00:00:32.804000,0 days 00:00:24.631000,SOFT,4.0,2.0,,,1,17.0,False,2025,Spain,R,81.574,24.139,32.804,24.631,81.36,0.21399999999999864,79.888,1.6859999999999928,0.21399999999999864,82.294,80.488,1.8059999999999974,66.0,0.18181818181818182,15.0,0.26666666666666666,16.0,144.0,0,1,0,1,1,0,0,4.0,0.0,0.0,14
TSU,Red Bull Racing,13.0,0 days 00:01:21.933000,0 days 00:00:24.248000,0 days 00:00:33.101000,0 days 00:00:24.584000,SOFT,5.0,2.0,,,1,17.0,False,2025,Spain,R,81.933,24.248,33.101,24.584,81.36,0.5730000000000075,79.888,2.0450000000000017,0.5730000000000075,82.71300000000001,80.488,2.2250000000000085,66.0,0.19696969696969696,15.0,0.3333333333333333,25.0,169.0,0,1,0,1,1,0,0,5.0,0.0,0.0,14
TSU,Red Bull Racing,14.0,0 days 00:01:21.887000,0 days 00:00:24.082000,0 days 00:00:33.021000,0 days 00:00:24.784000,SOFT,6.0,2.0,,,1,17.0,False,2025,Spain,R,81.887,24.082,33.021,24.784,81.36,0.527000000000001,79.888,1.9989999999999952,0.527000000000001,82.727,80.488,2.2390000000000043,66.0,0.21212121212121213,15.0,0.4,36.0,196.0,0,1,0,1,1,0,0,6.0,0.0,0.0,14
TSU,Red Bull Racing,15.0,0 days 00:01:21.715000,0 days 00:00:24.132000,0 days 00:00:32.873000,0 days 00:00:24.710000,SOFT,7.0,2.0,,,1,16.0,False,2025,Spain,R,81.715,24.132,32.873,24.71,81.36,0.355000000000004,79.888,1.8269999999999982,0.355000000000004,82.61500000000001,80.488,2.1270000000000095,66.0,0.22727272727272727,15.0,0.4666666666666667,49.0,225.0,0,1,0,1,1,0,0,7.0,0.0,0.0,14
TSU,Red Bull Racing,16.0,0 days 00:01:21.566000,0 days 00:00:23.962000,0 days 00:00:32.888000,0 days 00:00:24.716000,SOFT,8.0,2.0,,,1,15.0,False,2025,Spain,R,81.566,23.962,32.888,24.716,81.36,0.20600000000000307,79.888,1.6779999999999973,0.20600000000000307,82.526,80.488,2.0379999999999967,66.0,0.24242424242424243,15.0,0.5333333333333333,64.0,256.0,0,1,0,1,1,0,0,8.0,0.0,0.0,14
TSU,Red Bull Racing,17.0,0 days 00:01:21.943000,0 days 00:00:24.030000,0 days 00:00:33.146000,0 days 00:00:24.767000,SOFT,9.0,2.0,,,1,15.0,False,2025,Spain,R,81.943,24.03,33.146,24.767,81.36,0.5829999999999984,79.888,2.0549999999999926,0.5829999999999984,82.963,80.488,2.4749999999999943,66.0,0.25757575757575757,15.0,0.6,81.0,289.0,0,1,0,1,1,0,0,9.0,0.0,0.0,14
TSU,Red Bull Racing,18.0,0 days 00:01:21.991000,0 days 00:00:24.196000,0 days 00:00:33.144000,0 days 00:00:24.651000,SOFT,10.0,2.0,,,1,15.0,False,2025,Spain,R,81.991,24.196,33.144,24.651,81.36,0.6310000000000002,79.888,2.1029999999999944,0.6310000000000002,83.071,80.488,2.5829999999999984,66.0,0.2727272727272727,15.0,0.6666666666666666,100.0,324.0,0,1,0,1,1,0,0,10.0,0.0,0.0,14
TSU,Red Bull Racing,19.0,0 days 00:01:22.216000,0 days 00:00:24.122000,0 days 00:00:33.199000,0 days 00:00:24.895000,SOFT,11.0,2.0,,,1,14.0,False,2025,Spain,R,82.216,24.122,33.199,24.895,81.36,0.8559999999999945,79.888,2.3279999999999887,0.8559999999999945,83.356,80.488,2.867999999999995,66.0,0.2878787878787879,15.0,0.7333333333333333,121.0,361.0,0,1,0,1,1,0,0,11.0,0.0,0.0,14
TSU,Red Bull Racing,20.0,0 days 00:01:22.926000,0 days 00:00:24.244000,0 days 00:00:33.599000,0 days 00:00:25.083000,SOFT,12.0,2.0,,,1,13.0,False,2025,Spain,R,82.926,24.244,33.599,25.083,81.36,1.5660000000000025,79.888,3.0379999999999967,1.5660000000000025,84.126,80.488,3.6380000000000052,66.0,0.30303030303030304,15.0,0.8,144.0,400.0,0,1,0,1,1,0,0,12.0,0.0,0.0,14
TSU,Red Bull Racing,21.0,0 days 00:01:22.496000,0 days 00:00:24.271000,0 days 00:00:33.378000,0 days 00:00:24.847000,SOFT,13.0,2.0,,,1,12.0,False,2025,Spain,R,82.496,24.271,33.378,24.847,81.36,1.1359999999999957,79.888,2.60799999999999,1.1359999999999957,83.756,80.488,3.2680000000000007,66.0,0.3181818181818182,15.0,0.8666666666666667,169.0,441.0,0,1,0,1,1,0,0,13.0,0.0,0.0,14
TSU,Red Bull Racing,22.0,0 days 00:01:22.253000,0 days 00:00:24.163000,0 days 00:00:33.276000,0 days 00:00:24.814000,SOFT,14.0,2.0,,,1,12.0,False,2025,Spain,R,82.253,24.163,33.276,24.814,81.36,0.8930000000000007,79.888,2.364999999999995,0.8930000000000007,83.573,80.488,3.0849999999999937,66.0,0.3333333333333333,15.0,0.9333333333333333,196.0,484.0,0,1,0,0,1,0,0,14.0,0.0,0.0,14
TSU,Red Bull Racing,23.0,0 days 00:01:22.452000,0 days 00:00:24.048000,0 days 00:00:33.493000,0 days 00:00:24.911000,SOFT,15.0,2.0,,,1,12.0,False,2025,Spain,R,82.452,24.048,33.493,24.911,81.36,1.0919999999999987,79.888,2.563999999999993,1.0919999999999987,83.832,80.488,3.343999999999994,66.0,0.3484848484848485,15.0,1.0,225.0,529.0,0,1,0,0,1,0,0,15.0,0.0,0.0,14
TSU,Red Bull Racing,26.0,0 days 00:01:20.192000,0 days 00:00:23.932000,0 days 00:00:32.140000,0 days 00:00:24.120000,SOFT,2.0,3.0,,,1,19.0,False,2025,Spain,R,80.192,23.932,32.14,24.12,81.36,1.1680000000000064,80.192,0.0,-1.1680000000000064,81.752,81.752,0.0,66.0,0.3939393939393939,19.0,0.10526315789473684,4.0,676.0,0,0,0,0,1,0,0,2.0,0.0,0.0,18
TSU,Red Bull Racing,27.0,0 days 00:01:20.381000,0 days 00:00:23.727000,0 days 00:00:32.432000,0 days 00:00:24.222000,SOFT,3.0,3.0,,,1,18.0,False,2025,Spain,R,80.381,23.727,32.432,24.222,81.36,0.9789999999999992,80.192,0.18900000000000716,-0.9789999999999992,82.001,81.752,0.24900000000000944,66.0,0.4090909090909091,19.0,0.15789473684210525,9.0,729.0,0,0,0,0,1,0,0,3.0,0.0,0.0,18
TSU,Red Bull Racing,28.0,0 days 00:01:21.126000,0 days 00:00:23.962000,0 days 00:00:32.507000,0 days 00:00:24.657000,SOFT,4.0,3.0,,,1,18.0,False,2025,Spain,R,81.126,23.962,32.507,24.657,81.36,0.23399999999999466,80.192,0.9340000000000117,-0.23399999999999466,82.80600000000001,81.752,1.0540000000000163,66.0,0.42424242424242425,19.0,0.21052631578947367,16.0,784.0,0,0,0,0,1,0,0,4.0,0.0,0.0,18
TSU,Red Bull Racing,29.0,0 days 00:01:20.380000,0 days 00:00:23.621000,0 days 00:00:32.552000,0 days 00:00:24.207000,SOFT,5.0,3.0,,,1,17.0,False,2025,Spain,R,80.38,23.621,32.552,24.207,81.36,0.980000000000004,80.192,0.1880000000000024,-0.980000000000004,82.11999999999999,81.752,0.367999999999995,66.0,0.4393939393939394,19.0,0.2631578947368421,25.0,841.0,0,0,0,0,1,0,0,5.0,0.0,0.0,18
TSU,Red Bull Racing,30.0,0 days 00:01:20.229000,0 days 00:00:23.665000,0 days 00:00:32.328000,0 days 00:00:24.236000,SOFT,6.0,3.0,,,1,17.0,False,2025,Spain,R,80.229,23.665,32.328,24.236,81.36,1.1310000000000002,80.192,0.03700000000000614,-1.1310000000000002,82.029,81.752,0.277000000000001,66.0,0.45454545454545453,19.0,0.3157894736842105,36.0,900.0,0,0,0,0,1,0,0,6.0,0.0,0.0,18
TSU,Red Bull Racing,31.0,0 days 00:01:20.678000,0 days 00:00:23.804000,0 days 00:00:32.512000,0 days 00:00:24.362000,SOFT,7.0,3.0,,,1,17.0,False,2025,Spain,R,80.678,23.804,32.512,24.362,81.36,0.6820000000000022,80.192,0.4860000000000042,-0.6820000000000022,82.538,81.752,0.7860000000000014,66.0,0.4696969696969697,19.0,0.3684210526315789,49.0,961.0,0,0,0,0,1,0,0,7.0,0.0,0.0,18
TSU,Red Bull Racing,32.0,0 days 00:01:20.806000,0 days 00:00:23.731000,0 days 00:00:32.567000,0 days 00:00:24.508000,SOFT,8.0,3.0,,,1,16.0,False,2025,Spain,R,80.806,23.731,32.567,24.508,81.36,0.554000000000002,80.192,0.6140000000000043,-0.554000000000002,82.726,81.752,0.9740000000000038,66.0,0.48484848484848486,19.0,0.42105263157894735,64.0,1024.0,0,0,0,0,1,0,0,8.0,0.0,0.0,18
TSU,Red Bull Racing,33.0,0 days 00:01:20.949000,0 days 00:00:23.845000,0 days 00:00:32.709000,0 days 00:00:24.395000,SOFT,9.0,3.0,,,1,16.0,False,2025,Spain,R,80.949,23.845,32.709,24.395,81.36,0.41100000000000136,80.192,0.757000000000005,-0.41100000000000136,82.929,81.752,1.1770000000000067,66.0,0.5,19.0,0.47368421052631576,81.0,1089.0,0,0,0,0,1,0,0,9.0,0.0,0.0,18
TSU,Red Bull Racing,34.0,0 days 00:01:21.874000,0 days 00:00:23.930000,0 days 00:00:33.133000,0 days 00:00:24.811000,SOFT,10.0,3.0,,,1,15.0,False,2025,Spain,R,81.874,23.93,33.133,24.811,81.36,0.5139999999999958,80.192,1.6820000000000022,0.5139999999999958,83.914,81.752,2.162000000000006,66.0,0.5151515151515151,19.0,0.5263157894736842,100.0,1156.0,0,0,0,0,1,0,0,10.0,0.0,0.0,18
TSU,Red Bull Racing,35.0,0 days 00:01:21.452000,0 days 00:00:23.719000,0 days 00:00:33.114000,0 days 00:00:24.619000,SOFT,11.0,3.0,,,1,15.0,False,2025,Spain,R,81.452,23.719,33.114,24.619,81.36,0.09199999999999875,80.192,1.2600000000000051,0.09199999999999875,83.55199999999999,81.752,1.7999999999999972,66.0,0.5303030303030303,19.0,0.5789473684210527,121.0,1225.0,0,0,0,0,1,0,0,11.0,0.0,0.0,18
TSU,Red Bull Racing,36.0,0 days 00:01:21.348000,0 days 00:00:23.822000,0 days 00:00:33.098000,0 days 00:00:24.428000,SOFT,12.0,3.0,,,1,14.0,False,2025,Spain,R,81.348,23.822,33.098,24.428,81.36,0.012000000000000455,80.192,1.156000000000006,-0.012000000000000455,83.508,81.752,1.7560000000000002,66.0,0.5454545454545454,19.0,0.631578947368421,144.0,1296.0,0,0,0,0,1,0,0,12.0,0.0,0.0,18
TSU,Red Bull Racing,37.0,0 days 00:01:21.355000,0 days 00:00:23.700000,0 days 00:00:32.930000,0 days 00:00:24.725000,SOFT,13.0,3.0,,,1,14.0,False,2025,Spain,R,81.355,23.7,32.93,24.725,81.36,0.0049999999999954525,80.192,1.163000000000011,-0.0049999999999954525,83.575,81.752,1.8230000000000075,66.0,0.5606060606060606,19.0,0.6842105263157895,169.0,1369.0,0,0,0,0,1,0,0,13.0,0.0,0.0,18
TSU,Red Bull Racing,38.0,0 days 00:01:20.980000,0 days 00:00:23.773000,0 days 00:00:32.811000,0 days 00:00:24.396000,SOFT,14.0,3.0,,,1,13.0,False,2025,Spain,R,80.98,23.773,32.811,24.396,81.36,0.37999999999999545,80.192,0.7880000000000109,-0.37999999999999545,83.26,81.752,1.5080000000000098,66.0,0.5757575757575758,19.0,0.7368421052631579,196.0,1444.0,0,0,0,0,1,0,0,14.0,0.0,0.0,18
TSU,Red Bull Racing,39.0,0 days 00:01:21.082000,0 days 00:00:23.846000,0 days 00:00:32.741000,0 days 00:00:24.495000,SOFT,15.0,3.0,,,1,13.0,False,2025,Spain,R,81.082,23.846,32.741,24.495,81.36,0.2780000000000058,80.192,0.8900000000000006,-0.2780000000000058,83.422,81.752,1.6700000000000017,66.0,0.5909090909090909,19.0,0.7894736842105263,225.0,1521.0,0,0,0,0,1,0,0,15.0,0.0,0.0,18
TSU,Red Bull Racing,40.0,0 days 00:01:20.982000,0 days 00:00:23.795000,0 days 00:00:32.685000,0 days 00:00:24.502000,SOFT,16.0,3.0,,,1,13.0,False,2025,Spain,R,80.982,23.795,32.685,24.502,81.36,0.3780000000000001,80.192,0.7900000000000063,-0.3780000000000001,83.382,81.752,1.6300000000000097,66.0,0.6060606060606061,19.0,0.8421052631578947,256.0,1600.0,0,0,0,0,1,0,0,16.0,0.0,0.0,18
TSU,Red Bull Racing,41.0,0 days 00:01:22.859000,0 days 00:00:23.880000,0 days 00:00:34.283000,0 days 00:00:24.696000,SOFT,17.0,3.0,,,1,13.0,False,2025,Spain,R,82.859,23.88,34.283,24.696,81.36,1.4989999999999952,80.192,2.6670000000000016,1.4989999999999952,85.31899999999999,81.752,3.566999999999993,66.0,0.6212121212121212,19.0,0.8947368421052632,289.0,1681.0,0,0,0,0,1,0,0,17.0,0.0,0.0,18
TSU,Red Bull Racing,42.0,0 days 00:01:22.850000,0 days 00:00:23.902000,0 days 00:00:34.114000,0 days 00:00:24.834000,SOFT,18.0,3.0,,,1,13.0,False,2025,Spain,R,82.85,23.902,34.114,24.834,81.36,1.4899999999999949,80.192,2.6580000000000013,1.4899999999999949,85.36999999999999,81.752,3.617999999999995,66.0,0.6363636363636364,19.0,0.9473684210526315,324.0,1764.0,0,0,0,0,1,0,0,18.0,0.0,0.0,18
TSU,Red Bull Racing,43.0,0 days 00:01:21.433000,0 days 00:00:23.977000,0 days 00:00:32.860000,0 days 00:00:24.596000,SOFT,19.0,3.0,,,1,12.0,False,2025,Spain,R,81.433,23.977,32.86,24.596,81.36,0.0730000000000075,80.192,1.2410000000000139,0.0730000000000075,84.013,81.752,2.26100000000001,66.0,0.6515151515151515,19.0,1.0,361.0,1849.0,0,0,0,0,1,0,0,19.0,0.0,0.0,18
TSU,Red Bull Racing,46.0,0 days 00:01:17.998000,0 days 00:00:23.164000,0 days 00:00:31.430000,0 days 00:00:23.404000,SOFT,2.0,4.0,,,1,17.0,False,2025,Spain,R,77.998,23.164,31.43,23.404,81.36,3.3619999999999948,77.998,0.0,-3.3619999999999948,80.75800000000001,80.75800000000001,0.0,66.0,0.696969696969697,9.0,0.2222222222222222,4.0,2116.0,0,0,1,0,1,0,0,2.0,0.0,0.0,8
TSU,Red Bull Racing,47.0,0 days 00:01:20.209000,0 days 00:00:24.258000,0 days 00:00:32.215000,0 days 00:00:23.736000,SOFT,3.0,4.0,,,1,16.0,False,2025,Spain,R,80.209,24.258,32.215,23.736,81.36,1.1509999999999962,77.998,2.2109999999999985,-1.1509999999999962,83.029,80.75800000000001,2.2709999999999866,66.0,0.7121212121212122,9.0,0.3333333333333333,9.0,2209.0,0,0,1,0,1,0,0,3.0,0.0,0.0,8
TSU,Red Bull Racing,48.0,0 days 00:01:19.498000,0 days 00:00:23.510000,0 days 00:00:32.055000,0 days 00:00:23.933000,SOFT,4.0,4.0,,,1,16.0,False,2025,Spain,R,79.498,23.51,32.055,23.933,81.36,1.8619999999999948,77.998,1.5,-1.8619999999999948,82.378,80.75800000000001,1.6199999999999903,66.0,0.7272727272727273,9.0,0.4444444444444444,16.0,2304.0,0,0,1,0,1,0,0,4.0,0.0,0.0,8
TSU,Red Bull Racing,49.0,0 days 00:01:19.133000,0 days 00:00:23.402000,0 days 00:00:31.927000,0 days 00:00:23.804000,SOFT,5.0,4.0,,,1,16.0,False,2025,Spain,R,79.133,23.402,31.927,23.804,81.36,2.227000000000004,77.998,1.134999999999991,-2.227000000000004,82.073,80.75800000000001,1.3149999999999835,66.0,0.7424242424242424,9.0,0.5555555555555556,25.0,2401.0,0,0,1,0,1,0,0,5.0,0.0,0.0,8
TSU,Red Bull Racing,50.0,0 days 00:01:19.300000,0 days 00:00:23.396000,0 days 00:00:32.005000,0 days 00:00:23.899000,SOFT,6.0,4.0,,,1,15.0,False,2025,Spain,R,79.3,23.396,32.005,23.899,81.36,2.0600000000000023,77.998,1.3019999999999925,-2.0600000000000023,82.3,80.75800000000001,1.5419999999999874,66.0,0.7575757575757576,9.0,0.6666666666666666,36.0,2500.0,0,0,1,0,1,0,0,6.0,0.0,0.0,8
TSU,Red Bull Racing,51.0,0 days 00:01:19.954000,0 days 00:00:23.560000,0 days 00:00:32.317000,0 days 00:00:24.077000,SOFT,7.0,4.0,,,1,15.0,False,2025,Spain,R,79.954,23.56,32.317,24.077,81.36,1.406000000000006,77.998,1.9559999999999889,-1.406000000000006,83.014,80.75800000000001,2.255999999999986,66.0,0.7727272727272727,9.0,0.7777777777777778,49.0,2601.0,0,0,1,0,1,0,0,7.0,0.0,0.0,8
TSU,Red Bull Racing,52.0,0 days 00:01:20.098000,0 days 00:00:23.545000,0 days 00:00:32.390000,0 days 00:00:24.163000,SOFT,8.0,4.0,,,1,15.0,False,2025,Spain,R,80.098,23.545,32.39,24.163,81.36,1.2620000000000005,77.998,2.0999999999999943,-1.2620000000000005,83.218,80.75800000000001,2.4599999999999937,66.0,0.7878787878787878,9.0,0.8888888888888888,64.0,2704.0,0,0,1,0,1,0,0,8.0,0.0,0.0,8
TSU,Red Bull Racing,53.0,0 days 00:01:19.718000,0 days 00:00:23.477000,0 days 00:00:32.188000,0 days 00:00:24.053000,SOFT,9.0,4.0,,,1,15.0,False,2025,Spain,R,79.718,23.477,32.188,24.053,81.36,1.641999999999996,77.998,1.7199999999999989,-1.641999999999996,82.898,80.75800000000001,2.1399999999999864,66.0,0.803030303030303,9.0,1.0,81.0,2809.0,0,0,1,0,1,0,0,9.0,0.0,0.0,8
TSU,Red Bull Racing,58.0,0 days 00:01:22.751000,0 days 00:00:25.069000,0 days 00:00:32.977000,0 days 00:00:24.705000,SOFT,7.0,5.0,,,4,15.0,False,2025,Spain,R,82.751,25.069,32.977,24.705,81.36,1.3910000000000053,82.751,0.0,1.3910000000000053,86.23100000000001,86.23100000000001,0.0,66.0,0.8787878787878788,15.0,0.4666666666666667,49.0,3364.0,0,0,1,0,1,0,0,7.0,0.0,0.0,8
TSU,Red Bull Racing,59.0,0 days 00:01:22.567000,0 days 00:00:24.614000,0 days 00:00:33.139000,0 days 00:00:24.814000,SOFT,8.0,5.0,,,4,15.0,False,2025,Spain,R,82.567,24.614,33.139,24.814,81.36,1.2069999999999936,82.751,-0.1840000000000117,1.2069999999999936,86.107,86.23100000000001,-0.12400000000000944,66.0,0.8939393939393939,15.0,0.5333333333333333,64.0,3481.0,0,0,1,0,1,0,0,8.0,0.0,0.0,8
TSU,Red Bull Racing,61.0,0 days 00:01:21.360000,0 days 00:00:23.936000,0 days 00:00:33.105000,0 days 00:00:24.319000,SOFT,10.0,5.0,,,1,15.0,False,2025,Spain,R,81.36,23.936,33.105,24.319,81.36,0.0,82.751,-1.3910000000000053,0.0,85.02,86.23100000000001,-1.2110000000000127,66.0,0.9242424242424242,15.0,0.6666666666666666,100.0,3721.0,0,0,1,0,1,0,0,10.0,0.0,0.0,8
TSU,Red Bull Racing,62.0,0 days 00:01:20.396000,0 days 00:00:23.731000,0 days 00:00:32.429000,0 days 00:00:24.236000,SOFT,11.0,5.0,,,1,15.0,False,2025,Spain,R,80.396,23.731,32.429,24.236,81.36,0.9639999999999986,82.751,-2.355000000000004,-0.9639999999999986,84.116,86.23100000000001,-2.115000000000009,66.0,0.9393939393939394,15.0,0.7333333333333333,121.0,3844.0,0,0,1,0,1,0,0,11.0,0.0,0.0,8
TSU,Red Bull Racing,63.0,0 days 00:01:20.250000,0 days 00:00:23.383000,0 days 00:00:32.615000,0 days 00:00:24.252000,SOFT,12.0,5.0,,,1,15.0,False,2025,Spain,R,80.25,23.383,32.615,24.252,81.36,1.1099999999999994,82.751,-2.5010000000000048,-1.1099999999999994,84.03,86.23100000000001,-2.2010000000000076,66.0,0.9545454545454546,15.0,0.8,144.0,3969.0,0,0,1,0,1,0,0,12.0,0.0,0.0,8
TSU,Red Bull Racing,64.0,0 days 00:01:19.526000,0 days 00:00:23.318000,0 days 00:00:32.186000,0 days 00:00:24.022000,SOFT,13.0,5.0,,,1,14.0,False,2025,Spain,R,79.526,23.318,32.186,24.022,81.36,1.8340000000000032,82.751,-3.2250000000000085,-1.8340000000000032,83.366,86.23100000000001,-2.865000000000009,66.0,0.9696969696969697,15.0,0.8666666666666667,169.0,4096.0,0,0,1,0,1,0,0,13.0,0.0,0.0,8
TSU,Red Bull Racing,65.0,0 days 00:01:20.191000,0 days 00:00:23.467000,0 days 00:00:32.522000,0 days 00:00:24.202000,SOFT,14.0,5.0,,,1,14.0,False,2025,Spain,R,80.191,23.467,32.522,24.202,81.36,1.168999999999997,82.751,-2.5600000000000023,-1.168999999999997,84.09100000000001,86.23100000000001,-2.1400000000000006,66.0,0.9848484848484849,15.0,0.9333333333333333,196.0,4225.0,0,0,1,0,1,0,0,14.0,0.0,0.0,8
TSU,Red Bull Racing,66.0,0 days 00:01:20.110000,0 days 00:00:23.487000,0 days 00:00:32.417000,0 days 00:00:24.206000,SOFT,15.0,5.0,,,1,14.0,False,2025,Spain,R,80.11,23.487,32.417,24.206,81.36,1.25,82.751,-2.6410000000000053,-1.25,84.07,86.23100000000001,-2.1610000000000156,66.0,1.0,15.0,1.0,225.0,4356.0,0,0,1,0,1,0,0,15.0,0.0,0.0,8
VER,Red Bull Racing,1.0,0 days 00:01:23.696000,,0 days 00:00:32.318000,0 days 00:00:24.013000,SOFT,4.0,1.0,,,1,2.0,False,2025,Spain,R,83.696,,32.318,24.013,79.958,3.7379999999999995,83.696,0.0,3.7379999999999995,83.756,83.756,0.0,66.0,0.015151515151515152,15.0,0.26666666666666666,16.0,1.0,1,0,0,1,1,0,0,4.0,0.0,0.0,12
VER,Red Bull Racing,2.0,0 days 00:01:20.083000,0 days 00:00:24.125000,0 days 00:00:32.278000,0 days 00:00:23.680000,SOFT,5.0,1.0,,,1,2.0,False,2025,Spain,R,80.083,24.125,32.278,23.68,79.958,0.125,83.696,-3.6129999999999995,0.125,80.203,83.756,-3.5529999999999973,66.0,0.030303030303030304,15.0,0.3333333333333333,25.0,4.0,1,0,0,1,1,0,0,5.0,0.0,0.0,12
VER,Red Bull Racing,3.0,0 days 00:01:20.537000,0 days 00:00:23.816000,0 days 00:00:32.561000,0 days 00:00:24.160000,SOFT,6.0,1.0,,,1,2.0,False,2025,Spain,R,80.537,23.816,32.561,24.16,79.958,0.5790000000000077,83.696,-3.158999999999992,0.5790000000000077,80.71700000000001,83.756,-3.0389999999999873,66.0,0.045454545454545456,15.0,0.4,36.0,9.0,1,0,0,1,1,0,0,6.0,0.0,0.0,12
VER,Red Bull Racing,4.0,0 days 00:01:21.032000,0 days 00:00:24.299000,0 days 00:00:32.612000,0 days 00:00:24.121000,SOFT,7.0,1.0,,,1,2.0,False,2025,Spain,R,81.032,24.299,32.612,24.121,79.958,1.073999999999998,83.696,-2.6640000000000015,1.073999999999998,81.27199999999999,83.756,-2.484000000000009,66.0,0.06060606060606061,15.0,0.4666666666666667,49.0,16.0,1,0,0,1,1,0,0,7.0,0.0,0.0,12
VER,Red Bull Racing,5.0,0 days 00:01:20.964000,0 days 00:00:24.223000,0 days 00:00:32.561000,0 days 00:00:24.180000,SOFT,8.0,1.0,,,1,2.0,False,2025,Spain,R,80.964,24.223,32.561,24.18,79.958,1.0060000000000002,83.696,-2.7319999999999993,1.0060000000000002,81.264,83.756,-2.4920000000000044,66.0,0.07575757575757576,15.0,0.5333333333333333,64.0,25.0,1,0,0,1,1,0,0,8.0,0.0,0.0,12
VER,Red Bull Racing,6.0,0 days 00:01:20.822000,0 days 00:00:23.966000,0 days 00:00:32.687000,0 days 00:00:24.169000,SOFT,9.0,1.0,,,1,2.0,False,2025,Spain,R,80.822,23.966,32.687,24.169,79.958,0.8640000000000043,83.696,-2.8739999999999952,0.8640000000000043,81.182,83.756,-2.573999999999998,66.0,0.09090909090909091,15.0,0.6,81.0,36.0,1,0,0,1,1,0,0,9.0,0.0,0.0,12
VER,Red Bull Racing,7.0,0 days 00:01:20.760000,0 days 00:00:23.968000,0 days 00:00:32.520000,0 days 00:00:24.272000,SOFT,10.0,1.0,,,1,2.0,False,2025,Spain,R,80.76,23.968,32.52,24.272,79.958,0.8020000000000067,83.696,-2.935999999999993,0.8020000000000067,81.18,83.756,-2.5759999999999934,66.0,0.10606060606060606,15.0,0.6666666666666666,100.0,49.0,1,0,0,1,1,0,0,10.0,0.0,0.0,12
VER,Red Bull Racing,8.0,0 days 00:01:21.019000,0 days 00:00:24.105000,0 days 00:00:32.719000,0 days 00:00:24.195000,SOFT,11.0,1.0,,,1,2.0,False,2025,Spain,R,81.019,24.105,32.719,24.195,79.958,1.061000000000007,83.696,-2.6769999999999925,1.061000000000007,81.49900000000001,83.756,-2.256999999999991,66.0,0.12121212121212122,15.0,0.7333333333333333,121.0,64.0,1,0,0,1,1,0,0,11.0,0.0,0.0,12
VER,Red Bull Racing,9.0,0 days 00:01:21.168000,0 days 00:00:24.033000,0 days 00:00:32.833000,0 days 00:00:24.302000,SOFT,12.0,1.0,,,1,2.0,False,2025,Spain,R,81.168,24.033,32.833,24.302,79.958,1.210000000000008,83.696,-2.5279999999999916,1.210000000000008,81.70800000000001,83.756,-2.0479999999999876,66.0,0.13636363636363635,15.0,0.8,144.0,81.0,1,0,0,1,1,0,0,12.0,0.0,0.0,12
VER,Red Bull Racing,10.0,0 days 00:01:21.163000,0 days 00:00:24.018000,0 days 00:00:32.814000,0 days 00:00:24.331000,SOFT,13.0,1.0,,,1,2.0,False,2025,Spain,R,81.163,24.018,32.814,24.331,79.958,1.2049999999999983,83.696,-2.5330000000000013,1.2049999999999983,81.76299999999999,83.756,-1.9930000000000092,66.0,0.15151515151515152,15.0,0.8666666666666667,169.0,100.0,1,0,0,1,1,0,0,13.0,0.0,0.0,12
VER,Red Bull Racing,11.0,0 days 00:01:21.143000,0 days 00:00:23.996000,0 days 00:00:32.812000,0 days 00:00:24.335000,SOFT,14.0,1.0,,,1,2.0,False,2025,Spain,R,81.143,23.996,32.812,24.335,79.958,1.1850000000000023,83.696,-2.5529999999999973,1.1850000000000023,81.803,83.756,-1.953000000000003,66.0,0.16666666666666666,15.0,0.9333333333333333,196.0,121.0,1,0,0,1,1,0,0,14.0,0.0,0.0,12
VER,Red Bull Racing,12.0,0 days 00:01:21.623000,0 days 00:00:24.142000,0 days 00:00:33.037000,0 days 00:00:24.444000,SOFT,15.0,1.0,,,1,2.0,False,2025,Spain,R,81.623,24.142,33.037,24.444,79.958,1.6650000000000063,83.696,-2.0729999999999933,1.6650000000000063,82.343,83.756,-1.4129999999999967,66.0,0.18181818181818182,15.0,1.0,225.0,144.0,1,0,0,1,1,0,0,15.0,0.0,0.0,12
VER,Red Bull Racing,15.0,0 days 00:01:19.630000,0 days 00:00:23.564000,0 days 00:00:32.246000,0 days 00:00:23.820000,SOFT,2.0,2.0,,,1,7.0,False,2025,Spain,R,79.63,23.564,32.246,23.82,79.958,0.32800000000000296,79.63,0.0,-0.32800000000000296,80.53,80.53,0.0,66.0,0.22727272727272727,15.0,0.13333333333333333,4.0,225.0,0,1,0,1,1,0,0,2.0,0.0,0.0,14
VER,Red Bull Racing,16.0,0 days 00:01:19.450000,0 days 00:00:23.702000,0 days 00:00:31.920000,0 days 00:00:23.828000,SOFT,3.0,2.0,,,1,7.0,False,2025,Spain,R,79.45,23.702,31.92,23.828,79.958,0.5079999999999956,79.63,-0.1799999999999926,-0.5079999999999956,80.41,80.53,-0.12000000000000455,66.0,0.24242424242424243,15.0,0.2,9.0,256.0,0,1,0,1,1,0,0,3.0,0.0,0.0,14
VER,Red Bull Racing,17.0,0 days 00:01:20.011000,0 days 00:00:23.623000,0 days 00:00:32.227000,0 days 00:00:24.161000,SOFT,4.0,2.0,,,1,5.0,False,2025,Spain,R,80.011,23.623,32.227,24.161,79.958,0.05299999999999727,79.63,0.3810000000000002,0.05299999999999727,81.03099999999999,80.53,0.5009999999999906,66.0,0.25757575757575757,15.0,0.26666666666666666,16.0,289.0,0,1,0,1,1,0,0,4.0,0.0,0.0,14
VER,Red Bull Racing,18.0,0 days 00:01:19.786000,0 days 00:00:23.658000,0 days 00:00:32.131000,0 days 00:00:23.997000,SOFT,5.0,2.0,,,1,4.0,False,2025,Spain,R,79.786,23.658,32.131,23.997,79.958,0.17199999999999704,79.63,0.1560000000000059,-0.17199999999999704,80.866,80.53,0.3359999999999985,66.0,0.2727272727272727,15.0,0.3333333333333333,25.0,324.0,0,1,0,1,1,0,0,5.0,0.0,0.0,14
VER,Red Bull Racing,19.0,0 days 00:01:20.259000,0 days 00:00:23.733000,0 days 00:00:32.647000,0 days 00:00:23.879000,SOFT,6.0,2.0,,,1,3.0,False,2025,Spain,R,80.259,23.733,32.647,23.879,79.958,0.30100000000000193,79.63,0.6290000000000049,0.30100000000000193,81.399,80.53,0.8689999999999998,66.0,0.2878787878787879,15.0,0.4,36.0,361.0,0,1,0,1,1,0,0,6.0,0.0,0.0,14
VER,Red Bull Racing,20.0,0 days 00:01:19.840000,0 days 00:00:23.560000,0 days 00:00:32.303000,0 days 00:00:23.977000,SOFT,7.0,2.0,,,1,3.0,False,2025,Spain,R,79.84,23.56,32.303,23.977,79.958,0.117999999999995,79.63,0.21000000000000796,-0.117999999999995,81.04,80.53,0.5100000000000051,66.0,0.30303030303030304,15.0,0.4666666666666667,49.0,400.0,0,1,0,1,1,0,0,7.0,0.0,0.0,14
VER,Red Bull Racing,21.0,0 days 00:01:19.911000,0 days 00:00:23.686000,0 days 00:00:32.317000,0 days 00:00:23.908000,SOFT,8.0,2.0,,,1,3.0,False,2025,Spain,R,79.911,23.686,32.317,23.908,79.958,0.046999999999997044,79.63,0.2810000000000059,-0.046999999999997044,81.171,80.53,0.6410000000000053,66.0,0.3181818181818182,15.0,0.5333333333333333,64.0,441.0,0,1,0,1,1,0,0,8.0,0.0,0.0,14
VER,Red Bull Racing,22.0,0 days 00:01:19.640000,0 days 00:00:23.583000,0 days 00:00:32.204000,0 days 00:00:23.853000,SOFT,9.0,2.0,,,1,2.0,False,2025,Spain,R,79.64,23.583,32.204,23.853,79.958,0.31799999999999784,79.63,0.010000000000005116,-0.31799999999999784,80.96,80.53,0.4299999999999926,66.0,0.3333333333333333,15.0,0.6,81.0,484.0,0,1,0,0,1,0,0,9.0,0.0,0.0,14
VER,Red Bull Racing,23.0,0 days 00:01:20.183000,0 days 00:00:23.662000,0 days 00:00:32.527000,0 days 00:00:23.994000,SOFT,10.0,2.0,,,1,1.0,False,2025,Spain,R,80.183,23.662,32.527,23.994,79.958,0.22500000000000853,79.63,0.5530000000000115,0.22500000000000853,81.563,80.53,1.0330000000000013,66.0,0.3484848484848485,15.0,0.6666666666666666,100.0,529.0,0,1,0,0,1,0,0,10.0,0.0,0.0,14
VER,Red Bull Racing,24.0,0 days 00:01:19.958000,0 days 00:00:23.600000,0 days 00:00:32.267000,0 days 00:00:24.091000,SOFT,11.0,2.0,,,1,1.0,False,2025,Spain,R,79.958,23.6,32.267,24.091,79.958,0.0,79.63,0.32800000000000296,0.0,81.398,80.53,0.867999999999995,66.0,0.36363636363636365,15.0,0.7333333333333333,121.0,576.0,0,1,0,0,1,0,0,11.0,0.0,0.0,14
VER,Red Bull Racing,25.0,0 days 00:01:20.124000,0 days 00:00:23.706000,0 days 00:00:32.425000,0 days 00:00:23.993000,SOFT,12.0,2.0,,,1,1.0,False,2025,Spain,R,80.124,23.706,32.425,23.993,79.958,0.16599999999999682,79.63,0.4939999999999998,0.16599999999999682,81.624,80.53,1.093999999999994,66.0,0.3787878787878788,15.0,0.8,144.0,625.0,0,1,0,0,1,0,0,12.0,0.0,0.0,14
VER,Red Bull Racing,26.0,0 days 00:01:20.382000,0 days 00:00:23.786000,0 days 00:00:32.502000,0 days 00:00:24.094000,SOFT,13.0,2.0,,,1,1.0,False,2025,Spain,R,80.382,23.786,32.502,24.094,79.958,0.4240000000000066,79.63,0.7520000000000095,0.4240000000000066,81.94200000000001,80.53,1.4120000000000061,66.0,0.3939393939393939,15.0,0.8666666666666667,169.0,676.0,0,1,0,0,1,0,0,13.0,0.0,0.0,14
VER,Red Bull Racing,27.0,0 days 00:01:20.672000,0 days 00:00:23.762000,0 days 00:00:32.696000,0 days 00:00:24.214000,SOFT,14.0,2.0,,,1,1.0,False,2025,Spain,R,80.672,23.762,32.696,24.214,79.958,0.7139999999999986,79.63,1.0420000000000016,0.7139999999999986,82.292,80.53,1.7620000000000005,66.0,0.4090909090909091,15.0,0.9333333333333333,196.0,729.0,0,1,0,0,1,0,0,14.0,0.0,0.0,14
VER,Red Bull Racing,28.0,0 days 00:01:20.580000,0 days 00:00:23.740000,0 days 00:00:32.564000,0 days 00:00:24.276000,SOFT,15.0,2.0,,,1,1.0,False,2025,Spain,R,80.58,23.74,32.564,24.276,79.958,0.6219999999999999,79.63,0.9500000000000028,0.6219999999999999,82.26,80.53,1.730000000000004,66.0,0.42424242424242425,15.0,1.0,225.0,784.0,0,1,0,0,1,0,0,15.0,0.0,0.0,14
VER,Red Bull Racing,31.0,0 days 00:01:18.216000,0 days 00:00:23.225000,0 days 00:00:31.434000,0 days 00:00:23.557000,MEDIUM,2.0,3.0,,,1,4.0,False,2025,Spain,R,78.216,23.225,31.434,23.557,79.958,1.7420000000000044,78.216,0.0,-1.7420000000000044,80.076,80.076,0.0,66.0,0.4696969696969697,17.0,0.11764705882352941,4.0,961.0,0,0,0,0,0,1,0,0.0,2.0,0.0,16
VER,Red Bull Racing,32.0,0 days 00:01:18.455000,0 days 00:00:23.331000,0 days 00:00:31.558000,0 days 00:00:23.566000,MEDIUM,3.0,3.0,,,1,4.0,False,2025,Spain,R,78.455,23.331,31.558,23.566,79.958,1.5030000000000001,78.216,0.23900000000000432,-1.5030000000000001,80.375,80.076,0.2990000000000066,66.0,0.48484848484848486,17.0,0.17647058823529413,9.0,1024.0,0,0,0,0,0,1,0,0.0,3.0,0.0,16
VER,Red Bull Racing,33.0,0 days 00:01:18.727000,0 days 00:00:23.223000,0 days 00:00:31.744000,0 days 00:00:23.760000,MEDIUM,4.0,3.0,,,1,4.0,False,2025,Spain,R,78.727,23.223,31.744,23.76,79.958,1.2309999999999945,78.216,0.5110000000000099,-1.2309999999999945,80.70700000000001,80.076,0.6310000000000144,66.0,0.5,17.0,0.23529411764705882,16.0,1089.0,0,0,0,0,0,1,0,0.0,4.0,0.0,16
VER,Red Bull Racing,34.0,0 days 00:01:18.924000,0 days 00:00:23.391000,0 days 00:00:31.799000,0 days 00:00:23.734000,MEDIUM,5.0,3.0,,,1,4.0,False,2025,Spain,R,78.924,23.391,31.799,23.734,79.958,1.0339999999999918,78.216,0.7080000000000126,-1.0339999999999918,80.96400000000001,80.076,0.8880000000000194,66.0,0.5151515151515151,17.0,0.29411764705882354,25.0,1156.0,0,0,0,0,0,1,0,0.0,5.0,0.0,16
VER,Red Bull Racing,35.0,0 days 00:01:19.141000,0 days 00:00:23.255000,0 days 00:00:31.951000,0 days 00:00:23.935000,MEDIUM,6.0,3.0,,,1,4.0,False,2025,Spain,R,79.141,23.255,31.951,23.935,79.958,0.8169999999999931,78.216,0.9250000000000114,-0.8169999999999931,81.241,80.076,1.1650000000000063,66.0,0.5303030303030303,17.0,0.35294117647058826,36.0,1225.0,0,0,0,0,0,1,0,0.0,6.0,0.0,16
VER,Red Bull Racing,36.0,0 days 00:01:19.218000,0 days 00:00:23.123000,0 days 00:00:32.125000,0 days 00:00:23.970000,MEDIUM,7.0,3.0,,,1,3.0,False,2025,Spain,R,79.218,23.123,32.125,23.97,79.958,0.7399999999999949,78.216,1.0020000000000095,-0.7399999999999949,81.378,80.076,1.3020000000000067,66.0,0.5454545454545454,17.0,0.4117647058823529,49.0,1296.0,0,0,0,0,0,1,0,0.0,7.0,0.0,16
VER,Red Bull Racing,37.0,0 days 00:01:19.108000,0 days 00:00:23.156000,0 days 00:00:32.017000,0 days 00:00:23.935000,MEDIUM,8.0,3.0,,,1,3.0,False,2025,Spain,R,79.108,23.156,32.017,23.935,79.958,0.8499999999999943,78.216,0.8920000000000101,-0.8499999999999943,81.328,80.076,1.2520000000000095,66.0,0.5606060606060606,17.0,0.47058823529411764,64.0,1369.0,0,0,0,0,0,1,0,0.0,8.0,0.0,16
VER,Red Bull Racing,38.0,0 days 00:01:19.443000,0 days 00:00:23.405000,0 days 00:00:32.084000,0 days 00:00:23.954000,MEDIUM,9.0,3.0,,,1,3.0,False,2025,Spain,R,79.443,23.405,32.084,23.954,79.958,0.5150000000000006,78.216,1.2270000000000039,-0.5150000000000006,81.723,80.076,1.6470000000000056,66.0,0.5757575757575758,17.0,0.5294117647058824,81.0,1444.0,0,0,0,0,0,1,0,0.0,9.0,0.0,16
VER,Red Bull Racing,39.0,0 days 00:01:19.650000,0 days 00:00:23.452000,0 days 00:00:32.135000,0 days 00:00:24.063000,MEDIUM,10.0,3.0,,,1,3.0,False,2025,Spain,R,79.65,23.452,32.135,24.063,79.958,0.3079999999999927,78.216,1.4340000000000117,-0.3079999999999927,81.99000000000001,80.076,1.9140000000000157,66.0,0.5909090909090909,17.0,0.5882352941176471,100.0,1521.0,0,0,0,0,0,1,0,0.0,10.0,0.0,16
VER,Red Bull Racing,40.0,0 days 00:01:19.726000,0 days 00:00:23.399000,0 days 00:00:32.217000,0 days 00:00:24.110000,MEDIUM,11.0,3.0,,,1,3.0,False,2025,Spain,R,79.726,23.399,32.217,24.11,79.958,0.23199999999999932,78.216,1.5100000000000051,-0.23199999999999932,82.126,80.076,2.0500000000000114,66.0,0.6060606060606061,17.0,0.6470588235294118,121.0,1600.0,0,0,0,0,0,1,0,0.0,11.0,0.0,16
VER,Red Bull Racing,41.0,0 days 00:01:19.922000,0 days 00:00:23.454000,0 days 00:00:32.369000,0 days 00:00:24.099000,MEDIUM,12.0,3.0,,,1,3.0,False,2025,Spain,R,79.922,23.454,32.369,24.099,79.958,0.036000000000001364,78.216,1.706000000000003,-0.036000000000001364,82.38199999999999,80.076,2.3059999999999974,66.0,0.6212121212121212,17.0,0.7058823529411765,144.0,1681.0,0,0,0,0,0,1,0,0.0,12.0,0.0,16
VER,Red Bull Racing,42.0,0 days 00:01:19.963000,0 days 00:00:23.507000,0 days 00:00:32.265000,0 days 00:00:24.191000,MEDIUM,13.0,3.0,,,1,3.0,False,2025,Spain,R,79.963,23.507,32.265,24.191,79.958,0.0049999999999954525,78.216,1.7469999999999999,0.0049999999999954525,82.48299999999999,80.076,2.4069999999999965,66.0,0.6363636363636364,17.0,0.7647058823529411,169.0,1764.0,0,0,0,0,0,1,0,0.0,13.0,0.0,16
VER,Red Bull Racing,43.0,0 days 00:01:20.134000,0 days 00:00:23.436000,0 days 00:00:32.388000,0 days 00:00:24.310000,MEDIUM,14.0,3.0,,,1,3.0,False,2025,Spain,R,80.134,23.436,32.388,24.31,79.958,0.17600000000000193,78.216,1.9180000000000064,0.17600000000000193,82.714,80.076,2.6380000000000052,66.0,0.6515151515151515,17.0,0.8235294117647058,196.0,1849.0,0,0,0,0,0,1,0,0.0,14.0,0.0,16
VER,Red Bull Racing,44.0,0 days 00:01:19.840000,0 days 00:00:23.298000,0 days 00:00:32.335000,0 days 00:00:24.207000,MEDIUM,15.0,3.0,,,1,3.0,False,2025,Spain,R,79.84,23.298,32.335,24.207,79.958,0.117999999999995,78.216,1.6240000000000094,-0.117999999999995,82.48,80.076,2.4040000000000106,66.0,0.6666666666666666,17.0,0.8823529411764706,225.0,1936.0,0,0,1,0,0,1,0,0.0,15.0,0.0,16
VER,Red Bull Racing,45.0,0 days 00:01:20.301000,0 days 00:00:23.659000,0 days 00:00:32.452000,0 days 00:00:24.190000,MEDIUM,16.0,3.0,,,1,3.0,False,2025,Spain,R,80.301,23.659,32.452,24.19,79.958,0.3430000000000035,78.216,2.085000000000008,0.3430000000000035,83.001,80.076,2.9250000000000114,66.0,0.6818181818181818,17.0,0.9411764705882353,256.0,2025.0,0,0,1,0,0,1,0,0.0,16.0,0.0,16
VER,Red Bull Racing,46.0,0 days 00:01:20.367000,0 days 00:00:23.664000,0 days 00:00:32.206000,0 days 00:00:24.497000,MEDIUM,17.0,3.0,,,1,3.0,False,2025,Spain,R,80.367,23.664,32.206,24.497,79.958,0.409000000000006,78.216,2.1510000000000105,0.409000000000006,83.12700000000001,80.076,3.051000000000016,66.0,0.696969696969697,17.0,1.0,289.0,2116.0,0,0,1,0,0,1,0,0.0,17.0,0.0,16
VER,Red Bull Racing,49.0,0 days 00:01:17.141000,0 days 00:00:22.900000,0 days 00:00:31.039000,0 days 00:00:23.202000,SOFT,5.0,4.0,,,1,3.0,False,2025,Spain,R,77.141,22.9,31.039,23.202,79.958,2.816999999999993,77.141,0.0,-2.816999999999993,80.081,80.081,0.0,66.0,0.7424242424242424,10.0,0.5,25.0,2401.0,0,0,1,0,1,0,0,5.0,0.0,0.0,6
VER,Red Bull Racing,50.0,0 days 00:01:17.997000,0 days 00:00:22.886000,0 days 00:00:31.646000,0 days 00:00:23.465000,SOFT,6.0,4.0,,,1,3.0,False,2025,Spain,R,77.997,22.886,31.646,23.465,79.958,1.9609999999999985,77.141,0.8559999999999945,-1.9609999999999985,80.997,80.081,0.9159999999999968,66.0,0.7575757575757576,10.0,0.6,36.0,2500.0,0,0,1,0,1,0,0,6.0,0.0,0.0,6
VER,Red Bull Racing,51.0,0 days 00:01:18.734000,0 days 00:00:23.240000,0 days 00:00:31.725000,0 days 00:00:23.769000,SOFT,7.0,4.0,,,1,3.0,False,2025,Spain,R,78.734,23.24,31.725,23.769,79.958,1.2240000000000038,77.141,1.5929999999999893,-1.2240000000000038,81.794,80.081,1.7129999999999939,66.0,0.7727272727272727,10.0,0.7,49.0,2601.0,0,0,1,0,1,0,0,7.0,0.0,0.0,6
VER,Red Bull Racing,52.0,0 days 00:01:18.682000,0 days 00:00:22.719000,0 days 00:00:32.226000,0 days 00:00:23.737000,SOFT,8.0,4.0,,,1,3.0,False,2025,Spain,R,78.682,22.719,32.226,23.737,79.958,1.2759999999999962,77.141,1.5409999999999968,-1.2759999999999962,81.802,80.081,1.7210000000000036,66.0,0.7878787878787878,10.0,0.8,64.0,2704.0,0,0,1,0,1,0,0,8.0,0.0,0.0,6
VER,Red Bull Racing,53.0,0 days 00:01:18.941000,0 days 00:00:23.353000,0 days 00:00:31.908000,0 days 00:00:23.680000,SOFT,9.0,4.0,,,1,3.0,False,2025,Spain,R,78.941,23.353,31.908,23.68,79.958,1.016999999999996,77.141,1.7999999999999972,-1.016999999999996,82.12100000000001,80.081,2.0400000000000063,66.0,0.803030303030303,10.0,0.9,81.0,2809.0,0,0,1,0,1,0,0,9.0,0.0,0.0,6
VER,Red Bull Racing,54.0,0 days 00:01:18.584000,0 days 00:00:23.290000,0 days 00:00:31.708000,0 days 00:00:23.586000,SOFT,10.0,4.0,,,1,3.0,False,2025,Spain,R,78.584,23.29,31.708,23.586,79.958,1.3739999999999952,77.141,1.4429999999999978,-1.3739999999999952,81.824,80.081,1.742999999999995,66.0,0.8181818181818182,10.0,1.0,100.0,2916.0,0,0,1,0,1,0,0,10.0,0.0,0.0,6
VER,Red Bull Racing,62.0,0 days 00:01:17.019000,0 days 00:00:22.725000,0 days 00:00:30.995000,0 days 00:00:23.299000,HARD,7.0,5.0,,,1,4.0,False,2025,Spain,R,77.019,22.725,30.995,23.299,79.958,2.938999999999993,77.019,0.0,-2.938999999999993,80.739,80.739,0.0,66.0,0.9393939393939394,11.0,0.6363636363636364,49.0,3844.0,0,0,1,0,0,0,1,0.0,0.0,7.0,5
VER,Red Bull Racing,63.0,0 days 00:01:17.608000,0 days 00:00:22.882000,0 days 00:00:31.341000,0 days 00:00:23.385000,HARD,8.0,5.0,,,1,4.0,False,2025,Spain,R,77.608,22.882,31.341,23.385,79.958,2.3499999999999943,77.019,0.5889999999999986,-2.3499999999999943,81.388,80.739,0.6490000000000009,66.0,0.9545454545454546,11.0,0.7272727272727273,64.0,3969.0,0,0,1,0,0,0,1,0.0,0.0,8.0,5
VER,Red Bull Racing,64.0,0 days 00:01:20.060000,0 days 00:00:22.740000,0 days 00:00:32.759000,0 days 00:00:24.561000,HARD,9.0,5.0,,,1,5.0,False,2025,Spain,R,80.06,22.74,32.759,24.561,79.958,0.10200000000000387,77.019,3.040999999999997,0.10200000000000387,83.9,80.739,3.1610000000000014,66.0,0.9696969696969697,11.0,0.8181818181818182,81.0,4096.0,0,0,1,0,0,0,1,0.0,0.0,9.0,5
VER,Red Bull Racing,65.0,0 days 00:01:18.122000,0 days 00:00:22.835000,0 days 00:00:31.771000,0 days 00:00:23.516000,HARD,10.0,5.0,,,1,5.0,False,2025,Spain,R,78.122,22.835,31.771,23.516,79.958,1.8359999999999985,77.019,1.1029999999999944,-1.8359999999999985,82.022,80.739,1.2830000000000013,66.0,0.9848484848484849,11.0,0.9090909090909091,100.0,4225.0,0,0,1,0,0,0,1,0.0,0.0,10.0,5
VER,Red Bull Racing,66.0,0 days 00:01:18.081000,0 days 00:00:22.562000,0 days 00:00:31.942000,0 days 00:00:23.577000,HARD,11.0,5.0,,,1,5.0,False,2025,Spain,R,78.081,22.562,31.942,23.577,79.958,1.8769999999999953,77.019,1.0619999999999976,-1.8769999999999953,82.041,80.739,1.3019999999999925,66.0,1.0,11.0,1.0,121.0,4356.0,0,0,1,0,0,0,1,0.0,0.0,11.0,5
