Driver,Team,LapNumber,LapTime,Sector1Time,Sector2Time,Sector3Time,Compound,TyreLife,Stint,PitInTime,PitOutTime,TrackStatus,Position,Deleted,season,race,session_type,lap_time_seconds,sector1_seconds,sector2_seconds,sector3_seconds,driver_median_lap,abs_delta_from_median,stint_baseline_lap_time,lap_time_delta_from_stint_start,normalized_lap_time,fuel_adjusted_lap_time,stint_baseline_fuel_adjusted_lap_time,fuel_adjusted_degradation_delta,race_max_lap,race_phase,stint_max_tyre_life,stint_progress,tyre_life_squared,lap_number_squared,is_first_stint,is_second_stint,is_late_race,is_early_race,is_soft,is_medium,is_hard,soft_tyre_life,medium_tyre_life,hard_tyre_life,stint_lap_count
ALB,Williams,4.0,0 days 00:01:11.975000,0 days 00:00:17.779000,0 days 00:00:32.085000,0 days 00:00:22.111000,MEDIUM,4.0,1.0,,,1,7.0,False,2025,Austria,R,71.975,17.779,32.085,22.111,71.35849999999999,0.616500000000002,71.975,0.0,0.616500000000002,72.21499999999999,72.21499999999999,0.0,70.0,0.05714285714285714,12.0,0.3333333333333333,16.0,16.0,1,0,0,1,0,1,0,0.0,4.0,0.0,9
ALB,Williams,5.0,0 days 00:01:11.163000,0 days 00:00:17.486000,0 days 00:00:31.667000,0 days 00:00:22.010000,MEDIUM,5.0,1.0,,,1,7.0,False,2025,Austria,R,71.163,17.486,31.667,22.01,71.35849999999999,0.19549999999999557,71.975,-0.8119999999999976,-0.19549999999999557,71.463,72.21499999999999,-0.7519999999999953,70.0,0.07142857142857142,12.0,0.4166666666666667,25.0,25.0,1,0,0,1,0,1,0,0.0,5.0,0.0,9
ALB,Williams,6.0,0 days 00:01:10.881000,0 days 00:00:17.279000,0 days 00:00:31.668000,0 days 00:00:21.934000,MEDIUM,6.0,1.0,,,1,7.0,False,2025,Austria,R,70.881,17.279,31.668,21.934,71.35849999999999,0.47749999999999204,71.975,-1.093999999999994,-0.47749999999999204,71.241,72.21499999999999,-0.9739999999999895,70.0,0.08571428571428572,12.0,0.5,36.0,36.0,1,0,0,1,0,1,0,0.0,6.0,0.0,9
ALB,Williams,7.0,0 days 00:01:11.009000,0 days 00:00:17.349000,0 days 00:00:31.712000,0 days 00:00:21.948000,MEDIUM,7.0,1.0,,,1,7.0,False,2025,Austria,R,71.009,17.349,31.712,21.948,71.35849999999999,0.34949999999999193,71.975,-0.965999999999994,-0.34949999999999193,71.429,72.21499999999999,-0.7859999999999872,70.0,0.1,12.0,0.5833333333333334,49.0,49.0,1,0,0,1,0,1,0,0.0,7.0,0.0,9
ALB,Williams,8.0,0 days 00:01:10.850000,0 days 00:00:17.387000,0 days 00:00:31.684000,0 days 00:00:21.779000,MEDIUM,8.0,1.0,,,1,7.0,False,2025,Austria,R,70.85,17.387,31.684,21.779,71.35849999999999,0.508499999999998,71.975,-1.125,-0.508499999999998,71.33,72.21499999999999,-0.8849999999999909,70.0,0.11428571428571428,12.0,0.6666666666666666,64.0,64.0,1,0,0,1,0,1,0,0.0,8.0,0.0,9
ALB,Williams,9.0,0 days 00:01:10.641000,0 days 00:00:17.434000,0 days 00:00:31.467000,0 days 00:00:21.740000,MEDIUM,9.0,1.0,,,1,6.0,False,2025,Austria,R,70.641,17.434,31.467,21.74,71.35849999999999,0.7174999999999869,71.975,-1.333999999999989,-0.7174999999999869,71.18100000000001,72.21499999999999,-1.0339999999999776,70.0,0.12857142857142856,12.0,0.75,81.0,81.0,1,0,0,1,0,1,0,0.0,9.0,0.0,9
ALB,Williams,10.0,0 days 00:01:11.401000,0 days 00:00:17.896000,0 days 00:00:31.655000,0 days 00:00:21.850000,MEDIUM,10.0,1.0,,,1,6.0,False,2025,Austria,R,71.401,17.896,31.655,21.85,71.35849999999999,0.04250000000000398,71.975,-0.5739999999999981,0.04250000000000398,72.00099999999999,72.21499999999999,-0.21399999999999864,70.0,0.14285714285714285,12.0,0.8333333333333334,100.0,100.0,1,0,0,1,0,1,0,0.0,10.0,0.0,9
ALB,Williams,11.0,0 days 00:01:11.541000,0 days 00:00:17.902000,0 days 00:00:31.777000,0 days 00:00:21.862000,MEDIUM,11.0,1.0,,,1,6.0,False,2025,Austria,R,71.541,17.902,31.777,21.862,71.35849999999999,0.18250000000000455,71.975,-0.4339999999999975,0.18250000000000455,72.201,72.21499999999999,-0.013999999999995794,70.0,0.15714285714285714,12.0,0.9166666666666666,121.0,121.0,1,0,0,1,0,1,0,0.0,11.0,0.0,9
ALB,Williams,12.0,0 days 00:01:11.316000,0 days 00:00:17.858000,0 days 00:00:31.646000,0 days 00:00:21.812000,MEDIUM,12.0,1.0,,,1,6.0,False,2025,Austria,R,71.316,17.858,31.646,21.812,71.35849999999999,0.04249999999998977,71.975,-0.6589999999999918,-0.04249999999998977,72.036,72.21499999999999,-0.17899999999998784,70.0,0.17142857142857143,12.0,1.0,144.0,144.0,1,0,0,1,0,1,0,0.0,12.0,0.0,9
ALO,Aston Martin,4.0,0 days 00:01:12.463000,0 days 00:00:17.816000,0 days 00:00:32.506000,0 days 00:00:22.141000,MEDIUM,5.0,1.0,,,1,10.0,False,2025,Austria,R,72.463,17.816,32.506,22.141,71.0255,1.4375,72.463,0.0,1.4375,72.70299999999999,72.70299999999999,0.0,70.0,0.05714285714285714,33.0,0.15151515151515152,25.0,16.0,1,0,0,1,0,1,0,0.0,5.0,0.0,28
ALO,Aston Martin,5.0,0 days 00:01:11.380000,0 days 00:00:17.609000,0 days 00:00:31.894000,0 days 00:00:21.877000,MEDIUM,6.0,1.0,,,1,10.0,False,2025,Austria,R,71.38,17.609,31.894,21.877,71.0255,0.3545000000000016,72.463,-1.0829999999999984,0.3545000000000016,71.67999999999999,72.70299999999999,-1.0229999999999961,70.0,0.07142857142857142,33.0,0.18181818181818182,36.0,25.0,1,0,0,1,0,1,0,0.0,6.0,0.0,28
ALO,Aston Martin,6.0,0 days 00:01:11.395000,0 days 00:00:17.352000,0 days 00:00:31.868000,0 days 00:00:22.175000,MEDIUM,7.0,1.0,,,1,10.0,False,2025,Austria,R,71.395,17.352,31.868,22.175,71.0255,0.36950000000000216,72.463,-1.0679999999999978,0.36950000000000216,71.755,72.70299999999999,-0.9479999999999933,70.0,0.08571428571428572,33.0,0.21212121212121213,49.0,36.0,1,0,0,1,0,1,0,0.0,7.0,0.0,28
ALO,Aston Martin,7.0,0 days 00:01:10.810000,0 days 00:00:17.338000,0 days 00:00:31.616000,0 days 00:00:21.856000,MEDIUM,8.0,1.0,,,1,10.0,False,2025,Austria,R,70.81,17.338,31.616,21.856,71.0255,0.2154999999999916,72.463,-1.6529999999999916,-0.2154999999999916,71.23,72.70299999999999,-1.4729999999999848,70.0,0.1,33.0,0.24242424242424243,64.0,49.0,1,0,0,1,0,1,0,0.0,8.0,0.0,28
ALO,Aston Martin,8.0,0 days 00:01:11.085000,0 days 00:00:17.437000,0 days 00:00:31.912000,0 days 00:00:21.736000,MEDIUM,9.0,1.0,,,1,10.0,False,2025,Austria,R,71.085,17.437,31.912,21.736,71.0255,0.059499999999999886,72.463,-1.3780000000000001,0.059499999999999886,71.565,72.70299999999999,-1.137999999999991,70.0,0.11428571428571428,33.0,0.2727272727272727,81.0,64.0,1,0,0,1,0,1,0,0.0,9.0,0.0,28
ALO,Aston Martin,9.0,0 days 00:01:10.906000,0 days 00:00:17.420000,0 days 00:00:31.677000,0 days 00:00:21.809000,MEDIUM,10.0,1.0,,,1,10.0,False,2025,Austria,R,70.906,17.42,31.677,21.809,71.0255,0.11949999999998795,72.463,-1.556999999999988,-0.11949999999998795,71.44600000000001,72.70299999999999,-1.2569999999999766,70.0,0.12857142857142856,33.0,0.30303030303030304,100.0,81.0,1,0,0,1,0,1,0,0.0,10.0,0.0,28
ALO,Aston Martin,10.0,0 days 00:01:11.532000,0 days 00:00:17.507000,0 days 00:00:31.966000,0 days 00:00:22.059000,MEDIUM,11.0,1.0,,,1,10.0,False,2025,Austria,R,71.532,17.507,31.966,22.059,71.0255,0.5065000000000026,72.463,-0.9309999999999974,0.5065000000000026,72.13199999999999,72.70299999999999,-0.570999999999998,70.0,0.14285714285714285,33.0,0.3333333333333333,121.0,100.0,1,0,0,1,0,1,0,0.0,11.0,0.0,28
ALO,Aston Martin,11.0,0 days 00:01:11.484000,0 days 00:00:17.413000,0 days 00:00:31.894000,0 days 00:00:22.177000,MEDIUM,12.0,1.0,,,1,10.0,False,2025,Austria,R,71.484,17.413,31.894,22.177,71.0255,0.4585000000000008,72.463,-0.9789999999999992,0.4585000000000008,72.14399999999999,72.70299999999999,-0.5589999999999975,70.0,0.15714285714285714,33.0,0.36363636363636365,144.0,121.0,1,0,0,1,0,1,0,0.0,12.0,0.0,28
ALO,Aston Martin,12.0,0 days 00:01:12.027000,0 days 00:00:17.559000,0 days 00:00:32.119000,0 days 00:00:22.349000,MEDIUM,13.0,1.0,,,1,9.0,False,2025,Austria,R,72.027,17.559,32.119,22.349,71.0255,1.0015000000000072,72.463,-0.43599999999999284,1.0015000000000072,72.747,72.70299999999999,0.04400000000001114,70.0,0.17142857142857143,33.0,0.3939393939393939,169.0,144.0,1,0,0,1,0,1,0,0.0,13.0,0.0,28
ALO,Aston Martin,13.0,0 days 00:01:11.794000,0 days 00:00:17.578000,0 days 00:00:32.442000,0 days 00:00:21.774000,MEDIUM,14.0,1.0,,,1,9.0,False,2025,Austria,R,71.794,17.578,32.442,21.774,71.0255,0.7685000000000031,72.463,-0.6689999999999969,0.7685000000000031,72.574,72.70299999999999,-0.12899999999999068,70.0,0.18571428571428572,33.0,0.42424242424242425,196.0,169.0,1,0,0,1,0,1,0,0.0,14.0,0.0,28
ALO,Aston Martin,14.0,0 days 00:01:11.528000,0 days 00:00:17.601000,0 days 00:00:32.042000,0 days 00:00:21.885000,MEDIUM,15.0,1.0,,,1,8.0,False,2025,Austria,R,71.528,17.601,32.042,21.885,71.0255,0.5025000000000119,72.463,-0.9349999999999881,0.5025000000000119,72.36800000000001,72.70299999999999,-0.33499999999997954,70.0,0.2,33.0,0.45454545454545453,225.0,196.0,1,0,0,1,0,1,0,0.0,15.0,0.0,28
ALO,Aston Martin,15.0,0 days 00:01:11.502000,0 days 00:00:17.600000,0 days 00:00:32.070000,0 days 00:00:21.832000,MEDIUM,16.0,1.0,,,1,8.0,False,2025,Austria,R,71.502,17.6,32.07,21.832,71.0255,0.4765000000000015,72.463,-0.9609999999999985,0.4765000000000015,72.402,72.70299999999999,-0.3009999999999877,70.0,0.21428571428571427,33.0,0.48484848484848486,256.0,225.0,1,0,0,1,0,1,0,0.0,16.0,0.0,28
ALO,Aston Martin,16.0,0 days 00:01:11.565000,0 days 00:00:17.589000,0 days 00:00:32.001000,0 days 00:00:21.975000,MEDIUM,17.0,1.0,,,1,8.0,False,2025,Austria,R,71.565,17.589,32.001,21.975,71.0255,0.5395000000000039,72.463,-0.8979999999999961,0.5395000000000039,72.52499999999999,72.70299999999999,-0.17799999999999727,70.0,0.22857142857142856,33.0,0.5151515151515151,289.0,256.0,1,0,0,1,0,1,0,0.0,17.0,0.0,28
ALO,Aston Martin,17.0,0 days 00:01:11.795000,0 days 00:00:17.629000,0 days 00:00:32.165000,0 days 00:00:22.001000,MEDIUM,18.0,1.0,,,1,8.0,False,2025,Austria,R,71.795,17.629,32.165,22.001,71.0255,0.7695000000000078,72.463,-0.6679999999999922,0.7695000000000078,72.815,72.70299999999999,0.11200000000000898,70.0,0.24285714285714285,33.0,0.5454545454545454,324.0,289.0,1,0,0,1,0,1,0,0.0,18.0,0.0,28
ALO,Aston Martin,18.0,0 days 00:01:11.589000,0 days 00:00:17.683000,0 days 00:00:32.110000,0 days 00:00:21.796000,MEDIUM,19.0,1.0,,,1,8.0,False,2025,Austria,R,71.589,17.683,32.11,21.796,71.0255,0.5635000000000048,72.463,-0.8739999999999952,0.5635000000000048,72.669,72.70299999999999,-0.033999999999991815,70.0,0.2571428571428571,33.0,0.5757575757575758,361.0,324.0,1,0,0,1,0,1,0,0.0,19.0,0.0,28
ALO,Aston Martin,19.0,0 days 00:01:11.609000,0 days 00:00:17.639000,0 days 00:00:32.010000,0 days 00:00:21.960000,MEDIUM,20.0,1.0,,,1,7.0,False,2025,Austria,R,71.609,17.639,32.01,21.96,71.0255,0.5835000000000008,72.463,-0.8539999999999992,0.5835000000000008,72.749,72.70299999999999,0.04600000000000648,70.0,0.2714285714285714,33.0,0.6060606060606061,400.0,361.0,1,0,0,1,0,1,0,0.0,20.0,0.0,28
ALO,Aston Martin,20.0,0 days 00:01:11.629000,0 days 00:00:17.725000,0 days 00:00:32.034000,0 days 00:00:21.870000,MEDIUM,21.0,1.0,,,1,7.0,False,2025,Austria,R,71.629,17.725,32.034,21.87,71.0255,0.603500000000011,72.463,-0.833999999999989,0.603500000000011,72.82900000000001,72.70299999999999,0.12600000000001899,70.0,0.2857142857142857,33.0,0.6363636363636364,441.0,400.0,1,0,0,1,0,1,0,0.0,21.0,0.0,28
ALO,Aston Martin,21.0,0 days 00:01:11.951000,0 days 00:00:17.748000,0 days 00:00:32.266000,0 days 00:00:21.937000,MEDIUM,22.0,1.0,,,1,6.0,False,2025,Austria,R,71.951,17.748,32.266,21.937,71.0255,0.9254999999999995,72.463,-0.5120000000000005,0.9254999999999995,73.211,72.70299999999999,0.5080000000000098,70.0,0.3,33.0,0.6666666666666666,484.0,441.0,1,0,0,1,0,1,0,0.0,22.0,0.0,28
ALO,Aston Martin,22.0,0 days 00:01:11.446000,0 days 00:00:17.511000,0 days 00:00:32.049000,0 days 00:00:21.886000,MEDIUM,23.0,1.0,,,1,6.0,False,2025,Austria,R,71.446,17.511,32.049,21.886,71.0255,0.4205000000000041,72.463,-1.016999999999996,0.4205000000000041,72.76599999999999,72.70299999999999,0.06300000000000239,70.0,0.3142857142857143,33.0,0.696969696969697,529.0,484.0,1,0,0,1,0,1,0,0.0,23.0,0.0,28
ALO,Aston Martin,23.0,0 days 00:01:11.422000,0 days 00:00:17.653000,0 days 00:00:31.921000,0 days 00:00:21.848000,MEDIUM,24.0,1.0,,,1,6.0,False,2025,Austria,R,71.422,17.653,31.921,21.848,71.0255,0.3965000000000032,72.463,-1.0409999999999968,0.3965000000000032,72.80199999999999,72.70299999999999,0.09900000000000375,70.0,0.32857142857142857,33.0,0.7272727272727273,576.0,529.0,1,0,0,1,0,1,0,0.0,24.0,0.0,28
ALO,Aston Martin,24.0,0 days 00:01:11.566000,0 days 00:00:17.650000,0 days 00:00:32.072000,0 days 00:00:21.844000,MEDIUM,25.0,1.0,,,1,6.0,False,2025,Austria,R,71.566,17.65,32.072,21.844,71.0255,0.5405000000000086,72.463,-0.8969999999999914,0.5405000000000086,73.006,72.70299999999999,0.3030000000000115,70.0,0.34285714285714286,33.0,0.7575757575757576,625.0,576.0,1,0,0,0,0,1,0,0.0,25.0,0.0,28
ALO,Aston Martin,25.0,0 days 00:01:11.676000,0 days 00:00:17.759000,0 days 00:00:31.986000,0 days 00:00:21.931000,MEDIUM,26.0,1.0,,,1,6.0,False,2025,Austria,R,71.676,17.759,31.986,21.931,71.0255,0.6505000000000081,72.463,-0.7869999999999919,0.6505000000000081,73.176,72.70299999999999,0.4730000000000132,70.0,0.35714285714285715,33.0,0.7878787878787878,676.0,625.0,1,0,0,0,0,1,0,0.0,26.0,0.0,28
ALO,Aston Martin,26.0,0 days 00:01:11.649000,0 days 00:00:17.643000,0 days 00:00:32.053000,0 days 00:00:21.953000,MEDIUM,27.0,1.0,,,1,5.0,False,2025,Austria,R,71.649,17.643,32.053,21.953,71.0255,0.623500000000007,72.463,-0.813999999999993,0.623500000000007,73.209,72.70299999999999,0.5060000000000144,70.0,0.37142857142857144,33.0,0.8181818181818182,729.0,676.0,1,0,0,0,0,1,0,0.0,27.0,0.0,28
ALO,Aston Martin,27.0,0 days 00:01:12.243000,0 days 00:00:17.591000,0 days 00:00:32.563000,0 days 00:00:22.089000,MEDIUM,28.0,1.0,,,1,5.0,False,2025,Austria,R,72.243,17.591,32.563,22.089,71.0255,1.2175000000000011,72.463,-0.21999999999999886,1.2175000000000011,73.863,72.70299999999999,1.1600000000000108,70.0,0.38571428571428573,33.0,0.8484848484848485,784.0,729.0,1,0,0,0,0,1,0,0.0,28.0,0.0,28
ALO,Aston Martin,28.0,0 days 00:01:12.033000,0 days 00:00:17.629000,0 days 00:00:32.281000,0 days 00:00:22.123000,MEDIUM,29.0,1.0,,,1,5.0,False,2025,Austria,R,72.033,17.629,32.281,22.123,71.0255,1.0075000000000074,72.463,-0.4299999999999926,1.0075000000000074,73.71300000000001,72.70299999999999,1.0100000000000193,70.0,0.4,33.0,0.8787878787878788,841.0,784.0,1,0,0,0,0,1,0,0.0,29.0,0.0,28
ALO,Aston Martin,30.0,0 days 00:01:12.132000,0 days 00:00:17.969000,0 days 00:00:32.010000,0 days 00:00:22.153000,MEDIUM,31.0,1.0,,,12,6.0,False,2025,Austria,R,72.132,17.969,32.01,22.153,71.0255,1.1065000000000111,72.463,-0.33099999999998886,1.1065000000000111,73.932,72.70299999999999,1.2290000000000134,70.0,0.42857142857142855,33.0,0.9393939393939394,961.0,900.0,1,0,0,0,0,1,0,0.0,31.0,0.0,28
ALO,Aston Martin,31.0,0 days 00:01:11.899000,0 days 00:00:17.914000,0 days 00:00:32.077000,0 days 00:00:21.908000,MEDIUM,32.0,1.0,,,1,6.0,False,2025,Austria,R,71.899,17.914,32.077,21.908,71.0255,0.873500000000007,72.463,-0.563999999999993,0.873500000000007,73.759,72.70299999999999,1.0560000000000116,70.0,0.44285714285714284,33.0,0.9696969696969697,1024.0,961.0,1,0,0,0,0,1,0,0.0,32.0,0.0,28
ALO,Aston Martin,32.0,0 days 00:01:12.085000,0 days 00:00:17.979000,0 days 00:00:32.101000,0 days 00:00:22.005000,MEDIUM,33.0,1.0,,,1,5.0,False,2025,Austria,R,72.085,17.979,32.101,22.005,71.0255,1.0594999999999999,72.463,-0.3780000000000001,1.0594999999999999,74.005,72.70299999999999,1.3020000000000067,70.0,0.45714285714285713,33.0,1.0,1089.0,1024.0,1,0,0,0,0,1,0,0.0,33.0,0.0,28
ALO,Aston Martin,35.0,0 days 00:01:10.934000,0 days 00:00:17.804000,0 days 00:00:31.504000,0 days 00:00:21.626000,HARD,3.0,2.0,,,1,12.0,False,2025,Austria,R,70.934,17.804,31.504,21.626,71.0255,0.09149999999999636,70.934,0.0,-0.09149999999999636,73.03399999999999,73.03399999999999,0.0,70.0,0.5,37.0,0.08108108108108109,9.0,1225.0,0,1,0,0,0,0,1,0.0,0.0,3.0,35
ALO,Aston Martin,36.0,0 days 00:01:10.727000,0 days 00:00:17.677000,0 days 00:00:31.468000,0 days 00:00:21.582000,HARD,4.0,2.0,,,1,12.0,False,2025,Austria,R,70.727,17.677,31.468,21.582,71.0255,0.29849999999999,70.934,-0.20699999999999363,-0.29849999999999,72.887,73.03399999999999,-0.14699999999999136,70.0,0.5142857142857142,37.0,0.10810810810810811,16.0,1296.0,0,1,0,0,0,0,1,0.0,0.0,4.0,35
ALO,Aston Martin,37.0,0 days 00:01:10.697000,0 days 00:00:17.713000,0 days 00:00:31.433000,0 days 00:00:21.551000,HARD,5.0,2.0,,,1,12.0,False,2025,Austria,R,70.697,17.713,31.433,21.551,71.0255,0.32849999999999113,70.934,-0.23699999999999477,-0.32849999999999113,72.917,73.03399999999999,-0.11699999999999022,70.0,0.5285714285714286,37.0,0.13513513513513514,25.0,1369.0,0,1,0,0,0,0,1,0.0,0.0,5.0,35
ALO,Aston Martin,38.0,0 days 00:01:10.580000,0 days 00:00:17.583000,0 days 00:00:31.432000,0 days 00:00:21.565000,HARD,6.0,2.0,,,1,11.0,False,2025,Austria,R,70.58,17.583,31.432,21.565,71.0255,0.44549999999999557,70.934,-0.3539999999999992,-0.44549999999999557,72.86,73.03399999999999,-0.17399999999999238,70.0,0.5428571428571428,37.0,0.16216216216216217,36.0,1444.0,0,1,0,0,0,0,1,0.0,0.0,6.0,35
ALO,Aston Martin,39.0,0 days 00:01:09.935000,0 days 00:00:17.457000,0 days 00:00:31.203000,0 days 00:00:21.275000,HARD,7.0,2.0,,,1,11.0,False,2025,Austria,R,69.935,17.457,31.203,21.275,71.0255,1.0904999999999916,70.934,-0.9989999999999952,-1.0904999999999916,72.275,73.03399999999999,-0.7589999999999861,70.0,0.5571428571428572,37.0,0.1891891891891892,49.0,1521.0,0,1,0,0,0,0,1,0.0,0.0,7.0,35
ALO,Aston Martin,40.0,0 days 00:01:10.175000,0 days 00:00:17.348000,0 days 00:00:31.483000,0 days 00:00:21.344000,HARD,8.0,2.0,,,1,10.0,False,2025,Austria,R,70.175,17.348,31.483,21.344,71.0255,0.8504999999999967,70.934,-0.7590000000000003,-0.8504999999999967,72.575,73.03399999999999,-0.458999999999989,70.0,0.5714285714285714,37.0,0.21621621621621623,64.0,1600.0,0,1,0,0,0,0,1,0.0,0.0,8.0,35
ALO,Aston Martin,41.0,0 days 00:01:10.057000,0 days 00:00:17.338000,0 days 00:00:31.459000,0 days 00:00:21.260000,HARD,9.0,2.0,,,1,10.0,False,2025,Austria,R,70.057,17.338,31.459,21.26,71.0255,0.9684999999999917,70.934,-0.8769999999999953,-0.9684999999999917,72.517,73.03399999999999,-0.5169999999999959,70.0,0.5857142857142857,37.0,0.24324324324324326,81.0,1681.0,0,1,0,0,0,0,1,0.0,0.0,9.0,35
ALO,Aston Martin,42.0,0 days 00:01:09.964000,0 days 00:00:17.280000,0 days 00:00:31.342000,0 days 00:00:21.342000,HARD,10.0,2.0,,,1,10.0,False,2025,Austria,R,69.964,17.28,31.342,21.342,71.0255,1.0614999999999952,70.934,-0.9699999999999989,-1.0614999999999952,72.484,73.03399999999999,-0.5499999999999972,70.0,0.6,37.0,0.2702702702702703,100.0,1764.0,0,1,0,0,0,0,1,0.0,0.0,10.0,35
ALO,Aston Martin,43.0,0 days 00:01:10.068000,0 days 00:00:17.281000,0 days 00:00:31.398000,0 days 00:00:21.389000,HARD,11.0,2.0,,,1,9.0,False,2025,Austria,R,70.068,17.281,31.398,21.389,71.0255,0.957499999999996,70.934,-0.8659999999999997,-0.957499999999996,72.648,73.03399999999999,-0.3859999999999957,70.0,0.6142857142857143,37.0,0.2972972972972973,121.0,1849.0,0,1,0,0,0,0,1,0.0,0.0,11.0,35
ALO,Aston Martin,44.0,0 days 00:01:10.338000,0 days 00:00:17.339000,0 days 00:00:31.616000,0 days 00:00:21.383000,HARD,12.0,2.0,,,1,9.0,False,2025,Austria,R,70.338,17.339,31.616,21.383,71.0255,0.6875,70.934,-0.5960000000000036,-0.6875,72.978,73.03399999999999,-0.055999999999997385,70.0,0.6285714285714286,37.0,0.32432432432432434,144.0,1936.0,0,1,0,0,0,0,1,0.0,0.0,12.0,35
ALO,Aston Martin,45.0,0 days 00:01:10.255000,0 days 00:00:17.337000,0 days 00:00:31.536000,0 days 00:00:21.382000,HARD,13.0,2.0,,,1,9.0,False,2025,Austria,R,70.255,17.337,31.536,21.382,71.0255,0.7704999999999984,70.934,-0.679000000000002,-0.7704999999999984,72.955,73.03399999999999,-0.07899999999999352,70.0,0.6428571428571429,37.0,0.35135135135135137,169.0,2025.0,0,1,0,0,0,0,1,0.0,0.0,13.0,35
ALO,Aston Martin,46.0,0 days 00:01:09.971000,0 days 00:00:17.264000,0 days 00:00:31.375000,0 days 00:00:21.332000,HARD,14.0,2.0,,,1,8.0,False,2025,Austria,R,69.971,17.264,31.375,21.332,71.0255,1.0544999999999902,70.934,-0.9629999999999939,-1.0544999999999902,72.73100000000001,73.03399999999999,-0.30299999999998306,70.0,0.6571428571428571,37.0,0.3783783783783784,196.0,2116.0,0,1,0,0,0,0,1,0.0,0.0,14.0,35
ALO,Aston Martin,47.0,0 days 00:01:10.129000,0 days 00:00:17.356000,0 days 00:00:31.363000,0 days 00:00:21.410000,HARD,15.0,2.0,,,1,8.0,False,2025,Austria,R,70.129,17.356,31.363,21.41,71.0255,0.896499999999989,70.934,-0.8049999999999926,-0.896499999999989,72.949,73.03399999999999,-0.08499999999999375,70.0,0.6714285714285714,37.0,0.40540540540540543,225.0,2209.0,0,1,1,0,0,0,1,0.0,0.0,15.0,35
ALO,Aston Martin,48.0,0 days 00:01:10.302000,0 days 00:00:17.300000,0 days 00:00:31.518000,0 days 00:00:21.484000,HARD,16.0,2.0,,,1,8.0,False,2025,Austria,R,70.302,17.3,31.518,21.484,71.0255,0.7234999999999872,70.934,-0.6319999999999908,-0.7234999999999872,73.182,73.03399999999999,0.14800000000001035,70.0,0.6857142857142857,37.0,0.43243243243243246,256.0,2304.0,0,1,1,0,0,0,1,0.0,0.0,16.0,35
ALO,Aston Martin,49.0,0 days 00:01:10.203000,0 days 00:00:17.254000,0 days 00:00:31.433000,0 days 00:00:21.516000,HARD,17.0,2.0,,,1,8.0,False,2025,Austria,R,70.203,17.254,31.433,21.516,71.0255,0.8224999999999909,70.934,-0.7309999999999945,-0.8224999999999909,73.143,73.03399999999999,0.10900000000000887,70.0,0.7,37.0,0.4594594594594595,289.0,2401.0,0,1,1,0,0,0,1,0.0,0.0,17.0,35
ALO,Aston Martin,50.0,0 days 00:01:10.313000,0 days 00:00:17.337000,0 days 00:00:31.459000,0 days 00:00:21.517000,HARD,18.0,2.0,,,1,6.0,False,2025,Austria,R,70.313,17.337,31.459,21.517,71.0255,0.7124999999999915,70.934,-0.6209999999999951,-0.7124999999999915,73.313,73.03399999999999,0.2790000000000106,70.0,0.7142857142857143,37.0,0.4864864864864865,324.0,2500.0,0,1,1,0,0,0,1,0.0,0.0,18.0,35
ALO,Aston Martin,51.0,0 days 00:01:10.329000,0 days 00:00:17.298000,0 days 00:00:31.643000,0 days 00:00:21.388000,HARD,19.0,2.0,,,1,6.0,False,2025,Austria,R,70.329,17.298,31.643,21.388,71.0255,0.6965000000000003,70.934,-0.605000000000004,-0.6965000000000003,73.389,73.03399999999999,0.355000000000004,70.0,0.7285714285714285,37.0,0.5135135135135135,361.0,2601.0,0,1,1,0,0,0,1,0.0,0.0,19.0,35
ALO,Aston Martin,52.0,0 days 00:01:10.325000,0 days 00:00:17.316000,0 days 00:00:31.637000,0 days 00:00:21.372000,HARD,20.0,2.0,,,1,6.0,False,2025,Austria,R,70.325,17.316,31.637,21.372,71.0255,0.700499999999991,70.934,-0.6089999999999947,-0.700499999999991,73.44500000000001,73.03399999999999,0.4110000000000156,70.0,0.7428571428571429,37.0,0.5405405405405406,400.0,2704.0,0,1,1,0,0,0,1,0.0,0.0,20.0,35
ALO,Aston Martin,53.0,0 days 00:01:10.207000,0 days 00:00:17.370000,0 days 00:00:31.476000,0 days 00:00:21.361000,HARD,21.0,2.0,,,1,6.0,False,2025,Austria,R,70.207,17.37,31.476,21.361,71.0255,0.8185000000000002,70.934,-0.7270000000000039,-0.8185000000000002,73.387,73.03399999999999,0.35300000000000864,70.0,0.7571428571428571,37.0,0.5675675675675675,441.0,2809.0,0,1,1,0,0,0,1,0.0,0.0,21.0,35
ALO,Aston Martin,54.0,0 days 00:01:11.177000,0 days 00:00:17.400000,0 days 00:00:32.316000,0 days 00:00:21.461000,HARD,22.0,2.0,,,1,7.0,False,2025,Austria,R,71.177,17.4,32.316,21.461,71.0255,0.15150000000001285,70.934,0.2430000000000092,0.15150000000001285,74.417,73.03399999999999,1.3830000000000098,70.0,0.7714285714285715,37.0,0.5945945945945946,484.0,2916.0,0,1,1,0,0,0,1,0.0,0.0,22.0,35
ALO,Aston Martin,55.0,0 days 00:01:10.859000,0 days 00:00:17.417000,0 days 00:00:31.837000,0 days 00:00:21.605000,HARD,23.0,2.0,,,1,7.0,False,2025,Austria,R,70.859,17.417,31.837,21.605,71.0255,0.1664999999999992,70.934,-0.07500000000000284,-0.1664999999999992,74.15899999999999,73.03399999999999,1.125,70.0,0.7857142857142857,37.0,0.6216216216216216,529.0,3025.0,0,1,1,0,0,0,1,0.0,0.0,23.0,35
ALO,Aston Martin,56.0,0 days 00:01:10.609000,0 days 00:00:17.478000,0 days 00:00:31.673000,0 days 00:00:21.458000,HARD,24.0,2.0,,,1,7.0,False,2025,Austria,R,70.609,17.478,31.673,21.458,71.0255,0.4164999999999992,70.934,-0.32500000000000284,-0.4164999999999992,73.969,73.03399999999999,0.9350000000000023,70.0,0.8,37.0,0.6486486486486487,576.0,3136.0,0,1,1,0,0,0,1,0.0,0.0,24.0,35
ALO,Aston Martin,57.0,0 days 00:01:10.195000,0 days 00:00:17.355000,0 days 00:00:31.579000,0 days 00:00:21.261000,HARD,25.0,2.0,,,1,7.0,False,2025,Austria,R,70.195,17.355,31.579,21.261,71.0255,0.8305000000000007,70.934,-0.7390000000000043,-0.8305000000000007,73.615,73.03399999999999,0.5810000000000031,70.0,0.8142857142857143,37.0,0.6756756756756757,625.0,3249.0,0,1,1,0,0,0,1,0.0,0.0,25.0,35
ALO,Aston Martin,58.0,0 days 00:01:10.254000,0 days 00:00:17.282000,0 days 00:00:31.568000,0 days 00:00:21.404000,HARD,26.0,2.0,,,1,7.0,False,2025,Austria,R,70.254,17.282,31.568,21.404,71.0255,0.771499999999989,70.934,-0.6799999999999926,-0.771499999999989,73.73400000000001,73.03399999999999,0.700000000000017,70.0,0.8285714285714286,37.0,0.7027027027027027,676.0,3364.0,0,1,1,0,0,0,1,0.0,0.0,26.0,35
ALO,Aston Martin,59.0,0 days 00:01:10.252000,0 days 00:00:17.503000,0 days 00:00:31.430000,0 days 00:00:21.319000,HARD,27.0,2.0,,,1,7.0,False,2025,Austria,R,70.252,17.503,31.43,21.319,71.0255,0.7734999999999985,70.934,-0.6820000000000022,-0.7734999999999985,73.792,73.03399999999999,0.7580000000000098,70.0,0.8428571428571429,37.0,0.7297297297297297,729.0,3481.0,0,1,1,0,0,0,1,0.0,0.0,27.0,35
ALO,Aston Martin,60.0,0 days 00:01:10.149000,0 days 00:00:17.365000,0 days 00:00:31.429000,0 days 00:00:21.355000,HARD,28.0,2.0,,,1,7.0,False,2025,Austria,R,70.149,17.365,31.429,21.355,71.0255,0.876499999999993,70.934,-0.7849999999999966,-0.876499999999993,73.749,73.03399999999999,0.7150000000000034,70.0,0.8571428571428571,37.0,0.7567567567567568,784.0,3600.0,0,1,1,0,0,0,1,0.0,0.0,28.0,35
ALO,Aston Martin,61.0,0 days 00:01:10.198000,0 days 00:00:17.354000,0 days 00:00:31.469000,0 days 00:00:21.375000,HARD,29.0,2.0,,,1,7.0,False,2025,Austria,R,70.198,17.354,31.469,21.375,71.0255,0.8275000000000006,70.934,-0.7360000000000042,-0.8275000000000006,73.85799999999999,73.03399999999999,0.8239999999999981,70.0,0.8714285714285714,37.0,0.7837837837837838,841.0,3721.0,0,1,1,0,0,0,1,0.0,0.0,29.0,35
ALO,Aston Martin,62.0,0 days 00:01:10.172000,0 days 00:00:17.393000,0 days 00:00:31.424000,0 days 00:00:21.355000,HARD,30.0,2.0,,,1,7.0,False,2025,Austria,R,70.172,17.393,31.424,21.355,71.0255,0.8534999999999968,70.934,-0.7620000000000005,-0.8534999999999968,73.892,73.03399999999999,0.8580000000000041,70.0,0.8857142857142857,37.0,0.8108108108108109,900.0,3844.0,0,1,1,0,0,0,1,0.0,0.0,30.0,35
ALO,Aston Martin,63.0,0 days 00:01:10.462000,0 days 00:00:17.404000,0 days 00:00:31.659000,0 days 00:00:21.399000,HARD,31.0,2.0,,,1,7.0,False,2025,Austria,R,70.462,17.404,31.659,21.399,71.0255,0.5634999999999906,70.934,-0.4719999999999942,-0.5634999999999906,74.242,73.03399999999999,1.2080000000000126,70.0,0.9,37.0,0.8378378378378378,961.0,3969.0,0,1,1,0,0,0,1,0.0,0.0,31.0,35
ALO,Aston Martin,64.0,0 days 00:01:10.255000,0 days 00:00:17.388000,0 days 00:00:31.568000,0 days 00:00:21.299000,HARD,32.0,2.0,,,1,7.0,False,2025,Austria,R,70.255,17.388,31.568,21.299,71.0255,0.7704999999999984,70.934,-0.679000000000002,-0.7704999999999984,74.095,73.03399999999999,1.061000000000007,70.0,0.9142857142857143,37.0,0.8648648648648649,1024.0,4096.0,0,1,1,0,0,0,1,0.0,0.0,32.0,35
ALO,Aston Martin,65.0,0 days 00:01:10.400000,0 days 00:00:17.449000,0 days 00:00:31.615000,0 days 00:00:21.336000,HARD,33.0,2.0,,,1,7.0,False,2025,Austria,R,70.4,17.449,31.615,21.336,71.0255,0.6254999999999882,70.934,-0.5339999999999918,-0.6254999999999882,74.30000000000001,73.03399999999999,1.2660000000000196,70.0,0.9285714285714286,37.0,0.8918918918918919,1089.0,4225.0,0,1,1,0,0,0,1,0.0,0.0,33.0,35
ALO,Aston Martin,66.0,0 days 00:01:11.118000,0 days 00:00:17.904000,0 days 00:00:31.795000,0 days 00:00:21.419000,HARD,34.0,2.0,,,1,7.0,False,2025,Austria,R,71.118,17.904,31.795,21.419,71.0255,0.09250000000000114,70.934,0.1839999999999975,0.09250000000000114,75.07799999999999,73.03399999999999,2.043999999999997,70.0,0.9428571428571428,37.0,0.918918918918919,1156.0,4356.0,0,1,1,0,0,0,1,0.0,0.0,34.0,35
ALO,Aston Martin,67.0,0 days 00:01:10.966000,0 days 00:00:17.837000,0 days 00:00:31.684000,0 days 00:00:21.445000,HARD,35.0,2.0,,,1,7.0,False,2025,Austria,R,70.966,17.837,31.684,21.445,71.0255,0.059499999999999886,70.934,0.031999999999996476,-0.059499999999999886,74.98599999999999,73.03399999999999,1.9519999999999982,70.0,0.9571428571428572,37.0,0.9459459459459459,1225.0,4489.0,0,1,1,0,0,0,1,0.0,0.0,35.0,35
ALO,Aston Martin,68.0,0 days 00:01:11.471000,0 days 00:00:17.797000,0 days 00:00:32.117000,0 days 00:00:21.557000,HARD,36.0,2.0,,,1,7.0,False,2025,Austria,R,71.471,17.797,32.117,21.557,71.0255,0.4455000000000098,70.934,0.5370000000000061,0.4455000000000098,75.551,73.03399999999999,2.51700000000001,70.0,0.9714285714285714,37.0,0.972972972972973,1296.0,4624.0,0,1,1,0,0,0,1,0.0,0.0,36.0,35
ALO,Aston Martin,69.0,0 days 00:01:11.465000,0 days 00:00:17.836000,0 days 00:00:32.112000,0 days 00:00:21.517000,HARD,37.0,2.0,,,1,7.0,False,2025,Austria,R,71.465,17.836,32.112,21.517,71.0255,0.43950000000000955,70.934,0.5310000000000059,0.43950000000000955,75.605,73.03399999999999,2.571000000000012,70.0,0.9857142857142858,37.0,1.0,1369.0,4761.0,0,1,1,0,0,0,1,0.0,0.0,37.0,35
BEA,Haas F1 Team,5.0,0 days 00:01:11.256000,0 days 00:00:17.400000,0 days 00:00:31.858000,0 days 00:00:21.998000,SOFT,5.0,1.0,,,1,11.0,False,2025,Austria,R,71.256,17.4,31.858,21.998,71.188,0.06799999999999784,71.256,0.0,0.06799999999999784,71.556,71.556,0.0,70.0,0.07142857142857142,10.0,0.5,25.0,25.0,1,0,0,1,1,0,0,5.0,0.0,0.0,6
BEA,Haas F1 Team,6.0,0 days 00:01:11.386000,0 days 00:00:17.365000,0 days 00:00:31.881000,0 days 00:00:22.140000,SOFT,6.0,1.0,,,1,11.0,False,2025,Austria,R,71.386,17.365,31.881,22.14,71.188,0.1979999999999933,71.256,0.12999999999999545,0.1979999999999933,71.746,71.556,0.18999999999999773,70.0,0.08571428571428572,10.0,0.6,36.0,36.0,1,0,0,1,1,0,0,6.0,0.0,0.0,6
BEA,Haas F1 Team,7.0,0 days 00:01:10.807000,0 days 00:00:17.259000,0 days 00:00:31.597000,0 days 00:00:21.951000,SOFT,7.0,1.0,,,1,11.0,False,2025,Austria,R,70.807,17.259,31.597,21.951,71.188,0.3810000000000002,71.256,-0.44899999999999807,-0.3810000000000002,71.227,71.556,-0.3289999999999935,70.0,0.1,10.0,0.7,49.0,49.0,1,0,0,1,1,0,0,7.0,0.0,0.0,6
BEA,Haas F1 Team,8.0,0 days 00:01:11.059000,0 days 00:00:17.256000,0 days 00:00:32.011000,0 days 00:00:21.792000,SOFT,8.0,1.0,,,1,11.0,False,2025,Austria,R,71.059,17.256,32.011,21.792,71.188,0.1290000000000049,71.256,-0.19700000000000273,-0.1290000000000049,71.539,71.556,-0.016999999999995907,70.0,0.11428571428571428,10.0,0.8,64.0,64.0,1,0,0,1,1,0,0,8.0,0.0,0.0,6
BEA,Haas F1 Team,9.0,0 days 00:01:11.192000,0 days 00:00:17.361000,0 days 00:00:31.832000,0 days 00:00:21.999000,SOFT,9.0,1.0,,,1,11.0,False,2025,Austria,R,71.192,17.361,31.832,21.999,71.188,0.003999999999990678,71.256,-0.06400000000000716,0.003999999999990678,71.732,71.556,0.17600000000000193,70.0,0.12857142857142856,10.0,0.9,81.0,81.0,1,0,0,1,1,0,0,9.0,0.0,0.0,6
BEA,Haas F1 Team,10.0,0 days 00:01:11.322000,0 days 00:00:17.405000,0 days 00:00:31.798000,0 days 00:00:22.119000,SOFT,10.0,1.0,,,1,11.0,False,2025,Austria,R,71.322,17.405,31.798,22.119,71.188,0.13400000000000034,71.256,0.0660000000000025,0.13400000000000034,71.922,71.556,0.36599999999999966,70.0,0.14285714285714285,10.0,1.0,100.0,100.0,1,0,0,1,1,0,0,10.0,0.0,0.0,6
BEA,Haas F1 Team,13.0,0 days 00:01:10.913000,0 days 00:00:17.649000,0 days 00:00:31.767000,0 days 00:00:21.497000,HARD,2.0,2.0,,,1,15.0,False,2025,Austria,R,70.913,17.649,31.767,21.497,71.188,0.2750000000000057,70.913,0.0,-0.2750000000000057,71.693,71.693,0.0,70.0,0.18571428571428572,27.0,0.07407407407407407,4.0,169.0,0,1,0,1,0,0,1,0.0,0.0,2.0,25
BEA,Haas F1 Team,14.0,0 days 00:01:10.884000,0 days 00:00:17.805000,0 days 00:00:31.469000,0 days 00:00:21.610000,HARD,3.0,2.0,,,1,14.0,False,2025,Austria,R,70.884,17.805,31.469,21.61,71.188,0.30400000000000205,70.913,-0.028999999999996362,-0.30400000000000205,71.724,71.693,0.03100000000000591,70.0,0.2,27.0,0.1111111111111111,9.0,196.0,0,1,0,1,0,0,1,0.0,0.0,3.0,25
BEA,Haas F1 Team,15.0,0 days 00:01:12.127000,0 days 00:00:17.872000,0 days 00:00:32.065000,0 days 00:00:22.190000,HARD,4.0,2.0,,,1,14.0,False,2025,Austria,R,72.127,17.872,32.065,22.19,71.188,0.938999999999993,70.913,1.2139999999999986,0.938999999999993,73.027,71.693,1.3340000000000032,70.0,0.21428571428571427,27.0,0.14814814814814814,16.0,225.0,0,1,0,1,0,0,1,0.0,0.0,4.0,25
BEA,Haas F1 Team,16.0,0 days 00:01:11.444000,0 days 00:00:17.609000,0 days 00:00:31.878000,0 days 00:00:21.957000,HARD,5.0,2.0,,,1,14.0,False,2025,Austria,R,71.444,17.609,31.878,21.957,71.188,0.2560000000000002,70.913,0.5310000000000059,0.2560000000000002,72.404,71.693,0.7109999999999985,70.0,0.22857142857142856,27.0,0.18518518518518517,25.0,256.0,0,1,0,1,0,0,1,0.0,0.0,5.0,25
BEA,Haas F1 Team,17.0,0 days 00:01:11.490000,0 days 00:00:17.844000,0 days 00:00:31.803000,0 days 00:00:21.843000,HARD,6.0,2.0,,,1,14.0,False,2025,Austria,R,71.49,17.844,31.803,21.843,71.188,0.3019999999999925,70.913,0.5769999999999982,0.3019999999999925,72.50999999999999,71.693,0.8169999999999931,70.0,0.24285714285714285,27.0,0.2222222222222222,36.0,289.0,0,1,0,1,0,0,1,0.0,0.0,6.0,25
BEA,Haas F1 Team,18.0,0 days 00:01:11.202000,0 days 00:00:17.766000,0 days 00:00:31.622000,0 days 00:00:21.814000,HARD,7.0,2.0,,,1,14.0,False,2025,Austria,R,71.202,17.766,31.622,21.814,71.188,0.013999999999995794,70.913,0.2890000000000015,0.013999999999995794,72.282,71.693,0.5889999999999986,70.0,0.2571428571428571,27.0,0.25925925925925924,49.0,324.0,0,1,0,1,0,0,1,0.0,0.0,7.0,25
BEA,Haas F1 Team,19.0,0 days 00:01:11.442000,0 days 00:00:17.859000,0 days 00:00:31.657000,0 days 00:00:21.926000,HARD,8.0,2.0,,,1,13.0,False,2025,Austria,R,71.442,17.859,31.657,21.926,71.188,0.2539999999999907,70.913,0.5289999999999964,0.2539999999999907,72.582,71.693,0.8889999999999958,70.0,0.2714285714285714,27.0,0.2962962962962963,64.0,361.0,0,1,0,1,0,0,1,0.0,0.0,8.0,25
BEA,Haas F1 Team,20.0,0 days 00:01:11.184000,0 days 00:00:17.757000,0 days 00:00:31.596000,0 days 00:00:21.831000,HARD,9.0,2.0,,,1,12.0,False,2025,Austria,R,71.184,17.757,31.596,21.831,71.188,0.0040000000000048885,70.913,0.2710000000000008,-0.0040000000000048885,72.384,71.693,0.6910000000000025,70.0,0.2857142857142857,27.0,0.3333333333333333,81.0,400.0,0,1,0,1,0,0,1,0.0,0.0,9.0,25
BEA,Haas F1 Team,21.0,0 days 00:01:11.386000,0 days 00:00:17.821000,0 days 00:00:31.654000,0 days 00:00:21.911000,HARD,10.0,2.0,,,1,12.0,False,2025,Austria,R,71.386,17.821,31.654,21.911,71.188,0.1979999999999933,70.913,0.472999999999999,0.1979999999999933,72.646,71.693,0.953000000000003,70.0,0.3,27.0,0.37037037037037035,100.0,441.0,0,1,0,1,0,0,1,0.0,0.0,10.0,25
BEA,Haas F1 Team,22.0,0 days 00:01:12.363000,0 days 00:00:18.271000,0 days 00:00:32.283000,0 days 00:00:21.809000,HARD,11.0,2.0,,,1,12.0,False,2025,Austria,R,72.363,18.271,32.283,21.809,71.188,1.1749999999999972,70.913,1.4500000000000028,1.1749999999999972,73.68299999999999,71.693,1.9899999999999949,70.0,0.3142857142857143,27.0,0.4074074074074074,121.0,484.0,0,1,0,1,0,0,1,0.0,0.0,11.0,25
BEA,Haas F1 Team,23.0,0 days 00:01:11.867000,0 days 00:00:17.655000,0 days 00:00:32.213000,0 days 00:00:21.999000,HARD,12.0,2.0,,,1,13.0,False,2025,Austria,R,71.867,17.655,32.213,21.999,71.188,0.679000000000002,70.913,0.9540000000000077,0.679000000000002,73.247,71.693,1.554000000000002,70.0,0.32857142857142857,27.0,0.4444444444444444,144.0,529.0,0,1,0,1,0,0,1,0.0,0.0,12.0,25
BEA,Haas F1 Team,24.0,0 days 00:01:11.400000,0 days 00:00:17.579000,0 days 00:00:31.967000,0 days 00:00:21.854000,HARD,13.0,2.0,,,1,13.0,False,2025,Austria,R,71.4,17.579,31.967,21.854,71.188,0.2120000000000033,70.913,0.487000000000009,0.2120000000000033,72.84,71.693,1.1470000000000056,70.0,0.34285714285714286,27.0,0.48148148148148145,169.0,576.0,0,1,0,0,0,0,1,0.0,0.0,13.0,25
BEA,Haas F1 Team,25.0,0 days 00:01:11.268000,0 days 00:00:17.852000,0 days 00:00:31.688000,0 days 00:00:21.728000,HARD,14.0,2.0,,,1,13.0,False,2025,Austria,R,71.268,17.852,31.688,21.728,71.188,0.0799999999999983,70.913,0.355000000000004,0.0799999999999983,72.768,71.693,1.0750000000000028,70.0,0.35714285714285715,27.0,0.5185185185185185,196.0,625.0,0,1,0,0,0,0,1,0.0,0.0,14.0,25
BEA,Haas F1 Team,26.0,0 days 00:01:11.683000,0 days 00:00:17.674000,0 days 00:00:32.227000,0 days 00:00:21.782000,HARD,15.0,2.0,,,1,12.0,False,2025,Austria,R,71.683,17.674,32.227,21.782,71.188,0.49500000000000455,70.913,0.7700000000000102,0.49500000000000455,73.24300000000001,71.693,1.5500000000000114,70.0,0.37142857142857144,27.0,0.5555555555555556,225.0,676.0,0,1,0,0,0,0,1,0.0,0.0,15.0,25
BEA,Haas F1 Team,27.0,0 days 00:01:11.190000,0 days 00:00:17.568000,0 days 00:00:31.594000,0 days 00:00:22.028000,HARD,16.0,2.0,,,1,12.0,False,2025,Austria,R,71.19,17.568,31.594,22.028,71.188,0.001999999999995339,70.913,0.277000000000001,0.001999999999995339,72.81,71.693,1.1170000000000044,70.0,0.38571428571428573,27.0,0.5925925925925926,256.0,729.0,0,1,0,0,0,0,1,0.0,0.0,16.0,25
BEA,Haas F1 Team,28.0,0 days 00:01:11.701000,0 days 00:00:17.786000,0 days 00:00:31.883000,0 days 00:00:22.032000,HARD,17.0,2.0,,,1,12.0,False,2025,Austria,R,71.701,17.786,31.883,22.032,71.188,0.512999999999991,70.913,0.7879999999999967,0.512999999999991,73.381,71.693,1.6880000000000024,70.0,0.4,27.0,0.6296296296296297,289.0,784.0,0,1,0,0,0,0,1,0.0,0.0,17.0,25
BEA,Haas F1 Team,30.0,0 days 00:01:12.500000,0 days 00:00:17.763000,0 days 00:00:32.571000,0 days 00:00:22.166000,HARD,19.0,2.0,,,12,12.0,False,2025,Austria,R,72.5,17.763,32.571,22.166,71.188,1.3119999999999976,70.913,1.5870000000000033,1.3119999999999976,74.3,71.693,2.6069999999999993,70.0,0.42857142857142855,27.0,0.7037037037037037,361.0,900.0,0,1,0,0,0,0,1,0.0,0.0,19.0,25
BEA,Haas F1 Team,31.0,0 days 00:01:11.211000,0 days 00:00:17.662000,0 days 00:00:31.801000,0 days 00:00:21.748000,HARD,20.0,2.0,,,1,12.0,False,2025,Austria,R,71.211,17.662,31.801,21.748,71.188,0.022999999999996135,70.913,0.2980000000000018,0.022999999999996135,73.071,71.693,1.3780000000000001,70.0,0.44285714285714284,27.0,0.7407407407407407,400.0,961.0,0,1,0,0,0,0,1,0.0,0.0,20.0,25
BEA,Haas F1 Team,32.0,0 days 00:01:11.273000,0 days 00:00:17.737000,0 days 00:00:31.808000,0 days 00:00:21.728000,HARD,21.0,2.0,,,1,12.0,False,2025,Austria,R,71.273,17.737,31.808,21.728,71.188,0.08499999999999375,70.913,0.35999999999999943,0.08499999999999375,73.193,71.693,1.5,70.0,0.45714285714285713,27.0,0.7777777777777778,441.0,1024.0,0,1,0,0,0,0,1,0.0,0.0,21.0,25
BEA,Haas F1 Team,33.0,0 days 00:01:11.412000,0 days 00:00:17.764000,0 days 00:00:31.938000,0 days 00:00:21.710000,HARD,22.0,2.0,,,1,11.0,False,2025,Austria,R,71.412,17.764,31.938,21.71,71.188,0.22400000000000375,70.913,0.49900000000000944,0.22400000000000375,73.39200000000001,71.693,1.6990000000000123,70.0,0.4714285714285714,27.0,0.8148148148148148,484.0,1089.0,0,1,0,0,0,0,1,0.0,0.0,22.0,25
BEA,Haas F1 Team,34.0,0 days 00:01:11.624000,0 days 00:00:17.425000,0 days 00:00:32.234000,0 days 00:00:21.965000,HARD,23.0,2.0,,,1,10.0,False,2025,Austria,R,71.624,17.425,32.234,21.965,71.188,0.43599999999999284,70.913,0.7109999999999985,0.43599999999999284,73.664,71.693,1.9710000000000036,70.0,0.4857142857142857,27.0,0.8518518518518519,529.0,1156.0,0,1,0,0,0,0,1,0.0,0.0,23.0,25
BEA,Haas F1 Team,35.0,0 days 00:01:11.316000,0 days 00:00:17.606000,0 days 00:00:32.046000,0 days 00:00:21.664000,HARD,24.0,2.0,,,1,9.0,False,2025,Austria,R,71.316,17.606,32.046,21.664,71.188,0.1280000000000001,70.913,0.4030000000000058,0.1280000000000001,73.416,71.693,1.722999999999999,70.0,0.5,27.0,0.8888888888888888,576.0,1225.0,0,1,0,0,0,0,1,0.0,0.0,24.0,25
BEA,Haas F1 Team,36.0,0 days 00:01:10.969000,0 days 00:00:17.767000,0 days 00:00:31.587000,0 days 00:00:21.615000,HARD,25.0,2.0,,,1,9.0,False,2025,Austria,R,70.969,17.767,31.587,21.615,71.188,0.2190000000000083,70.913,0.055999999999997385,-0.2190000000000083,73.12899999999999,71.693,1.4359999999999928,70.0,0.5142857142857142,27.0,0.9259259259259259,625.0,1296.0,0,1,0,0,0,0,1,0.0,0.0,25.0,25
BEA,Haas F1 Team,37.0,0 days 00:01:11.188000,0 days 00:00:17.808000,0 days 00:00:31.689000,0 days 00:00:21.691000,HARD,26.0,2.0,,,1,9.0,False,2025,Austria,R,71.188,17.808,31.689,21.691,71.188,0.0,70.913,0.2750000000000057,0.0,73.408,71.693,1.7150000000000034,70.0,0.5285714285714286,27.0,0.9629629629629629,676.0,1369.0,0,1,0,0,0,0,1,0.0,0.0,26.0,25
BEA,Haas F1 Team,38.0,0 days 00:01:11.312000,0 days 00:00:17.866000,0 days 00:00:31.787000,0 days 00:00:21.659000,HARD,27.0,2.0,,,1,9.0,False,2025,Austria,R,71.312,17.866,31.787,21.659,71.188,0.12399999999999523,70.913,0.3990000000000009,0.12399999999999523,73.592,71.693,1.899000000000001,70.0,0.5428571428571428,27.0,1.0,729.0,1444.0,0,1,0,0,0,0,1,0.0,0.0,27.0,25
BEA,Haas F1 Team,41.0,0 days 00:01:10.381000,0 days 00:00:17.748000,0 days 00:00:31.180000,0 days 00:00:21.453000,MEDIUM,2.0,3.0,,,1,13.0,False,2025,Austria,R,70.381,17.748,31.18,21.453,71.188,0.8070000000000022,70.381,0.0,-0.8070000000000022,72.841,72.841,0.0,70.0,0.5857142857142857,30.0,0.06666666666666667,4.0,1681.0,0,0,0,0,0,1,0,0.0,2.0,0.0,29
BEA,Haas F1 Team,42.0,0 days 00:01:09.960000,0 days 00:00:17.637000,0 days 00:00:31.060000,0 days 00:00:21.263000,MEDIUM,3.0,3.0,,,1,13.0,False,2025,Austria,R,69.96,17.637,31.06,21.263,71.188,1.2280000000000086,70.381,-0.4210000000000065,-1.2280000000000086,72.47999999999999,72.841,-0.3610000000000042,70.0,0.6,30.0,0.1,9.0,1764.0,0,0,0,0,0,1,0,0.0,3.0,0.0,29
BEA,Haas F1 Team,43.0,0 days 00:01:09.961000,0 days 00:00:17.619000,0 days 00:00:31.109000,0 days 00:00:21.233000,MEDIUM,4.0,3.0,,,1,13.0,False,2025,Austria,R,69.961,17.619,31.109,21.233,71.188,1.2270000000000039,70.381,-0.4200000000000017,-1.2270000000000039,72.541,72.841,-0.29999999999999716,70.0,0.6142857142857143,30.0,0.13333333333333333,16.0,1849.0,0,0,0,0,0,1,0,0.0,4.0,0.0,29
BEA,Haas F1 Team,44.0,0 days 00:01:10.203000,0 days 00:00:17.553000,0 days 00:00:31.327000,0 days 00:00:21.323000,MEDIUM,5.0,3.0,,,1,13.0,False,2025,Austria,R,70.203,17.553,31.327,21.323,71.188,0.9849999999999994,70.381,-0.17799999999999727,-0.9849999999999994,72.843,72.841,0.0020000000000095497,70.0,0.6285714285714286,30.0,0.16666666666666666,25.0,1936.0,0,0,0,0,0,1,0,0.0,5.0,0.0,29
BEA,Haas F1 Team,45.0,0 days 00:01:10.180000,0 days 00:00:17.546000,0 days 00:00:31.248000,0 days 00:00:21.386000,MEDIUM,6.0,3.0,,,1,13.0,False,2025,Austria,R,70.18,17.546,31.248,21.386,71.188,1.0079999999999956,70.381,-0.2009999999999934,-1.0079999999999956,72.88000000000001,72.841,0.03900000000001569,70.0,0.6428571428571429,30.0,0.2,36.0,2025.0,0,0,0,0,0,1,0,0.0,6.0,0.0,29
BEA,Haas F1 Team,46.0,0 days 00:01:10.297000,0 days 00:00:17.602000,0 days 00:00:31.185000,0 days 00:00:21.510000,MEDIUM,7.0,3.0,,,1,13.0,False,2025,Austria,R,70.297,17.602,31.185,21.51,71.188,0.8910000000000053,70.381,-0.08400000000000318,-0.8910000000000053,73.057,72.841,0.21600000000000819,70.0,0.6571428571428571,30.0,0.23333333333333334,49.0,2116.0,0,0,0,0,0,1,0,0.0,7.0,0.0,29
BEA,Haas F1 Team,47.0,0 days 00:01:10.647000,0 days 00:00:17.287000,0 days 00:00:31.366000,0 days 00:00:21.994000,MEDIUM,8.0,3.0,,,1,13.0,False,2025,Austria,R,70.647,17.287,31.366,21.994,71.188,0.5409999999999968,70.381,0.26600000000000534,-0.5409999999999968,73.467,72.841,0.6260000000000048,70.0,0.6714285714285714,30.0,0.26666666666666666,64.0,2209.0,0,0,1,0,0,1,0,0.0,8.0,0.0,29
BEA,Haas F1 Team,48.0,0 days 00:01:10.307000,0 days 00:00:17.413000,0 days 00:00:31.427000,0 days 00:00:21.467000,MEDIUM,9.0,3.0,,,1,12.0,False,2025,Austria,R,70.307,17.413,31.427,21.467,71.188,0.8810000000000002,70.381,-0.07399999999999807,-0.8810000000000002,73.187,72.841,0.34600000000000364,70.0,0.6857142857142857,30.0,0.3,81.0,2304.0,0,0,1,0,0,1,0,0.0,9.0,0.0,29
BEA,Haas F1 Team,49.0,0 days 00:01:10.317000,0 days 00:00:17.654000,0 days 00:00:31.326000,0 days 00:00:21.337000,MEDIUM,10.0,3.0,,,1,12.0,False,2025,Austria,R,70.317,17.654,31.326,21.337,71.188,0.8710000000000093,70.381,-0.06400000000000716,-0.8710000000000093,73.25699999999999,72.841,0.4159999999999968,70.0,0.7,30.0,0.3333333333333333,100.0,2401.0,0,0,1,0,0,1,0,0.0,10.0,0.0,29
BEA,Haas F1 Team,50.0,0 days 00:01:10.480000,0 days 00:00:17.653000,0 days 00:00:31.389000,0 days 00:00:21.438000,MEDIUM,11.0,3.0,,,1,12.0,False,2025,Austria,R,70.48,17.653,31.389,21.438,71.188,0.7079999999999984,70.381,0.09900000000000375,-0.7079999999999984,73.48,72.841,0.63900000000001,70.0,0.7142857142857143,30.0,0.36666666666666664,121.0,2500.0,0,0,1,0,0,1,0,0.0,11.0,0.0,29
BEA,Haas F1 Team,51.0,0 days 00:01:11.666000,0 days 00:00:17.692000,0 days 00:00:32.283000,0 days 00:00:21.691000,MEDIUM,12.0,3.0,,,1,12.0,False,2025,Austria,R,71.666,17.692,32.283,21.691,71.188,0.47799999999999443,70.381,1.2849999999999966,0.47799999999999443,74.726,72.841,1.8850000000000051,70.0,0.7285714285714285,30.0,0.4,144.0,2601.0,0,0,1,0,0,1,0,0.0,12.0,0.0,29
BEA,Haas F1 Team,52.0,0 days 00:01:10.411000,0 days 00:00:17.647000,0 days 00:00:31.376000,0 days 00:00:21.388000,MEDIUM,13.0,3.0,,,1,12.0,False,2025,Austria,R,70.411,17.647,31.376,21.388,71.188,0.777000000000001,70.381,0.030000000000001137,-0.777000000000001,73.531,72.841,0.6900000000000119,70.0,0.7428571428571429,30.0,0.43333333333333335,169.0,2704.0,0,0,1,0,0,1,0,0.0,13.0,0.0,29
BEA,Haas F1 Team,53.0,0 days 00:01:10.473000,0 days 00:00:17.620000,0 days 00:00:31.444000,0 days 00:00:21.409000,MEDIUM,14.0,3.0,,,1,12.0,False,2025,Austria,R,70.473,17.62,31.444,21.409,71.188,0.7150000000000034,70.381,0.09199999999999875,-0.7150000000000034,73.65299999999999,72.841,0.8119999999999976,70.0,0.7571428571428571,30.0,0.4666666666666667,196.0,2809.0,0,0,1,0,0,1,0,0.0,14.0,0.0,29
BEA,Haas F1 Team,54.0,0 days 00:01:10.694000,0 days 00:00:17.739000,0 days 00:00:31.522000,0 days 00:00:21.433000,MEDIUM,15.0,3.0,,,1,12.0,False,2025,Austria,R,70.694,17.739,31.522,21.433,71.188,0.4939999999999998,70.381,0.3130000000000024,-0.4939999999999998,73.934,72.841,1.0930000000000035,70.0,0.7714285714285715,30.0,0.5,225.0,2916.0,0,0,1,0,0,1,0,0.0,15.0,0.0,29
BEA,Haas F1 Team,55.0,0 days 00:01:10.214000,0 days 00:00:17.726000,0 days 00:00:31.203000,0 days 00:00:21.285000,MEDIUM,16.0,3.0,,,1,12.0,False,2025,Austria,R,70.214,17.726,31.203,21.285,71.188,0.9740000000000038,70.381,-0.1670000000000016,-0.9740000000000038,73.514,72.841,0.6730000000000018,70.0,0.7857142857142857,30.0,0.5333333333333333,256.0,3025.0,0,0,1,0,0,1,0,0.0,16.0,0.0,29
BEA,Haas F1 Team,56.0,0 days 00:01:10.277000,0 days 00:00:17.710000,0 days 00:00:31.226000,0 days 00:00:21.341000,MEDIUM,17.0,3.0,,,1,12.0,False,2025,Austria,R,70.277,17.71,31.226,21.341,71.188,0.9110000000000014,70.381,-0.1039999999999992,-0.9110000000000014,73.637,72.841,0.7960000000000065,70.0,0.8,30.0,0.5666666666666667,289.0,3136.0,0,0,1,0,0,1,0,0.0,17.0,0.0,29
BEA,Haas F1 Team,57.0,0 days 00:01:12.010000,0 days 00:00:17.549000,0 days 00:00:32.973000,0 days 00:00:21.488000,MEDIUM,18.0,3.0,,,1,12.0,False,2025,Austria,R,72.01,17.549,32.973,21.488,71.188,0.8220000000000027,70.381,1.6290000000000049,0.8220000000000027,75.43,72.841,2.589000000000013,70.0,0.8142857142857143,30.0,0.6,324.0,3249.0,0,0,1,0,0,1,0,0.0,18.0,0.0,29
BEA,Haas F1 Team,58.0,0 days 00:01:11.313000,0 days 00:00:17.698000,0 days 00:00:31.984000,0 days 00:00:21.631000,MEDIUM,19.0,3.0,,,1,12.0,False,2025,Austria,R,71.313,17.698,31.984,21.631,71.188,0.125,70.381,0.9320000000000022,0.125,74.793,72.841,1.9520000000000124,70.0,0.8285714285714286,30.0,0.6333333333333333,361.0,3364.0,0,0,1,0,0,1,0,0.0,19.0,0.0,29
BEA,Haas F1 Team,59.0,0 days 00:01:10.483000,0 days 00:00:17.711000,0 days 00:00:31.278000,0 days 00:00:21.494000,MEDIUM,20.0,3.0,,,1,12.0,False,2025,Austria,R,70.483,17.711,31.278,21.494,71.188,0.7049999999999983,70.381,0.10200000000000387,-0.7049999999999983,74.02300000000001,72.841,1.1820000000000164,70.0,0.8428571428571429,30.0,0.6666666666666666,400.0,3481.0,0,0,1,0,0,1,0,0.0,20.0,0.0,29
BEA,Haas F1 Team,60.0,0 days 00:01:10.260000,0 days 00:00:17.625000,0 days 00:00:31.302000,0 days 00:00:21.333000,MEDIUM,21.0,3.0,,,1,12.0,False,2025,Austria,R,70.26,17.625,31.302,21.333,71.188,0.9279999999999973,70.381,-0.12099999999999511,-0.9279999999999973,73.86,72.841,1.0190000000000055,70.0,0.8571428571428571,30.0,0.7,441.0,3600.0,0,0,1,0,0,1,0,0.0,21.0,0.0,29
BEA,Haas F1 Team,61.0,0 days 00:01:10.162000,0 days 00:00:17.650000,0 days 00:00:31.225000,0 days 00:00:21.287000,MEDIUM,22.0,3.0,,,1,12.0,False,2025,Austria,R,70.162,17.65,31.225,21.287,71.188,1.0259999999999962,70.381,-0.2189999999999941,-1.0259999999999962,73.822,72.841,0.9810000000000088,70.0,0.8714285714285714,30.0,0.7333333333333333,484.0,3721.0,0,0,1,0,0,1,0,0.0,22.0,0.0,29
BEA,Haas F1 Team,62.0,0 days 00:01:10.782000,0 days 00:00:17.788000,0 days 00:00:31.448000,0 days 00:00:21.546000,MEDIUM,23.0,3.0,,,1,12.0,False,2025,Austria,R,70.782,17.788,31.448,21.546,71.188,0.4060000000000059,70.381,0.40099999999999625,-0.4060000000000059,74.502,72.841,1.6610000000000014,70.0,0.8857142857142857,30.0,0.7666666666666667,529.0,3844.0,0,0,1,0,0,1,0,0.0,23.0,0.0,29
BEA,Haas F1 Team,63.0,0 days 00:01:10.445000,0 days 00:00:17.713000,0 days 00:00:31.236000,0 days 00:00:21.496000,MEDIUM,24.0,3.0,,,1,12.0,False,2025,Austria,R,70.445,17.713,31.236,21.496,71.188,0.7430000000000092,70.381,0.06399999999999295,-0.7430000000000092,74.225,72.841,1.3840000000000003,70.0,0.9,30.0,0.8,576.0,3969.0,0,0,1,0,0,1,0,0.0,24.0,0.0,29
BEA,Haas F1 Team,64.0,0 days 00:01:10.953000,0 days 00:00:17.793000,0 days 00:00:31.470000,0 days 00:00:21.690000,MEDIUM,25.0,3.0,,,1,12.0,False,2025,Austria,R,70.953,17.793,31.47,21.69,71.188,0.23499999999999943,70.381,0.5720000000000027,-0.23499999999999943,74.793,72.841,1.9520000000000124,70.0,0.9142857142857143,30.0,0.8333333333333334,625.0,4096.0,0,0,1,0,0,1,0,0.0,25.0,0.0,29
BEA,Haas F1 Team,65.0,0 days 00:01:10.909000,0 days 00:00:17.385000,0 days 00:00:31.732000,0 days 00:00:21.792000,MEDIUM,26.0,3.0,,,1,12.0,False,2025,Austria,R,70.909,17.385,31.732,21.792,71.188,0.27899999999999636,70.381,0.5280000000000058,-0.27899999999999636,74.80900000000001,72.841,1.9680000000000177,70.0,0.9285714285714286,30.0,0.8666666666666667,676.0,4225.0,0,0,1,0,0,1,0,0.0,26.0,0.0,29
BEA,Haas F1 Team,66.0,0 days 00:01:10.799000,0 days 00:00:17.459000,0 days 00:00:31.772000,0 days 00:00:21.568000,MEDIUM,27.0,3.0,,,1,11.0,False,2025,Austria,R,70.799,17.459,31.772,21.568,71.188,0.3889999999999958,70.381,0.41800000000000637,-0.3889999999999958,74.759,72.841,1.9180000000000064,70.0,0.9428571428571428,30.0,0.9,729.0,4356.0,0,0,1,0,0,1,0,0.0,27.0,0.0,29
BEA,Haas F1 Team,67.0,0 days 00:01:12.745000,0 days 00:00:18.096000,0 days 00:00:32.950000,0 days 00:00:21.699000,MEDIUM,28.0,3.0,,,1,11.0,False,2025,Austria,R,72.745,18.096,32.95,21.699,71.188,1.5570000000000022,70.381,2.3640000000000043,1.5570000000000022,76.765,72.841,3.9240000000000066,70.0,0.9571428571428572,30.0,0.9333333333333333,784.0,4489.0,0,0,1,0,0,1,0,0.0,28.0,0.0,29
BEA,Haas F1 Team,68.0,0 days 00:01:10.747000,0 days 00:00:17.772000,0 days 00:00:31.432000,0 days 00:00:21.543000,MEDIUM,29.0,3.0,,,1,11.0,False,2025,Austria,R,70.747,17.772,31.432,21.543,71.188,0.4410000000000025,70.381,0.36599999999999966,-0.4410000000000025,74.827,72.841,1.9860000000000042,70.0,0.9714285714285714,30.0,0.9666666666666667,841.0,4624.0,0,0,1,0,0,1,0,0.0,29.0,0.0,29
BEA,Haas F1 Team,69.0,0 days 00:01:10.158000,0 days 00:00:17.623000,0 days 00:00:31.135000,0 days 00:00:21.400000,MEDIUM,30.0,3.0,,,1,11.0,False,2025,Austria,R,70.158,17.623,31.135,21.4,71.188,1.0300000000000011,70.381,-0.22299999999999898,-1.0300000000000011,74.298,72.841,1.4570000000000078,70.0,0.9857142857142858,30.0,1.0,900.0,4761.0,0,0,1,0,0,1,0,0.0,30.0,0.0,29
BOR,Kick Sauber,4.0,0 days 00:01:12.120000,0 days 00:00:17.750000,0 days 00:00:32.217000,0 days 00:00:22.153000,MEDIUM,4.0,1.0,,,1,8.0,False,2025,Austria,R,72.12,17.75,32.217,22.153,70.853,1.2670000000000101,72.12,0.0,1.2670000000000101,72.36,72.36,0.0,70.0,0.05714285714285714,20.0,0.2,16.0,16.0,1,0,0,1,0,1,0,0.0,4.0,0.0,17
BOR,Kick Sauber,5.0,0 days 00:01:11.284000,0 days 00:00:17.609000,0 days 00:00:31.625000,0 days 00:00:22.050000,MEDIUM,5.0,1.0,,,1,8.0,False,2025,Austria,R,71.284,17.609,31.625,22.05,70.853,0.4310000000000116,72.12,-0.8359999999999985,0.4310000000000116,71.584,72.36,-0.7759999999999962,70.0,0.07142857142857142,20.0,0.25,25.0,25.0,1,0,0,1,0,1,0,0.0,5.0,0.0,17
BOR,Kick Sauber,6.0,0 days 00:01:10.933000,0 days 00:00:17.340000,0 days 00:00:31.778000,0 days 00:00:21.815000,MEDIUM,6.0,1.0,,,1,8.0,False,2025,Austria,R,70.933,17.34,31.778,21.815,70.853,0.0800000000000125,72.12,-1.1869999999999976,0.0800000000000125,71.293,72.36,-1.066999999999993,70.0,0.08571428571428572,20.0,0.3,36.0,36.0,1,0,0,1,0,1,0,0.0,6.0,0.0,17
BOR,Kick Sauber,7.0,0 days 00:01:10.946000,0 days 00:00:17.436000,0 days 00:00:31.572000,0 days 00:00:21.938000,MEDIUM,7.0,1.0,,,1,8.0,False,2025,Austria,R,70.946,17.436,31.572,21.938,70.853,0.09300000000000352,72.12,-1.1740000000000066,0.09300000000000352,71.366,72.36,-0.9939999999999998,70.0,0.1,20.0,0.35,49.0,49.0,1,0,0,1,0,1,0,0.0,7.0,0.0,17
BOR,Kick Sauber,8.0,0 days 00:01:10.969000,0 days 00:00:17.480000,0 days 00:00:31.684000,0 days 00:00:21.805000,MEDIUM,8.0,1.0,,,1,8.0,False,2025,Austria,R,70.969,17.48,31.684,21.805,70.853,0.11599999999999966,72.12,-1.1510000000000105,0.11599999999999966,71.449,72.36,-0.9110000000000014,70.0,0.11428571428571428,20.0,0.4,64.0,64.0,1,0,0,1,0,1,0,0.0,8.0,0.0,17
BOR,Kick Sauber,9.0,0 days 00:01:11.241000,0 days 00:00:17.494000,0 days 00:00:31.853000,0 days 00:00:21.894000,MEDIUM,9.0,1.0,,,1,8.0,False,2025,Austria,R,71.241,17.494,31.853,21.894,70.853,0.38800000000000523,72.12,-0.8790000000000049,0.38800000000000523,71.781,72.36,-0.5789999999999935,70.0,0.12857142857142856,20.0,0.45,81.0,81.0,1,0,0,1,0,1,0,0.0,9.0,0.0,17
BOR,Kick Sauber,10.0,0 days 00:01:11.408000,0 days 00:00:17.529000,0 days 00:00:31.939000,0 days 00:00:21.940000,MEDIUM,10.0,1.0,,,1,8.0,False,2025,Austria,R,71.408,17.529,31.939,21.94,70.853,0.5550000000000068,72.12,-0.7120000000000033,0.5550000000000068,72.008,72.36,-0.35200000000000387,70.0,0.14285714285714285,20.0,0.5,100.0,100.0,1,0,0,1,0,1,0,0.0,10.0,0.0,17
BOR,Kick Sauber,11.0,0 days 00:01:11.600000,0 days 00:00:17.679000,0 days 00:00:31.972000,0 days 00:00:21.949000,MEDIUM,11.0,1.0,,,1,8.0,False,2025,Austria,R,71.6,17.679,31.972,21.949,70.853,0.7469999999999999,72.12,-0.5200000000000102,0.7469999999999999,72.25999999999999,72.36,-0.10000000000000853,70.0,0.15714285714285714,20.0,0.55,121.0,121.0,1,0,0,1,0,1,0,0.0,11.0,0.0,17
BOR,Kick Sauber,12.0,0 days 00:01:11.412000,0 days 00:00:17.621000,0 days 00:00:31.987000,0 days 00:00:21.804000,MEDIUM,12.0,1.0,,,1,7.0,False,2025,Austria,R,71.412,17.621,31.987,21.804,70.853,0.5590000000000117,72.12,-0.7079999999999984,0.5590000000000117,72.132,72.36,-0.22799999999999443,70.0,0.17142857142857143,20.0,0.6,144.0,144.0,1,0,0,1,0,1,0,0.0,12.0,0.0,17
BOR,Kick Sauber,13.0,0 days 00:01:11.780000,0 days 00:00:18.030000,0 days 00:00:31.820000,0 days 00:00:21.930000,MEDIUM,13.0,1.0,,,1,6.0,False,2025,Austria,R,71.78,18.03,31.82,21.93,70.853,0.9270000000000067,72.12,-0.3400000000000034,0.9270000000000067,72.56,72.36,0.20000000000000284,70.0,0.18571428571428572,20.0,0.65,169.0,169.0,1,0,0,1,0,1,0,0.0,13.0,0.0,17
BOR,Kick Sauber,14.0,0 days 00:01:11.418000,0 days 00:00:17.896000,0 days 00:00:31.815000,0 days 00:00:21.707000,MEDIUM,14.0,1.0,,,1,6.0,False,2025,Austria,R,71.418,17.896,31.815,21.707,70.853,0.5650000000000119,72.12,-0.7019999999999982,0.5650000000000119,72.25800000000001,72.36,-0.10199999999998965,70.0,0.2,20.0,0.7,196.0,196.0,1,0,0,1,0,1,0,0.0,14.0,0.0,17
BOR,Kick Sauber,15.0,0 days 00:01:11.428000,0 days 00:00:18.006000,0 days 00:00:31.720000,0 days 00:00:21.702000,MEDIUM,15.0,1.0,,,1,6.0,False,2025,Austria,R,71.428,18.006,31.72,21.702,70.853,0.5750000000000028,72.12,-0.6920000000000073,0.5750000000000028,72.328,72.36,-0.031999999999996476,70.0,0.21428571428571427,20.0,0.75,225.0,225.0,1,0,0,1,0,1,0,0.0,15.0,0.0,17
BOR,Kick Sauber,16.0,0 days 00:01:11.502000,0 days 00:00:17.984000,0 days 00:00:31.792000,0 days 00:00:21.726000,MEDIUM,16.0,1.0,,,1,6.0,False,2025,Austria,R,71.502,17.984,31.792,21.726,70.853,0.6490000000000009,72.12,-0.6180000000000092,0.6490000000000009,72.46199999999999,72.36,0.10199999999998965,70.0,0.22857142857142856,20.0,0.8,256.0,256.0,1,0,0,1,0,1,0,0.0,16.0,0.0,17
BOR,Kick Sauber,17.0,0 days 00:01:11.752000,0 days 00:00:18.109000,0 days 00:00:31.923000,0 days 00:00:21.720000,MEDIUM,17.0,1.0,,,1,6.0,False,2025,Austria,R,71.752,18.109,31.923,21.72,70.853,0.8990000000000009,72.12,-0.3680000000000092,0.8990000000000009,72.77199999999999,72.36,0.41199999999999193,70.0,0.24285714285714285,20.0,0.85,289.0,289.0,1,0,0,1,0,1,0,0.0,17.0,0.0,17
BOR,Kick Sauber,18.0,0 days 00:01:11.445000,0 days 00:00:17.996000,0 days 00:00:31.756000,0 days 00:00:21.693000,MEDIUM,18.0,1.0,,,1,5.0,False,2025,Austria,R,71.445,17.996,31.756,21.693,70.853,0.5919999999999987,72.12,-0.6750000000000114,0.5919999999999987,72.52499999999999,72.36,0.16499999999999204,70.0,0.2571428571428571,20.0,0.9,324.0,324.0,1,0,0,1,0,1,0,0.0,18.0,0.0,17
BOR,Kick Sauber,19.0,0 days 00:01:11.567000,0 days 00:00:18.039000,0 days 00:00:31.915000,0 days 00:00:21.613000,MEDIUM,19.0,1.0,,,1,5.0,False,2025,Austria,R,71.567,18.039,31.915,21.613,70.853,0.7139999999999986,72.12,-0.5530000000000115,0.7139999999999986,72.707,72.36,0.3469999999999942,70.0,0.2714285714285714,20.0,0.95,361.0,361.0,1,0,0,1,0,1,0,0.0,19.0,0.0,17
BOR,Kick Sauber,20.0,0 days 00:01:11.712000,0 days 00:00:18.064000,0 days 00:00:31.977000,0 days 00:00:21.671000,MEDIUM,20.0,1.0,,,1,5.0,False,2025,Austria,R,71.712,18.064,31.977,21.671,70.853,0.8590000000000089,72.12,-0.40800000000000125,0.8590000000000089,72.912,72.36,0.5520000000000067,70.0,0.2857142857142857,20.0,1.0,400.0,400.0,1,0,0,1,0,1,0,0.0,20.0,0.0,17
BOR,Kick Sauber,23.0,0 days 00:01:10.456000,0 days 00:00:17.326000,0 days 00:00:31.453000,0 days 00:00:21.677000,MEDIUM,2.0,2.0,,,1,12.0,False,2025,Austria,R,70.456,17.326,31.453,21.677,70.853,0.39699999999999136,70.456,0.0,-0.39699999999999136,71.836,71.836,0.0,70.0,0.32857142857142857,27.0,0.07407407407407407,4.0,529.0,0,1,0,1,0,1,0,0.0,2.0,0.0,26
BOR,Kick Sauber,24.0,0 days 00:01:10.911000,0 days 00:00:17.808000,0 days 00:00:31.607000,0 days 00:00:21.496000,MEDIUM,3.0,2.0,,,1,12.0,False,2025,Austria,R,70.911,17.808,31.607,21.496,70.853,0.058000000000006935,70.456,0.4549999999999983,0.058000000000006935,72.351,71.836,0.5150000000000006,70.0,0.34285714285714286,27.0,0.1111111111111111,9.0,576.0,0,1,0,0,0,1,0,0.0,3.0,0.0,26
BOR,Kick Sauber,25.0,0 days 00:01:10.500000,0 days 00:00:17.665000,0 days 00:00:31.313000,0 days 00:00:21.522000,MEDIUM,4.0,2.0,,,1,12.0,False,2025,Austria,R,70.5,17.665,31.313,21.522,70.853,0.35299999999999443,70.456,0.04399999999999693,-0.35299999999999443,72.0,71.836,0.16400000000000148,70.0,0.35714285714285715,27.0,0.14814814814814814,16.0,625.0,0,1,0,0,0,1,0,0.0,4.0,0.0,26
BOR,Kick Sauber,26.0,0 days 00:01:11.170000,0 days 00:00:17.329000,0 days 00:00:32.034000,0 days 00:00:21.807000,MEDIUM,5.0,2.0,,,1,11.0,False,2025,Austria,R,71.17,17.329,32.034,21.807,70.853,0.3170000000000073,70.456,0.7139999999999986,0.3170000000000073,72.73,71.836,0.8940000000000055,70.0,0.37142857142857144,27.0,0.18518518518518517,25.0,676.0,0,1,0,0,0,1,0,0.0,5.0,0.0,26
BOR,Kick Sauber,27.0,0 days 00:01:11.314000,0 days 00:00:17.335000,0 days 00:00:32.122000,0 days 00:00:21.857000,MEDIUM,6.0,2.0,,,1,10.0,False,2025,Austria,R,71.314,17.335,32.122,21.857,70.853,0.4609999999999985,70.456,0.8579999999999899,0.4609999999999985,72.934,71.836,1.097999999999999,70.0,0.38571428571428573,27.0,0.2222222222222222,36.0,729.0,0,1,0,0,0,1,0,0.0,6.0,0.0,26
BOR,Kick Sauber,28.0,0 days 00:01:10.962000,0 days 00:00:17.505000,0 days 00:00:31.913000,0 days 00:00:21.544000,MEDIUM,7.0,2.0,,,1,8.0,False,2025,Austria,R,70.962,17.505,31.913,21.544,70.853,0.10900000000000887,70.456,0.5060000000000002,0.10900000000000887,72.64200000000001,71.836,0.8060000000000116,70.0,0.4,27.0,0.25925925925925924,49.0,784.0,0,1,0,0,0,1,0,0.0,7.0,0.0,26
BOR,Kick Sauber,29.0,0 days 00:01:10.586000,0 days 00:00:17.707000,0 days 00:00:31.557000,0 days 00:00:21.322000,MEDIUM,8.0,2.0,,,1,8.0,False,2025,Austria,R,70.586,17.707,31.557,21.322,70.853,0.2669999999999959,70.456,0.12999999999999545,-0.2669999999999959,72.326,71.836,0.4899999999999949,70.0,0.4142857142857143,27.0,0.2962962962962963,64.0,841.0,0,1,0,0,0,1,0,0.0,8.0,0.0,26
BOR,Kick Sauber,30.0,0 days 00:01:10.744000,0 days 00:00:17.793000,0 days 00:00:31.493000,0 days 00:00:21.458000,MEDIUM,9.0,2.0,,,12,8.0,False,2025,Austria,R,70.744,17.793,31.493,21.458,70.853,0.10899999999999466,70.456,0.2879999999999967,-0.10899999999999466,72.544,71.836,0.7079999999999984,70.0,0.42857142857142855,27.0,0.3333333333333333,81.0,900.0,0,1,0,0,0,1,0,0.0,9.0,0.0,26
BOR,Kick Sauber,31.0,0 days 00:01:10.591000,0 days 00:00:17.815000,0 days 00:00:31.464000,0 days 00:00:21.312000,MEDIUM,10.0,2.0,,,1,8.0,False,2025,Austria,R,70.591,17.815,31.464,21.312,70.853,0.26200000000000045,70.456,0.1349999999999909,-0.26200000000000045,72.451,71.836,0.6149999999999949,70.0,0.44285714285714284,27.0,0.37037037037037035,100.0,961.0,0,1,0,0,0,1,0,0.0,10.0,0.0,26
BOR,Kick Sauber,32.0,0 days 00:01:10.660000,0 days 00:00:17.892000,0 days 00:00:31.504000,0 days 00:00:21.264000,MEDIUM,11.0,2.0,,,1,8.0,False,2025,Austria,R,70.66,17.892,31.504,21.264,70.853,0.19299999999999784,70.456,0.20399999999999352,-0.19299999999999784,72.58,71.836,0.7439999999999998,70.0,0.45714285714285713,27.0,0.4074074074074074,121.0,1024.0,0,1,0,0,0,1,0,0.0,11.0,0.0,26
BOR,Kick Sauber,33.0,0 days 00:01:10.872000,0 days 00:00:17.880000,0 days 00:00:31.546000,0 days 00:00:21.446000,MEDIUM,12.0,2.0,,,1,7.0,False,2025,Austria,R,70.872,17.88,31.546,21.446,70.853,0.019000000000005457,70.456,0.4159999999999968,0.019000000000005457,72.852,71.836,1.0160000000000053,70.0,0.4714285714285714,27.0,0.4444444444444444,144.0,1089.0,0,1,0,0,0,1,0,0.0,12.0,0.0,26
BOR,Kick Sauber,34.0,0 days 00:01:10.493000,0 days 00:00:17.801000,0 days 00:00:31.287000,0 days 00:00:21.405000,MEDIUM,13.0,2.0,,,1,6.0,False,2025,Austria,R,70.493,17.801,31.287,21.405,70.853,0.35999999999999943,70.456,0.03699999999999193,-0.35999999999999943,72.533,71.836,0.6970000000000027,70.0,0.4857142857142857,27.0,0.48148148148148145,169.0,1156.0,0,1,0,0,0,1,0,0.0,13.0,0.0,26
BOR,Kick Sauber,35.0,0 days 00:01:10.723000,0 days 00:00:17.846000,0 days 00:00:31.435000,0 days 00:00:21.442000,MEDIUM,14.0,2.0,,,1,6.0,False,2025,Austria,R,70.723,17.846,31.435,21.442,70.853,0.12999999999999545,70.456,0.2669999999999959,-0.12999999999999545,72.823,71.836,0.9869999999999948,70.0,0.5,27.0,0.5185185185185185,196.0,1225.0,0,1,0,0,0,1,0,0.0,14.0,0.0,26
BOR,Kick Sauber,36.0,0 days 00:01:10.575000,0 days 00:00:17.720000,0 days 00:00:31.369000,0 days 00:00:21.486000,MEDIUM,15.0,2.0,,,1,6.0,False,2025,Austria,R,70.575,17.72,31.369,21.486,70.853,0.2779999999999916,70.456,0.11899999999999977,-0.2779999999999916,72.735,71.836,0.8990000000000009,70.0,0.5142857142857142,27.0,0.5555555555555556,225.0,1296.0,0,1,0,0,0,1,0,0.0,15.0,0.0,26
BOR,Kick Sauber,37.0,0 days 00:01:10.616000,0 days 00:00:17.861000,0 days 00:00:31.408000,0 days 00:00:21.347000,MEDIUM,16.0,2.0,,,1,6.0,False,2025,Austria,R,70.616,17.861,31.408,21.347,70.853,0.23699999999999477,70.456,0.1599999999999966,-0.23699999999999477,72.836,71.836,1.0,70.0,0.5285714285714286,27.0,0.5925925925925926,256.0,1369.0,0,1,0,0,0,1,0,0.0,16.0,0.0,26
BOR,Kick Sauber,38.0,0 days 00:01:10.580000,0 days 00:00:17.775000,0 days 00:00:31.395000,0 days 00:00:21.410000,MEDIUM,17.0,2.0,,,1,6.0,False,2025,Austria,R,70.58,17.775,31.395,21.41,70.853,0.27299999999999613,70.456,0.12399999999999523,-0.27299999999999613,72.86,71.836,1.024000000000001,70.0,0.5428571428571428,27.0,0.6296296296296297,289.0,1444.0,0,1,0,0,0,1,0,0.0,17.0,0.0,26
BOR,Kick Sauber,39.0,0 days 00:01:10.929000,0 days 00:00:17.822000,0 days 00:00:31.495000,0 days 00:00:21.612000,MEDIUM,18.0,2.0,,,1,6.0,False,2025,Austria,R,70.929,17.822,31.495,21.612,70.853,0.07600000000000762,70.456,0.472999999999999,0.07600000000000762,73.269,71.836,1.433000000000007,70.0,0.5571428571428572,27.0,0.6666666666666666,324.0,1521.0,0,1,0,0,0,1,0,0.0,18.0,0.0,26
BOR,Kick Sauber,40.0,0 days 00:01:10.795000,0 days 00:00:17.786000,0 days 00:00:31.533000,0 days 00:00:21.476000,MEDIUM,19.0,2.0,,,1,6.0,False,2025,Austria,R,70.795,17.786,31.533,21.476,70.853,0.057999999999992724,70.456,0.33899999999999864,-0.057999999999992724,73.19500000000001,71.836,1.3590000000000089,70.0,0.5714285714285714,27.0,0.7037037037037037,361.0,1600.0,0,1,0,0,0,1,0,0.0,19.0,0.0,26
BOR,Kick Sauber,41.0,0 days 00:01:10.987000,0 days 00:00:17.906000,0 days 00:00:31.627000,0 days 00:00:21.454000,MEDIUM,20.0,2.0,,,1,6.0,False,2025,Austria,R,70.987,17.906,31.627,21.454,70.853,0.13400000000000034,70.456,0.5309999999999917,0.13400000000000034,73.44699999999999,71.836,1.61099999999999,70.0,0.5857142857142857,27.0,0.7407407407407407,400.0,1681.0,0,1,0,0,0,1,0,0.0,20.0,0.0,26
BOR,Kick Sauber,42.0,0 days 00:01:10.512000,0 days 00:00:17.748000,0 days 00:00:31.481000,0 days 00:00:21.283000,MEDIUM,21.0,2.0,,,1,6.0,False,2025,Austria,R,70.512,17.748,31.481,21.283,70.853,0.340999999999994,70.456,0.055999999999997385,-0.340999999999994,73.032,71.836,1.195999999999998,70.0,0.6,27.0,0.7777777777777778,441.0,1764.0,0,1,0,0,0,1,0,0.0,21.0,0.0,26
BOR,Kick Sauber,43.0,0 days 00:01:10.775000,0 days 00:00:17.806000,0 days 00:00:31.576000,0 days 00:00:21.393000,MEDIUM,22.0,2.0,,,1,6.0,False,2025,Austria,R,70.775,17.806,31.576,21.393,70.853,0.07799999999998875,70.456,0.3190000000000026,-0.07799999999998875,73.355,71.836,1.5190000000000055,70.0,0.6142857142857143,27.0,0.8148148148148148,484.0,1849.0,0,1,0,0,0,1,0,0.0,22.0,0.0,26
BOR,Kick Sauber,44.0,0 days 00:01:10.970000,0 days 00:00:17.822000,0 days 00:00:31.704000,0 days 00:00:21.444000,MEDIUM,23.0,2.0,,,1,6.0,False,2025,Austria,R,70.97,17.822,31.704,21.444,70.853,0.11700000000000443,70.456,0.5139999999999958,0.11700000000000443,73.61,71.836,1.774000000000001,70.0,0.6285714285714286,27.0,0.8518518518518519,529.0,1936.0,0,1,0,0,0,1,0,0.0,23.0,0.0,26
BOR,Kick Sauber,45.0,0 days 00:01:10.853000,0 days 00:00:17.787000,0 days 00:00:31.610000,0 days 00:00:21.456000,MEDIUM,24.0,2.0,,,1,6.0,False,2025,Austria,R,70.853,17.787,31.61,21.456,70.853,0.0,70.456,0.39699999999999136,0.0,73.553,71.836,1.7169999999999987,70.0,0.6428571428571429,27.0,0.8888888888888888,576.0,2025.0,0,1,0,0,0,1,0,0.0,24.0,0.0,26
BOR,Kick Sauber,46.0,0 days 00:01:10.902000,0 days 00:00:17.841000,0 days 00:00:31.678000,0 days 00:00:21.383000,MEDIUM,25.0,2.0,,,1,5.0,False,2025,Austria,R,70.902,17.841,31.678,21.383,70.853,0.049000000000006594,70.456,0.44599999999999795,0.049000000000006594,73.662,71.836,1.8260000000000076,70.0,0.6571428571428571,27.0,0.9259259259259259,625.0,2116.0,0,1,0,0,0,1,0,0.0,25.0,0.0,26
BOR,Kick Sauber,47.0,0 days 00:01:10.704000,0 days 00:00:17.868000,0 days 00:00:31.487000,0 days 00:00:21.349000,MEDIUM,26.0,2.0,,,1,5.0,False,2025,Austria,R,70.704,17.868,31.487,21.349,70.853,0.1490000000000009,70.456,0.24799999999999045,-0.1490000000000009,73.52399999999999,71.836,1.6879999999999882,70.0,0.6714285714285714,27.0,0.9629629629629629,676.0,2209.0,0,1,1,0,0,1,0,0.0,26.0,0.0,26
BOR,Kick Sauber,48.0,0 days 00:01:11.191000,0 days 00:00:18.024000,0 days 00:00:31.697000,0 days 00:00:21.470000,MEDIUM,27.0,2.0,,,1,5.0,False,2025,Austria,R,71.191,18.024,31.697,21.47,70.853,0.33800000000000807,70.456,0.7349999999999994,0.33800000000000807,74.071,71.836,2.2349999999999994,70.0,0.6857142857142857,27.0,1.0,729.0,2304.0,0,1,1,0,0,1,0,0.0,27.0,0.0,26
BOR,Kick Sauber,51.0,0 days 00:01:09.997000,0 days 00:00:17.671000,0 days 00:00:31.105000,0 days 00:00:21.221000,HARD,2.0,3.0,,,1,9.0,False,2025,Austria,R,69.997,17.671,31.105,21.221,70.853,0.8559999999999945,69.997,0.0,-0.8559999999999945,73.057,73.057,0.0,70.0,0.7285714285714285,20.0,0.1,4.0,2601.0,0,0,1,0,0,0,1,0.0,0.0,2.0,19
BOR,Kick Sauber,52.0,0 days 00:01:09.786000,0 days 00:00:17.641000,0 days 00:00:31.070000,0 days 00:00:21.075000,HARD,3.0,3.0,,,1,9.0,False,2025,Austria,R,69.786,17.641,31.07,21.075,70.853,1.066999999999993,69.997,-0.21099999999999852,-1.066999999999993,72.906,73.057,-0.15099999999999625,70.0,0.7428571428571429,20.0,0.15,9.0,2704.0,0,0,1,0,0,0,1,0.0,0.0,3.0,19
BOR,Kick Sauber,53.0,0 days 00:01:09.433000,0 days 00:00:17.454000,0 days 00:00:30.994000,0 days 00:00:20.985000,HARD,4.0,3.0,,,1,9.0,False,2025,Austria,R,69.433,17.454,30.994,20.985,70.853,1.4199999999999875,69.997,-0.563999999999993,-1.4199999999999875,72.613,73.057,-0.4440000000000026,70.0,0.7571428571428571,20.0,0.2,16.0,2809.0,0,0,1,0,0,0,1,0.0,0.0,4.0,19
BOR,Kick Sauber,54.0,0 days 00:01:09.676000,0 days 00:00:17.634000,0 days 00:00:30.938000,0 days 00:00:21.104000,HARD,5.0,3.0,,,1,9.0,False,2025,Austria,R,69.676,17.634,30.938,21.104,70.853,1.1769999999999925,69.997,-0.32099999999999795,-1.1769999999999925,72.916,73.057,-0.14100000000000534,70.0,0.7714285714285715,20.0,0.25,25.0,2916.0,0,0,1,0,0,0,1,0.0,0.0,5.0,19
BOR,Kick Sauber,55.0,0 days 00:01:10.307000,0 days 00:00:17.773000,0 days 00:00:31.093000,0 days 00:00:21.441000,HARD,6.0,3.0,,,1,9.0,False,2025,Austria,R,70.307,17.773,31.093,21.441,70.853,0.5459999999999923,69.997,0.3100000000000023,-0.5459999999999923,73.607,73.057,0.5499999999999972,70.0,0.7857142857142857,20.0,0.3,36.0,3025.0,0,0,1,0,0,0,1,0.0,0.0,6.0,19
BOR,Kick Sauber,56.0,0 days 00:01:09.852000,0 days 00:00:17.525000,0 days 00:00:31.293000,0 days 00:00:21.034000,HARD,7.0,3.0,,,1,8.0,False,2025,Austria,R,69.852,17.525,31.293,21.034,70.853,1.0009999999999906,69.997,-0.14499999999999602,-1.0009999999999906,73.212,73.057,0.15500000000000114,70.0,0.8,20.0,0.35,49.0,3136.0,0,0,1,0,0,0,1,0.0,0.0,7.0,19
BOR,Kick Sauber,57.0,0 days 00:01:09.955000,0 days 00:00:17.777000,0 days 00:00:31.207000,0 days 00:00:20.971000,HARD,8.0,3.0,,,1,8.0,False,2025,Austria,R,69.955,17.777,31.207,20.971,70.853,0.8979999999999961,69.997,-0.04200000000000159,-0.8979999999999961,73.375,73.057,0.31799999999999784,70.0,0.8142857142857143,20.0,0.4,64.0,3249.0,0,0,1,0,0,0,1,0.0,0.0,8.0,19
BOR,Kick Sauber,58.0,0 days 00:01:09.648000,0 days 00:00:17.736000,0 days 00:00:31.062000,0 days 00:00:20.850000,HARD,9.0,3.0,,,1,8.0,False,2025,Austria,R,69.648,17.736,31.062,20.85,70.853,1.2049999999999983,69.997,-0.34900000000000375,-1.2049999999999983,73.128,73.057,0.07099999999999795,70.0,0.8285714285714286,20.0,0.45,81.0,3364.0,0,0,1,0,0,0,1,0.0,0.0,9.0,19
BOR,Kick Sauber,59.0,0 days 00:01:09.289000,0 days 00:00:17.658000,0 days 00:00:30.799000,0 days 00:00:20.832000,HARD,10.0,3.0,,,1,8.0,False,2025,Austria,R,69.289,17.658,30.799,20.832,70.853,1.563999999999993,69.997,-0.7079999999999984,-1.563999999999993,72.82900000000001,73.057,-0.22799999999999443,70.0,0.8428571428571429,20.0,0.5,100.0,3481.0,0,0,1,0,0,0,1,0.0,0.0,10.0,19
BOR,Kick Sauber,60.0,0 days 00:01:09.247000,0 days 00:00:17.615000,0 days 00:00:30.846000,0 days 00:00:20.786000,HARD,11.0,3.0,,,1,8.0,False,2025,Austria,R,69.247,17.615,30.846,20.786,70.853,1.6059999999999945,69.997,-0.75,-1.6059999999999945,72.847,73.057,-0.21000000000000796,70.0,0.8571428571428571,20.0,0.55,121.0,3600.0,0,0,1,0,0,0,1,0.0,0.0,11.0,19
BOR,Kick Sauber,61.0,0 days 00:01:09.302000,0 days 00:00:17.584000,0 days 00:00:30.947000,0 days 00:00:20.771000,HARD,12.0,3.0,,,1,8.0,False,2025,Austria,R,69.302,17.584,30.947,20.771,70.853,1.5509999999999877,69.997,-0.6949999999999932,-1.5509999999999877,72.962,73.057,-0.09499999999999886,70.0,0.8714285714285714,20.0,0.6,144.0,3721.0,0,0,1,0,0,0,1,0.0,0.0,12.0,19
BOR,Kick Sauber,62.0,0 days 00:01:09.375000,0 days 00:00:17.647000,0 days 00:00:30.940000,0 days 00:00:20.788000,HARD,13.0,3.0,,,1,8.0,False,2025,Austria,R,69.375,17.647,30.94,20.788,70.853,1.4779999999999944,69.997,-0.6219999999999999,-1.4779999999999944,73.095,73.057,0.0379999999999967,70.0,0.8857142857142857,20.0,0.65,169.0,3844.0,0,0,1,0,0,0,1,0.0,0.0,13.0,19
BOR,Kick Sauber,63.0,0 days 00:01:09.261000,0 days 00:00:17.568000,0 days 00:00:30.848000,0 days 00:00:20.845000,HARD,14.0,3.0,,,1,8.0,False,2025,Austria,R,69.261,17.568,30.848,20.845,70.853,1.5919999999999987,69.997,-0.7360000000000042,-1.5919999999999987,73.041,73.057,-0.016000000000005343,70.0,0.9,20.0,0.7,196.0,3969.0,0,0,1,0,0,0,1,0.0,0.0,14.0,19
BOR,Kick Sauber,64.0,0 days 00:01:09.254000,0 days 00:00:17.602000,0 days 00:00:30.861000,0 days 00:00:20.791000,HARD,15.0,3.0,,,1,8.0,False,2025,Austria,R,69.254,17.602,30.861,20.791,70.853,1.5989999999999895,69.997,-0.742999999999995,-1.5989999999999895,73.09400000000001,73.057,0.03700000000000614,70.0,0.9142857142857143,20.0,0.75,225.0,4096.0,0,0,1,0,0,0,1,0.0,0.0,15.0,19
BOR,Kick Sauber,65.0,0 days 00:01:09.416000,0 days 00:00:17.580000,0 days 00:00:30.951000,0 days 00:00:20.885000,HARD,16.0,3.0,,,1,8.0,False,2025,Austria,R,69.416,17.58,30.951,20.885,70.853,1.4369999999999976,69.997,-0.5810000000000031,-1.4369999999999976,73.316,73.057,0.25900000000000034,70.0,0.9285714285714286,20.0,0.8,256.0,4225.0,0,0,1,0,0,0,1,0.0,0.0,16.0,19
BOR,Kick Sauber,66.0,0 days 00:01:09.944000,0 days 00:00:17.752000,0 days 00:00:31.106000,0 days 00:00:21.086000,HARD,17.0,3.0,,,1,8.0,False,2025,Austria,R,69.944,17.752,31.106,21.086,70.853,0.9089999999999918,69.997,-0.05299999999999727,-0.9089999999999918,73.904,73.057,0.8469999999999942,70.0,0.9428571428571428,20.0,0.85,289.0,4356.0,0,0,1,0,0,0,1,0.0,0.0,17.0,19
BOR,Kick Sauber,67.0,0 days 00:01:10.756000,0 days 00:00:17.513000,0 days 00:00:31.962000,0 days 00:00:21.281000,HARD,18.0,3.0,,,1,8.0,False,2025,Austria,R,70.756,17.513,31.962,21.281,70.853,0.0969999999999942,69.997,0.7590000000000003,-0.0969999999999942,74.776,73.057,1.718999999999994,70.0,0.9571428571428572,20.0,0.9,324.0,4489.0,0,0,1,0,0,0,1,0.0,0.0,18.0,19
BOR,Kick Sauber,68.0,0 days 00:01:12.241000,0 days 00:00:17.603000,0 days 00:00:32.114000,0 days 00:00:22.524000,HARD,19.0,3.0,,,1,8.0,False,2025,Austria,R,72.241,17.603,32.114,22.524,70.853,1.3880000000000052,69.997,2.2439999999999998,1.3880000000000052,76.321,73.057,3.263999999999996,70.0,0.9714285714285714,20.0,0.95,361.0,4624.0,0,0,1,0,0,0,1,0.0,0.0,19.0,19
BOR,Kick Sauber,69.0,0 days 00:01:10.880000,0 days 00:00:17.277000,0 days 00:00:31.980000,0 days 00:00:21.623000,HARD,20.0,3.0,,,1,8.0,False,2025,Austria,R,70.88,17.277,31.98,21.623,70.853,0.027000000000001023,69.997,0.8829999999999956,0.027000000000001023,75.02,73.057,1.9629999999999939,70.0,0.9857142857142858,20.0,1.0,400.0,4761.0,0,0,1,0,0,0,1,0.0,0.0,20.0,19
COL,Alpine,4.0,0 days 00:01:12.585000,0 days 00:00:18.056000,0 days 00:00:32.523000,0 days 00:00:22.006000,SOFT,4.0,1.0,,,1,11.0,False,2025,Austria,R,72.585,18.056,32.523,22.006,71.0675,1.5174999999999983,72.585,0.0,1.5174999999999983,72.82499999999999,72.82499999999999,0.0,70.0,0.05714285714285714,12.0,0.3333333333333333,16.0,16.0,1,0,0,1,1,0,0,4.0,0.0,0.0,9
COL,Alpine,5.0,0 days 00:01:12.185000,0 days 00:00:17.516000,0 days 00:00:32.738000,0 days 00:00:21.931000,SOFT,5.0,1.0,,,1,12.0,False,2025,Austria,R,72.185,17.516,32.738,21.931,71.0675,1.1175000000000068,72.585,-0.3999999999999915,1.1175000000000068,72.485,72.82499999999999,-0.3399999999999892,70.0,0.07142857142857142,12.0,0.4166666666666667,25.0,25.0,1,0,0,1,1,0,0,5.0,0.0,0.0,9
COL,Alpine,6.0,0 days 00:01:11.533000,0 days 00:00:17.512000,0 days 00:00:32.114000,0 days 00:00:21.907000,SOFT,6.0,1.0,,,1,12.0,False,2025,Austria,R,71.533,17.512,32.114,21.907,71.0675,0.4655000000000058,72.585,-1.0519999999999925,0.4655000000000058,71.893,72.82499999999999,-0.931999999999988,70.0,0.08571428571428572,12.0,0.5,36.0,36.0,1,0,0,1,1,0,0,6.0,0.0,0.0,9
COL,Alpine,7.0,0 days 00:01:10.842000,0 days 00:00:17.385000,0 days 00:00:31.813000,0 days 00:00:21.644000,SOFT,7.0,1.0,,,1,12.0,False,2025,Austria,R,70.842,17.385,31.813,21.644,71.0675,0.2254999999999967,72.585,-1.742999999999995,-0.2254999999999967,71.262,72.82499999999999,-1.5629999999999882,70.0,0.1,12.0,0.5833333333333334,49.0,49.0,1,0,0,1,1,0,0,7.0,0.0,0.0,9
COL,Alpine,8.0,0 days 00:01:11.225000,0 days 00:00:17.450000,0 days 00:00:32.017000,0 days 00:00:21.758000,SOFT,8.0,1.0,,,1,12.0,False,2025,Austria,R,71.225,17.45,32.017,21.758,71.0675,0.15749999999999886,72.585,-1.3599999999999994,0.15749999999999886,71.705,72.82499999999999,-1.1199999999999903,70.0,0.11428571428571428,12.0,0.6666666666666666,64.0,64.0,1,0,0,1,1,0,0,8.0,0.0,0.0,9
COL,Alpine,9.0,0 days 00:01:11.068000,0 days 00:00:17.403000,0 days 00:00:31.875000,0 days 00:00:21.790000,SOFT,9.0,1.0,,,1,12.0,False,2025,Austria,R,71.068,17.403,31.875,21.79,71.0675,0.0005000000000023874,72.585,-1.516999999999996,0.0005000000000023874,71.608,72.82499999999999,-1.2169999999999845,70.0,0.12857142857142856,12.0,0.75,81.0,81.0,1,0,0,1,1,0,0,9.0,0.0,0.0,9
COL,Alpine,10.0,0 days 00:01:11.286000,0 days 00:00:17.454000,0 days 00:00:31.712000,0 days 00:00:22.120000,SOFT,10.0,1.0,,,1,12.0,False,2025,Austria,R,71.286,17.454,31.712,22.12,71.0675,0.2185000000000059,72.585,-1.2989999999999924,0.2185000000000059,71.886,72.82499999999999,-0.938999999999993,70.0,0.14285714285714285,12.0,0.8333333333333334,100.0,100.0,1,0,0,1,1,0,0,10.0,0.0,0.0,9
COL,Alpine,11.0,0 days 00:01:12.022000,0 days 00:00:17.483000,0 days 00:00:31.916000,0 days 00:00:22.623000,SOFT,11.0,1.0,,,1,11.0,False,2025,Austria,R,72.022,17.483,31.916,22.623,71.0675,0.9545000000000101,72.585,-0.5629999999999882,0.9545000000000101,72.682,72.82499999999999,-0.14299999999998647,70.0,0.15714285714285714,12.0,0.9166666666666666,121.0,121.0,1,0,0,1,1,0,0,11.0,0.0,0.0,9
COL,Alpine,12.0,0 days 00:01:12.053000,0 days 00:00:17.872000,0 days 00:00:32.249000,0 days 00:00:21.932000,SOFT,12.0,1.0,,,1,10.0,False,2025,Austria,R,72.053,17.872,32.249,21.932,71.0675,0.9855000000000018,72.585,-0.5319999999999965,0.9855000000000018,72.773,72.82499999999999,-0.0519999999999925,70.0,0.17142857142857143,12.0,1.0,144.0,144.0,1,0,0,1,1,0,0,12.0,0.0,0.0,9
COL,Alpine,15.0,0 days 00:01:10.769000,0 days 00:00:17.827000,0 days 00:00:31.483000,0 days 00:00:21.459000,MEDIUM,2.0,2.0,,,1,17.0,False,2025,Austria,R,70.769,17.827,31.483,21.459,71.0675,0.29849999999999,70.769,0.0,-0.29849999999999,71.66900000000001,71.66900000000001,0.0,70.0,0.21428571428571427,25.0,0.08,4.0,225.0,0,1,0,1,0,1,0,0.0,2.0,0.0,23
COL,Alpine,16.0,0 days 00:01:10.847000,0 days 00:00:17.783000,0 days 00:00:31.328000,0 days 00:00:21.736000,MEDIUM,3.0,2.0,,,1,16.0,False,2025,Austria,R,70.847,17.783,31.328,21.736,71.0675,0.22050000000000125,70.769,0.07799999999998875,-0.22050000000000125,71.80699999999999,71.66900000000001,0.1379999999999768,70.0,0.22857142857142856,25.0,0.12,9.0,256.0,0,1,0,1,0,1,0,0.0,3.0,0.0,23
COL,Alpine,17.0,0 days 00:01:10.707000,0 days 00:00:17.804000,0 days 00:00:31.397000,0 days 00:00:21.506000,MEDIUM,4.0,2.0,,,1,16.0,False,2025,Austria,R,70.707,17.804,31.397,21.506,71.0675,0.3605000000000018,70.769,-0.06200000000001182,-0.3605000000000018,71.72699999999999,71.66900000000001,0.05799999999997851,70.0,0.24285714285714285,25.0,0.16,16.0,289.0,0,1,0,1,0,1,0,0.0,4.0,0.0,23
COL,Alpine,18.0,0 days 00:01:10.763000,0 days 00:00:17.830000,0 days 00:00:31.485000,0 days 00:00:21.448000,MEDIUM,5.0,2.0,,,1,16.0,False,2025,Austria,R,70.763,17.83,31.485,21.448,71.0675,0.3044999999999902,70.769,-0.006000000000000227,-0.3044999999999902,71.843,71.66900000000001,0.17399999999999238,70.0,0.2571428571428571,25.0,0.2,25.0,324.0,0,1,0,1,0,1,0,0.0,5.0,0.0,23
COL,Alpine,19.0,0 days 00:01:11.013000,0 days 00:00:17.780000,0 days 00:00:31.694000,0 days 00:00:21.539000,MEDIUM,6.0,2.0,,,1,15.0,False,2025,Austria,R,71.013,17.78,31.694,21.539,71.0675,0.05449999999999022,70.769,0.24399999999999977,-0.05449999999999022,72.153,71.66900000000001,0.48399999999999466,70.0,0.2714285714285714,25.0,0.24,36.0,361.0,0,1,0,1,0,1,0,0.0,6.0,0.0,23
COL,Alpine,20.0,0 days 00:01:11.073000,0 days 00:00:17.801000,0 days 00:00:31.665000,0 days 00:00:21.607000,MEDIUM,7.0,2.0,,,1,14.0,False,2025,Austria,R,71.073,17.801,31.665,21.607,71.0675,0.00549999999999784,70.769,0.30399999999998784,0.00549999999999784,72.273,71.66900000000001,0.603999999999985,70.0,0.2857142857142857,25.0,0.28,49.0,400.0,0,1,0,1,0,1,0,0.0,7.0,0.0,23
COL,Alpine,21.0,0 days 00:01:11.067000,0 days 00:00:17.792000,0 days 00:00:31.683000,0 days 00:00:21.592000,MEDIUM,8.0,2.0,,,1,14.0,False,2025,Austria,R,71.067,17.792,31.683,21.592,71.0675,0.0005000000000023874,70.769,0.2979999999999876,-0.0005000000000023874,72.327,71.66900000000001,0.657999999999987,70.0,0.3,25.0,0.32,64.0,441.0,0,1,0,1,0,1,0,0.0,8.0,0.0,23
COL,Alpine,22.0,0 days 00:01:11.386000,0 days 00:00:17.847000,0 days 00:00:31.816000,0 days 00:00:21.723000,MEDIUM,9.0,2.0,,,1,14.0,False,2025,Austria,R,71.386,17.847,31.816,21.723,71.0675,0.3185000000000002,70.769,0.6169999999999902,0.3185000000000002,72.70599999999999,71.66900000000001,1.0369999999999777,70.0,0.3142857142857143,25.0,0.36,81.0,484.0,0,1,0,1,0,1,0,0.0,9.0,0.0,23
COL,Alpine,23.0,0 days 00:01:11.197000,0 days 00:00:17.605000,0 days 00:00:31.786000,0 days 00:00:21.806000,MEDIUM,10.0,2.0,,,1,14.0,False,2025,Austria,R,71.197,17.605,31.786,21.806,71.0675,0.12950000000000728,70.769,0.42799999999999727,0.12950000000000728,72.577,71.66900000000001,0.907999999999987,70.0,0.32857142857142857,25.0,0.4,100.0,529.0,0,1,0,1,0,1,0,0.0,10.0,0.0,23
COL,Alpine,24.0,0 days 00:01:11.493000,0 days 00:00:17.553000,0 days 00:00:32.105000,0 days 00:00:21.835000,MEDIUM,11.0,2.0,,,1,14.0,False,2025,Austria,R,71.493,17.553,32.105,21.835,71.0675,0.42549999999999955,70.769,0.7239999999999895,0.42549999999999955,72.93299999999999,71.66900000000001,1.2639999999999816,70.0,0.34285714285714286,25.0,0.44,121.0,576.0,0,1,0,0,0,1,0,0.0,11.0,0.0,23
COL,Alpine,25.0,0 days 00:01:11.391000,0 days 00:00:17.602000,0 days 00:00:31.894000,0 days 00:00:21.895000,MEDIUM,12.0,2.0,,,1,14.0,False,2025,Austria,R,71.391,17.602,31.894,21.895,71.0675,0.3235000000000099,70.769,0.6219999999999999,0.3235000000000099,72.891,71.66900000000001,1.2219999999999942,70.0,0.35714285714285715,25.0,0.48,144.0,625.0,0,1,0,0,0,1,0,0.0,12.0,0.0,23
COL,Alpine,26.0,0 days 00:01:11.666000,0 days 00:00:17.716000,0 days 00:00:31.964000,0 days 00:00:21.986000,MEDIUM,13.0,2.0,,,1,13.0,False,2025,Austria,R,71.666,17.716,31.964,21.986,71.0675,0.5985000000000014,70.769,0.8969999999999914,0.5985000000000014,73.226,71.66900000000001,1.556999999999988,70.0,0.37142857142857144,25.0,0.52,169.0,676.0,0,1,0,0,0,1,0,0.0,13.0,0.0,23
COL,Alpine,27.0,0 days 00:01:11.776000,0 days 00:00:17.778000,0 days 00:00:32.047000,0 days 00:00:21.951000,MEDIUM,14.0,2.0,,,1,13.0,False,2025,Austria,R,71.776,17.778,32.047,21.951,71.0675,0.7085000000000008,70.769,1.0069999999999908,0.7085000000000008,73.396,71.66900000000001,1.7269999999999897,70.0,0.38571428571428573,25.0,0.56,196.0,729.0,0,1,0,0,0,1,0,0.0,14.0,0.0,23
COL,Alpine,28.0,0 days 00:01:12.726000,0 days 00:00:17.971000,0 days 00:00:32.781000,0 days 00:00:21.974000,MEDIUM,15.0,2.0,,,1,14.0,False,2025,Austria,R,72.726,17.971,32.781,21.974,71.0675,1.6585000000000036,70.769,1.9569999999999936,1.6585000000000036,74.406,71.66900000000001,2.7369999999999948,70.0,0.4,25.0,0.6,225.0,784.0,0,1,0,0,0,1,0,0.0,15.0,0.0,23
COL,Alpine,29.0,0 days 00:01:11.524000,0 days 00:00:17.474000,0 days 00:00:32.071000,0 days 00:00:21.979000,MEDIUM,16.0,2.0,,,1,13.0,False,2025,Austria,R,71.524,17.474,32.071,21.979,71.0675,0.45650000000000546,70.769,0.7549999999999955,0.45650000000000546,73.264,71.66900000000001,1.5949999999999847,70.0,0.4142857142857143,25.0,0.64,256.0,841.0,0,1,0,0,0,1,0,0.0,16.0,0.0,23
COL,Alpine,30.0,0 days 00:01:16.829000,0 days 00:00:17.705000,0 days 00:00:37.032000,0 days 00:00:22.092000,MEDIUM,17.0,2.0,,,12,13.0,False,2025,Austria,R,76.829,17.705,37.032,22.092,71.0675,5.761499999999998,70.769,6.059999999999988,5.761499999999998,78.62899999999999,71.66900000000001,6.9599999999999795,70.0,0.42857142857142855,25.0,0.68,289.0,900.0,0,1,0,0,0,1,0,0.0,17.0,0.0,23
COL,Alpine,32.0,0 days 00:01:11.789000,0 days 00:00:18.012000,0 days 00:00:32.024000,0 days 00:00:21.753000,MEDIUM,19.0,2.0,,,1,13.0,False,2025,Austria,R,71.789,18.012,32.024,21.753,71.0675,0.721500000000006,70.769,1.019999999999996,0.721500000000006,73.709,71.66900000000001,2.039999999999992,70.0,0.45714285714285713,25.0,0.76,361.0,1024.0,0,1,0,0,0,1,0,0.0,19.0,0.0,23
COL,Alpine,33.0,0 days 00:01:11.747000,0 days 00:00:18.100000,0 days 00:00:31.904000,0 days 00:00:21.743000,MEDIUM,20.0,2.0,,,1,13.0,False,2025,Austria,R,71.747,18.1,31.904,21.743,71.0675,0.6795000000000044,70.769,0.9779999999999944,0.6795000000000044,73.727,71.66900000000001,2.0579999999999927,70.0,0.4714285714285714,25.0,0.8,400.0,1089.0,0,1,0,0,0,1,0,0.0,20.0,0.0,23
COL,Alpine,34.0,0 days 00:01:11.846000,0 days 00:00:17.878000,0 days 00:00:31.949000,0 days 00:00:22.019000,MEDIUM,21.0,2.0,,,1,13.0,False,2025,Austria,R,71.846,17.878,31.949,22.019,71.0675,0.7785000000000082,70.769,1.0769999999999982,0.7785000000000082,73.88600000000001,71.66900000000001,2.2169999999999987,70.0,0.4857142857142857,25.0,0.84,441.0,1156.0,0,1,0,0,0,1,0,0.0,21.0,0.0,23
COL,Alpine,35.0,0 days 00:01:11.599000,0 days 00:00:17.860000,0 days 00:00:31.855000,0 days 00:00:21.884000,MEDIUM,22.0,2.0,,,1,13.0,False,2025,Austria,R,71.599,17.86,31.855,21.884,71.0675,0.5315000000000083,70.769,0.8299999999999983,0.5315000000000083,73.699,71.66900000000001,2.029999999999987,70.0,0.5,25.0,0.88,484.0,1225.0,0,1,0,0,0,1,0,0.0,22.0,0.0,23
COL,Alpine,36.0,0 days 00:01:12.860000,0 days 00:00:17.939000,0 days 00:00:32.976000,0 days 00:00:21.945000,MEDIUM,23.0,2.0,,,1,14.0,False,2025,Austria,R,72.86,17.939,32.976,21.945,71.0675,1.792500000000004,70.769,2.090999999999994,1.792500000000004,75.02,71.66900000000001,3.350999999999985,70.0,0.5142857142857142,25.0,0.92,529.0,1296.0,0,1,0,0,0,1,0,0.0,23.0,0.0,23
COL,Alpine,37.0,0 days 00:01:11.858000,0 days 00:00:18.048000,0 days 00:00:31.865000,0 days 00:00:21.945000,MEDIUM,24.0,2.0,,,1,14.0,False,2025,Austria,R,71.858,18.048,31.865,21.945,71.0675,0.7905000000000086,70.769,1.0889999999999986,0.7905000000000086,74.078,71.66900000000001,2.408999999999992,70.0,0.5285714285714286,25.0,0.96,576.0,1369.0,0,1,0,0,0,1,0,0.0,24.0,0.0,23
COL,Alpine,38.0,0 days 00:01:12.111000,0 days 00:00:17.911000,0 days 00:00:32.018000,0 days 00:00:22.182000,MEDIUM,25.0,2.0,,,1,14.0,False,2025,Austria,R,72.111,17.911,32.018,22.182,71.0675,1.0435000000000088,70.769,1.3419999999999987,1.0435000000000088,74.391,71.66900000000001,2.721999999999994,70.0,0.5428571428571428,25.0,1.0,625.0,1444.0,0,1,0,0,0,1,0,0.0,25.0,0.0,23
COL,Alpine,41.0,0 days 00:01:10.144000,0 days 00:00:17.750000,0 days 00:00:31.150000,0 days 00:00:21.244000,HARD,2.0,3.0,,,1,16.0,False,2025,Austria,R,70.144,17.75,31.15,21.244,71.0675,0.92349999999999,70.144,0.0,-0.92349999999999,72.604,72.604,0.0,70.0,0.5857142857142857,30.0,0.06666666666666667,4.0,1681.0,0,0,0,0,0,0,1,0.0,0.0,2.0,29
COL,Alpine,42.0,0 days 00:01:09.966000,0 days 00:00:17.706000,0 days 00:00:31.049000,0 days 00:00:21.211000,HARD,3.0,3.0,,,1,16.0,False,2025,Austria,R,69.966,17.706,31.049,21.211,71.0675,1.1015000000000015,70.144,-0.17800000000001148,-1.1015000000000015,72.48599999999999,72.604,-0.11800000000000921,70.0,0.6,30.0,0.1,9.0,1764.0,0,0,0,0,0,0,1,0.0,0.0,3.0,29
COL,Alpine,43.0,0 days 00:01:09.748000,0 days 00:00:17.639000,0 days 00:00:31.056000,0 days 00:00:21.053000,HARD,4.0,3.0,,,1,16.0,False,2025,Austria,R,69.748,17.639,31.056,21.053,71.0675,1.3194999999999908,70.144,-0.3960000000000008,-1.3194999999999908,72.328,72.604,-0.27599999999999625,70.0,0.6142857142857143,30.0,0.13333333333333333,16.0,1849.0,0,0,0,0,0,0,1,0.0,0.0,4.0,29
COL,Alpine,44.0,0 days 00:01:09.621000,0 days 00:00:17.657000,0 days 00:00:30.956000,0 days 00:00:21.008000,HARD,5.0,3.0,,,1,16.0,False,2025,Austria,R,69.621,17.657,30.956,21.008,71.0675,1.4465000000000003,70.144,-0.5230000000000103,-1.4465000000000003,72.261,72.604,-0.3430000000000035,70.0,0.6285714285714286,30.0,0.16666666666666666,25.0,1936.0,0,0,0,0,0,0,1,0.0,0.0,5.0,29
COL,Alpine,45.0,0 days 00:01:09.843000,0 days 00:00:17.561000,0 days 00:00:31.161000,0 days 00:00:21.121000,HARD,6.0,3.0,,,1,16.0,False,2025,Austria,R,69.843,17.561,31.161,21.121,71.0675,1.224499999999992,70.144,-0.30100000000000193,-1.224499999999992,72.543,72.604,-0.06099999999999284,70.0,0.6428571428571429,30.0,0.2,36.0,2025.0,0,0,0,0,0,0,1,0.0,0.0,6.0,29
COL,Alpine,46.0,0 days 00:01:09.783000,0 days 00:00:17.655000,0 days 00:00:30.969000,0 days 00:00:21.159000,HARD,7.0,3.0,,,1,16.0,False,2025,Austria,R,69.783,17.655,30.969,21.159,71.0675,1.2844999999999942,70.144,-0.3610000000000042,-1.2844999999999942,72.543,72.604,-0.06099999999999284,70.0,0.6571428571428571,30.0,0.23333333333333334,49.0,2116.0,0,0,0,0,0,0,1,0.0,0.0,7.0,29
COL,Alpine,47.0,0 days 00:01:10.539000,0 days 00:00:17.689000,0 days 00:00:31.566000,0 days 00:00:21.284000,HARD,8.0,3.0,,,1,16.0,False,2025,Austria,R,70.539,17.689,31.566,21.284,71.0675,0.528499999999994,70.144,0.394999999999996,-0.528499999999994,73.359,72.604,0.7549999999999955,70.0,0.6714285714285714,30.0,0.26666666666666666,64.0,2209.0,0,0,1,0,0,0,1,0.0,0.0,8.0,29
COL,Alpine,48.0,0 days 00:01:10.393000,0 days 00:00:17.640000,0 days 00:00:31.424000,0 days 00:00:21.329000,HARD,9.0,3.0,,,1,16.0,False,2025,Austria,R,70.393,17.64,31.424,21.329,71.0675,0.6744999999999948,70.144,0.24899999999999523,-0.6744999999999948,73.273,72.604,0.6689999999999969,70.0,0.6857142857142857,30.0,0.3,81.0,2304.0,0,0,1,0,0,0,1,0.0,0.0,9.0,29
COL,Alpine,49.0,0 days 00:01:10.459000,0 days 00:00:17.712000,0 days 00:00:31.435000,0 days 00:00:21.312000,HARD,10.0,3.0,,,1,16.0,False,2025,Austria,R,70.459,17.712,31.435,21.312,71.0675,0.6084999999999923,70.144,0.3149999999999977,-0.6084999999999923,73.399,72.604,0.7950000000000017,70.0,0.7,30.0,0.3333333333333333,100.0,2401.0,0,0,1,0,0,0,1,0.0,0.0,10.0,29
COL,Alpine,50.0,0 days 00:01:10.611000,0 days 00:00:17.738000,0 days 00:00:31.482000,0 days 00:00:21.391000,HARD,11.0,3.0,,,1,16.0,False,2025,Austria,R,70.611,17.738,31.482,21.391,71.0675,0.45649999999999125,70.144,0.46699999999999875,-0.45649999999999125,73.611,72.604,1.007000000000005,70.0,0.7142857142857143,30.0,0.36666666666666664,121.0,2500.0,0,0,1,0,0,0,1,0.0,0.0,11.0,29
COL,Alpine,51.0,0 days 00:01:10.518000,0 days 00:00:17.659000,0 days 00:00:31.458000,0 days 00:00:21.401000,HARD,12.0,3.0,,,1,16.0,False,2025,Austria,R,70.518,17.659,31.458,21.401,71.0675,0.5494999999999948,70.144,0.3739999999999952,-0.5494999999999948,73.578,72.604,0.9740000000000038,70.0,0.7285714285714285,30.0,0.4,144.0,2601.0,0,0,1,0,0,0,1,0.0,0.0,12.0,29
COL,Alpine,52.0,0 days 00:01:10.864000,0 days 00:00:17.317000,0 days 00:00:31.829000,0 days 00:00:21.718000,HARD,13.0,3.0,,,1,16.0,False,2025,Austria,R,70.864,17.317,31.829,21.718,71.0675,0.20349999999999113,70.144,0.7199999999999989,-0.20349999999999113,73.98400000000001,72.604,1.3800000000000097,70.0,0.7428571428571429,30.0,0.43333333333333335,169.0,2704.0,0,0,1,0,0,0,1,0.0,0.0,13.0,29
COL,Alpine,53.0,0 days 00:01:12.816000,0 days 00:00:17.385000,0 days 00:00:33.478000,0 days 00:00:21.953000,HARD,14.0,3.0,,,1,16.0,False,2025,Austria,R,72.816,17.385,33.478,21.953,71.0675,1.748500000000007,70.144,2.671999999999997,1.748500000000007,75.99600000000001,72.604,3.39200000000001,70.0,0.7571428571428571,30.0,0.4666666666666667,196.0,2809.0,0,0,1,0,0,0,1,0.0,0.0,14.0,29
COL,Alpine,54.0,0 days 00:01:10.849000,0 days 00:00:17.455000,0 days 00:00:31.847000,0 days 00:00:21.547000,HARD,15.0,3.0,,,1,14.0,False,2025,Austria,R,70.849,17.455,31.847,21.547,71.0675,0.2184999999999917,70.144,0.7049999999999983,-0.2184999999999917,74.089,72.604,1.4849999999999994,70.0,0.7714285714285715,30.0,0.5,225.0,2916.0,0,0,1,0,0,0,1,0.0,0.0,15.0,29
COL,Alpine,55.0,0 days 00:01:10.680000,0 days 00:00:17.822000,0 days 00:00:31.408000,0 days 00:00:21.450000,HARD,16.0,3.0,,,1,14.0,False,2025,Austria,R,70.68,17.822,31.408,21.45,71.0675,0.38749999999998863,70.144,0.5360000000000014,-0.38749999999998863,73.98,72.604,1.3760000000000048,70.0,0.7857142857142857,30.0,0.5333333333333333,256.0,3025.0,0,0,1,0,0,0,1,0.0,0.0,16.0,29
COL,Alpine,56.0,0 days 00:01:10.569000,0 days 00:00:17.735000,0 days 00:00:31.352000,0 days 00:00:21.482000,HARD,17.0,3.0,,,1,14.0,False,2025,Austria,R,70.569,17.735,31.352,21.482,71.0675,0.49849999999999284,70.144,0.42499999999999716,-0.49849999999999284,73.929,72.604,1.3250000000000028,70.0,0.8,30.0,0.5666666666666667,289.0,3136.0,0,0,1,0,0,0,1,0.0,0.0,17.0,29
COL,Alpine,57.0,0 days 00:01:10.216000,0 days 00:00:17.746000,0 days 00:00:31.228000,0 days 00:00:21.242000,HARD,18.0,3.0,,,1,14.0,False,2025,Austria,R,70.216,17.746,31.228,21.242,71.0675,0.8515000000000015,70.144,0.07199999999998852,-0.8515000000000015,73.636,72.604,1.0319999999999965,70.0,0.8142857142857143,30.0,0.6,324.0,3249.0,0,0,1,0,0,0,1,0.0,0.0,18.0,29
COL,Alpine,58.0,0 days 00:01:10.328000,0 days 00:00:17.698000,0 days 00:00:31.306000,0 days 00:00:21.324000,HARD,19.0,3.0,,,1,14.0,False,2025,Austria,R,70.328,17.698,31.306,21.324,71.0675,0.7394999999999925,70.144,0.1839999999999975,-0.7394999999999925,73.808,72.604,1.2040000000000077,70.0,0.8285714285714286,30.0,0.6333333333333333,361.0,3364.0,0,0,1,0,0,0,1,0.0,0.0,19.0,29
COL,Alpine,59.0,0 days 00:01:11.852000,0 days 00:00:18.636000,0 days 00:00:31.809000,0 days 00:00:21.407000,HARD,20.0,3.0,,,1,14.0,False,2025,Austria,R,71.852,18.636,31.809,21.407,71.0675,0.7845000000000084,70.144,1.7079999999999984,0.7845000000000084,75.39200000000001,72.604,2.788000000000011,70.0,0.8428571428571429,30.0,0.6666666666666666,400.0,3481.0,0,0,1,0,0,0,1,0.0,0.0,20.0,29
COL,Alpine,60.0,0 days 00:01:10.466000,0 days 00:00:17.749000,0 days 00:00:31.357000,0 days 00:00:21.360000,HARD,21.0,3.0,,,1,14.0,False,2025,Austria,R,70.466,17.749,31.357,21.36,71.0675,0.6015000000000015,70.144,0.3219999999999885,-0.6015000000000015,74.06599999999999,72.604,1.461999999999989,70.0,0.8571428571428571,30.0,0.7,441.0,3600.0,0,0,1,0,0,0,1,0.0,0.0,21.0,29
COL,Alpine,61.0,0 days 00:01:10.420000,0 days 00:00:17.689000,0 days 00:00:31.486000,0 days 00:00:21.245000,HARD,22.0,3.0,,,1,14.0,False,2025,Austria,R,70.42,17.689,31.486,21.245,71.0675,0.6474999999999937,70.144,0.27599999999999625,-0.6474999999999937,74.08,72.604,1.475999999999999,70.0,0.8714285714285714,30.0,0.7333333333333333,484.0,3721.0,0,0,1,0,0,0,1,0.0,0.0,22.0,29
COL,Alpine,62.0,0 days 00:01:10.493000,0 days 00:00:17.739000,0 days 00:00:31.310000,0 days 00:00:21.444000,HARD,23.0,3.0,,,1,14.0,False,2025,Austria,R,70.493,17.739,31.31,21.444,71.0675,0.5745000000000005,70.144,0.34899999999998954,-0.5745000000000005,74.213,72.604,1.6089999999999947,70.0,0.8857142857142857,30.0,0.7666666666666667,529.0,3844.0,0,0,1,0,0,0,1,0.0,0.0,23.0,29
COL,Alpine,63.0,0 days 00:01:10.426000,0 days 00:00:17.768000,0 days 00:00:31.382000,0 days 00:00:21.276000,HARD,24.0,3.0,,,1,14.0,False,2025,Austria,R,70.426,17.768,31.382,21.276,71.0675,0.6414999999999935,70.144,0.2819999999999965,-0.6414999999999935,74.206,72.604,1.6020000000000039,70.0,0.9,30.0,0.8,576.0,3969.0,0,0,1,0,0,0,1,0.0,0.0,24.0,29
COL,Alpine,64.0,0 days 00:01:12.314000,0 days 00:00:18.978000,0 days 00:00:31.837000,0 days 00:00:21.499000,HARD,25.0,3.0,,,1,14.0,False,2025,Austria,R,72.314,18.978,31.837,21.499,71.0675,1.2464999999999975,70.144,2.1699999999999875,1.2464999999999975,76.154,72.604,3.549999999999997,70.0,0.9142857142857143,30.0,0.8333333333333334,625.0,4096.0,0,0,1,0,0,0,1,0.0,0.0,25.0,29
COL,Alpine,65.0,0 days 00:01:10.853000,0 days 00:00:17.806000,0 days 00:00:31.648000,0 days 00:00:21.399000,HARD,26.0,3.0,,,1,14.0,False,2025,Austria,R,70.853,17.806,31.648,21.399,71.0675,0.21450000000000102,70.144,0.708999999999989,-0.21450000000000102,74.753,72.604,2.149000000000001,70.0,0.9285714285714286,30.0,0.8666666666666667,676.0,4225.0,0,0,1,0,0,0,1,0.0,0.0,26.0,29
COL,Alpine,66.0,0 days 00:01:11.726000,0 days 00:00:17.871000,0 days 00:00:32.257000,0 days 00:00:21.598000,HARD,27.0,3.0,,,1,15.0,False,2025,Austria,R,71.726,17.871,32.257,21.598,71.0675,0.6585000000000036,70.144,1.5819999999999936,0.6585000000000036,75.68599999999999,72.604,3.0819999999999936,70.0,0.9428571428571428,30.0,0.9,729.0,4356.0,0,0,1,0,0,0,1,0.0,0.0,27.0,29
COL,Alpine,67.0,0 days 00:01:10.928000,0 days 00:00:17.790000,0 days 00:00:31.622000,0 days 00:00:21.516000,HARD,28.0,3.0,,,1,15.0,False,2025,Austria,R,70.928,17.79,31.622,21.516,71.0675,0.13949999999999818,70.144,0.7839999999999918,-0.13949999999999818,74.948,72.604,2.343999999999994,70.0,0.9571428571428572,30.0,0.9333333333333333,784.0,4489.0,0,0,1,0,0,0,1,0.0,0.0,28.0,29
COL,Alpine,68.0,0 days 00:01:10.677000,0 days 00:00:17.690000,0 days 00:00:31.581000,0 days 00:00:21.406000,HARD,29.0,3.0,,,1,15.0,False,2025,Austria,R,70.677,17.69,31.581,21.406,71.0675,0.39049999999998875,70.144,0.5330000000000013,-0.39049999999998875,74.757,72.604,2.153000000000006,70.0,0.9714285714285714,30.0,0.9666666666666667,841.0,4624.0,0,0,1,0,0,0,1,0.0,0.0,29.0,29
COL,Alpine,69.0,0 days 00:01:10.116000,0 days 00:00:17.655000,0 days 00:00:31.326000,0 days 00:00:21.135000,HARD,30.0,3.0,,,1,15.0,False,2025,Austria,R,70.116,17.655,31.326,21.135,71.0675,0.9514999999999958,70.144,-0.028000000000005798,-0.9514999999999958,74.256,72.604,1.652000000000001,70.0,0.9857142857142858,30.0,1.0,900.0,4761.0,0,0,1,0,0,0,1,0.0,0.0,30.0,29
GAS,Alpine,4.0,0 days 00:01:11.859000,0 days 00:00:17.604000,0 days 00:00:32.211000,0 days 00:00:22.044000,SOFT,7.0,1.0,,,1,6.0,False,2025,Austria,R,71.859,17.604,32.211,22.044,71.146,0.7129999999999939,71.859,0.0,0.7129999999999939,72.09899999999999,72.09899999999999,0.0,70.0,0.05714285714285714,14.0,0.5,49.0,16.0,1,0,0,1,1,0,0,7.0,0.0,0.0,8
GAS,Alpine,5.0,0 days 00:01:11.097000,0 days 00:00:17.519000,0 days 00:00:31.688000,0 days 00:00:21.890000,SOFT,8.0,1.0,,,1,6.0,False,2025,Austria,R,71.097,17.519,31.688,21.89,71.146,0.049000000000006594,71.859,-0.7620000000000005,-0.049000000000006594,71.39699999999999,72.09899999999999,-0.7019999999999982,70.0,0.07142857142857142,14.0,0.5714285714285714,64.0,25.0,1,0,0,1,1,0,0,8.0,0.0,0.0,8
GAS,Alpine,6.0,0 days 00:01:10.776000,0 days 00:00:17.391000,0 days 00:00:31.416000,0 days 00:00:21.969000,SOFT,9.0,1.0,,,1,6.0,False,2025,Austria,R,70.776,17.391,31.416,21.969,71.146,0.37000000000000455,71.859,-1.0829999999999984,-0.37000000000000455,71.136,72.09899999999999,-0.9629999999999939,70.0,0.08571428571428572,14.0,0.6428571428571429,81.0,36.0,1,0,0,1,1,0,0,9.0,0.0,0.0,8
GAS,Alpine,7.0,0 days 00:01:10.854000,0 days 00:00:17.430000,0 days 00:00:31.540000,0 days 00:00:21.884000,SOFT,10.0,1.0,,,1,6.0,False,2025,Austria,R,70.854,17.43,31.54,21.884,71.146,0.2920000000000016,71.859,-1.0049999999999955,-0.2920000000000016,71.274,72.09899999999999,-0.8249999999999886,70.0,0.1,14.0,0.7142857142857143,100.0,49.0,1,0,0,1,1,0,0,10.0,0.0,0.0,8
GAS,Alpine,8.0,0 days 00:01:11.025000,0 days 00:00:17.713000,0 days 00:00:31.614000,0 days 00:00:21.698000,SOFT,11.0,1.0,,,1,6.0,False,2025,Austria,R,71.025,17.713,31.614,21.698,71.146,0.12099999999999511,71.859,-0.833999999999989,-0.12099999999999511,71.50500000000001,72.09899999999999,-0.5939999999999799,70.0,0.11428571428571428,14.0,0.7857142857142857,121.0,64.0,1,0,0,1,1,0,0,11.0,0.0,0.0,8
GAS,Alpine,9.0,0 days 00:01:12.131000,0 days 00:00:17.784000,0 days 00:00:32.418000,0 days 00:00:21.929000,SOFT,12.0,1.0,,,1,7.0,False,2025,Austria,R,72.131,17.784,32.418,21.929,71.146,0.9849999999999994,71.859,0.27200000000000557,0.9849999999999994,72.671,72.09899999999999,0.5720000000000169,70.0,0.12857142857142856,14.0,0.8571428571428571,144.0,81.0,1,0,0,1,1,0,0,12.0,0.0,0.0,8
GAS,Alpine,10.0,0 days 00:01:11.575000,0 days 00:00:17.552000,0 days 00:00:31.898000,0 days 00:00:22.125000,SOFT,13.0,1.0,,,1,7.0,False,2025,Austria,R,71.575,17.552,31.898,22.125,71.146,0.42900000000000205,71.859,-0.2839999999999918,0.42900000000000205,72.175,72.09899999999999,0.07600000000000762,70.0,0.14285714285714285,14.0,0.9285714285714286,169.0,100.0,1,0,0,1,1,0,0,13.0,0.0,0.0,8
GAS,Alpine,11.0,0 days 00:01:11.522000,0 days 00:00:17.563000,0 days 00:00:31.916000,0 days 00:00:22.043000,SOFT,14.0,1.0,,,1,7.0,False,2025,Austria,R,71.522,17.563,31.916,22.043,71.146,0.3760000000000048,71.859,-0.3369999999999891,0.3760000000000048,72.182,72.09899999999999,0.08300000000001262,70.0,0.15714285714285714,14.0,1.0,196.0,121.0,1,0,0,1,1,0,0,14.0,0.0,0.0,8
GAS,Alpine,14.0,0 days 00:01:10.994000,0 days 00:00:17.466000,0 days 00:00:31.765000,0 days 00:00:21.763000,HARD,2.0,2.0,,,1,15.0,False,2025,Austria,R,70.994,17.466,31.765,21.763,71.146,0.15200000000000102,70.994,0.0,-0.15200000000000102,71.834,71.834,0.0,70.0,0.2,25.0,0.08,4.0,196.0,0,1,0,1,0,0,1,0.0,0.0,2.0,24
GAS,Alpine,15.0,0 days 00:01:10.300000,0 days 00:00:17.503000,0 days 00:00:31.193000,0 days 00:00:21.604000,HARD,3.0,2.0,,,1,13.0,False,2025,Austria,R,70.3,17.503,31.193,21.604,71.146,0.8460000000000036,70.994,-0.6940000000000026,-0.8460000000000036,71.2,71.834,-0.6340000000000003,70.0,0.21428571428571427,25.0,0.12,9.0,225.0,0,1,0,1,0,0,1,0.0,0.0,3.0,24
GAS,Alpine,16.0,0 days 00:01:11.071000,0 days 00:00:17.819000,0 days 00:00:31.525000,0 days 00:00:21.727000,HARD,4.0,2.0,,,1,13.0,False,2025,Austria,R,71.071,17.819,31.525,21.727,71.146,0.07500000000000284,70.994,0.07699999999999818,-0.07500000000000284,72.03099999999999,71.834,0.19699999999998852,70.0,0.22857142857142856,25.0,0.16,16.0,256.0,0,1,0,1,0,0,1,0.0,0.0,4.0,24
GAS,Alpine,17.0,0 days 00:01:11.036000,0 days 00:00:17.860000,0 days 00:00:31.493000,0 days 00:00:21.683000,HARD,5.0,2.0,,,1,13.0,False,2025,Austria,R,71.036,17.86,31.493,21.683,71.146,0.10999999999999943,70.994,0.04200000000000159,-0.10999999999999943,72.056,71.834,0.2219999999999942,70.0,0.24285714285714285,25.0,0.2,25.0,289.0,0,1,0,1,0,0,1,0.0,0.0,5.0,24
GAS,Alpine,18.0,0 days 00:01:11.249000,0 days 00:00:17.916000,0 days 00:00:31.571000,0 days 00:00:21.762000,HARD,6.0,2.0,,,1,13.0,False,2025,Austria,R,71.249,17.916,31.571,21.762,71.146,0.10299999999999443,70.994,0.25499999999999545,0.10299999999999443,72.329,71.834,0.49499999999999034,70.0,0.2571428571428571,25.0,0.24,36.0,324.0,0,1,0,1,0,0,1,0.0,0.0,6.0,24
GAS,Alpine,19.0,0 days 00:01:11.320000,0 days 00:00:17.807000,0 days 00:00:31.647000,0 days 00:00:21.866000,HARD,7.0,2.0,,,1,12.0,False,2025,Austria,R,71.32,17.807,31.647,21.866,71.146,0.17399999999999238,70.994,0.3259999999999934,0.17399999999999238,72.46,71.834,0.6259999999999906,70.0,0.2714285714285714,25.0,0.28,49.0,361.0,0,1,0,1,0,0,1,0.0,0.0,7.0,24
GAS,Alpine,20.0,0 days 00:01:11.208000,0 days 00:00:17.808000,0 days 00:00:31.565000,0 days 00:00:21.835000,HARD,8.0,2.0,,,1,11.0,False,2025,Austria,R,71.208,17.808,31.565,21.835,71.146,0.06199999999999761,70.994,0.21399999999999864,0.06199999999999761,72.408,71.834,0.5739999999999981,70.0,0.2857142857142857,25.0,0.32,64.0,400.0,0,1,0,1,0,0,1,0.0,0.0,8.0,24
GAS,Alpine,21.0,0 days 00:01:11.320000,0 days 00:00:17.729000,0 days 00:00:31.588000,0 days 00:00:22.003000,HARD,9.0,2.0,,,1,11.0,False,2025,Austria,R,71.32,17.729,31.588,22.003,71.146,0.17399999999999238,70.994,0.3259999999999934,0.17399999999999238,72.58,71.834,0.7459999999999951,70.0,0.3,25.0,0.36,81.0,441.0,0,1,0,1,0,0,1,0.0,0.0,9.0,24
GAS,Alpine,22.0,0 days 00:01:11.343000,0 days 00:00:17.717000,0 days 00:00:31.649000,0 days 00:00:21.977000,HARD,10.0,2.0,,,1,10.0,False,2025,Austria,R,71.343,17.717,31.649,21.977,71.146,0.19700000000000273,70.994,0.34900000000000375,0.19700000000000273,72.663,71.834,0.8289999999999935,70.0,0.3142857142857143,25.0,0.4,100.0,484.0,0,1,0,1,0,0,1,0.0,0.0,10.0,24
GAS,Alpine,23.0,0 days 00:01:11.065000,0 days 00:00:17.712000,0 days 00:00:31.501000,0 days 00:00:21.852000,HARD,11.0,2.0,,,1,10.0,False,2025,Austria,R,71.065,17.712,31.501,21.852,71.146,0.08100000000000307,70.994,0.07099999999999795,-0.08100000000000307,72.445,71.834,0.61099999999999,70.0,0.32857142857142857,25.0,0.44,121.0,529.0,0,1,0,1,0,0,1,0.0,0.0,11.0,24
GAS,Alpine,24.0,0 days 00:01:11.337000,0 days 00:00:17.799000,0 days 00:00:31.579000,0 days 00:00:21.959000,HARD,12.0,2.0,,,1,10.0,False,2025,Austria,R,71.337,17.799,31.579,21.959,71.146,0.1910000000000025,70.994,0.3430000000000035,0.1910000000000025,72.777,71.834,0.9429999999999978,70.0,0.34285714285714286,25.0,0.48,144.0,576.0,0,1,0,0,0,0,1,0.0,0.0,12.0,24
GAS,Alpine,25.0,0 days 00:01:11.918000,0 days 00:00:17.759000,0 days 00:00:31.779000,0 days 00:00:22.380000,HARD,13.0,2.0,,,1,10.0,False,2025,Austria,R,71.918,17.759,31.779,22.38,71.146,0.7720000000000056,70.994,0.9240000000000066,0.7720000000000056,73.418,71.834,1.5840000000000032,70.0,0.35714285714285715,25.0,0.52,169.0,625.0,0,1,0,0,0,0,1,0.0,0.0,13.0,24
GAS,Alpine,26.0,0 days 00:01:11.328000,0 days 00:00:17.574000,0 days 00:00:31.757000,0 days 00:00:21.997000,HARD,14.0,2.0,,,1,9.0,False,2025,Austria,R,71.328,17.574,31.757,21.997,71.146,0.18200000000000216,70.994,0.3340000000000032,0.18200000000000216,72.888,71.834,1.054000000000002,70.0,0.37142857142857144,25.0,0.56,196.0,676.0,0,1,0,0,0,0,1,0.0,0.0,14.0,24
GAS,Alpine,27.0,0 days 00:01:13.418000,0 days 00:00:17.773000,0 days 00:00:32.979000,0 days 00:00:22.666000,HARD,15.0,2.0,,,1,11.0,False,2025,Austria,R,73.418,17.773,32.979,22.666,71.146,2.2720000000000056,70.994,2.4240000000000066,2.2720000000000056,75.03800000000001,71.834,3.2040000000000077,70.0,0.38571428571428573,25.0,0.6,225.0,729.0,0,1,0,0,0,0,1,0.0,0.0,15.0,24
GAS,Alpine,28.0,0 days 00:01:12.238000,0 days 00:00:17.826000,0 days 00:00:32.169000,0 days 00:00:22.243000,HARD,16.0,2.0,,,1,11.0,False,2025,Austria,R,72.238,17.826,32.169,22.243,71.146,1.0919999999999987,70.994,1.2439999999999998,1.0919999999999987,73.918,71.834,2.084000000000003,70.0,0.4,25.0,0.64,256.0,784.0,0,1,0,0,0,0,1,0.0,0.0,16.0,24
GAS,Alpine,29.0,0 days 00:01:11.575000,0 days 00:00:17.835000,0 days 00:00:31.794000,0 days 00:00:21.946000,HARD,17.0,2.0,,,1,10.0,False,2025,Austria,R,71.575,17.835,31.794,21.946,71.146,0.42900000000000205,70.994,0.5810000000000031,0.42900000000000205,73.315,71.834,1.4809999999999945,70.0,0.4142857142857143,25.0,0.68,289.0,841.0,0,1,0,0,0,0,1,0.0,0.0,17.0,24
GAS,Alpine,30.0,0 days 00:01:11.672000,0 days 00:00:17.891000,0 days 00:00:31.707000,0 days 00:00:22.074000,HARD,18.0,2.0,,,12,10.0,False,2025,Austria,R,71.672,17.891,31.707,22.074,71.146,0.5259999999999962,70.994,0.6779999999999973,0.5259999999999962,73.472,71.834,1.637999999999991,70.0,0.42857142857142855,25.0,0.72,324.0,900.0,0,1,0,0,0,0,1,0.0,0.0,18.0,24
GAS,Alpine,31.0,0 days 00:01:11.380000,0 days 00:00:17.845000,0 days 00:00:31.771000,0 days 00:00:21.764000,HARD,19.0,2.0,,,1,10.0,False,2025,Austria,R,71.38,17.845,31.771,21.764,71.146,0.23399999999999466,70.994,0.3859999999999957,0.23399999999999466,73.24,71.834,1.4059999999999917,70.0,0.44285714285714284,25.0,0.76,361.0,961.0,0,1,0,0,0,0,1,0.0,0.0,19.0,24
GAS,Alpine,32.0,0 days 00:01:11.787000,0 days 00:00:17.926000,0 days 00:00:31.905000,0 days 00:00:21.956000,HARD,20.0,2.0,,,1,10.0,False,2025,Austria,R,71.787,17.926,31.905,21.956,71.146,0.6410000000000053,70.994,0.7930000000000064,0.6410000000000053,73.70700000000001,71.834,1.8730000000000047,70.0,0.45714285714285713,25.0,0.8,400.0,1024.0,0,1,0,0,0,0,1,0.0,0.0,20.0,24
GAS,Alpine,33.0,0 days 00:01:12.553000,0 days 00:00:17.947000,0 days 00:00:32.477000,0 days 00:00:22.129000,HARD,21.0,2.0,,,1,10.0,False,2025,Austria,R,72.553,17.947,32.477,22.129,71.146,1.4069999999999965,70.994,1.5589999999999975,1.4069999999999965,74.533,71.834,2.698999999999998,70.0,0.4714285714285714,25.0,0.84,441.0,1089.0,0,1,0,0,0,0,1,0.0,0.0,21.0,24
GAS,Alpine,34.0,0 days 00:01:11.705000,0 days 00:00:17.861000,0 days 00:00:31.842000,0 days 00:00:22.002000,HARD,22.0,2.0,,,1,9.0,False,2025,Austria,R,71.705,17.861,31.842,22.002,71.146,0.5589999999999975,70.994,0.7109999999999985,0.5589999999999975,73.745,71.834,1.9110000000000014,70.0,0.4857142857142857,25.0,0.88,484.0,1156.0,0,1,0,0,0,0,1,0.0,0.0,22.0,24
GAS,Alpine,35.0,0 days 00:01:12.905000,0 days 00:00:17.914000,0 days 00:00:32.843000,0 days 00:00:22.148000,HARD,23.0,2.0,,,1,10.0,False,2025,Austria,R,72.905,17.914,32.843,22.148,71.146,1.7590000000000003,70.994,1.9110000000000014,1.7590000000000003,75.005,71.834,3.1709999999999923,70.0,0.5,25.0,0.92,529.0,1225.0,0,1,0,0,0,0,1,0.0,0.0,23.0,24
GAS,Alpine,36.0,0 days 00:01:11.629000,0 days 00:00:17.621000,0 days 00:00:31.912000,0 days 00:00:22.096000,HARD,24.0,2.0,,,1,10.0,False,2025,Austria,R,71.629,17.621,31.912,22.096,71.146,0.4830000000000041,70.994,0.6350000000000051,0.4830000000000041,73.789,71.834,1.9549999999999983,70.0,0.5142857142857142,25.0,0.96,576.0,1296.0,0,1,0,0,0,0,1,0.0,0.0,24.0,24
GAS,Alpine,37.0,0 days 00:01:11.574000,0 days 00:00:17.792000,0 days 00:00:31.684000,0 days 00:00:22.098000,HARD,25.0,2.0,,,1,10.0,False,2025,Austria,R,71.574,17.792,31.684,22.098,71.146,0.42799999999999727,70.994,0.5799999999999983,0.42799999999999727,73.794,71.834,1.9599999999999937,70.0,0.5285714285714286,25.0,1.0,625.0,1369.0,0,1,0,0,0,0,1,0.0,0.0,25.0,24
GAS,Alpine,40.0,0 days 00:01:10.757000,0 days 00:00:17.723000,0 days 00:00:31.534000,0 days 00:00:21.500000,MEDIUM,2.0,3.0,,,1,14.0,False,2025,Austria,R,70.757,17.723,31.534,21.5,71.146,0.3889999999999958,70.757,0.0,-0.3889999999999958,73.15700000000001,73.15700000000001,0.0,70.0,0.5714285714285714,31.0,0.06451612903225806,4.0,1600.0,0,0,0,0,0,1,0,0.0,2.0,0.0,30
GAS,Alpine,41.0,0 days 00:01:10.241000,0 days 00:00:17.781000,0 days 00:00:31.133000,0 days 00:00:21.327000,MEDIUM,3.0,3.0,,,1,14.0,False,2025,Austria,R,70.241,17.781,31.133,21.327,71.146,0.9050000000000011,70.757,-0.5160000000000053,-0.9050000000000011,72.701,73.15700000000001,-0.4560000000000173,70.0,0.5857142857142857,31.0,0.0967741935483871,9.0,1681.0,0,0,0,0,0,1,0,0.0,3.0,0.0,30
GAS,Alpine,42.0,0 days 00:01:10.463000,0 days 00:00:17.746000,0 days 00:00:31.175000,0 days 00:00:21.542000,MEDIUM,4.0,3.0,,,1,14.0,False,2025,Austria,R,70.463,17.746,31.175,21.542,71.146,0.6830000000000069,70.757,-0.29400000000001114,-0.6830000000000069,72.98299999999999,73.15700000000001,-0.1740000000000208,70.0,0.6,31.0,0.12903225806451613,16.0,1764.0,0,0,0,0,0,1,0,0.0,4.0,0.0,30
GAS,Alpine,43.0,0 days 00:01:10.216000,0 days 00:00:17.774000,0 days 00:00:31.186000,0 days 00:00:21.256000,MEDIUM,5.0,3.0,,,1,14.0,False,2025,Austria,R,70.216,17.774,31.186,21.256,71.146,0.9300000000000068,70.757,-0.541000000000011,-0.9300000000000068,72.79599999999999,73.15700000000001,-0.3610000000000184,70.0,0.6142857142857143,31.0,0.16129032258064516,25.0,1849.0,0,0,0,0,0,1,0,0.0,5.0,0.0,30
GAS,Alpine,44.0,0 days 00:01:10.405000,0 days 00:00:17.637000,0 days 00:00:31.301000,0 days 00:00:21.467000,MEDIUM,6.0,3.0,,,1,14.0,False,2025,Austria,R,70.405,17.637,31.301,21.467,71.146,0.7409999999999997,70.757,-0.35200000000000387,-0.7409999999999997,73.045,73.15700000000001,-0.11200000000000898,70.0,0.6285714285714286,31.0,0.1935483870967742,36.0,1936.0,0,0,0,0,0,1,0,0.0,6.0,0.0,30
GAS,Alpine,45.0,0 days 00:01:10.179000,0 days 00:00:17.540000,0 days 00:00:31.157000,0 days 00:00:21.482000,MEDIUM,7.0,3.0,,,1,14.0,False,2025,Austria,R,70.179,17.54,31.157,21.482,71.146,0.9669999999999987,70.757,-0.578000000000003,-0.9669999999999987,72.879,73.15700000000001,-0.2780000000000058,70.0,0.6428571428571429,31.0,0.22580645161290322,49.0,2025.0,0,0,0,0,0,1,0,0.0,7.0,0.0,30
GAS,Alpine,46.0,0 days 00:01:10.151000,0 days 00:00:17.573000,0 days 00:00:31.116000,0 days 00:00:21.462000,MEDIUM,8.0,3.0,,,1,14.0,False,2025,Austria,R,70.151,17.573,31.116,21.462,71.146,0.9950000000000045,70.757,-0.6060000000000088,-0.9950000000000045,72.911,73.15700000000001,-0.24600000000000932,70.0,0.6571428571428571,31.0,0.25806451612903225,64.0,2116.0,0,0,0,0,0,1,0,0.0,8.0,0.0,30
GAS,Alpine,47.0,0 days 00:01:10.210000,0 days 00:00:17.632000,0 days 00:00:31.131000,0 days 00:00:21.447000,MEDIUM,9.0,3.0,,,1,14.0,False,2025,Austria,R,70.21,17.632,31.131,21.447,71.146,0.936000000000007,70.757,-0.5470000000000113,-0.936000000000007,73.02999999999999,73.15700000000001,-0.12700000000002376,70.0,0.6714285714285714,31.0,0.2903225806451613,81.0,2209.0,0,0,1,0,0,1,0,0.0,9.0,0.0,30
GAS,Alpine,48.0,0 days 00:01:10.476000,0 days 00:00:17.580000,0 days 00:00:31.285000,0 days 00:00:21.611000,MEDIUM,10.0,3.0,,,1,14.0,False,2025,Austria,R,70.476,17.58,31.285,21.611,71.146,0.6700000000000017,70.757,-0.2810000000000059,-0.6700000000000017,73.356,73.15700000000001,0.19899999999998386,70.0,0.6857142857142857,31.0,0.3225806451612903,100.0,2304.0,0,0,1,0,0,1,0,0.0,10.0,0.0,30
GAS,Alpine,49.0,0 days 00:01:10.554000,0 days 00:00:17.568000,0 days 00:00:31.423000,0 days 00:00:21.563000,MEDIUM,11.0,3.0,,,1,14.0,False,2025,Austria,R,70.554,17.568,31.423,21.563,71.146,0.5919999999999987,70.757,-0.20300000000000296,-0.5919999999999987,73.494,73.15700000000001,0.3369999999999891,70.0,0.7,31.0,0.3548387096774194,121.0,2401.0,0,0,1,0,0,1,0,0.0,11.0,0.0,30
GAS,Alpine,50.0,0 days 00:01:10.723000,0 days 00:00:17.606000,0 days 00:00:31.386000,0 days 00:00:21.731000,MEDIUM,12.0,3.0,,,1,14.0,False,2025,Austria,R,70.723,17.606,31.386,21.731,71.146,0.4230000000000018,70.757,-0.034000000000006025,-0.4230000000000018,73.723,73.15700000000001,0.5659999999999883,70.0,0.7142857142857143,31.0,0.3870967741935484,144.0,2500.0,0,0,1,0,0,1,0,0.0,12.0,0.0,30
GAS,Alpine,51.0,0 days 00:01:11.133000,0 days 00:00:17.416000,0 days 00:00:31.718000,0 days 00:00:21.999000,MEDIUM,13.0,3.0,,,1,14.0,False,2025,Austria,R,71.133,17.416,31.718,21.999,71.146,0.01300000000000523,70.757,0.37599999999999056,-0.01300000000000523,74.193,73.15700000000001,1.0359999999999872,70.0,0.7285714285714285,31.0,0.41935483870967744,169.0,2601.0,0,0,1,0,0,1,0,0.0,13.0,0.0,30
GAS,Alpine,52.0,0 days 00:01:10.902000,0 days 00:00:17.403000,0 days 00:00:31.750000,0 days 00:00:21.749000,MEDIUM,14.0,3.0,,,1,14.0,False,2025,Austria,R,70.902,17.403,31.75,21.749,71.146,0.24399999999999977,70.757,0.14499999999999602,-0.24399999999999977,74.022,73.15700000000001,0.8649999999999949,70.0,0.7428571428571429,31.0,0.45161290322580644,196.0,2704.0,0,0,1,0,0,1,0,0.0,14.0,0.0,30
GAS,Alpine,53.0,0 days 00:01:10.383000,0 days 00:00:17.308000,0 days 00:00:31.483000,0 days 00:00:21.592000,MEDIUM,15.0,3.0,,,1,13.0,False,2025,Austria,R,70.383,17.308,31.483,21.592,71.146,0.7630000000000052,70.757,-0.37400000000000944,-0.7630000000000052,73.56299999999999,73.15700000000001,0.4059999999999775,70.0,0.7571428571428571,31.0,0.4838709677419355,225.0,2809.0,0,0,1,0,0,1,0,0.0,15.0,0.0,30
GAS,Alpine,54.0,0 days 00:01:11.812000,0 days 00:00:17.909000,0 days 00:00:31.812000,0 days 00:00:22.091000,MEDIUM,16.0,3.0,,,1,13.0,False,2025,Austria,R,71.812,17.909,31.812,22.091,71.146,0.6659999999999968,70.757,1.0549999999999926,0.6659999999999968,75.05199999999999,73.15700000000001,1.8949999999999818,70.0,0.7714285714285715,31.0,0.5161290322580645,256.0,2916.0,0,0,1,0,0,1,0,0.0,16.0,0.0,30
GAS,Alpine,55.0,0 days 00:01:11.228000,0 days 00:00:17.936000,0 days 00:00:31.547000,0 days 00:00:21.745000,MEDIUM,17.0,3.0,,,1,13.0,False,2025,Austria,R,71.228,17.936,31.547,21.745,71.146,0.08199999999999363,70.757,0.4709999999999894,0.08199999999999363,74.52799999999999,73.15700000000001,1.370999999999981,70.0,0.7857142857142857,31.0,0.5483870967741935,289.0,3025.0,0,0,1,0,0,1,0,0.0,17.0,0.0,30
GAS,Alpine,56.0,0 days 00:01:11.532000,0 days 00:00:18.045000,0 days 00:00:31.747000,0 days 00:00:21.740000,MEDIUM,18.0,3.0,,,1,13.0,False,2025,Austria,R,71.532,18.045,31.747,21.74,71.146,0.3859999999999957,70.757,0.7749999999999915,0.3859999999999957,74.892,73.15700000000001,1.7349999999999852,70.0,0.8,31.0,0.5806451612903226,324.0,3136.0,0,0,1,0,0,1,0,0.0,18.0,0.0,30
GAS,Alpine,57.0,0 days 00:01:10.284000,0 days 00:00:17.662000,0 days 00:00:31.291000,0 days 00:00:21.331000,MEDIUM,19.0,3.0,,,1,13.0,False,2025,Austria,R,70.284,17.662,31.291,21.331,71.146,0.8619999999999948,70.757,-0.472999999999999,-0.8619999999999948,73.70400000000001,73.15700000000001,0.546999999999997,70.0,0.8142857142857143,31.0,0.6129032258064516,361.0,3249.0,0,0,1,0,0,1,0,0.0,19.0,0.0,30
GAS,Alpine,58.0,0 days 00:01:10.444000,0 days 00:00:17.727000,0 days 00:00:31.251000,0 days 00:00:21.466000,MEDIUM,20.0,3.0,,,1,13.0,False,2025,Austria,R,70.444,17.727,31.251,21.466,71.146,0.7019999999999982,70.757,-0.3130000000000024,-0.7019999999999982,73.924,73.15700000000001,0.7669999999999959,70.0,0.8285714285714286,31.0,0.6451612903225806,400.0,3364.0,0,0,1,0,0,1,0,0.0,20.0,0.0,30
GAS,Alpine,59.0,0 days 00:01:10.222000,0 days 00:00:17.677000,0 days 00:00:31.111000,0 days 00:00:21.434000,MEDIUM,21.0,3.0,,,1,13.0,False,2025,Austria,R,70.222,17.677,31.111,21.434,71.146,0.9240000000000066,70.757,-0.5350000000000108,-0.9240000000000066,73.762,73.15700000000001,0.6049999999999898,70.0,0.8428571428571429,31.0,0.6774193548387096,441.0,3481.0,0,0,1,0,0,1,0,0.0,21.0,0.0,30
GAS,Alpine,60.0,0 days 00:01:10.981000,0 days 00:00:17.679000,0 days 00:00:31.633000,0 days 00:00:21.669000,MEDIUM,22.0,3.0,,,1,13.0,False,2025,Austria,R,70.981,17.679,31.633,21.669,71.146,0.16500000000000625,70.757,0.22399999999998954,-0.16500000000000625,74.58099999999999,73.15700000000001,1.4239999999999782,70.0,0.8571428571428571,31.0,0.7096774193548387,484.0,3600.0,0,0,1,0,0,1,0,0.0,22.0,0.0,30
GAS,Alpine,61.0,0 days 00:01:10.903000,0 days 00:00:17.724000,0 days 00:00:31.515000,0 days 00:00:21.664000,MEDIUM,23.0,3.0,,,1,13.0,False,2025,Austria,R,70.903,17.724,31.515,21.664,71.146,0.242999999999995,70.757,0.1460000000000008,-0.242999999999995,74.563,73.15700000000001,1.4059999999999917,70.0,0.8714285714285714,31.0,0.7419354838709677,529.0,3721.0,0,0,1,0,0,1,0,0.0,23.0,0.0,30
GAS,Alpine,62.0,0 days 00:01:11.168000,0 days 00:00:17.781000,0 days 00:00:31.554000,0 days 00:00:21.833000,MEDIUM,24.0,3.0,,,1,13.0,False,2025,Austria,R,71.168,17.781,31.554,21.833,71.146,0.02200000000000557,70.757,0.41100000000000136,0.02200000000000557,74.888,73.15700000000001,1.7309999999999945,70.0,0.8857142857142857,31.0,0.7741935483870968,576.0,3844.0,0,0,1,0,0,1,0,0.0,24.0,0.0,30
GAS,Alpine,63.0,0 days 00:01:11.620000,0 days 00:00:18.307000,0 days 00:00:31.619000,0 days 00:00:21.694000,MEDIUM,25.0,3.0,,,1,13.0,False,2025,Austria,R,71.62,18.307,31.619,21.694,71.146,0.47400000000000375,70.757,0.8629999999999995,0.47400000000000375,75.4,73.15700000000001,2.242999999999995,70.0,0.9,31.0,0.8064516129032258,625.0,3969.0,0,0,1,0,0,1,0,0.0,25.0,0.0,30
GAS,Alpine,64.0,0 days 00:01:10.720000,0 days 00:00:17.694000,0 days 00:00:31.414000,0 days 00:00:21.612000,MEDIUM,26.0,3.0,,,1,13.0,False,2025,Austria,R,70.72,17.694,31.414,21.612,71.146,0.42600000000000193,70.757,-0.03700000000000614,-0.42600000000000193,74.56,73.15700000000001,1.4029999999999916,70.0,0.9142857142857143,31.0,0.8387096774193549,676.0,4096.0,0,0,1,0,0,1,0,0.0,26.0,0.0,30
GAS,Alpine,65.0,0 days 00:01:10.888000,0 days 00:00:17.673000,0 days 00:00:31.513000,0 days 00:00:21.702000,MEDIUM,27.0,3.0,,,1,13.0,False,2025,Austria,R,70.888,17.673,31.513,21.702,71.146,0.25799999999999557,70.757,0.13100000000000023,-0.25799999999999557,74.78800000000001,73.15700000000001,1.6310000000000002,70.0,0.9285714285714286,31.0,0.8709677419354839,729.0,4225.0,0,0,1,0,0,1,0,0.0,27.0,0.0,30
GAS,Alpine,66.0,0 days 00:01:11.146000,0 days 00:00:17.863000,0 days 00:00:31.603000,0 days 00:00:21.680000,MEDIUM,28.0,3.0,,,1,13.0,False,2025,Austria,R,71.146,17.863,31.603,21.68,71.146,0.0,70.757,0.3889999999999958,0.0,75.106,73.15700000000001,1.9489999999999839,70.0,0.9428571428571428,31.0,0.9032258064516129,784.0,4356.0,0,0,1,0,0,1,0,0.0,28.0,0.0,30
GAS,Alpine,67.0,0 days 00:01:12.536000,0 days 00:00:17.774000,0 days 00:00:31.635000,0 days 00:00:23.127000,MEDIUM,29.0,3.0,,,1,13.0,False,2025,Austria,R,72.536,17.774,31.635,23.127,71.146,1.3900000000000006,70.757,1.7789999999999964,1.3900000000000006,76.556,73.15700000000001,3.3989999999999867,70.0,0.9571428571428572,31.0,0.9354838709677419,841.0,4489.0,0,0,1,0,0,1,0,0.0,29.0,0.0,30
GAS,Alpine,68.0,0 days 00:01:10.816000,0 days 00:00:17.412000,0 days 00:00:31.622000,0 days 00:00:21.782000,MEDIUM,30.0,3.0,,,1,13.0,False,2025,Austria,R,70.816,17.412,31.622,21.782,71.146,0.3299999999999983,70.757,0.0589999999999975,-0.3299999999999983,74.896,73.15700000000001,1.73899999999999,70.0,0.9714285714285714,31.0,0.967741935483871,900.0,4624.0,0,0,1,0,0,1,0,0.0,30.0,0.0,30
GAS,Alpine,69.0,0 days 00:01:11.027000,0 days 00:00:17.648000,0 days 00:00:31.673000,0 days 00:00:21.706000,MEDIUM,31.0,3.0,,,1,13.0,False,2025,Austria,R,71.027,17.648,31.673,21.706,71.146,0.11899999999999977,70.757,0.269999999999996,-0.11899999999999977,75.167,73.15700000000001,2.009999999999991,70.0,0.9857142857142858,31.0,1.0,961.0,4761.0,0,0,1,0,0,1,0,0.0,31.0,0.0,30
HAD,Racing Bulls,4.0,0 days 00:01:12.286000,0 days 00:00:17.717000,0 days 00:00:32.424000,0 days 00:00:22.145000,MEDIUM,2.0,2.0,,,1,17.0,False,2025,Austria,R,72.286,17.717,32.424,22.145,71.315,0.9710000000000036,72.286,0.0,0.9710000000000036,72.526,72.526,0.0,70.0,0.05714285714285714,25.0,0.08,4.0,16.0,0,1,0,1,0,1,0,0.0,2.0,0.0,24
HAD,Racing Bulls,5.0,0 days 00:01:12.011000,0 days 00:00:17.497000,0 days 00:00:32.233000,0 days 00:00:22.281000,MEDIUM,3.0,2.0,,,1,17.0,False,2025,Austria,R,72.011,17.497,32.233,22.281,71.315,0.695999999999998,72.286,-0.2750000000000057,0.695999999999998,72.31099999999999,72.526,-0.2150000000000034,70.0,0.07142857142857142,25.0,0.12,9.0,25.0,0,1,0,1,0,1,0,0.0,3.0,0.0,24
HAD,Racing Bulls,6.0,0 days 00:01:12.078000,0 days 00:00:17.292000,0 days 00:00:32.514000,0 days 00:00:22.272000,MEDIUM,4.0,2.0,,,1,17.0,False,2025,Austria,R,72.078,17.292,32.514,22.272,71.315,0.7630000000000052,72.286,-0.2079999999999984,0.7630000000000052,72.438,72.526,-0.08799999999999386,70.0,0.08571428571428572,25.0,0.16,16.0,36.0,0,1,0,1,0,1,0,0.0,4.0,0.0,24
HAD,Racing Bulls,7.0,0 days 00:01:11.578000,0 days 00:00:17.305000,0 days 00:00:32.274000,0 days 00:00:21.999000,MEDIUM,5.0,2.0,,,1,17.0,False,2025,Austria,R,71.578,17.305,32.274,21.999,71.315,0.26300000000000523,72.286,-0.7079999999999984,0.26300000000000523,71.998,72.526,-0.5279999999999916,70.0,0.1,25.0,0.2,25.0,49.0,0,1,0,1,0,1,0,0.0,5.0,0.0,24
HAD,Racing Bulls,8.0,0 days 00:01:10.974000,0 days 00:00:17.340000,0 days 00:00:31.853000,0 days 00:00:21.781000,MEDIUM,6.0,2.0,,,1,17.0,False,2025,Austria,R,70.974,17.34,31.853,21.781,71.315,0.340999999999994,72.286,-1.3119999999999976,-0.340999999999994,71.45400000000001,72.526,-1.0719999999999885,70.0,0.11428571428571428,25.0,0.24,36.0,64.0,0,1,0,1,0,1,0,0.0,6.0,0.0,24
HAD,Racing Bulls,9.0,0 days 00:01:11.008000,0 days 00:00:17.328000,0 days 00:00:31.755000,0 days 00:00:21.925000,MEDIUM,7.0,2.0,,,1,17.0,False,2025,Austria,R,71.008,17.328,31.755,21.925,71.315,0.30700000000000216,72.286,-1.2780000000000058,-0.30700000000000216,71.548,72.526,-0.9779999999999944,70.0,0.12857142857142856,25.0,0.28,49.0,81.0,0,1,0,1,0,1,0,0.0,7.0,0.0,24
HAD,Racing Bulls,10.0,0 days 00:01:11.516000,0 days 00:00:17.311000,0 days 00:00:31.918000,0 days 00:00:22.287000,MEDIUM,8.0,2.0,,,1,17.0,False,2025,Austria,R,71.516,17.311,31.918,22.287,71.315,0.20100000000000762,72.286,-0.769999999999996,0.20100000000000762,72.116,72.526,-0.4099999999999966,70.0,0.14285714285714285,25.0,0.32,64.0,100.0,0,1,0,1,0,1,0,0.0,8.0,0.0,24
HAD,Racing Bulls,11.0,0 days 00:01:11.208000,0 days 00:00:17.445000,0 days 00:00:31.879000,0 days 00:00:21.884000,MEDIUM,9.0,2.0,,,1,17.0,False,2025,Austria,R,71.208,17.445,31.879,21.884,71.315,0.10699999999999932,72.286,-1.078000000000003,-0.10699999999999932,71.868,72.526,-0.6580000000000013,70.0,0.15714285714285714,25.0,0.36,81.0,121.0,0,1,0,1,0,1,0,0.0,9.0,0.0,24
HAD,Racing Bulls,12.0,0 days 00:01:11.777000,0 days 00:00:17.450000,0 days 00:00:31.999000,0 days 00:00:22.328000,MEDIUM,10.0,2.0,,,1,15.0,False,2025,Austria,R,71.777,17.45,31.999,22.328,71.315,0.4620000000000033,72.286,-0.5090000000000003,0.4620000000000033,72.497,72.526,-0.028999999999996362,70.0,0.17142857142857143,25.0,0.4,100.0,144.0,0,1,0,1,0,1,0,0.0,10.0,0.0,24
HAD,Racing Bulls,13.0,0 days 00:01:12.331000,0 days 00:00:17.668000,0 days 00:00:32.077000,0 days 00:00:22.586000,MEDIUM,11.0,2.0,,,1,13.0,False,2025,Austria,R,72.331,17.668,32.077,22.586,71.315,1.0160000000000053,72.286,0.045000000000001705,1.0160000000000053,73.111,72.526,0.585000000000008,70.0,0.18571428571428572,25.0,0.44,121.0,169.0,0,1,0,1,0,1,0,0.0,11.0,0.0,24
HAD,Racing Bulls,14.0,0 days 00:01:12.691000,0 days 00:00:17.588000,0 days 00:00:32.848000,0 days 00:00:22.255000,MEDIUM,12.0,2.0,,,1,12.0,False,2025,Austria,R,72.691,17.588,32.848,22.255,71.315,1.3760000000000048,72.286,0.40500000000000114,1.3760000000000048,73.531,72.526,1.0050000000000097,70.0,0.2,25.0,0.48,144.0,196.0,0,1,0,1,0,1,0,0.0,12.0,0.0,24
HAD,Racing Bulls,15.0,0 days 00:01:12.527000,0 days 00:00:17.604000,0 days 00:00:32.400000,0 days 00:00:22.523000,MEDIUM,13.0,2.0,,,1,12.0,False,2025,Austria,R,72.527,17.604,32.4,22.523,71.315,1.2120000000000033,72.286,0.24099999999999966,1.2120000000000033,73.427,72.526,0.9010000000000105,70.0,0.21428571428571427,25.0,0.52,169.0,225.0,0,1,0,1,0,1,0,0.0,13.0,0.0,24
HAD,Racing Bulls,16.0,0 days 00:01:12.243000,0 days 00:00:17.571000,0 days 00:00:32.596000,0 days 00:00:22.076000,MEDIUM,14.0,2.0,,,1,12.0,False,2025,Austria,R,72.243,17.571,32.596,22.076,71.315,0.9279999999999973,72.286,-0.043000000000006366,0.9279999999999973,73.20299999999999,72.526,0.6769999999999925,70.0,0.22857142857142856,25.0,0.56,196.0,256.0,0,1,0,1,0,1,0,0.0,14.0,0.0,24
HAD,Racing Bulls,17.0,0 days 00:01:12.008000,0 days 00:00:17.614000,0 days 00:00:32.348000,0 days 00:00:22.046000,MEDIUM,15.0,2.0,,,1,12.0,False,2025,Austria,R,72.008,17.614,32.348,22.046,71.315,0.6929999999999978,72.286,-0.2780000000000058,0.6929999999999978,73.02799999999999,72.526,0.5019999999999953,70.0,0.24285714285714285,25.0,0.6,225.0,289.0,0,1,0,1,0,1,0,0.0,15.0,0.0,24
HAD,Racing Bulls,18.0,0 days 00:01:11.672000,0 days 00:00:17.497000,0 days 00:00:32.331000,0 days 00:00:21.844000,MEDIUM,16.0,2.0,,,1,11.0,False,2025,Austria,R,71.672,17.497,32.331,21.844,71.315,0.3569999999999993,72.286,-0.6140000000000043,0.3569999999999993,72.752,72.526,0.2259999999999991,70.0,0.2571428571428571,25.0,0.64,256.0,324.0,0,1,0,1,0,1,0,0.0,16.0,0.0,24
HAD,Racing Bulls,19.0,0 days 00:01:12.465000,0 days 00:00:17.467000,0 days 00:00:32.709000,0 days 00:00:22.289000,MEDIUM,17.0,2.0,,,1,10.0,False,2025,Austria,R,72.465,17.467,32.709,22.289,71.315,1.1500000000000057,72.286,0.17900000000000205,1.1500000000000057,73.605,72.526,1.0790000000000077,70.0,0.2714285714285714,25.0,0.68,289.0,361.0,0,1,0,1,0,1,0,0.0,17.0,0.0,24
HAD,Racing Bulls,20.0,0 days 00:01:12.607000,0 days 00:00:17.595000,0 days 00:00:32.996000,0 days 00:00:22.016000,MEDIUM,18.0,2.0,,,1,9.0,False,2025,Austria,R,72.607,17.595,32.996,22.016,71.315,1.2920000000000016,72.286,0.32099999999999795,1.2920000000000016,73.807,72.526,1.281000000000006,70.0,0.2857142857142857,25.0,0.72,324.0,400.0,0,1,0,1,0,1,0,0.0,18.0,0.0,24
HAD,Racing Bulls,21.0,0 days 00:01:12.297000,0 days 00:00:17.631000,0 days 00:00:32.605000,0 days 00:00:22.061000,MEDIUM,19.0,2.0,,,1,9.0,False,2025,Austria,R,72.297,17.631,32.605,22.061,71.315,0.9819999999999993,72.286,0.01099999999999568,0.9819999999999993,73.557,72.526,1.031000000000006,70.0,0.3,25.0,0.76,361.0,441.0,0,1,0,1,0,1,0,0.0,19.0,0.0,24
HAD,Racing Bulls,22.0,0 days 00:01:12.202000,0 days 00:00:17.604000,0 days 00:00:32.598000,0 days 00:00:22,MEDIUM,20.0,2.0,,,1,8.0,False,2025,Austria,R,72.202,17.604,32.598,22.0,71.315,0.8870000000000005,72.286,-0.08400000000000318,0.8870000000000005,73.52199999999999,72.526,0.9959999999999951,70.0,0.3142857142857143,25.0,0.8,400.0,484.0,0,1,0,1,0,1,0,0.0,20.0,0.0,24
HAD,Racing Bulls,23.0,0 days 00:01:12.050000,0 days 00:00:17.707000,0 days 00:00:32.386000,0 days 00:00:21.957000,MEDIUM,21.0,2.0,,,1,8.0,False,2025,Austria,R,72.05,17.707,32.386,21.957,71.315,0.7349999999999994,72.286,-0.2360000000000042,0.7349999999999994,73.42999999999999,72.526,0.9039999999999964,70.0,0.32857142857142857,25.0,0.84,441.0,529.0,0,1,0,1,0,1,0,0.0,21.0,0.0,24
HAD,Racing Bulls,24.0,0 days 00:01:11.986000,0 days 00:00:17.617000,0 days 00:00:32.425000,0 days 00:00:21.944000,MEDIUM,22.0,2.0,,,1,8.0,False,2025,Austria,R,71.986,17.617,32.425,21.944,71.315,0.6710000000000065,72.286,-0.29999999999999716,0.6710000000000065,73.426,72.526,0.9000000000000057,70.0,0.34285714285714286,25.0,0.88,484.0,576.0,0,1,0,0,0,1,0,0.0,22.0,0.0,24
HAD,Racing Bulls,25.0,0 days 00:01:11.315000,0 days 00:00:17.720000,0 days 00:00:32.125000,0 days 00:00:21.470000,MEDIUM,23.0,2.0,,,1,7.0,False,2025,Austria,R,71.315,17.72,32.125,21.47,71.315,0.0,72.286,-0.9710000000000036,0.0,72.815,72.526,0.2890000000000015,70.0,0.35714285714285715,25.0,0.92,529.0,625.0,0,1,0,0,0,1,0,0.0,23.0,0.0,24
HAD,Racing Bulls,26.0,0 days 00:01:12.602000,0 days 00:00:17.950000,0 days 00:00:32.646000,0 days 00:00:22.006000,MEDIUM,24.0,2.0,,,1,8.0,False,2025,Austria,R,72.602,17.95,32.646,22.006,71.315,1.2870000000000061,72.286,0.3160000000000025,1.2870000000000061,74.162,72.526,1.63600000000001,70.0,0.37142857142857144,25.0,0.96,576.0,676.0,0,1,0,0,0,1,0,0.0,24.0,0.0,24
HAD,Racing Bulls,27.0,0 days 00:01:11.940000,0 days 00:00:17.827000,0 days 00:00:32.213000,0 days 00:00:21.900000,MEDIUM,25.0,2.0,,,1,8.0,False,2025,Austria,R,71.94,17.827,32.213,21.9,71.315,0.625,72.286,-0.34600000000000364,0.625,73.56,72.526,1.034000000000006,70.0,0.38571428571428573,25.0,1.0,625.0,729.0,0,1,0,0,0,1,0,0.0,25.0,0.0,24
HAD,Racing Bulls,30.0,0 days 00:01:10.739000,0 days 00:00:17.757000,0 days 00:00:31.407000,0 days 00:00:21.575000,HARD,2.0,3.0,,,12,15.0,False,2025,Austria,R,70.739,17.757,31.407,21.575,71.315,0.5759999999999934,70.739,0.0,-0.5759999999999934,72.539,72.539,0.0,70.0,0.42857142857142855,41.0,0.04878048780487805,4.0,900.0,0,0,0,0,0,0,1,0.0,0.0,2.0,40
HAD,Racing Bulls,31.0,0 days 00:01:10.665000,0 days 00:00:17.812000,0 days 00:00:31.410000,0 days 00:00:21.443000,HARD,3.0,3.0,,,1,14.0,False,2025,Austria,R,70.665,17.812,31.41,21.443,71.315,0.6499999999999915,70.739,-0.07399999999999807,-0.6499999999999915,72.525,72.539,-0.013999999999995794,70.0,0.44285714285714284,41.0,0.07317073170731707,9.0,961.0,0,0,0,0,0,0,1,0.0,0.0,3.0,40
HAD,Racing Bulls,32.0,0 days 00:01:10.518000,0 days 00:00:17.747000,0 days 00:00:31.479000,0 days 00:00:21.292000,HARD,4.0,3.0,,,1,14.0,False,2025,Austria,R,70.518,17.747,31.479,21.292,71.315,0.796999999999997,70.739,-0.22100000000000364,-0.796999999999997,72.438,72.539,-0.10099999999999909,70.0,0.45714285714285713,41.0,0.0975609756097561,16.0,1024.0,0,0,0,0,0,0,1,0.0,0.0,4.0,40
HAD,Racing Bulls,33.0,0 days 00:01:10.618000,0 days 00:00:17.771000,0 days 00:00:31.442000,0 days 00:00:21.405000,HARD,5.0,3.0,,,1,14.0,False,2025,Austria,R,70.618,17.771,31.442,21.405,71.315,0.6970000000000027,70.739,-0.12100000000000932,-0.6970000000000027,72.598,72.539,0.0589999999999975,70.0,0.4714285714285714,41.0,0.12195121951219512,25.0,1089.0,0,0,0,0,0,0,1,0.0,0.0,5.0,40
HAD,Racing Bulls,34.0,0 days 00:01:10.780000,0 days 00:00:17.701000,0 days 00:00:31.538000,0 days 00:00:21.541000,HARD,6.0,3.0,,,1,14.0,False,2025,Austria,R,70.78,17.701,31.538,21.541,71.315,0.5349999999999966,70.739,0.04099999999999682,-0.5349999999999966,72.82000000000001,72.539,0.2810000000000059,70.0,0.4857142857142857,41.0,0.14634146341463414,36.0,1156.0,0,0,0,0,0,0,1,0.0,0.0,6.0,40
HAD,Racing Bulls,35.0,0 days 00:01:10.735000,0 days 00:00:17.751000,0 days 00:00:31.469000,0 days 00:00:21.515000,HARD,7.0,3.0,,,1,14.0,False,2025,Austria,R,70.735,17.751,31.469,21.515,71.315,0.5799999999999983,70.739,-0.0040000000000048885,-0.5799999999999983,72.835,72.539,0.29599999999999227,70.0,0.5,41.0,0.17073170731707318,49.0,1225.0,0,0,0,0,0,0,1,0.0,0.0,7.0,40
HAD,Racing Bulls,36.0,0 days 00:01:10.515000,0 days 00:00:17.400000,0 days 00:00:31.815000,0 days 00:00:21.300000,HARD,8.0,3.0,,,1,13.0,False,2025,Austria,R,70.515,17.4,31.815,21.3,71.315,0.7999999999999972,70.739,-0.22400000000000375,-0.7999999999999972,72.675,72.539,0.13599999999999568,70.0,0.5142857142857142,41.0,0.1951219512195122,64.0,1296.0,0,0,0,0,0,0,1,0.0,0.0,8.0,40
HAD,Racing Bulls,37.0,0 days 00:01:10.467000,0 days 00:00:17.665000,0 days 00:00:31.358000,0 days 00:00:21.444000,HARD,9.0,3.0,,,1,13.0,False,2025,Austria,R,70.467,17.665,31.358,21.444,71.315,0.847999999999999,70.739,-0.27200000000000557,-0.847999999999999,72.687,72.539,0.14799999999999613,70.0,0.5285714285714286,41.0,0.21951219512195122,81.0,1369.0,0,0,0,0,0,0,1,0.0,0.0,9.0,40
HAD,Racing Bulls,38.0,0 days 00:01:10.269000,0 days 00:00:17.666000,0 days 00:00:31.273000,0 days 00:00:21.330000,HARD,10.0,3.0,,,1,13.0,False,2025,Austria,R,70.269,17.666,31.273,21.33,71.315,1.0459999999999923,70.739,-0.46999999999999886,-1.0459999999999923,72.549,72.539,0.010000000000005116,70.0,0.5428571428571428,41.0,0.24390243902439024,100.0,1444.0,0,0,0,0,0,0,1,0.0,0.0,10.0,40
HAD,Racing Bulls,39.0,0 days 00:01:10.337000,0 days 00:00:17.673000,0 days 00:00:31.351000,0 days 00:00:21.313000,HARD,11.0,3.0,,,1,12.0,False,2025,Austria,R,70.337,17.673,31.351,21.313,71.315,0.9779999999999944,70.739,-0.402000000000001,-0.9779999999999944,72.677,72.539,0.13800000000000523,70.0,0.5571428571428572,41.0,0.2682926829268293,121.0,1521.0,0,0,0,0,0,0,1,0.0,0.0,11.0,40
HAD,Racing Bulls,40.0,0 days 00:01:10.204000,0 days 00:00:17.619000,0 days 00:00:31.328000,0 days 00:00:21.257000,HARD,12.0,3.0,,,1,11.0,False,2025,Austria,R,70.204,17.619,31.328,21.257,71.315,1.1110000000000042,70.739,-0.5350000000000108,-1.1110000000000042,72.604,72.539,0.06499999999999773,70.0,0.5714285714285714,41.0,0.2926829268292683,144.0,1600.0,0,0,0,0,0,0,1,0.0,0.0,12.0,40
HAD,Racing Bulls,41.0,0 days 00:01:10.305000,0 days 00:00:17.684000,0 days 00:00:31.321000,0 days 00:00:21.300000,HARD,13.0,3.0,,,1,11.0,False,2025,Austria,R,70.305,17.684,31.321,21.3,71.315,1.009999999999991,70.739,-0.4339999999999975,-1.009999999999991,72.765,72.539,0.2259999999999991,70.0,0.5857142857142857,41.0,0.3170731707317073,169.0,1681.0,0,0,0,0,0,0,1,0.0,0.0,13.0,40
HAD,Racing Bulls,42.0,0 days 00:01:10.237000,0 days 00:00:17.658000,0 days 00:00:31.303000,0 days 00:00:21.276000,HARD,14.0,3.0,,,1,11.0,False,2025,Austria,R,70.237,17.658,31.303,21.276,71.315,1.078000000000003,70.739,-0.5020000000000095,-1.078000000000003,72.75699999999999,72.539,0.2179999999999893,70.0,0.6,41.0,0.34146341463414637,196.0,1764.0,0,0,0,0,0,0,1,0.0,0.0,14.0,40
HAD,Racing Bulls,43.0,0 days 00:01:10.379000,0 days 00:00:17.656000,0 days 00:00:31.397000,0 days 00:00:21.326000,HARD,15.0,3.0,,,1,10.0,False,2025,Austria,R,70.379,17.656,31.397,21.326,71.315,0.9359999999999928,70.739,-0.35999999999999943,-0.9359999999999928,72.959,72.539,0.4200000000000017,70.0,0.6142857142857143,41.0,0.36585365853658536,225.0,1849.0,0,0,0,0,0,0,1,0.0,0.0,15.0,40
HAD,Racing Bulls,44.0,0 days 00:01:10.225000,0 days 00:00:17.621000,0 days 00:00:31.341000,0 days 00:00:21.263000,HARD,16.0,3.0,,,1,10.0,False,2025,Austria,R,70.225,17.621,31.341,21.263,71.315,1.0900000000000034,70.739,-0.51400000000001,-1.0900000000000034,72.865,72.539,0.3259999999999934,70.0,0.6285714285714286,41.0,0.3902439024390244,256.0,1936.0,0,0,0,0,0,0,1,0.0,0.0,16.0,40
HAD,Racing Bulls,45.0,0 days 00:01:10.374000,0 days 00:00:17.595000,0 days 00:00:31.481000,0 days 00:00:21.298000,HARD,17.0,3.0,,,1,10.0,False,2025,Austria,R,70.374,17.595,31.481,21.298,71.315,0.9410000000000025,70.739,-0.3650000000000091,-0.9410000000000025,73.074,72.539,0.5349999999999966,70.0,0.6428571428571429,41.0,0.4146341463414634,289.0,2025.0,0,0,0,0,0,0,1,0.0,0.0,17.0,40
HAD,Racing Bulls,46.0,0 days 00:01:11.210000,0 days 00:00:17.643000,0 days 00:00:31.978000,0 days 00:00:21.589000,HARD,18.0,3.0,,,1,10.0,False,2025,Austria,R,71.21,17.643,31.978,21.589,71.315,0.10500000000000398,70.739,0.4709999999999894,-0.10500000000000398,73.97,72.539,1.4309999999999974,70.0,0.6571428571428571,41.0,0.43902439024390244,324.0,2116.0,0,0,0,0,0,0,1,0.0,0.0,18.0,40
HAD,Racing Bulls,47.0,0 days 00:01:10.412000,0 days 00:00:17.693000,0 days 00:00:31.357000,0 days 00:00:21.362000,HARD,19.0,3.0,,,1,10.0,False,2025,Austria,R,70.412,17.693,31.357,21.362,71.315,0.9029999999999916,70.739,-0.3269999999999982,-0.9029999999999916,73.232,72.539,0.6929999999999978,70.0,0.6714285714285714,41.0,0.4634146341463415,361.0,2209.0,0,0,1,0,0,0,1,0.0,0.0,19.0,40
HAD,Racing Bulls,48.0,0 days 00:01:10.455000,0 days 00:00:17.632000,0 days 00:00:31.370000,0 days 00:00:21.453000,HARD,20.0,3.0,,,1,10.0,False,2025,Austria,R,70.455,17.632,31.37,21.453,71.315,0.8599999999999994,70.739,-0.284000000000006,-0.8599999999999994,73.335,72.539,0.7959999999999923,70.0,0.6857142857142857,41.0,0.4878048780487805,400.0,2304.0,0,0,1,0,0,0,1,0.0,0.0,20.0,40
HAD,Racing Bulls,49.0,0 days 00:01:10.323000,0 days 00:00:17.587000,0 days 00:00:31.409000,0 days 00:00:21.327000,HARD,21.0,3.0,,,1,10.0,False,2025,Austria,R,70.323,17.587,31.409,21.327,71.315,0.9920000000000044,70.739,-0.416000000000011,-0.9920000000000044,73.26299999999999,72.539,0.7239999999999895,70.0,0.7,41.0,0.5121951219512195,441.0,2401.0,0,0,1,0,0,0,1,0.0,0.0,21.0,40
HAD,Racing Bulls,50.0,0 days 00:01:10.635000,0 days 00:00:17.743000,0 days 00:00:31.519000,0 days 00:00:21.373000,HARD,22.0,3.0,,,1,9.0,False,2025,Austria,R,70.635,17.743,31.519,21.373,71.315,0.6799999999999926,70.739,-0.1039999999999992,-0.6799999999999926,73.635,72.539,1.0960000000000036,70.0,0.7142857142857143,41.0,0.5365853658536586,484.0,2500.0,0,0,1,0,0,0,1,0.0,0.0,22.0,40
HAD,Racing Bulls,51.0,0 days 00:01:11.225000,0 days 00:00:17.770000,0 days 00:00:31.736000,0 days 00:00:21.719000,HARD,23.0,3.0,,,1,8.0,False,2025,Austria,R,71.225,17.77,31.736,21.719,71.315,0.09000000000000341,70.739,0.48599999999999,-0.09000000000000341,74.285,72.539,1.7459999999999951,70.0,0.7285714285714285,41.0,0.5609756097560976,529.0,2601.0,0,0,1,0,0,0,1,0.0,0.0,23.0,40
HAD,Racing Bulls,52.0,0 days 00:01:11.224000,0 days 00:00:17.819000,0 days 00:00:31.761000,0 days 00:00:21.644000,HARD,24.0,3.0,,,1,8.0,False,2025,Austria,R,71.224,17.819,31.761,21.644,71.315,0.09099999999999397,70.739,0.48499999999999943,-0.09099999999999397,74.34400000000001,72.539,1.8050000000000068,70.0,0.7428571428571429,41.0,0.5853658536585366,576.0,2704.0,0,0,1,0,0,0,1,0.0,0.0,24.0,40
HAD,Racing Bulls,53.0,0 days 00:01:11.214000,0 days 00:00:17.822000,0 days 00:00:31.783000,0 days 00:00:21.609000,HARD,25.0,3.0,,,1,8.0,False,2025,Austria,R,71.214,17.822,31.783,21.609,71.315,0.10099999999999909,70.739,0.4749999999999943,-0.10099999999999909,74.394,72.539,1.855000000000004,70.0,0.7571428571428571,41.0,0.6097560975609756,625.0,2809.0,0,0,1,0,0,0,1,0.0,0.0,25.0,40
HAD,Racing Bulls,54.0,0 days 00:01:11.468000,0 days 00:00:17.967000,0 days 00:00:31.859000,0 days 00:00:21.642000,HARD,26.0,3.0,,,1,8.0,False,2025,Austria,R,71.468,17.967,31.859,21.642,71.315,0.1530000000000058,70.739,0.7289999999999992,0.1530000000000058,74.708,72.539,2.168999999999997,70.0,0.7714285714285715,41.0,0.6341463414634146,676.0,2916.0,0,0,1,0,0,0,1,0.0,0.0,26.0,40
HAD,Racing Bulls,55.0,0 days 00:01:11.430000,0 days 00:00:18.015000,0 days 00:00:31.805000,0 days 00:00:21.610000,HARD,27.0,3.0,,,1,8.0,False,2025,Austria,R,71.43,18.015,31.805,21.61,71.315,0.1150000000000091,70.739,0.6910000000000025,0.1150000000000091,74.73,72.539,2.1910000000000025,70.0,0.7857142857142857,41.0,0.6585365853658537,729.0,3025.0,0,0,1,0,0,0,1,0.0,0.0,27.0,40
HAD,Racing Bulls,56.0,0 days 00:01:12.160000,0 days 00:00:17.932000,0 days 00:00:32.435000,0 days 00:00:21.793000,HARD,28.0,3.0,,,1,9.0,False,2025,Austria,R,72.16,17.932,32.435,21.793,71.315,0.8449999999999989,70.739,1.4209999999999923,0.8449999999999989,75.52,72.539,2.9809999999999945,70.0,0.8,41.0,0.6829268292682927,784.0,3136.0,0,0,1,0,0,0,1,0.0,0.0,28.0,40
HAD,Racing Bulls,57.0,0 days 00:01:12.158000,0 days 00:00:17.850000,0 days 00:00:32.669000,0 days 00:00:21.639000,HARD,29.0,3.0,,,1,10.0,False,2025,Austria,R,72.158,17.85,32.669,21.639,71.315,0.8430000000000035,70.739,1.418999999999997,0.8430000000000035,75.578,72.539,3.0390000000000015,70.0,0.8142857142857143,41.0,0.7073170731707317,841.0,3249.0,0,0,1,0,0,0,1,0.0,0.0,29.0,40
HAD,Racing Bulls,58.0,0 days 00:01:11.845000,0 days 00:00:17.800000,0 days 00:00:32.299000,0 days 00:00:21.746000,HARD,30.0,3.0,,,1,11.0,False,2025,Austria,R,71.845,17.8,32.299,21.746,71.315,0.5300000000000011,70.739,1.1059999999999945,0.5300000000000011,75.325,72.539,2.7860000000000014,70.0,0.8285714285714286,41.0,0.7317073170731707,900.0,3364.0,0,0,1,0,0,0,1,0.0,0.0,30.0,40
HAD,Racing Bulls,59.0,0 days 00:01:11.899000,0 days 00:00:17.784000,0 days 00:00:31.752000,0 days 00:00:22.363000,HARD,31.0,3.0,,,1,11.0,False,2025,Austria,R,71.899,17.784,31.752,22.363,71.315,0.5840000000000032,70.739,1.1599999999999966,0.5840000000000032,75.43900000000001,72.539,2.9000000000000057,70.0,0.8428571428571429,41.0,0.7560975609756098,961.0,3481.0,0,0,1,0,0,0,1,0.0,0.0,31.0,40
HAD,Racing Bulls,60.0,0 days 00:01:12.266000,0 days 00:00:18.070000,0 days 00:00:32.445000,0 days 00:00:21.751000,HARD,32.0,3.0,,,1,11.0,False,2025,Austria,R,72.266,18.07,32.445,21.751,71.315,0.9510000000000076,70.739,1.527000000000001,0.9510000000000076,75.866,72.539,3.326999999999998,70.0,0.8571428571428571,41.0,0.7804878048780488,1024.0,3600.0,0,0,1,0,0,0,1,0.0,0.0,32.0,40
HAD,Racing Bulls,61.0,0 days 00:01:11.264000,0 days 00:00:17.852000,0 days 00:00:31.803000,0 days 00:00:21.609000,HARD,33.0,3.0,,,1,11.0,False,2025,Austria,R,71.264,17.852,31.803,21.609,71.315,0.05100000000000193,70.739,0.5249999999999915,-0.05100000000000193,74.92399999999999,72.539,2.384999999999991,70.0,0.8714285714285714,41.0,0.8048780487804879,1089.0,3721.0,0,0,1,0,0,0,1,0.0,0.0,33.0,40
HAD,Racing Bulls,62.0,0 days 00:01:11.258000,0 days 00:00:17.851000,0 days 00:00:31.761000,0 days 00:00:21.646000,HARD,34.0,3.0,,,1,11.0,False,2025,Austria,R,71.258,17.851,31.761,21.646,71.315,0.05700000000000216,70.739,0.5189999999999912,-0.05700000000000216,74.978,72.539,2.438999999999993,70.0,0.8857142857142857,41.0,0.8292682926829268,1156.0,3844.0,0,0,1,0,0,0,1,0.0,0.0,34.0,40
HAD,Racing Bulls,63.0,0 days 00:01:11.407000,0 days 00:00:18.051000,0 days 00:00:31.705000,0 days 00:00:21.651000,HARD,35.0,3.0,,,1,11.0,False,2025,Austria,R,71.407,18.051,31.705,21.651,71.315,0.09199999999999875,70.739,0.6679999999999922,0.09199999999999875,75.187,72.539,2.647999999999996,70.0,0.9,41.0,0.8536585365853658,1225.0,3969.0,0,0,1,0,0,0,1,0.0,0.0,35.0,40
HAD,Racing Bulls,64.0,0 days 00:01:11.056000,0 days 00:00:17.902000,0 days 00:00:31.648000,0 days 00:00:21.506000,HARD,36.0,3.0,,,1,11.0,False,2025,Austria,R,71.056,17.902,31.648,21.506,71.315,0.25900000000000034,70.739,0.31699999999999307,-0.25900000000000034,74.896,72.539,2.3569999999999993,70.0,0.9142857142857143,41.0,0.8780487804878049,1296.0,4096.0,0,0,1,0,0,0,1,0.0,0.0,36.0,40
HAD,Racing Bulls,65.0,0 days 00:01:11.297000,0 days 00:00:17.823000,0 days 00:00:31.865000,0 days 00:00:21.609000,HARD,37.0,3.0,,,1,11.0,False,2025,Austria,R,71.297,17.823,31.865,21.609,71.315,0.018000000000000682,70.739,0.5579999999999927,-0.018000000000000682,75.197,72.539,2.6580000000000013,70.0,0.9285714285714286,41.0,0.9024390243902439,1369.0,4225.0,0,0,1,0,0,0,1,0.0,0.0,37.0,40
HAD,Racing Bulls,66.0,0 days 00:01:13.979000,0 days 00:00:17.992000,0 days 00:00:33.290000,0 days 00:00:22.697000,HARD,38.0,3.0,,,1,12.0,False,2025,Austria,R,73.979,17.992,33.29,22.697,71.315,2.6640000000000015,70.739,3.239999999999995,2.6640000000000015,77.939,72.539,5.3999999999999915,70.0,0.9428571428571428,41.0,0.926829268292683,1444.0,4356.0,0,0,1,0,0,0,1,0.0,0.0,38.0,40
HAD,Racing Bulls,67.0,0 days 00:01:11.715000,0 days 00:00:17.839000,0 days 00:00:31.975000,0 days 00:00:21.901000,HARD,39.0,3.0,,,1,12.0,False,2025,Austria,R,71.715,17.839,31.975,21.901,71.315,0.4000000000000057,70.739,0.9759999999999991,0.4000000000000057,75.735,72.539,3.195999999999998,70.0,0.9571428571428572,41.0,0.9512195121951219,1521.0,4489.0,0,0,1,0,0,0,1,0.0,0.0,39.0,40
HAD,Racing Bulls,68.0,0 days 00:01:11.381000,0 days 00:00:17.743000,0 days 00:00:31.793000,0 days 00:00:21.845000,HARD,40.0,3.0,,,1,12.0,False,2025,Austria,R,71.381,17.743,31.793,21.845,71.315,0.0660000000000025,70.739,0.6419999999999959,0.0660000000000025,75.461,72.539,2.921999999999997,70.0,0.9714285714285714,41.0,0.975609756097561,1600.0,4624.0,0,0,1,0,0,0,1,0.0,0.0,40.0,40
HAD,Racing Bulls,69.0,0 days 00:01:11.119000,0 days 00:00:17.670000,0 days 00:00:31.723000,0 days 00:00:21.726000,HARD,41.0,3.0,,,1,12.0,False,2025,Austria,R,71.119,17.67,31.723,21.726,71.315,0.19599999999999795,70.739,0.37999999999999545,-0.19599999999999795,75.259,72.539,2.719999999999999,70.0,0.9857142857142858,41.0,1.0,1681.0,4761.0,0,0,1,0,0,0,1,0.0,0.0,41.0,40
HAM,Ferrari,4.0,0 days 00:01:11.400000,0 days 00:00:17.687000,0 days 00:00:32.238000,0 days 00:00:21.475000,MEDIUM,4.0,1.0,,,1,4.0,False,2025,Austria,R,71.4,17.687,32.238,21.475,70.17,1.230000000000004,71.4,0.0,1.230000000000004,71.64,71.64,0.0,70.0,0.05714285714285714,25.0,0.16,16.0,16.0,1,0,0,1,0,1,0,0.0,4.0,0.0,22
HAM,Ferrari,5.0,0 days 00:01:10.714000,0 days 00:00:17.441000,0 days 00:00:31.691000,0 days 00:00:21.582000,MEDIUM,5.0,1.0,,,1,4.0,False,2025,Austria,R,70.714,17.441,31.691,21.582,70.17,0.5439999999999969,71.4,-0.686000000000007,0.5439999999999969,71.014,71.64,-0.6260000000000048,70.0,0.07142857142857142,25.0,0.2,25.0,25.0,1,0,0,1,0,1,0,0.0,5.0,0.0,22
HAM,Ferrari,6.0,0 days 00:01:10.309000,0 days 00:00:17.485000,0 days 00:00:31.386000,0 days 00:00:21.438000,MEDIUM,6.0,1.0,,,1,4.0,False,2025,Austria,R,70.309,17.485,31.386,21.438,70.17,0.1389999999999958,71.4,-1.0910000000000082,0.1389999999999958,70.669,71.64,-0.9710000000000036,70.0,0.08571428571428572,25.0,0.24,36.0,36.0,1,0,0,1,0,1,0,0.0,6.0,0.0,22
HAM,Ferrari,7.0,0 days 00:01:10.552000,0 days 00:00:17.643000,0 days 00:00:31.378000,0 days 00:00:21.531000,MEDIUM,7.0,1.0,,,1,4.0,False,2025,Austria,R,70.552,17.643,31.378,21.531,70.17,0.382000000000005,71.4,-0.847999999999999,0.382000000000005,70.97200000000001,71.64,-0.6679999999999922,70.0,0.1,25.0,0.28,49.0,49.0,1,0,0,1,0,1,0,0.0,7.0,0.0,22
HAM,Ferrari,8.0,0 days 00:01:10.170000,0 days 00:00:17.546000,0 days 00:00:31.271000,0 days 00:00:21.353000,MEDIUM,8.0,1.0,,,1,4.0,False,2025,Austria,R,70.17,17.546,31.271,21.353,70.17,0.0,71.4,-1.230000000000004,0.0,70.65,71.64,-0.9899999999999949,70.0,0.11428571428571428,25.0,0.32,64.0,64.0,1,0,0,1,0,1,0,0.0,8.0,0.0,22
HAM,Ferrari,9.0,0 days 00:01:10.546000,0 days 00:00:17.615000,0 days 00:00:31.489000,0 days 00:00:21.442000,MEDIUM,9.0,1.0,,,1,4.0,False,2025,Austria,R,70.546,17.615,31.489,21.442,70.17,0.3760000000000048,71.4,-0.8539999999999992,0.3760000000000048,71.08600000000001,71.64,-0.5539999999999878,70.0,0.12857142857142856,25.0,0.36,81.0,81.0,1,0,0,1,0,1,0,0.0,9.0,0.0,22
HAM,Ferrari,10.0,0 days 00:01:11.333000,0 days 00:00:17.699000,0 days 00:00:31.282000,0 days 00:00:22.352000,MEDIUM,10.0,1.0,,,1,4.0,False,2025,Austria,R,71.333,17.699,31.282,22.352,70.17,1.1629999999999967,71.4,-0.06700000000000728,1.1629999999999967,71.93299999999999,71.64,0.29299999999999216,70.0,0.14285714285714285,25.0,0.4,100.0,100.0,1,0,0,1,0,1,0,0.0,10.0,0.0,22
HAM,Ferrari,11.0,0 days 00:01:11.169000,0 days 00:00:18.068000,0 days 00:00:31.540000,0 days 00:00:21.561000,MEDIUM,11.0,1.0,,,1,4.0,False,2025,Austria,R,71.169,18.068,31.54,21.561,70.17,0.9989999999999952,71.4,-0.23100000000000875,0.9989999999999952,71.829,71.64,0.18899999999999295,70.0,0.15714285714285714,25.0,0.44,121.0,121.0,1,0,0,1,0,1,0,0.0,11.0,0.0,22
HAM,Ferrari,12.0,0 days 00:01:10.891000,0 days 00:00:17.730000,0 days 00:00:31.447000,0 days 00:00:21.714000,MEDIUM,12.0,1.0,,,1,4.0,False,2025,Austria,R,70.891,17.73,31.447,21.714,70.17,0.7210000000000036,71.4,-0.5090000000000003,0.7210000000000036,71.611,71.64,-0.028999999999996362,70.0,0.17142857142857143,25.0,0.48,144.0,144.0,1,0,0,1,0,1,0,0.0,12.0,0.0,22
HAM,Ferrari,13.0,0 days 00:01:10.714000,0 days 00:00:17.766000,0 days 00:00:31.430000,0 days 00:00:21.518000,MEDIUM,13.0,1.0,,,1,4.0,False,2025,Austria,R,70.714,17.766,31.43,21.518,70.17,0.5439999999999969,71.4,-0.686000000000007,0.5439999999999969,71.494,71.64,-0.1460000000000008,70.0,0.18571428571428572,25.0,0.52,169.0,169.0,1,0,0,1,0,1,0,0.0,13.0,0.0,22
HAM,Ferrari,14.0,0 days 00:01:10.701000,0 days 00:00:17.704000,0 days 00:00:31.331000,0 days 00:00:21.666000,MEDIUM,14.0,1.0,,,1,4.0,False,2025,Austria,R,70.701,17.704,31.331,21.666,70.17,0.5309999999999917,71.4,-0.6990000000000123,0.5309999999999917,71.541,71.64,-0.09900000000000375,70.0,0.2,25.0,0.56,196.0,196.0,1,0,0,1,0,1,0,0.0,14.0,0.0,22
HAM,Ferrari,15.0,0 days 00:01:10.717000,0 days 00:00:17.694000,0 days 00:00:31.471000,0 days 00:00:21.552000,MEDIUM,15.0,1.0,,,1,4.0,False,2025,Austria,R,70.717,17.694,31.471,21.552,70.17,0.546999999999997,71.4,-0.6830000000000069,0.546999999999997,71.617,71.64,-0.022999999999996135,70.0,0.21428571428571427,25.0,0.6,225.0,225.0,1,0,0,1,0,1,0,0.0,15.0,0.0,22
HAM,Ferrari,16.0,0 days 00:01:11.009000,0 days 00:00:17.725000,0 days 00:00:31.641000,0 days 00:00:21.643000,MEDIUM,16.0,1.0,,,1,4.0,False,2025,Austria,R,71.009,17.725,31.641,21.643,70.17,0.8389999999999986,71.4,-0.39100000000000534,0.8389999999999986,71.969,71.64,0.3289999999999935,70.0,0.22857142857142856,25.0,0.64,256.0,256.0,1,0,0,1,0,1,0,0.0,16.0,0.0,22
HAM,Ferrari,17.0,0 days 00:01:11.064000,0 days 00:00:17.785000,0 days 00:00:31.619000,0 days 00:00:21.660000,MEDIUM,17.0,1.0,,,1,4.0,False,2025,Austria,R,71.064,17.785,31.619,21.66,70.17,0.8939999999999912,71.4,-0.33600000000001273,0.8939999999999912,72.08399999999999,71.64,0.4439999999999884,70.0,0.24285714285714285,25.0,0.68,289.0,289.0,1,0,0,1,0,1,0,0.0,17.0,0.0,22
HAM,Ferrari,18.0,0 days 00:01:11.052000,0 days 00:00:17.809000,0 days 00:00:31.636000,0 days 00:00:21.607000,MEDIUM,18.0,1.0,,,1,4.0,False,2025,Austria,R,71.052,17.809,31.636,21.607,70.17,0.882000000000005,71.4,-0.347999999999999,0.882000000000005,72.132,71.64,0.49200000000000443,70.0,0.2571428571428571,25.0,0.72,324.0,324.0,1,0,0,1,0,1,0,0.0,18.0,0.0,22
HAM,Ferrari,19.0,0 days 00:01:10.811000,0 days 00:00:17.659000,0 days 00:00:31.590000,0 days 00:00:21.562000,MEDIUM,19.0,1.0,,,1,4.0,False,2025,Austria,R,70.811,17.659,31.59,21.562,70.17,0.6410000000000053,71.4,-0.5889999999999986,0.6410000000000053,71.95100000000001,71.64,0.31100000000000705,70.0,0.2714285714285714,25.0,0.76,361.0,361.0,1,0,0,1,0,1,0,0.0,19.0,0.0,22
HAM,Ferrari,20.0,0 days 00:01:10.942000,0 days 00:00:17.756000,0 days 00:00:31.523000,0 days 00:00:21.663000,MEDIUM,20.0,1.0,,,1,4.0,False,2025,Austria,R,70.942,17.756,31.523,21.663,70.17,0.7719999999999914,71.4,-0.4580000000000126,0.7719999999999914,72.142,71.64,0.5019999999999953,70.0,0.2857142857142857,25.0,0.8,400.0,400.0,1,0,0,1,0,1,0,0.0,20.0,0.0,22
HAM,Ferrari,21.0,0 days 00:01:11.728000,0 days 00:00:17.704000,0 days 00:00:32.107000,0 days 00:00:21.917000,MEDIUM,21.0,1.0,,,1,3.0,False,2025,Austria,R,71.728,17.704,32.107,21.917,70.17,1.5579999999999927,71.4,0.32799999999998875,1.5579999999999927,72.988,71.64,1.347999999999999,70.0,0.3,25.0,0.84,441.0,441.0,1,0,0,1,0,1,0,0.0,21.0,0.0,22
HAM,Ferrari,22.0,0 days 00:01:11.070000,0 days 00:00:17.715000,0 days 00:00:31.620000,0 days 00:00:21.735000,MEDIUM,22.0,1.0,,,1,3.0,False,2025,Austria,R,71.07,17.715,31.62,21.735,70.17,0.8999999999999915,71.4,-0.3300000000000125,0.8999999999999915,72.38999999999999,71.64,0.7499999999999858,70.0,0.3142857142857143,25.0,0.88,484.0,484.0,1,0,0,1,0,1,0,0.0,22.0,0.0,22
HAM,Ferrari,23.0,0 days 00:01:11.377000,0 days 00:00:17.757000,0 days 00:00:31.745000,0 days 00:00:21.875000,MEDIUM,23.0,1.0,,,1,3.0,False,2025,Austria,R,71.377,17.757,31.745,21.875,70.17,1.2069999999999936,71.4,-0.023000000000010346,1.2069999999999936,72.75699999999999,71.64,1.1169999999999902,70.0,0.32857142857142857,25.0,0.92,529.0,529.0,1,0,0,1,0,1,0,0.0,23.0,0.0,22
HAM,Ferrari,24.0,0 days 00:01:11.132000,0 days 00:00:17.764000,0 days 00:00:31.688000,0 days 00:00:21.680000,MEDIUM,24.0,1.0,,,1,3.0,False,2025,Austria,R,71.132,17.764,31.688,21.68,70.17,0.9620000000000033,71.4,-0.2680000000000007,0.9620000000000033,72.572,71.64,0.9320000000000022,70.0,0.34285714285714286,25.0,0.96,576.0,576.0,1,0,0,0,0,1,0,0.0,24.0,0.0,22
HAM,Ferrari,25.0,0 days 00:01:11.588000,0 days 00:00:17.936000,0 days 00:00:31.884000,0 days 00:00:21.768000,MEDIUM,25.0,1.0,,,1,1.0,False,2025,Austria,R,71.588,17.936,31.884,21.768,70.17,1.4179999999999922,71.4,0.18799999999998818,1.4179999999999922,73.088,71.64,1.4479999999999933,70.0,0.35714285714285715,25.0,1.0,625.0,625.0,1,0,0,0,0,1,0,0.0,25.0,0.0,22
HAM,Ferrari,28.0,0 days 00:01:10.230000,0 days 00:00:17.453000,0 days 00:00:31.127000,0 days 00:00:21.650000,HARD,2.0,2.0,,,1,6.0,False,2025,Austria,R,70.23,17.453,31.127,21.65,70.17,0.060000000000002274,70.23,0.0,0.060000000000002274,71.91000000000001,71.91000000000001,0.0,70.0,0.4,23.0,0.08695652173913043,4.0,784.0,0,1,0,0,0,0,1,0.0,0.0,2.0,21
HAM,Ferrari,29.0,0 days 00:01:10.653000,0 days 00:00:17.791000,0 days 00:00:31.393000,0 days 00:00:21.469000,HARD,3.0,2.0,,,1,4.0,False,2025,Austria,R,70.653,17.791,31.393,21.469,70.17,0.4830000000000041,70.23,0.4230000000000018,0.4830000000000041,72.393,71.91000000000001,0.4829999999999899,70.0,0.4142857142857143,23.0,0.13043478260869565,9.0,841.0,0,1,0,0,0,0,1,0.0,0.0,3.0,21
HAM,Ferrari,30.0,0 days 00:01:10.175000,0 days 00:00:17.511000,0 days 00:00:31.219000,0 days 00:00:21.445000,HARD,4.0,2.0,,,12,4.0,False,2025,Austria,R,70.175,17.511,31.219,21.445,70.17,0.0049999999999954525,70.23,-0.05500000000000682,0.0049999999999954525,71.975,71.91000000000001,0.06499999999998352,70.0,0.42857142857142855,23.0,0.17391304347826086,16.0,900.0,0,1,0,0,0,0,1,0.0,0.0,4.0,21
HAM,Ferrari,31.0,0 days 00:01:09.979000,0 days 00:00:17.584000,0 days 00:00:31.177000,0 days 00:00:21.218000,HARD,5.0,2.0,,,1,4.0,False,2025,Austria,R,69.979,17.584,31.177,21.218,70.17,0.1910000000000025,70.23,-0.2510000000000048,-0.1910000000000025,71.839,71.91000000000001,-0.07100000000001216,70.0,0.44285714285714284,23.0,0.21739130434782608,25.0,961.0,0,1,0,0,0,0,1,0.0,0.0,5.0,21
HAM,Ferrari,32.0,0 days 00:01:09.933000,0 days 00:00:17.627000,0 days 00:00:31.227000,0 days 00:00:21.079000,HARD,6.0,2.0,,,1,4.0,False,2025,Austria,R,69.933,17.627,31.227,21.079,70.17,0.23699999999999477,70.23,-0.29699999999999704,-0.23699999999999477,71.85300000000001,71.91000000000001,-0.05700000000000216,70.0,0.45714285714285713,23.0,0.2608695652173913,36.0,1024.0,0,1,0,0,0,0,1,0.0,0.0,6.0,21
HAM,Ferrari,33.0,0 days 00:01:09.864000,0 days 00:00:17.649000,0 days 00:00:31.046000,0 days 00:00:21.169000,HARD,7.0,2.0,,,1,4.0,False,2025,Austria,R,69.864,17.649,31.046,21.169,70.17,0.3059999999999974,70.23,-0.36599999999999966,-0.3059999999999974,71.84400000000001,71.91000000000001,-0.0660000000000025,70.0,0.4714285714285714,23.0,0.30434782608695654,49.0,1089.0,0,1,0,0,0,0,1,0.0,0.0,7.0,21
HAM,Ferrari,34.0,0 days 00:01:09.769000,0 days 00:00:17.479000,0 days 00:00:31.156000,0 days 00:00:21.134000,HARD,8.0,2.0,,,1,4.0,False,2025,Austria,R,69.769,17.479,31.156,21.134,70.17,0.40099999999999625,70.23,-0.4609999999999985,-0.40099999999999625,71.80900000000001,71.91000000000001,-0.10099999999999909,70.0,0.4857142857142857,23.0,0.34782608695652173,64.0,1156.0,0,1,0,0,0,0,1,0.0,0.0,8.0,21
HAM,Ferrari,35.0,0 days 00:01:09.961000,0 days 00:00:17.557000,0 days 00:00:31.210000,0 days 00:00:21.194000,HARD,9.0,2.0,,,1,4.0,False,2025,Austria,R,69.961,17.557,31.21,21.194,70.17,0.20900000000000318,70.23,-0.26900000000000546,-0.20900000000000318,72.06099999999999,71.91000000000001,0.15099999999998204,70.0,0.5,23.0,0.391304347826087,81.0,1225.0,0,1,0,0,0,0,1,0.0,0.0,9.0,21
HAM,Ferrari,36.0,0 days 00:01:09.425000,0 days 00:00:17.453000,0 days 00:00:30.941000,0 days 00:00:21.031000,HARD,10.0,2.0,,,1,4.0,False,2025,Austria,R,69.425,17.453,30.941,21.031,70.17,0.7450000000000045,70.23,-0.8050000000000068,-0.7450000000000045,71.585,71.91000000000001,-0.32500000000001705,70.0,0.5142857142857142,23.0,0.43478260869565216,100.0,1296.0,0,1,0,0,0,0,1,0.0,0.0,10.0,21
HAM,Ferrari,37.0,0 days 00:01:09.665000,0 days 00:00:17.494000,0 days 00:00:31.060000,0 days 00:00:21.111000,HARD,11.0,2.0,,,1,4.0,False,2025,Austria,R,69.665,17.494,31.06,21.111,70.17,0.5049999999999955,70.23,-0.5649999999999977,-0.5049999999999955,71.885,71.91000000000001,-0.025000000000005684,70.0,0.5285714285714286,23.0,0.4782608695652174,121.0,1369.0,0,1,0,0,0,0,1,0.0,0.0,11.0,21
HAM,Ferrari,38.0,0 days 00:01:09.319000,0 days 00:00:17.367000,0 days 00:00:30.841000,0 days 00:00:21.111000,HARD,12.0,2.0,,,1,4.0,False,2025,Austria,R,69.319,17.367,30.841,21.111,70.17,0.8509999999999991,70.23,-0.9110000000000014,-0.8509999999999991,71.599,71.91000000000001,-0.31100000000000705,70.0,0.5428571428571428,23.0,0.5217391304347826,144.0,1444.0,0,1,0,0,0,0,1,0.0,0.0,12.0,21
HAM,Ferrari,39.0,0 days 00:01:10.055000,0 days 00:00:17.576000,0 days 00:00:31.164000,0 days 00:00:21.315000,HARD,13.0,2.0,,,1,4.0,False,2025,Austria,R,70.055,17.576,31.164,21.315,70.17,0.11499999999999488,70.23,-0.17499999999999716,-0.11499999999999488,72.39500000000001,71.91000000000001,0.48499999999999943,70.0,0.5571428571428572,23.0,0.5652173913043478,169.0,1521.0,0,1,0,0,0,0,1,0.0,0.0,13.0,21
HAM,Ferrari,40.0,0 days 00:01:09.641000,0 days 00:00:17.367000,0 days 00:00:31.087000,0 days 00:00:21.187000,HARD,14.0,2.0,,,1,4.0,False,2025,Austria,R,69.641,17.367,31.087,21.187,70.17,0.5289999999999964,70.23,-0.5889999999999986,-0.5289999999999964,72.04100000000001,71.91000000000001,0.13100000000000023,70.0,0.5714285714285714,23.0,0.6086956521739131,196.0,1600.0,0,1,0,0,0,0,1,0.0,0.0,14.0,21
HAM,Ferrari,41.0,0 days 00:01:10.106000,0 days 00:00:17.530000,0 days 00:00:31.268000,0 days 00:00:21.308000,HARD,15.0,2.0,,,1,4.0,False,2025,Austria,R,70.106,17.53,31.268,21.308,70.17,0.06400000000000716,70.23,-0.12400000000000944,-0.06400000000000716,72.56599999999999,71.91000000000001,0.6559999999999775,70.0,0.5857142857142857,23.0,0.6521739130434783,225.0,1681.0,0,1,0,0,0,0,1,0.0,0.0,15.0,21
HAM,Ferrari,42.0,0 days 00:01:10.087000,0 days 00:00:17.577000,0 days 00:00:31.210000,0 days 00:00:21.300000,HARD,16.0,2.0,,,1,4.0,False,2025,Austria,R,70.087,17.577,31.21,21.3,70.17,0.08299999999999841,70.23,-0.14300000000000068,-0.08299999999999841,72.607,71.91000000000001,0.6969999999999885,70.0,0.6,23.0,0.6956521739130435,256.0,1764.0,0,1,0,0,0,0,1,0.0,0.0,16.0,21
HAM,Ferrari,43.0,0 days 00:01:09.923000,0 days 00:00:17.447000,0 days 00:00:31.134000,0 days 00:00:21.342000,HARD,17.0,2.0,,,1,4.0,False,2025,Austria,R,69.923,17.447,31.134,21.342,70.17,0.2469999999999999,70.23,-0.30700000000000216,-0.2469999999999999,72.503,71.91000000000001,0.5929999999999893,70.0,0.6142857142857143,23.0,0.7391304347826086,289.0,1849.0,0,1,0,0,0,0,1,0.0,0.0,17.0,21
HAM,Ferrari,44.0,0 days 00:01:10.173000,0 days 00:00:17.522000,0 days 00:00:31.228000,0 days 00:00:21.423000,HARD,18.0,2.0,,,1,4.0,False,2025,Austria,R,70.173,17.522,31.228,21.423,70.17,0.0030000000000001137,70.23,-0.05700000000000216,0.0030000000000001137,72.813,71.91000000000001,0.9029999999999916,70.0,0.6285714285714286,23.0,0.782608695652174,324.0,1936.0,0,1,0,0,0,0,1,0.0,0.0,18.0,21
HAM,Ferrari,45.0,0 days 00:01:10.610000,0 days 00:00:17.511000,0 days 00:00:31.701000,0 days 00:00:21.398000,HARD,19.0,2.0,,,1,4.0,False,2025,Austria,R,70.61,17.511,31.701,21.398,70.17,0.4399999999999977,70.23,0.37999999999999545,0.4399999999999977,73.31,71.91000000000001,1.3999999999999915,70.0,0.6428571428571429,23.0,0.8260869565217391,361.0,2025.0,0,1,0,0,0,0,1,0.0,0.0,19.0,21
HAM,Ferrari,46.0,0 days 00:01:10.346000,0 days 00:00:17.546000,0 days 00:00:31.357000,0 days 00:00:21.443000,HARD,20.0,2.0,,,1,4.0,False,2025,Austria,R,70.346,17.546,31.357,21.443,70.17,0.17600000000000193,70.23,0.11599999999999966,0.17600000000000193,73.10600000000001,71.91000000000001,1.195999999999998,70.0,0.6571428571428571,23.0,0.8695652173913043,400.0,2116.0,0,1,0,0,0,0,1,0.0,0.0,20.0,21
HAM,Ferrari,47.0,0 days 00:01:10.282000,0 days 00:00:17.563000,0 days 00:00:31.241000,0 days 00:00:21.478000,HARD,21.0,2.0,,,1,4.0,False,2025,Austria,R,70.282,17.563,31.241,21.478,70.17,0.11199999999999477,70.23,0.0519999999999925,0.11199999999999477,73.10199999999999,71.91000000000001,1.1919999999999789,70.0,0.6714285714285714,23.0,0.9130434782608695,441.0,2209.0,0,1,1,0,0,0,1,0.0,0.0,21.0,21
HAM,Ferrari,49.0,0 days 00:01:10.432000,0 days 00:00:17.452000,0 days 00:00:31.485000,0 days 00:00:21.495000,HARD,23.0,2.0,,,1,4.0,False,2025,Austria,R,70.432,17.452,31.485,21.495,70.17,0.26200000000000045,70.23,0.20199999999999818,0.26200000000000045,73.372,71.91000000000001,1.461999999999989,70.0,0.7,23.0,1.0,529.0,2401.0,0,1,1,0,0,0,1,0.0,0.0,23.0,21
HAM,Ferrari,52.0,0 days 00:01:09.115000,0 days 00:00:17.387000,0 days 00:00:30.773000,0 days 00:00:20.955000,MEDIUM,2.0,3.0,,,1,4.0,False,2025,Austria,R,69.115,17.387,30.773,20.955,70.17,1.0550000000000068,69.115,0.0,-1.0550000000000068,72.235,72.235,0.0,70.0,0.7428571428571429,20.0,0.1,4.0,2704.0,0,0,1,0,0,1,0,0.0,2.0,0.0,19
HAM,Ferrari,53.0,0 days 00:01:08.628000,0 days 00:00:17.311000,0 days 00:00:30.474000,0 days 00:00:20.843000,MEDIUM,3.0,3.0,,,1,4.0,False,2025,Austria,R,68.628,17.311,30.474,20.843,70.17,1.5420000000000016,69.115,-0.48699999999999477,-1.5420000000000016,71.80799999999999,72.235,-0.4270000000000067,70.0,0.7571428571428571,20.0,0.15,9.0,2809.0,0,0,1,0,0,1,0,0.0,3.0,0.0,19
HAM,Ferrari,54.0,0 days 00:01:08.979000,0 days 00:00:17.357000,0 days 00:00:30.682000,0 days 00:00:20.940000,MEDIUM,4.0,3.0,,,1,4.0,False,2025,Austria,R,68.979,17.357,30.682,20.94,70.17,1.1910000000000025,69.115,-0.13599999999999568,-1.1910000000000025,72.219,72.235,-0.016000000000005343,70.0,0.7714285714285715,20.0,0.2,16.0,2916.0,0,0,1,0,0,1,0,0.0,4.0,0.0,19
HAM,Ferrari,55.0,0 days 00:01:08.757000,0 days 00:00:17.343000,0 days 00:00:30.553000,0 days 00:00:20.861000,MEDIUM,5.0,3.0,,,1,4.0,False,2025,Austria,R,68.757,17.343,30.553,20.861,70.17,1.4129999999999967,69.115,-0.3579999999999899,-1.4129999999999967,72.057,72.235,-0.17799999999999727,70.0,0.7857142857142857,20.0,0.25,25.0,3025.0,0,0,1,0,0,1,0,0.0,5.0,0.0,19
HAM,Ferrari,56.0,0 days 00:01:08.989000,0 days 00:00:17.324000,0 days 00:00:30.645000,0 days 00:00:21.020000,MEDIUM,6.0,3.0,,,1,4.0,False,2025,Austria,R,68.989,17.324,30.645,21.02,70.17,1.1809999999999974,69.115,-0.12599999999999056,-1.1809999999999974,72.349,72.235,0.11400000000000432,70.0,0.8,20.0,0.3,36.0,3136.0,0,0,1,0,0,1,0,0.0,6.0,0.0,19
HAM,Ferrari,57.0,0 days 00:01:08.938000,0 days 00:00:17.341000,0 days 00:00:30.648000,0 days 00:00:20.949000,MEDIUM,7.0,3.0,,,1,4.0,False,2025,Austria,R,68.938,17.341,30.648,20.949,70.17,1.2319999999999993,69.115,-0.1769999999999925,-1.2319999999999993,72.358,72.235,0.12300000000000466,70.0,0.8142857142857143,20.0,0.35,49.0,3249.0,0,0,1,0,0,1,0,0.0,7.0,0.0,19
HAM,Ferrari,58.0,0 days 00:01:08.669000,0 days 00:00:17.367000,0 days 00:00:30.495000,0 days 00:00:20.807000,MEDIUM,8.0,3.0,,,1,4.0,False,2025,Austria,R,68.669,17.367,30.495,20.807,70.17,1.5010000000000048,69.115,-0.44599999999999795,-1.5010000000000048,72.149,72.235,-0.08599999999999852,70.0,0.8285714285714286,20.0,0.4,64.0,3364.0,0,0,1,0,0,1,0,0.0,8.0,0.0,19
HAM,Ferrari,59.0,0 days 00:01:09.310000,0 days 00:00:17.471000,0 days 00:00:30.867000,0 days 00:00:20.972000,MEDIUM,9.0,3.0,,,1,4.0,False,2025,Austria,R,69.31,17.471,30.867,20.972,70.17,0.8599999999999994,69.115,0.1950000000000074,-0.8599999999999994,72.85000000000001,72.235,0.6150000000000091,70.0,0.8428571428571429,20.0,0.45,81.0,3481.0,0,0,1,0,0,1,0,0.0,9.0,0.0,19
HAM,Ferrari,60.0,0 days 00:01:09.324000,0 days 00:00:17.462000,0 days 00:00:30.878000,0 days 00:00:20.984000,MEDIUM,10.0,3.0,,,1,4.0,False,2025,Austria,R,69.324,17.462,30.878,20.984,70.17,0.8460000000000036,69.115,0.20900000000000318,-0.8460000000000036,72.92399999999999,72.235,0.688999999999993,70.0,0.8571428571428571,20.0,0.5,100.0,3600.0,0,0,1,0,0,1,0,0.0,10.0,0.0,19
HAM,Ferrari,61.0,0 days 00:01:09.266000,0 days 00:00:17.435000,0 days 00:00:30.895000,0 days 00:00:20.936000,MEDIUM,11.0,3.0,,,1,4.0,False,2025,Austria,R,69.266,17.435,30.895,20.936,70.17,0.9039999999999964,69.115,0.15100000000001046,-0.9039999999999964,72.926,72.235,0.6910000000000025,70.0,0.8714285714285714,20.0,0.55,121.0,3721.0,0,0,1,0,0,1,0,0.0,11.0,0.0,19
HAM,Ferrari,62.0,0 days 00:01:09.287000,0 days 00:00:17.415000,0 days 00:00:30.901000,0 days 00:00:20.971000,MEDIUM,12.0,3.0,,,1,4.0,False,2025,Austria,R,69.287,17.415,30.901,20.971,70.17,0.8829999999999956,69.115,0.17200000000001125,-0.8829999999999956,73.007,72.235,0.7720000000000056,70.0,0.8857142857142857,20.0,0.6,144.0,3844.0,0,0,1,0,0,1,0,0.0,12.0,0.0,19
HAM,Ferrari,63.0,0 days 00:01:09.242000,0 days 00:00:17.453000,0 days 00:00:30.787000,0 days 00:00:21.002000,MEDIUM,13.0,3.0,,,1,4.0,False,2025,Austria,R,69.242,17.453,30.787,21.002,70.17,0.9279999999999973,69.115,0.12700000000000955,-0.9279999999999973,73.022,72.235,0.7870000000000061,70.0,0.9,20.0,0.65,169.0,3969.0,0,0,1,0,0,1,0,0.0,13.0,0.0,19
HAM,Ferrari,64.0,0 days 00:01:09.088000,0 days 00:00:17.380000,0 days 00:00:30.679000,0 days 00:00:21.029000,MEDIUM,14.0,3.0,,,1,4.0,False,2025,Austria,R,69.088,17.38,30.679,21.029,70.17,1.0820000000000078,69.115,-0.027000000000001023,-1.0820000000000078,72.928,72.235,0.6929999999999978,70.0,0.9142857142857143,20.0,0.7,196.0,4096.0,0,0,1,0,0,1,0,0.0,14.0,0.0,19
HAM,Ferrari,65.0,0 days 00:01:09.447000,0 days 00:00:17.547000,0 days 00:00:30.947000,0 days 00:00:20.953000,MEDIUM,15.0,3.0,,,1,4.0,False,2025,Austria,R,69.447,17.547,30.947,20.953,70.17,0.722999999999999,69.115,0.33200000000000784,-0.722999999999999,73.34700000000001,72.235,1.112000000000009,70.0,0.9285714285714286,20.0,0.75,225.0,4225.0,0,0,1,0,0,1,0,0.0,15.0,0.0,19
HAM,Ferrari,66.0,0 days 00:01:09.317000,0 days 00:00:17.487000,0 days 00:00:30.831000,0 days 00:00:20.999000,MEDIUM,16.0,3.0,,,1,4.0,False,2025,Austria,R,69.317,17.487,30.831,20.999,70.17,0.8530000000000086,69.115,0.20199999999999818,-0.8530000000000086,73.27699999999999,72.235,1.0419999999999874,70.0,0.9428571428571428,20.0,0.8,256.0,4356.0,0,0,1,0,0,1,0,0.0,16.0,0.0,19
HAM,Ferrari,67.0,0 days 00:01:09.515000,0 days 00:00:17.502000,0 days 00:00:30.880000,0 days 00:00:21.133000,MEDIUM,17.0,3.0,,,1,4.0,False,2025,Austria,R,69.515,17.502,30.88,21.133,70.17,0.6550000000000011,69.115,0.4000000000000057,-0.6550000000000011,73.535,72.235,1.2999999999999972,70.0,0.9571428571428572,20.0,0.85,289.0,4489.0,0,0,1,0,0,1,0,0.0,17.0,0.0,19
HAM,Ferrari,68.0,0 days 00:01:09.574000,0 days 00:00:17.398000,0 days 00:00:30.947000,0 days 00:00:21.229000,MEDIUM,18.0,3.0,,,1,4.0,False,2025,Austria,R,69.574,17.398,30.947,21.229,70.17,0.5960000000000036,69.115,0.4590000000000032,-0.5960000000000036,73.654,72.235,1.418999999999997,70.0,0.9714285714285714,20.0,0.9,324.0,4624.0,0,0,1,0,0,1,0,0.0,18.0,0.0,19
HAM,Ferrari,69.0,0 days 00:01:09.310000,0 days 00:00:17.394000,0 days 00:00:30.831000,0 days 00:00:21.085000,MEDIUM,19.0,3.0,,,1,4.0,False,2025,Austria,R,69.31,17.394,30.831,21.085,70.17,0.8599999999999994,69.115,0.1950000000000074,-0.8599999999999994,73.45,72.235,1.2150000000000034,70.0,0.9857142857142858,20.0,0.95,361.0,4761.0,0,0,1,0,0,1,0,0.0,19.0,0.0,19
HAM,Ferrari,70.0,0 days 00:01:09.553000,0 days 00:00:17.310000,0 days 00:00:30.849000,0 days 00:00:21.394000,MEDIUM,20.0,3.0,,,1,4.0,False,2025,Austria,R,69.553,17.31,30.849,21.394,70.17,0.6170000000000044,69.115,0.4380000000000024,-0.6170000000000044,73.753,72.235,1.5180000000000007,70.0,1.0,20.0,1.0,400.0,4900.0,0,0,1,0,0,1,0,0.0,20.0,0.0,19
HUL,Kick Sauber,4.0,0 days 00:01:12.316000,0 days 00:00:17.626000,0 days 00:00:32.640000,0 days 00:00:22.050000,SOFT,4.0,1.0,,,1,16.0,False,2025,Austria,R,72.316,17.626,32.64,22.05,70.861,1.4549999999999983,72.316,0.0,1.4549999999999983,72.556,72.556,0.0,70.0,0.05714285714285714,11.0,0.36363636363636365,16.0,16.0,1,0,0,1,1,0,0,4.0,0.0,0.0,8
HUL,Kick Sauber,5.0,0 days 00:01:12.034000,0 days 00:00:17.567000,0 days 00:00:32.408000,0 days 00:00:22.059000,SOFT,5.0,1.0,,,1,16.0,False,2025,Austria,R,72.034,17.567,32.408,22.059,70.861,1.1730000000000018,72.316,-0.2819999999999965,1.1730000000000018,72.334,72.556,-0.2219999999999942,70.0,0.07142857142857142,11.0,0.45454545454545453,25.0,25.0,1,0,0,1,1,0,0,5.0,0.0,0.0,8
HUL,Kick Sauber,6.0,0 days 00:01:11.857000,0 days 00:00:17.252000,0 days 00:00:32.394000,0 days 00:00:22.211000,SOFT,6.0,1.0,,,1,16.0,False,2025,Austria,R,71.857,17.252,32.394,22.211,70.861,0.9959999999999951,72.316,-0.4590000000000032,0.9959999999999951,72.217,72.556,-0.33899999999999864,70.0,0.08571428571428572,11.0,0.5454545454545454,36.0,36.0,1,0,0,1,1,0,0,6.0,0.0,0.0,8
HUL,Kick Sauber,7.0,0 days 00:01:11.507000,0 days 00:00:17.424000,0 days 00:00:32.170000,0 days 00:00:21.913000,SOFT,7.0,1.0,,,1,16.0,False,2025,Austria,R,71.507,17.424,32.17,21.913,70.861,0.6460000000000008,72.316,-0.8089999999999975,0.6460000000000008,71.927,72.556,-0.6289999999999907,70.0,0.1,11.0,0.6363636363636364,49.0,49.0,1,0,0,1,1,0,0,7.0,0.0,0.0,8
HUL,Kick Sauber,8.0,0 days 00:01:10.949000,0 days 00:00:17.343000,0 days 00:00:31.892000,0 days 00:00:21.714000,SOFT,8.0,1.0,,,1,16.0,False,2025,Austria,R,70.949,17.343,31.892,21.714,70.861,0.08799999999999386,72.316,-1.3670000000000044,0.08799999999999386,71.429,72.556,-1.1269999999999953,70.0,0.11428571428571428,11.0,0.7272727272727273,64.0,64.0,1,0,0,1,1,0,0,8.0,0.0,0.0,8
HUL,Kick Sauber,9.0,0 days 00:01:11.201000,0 days 00:00:17.381000,0 days 00:00:31.877000,0 days 00:00:21.943000,SOFT,9.0,1.0,,,1,16.0,False,2025,Austria,R,71.201,17.381,31.877,21.943,70.861,0.3399999999999892,72.316,-1.115000000000009,0.3399999999999892,71.741,72.556,-0.8149999999999977,70.0,0.12857142857142856,11.0,0.8181818181818182,81.0,81.0,1,0,0,1,1,0,0,9.0,0.0,0.0,8
HUL,Kick Sauber,10.0,0 days 00:01:11.118000,0 days 00:00:17.463000,0 days 00:00:31.790000,0 days 00:00:21.865000,SOFT,10.0,1.0,,,1,16.0,False,2025,Austria,R,71.118,17.463,31.79,21.865,70.861,0.2569999999999908,72.316,-1.1980000000000075,0.2569999999999908,71.71799999999999,72.556,-0.8380000000000081,70.0,0.14285714285714285,11.0,0.9090909090909091,100.0,100.0,1,0,0,1,1,0,0,10.0,0.0,0.0,8
HUL,Kick Sauber,11.0,0 days 00:01:11.537000,0 days 00:00:17.410000,0 days 00:00:32.041000,0 days 00:00:22.086000,SOFT,11.0,1.0,,,1,16.0,False,2025,Austria,R,71.537,17.41,32.041,22.086,70.861,0.6760000000000019,72.316,-0.7789999999999964,0.6760000000000019,72.197,72.556,-0.35899999999999466,70.0,0.15714285714285714,11.0,1.0,121.0,121.0,1,0,0,1,1,0,0,11.0,0.0,0.0,8
HUL,Kick Sauber,14.0,0 days 00:01:11.372000,0 days 00:00:17.853000,0 days 00:00:31.785000,0 days 00:00:21.734000,MEDIUM,2.0,2.0,,,1,16.0,False,2025,Austria,R,71.372,17.853,31.785,21.734,70.861,0.5109999999999957,71.372,0.0,0.5109999999999957,72.212,72.212,0.0,70.0,0.2,29.0,0.06896551724137931,4.0,196.0,0,1,0,1,0,1,0,0.0,2.0,0.0,28
HUL,Kick Sauber,15.0,0 days 00:01:10.735000,0 days 00:00:17.768000,0 days 00:00:31.452000,0 days 00:00:21.515000,MEDIUM,3.0,2.0,,,1,15.0,False,2025,Austria,R,70.735,17.768,31.452,21.515,70.861,0.12600000000000477,71.372,-0.6370000000000005,-0.12600000000000477,71.635,72.212,-0.5769999999999982,70.0,0.21428571428571427,29.0,0.10344827586206896,9.0,225.0,0,1,0,1,0,1,0,0.0,3.0,0.0,28
HUL,Kick Sauber,16.0,0 days 00:01:10.729000,0 days 00:00:17.735000,0 days 00:00:31.271000,0 days 00:00:21.723000,MEDIUM,4.0,2.0,,,1,15.0,False,2025,Austria,R,70.729,17.735,31.271,21.723,70.861,0.132000000000005,71.372,-0.6430000000000007,-0.132000000000005,71.689,72.212,-0.5230000000000103,70.0,0.22857142857142856,29.0,0.13793103448275862,16.0,256.0,0,1,0,1,0,1,0,0.0,4.0,0.0,28
HUL,Kick Sauber,17.0,0 days 00:01:10.879000,0 days 00:00:17.833000,0 days 00:00:31.510000,0 days 00:00:21.536000,MEDIUM,5.0,2.0,,,1,15.0,False,2025,Austria,R,70.879,17.833,31.51,21.536,70.861,0.018000000000000682,71.372,-0.492999999999995,0.018000000000000682,71.899,72.212,-0.3130000000000024,70.0,0.24285714285714285,29.0,0.1724137931034483,25.0,289.0,0,1,0,1,0,1,0,0.0,5.0,0.0,28
HUL,Kick Sauber,18.0,0 days 00:01:10.967000,0 days 00:00:17.858000,0 days 00:00:31.540000,0 days 00:00:21.569000,MEDIUM,6.0,2.0,,,1,15.0,False,2025,Austria,R,70.967,17.858,31.54,21.569,70.861,0.10599999999999454,71.372,-0.40500000000000114,0.10599999999999454,72.047,72.212,-0.16500000000000625,70.0,0.2571428571428571,29.0,0.20689655172413793,36.0,324.0,0,1,0,1,0,1,0,0.0,6.0,0.0,28
HUL,Kick Sauber,19.0,0 days 00:01:10.746000,0 days 00:00:17.835000,0 days 00:00:31.429000,0 days 00:00:21.482000,MEDIUM,7.0,2.0,,,1,14.0,False,2025,Austria,R,70.746,17.835,31.429,21.482,70.861,0.1150000000000091,71.372,-0.6260000000000048,-0.1150000000000091,71.886,72.212,-0.3260000000000076,70.0,0.2714285714285714,29.0,0.2413793103448276,49.0,361.0,0,1,0,1,0,1,0,0.0,7.0,0.0,28
HUL,Kick Sauber,20.0,0 days 00:01:10.769000,0 days 00:00:17.374000,0 days 00:00:31.746000,0 days 00:00:21.649000,MEDIUM,8.0,2.0,,,1,13.0,False,2025,Austria,R,70.769,17.374,31.746,21.649,70.861,0.09199999999999875,71.372,-0.6029999999999944,-0.09199999999999875,71.96900000000001,72.212,-0.242999999999995,70.0,0.2857142857142857,29.0,0.27586206896551724,64.0,400.0,0,1,0,1,0,1,0,0.0,8.0,0.0,28
HUL,Kick Sauber,21.0,0 days 00:01:11.332000,0 days 00:00:17.483000,0 days 00:00:32.059000,0 days 00:00:21.790000,MEDIUM,9.0,2.0,,,1,13.0,False,2025,Austria,R,71.332,17.483,32.059,21.79,70.861,0.4709999999999894,71.372,-0.04000000000000625,0.4709999999999894,72.592,72.212,0.37999999999999545,70.0,0.3,29.0,0.3103448275862069,81.0,441.0,0,1,0,1,0,1,0,0.0,9.0,0.0,28
HUL,Kick Sauber,22.0,0 days 00:01:10.923000,0 days 00:00:17.689000,0 days 00:00:31.808000,0 days 00:00:21.426000,MEDIUM,10.0,2.0,,,1,11.0,False,2025,Austria,R,70.923,17.689,31.808,21.426,70.861,0.06199999999999761,71.372,-0.44899999999999807,0.06199999999999761,72.243,72.212,0.0309999999999917,70.0,0.3142857142857143,29.0,0.3448275862068966,100.0,484.0,0,1,0,1,0,1,0,0.0,10.0,0.0,28
HUL,Kick Sauber,23.0,0 days 00:01:10.780000,0 days 00:00:17.789000,0 days 00:00:31.477000,0 days 00:00:21.514000,MEDIUM,11.0,2.0,,,1,11.0,False,2025,Austria,R,70.78,17.789,31.477,21.514,70.861,0.08100000000000307,71.372,-0.5919999999999987,-0.08100000000000307,72.16,72.212,-0.05200000000000671,70.0,0.32857142857142857,29.0,0.3793103448275862,121.0,529.0,0,1,0,1,0,1,0,0.0,11.0,0.0,28
HUL,Kick Sauber,24.0,0 days 00:01:10.924000,0 days 00:00:17.802000,0 days 00:00:31.530000,0 days 00:00:21.592000,MEDIUM,12.0,2.0,,,1,11.0,False,2025,Austria,R,70.924,17.802,31.53,21.592,70.861,0.06300000000000239,71.372,-0.4479999999999933,0.06300000000000239,72.364,72.212,0.15200000000000102,70.0,0.34285714285714286,29.0,0.41379310344827586,144.0,576.0,0,1,0,0,0,1,0,0.0,12.0,0.0,28
HUL,Kick Sauber,25.0,0 days 00:01:11.101000,0 days 00:00:17.786000,0 days 00:00:31.573000,0 days 00:00:21.742000,MEDIUM,13.0,2.0,,,1,11.0,False,2025,Austria,R,71.101,17.786,31.573,21.742,70.861,0.23999999999999488,71.372,-0.2710000000000008,0.23999999999999488,72.601,72.212,0.3889999999999958,70.0,0.35714285714285715,29.0,0.4482758620689655,169.0,625.0,0,1,0,0,0,1,0,0.0,13.0,0.0,28
HUL,Kick Sauber,26.0,0 days 00:01:11.448000,0 days 00:00:17.417000,0 days 00:00:32.155000,0 days 00:00:21.876000,MEDIUM,14.0,2.0,,,1,10.0,False,2025,Austria,R,71.448,17.417,32.155,21.876,70.861,0.5869999999999891,71.372,0.0759999999999934,0.5869999999999891,73.008,72.212,0.7959999999999923,70.0,0.37142857142857144,29.0,0.4827586206896552,196.0,676.0,0,1,0,0,0,1,0,0.0,14.0,0.0,28
HUL,Kick Sauber,27.0,0 days 00:01:11.142000,0 days 00:00:17.463000,0 days 00:00:31.818000,0 days 00:00:21.861000,MEDIUM,15.0,2.0,,,1,9.0,False,2025,Austria,R,71.142,17.463,31.818,21.861,70.861,0.2809999999999917,71.372,-0.23000000000000398,0.2809999999999917,72.762,72.212,0.5499999999999972,70.0,0.38571428571428573,29.0,0.5172413793103449,225.0,729.0,0,1,0,0,0,1,0,0.0,15.0,0.0,28
HUL,Kick Sauber,28.0,0 days 00:01:12.593000,0 days 00:00:18.150000,0 days 00:00:32.604000,0 days 00:00:21.839000,MEDIUM,16.0,2.0,,,1,9.0,False,2025,Austria,R,72.593,18.15,32.604,21.839,70.861,1.7319999999999993,71.372,1.2210000000000036,1.7319999999999993,74.27300000000001,72.212,2.061000000000007,70.0,0.4,29.0,0.5517241379310345,256.0,784.0,0,1,0,0,0,1,0,0.0,16.0,0.0,28
HUL,Kick Sauber,29.0,0 days 00:01:10.895000,0 days 00:00:17.325000,0 days 00:00:31.797000,0 days 00:00:21.773000,MEDIUM,17.0,2.0,,,1,9.0,False,2025,Austria,R,70.895,17.325,31.797,21.773,70.861,0.033999999999991815,71.372,-0.47700000000000387,0.033999999999991815,72.63499999999999,72.212,0.4229999999999876,70.0,0.4142857142857143,29.0,0.5862068965517241,289.0,841.0,0,1,0,0,0,1,0,0.0,17.0,0.0,28
HUL,Kick Sauber,30.0,0 days 00:01:11.238000,0 days 00:00:17.775000,0 days 00:00:31.696000,0 days 00:00:21.767000,MEDIUM,18.0,2.0,,,12,9.0,False,2025,Austria,R,71.238,17.775,31.696,21.767,70.861,0.37699999999999534,71.372,-0.13400000000000034,0.37699999999999534,73.038,72.212,0.8259999999999934,70.0,0.42857142857142855,29.0,0.6206896551724138,324.0,900.0,0,1,0,0,0,1,0,0.0,18.0,0.0,28
HUL,Kick Sauber,31.0,0 days 00:01:11.075000,0 days 00:00:17.857000,0 days 00:00:31.629000,0 days 00:00:21.589000,MEDIUM,19.0,2.0,,,1,9.0,False,2025,Austria,R,71.075,17.857,31.629,21.589,70.861,0.21399999999999864,71.372,-0.29699999999999704,0.21399999999999864,72.935,72.212,0.722999999999999,70.0,0.44285714285714284,29.0,0.6551724137931034,361.0,961.0,0,1,0,0,0,1,0,0.0,19.0,0.0,28
HUL,Kick Sauber,32.0,0 days 00:01:11.239000,0 days 00:00:17.890000,0 days 00:00:31.699000,0 days 00:00:21.650000,MEDIUM,20.0,2.0,,,1,9.0,False,2025,Austria,R,71.239,17.89,31.699,21.65,70.861,0.3780000000000001,71.372,-0.13299999999999557,0.3780000000000001,73.159,72.212,0.9470000000000027,70.0,0.45714285714285713,29.0,0.6896551724137931,400.0,1024.0,0,1,0,0,0,1,0,0.0,20.0,0.0,28
HUL,Kick Sauber,33.0,0 days 00:01:11.002000,0 days 00:00:17.865000,0 days 00:00:31.605000,0 days 00:00:21.532000,MEDIUM,21.0,2.0,,,1,8.0,False,2025,Austria,R,71.002,17.865,31.605,21.532,70.861,0.14099999999999113,71.372,-0.37000000000000455,0.14099999999999113,72.982,72.212,0.769999999999996,70.0,0.4714285714285714,29.0,0.7241379310344828,441.0,1089.0,0,1,0,0,0,1,0,0.0,21.0,0.0,28
HUL,Kick Sauber,34.0,0 days 00:01:10.923000,0 days 00:00:17.748000,0 days 00:00:31.573000,0 days 00:00:21.602000,MEDIUM,22.0,2.0,,,1,7.0,False,2025,Austria,R,70.923,17.748,31.573,21.602,70.861,0.06199999999999761,71.372,-0.44899999999999807,0.06199999999999761,72.96300000000001,72.212,0.7510000000000048,70.0,0.4857142857142857,29.0,0.7586206896551724,484.0,1156.0,0,1,0,0,0,1,0,0.0,22.0,0.0,28
HUL,Kick Sauber,35.0,0 days 00:01:10.948000,0 days 00:00:17.872000,0 days 00:00:31.537000,0 days 00:00:21.539000,MEDIUM,23.0,2.0,,,1,7.0,False,2025,Austria,R,70.948,17.872,31.537,21.539,70.861,0.08699999999998909,71.372,-0.4240000000000066,0.08699999999998909,73.04799999999999,72.212,0.8359999999999843,70.0,0.5,29.0,0.7931034482758621,529.0,1225.0,0,1,0,0,0,1,0,0.0,23.0,0.0,28
HUL,Kick Sauber,36.0,0 days 00:01:10.861000,0 days 00:00:17.859000,0 days 00:00:31.416000,0 days 00:00:21.586000,MEDIUM,24.0,2.0,,,1,7.0,False,2025,Austria,R,70.861,17.859,31.416,21.586,70.861,0.0,71.372,-0.5109999999999957,0.0,73.021,72.212,0.8089999999999975,70.0,0.5142857142857142,29.0,0.8275862068965517,576.0,1296.0,0,1,0,0,0,1,0,0.0,24.0,0.0,28
HUL,Kick Sauber,37.0,0 days 00:01:10.802000,0 days 00:00:17.852000,0 days 00:00:31.413000,0 days 00:00:21.537000,MEDIUM,25.0,2.0,,,1,7.0,False,2025,Austria,R,70.802,17.852,31.413,21.537,70.861,0.0589999999999975,71.372,-0.5699999999999932,-0.0589999999999975,73.022,72.212,0.8100000000000023,70.0,0.5285714285714286,29.0,0.8620689655172413,625.0,1369.0,0,1,0,0,0,1,0,0.0,25.0,0.0,28
HUL,Kick Sauber,38.0,0 days 00:01:10.797000,0 days 00:00:17.816000,0 days 00:00:31.446000,0 days 00:00:21.535000,MEDIUM,26.0,2.0,,,1,7.0,False,2025,Austria,R,70.797,17.816,31.446,21.535,70.861,0.06400000000000716,71.372,-0.5750000000000028,-0.06400000000000716,73.077,72.212,0.8649999999999949,70.0,0.5428571428571428,29.0,0.896551724137931,676.0,1444.0,0,1,0,0,0,1,0,0.0,26.0,0.0,28
HUL,Kick Sauber,39.0,0 days 00:01:10.906000,0 days 00:00:17.860000,0 days 00:00:31.544000,0 days 00:00:21.502000,MEDIUM,27.0,2.0,,,1,7.0,False,2025,Austria,R,70.906,17.86,31.544,21.502,70.861,0.045000000000001705,71.372,-0.465999999999994,0.045000000000001705,73.24600000000001,72.212,1.034000000000006,70.0,0.5571428571428572,29.0,0.9310344827586207,729.0,1521.0,0,1,0,0,0,1,0,0.0,27.0,0.0,28
HUL,Kick Sauber,40.0,0 days 00:01:10.708000,0 days 00:00:17.780000,0 days 00:00:31.468000,0 days 00:00:21.460000,MEDIUM,28.0,2.0,,,1,7.0,False,2025,Austria,R,70.708,17.78,31.468,21.46,70.861,0.1530000000000058,71.372,-0.6640000000000015,-0.1530000000000058,73.108,72.212,0.8960000000000008,70.0,0.5714285714285714,29.0,0.9655172413793104,784.0,1600.0,0,1,0,0,0,1,0,0.0,28.0,0.0,28
HUL,Kick Sauber,41.0,0 days 00:01:11.041000,0 days 00:00:17.919000,0 days 00:00:31.499000,0 days 00:00:21.623000,MEDIUM,29.0,2.0,,,1,7.0,False,2025,Austria,R,71.041,17.919,31.499,21.623,70.861,0.1799999999999926,71.372,-0.33100000000000307,0.1799999999999926,73.50099999999999,72.212,1.2889999999999873,70.0,0.5857142857142857,29.0,1.0,841.0,1681.0,0,1,0,0,0,1,0,0.0,29.0,0.0,28
HUL,Kick Sauber,44.0,0 days 00:01:10.552000,0 days 00:00:17.662000,0 days 00:00:31.299000,0 days 00:00:21.591000,MEDIUM,2.0,3.0,,,1,11.0,False,2025,Austria,R,70.552,17.662,31.299,21.591,70.861,0.3089999999999975,70.552,0.0,-0.3089999999999975,73.19200000000001,73.19200000000001,0.0,70.0,0.6285714285714286,27.0,0.07407407407407407,4.0,1936.0,0,0,0,0,0,1,0,0.0,2.0,0.0,26
HUL,Kick Sauber,45.0,0 days 00:01:10.168000,0 days 00:00:17.572000,0 days 00:00:31.144000,0 days 00:00:21.452000,MEDIUM,3.0,3.0,,,1,11.0,False,2025,Austria,R,70.168,17.572,31.144,21.452,70.861,0.6929999999999978,70.552,-0.38400000000000034,-0.6929999999999978,72.86800000000001,73.19200000000001,-0.32399999999999807,70.0,0.6428571428571429,27.0,0.1111111111111111,9.0,2025.0,0,0,0,0,0,1,0,0.0,3.0,0.0,26
HUL,Kick Sauber,46.0,0 days 00:01:12.362000,0 days 00:00:17.689000,0 days 00:00:32.822000,0 days 00:00:21.851000,MEDIUM,4.0,3.0,,,1,11.0,False,2025,Austria,R,72.362,17.689,32.822,21.851,70.861,1.5009999999999906,70.552,1.809999999999988,1.5009999999999906,75.122,73.19200000000001,1.9299999999999926,70.0,0.6571428571428571,27.0,0.14814814814814814,16.0,2116.0,0,0,0,0,0,1,0,0.0,4.0,0.0,26
HUL,Kick Sauber,47.0,0 days 00:01:10.453000,0 days 00:00:17.663000,0 days 00:00:31.204000,0 days 00:00:21.586000,MEDIUM,5.0,3.0,,,1,11.0,False,2025,Austria,R,70.453,17.663,31.204,21.586,70.861,0.40800000000000125,70.552,-0.09900000000000375,-0.40800000000000125,73.273,73.19200000000001,0.08099999999998886,70.0,0.6714285714285714,27.0,0.18518518518518517,25.0,2209.0,0,0,1,0,0,1,0,0.0,5.0,0.0,26
HUL,Kick Sauber,48.0,0 days 00:01:10.645000,0 days 00:00:17.610000,0 days 00:00:31.423000,0 days 00:00:21.612000,MEDIUM,6.0,3.0,,,1,11.0,False,2025,Austria,R,70.645,17.61,31.423,21.612,70.861,0.21600000000000819,70.552,0.09299999999998931,-0.21600000000000819,73.52499999999999,73.19200000000001,0.3329999999999842,70.0,0.6857142857142857,27.0,0.2222222222222222,36.0,2304.0,0,0,1,0,0,1,0,0.0,6.0,0.0,26
HUL,Kick Sauber,49.0,0 days 00:01:10.257000,0 days 00:00:17.691000,0 days 00:00:31.183000,0 days 00:00:21.383000,MEDIUM,7.0,3.0,,,1,11.0,False,2025,Austria,R,70.257,17.691,31.183,21.383,70.861,0.6039999999999992,70.552,-0.2950000000000017,-0.6039999999999992,73.197,73.19200000000001,0.0049999999999954525,70.0,0.7,27.0,0.25925925925925924,49.0,2401.0,0,0,1,0,0,1,0,0.0,7.0,0.0,26
HUL,Kick Sauber,50.0,0 days 00:01:10.645000,0 days 00:00:17.661000,0 days 00:00:31.516000,0 days 00:00:21.468000,MEDIUM,8.0,3.0,,,1,11.0,False,2025,Austria,R,70.645,17.661,31.516,21.468,70.861,0.21600000000000819,70.552,0.09299999999998931,-0.21600000000000819,73.645,73.19200000000001,0.45299999999998875,70.0,0.7142857142857143,27.0,0.2962962962962963,64.0,2500.0,0,0,1,0,0,1,0,0.0,8.0,0.0,26
HUL,Kick Sauber,51.0,0 days 00:01:10.162000,0 days 00:00:17.524000,0 days 00:00:31.232000,0 days 00:00:21.406000,MEDIUM,9.0,3.0,,,1,10.0,False,2025,Austria,R,70.162,17.524,31.232,21.406,70.861,0.6989999999999981,70.552,-0.39000000000000057,-0.6989999999999981,73.22200000000001,73.19200000000001,0.030000000000001137,70.0,0.7285714285714285,27.0,0.3333333333333333,81.0,2601.0,0,0,1,0,0,1,0,0.0,9.0,0.0,26
HUL,Kick Sauber,52.0,0 days 00:01:10.293000,0 days 00:00:17.571000,0 days 00:00:31.398000,0 days 00:00:21.324000,MEDIUM,10.0,3.0,,,1,10.0,False,2025,Austria,R,70.293,17.571,31.398,21.324,70.861,0.5679999999999978,70.552,-0.25900000000000034,-0.5679999999999978,73.41300000000001,73.19200000000001,0.22100000000000364,70.0,0.7428571428571429,27.0,0.37037037037037035,100.0,2704.0,0,0,1,0,0,1,0,0.0,10.0,0.0,26
HUL,Kick Sauber,53.0,0 days 00:01:09.945000,0 days 00:00:17.644000,0 days 00:00:31.149000,0 days 00:00:21.152000,MEDIUM,11.0,3.0,,,1,10.0,False,2025,Austria,R,69.945,17.644,31.149,21.152,70.861,0.916000000000011,70.552,-0.6070000000000135,-0.916000000000011,73.125,73.19200000000001,-0.06700000000000728,70.0,0.7571428571428571,27.0,0.4074074074074074,121.0,2809.0,0,0,1,0,0,1,0,0.0,11.0,0.0,26
HUL,Kick Sauber,54.0,0 days 00:01:09.857000,0 days 00:00:17.654000,0 days 00:00:31.082000,0 days 00:00:21.121000,MEDIUM,12.0,3.0,,,1,10.0,False,2025,Austria,R,69.857,17.654,31.082,21.121,70.861,1.0040000000000049,70.552,-0.6950000000000074,-1.0040000000000049,73.097,73.19200000000001,-0.09500000000001307,70.0,0.7714285714285715,27.0,0.4444444444444444,144.0,2916.0,0,0,1,0,0,1,0,0.0,12.0,0.0,26
HUL,Kick Sauber,55.0,0 days 00:01:10.188000,0 days 00:00:17.763000,0 days 00:00:31.407000,0 days 00:00:21.018000,MEDIUM,13.0,3.0,,,1,10.0,False,2025,Austria,R,70.188,17.763,31.407,21.018,70.861,0.6730000000000018,70.552,-0.3640000000000043,-0.6730000000000018,73.488,73.19200000000001,0.29599999999999227,70.0,0.7857142857142857,27.0,0.48148148148148145,169.0,3025.0,0,0,1,0,0,1,0,0.0,13.0,0.0,26
HUL,Kick Sauber,56.0,0 days 00:01:09.872000,0 days 00:00:17.593000,0 days 00:00:30.998000,0 days 00:00:21.281000,MEDIUM,14.0,3.0,,,1,10.0,False,2025,Austria,R,69.872,17.593,30.998,21.281,70.861,0.9890000000000043,70.552,-0.6800000000000068,-0.9890000000000043,73.232,73.19200000000001,0.03999999999999204,70.0,0.8,27.0,0.5185185185185185,196.0,3136.0,0,0,1,0,0,1,0,0.0,14.0,0.0,26
HUL,Kick Sauber,57.0,0 days 00:01:09.459000,0 days 00:00:17.244000,0 days 00:00:31.097000,0 days 00:00:21.118000,MEDIUM,15.0,3.0,,,1,9.0,False,2025,Austria,R,69.459,17.244,31.097,21.118,70.861,1.402000000000001,70.552,-1.0930000000000035,-1.402000000000001,72.879,73.19200000000001,-0.3130000000000024,70.0,0.8142857142857143,27.0,0.5555555555555556,225.0,3249.0,0,0,1,0,0,1,0,0.0,15.0,0.0,26
HUL,Kick Sauber,58.0,0 days 00:01:09.661000,0 days 00:00:17.600000,0 days 00:00:31.010000,0 days 00:00:21.051000,MEDIUM,16.0,3.0,,,1,9.0,False,2025,Austria,R,69.661,17.6,31.01,21.051,70.861,1.2000000000000028,70.552,-0.8910000000000053,-1.2000000000000028,73.141,73.19200000000001,-0.05100000000000193,70.0,0.8285714285714286,27.0,0.5925925925925926,256.0,3364.0,0,0,1,0,0,1,0,0.0,16.0,0.0,26
HUL,Kick Sauber,59.0,0 days 00:01:09.460000,0 days 00:00:17.585000,0 days 00:00:30.947000,0 days 00:00:20.928000,MEDIUM,17.0,3.0,,,1,9.0,False,2025,Austria,R,69.46,17.585,30.947,20.928,70.861,1.4010000000000105,70.552,-1.092000000000013,-1.4010000000000105,73.0,73.19200000000001,-0.19200000000000728,70.0,0.8428571428571429,27.0,0.6296296296296297,289.0,3481.0,0,0,1,0,0,1,0,0.0,17.0,0.0,26
HUL,Kick Sauber,60.0,0 days 00:01:09.792000,0 days 00:00:17.574000,0 days 00:00:31.135000,0 days 00:00:21.083000,MEDIUM,18.0,3.0,,,1,9.0,False,2025,Austria,R,69.792,17.574,31.135,21.083,70.861,1.0690000000000026,70.552,-0.7600000000000051,-1.0690000000000026,73.392,73.19200000000001,0.19999999999998863,70.0,0.8571428571428571,27.0,0.6666666666666666,324.0,3600.0,0,0,1,0,0,1,0,0.0,18.0,0.0,26
HUL,Kick Sauber,61.0,0 days 00:01:09.742000,0 days 00:00:17.550000,0 days 00:00:31.072000,0 days 00:00:21.120000,MEDIUM,19.0,3.0,,,1,9.0,False,2025,Austria,R,69.742,17.55,31.072,21.12,70.861,1.1189999999999998,70.552,-0.8100000000000023,-1.1189999999999998,73.402,73.19200000000001,0.20999999999999375,70.0,0.8714285714285714,27.0,0.7037037037037037,361.0,3721.0,0,0,1,0,0,1,0,0.0,19.0,0.0,26
HUL,Kick Sauber,62.0,0 days 00:01:09.996000,0 days 00:00:17.587000,0 days 00:00:31.257000,0 days 00:00:21.152000,MEDIUM,20.0,3.0,,,1,9.0,False,2025,Austria,R,69.996,17.587,31.257,21.152,70.861,0.8650000000000091,70.552,-0.5560000000000116,-0.8650000000000091,73.716,73.19200000000001,0.5239999999999867,70.0,0.8857142857142857,27.0,0.7407407407407407,400.0,3844.0,0,0,1,0,0,1,0,0.0,20.0,0.0,26
HUL,Kick Sauber,63.0,0 days 00:01:11.670000,0 days 00:00:17.551000,0 days 00:00:32.620000,0 days 00:00:21.499000,MEDIUM,21.0,3.0,,,1,9.0,False,2025,Austria,R,71.67,17.551,32.62,21.499,70.861,0.8089999999999975,70.552,1.117999999999995,0.8089999999999975,75.45,73.19200000000001,2.2579999999999956,70.0,0.9,27.0,0.7777777777777778,441.0,3969.0,0,0,1,0,0,1,0,0.0,21.0,0.0,26
HUL,Kick Sauber,64.0,0 days 00:01:10.646000,0 days 00:00:18.013000,0 days 00:00:31.660000,0 days 00:00:20.973000,MEDIUM,22.0,3.0,,,1,9.0,False,2025,Austria,R,70.646,18.013,31.66,20.973,70.861,0.2150000000000034,70.552,0.09399999999999409,-0.2150000000000034,74.486,73.19200000000001,1.293999999999997,70.0,0.9142857142857143,27.0,0.8148148148148148,484.0,4096.0,0,0,1,0,0,1,0,0.0,22.0,0.0,26
HUL,Kick Sauber,65.0,0 days 00:01:09.810000,0 days 00:00:17.503000,0 days 00:00:31.228000,0 days 00:00:21.079000,MEDIUM,23.0,3.0,,,1,9.0,False,2025,Austria,R,69.81,17.503,31.228,21.079,70.861,1.051000000000002,70.552,-0.7420000000000044,-1.051000000000002,73.71000000000001,73.19200000000001,0.5180000000000007,70.0,0.9285714285714286,27.0,0.8518518518518519,529.0,4225.0,0,0,1,0,0,1,0,0.0,23.0,0.0,26
HUL,Kick Sauber,66.0,0 days 00:01:10.375000,0 days 00:00:17.796000,0 days 00:00:31.456000,0 days 00:00:21.123000,MEDIUM,24.0,3.0,,,1,9.0,False,2025,Austria,R,70.375,17.796,31.456,21.123,70.861,0.4860000000000042,70.552,-0.1770000000000067,-0.4860000000000042,74.335,73.19200000000001,1.1429999999999865,70.0,0.9428571428571428,27.0,0.8888888888888888,576.0,4356.0,0,0,1,0,0,1,0,0.0,24.0,0.0,26
HUL,Kick Sauber,67.0,0 days 00:01:10.274000,0 days 00:00:17.717000,0 days 00:00:31.351000,0 days 00:00:21.206000,MEDIUM,25.0,3.0,,,1,9.0,False,2025,Austria,R,70.274,17.717,31.351,21.206,70.861,0.5870000000000033,70.552,-0.2780000000000058,-0.5870000000000033,74.294,73.19200000000001,1.1019999999999897,70.0,0.9571428571428572,27.0,0.9259259259259259,625.0,4489.0,0,0,1,0,0,1,0,0.0,25.0,0.0,26
HUL,Kick Sauber,68.0,0 days 00:01:10.294000,0 days 00:00:17.650000,0 days 00:00:31.325000,0 days 00:00:21.319000,MEDIUM,26.0,3.0,,,1,9.0,False,2025,Austria,R,70.294,17.65,31.325,21.319,70.861,0.5670000000000073,70.552,-0.2580000000000098,-0.5670000000000073,74.374,73.19200000000001,1.181999999999988,70.0,0.9714285714285714,27.0,0.9629629629629629,676.0,4624.0,0,0,1,0,0,1,0,0.0,26.0,0.0,26
HUL,Kick Sauber,69.0,0 days 00:01:10.443000,0 days 00:00:17.605000,0 days 00:00:31.570000,0 days 00:00:21.268000,MEDIUM,27.0,3.0,,,1,9.0,False,2025,Austria,R,70.443,17.605,31.57,21.268,70.861,0.41800000000000637,70.552,-0.10900000000000887,-0.41800000000000637,74.583,73.19200000000001,1.3909999999999911,70.0,0.9857142857142858,27.0,1.0,729.0,4761.0,0,0,1,0,0,1,0,0.0,27.0,0.0,26
LAW,Racing Bulls,4.0,0 days 00:01:12.350000,0 days 00:00:17.794000,0 days 00:00:32.487000,0 days 00:00:22.069000,MEDIUM,4.0,1.0,,,1,9.0,False,2025,Austria,R,72.35,17.794,32.487,22.069,70.977,1.3729999999999905,72.35,0.0,1.3729999999999905,72.58999999999999,72.58999999999999,0.0,70.0,0.05714285714285714,31.0,0.12903225806451613,16.0,16.0,1,0,0,1,0,1,0,0.0,4.0,0.0,28
LAW,Racing Bulls,5.0,0 days 00:01:11.439000,0 days 00:00:17.523000,0 days 00:00:31.907000,0 days 00:00:22.009000,MEDIUM,5.0,1.0,,,1,9.0,False,2025,Austria,R,71.439,17.523,31.907,22.009,70.977,0.4619999999999891,72.35,-0.9110000000000014,0.4619999999999891,71.73899999999999,72.58999999999999,-0.8509999999999991,70.0,0.07142857142857142,31.0,0.16129032258064516,25.0,25.0,1,0,0,1,0,1,0,0.0,5.0,0.0,28
LAW,Racing Bulls,6.0,0 days 00:01:11.106000,0 days 00:00:17.229000,0 days 00:00:31.886000,0 days 00:00:21.991000,MEDIUM,6.0,1.0,,,1,9.0,False,2025,Austria,R,71.106,17.229,31.886,21.991,70.977,0.12899999999999068,72.35,-1.2439999999999998,0.12899999999999068,71.466,72.58999999999999,-1.1239999999999952,70.0,0.08571428571428572,31.0,0.1935483870967742,36.0,36.0,1,0,0,1,0,1,0,0.0,6.0,0.0,28
LAW,Racing Bulls,7.0,0 days 00:01:11.013000,0 days 00:00:17.285000,0 days 00:00:31.586000,0 days 00:00:22.142000,MEDIUM,7.0,1.0,,,1,9.0,False,2025,Austria,R,71.013,17.285,31.586,22.142,70.977,0.036000000000001364,72.35,-1.336999999999989,0.036000000000001364,71.433,72.58999999999999,-1.1569999999999823,70.0,0.1,31.0,0.22580645161290322,49.0,49.0,1,0,0,1,0,1,0,0.0,7.0,0.0,28
LAW,Racing Bulls,8.0,0 days 00:01:10.941000,0 days 00:00:17.429000,0 days 00:00:31.635000,0 days 00:00:21.877000,MEDIUM,8.0,1.0,,,1,9.0,False,2025,Austria,R,70.941,17.429,31.635,21.877,70.977,0.036000000000001364,72.35,-1.4089999999999918,-0.036000000000001364,71.421,72.58999999999999,-1.1689999999999827,70.0,0.11428571428571428,31.0,0.25806451612903225,64.0,64.0,1,0,0,1,0,1,0,0.0,8.0,0.0,28
LAW,Racing Bulls,9.0,0 days 00:01:11.051000,0 days 00:00:17.383000,0 days 00:00:31.767000,0 days 00:00:21.901000,MEDIUM,9.0,1.0,,,1,9.0,False,2025,Austria,R,71.051,17.383,31.767,21.901,70.977,0.07399999999999807,72.35,-1.2989999999999924,0.07399999999999807,71.59100000000001,72.58999999999999,-0.998999999999981,70.0,0.12857142857142856,31.0,0.2903225806451613,81.0,81.0,1,0,0,1,0,1,0,0.0,9.0,0.0,28
LAW,Racing Bulls,10.0,0 days 00:01:11.434000,0 days 00:00:17.413000,0 days 00:00:31.985000,0 days 00:00:22.036000,MEDIUM,10.0,1.0,,,1,9.0,False,2025,Austria,R,71.434,17.413,31.985,22.036,70.977,0.45699999999999363,72.35,-0.9159999999999968,0.45699999999999363,72.03399999999999,72.58999999999999,-0.5559999999999974,70.0,0.14285714285714285,31.0,0.3225806451612903,100.0,100.0,1,0,0,1,0,1,0,0.0,10.0,0.0,28
LAW,Racing Bulls,11.0,0 days 00:01:11.603000,0 days 00:00:17.354000,0 days 00:00:32.169000,0 days 00:00:22.080000,MEDIUM,11.0,1.0,,,1,9.0,False,2025,Austria,R,71.603,17.354,32.169,22.08,70.977,0.6259999999999906,72.35,-0.7469999999999999,0.6259999999999906,72.26299999999999,72.58999999999999,-0.3269999999999982,70.0,0.15714285714285714,31.0,0.3548387096774194,121.0,121.0,1,0,0,1,0,1,0,0.0,11.0,0.0,28
LAW,Racing Bulls,12.0,0 days 00:01:12.178000,0 days 00:00:17.555000,0 days 00:00:32.209000,0 days 00:00:22.414000,MEDIUM,12.0,1.0,,,1,8.0,False,2025,Austria,R,72.178,17.555,32.209,22.414,70.977,1.2009999999999934,72.35,-0.17199999999999704,1.2009999999999934,72.898,72.58999999999999,0.30800000000000693,70.0,0.17142857142857143,31.0,0.3870967741935484,144.0,144.0,1,0,0,1,0,1,0,0.0,12.0,0.0,28
LAW,Racing Bulls,13.0,0 days 00:01:11.360000,0 days 00:00:17.682000,0 days 00:00:31.960000,0 days 00:00:21.718000,MEDIUM,13.0,1.0,,,1,8.0,False,2025,Austria,R,71.36,17.682,31.96,21.718,70.977,0.38299999999999557,72.35,-0.9899999999999949,0.38299999999999557,72.14,72.58999999999999,-0.44999999999998863,70.0,0.18571428571428572,31.0,0.41935483870967744,169.0,169.0,1,0,0,1,0,1,0,0.0,13.0,0.0,28
LAW,Racing Bulls,14.0,0 days 00:01:11.525000,0 days 00:00:17.939000,0 days 00:00:31.867000,0 days 00:00:21.719000,MEDIUM,14.0,1.0,,,1,7.0,False,2025,Austria,R,71.525,17.939,31.867,21.719,70.977,0.5480000000000018,72.35,-0.8249999999999886,0.5480000000000018,72.36500000000001,72.58999999999999,-0.2249999999999801,70.0,0.2,31.0,0.45161290322580644,196.0,196.0,1,0,0,1,0,1,0,0.0,14.0,0.0,28
LAW,Racing Bulls,15.0,0 days 00:01:11.551000,0 days 00:00:17.916000,0 days 00:00:31.869000,0 days 00:00:21.766000,MEDIUM,15.0,1.0,,,1,7.0,False,2025,Austria,R,71.551,17.916,31.869,21.766,70.977,0.5739999999999981,72.35,-0.7989999999999924,0.5739999999999981,72.45100000000001,72.58999999999999,-0.13899999999998158,70.0,0.21428571428571427,31.0,0.4838709677419355,225.0,225.0,1,0,0,1,0,1,0,0.0,15.0,0.0,28
LAW,Racing Bulls,16.0,0 days 00:01:11.619000,0 days 00:00:17.867000,0 days 00:00:31.922000,0 days 00:00:21.830000,MEDIUM,16.0,1.0,,,1,7.0,False,2025,Austria,R,71.619,17.867,31.922,21.83,70.977,0.6419999999999959,72.35,-0.7309999999999945,0.6419999999999959,72.579,72.58999999999999,-0.01099999999999568,70.0,0.22857142857142856,31.0,0.5161290322580645,256.0,256.0,1,0,0,1,0,1,0,0.0,16.0,0.0,28
LAW,Racing Bulls,17.0,0 days 00:01:11.736000,0 days 00:00:17.989000,0 days 00:00:32.026000,0 days 00:00:21.721000,MEDIUM,17.0,1.0,,,1,7.0,False,2025,Austria,R,71.736,17.989,32.026,21.721,70.977,0.7590000000000003,72.35,-0.6139999999999901,0.7590000000000003,72.756,72.58999999999999,0.16600000000001103,70.0,0.24285714285714285,31.0,0.5483870967741935,289.0,289.0,1,0,0,1,0,1,0,0.0,17.0,0.0,28
LAW,Racing Bulls,18.0,0 days 00:01:11.577000,0 days 00:00:17.987000,0 days 00:00:31.919000,0 days 00:00:21.671000,MEDIUM,18.0,1.0,,,1,7.0,False,2025,Austria,R,71.577,17.987,31.919,21.671,70.977,0.5999999999999943,72.35,-0.7729999999999961,0.5999999999999943,72.657,72.58999999999999,0.06700000000000728,70.0,0.2571428571428571,31.0,0.5806451612903226,324.0,324.0,1,0,0,1,0,1,0,0.0,18.0,0.0,28
LAW,Racing Bulls,19.0,0 days 00:01:11.524000,0 days 00:00:17.915000,0 days 00:00:31.887000,0 days 00:00:21.722000,MEDIUM,19.0,1.0,,,1,6.0,False,2025,Austria,R,71.524,17.915,31.887,21.722,70.977,0.546999999999997,72.35,-0.8259999999999934,0.546999999999997,72.664,72.58999999999999,0.07400000000001228,70.0,0.2714285714285714,31.0,0.6129032258064516,361.0,361.0,1,0,0,1,0,1,0,0.0,19.0,0.0,28
LAW,Racing Bulls,20.0,0 days 00:01:11.748000,0 days 00:00:17.939000,0 days 00:00:32.020000,0 days 00:00:21.789000,MEDIUM,20.0,1.0,,,1,6.0,False,2025,Austria,R,71.748,17.939,32.02,21.789,70.977,0.7710000000000008,72.35,-0.6019999999999897,0.7710000000000008,72.94800000000001,72.58999999999999,0.3580000000000183,70.0,0.2857142857142857,31.0,0.6451612903225806,400.0,400.0,1,0,0,1,0,1,0,0.0,20.0,0.0,28
LAW,Racing Bulls,21.0,0 days 00:01:11.876000,0 days 00:00:17.985000,0 days 00:00:32.080000,0 days 00:00:21.811000,MEDIUM,21.0,1.0,,,1,5.0,False,2025,Austria,R,71.876,17.985,32.08,21.811,70.977,0.8990000000000009,72.35,-0.47399999999998954,0.8990000000000009,73.13600000000001,72.58999999999999,0.5460000000000207,70.0,0.3,31.0,0.6774193548387096,441.0,441.0,1,0,0,1,0,1,0,0.0,21.0,0.0,28
LAW,Racing Bulls,22.0,0 days 00:01:11.413000,0 days 00:00:17.789000,0 days 00:00:31.927000,0 days 00:00:21.697000,MEDIUM,22.0,1.0,,,1,5.0,False,2025,Austria,R,71.413,17.789,31.927,21.697,70.977,0.43599999999999284,72.35,-0.9369999999999976,0.43599999999999284,72.73299999999999,72.58999999999999,0.14300000000000068,70.0,0.3142857142857143,31.0,0.7096774193548387,484.0,484.0,1,0,0,1,0,1,0,0.0,22.0,0.0,28
LAW,Racing Bulls,23.0,0 days 00:01:11.457000,0 days 00:00:17.921000,0 days 00:00:31.748000,0 days 00:00:21.788000,MEDIUM,23.0,1.0,,,1,5.0,False,2025,Austria,R,71.457,17.921,31.748,21.788,70.977,0.47999999999998977,72.35,-0.8930000000000007,0.47999999999998977,72.83699999999999,72.58999999999999,0.2469999999999999,70.0,0.32857142857142857,31.0,0.7419354838709677,529.0,529.0,1,0,0,1,0,1,0,0.0,23.0,0.0,28
LAW,Racing Bulls,24.0,0 days 00:01:11.628000,0 days 00:00:18.056000,0 days 00:00:31.863000,0 days 00:00:21.709000,MEDIUM,24.0,1.0,,,1,5.0,False,2025,Austria,R,71.628,18.056,31.863,21.709,70.977,0.6509999999999962,72.35,-0.7219999999999942,0.6509999999999962,73.068,72.58999999999999,0.47800000000000864,70.0,0.34285714285714286,31.0,0.7741935483870968,576.0,576.0,1,0,0,0,0,1,0,0.0,24.0,0.0,28
LAW,Racing Bulls,25.0,0 days 00:01:11.622000,0 days 00:00:17.986000,0 days 00:00:31.910000,0 days 00:00:21.726000,MEDIUM,25.0,1.0,,,1,5.0,False,2025,Austria,R,71.622,17.986,31.91,21.726,70.977,0.644999999999996,72.35,-0.7279999999999944,0.644999999999996,73.122,72.58999999999999,0.5320000000000107,70.0,0.35714285714285715,31.0,0.8064516129032258,625.0,625.0,1,0,0,0,0,1,0,0.0,25.0,0.0,28
LAW,Racing Bulls,26.0,0 days 00:01:11.517000,0 days 00:00:18.005000,0 days 00:00:31.730000,0 days 00:00:21.782000,MEDIUM,26.0,1.0,,,1,4.0,False,2025,Austria,R,71.517,18.005,31.73,21.782,70.977,0.539999999999992,72.35,-0.8329999999999984,0.539999999999992,73.077,72.58999999999999,0.487000000000009,70.0,0.37142857142857144,31.0,0.8387096774193549,676.0,676.0,1,0,0,0,0,1,0,0.0,26.0,0.0,28
LAW,Racing Bulls,27.0,0 days 00:01:11.628000,0 days 00:00:17.886000,0 days 00:00:31.837000,0 days 00:00:21.905000,MEDIUM,27.0,1.0,,,1,3.0,False,2025,Austria,R,71.628,17.886,31.837,21.905,70.977,0.6509999999999962,72.35,-0.7219999999999942,0.6509999999999962,73.248,72.58999999999999,0.6580000000000155,70.0,0.38571428571428573,31.0,0.8709677419354839,729.0,729.0,1,0,0,0,0,1,0,0.0,27.0,0.0,28
LAW,Racing Bulls,28.0,0 days 00:01:12.809000,0 days 00:00:17.951000,0 days 00:00:32.954000,0 days 00:00:21.904000,MEDIUM,28.0,1.0,,,1,4.0,False,2025,Austria,R,72.809,17.951,32.954,21.904,70.977,1.8319999999999936,72.35,0.4590000000000032,1.8319999999999936,74.489,72.58999999999999,1.8990000000000151,70.0,0.4,31.0,0.9032258064516129,784.0,784.0,1,0,0,0,0,1,0,0.0,28.0,0.0,28
LAW,Racing Bulls,29.0,0 days 00:01:13.076000,0 days 00:00:18.030000,0 days 00:00:32.507000,0 days 00:00:22.539000,MEDIUM,29.0,1.0,,,1,5.0,False,2025,Austria,R,73.076,18.03,32.507,22.539,70.977,2.0989999999999895,72.35,0.7259999999999991,2.0989999999999895,74.81599999999999,72.58999999999999,2.225999999999999,70.0,0.4142857142857143,31.0,0.9354838709677419,841.0,841.0,1,0,0,0,0,1,0,0.0,29.0,0.0,28
LAW,Racing Bulls,30.0,0 days 00:01:11.980000,0 days 00:00:17.975000,0 days 00:00:31.957000,0 days 00:00:22.048000,MEDIUM,30.0,1.0,,,12,5.0,False,2025,Austria,R,71.98,17.975,31.957,22.048,70.977,1.0030000000000001,72.35,-0.36999999999999034,1.0030000000000001,73.78,72.58999999999999,1.190000000000012,70.0,0.42857142857142855,31.0,0.967741935483871,900.0,900.0,1,0,0,0,0,1,0,0.0,30.0,0.0,28
LAW,Racing Bulls,31.0,0 days 00:01:11.821000,0 days 00:00:17.972000,0 days 00:00:32.011000,0 days 00:00:21.838000,MEDIUM,31.0,1.0,,,1,5.0,False,2025,Austria,R,71.821,17.972,32.011,21.838,70.977,0.8439999999999941,72.35,-0.5289999999999964,0.8439999999999941,73.681,72.58999999999999,1.0910000000000082,70.0,0.44285714285714284,31.0,1.0,961.0,961.0,1,0,0,0,0,1,0,0.0,31.0,0.0,28
LAW,Racing Bulls,34.0,0 days 00:01:11.013000,0 days 00:00:17.784000,0 days 00:00:31.569000,0 days 00:00:21.660000,HARD,2.0,2.0,,,1,11.0,False,2025,Austria,R,71.013,17.784,31.569,21.66,70.977,0.036000000000001364,71.013,0.0,0.036000000000001364,73.05300000000001,73.05300000000001,0.0,70.0,0.4857142857142857,38.0,0.05263157894736842,4.0,1156.0,0,1,0,0,0,0,1,0.0,0.0,2.0,37
LAW,Racing Bulls,35.0,0 days 00:01:10.671000,0 days 00:00:17.869000,0 days 00:00:31.254000,0 days 00:00:21.548000,HARD,3.0,2.0,,,1,11.0,False,2025,Austria,R,70.671,17.869,31.254,21.548,70.977,0.3059999999999974,71.013,-0.34199999999999875,-0.3059999999999974,72.771,73.05300000000001,-0.2820000000000107,70.0,0.5,38.0,0.07894736842105263,9.0,1225.0,0,1,0,0,0,0,1,0.0,0.0,3.0,37
LAW,Racing Bulls,36.0,0 days 00:01:10.664000,0 days 00:00:17.703000,0 days 00:00:31.246000,0 days 00:00:21.715000,HARD,4.0,2.0,,,1,11.0,False,2025,Austria,R,70.664,17.703,31.246,21.715,70.977,0.3130000000000024,71.013,-0.34900000000000375,-0.3130000000000024,72.824,73.05300000000001,-0.22900000000001342,70.0,0.5142857142857142,38.0,0.10526315789473684,16.0,1296.0,0,1,0,0,0,0,1,0.0,0.0,4.0,37
LAW,Racing Bulls,37.0,0 days 00:01:10.707000,0 days 00:00:17.733000,0 days 00:00:31.250000,0 days 00:00:21.724000,HARD,5.0,2.0,,,1,11.0,False,2025,Austria,R,70.707,17.733,31.25,21.724,70.977,0.27000000000001023,71.013,-0.3060000000000116,-0.27000000000001023,72.92699999999999,73.05300000000001,-0.12600000000001899,70.0,0.5285714285714286,38.0,0.13157894736842105,25.0,1369.0,0,1,0,0,0,0,1,0.0,0.0,5.0,37
LAW,Racing Bulls,38.0,0 days 00:01:11.390000,0 days 00:00:17.678000,0 days 00:00:31.637000,0 days 00:00:22.075000,HARD,6.0,2.0,,,1,10.0,False,2025,Austria,R,71.39,17.678,31.637,22.075,70.977,0.4129999999999967,71.013,0.37699999999999534,0.4129999999999967,73.67,73.05300000000001,0.6169999999999902,70.0,0.5428571428571428,38.0,0.15789473684210525,36.0,1444.0,0,1,0,0,0,0,1,0.0,0.0,6.0,37
LAW,Racing Bulls,39.0,0 days 00:01:10.350000,0 days 00:00:17.663000,0 days 00:00:31.368000,0 days 00:00:21.319000,HARD,7.0,2.0,,,1,9.0,False,2025,Austria,R,70.35,17.663,31.368,21.319,70.977,0.6270000000000095,71.013,-0.6630000000000109,-0.6270000000000095,72.69,73.05300000000001,-0.36300000000001376,70.0,0.5571428571428572,38.0,0.18421052631578946,49.0,1521.0,0,1,0,0,0,0,1,0.0,0.0,7.0,37
LAW,Racing Bulls,40.0,0 days 00:01:10.087000,0 days 00:00:17.644000,0 days 00:00:31.279000,0 days 00:00:21.164000,HARD,8.0,2.0,,,1,9.0,False,2025,Austria,R,70.087,17.644,31.279,21.164,70.977,0.8900000000000006,71.013,-0.9260000000000019,-0.8900000000000006,72.48700000000001,73.05300000000001,-0.5660000000000025,70.0,0.5714285714285714,38.0,0.21052631578947367,64.0,1600.0,0,1,0,0,0,0,1,0.0,0.0,8.0,37
LAW,Racing Bulls,41.0,0 days 00:01:10.122000,0 days 00:00:17.844000,0 days 00:00:31.161000,0 days 00:00:21.117000,HARD,9.0,2.0,,,1,9.0,False,2025,Austria,R,70.122,17.844,31.161,21.117,70.977,0.855000000000004,71.013,-0.8910000000000053,-0.855000000000004,72.582,73.05300000000001,-0.47100000000001785,70.0,0.5857142857142857,38.0,0.23684210526315788,81.0,1681.0,0,1,0,0,0,0,1,0.0,0.0,9.0,37
LAW,Racing Bulls,42.0,0 days 00:01:09.996000,0 days 00:00:17.717000,0 days 00:00:31.164000,0 days 00:00:21.115000,HARD,10.0,2.0,,,1,9.0,False,2025,Austria,R,69.996,17.717,31.164,21.115,70.977,0.9810000000000088,71.013,-1.0170000000000101,-0.9810000000000088,72.51599999999999,73.05300000000001,-0.5370000000000203,70.0,0.6,38.0,0.2631578947368421,100.0,1764.0,0,1,0,0,0,0,1,0.0,0.0,10.0,37
LAW,Racing Bulls,43.0,0 days 00:01:10.163000,0 days 00:00:17.673000,0 days 00:00:31.179000,0 days 00:00:21.311000,HARD,11.0,2.0,,,1,8.0,False,2025,Austria,R,70.163,17.673,31.179,21.311,70.977,0.8140000000000072,71.013,-0.8500000000000085,-0.8140000000000072,72.743,73.05300000000001,-0.3100000000000165,70.0,0.6142857142857143,38.0,0.2894736842105263,121.0,1849.0,0,1,0,0,0,0,1,0.0,0.0,11.0,37
LAW,Racing Bulls,44.0,0 days 00:01:10.360000,0 days 00:00:17.710000,0 days 00:00:31.337000,0 days 00:00:21.313000,HARD,12.0,2.0,,,1,8.0,False,2025,Austria,R,70.36,17.71,31.337,21.313,70.977,0.6170000000000044,71.013,-0.6530000000000058,-0.6170000000000044,73.0,73.05300000000001,-0.05300000000001148,70.0,0.6285714285714286,38.0,0.3157894736842105,144.0,1936.0,0,1,0,0,0,0,1,0.0,0.0,12.0,37
LAW,Racing Bulls,45.0,0 days 00:01:10.118000,0 days 00:00:17.651000,0 days 00:00:31.306000,0 days 00:00:21.161000,HARD,13.0,2.0,,,1,8.0,False,2025,Austria,R,70.118,17.651,31.306,21.161,70.977,0.8590000000000089,71.013,-0.8950000000000102,-0.8590000000000089,72.818,73.05300000000001,-0.23500000000001364,70.0,0.6428571428571429,38.0,0.34210526315789475,169.0,2025.0,0,1,0,0,0,0,1,0.0,0.0,13.0,37
LAW,Racing Bulls,46.0,0 days 00:01:10.085000,0 days 00:00:17.677000,0 days 00:00:31.233000,0 days 00:00:21.175000,HARD,14.0,2.0,,,1,7.0,False,2025,Austria,R,70.085,17.677,31.233,21.175,70.977,0.8920000000000101,71.013,-0.9280000000000115,-0.8920000000000101,72.845,73.05300000000001,-0.20800000000001262,70.0,0.6571428571428571,38.0,0.3684210526315789,196.0,2116.0,0,1,0,0,0,0,1,0.0,0.0,14.0,37
LAW,Racing Bulls,47.0,0 days 00:01:10.068000,0 days 00:00:17.699000,0 days 00:00:31.143000,0 days 00:00:21.226000,HARD,15.0,2.0,,,1,7.0,False,2025,Austria,R,70.068,17.699,31.143,21.226,70.977,0.909000000000006,71.013,-0.9450000000000074,-0.909000000000006,72.88799999999999,73.05300000000001,-0.16500000000002046,70.0,0.6714285714285714,38.0,0.39473684210526316,225.0,2209.0,0,1,1,0,0,0,1,0.0,0.0,15.0,37
LAW,Racing Bulls,48.0,0 days 00:01:10.244000,0 days 00:00:17.676000,0 days 00:00:31.325000,0 days 00:00:21.243000,HARD,16.0,2.0,,,1,7.0,False,2025,Austria,R,70.244,17.676,31.325,21.243,70.977,0.7330000000000041,71.013,-0.7690000000000055,-0.7330000000000041,73.124,73.05300000000001,0.07099999999998374,70.0,0.6857142857142857,38.0,0.42105263157894735,256.0,2304.0,0,1,1,0,0,0,1,0.0,0.0,16.0,37
LAW,Racing Bulls,49.0,0 days 00:01:10.224000,0 days 00:00:17.668000,0 days 00:00:31.333000,0 days 00:00:21.223000,HARD,17.0,2.0,,,1,7.0,False,2025,Austria,R,70.224,17.668,31.333,21.223,70.977,0.7530000000000001,71.013,-0.7890000000000015,-0.7530000000000001,73.164,73.05300000000001,0.11099999999999,70.0,0.7,38.0,0.4473684210526316,289.0,2401.0,0,1,1,0,0,0,1,0.0,0.0,17.0,37
LAW,Racing Bulls,50.0,0 days 00:01:10.413000,0 days 00:00:17.635000,0 days 00:00:31.362000,0 days 00:00:21.416000,HARD,18.0,2.0,,,1,5.0,False,2025,Austria,R,70.413,17.635,31.362,21.416,70.977,0.5640000000000072,71.013,-0.6000000000000085,-0.5640000000000072,73.413,73.05300000000001,0.3599999999999852,70.0,0.7142857142857143,38.0,0.47368421052631576,324.0,2500.0,0,1,1,0,0,0,1,0.0,0.0,18.0,37
LAW,Racing Bulls,51.0,0 days 00:01:10.177000,0 days 00:00:17.596000,0 days 00:00:31.387000,0 days 00:00:21.194000,HARD,19.0,2.0,,,1,5.0,False,2025,Austria,R,70.177,17.596,31.387,21.194,70.977,0.7999999999999972,71.013,-0.8359999999999985,-0.7999999999999972,73.23700000000001,73.05300000000001,0.1839999999999975,70.0,0.7285714285714285,38.0,0.5,361.0,2601.0,0,1,1,0,0,0,1,0.0,0.0,19.0,37
LAW,Racing Bulls,52.0,0 days 00:01:10.374000,0 days 00:00:17.721000,0 days 00:00:31.417000,0 days 00:00:21.236000,HARD,20.0,2.0,,,1,5.0,False,2025,Austria,R,70.374,17.721,31.417,21.236,70.977,0.6030000000000086,71.013,-0.63900000000001,-0.6030000000000086,73.494,73.05300000000001,0.4409999999999883,70.0,0.7428571428571429,38.0,0.5263157894736842,400.0,2704.0,0,1,1,0,0,0,1,0.0,0.0,20.0,37
LAW,Racing Bulls,53.0,0 days 00:01:10.152000,0 days 00:00:17.716000,0 days 00:00:31.250000,0 days 00:00:21.186000,HARD,21.0,2.0,,,1,5.0,False,2025,Austria,R,70.152,17.716,31.25,21.186,70.977,0.8250000000000028,71.013,-0.8610000000000042,-0.8250000000000028,73.332,73.05300000000001,0.27899999999998215,70.0,0.7571428571428571,38.0,0.5526315789473685,441.0,2809.0,0,1,1,0,0,0,1,0.0,0.0,21.0,37
LAW,Racing Bulls,54.0,0 days 00:01:10.534000,0 days 00:00:17.705000,0 days 00:00:31.537000,0 days 00:00:21.292000,HARD,22.0,2.0,,,1,5.0,False,2025,Austria,R,70.534,17.705,31.537,21.292,70.977,0.44299999999999784,71.013,-0.4789999999999992,-0.44299999999999784,73.774,73.05300000000001,0.7209999999999894,70.0,0.7714285714285715,38.0,0.5789473684210527,484.0,2916.0,0,1,1,0,0,0,1,0.0,0.0,22.0,37
LAW,Racing Bulls,55.0,0 days 00:01:11.825000,0 days 00:00:17.802000,0 days 00:00:32.546000,0 days 00:00:21.477000,HARD,23.0,2.0,,,1,6.0,False,2025,Austria,R,71.825,17.802,32.546,21.477,70.977,0.847999999999999,71.013,0.8119999999999976,0.847999999999999,75.125,73.05300000000001,2.0719999999999885,70.0,0.7857142857142857,38.0,0.6052631578947368,529.0,3025.0,0,1,1,0,0,0,1,0.0,0.0,23.0,37
LAW,Racing Bulls,56.0,0 days 00:01:10.456000,0 days 00:00:17.715000,0 days 00:00:31.469000,0 days 00:00:21.272000,HARD,24.0,2.0,,,1,6.0,False,2025,Austria,R,70.456,17.715,31.469,21.272,70.977,0.5210000000000008,71.013,-0.5570000000000022,-0.5210000000000008,73.816,73.05300000000001,0.762999999999991,70.0,0.8,38.0,0.631578947368421,576.0,3136.0,0,1,1,0,0,0,1,0.0,0.0,24.0,37
LAW,Racing Bulls,57.0,0 days 00:01:10.256000,0 days 00:00:17.775000,0 days 00:00:31.341000,0 days 00:00:21.140000,HARD,25.0,2.0,,,1,6.0,False,2025,Austria,R,70.256,17.775,31.341,21.14,70.977,0.7210000000000036,71.013,-0.757000000000005,-0.7210000000000036,73.676,73.05300000000001,0.6229999999999905,70.0,0.8142857142857143,38.0,0.6578947368421053,625.0,3249.0,0,1,1,0,0,0,1,0.0,0.0,25.0,37
LAW,Racing Bulls,58.0,0 days 00:01:09.977000,0 days 00:00:17.658000,0 days 00:00:31.235000,0 days 00:00:21.084000,HARD,26.0,2.0,,,1,6.0,False,2025,Austria,R,69.977,17.658,31.235,21.084,70.977,1.0,71.013,-1.0360000000000014,-1.0,73.45700000000001,73.05300000000001,0.40399999999999636,70.0,0.8285714285714286,38.0,0.6842105263157895,676.0,3364.0,0,1,1,0,0,0,1,0.0,0.0,26.0,37
LAW,Racing Bulls,59.0,0 days 00:01:10.267000,0 days 00:00:17.766000,0 days 00:00:31.291000,0 days 00:00:21.210000,HARD,27.0,2.0,,,1,6.0,False,2025,Austria,R,70.267,17.766,31.291,21.21,70.977,0.710000000000008,71.013,-0.7460000000000093,-0.710000000000008,73.807,73.05300000000001,0.7539999999999907,70.0,0.8428571428571429,38.0,0.7105263157894737,729.0,3481.0,0,1,1,0,0,0,1,0.0,0.0,27.0,37
LAW,Racing Bulls,60.0,0 days 00:01:10.179000,0 days 00:00:17.663000,0 days 00:00:31.237000,0 days 00:00:21.279000,HARD,28.0,2.0,,,1,6.0,False,2025,Austria,R,70.179,17.663,31.237,21.279,70.977,0.7980000000000018,71.013,-0.8340000000000032,-0.7980000000000018,73.779,73.05300000000001,0.7259999999999849,70.0,0.8571428571428571,38.0,0.7368421052631579,784.0,3600.0,0,1,1,0,0,0,1,0.0,0.0,28.0,37
LAW,Racing Bulls,61.0,0 days 00:01:10.165000,0 days 00:00:17.714000,0 days 00:00:31.296000,0 days 00:00:21.155000,HARD,29.0,2.0,,,1,6.0,False,2025,Austria,R,70.165,17.714,31.296,21.155,70.977,0.8119999999999976,71.013,-0.847999999999999,-0.8119999999999976,73.825,73.05300000000001,0.7719999999999914,70.0,0.8714285714285714,38.0,0.7631578947368421,841.0,3721.0,0,1,1,0,0,0,1,0.0,0.0,29.0,37
LAW,Racing Bulls,62.0,0 days 00:01:10.320000,0 days 00:00:17.698000,0 days 00:00:31.372000,0 days 00:00:21.250000,HARD,30.0,2.0,,,1,6.0,False,2025,Austria,R,70.32,17.698,31.372,21.25,70.977,0.6570000000000107,71.013,-0.693000000000012,-0.6570000000000107,74.03999999999999,73.05300000000001,0.9869999999999806,70.0,0.8857142857142857,38.0,0.7894736842105263,900.0,3844.0,0,1,1,0,0,0,1,0.0,0.0,30.0,37
LAW,Racing Bulls,63.0,0 days 00:01:10.388000,0 days 00:00:17.742000,0 days 00:00:31.417000,0 days 00:00:21.229000,HARD,31.0,2.0,,,1,6.0,False,2025,Austria,R,70.388,17.742,31.417,21.229,70.977,0.5889999999999986,71.013,-0.625,-0.5889999999999986,74.168,73.05300000000001,1.1149999999999949,70.0,0.9,38.0,0.8157894736842105,961.0,3969.0,0,1,1,0,0,0,1,0.0,0.0,31.0,37
LAW,Racing Bulls,64.0,0 days 00:01:10.256000,0 days 00:00:17.737000,0 days 00:00:31.404000,0 days 00:00:21.115000,HARD,32.0,2.0,,,1,6.0,False,2025,Austria,R,70.256,17.737,31.404,21.115,70.977,0.7210000000000036,71.013,-0.757000000000005,-0.7210000000000036,74.096,73.05300000000001,1.0429999999999922,70.0,0.9142857142857143,38.0,0.8421052631578947,1024.0,4096.0,0,1,1,0,0,0,1,0.0,0.0,32.0,37
LAW,Racing Bulls,65.0,0 days 00:01:10.218000,0 days 00:00:17.664000,0 days 00:00:31.337000,0 days 00:00:21.217000,HARD,33.0,2.0,,,1,6.0,False,2025,Austria,R,70.218,17.664,31.337,21.217,70.977,0.7590000000000003,71.013,-0.7950000000000017,-0.7590000000000003,74.11800000000001,73.05300000000001,1.0649999999999977,70.0,0.9285714285714286,38.0,0.868421052631579,1089.0,4225.0,0,1,1,0,0,0,1,0.0,0.0,33.0,37
LAW,Racing Bulls,66.0,0 days 00:01:10.579000,0 days 00:00:17.741000,0 days 00:00:31.543000,0 days 00:00:21.295000,HARD,34.0,2.0,,,1,6.0,False,2025,Austria,R,70.579,17.741,31.543,21.295,70.977,0.39800000000001035,71.013,-0.4340000000000117,-0.39800000000001035,74.53899999999999,73.05300000000001,1.4859999999999758,70.0,0.9428571428571428,38.0,0.8947368421052632,1156.0,4356.0,0,1,1,0,0,0,1,0.0,0.0,34.0,37
LAW,Racing Bulls,67.0,0 days 00:01:10.456000,0 days 00:00:17.731000,0 days 00:00:31.531000,0 days 00:00:21.194000,HARD,35.0,2.0,,,1,6.0,False,2025,Austria,R,70.456,17.731,31.531,21.194,70.977,0.5210000000000008,71.013,-0.5570000000000022,-0.5210000000000008,74.476,73.05300000000001,1.4229999999999876,70.0,0.9571428571428572,38.0,0.9210526315789473,1225.0,4489.0,0,1,1,0,0,0,1,0.0,0.0,35.0,37
LAW,Racing Bulls,68.0,0 days 00:01:10.175000,0 days 00:00:17.632000,0 days 00:00:31.284000,0 days 00:00:21.259000,HARD,36.0,2.0,,,1,6.0,False,2025,Austria,R,70.175,17.632,31.284,21.259,70.977,0.8020000000000067,71.013,-0.8380000000000081,-0.8020000000000067,74.255,73.05300000000001,1.201999999999984,70.0,0.9714285714285714,38.0,0.9473684210526315,1296.0,4624.0,0,1,1,0,0,0,1,0.0,0.0,36.0,37
LAW,Racing Bulls,69.0,0 days 00:01:10.167000,0 days 00:00:17.611000,0 days 00:00:31.276000,0 days 00:00:21.280000,HARD,37.0,2.0,,,1,6.0,False,2025,Austria,R,70.167,17.611,31.276,21.28,70.977,0.8100000000000023,71.013,-0.8460000000000036,-0.8100000000000023,74.307,73.05300000000001,1.2539999999999907,70.0,0.9857142857142858,38.0,0.9736842105263158,1369.0,4761.0,0,1,1,0,0,0,1,0.0,0.0,37.0,37
LAW,Racing Bulls,70.0,0 days 00:01:11.058000,0 days 00:00:17.677000,0 days 00:00:31.455000,0 days 00:00:21.926000,HARD,38.0,2.0,,,1,6.0,False,2025,Austria,R,71.058,17.677,31.455,21.926,70.977,0.08100000000000307,71.013,0.045000000000001705,0.08100000000000307,75.25800000000001,73.05300000000001,2.2049999999999983,70.0,1.0,38.0,1.0,1444.0,4900.0,0,1,1,0,0,0,1,0.0,0.0,38.0,37
LEC,Ferrari,4.0,0 days 00:01:10.935000,0 days 00:00:17.722000,0 days 00:00:31.653000,0 days 00:00:21.560000,MEDIUM,4.0,1.0,,,1,3.0,False,2025,Austria,R,70.935,17.722,31.653,21.56,69.814,1.1210000000000093,70.935,0.0,1.1210000000000093,71.175,71.175,0.0,70.0,0.05714285714285714,24.0,0.16666666666666666,16.0,16.0,1,0,0,1,0,1,0,0.0,4.0,0.0,20
LEC,Ferrari,5.0,0 days 00:01:10.227000,0 days 00:00:17.387000,0 days 00:00:31.363000,0 days 00:00:21.477000,MEDIUM,5.0,1.0,,,1,3.0,False,2025,Austria,R,70.227,17.387,31.363,21.477,69.814,0.4130000000000109,70.935,-0.7079999999999984,0.4130000000000109,70.527,71.175,-0.6479999999999961,70.0,0.07142857142857142,24.0,0.20833333333333334,25.0,25.0,1,0,0,1,0,1,0,0.0,5.0,0.0,20
LEC,Ferrari,6.0,0 days 00:01:10.210000,0 days 00:00:17.441000,0 days 00:00:31.437000,0 days 00:00:21.332000,MEDIUM,6.0,1.0,,,1,3.0,False,2025,Austria,R,70.21,17.441,31.437,21.332,69.814,0.3960000000000008,70.935,-0.7250000000000085,0.3960000000000008,70.57,71.175,-0.605000000000004,70.0,0.08571428571428572,24.0,0.25,36.0,36.0,1,0,0,1,0,1,0,0.0,6.0,0.0,20
LEC,Ferrari,7.0,0 days 00:01:10.193000,0 days 00:00:17.446000,0 days 00:00:31.384000,0 days 00:00:21.363000,MEDIUM,7.0,1.0,,,1,3.0,False,2025,Austria,R,70.193,17.446,31.384,21.363,69.814,0.3790000000000049,70.935,-0.7420000000000044,0.3790000000000049,70.613,71.175,-0.5619999999999976,70.0,0.1,24.0,0.2916666666666667,49.0,49.0,1,0,0,1,0,1,0,0.0,7.0,0.0,20
LEC,Ferrari,8.0,0 days 00:01:09.912000,0 days 00:00:17.448000,0 days 00:00:31.269000,0 days 00:00:21.195000,MEDIUM,8.0,1.0,,,1,3.0,False,2025,Austria,R,69.912,17.448,31.269,21.195,69.814,0.09800000000001319,70.935,-1.0229999999999961,0.09800000000001319,70.39200000000001,71.175,-0.782999999999987,70.0,0.11428571428571428,24.0,0.3333333333333333,64.0,64.0,1,0,0,1,0,1,0,0.0,8.0,0.0,20
LEC,Ferrari,9.0,0 days 00:01:10.123000,0 days 00:00:17.561000,0 days 00:00:31.283000,0 days 00:00:21.279000,MEDIUM,9.0,1.0,,,1,3.0,False,2025,Austria,R,70.123,17.561,31.283,21.279,69.814,0.3090000000000117,70.935,-0.8119999999999976,0.3090000000000117,70.66300000000001,71.175,-0.5119999999999862,70.0,0.12857142857142856,24.0,0.375,81.0,81.0,1,0,0,1,0,1,0,0.0,9.0,0.0,20
LEC,Ferrari,10.0,0 days 00:01:10.069000,0 days 00:00:17.714000,0 days 00:00:31.092000,0 days 00:00:21.263000,MEDIUM,10.0,1.0,,,1,3.0,False,2025,Austria,R,70.069,17.714,31.092,21.263,69.814,0.25500000000000966,70.935,-0.8659999999999997,0.25500000000000966,70.669,71.175,-0.5060000000000002,70.0,0.14285714285714285,24.0,0.4166666666666667,100.0,100.0,1,0,0,1,0,1,0,0.0,10.0,0.0,20
LEC,Ferrari,11.0,0 days 00:01:10.565000,0 days 00:00:17.665000,0 days 00:00:31.506000,0 days 00:00:21.394000,MEDIUM,11.0,1.0,,,1,3.0,False,2025,Austria,R,70.565,17.665,31.506,21.394,69.814,0.7510000000000048,70.935,-0.37000000000000455,0.7510000000000048,71.225,71.175,0.04999999999999716,70.0,0.15714285714285714,24.0,0.4583333333333333,121.0,121.0,1,0,0,1,0,1,0,0.0,11.0,0.0,20
LEC,Ferrari,12.0,0 days 00:01:10.623000,0 days 00:00:17.680000,0 days 00:00:31.409000,0 days 00:00:21.534000,MEDIUM,12.0,1.0,,,1,3.0,False,2025,Austria,R,70.623,17.68,31.409,21.534,69.814,0.8090000000000117,70.935,-0.3119999999999976,0.8090000000000117,71.343,71.175,0.16800000000000637,70.0,0.17142857142857143,24.0,0.5,144.0,144.0,1,0,0,1,0,1,0,0.0,12.0,0.0,20
LEC,Ferrari,13.0,0 days 00:01:10.605000,0 days 00:00:17.709000,0 days 00:00:31.467000,0 days 00:00:21.429000,MEDIUM,13.0,1.0,,,1,3.0,False,2025,Austria,R,70.605,17.709,31.467,21.429,69.814,0.791000000000011,70.935,-0.3299999999999983,0.791000000000011,71.385,71.175,0.21000000000000796,70.0,0.18571428571428572,24.0,0.5416666666666666,169.0,169.0,1,0,0,1,0,1,0,0.0,13.0,0.0,20
LEC,Ferrari,14.0,0 days 00:01:11.297000,0 days 00:00:18.169000,0 days 00:00:31.473000,0 days 00:00:21.655000,MEDIUM,14.0,1.0,,,1,3.0,False,2025,Austria,R,71.297,18.169,31.473,21.655,69.814,1.483000000000004,70.935,0.36199999999999477,1.483000000000004,72.137,71.175,0.9620000000000033,70.0,0.2,24.0,0.5833333333333334,196.0,196.0,1,0,0,1,0,1,0,0.0,14.0,0.0,20
LEC,Ferrari,15.0,0 days 00:01:11.051000,0 days 00:00:17.743000,0 days 00:00:31.627000,0 days 00:00:21.681000,MEDIUM,15.0,1.0,,,1,3.0,False,2025,Austria,R,71.051,17.743,31.627,21.681,69.814,1.237000000000009,70.935,0.11599999999999966,1.237000000000009,71.95100000000001,71.175,0.7760000000000105,70.0,0.21428571428571427,24.0,0.625,225.0,225.0,1,0,0,1,0,1,0,0.0,15.0,0.0,20
LEC,Ferrari,16.0,0 days 00:01:10.889000,0 days 00:00:17.787000,0 days 00:00:31.570000,0 days 00:00:21.532000,MEDIUM,16.0,1.0,,,1,3.0,False,2025,Austria,R,70.889,17.787,31.57,21.532,69.814,1.0750000000000028,70.935,-0.04600000000000648,1.0750000000000028,71.84899999999999,71.175,0.6739999999999924,70.0,0.22857142857142856,24.0,0.6666666666666666,256.0,256.0,1,0,0,1,0,1,0,0.0,16.0,0.0,20
LEC,Ferrari,18.0,0 days 00:01:11.233000,0 days 00:00:17.843000,0 days 00:00:31.763000,0 days 00:00:21.627000,MEDIUM,18.0,1.0,,,1,3.0,False,2025,Austria,R,71.233,17.843,31.763,21.627,69.814,1.4190000000000111,70.935,0.2980000000000018,1.4190000000000111,72.313,71.175,1.1380000000000052,70.0,0.2571428571428571,24.0,0.75,324.0,324.0,1,0,0,1,0,1,0,0.0,18.0,0.0,20
LEC,Ferrari,19.0,0 days 00:01:11.122000,0 days 00:00:17.835000,0 days 00:00:31.670000,0 days 00:00:21.617000,MEDIUM,19.0,1.0,,,1,3.0,False,2025,Austria,R,71.122,17.835,31.67,21.617,69.814,1.308000000000007,70.935,0.1869999999999976,1.308000000000007,72.262,71.175,1.0870000000000033,70.0,0.2714285714285714,24.0,0.7916666666666666,361.0,361.0,1,0,0,1,0,1,0,0.0,19.0,0.0,20
LEC,Ferrari,20.0,0 days 00:01:10.924000,0 days 00:00:17.778000,0 days 00:00:31.581000,0 days 00:00:21.565000,MEDIUM,20.0,1.0,,,1,3.0,False,2025,Austria,R,70.924,17.778,31.581,21.565,69.814,1.1100000000000136,70.935,-0.01099999999999568,1.1100000000000136,72.12400000000001,71.175,0.9490000000000123,70.0,0.2857142857142857,24.0,0.8333333333333334,400.0,400.0,1,0,0,1,0,1,0,0.0,20.0,0.0,20
LEC,Ferrari,21.0,0 days 00:01:11.043000,0 days 00:00:17.774000,0 days 00:00:31.633000,0 days 00:00:21.636000,MEDIUM,21.0,1.0,,,1,2.0,False,2025,Austria,R,71.043,17.774,31.633,21.636,69.814,1.2290000000000134,70.935,0.10800000000000409,1.2290000000000134,72.30300000000001,71.175,1.1280000000000143,70.0,0.3,24.0,0.875,441.0,441.0,1,0,0,1,0,1,0,0.0,21.0,0.0,20
LEC,Ferrari,22.0,0 days 00:01:11.203000,0 days 00:00:17.821000,0 days 00:00:31.726000,0 days 00:00:21.656000,MEDIUM,22.0,1.0,,,1,2.0,False,2025,Austria,R,71.203,17.821,31.726,21.656,69.814,1.38900000000001,70.935,0.2680000000000007,1.38900000000001,72.523,71.175,1.347999999999999,70.0,0.3142857142857143,24.0,0.9166666666666666,484.0,484.0,1,0,0,1,0,1,0,0.0,22.0,0.0,20
LEC,Ferrari,23.0,0 days 00:01:11.220000,0 days 00:00:17.780000,0 days 00:00:31.689000,0 days 00:00:21.751000,MEDIUM,23.0,1.0,,,1,2.0,False,2025,Austria,R,71.22,17.78,31.689,21.751,69.814,1.406000000000006,70.935,0.2849999999999966,1.406000000000006,72.6,71.175,1.4249999999999972,70.0,0.32857142857142857,24.0,0.9583333333333334,529.0,529.0,1,0,0,1,0,1,0,0.0,23.0,0.0,20
LEC,Ferrari,24.0,0 days 00:01:11.420000,0 days 00:00:17.917000,0 days 00:00:31.721000,0 days 00:00:21.782000,MEDIUM,24.0,1.0,,,1,2.0,False,2025,Austria,R,71.42,17.917,31.721,21.782,69.814,1.6060000000000088,70.935,0.48499999999999943,1.6060000000000088,72.86,71.175,1.6850000000000023,70.0,0.34285714285714286,24.0,1.0,576.0,576.0,1,0,0,0,0,1,0,0.0,24.0,0.0,20
LEC,Ferrari,27.0,0 days 00:01:10.884000,0 days 00:00:17.275000,0 days 00:00:31.766000,0 days 00:00:21.843000,HARD,2.0,2.0,,,1,4.0,False,2025,Austria,R,70.884,17.275,31.766,21.843,69.814,1.0700000000000074,70.884,0.0,1.0700000000000074,72.504,72.504,0.0,70.0,0.38571428571428573,23.0,0.08695652173913043,4.0,729.0,0,1,0,0,0,0,1,0.0,0.0,2.0,22
LEC,Ferrari,28.0,0 days 00:01:10.656000,0 days 00:00:17.457000,0 days 00:00:31.674000,0 days 00:00:21.525000,HARD,3.0,2.0,,,1,3.0,False,2025,Austria,R,70.656,17.457,31.674,21.525,69.814,0.842000000000013,70.884,-0.22799999999999443,0.842000000000013,72.33600000000001,72.504,-0.16799999999999216,70.0,0.4,23.0,0.13043478260869565,9.0,784.0,0,1,0,0,0,0,1,0.0,0.0,3.0,22
LEC,Ferrari,29.0,0 days 00:01:10.408000,0 days 00:00:17.733000,0 days 00:00:31.313000,0 days 00:00:21.362000,HARD,4.0,2.0,,,1,3.0,False,2025,Austria,R,70.408,17.733,31.313,21.362,69.814,0.5940000000000083,70.884,-0.4759999999999991,0.5940000000000083,72.148,72.504,-0.35600000000000875,70.0,0.4142857142857143,23.0,0.17391304347826086,16.0,841.0,0,1,0,0,0,0,1,0.0,0.0,4.0,22
LEC,Ferrari,30.0,0 days 00:01:10.145000,0 days 00:00:17.632000,0 days 00:00:31.109000,0 days 00:00:21.404000,HARD,5.0,2.0,,,12,3.0,False,2025,Austria,R,70.145,17.632,31.109,21.404,69.814,0.33100000000000307,70.884,-0.7390000000000043,0.33100000000000307,71.945,72.504,-0.5590000000000117,70.0,0.42857142857142855,23.0,0.21739130434782608,25.0,900.0,0,1,0,0,0,0,1,0.0,0.0,5.0,22
LEC,Ferrari,31.0,0 days 00:01:10.017000,0 days 00:00:17.535000,0 days 00:00:31.212000,0 days 00:00:21.270000,HARD,6.0,2.0,,,1,3.0,False,2025,Austria,R,70.017,17.535,31.212,21.27,69.814,0.20300000000000296,70.884,-0.8670000000000044,0.20300000000000296,71.877,72.504,-0.6270000000000095,70.0,0.44285714285714284,23.0,0.2608695652173913,36.0,961.0,0,1,0,0,0,0,1,0.0,0.0,6.0,22
LEC,Ferrari,32.0,0 days 00:01:09.772000,0 days 00:00:17.612000,0 days 00:00:31.076000,0 days 00:00:21.084000,HARD,7.0,2.0,,,1,3.0,False,2025,Austria,R,69.772,17.612,31.076,21.084,69.814,0.04199999999998738,70.884,-1.1119999999999948,-0.04199999999998738,71.69200000000001,72.504,-0.8119999999999976,70.0,0.45714285714285713,23.0,0.30434782608695654,49.0,1024.0,0,1,0,0,0,0,1,0.0,0.0,7.0,22
LEC,Ferrari,33.0,0 days 00:01:09.717000,0 days 00:00:17.649000,0 days 00:00:30.948000,0 days 00:00:21.120000,HARD,8.0,2.0,,,1,3.0,False,2025,Austria,R,69.717,17.649,30.948,21.12,69.814,0.0969999999999942,70.884,-1.1670000000000016,-0.0969999999999942,71.697,72.504,-0.8070000000000022,70.0,0.4714285714285714,23.0,0.34782608695652173,64.0,1089.0,0,1,0,0,0,0,1,0.0,0.0,8.0,22
LEC,Ferrari,34.0,0 days 00:01:09.701000,0 days 00:00:17.542000,0 days 00:00:30.982000,0 days 00:00:21.177000,HARD,9.0,2.0,,,1,3.0,False,2025,Austria,R,69.701,17.542,30.982,21.177,69.814,0.11299999999999955,70.884,-1.183000000000007,-0.11299999999999955,71.741,72.504,-0.7630000000000052,70.0,0.4857142857142857,23.0,0.391304347826087,81.0,1156.0,0,1,0,0,0,0,1,0.0,0.0,9.0,22
LEC,Ferrari,35.0,0 days 00:01:09.646000,0 days 00:00:17.591000,0 days 00:00:30.932000,0 days 00:00:21.123000,HARD,10.0,2.0,,,1,3.0,False,2025,Austria,R,69.646,17.591,30.932,21.123,69.814,0.16799999999999216,70.884,-1.2379999999999995,-0.16799999999999216,71.746,72.504,-0.7580000000000098,70.0,0.5,23.0,0.43478260869565216,100.0,1225.0,0,1,0,0,0,0,1,0.0,0.0,10.0,22
LEC,Ferrari,36.0,0 days 00:01:09.677000,0 days 00:00:17.573000,0 days 00:00:31.019000,0 days 00:00:21.085000,HARD,11.0,2.0,,,1,3.0,False,2025,Austria,R,69.677,17.573,31.019,21.085,69.814,0.13699999999998624,70.884,-1.2069999999999936,-0.13699999999998624,71.837,72.504,-0.6670000000000016,70.0,0.5142857142857142,23.0,0.4782608695652174,121.0,1296.0,0,1,0,0,0,0,1,0.0,0.0,11.0,22
LEC,Ferrari,37.0,0 days 00:01:09.339000,0 days 00:00:17.515000,0 days 00:00:30.843000,0 days 00:00:20.981000,HARD,12.0,2.0,,,1,3.0,False,2025,Austria,R,69.339,17.515,30.843,20.981,69.814,0.4749999999999943,70.884,-1.5450000000000017,-0.4749999999999943,71.559,72.504,-0.9450000000000074,70.0,0.5285714285714286,23.0,0.5217391304347826,144.0,1369.0,0,1,0,0,0,0,1,0.0,0.0,12.0,22
LEC,Ferrari,38.0,0 days 00:01:09.362000,0 days 00:00:17.463000,0 days 00:00:30.875000,0 days 00:00:21.024000,HARD,13.0,2.0,,,1,3.0,False,2025,Austria,R,69.362,17.463,30.875,21.024,69.814,0.4519999999999982,70.884,-1.5220000000000056,-0.4519999999999982,71.642,72.504,-0.862000000000009,70.0,0.5428571428571428,23.0,0.5652173913043478,169.0,1444.0,0,1,0,0,0,0,1,0.0,0.0,13.0,22
LEC,Ferrari,39.0,0 days 00:01:09.501000,0 days 00:00:17.486000,0 days 00:00:30.942000,0 days 00:00:21.073000,HARD,14.0,2.0,,,1,3.0,False,2025,Austria,R,69.501,17.486,30.942,21.073,69.814,0.3129999999999882,70.884,-1.3829999999999956,-0.3129999999999882,71.84100000000001,72.504,-0.6629999999999967,70.0,0.5571428571428572,23.0,0.6086956521739131,196.0,1521.0,0,1,0,0,0,0,1,0.0,0.0,14.0,22
LEC,Ferrari,40.0,0 days 00:01:09.616000,0 days 00:00:17.482000,0 days 00:00:30.952000,0 days 00:00:21.182000,HARD,15.0,2.0,,,1,3.0,False,2025,Austria,R,69.616,17.482,30.952,21.182,69.814,0.1979999999999933,70.884,-1.2680000000000007,-0.1979999999999933,72.016,72.504,-0.48799999999999955,70.0,0.5714285714285714,23.0,0.6521739130434783,225.0,1600.0,0,1,0,0,0,0,1,0.0,0.0,15.0,22
LEC,Ferrari,41.0,0 days 00:01:09.764000,0 days 00:00:17.530000,0 days 00:00:31.072000,0 days 00:00:21.162000,HARD,16.0,2.0,,,1,3.0,False,2025,Austria,R,69.764,17.53,31.072,21.162,69.814,0.04999999999999716,70.884,-1.1200000000000045,-0.04999999999999716,72.22399999999999,72.504,-0.28000000000001535,70.0,0.5857142857142857,23.0,0.6956521739130435,256.0,1681.0,0,1,0,0,0,0,1,0.0,0.0,16.0,22
LEC,Ferrari,42.0,0 days 00:01:09.779000,0 days 00:00:17.555000,0 days 00:00:31.170000,0 days 00:00:21.054000,HARD,17.0,2.0,,,1,3.0,False,2025,Austria,R,69.779,17.555,31.17,21.054,69.814,0.03499999999999659,70.884,-1.105000000000004,-0.03499999999999659,72.29899999999999,72.504,-0.2050000000000125,70.0,0.6,23.0,0.7391304347826086,289.0,1764.0,0,1,0,0,0,0,1,0.0,0.0,17.0,22
LEC,Ferrari,43.0,0 days 00:01:09.719000,0 days 00:00:17.494000,0 days 00:00:31.050000,0 days 00:00:21.175000,HARD,18.0,2.0,,,1,3.0,False,2025,Austria,R,69.719,17.494,31.05,21.175,69.814,0.09499999999999886,70.884,-1.1650000000000063,-0.09499999999999886,72.29899999999999,72.504,-0.2050000000000125,70.0,0.6142857142857143,23.0,0.782608695652174,324.0,1849.0,0,1,0,0,0,0,1,0.0,0.0,18.0,22
LEC,Ferrari,44.0,0 days 00:01:09.814000,0 days 00:00:17.556000,0 days 00:00:31.055000,0 days 00:00:21.203000,HARD,19.0,2.0,,,1,3.0,False,2025,Austria,R,69.814,17.556,31.055,21.203,69.814,0.0,70.884,-1.0700000000000074,0.0,72.454,72.504,-0.05000000000001137,70.0,0.6285714285714286,23.0,0.8260869565217391,361.0,1936.0,0,1,0,0,0,0,1,0.0,0.0,19.0,22
LEC,Ferrari,45.0,0 days 00:01:09.979000,0 days 00:00:17.567000,0 days 00:00:31.184000,0 days 00:00:21.228000,HARD,20.0,2.0,,,1,3.0,False,2025,Austria,R,69.979,17.567,31.184,21.228,69.814,0.16500000000000625,70.884,-0.9050000000000011,0.16500000000000625,72.679,72.504,0.17499999999999716,70.0,0.6428571428571429,23.0,0.8695652173913043,400.0,2025.0,0,1,0,0,0,0,1,0.0,0.0,20.0,22
LEC,Ferrari,46.0,0 days 00:01:09.924000,0 days 00:00:17.446000,0 days 00:00:31.204000,0 days 00:00:21.274000,HARD,21.0,2.0,,,1,3.0,False,2025,Austria,R,69.924,17.446,31.204,21.274,69.814,0.11000000000001364,70.884,-0.9599999999999937,0.11000000000001364,72.68400000000001,72.504,0.18000000000000682,70.0,0.6571428571428571,23.0,0.9130434782608695,441.0,2116.0,0,1,0,0,0,0,1,0.0,0.0,21.0,22
LEC,Ferrari,47.0,0 days 00:01:09.887000,0 days 00:00:17.591000,0 days 00:00:31.034000,0 days 00:00:21.262000,HARD,22.0,2.0,,,1,3.0,False,2025,Austria,R,69.887,17.591,31.034,21.262,69.814,0.0730000000000075,70.884,-0.9969999999999999,0.0730000000000075,72.707,72.504,0.20299999999998875,70.0,0.6714285714285714,23.0,0.9565217391304348,484.0,2209.0,0,1,1,0,0,0,1,0.0,0.0,22.0,22
LEC,Ferrari,48.0,0 days 00:01:09.759000,0 days 00:00:17.349000,0 days 00:00:31.057000,0 days 00:00:21.353000,HARD,23.0,2.0,,,1,3.0,False,2025,Austria,R,69.759,17.349,31.057,21.353,69.814,0.05499999999999261,70.884,-1.125,-0.05499999999999261,72.639,72.504,0.1349999999999909,70.0,0.6857142857142857,23.0,1.0,529.0,2304.0,0,1,1,0,0,0,1,0.0,0.0,23.0,22
LEC,Ferrari,51.0,0 days 00:01:09.533000,0 days 00:00:17.588000,0 days 00:00:30.853000,0 days 00:00:21.092000,MEDIUM,2.0,3.0,,,1,3.0,False,2025,Austria,R,69.533,17.588,30.853,21.092,69.814,0.2809999999999917,69.533,0.0,-0.2809999999999917,72.593,72.593,0.0,70.0,0.7285714285714285,21.0,0.09523809523809523,4.0,2601.0,0,0,1,0,0,1,0,0.0,2.0,0.0,20
LEC,Ferrari,52.0,0 days 00:01:09.422000,0 days 00:00:17.507000,0 days 00:00:30.743000,0 days 00:00:21.172000,MEDIUM,3.0,3.0,,,1,3.0,False,2025,Austria,R,69.422,17.507,30.743,21.172,69.814,0.3919999999999959,69.533,-0.1110000000000042,-0.3919999999999959,72.542,72.593,-0.05100000000000193,70.0,0.7428571428571429,21.0,0.14285714285714285,9.0,2704.0,0,0,1,0,0,1,0,0.0,3.0,0.0,20
LEC,Ferrari,53.0,0 days 00:01:09.344000,0 days 00:00:17.492000,0 days 00:00:30.862000,0 days 00:00:20.990000,MEDIUM,4.0,3.0,,,1,3.0,False,2025,Austria,R,69.344,17.492,30.862,20.99,69.814,0.46999999999999886,69.533,-0.18900000000000716,-0.46999999999999886,72.524,72.593,-0.06900000000000261,70.0,0.7571428571428571,21.0,0.19047619047619047,16.0,2809.0,0,0,1,0,0,1,0,0.0,4.0,0.0,20
LEC,Ferrari,54.0,0 days 00:01:09.028000,0 days 00:00:17.457000,0 days 00:00:30.708000,0 days 00:00:20.863000,MEDIUM,5.0,3.0,,,1,3.0,False,2025,Austria,R,69.028,17.457,30.708,20.863,69.814,0.7859999999999872,69.533,-0.5049999999999955,-0.7859999999999872,72.268,72.593,-0.32500000000000284,70.0,0.7714285714285715,21.0,0.23809523809523808,25.0,2916.0,0,0,1,0,0,1,0,0.0,5.0,0.0,20
LEC,Ferrari,55.0,0 days 00:01:08.970000,0 days 00:00:17.437000,0 days 00:00:30.691000,0 days 00:00:20.842000,MEDIUM,6.0,3.0,,,1,3.0,False,2025,Austria,R,68.97,17.437,30.691,20.842,69.814,0.8439999999999941,69.533,-0.5630000000000024,-0.8439999999999941,72.27,72.593,-0.3230000000000075,70.0,0.7857142857142857,21.0,0.2857142857142857,36.0,3025.0,0,0,1,0,0,1,0,0.0,6.0,0.0,20
LEC,Ferrari,56.0,0 days 00:01:08.765000,0 days 00:00:17.378000,0 days 00:00:30.590000,0 days 00:00:20.797000,MEDIUM,7.0,3.0,,,1,3.0,False,2025,Austria,R,68.765,17.378,30.59,20.797,69.814,1.0489999999999924,69.533,-0.7680000000000007,-1.0489999999999924,72.125,72.593,-0.4680000000000035,70.0,0.8,21.0,0.3333333333333333,49.0,3136.0,0,0,1,0,0,1,0,0.0,7.0,0.0,20
LEC,Ferrari,57.0,0 days 00:01:08.805000,0 days 00:00:17.387000,0 days 00:00:30.581000,0 days 00:00:20.837000,MEDIUM,8.0,3.0,,,1,3.0,False,2025,Austria,R,68.805,17.387,30.581,20.837,69.814,1.0089999999999861,69.533,-0.7279999999999944,-1.0089999999999861,72.22500000000001,72.593,-0.367999999999995,70.0,0.8142857142857143,21.0,0.38095238095238093,64.0,3249.0,0,0,1,0,0,1,0,0.0,8.0,0.0,20
LEC,Ferrari,58.0,0 days 00:01:08.839000,0 days 00:00:17.249000,0 days 00:00:30.630000,0 days 00:00:20.960000,MEDIUM,9.0,3.0,,,1,3.0,False,2025,Austria,R,68.839,17.249,30.63,20.96,69.814,0.9749999999999943,69.533,-0.6940000000000026,-0.9749999999999943,72.319,72.593,-0.2740000000000009,70.0,0.8285714285714286,21.0,0.42857142857142855,81.0,3364.0,0,0,1,0,0,1,0,0.0,9.0,0.0,20
LEC,Ferrari,59.0,0 days 00:01:08.936000,0 days 00:00:17.364000,0 days 00:00:30.627000,0 days 00:00:20.945000,MEDIUM,10.0,3.0,,,1,3.0,False,2025,Austria,R,68.936,17.364,30.627,20.945,69.814,0.8779999999999859,69.533,-0.5969999999999942,-0.8779999999999859,72.47600000000001,72.593,-0.11699999999999022,70.0,0.8428571428571429,21.0,0.47619047619047616,100.0,3481.0,0,0,1,0,0,1,0,0.0,10.0,0.0,20
LEC,Ferrari,60.0,0 days 00:01:09.040000,0 days 00:00:17.367000,0 days 00:00:30.804000,0 days 00:00:20.869000,MEDIUM,11.0,3.0,,,1,3.0,False,2025,Austria,R,69.04,17.367,30.804,20.869,69.814,0.7739999999999867,69.533,-0.492999999999995,-0.7739999999999867,72.64,72.593,0.046999999999997044,70.0,0.8571428571428571,21.0,0.5238095238095238,121.0,3600.0,0,0,1,0,0,1,0,0.0,11.0,0.0,20
LEC,Ferrari,61.0,0 days 00:01:08.811000,0 days 00:00:17.423000,0 days 00:00:30.605000,0 days 00:00:20.783000,MEDIUM,12.0,3.0,,,1,3.0,False,2025,Austria,R,68.811,17.423,30.605,20.783,69.814,1.002999999999986,69.533,-0.7219999999999942,-1.002999999999986,72.471,72.593,-0.12199999999999989,70.0,0.8714285714285714,21.0,0.5714285714285714,144.0,3721.0,0,0,1,0,0,1,0,0.0,12.0,0.0,20
LEC,Ferrari,62.0,0 days 00:01:08.850000,0 days 00:00:17.347000,0 days 00:00:30.612000,0 days 00:00:20.891000,MEDIUM,13.0,3.0,,,1,3.0,False,2025,Austria,R,68.85,17.347,30.612,20.891,69.814,0.9639999999999986,69.533,-0.6830000000000069,-0.9639999999999986,72.57,72.593,-0.023000000000010346,70.0,0.8857142857142857,21.0,0.6190476190476191,169.0,3844.0,0,0,1,0,0,1,0,0.0,13.0,0.0,20
LEC,Ferrari,63.0,0 days 00:01:09.366000,0 days 00:00:17.379000,0 days 00:00:30.779000,0 days 00:00:21.208000,MEDIUM,14.0,3.0,,,1,3.0,False,2025,Austria,R,69.366,17.379,30.779,21.208,69.814,0.4479999999999933,69.533,-0.1670000000000016,-0.4479999999999933,73.146,72.593,0.5529999999999973,70.0,0.9,21.0,0.6666666666666666,196.0,3969.0,0,0,1,0,0,1,0,0.0,14.0,0.0,20
LEC,Ferrari,64.0,0 days 00:01:09.267000,0 days 00:00:17.416000,0 days 00:00:30.862000,0 days 00:00:20.989000,MEDIUM,15.0,3.0,,,1,3.0,False,2025,Austria,R,69.267,17.416,30.862,20.989,69.814,0.546999999999997,69.533,-0.26600000000000534,-0.546999999999997,73.107,72.593,0.5139999999999958,70.0,0.9142857142857143,21.0,0.7142857142857143,225.0,4096.0,0,0,1,0,0,1,0,0.0,15.0,0.0,20
LEC,Ferrari,65.0,0 days 00:01:09.263000,0 days 00:00:17.454000,0 days 00:00:30.836000,0 days 00:00:20.973000,MEDIUM,16.0,3.0,,,1,3.0,False,2025,Austria,R,69.263,17.454,30.836,20.973,69.814,0.5509999999999877,69.533,-0.269999999999996,-0.5509999999999877,73.16300000000001,72.593,0.5700000000000074,70.0,0.9285714285714286,21.0,0.7619047619047619,256.0,4225.0,0,0,1,0,0,1,0,0.0,16.0,0.0,20
LEC,Ferrari,66.0,0 days 00:01:09.178000,0 days 00:00:17.393000,0 days 00:00:30.784000,0 days 00:00:21.001000,MEDIUM,17.0,3.0,,,1,3.0,False,2025,Austria,R,69.178,17.393,30.784,21.001,69.814,0.6359999999999957,69.533,-0.355000000000004,-0.6359999999999957,73.13799999999999,72.593,0.5449999999999875,70.0,0.9428571428571428,21.0,0.8095238095238095,289.0,4356.0,0,0,1,0,0,1,0,0.0,17.0,0.0,20
LEC,Ferrari,67.0,0 days 00:01:10.016000,0 days 00:00:17.489000,0 days 00:00:31.191000,0 days 00:00:21.336000,MEDIUM,18.0,3.0,,,1,3.0,False,2025,Austria,R,70.016,17.489,31.191,21.336,69.814,0.2020000000000124,69.533,0.4830000000000041,0.2020000000000124,74.036,72.593,1.4429999999999978,70.0,0.9571428571428572,21.0,0.8571428571428571,324.0,4489.0,0,0,1,0,0,1,0,0.0,18.0,0.0,20
LEC,Ferrari,68.0,0 days 00:01:09.288000,0 days 00:00:17.489000,0 days 00:00:30.865000,0 days 00:00:20.934000,MEDIUM,19.0,3.0,,,1,3.0,False,2025,Austria,R,69.288,17.489,30.865,20.934,69.814,0.5259999999999962,69.533,-0.24500000000000455,-0.5259999999999962,73.368,72.593,0.7749999999999915,70.0,0.9714285714285714,21.0,0.9047619047619048,361.0,4624.0,0,0,1,0,0,1,0,0.0,19.0,0.0,20
LEC,Ferrari,69.0,0 days 00:01:09.121000,0 days 00:00:17.375000,0 days 00:00:30.807000,0 days 00:00:20.939000,MEDIUM,20.0,3.0,,,1,3.0,False,2025,Austria,R,69.121,17.375,30.807,20.939,69.814,0.6929999999999978,69.533,-0.41200000000000614,-0.6929999999999978,73.261,72.593,0.6679999999999922,70.0,0.9857142857142858,21.0,0.9523809523809523,400.0,4761.0,0,0,1,0,0,1,0,0.0,20.0,0.0,20
LEC,Ferrari,70.0,0 days 00:01:09.026000,0 days 00:00:17.339000,0 days 00:00:30.724000,0 days 00:00:20.963000,MEDIUM,21.0,3.0,,,1,3.0,False,2025,Austria,R,69.026,17.339,30.724,20.963,69.814,0.7879999999999967,69.533,-0.507000000000005,-0.7879999999999967,73.226,72.593,0.6329999999999956,70.0,1.0,21.0,1.0,441.0,4900.0,0,0,1,0,0,1,0,0.0,21.0,0.0,20
NOR,McLaren,4.0,0 days 00:01:10.254000,0 days 00:00:17.564000,0 days 00:00:31.393000,0 days 00:00:21.297000,MEDIUM,4.0,1.0,,,1,1.0,False,2025,Austria,R,70.254,17.564,31.393,21.297,69.641,0.6129999999999995,70.254,0.0,0.6129999999999995,70.494,70.494,0.0,70.0,0.05714285714285714,19.0,0.21052631578947367,16.0,16.0,1,0,0,1,0,1,0,0.0,4.0,0.0,15
NOR,McLaren,5.0,0 days 00:01:09.858000,0 days 00:00:17.488000,0 days 00:00:31.430000,0 days 00:00:20.940000,MEDIUM,5.0,1.0,,,1,1.0,False,2025,Austria,R,69.858,17.488,31.43,20.94,69.641,0.21699999999999875,70.254,-0.3960000000000008,0.21699999999999875,70.158,70.494,-0.3359999999999985,70.0,0.07142857142857142,19.0,0.2631578947368421,25.0,25.0,1,0,0,1,0,1,0,0.0,5.0,0.0,15
NOR,McLaren,6.0,0 days 00:01:09.460000,0 days 00:00:17.460000,0 days 00:00:31.107000,0 days 00:00:20.893000,MEDIUM,6.0,1.0,,,1,1.0,False,2025,Austria,R,69.46,17.46,31.107,20.893,69.641,0.1810000000000116,70.254,-0.7940000000000111,-0.1810000000000116,69.82,70.494,-0.6740000000000066,70.0,0.08571428571428572,19.0,0.3157894736842105,36.0,36.0,1,0,0,1,0,1,0,0.0,6.0,0.0,15
NOR,McLaren,7.0,0 days 00:01:09.313000,0 days 00:00:17.393000,0 days 00:00:30.992000,0 days 00:00:20.928000,MEDIUM,7.0,1.0,,,1,1.0,False,2025,Austria,R,69.313,17.393,30.992,20.928,69.641,0.32800000000000296,70.254,-0.9410000000000025,-0.32800000000000296,69.733,70.494,-0.7609999999999957,70.0,0.1,19.0,0.3684210526315789,49.0,49.0,1,0,0,1,0,1,0,0.0,7.0,0.0,15
NOR,McLaren,8.0,0 days 00:01:09.394000,0 days 00:00:17.407000,0 days 00:00:31.156000,0 days 00:00:20.831000,MEDIUM,8.0,1.0,,,1,1.0,False,2025,Austria,R,69.394,17.407,31.156,20.831,69.641,0.2469999999999999,70.254,-0.8599999999999994,-0.2469999999999999,69.87400000000001,70.494,-0.6199999999999903,70.0,0.11428571428571428,19.0,0.42105263157894735,64.0,64.0,1,0,0,1,0,1,0,0.0,8.0,0.0,15
NOR,McLaren,9.0,0 days 00:01:09.488000,0 days 00:00:17.509000,0 days 00:00:31.005000,0 days 00:00:20.974000,MEDIUM,9.0,1.0,,,1,1.0,False,2025,Austria,R,69.488,17.509,31.005,20.974,69.641,0.1530000000000058,70.254,-0.7660000000000053,-0.1530000000000058,70.028,70.494,-0.465999999999994,70.0,0.12857142857142856,19.0,0.47368421052631576,81.0,81.0,1,0,0,1,0,1,0,0.0,9.0,0.0,15
NOR,McLaren,10.0,0 days 00:01:09.952000,0 days 00:00:17.565000,0 days 00:00:31.344000,0 days 00:00:21.043000,MEDIUM,10.0,1.0,,,1,1.0,False,2025,Austria,R,69.952,17.565,31.344,21.043,69.641,0.31099999999999284,70.254,-0.3020000000000067,0.31099999999999284,70.55199999999999,70.494,0.057999999999992724,70.0,0.14285714285714285,19.0,0.5263157894736842,100.0,100.0,1,0,0,1,0,1,0,0.0,10.0,0.0,15
NOR,McLaren,11.0,0 days 00:01:10.946000,0 days 00:00:17.955000,0 days 00:00:31.890000,0 days 00:00:21.101000,MEDIUM,11.0,1.0,,,1,1.0,False,2025,Austria,R,70.946,17.955,31.89,21.101,69.641,1.3049999999999926,70.254,0.6919999999999931,1.3049999999999926,71.606,70.494,1.1119999999999948,70.0,0.15714285714285714,19.0,0.5789473684210527,121.0,121.0,1,0,0,1,0,1,0,0.0,11.0,0.0,15
NOR,McLaren,12.0,0 days 00:01:10.184000,0 days 00:00:17.671000,0 days 00:00:31.361000,0 days 00:00:21.152000,MEDIUM,12.0,1.0,,,1,1.0,False,2025,Austria,R,70.184,17.671,31.361,21.152,69.641,0.5429999999999922,70.254,-0.07000000000000739,0.5429999999999922,70.904,70.494,0.4099999999999966,70.0,0.17142857142857143,19.0,0.631578947368421,144.0,144.0,1,0,0,1,0,1,0,0.0,12.0,0.0,15
NOR,McLaren,13.0,0 days 00:01:10.046000,0 days 00:00:17.656000,0 days 00:00:31.335000,0 days 00:00:21.055000,MEDIUM,13.0,1.0,,,1,1.0,False,2025,Austria,R,70.046,17.656,31.335,21.055,69.641,0.40500000000000114,70.254,-0.2079999999999984,0.40500000000000114,70.82600000000001,70.494,0.33200000000000784,70.0,0.18571428571428572,19.0,0.6842105263157895,169.0,169.0,1,0,0,1,0,1,0,0.0,13.0,0.0,15
NOR,McLaren,15.0,0 days 00:01:11.274000,0 days 00:00:17.978000,0 days 00:00:31.803000,0 days 00:00:21.493000,MEDIUM,15.0,1.0,,,1,1.0,False,2025,Austria,R,71.274,17.978,31.803,21.493,69.641,1.6329999999999956,70.254,1.019999999999996,1.6329999999999956,72.174,70.494,1.6800000000000068,70.0,0.21428571428571427,19.0,0.7894736842105263,225.0,225.0,1,0,0,1,0,1,0,0.0,15.0,0.0,15
NOR,McLaren,16.0,0 days 00:01:10.937000,0 days 00:00:17.828000,0 days 00:00:31.704000,0 days 00:00:21.405000,MEDIUM,16.0,1.0,,,1,1.0,False,2025,Austria,R,70.937,17.828,31.704,21.405,69.641,1.2959999999999923,70.254,0.6829999999999927,1.2959999999999923,71.89699999999999,70.494,1.4029999999999916,70.0,0.22857142857142856,19.0,0.8421052631578947,256.0,256.0,1,0,0,1,0,1,0,0.0,16.0,0.0,15
NOR,McLaren,17.0,0 days 00:01:10.841000,0 days 00:00:17.763000,0 days 00:00:31.550000,0 days 00:00:21.528000,MEDIUM,17.0,1.0,,,1,1.0,False,2025,Austria,R,70.841,17.763,31.55,21.528,69.641,1.1999999999999886,70.254,0.5869999999999891,1.1999999999999886,71.86099999999999,70.494,1.3669999999999902,70.0,0.24285714285714285,19.0,0.8947368421052632,289.0,289.0,1,0,0,1,0,1,0,0.0,17.0,0.0,15
NOR,McLaren,18.0,0 days 00:01:10.789000,0 days 00:00:17.828000,0 days 00:00:31.530000,0 days 00:00:21.431000,MEDIUM,18.0,1.0,,,1,1.0,False,2025,Austria,R,70.789,17.828,31.53,21.431,69.641,1.1479999999999961,70.254,0.5349999999999966,1.1479999999999961,71.869,70.494,1.375,70.0,0.2571428571428571,19.0,0.9473684210526315,324.0,324.0,1,0,0,1,0,1,0,0.0,18.0,0.0,15
NOR,McLaren,19.0,0 days 00:01:11.043000,0 days 00:00:17.754000,0 days 00:00:31.770000,0 days 00:00:21.519000,MEDIUM,19.0,1.0,,,1,1.0,False,2025,Austria,R,71.043,17.754,31.77,21.519,69.641,1.402000000000001,70.254,0.7890000000000015,1.402000000000001,72.183,70.494,1.6890000000000072,70.0,0.2714285714285714,19.0,1.0,361.0,361.0,1,0,0,1,0,1,0,0.0,19.0,0.0,15
NOR,McLaren,22.0,0 days 00:01:09.921000,0 days 00:00:17.591000,0 days 00:00:31.040000,0 days 00:00:21.290000,HARD,2.0,2.0,,,1,4.0,False,2025,Austria,R,69.921,17.591,31.04,21.29,69.641,0.28000000000000114,69.921,0.0,0.28000000000000114,71.241,71.241,0.0,70.0,0.3142857142857143,31.0,0.06451612903225806,4.0,484.0,0,1,0,1,0,0,1,0.0,0.0,2.0,30
NOR,McLaren,23.0,0 days 00:01:10.012000,0 days 00:00:17.642000,0 days 00:00:31.018000,0 days 00:00:21.352000,HARD,3.0,2.0,,,1,4.0,False,2025,Austria,R,70.012,17.642,31.018,21.352,69.641,0.3709999999999951,69.921,0.09099999999999397,0.3709999999999951,71.392,71.241,0.15099999999999625,70.0,0.32857142857142857,31.0,0.0967741935483871,9.0,529.0,0,1,0,1,0,0,1,0.0,0.0,3.0,30
NOR,McLaren,24.0,0 days 00:01:09.829000,0 days 00:00:17.664000,0 days 00:00:30.918000,0 days 00:00:21.247000,HARD,4.0,2.0,,,1,4.0,False,2025,Austria,R,69.829,17.664,30.918,21.247,69.641,0.18799999999998818,69.921,-0.09200000000001296,0.18799999999998818,71.26899999999999,71.241,0.027999999999991587,70.0,0.34285714285714286,31.0,0.12903225806451613,16.0,576.0,0,1,0,0,0,0,1,0.0,0.0,4.0,30
NOR,McLaren,25.0,0 days 00:01:09.645000,0 days 00:00:17.584000,0 days 00:00:30.910000,0 days 00:00:21.151000,HARD,5.0,2.0,,,1,3.0,False,2025,Austria,R,69.645,17.584,30.91,21.151,69.641,0.003999999999990678,69.921,-0.27600000000001046,0.003999999999990678,71.145,71.241,-0.09600000000000364,70.0,0.35714285714285715,31.0,0.16129032258064516,25.0,625.0,0,1,0,0,0,0,1,0.0,0.0,5.0,30
NOR,McLaren,26.0,0 days 00:01:09.620000,0 days 00:00:17.552000,0 days 00:00:30.894000,0 days 00:00:21.174000,HARD,6.0,2.0,,,1,1.0,False,2025,Austria,R,69.62,17.552,30.894,21.174,69.641,0.021000000000000796,69.921,-0.30100000000000193,-0.021000000000000796,71.18,71.241,-0.06099999999999284,70.0,0.37142857142857144,31.0,0.1935483870967742,36.0,676.0,0,1,0,0,0,0,1,0.0,0.0,6.0,30
NOR,McLaren,27.0,0 days 00:01:09.522000,0 days 00:00:17.483000,0 days 00:00:30.880000,0 days 00:00:21.159000,HARD,7.0,2.0,,,1,1.0,False,2025,Austria,R,69.522,17.483,30.88,21.159,69.641,0.11899999999999977,69.921,-0.3990000000000009,-0.11899999999999977,71.14200000000001,71.241,-0.09899999999998954,70.0,0.38571428571428573,31.0,0.22580645161290322,49.0,729.0,0,1,0,0,0,0,1,0.0,0.0,7.0,30
NOR,McLaren,28.0,0 days 00:01:09.528000,0 days 00:00:17.507000,0 days 00:00:30.974000,0 days 00:00:21.047000,HARD,8.0,2.0,,,1,1.0,False,2025,Austria,R,69.528,17.507,30.974,21.047,69.641,0.11299999999999955,69.921,-0.3930000000000007,-0.11299999999999955,71.20800000000001,71.241,-0.03299999999998704,70.0,0.4,31.0,0.25806451612903225,64.0,784.0,0,1,0,0,0,0,1,0.0,0.0,8.0,30
NOR,McLaren,29.0,0 days 00:01:09.494000,0 days 00:00:17.542000,0 days 00:00:30.871000,0 days 00:00:21.081000,HARD,9.0,2.0,,,1,1.0,False,2025,Austria,R,69.494,17.542,30.871,21.081,69.641,0.14700000000000557,69.921,-0.4270000000000067,-0.14700000000000557,71.234,71.241,-0.007000000000005002,70.0,0.4142857142857143,31.0,0.2903225806451613,81.0,841.0,0,1,0,0,0,0,1,0.0,0.0,9.0,30
NOR,McLaren,30.0,0 days 00:01:09.641000,0 days 00:00:17.548000,0 days 00:00:30.936000,0 days 00:00:21.157000,HARD,10.0,2.0,,,1,1.0,False,2025,Austria,R,69.641,17.548,30.936,21.157,69.641,0.0,69.921,-0.28000000000000114,0.0,71.441,71.241,0.20000000000000284,70.0,0.42857142857142855,31.0,0.3225806451612903,100.0,900.0,0,1,0,0,0,0,1,0.0,0.0,10.0,30
NOR,McLaren,31.0,0 days 00:01:09.546000,0 days 00:00:17.463000,0 days 00:00:31.037000,0 days 00:00:21.046000,HARD,11.0,2.0,,,12,1.0,False,2025,Austria,R,69.546,17.463,31.037,21.046,69.641,0.09499999999999886,69.921,-0.375,-0.09499999999999886,71.406,71.241,0.16500000000000625,70.0,0.44285714285714284,31.0,0.3548387096774194,121.0,961.0,0,1,0,0,0,0,1,0.0,0.0,11.0,30
NOR,McLaren,32.0,0 days 00:01:09.546000,0 days 00:00:17.531000,0 days 00:00:30.962000,0 days 00:00:21.053000,HARD,12.0,2.0,,,1,1.0,False,2025,Austria,R,69.546,17.531,30.962,21.053,69.641,0.09499999999999886,69.921,-0.375,-0.09499999999999886,71.46600000000001,71.241,0.22500000000000853,70.0,0.45714285714285713,31.0,0.3870967741935484,144.0,1024.0,0,1,0,0,0,0,1,0.0,0.0,12.0,30
NOR,McLaren,33.0,0 days 00:01:09.602000,0 days 00:00:17.616000,0 days 00:00:30.963000,0 days 00:00:21.023000,HARD,13.0,2.0,,,1,1.0,False,2025,Austria,R,69.602,17.616,30.963,21.023,69.641,0.03900000000000148,69.921,-0.3190000000000026,-0.03900000000000148,71.58200000000001,71.241,0.3410000000000082,70.0,0.4714285714285714,31.0,0.41935483870967744,169.0,1089.0,0,1,0,0,0,0,1,0.0,0.0,13.0,30
NOR,McLaren,34.0,0 days 00:01:09.561000,0 days 00:00:17.596000,0 days 00:00:30.969000,0 days 00:00:20.996000,HARD,14.0,2.0,,,1,1.0,False,2025,Austria,R,69.561,17.596,30.969,20.996,69.641,0.0799999999999983,69.921,-0.35999999999999943,-0.0799999999999983,71.60100000000001,71.241,0.36000000000001364,70.0,0.4857142857142857,31.0,0.45161290322580644,196.0,1156.0,0,1,0,0,0,0,1,0.0,0.0,14.0,30
NOR,McLaren,35.0,0 days 00:01:09.377000,0 days 00:00:17.509000,0 days 00:00:30.853000,0 days 00:00:21.015000,HARD,15.0,2.0,,,1,1.0,False,2025,Austria,R,69.377,17.509,30.853,21.015,69.641,0.26400000000001,69.921,-0.5440000000000111,-0.26400000000001,71.47699999999999,71.241,0.23599999999999,70.0,0.5,31.0,0.4838709677419355,225.0,1225.0,0,1,0,0,0,0,1,0.0,0.0,15.0,30
NOR,McLaren,36.0,0 days 00:01:09.309000,0 days 00:00:17.544000,0 days 00:00:30.863000,0 days 00:00:20.902000,HARD,16.0,2.0,,,1,1.0,False,2025,Austria,R,69.309,17.544,30.863,20.902,69.641,0.33200000000000784,69.921,-0.612000000000009,-0.33200000000000784,71.469,71.241,0.22799999999999443,70.0,0.5142857142857142,31.0,0.5161290322580645,256.0,1296.0,0,1,0,0,0,0,1,0.0,0.0,16.0,30
NOR,McLaren,37.0,0 days 00:01:09.779000,0 days 00:00:17.527000,0 days 00:00:31.014000,0 days 00:00:21.238000,HARD,17.0,2.0,,,1,1.0,False,2025,Austria,R,69.779,17.527,31.014,21.238,69.641,0.13799999999999102,69.921,-0.14200000000001012,0.13799999999999102,71.999,71.241,0.7579999999999956,70.0,0.5285714285714286,31.0,0.5483870967741935,289.0,1369.0,0,1,0,0,0,0,1,0.0,0.0,17.0,30
NOR,McLaren,38.0,0 days 00:01:09.723000,0 days 00:00:17.485000,0 days 00:00:31.040000,0 days 00:00:21.198000,HARD,18.0,2.0,,,1,1.0,False,2025,Austria,R,69.723,17.485,31.04,21.198,69.641,0.08199999999999363,69.921,-0.1980000000000075,0.08199999999999363,72.003,71.241,0.7620000000000005,70.0,0.5428571428571428,31.0,0.5806451612903226,324.0,1444.0,0,1,0,0,0,0,1,0.0,0.0,18.0,30
NOR,McLaren,39.0,0 days 00:01:09.955000,0 days 00:00:17.570000,0 days 00:00:31.061000,0 days 00:00:21.324000,HARD,19.0,2.0,,,1,1.0,False,2025,Austria,R,69.955,17.57,31.061,21.324,69.641,0.31399999999999295,69.921,0.033999999999991815,0.31399999999999295,72.295,71.241,1.054000000000002,70.0,0.5571428571428572,31.0,0.6129032258064516,361.0,1521.0,0,1,0,0,0,0,1,0.0,0.0,19.0,30
NOR,McLaren,40.0,0 days 00:01:10.682000,0 days 00:00:17.507000,0 days 00:00:31.186000,0 days 00:00:21.989000,HARD,20.0,2.0,,,1,1.0,False,2025,Austria,R,70.682,17.507,31.186,21.989,69.641,1.0409999999999968,69.921,0.7609999999999957,1.0409999999999968,73.08200000000001,71.241,1.8410000000000082,70.0,0.5714285714285714,31.0,0.6451612903225806,400.0,1600.0,0,1,0,0,0,0,1,0.0,0.0,20.0,30
NOR,McLaren,41.0,0 days 00:01:09.899000,0 days 00:00:17.404000,0 days 00:00:31.223000,0 days 00:00:21.272000,HARD,21.0,2.0,,,1,1.0,False,2025,Austria,R,69.899,17.404,31.223,21.272,69.641,0.25799999999999557,69.921,-0.02200000000000557,0.25799999999999557,72.359,71.241,1.117999999999995,70.0,0.5857142857142857,31.0,0.6774193548387096,441.0,1681.0,0,1,0,0,0,0,1,0.0,0.0,21.0,30
NOR,McLaren,42.0,0 days 00:01:09.808000,0 days 00:00:17.655000,0 days 00:00:31.137000,0 days 00:00:21.016000,HARD,22.0,2.0,,,1,1.0,False,2025,Austria,R,69.808,17.655,31.137,21.016,69.641,0.1670000000000016,69.921,-0.11299999999999955,0.1670000000000016,72.328,71.241,1.0870000000000033,70.0,0.6,31.0,0.7096774193548387,484.0,1764.0,0,1,0,0,0,0,1,0.0,0.0,22.0,30
NOR,McLaren,43.0,0 days 00:01:09.638000,0 days 00:00:17.549000,0 days 00:00:31.041000,0 days 00:00:21.048000,HARD,23.0,2.0,,,1,1.0,False,2025,Austria,R,69.638,17.549,31.041,21.048,69.641,0.0030000000000001137,69.921,-0.28300000000000125,-0.0030000000000001137,72.218,71.241,0.9770000000000039,70.0,0.6142857142857143,31.0,0.7419354838709677,529.0,1849.0,0,1,0,0,0,0,1,0.0,0.0,23.0,30
NOR,McLaren,44.0,0 days 00:01:09.641000,0 days 00:00:17.509000,0 days 00:00:31.023000,0 days 00:00:21.109000,HARD,24.0,2.0,,,1,1.0,False,2025,Austria,R,69.641,17.509,31.023,21.109,69.641,0.0,69.921,-0.28000000000000114,0.0,72.281,71.241,1.0400000000000063,70.0,0.6285714285714286,31.0,0.7741935483870968,576.0,1936.0,0,1,0,0,0,0,1,0.0,0.0,24.0,30
NOR,McLaren,45.0,0 days 00:01:10.044000,0 days 00:00:17.594000,0 days 00:00:31.277000,0 days 00:00:21.173000,HARD,25.0,2.0,,,1,1.0,False,2025,Austria,R,70.044,17.594,31.277,21.173,69.641,0.4029999999999916,69.921,0.12299999999999045,0.4029999999999916,72.744,71.241,1.5030000000000001,70.0,0.6428571428571429,31.0,0.8064516129032258,625.0,2025.0,0,1,0,0,0,0,1,0.0,0.0,25.0,30
NOR,McLaren,46.0,0 days 00:01:09.677000,0 days 00:00:17.486000,0 days 00:00:31.112000,0 days 00:00:21.079000,HARD,26.0,2.0,,,1,1.0,False,2025,Austria,R,69.677,17.486,31.112,21.079,69.641,0.036000000000001364,69.921,-0.24399999999999977,0.036000000000001364,72.43700000000001,71.241,1.1960000000000122,70.0,0.6571428571428571,31.0,0.8387096774193549,676.0,2116.0,0,1,0,0,0,0,1,0.0,0.0,26.0,30
NOR,McLaren,47.0,0 days 00:01:09.970000,0 days 00:00:17.555000,0 days 00:00:31.207000,0 days 00:00:21.208000,HARD,27.0,2.0,,,1,1.0,False,2025,Austria,R,69.97,17.555,31.207,21.208,69.641,0.3289999999999935,69.921,0.04899999999999238,0.3289999999999935,72.78999999999999,71.241,1.5489999999999924,70.0,0.6714285714285714,31.0,0.8709677419354839,729.0,2209.0,0,1,1,0,0,0,1,0.0,0.0,27.0,30
NOR,McLaren,48.0,0 days 00:01:10.073000,0 days 00:00:17.556000,0 days 00:00:31.125000,0 days 00:00:21.392000,HARD,28.0,2.0,,,1,1.0,False,2025,Austria,R,70.073,17.556,31.125,21.392,69.641,0.43199999999998795,69.921,0.1519999999999868,0.43199999999998795,72.95299999999999,71.241,1.711999999999989,70.0,0.6857142857142857,31.0,0.9032258064516129,784.0,2304.0,0,1,1,0,0,0,1,0.0,0.0,28.0,30
NOR,McLaren,49.0,0 days 00:01:10.072000,0 days 00:00:17.540000,0 days 00:00:31.212000,0 days 00:00:21.320000,HARD,29.0,2.0,,,1,1.0,False,2025,Austria,R,70.072,17.54,31.212,21.32,69.641,0.4309999999999974,69.921,0.15099999999999625,0.4309999999999974,73.012,71.241,1.7710000000000008,70.0,0.7,31.0,0.9354838709677419,841.0,2401.0,0,1,1,0,0,0,1,0.0,0.0,29.0,30
NOR,McLaren,50.0,0 days 00:01:10.221000,0 days 00:00:17.596000,0 days 00:00:31.329000,0 days 00:00:21.296000,HARD,30.0,2.0,,,1,1.0,False,2025,Austria,R,70.221,17.596,31.329,21.296,69.641,0.5799999999999983,69.921,0.29999999999999716,0.5799999999999983,73.221,71.241,1.980000000000004,70.0,0.7142857142857143,31.0,0.967741935483871,900.0,2500.0,0,1,1,0,0,0,1,0.0,0.0,30.0,30
NOR,McLaren,51.0,0 days 00:01:10.292000,0 days 00:00:17.595000,0 days 00:00:31.337000,0 days 00:00:21.360000,HARD,31.0,2.0,,,1,1.0,False,2025,Austria,R,70.292,17.595,31.337,21.36,69.641,0.6509999999999962,69.921,0.3709999999999951,0.6509999999999962,73.352,71.241,2.111000000000004,70.0,0.7285714285714285,31.0,1.0,961.0,2601.0,0,1,1,0,0,0,1,0.0,0.0,31.0,30
NOR,McLaren,54.0,0 days 00:01:08.989000,0 days 00:00:17.379000,0 days 00:00:30.638000,0 days 00:00:20.972000,MEDIUM,2.0,3.0,,,1,1.0,False,2025,Austria,R,68.989,17.379,30.638,20.972,69.641,0.652000000000001,68.989,0.0,-0.652000000000001,72.229,72.229,0.0,70.0,0.7714285714285715,18.0,0.1111111111111111,4.0,2916.0,0,0,1,0,0,1,0,0.0,2.0,0.0,17
NOR,McLaren,55.0,0 days 00:01:09.357000,0 days 00:00:17.285000,0 days 00:00:30.762000,0 days 00:00:21.310000,MEDIUM,3.0,3.0,,,1,1.0,False,2025,Austria,R,69.357,17.285,30.762,21.31,69.641,0.284000000000006,68.989,0.367999999999995,-0.284000000000006,72.657,72.229,0.42799999999999727,70.0,0.7857142857142857,18.0,0.16666666666666666,9.0,3025.0,0,0,1,0,0,1,0,0.0,3.0,0.0,17
NOR,McLaren,56.0,0 days 00:01:08.527000,0 days 00:00:17.296000,0 days 00:00:30.512000,0 days 00:00:20.719000,MEDIUM,4.0,3.0,,,1,1.0,False,2025,Austria,R,68.527,17.296,30.512,20.719,69.641,1.1140000000000043,68.989,-0.4620000000000033,-1.1140000000000043,71.887,72.229,-0.34199999999999875,70.0,0.8,18.0,0.2222222222222222,16.0,3136.0,0,0,1,0,0,1,0,0.0,4.0,0.0,17
NOR,McLaren,57.0,0 days 00:01:08.552000,0 days 00:00:17.361000,0 days 00:00:30.397000,0 days 00:00:20.794000,MEDIUM,5.0,3.0,,,1,1.0,False,2025,Austria,R,68.552,17.361,30.397,20.794,69.641,1.0889999999999986,68.989,-0.4369999999999976,-1.0889999999999986,71.97200000000001,72.229,-0.2569999999999908,70.0,0.8142857142857143,18.0,0.2777777777777778,25.0,3249.0,0,0,1,0,0,1,0,0.0,5.0,0.0,17
NOR,McLaren,58.0,0 days 00:01:08.326000,0 days 00:00:17.288000,0 days 00:00:30.495000,0 days 00:00:20.543000,MEDIUM,6.0,3.0,,,1,1.0,False,2025,Austria,R,68.326,17.288,30.495,20.543,69.641,1.315000000000012,68.989,-0.6630000000000109,-1.315000000000012,71.806,72.229,-0.4230000000000018,70.0,0.8285714285714286,18.0,0.3333333333333333,36.0,3364.0,0,0,1,0,0,1,0,0.0,6.0,0.0,17
NOR,McLaren,59.0,0 days 00:01:08.435000,0 days 00:00:17.375000,0 days 00:00:30.383000,0 days 00:00:20.677000,MEDIUM,7.0,3.0,,,1,1.0,False,2025,Austria,R,68.435,17.375,30.383,20.677,69.641,1.206000000000003,68.989,-0.554000000000002,-1.206000000000003,71.97500000000001,72.229,-0.2539999999999907,70.0,0.8428571428571429,18.0,0.3888888888888889,49.0,3481.0,0,0,1,0,0,1,0,0.0,7.0,0.0,17
NOR,McLaren,60.0,0 days 00:01:08.678000,0 days 00:00:17.427000,0 days 00:00:30.587000,0 days 00:00:20.664000,MEDIUM,8.0,3.0,,,1,1.0,False,2025,Austria,R,68.678,17.427,30.587,20.664,69.641,0.9630000000000081,68.989,-0.31100000000000705,-0.9630000000000081,72.27799999999999,72.229,0.04899999999999238,70.0,0.8571428571428571,18.0,0.4444444444444444,64.0,3600.0,0,0,1,0,0,1,0,0.0,8.0,0.0,17
NOR,McLaren,61.0,0 days 00:01:08.272000,0 days 00:00:17.298000,0 days 00:00:30.357000,0 days 00:00:20.617000,MEDIUM,9.0,3.0,,,1,1.0,False,2025,Austria,R,68.272,17.298,30.357,20.617,69.641,1.3689999999999998,68.989,-0.7169999999999987,-1.3689999999999998,71.932,72.229,-0.29699999999999704,70.0,0.8714285714285714,18.0,0.5,81.0,3721.0,0,0,1,0,0,1,0,0.0,9.0,0.0,17
NOR,McLaren,62.0,0 days 00:01:08.665000,0 days 00:00:17.422000,0 days 00:00:30.684000,0 days 00:00:20.559000,MEDIUM,10.0,3.0,,,1,1.0,False,2025,Austria,R,68.665,17.422,30.684,20.559,69.641,0.9759999999999991,68.989,-0.32399999999999807,-0.9759999999999991,72.385,72.229,0.1560000000000059,70.0,0.8857142857142857,18.0,0.5555555555555556,100.0,3844.0,0,0,1,0,0,1,0,0.0,10.0,0.0,17
NOR,McLaren,63.0,0 days 00:01:08.698000,0 days 00:00:17.356000,0 days 00:00:30.682000,0 days 00:00:20.660000,MEDIUM,11.0,3.0,,,1,1.0,False,2025,Austria,R,68.698,17.356,30.682,20.66,69.641,0.943000000000012,68.989,-0.291000000000011,-0.943000000000012,72.478,72.229,0.24899999999999523,70.0,0.9,18.0,0.6111111111111112,121.0,3969.0,0,0,1,0,0,1,0,0.0,11.0,0.0,17
NOR,McLaren,64.0,0 days 00:01:08.655000,0 days 00:00:17.382000,0 days 00:00:30.638000,0 days 00:00:20.635000,MEDIUM,12.0,3.0,,,1,1.0,False,2025,Austria,R,68.655,17.382,30.638,20.635,69.641,0.9860000000000042,68.989,-0.3340000000000032,-0.9860000000000042,72.495,72.229,0.26600000000000534,70.0,0.9142857142857143,18.0,0.6666666666666666,144.0,4096.0,0,0,1,0,0,1,0,0.0,12.0,0.0,17
NOR,McLaren,65.0,0 days 00:01:08.754000,0 days 00:00:17.494000,0 days 00:00:30.657000,0 days 00:00:20.603000,MEDIUM,13.0,3.0,,,1,1.0,False,2025,Austria,R,68.754,17.494,30.657,20.603,69.641,0.8870000000000005,68.989,-0.23499999999999943,-0.8870000000000005,72.65400000000001,72.229,0.42500000000001137,70.0,0.9285714285714286,18.0,0.7222222222222222,169.0,4225.0,0,0,1,0,0,1,0,0.0,13.0,0.0,17
NOR,McLaren,66.0,0 days 00:01:09.043000,0 days 00:00:17.418000,0 days 00:00:30.971000,0 days 00:00:20.654000,MEDIUM,14.0,3.0,,,1,1.0,False,2025,Austria,R,69.043,17.418,30.971,20.654,69.641,0.597999999999999,68.989,0.054000000000002046,-0.597999999999999,73.003,72.229,0.7740000000000009,70.0,0.9428571428571428,18.0,0.7777777777777778,196.0,4356.0,0,0,1,0,0,1,0,0.0,14.0,0.0,17
NOR,McLaren,67.0,0 days 00:01:09.100000,0 days 00:00:17.488000,0 days 00:00:30.825000,0 days 00:00:20.787000,MEDIUM,15.0,3.0,,,1,1.0,False,2025,Austria,R,69.1,17.488,30.825,20.787,69.641,0.541000000000011,68.989,0.11099999999999,-0.541000000000011,73.11999999999999,72.229,0.8909999999999911,70.0,0.9571428571428572,18.0,0.8333333333333334,225.0,4489.0,0,0,1,0,0,1,0,0.0,15.0,0.0,17
NOR,McLaren,68.0,0 days 00:01:09.460000,0 days 00:00:17.410000,0 days 00:00:30.918000,0 days 00:00:21.132000,MEDIUM,16.0,3.0,,,1,1.0,False,2025,Austria,R,69.46,17.41,30.918,21.132,69.641,0.1810000000000116,68.989,0.4709999999999894,-0.1810000000000116,73.53999999999999,72.229,1.3109999999999928,70.0,0.9714285714285714,18.0,0.8888888888888888,256.0,4624.0,0,0,1,0,0,1,0,0.0,16.0,0.0,17
NOR,McLaren,69.0,0 days 00:01:09.844000,0 days 00:00:17.487000,0 days 00:00:31.128000,0 days 00:00:21.229000,MEDIUM,17.0,3.0,,,1,1.0,False,2025,Austria,R,69.844,17.487,31.128,21.229,69.641,0.20299999999998875,68.989,0.8549999999999898,0.20299999999998875,73.984,72.229,1.7549999999999955,70.0,0.9857142857142858,18.0,0.9444444444444444,289.0,4761.0,0,0,1,0,0,1,0,0.0,17.0,0.0,17
NOR,McLaren,70.0,0 days 00:01:09.431000,0 days 00:00:17.267000,0 days 00:00:31.143000,0 days 00:00:21.021000,MEDIUM,18.0,3.0,,,1,1.0,False,2025,Austria,R,69.431,17.267,31.143,21.021,69.641,0.21000000000000796,68.989,0.44199999999999307,-0.21000000000000796,73.631,72.229,1.402000000000001,70.0,1.0,18.0,1.0,324.0,4900.0,0,0,1,0,0,1,0,0.0,18.0,0.0,17
OCO,Haas F1 Team,4.0,0 days 00:01:12.537000,0 days 00:00:17.781000,0 days 00:00:32.508000,0 days 00:00:22.248000,MEDIUM,4.0,1.0,,,1,14.0,False,2025,Austria,R,72.537,17.781,32.508,22.248,70.796,1.7409999999999997,72.537,0.0,1.7409999999999997,72.777,72.777,0.0,70.0,0.05714285714285714,18.0,0.2222222222222222,16.0,16.0,1,0,0,1,0,1,0,0.0,4.0,0.0,15
OCO,Haas F1 Team,5.0,0 days 00:01:12.012000,0 days 00:00:17.585000,0 days 00:00:32.327000,0 days 00:00:22.100000,MEDIUM,5.0,1.0,,,1,14.0,False,2025,Austria,R,72.012,17.585,32.327,22.1,70.796,1.215999999999994,72.537,-0.5250000000000057,1.215999999999994,72.312,72.777,-0.4650000000000034,70.0,0.07142857142857142,18.0,0.2777777777777778,25.0,25.0,1,0,0,1,0,1,0,0.0,5.0,0.0,15
OCO,Haas F1 Team,6.0,0 days 00:01:11.558000,0 days 00:00:17.397000,0 days 00:00:32.156000,0 days 00:00:22.005000,MEDIUM,6.0,1.0,,,1,14.0,False,2025,Austria,R,71.558,17.397,32.156,22.005,70.796,0.7620000000000005,72.537,-0.9789999999999992,0.7620000000000005,71.918,72.777,-0.8589999999999947,70.0,0.08571428571428572,18.0,0.3333333333333333,36.0,36.0,1,0,0,1,0,1,0,0.0,6.0,0.0,15
OCO,Haas F1 Team,7.0,0 days 00:01:11.316000,0 days 00:00:17.453000,0 days 00:00:31.967000,0 days 00:00:21.896000,MEDIUM,7.0,1.0,,,1,14.0,False,2025,Austria,R,71.316,17.453,31.967,21.896,70.796,0.519999999999996,72.537,-1.2210000000000036,0.519999999999996,71.736,72.777,-1.0409999999999968,70.0,0.1,18.0,0.3888888888888889,49.0,49.0,1,0,0,1,0,1,0,0.0,7.0,0.0,15
OCO,Haas F1 Team,8.0,0 days 00:01:10.909000,0 days 00:00:17.285000,0 days 00:00:31.796000,0 days 00:00:21.828000,MEDIUM,8.0,1.0,,,1,14.0,False,2025,Austria,R,70.909,17.285,31.796,21.828,70.796,0.11299999999999955,72.537,-1.6280000000000001,0.11299999999999955,71.38900000000001,72.777,-1.387999999999991,70.0,0.11428571428571428,18.0,0.4444444444444444,64.0,64.0,1,0,0,1,0,1,0,0.0,8.0,0.0,15
OCO,Haas F1 Team,9.0,0 days 00:01:11.186000,0 days 00:00:17.384000,0 days 00:00:31.819000,0 days 00:00:21.983000,MEDIUM,9.0,1.0,,,1,14.0,False,2025,Austria,R,71.186,17.384,31.819,21.983,70.796,0.39000000000000057,72.537,-1.350999999999999,0.39000000000000057,71.72600000000001,72.777,-1.0509999999999877,70.0,0.12857142857142856,18.0,0.5,81.0,81.0,1,0,0,1,0,1,0,0.0,9.0,0.0,15
OCO,Haas F1 Team,10.0,0 days 00:01:11.314000,0 days 00:00:17.395000,0 days 00:00:31.896000,0 days 00:00:22.023000,MEDIUM,10.0,1.0,,,1,14.0,False,2025,Austria,R,71.314,17.395,31.896,22.023,70.796,0.5179999999999865,72.537,-1.2230000000000132,0.5179999999999865,71.91399999999999,72.777,-0.8630000000000138,70.0,0.14285714285714285,18.0,0.5555555555555556,100.0,100.0,1,0,0,1,0,1,0,0.0,10.0,0.0,15
OCO,Haas F1 Team,11.0,0 days 00:01:11.644000,0 days 00:00:17.440000,0 days 00:00:31.958000,0 days 00:00:22.246000,MEDIUM,11.0,1.0,,,1,13.0,False,2025,Austria,R,71.644,17.44,31.958,22.246,70.796,0.847999999999999,72.537,-0.8930000000000007,0.847999999999999,72.304,72.777,-0.472999999999999,70.0,0.15714285714285714,18.0,0.6111111111111112,121.0,121.0,1,0,0,1,0,1,0,0.0,11.0,0.0,15
OCO,Haas F1 Team,12.0,0 days 00:01:11.521000,0 days 00:00:17.485000,0 days 00:00:31.973000,0 days 00:00:22.063000,MEDIUM,12.0,1.0,,,1,12.0,False,2025,Austria,R,71.521,17.485,31.973,22.063,70.796,0.7249999999999943,72.537,-1.0160000000000053,0.7249999999999943,72.241,72.777,-0.5360000000000014,70.0,0.17142857142857143,18.0,0.6666666666666666,144.0,144.0,1,0,0,1,0,1,0,0.0,12.0,0.0,15
OCO,Haas F1 Team,13.0,0 days 00:01:11.880000,0 days 00:00:17.597000,0 days 00:00:32.239000,0 days 00:00:22.044000,MEDIUM,13.0,1.0,,,1,10.0,False,2025,Austria,R,71.88,17.597,32.239,22.044,70.796,1.083999999999989,72.537,-0.6570000000000107,1.083999999999989,72.66,72.777,-0.11700000000000443,70.0,0.18571428571428572,18.0,0.7222222222222222,169.0,169.0,1,0,0,1,0,1,0,0.0,13.0,0.0,15
OCO,Haas F1 Team,14.0,0 days 00:01:12.136000,0 days 00:00:17.922000,0 days 00:00:32.004000,0 days 00:00:22.210000,MEDIUM,14.0,1.0,,,1,9.0,False,2025,Austria,R,72.136,17.922,32.004,22.21,70.796,1.3399999999999892,72.537,-0.40100000000001046,1.3399999999999892,72.976,72.777,0.19899999999999807,70.0,0.2,18.0,0.7777777777777778,196.0,196.0,1,0,0,1,0,1,0,0.0,14.0,0.0,15
OCO,Haas F1 Team,15.0,0 days 00:01:11.753000,0 days 00:00:17.887000,0 days 00:00:31.847000,0 days 00:00:22.019000,MEDIUM,15.0,1.0,,,1,9.0,False,2025,Austria,R,71.753,17.887,31.847,22.019,70.796,0.9569999999999936,72.537,-0.784000000000006,0.9569999999999936,72.653,72.777,-0.12399999999999523,70.0,0.21428571428571427,18.0,0.8333333333333334,225.0,225.0,1,0,0,1,0,1,0,0.0,15.0,0.0,15
OCO,Haas F1 Team,16.0,0 days 00:01:11.810000,0 days 00:00:17.934000,0 days 00:00:31.962000,0 days 00:00:21.914000,MEDIUM,16.0,1.0,,,1,9.0,False,2025,Austria,R,71.81,17.934,31.962,21.914,70.796,1.0139999999999958,72.537,-0.7270000000000039,1.0139999999999958,72.77,72.777,-0.007000000000005002,70.0,0.22857142857142856,18.0,0.8888888888888888,256.0,256.0,1,0,0,1,0,1,0,0.0,16.0,0.0,15
OCO,Haas F1 Team,17.0,0 days 00:01:11.899000,0 days 00:00:17.908000,0 days 00:00:31.969000,0 days 00:00:22.022000,MEDIUM,17.0,1.0,,,1,9.0,False,2025,Austria,R,71.899,17.908,31.969,22.022,70.796,1.1029999999999944,72.537,-0.6380000000000052,1.1029999999999944,72.919,72.777,0.1419999999999959,70.0,0.24285714285714285,18.0,0.9444444444444444,289.0,289.0,1,0,0,1,0,1,0,0.0,17.0,0.0,15
OCO,Haas F1 Team,18.0,0 days 00:01:11.769000,0 days 00:00:17.920000,0 days 00:00:31.907000,0 days 00:00:21.942000,MEDIUM,18.0,1.0,,,1,9.0,False,2025,Austria,R,71.769,17.92,31.907,21.942,70.796,0.972999999999999,72.537,-0.7680000000000007,0.972999999999999,72.849,72.777,0.07200000000000273,70.0,0.2571428571428571,18.0,1.0,324.0,324.0,1,0,0,1,0,1,0,0.0,18.0,0.0,15
OCO,Haas F1 Team,21.0,0 days 00:01:10.244000,0 days 00:00:17.737000,0 days 00:00:31.366000,0 days 00:00:21.141000,HARD,2.0,2.0,,,1,15.0,False,2025,Austria,R,70.244,17.737,31.366,21.141,70.796,0.5520000000000067,70.244,0.0,-0.5520000000000067,71.504,71.504,0.0,70.0,0.3,30.0,0.06666666666666667,4.0,441.0,0,1,0,1,0,0,1,0.0,0.0,2.0,28
OCO,Haas F1 Team,22.0,0 days 00:01:10.561000,0 days 00:00:17.661000,0 days 00:00:31.323000,0 days 00:00:21.577000,HARD,3.0,2.0,,,1,15.0,False,2025,Austria,R,70.561,17.661,31.323,21.577,70.796,0.23499999999999943,70.244,0.3170000000000073,-0.23499999999999943,71.881,71.504,0.37699999999999534,70.0,0.3142857142857143,30.0,0.1,9.0,484.0,0,1,0,1,0,0,1,0.0,0.0,3.0,28
OCO,Haas F1 Team,23.0,0 days 00:01:10.326000,0 days 00:00:17.674000,0 days 00:00:31.182000,0 days 00:00:21.470000,HARD,4.0,2.0,,,1,15.0,False,2025,Austria,R,70.326,17.674,31.182,21.47,70.796,0.4700000000000131,70.244,0.08199999999999363,-0.4700000000000131,71.70599999999999,71.504,0.20199999999998397,70.0,0.32857142857142857,30.0,0.13333333333333333,16.0,529.0,0,1,0,1,0,0,1,0.0,0.0,4.0,28
OCO,Haas F1 Team,24.0,0 days 00:01:10.758000,0 days 00:00:17.698000,0 days 00:00:31.404000,0 days 00:00:21.656000,HARD,5.0,2.0,,,1,15.0,False,2025,Austria,R,70.758,17.698,31.404,21.656,70.796,0.038000000000010914,70.244,0.5139999999999958,-0.038000000000010914,72.198,71.504,0.6939999999999884,70.0,0.34285714285714286,30.0,0.16666666666666666,25.0,576.0,0,1,0,0,0,0,1,0.0,0.0,5.0,28
OCO,Haas F1 Team,25.0,0 days 00:01:10.790000,0 days 00:00:17.671000,0 days 00:00:31.430000,0 days 00:00:21.689000,HARD,6.0,2.0,,,1,15.0,False,2025,Austria,R,70.79,17.671,31.43,21.689,70.796,0.006000000000000227,70.244,0.5460000000000065,-0.006000000000000227,72.29,71.504,0.7860000000000014,70.0,0.35714285714285715,30.0,0.2,36.0,625.0,0,1,0,0,0,0,1,0.0,0.0,6.0,28
OCO,Haas F1 Team,26.0,0 days 00:01:10.992000,0 days 00:00:17.385000,0 days 00:00:31.612000,0 days 00:00:21.995000,HARD,7.0,2.0,,,1,14.0,False,2025,Austria,R,70.992,17.385,31.612,21.995,70.796,0.19599999999999795,70.244,0.7480000000000047,0.19599999999999795,72.552,71.504,1.0480000000000018,70.0,0.37142857142857144,30.0,0.23333333333333334,49.0,676.0,0,1,0,0,0,0,1,0.0,0.0,7.0,28
OCO,Haas F1 Team,28.0,0 days 00:01:10.871000,0 days 00:00:17.370000,0 days 00:00:31.697000,0 days 00:00:21.804000,HARD,9.0,2.0,,,1,13.0,False,2025,Austria,R,70.871,17.37,31.697,21.804,70.796,0.07499999999998863,70.244,0.6269999999999953,0.07499999999998863,72.551,71.504,1.046999999999997,70.0,0.4,30.0,0.3,81.0,784.0,0,1,0,0,0,0,1,0.0,0.0,9.0,28
OCO,Haas F1 Team,29.0,0 days 00:01:11.373000,0 days 00:00:17.647000,0 days 00:00:31.862000,0 days 00:00:21.864000,HARD,10.0,2.0,,,1,12.0,False,2025,Austria,R,71.373,17.647,31.862,21.864,70.796,0.5769999999999982,70.244,1.1290000000000049,0.5769999999999982,73.113,71.504,1.6089999999999947,70.0,0.4142857142857143,30.0,0.3333333333333333,100.0,841.0,0,1,0,0,0,0,1,0.0,0.0,10.0,28
OCO,Haas F1 Team,30.0,0 days 00:01:10.703000,0 days 00:00:17.505000,0 days 00:00:31.552000,0 days 00:00:21.646000,HARD,11.0,2.0,,,12,11.0,False,2025,Austria,R,70.703,17.505,31.552,21.646,70.796,0.09300000000000352,70.244,0.4590000000000032,-0.09300000000000352,72.503,71.504,0.9989999999999952,70.0,0.42857142857142855,30.0,0.36666666666666664,121.0,900.0,0,1,0,0,0,0,1,0.0,0.0,11.0,28
OCO,Haas F1 Team,31.0,0 days 00:01:10.900000,0 days 00:00:17.699000,0 days 00:00:31.650000,0 days 00:00:21.551000,HARD,12.0,2.0,,,1,11.0,False,2025,Austria,R,70.9,17.699,31.65,21.551,70.796,0.1039999999999992,70.244,0.6560000000000059,0.1039999999999992,72.76,71.504,1.2560000000000002,70.0,0.44285714285714284,30.0,0.4,144.0,961.0,0,1,0,0,0,0,1,0.0,0.0,12.0,28
OCO,Haas F1 Team,32.0,0 days 00:01:11.233000,0 days 00:00:17.438000,0 days 00:00:31.820000,0 days 00:00:21.975000,HARD,13.0,2.0,,,1,11.0,False,2025,Austria,R,71.233,17.438,31.82,21.975,70.796,0.4369999999999976,70.244,0.9890000000000043,0.4369999999999976,73.153,71.504,1.649000000000001,70.0,0.45714285714285713,30.0,0.43333333333333335,169.0,1024.0,0,1,0,0,0,0,1,0.0,0.0,13.0,28
OCO,Haas F1 Team,33.0,0 days 00:01:10.752000,0 days 00:00:17.729000,0 days 00:00:31.597000,0 days 00:00:21.426000,HARD,14.0,2.0,,,1,9.0,False,2025,Austria,R,70.752,17.729,31.597,21.426,70.796,0.04400000000001114,70.244,0.5079999999999956,-0.04400000000001114,72.732,71.504,1.2279999999999944,70.0,0.4714285714285714,30.0,0.4666666666666667,196.0,1089.0,0,1,0,0,0,0,1,0.0,0.0,14.0,28
OCO,Haas F1 Team,34.0,0 days 00:01:10.940000,0 days 00:00:17.773000,0 days 00:00:31.521000,0 days 00:00:21.646000,HARD,15.0,2.0,,,1,8.0,False,2025,Austria,R,70.94,17.773,31.521,21.646,70.796,0.14399999999999125,70.244,0.695999999999998,0.14399999999999125,72.98,71.504,1.475999999999999,70.0,0.4857142857142857,30.0,0.5,225.0,1156.0,0,1,0,0,0,0,1,0.0,0.0,15.0,28
OCO,Haas F1 Team,35.0,0 days 00:01:10.655000,0 days 00:00:17.780000,0 days 00:00:31.272000,0 days 00:00:21.603000,HARD,16.0,2.0,,,1,8.0,False,2025,Austria,R,70.655,17.78,31.272,21.603,70.796,0.14100000000000534,70.244,0.41100000000000136,-0.14100000000000534,72.755,71.504,1.2509999999999906,70.0,0.5,30.0,0.5333333333333333,256.0,1225.0,0,1,0,0,0,0,1,0.0,0.0,16.0,28
OCO,Haas F1 Team,36.0,0 days 00:01:10.387000,0 days 00:00:17.656000,0 days 00:00:31.251000,0 days 00:00:21.480000,HARD,17.0,2.0,,,1,8.0,False,2025,Austria,R,70.387,17.656,31.251,21.48,70.796,0.409000000000006,70.244,0.14300000000000068,-0.409000000000006,72.547,71.504,1.0429999999999922,70.0,0.5142857142857142,30.0,0.5666666666666667,289.0,1296.0,0,1,0,0,0,0,1,0.0,0.0,17.0,28
OCO,Haas F1 Team,37.0,0 days 00:01:10.663000,0 days 00:00:17.634000,0 days 00:00:31.367000,0 days 00:00:21.662000,HARD,18.0,2.0,,,1,8.0,False,2025,Austria,R,70.663,17.634,31.367,21.662,70.796,0.13300000000000978,70.244,0.41899999999999693,-0.13300000000000978,72.883,71.504,1.3789999999999907,70.0,0.5285714285714286,30.0,0.6,324.0,1369.0,0,1,0,0,0,0,1,0.0,0.0,18.0,28
OCO,Haas F1 Team,38.0,0 days 00:01:10.739000,0 days 00:00:17.686000,0 days 00:00:31.462000,0 days 00:00:21.591000,HARD,19.0,2.0,,,1,8.0,False,2025,Austria,R,70.739,17.686,31.462,21.591,70.796,0.05700000000000216,70.244,0.49500000000000455,-0.05700000000000216,73.019,71.504,1.5150000000000006,70.0,0.5428571428571428,30.0,0.6333333333333333,361.0,1444.0,0,1,0,0,0,0,1,0.0,0.0,19.0,28
OCO,Haas F1 Team,39.0,0 days 00:01:10.802000,0 days 00:00:17.708000,0 days 00:00:31.505000,0 days 00:00:21.589000,HARD,20.0,2.0,,,1,8.0,False,2025,Austria,R,70.802,17.708,31.505,21.589,70.796,0.006000000000000227,70.244,0.5580000000000069,0.006000000000000227,73.14200000000001,71.504,1.6380000000000052,70.0,0.5571428571428572,30.0,0.6666666666666666,400.0,1521.0,0,1,0,0,0,0,1,0.0,0.0,20.0,28
OCO,Haas F1 Team,40.0,0 days 00:01:10.597000,0 days 00:00:17.656000,0 days 00:00:31.426000,0 days 00:00:21.515000,HARD,21.0,2.0,,,1,8.0,False,2025,Austria,R,70.597,17.656,31.426,21.515,70.796,0.19900000000001228,70.244,0.35299999999999443,-0.19900000000001228,72.997,71.504,1.492999999999995,70.0,0.5714285714285714,30.0,0.7,441.0,1600.0,0,1,0,0,0,0,1,0.0,0.0,21.0,28
OCO,Haas F1 Team,41.0,0 days 00:01:10.925000,0 days 00:00:17.742000,0 days 00:00:31.580000,0 days 00:00:21.603000,HARD,22.0,2.0,,,1,8.0,False,2025,Austria,R,70.925,17.742,31.58,21.603,70.796,0.12899999999999068,70.244,0.6809999999999974,0.12899999999999068,73.38499999999999,71.504,1.880999999999986,70.0,0.5857142857142857,30.0,0.7333333333333333,484.0,1681.0,0,1,0,0,0,0,1,0.0,0.0,22.0,28
OCO,Haas F1 Team,42.0,0 days 00:01:10.829000,0 days 00:00:17.696000,0 days 00:00:31.536000,0 days 00:00:21.597000,HARD,23.0,2.0,,,1,7.0,False,2025,Austria,R,70.829,17.696,31.536,21.597,70.796,0.03299999999998704,70.244,0.5849999999999937,0.03299999999998704,73.34899999999999,71.504,1.8449999999999847,70.0,0.6,30.0,0.7666666666666667,529.0,1764.0,0,1,0,0,0,0,1,0.0,0.0,23.0,28
OCO,Haas F1 Team,43.0,0 days 00:01:10.662000,0 days 00:00:17.609000,0 days 00:00:31.524000,0 days 00:00:21.529000,HARD,24.0,2.0,,,1,7.0,False,2025,Austria,R,70.662,17.609,31.524,21.529,70.796,0.13400000000000034,70.244,0.41800000000000637,-0.13400000000000034,73.242,71.504,1.7379999999999995,70.0,0.6142857142857143,30.0,0.8,576.0,1849.0,0,1,0,0,0,0,1,0.0,0.0,24.0,28
OCO,Haas F1 Team,44.0,0 days 00:01:10.815000,0 days 00:00:17.771000,0 days 00:00:31.483000,0 days 00:00:21.561000,HARD,25.0,2.0,,,1,7.0,False,2025,Austria,R,70.815,17.771,31.483,21.561,70.796,0.018999999999991246,70.244,0.570999999999998,0.018999999999991246,73.455,71.504,1.9509999999999934,70.0,0.6285714285714286,30.0,0.8333333333333334,625.0,1936.0,0,1,0,0,0,0,1,0.0,0.0,25.0,28
OCO,Haas F1 Team,45.0,0 days 00:01:10.828000,0 days 00:00:17.665000,0 days 00:00:31.586000,0 days 00:00:21.577000,HARD,26.0,2.0,,,1,7.0,False,2025,Austria,R,70.828,17.665,31.586,21.577,70.796,0.031999999999996476,70.244,0.5840000000000032,0.031999999999996476,73.528,71.504,2.024000000000001,70.0,0.6428571428571429,30.0,0.8666666666666667,676.0,2025.0,0,1,0,0,0,0,1,0.0,0.0,26.0,28
OCO,Haas F1 Team,46.0,0 days 00:01:10.600000,0 days 00:00:17.692000,0 days 00:00:31.416000,0 days 00:00:21.492000,HARD,27.0,2.0,,,1,6.0,False,2025,Austria,R,70.6,17.692,31.416,21.492,70.796,0.19600000000001216,70.244,0.35599999999999454,-0.19600000000001216,73.36,71.504,1.8559999999999945,70.0,0.6571428571428571,30.0,0.9,729.0,2116.0,0,1,0,0,0,0,1,0.0,0.0,27.0,28
OCO,Haas F1 Team,47.0,0 days 00:01:10.705000,0 days 00:00:17.740000,0 days 00:00:31.436000,0 days 00:00:21.529000,HARD,28.0,2.0,,,1,6.0,False,2025,Austria,R,70.705,17.74,31.436,21.529,70.796,0.09100000000000819,70.244,0.4609999999999985,-0.09100000000000819,73.52499999999999,71.504,2.0209999999999866,70.0,0.6714285714285714,30.0,0.9333333333333333,784.0,2209.0,0,1,1,0,0,0,1,0.0,0.0,28.0,28
OCO,Haas F1 Team,48.0,0 days 00:01:10.843000,0 days 00:00:17.711000,0 days 00:00:31.485000,0 days 00:00:21.647000,HARD,29.0,2.0,,,1,6.0,False,2025,Austria,R,70.843,17.711,31.485,21.647,70.796,0.046999999999997044,70.244,0.5990000000000038,0.046999999999997044,73.723,71.504,2.218999999999994,70.0,0.6857142857142857,30.0,0.9666666666666667,841.0,2304.0,0,1,1,0,0,0,1,0.0,0.0,29.0,28
OCO,Haas F1 Team,49.0,0 days 00:01:10.826000,0 days 00:00:17.682000,0 days 00:00:31.583000,0 days 00:00:21.561000,HARD,30.0,2.0,,,1,6.0,False,2025,Austria,R,70.826,17.682,31.583,21.561,70.796,0.029999999999986926,70.244,0.5819999999999936,0.029999999999986926,73.76599999999999,71.504,2.2619999999999862,70.0,0.7,30.0,1.0,900.0,2401.0,0,1,1,0,0,0,1,0.0,0.0,30.0,28
OCO,Haas F1 Team,52.0,0 days 00:01:09.687000,0 days 00:00:17.549000,0 days 00:00:30.931000,0 days 00:00:21.207000,HARD,2.0,3.0,,,1,11.0,False,2025,Austria,R,69.687,17.549,30.931,21.207,70.796,1.1090000000000089,69.687,0.0,-1.1090000000000089,72.807,72.807,0.0,70.0,0.7428571428571429,19.0,0.10526315789473684,4.0,2704.0,0,0,1,0,0,0,1,0.0,0.0,2.0,18
OCO,Haas F1 Team,53.0,0 days 00:01:09.583000,0 days 00:00:17.551000,0 days 00:00:30.977000,0 days 00:00:21.055000,HARD,3.0,3.0,,,1,11.0,False,2025,Austria,R,69.583,17.551,30.977,21.055,70.796,1.213000000000008,69.687,-0.1039999999999992,-1.213000000000008,72.763,72.807,-0.04399999999999693,70.0,0.7571428571428571,19.0,0.15789473684210525,9.0,2809.0,0,0,1,0,0,0,1,0.0,0.0,3.0,18
OCO,Haas F1 Team,54.0,0 days 00:01:09.853000,0 days 00:00:17.596000,0 days 00:00:31.108000,0 days 00:00:21.149000,HARD,4.0,3.0,,,1,11.0,False,2025,Austria,R,69.853,17.596,31.108,21.149,70.796,0.943000000000012,69.687,0.16599999999999682,-0.943000000000012,73.09299999999999,72.807,0.28599999999998715,70.0,0.7714285714285715,19.0,0.21052631578947367,16.0,2916.0,0,0,1,0,0,0,1,0.0,0.0,4.0,18
OCO,Haas F1 Team,55.0,0 days 00:01:09.550000,0 days 00:00:17.489000,0 days 00:00:30.883000,0 days 00:00:21.178000,HARD,5.0,3.0,,,1,11.0,False,2025,Austria,R,69.55,17.489,30.883,21.178,70.796,1.2460000000000093,69.687,-0.13700000000000045,-1.2460000000000093,72.85,72.807,0.042999999999992156,70.0,0.7857142857142857,19.0,0.2631578947368421,25.0,3025.0,0,0,1,0,0,0,1,0.0,0.0,5.0,18
OCO,Haas F1 Team,56.0,0 days 00:01:09.765000,0 days 00:00:17.583000,0 days 00:00:30.922000,0 days 00:00:21.260000,HARD,6.0,3.0,,,1,11.0,False,2025,Austria,R,69.765,17.583,30.922,21.26,70.796,1.031000000000006,69.687,0.07800000000000296,-1.031000000000006,73.125,72.807,0.31799999999999784,70.0,0.8,19.0,0.3157894736842105,36.0,3136.0,0,0,1,0,0,0,1,0.0,0.0,6.0,18
OCO,Haas F1 Team,57.0,0 days 00:01:09.877000,0 days 00:00:17.536000,0 days 00:00:31.100000,0 days 00:00:21.241000,HARD,7.0,3.0,,,1,11.0,False,2025,Austria,R,69.877,17.536,31.1,21.241,70.796,0.9190000000000111,69.687,0.18999999999999773,-0.9190000000000111,73.297,72.807,0.4899999999999949,70.0,0.8142857142857143,19.0,0.3684210526315789,49.0,3249.0,0,0,1,0,0,0,1,0.0,0.0,7.0,18
OCO,Haas F1 Team,58.0,0 days 00:01:09.621000,0 days 00:00:17.311000,0 days 00:00:31.072000,0 days 00:00:21.238000,HARD,8.0,3.0,,,1,10.0,False,2025,Austria,R,69.621,17.311,31.072,21.238,70.796,1.1750000000000114,69.687,-0.0660000000000025,-1.1750000000000114,73.101,72.807,0.29399999999999693,70.0,0.8285714285714286,19.0,0.42105263157894735,64.0,3364.0,0,0,1,0,0,0,1,0.0,0.0,8.0,18
OCO,Haas F1 Team,59.0,0 days 00:01:09.658000,0 days 00:00:17.556000,0 days 00:00:30.929000,0 days 00:00:21.173000,HARD,9.0,3.0,,,1,10.0,False,2025,Austria,R,69.658,17.556,30.929,21.173,70.796,1.1380000000000052,69.687,-0.028999999999996362,-1.1380000000000052,73.19800000000001,72.807,0.39100000000000534,70.0,0.8428571428571429,19.0,0.47368421052631576,81.0,3481.0,0,0,1,0,0,0,1,0.0,0.0,9.0,18
OCO,Haas F1 Team,60.0,0 days 00:01:09.680000,0 days 00:00:17.487000,0 days 00:00:30.937000,0 days 00:00:21.256000,HARD,10.0,3.0,,,1,10.0,False,2025,Austria,R,69.68,17.487,30.937,21.256,70.796,1.1159999999999997,69.687,-0.006999999999990791,-1.1159999999999997,73.28,72.807,0.472999999999999,70.0,0.8571428571428571,19.0,0.5263157894736842,100.0,3600.0,0,0,1,0,0,0,1,0.0,0.0,10.0,18
OCO,Haas F1 Team,61.0,0 days 00:01:12.661000,0 days 00:00:17.520000,0 days 00:00:32.561000,0 days 00:00:22.580000,HARD,11.0,3.0,,,1,10.0,False,2025,Austria,R,72.661,17.52,32.561,22.58,70.796,1.8649999999999949,69.687,2.9740000000000038,1.8649999999999949,76.321,72.807,3.513999999999996,70.0,0.8714285714285714,19.0,0.5789473684210527,121.0,3721.0,0,0,1,0,0,0,1,0.0,0.0,11.0,18
OCO,Haas F1 Team,62.0,0 days 00:01:09.781000,0 days 00:00:17.249000,0 days 00:00:31.223000,0 days 00:00:21.309000,HARD,12.0,3.0,,,1,10.0,False,2025,Austria,R,69.781,17.249,31.223,21.309,70.796,1.0150000000000006,69.687,0.0940000000000083,-1.0150000000000006,73.501,72.807,0.6940000000000026,70.0,0.8857142857142857,19.0,0.631578947368421,144.0,3844.0,0,0,1,0,0,0,1,0.0,0.0,12.0,18
OCO,Haas F1 Team,63.0,0 days 00:01:10.017000,0 days 00:00:17.611000,0 days 00:00:31.176000,0 days 00:00:21.230000,HARD,13.0,3.0,,,1,10.0,False,2025,Austria,R,70.017,17.611,31.176,21.23,70.796,0.7790000000000106,69.687,0.3299999999999983,-0.7790000000000106,73.797,72.807,0.9899999999999949,70.0,0.9,19.0,0.6842105263157895,169.0,3969.0,0,0,1,0,0,0,1,0.0,0.0,13.0,18
OCO,Haas F1 Team,64.0,0 days 00:01:09.744000,0 days 00:00:17.486000,0 days 00:00:31.101000,0 days 00:00:21.157000,HARD,14.0,3.0,,,1,10.0,False,2025,Austria,R,69.744,17.486,31.101,21.157,70.796,1.0520000000000067,69.687,0.05700000000000216,-1.0520000000000067,73.584,72.807,0.777000000000001,70.0,0.9142857142857143,19.0,0.7368421052631579,196.0,4096.0,0,0,1,0,0,0,1,0.0,0.0,14.0,18
OCO,Haas F1 Team,65.0,0 days 00:01:09.992000,0 days 00:00:17.513000,0 days 00:00:31.284000,0 days 00:00:21.195000,HARD,15.0,3.0,,,1,10.0,False,2025,Austria,R,69.992,17.513,31.284,21.195,70.796,0.804000000000002,69.687,0.3050000000000068,-0.804000000000002,73.89200000000001,72.807,1.085000000000008,70.0,0.9285714285714286,19.0,0.7894736842105263,225.0,4225.0,0,0,1,0,0,0,1,0.0,0.0,15.0,18
OCO,Haas F1 Team,66.0,0 days 00:01:10.343000,0 days 00:00:17.632000,0 days 00:00:31.297000,0 days 00:00:21.414000,HARD,16.0,3.0,,,1,10.0,False,2025,Austria,R,70.343,17.632,31.297,21.414,70.796,0.45300000000000296,69.687,0.6560000000000059,-0.45300000000000296,74.303,72.807,1.4959999999999951,70.0,0.9428571428571428,19.0,0.8421052631578947,256.0,4356.0,0,0,1,0,0,0,1,0.0,0.0,16.0,18
OCO,Haas F1 Team,67.0,0 days 00:01:10.177000,0 days 00:00:17.603000,0 days 00:00:31.332000,0 days 00:00:21.242000,HARD,17.0,3.0,,,1,10.0,False,2025,Austria,R,70.177,17.603,31.332,21.242,70.796,0.6189999999999998,69.687,0.4900000000000091,-0.6189999999999998,74.197,72.807,1.3900000000000006,70.0,0.9571428571428572,19.0,0.8947368421052632,289.0,4489.0,0,0,1,0,0,0,1,0.0,0.0,17.0,18
OCO,Haas F1 Team,68.0,0 days 00:01:10.246000,0 days 00:00:17.576000,0 days 00:00:31.294000,0 days 00:00:21.376000,HARD,18.0,3.0,,,1,10.0,False,2025,Austria,R,70.246,17.576,31.294,21.376,70.796,0.5500000000000114,69.687,0.5589999999999975,-0.5500000000000114,74.326,72.807,1.5189999999999912,70.0,0.9714285714285714,19.0,0.9473684210526315,324.0,4624.0,0,0,1,0,0,0,1,0.0,0.0,18.0,18
OCO,Haas F1 Team,69.0,0 days 00:01:10.028000,0 days 00:00:17.488000,0 days 00:00:31.137000,0 days 00:00:21.403000,HARD,19.0,3.0,,,1,10.0,False,2025,Austria,R,70.028,17.488,31.137,21.403,70.796,0.7680000000000007,69.687,0.3410000000000082,-0.7680000000000007,74.168,72.807,1.3610000000000042,70.0,0.9857142857142858,19.0,1.0,361.0,4761.0,0,0,1,0,0,0,1,0.0,0.0,19.0,18
PIA,McLaren,4.0,0 days 00:01:10.527000,0 days 00:00:17.676000,0 days 00:00:31.464000,0 days 00:00:21.387000,MEDIUM,4.0,1.0,,,1,2.0,False,2025,Austria,R,70.527,17.676,31.464,21.387,69.5195,1.0075000000000074,70.527,0.0,1.0075000000000074,70.767,70.767,0.0,70.0,0.05714285714285714,23.0,0.17391304347826086,16.0,16.0,1,0,0,1,0,1,0,0.0,4.0,0.0,20
PIA,McLaren,5.0,0 days 00:01:09.937000,0 days 00:00:17.389000,0 days 00:00:31.227000,0 days 00:00:21.321000,MEDIUM,5.0,1.0,,,1,2.0,False,2025,Austria,R,69.937,17.389,31.227,21.321,69.5195,0.417500000000004,70.527,-0.5900000000000034,0.417500000000004,70.237,70.767,-0.5300000000000011,70.0,0.07142857142857142,23.0,0.21739130434782608,25.0,25.0,1,0,0,1,0,1,0,0.0,5.0,0.0,20
PIA,McLaren,6.0,0 days 00:01:09.340000,0 days 00:00:17.162000,0 days 00:00:31.155000,0 days 00:00:21.023000,MEDIUM,6.0,1.0,,,1,2.0,False,2025,Austria,R,69.34,17.162,31.155,21.023,69.5195,0.17949999999999022,70.527,-1.1869999999999976,-0.17949999999999022,69.7,70.767,-1.066999999999993,70.0,0.08571428571428572,23.0,0.2608695652173913,36.0,36.0,1,0,0,1,0,1,0,0.0,6.0,0.0,20
PIA,McLaren,7.0,0 days 00:01:09.445000,0 days 00:00:17.179000,0 days 00:00:31.136000,0 days 00:00:21.130000,MEDIUM,7.0,1.0,,,1,2.0,False,2025,Austria,R,69.445,17.179,31.136,21.13,69.5195,0.07450000000000045,70.527,-1.0820000000000078,-0.07450000000000045,69.865,70.767,-0.902000000000001,70.0,0.1,23.0,0.30434782608695654,49.0,49.0,1,0,0,1,0,1,0,0.0,7.0,0.0,20
PIA,McLaren,8.0,0 days 00:01:09.454000,0 days 00:00:17.181000,0 days 00:00:31.147000,0 days 00:00:21.126000,MEDIUM,8.0,1.0,,,1,2.0,False,2025,Austria,R,69.454,17.181,31.147,21.126,69.5195,0.06550000000000011,70.527,-1.0730000000000075,-0.06550000000000011,69.934,70.767,-0.8329999999999984,70.0,0.11428571428571428,23.0,0.34782608695652173,64.0,64.0,1,0,0,1,0,1,0,0.0,8.0,0.0,20
PIA,McLaren,9.0,0 days 00:01:09.271000,0 days 00:00:17.212000,0 days 00:00:30.935000,0 days 00:00:21.124000,MEDIUM,9.0,1.0,,,1,2.0,False,2025,Austria,R,69.271,17.212,30.935,21.124,69.5195,0.24849999999999284,70.527,-1.2560000000000002,-0.24849999999999284,69.811,70.767,-0.9559999999999889,70.0,0.12857142857142856,23.0,0.391304347826087,81.0,81.0,1,0,0,1,0,1,0,0.0,9.0,0.0,20
PIA,McLaren,10.0,0 days 00:01:09.849000,0 days 00:00:17.286000,0 days 00:00:31.203000,0 days 00:00:21.360000,MEDIUM,10.0,1.0,,,1,2.0,False,2025,Austria,R,69.849,17.286,31.203,21.36,69.5195,0.3295000000000101,70.527,-0.6779999999999973,0.3295000000000101,70.449,70.767,-0.31799999999999784,70.0,0.14285714285714285,23.0,0.43478260869565216,100.0,100.0,1,0,0,1,0,1,0,0.0,10.0,0.0,20
PIA,McLaren,11.0,0 days 00:01:11.008000,0 days 00:00:17.251000,0 days 00:00:32.143000,0 days 00:00:21.614000,MEDIUM,11.0,1.0,,,1,2.0,False,2025,Austria,R,71.008,17.251,32.143,21.614,69.5195,1.488500000000002,70.527,0.48099999999999454,1.488500000000002,71.66799999999999,70.767,0.9009999999999962,70.0,0.15714285714285714,23.0,0.4782608695652174,121.0,121.0,1,0,0,1,0,1,0,0.0,11.0,0.0,20
PIA,McLaren,12.0,0 days 00:01:10.441000,0 days 00:00:17.481000,0 days 00:00:31.496000,0 days 00:00:21.464000,MEDIUM,12.0,1.0,,,1,2.0,False,2025,Austria,R,70.441,17.481,31.496,21.464,69.5195,0.9215000000000089,70.527,-0.08599999999999852,0.9215000000000089,71.161,70.767,0.39400000000000546,70.0,0.17142857142857143,23.0,0.5217391304347826,144.0,144.0,1,0,0,1,0,1,0,0.0,12.0,0.0,20
PIA,McLaren,13.0,0 days 00:01:09.995000,0 days 00:00:17.366000,0 days 00:00:31.305000,0 days 00:00:21.324000,MEDIUM,13.0,1.0,,,1,2.0,False,2025,Austria,R,69.995,17.366,31.305,21.324,69.5195,0.4755000000000109,70.527,-0.5319999999999965,0.4755000000000109,70.775,70.767,0.008000000000009777,70.0,0.18571428571428572,23.0,0.5652173913043478,169.0,169.0,1,0,0,1,0,1,0,0.0,13.0,0.0,20
PIA,McLaren,14.0,0 days 00:01:10.680000,0 days 00:00:17.409000,0 days 00:00:31.460000,0 days 00:00:21.811000,MEDIUM,14.0,1.0,,,1,2.0,False,2025,Austria,R,70.68,17.409,31.46,21.811,69.5195,1.1605000000000132,70.527,0.1530000000000058,1.1605000000000132,71.52000000000001,70.767,0.7530000000000143,70.0,0.2,23.0,0.6086956521739131,196.0,196.0,1,0,0,1,0,1,0,0.0,14.0,0.0,20
PIA,McLaren,15.0,0 days 00:01:11.748000,0 days 00:00:17.873000,0 days 00:00:32.101000,0 days 00:00:21.774000,MEDIUM,15.0,1.0,,,1,2.0,False,2025,Austria,R,71.748,17.873,32.101,21.774,69.5195,2.228500000000011,70.527,1.2210000000000036,2.228500000000011,72.64800000000001,70.767,1.8810000000000144,70.0,0.21428571428571427,23.0,0.6521739130434783,225.0,225.0,1,0,0,1,0,1,0,0.0,15.0,0.0,20
PIA,McLaren,16.0,0 days 00:01:10.889000,0 days 00:00:17.552000,0 days 00:00:31.746000,0 days 00:00:21.591000,MEDIUM,16.0,1.0,,,1,2.0,False,2025,Austria,R,70.889,17.552,31.746,21.591,69.5195,1.3695000000000022,70.527,0.36199999999999477,1.3695000000000022,71.84899999999999,70.767,1.0819999999999936,70.0,0.22857142857142856,23.0,0.6956521739130435,256.0,256.0,1,0,0,1,0,1,0,0.0,16.0,0.0,20
PIA,McLaren,17.0,0 days 00:01:11.064000,0 days 00:00:17.518000,0 days 00:00:31.763000,0 days 00:00:21.783000,MEDIUM,17.0,1.0,,,1,2.0,False,2025,Austria,R,71.064,17.518,31.763,21.783,69.5195,1.5444999999999993,70.527,0.5369999999999919,1.5444999999999993,72.08399999999999,70.767,1.316999999999993,70.0,0.24285714285714285,23.0,0.7391304347826086,289.0,289.0,1,0,0,1,0,1,0,0.0,17.0,0.0,20
PIA,McLaren,18.0,0 days 00:01:10.709000,0 days 00:00:17.586000,0 days 00:00:31.515000,0 days 00:00:21.608000,MEDIUM,18.0,1.0,,,1,2.0,False,2025,Austria,R,70.709,17.586,31.515,21.608,69.5195,1.1895000000000095,70.527,0.18200000000000216,1.1895000000000095,71.789,70.767,1.0220000000000056,70.0,0.2571428571428571,23.0,0.782608695652174,324.0,324.0,1,0,0,1,0,1,0,0.0,18.0,0.0,20
PIA,McLaren,19.0,0 days 00:01:10.863000,0 days 00:00:17.397000,0 days 00:00:31.819000,0 days 00:00:21.647000,MEDIUM,19.0,1.0,,,1,2.0,False,2025,Austria,R,70.863,17.397,31.819,21.647,69.5195,1.343500000000006,70.527,0.3359999999999985,1.343500000000006,72.003,70.767,1.2360000000000042,70.0,0.2714285714285714,23.0,0.8260869565217391,361.0,361.0,1,0,0,1,0,1,0,0.0,19.0,0.0,20
PIA,McLaren,20.0,0 days 00:01:10.951000,0 days 00:00:17.417000,0 days 00:00:31.848000,0 days 00:00:21.686000,MEDIUM,20.0,1.0,,,1,1.0,False,2025,Austria,R,70.951,17.417,31.848,21.686,69.5195,1.4314999999999998,70.527,0.4239999999999924,1.4314999999999998,72.151,70.767,1.3840000000000003,70.0,0.2857142857142857,23.0,0.8695652173913043,400.0,400.0,1,0,0,1,0,1,0,0.0,20.0,0.0,20
PIA,McLaren,21.0,0 days 00:01:10.624000,0 days 00:00:17.688000,0 days 00:00:31.514000,0 days 00:00:21.422000,MEDIUM,21.0,1.0,,,1,1.0,False,2025,Austria,R,70.624,17.688,31.514,21.422,69.5195,1.1045000000000016,70.527,0.0969999999999942,1.1045000000000016,71.884,70.767,1.1170000000000044,70.0,0.3,23.0,0.9130434782608695,441.0,441.0,1,0,0,1,0,1,0,0.0,21.0,0.0,20
PIA,McLaren,22.0,0 days 00:01:10.938000,0 days 00:00:17.796000,0 days 00:00:31.706000,0 days 00:00:21.436000,MEDIUM,22.0,1.0,,,1,1.0,False,2025,Austria,R,70.938,17.796,31.706,21.436,69.5195,1.4185000000000088,70.527,0.41100000000000136,1.4185000000000088,72.258,70.767,1.4909999999999997,70.0,0.3142857142857143,23.0,0.9565217391304348,484.0,484.0,1,0,0,1,0,1,0,0.0,22.0,0.0,20
PIA,McLaren,23.0,0 days 00:01:11.249000,0 days 00:00:17.873000,0 days 00:00:31.797000,0 days 00:00:21.579000,MEDIUM,23.0,1.0,,,1,1.0,False,2025,Austria,R,71.249,17.873,31.797,21.579,69.5195,1.7295000000000016,70.527,0.7219999999999942,1.7295000000000016,72.62899999999999,70.767,1.8619999999999948,70.0,0.32857142857142857,23.0,1.0,529.0,529.0,1,0,0,1,0,1,0,0.0,23.0,0.0,20
PIA,McLaren,26.0,0 days 00:01:09.854000,0 days 00:00:17.629000,0 days 00:00:31.074000,0 days 00:00:21.151000,HARD,2.0,2.0,,,1,3.0,False,2025,Austria,R,69.854,17.629,31.074,21.151,69.5195,0.33450000000000557,69.854,0.0,0.33450000000000557,71.414,71.414,0.0,70.0,0.37142857142857144,28.0,0.07142857142857142,4.0,676.0,0,1,0,0,0,0,1,0.0,0.0,2.0,26
PIA,McLaren,27.0,0 days 00:01:09.520000,0 days 00:00:17.599000,0 days 00:00:30.871000,0 days 00:00:21.050000,HARD,3.0,2.0,,,1,2.0,False,2025,Austria,R,69.52,17.599,30.871,21.05,69.5195,0.0005000000000023874,69.854,-0.3340000000000032,0.0005000000000023874,71.14,71.414,-0.2740000000000009,70.0,0.38571428571428573,28.0,0.10714285714285714,9.0,729.0,0,1,0,0,0,0,1,0.0,0.0,3.0,26
PIA,McLaren,28.0,0 days 00:01:09.519000,0 days 00:00:17.513000,0 days 00:00:30.908000,0 days 00:00:21.098000,HARD,4.0,2.0,,,1,2.0,False,2025,Austria,R,69.519,17.513,30.908,21.098,69.5195,0.0004999999999881766,69.854,-0.33499999999999375,-0.0004999999999881766,71.19900000000001,71.414,-0.2149999999999892,70.0,0.4,28.0,0.14285714285714285,16.0,784.0,0,1,0,0,0,0,1,0.0,0.0,4.0,26
PIA,McLaren,29.0,0 days 00:01:09.434000,0 days 00:00:17.537000,0 days 00:00:30.968000,0 days 00:00:20.929000,HARD,5.0,2.0,,,1,2.0,False,2025,Austria,R,69.434,17.537,30.968,20.929,69.5195,0.08549999999999613,69.854,-0.4200000000000017,-0.08549999999999613,71.17399999999999,71.414,-0.2400000000000091,70.0,0.4142857142857143,28.0,0.17857142857142858,25.0,841.0,0,1,0,0,0,0,1,0.0,0.0,5.0,26
PIA,McLaren,30.0,0 days 00:01:09.343000,0 days 00:00:17.496000,0 days 00:00:30.865000,0 days 00:00:20.982000,HARD,6.0,2.0,,,1,2.0,False,2025,Austria,R,69.343,17.496,30.865,20.982,69.5195,0.1764999999999901,69.854,-0.5109999999999957,-0.1764999999999901,71.143,71.414,-0.2710000000000008,70.0,0.42857142857142855,28.0,0.21428571428571427,36.0,900.0,0,1,0,0,0,0,1,0.0,0.0,6.0,26
PIA,McLaren,31.0,0 days 00:01:09.348000,0 days 00:00:17.455000,0 days 00:00:31.023000,0 days 00:00:20.870000,HARD,7.0,2.0,,,12,2.0,False,2025,Austria,R,69.348,17.455,31.023,20.87,69.5195,0.17149999999999466,69.854,-0.5060000000000002,-0.17149999999999466,71.208,71.414,-0.20600000000000307,70.0,0.44285714285714284,28.0,0.25,49.0,961.0,0,1,0,0,0,0,1,0.0,0.0,7.0,26
PIA,McLaren,32.0,0 days 00:01:09.449000,0 days 00:00:17.574000,0 days 00:00:31.044000,0 days 00:00:20.831000,HARD,8.0,2.0,,,1,2.0,False,2025,Austria,R,69.449,17.574,31.044,20.831,69.5195,0.07049999999999557,69.854,-0.40500000000000114,-0.07049999999999557,71.369,71.414,-0.045000000000001705,70.0,0.45714285714285713,28.0,0.2857142857142857,64.0,1024.0,0,1,0,0,0,0,1,0.0,0.0,8.0,26
PIA,McLaren,33.0,0 days 00:01:09.440000,0 days 00:00:17.580000,0 days 00:00:31.029000,0 days 00:00:20.831000,HARD,9.0,2.0,,,1,2.0,False,2025,Austria,R,69.44,17.58,31.029,20.831,69.5195,0.07949999999999591,69.854,-0.4140000000000015,-0.07949999999999591,71.42,71.414,0.006000000000000227,70.0,0.4714285714285714,28.0,0.32142857142857145,81.0,1089.0,0,1,0,0,0,0,1,0.0,0.0,9.0,26
PIA,McLaren,34.0,0 days 00:01:09.196000,0 days 00:00:17.437000,0 days 00:00:30.928000,0 days 00:00:20.831000,HARD,10.0,2.0,,,1,2.0,False,2025,Austria,R,69.196,17.437,30.928,20.831,69.5195,0.3234999999999957,69.854,-0.6580000000000013,-0.3234999999999957,71.236,71.414,-0.17799999999999727,70.0,0.4857142857142857,28.0,0.35714285714285715,100.0,1156.0,0,1,0,0,0,0,1,0.0,0.0,10.0,26
PIA,McLaren,35.0,0 days 00:01:09.443000,0 days 00:00:17.536000,0 days 00:00:31.012000,0 days 00:00:20.895000,HARD,11.0,2.0,,,1,2.0,False,2025,Austria,R,69.443,17.536,31.012,20.895,69.5195,0.0764999999999958,69.854,-0.41100000000000136,-0.0764999999999958,71.54299999999999,71.414,0.12899999999999068,70.0,0.5,28.0,0.39285714285714285,121.0,1225.0,0,1,0,0,0,0,1,0.0,0.0,11.0,26
PIA,McLaren,36.0,0 days 00:01:09.460000,0 days 00:00:17.570000,0 days 00:00:31.034000,0 days 00:00:20.856000,HARD,12.0,2.0,,,1,2.0,False,2025,Austria,R,69.46,17.57,31.034,20.856,69.5195,0.059499999999999886,69.854,-0.39400000000000546,-0.059499999999999886,71.61999999999999,71.414,0.20599999999998886,70.0,0.5142857142857142,28.0,0.42857142857142855,144.0,1296.0,0,1,0,0,0,0,1,0.0,0.0,12.0,26
PIA,McLaren,37.0,0 days 00:01:09.482000,0 days 00:00:17.525000,0 days 00:00:30.991000,0 days 00:00:20.966000,HARD,13.0,2.0,,,1,2.0,False,2025,Austria,R,69.482,17.525,30.991,20.966,69.5195,0.037499999999994316,69.854,-0.3719999999999999,-0.037499999999994316,71.702,71.414,0.2879999999999967,70.0,0.5285714285714286,28.0,0.4642857142857143,169.0,1369.0,0,1,0,0,0,0,1,0.0,0.0,13.0,26
PIA,McLaren,38.0,0 days 00:01:09.273000,0 days 00:00:17.492000,0 days 00:00:30.864000,0 days 00:00:20.917000,HARD,14.0,2.0,,,1,2.0,False,2025,Austria,R,69.273,17.492,30.864,20.917,69.5195,0.2464999999999975,69.854,-0.5810000000000031,-0.2464999999999975,71.553,71.414,0.1389999999999958,70.0,0.5428571428571428,28.0,0.5,196.0,1444.0,0,1,0,0,0,0,1,0.0,0.0,14.0,26
PIA,McLaren,39.0,0 days 00:01:09.437000,0 days 00:00:17.444000,0 days 00:00:30.987000,0 days 00:00:21.006000,HARD,15.0,2.0,,,1,2.0,False,2025,Austria,R,69.437,17.444,30.987,21.006,69.5195,0.08249999999999602,69.854,-0.4170000000000016,-0.08249999999999602,71.777,71.414,0.36299999999999955,70.0,0.5571428571428572,28.0,0.5357142857142857,225.0,1521.0,0,1,0,0,0,0,1,0.0,0.0,15.0,26
PIA,McLaren,40.0,0 days 00:01:09.637000,0 days 00:00:17.491000,0 days 00:00:31.151000,0 days 00:00:20.995000,HARD,16.0,2.0,,,1,2.0,False,2025,Austria,R,69.637,17.491,31.151,20.995,69.5195,0.11750000000000682,69.854,-0.21699999999999875,0.11750000000000682,72.037,71.414,0.6230000000000047,70.0,0.5714285714285714,28.0,0.5714285714285714,256.0,1600.0,0,1,0,0,0,0,1,0.0,0.0,16.0,26
PIA,McLaren,41.0,0 days 00:01:09.737000,0 days 00:00:17.496000,0 days 00:00:31.248000,0 days 00:00:20.993000,HARD,17.0,2.0,,,1,2.0,False,2025,Austria,R,69.737,17.496,31.248,20.993,69.5195,0.21750000000000114,69.854,-0.11700000000000443,0.21750000000000114,72.19699999999999,71.414,0.782999999999987,70.0,0.5857142857142857,28.0,0.6071428571428571,289.0,1681.0,0,1,0,0,0,0,1,0.0,0.0,17.0,26
PIA,McLaren,42.0,0 days 00:01:09.800000,0 days 00:00:17.618000,0 days 00:00:31.165000,0 days 00:00:21.017000,HARD,18.0,2.0,,,1,2.0,False,2025,Austria,R,69.8,17.618,31.165,21.017,69.5195,0.2805000000000035,69.854,-0.054000000000002046,0.2805000000000035,72.32,71.414,0.9059999999999917,70.0,0.6,28.0,0.6428571428571429,324.0,1764.0,0,1,0,0,0,0,1,0.0,0.0,18.0,26
PIA,McLaren,43.0,0 days 00:01:10.103000,0 days 00:00:17.530000,0 days 00:00:31.252000,0 days 00:00:21.321000,HARD,19.0,2.0,,,1,2.0,False,2025,Austria,R,70.103,17.53,31.252,21.321,69.5195,0.5835000000000008,69.854,0.24899999999999523,0.5835000000000008,72.68299999999999,71.414,1.2689999999999912,70.0,0.6142857142857143,28.0,0.6785714285714286,361.0,1849.0,0,1,0,0,0,0,1,0.0,0.0,19.0,26
PIA,McLaren,44.0,0 days 00:01:09.714000,0 days 00:00:17.315000,0 days 00:00:31.233000,0 days 00:00:21.166000,HARD,20.0,2.0,,,1,2.0,False,2025,Austria,R,69.714,17.315,31.233,21.166,69.5195,0.194500000000005,69.854,-0.14000000000000057,0.194500000000005,72.354,71.414,0.9399999999999977,70.0,0.6285714285714286,28.0,0.7142857142857143,400.0,1936.0,0,1,0,0,0,0,1,0.0,0.0,20.0,26
PIA,McLaren,45.0,0 days 00:01:10.151000,0 days 00:00:17.569000,0 days 00:00:31.486000,0 days 00:00:21.096000,HARD,21.0,2.0,,,1,2.0,False,2025,Austria,R,70.151,17.569,31.486,21.096,69.5195,0.6315000000000026,69.854,0.29699999999999704,0.6315000000000026,72.851,71.414,1.4369999999999976,70.0,0.6428571428571429,28.0,0.75,441.0,2025.0,0,1,0,0,0,0,1,0.0,0.0,21.0,26
PIA,McLaren,46.0,0 days 00:01:10.048000,0 days 00:00:17.488000,0 days 00:00:31.348000,0 days 00:00:21.212000,HARD,22.0,2.0,,,1,2.0,False,2025,Austria,R,70.048,17.488,31.348,21.212,69.5195,0.5285000000000082,69.854,0.19400000000000261,0.5285000000000082,72.808,71.414,1.3940000000000055,70.0,0.6571428571428571,28.0,0.7857142857142857,484.0,2116.0,0,1,0,0,0,0,1,0.0,0.0,22.0,26
PIA,McLaren,47.0,0 days 00:01:09.471000,0 days 00:00:17.568000,0 days 00:00:30.916000,0 days 00:00:20.987000,HARD,23.0,2.0,,,1,2.0,False,2025,Austria,R,69.471,17.568,30.916,20.987,69.5195,0.048499999999989996,69.854,-0.38299999999999557,-0.048499999999989996,72.291,71.414,0.8769999999999953,70.0,0.6714285714285714,28.0,0.8214285714285714,529.0,2209.0,0,1,1,0,0,0,1,0.0,0.0,23.0,26
PIA,McLaren,49.0,0 days 00:01:10.200000,0 days 00:00:17.631000,0 days 00:00:31.347000,0 days 00:00:21.222000,HARD,25.0,2.0,,,1,2.0,False,2025,Austria,R,70.2,17.631,31.347,21.222,69.5195,0.6805000000000092,69.854,0.34600000000000364,0.6805000000000092,73.14,71.414,1.725999999999999,70.0,0.7,28.0,0.8928571428571429,625.0,2401.0,0,1,1,0,0,0,1,0.0,0.0,25.0,26
PIA,McLaren,50.0,0 days 00:01:10.073000,0 days 00:00:17.574000,0 days 00:00:31.330000,0 days 00:00:21.169000,HARD,26.0,2.0,,,1,2.0,False,2025,Austria,R,70.073,17.574,31.33,21.169,69.5195,0.5534999999999997,69.854,0.2189999999999941,0.5534999999999997,73.073,71.414,1.6589999999999918,70.0,0.7142857142857143,28.0,0.9285714285714286,676.0,2500.0,0,1,1,0,0,0,1,0.0,0.0,26.0,26
PIA,McLaren,51.0,0 days 00:01:10.114000,0 days 00:00:17.586000,0 days 00:00:31.343000,0 days 00:00:21.185000,HARD,27.0,2.0,,,1,2.0,False,2025,Austria,R,70.114,17.586,31.343,21.185,69.5195,0.5945000000000107,69.854,0.2600000000000051,0.5945000000000107,73.174,71.414,1.7600000000000051,70.0,0.7285714285714285,28.0,0.9642857142857143,729.0,2601.0,0,1,1,0,0,0,1,0.0,0.0,27.0,26
PIA,McLaren,52.0,0 days 00:01:10.014000,0 days 00:00:17.569000,0 days 00:00:31.323000,0 days 00:00:21.122000,HARD,28.0,2.0,,,1,1.0,False,2025,Austria,R,70.014,17.569,31.323,21.122,69.5195,0.49450000000000216,69.854,0.1599999999999966,0.49450000000000216,73.134,71.414,1.7199999999999989,70.0,0.7428571428571429,28.0,1.0,784.0,2704.0,0,1,1,0,0,0,1,0.0,0.0,28.0,26
PIA,McLaren,55.0,0 days 00:01:08.558000,0 days 00:00:17.407000,0 days 00:00:30.509000,0 days 00:00:20.642000,MEDIUM,2.0,3.0,,,1,2.0,False,2025,Austria,R,68.558,17.407,30.509,20.642,69.5195,0.9614999999999867,68.558,0.0,-0.9614999999999867,71.858,71.858,0.0,70.0,0.7857142857142857,16.0,0.125,4.0,3025.0,0,0,1,0,0,1,0,0.0,2.0,0.0,15
PIA,McLaren,56.0,0 days 00:01:08.283000,0 days 00:00:17.288000,0 days 00:00:30.404000,0 days 00:00:20.591000,MEDIUM,3.0,3.0,,,1,2.0,False,2025,Austria,R,68.283,17.288,30.404,20.591,69.5195,1.2364999999999924,68.558,-0.2750000000000057,-1.2364999999999924,71.643,71.858,-0.2150000000000034,70.0,0.8,16.0,0.1875,9.0,3136.0,0,0,1,0,0,1,0,0.0,3.0,0.0,15
PIA,McLaren,57.0,0 days 00:01:08.739000,0 days 00:00:17.281000,0 days 00:00:30.804000,0 days 00:00:20.654000,MEDIUM,4.0,3.0,,,1,2.0,False,2025,Austria,R,68.739,17.281,30.804,20.654,69.5195,0.7804999999999893,68.558,0.18099999999999739,-0.7804999999999893,72.159,71.858,0.30100000000000193,70.0,0.8142857142857143,16.0,0.25,16.0,3249.0,0,0,1,0,0,1,0,0.0,4.0,0.0,15
PIA,McLaren,58.0,0 days 00:01:08.157000,0 days 00:00:17.272000,0 days 00:00:30.444000,0 days 00:00:20.441000,MEDIUM,5.0,3.0,,,1,2.0,False,2025,Austria,R,68.157,17.272,30.444,20.441,69.5195,1.3624999999999972,68.558,-0.40100000000001046,-1.3624999999999972,71.637,71.858,-0.22100000000000364,70.0,0.8285714285714286,16.0,0.3125,25.0,3364.0,0,0,1,0,0,1,0,0.0,5.0,0.0,15
PIA,McLaren,59.0,0 days 00:01:07.924000,0 days 00:00:17.090000,0 days 00:00:30.374000,0 days 00:00:20.460000,MEDIUM,6.0,3.0,,,1,2.0,False,2025,Austria,R,67.924,17.09,30.374,20.46,69.5195,1.595499999999987,68.558,-0.6340000000000003,-1.595499999999987,71.46400000000001,71.858,-0.39399999999999125,70.0,0.8428571428571429,16.0,0.375,36.0,3481.0,0,0,1,0,0,1,0,0.0,6.0,0.0,15
PIA,McLaren,60.0,0 days 00:01:08.085000,0 days 00:00:17.307000,0 days 00:00:30.284000,0 days 00:00:20.494000,MEDIUM,7.0,3.0,,,1,2.0,False,2025,Austria,R,68.085,17.307,30.284,20.494,69.5195,1.4344999999999999,68.558,-0.4730000000000132,-1.4344999999999999,71.68499999999999,71.858,-0.17300000000001603,70.0,0.8571428571428571,16.0,0.4375,49.0,3600.0,0,0,1,0,0,1,0,0.0,7.0,0.0,15
PIA,McLaren,61.0,0 days 00:01:08.162000,0 days 00:00:17.085000,0 days 00:00:30.530000,0 days 00:00:20.547000,MEDIUM,8.0,3.0,,,1,2.0,False,2025,Austria,R,68.162,17.085,30.53,20.547,69.5195,1.3574999999999875,68.558,-0.3960000000000008,-1.3574999999999875,71.822,71.858,-0.036000000000001364,70.0,0.8714285714285714,16.0,0.5,64.0,3721.0,0,0,1,0,0,1,0,0.0,8.0,0.0,15
PIA,McLaren,62.0,0 days 00:01:08.372000,0 days 00:00:17.235000,0 days 00:00:30.531000,0 days 00:00:20.606000,MEDIUM,9.0,3.0,,,1,2.0,False,2025,Austria,R,68.372,17.235,30.531,20.606,69.5195,1.1474999999999937,68.558,-0.18600000000000705,-1.1474999999999937,72.092,71.858,0.23399999999999466,70.0,0.8857142857142857,16.0,0.5625,81.0,3844.0,0,0,1,0,0,1,0,0.0,9.0,0.0,15
PIA,McLaren,63.0,0 days 00:01:08.903000,0 days 00:00:17.369000,0 days 00:00:30.820000,0 days 00:00:20.714000,MEDIUM,10.0,3.0,,,1,2.0,False,2025,Austria,R,68.903,17.369,30.82,20.714,69.5195,0.6164999999999878,68.558,0.34499999999999886,-0.6164999999999878,72.683,71.858,0.8250000000000028,70.0,0.9,16.0,0.625,100.0,3969.0,0,0,1,0,0,1,0,0.0,10.0,0.0,15
PIA,McLaren,64.0,0 days 00:01:08.952000,0 days 00:00:17.298000,0 days 00:00:30.804000,0 days 00:00:20.850000,MEDIUM,11.0,3.0,,,1,2.0,False,2025,Austria,R,68.952,17.298,30.804,20.85,69.5195,0.5674999999999955,68.558,0.39399999999999125,-0.5674999999999955,72.792,71.858,0.9339999999999975,70.0,0.9142857142857143,16.0,0.6875,121.0,4096.0,0,0,1,0,0,1,0,0.0,11.0,0.0,15
PIA,McLaren,65.0,0 days 00:01:08.490000,0 days 00:00:17.110000,0 days 00:00:30.804000,0 days 00:00:20.576000,MEDIUM,12.0,3.0,,,1,2.0,False,2025,Austria,R,68.49,17.11,30.804,20.576,69.5195,1.0294999999999987,68.558,-0.06800000000001205,-1.0294999999999987,72.39,71.858,0.5319999999999965,70.0,0.9285714285714286,16.0,0.75,144.0,4225.0,0,0,1,0,0,1,0,0.0,12.0,0.0,15
PIA,McLaren,66.0,0 days 00:01:09.037000,0 days 00:00:17.380000,0 days 00:00:30.929000,0 days 00:00:20.728000,MEDIUM,13.0,3.0,,,1,2.0,False,2025,Austria,R,69.037,17.38,30.929,20.728,69.5195,0.4824999999999875,68.558,0.4789999999999992,-0.4824999999999875,72.997,71.858,1.1389999999999958,70.0,0.9428571428571428,16.0,0.8125,169.0,4356.0,0,0,1,0,0,1,0,0.0,13.0,0.0,15
PIA,McLaren,67.0,0 days 00:01:09.087000,0 days 00:00:17.512000,0 days 00:00:30.902000,0 days 00:00:20.673000,MEDIUM,14.0,3.0,,,1,2.0,False,2025,Austria,R,69.087,17.512,30.902,20.673,69.5195,0.43249999999999034,68.558,0.5289999999999964,-0.43249999999999034,73.107,71.858,1.2489999999999952,70.0,0.9571428571428572,16.0,0.875,196.0,4489.0,0,0,1,0,0,1,0,0.0,14.0,0.0,15
PIA,McLaren,68.0,0 days 00:01:09.273000,0 days 00:00:17.487000,0 days 00:00:30.982000,0 days 00:00:20.804000,MEDIUM,15.0,3.0,,,1,2.0,False,2025,Austria,R,69.273,17.487,30.982,20.804,69.5195,0.2464999999999975,68.558,0.7149999999999892,-0.2464999999999975,73.353,71.858,1.4949999999999903,70.0,0.9714285714285714,16.0,0.9375,225.0,4624.0,0,0,1,0,0,1,0,0.0,15.0,0.0,15
PIA,McLaren,69.0,0 days 00:01:09.468000,0 days 00:00:17.273000,0 days 00:00:31.101000,0 days 00:00:21.094000,MEDIUM,16.0,3.0,,,1,2.0,False,2025,Austria,R,69.468,17.273,31.101,21.094,69.5195,0.05149999999999011,68.558,0.9099999999999966,-0.05149999999999011,73.608,71.858,1.75,70.0,0.9857142857142858,16.0,1.0,256.0,4761.0,0,0,1,0,0,1,0,0.0,16.0,0.0,15
RUS,Mercedes,4.0,0 days 00:01:11.671000,0 days 00:00:17.753000,0 days 00:00:32.024000,0 days 00:00:21.894000,MEDIUM,4.0,1.0,,,1,5.0,False,2025,Austria,R,71.671,17.753,32.024,21.894,70.5885,1.0825000000000102,71.671,0.0,1.0825000000000102,71.911,71.911,0.0,70.0,0.05714285714285714,17.0,0.23529411764705882,16.0,16.0,1,0,0,1,0,1,0,0.0,4.0,0.0,14
RUS,Mercedes,5.0,0 days 00:01:10.953000,0 days 00:00:17.392000,0 days 00:00:31.844000,0 days 00:00:21.717000,MEDIUM,5.0,1.0,,,1,5.0,False,2025,Austria,R,70.953,17.392,31.844,21.717,70.5885,0.3645000000000067,71.671,-0.7180000000000035,0.3645000000000067,71.253,71.911,-0.6580000000000013,70.0,0.07142857142857142,17.0,0.29411764705882354,25.0,25.0,1,0,0,1,0,1,0,0.0,5.0,0.0,14
RUS,Mercedes,6.0,0 days 00:01:10.594000,0 days 00:00:17.210000,0 days 00:00:31.803000,0 days 00:00:21.581000,MEDIUM,6.0,1.0,,,1,5.0,False,2025,Austria,R,70.594,17.21,31.803,21.581,70.5885,0.00549999999999784,71.671,-1.0770000000000124,0.00549999999999784,70.954,71.911,-0.9570000000000078,70.0,0.08571428571428572,17.0,0.35294117647058826,36.0,36.0,1,0,0,1,0,1,0,0.0,6.0,0.0,14
RUS,Mercedes,7.0,0 days 00:01:10.739000,0 days 00:00:17.613000,0 days 00:00:31.566000,0 days 00:00:21.560000,MEDIUM,7.0,1.0,,,1,5.0,False,2025,Austria,R,70.739,17.613,31.566,21.56,70.5885,0.15050000000000807,71.671,-0.9320000000000022,0.15050000000000807,71.159,71.911,-0.7519999999999953,70.0,0.1,17.0,0.4117647058823529,49.0,49.0,1,0,0,1,0,1,0,0.0,7.0,0.0,14
RUS,Mercedes,8.0,0 days 00:01:10.574000,0 days 00:00:17.587000,0 days 00:00:31.494000,0 days 00:00:21.493000,MEDIUM,8.0,1.0,,,1,5.0,False,2025,Austria,R,70.574,17.587,31.494,21.493,70.5885,0.014499999999998181,71.671,-1.0970000000000084,-0.014499999999998181,71.054,71.911,-0.8569999999999993,70.0,0.11428571428571428,17.0,0.47058823529411764,64.0,64.0,1,0,0,1,0,1,0,0.0,8.0,0.0,14
RUS,Mercedes,9.0,0 days 00:01:10.931000,0 days 00:00:17.756000,0 days 00:00:31.688000,0 days 00:00:21.487000,MEDIUM,9.0,1.0,,,1,5.0,False,2025,Austria,R,70.931,17.756,31.688,21.487,70.5885,0.34250000000000114,71.671,-0.7400000000000091,0.34250000000000114,71.471,71.911,-0.4399999999999977,70.0,0.12857142857142856,17.0,0.5294117647058824,81.0,81.0,1,0,0,1,0,1,0,0.0,9.0,0.0,14
RUS,Mercedes,10.0,0 days 00:01:11.160000,0 days 00:00:17.844000,0 days 00:00:31.695000,0 days 00:00:21.621000,MEDIUM,10.0,1.0,,,1,5.0,False,2025,Austria,R,71.16,17.844,31.695,21.621,70.5885,0.5715000000000003,71.671,-0.5110000000000099,0.5715000000000003,71.75999999999999,71.911,-0.15100000000001046,70.0,0.14285714285714285,17.0,0.5882352941176471,100.0,100.0,1,0,0,1,0,1,0,0.0,10.0,0.0,14
RUS,Mercedes,11.0,0 days 00:01:11.465000,0 days 00:00:17.835000,0 days 00:00:31.905000,0 days 00:00:21.725000,MEDIUM,11.0,1.0,,,1,5.0,False,2025,Austria,R,71.465,17.835,31.905,21.725,70.5885,0.8765000000000072,71.671,-0.20600000000000307,0.8765000000000072,72.125,71.911,0.21399999999999864,70.0,0.15714285714285714,17.0,0.6470588235294118,121.0,121.0,1,0,0,1,0,1,0,0.0,11.0,0.0,14
RUS,Mercedes,12.0,0 days 00:01:11.232000,0 days 00:00:17.862000,0 days 00:00:31.711000,0 days 00:00:21.659000,MEDIUM,12.0,1.0,,,1,5.0,False,2025,Austria,R,71.232,17.862,31.711,21.659,70.5885,0.6435000000000031,71.671,-0.43900000000000716,0.6435000000000031,71.952,71.911,0.04099999999999682,70.0,0.17142857142857143,17.0,0.7058823529411765,144.0,144.0,1,0,0,1,0,1,0,0.0,12.0,0.0,14
RUS,Mercedes,13.0,0 days 00:01:11.429000,0 days 00:00:17.742000,0 days 00:00:31.893000,0 days 00:00:21.794000,MEDIUM,13.0,1.0,,,1,5.0,False,2025,Austria,R,71.429,17.742,31.893,21.794,70.5885,0.8405000000000058,71.671,-0.24200000000000443,0.8405000000000058,72.209,71.911,0.2980000000000018,70.0,0.18571428571428572,17.0,0.7647058823529411,169.0,169.0,1,0,0,1,0,1,0,0.0,13.0,0.0,14
RUS,Mercedes,14.0,0 days 00:01:11.849000,0 days 00:00:17.932000,0 days 00:00:31.975000,0 days 00:00:21.942000,MEDIUM,14.0,1.0,,,1,5.0,False,2025,Austria,R,71.849,17.932,31.975,21.942,70.5885,1.2605000000000075,71.671,0.17799999999999727,1.2605000000000075,72.68900000000001,71.911,0.7780000000000058,70.0,0.2,17.0,0.8235294117647058,196.0,196.0,1,0,0,1,0,1,0,0.0,14.0,0.0,14
RUS,Mercedes,15.0,0 days 00:01:11.554000,0 days 00:00:17.921000,0 days 00:00:31.831000,0 days 00:00:21.802000,MEDIUM,15.0,1.0,,,1,5.0,False,2025,Austria,R,71.554,17.921,31.831,21.802,70.5885,0.9655000000000058,71.671,-0.11700000000000443,0.9655000000000058,72.45400000000001,71.911,0.5430000000000064,70.0,0.21428571428571427,17.0,0.8823529411764706,225.0,225.0,1,0,0,1,0,1,0,0.0,15.0,0.0,14
RUS,Mercedes,16.0,0 days 00:01:11.907000,0 days 00:00:18.031000,0 days 00:00:31.983000,0 days 00:00:21.893000,MEDIUM,16.0,1.0,,,1,5.0,False,2025,Austria,R,71.907,18.031,31.983,21.893,70.5885,1.3185000000000002,71.671,0.23599999999999,1.3185000000000002,72.86699999999999,71.911,0.9559999999999889,70.0,0.22857142857142856,17.0,0.9411764705882353,256.0,256.0,1,0,0,1,0,1,0,0.0,16.0,0.0,14
RUS,Mercedes,17.0,0 days 00:01:11.675000,0 days 00:00:18.003000,0 days 00:00:31.998000,0 days 00:00:21.674000,MEDIUM,17.0,1.0,,,1,5.0,False,2025,Austria,R,71.675,18.003,31.998,21.674,70.5885,1.086500000000001,71.671,0.003999999999990678,1.086500000000001,72.695,71.911,0.7839999999999918,70.0,0.24285714285714285,17.0,1.0,289.0,289.0,1,0,0,1,0,1,0,0.0,17.0,0.0,14
RUS,Mercedes,20.0,0 days 00:01:10.908000,0 days 00:00:17.734000,0 days 00:00:31.558000,0 days 00:00:21.616000,MEDIUM,2.0,2.0,,,1,10.0,False,2025,Austria,R,70.908,17.734,31.558,21.616,70.5885,0.319500000000005,70.908,0.0,0.319500000000005,72.108,72.108,0.0,70.0,0.2857142857142857,26.0,0.07692307692307693,4.0,400.0,0,1,0,1,0,1,0,0.0,2.0,0.0,25
RUS,Mercedes,21.0,0 days 00:01:11.438000,0 days 00:00:17.708000,0 days 00:00:31.846000,0 days 00:00:21.884000,MEDIUM,3.0,2.0,,,1,10.0,False,2025,Austria,R,71.438,17.708,31.846,21.884,70.5885,0.8495000000000061,70.908,0.5300000000000011,0.8495000000000061,72.69800000000001,72.108,0.5900000000000034,70.0,0.3,26.0,0.11538461538461539,9.0,441.0,0,1,0,1,0,1,0,0.0,3.0,0.0,25
RUS,Mercedes,22.0,0 days 00:01:11.289000,0 days 00:00:17.746000,0 days 00:00:31.830000,0 days 00:00:21.713000,MEDIUM,4.0,2.0,,,1,9.0,False,2025,Austria,R,71.289,17.746,31.83,21.713,70.5885,0.7005000000000052,70.908,0.3810000000000002,0.7005000000000052,72.609,72.108,0.5009999999999906,70.0,0.3142857142857143,26.0,0.15384615384615385,16.0,484.0,0,1,0,1,0,1,0,0.0,4.0,0.0,25
RUS,Mercedes,23.0,0 days 00:01:11.530000,0 days 00:00:17.754000,0 days 00:00:31.793000,0 days 00:00:21.983000,MEDIUM,5.0,2.0,,,1,9.0,False,2025,Austria,R,71.53,17.754,31.793,21.983,70.5885,0.9415000000000049,70.908,0.6219999999999999,0.9415000000000049,72.91,72.108,0.8019999999999925,70.0,0.32857142857142857,26.0,0.19230769230769232,25.0,529.0,0,1,0,1,0,1,0,0.0,5.0,0.0,25
RUS,Mercedes,24.0,0 days 00:01:11.367000,0 days 00:00:17.721000,0 days 00:00:31.787000,0 days 00:00:21.859000,MEDIUM,6.0,2.0,,,1,9.0,False,2025,Austria,R,71.367,17.721,31.787,21.859,70.5885,0.7785000000000082,70.908,0.4590000000000032,0.7785000000000082,72.807,72.108,0.6989999999999981,70.0,0.34285714285714286,26.0,0.23076923076923078,36.0,576.0,0,1,0,0,0,1,0,0.0,6.0,0.0,25
RUS,Mercedes,25.0,0 days 00:01:11.448000,0 days 00:00:17.317000,0 days 00:00:32.418000,0 days 00:00:21.713000,MEDIUM,7.0,2.0,,,1,8.0,False,2025,Austria,R,71.448,17.317,32.418,21.713,70.5885,0.859499999999997,70.908,0.539999999999992,0.859499999999997,72.948,72.108,0.8399999999999892,70.0,0.35714285714285715,26.0,0.2692307692307692,49.0,625.0,0,1,0,0,0,1,0,0.0,7.0,0.0,25
RUS,Mercedes,26.0,0 days 00:01:10.478000,0 days 00:00:17.271000,0 days 00:00:31.600000,0 days 00:00:21.607000,MEDIUM,8.0,2.0,,,1,7.0,False,2025,Austria,R,70.478,17.271,31.6,21.607,70.5885,0.11050000000000182,70.908,-0.4300000000000068,-0.11050000000000182,72.038,72.108,-0.07000000000000739,70.0,0.37142857142857144,26.0,0.3076923076923077,64.0,676.0,0,1,0,0,0,1,0,0.0,8.0,0.0,25
RUS,Mercedes,27.0,0 days 00:01:11.172000,0 days 00:00:17.688000,0 days 00:00:31.694000,0 days 00:00:21.790000,MEDIUM,9.0,2.0,,,1,7.0,False,2025,Austria,R,71.172,17.688,31.694,21.79,70.5885,0.5835000000000008,70.908,0.2639999999999958,0.5835000000000008,72.792,72.108,0.6839999999999975,70.0,0.38571428571428573,26.0,0.34615384615384615,81.0,729.0,0,1,0,0,0,1,0,0.0,9.0,0.0,25
RUS,Mercedes,28.0,0 days 00:01:11.338000,0 days 00:00:17.892000,0 days 00:00:31.656000,0 days 00:00:21.790000,MEDIUM,10.0,2.0,,,1,7.0,False,2025,Austria,R,71.338,17.892,31.656,21.79,70.5885,0.7494999999999976,70.908,0.4299999999999926,0.7494999999999976,73.018,72.108,0.9099999999999966,70.0,0.4,26.0,0.38461538461538464,100.0,784.0,0,1,0,0,0,1,0,0.0,10.0,0.0,25
RUS,Mercedes,29.0,0 days 00:01:11.239000,0 days 00:00:17.876000,0 days 00:00:31.770000,0 days 00:00:21.593000,MEDIUM,11.0,2.0,,,1,7.0,False,2025,Austria,R,71.239,17.876,31.77,21.593,70.5885,0.6505000000000081,70.908,0.33100000000000307,0.6505000000000081,72.979,72.108,0.8709999999999951,70.0,0.4142857142857143,26.0,0.4230769230769231,121.0,841.0,0,1,0,0,0,1,0,0.0,11.0,0.0,25
RUS,Mercedes,30.0,0 days 00:01:11.081000,0 days 00:00:17.782000,0 days 00:00:31.648000,0 days 00:00:21.651000,MEDIUM,12.0,2.0,,,12,7.0,False,2025,Austria,R,71.081,17.782,31.648,21.651,70.5885,0.4925000000000068,70.908,0.17300000000000182,0.4925000000000068,72.881,72.108,0.7729999999999961,70.0,0.42857142857142855,26.0,0.46153846153846156,144.0,900.0,0,1,0,0,0,1,0,0.0,12.0,0.0,25
RUS,Mercedes,31.0,0 days 00:01:10.770000,0 days 00:00:17.730000,0 days 00:00:31.577000,0 days 00:00:21.463000,MEDIUM,13.0,2.0,,,1,7.0,False,2025,Austria,R,70.77,17.73,31.577,21.463,70.5885,0.18149999999999977,70.908,-0.13800000000000523,0.18149999999999977,72.63,72.108,0.5219999999999914,70.0,0.44285714285714284,26.0,0.5,169.0,961.0,0,1,0,0,0,1,0,0.0,13.0,0.0,25
RUS,Mercedes,32.0,0 days 00:01:10.769000,0 days 00:00:17.780000,0 days 00:00:31.638000,0 days 00:00:21.351000,MEDIUM,14.0,2.0,,,1,7.0,False,2025,Austria,R,70.769,17.78,31.638,21.351,70.5885,0.1805000000000092,70.908,-0.1389999999999958,0.1805000000000092,72.68900000000001,72.108,0.5810000000000031,70.0,0.45714285714285713,26.0,0.5384615384615384,196.0,1024.0,0,1,0,0,0,1,0,0.0,14.0,0.0,25
RUS,Mercedes,33.0,0 days 00:01:10.545000,0 days 00:00:17.715000,0 days 00:00:31.543000,0 days 00:00:21.287000,MEDIUM,15.0,2.0,,,1,5.0,False,2025,Austria,R,70.545,17.715,31.543,21.287,70.5885,0.04349999999999454,70.908,-0.36299999999999955,-0.04349999999999454,72.525,72.108,0.4170000000000016,70.0,0.4714285714285714,26.0,0.5769230769230769,225.0,1089.0,0,1,0,0,0,1,0,0.0,15.0,0.0,25
RUS,Mercedes,34.0,0 days 00:01:10.490000,0 days 00:00:17.659000,0 days 00:00:31.462000,0 days 00:00:21.369000,MEDIUM,16.0,2.0,,,1,5.0,False,2025,Austria,R,70.49,17.659,31.462,21.369,70.5885,0.09850000000000136,70.908,-0.41800000000000637,-0.09850000000000136,72.53,72.108,0.42199999999999704,70.0,0.4857142857142857,26.0,0.6153846153846154,256.0,1156.0,0,1,0,0,0,1,0,0.0,16.0,0.0,25
RUS,Mercedes,35.0,0 days 00:01:10.237000,0 days 00:00:17.623000,0 days 00:00:31.406000,0 days 00:00:21.208000,MEDIUM,17.0,2.0,,,1,5.0,False,2025,Austria,R,70.237,17.623,31.406,21.208,70.5885,0.3515000000000015,70.908,-0.6710000000000065,-0.3515000000000015,72.33699999999999,72.108,0.228999999999985,70.0,0.5,26.0,0.6538461538461539,289.0,1225.0,0,1,0,0,0,1,0,0.0,17.0,0.0,25
RUS,Mercedes,36.0,0 days 00:01:10.331000,0 days 00:00:17.638000,0 days 00:00:31.419000,0 days 00:00:21.274000,MEDIUM,18.0,2.0,,,1,5.0,False,2025,Austria,R,70.331,17.638,31.419,21.274,70.5885,0.2574999999999932,70.908,-0.5769999999999982,-0.2574999999999932,72.491,72.108,0.38299999999999557,70.0,0.5142857142857142,26.0,0.6923076923076923,324.0,1296.0,0,1,0,0,0,1,0,0.0,18.0,0.0,25
RUS,Mercedes,37.0,0 days 00:01:10.457000,0 days 00:00:17.619000,0 days 00:00:31.521000,0 days 00:00:21.317000,MEDIUM,19.0,2.0,,,1,5.0,False,2025,Austria,R,70.457,17.619,31.521,21.317,70.5885,0.13150000000000261,70.908,-0.4510000000000076,-0.13150000000000261,72.67699999999999,72.108,0.5689999999999884,70.0,0.5285714285714286,26.0,0.7307692307692307,361.0,1369.0,0,1,0,0,0,1,0,0.0,19.0,0.0,25
RUS,Mercedes,38.0,0 days 00:01:10.427000,0 days 00:00:17.577000,0 days 00:00:31.515000,0 days 00:00:21.335000,MEDIUM,20.0,2.0,,,1,5.0,False,2025,Austria,R,70.427,17.577,31.515,21.335,70.5885,0.16149999999998954,70.908,-0.48099999999999454,-0.16149999999998954,72.70700000000001,72.108,0.5990000000000038,70.0,0.5428571428571428,26.0,0.7692307692307693,400.0,1444.0,0,1,0,0,0,1,0,0.0,20.0,0.0,25
RUS,Mercedes,39.0,0 days 00:01:10.401000,0 days 00:00:17.603000,0 days 00:00:31.548000,0 days 00:00:21.250000,MEDIUM,21.0,2.0,,,1,5.0,False,2025,Austria,R,70.401,17.603,31.548,21.25,70.5885,0.1875,70.908,-0.507000000000005,-0.1875,72.741,72.108,0.6329999999999956,70.0,0.5571428571428572,26.0,0.8076923076923077,441.0,1521.0,0,1,0,0,0,1,0,0.0,21.0,0.0,25
RUS,Mercedes,40.0,0 days 00:01:10.705000,0 days 00:00:17.700000,0 days 00:00:31.683000,0 days 00:00:21.322000,MEDIUM,22.0,2.0,,,1,5.0,False,2025,Austria,R,70.705,17.7,31.683,21.322,70.5885,0.11650000000000205,70.908,-0.20300000000000296,0.11650000000000205,73.105,72.108,0.9969999999999999,70.0,0.5714285714285714,26.0,0.8461538461538461,484.0,1600.0,0,1,0,0,0,1,0,0.0,22.0,0.0,25
RUS,Mercedes,41.0,0 days 00:01:10.732000,0 days 00:00:17.749000,0 days 00:00:31.669000,0 days 00:00:21.314000,MEDIUM,23.0,2.0,,,1,5.0,False,2025,Austria,R,70.732,17.749,31.669,21.314,70.5885,0.14350000000000307,70.908,-0.17600000000000193,0.14350000000000307,73.192,72.108,1.083999999999989,70.0,0.5857142857142857,26.0,0.8846153846153846,529.0,1681.0,0,1,0,0,0,1,0,0.0,23.0,0.0,25
RUS,Mercedes,42.0,0 days 00:01:10.703000,0 days 00:00:17.733000,0 days 00:00:31.705000,0 days 00:00:21.265000,MEDIUM,24.0,2.0,,,1,5.0,False,2025,Austria,R,70.703,17.733,31.705,21.265,70.5885,0.11450000000000671,70.908,-0.2049999999999983,0.11450000000000671,73.223,72.108,1.1149999999999949,70.0,0.6,26.0,0.9230769230769231,576.0,1764.0,0,1,0,0,0,1,0,0.0,24.0,0.0,25
RUS,Mercedes,43.0,0 days 00:01:10.583000,0 days 00:00:17.666000,0 days 00:00:31.638000,0 days 00:00:21.279000,MEDIUM,25.0,2.0,,,1,5.0,False,2025,Austria,R,70.583,17.666,31.638,21.279,70.5885,0.00549999999999784,70.908,-0.32500000000000284,-0.00549999999999784,73.163,72.108,1.0549999999999926,70.0,0.6142857142857143,26.0,0.9615384615384616,625.0,1849.0,0,1,0,0,0,1,0,0.0,25.0,0.0,25
RUS,Mercedes,44.0,0 days 00:01:10.752000,0 days 00:00:17.747000,0 days 00:00:31.676000,0 days 00:00:21.329000,MEDIUM,26.0,2.0,,,1,5.0,False,2025,Austria,R,70.752,17.747,31.676,21.329,70.5885,0.1634999999999991,70.908,-0.1560000000000059,0.1634999999999991,73.392,72.108,1.2839999999999918,70.0,0.6285714285714286,26.0,1.0,676.0,1936.0,0,1,0,0,0,1,0,0.0,26.0,0.0,25
RUS,Mercedes,47.0,0 days 00:01:09.372000,0 days 00:00:17.413000,0 days 00:00:30.822000,0 days 00:00:21.137000,HARD,2.0,3.0,,,1,9.0,False,2025,Austria,R,69.372,17.413,30.822,21.137,70.5885,1.2164999999999964,69.372,0.0,-1.2164999999999964,72.192,72.192,0.0,70.0,0.6714285714285714,25.0,0.08,4.0,2209.0,0,0,1,0,0,0,1,0.0,0.0,2.0,24
RUS,Mercedes,48.0,0 days 00:01:09.532000,0 days 00:00:17.414000,0 days 00:00:30.938000,0 days 00:00:21.180000,HARD,3.0,3.0,,,1,9.0,False,2025,Austria,R,69.532,17.414,30.938,21.18,70.5885,1.0564999999999998,69.372,0.1599999999999966,-1.0564999999999998,72.41199999999999,72.192,0.21999999999999886,70.0,0.6857142857142857,25.0,0.12,9.0,2304.0,0,0,1,0,0,0,1,0.0,0.0,3.0,24
RUS,Mercedes,49.0,0 days 00:01:09.823000,0 days 00:00:17.411000,0 days 00:00:31.114000,0 days 00:00:21.298000,HARD,4.0,3.0,,,1,9.0,False,2025,Austria,R,69.823,17.411,31.114,21.298,70.5885,0.765500000000003,69.372,0.4509999999999934,-0.765500000000003,72.76299999999999,72.192,0.570999999999998,70.0,0.7,25.0,0.16,16.0,2401.0,0,0,1,0,0,0,1,0.0,0.0,4.0,24
RUS,Mercedes,50.0,0 days 00:01:09.962000,0 days 00:00:17.424000,0 days 00:00:31.289000,0 days 00:00:21.249000,HARD,5.0,3.0,,,1,8.0,False,2025,Austria,R,69.962,17.424,31.289,21.249,70.5885,0.626499999999993,69.372,0.5900000000000034,-0.626499999999993,72.962,72.192,0.7700000000000102,70.0,0.7142857142857143,25.0,0.2,25.0,2500.0,0,0,1,0,0,0,1,0.0,0.0,5.0,24
RUS,Mercedes,51.0,0 days 00:01:09.890000,0 days 00:00:17.409000,0 days 00:00:31.337000,0 days 00:00:21.144000,HARD,6.0,3.0,,,1,7.0,False,2025,Austria,R,69.89,17.409,31.337,21.144,70.5885,0.6984999999999957,69.372,0.5180000000000007,-0.6984999999999957,72.95,72.192,0.7580000000000098,70.0,0.7285714285714285,25.0,0.24,36.0,2601.0,0,0,1,0,0,0,1,0.0,0.0,6.0,24
RUS,Mercedes,52.0,0 days 00:01:09.976000,0 days 00:00:17.394000,0 days 00:00:31.272000,0 days 00:00:21.310000,HARD,7.0,3.0,,,1,7.0,False,2025,Austria,R,69.976,17.394,31.272,21.31,70.5885,0.6124999999999972,69.372,0.6039999999999992,-0.6124999999999972,73.096,72.192,0.9040000000000106,70.0,0.7428571428571429,25.0,0.28,49.0,2704.0,0,0,1,0,0,0,1,0.0,0.0,7.0,24
RUS,Mercedes,53.0,0 days 00:01:09.901000,0 days 00:00:17.150000,0 days 00:00:31.403000,0 days 00:00:21.348000,HARD,8.0,3.0,,,1,7.0,False,2025,Austria,R,69.901,17.15,31.403,21.348,70.5885,0.6875,69.372,0.5289999999999964,-0.6875,73.08099999999999,72.192,0.8889999999999958,70.0,0.7571428571428571,25.0,0.32,64.0,2809.0,0,0,1,0,0,0,1,0.0,0.0,8.0,24
RUS,Mercedes,54.0,0 days 00:01:09.779000,0 days 00:00:17.119000,0 days 00:00:31.446000,0 days 00:00:21.214000,HARD,9.0,3.0,,,1,6.0,False,2025,Austria,R,69.779,17.119,31.446,21.214,70.5885,0.8094999999999999,69.372,0.4069999999999965,-0.8094999999999999,73.01899999999999,72.192,0.8269999999999982,70.0,0.7714285714285715,25.0,0.36,81.0,2916.0,0,0,1,0,0,0,1,0.0,0.0,9.0,24
RUS,Mercedes,55.0,0 days 00:01:09.738000,0 days 00:00:17.270000,0 days 00:00:31.315000,0 days 00:00:21.153000,HARD,10.0,3.0,,,1,5.0,False,2025,Austria,R,69.738,17.27,31.315,21.153,70.5885,0.8504999999999967,69.372,0.36599999999999966,-0.8504999999999967,73.038,72.192,0.8460000000000036,70.0,0.7857142857142857,25.0,0.4,100.0,3025.0,0,0,1,0,0,0,1,0.0,0.0,10.0,24
RUS,Mercedes,56.0,0 days 00:01:09.931000,0 days 00:00:17.542000,0 days 00:00:31.227000,0 days 00:00:21.162000,HARD,11.0,3.0,,,1,5.0,False,2025,Austria,R,69.931,17.542,31.227,21.162,70.5885,0.6574999999999989,69.372,0.5589999999999975,-0.6574999999999989,73.291,72.192,1.0990000000000038,70.0,0.8,25.0,0.44,121.0,3136.0,0,0,1,0,0,0,1,0.0,0.0,11.0,24
RUS,Mercedes,57.0,0 days 00:01:09.853000,0 days 00:00:17.555000,0 days 00:00:31.251000,0 days 00:00:21.047000,HARD,12.0,3.0,,,1,5.0,False,2025,Austria,R,69.853,17.555,31.251,21.047,70.5885,0.7355000000000018,69.372,0.48099999999999454,-0.7355000000000018,73.273,72.192,1.081000000000003,70.0,0.8142857142857143,25.0,0.48,144.0,3249.0,0,0,1,0,0,0,1,0.0,0.0,12.0,24
RUS,Mercedes,58.0,0 days 00:01:09.798000,0 days 00:00:17.618000,0 days 00:00:31.142000,0 days 00:00:21.038000,HARD,13.0,3.0,,,1,5.0,False,2025,Austria,R,69.798,17.618,31.142,21.038,70.5885,0.7904999999999944,69.372,0.42600000000000193,-0.7904999999999944,73.278,72.192,1.0860000000000127,70.0,0.8285714285714286,25.0,0.52,169.0,3364.0,0,0,1,0,0,0,1,0.0,0.0,13.0,24
RUS,Mercedes,59.0,0 days 00:01:09.725000,0 days 00:00:17.516000,0 days 00:00:31.166000,0 days 00:00:21.043000,HARD,14.0,3.0,,,1,5.0,False,2025,Austria,R,69.725,17.516,31.166,21.043,70.5885,0.8635000000000019,69.372,0.35299999999999443,-0.8635000000000019,73.265,72.192,1.0730000000000075,70.0,0.8428571428571429,25.0,0.56,196.0,3481.0,0,0,1,0,0,0,1,0.0,0.0,14.0,24
RUS,Mercedes,60.0,0 days 00:01:09.962000,0 days 00:00:17.540000,0 days 00:00:31.371000,0 days 00:00:21.051000,HARD,15.0,3.0,,,1,5.0,False,2025,Austria,R,69.962,17.54,31.371,21.051,70.5885,0.626499999999993,69.372,0.5900000000000034,-0.626499999999993,73.562,72.192,1.3700000000000045,70.0,0.8571428571428571,25.0,0.6,225.0,3600.0,0,0,1,0,0,0,1,0.0,0.0,15.0,24
RUS,Mercedes,61.0,0 days 00:01:09.870000,0 days 00:00:17.492000,0 days 00:00:31.288000,0 days 00:00:21.090000,HARD,16.0,3.0,,,1,5.0,False,2025,Austria,R,69.87,17.492,31.288,21.09,70.5885,0.7184999999999917,69.372,0.49800000000000466,-0.7184999999999917,73.53,72.192,1.338000000000008,70.0,0.8714285714285714,25.0,0.64,256.0,3721.0,0,0,1,0,0,0,1,0.0,0.0,16.0,24
RUS,Mercedes,62.0,0 days 00:01:09.917000,0 days 00:00:17.602000,0 days 00:00:31.283000,0 days 00:00:21.032000,HARD,17.0,3.0,,,1,5.0,False,2025,Austria,R,69.917,17.602,31.283,21.032,70.5885,0.6714999999999947,69.372,0.5450000000000017,-0.6714999999999947,73.637,72.192,1.4450000000000074,70.0,0.8857142857142857,25.0,0.68,289.0,3844.0,0,0,1,0,0,0,1,0.0,0.0,17.0,24
RUS,Mercedes,63.0,0 days 00:01:10.107000,0 days 00:00:17.557000,0 days 00:00:31.313000,0 days 00:00:21.237000,HARD,18.0,3.0,,,1,5.0,False,2025,Austria,R,70.107,17.557,31.313,21.237,70.5885,0.48149999999999693,69.372,0.7349999999999994,-0.48149999999999693,73.887,72.192,1.6950000000000074,70.0,0.9,25.0,0.72,324.0,3969.0,0,0,1,0,0,0,1,0.0,0.0,18.0,24
RUS,Mercedes,64.0,0 days 00:01:10.173000,0 days 00:00:17.688000,0 days 00:00:31.396000,0 days 00:00:21.089000,HARD,19.0,3.0,,,1,5.0,False,2025,Austria,R,70.173,17.688,31.396,21.089,70.5885,0.41549999999999443,69.372,0.8010000000000019,-0.41549999999999443,74.013,72.192,1.8210000000000122,70.0,0.9142857142857143,25.0,0.76,361.0,4096.0,0,0,1,0,0,0,1,0.0,0.0,19.0,24
RUS,Mercedes,65.0,0 days 00:01:10.231000,0 days 00:00:17.578000,0 days 00:00:31.441000,0 days 00:00:21.212000,HARD,20.0,3.0,,,1,5.0,False,2025,Austria,R,70.231,17.578,31.441,21.212,70.5885,0.3575000000000017,69.372,0.8589999999999947,-0.3575000000000017,74.131,72.192,1.9390000000000072,70.0,0.9285714285714286,25.0,0.8,400.0,4225.0,0,0,1,0,0,0,1,0.0,0.0,20.0,24
RUS,Mercedes,66.0,0 days 00:01:10.616000,0 days 00:00:17.788000,0 days 00:00:31.586000,0 days 00:00:21.242000,HARD,21.0,3.0,,,1,5.0,False,2025,Austria,R,70.616,17.788,31.586,21.242,70.5885,0.02750000000000341,69.372,1.2439999999999998,0.02750000000000341,74.576,72.192,2.3840000000000003,70.0,0.9428571428571428,25.0,0.84,441.0,4356.0,0,0,1,0,0,0,1,0.0,0.0,21.0,24
RUS,Mercedes,67.0,0 days 00:01:10.505000,0 days 00:00:17.759000,0 days 00:00:31.515000,0 days 00:00:21.231000,HARD,22.0,3.0,,,1,5.0,False,2025,Austria,R,70.505,17.759,31.515,21.231,70.5885,0.0835000000000008,69.372,1.1329999999999956,-0.0835000000000008,74.52499999999999,72.192,2.3329999999999984,70.0,0.9571428571428572,25.0,0.88,484.0,4489.0,0,0,1,0,0,0,1,0.0,0.0,22.0,24
RUS,Mercedes,68.0,0 days 00:01:10.363000,0 days 00:00:17.604000,0 days 00:00:31.636000,0 days 00:00:21.123000,HARD,23.0,3.0,,,1,5.0,False,2025,Austria,R,70.363,17.604,31.636,21.123,70.5885,0.2254999999999967,69.372,0.9909999999999997,-0.2254999999999967,74.443,72.192,2.2510000000000048,70.0,0.9714285714285714,25.0,0.92,529.0,4624.0,0,0,1,0,0,0,1,0.0,0.0,23.0,24
RUS,Mercedes,69.0,0 days 00:01:09.960000,0 days 00:00:17.528000,0 days 00:00:31.264000,0 days 00:00:21.168000,HARD,24.0,3.0,,,1,5.0,False,2025,Austria,R,69.96,17.528,31.264,21.168,70.5885,0.6285000000000025,69.372,0.5879999999999939,-0.6285000000000025,74.1,72.192,1.9080000000000013,70.0,0.9857142857142858,25.0,0.96,576.0,4761.0,0,0,1,0,0,0,1,0.0,0.0,24.0,24
RUS,Mercedes,70.0,0 days 00:01:09.820000,0 days 00:00:17.494000,0 days 00:00:30.988000,0 days 00:00:21.338000,HARD,25.0,3.0,,,1,5.0,False,2025,Austria,R,69.82,17.494,30.988,21.338,70.5885,0.7685000000000031,69.372,0.4479999999999933,-0.7685000000000031,74.02,72.192,1.828000000000003,70.0,1.0,25.0,1.0,625.0,4900.0,0,0,1,0,0,0,1,0.0,0.0,25.0,24
STR,Aston Martin,4.0,0 days 00:01:12.717000,0 days 00:00:17.904000,0 days 00:00:32.628000,0 days 00:00:22.185000,MEDIUM,5.0,1.0,,,1,13.0,False,2025,Austria,R,72.717,17.904,32.628,22.185,71.0765,1.640500000000003,72.717,0.0,1.640500000000003,72.957,72.957,0.0,70.0,0.05714285714285714,26.0,0.19230769230769232,25.0,16.0,1,0,0,1,0,1,0,0.0,5.0,0.0,21
STR,Aston Martin,5.0,0 days 00:01:11.788000,0 days 00:00:17.544000,0 days 00:00:32.236000,0 days 00:00:22.008000,MEDIUM,6.0,1.0,,,1,13.0,False,2025,Austria,R,71.788,17.544,32.236,22.008,71.0765,0.7115000000000009,72.717,-0.929000000000002,0.7115000000000009,72.088,72.957,-0.8689999999999998,70.0,0.07142857142857142,26.0,0.23076923076923078,36.0,25.0,1,0,0,1,0,1,0,0.0,6.0,0.0,21
STR,Aston Martin,6.0,0 days 00:01:11.612000,0 days 00:00:17.381000,0 days 00:00:32.224000,0 days 00:00:22.007000,MEDIUM,7.0,1.0,,,1,13.0,False,2025,Austria,R,71.612,17.381,32.224,22.007,71.0765,0.535499999999999,72.717,-1.105000000000004,0.535499999999999,71.972,72.957,-0.9849999999999994,70.0,0.08571428571428572,26.0,0.2692307692307692,49.0,36.0,1,0,0,1,0,1,0,0.0,7.0,0.0,21
STR,Aston Martin,7.0,0 days 00:01:11.069000,0 days 00:00:17.352000,0 days 00:00:31.941000,0 days 00:00:21.776000,MEDIUM,8.0,1.0,,,1,13.0,False,2025,Austria,R,71.069,17.352,31.941,21.776,71.0765,0.007499999999993179,72.717,-1.6479999999999961,-0.007499999999993179,71.489,72.957,-1.4679999999999893,70.0,0.1,26.0,0.3076923076923077,64.0,49.0,1,0,0,1,0,1,0,0.0,8.0,0.0,21
STR,Aston Martin,8.0,0 days 00:01:10.931000,0 days 00:00:17.197000,0 days 00:00:31.831000,0 days 00:00:21.903000,MEDIUM,9.0,1.0,,,1,13.0,False,2025,Austria,R,70.931,17.197,31.831,21.903,71.0765,0.1454999999999984,72.717,-1.7860000000000014,-0.1454999999999984,71.411,72.957,-1.5459999999999923,70.0,0.11428571428571428,26.0,0.34615384615384615,81.0,64.0,1,0,0,1,0,1,0,0.0,9.0,0.0,21
STR,Aston Martin,9.0,0 days 00:01:11.167000,0 days 00:00:17.360000,0 days 00:00:31.931000,0 days 00:00:21.876000,MEDIUM,10.0,1.0,,,1,13.0,False,2025,Austria,R,71.167,17.36,31.931,21.876,71.0765,0.0905000000000058,72.717,-1.5499999999999972,0.0905000000000058,71.70700000000001,72.957,-1.2499999999999858,70.0,0.12857142857142856,26.0,0.38461538461538464,100.0,81.0,1,0,0,1,0,1,0,0.0,10.0,0.0,21
STR,Aston Martin,10.0,0 days 00:01:11.257000,0 days 00:00:17.402000,0 days 00:00:31.855000,0 days 00:00:22,MEDIUM,11.0,1.0,,,1,13.0,False,2025,Austria,R,71.257,17.402,31.855,22.0,71.0765,0.1805000000000092,72.717,-1.4599999999999937,0.1805000000000092,71.857,72.957,-1.0999999999999943,70.0,0.14285714285714285,26.0,0.4230769230769231,121.0,100.0,1,0,0,1,0,1,0,0.0,11.0,0.0,21
STR,Aston Martin,11.0,0 days 00:01:11.713000,0 days 00:00:17.404000,0 days 00:00:31.994000,0 days 00:00:22.315000,MEDIUM,12.0,1.0,,,1,12.0,False,2025,Austria,R,71.713,17.404,31.994,22.315,71.0765,0.6364999999999981,72.717,-1.0040000000000049,0.6364999999999981,72.37299999999999,72.957,-0.5840000000000032,70.0,0.15714285714285714,26.0,0.46153846153846156,144.0,121.0,1,0,0,1,0,1,0,0.0,12.0,0.0,21
STR,Aston Martin,12.0,0 days 00:01:12.704000,0 days 00:00:17.554000,0 days 00:00:32.792000,0 days 00:00:22.358000,MEDIUM,13.0,1.0,,,1,13.0,False,2025,Austria,R,72.704,17.554,32.792,22.358,71.0765,1.6274999999999977,72.717,-0.01300000000000523,1.6274999999999977,73.42399999999999,72.957,0.46699999999999875,70.0,0.17142857142857143,26.0,0.5,169.0,144.0,1,0,0,1,0,1,0,0.0,13.0,0.0,21
STR,Aston Martin,13.0,0 days 00:01:13.258000,0 days 00:00:17.515000,0 days 00:00:32.718000,0 days 00:00:23.025000,MEDIUM,14.0,1.0,,,1,11.0,False,2025,Austria,R,73.258,17.515,32.718,23.025,71.0765,2.1814999999999998,72.717,0.5409999999999968,2.1814999999999998,74.038,72.957,1.081000000000003,70.0,0.18571428571428572,26.0,0.5384615384615384,196.0,169.0,1,0,0,1,0,1,0,0.0,14.0,0.0,21
STR,Aston Martin,14.0,0 days 00:01:11.964000,0 days 00:00:17.820000,0 days 00:00:32.122000,0 days 00:00:22.022000,MEDIUM,15.0,1.0,,,1,10.0,False,2025,Austria,R,71.964,17.82,32.122,22.022,71.0765,0.8875000000000028,72.717,-0.7530000000000001,0.8875000000000028,72.804,72.957,-0.1529999999999916,70.0,0.2,26.0,0.5769230769230769,225.0,196.0,1,0,0,1,0,1,0,0.0,15.0,0.0,21
STR,Aston Martin,16.0,0 days 00:01:12.224000,0 days 00:00:17.638000,0 days 00:00:32.558000,0 days 00:00:22.028000,MEDIUM,17.0,1.0,,,1,11.0,False,2025,Austria,R,72.224,17.638,32.558,22.028,71.0765,1.147500000000008,72.717,-0.492999999999995,1.147500000000008,73.184,72.957,0.22700000000000387,70.0,0.22857142857142856,26.0,0.6538461538461539,289.0,256.0,1,0,0,1,0,1,0,0.0,17.0,0.0,21
STR,Aston Martin,17.0,0 days 00:01:11.855000,0 days 00:00:17.586000,0 days 00:00:32.209000,0 days 00:00:22.060000,MEDIUM,18.0,1.0,,,1,11.0,False,2025,Austria,R,71.855,17.586,32.209,22.06,71.0765,0.7785000000000082,72.717,-0.8619999999999948,0.7785000000000082,72.875,72.957,-0.08199999999999363,70.0,0.24285714285714285,26.0,0.6923076923076923,324.0,289.0,1,0,0,1,0,1,0,0.0,18.0,0.0,21
STR,Aston Martin,18.0,0 days 00:01:11.888000,0 days 00:00:17.658000,0 days 00:00:32.202000,0 days 00:00:22.028000,MEDIUM,19.0,1.0,,,1,10.0,False,2025,Austria,R,71.888,17.658,32.202,22.028,71.0765,0.8115000000000094,72.717,-0.8289999999999935,0.8115000000000094,72.968,72.957,0.01100000000000989,70.0,0.2571428571428571,26.0,0.7307692307692307,361.0,324.0,1,0,0,1,0,1,0,0.0,19.0,0.0,21
STR,Aston Martin,19.0,0 days 00:01:12.378000,0 days 00:00:17.724000,0 days 00:00:32.654000,0 days 00:00:22,MEDIUM,20.0,1.0,,,1,9.0,False,2025,Austria,R,72.378,17.724,32.654,22.0,71.0765,1.3015000000000043,72.717,-0.33899999999999864,1.3015000000000043,73.518,72.957,0.561000000000007,70.0,0.2714285714285714,26.0,0.7692307692307693,400.0,361.0,1,0,0,1,0,1,0,0.0,20.0,0.0,21
STR,Aston Martin,20.0,0 days 00:01:12.658000,0 days 00:00:18.013000,0 days 00:00:32.721000,0 days 00:00:21.924000,MEDIUM,21.0,1.0,,,1,8.0,False,2025,Austria,R,72.658,18.013,32.721,21.924,71.0765,1.5815000000000055,72.717,-0.0589999999999975,1.5815000000000055,73.858,72.957,0.9010000000000105,70.0,0.2857142857142857,26.0,0.8076923076923077,441.0,400.0,1,0,0,1,0,1,0,0.0,21.0,0.0,21
STR,Aston Martin,21.0,0 days 00:01:12.212000,0 days 00:00:17.885000,0 days 00:00:32.470000,0 days 00:00:21.857000,MEDIUM,22.0,1.0,,,1,8.0,False,2025,Austria,R,72.212,17.885,32.47,21.857,71.0765,1.1355000000000075,72.717,-0.5049999999999955,1.1355000000000075,73.47200000000001,72.957,0.5150000000000148,70.0,0.3,26.0,0.8461538461538461,484.0,441.0,1,0,0,1,0,1,0,0.0,22.0,0.0,21
STR,Aston Martin,22.0,0 days 00:01:12.175000,0 days 00:00:17.869000,0 days 00:00:32.472000,0 days 00:00:21.834000,MEDIUM,23.0,1.0,,,1,7.0,False,2025,Austria,R,72.175,17.869,32.472,21.834,71.0765,1.0985000000000014,72.717,-0.5420000000000016,1.0985000000000014,73.49499999999999,72.957,0.5379999999999967,70.0,0.3142857142857143,26.0,0.8846153846153846,529.0,484.0,1,0,0,1,0,1,0,0.0,23.0,0.0,21
STR,Aston Martin,23.0,0 days 00:01:12.043000,0 days 00:00:17.983000,0 days 00:00:32.083000,0 days 00:00:21.977000,MEDIUM,24.0,1.0,,,1,7.0,False,2025,Austria,R,72.043,17.983,32.083,21.977,71.0765,0.9665000000000106,72.717,-0.6739999999999924,0.9665000000000106,73.423,72.957,0.4660000000000082,70.0,0.32857142857142857,26.0,0.9230769230769231,576.0,529.0,1,0,0,1,0,1,0,0.0,24.0,0.0,21
STR,Aston Martin,24.0,0 days 00:01:12.036000,0 days 00:00:17.938000,0 days 00:00:32.190000,0 days 00:00:21.908000,MEDIUM,25.0,1.0,,,1,7.0,False,2025,Austria,R,72.036,17.938,32.19,21.908,71.0765,0.9595000000000056,72.717,-0.6809999999999974,0.9595000000000056,73.476,72.957,0.5190000000000055,70.0,0.34285714285714286,26.0,0.9615384615384616,625.0,576.0,1,0,0,0,0,1,0,0.0,25.0,0.0,21
STR,Aston Martin,25.0,0 days 00:01:14.015000,0 days 00:00:18.125000,0 days 00:00:33.368000,0 days 00:00:22.522000,MEDIUM,26.0,1.0,,,1,9.0,False,2025,Austria,R,74.015,18.125,33.368,22.522,71.0765,2.9385000000000048,72.717,1.2980000000000018,2.9385000000000048,75.515,72.957,2.558000000000007,70.0,0.35714285714285715,26.0,1.0,676.0,625.0,1,0,0,0,0,1,0,0.0,26.0,0.0,21
STR,Aston Martin,28.0,0 days 00:01:10.566000,0 days 00:00:17.894000,0 days 00:00:31.141000,0 days 00:00:21.531000,HARD,3.0,2.0,,,1,16.0,False,2025,Austria,R,70.566,17.894,31.141,21.531,71.0765,0.5104999999999933,70.566,0.0,-0.5104999999999933,72.24600000000001,72.24600000000001,0.0,70.0,0.4,27.0,0.1111111111111111,9.0,784.0,0,1,0,0,0,0,1,0.0,0.0,3.0,25
STR,Aston Martin,29.0,0 days 00:01:10.510000,0 days 00:00:17.760000,0 days 00:00:31.261000,0 days 00:00:21.489000,HARD,4.0,2.0,,,1,16.0,False,2025,Austria,R,70.51,17.76,31.261,21.489,71.0765,0.5664999999999907,70.566,-0.055999999999997385,-0.5664999999999907,72.25,72.24600000000001,0.003999999999990678,70.0,0.4142857142857143,27.0,0.14814814814814814,16.0,841.0,0,1,0,0,0,0,1,0.0,0.0,4.0,25
STR,Aston Martin,30.0,0 days 00:01:10.816000,0 days 00:00:17.857000,0 days 00:00:31.408000,0 days 00:00:21.551000,HARD,5.0,2.0,,,12,16.0,False,2025,Austria,R,70.816,17.857,31.408,21.551,71.0765,0.2604999999999933,70.566,0.25,-0.2604999999999933,72.616,72.24600000000001,0.36999999999999034,70.0,0.42857142857142855,27.0,0.18518518518518517,25.0,900.0,0,1,0,0,0,0,1,0.0,0.0,5.0,25
STR,Aston Martin,31.0,0 days 00:01:10.779000,0 days 00:00:17.880000,0 days 00:00:31.342000,0 days 00:00:21.557000,HARD,6.0,2.0,,,1,15.0,False,2025,Austria,R,70.779,17.88,31.342,21.557,71.0765,0.29749999999999943,70.566,0.21299999999999386,-0.29749999999999943,72.639,72.24600000000001,0.39299999999998647,70.0,0.44285714285714284,27.0,0.2222222222222222,36.0,961.0,0,1,0,0,0,0,1,0.0,0.0,6.0,25
STR,Aston Martin,32.0,0 days 00:01:11.083000,0 days 00:00:17.995000,0 days 00:00:31.531000,0 days 00:00:21.557000,HARD,7.0,2.0,,,1,15.0,False,2025,Austria,R,71.083,17.995,31.531,21.557,71.0765,0.006500000000002615,70.566,0.5169999999999959,0.006500000000002615,73.003,72.24600000000001,0.7569999999999908,70.0,0.45714285714285713,27.0,0.25925925925925924,49.0,1024.0,0,1,0,0,0,0,1,0.0,0.0,7.0,25
STR,Aston Martin,33.0,0 days 00:01:10.665000,0 days 00:00:17.792000,0 days 00:00:31.373000,0 days 00:00:21.500000,HARD,8.0,2.0,,,1,15.0,False,2025,Austria,R,70.665,17.792,31.373,21.5,71.0765,0.41149999999998954,70.566,0.09900000000000375,-0.41149999999998954,72.64500000000001,72.24600000000001,0.3990000000000009,70.0,0.4714285714285714,27.0,0.2962962962962963,64.0,1089.0,0,1,0,0,0,0,1,0.0,0.0,8.0,25
STR,Aston Martin,34.0,0 days 00:01:10.641000,0 days 00:00:17.757000,0 days 00:00:31.268000,0 days 00:00:21.616000,HARD,9.0,2.0,,,1,15.0,False,2025,Austria,R,70.641,17.757,31.268,21.616,71.0765,0.43549999999999045,70.566,0.07500000000000284,-0.43549999999999045,72.68100000000001,72.24600000000001,0.4350000000000023,70.0,0.4857142857142857,27.0,0.3333333333333333,81.0,1156.0,0,1,0,0,0,0,1,0.0,0.0,9.0,25
STR,Aston Martin,35.0,0 days 00:01:10.940000,0 days 00:00:17.941000,0 days 00:00:31.454000,0 days 00:00:21.545000,HARD,10.0,2.0,,,1,15.0,False,2025,Austria,R,70.94,17.941,31.454,21.545,71.0765,0.13649999999999807,70.566,0.3739999999999952,-0.13649999999999807,73.03999999999999,72.24600000000001,0.7939999999999827,70.0,0.5,27.0,0.37037037037037035,100.0,1225.0,0,1,0,0,0,0,1,0.0,0.0,10.0,25
STR,Aston Martin,36.0,0 days 00:01:10.873000,0 days 00:00:17.681000,0 days 00:00:31.580000,0 days 00:00:21.612000,HARD,11.0,2.0,,,1,15.0,False,2025,Austria,R,70.873,17.681,31.58,21.612,71.0765,0.20349999999999113,70.566,0.30700000000000216,-0.20349999999999113,73.033,72.24600000000001,0.7869999999999919,70.0,0.5142857142857142,27.0,0.4074074074074074,121.0,1296.0,0,1,0,0,0,0,1,0.0,0.0,11.0,25
STR,Aston Martin,37.0,0 days 00:01:10.773000,0 days 00:00:17.749000,0 days 00:00:31.401000,0 days 00:00:21.623000,HARD,12.0,2.0,,,1,15.0,False,2025,Austria,R,70.773,17.749,31.401,21.623,71.0765,0.30349999999999966,70.566,0.20699999999999363,-0.30349999999999966,72.993,72.24600000000001,0.7469999999999857,70.0,0.5285714285714286,27.0,0.4444444444444444,144.0,1369.0,0,1,0,0,0,0,1,0.0,0.0,12.0,25
STR,Aston Martin,38.0,0 days 00:01:10.916000,0 days 00:00:17.656000,0 days 00:00:31.515000,0 days 00:00:21.745000,HARD,13.0,2.0,,,1,15.0,False,2025,Austria,R,70.916,17.656,31.515,21.745,71.0765,0.16049999999999898,70.566,0.3499999999999943,-0.16049999999999898,73.196,72.24600000000001,0.9499999999999886,70.0,0.5428571428571428,27.0,0.48148148148148145,169.0,1444.0,0,1,0,0,0,0,1,0.0,0.0,13.0,25
STR,Aston Martin,39.0,0 days 00:01:10.713000,0 days 00:00:17.428000,0 days 00:00:31.629000,0 days 00:00:21.656000,HARD,14.0,2.0,,,1,13.0,False,2025,Austria,R,70.713,17.428,31.629,21.656,71.0765,0.36350000000000193,70.566,0.14699999999999136,-0.36350000000000193,73.053,72.24600000000001,0.806999999999988,70.0,0.5571428571428572,27.0,0.5185185185185185,196.0,1521.0,0,1,0,0,0,0,1,0.0,0.0,14.0,25
STR,Aston Martin,40.0,0 days 00:01:11.073000,0 days 00:00:17.695000,0 days 00:00:31.773000,0 days 00:00:21.605000,HARD,15.0,2.0,,,1,12.0,False,2025,Austria,R,71.073,17.695,31.773,21.605,71.0765,0.003500000000002501,70.566,0.5069999999999908,-0.003500000000002501,73.473,72.24600000000001,1.2269999999999897,70.0,0.5714285714285714,27.0,0.5555555555555556,225.0,1600.0,0,1,0,0,0,0,1,0.0,0.0,15.0,25
STR,Aston Martin,41.0,0 days 00:01:12.291000,0 days 00:00:18.410000,0 days 00:00:32.308000,0 days 00:00:21.573000,HARD,16.0,2.0,,,1,12.0,False,2025,Austria,R,72.291,18.41,32.308,21.573,71.0765,1.214500000000001,70.566,1.7249999999999943,1.214500000000001,74.75099999999999,72.24600000000001,2.5049999999999812,70.0,0.5857142857142857,27.0,0.5925925925925926,256.0,1681.0,0,1,0,0,0,0,1,0.0,0.0,16.0,25
STR,Aston Martin,42.0,0 days 00:01:10.744000,0 days 00:00:17.686000,0 days 00:00:31.519000,0 days 00:00:21.539000,HARD,17.0,2.0,,,1,12.0,False,2025,Austria,R,70.744,17.686,31.519,21.539,71.0765,0.332499999999996,70.566,0.17799999999999727,-0.332499999999996,73.264,72.24600000000001,1.0179999999999865,70.0,0.6,27.0,0.6296296296296297,289.0,1764.0,0,1,0,0,0,0,1,0.0,0.0,17.0,25
STR,Aston Martin,43.0,0 days 00:01:12.040000,0 days 00:00:18.047000,0 days 00:00:32.249000,0 days 00:00:21.744000,HARD,18.0,2.0,,,1,12.0,False,2025,Austria,R,72.04,18.047,32.249,21.744,71.0765,0.9635000000000105,70.566,1.4740000000000038,0.9635000000000105,74.62,72.24600000000001,2.3739999999999952,70.0,0.6142857142857143,27.0,0.6666666666666666,324.0,1849.0,0,1,0,0,0,0,1,0.0,0.0,18.0,25
STR,Aston Martin,44.0,0 days 00:01:11.080000,0 days 00:00:17.660000,0 days 00:00:31.735000,0 days 00:00:21.685000,HARD,19.0,2.0,,,1,12.0,False,2025,Austria,R,71.08,17.66,31.735,21.685,71.0765,0.003500000000002501,70.566,0.5139999999999958,0.003500000000002501,73.72,72.24600000000001,1.4739999999999895,70.0,0.6285714285714286,27.0,0.7037037037037037,361.0,1936.0,0,1,0,0,0,0,1,0.0,0.0,19.0,25
STR,Aston Martin,45.0,0 days 00:01:11.177000,0 days 00:00:17.590000,0 days 00:00:31.742000,0 days 00:00:21.845000,HARD,20.0,2.0,,,1,12.0,False,2025,Austria,R,71.177,17.59,31.742,21.845,71.0765,0.10050000000001091,70.566,0.6110000000000042,0.10050000000001091,73.87700000000001,72.24600000000001,1.6310000000000002,70.0,0.6428571428571429,27.0,0.7407407407407407,400.0,2025.0,0,1,0,0,0,0,1,0.0,0.0,20.0,25
STR,Aston Martin,46.0,0 days 00:01:10.812000,0 days 00:00:17.654000,0 days 00:00:31.532000,0 days 00:00:21.626000,HARD,21.0,2.0,,,1,12.0,False,2025,Austria,R,70.812,17.654,31.532,21.626,71.0765,0.2644999999999982,70.566,0.2459999999999951,-0.2644999999999982,73.572,72.24600000000001,1.3259999999999934,70.0,0.6571428571428571,27.0,0.7777777777777778,441.0,2116.0,0,1,0,0,0,0,1,0.0,0.0,21.0,25
STR,Aston Martin,47.0,0 days 00:01:11.063000,0 days 00:00:17.595000,0 days 00:00:31.550000,0 days 00:00:21.918000,HARD,22.0,2.0,,,1,12.0,False,2025,Austria,R,71.063,17.595,31.55,21.918,71.0765,0.013499999999993406,70.566,0.4969999999999999,-0.013499999999993406,73.883,72.24600000000001,1.6369999999999862,70.0,0.6714285714285714,27.0,0.8148148148148148,484.0,2209.0,0,1,1,0,0,0,1,0.0,0.0,22.0,25
STR,Aston Martin,48.0,0 days 00:01:12.237000,0 days 00:00:17.559000,0 days 00:00:32.628000,0 days 00:00:22.050000,HARD,23.0,2.0,,,1,13.0,False,2025,Austria,R,72.237,17.559,32.628,22.05,71.0765,1.160499999999999,70.566,1.6709999999999923,1.160499999999999,75.11699999999999,72.24600000000001,2.870999999999981,70.0,0.6857142857142857,27.0,0.8518518518518519,529.0,2304.0,0,1,1,0,0,0,1,0.0,0.0,23.0,25
STR,Aston Martin,49.0,0 days 00:01:11.192000,0 days 00:00:17.594000,0 days 00:00:31.820000,0 days 00:00:21.778000,HARD,24.0,2.0,,,1,13.0,False,2025,Austria,R,71.192,17.594,31.82,21.778,71.0765,0.11549999999999727,70.566,0.6259999999999906,0.11549999999999727,74.13199999999999,72.24600000000001,1.8859999999999815,70.0,0.7,27.0,0.8888888888888888,576.0,2401.0,0,1,1,0,0,0,1,0.0,0.0,24.0,25
STR,Aston Martin,50.0,0 days 00:01:11.003000,0 days 00:00:17.566000,0 days 00:00:31.763000,0 days 00:00:21.674000,HARD,25.0,2.0,,,1,13.0,False,2025,Austria,R,71.003,17.566,31.763,21.674,71.0765,0.07349999999999568,70.566,0.4369999999999976,-0.07349999999999568,74.003,72.24600000000001,1.7569999999999908,70.0,0.7142857142857143,27.0,0.9259259259259259,625.0,2500.0,0,1,1,0,0,0,1,0.0,0.0,25.0,25
STR,Aston Martin,51.0,0 days 00:01:11.336000,0 days 00:00:17.613000,0 days 00:00:31.811000,0 days 00:00:21.912000,HARD,26.0,2.0,,,1,13.0,False,2025,Austria,R,71.336,17.613,31.811,21.912,71.0765,0.25950000000000273,70.566,0.769999999999996,0.25950000000000273,74.396,72.24600000000001,2.1499999999999915,70.0,0.7285714285714285,27.0,0.9629629629629629,676.0,2601.0,0,1,1,0,0,0,1,0.0,0.0,26.0,25
STR,Aston Martin,52.0,0 days 00:01:11.151000,0 days 00:00:17.749000,0 days 00:00:31.693000,0 days 00:00:21.709000,HARD,27.0,2.0,,,1,13.0,False,2025,Austria,R,71.151,17.749,31.693,21.709,71.0765,0.07450000000000045,70.566,0.5849999999999937,0.07450000000000045,74.271,72.24600000000001,2.0249999999999915,70.0,0.7428571428571429,27.0,1.0,729.0,2704.0,0,1,1,0,0,0,1,0.0,0.0,27.0,25
STR,Aston Martin,55.0,0 days 00:01:09.214000,0 days 00:00:17.407000,0 days 00:00:30.627000,0 days 00:00:21.180000,SOFT,2.0,3.0,,,1,16.0,False,2025,Austria,R,69.214,17.407,30.627,21.18,71.0765,1.8624999999999972,69.214,0.0,-1.8624999999999972,72.514,72.514,0.0,70.0,0.7857142857142857,16.0,0.125,4.0,3025.0,0,0,1,0,1,0,0,2.0,0.0,0.0,15
STR,Aston Martin,56.0,0 days 00:01:09.463000,0 days 00:00:17.445000,0 days 00:00:30.790000,0 days 00:00:21.228000,SOFT,3.0,3.0,,,1,16.0,False,2025,Austria,R,69.463,17.445,30.79,21.228,71.0765,1.613500000000002,69.214,0.24899999999999523,-1.613500000000002,72.823,72.514,0.3089999999999975,70.0,0.8,16.0,0.1875,9.0,3136.0,0,0,1,0,1,0,0,3.0,0.0,0.0,15
STR,Aston Martin,57.0,0 days 00:01:09.452000,0 days 00:00:17.427000,0 days 00:00:30.696000,0 days 00:00:21.329000,SOFT,4.0,3.0,,,1,16.0,False,2025,Austria,R,69.452,17.427,30.696,21.329,71.0765,1.6244999999999976,69.214,0.23799999999999955,-1.6244999999999976,72.872,72.514,0.3580000000000041,70.0,0.8142857142857143,16.0,0.25,16.0,3249.0,0,0,1,0,1,0,0,4.0,0.0,0.0,15
STR,Aston Martin,58.0,0 days 00:01:11.393000,0 days 00:00:18.590000,0 days 00:00:31.403000,0 days 00:00:21.400000,SOFT,5.0,3.0,,,1,16.0,False,2025,Austria,R,71.393,18.59,31.403,21.4,71.0765,0.3165000000000049,69.214,2.179000000000002,0.3165000000000049,74.873,72.514,2.359000000000009,70.0,0.8285714285714286,16.0,0.3125,25.0,3364.0,0,0,1,0,1,0,0,5.0,0.0,0.0,15
STR,Aston Martin,59.0,0 days 00:01:09.582000,0 days 00:00:17.159000,0 days 00:00:31.025000,0 days 00:00:21.398000,SOFT,6.0,3.0,,,1,16.0,False,2025,Austria,R,69.582,17.159,31.025,21.398,71.0765,1.4945000000000022,69.214,0.367999999999995,-1.4945000000000022,73.122,72.514,0.6080000000000041,70.0,0.8428571428571429,16.0,0.375,36.0,3481.0,0,0,1,0,1,0,0,6.0,0.0,0.0,15
STR,Aston Martin,60.0,0 days 00:01:09.624000,0 days 00:00:17.420000,0 days 00:00:31.035000,0 days 00:00:21.169000,SOFT,7.0,3.0,,,1,16.0,False,2025,Austria,R,69.624,17.42,31.035,21.169,71.0765,1.4525000000000006,69.214,0.4099999999999966,-1.4525000000000006,73.22399999999999,72.514,0.7099999999999937,70.0,0.8571428571428571,16.0,0.4375,49.0,3600.0,0,0,1,0,1,0,0,7.0,0.0,0.0,15
STR,Aston Martin,61.0,0 days 00:01:09.808000,0 days 00:00:17.388000,0 days 00:00:31.214000,0 days 00:00:21.206000,SOFT,8.0,3.0,,,1,15.0,False,2025,Austria,R,69.808,17.388,31.214,21.206,71.0765,1.2684999999999889,69.214,0.5940000000000083,-1.2684999999999889,73.468,72.514,0.9540000000000077,70.0,0.8714285714285714,16.0,0.5,64.0,3721.0,0,0,1,0,1,0,0,8.0,0.0,0.0,15
STR,Aston Martin,62.0,0 days 00:01:09.664000,0 days 00:00:17.490000,0 days 00:00:31.011000,0 days 00:00:21.163000,SOFT,9.0,3.0,,,1,15.0,False,2025,Austria,R,69.664,17.49,31.011,21.163,71.0765,1.4124999999999943,69.214,0.45000000000000284,-1.4124999999999943,73.384,72.514,0.8700000000000045,70.0,0.8857142857142857,16.0,0.5625,81.0,3844.0,0,0,1,0,1,0,0,9.0,0.0,0.0,15
STR,Aston Martin,63.0,0 days 00:01:09.276000,0 days 00:00:17.467000,0 days 00:00:30.783000,0 days 00:00:21.026000,SOFT,10.0,3.0,,,1,15.0,False,2025,Austria,R,69.276,17.467,30.783,21.026,71.0765,1.8004999999999995,69.214,0.06199999999999761,-1.8004999999999995,73.056,72.514,0.5420000000000016,70.0,0.9,16.0,0.625,100.0,3969.0,0,0,1,0,1,0,0,10.0,0.0,0.0,15
STR,Aston Martin,64.0,0 days 00:01:09.554000,0 days 00:00:17.450000,0 days 00:00:30.900000,0 days 00:00:21.204000,SOFT,11.0,3.0,,,1,15.0,False,2025,Austria,R,69.554,17.45,30.9,21.204,71.0765,1.5224999999999937,69.214,0.3400000000000034,-1.5224999999999937,73.394,72.514,0.8800000000000097,70.0,0.9142857142857143,16.0,0.6875,121.0,4096.0,0,0,1,0,1,0,0,11.0,0.0,0.0,15
STR,Aston Martin,65.0,0 days 00:01:09.955000,0 days 00:00:17.383000,0 days 00:00:31.289000,0 days 00:00:21.283000,SOFT,12.0,3.0,,,1,15.0,False,2025,Austria,R,69.955,17.383,31.289,21.283,71.0765,1.1214999999999975,69.214,0.7409999999999997,-1.1214999999999975,73.855,72.514,1.3410000000000082,70.0,0.9285714285714286,16.0,0.75,144.0,4225.0,0,0,1,0,1,0,0,12.0,0.0,0.0,15
STR,Aston Martin,66.0,0 days 00:01:10.185000,0 days 00:00:17.421000,0 days 00:00:31.432000,0 days 00:00:21.332000,SOFT,13.0,3.0,,,1,14.0,False,2025,Austria,R,70.185,17.421,31.432,21.332,71.0765,0.8914999999999935,69.214,0.9710000000000036,-0.8914999999999935,74.145,72.514,1.6310000000000002,70.0,0.9428571428571428,16.0,0.8125,169.0,4356.0,0,0,1,0,1,0,0,13.0,0.0,0.0,15
STR,Aston Martin,67.0,0 days 00:01:09.787000,0 days 00:00:17.525000,0 days 00:00:31.080000,0 days 00:00:21.182000,SOFT,14.0,3.0,,,1,14.0,False,2025,Austria,R,69.787,17.525,31.08,21.182,71.0765,1.2894999999999897,69.214,0.5730000000000075,-1.2894999999999897,73.807,72.514,1.2930000000000064,70.0,0.9571428571428572,16.0,0.875,196.0,4489.0,0,0,1,0,1,0,0,14.0,0.0,0.0,15
STR,Aston Martin,68.0,0 days 00:01:09.445000,0 days 00:00:17.315000,0 days 00:00:30.995000,0 days 00:00:21.135000,SOFT,15.0,3.0,,,1,14.0,False,2025,Austria,R,69.445,17.315,30.995,21.135,71.0765,1.6315000000000026,69.214,0.23099999999999454,-1.6315000000000026,73.52499999999999,72.514,1.0109999999999957,70.0,0.9714285714285714,16.0,0.9375,225.0,4624.0,0,0,1,0,1,0,0,15.0,0.0,0.0,15
STR,Aston Martin,69.0,0 days 00:01:10.461000,0 days 00:00:17.327000,0 days 00:00:30.965000,0 days 00:00:22.169000,SOFT,16.0,3.0,,,1,14.0,False,2025,Austria,R,70.461,17.327,30.965,22.169,71.0765,0.6154999999999973,69.214,1.2469999999999999,-0.6154999999999973,74.601,72.514,2.0870000000000033,70.0,0.9857142857142858,16.0,1.0,256.0,4761.0,0,0,1,0,1,0,0,16.0,0.0,0.0,15
TSU,Red Bull Racing,4.0,0 days 00:01:12.544000,0 days 00:00:17.793000,0 days 00:00:32.539000,0 days 00:00:22.212000,MEDIUM,4.0,1.0,,,1,15.0,False,2025,Austria,R,72.544,17.793,32.539,22.212,70.881,1.6629999999999967,72.544,0.0,1.6629999999999967,72.78399999999999,72.78399999999999,0.0,70.0,0.05714285714285714,17.0,0.23529411764705882,16.0,16.0,1,0,0,1,0,1,0,0.0,4.0,0.0,14
TSU,Red Bull Racing,5.0,0 days 00:01:11.975000,0 days 00:00:17.552000,0 days 00:00:32.345000,0 days 00:00:22.078000,MEDIUM,5.0,1.0,,,1,15.0,False,2025,Austria,R,71.975,17.552,32.345,22.078,70.881,1.093999999999994,72.544,-0.5690000000000026,1.093999999999994,72.27499999999999,72.78399999999999,-0.5090000000000003,70.0,0.07142857142857142,17.0,0.29411764705882354,25.0,25.0,1,0,0,1,0,1,0,0.0,5.0,0.0,14
TSU,Red Bull Racing,6.0,0 days 00:01:11.649000,0 days 00:00:17.294000,0 days 00:00:32.269000,0 days 00:00:22.086000,MEDIUM,6.0,1.0,,,1,15.0,False,2025,Austria,R,71.649,17.294,32.269,22.086,70.881,0.7680000000000007,72.544,-0.894999999999996,0.7680000000000007,72.009,72.78399999999999,-0.7749999999999915,70.0,0.08571428571428572,17.0,0.35294117647058826,36.0,36.0,1,0,0,1,0,1,0,0.0,6.0,0.0,14
TSU,Red Bull Racing,7.0,0 days 00:01:11.332000,0 days 00:00:17.281000,0 days 00:00:32.181000,0 days 00:00:21.870000,MEDIUM,7.0,1.0,,,1,15.0,False,2025,Austria,R,71.332,17.281,32.181,21.87,70.881,0.4509999999999934,72.544,-1.2120000000000033,0.4509999999999934,71.752,72.78399999999999,-1.0319999999999965,70.0,0.1,17.0,0.4117647058823529,49.0,49.0,1,0,0,1,0,1,0,0.0,7.0,0.0,14
TSU,Red Bull Racing,8.0,0 days 00:01:10.949000,0 days 00:00:17.274000,0 days 00:00:31.910000,0 days 00:00:21.765000,MEDIUM,8.0,1.0,,,1,15.0,False,2025,Austria,R,70.949,17.274,31.91,21.765,70.881,0.06799999999999784,72.544,-1.5949999999999989,0.06799999999999784,71.429,72.78399999999999,-1.3549999999999898,70.0,0.11428571428571428,17.0,0.47058823529411764,64.0,64.0,1,0,0,1,0,1,0,0.0,8.0,0.0,14
TSU,Red Bull Racing,9.0,0 days 00:01:11.200000,0 days 00:00:17.360000,0 days 00:00:31.905000,0 days 00:00:21.935000,MEDIUM,9.0,1.0,,,1,15.0,False,2025,Austria,R,71.2,17.36,31.905,21.935,70.881,0.3190000000000026,72.544,-1.343999999999994,0.3190000000000026,71.74000000000001,72.78399999999999,-1.0439999999999827,70.0,0.12857142857142856,17.0,0.5294117647058824,81.0,81.0,1,0,0,1,0,1,0,0.0,9.0,0.0,14
TSU,Red Bull Racing,10.0,0 days 00:01:11.437000,0 days 00:00:17.434000,0 days 00:00:31.964000,0 days 00:00:22.039000,MEDIUM,10.0,1.0,,,1,15.0,False,2025,Austria,R,71.437,17.434,31.964,22.039,70.881,0.5559999999999974,72.544,-1.1069999999999993,0.5559999999999974,72.03699999999999,72.78399999999999,-0.7469999999999999,70.0,0.14285714285714285,17.0,0.5882352941176471,100.0,100.0,1,0,0,1,0,1,0,0.0,10.0,0.0,14
TSU,Red Bull Racing,11.0,0 days 00:01:11.565000,0 days 00:00:17.389000,0 days 00:00:31.885000,0 days 00:00:22.291000,MEDIUM,11.0,1.0,,,1,14.0,False,2025,Austria,R,71.565,17.389,31.885,22.291,70.881,0.6839999999999975,72.544,-0.9789999999999992,0.6839999999999975,72.225,72.78399999999999,-0.5589999999999975,70.0,0.15714285714285714,17.0,0.6470588235294118,121.0,121.0,1,0,0,1,0,1,0,0.0,11.0,0.0,14
TSU,Red Bull Racing,12.0,0 days 00:01:11.898000,0 days 00:00:17.382000,0 days 00:00:32.322000,0 days 00:00:22.194000,MEDIUM,12.0,1.0,,,1,14.0,False,2025,Austria,R,71.898,17.382,32.322,22.194,70.881,1.016999999999996,72.544,-0.6460000000000008,1.016999999999996,72.618,72.78399999999999,-0.16599999999999682,70.0,0.17142857142857143,17.0,0.7058823529411765,144.0,144.0,1,0,0,1,0,1,0,0.0,12.0,0.0,14
TSU,Red Bull Racing,13.0,0 days 00:01:13.047000,0 days 00:00:17.525000,0 days 00:00:32.426000,0 days 00:00:23.096000,MEDIUM,13.0,1.0,,,1,12.0,False,2025,Austria,R,73.047,17.525,32.426,23.096,70.881,2.165999999999997,72.544,0.5030000000000001,2.165999999999997,73.827,72.78399999999999,1.0430000000000064,70.0,0.18571428571428572,17.0,0.7647058823529411,169.0,169.0,1,0,0,1,0,1,0,0.0,13.0,0.0,14
TSU,Red Bull Racing,14.0,0 days 00:01:12.273000,0 days 00:00:17.641000,0 days 00:00:32.481000,0 days 00:00:22.151000,MEDIUM,14.0,1.0,,,1,11.0,False,2025,Austria,R,72.273,17.641,32.481,22.151,70.881,1.391999999999996,72.544,-0.2710000000000008,1.391999999999996,73.113,72.78399999999999,0.32900000000000773,70.0,0.2,17.0,0.8235294117647058,196.0,196.0,1,0,0,1,0,1,0,0.0,14.0,0.0,14
TSU,Red Bull Racing,15.0,0 days 00:01:11.943000,0 days 00:00:17.573000,0 days 00:00:32.329000,0 days 00:00:22.041000,MEDIUM,15.0,1.0,,,1,10.0,False,2025,Austria,R,71.943,17.573,32.329,22.041,70.881,1.0619999999999976,72.544,-0.6009999999999991,1.0619999999999976,72.843,72.78399999999999,0.05900000000001171,70.0,0.21428571428571427,17.0,0.8823529411764706,225.0,225.0,1,0,0,1,0,1,0,0.0,15.0,0.0,14
TSU,Red Bull Racing,16.0,0 days 00:01:12.210000,0 days 00:00:17.924000,0 days 00:00:32.270000,0 days 00:00:22.016000,MEDIUM,16.0,1.0,,,1,10.0,False,2025,Austria,R,72.21,17.924,32.27,22.016,70.881,1.3289999999999935,72.544,-0.3340000000000032,1.3289999999999935,73.16999999999999,72.78399999999999,0.3859999999999957,70.0,0.22857142857142856,17.0,0.9411764705882353,256.0,256.0,1,0,0,1,0,1,0,0.0,16.0,0.0,14
TSU,Red Bull Racing,17.0,0 days 00:01:11.848000,0 days 00:00:17.900000,0 days 00:00:31.924000,0 days 00:00:22.024000,MEDIUM,17.0,1.0,,,1,10.0,False,2025,Austria,R,71.848,17.9,31.924,22.024,70.881,0.9669999999999987,72.544,-0.695999999999998,0.9669999999999987,72.868,72.78399999999999,0.08400000000000318,70.0,0.24285714285714285,17.0,1.0,289.0,289.0,1,0,0,1,0,1,0,0.0,17.0,0.0,14
TSU,Red Bull Racing,20.0,0 days 00:01:11.869000,0 days 00:00:17.723000,0 days 00:00:32.301000,0 days 00:00:21.845000,HARD,2.0,2.0,,,1,16.0,False,2025,Austria,R,71.869,17.723,32.301,21.845,70.881,0.9879999999999995,71.869,0.0,0.9879999999999995,73.069,73.069,0.0,70.0,0.2857142857142857,11.0,0.18181818181818182,4.0,400.0,0,1,0,1,0,0,1,0.0,0.0,2.0,10
TSU,Red Bull Racing,21.0,0 days 00:01:10.539000,0 days 00:00:17.315000,0 days 00:00:31.513000,0 days 00:00:21.711000,HARD,3.0,2.0,,,1,16.0,False,2025,Austria,R,70.539,17.315,31.513,21.711,70.881,0.34199999999999875,71.869,-1.3299999999999983,-0.34199999999999875,71.799,73.069,-1.269999999999996,70.0,0.3,11.0,0.2727272727272727,9.0,441.0,0,1,0,1,0,0,1,0.0,0.0,3.0,10
TSU,Red Bull Racing,22.0,0 days 00:01:10.923000,0 days 00:00:17.684000,0 days 00:00:31.535000,0 days 00:00:21.704000,HARD,4.0,2.0,,,1,16.0,False,2025,Austria,R,70.923,17.684,31.535,21.704,70.881,0.04200000000000159,71.869,-0.945999999999998,0.04200000000000159,72.243,73.069,-0.8260000000000076,70.0,0.3142857142857143,11.0,0.36363636363636365,16.0,484.0,0,1,0,1,0,0,1,0.0,0.0,4.0,10
TSU,Red Bull Racing,23.0,0 days 00:01:10.613000,0 days 00:00:17.640000,0 days 00:00:31.275000,0 days 00:00:21.698000,HARD,5.0,2.0,,,1,16.0,False,2025,Austria,R,70.613,17.64,31.275,21.698,70.881,0.2680000000000007,71.869,-1.2560000000000002,-0.2680000000000007,71.993,73.069,-1.0760000000000076,70.0,0.32857142857142857,11.0,0.45454545454545453,25.0,529.0,0,1,0,1,0,0,1,0.0,0.0,5.0,10
TSU,Red Bull Racing,24.0,0 days 00:01:10.781000,0 days 00:00:17.685000,0 days 00:00:31.340000,0 days 00:00:21.756000,HARD,6.0,2.0,,,1,16.0,False,2025,Austria,R,70.781,17.685,31.34,21.756,70.881,0.09999999999999432,71.869,-1.0879999999999939,-0.09999999999999432,72.221,73.069,-0.847999999999999,70.0,0.34285714285714286,11.0,0.5454545454545454,36.0,576.0,0,1,0,0,0,0,1,0.0,0.0,6.0,10
TSU,Red Bull Racing,25.0,0 days 00:01:10.850000,0 days 00:00:17.670000,0 days 00:00:31.465000,0 days 00:00:21.715000,HARD,7.0,2.0,,,1,16.0,False,2025,Austria,R,70.85,17.67,31.465,21.715,70.881,0.03100000000000591,71.869,-1.0190000000000055,-0.03100000000000591,72.35,73.069,-0.7190000000000083,70.0,0.35714285714285715,11.0,0.6363636363636364,49.0,625.0,0,1,0,0,0,0,1,0.0,0.0,7.0,10
TSU,Red Bull Racing,26.0,0 days 00:01:10.676000,0 days 00:00:17.537000,0 days 00:00:31.377000,0 days 00:00:21.762000,HARD,8.0,2.0,,,1,16.0,False,2025,Austria,R,70.676,17.537,31.377,21.762,70.881,0.2049999999999983,71.869,-1.1929999999999978,-0.2049999999999983,72.236,73.069,-0.8329999999999984,70.0,0.37142857142857144,11.0,0.7272727272727273,64.0,676.0,0,1,0,0,0,0,1,0.0,0.0,8.0,10
TSU,Red Bull Racing,27.0,0 days 00:01:11.254000,0 days 00:00:17.622000,0 days 00:00:31.731000,0 days 00:00:21.901000,HARD,9.0,2.0,,,1,15.0,False,2025,Austria,R,71.254,17.622,31.731,21.901,70.881,0.37300000000000466,71.869,-0.6149999999999949,0.37300000000000466,72.87400000000001,73.069,-0.19499999999999318,70.0,0.38571428571428573,11.0,0.8181818181818182,81.0,729.0,0,1,0,0,0,0,1,0.0,0.0,9.0,10
TSU,Red Bull Racing,28.0,0 days 00:01:11.658000,0 days 00:00:17.321000,0 days 00:00:32.179000,0 days 00:00:22.158000,HARD,10.0,2.0,,,1,15.0,False,2025,Austria,R,71.658,17.321,32.179,22.158,70.881,0.777000000000001,71.869,-0.21099999999999852,0.777000000000001,73.33800000000001,73.069,0.26900000000000546,70.0,0.4,11.0,0.9090909090909091,100.0,784.0,0,1,0,0,0,0,1,0.0,0.0,10.0,10
TSU,Red Bull Racing,29.0,0 days 00:01:11.390000,0 days 00:00:17.265000,0 days 00:00:32.207000,0 days 00:00:21.918000,HARD,11.0,2.0,,,1,14.0,False,2025,Austria,R,71.39,17.265,32.207,21.918,70.881,0.5090000000000003,71.869,-0.4789999999999992,0.5090000000000003,73.13,73.069,0.06099999999999284,70.0,0.4142857142857143,11.0,1.0,121.0,841.0,0,1,0,0,0,0,1,0.0,0.0,11.0,10
TSU,Red Bull Racing,32.0,0 days 00:01:10.469000,0 days 00:00:17.607000,0 days 00:00:31.421000,0 days 00:00:21.441000,MEDIUM,2.0,3.0,,,1,16.0,False,2025,Austria,R,70.469,17.607,31.421,21.441,70.881,0.41200000000000614,70.469,0.0,-0.41200000000000614,72.389,72.389,0.0,70.0,0.45714285714285713,29.0,0.06896551724137931,4.0,1024.0,0,0,0,0,0,1,0,0.0,2.0,0.0,28
TSU,Red Bull Racing,33.0,0 days 00:01:10.209000,0 days 00:00:17.498000,0 days 00:00:31.293000,0 days 00:00:21.418000,MEDIUM,3.0,3.0,,,1,16.0,False,2025,Austria,R,70.209,17.498,31.293,21.418,70.881,0.671999999999997,70.469,-0.2599999999999909,-0.671999999999997,72.18900000000001,72.389,-0.19999999999998863,70.0,0.4714285714285714,29.0,0.10344827586206896,9.0,1089.0,0,0,0,0,0,1,0,0.0,3.0,0.0,28
TSU,Red Bull Racing,34.0,0 days 00:01:10.028000,0 days 00:00:17.550000,0 days 00:00:31.045000,0 days 00:00:21.433000,MEDIUM,4.0,3.0,,,1,16.0,False,2025,Austria,R,70.028,17.55,31.045,21.433,70.881,0.8529999999999944,70.469,-0.4409999999999883,-0.8529999999999944,72.06800000000001,72.389,-0.32099999999998374,70.0,0.4857142857142857,29.0,0.13793103448275862,16.0,1156.0,0,0,0,0,0,1,0,0.0,4.0,0.0,28
TSU,Red Bull Racing,35.0,0 days 00:01:10.213000,0 days 00:00:17.671000,0 days 00:00:31.173000,0 days 00:00:21.369000,MEDIUM,5.0,3.0,,,1,16.0,False,2025,Austria,R,70.213,17.671,31.173,21.369,70.881,0.6680000000000064,70.469,-0.2560000000000002,-0.6680000000000064,72.31299999999999,72.389,-0.07600000000000762,70.0,0.5,29.0,0.1724137931034483,25.0,1225.0,0,0,0,0,0,1,0,0.0,5.0,0.0,28
TSU,Red Bull Racing,36.0,0 days 00:01:10.189000,0 days 00:00:17.584000,0 days 00:00:31.213000,0 days 00:00:21.392000,MEDIUM,6.0,3.0,,,1,16.0,False,2025,Austria,R,70.189,17.584,31.213,21.392,70.881,0.6920000000000073,70.469,-0.28000000000000114,-0.6920000000000073,72.34899999999999,72.389,-0.04000000000000625,70.0,0.5142857142857142,29.0,0.20689655172413793,36.0,1296.0,0,0,0,0,0,1,0,0.0,6.0,0.0,28
TSU,Red Bull Racing,37.0,0 days 00:01:10.216000,0 days 00:00:17.518000,0 days 00:00:31.243000,0 days 00:00:21.455000,MEDIUM,7.0,3.0,,,1,16.0,False,2025,Austria,R,70.216,17.518,31.243,21.455,70.881,0.6650000000000063,70.469,-0.2530000000000001,-0.6650000000000063,72.43599999999999,72.389,0.046999999999997044,70.0,0.5285714285714286,29.0,0.2413793103448276,49.0,1369.0,0,0,0,0,0,1,0,0.0,7.0,0.0,28
TSU,Red Bull Racing,38.0,0 days 00:01:10.015000,0 days 00:00:17.443000,0 days 00:00:31.108000,0 days 00:00:21.464000,MEDIUM,8.0,3.0,,,1,16.0,False,2025,Austria,R,70.015,17.443,31.108,21.464,70.881,0.8659999999999997,70.469,-0.4539999999999935,-0.8659999999999997,72.295,72.389,-0.09399999999999409,70.0,0.5428571428571428,29.0,0.27586206896551724,64.0,1444.0,0,0,0,0,0,1,0,0.0,8.0,0.0,28
TSU,Red Bull Racing,39.0,0 days 00:01:10.256000,0 days 00:00:17.507000,0 days 00:00:31.313000,0 days 00:00:21.436000,MEDIUM,9.0,3.0,,,1,16.0,False,2025,Austria,R,70.256,17.507,31.313,21.436,70.881,0.625,70.469,-0.21299999999999386,-0.625,72.596,72.389,0.20700000000000784,70.0,0.5571428571428572,29.0,0.3103448275862069,81.0,1521.0,0,0,0,0,0,1,0,0.0,9.0,0.0,28
TSU,Red Bull Racing,40.0,0 days 00:01:10.486000,0 days 00:00:17.536000,0 days 00:00:31.422000,0 days 00:00:21.528000,MEDIUM,10.0,3.0,,,1,15.0,False,2025,Austria,R,70.486,17.536,31.422,21.528,70.881,0.394999999999996,70.469,0.017000000000010118,-0.394999999999996,72.88600000000001,72.389,0.4970000000000141,70.0,0.5714285714285714,29.0,0.3448275862068966,100.0,1600.0,0,0,0,0,0,1,0,0.0,10.0,0.0,28
TSU,Red Bull Racing,41.0,0 days 00:01:10.311000,0 days 00:00:17.607000,0 days 00:00:31.378000,0 days 00:00:21.326000,MEDIUM,11.0,3.0,,,1,15.0,False,2025,Austria,R,70.311,17.607,31.378,21.326,70.881,0.5699999999999932,70.469,-0.15799999999998704,-0.5699999999999932,72.771,72.389,0.382000000000005,70.0,0.5857142857142857,29.0,0.3793103448275862,121.0,1681.0,0,0,0,0,0,1,0,0.0,11.0,0.0,28
TSU,Red Bull Racing,42.0,0 days 00:01:10.416000,0 days 00:00:17.552000,0 days 00:00:31.413000,0 days 00:00:21.451000,MEDIUM,12.0,3.0,,,1,15.0,False,2025,Austria,R,70.416,17.552,31.413,21.451,70.881,0.4650000000000034,70.469,-0.05299999999999727,-0.4650000000000034,72.93599999999999,72.389,0.546999999999997,70.0,0.6,29.0,0.41379310344827586,144.0,1764.0,0,0,0,0,0,1,0,0.0,12.0,0.0,28
TSU,Red Bull Racing,43.0,0 days 00:01:10.548000,0 days 00:00:17.611000,0 days 00:00:31.477000,0 days 00:00:21.460000,MEDIUM,13.0,3.0,,,1,15.0,False,2025,Austria,R,70.548,17.611,31.477,21.46,70.881,0.3329999999999984,70.469,0.07900000000000773,-0.3329999999999984,73.128,72.389,0.7390000000000043,70.0,0.6142857142857143,29.0,0.4482758620689655,169.0,1849.0,0,0,0,0,0,1,0,0.0,13.0,0.0,28
TSU,Red Bull Racing,44.0,0 days 00:01:10.569000,0 days 00:00:17.590000,0 days 00:00:31.480000,0 days 00:00:21.499000,MEDIUM,14.0,3.0,,,1,15.0,False,2025,Austria,R,70.569,17.59,31.48,21.499,70.881,0.3119999999999976,70.469,0.10000000000000853,-0.3119999999999976,73.209,72.389,0.8200000000000074,70.0,0.6285714285714286,29.0,0.4827586206896552,196.0,1936.0,0,0,0,0,0,1,0,0.0,14.0,0.0,28
TSU,Red Bull Racing,45.0,0 days 00:01:10.350000,0 days 00:00:17.489000,0 days 00:00:31.360000,0 days 00:00:21.501000,MEDIUM,15.0,3.0,,,1,15.0,False,2025,Austria,R,70.35,17.489,31.36,21.501,70.881,0.5310000000000059,70.469,-0.11899999999999977,-0.5310000000000059,73.05,72.389,0.6610000000000014,70.0,0.6428571428571429,29.0,0.5172413793103449,225.0,2025.0,0,0,0,0,0,1,0,0.0,15.0,0.0,28
TSU,Red Bull Racing,46.0,0 days 00:01:10.511000,0 days 00:00:17.599000,0 days 00:00:31.280000,0 days 00:00:21.632000,MEDIUM,16.0,3.0,,,1,15.0,False,2025,Austria,R,70.511,17.599,31.28,21.632,70.881,0.37000000000000455,70.469,0.04200000000000159,-0.37000000000000455,73.271,72.389,0.882000000000005,70.0,0.6571428571428571,29.0,0.5517241379310345,256.0,2116.0,0,0,0,0,0,1,0,0.0,16.0,0.0,28
TSU,Red Bull Racing,47.0,0 days 00:01:12.399000,0 days 00:00:18.556000,0 days 00:00:32.013000,0 days 00:00:21.830000,MEDIUM,17.0,3.0,,,1,15.0,False,2025,Austria,R,72.399,18.556,32.013,21.83,70.881,1.5180000000000007,70.469,1.9300000000000068,1.5180000000000007,75.219,72.389,2.8299999999999983,70.0,0.6714285714285714,29.0,0.5862068965517241,289.0,2209.0,0,0,1,0,0,1,0,0.0,17.0,0.0,28
TSU,Red Bull Racing,48.0,0 days 00:01:10.711000,0 days 00:00:17.592000,0 days 00:00:31.476000,0 days 00:00:21.643000,MEDIUM,18.0,3.0,,,1,15.0,False,2025,Austria,R,70.711,17.592,31.476,21.643,70.881,0.1700000000000017,70.469,0.24200000000000443,-0.1700000000000017,73.591,72.389,1.2019999999999982,70.0,0.6857142857142857,29.0,0.6206896551724138,324.0,2304.0,0,0,1,0,0,1,0,0.0,18.0,0.0,28
TSU,Red Bull Racing,49.0,0 days 00:01:10.657000,0 days 00:00:17.649000,0 days 00:00:31.498000,0 days 00:00:21.510000,MEDIUM,19.0,3.0,,,1,15.0,False,2025,Austria,R,70.657,17.649,31.498,21.51,70.881,0.22400000000000375,70.469,0.1880000000000024,-0.22400000000000375,73.597,72.389,1.2079999999999984,70.0,0.7,29.0,0.6551724137931034,361.0,2401.0,0,0,1,0,0,1,0,0.0,19.0,0.0,28
TSU,Red Bull Racing,50.0,0 days 00:01:10.671000,0 days 00:00:17.720000,0 days 00:00:31.471000,0 days 00:00:21.480000,MEDIUM,20.0,3.0,,,1,15.0,False,2025,Austria,R,70.671,17.72,31.471,21.48,70.881,0.20999999999999375,70.469,0.2020000000000124,-0.20999999999999375,73.671,72.389,1.2820000000000107,70.0,0.7142857142857143,29.0,0.6896551724137931,400.0,2500.0,0,0,1,0,0,1,0,0.0,20.0,0.0,28
TSU,Red Bull Racing,51.0,0 days 00:01:10.769000,0 days 00:00:17.637000,0 days 00:00:31.556000,0 days 00:00:21.576000,MEDIUM,21.0,3.0,,,1,15.0,False,2025,Austria,R,70.769,17.637,31.556,21.576,70.881,0.11199999999999477,70.469,0.30000000000001137,-0.11199999999999477,73.82900000000001,72.389,1.440000000000012,70.0,0.7285714285714285,29.0,0.7241379310344828,441.0,2601.0,0,0,1,0,0,1,0,0.0,21.0,0.0,28
TSU,Red Bull Racing,52.0,0 days 00:01:11.183000,0 days 00:00:17.610000,0 days 00:00:31.888000,0 days 00:00:21.685000,MEDIUM,22.0,3.0,,,1,15.0,False,2025,Austria,R,71.183,17.61,31.888,21.685,70.881,0.3020000000000067,70.469,0.7140000000000128,0.3020000000000067,74.30300000000001,72.389,1.9140000000000157,70.0,0.7428571428571429,29.0,0.7586206896551724,484.0,2704.0,0,0,1,0,0,1,0,0.0,22.0,0.0,28
TSU,Red Bull Racing,53.0,0 days 00:01:12.887000,0 days 00:00:17.728000,0 days 00:00:33.124000,0 days 00:00:22.035000,MEDIUM,23.0,3.0,,,1,15.0,False,2025,Austria,R,72.887,17.728,33.124,22.035,70.881,2.0060000000000002,70.469,2.4180000000000064,2.0060000000000002,76.06700000000001,72.389,3.6780000000000115,70.0,0.7571428571428571,29.0,0.7931034482758621,529.0,2809.0,0,0,1,0,0,1,0,0.0,23.0,0.0,28
TSU,Red Bull Racing,54.0,0 days 00:01:12.299000,0 days 00:00:17.637000,0 days 00:00:32.757000,0 days 00:00:21.905000,MEDIUM,24.0,3.0,,,1,15.0,False,2025,Austria,R,72.299,17.637,32.757,21.905,70.881,1.4180000000000064,70.469,1.8300000000000125,1.4180000000000064,75.539,72.389,3.1500000000000057,70.0,0.7714285714285715,29.0,0.8275862068965517,576.0,2916.0,0,0,1,0,0,1,0,0.0,24.0,0.0,28
TSU,Red Bull Racing,55.0,0 days 00:01:10.912000,0 days 00:00:17.417000,0 days 00:00:31.678000,0 days 00:00:21.817000,MEDIUM,25.0,3.0,,,1,15.0,False,2025,Austria,R,70.912,17.417,31.678,21.817,70.881,0.03100000000000591,70.469,0.44300000000001205,0.03100000000000591,74.212,72.389,1.8230000000000075,70.0,0.7857142857142857,29.0,0.8620689655172413,625.0,3025.0,0,0,1,0,0,1,0,0.0,25.0,0.0,28
TSU,Red Bull Racing,56.0,0 days 00:01:11.023000,0 days 00:00:17.695000,0 days 00:00:31.574000,0 days 00:00:21.754000,MEDIUM,26.0,3.0,,,1,15.0,False,2025,Austria,R,71.023,17.695,31.574,21.754,70.881,0.1419999999999959,70.469,0.554000000000002,0.1419999999999959,74.383,72.389,1.9939999999999998,70.0,0.8,29.0,0.896551724137931,676.0,3136.0,0,0,1,0,0,1,0,0.0,26.0,0.0,28
TSU,Red Bull Racing,57.0,0 days 00:01:11.979000,0 days 00:00:17.619000,0 days 00:00:31.474000,0 days 00:00:22.886000,MEDIUM,27.0,3.0,,,1,15.0,False,2025,Austria,R,71.979,17.619,31.474,22.886,70.881,1.097999999999999,70.469,1.5100000000000051,1.097999999999999,75.399,72.389,3.010000000000005,70.0,0.8142857142857143,29.0,0.9310344827586207,729.0,3249.0,0,0,1,0,0,1,0,0.0,27.0,0.0,28
TSU,Red Bull Racing,58.0,0 days 00:01:10.415000,0 days 00:00:17.327000,0 days 00:00:31.451000,0 days 00:00:21.637000,MEDIUM,28.0,3.0,,,1,15.0,False,2025,Austria,R,70.415,17.327,31.451,21.637,70.881,0.465999999999994,70.469,-0.053999999999987836,-0.465999999999994,73.89500000000001,72.389,1.5060000000000144,70.0,0.8285714285714286,29.0,0.9655172413793104,784.0,3364.0,0,0,1,0,0,1,0,0.0,28.0,0.0,28
TSU,Red Bull Racing,59.0,0 days 00:01:10.840000,0 days 00:00:17.686000,0 days 00:00:31.448000,0 days 00:00:21.706000,MEDIUM,29.0,3.0,,,1,15.0,False,2025,Austria,R,70.84,17.686,31.448,21.706,70.881,0.04099999999999682,70.469,0.3710000000000093,-0.04099999999999682,74.38000000000001,72.389,1.9910000000000139,70.0,0.8428571428571429,29.0,1.0,841.0,3481.0,0,0,1,0,0,1,0,0.0,29.0,0.0,28
TSU,Red Bull Racing,62.0,0 days 00:01:09.802000,0 days 00:00:17.588000,0 days 00:00:30.941000,0 days 00:00:21.273000,SOFT,2.0,4.0,,,1,16.0,False,2025,Austria,R,69.802,17.588,30.941,21.273,70.881,1.0789999999999935,69.802,0.0,-1.0789999999999935,73.522,73.522,0.0,70.0,0.8857142857142857,8.0,0.25,4.0,3844.0,0,0,1,0,1,0,0,2.0,0.0,0.0,7
TSU,Red Bull Racing,63.0,0 days 00:01:10.252000,0 days 00:00:17.546000,0 days 00:00:31.261000,0 days 00:00:21.445000,SOFT,3.0,4.0,,,1,16.0,False,2025,Austria,R,70.252,17.546,31.261,21.445,70.881,0.6290000000000049,69.802,0.44999999999998863,-0.6290000000000049,74.032,73.522,0.5099999999999909,70.0,0.9,8.0,0.375,9.0,3969.0,0,0,1,0,1,0,0,3.0,0.0,0.0,7
TSU,Red Bull Racing,64.0,0 days 00:01:10.561000,0 days 00:00:17.486000,0 days 00:00:31.547000,0 days 00:00:21.528000,SOFT,4.0,4.0,,,1,16.0,False,2025,Austria,R,70.561,17.486,31.547,21.528,70.881,0.3199999999999932,69.802,0.7590000000000003,-0.3199999999999932,74.40100000000001,73.522,0.8790000000000049,70.0,0.9142857142857143,8.0,0.5,16.0,4096.0,0,0,1,0,1,0,0,4.0,0.0,0.0,7
TSU,Red Bull Racing,65.0,0 days 00:01:12.126000,0 days 00:00:19.059000,0 days 00:00:31.774000,0 days 00:00:21.293000,SOFT,5.0,4.0,,,1,16.0,False,2025,Austria,R,72.126,19.059,31.774,21.293,70.881,1.2450000000000045,69.802,2.323999999999998,1.2450000000000045,76.02600000000001,73.522,2.504000000000005,70.0,0.9285714285714286,8.0,0.625,25.0,4225.0,0,0,1,0,1,0,0,5.0,0.0,0.0,7
TSU,Red Bull Racing,66.0,0 days 00:01:10.776000,0 days 00:00:17.333000,0 days 00:00:31.419000,0 days 00:00:22.024000,SOFT,6.0,4.0,,,1,16.0,False,2025,Austria,R,70.776,17.333,31.419,22.024,70.881,0.10500000000000398,69.802,0.9739999999999895,-0.10500000000000398,74.73599999999999,73.522,1.2139999999999844,70.0,0.9428571428571428,8.0,0.75,36.0,4356.0,0,0,1,0,1,0,0,6.0,0.0,0.0,7
TSU,Red Bull Racing,67.0,0 days 00:01:13.165000,0 days 00:00:19.857000,0 days 00:00:31.872000,0 days 00:00:21.436000,SOFT,7.0,4.0,,,1,16.0,False,2025,Austria,R,73.165,19.857,31.872,21.436,70.881,2.284000000000006,69.802,3.3629999999999995,2.284000000000006,77.185,73.522,3.6629999999999967,70.0,0.9571428571428572,8.0,0.875,49.0,4489.0,0,0,1,0,1,0,0,7.0,0.0,0.0,7
TSU,Red Bull Racing,68.0,0 days 00:01:09.806000,0 days 00:00:17.135000,0 days 00:00:31.031000,0 days 00:00:21.640000,SOFT,8.0,4.0,,,1,16.0,False,2025,Austria,R,69.806,17.135,31.031,21.64,70.881,1.0750000000000028,69.802,0.003999999999990678,-1.0750000000000028,73.886,73.522,0.3639999999999901,70.0,0.9714285714285714,8.0,1.0,64.0,4624.0,0,0,1,0,1,0,0,8.0,0.0,0.0,7
