Driver,Team,LapNumber,LapTime,Sector1Time,Sector2Time,Sector3Time,Compound,TyreLife,Stint,PitInTime,PitOutTime,TrackStatus,Position,Deleted,season,race,session_type,lap_time_seconds,sector1_seconds,sector2_seconds,sector3_seconds,driver_median_lap,abs_delta_from_median,stint_baseline_lap_time,lap_time_delta_from_stint_start,normalized_lap_time,fuel_adjusted_lap_time,stint_baseline_fuel_adjusted_lap_time,fuel_adjusted_degradation_delta,race_max_lap,race_phase,stint_max_tyre_life,stint_progress,tyre_life_squared,lap_number_squared,is_first_stint,is_second_stint,is_late_race,is_early_race,is_soft,is_medium,is_hard,soft_tyre_life,medium_tyre_life,hard_tyre_life,stint_lap_count
ALB,Williams,5.0,0 days 00:01:20.465000,0 days 00:00:21.014000,0 days 00:00:38.074000,0 days 00:00:21.377000,MEDIUM,9.0,1.0,,,1,10.0,False,2025,Monaco,R,80.465,21.014,38.074,21.377,77.3265,3.1385000000000076,80.465,0.0,3.1385000000000076,80.765,80.765,0.0,78.0,0.0641025641025641,35.0,0.2571428571428571,81.0,25.0,1,0,0,1,0,1,0,0.0,9.0,0.0,27
ALB,Williams,6.0,0 days 00:01:21.426000,0 days 00:00:21.354000,0 days 00:00:38.432000,0 days 00:00:21.640000,MEDIUM,10.0,1.0,,,1,10.0,False,2025,Monaco,R,81.426,21.354,38.432,21.64,77.3265,4.099500000000006,80.465,0.9609999999999985,4.099500000000006,81.786,80.765,1.0210000000000008,78.0,0.07692307692307693,35.0,0.2857142857142857,100.0,36.0,1,0,0,1,0,1,0,0.0,10.0,0.0,27
ALB,Williams,7.0,0 days 00:01:21.287000,0 days 00:00:21.272000,0 days 00:00:38.715000,0 days 00:00:21.300000,MEDIUM,11.0,1.0,,,1,10.0,False,2025,Monaco,R,81.287,21.272,38.715,21.3,77.3265,3.9605000000000103,80.465,0.8220000000000027,3.9605000000000103,81.70700000000001,80.765,0.9420000000000073,78.0,0.08974358974358974,35.0,0.3142857142857143,121.0,49.0,1,0,0,1,0,1,0,0.0,11.0,0.0,27
ALB,Williams,8.0,0 days 00:01:20.471000,0 days 00:00:21.348000,0 days 00:00:37.673000,0 days 00:00:21.450000,MEDIUM,12.0,1.0,,,12,10.0,False,2025,Monaco,R,80.471,21.348,37.673,21.45,77.3265,3.144500000000008,80.465,0.006000000000000227,3.144500000000008,80.95100000000001,80.765,0.18600000000000705,78.0,0.10256410256410256,35.0,0.34285714285714286,144.0,64.0,1,0,0,1,0,1,0,0.0,12.0,0.0,27
ALB,Williams,9.0,0 days 00:01:24.151000,0 days 00:00:21.405000,0 days 00:00:40.877000,0 days 00:00:21.869000,MEDIUM,13.0,1.0,,,2,10.0,False,2025,Monaco,R,84.151,21.405,40.877,21.869,77.3265,6.8245000000000005,80.465,3.685999999999993,6.8245000000000005,84.691,80.765,3.926000000000002,78.0,0.11538461538461539,35.0,0.37142857142857144,169.0,81.0,1,0,0,1,0,1,0,0.0,13.0,0.0,27
ALB,Williams,10.0,0 days 00:01:21.528000,0 days 00:00:21.435000,0 days 00:00:38.773000,0 days 00:00:21.320000,MEDIUM,14.0,1.0,,,2,10.0,False,2025,Monaco,R,81.528,21.435,38.773,21.32,77.3265,4.20150000000001,80.465,1.0630000000000024,4.20150000000001,82.128,80.765,1.3629999999999995,78.0,0.1282051282051282,35.0,0.4,196.0,100.0,1,0,0,1,0,1,0,0.0,14.0,0.0,27
ALB,Williams,11.0,0 days 00:01:19.447000,0 days 00:00:21.057000,0 days 00:00:37.217000,0 days 00:00:21.173000,MEDIUM,15.0,1.0,,,21,10.0,False,2025,Monaco,R,79.447,21.057,37.217,21.173,77.3265,2.120500000000007,80.465,-1.0180000000000007,2.120500000000007,80.107,80.765,-0.6580000000000013,78.0,0.14102564102564102,35.0,0.42857142857142855,225.0,121.0,1,0,0,1,0,1,0,0.0,15.0,0.0,27
ALB,Williams,12.0,0 days 00:01:19.660000,0 days 00:00:21.127000,0 days 00:00:37.603000,0 days 00:00:20.930000,MEDIUM,16.0,1.0,,,1,10.0,False,2025,Monaco,R,79.66,21.127,37.603,20.93,77.3265,2.333500000000001,80.465,-0.8050000000000068,2.333500000000001,80.38,80.765,-0.3850000000000051,78.0,0.15384615384615385,35.0,0.45714285714285713,256.0,144.0,1,0,0,1,0,1,0,0.0,16.0,0.0,27
ALB,Williams,13.0,0 days 00:01:19.244000,0 days 00:00:21.144000,0 days 00:00:37.200000,0 days 00:00:20.900000,MEDIUM,17.0,1.0,,,1,10.0,False,2025,Monaco,R,79.244,21.144,37.2,20.9,77.3265,1.917500000000004,80.465,-1.2210000000000036,1.917500000000004,80.024,80.765,-0.7409999999999997,78.0,0.16666666666666666,35.0,0.4857142857142857,289.0,169.0,1,0,0,1,0,1,0,0.0,17.0,0.0,27
ALB,Williams,14.0,0 days 00:01:19.817000,0 days 00:00:21.334000,0 days 00:00:37.341000,0 days 00:00:21.142000,MEDIUM,18.0,1.0,,,1,10.0,False,2025,Monaco,R,79.817,21.334,37.341,21.142,77.3265,2.4904999999999973,80.465,-0.6480000000000103,2.4904999999999973,80.657,80.765,-0.10800000000000409,78.0,0.1794871794871795,35.0,0.5142857142857142,324.0,196.0,1,0,0,1,0,1,0,0.0,18.0,0.0,27
ALB,Williams,15.0,0 days 00:01:20.143000,0 days 00:00:20.872000,0 days 00:00:37.708000,0 days 00:00:21.563000,MEDIUM,19.0,1.0,,,1,10.0,False,2025,Monaco,R,80.143,20.872,37.708,21.563,77.3265,2.816500000000005,80.465,-0.32200000000000273,2.816500000000005,81.043,80.765,0.2780000000000058,78.0,0.19230769230769232,35.0,0.5428571428571428,361.0,225.0,1,0,0,1,0,1,0,0.0,19.0,0.0,27
ALB,Williams,16.0,0 days 00:01:20.692000,0 days 00:00:21.145000,0 days 00:00:38.161000,0 days 00:00:21.386000,MEDIUM,20.0,1.0,,,1,10.0,False,2025,Monaco,R,80.692,21.145,38.161,21.386,77.3265,3.3654999999999973,80.465,0.22699999999998965,3.3654999999999973,81.65199999999999,80.765,0.8869999999999862,78.0,0.20512820512820512,35.0,0.5714285714285714,400.0,256.0,1,0,0,1,0,1,0,0.0,20.0,0.0,27
ALB,Williams,17.0,0 days 00:01:20.978000,0 days 00:00:21.574000,0 days 00:00:38.014000,0 days 00:00:21.390000,MEDIUM,21.0,1.0,,,1,10.0,False,2025,Monaco,R,80.978,21.574,38.014,21.39,77.3265,3.6514999999999986,80.465,0.512999999999991,3.6514999999999986,81.99799999999999,80.765,1.2329999999999899,78.0,0.21794871794871795,35.0,0.6,441.0,289.0,1,0,0,1,0,1,0,0.0,21.0,0.0,27
ALB,Williams,18.0,0 days 00:01:20.235000,0 days 00:00:21.198000,0 days 00:00:37.628000,0 days 00:00:21.409000,MEDIUM,22.0,1.0,,,1,10.0,False,2025,Monaco,R,80.235,21.198,37.628,21.409,77.3265,2.9085000000000036,80.465,-0.23000000000000398,2.9085000000000036,81.315,80.765,0.5499999999999972,78.0,0.23076923076923078,35.0,0.6285714285714286,484.0,324.0,1,0,0,1,0,1,0,0.0,22.0,0.0,27
ALB,Williams,19.0,0 days 00:01:19.279000,0 days 00:00:21.045000,0 days 00:00:37.003000,0 days 00:00:21.231000,MEDIUM,23.0,1.0,,,1,10.0,False,2025,Monaco,R,79.279,21.045,37.003,21.231,77.3265,1.9525000000000006,80.465,-1.186000000000007,1.9525000000000006,80.419,80.765,-0.34600000000000364,78.0,0.24358974358974358,35.0,0.6571428571428571,529.0,361.0,1,0,0,1,0,1,0,0.0,23.0,0.0,27
ALB,Williams,20.0,0 days 00:01:17.928000,0 days 00:00:20.723000,0 days 00:00:36.668000,0 days 00:00:20.537000,MEDIUM,24.0,1.0,,,1,10.0,False,2025,Monaco,R,77.928,20.723,36.668,20.537,77.3265,0.6015000000000015,80.465,-2.537000000000006,0.6015000000000015,79.128,80.765,-1.6370000000000005,78.0,0.2564102564102564,35.0,0.6857142857142857,576.0,400.0,1,0,0,1,0,1,0,0.0,24.0,0.0,27
ALB,Williams,21.0,0 days 00:01:17.096000,0 days 00:00:20.289000,0 days 00:00:36.265000,0 days 00:00:20.542000,MEDIUM,25.0,1.0,,,1,10.0,False,2025,Monaco,R,77.096,20.289,36.265,20.542,77.3265,0.23049999999999216,80.465,-3.3689999999999998,-0.23049999999999216,78.35600000000001,80.765,-2.408999999999992,78.0,0.2692307692307692,35.0,0.7142857142857143,625.0,441.0,1,0,0,1,0,1,0,0.0,25.0,0.0,27
ALB,Williams,22.0,0 days 00:01:17.001000,0 days 00:00:20.270000,0 days 00:00:36.252000,0 days 00:00:20.479000,MEDIUM,26.0,1.0,,,1,10.0,False,2025,Monaco,R,77.001,20.27,36.252,20.479,77.3265,0.325499999999991,80.465,-3.4639999999999986,-0.325499999999991,78.321,80.765,-2.4440000000000026,78.0,0.28205128205128205,35.0,0.7428571428571429,676.0,484.0,1,0,0,1,0,1,0,0.0,26.0,0.0,27
ALB,Williams,23.0,0 days 00:01:16.556000,0 days 00:00:20.223000,0 days 00:00:36.046000,0 days 00:00:20.287000,MEDIUM,27.0,1.0,,,1,10.0,False,2025,Monaco,R,76.556,20.223,36.046,20.287,77.3265,0.7704999999999984,80.465,-3.909000000000006,-0.7704999999999984,77.93599999999999,80.765,-2.8290000000000077,78.0,0.2948717948717949,35.0,0.7714285714285715,729.0,529.0,1,0,0,1,0,1,0,0.0,27.0,0.0,27
ALB,Williams,24.0,0 days 00:01:16.954000,0 days 00:00:20.329000,0 days 00:00:36.173000,0 days 00:00:20.452000,MEDIUM,28.0,1.0,,,1,10.0,False,2025,Monaco,R,76.954,20.329,36.173,20.452,77.3265,0.3725000000000023,80.465,-3.51100000000001,-0.3725000000000023,78.39399999999999,80.765,-2.3710000000000093,78.0,0.3076923076923077,35.0,0.8,784.0,576.0,1,0,0,1,0,1,0,0.0,28.0,0.0,27
ALB,Williams,25.0,0 days 00:01:17.653000,0 days 00:00:20.319000,0 days 00:00:36.620000,0 days 00:00:20.714000,MEDIUM,29.0,1.0,,,1,10.0,False,2025,Monaco,R,77.653,20.319,36.62,20.714,77.3265,0.32650000000001,80.465,-2.8119999999999976,0.32650000000001,79.153,80.765,-1.6119999999999948,78.0,0.32051282051282054,35.0,0.8285714285714286,841.0,625.0,1,0,0,1,0,1,0,0.0,29.0,0.0,27
ALB,Williams,26.0,0 days 00:01:17.264000,0 days 00:00:20.321000,0 days 00:00:36.319000,0 days 00:00:20.624000,MEDIUM,30.0,1.0,,,1,10.0,False,2025,Monaco,R,77.264,20.321,36.319,20.624,77.3265,0.0625,80.465,-3.2010000000000076,-0.0625,78.824,80.765,-1.9410000000000025,78.0,0.3333333333333333,35.0,0.8571428571428571,900.0,676.0,1,0,0,0,0,1,0,0.0,30.0,0.0,27
ALB,Williams,27.0,0 days 00:01:17.185000,0 days 00:00:20.491000,0 days 00:00:36.250000,0 days 00:00:20.444000,MEDIUM,31.0,1.0,,,1,10.0,False,2025,Monaco,R,77.185,20.491,36.25,20.444,77.3265,0.14149999999999352,80.465,-3.280000000000001,-0.14149999999999352,78.805,80.765,-1.9599999999999937,78.0,0.34615384615384615,35.0,0.8857142857142857,961.0,729.0,1,0,0,0,0,1,0,0.0,31.0,0.0,27
ALB,Williams,28.0,0 days 00:01:16.701000,0 days 00:00:20.151000,0 days 00:00:36.150000,0 days 00:00:20.400000,MEDIUM,32.0,1.0,,,1,9.0,False,2025,Monaco,R,76.701,20.151,36.15,20.4,77.3265,0.6255000000000024,80.465,-3.76400000000001,-0.6255000000000024,78.381,80.765,-2.3840000000000003,78.0,0.358974358974359,35.0,0.9142857142857143,1024.0,784.0,1,0,0,0,0,1,0,0.0,32.0,0.0,27
ALB,Williams,29.0,0 days 00:01:16.969000,0 days 00:00:20.264000,0 days 00:00:36.280000,0 days 00:00:20.425000,MEDIUM,33.0,1.0,,,1,9.0,False,2025,Monaco,R,76.969,20.264,36.28,20.425,77.3265,0.3575000000000017,80.465,-3.4960000000000093,-0.3575000000000017,78.70899999999999,80.765,-2.0560000000000116,78.0,0.3717948717948718,35.0,0.9428571428571428,1089.0,841.0,1,0,0,0,0,1,0,0.0,33.0,0.0,27
ALB,Williams,30.0,0 days 00:01:16.888000,0 days 00:00:20.317000,0 days 00:00:36.201000,0 days 00:00:20.370000,MEDIUM,34.0,1.0,,,1,9.0,False,2025,Monaco,R,76.888,20.317,36.201,20.37,77.3265,0.43849999999999056,80.465,-3.576999999999998,-0.43849999999999056,78.688,80.765,-2.076999999999998,78.0,0.38461538461538464,35.0,0.9714285714285714,1156.0,900.0,1,0,0,0,0,1,0,0.0,34.0,0.0,27
ALB,Williams,31.0,0 days 00:01:16.870000,0 days 00:00:20.215000,0 days 00:00:36.160000,0 days 00:00:20.495000,MEDIUM,35.0,1.0,,,1,8.0,False,2025,Monaco,R,76.87,20.215,36.16,20.495,77.3265,0.45649999999999125,80.465,-3.594999999999999,-0.45649999999999125,78.73,80.765,-2.0349999999999966,78.0,0.3974358974358974,35.0,1.0,1225.0,961.0,1,0,0,0,0,1,0,0.0,35.0,0.0,27
ALB,Williams,34.0,0 days 00:01:20.232000,0 days 00:00:21.639000,0 days 00:00:38.239000,0 days 00:00:20.354000,MEDIUM,10.0,2.0,,,1,10.0,False,2025,Monaco,R,80.232,21.639,38.239,20.354,77.3265,2.9055000000000035,80.232,0.0,2.9055000000000035,82.272,82.272,0.0,78.0,0.4358974358974359,15.0,0.6666666666666666,100.0,1156.0,0,1,0,0,0,1,0,0.0,10.0,0.0,6
ALB,Williams,35.0,0 days 00:01:16.381000,0 days 00:00:20.045000,0 days 00:00:35.979000,0 days 00:00:20.357000,MEDIUM,11.0,2.0,,,1,10.0,False,2025,Monaco,R,76.381,20.045,35.979,20.357,77.3265,0.9454999999999956,80.232,-3.850999999999999,-0.9454999999999956,78.481,82.272,-3.791000000000011,78.0,0.44871794871794873,15.0,0.7333333333333333,121.0,1225.0,0,1,0,0,0,1,0,0.0,11.0,0.0,6
ALB,Williams,36.0,0 days 00:01:16.185000,0 days 00:00:20.043000,0 days 00:00:35.854000,0 days 00:00:20.288000,MEDIUM,12.0,2.0,,,1,10.0,False,2025,Monaco,R,76.185,20.043,35.854,20.288,77.3265,1.1414999999999935,80.232,-4.046999999999997,-1.1414999999999935,78.345,82.272,-3.9270000000000067,78.0,0.46153846153846156,15.0,0.8,144.0,1296.0,0,1,0,0,0,1,0,0.0,12.0,0.0,6
ALB,Williams,37.0,0 days 00:01:16.153000,0 days 00:00:20.065000,0 days 00:00:35.843000,0 days 00:00:20.245000,MEDIUM,13.0,2.0,,,12,9.0,False,2025,Monaco,R,76.153,20.065,35.843,20.245,77.3265,1.17349999999999,80.232,-4.0789999999999935,-1.17349999999999,78.373,82.272,-3.899000000000001,78.0,0.47435897435897434,15.0,0.8666666666666667,169.0,1369.0,0,1,0,0,0,1,0,0.0,13.0,0.0,6
ALB,Williams,38.0,0 days 00:01:15.529000,0 days 00:00:19.849000,0 days 00:00:35.636000,0 days 00:00:20.044000,MEDIUM,14.0,2.0,,,1,9.0,False,2025,Monaco,R,75.529,19.849,35.636,20.044,77.3265,1.7974999999999994,80.232,-4.703000000000003,-1.7974999999999994,77.809,82.272,-4.463000000000008,78.0,0.48717948717948717,15.0,0.9333333333333333,196.0,1444.0,0,1,0,0,0,1,0,0.0,14.0,0.0,6
ALB,Williams,39.0,0 days 00:01:15.303000,0 days 00:00:19.878000,0 days 00:00:35.511000,0 days 00:00:19.914000,MEDIUM,15.0,2.0,,,1,9.0,False,2025,Monaco,R,75.303,19.878,35.511,19.914,77.3265,2.0234999999999985,80.232,-4.929000000000002,-2.0234999999999985,77.643,82.272,-4.629000000000005,78.0,0.5,15.0,1.0,225.0,1521.0,0,1,0,0,0,1,0,0.0,15.0,0.0,6
ALB,Williams,42.0,0 days 00:01:18.819000,0 days 00:00:20.163000,0 days 00:00:38.224000,0 days 00:00:20.432000,HARD,2.0,3.0,,,1,10.0,False,2025,Monaco,R,78.819,20.163,38.224,20.432,77.3265,1.4925000000000068,78.819,0.0,1.4925000000000068,81.339,81.339,0.0,78.0,0.5384615384615384,36.0,0.05555555555555555,4.0,1764.0,0,0,0,0,0,0,1,0.0,0.0,2.0,35
ALB,Williams,43.0,0 days 00:01:18.638000,0 days 00:00:20.484000,0 days 00:00:37.232000,0 days 00:00:20.922000,HARD,3.0,3.0,,,1,10.0,False,2025,Monaco,R,78.638,20.484,37.232,20.922,77.3265,1.3115000000000094,78.819,-0.18099999999999739,1.3115000000000094,81.218,81.339,-0.12099999999999511,78.0,0.5512820512820513,36.0,0.08333333333333333,9.0,1849.0,0,0,0,0,0,0,1,0.0,0.0,3.0,35
ALB,Williams,44.0,0 days 00:01:19.225000,0 days 00:00:20.384000,0 days 00:00:37.633000,0 days 00:00:21.208000,HARD,4.0,3.0,,,1,10.0,False,2025,Monaco,R,79.225,20.384,37.633,21.208,77.3265,1.8984999999999985,78.819,0.4059999999999917,1.8984999999999985,81.865,81.339,0.5259999999999962,78.0,0.5641025641025641,36.0,0.1111111111111111,16.0,1936.0,0,0,0,0,0,0,1,0.0,0.0,4.0,35
ALB,Williams,45.0,0 days 00:01:19.224000,0 days 00:00:20.454000,0 days 00:00:37.614000,0 days 00:00:21.156000,HARD,5.0,3.0,,,1,10.0,False,2025,Monaco,R,79.224,20.454,37.614,21.156,77.3265,1.897500000000008,78.819,0.40500000000000114,1.897500000000008,81.924,81.339,0.585000000000008,78.0,0.5769230769230769,36.0,0.1388888888888889,25.0,2025.0,0,0,0,0,0,0,1,0.0,0.0,5.0,35
ALB,Williams,46.0,0 days 00:01:19.332000,0 days 00:00:20.746000,0 days 00:00:37.549000,0 days 00:00:21.037000,HARD,6.0,3.0,,,1,10.0,False,2025,Monaco,R,79.332,20.746,37.549,21.037,77.3265,2.005499999999998,78.819,0.512999999999991,2.005499999999998,82.092,81.339,0.7530000000000001,78.0,0.5897435897435898,36.0,0.16666666666666666,36.0,2116.0,0,0,0,0,0,0,1,0.0,0.0,6.0,35
ALB,Williams,47.0,0 days 00:01:19.173000,0 days 00:00:20.762000,0 days 00:00:37.595000,0 days 00:00:20.816000,HARD,7.0,3.0,,,1,10.0,False,2025,Monaco,R,79.173,20.762,37.595,20.816,77.3265,1.846500000000006,78.819,0.3539999999999992,1.846500000000006,81.993,81.339,0.6539999999999964,78.0,0.6025641025641025,36.0,0.19444444444444445,49.0,2209.0,0,0,0,0,0,0,1,0.0,0.0,7.0,35
ALB,Williams,48.0,0 days 00:01:20.193000,0 days 00:00:21.133000,0 days 00:00:38.049000,0 days 00:00:21.011000,HARD,8.0,3.0,,,1,11.0,False,2025,Monaco,R,80.193,21.133,38.049,21.011,77.3265,2.866500000000002,78.819,1.3739999999999952,2.866500000000002,83.073,81.339,1.7339999999999947,78.0,0.6153846153846154,36.0,0.2222222222222222,64.0,2304.0,0,0,0,0,0,0,1,0.0,0.0,8.0,35
ALB,Williams,49.0,0 days 00:01:18.234000,0 days 00:00:20.281000,0 days 00:00:37.284000,0 days 00:00:20.669000,HARD,9.0,3.0,,,1,11.0,False,2025,Monaco,R,78.234,20.281,37.284,20.669,77.3265,0.9074999999999989,78.819,-0.585000000000008,0.9074999999999989,81.17399999999999,81.339,-0.16500000000000625,78.0,0.6282051282051282,36.0,0.25,81.0,2401.0,0,0,0,0,0,0,1,0.0,0.0,9.0,35
ALB,Williams,50.0,0 days 00:01:19.166000,0 days 00:00:20.683000,0 days 00:00:37.742000,0 days 00:00:20.741000,HARD,10.0,3.0,,,1,11.0,False,2025,Monaco,R,79.166,20.683,37.742,20.741,77.3265,1.839500000000001,78.819,0.3469999999999942,1.839500000000001,82.166,81.339,0.8269999999999982,78.0,0.6410256410256411,36.0,0.2777777777777778,100.0,2500.0,0,0,0,0,0,0,1,0.0,0.0,10.0,35
ALB,Williams,51.0,0 days 00:01:19.828000,0 days 00:00:20.371000,0 days 00:00:38.125000,0 days 00:00:21.332000,HARD,11.0,3.0,,,1,11.0,False,2025,Monaco,R,79.828,20.371,38.125,21.332,77.3265,2.501500000000007,78.819,1.0090000000000003,2.501500000000007,82.888,81.339,1.5490000000000066,78.0,0.6538461538461539,36.0,0.3055555555555556,121.0,2601.0,0,0,0,0,0,0,1,0.0,0.0,11.0,35
ALB,Williams,52.0,0 days 00:01:20.130000,0 days 00:00:21.241000,0 days 00:00:37.434000,0 days 00:00:21.455000,HARD,12.0,3.0,,,1,11.0,False,2025,Monaco,R,80.13,21.241,37.434,21.455,77.3265,2.8034999999999997,78.819,1.3109999999999928,2.8034999999999997,83.25,81.339,1.9110000000000014,78.0,0.6666666666666666,36.0,0.3333333333333333,144.0,2704.0,0,0,1,0,0,0,1,0.0,0.0,12.0,35
ALB,Williams,53.0,0 days 00:01:19.403000,0 days 00:00:20.534000,0 days 00:00:38.232000,0 days 00:00:20.637000,HARD,13.0,3.0,,,1,11.0,False,2025,Monaco,R,79.403,20.534,38.232,20.637,77.3265,2.07650000000001,78.819,0.5840000000000032,2.07650000000001,82.583,81.339,1.2439999999999998,78.0,0.6794871794871795,36.0,0.3611111111111111,169.0,2809.0,0,0,1,0,0,0,1,0.0,0.0,13.0,35
ALB,Williams,54.0,0 days 00:01:17.389000,0 days 00:00:20.284000,0 days 00:00:36.770000,0 days 00:00:20.335000,HARD,14.0,3.0,,,1,11.0,False,2025,Monaco,R,77.389,20.284,36.77,20.335,77.3265,0.0625,78.819,-1.4300000000000068,0.0625,80.62899999999999,81.339,-0.710000000000008,78.0,0.6923076923076923,36.0,0.3888888888888889,196.0,2916.0,0,0,1,0,0,0,1,0.0,0.0,14.0,35
ALB,Williams,55.0,0 days 00:01:17.086000,0 days 00:00:19.954000,0 days 00:00:36.167000,0 days 00:00:20.965000,HARD,15.0,3.0,,,1,11.0,False,2025,Monaco,R,77.086,19.954,36.167,20.965,77.3265,0.24049999999999727,78.819,-1.733000000000004,-0.24049999999999727,80.386,81.339,-0.953000000000003,78.0,0.7051282051282052,36.0,0.4166666666666667,225.0,3025.0,0,0,1,0,0,0,1,0.0,0.0,15.0,35
ALB,Williams,56.0,0 days 00:01:19.159000,0 days 00:00:20.769000,0 days 00:00:37.237000,0 days 00:00:21.153000,HARD,16.0,3.0,,,1,11.0,False,2025,Monaco,R,79.159,20.769,37.237,21.153,77.3265,1.8325000000000102,78.819,0.3400000000000034,1.8325000000000102,82.519,81.339,1.1800000000000068,78.0,0.717948717948718,36.0,0.4444444444444444,256.0,3136.0,0,0,1,0,0,0,1,0.0,0.0,16.0,35
ALB,Williams,57.0,0 days 00:01:16.136000,0 days 00:00:20.201000,0 days 00:00:35.774000,0 days 00:00:20.161000,HARD,17.0,3.0,,,1,11.0,False,2025,Monaco,R,76.136,20.201,35.774,20.161,77.3265,1.1905000000000001,78.819,-2.683000000000007,-1.1905000000000001,79.556,81.339,-1.7830000000000013,78.0,0.7307692307692307,36.0,0.4722222222222222,289.0,3249.0,0,0,1,0,0,0,1,0.0,0.0,17.0,35
ALB,Williams,58.0,0 days 00:01:15.795000,0 days 00:00:19.882000,0 days 00:00:35.922000,0 days 00:00:19.991000,HARD,18.0,3.0,,,1,11.0,False,2025,Monaco,R,75.795,19.882,35.922,19.991,77.3265,1.531499999999994,78.819,-3.024000000000001,-1.531499999999994,79.275,81.339,-2.063999999999993,78.0,0.7435897435897436,36.0,0.5,324.0,3364.0,0,0,1,0,0,0,1,0.0,0.0,18.0,35
ALB,Williams,59.0,0 days 00:01:15.509000,0 days 00:00:19.804000,0 days 00:00:35.693000,0 days 00:00:20.012000,HARD,19.0,3.0,,,1,11.0,False,2025,Monaco,R,75.509,19.804,35.693,20.012,77.3265,1.8174999999999955,78.819,-3.3100000000000023,-1.8174999999999955,79.049,81.339,-2.289999999999992,78.0,0.7564102564102564,36.0,0.5277777777777778,361.0,3481.0,0,0,1,0,0,0,1,0.0,0.0,19.0,35
ALB,Williams,60.0,0 days 00:01:15.726000,0 days 00:00:19.751000,0 days 00:00:35.816000,0 days 00:00:20.159000,HARD,20.0,3.0,,,1,11.0,False,2025,Monaco,R,75.726,19.751,35.816,20.159,77.3265,1.6004999999999967,78.819,-3.0930000000000035,-1.6004999999999967,79.326,81.339,-2.0130000000000052,78.0,0.7692307692307693,36.0,0.5555555555555556,400.0,3600.0,0,0,1,0,0,0,1,0.0,0.0,20.0,35
ALB,Williams,61.0,0 days 00:01:16.046000,0 days 00:00:19.846000,0 days 00:00:36.049000,0 days 00:00:20.151000,HARD,21.0,3.0,,,1,11.0,False,2025,Monaco,R,76.046,19.846,36.049,20.151,77.3265,1.2804999999999893,78.819,-2.772999999999996,-1.2804999999999893,79.706,81.339,-1.6329999999999956,78.0,0.782051282051282,36.0,0.5833333333333334,441.0,3721.0,0,0,1,0,0,0,1,0.0,0.0,21.0,35
ALB,Williams,62.0,0 days 00:01:16.370000,0 days 00:00:19.869000,0 days 00:00:36.111000,0 days 00:00:20.390000,HARD,22.0,3.0,,,1,10.0,False,2025,Monaco,R,76.37,19.869,36.111,20.39,77.3265,0.9564999999999912,78.819,-2.448999999999998,-0.9564999999999912,80.09,81.339,-1.2489999999999952,78.0,0.7948717948717948,36.0,0.6111111111111112,484.0,3844.0,0,0,1,0,0,0,1,0.0,0.0,22.0,35
ALB,Williams,63.0,0 days 00:01:15.082000,0 days 00:00:19.698000,0 days 00:00:35.392000,0 days 00:00:19.992000,HARD,23.0,3.0,,,1,10.0,False,2025,Monaco,R,75.082,19.698,35.392,19.992,77.3265,2.244500000000002,78.819,-3.737000000000009,-2.244500000000002,78.862,81.339,-2.477000000000004,78.0,0.8076923076923077,36.0,0.6388888888888888,529.0,3969.0,0,0,1,0,0,0,1,0.0,0.0,23.0,35
ALB,Williams,64.0,0 days 00:01:16.228000,0 days 00:00:19.935000,0 days 00:00:36.166000,0 days 00:00:20.127000,HARD,24.0,3.0,,,1,9.0,False,2025,Monaco,R,76.228,19.935,36.166,20.127,77.3265,1.0985000000000014,78.819,-2.591000000000008,-1.0985000000000014,80.068,81.339,-1.2710000000000008,78.0,0.8205128205128205,36.0,0.6666666666666666,576.0,4096.0,0,0,1,0,0,0,1,0.0,0.0,24.0,35
ALB,Williams,65.0,0 days 00:01:15.156000,0 days 00:00:19.780000,0 days 00:00:35.529000,0 days 00:00:19.847000,HARD,25.0,3.0,,,1,9.0,False,2025,Monaco,R,75.156,19.78,35.529,19.847,77.3265,2.17049999999999,78.819,-3.6629999999999967,-2.17049999999999,79.05600000000001,81.339,-2.282999999999987,78.0,0.8333333333333334,36.0,0.6944444444444444,625.0,4225.0,0,0,1,0,0,0,1,0.0,0.0,25.0,35
ALB,Williams,66.0,0 days 00:01:14.870000,0 days 00:00:19.750000,0 days 00:00:35.383000,0 days 00:00:19.737000,HARD,26.0,3.0,,,1,9.0,False,2025,Monaco,R,74.87,19.75,35.383,19.737,77.3265,2.4564999999999912,78.819,-3.948999999999998,-2.4564999999999912,78.83,81.339,-2.5090000000000003,78.0,0.8461538461538461,36.0,0.7222222222222222,676.0,4356.0,0,0,1,0,0,0,1,0.0,0.0,26.0,35
ALB,Williams,67.0,0 days 00:01:14.928000,0 days 00:00:19.653000,0 days 00:00:35.443000,0 days 00:00:19.832000,HARD,27.0,3.0,,,1,9.0,False,2025,Monaco,R,74.928,19.653,35.443,19.832,77.3265,2.3984999999999985,78.819,-3.8910000000000053,-2.3984999999999985,78.948,81.339,-2.3910000000000053,78.0,0.8589743589743589,36.0,0.75,729.0,4489.0,0,0,1,0,0,0,1,0.0,0.0,27.0,35
ALB,Williams,68.0,0 days 00:01:14.885000,0 days 00:00:19.623000,0 days 00:00:35.498000,0 days 00:00:19.764000,HARD,28.0,3.0,,,1,9.0,False,2025,Monaco,R,74.885,19.623,35.498,19.764,77.3265,2.4414999999999907,78.819,-3.9339999999999975,-2.4414999999999907,78.965,81.339,-2.3739999999999952,78.0,0.8717948717948718,36.0,0.7777777777777778,784.0,4624.0,0,0,1,0,0,0,1,0.0,0.0,28.0,35
ALB,Williams,69.0,0 days 00:01:16.790000,0 days 00:00:19.819000,0 days 00:00:36.448000,0 days 00:00:20.523000,HARD,29.0,3.0,,,1,9.0,False,2025,Monaco,R,76.79,19.819,36.448,20.523,77.3265,0.5364999999999895,78.819,-2.0289999999999964,-0.5364999999999895,80.93,81.339,-0.4089999999999918,78.0,0.8846153846153846,36.0,0.8055555555555556,841.0,4761.0,0,0,1,0,0,0,1,0.0,0.0,29.0,35
ALB,Williams,70.0,0 days 00:01:16.010000,0 days 00:00:20.001000,0 days 00:00:35.800000,0 days 00:00:20.209000,HARD,30.0,3.0,,,1,9.0,False,2025,Monaco,R,76.01,20.001,35.8,20.209,77.3265,1.3164999999999907,78.819,-2.8089999999999975,-1.3164999999999907,80.21000000000001,81.339,-1.1289999999999907,78.0,0.8974358974358975,36.0,0.8333333333333334,900.0,4900.0,0,0,1,0,0,0,1,0.0,0.0,30.0,35
ALB,Williams,71.0,0 days 00:01:15.751000,0 days 00:00:19.777000,0 days 00:00:35.793000,0 days 00:00:20.181000,HARD,31.0,3.0,,,1,9.0,False,2025,Monaco,R,75.751,19.777,35.793,20.181,77.3265,1.575499999999991,78.819,-3.067999999999998,-1.575499999999991,80.01100000000001,81.339,-1.3279999999999887,78.0,0.9102564102564102,36.0,0.8611111111111112,961.0,5041.0,0,0,1,0,0,0,1,0.0,0.0,31.0,35
ALB,Williams,72.0,0 days 00:01:15.870000,0 days 00:00:19.934000,0 days 00:00:35.768000,0 days 00:00:20.168000,HARD,32.0,3.0,,,1,9.0,False,2025,Monaco,R,75.87,19.934,35.768,20.168,77.3265,1.4564999999999912,78.819,-2.948999999999998,-1.4564999999999912,80.19,81.339,-1.149000000000001,78.0,0.9230769230769231,36.0,0.8888888888888888,1024.0,5184.0,0,0,1,0,0,0,1,0.0,0.0,32.0,35
ALB,Williams,73.0,0 days 00:01:15.150000,0 days 00:00:19.815000,0 days 00:00:35.545000,0 days 00:00:19.790000,HARD,33.0,3.0,,,1,9.0,False,2025,Monaco,R,75.15,19.815,35.545,19.79,77.3265,2.17649999999999,78.819,-3.668999999999997,-2.17649999999999,79.53,81.339,-1.8089999999999975,78.0,0.9358974358974359,36.0,0.9166666666666666,1089.0,5329.0,0,0,1,0,0,0,1,0.0,0.0,33.0,35
ALB,Williams,74.0,0 days 00:01:14.597000,0 days 00:00:19.592000,0 days 00:00:35.332000,0 days 00:00:19.673000,HARD,34.0,3.0,,,1,9.0,False,2025,Monaco,R,74.597,19.592,35.332,19.673,77.3265,2.7295000000000016,78.819,-4.222000000000008,-2.7295000000000016,79.03699999999999,81.339,-2.3020000000000067,78.0,0.9487179487179487,36.0,0.9444444444444444,1156.0,5476.0,0,0,1,0,0,0,1,0.0,0.0,34.0,35
ALB,Williams,75.0,0 days 00:01:14.600000,0 days 00:00:19.565000,0 days 00:00:35.364000,0 days 00:00:19.671000,HARD,35.0,3.0,,,1,9.0,False,2025,Monaco,R,74.6,19.565,35.364,19.671,77.3265,2.7265000000000015,78.819,-4.219000000000008,-2.7265000000000015,79.1,81.339,-2.2390000000000043,78.0,0.9615384615384616,36.0,0.9722222222222222,1225.0,5625.0,0,0,1,0,0,0,1,0.0,0.0,35.0,35
ALB,Williams,76.0,0 days 00:01:14.776000,0 days 00:00:19.564000,0 days 00:00:35.374000,0 days 00:00:19.838000,HARD,36.0,3.0,,,1,9.0,False,2025,Monaco,R,74.776,19.564,35.374,19.838,77.3265,2.5504999999999995,78.819,-4.043000000000006,-2.5504999999999995,79.336,81.339,-2.003,78.0,0.9743589743589743,36.0,1.0,1296.0,5776.0,0,0,1,0,0,0,1,0.0,0.0,36.0,35
ALO,Aston Martin,5.0,0 days 00:01:20.940000,0 days 00:00:21.215000,0 days 00:00:38.446000,0 days 00:00:21.279000,HARD,6.0,1.0,,,1,6.0,False,2025,Monaco,R,80.94,21.215,38.446,21.279,77.333,3.6069999999999993,80.94,0.0,3.6069999999999993,81.24,81.24,0.0,78.0,0.0641025641025641,16.0,0.375,36.0,25.0,1,0,0,1,0,0,1,0.0,0.0,6.0,11
ALO,Aston Martin,6.0,0 days 00:01:20.424000,0 days 00:00:21.360000,0 days 00:00:38.050000,0 days 00:00:21.014000,HARD,7.0,1.0,,,1,6.0,False,2025,Monaco,R,80.424,21.36,38.05,21.014,77.333,3.091000000000008,80.94,-0.5159999999999911,3.091000000000008,80.784,81.24,-0.45599999999998886,78.0,0.07692307692307693,16.0,0.4375,49.0,36.0,1,0,0,1,0,0,1,0.0,0.0,7.0,11
ALO,Aston Martin,7.0,0 days 00:01:20.222000,0 days 00:00:21.210000,0 days 00:00:37.915000,0 days 00:00:21.097000,HARD,8.0,1.0,,,1,6.0,False,2025,Monaco,R,80.222,21.21,37.915,21.097,77.333,2.888999999999996,80.94,-0.7180000000000035,2.888999999999996,80.642,81.24,-0.597999999999999,78.0,0.08974358974358974,16.0,0.5,64.0,49.0,1,0,0,1,0,0,1,0.0,0.0,8.0,11
ALO,Aston Martin,8.0,0 days 00:01:19.105000,0 days 00:00:20.807000,0 days 00:00:37.418000,0 days 00:00:20.880000,HARD,9.0,1.0,,,12,6.0,False,2025,Monaco,R,79.105,20.807,37.418,20.88,77.333,1.7720000000000056,80.94,-1.8349999999999937,1.7720000000000056,79.58500000000001,81.24,-1.654999999999987,78.0,0.10256410256410256,16.0,0.5625,81.0,64.0,1,0,0,1,0,0,1,0.0,0.0,9.0,11
ALO,Aston Martin,9.0,0 days 00:01:22.183000,0 days 00:00:20.318000,0 days 00:00:40.954000,0 days 00:00:20.911000,HARD,10.0,1.0,,,2,6.0,False,2025,Monaco,R,82.183,20.318,40.954,20.911,77.333,4.8500000000000085,80.94,1.2430000000000092,4.8500000000000085,82.72300000000001,81.24,1.4830000000000183,78.0,0.11538461538461539,16.0,0.625,100.0,81.0,1,0,0,1,0,0,1,0.0,0.0,10.0,11
ALO,Aston Martin,10.0,0 days 00:01:20.167000,0 days 00:00:20.298000,0 days 00:00:39.123000,0 days 00:00:20.746000,HARD,11.0,1.0,,,2,6.0,False,2025,Monaco,R,80.167,20.298,39.123,20.746,77.333,2.834000000000003,80.94,-0.7729999999999961,2.834000000000003,80.767,81.24,-0.472999999999999,78.0,0.1282051282051282,16.0,0.6875,121.0,100.0,1,0,0,1,0,0,1,0.0,0.0,11.0,11
ALO,Aston Martin,11.0,0 days 00:01:17.469000,0 days 00:00:20.465000,0 days 00:00:36.583000,0 days 00:00:20.421000,HARD,12.0,1.0,,,21,6.0,False,2025,Monaco,R,77.469,20.465,36.583,20.421,77.333,0.13599999999999568,80.94,-3.4710000000000036,0.13599999999999568,78.12899999999999,81.24,-3.111000000000004,78.0,0.14102564102564102,16.0,0.75,144.0,121.0,1,0,0,1,0,0,1,0.0,0.0,12.0,11
ALO,Aston Martin,12.0,0 days 00:01:17.319000,0 days 00:00:20.378000,0 days 00:00:36.539000,0 days 00:00:20.402000,HARD,13.0,1.0,,,1,6.0,False,2025,Monaco,R,77.319,20.378,36.539,20.402,77.333,0.013999999999995794,80.94,-3.620999999999995,-0.013999999999995794,78.039,81.24,-3.2009999999999934,78.0,0.15384615384615385,16.0,0.8125,169.0,144.0,1,0,0,1,0,0,1,0.0,0.0,13.0,11
ALO,Aston Martin,13.0,0 days 00:01:16.411000,0 days 00:00:20.107000,0 days 00:00:36.105000,0 days 00:00:20.199000,HARD,14.0,1.0,,,1,6.0,False,2025,Monaco,R,76.411,20.107,36.105,20.199,77.333,0.921999999999997,80.94,-4.528999999999996,-0.921999999999997,77.191,81.24,-4.048999999999992,78.0,0.16666666666666666,16.0,0.875,196.0,169.0,1,0,0,1,0,0,1,0.0,0.0,14.0,11
ALO,Aston Martin,14.0,0 days 00:01:16.295000,0 days 00:00:20.050000,0 days 00:00:35.994000,0 days 00:00:20.251000,HARD,15.0,1.0,,,1,5.0,False,2025,Monaco,R,76.295,20.05,35.994,20.251,77.333,1.0379999999999967,80.94,-4.644999999999996,-1.0379999999999967,77.135,81.24,-4.10499999999999,78.0,0.1794871794871795,16.0,0.9375,225.0,196.0,1,0,0,1,0,0,1,0.0,0.0,15.0,11
ALO,Aston Martin,15.0,0 days 00:01:15.593000,0 days 00:00:19.849000,0 days 00:00:35.665000,0 days 00:00:20.079000,HARD,16.0,1.0,,,1,5.0,False,2025,Monaco,R,75.593,19.849,35.665,20.079,77.333,1.7399999999999949,80.94,-5.346999999999994,-1.7399999999999949,76.49300000000001,81.24,-4.746999999999986,78.0,0.19230769230769232,16.0,1.0,256.0,225.0,1,0,0,1,0,0,1,0.0,0.0,16.0,11
ALO,Aston Martin,18.0,0 days 00:01:16.840000,0 days 00:00:20.136000,0 days 00:00:36.258000,0 days 00:00:20.446000,HARD,3.0,2.0,,,1,7.0,False,2025,Monaco,R,76.84,20.136,36.258,20.446,77.333,0.492999999999995,76.84,0.0,-0.492999999999995,77.92,77.92,0.0,78.0,0.23076923076923078,21.0,0.14285714285714285,9.0,324.0,0,1,0,1,0,0,1,0.0,0.0,3.0,19
ALO,Aston Martin,19.0,0 days 00:01:17.226000,0 days 00:00:20.330000,0 days 00:00:36.465000,0 days 00:00:20.431000,HARD,4.0,2.0,,,1,6.0,False,2025,Monaco,R,77.226,20.33,36.465,20.431,77.333,0.10699999999999932,76.84,0.3859999999999957,-0.10699999999999932,78.366,77.92,0.44599999999999795,78.0,0.24358974358974358,21.0,0.19047619047619047,16.0,361.0,0,1,0,1,0,0,1,0.0,0.0,4.0,19
ALO,Aston Martin,20.0,0 days 00:01:17.267000,0 days 00:00:20.228000,0 days 00:00:36.520000,0 days 00:00:20.519000,HARD,5.0,2.0,,,1,6.0,False,2025,Monaco,R,77.267,20.228,36.52,20.519,77.333,0.0660000000000025,76.84,0.4269999999999925,-0.0660000000000025,78.467,77.92,0.546999999999997,78.0,0.2564102564102564,21.0,0.23809523809523808,25.0,400.0,0,1,0,1,0,0,1,0.0,0.0,5.0,19
ALO,Aston Martin,21.0,0 days 00:01:17.921000,0 days 00:00:20.283000,0 days 00:00:36.918000,0 days 00:00:20.720000,HARD,6.0,2.0,,,1,6.0,False,2025,Monaco,R,77.921,20.283,36.918,20.72,77.333,0.5880000000000081,76.84,1.081000000000003,0.5880000000000081,79.18100000000001,77.92,1.26100000000001,78.0,0.2692307692307692,21.0,0.2857142857142857,36.0,441.0,0,1,0,1,0,0,1,0.0,0.0,6.0,19
ALO,Aston Martin,22.0,0 days 00:01:18.938000,0 days 00:00:20.880000,0 days 00:00:37.036000,0 days 00:00:21.022000,HARD,7.0,2.0,,,1,6.0,False,2025,Monaco,R,78.938,20.88,37.036,21.022,77.333,1.605000000000004,76.84,2.097999999999999,1.605000000000004,80.258,77.92,2.337999999999994,78.0,0.28205128205128205,21.0,0.3333333333333333,49.0,484.0,0,1,0,1,0,0,1,0.0,0.0,7.0,19
ALO,Aston Martin,23.0,0 days 00:01:17.947000,0 days 00:00:20.610000,0 days 00:00:36.735000,0 days 00:00:20.602000,HARD,8.0,2.0,,,1,6.0,False,2025,Monaco,R,77.947,20.61,36.735,20.602,77.333,0.6140000000000043,76.84,1.1069999999999993,0.6140000000000043,79.327,77.92,1.4069999999999965,78.0,0.2948717948717949,21.0,0.38095238095238093,64.0,529.0,0,1,0,1,0,0,1,0.0,0.0,8.0,19
ALO,Aston Martin,24.0,0 days 00:01:17.748000,0 days 00:00:20.681000,0 days 00:00:36.586000,0 days 00:00:20.481000,HARD,9.0,2.0,,,1,6.0,False,2025,Monaco,R,77.748,20.681,36.586,20.481,77.333,0.41500000000000625,76.84,0.9080000000000013,0.41500000000000625,79.188,77.92,1.2680000000000007,78.0,0.3076923076923077,21.0,0.42857142857142855,81.0,576.0,0,1,0,1,0,0,1,0.0,0.0,9.0,19
ALO,Aston Martin,25.0,0 days 00:01:17.685000,0 days 00:00:20.514000,0 days 00:00:36.740000,0 days 00:00:20.431000,HARD,10.0,2.0,,,1,6.0,False,2025,Monaco,R,77.685,20.514,36.74,20.431,77.333,0.35200000000000387,76.84,0.8449999999999989,0.35200000000000387,79.185,77.92,1.2650000000000006,78.0,0.32051282051282054,21.0,0.47619047619047616,100.0,625.0,0,1,0,1,0,0,1,0.0,0.0,10.0,19
ALO,Aston Martin,26.0,0 days 00:01:16.293000,0 days 00:00:19.940000,0 days 00:00:36.112000,0 days 00:00:20.241000,HARD,11.0,2.0,,,1,6.0,False,2025,Monaco,R,76.293,19.94,36.112,20.241,77.333,1.039999999999992,76.84,-0.546999999999997,-1.039999999999992,77.85300000000001,77.92,-0.06699999999999307,78.0,0.3333333333333333,21.0,0.5238095238095238,121.0,676.0,0,1,0,0,0,0,1,0.0,0.0,11.0,19
ALO,Aston Martin,27.0,0 days 00:01:16.744000,0 days 00:00:20.041000,0 days 00:00:36.452000,0 days 00:00:20.251000,HARD,12.0,2.0,,,1,6.0,False,2025,Monaco,R,76.744,20.041,36.452,20.251,77.333,0.5889999999999986,76.84,-0.09600000000000364,-0.5889999999999986,78.364,77.92,0.4440000000000026,78.0,0.34615384615384615,21.0,0.5714285714285714,144.0,729.0,0,1,0,0,0,0,1,0.0,0.0,12.0,19
ALO,Aston Martin,28.0,0 days 00:01:16.414000,0 days 00:00:20.113000,0 days 00:00:36.177000,0 days 00:00:20.124000,HARD,13.0,2.0,,,1,6.0,False,2025,Monaco,R,76.414,20.113,36.177,20.124,77.333,0.9189999999999969,76.84,-0.42600000000000193,-0.9189999999999969,78.09400000000001,77.92,0.1740000000000066,78.0,0.358974358974359,21.0,0.6190476190476191,169.0,784.0,0,1,0,0,0,0,1,0.0,0.0,13.0,19
ALO,Aston Martin,29.0,0 days 00:01:16.279000,0 days 00:00:20.058000,0 days 00:00:36.094000,0 days 00:00:20.127000,HARD,14.0,2.0,,,1,6.0,False,2025,Monaco,R,76.279,20.058,36.094,20.127,77.333,1.054000000000002,76.84,-0.561000000000007,-1.054000000000002,78.01899999999999,77.92,0.09899999999998954,78.0,0.3717948717948718,21.0,0.6666666666666666,196.0,841.0,0,1,0,0,0,0,1,0.0,0.0,14.0,19
ALO,Aston Martin,30.0,0 days 00:01:17.307000,0 days 00:00:20.460000,0 days 00:00:36.170000,0 days 00:00:20.677000,HARD,15.0,2.0,,,1,6.0,False,2025,Monaco,R,77.307,20.46,36.17,20.677,77.333,0.02599999999999625,76.84,0.46699999999999875,-0.02599999999999625,79.107,77.92,1.1869999999999976,78.0,0.38461538461538464,21.0,0.7142857142857143,225.0,900.0,0,1,0,0,0,0,1,0.0,0.0,15.0,19
ALO,Aston Martin,31.0,0 days 00:01:16.142000,0 days 00:00:20.187000,0 days 00:00:35.973000,0 days 00:00:19.982000,HARD,16.0,2.0,,,1,6.0,False,2025,Monaco,R,76.142,20.187,35.973,19.982,77.333,1.1910000000000025,76.84,-0.6980000000000075,-1.1910000000000025,78.002,77.92,0.08199999999999363,78.0,0.3974358974358974,21.0,0.7619047619047619,256.0,961.0,0,1,0,0,0,0,1,0.0,0.0,16.0,19
ALO,Aston Martin,32.0,0 days 00:01:16.088000,0 days 00:00:19.874000,0 days 00:00:35.834000,0 days 00:00:20.380000,HARD,17.0,2.0,,,1,6.0,False,2025,Monaco,R,76.088,19.874,35.834,20.38,77.333,1.2450000000000045,76.84,-0.7520000000000095,-1.2450000000000045,78.008,77.92,0.08799999999999386,78.0,0.41025641025641024,21.0,0.8095238095238095,289.0,1024.0,0,1,0,0,0,0,1,0.0,0.0,17.0,19
ALO,Aston Martin,33.0,0 days 00:01:15.823000,0 days 00:00:19.827000,0 days 00:00:35.918000,0 days 00:00:20.078000,HARD,18.0,2.0,,,1,6.0,False,2025,Monaco,R,75.823,19.827,35.918,20.078,77.333,1.5100000000000051,76.84,-1.0170000000000101,-1.5100000000000051,77.803,77.92,-0.11700000000000443,78.0,0.4230769230769231,21.0,0.8571428571428571,324.0,1089.0,0,1,0,0,0,0,1,0.0,0.0,18.0,19
ALO,Aston Martin,34.0,0 days 00:01:17.347000,0 days 00:00:21.152000,0 days 00:00:36.128000,0 days 00:00:20.067000,HARD,19.0,2.0,,,1,6.0,False,2025,Monaco,R,77.347,21.152,36.128,20.067,77.333,0.013999999999995794,76.84,0.5069999999999908,0.013999999999995794,79.387,77.92,1.4669999999999987,78.0,0.4358974358974359,21.0,0.9047619047619048,361.0,1156.0,0,1,0,0,0,0,1,0.0,0.0,19.0,19
ALO,Aston Martin,35.0,0 days 00:01:16.024000,0 days 00:00:19.912000,0 days 00:00:35.979000,0 days 00:00:20.133000,HARD,20.0,2.0,,,1,6.0,False,2025,Monaco,R,76.024,19.912,35.979,20.133,77.333,1.3089999999999975,76.84,-0.8160000000000025,-1.3089999999999975,78.124,77.92,0.20399999999999352,78.0,0.44871794871794873,21.0,0.9523809523809523,400.0,1225.0,0,1,0,0,0,0,1,0.0,0.0,20.0,19
ALO,Aston Martin,36.0,0 days 00:01:16.200000,0 days 00:00:19.973000,0 days 00:00:36.032000,0 days 00:00:20.195000,HARD,21.0,2.0,,,1,6.0,False,2025,Monaco,R,76.2,19.973,36.032,20.195,77.333,1.1329999999999956,76.84,-0.6400000000000006,-1.1329999999999956,78.36,77.92,0.4399999999999977,78.0,0.46153846153846156,21.0,1.0,441.0,1296.0,0,1,0,0,0,0,1,0.0,0.0,21.0,19
ANT,Mercedes,5.0,0 days 00:01:20.377000,0 days 00:00:21.314000,0 days 00:00:37.578000,0 days 00:00:21.485000,HARD,5.0,1.0,,,1,14.0,False,2025,Monaco,R,80.377,21.314,37.578,21.485,79.074,1.3029999999999973,80.377,0.0,1.3029999999999973,80.67699999999999,80.67699999999999,0.0,78.0,0.0641025641025641,68.0,0.07352941176470588,25.0,25.0,1,0,0,1,0,0,1,0.0,0.0,5.0,62
ANT,Mercedes,6.0,0 days 00:01:20.757000,0 days 00:00:21.476000,0 days 00:00:37.739000,0 days 00:00:21.542000,HARD,6.0,1.0,,,1,14.0,False,2025,Monaco,R,80.757,21.476,37.739,21.542,79.074,1.683000000000007,80.377,0.38000000000000966,1.683000000000007,81.117,80.67699999999999,0.44000000000001194,78.0,0.07692307692307693,68.0,0.08823529411764706,36.0,36.0,1,0,0,1,0,0,1,0.0,0.0,6.0,62
ANT,Mercedes,7.0,0 days 00:01:21.194000,0 days 00:00:21.573000,0 days 00:00:37.746000,0 days 00:00:21.875000,HARD,7.0,1.0,,,1,14.0,False,2025,Monaco,R,81.194,21.573,37.746,21.875,79.074,2.1200000000000045,80.377,0.8170000000000073,2.1200000000000045,81.614,80.67699999999999,0.9370000000000118,78.0,0.08974358974358974,68.0,0.10294117647058823,49.0,49.0,1,0,0,1,0,0,1,0.0,0.0,7.0,62
ANT,Mercedes,8.0,0 days 00:01:20.877000,0 days 00:00:21.393000,0 days 00:00:37.795000,0 days 00:00:21.689000,HARD,8.0,1.0,,,12,14.0,False,2025,Monaco,R,80.877,21.393,37.795,21.689,79.074,1.8029999999999973,80.377,0.5,1.8029999999999973,81.357,80.67699999999999,0.6800000000000068,78.0,0.10256410256410256,68.0,0.11764705882352941,64.0,64.0,1,0,0,1,0,0,1,0.0,0.0,8.0,62
ANT,Mercedes,9.0,0 days 00:01:23.326000,0 days 00:00:20.970000,0 days 00:00:40.050000,0 days 00:00:22.306000,HARD,9.0,1.0,,,2,14.0,False,2025,Monaco,R,83.326,20.97,40.05,22.306,79.074,4.251999999999995,80.377,2.948999999999998,4.251999999999995,83.866,80.67699999999999,3.189000000000007,78.0,0.11538461538461539,68.0,0.1323529411764706,81.0,81.0,1,0,0,1,0,0,1,0.0,0.0,9.0,62
ANT,Mercedes,10.0,0 days 00:01:21.523000,0 days 00:00:21.258000,0 days 00:00:38.634000,0 days 00:00:21.631000,HARD,10.0,1.0,,,2,14.0,False,2025,Monaco,R,81.523,21.258,38.634,21.631,79.074,2.448999999999998,80.377,1.1460000000000008,2.448999999999998,82.12299999999999,80.67699999999999,1.445999999999998,78.0,0.1282051282051282,68.0,0.14705882352941177,100.0,100.0,1,0,0,1,0,0,1,0.0,0.0,10.0,62
ANT,Mercedes,11.0,0 days 00:01:19.894000,0 days 00:00:21.213000,0 days 00:00:37.509000,0 days 00:00:21.172000,HARD,11.0,1.0,,,21,14.0,False,2025,Monaco,R,79.894,21.213,37.509,21.172,79.074,0.8200000000000074,80.377,-0.4829999999999899,0.8200000000000074,80.554,80.67699999999999,-0.12299999999999045,78.0,0.14102564102564102,68.0,0.16176470588235295,121.0,121.0,1,0,0,1,0,0,1,0.0,0.0,11.0,62
ANT,Mercedes,12.0,0 days 00:01:19.788000,0 days 00:00:20.978000,0 days 00:00:37.394000,0 days 00:00:21.416000,HARD,12.0,1.0,,,1,13.0,False,2025,Monaco,R,79.788,20.978,37.394,21.416,79.074,0.7139999999999986,80.377,-0.5889999999999986,0.7139999999999986,80.508,80.67699999999999,-0.16899999999999693,78.0,0.15384615384615385,68.0,0.17647058823529413,144.0,144.0,1,0,0,1,0,0,1,0.0,0.0,12.0,62
ANT,Mercedes,13.0,0 days 00:01:18.868000,0 days 00:00:20.856000,0 days 00:00:36.970000,0 days 00:00:21.042000,HARD,13.0,1.0,,,1,13.0,False,2025,Monaco,R,78.868,20.856,36.97,21.042,79.074,0.20600000000000307,80.377,-1.5090000000000003,-0.20600000000000307,79.648,80.67699999999999,-1.0289999999999964,78.0,0.16666666666666666,68.0,0.19117647058823528,169.0,169.0,1,0,0,1,0,0,1,0.0,0.0,13.0,62
ANT,Mercedes,14.0,0 days 00:01:19.075000,0 days 00:00:20.941000,0 days 00:00:37.250000,0 days 00:00:20.884000,HARD,14.0,1.0,,,1,13.0,False,2025,Monaco,R,79.075,20.941,37.25,20.884,79.074,0.0010000000000047748,80.377,-1.3019999999999925,0.0010000000000047748,79.915,80.67699999999999,-0.7619999999999862,78.0,0.1794871794871795,68.0,0.20588235294117646,196.0,196.0,1,0,0,1,0,0,1,0.0,0.0,14.0,62
ANT,Mercedes,15.0,0 days 00:01:19.858000,0 days 00:00:21.196000,0 days 00:00:37.149000,0 days 00:00:21.513000,HARD,15.0,1.0,,,1,13.0,False,2025,Monaco,R,79.858,21.196,37.149,21.513,79.074,0.784000000000006,80.377,-0.5189999999999912,0.784000000000006,80.75800000000001,80.67699999999999,0.08100000000001728,78.0,0.19230769230769232,68.0,0.22058823529411764,225.0,225.0,1,0,0,1,0,0,1,0.0,0.0,15.0,62
ANT,Mercedes,16.0,0 days 00:01:20.745000,0 days 00:00:21.282000,0 days 00:00:37.630000,0 days 00:00:21.833000,HARD,16.0,1.0,,,1,13.0,False,2025,Monaco,R,80.745,21.282,37.63,21.833,79.074,1.6710000000000065,80.377,0.3680000000000092,1.6710000000000065,81.705,80.67699999999999,1.0280000000000058,78.0,0.20512820512820512,68.0,0.23529411764705882,256.0,256.0,1,0,0,1,0,0,1,0.0,0.0,16.0,62
ANT,Mercedes,17.0,0 days 00:01:21.182000,0 days 00:00:21.379000,0 days 00:00:38.201000,0 days 00:00:21.602000,HARD,17.0,1.0,,,1,13.0,False,2025,Monaco,R,81.182,21.379,38.201,21.602,79.074,2.108000000000004,80.377,0.8050000000000068,2.108000000000004,82.202,80.67699999999999,1.5250000000000057,78.0,0.21794871794871795,68.0,0.25,289.0,289.0,1,0,0,1,0,0,1,0.0,0.0,17.0,62
ANT,Mercedes,18.0,0 days 00:01:20.136000,0 days 00:00:21.209000,0 days 00:00:37.516000,0 days 00:00:21.411000,HARD,18.0,1.0,,,1,13.0,False,2025,Monaco,R,80.136,21.209,37.516,21.411,79.074,1.0619999999999976,80.377,-0.24099999999999966,1.0619999999999976,81.216,80.67699999999999,0.5390000000000015,78.0,0.23076923076923078,68.0,0.2647058823529412,324.0,324.0,1,0,0,1,0,0,1,0.0,0.0,18.0,62
ANT,Mercedes,19.0,0 days 00:01:19.624000,0 days 00:00:21.185000,0 days 00:00:37.413000,0 days 00:00:21.026000,HARD,19.0,1.0,,,1,13.0,False,2025,Monaco,R,79.624,21.185,37.413,21.026,79.074,0.5499999999999972,80.377,-0.7530000000000001,0.5499999999999972,80.764,80.67699999999999,0.0870000000000033,78.0,0.24358974358974358,68.0,0.27941176470588236,361.0,361.0,1,0,0,1,0,0,1,0.0,0.0,19.0,62
ANT,Mercedes,20.0,0 days 00:01:18.842000,0 days 00:00:21.039000,0 days 00:00:37.139000,0 days 00:00:20.664000,HARD,20.0,1.0,,,1,13.0,False,2025,Monaco,R,78.842,21.039,37.139,20.664,79.074,0.23199999999999932,80.377,-1.5349999999999966,-0.23199999999999932,80.042,80.67699999999999,-0.6349999999999909,78.0,0.2564102564102564,68.0,0.29411764705882354,400.0,400.0,1,0,0,1,0,0,1,0.0,0.0,20.0,62
ANT,Mercedes,21.0,0 days 00:01:17.914000,0 days 00:00:20.697000,0 days 00:00:36.624000,0 days 00:00:20.593000,HARD,21.0,1.0,,,1,13.0,False,2025,Monaco,R,77.914,20.697,36.624,20.593,79.074,1.1599999999999966,80.377,-2.462999999999994,-1.1599999999999966,79.174,80.67699999999999,-1.502999999999986,78.0,0.2692307692307692,68.0,0.3088235294117647,441.0,441.0,1,0,0,1,0,0,1,0.0,0.0,21.0,62
ANT,Mercedes,22.0,0 days 00:01:17.273000,0 days 00:00:20.267000,0 days 00:00:36.522000,0 days 00:00:20.484000,HARD,22.0,1.0,,,1,13.0,False,2025,Monaco,R,77.273,20.267,36.522,20.484,79.074,1.801000000000002,80.377,-3.103999999999999,-1.801000000000002,78.59299999999999,80.67699999999999,-2.084000000000003,78.0,0.28205128205128205,68.0,0.3235294117647059,484.0,484.0,1,0,0,1,0,0,1,0.0,0.0,22.0,62
ANT,Mercedes,23.0,0 days 00:01:16.973000,0 days 00:00:20.207000,0 days 00:00:36.409000,0 days 00:00:20.357000,HARD,23.0,1.0,,,1,13.0,False,2025,Monaco,R,76.973,20.207,36.409,20.357,79.074,2.100999999999999,80.377,-3.4039999999999964,-2.100999999999999,78.353,80.67699999999999,-2.323999999999998,78.0,0.2948717948717949,68.0,0.3382352941176471,529.0,529.0,1,0,0,1,0,0,1,0.0,0.0,23.0,62
ANT,Mercedes,24.0,0 days 00:01:16.939000,0 days 00:00:20.121000,0 days 00:00:36.475000,0 days 00:00:20.343000,HARD,24.0,1.0,,,1,13.0,False,2025,Monaco,R,76.939,20.121,36.475,20.343,79.074,2.135000000000005,80.377,-3.4380000000000024,-2.135000000000005,78.37899999999999,80.67699999999999,-2.298000000000002,78.0,0.3076923076923077,68.0,0.35294117647058826,576.0,576.0,1,0,0,1,0,0,1,0.0,0.0,24.0,62
ANT,Mercedes,25.0,0 days 00:01:18.777000,0 days 00:00:20.214000,0 days 00:00:37.279000,0 days 00:00:21.284000,HARD,25.0,1.0,,,1,13.0,False,2025,Monaco,R,78.777,20.214,37.279,21.284,79.074,0.29699999999999704,80.377,-1.5999999999999943,-0.29699999999999704,80.277,80.67699999999999,-0.3999999999999915,78.0,0.32051282051282054,68.0,0.36764705882352944,625.0,625.0,1,0,0,1,0,0,1,0.0,0.0,25.0,62
ANT,Mercedes,26.0,0 days 00:01:19.479000,0 days 00:00:20.996000,0 days 00:00:37.076000,0 days 00:00:21.407000,HARD,26.0,1.0,,,1,13.0,False,2025,Monaco,R,79.479,20.996,37.076,21.407,79.074,0.40500000000000114,80.377,-0.8979999999999961,0.40500000000000114,81.039,80.67699999999999,0.362000000000009,78.0,0.3333333333333333,68.0,0.38235294117647056,676.0,676.0,1,0,0,0,0,0,1,0.0,0.0,26.0,62
ANT,Mercedes,27.0,0 days 00:01:19.446000,0 days 00:00:20.948000,0 days 00:00:37.236000,0 days 00:00:21.262000,HARD,27.0,1.0,,,1,13.0,False,2025,Monaco,R,79.446,20.948,37.236,21.262,79.074,0.3719999999999999,80.377,-0.9309999999999974,0.3719999999999999,81.066,80.67699999999999,0.38900000000001,78.0,0.34615384615384615,68.0,0.39705882352941174,729.0,729.0,1,0,0,0,0,0,1,0.0,0.0,27.0,62
ANT,Mercedes,28.0,0 days 00:01:19.910000,0 days 00:00:21.114000,0 days 00:00:37.371000,0 days 00:00:21.425000,HARD,28.0,1.0,,,1,13.0,False,2025,Monaco,R,79.91,21.114,37.371,21.425,79.074,0.8359999999999985,80.377,-0.46699999999999875,0.8359999999999985,81.59,80.67699999999999,0.9130000000000109,78.0,0.358974358974359,68.0,0.4117647058823529,784.0,784.0,1,0,0,0,0,0,1,0.0,0.0,28.0,62
ANT,Mercedes,29.0,0 days 00:01:19.074000,0 days 00:00:20.758000,0 days 00:00:37.135000,0 days 00:00:21.181000,HARD,29.0,1.0,,,1,13.0,False,2025,Monaco,R,79.074,20.758,37.135,21.181,79.074,0.0,80.377,-1.3029999999999973,0.0,80.814,80.67699999999999,0.13700000000000045,78.0,0.3717948717948718,68.0,0.4264705882352941,841.0,841.0,1,0,0,0,0,0,1,0.0,0.0,29.0,62
ANT,Mercedes,30.0,0 days 00:01:20.406000,0 days 00:00:20.671000,0 days 00:00:38.489000,0 days 00:00:21.246000,HARD,30.0,1.0,,,1,13.0,False,2025,Monaco,R,80.406,20.671,38.489,21.246,79.074,1.3320000000000078,80.377,0.029000000000010573,1.3320000000000078,82.206,80.67699999999999,1.5290000000000106,78.0,0.38461538461538464,68.0,0.4411764705882353,900.0,900.0,1,0,0,0,0,0,1,0.0,0.0,30.0,62
ANT,Mercedes,31.0,0 days 00:01:19.809000,0 days 00:00:20.787000,0 days 00:00:38.307000,0 days 00:00:20.715000,HARD,31.0,1.0,,,1,13.0,False,2025,Monaco,R,79.809,20.787,38.307,20.715,79.074,0.7349999999999994,80.377,-0.5679999999999978,0.7349999999999994,81.669,80.67699999999999,0.9920000000000044,78.0,0.3974358974358974,68.0,0.45588235294117646,961.0,961.0,1,0,0,0,0,0,1,0.0,0.0,31.0,62
ANT,Mercedes,32.0,0 days 00:01:19.689000,0 days 00:00:20.573000,0 days 00:00:38.474000,0 days 00:00:20.642000,HARD,32.0,1.0,,,1,13.0,False,2025,Monaco,R,79.689,20.573,38.474,20.642,79.074,0.6149999999999949,80.377,-0.6880000000000024,0.6149999999999949,81.609,80.67699999999999,0.9320000000000022,78.0,0.41025641025641024,68.0,0.47058823529411764,1024.0,1024.0,1,0,0,0,0,0,1,0.0,0.0,32.0,62
ANT,Mercedes,33.0,0 days 00:01:19.344000,0 days 00:00:21.751000,0 days 00:00:36.692000,0 days 00:00:20.901000,HARD,33.0,1.0,,,1,13.0,False,2025,Monaco,R,79.344,21.751,36.692,20.901,79.074,0.269999999999996,80.377,-1.0330000000000013,0.269999999999996,81.324,80.67699999999999,0.6470000000000056,78.0,0.4230769230769231,68.0,0.4852941176470588,1089.0,1089.0,1,0,0,0,0,0,1,0.0,0.0,33.0,62
ANT,Mercedes,34.0,0 days 00:01:18.763000,0 days 00:00:20.539000,0 days 00:00:37.141000,0 days 00:00:21.083000,HARD,34.0,1.0,,,1,13.0,False,2025,Monaco,R,78.763,20.539,37.141,21.083,79.074,0.31099999999999284,80.377,-1.61399999999999,-0.31099999999999284,80.80300000000001,80.67699999999999,0.12600000000001899,78.0,0.4358974358974359,68.0,0.5,1156.0,1156.0,1,0,0,0,0,0,1,0.0,0.0,34.0,62
ANT,Mercedes,35.0,0 days 00:01:19.458000,0 days 00:00:20.790000,0 days 00:00:37.287000,0 days 00:00:21.381000,HARD,35.0,1.0,,,1,13.0,False,2025,Monaco,R,79.458,20.79,37.287,21.381,79.074,0.38400000000000034,80.377,-0.9189999999999969,0.38400000000000034,81.55799999999999,80.67699999999999,0.8810000000000002,78.0,0.44871794871794873,68.0,0.5147058823529411,1225.0,1225.0,1,0,0,0,0,0,1,0.0,0.0,35.0,62
ANT,Mercedes,36.0,0 days 00:01:19.869000,0 days 00:00:21.743000,0 days 00:00:37.315000,0 days 00:00:20.811000,HARD,36.0,1.0,,,1,13.0,False,2025,Monaco,R,79.869,21.743,37.315,20.811,79.074,0.7950000000000017,80.377,-0.5079999999999956,0.7950000000000017,82.029,80.67699999999999,1.3520000000000039,78.0,0.46153846153846156,68.0,0.5294117647058824,1296.0,1296.0,1,0,0,0,0,0,1,0.0,0.0,36.0,62
ANT,Mercedes,37.0,0 days 00:01:18.870000,0 days 00:00:20.664000,0 days 00:00:37.192000,0 days 00:00:21.014000,HARD,37.0,1.0,,,12,12.0,False,2025,Monaco,R,78.87,20.664,37.192,21.014,79.074,0.20399999999999352,80.377,-1.5069999999999908,-0.20399999999999352,81.09,80.67699999999999,0.4130000000000109,78.0,0.47435897435897434,68.0,0.5441176470588235,1369.0,1369.0,1,0,0,0,0,0,1,0.0,0.0,37.0,62
ANT,Mercedes,38.0,0 days 00:01:18.381000,0 days 00:00:20.420000,0 days 00:00:36.824000,0 days 00:00:21.137000,HARD,38.0,1.0,,,1,12.0,False,2025,Monaco,R,78.381,20.42,36.824,21.137,79.074,0.6929999999999978,80.377,-1.9959999999999951,-0.6929999999999978,80.661,80.67699999999999,-0.015999999999991132,78.0,0.48717948717948717,68.0,0.5588235294117647,1444.0,1444.0,1,0,0,0,0,0,1,0.0,0.0,38.0,62
ANT,Mercedes,39.0,0 days 00:01:18.721000,0 days 00:00:20.541000,0 days 00:00:37.138000,0 days 00:00:21.042000,HARD,39.0,1.0,,,1,12.0,False,2025,Monaco,R,78.721,20.541,37.138,21.042,79.074,0.35299999999999443,80.377,-1.6559999999999917,-0.35299999999999443,81.061,80.67699999999999,0.38400000000001455,78.0,0.5,68.0,0.5735294117647058,1521.0,1521.0,1,0,0,0,0,0,1,0.0,0.0,39.0,62
ANT,Mercedes,40.0,0 days 00:01:18.950000,0 days 00:00:20.619000,0 days 00:00:36.977000,0 days 00:00:21.354000,HARD,40.0,1.0,,,1,12.0,False,2025,Monaco,R,78.95,20.619,36.977,21.354,79.074,0.12399999999999523,80.377,-1.4269999999999925,-0.12399999999999523,81.35000000000001,80.67699999999999,0.673000000000016,78.0,0.5128205128205128,68.0,0.5882352941176471,1600.0,1600.0,1,0,0,0,0,0,1,0.0,0.0,40.0,62
ANT,Mercedes,42.0,0 days 00:01:17.120000,0 days 00:00:19.908000,0 days 00:00:36.563000,0 days 00:00:20.649000,HARD,42.0,1.0,,,1,12.0,False,2025,Monaco,R,77.12,19.908,36.563,20.649,79.074,1.9539999999999935,80.377,-3.256999999999991,-1.9539999999999935,79.64,80.67699999999999,-1.036999999999992,78.0,0.5384615384615384,68.0,0.6176470588235294,1764.0,1764.0,1,0,0,0,0,0,1,0.0,0.0,42.0,62
ANT,Mercedes,43.0,0 days 00:01:18.310000,0 days 00:00:20.302000,0 days 00:00:37.134000,0 days 00:00:20.874000,HARD,43.0,1.0,,,1,12.0,False,2025,Monaco,R,78.31,20.302,37.134,20.874,79.074,0.7639999999999958,80.377,-2.066999999999993,-0.7639999999999958,80.89,80.67699999999999,0.21300000000000807,78.0,0.5512820512820513,68.0,0.6323529411764706,1849.0,1849.0,1,0,0,0,0,0,1,0.0,0.0,43.0,62
ANT,Mercedes,44.0,0 days 00:01:18.885000,0 days 00:00:20.499000,0 days 00:00:37.336000,0 days 00:00:21.050000,HARD,44.0,1.0,,,1,12.0,False,2025,Monaco,R,78.885,20.499,37.336,21.05,79.074,0.18899999999999295,80.377,-1.4919999999999902,-0.18899999999999295,81.525,80.67699999999999,0.8480000000000132,78.0,0.5641025641025641,68.0,0.6470588235294118,1936.0,1936.0,1,0,0,0,0,0,1,0.0,0.0,44.0,62
ANT,Mercedes,45.0,0 days 00:01:19.251000,0 days 00:00:20.606000,0 days 00:00:37.764000,0 days 00:00:20.881000,HARD,45.0,1.0,,,1,12.0,False,2025,Monaco,R,79.251,20.606,37.764,20.881,79.074,0.1770000000000067,80.377,-1.1259999999999906,0.1770000000000067,81.95100000000001,80.67699999999999,1.2740000000000151,78.0,0.5769230769230769,68.0,0.6617647058823529,2025.0,2025.0,1,0,0,0,0,0,1,0.0,0.0,45.0,62
ANT,Mercedes,46.0,0 days 00:01:19.265000,0 days 00:00:20.771000,0 days 00:00:37.538000,0 days 00:00:20.956000,HARD,46.0,1.0,,,1,12.0,False,2025,Monaco,R,79.265,20.771,37.538,20.956,79.074,0.1910000000000025,80.377,-1.1119999999999948,0.1910000000000025,82.025,80.67699999999999,1.3480000000000132,78.0,0.5897435897435898,68.0,0.6764705882352942,2116.0,2116.0,1,0,0,0,0,0,1,0.0,0.0,46.0,62
ANT,Mercedes,47.0,0 days 00:01:20.131000,0 days 00:00:20.815000,0 days 00:00:37.708000,0 days 00:00:21.608000,HARD,47.0,1.0,,,1,12.0,False,2025,Monaco,R,80.131,20.815,37.708,21.608,79.074,1.0570000000000022,80.377,-0.2459999999999951,1.0570000000000022,82.951,80.67699999999999,2.274000000000001,78.0,0.6025641025641025,68.0,0.6911764705882353,2209.0,2209.0,1,0,0,0,0,0,1,0.0,0.0,47.0,62
ANT,Mercedes,48.0,0 days 00:01:18.844000,0 days 00:00:20.868000,0 days 00:00:37.126000,0 days 00:00:20.850000,HARD,48.0,1.0,,,1,12.0,False,2025,Monaco,R,78.844,20.868,37.126,20.85,79.074,0.23000000000000398,80.377,-1.5330000000000013,-0.23000000000000398,81.72399999999999,80.67699999999999,1.046999999999997,78.0,0.6153846153846154,68.0,0.7058823529411765,2304.0,2304.0,1,0,0,0,0,0,1,0.0,0.0,48.0,62
ANT,Mercedes,49.0,0 days 00:01:18.328000,0 days 00:00:20.305000,0 days 00:00:37.143000,0 days 00:00:20.880000,HARD,49.0,1.0,,,1,12.0,False,2025,Monaco,R,78.328,20.305,37.143,20.88,79.074,0.7459999999999951,80.377,-2.0489999999999924,-0.7459999999999951,81.268,80.67699999999999,0.5910000000000082,78.0,0.6282051282051282,68.0,0.7205882352941176,2401.0,2401.0,1,0,0,0,0,0,1,0.0,0.0,49.0,62
ANT,Mercedes,50.0,0 days 00:01:19.093000,0 days 00:00:20.512000,0 days 00:00:37.647000,0 days 00:00:20.934000,HARD,50.0,1.0,,,1,12.0,False,2025,Monaco,R,79.093,20.512,37.647,20.934,79.074,0.019000000000005457,80.377,-1.2839999999999918,0.019000000000005457,82.093,80.67699999999999,1.416000000000011,78.0,0.6410256410256411,68.0,0.7352941176470589,2500.0,2500.0,1,0,0,0,0,0,1,0.0,0.0,50.0,62
ANT,Mercedes,52.0,0 days 00:01:21.962000,0 days 00:00:20.907000,0 days 00:00:38.990000,0 days 00:00:22.065000,HARD,52.0,1.0,,,1,12.0,False,2025,Monaco,R,81.962,20.907,38.99,22.065,79.074,2.8880000000000052,80.377,1.585000000000008,2.8880000000000052,85.08200000000001,80.67699999999999,4.405000000000015,78.0,0.6666666666666666,68.0,0.7647058823529411,2704.0,2704.0,1,0,1,0,0,0,1,0.0,0.0,52.0,62
ANT,Mercedes,53.0,0 days 00:01:19.263000,0 days 00:00:20.832000,0 days 00:00:37.707000,0 days 00:00:20.724000,HARD,53.0,1.0,,,1,12.0,False,2025,Monaco,R,79.263,20.832,37.707,20.724,79.074,0.18900000000000716,80.377,-1.11399999999999,0.18900000000000716,82.44300000000001,80.67699999999999,1.7660000000000196,78.0,0.6794871794871795,68.0,0.7794117647058824,2809.0,2809.0,1,0,1,0,0,0,1,0.0,0.0,53.0,62
ANT,Mercedes,54.0,0 days 00:01:19.603000,0 days 00:00:20.688000,0 days 00:00:38.191000,0 days 00:00:20.724000,HARD,54.0,1.0,,,1,12.0,False,2025,Monaco,R,79.603,20.688,38.191,20.724,79.074,0.5289999999999964,80.377,-0.7740000000000009,0.5289999999999964,82.84299999999999,80.67699999999999,2.165999999999997,78.0,0.6923076923076923,68.0,0.7941176470588235,2916.0,2916.0,1,0,1,0,0,0,1,0.0,0.0,54.0,62
ANT,Mercedes,55.0,0 days 00:01:18.966000,0 days 00:00:20.677000,0 days 00:00:37.527000,0 days 00:00:20.762000,HARD,55.0,1.0,,,1,12.0,False,2025,Monaco,R,78.966,20.677,37.527,20.762,79.074,0.10800000000000409,80.377,-1.4110000000000014,-0.10800000000000409,82.26599999999999,80.67699999999999,1.5889999999999986,78.0,0.7051282051282052,68.0,0.8088235294117647,3025.0,3025.0,1,0,1,0,0,0,1,0.0,0.0,55.0,62
ANT,Mercedes,56.0,0 days 00:01:18.296000,0 days 00:00:20.473000,0 days 00:00:37.243000,0 days 00:00:20.580000,HARD,56.0,1.0,,,1,12.0,False,2025,Monaco,R,78.296,20.473,37.243,20.58,79.074,0.7779999999999916,80.377,-2.080999999999989,-0.7779999999999916,81.656,80.67699999999999,0.9790000000000134,78.0,0.717948717948718,68.0,0.8235294117647058,3136.0,3136.0,1,0,1,0,0,0,1,0.0,0.0,56.0,62
ANT,Mercedes,57.0,0 days 00:01:18.511000,0 days 00:00:20.627000,0 days 00:00:37.248000,0 days 00:00:20.636000,HARD,57.0,1.0,,,1,12.0,False,2025,Monaco,R,78.511,20.627,37.248,20.636,79.074,0.5630000000000024,80.377,-1.8659999999999997,-0.5630000000000024,81.931,80.67699999999999,1.2540000000000049,78.0,0.7307692307692307,68.0,0.8382352941176471,3249.0,3249.0,1,0,1,0,0,0,1,0.0,0.0,57.0,62
ANT,Mercedes,58.0,0 days 00:01:18.393000,0 days 00:00:20.159000,0 days 00:00:37.398000,0 days 00:00:20.836000,HARD,58.0,1.0,,,1,12.0,False,2025,Monaco,R,78.393,20.159,37.398,20.836,79.074,0.6809999999999974,80.377,-1.9839999999999947,-0.6809999999999974,81.873,80.67699999999999,1.1960000000000122,78.0,0.7435897435897436,68.0,0.8529411764705882,3364.0,3364.0,1,0,1,0,0,0,1,0.0,0.0,58.0,62
ANT,Mercedes,59.0,0 days 00:01:19.056000,0 days 00:00:20.727000,0 days 00:00:37.674000,0 days 00:00:20.655000,HARD,59.0,1.0,,,1,12.0,False,2025,Monaco,R,79.056,20.727,37.674,20.655,79.074,0.018000000000000682,80.377,-1.320999999999998,-0.018000000000000682,82.596,80.67699999999999,1.9190000000000111,78.0,0.7564102564102564,68.0,0.8676470588235294,3481.0,3481.0,1,0,1,0,0,0,1,0.0,0.0,59.0,62
ANT,Mercedes,60.0,0 days 00:01:18.697000,0 days 00:00:20.506000,0 days 00:00:37.512000,0 days 00:00:20.679000,HARD,60.0,1.0,,,1,12.0,False,2025,Monaco,R,78.697,20.506,37.512,20.679,79.074,0.37699999999999534,80.377,-1.6799999999999926,-0.37699999999999534,82.297,80.67699999999999,1.6200000000000045,78.0,0.7692307692307693,68.0,0.8823529411764706,3600.0,3600.0,1,0,1,0,0,0,1,0.0,0.0,60.0,62
ANT,Mercedes,61.0,0 days 00:01:18.590000,0 days 00:00:20.360000,0 days 00:00:37.429000,0 days 00:00:20.801000,HARD,61.0,1.0,,,1,12.0,False,2025,Monaco,R,78.59,20.36,37.429,20.801,79.074,0.48399999999999466,80.377,-1.786999999999992,-0.48399999999999466,82.25,80.67699999999999,1.5730000000000075,78.0,0.782051282051282,68.0,0.8970588235294118,3721.0,3721.0,1,0,1,0,0,0,1,0.0,0.0,61.0,62
ANT,Mercedes,62.0,0 days 00:01:18.448000,0 days 00:00:20.225000,0 days 00:00:37.461000,0 days 00:00:20.762000,HARD,62.0,1.0,,,1,12.0,False,2025,Monaco,R,78.448,20.225,37.461,20.762,79.074,0.6260000000000048,80.377,-1.929000000000002,-0.6260000000000048,82.16799999999999,80.67699999999999,1.4909999999999997,78.0,0.7948717948717948,68.0,0.9117647058823529,3844.0,3844.0,1,0,1,0,0,0,1,0.0,0.0,62.0,62
ANT,Mercedes,63.0,0 days 00:01:18.884000,0 days 00:00:20.595000,0 days 00:00:37.367000,0 days 00:00:20.922000,HARD,63.0,1.0,,,1,12.0,False,2025,Monaco,R,78.884,20.595,37.367,20.922,79.074,0.18999999999999773,80.377,-1.492999999999995,-0.18999999999999773,82.664,80.67699999999999,1.987000000000009,78.0,0.8076923076923077,68.0,0.9264705882352942,3969.0,3969.0,1,0,1,0,0,0,1,0.0,0.0,63.0,62
ANT,Mercedes,64.0,0 days 00:01:18.457000,0 days 00:00:20.502000,0 days 00:00:37.262000,0 days 00:00:20.693000,HARD,64.0,1.0,,,1,12.0,False,2025,Monaco,R,78.457,20.502,37.262,20.693,79.074,0.6170000000000044,80.377,-1.9200000000000017,-0.6170000000000044,82.297,80.67699999999999,1.6200000000000045,78.0,0.8205128205128205,68.0,0.9411764705882353,4096.0,4096.0,1,0,1,0,0,0,1,0.0,0.0,64.0,62
ANT,Mercedes,65.0,0 days 00:01:17.696000,0 days 00:00:19.753000,0 days 00:00:37.437000,0 days 00:00:20.506000,HARD,65.0,1.0,,,1,12.0,False,2025,Monaco,R,77.696,19.753,37.437,20.506,79.074,1.3780000000000001,80.377,-2.6809999999999974,-1.3780000000000001,81.596,80.67699999999999,0.9190000000000111,78.0,0.8333333333333334,68.0,0.9558823529411765,4225.0,4225.0,1,0,1,0,0,0,1,0.0,0.0,65.0,62
ANT,Mercedes,66.0,0 days 00:01:17.398000,0 days 00:00:20.053000,0 days 00:00:37.230000,0 days 00:00:20.115000,HARD,66.0,1.0,,,1,12.0,False,2025,Monaco,R,77.398,20.053,37.23,20.115,79.074,1.676000000000002,80.377,-2.978999999999999,-1.676000000000002,81.35799999999999,80.67699999999999,0.6809999999999974,78.0,0.8461538461538461,68.0,0.9705882352941176,4356.0,4356.0,1,0,1,0,0,0,1,0.0,0.0,66.0,62
ANT,Mercedes,67.0,0 days 00:01:15.551000,0 days 00:00:19.626000,0 days 00:00:36.005000,0 days 00:00:19.920000,HARD,67.0,1.0,,,1,12.0,False,2025,Monaco,R,75.551,19.626,36.005,19.92,79.074,3.522999999999996,80.377,-4.825999999999993,-3.522999999999996,79.571,80.67699999999999,-1.1059999999999945,78.0,0.8589743589743589,68.0,0.9852941176470589,4489.0,4489.0,1,0,1,0,0,0,1,0.0,0.0,67.0,62
ANT,Mercedes,68.0,0 days 00:01:15.019000,0 days 00:00:19.471000,0 days 00:00:35.837000,0 days 00:00:19.711000,HARD,68.0,1.0,,,1,12.0,False,2025,Monaco,R,75.019,19.471,35.837,19.711,79.074,4.054999999999993,80.377,-5.35799999999999,-4.054999999999993,79.099,80.67699999999999,-1.5779999999999887,78.0,0.8717948717948718,68.0,1.0,4624.0,4624.0,1,0,1,0,0,0,1,0.0,0.0,68.0,62
ANT,Mercedes,73.0,0 days 00:01:13.651000,0 days 00:00:19.330000,0 days 00:00:34.832000,0 days 00:00:19.489000,HARD,2.0,3.0,,,1,18.0,False,2025,Monaco,R,73.651,19.33,34.832,19.489,79.074,5.423000000000002,73.651,0.0,-5.423000000000002,78.03099999999999,78.03099999999999,0.0,78.0,0.9358974358974359,4.0,0.5,4.0,5329.0,0,0,1,0,0,0,1,0.0,0.0,2.0,3
ANT,Mercedes,74.0,0 days 00:01:13.518000,0 days 00:00:19.187000,0 days 00:00:34.864000,0 days 00:00:19.467000,HARD,3.0,3.0,,,1,18.0,False,2025,Monaco,R,73.518,19.187,34.864,19.467,79.074,5.555999999999997,73.651,-0.13299999999999557,-5.555999999999997,77.958,78.03099999999999,-0.07299999999999329,78.0,0.9487179487179487,4.0,0.75,9.0,5476.0,0,0,1,0,0,0,1,0.0,0.0,3.0,3
ANT,Mercedes,75.0,0 days 00:01:14.834000,0 days 00:00:19.390000,0 days 00:00:35.555000,0 days 00:00:19.889000,HARD,4.0,3.0,,,1,18.0,False,2025,Monaco,R,74.834,19.39,35.555,19.889,79.074,4.239999999999995,73.651,1.183000000000007,-4.239999999999995,79.334,78.03099999999999,1.3030000000000115,78.0,0.9615384615384616,4.0,1.0,16.0,5625.0,0,0,1,0,0,0,1,0.0,0.0,4.0,3
BEA,Haas F1 Team,4.0,0 days 00:01:22.127000,0 days 00:00:25.405000,0 days 00:00:36.559000,0 days 00:00:20.163000,HARD,3.0,2.0,,,671,19.0,False,2025,Monaco,R,82.127,25.405,36.559,20.163,78.395,3.7319999999999993,82.127,0.0,3.7319999999999993,82.36699999999999,82.36699999999999,0.0,78.0,0.05128205128205128,15.0,0.2,9.0,16.0,0,1,0,1,0,0,1,0.0,0.0,3.0,13
BEA,Haas F1 Team,5.0,0 days 00:01:15.576000,0 days 00:00:20.059000,0 days 00:00:35.746000,0 days 00:00:19.771000,HARD,4.0,2.0,,,1,19.0,False,2025,Monaco,R,75.576,20.059,35.746,19.771,78.395,2.8190000000000026,82.127,-6.551000000000002,-2.8190000000000026,75.87599999999999,82.36699999999999,-6.491,78.0,0.0641025641025641,15.0,0.26666666666666666,16.0,25.0,0,1,0,1,0,0,1,0.0,0.0,4.0,13
BEA,Haas F1 Team,6.0,0 days 00:01:14.855000,0 days 00:00:19.719000,0 days 00:00:35.412000,0 days 00:00:19.724000,HARD,5.0,2.0,,,1,19.0,False,2025,Monaco,R,74.855,19.719,35.412,19.724,78.395,3.539999999999992,82.127,-7.271999999999991,-3.539999999999992,75.215,82.36699999999999,-7.151999999999987,78.0,0.07692307692307693,15.0,0.3333333333333333,25.0,36.0,0,1,0,1,0,0,1,0.0,0.0,5.0,13
BEA,Haas F1 Team,7.0,0 days 00:01:15.058000,0 days 00:00:19.736000,0 days 00:00:35.502000,0 days 00:00:19.820000,HARD,6.0,2.0,,,1,19.0,False,2025,Monaco,R,75.058,19.736,35.502,19.82,78.395,3.336999999999989,82.127,-7.068999999999988,-3.336999999999989,75.47800000000001,82.36699999999999,-6.888999999999982,78.0,0.08974358974358974,15.0,0.4,36.0,49.0,0,1,0,1,0,0,1,0.0,0.0,6.0,13
BEA,Haas F1 Team,8.0,0 days 00:01:18.303000,0 days 00:00:19.782000,0 days 00:00:37.095000,0 days 00:00:21.426000,HARD,7.0,2.0,,,12,18.0,False,2025,Monaco,R,78.303,19.782,37.095,21.426,78.395,0.09199999999999875,82.127,-3.823999999999998,-0.09199999999999875,78.783,82.36699999999999,-3.583999999999989,78.0,0.10256410256410256,15.0,0.4666666666666667,49.0,64.0,0,1,0,1,0,0,1,0.0,0.0,7.0,13
BEA,Haas F1 Team,9.0,0 days 00:01:16.467000,0 days 00:00:19.799000,0 days 00:00:36.351000,0 days 00:00:20.317000,HARD,8.0,2.0,,,2,18.0,False,2025,Monaco,R,76.467,19.799,36.351,20.317,78.395,1.9279999999999973,82.127,-5.659999999999997,-1.9279999999999973,77.007,82.36699999999999,-5.359999999999985,78.0,0.11538461538461539,15.0,0.5333333333333333,64.0,81.0,0,1,0,1,0,0,1,0.0,0.0,8.0,13
BEA,Haas F1 Team,10.0,0 days 00:01:19.555000,0 days 00:00:20.089000,0 days 00:00:38.146000,0 days 00:00:21.320000,HARD,9.0,2.0,,,2,18.0,False,2025,Monaco,R,79.555,20.089,38.146,21.32,78.395,1.1600000000000108,82.127,-2.5719999999999885,1.1600000000000108,80.155,82.36699999999999,-2.211999999999989,78.0,0.1282051282051282,15.0,0.6,81.0,100.0,0,1,0,1,0,0,1,0.0,0.0,9.0,13
BEA,Haas F1 Team,11.0,0 days 00:01:20.017000,0 days 00:00:20.767000,0 days 00:00:37.739000,0 days 00:00:21.511000,HARD,10.0,2.0,,,21,18.0,False,2025,Monaco,R,80.017,20.767,37.739,21.511,78.395,1.6219999999999999,82.127,-2.1099999999999994,1.6219999999999999,80.67699999999999,82.36699999999999,-1.6899999999999977,78.0,0.14102564102564102,15.0,0.6666666666666666,100.0,121.0,0,1,0,1,0,0,1,0.0,0.0,10.0,13
BEA,Haas F1 Team,12.0,0 days 00:01:19.401000,0 days 00:00:20.832000,0 days 00:00:37.372000,0 days 00:00:21.197000,HARD,11.0,2.0,,,1,17.0,False,2025,Monaco,R,79.401,20.832,37.372,21.197,78.395,1.0060000000000002,82.127,-2.725999999999999,1.0060000000000002,80.121,82.36699999999999,-2.245999999999995,78.0,0.15384615384615385,15.0,0.7333333333333333,121.0,144.0,0,1,0,1,0,0,1,0.0,0.0,11.0,13
BEA,Haas F1 Team,13.0,0 days 00:01:19.680000,0 days 00:00:21.010000,0 days 00:00:37.726000,0 days 00:00:20.944000,HARD,12.0,2.0,,,1,16.0,False,2025,Monaco,R,79.68,21.01,37.726,20.944,78.395,1.2850000000000108,82.127,-2.4469999999999885,1.2850000000000108,80.46000000000001,82.36699999999999,-1.9069999999999823,78.0,0.16666666666666666,15.0,0.8,144.0,169.0,0,1,0,1,0,0,1,0.0,0.0,12.0,13
BEA,Haas F1 Team,14.0,0 days 00:01:18.386000,0 days 00:00:20.584000,0 days 00:00:36.922000,0 days 00:00:20.880000,HARD,13.0,2.0,,,1,16.0,False,2025,Monaco,R,78.386,20.584,36.922,20.88,78.395,0.009000000000000341,82.127,-3.7409999999999997,-0.009000000000000341,79.226,82.36699999999999,-3.140999999999991,78.0,0.1794871794871795,15.0,0.8666666666666667,169.0,196.0,0,1,0,1,0,0,1,0.0,0.0,13.0,13
BEA,Haas F1 Team,15.0,0 days 00:01:19.194000,0 days 00:00:20.737000,0 days 00:00:37.281000,0 days 00:00:21.176000,HARD,14.0,2.0,,,1,16.0,False,2025,Monaco,R,79.194,20.737,37.281,21.176,78.395,0.7990000000000066,82.127,-2.9329999999999927,0.7990000000000066,80.09400000000001,82.36699999999999,-2.272999999999982,78.0,0.19230769230769232,15.0,0.9333333333333333,196.0,225.0,0,1,0,1,0,0,1,0.0,0.0,14.0,13
BEA,Haas F1 Team,16.0,0 days 00:01:20.638000,0 days 00:00:20.815000,0 days 00:00:37.751000,0 days 00:00:22.072000,HARD,15.0,2.0,,,1,16.0,False,2025,Monaco,R,80.638,20.815,37.751,22.072,78.395,2.243000000000009,82.127,-1.48899999999999,2.243000000000009,81.598,82.36699999999999,-0.7689999999999912,78.0,0.20512820512820512,15.0,1.0,225.0,256.0,0,1,0,1,0,0,1,0.0,0.0,15.0,13
BEA,Haas F1 Team,19.0,0 days 00:01:16.285000,0 days 00:00:20.239000,0 days 00:00:35.836000,0 days 00:00:20.210000,MEDIUM,2.0,3.0,,,1,19.0,False,2025,Monaco,R,76.285,20.239,35.836,20.21,78.395,2.1099999999999994,76.285,0.0,-2.1099999999999994,77.425,77.425,0.0,78.0,0.24358974358974358,58.0,0.034482758620689655,4.0,361.0,0,0,0,1,0,1,0,0.0,2.0,0.0,56
BEA,Haas F1 Team,20.0,0 days 00:01:16.530000,0 days 00:00:20.221000,0 days 00:00:35.927000,0 days 00:00:20.382000,MEDIUM,3.0,3.0,,,1,19.0,False,2025,Monaco,R,76.53,20.221,35.927,20.382,78.395,1.8649999999999949,76.285,0.24500000000000455,-1.8649999999999949,77.73,77.425,0.3050000000000068,78.0,0.2564102564102564,58.0,0.05172413793103448,9.0,400.0,0,0,0,1,0,1,0,0.0,3.0,0.0,56
BEA,Haas F1 Team,21.0,0 days 00:01:17.189000,0 days 00:00:20.282000,0 days 00:00:36.288000,0 days 00:00:20.619000,MEDIUM,4.0,3.0,,,1,19.0,False,2025,Monaco,R,77.189,20.282,36.288,20.619,78.395,1.206000000000003,76.285,0.9039999999999964,-1.206000000000003,78.449,77.425,1.024000000000001,78.0,0.2692307692307692,58.0,0.06896551724137931,16.0,441.0,0,0,0,1,0,1,0,0.0,4.0,0.0,56
BEA,Haas F1 Team,22.0,0 days 00:01:16.562000,0 days 00:00:20.098000,0 days 00:00:35.991000,0 days 00:00:20.473000,MEDIUM,5.0,3.0,,,1,19.0,False,2025,Monaco,R,76.562,20.098,35.991,20.473,78.395,1.8329999999999984,76.285,0.277000000000001,-1.8329999999999984,77.88199999999999,77.425,0.45699999999999363,78.0,0.28205128205128205,58.0,0.08620689655172414,25.0,484.0,0,0,0,1,0,1,0,0.0,5.0,0.0,56
BEA,Haas F1 Team,23.0,0 days 00:01:16.542000,0 days 00:00:20.116000,0 days 00:00:36.085000,0 days 00:00:20.341000,MEDIUM,6.0,3.0,,,1,19.0,False,2025,Monaco,R,76.542,20.116,36.085,20.341,78.395,1.8529999999999944,76.285,0.257000000000005,-1.8529999999999944,77.922,77.425,0.4969999999999999,78.0,0.2948717948717949,58.0,0.10344827586206896,36.0,529.0,0,0,0,1,0,1,0,0.0,6.0,0.0,56
BEA,Haas F1 Team,24.0,0 days 00:01:17.056000,0 days 00:00:20.147000,0 days 00:00:36.396000,0 days 00:00:20.513000,MEDIUM,7.0,3.0,,,1,19.0,False,2025,Monaco,R,77.056,20.147,36.396,20.513,78.395,1.3389999999999986,76.285,0.7710000000000008,-1.3389999999999986,78.496,77.425,1.070999999999998,78.0,0.3076923076923077,58.0,0.1206896551724138,49.0,576.0,0,0,0,1,0,1,0,0.0,7.0,0.0,56
BEA,Haas F1 Team,25.0,0 days 00:01:18.369000,0 days 00:00:20.168000,0 days 00:00:36.344000,0 days 00:00:21.857000,MEDIUM,8.0,3.0,,,1,19.0,False,2025,Monaco,R,78.369,20.168,36.344,21.857,78.395,0.02599999999999625,76.285,2.084000000000003,-0.02599999999999625,79.869,77.425,2.4440000000000026,78.0,0.32051282051282054,58.0,0.13793103448275862,64.0,625.0,0,0,0,1,0,1,0,0.0,8.0,0.0,56
BEA,Haas F1 Team,26.0,0 days 00:01:18.034000,0 days 00:00:20.397000,0 days 00:00:35.922000,0 days 00:00:21.715000,MEDIUM,9.0,3.0,,,1,17.0,False,2025,Monaco,R,78.034,20.397,35.922,21.715,78.395,0.36099999999999,76.285,1.7490000000000094,-0.36099999999999,79.59400000000001,77.425,2.169000000000011,78.0,0.3333333333333333,58.0,0.15517241379310345,81.0,676.0,0,0,0,0,0,1,0,0.0,9.0,0.0,56
BEA,Haas F1 Team,27.0,0 days 00:01:17,0 days 00:00:20.347000,0 days 00:00:36.217000,0 days 00:00:20.436000,MEDIUM,10.0,3.0,,,1,17.0,False,2025,Monaco,R,77.0,20.347,36.217,20.436,78.395,1.394999999999996,76.285,0.7150000000000034,-1.394999999999996,78.62,77.425,1.1950000000000074,78.0,0.34615384615384615,58.0,0.1724137931034483,100.0,729.0,0,0,0,0,0,1,0,0.0,10.0,0.0,56
BEA,Haas F1 Team,28.0,0 days 00:01:17.126000,0 days 00:00:19.849000,0 days 00:00:36.274000,0 days 00:00:21.003000,MEDIUM,11.0,3.0,,,1,17.0,False,2025,Monaco,R,77.126,19.849,36.274,21.003,78.395,1.2689999999999912,76.285,0.8410000000000082,-1.2689999999999912,78.80600000000001,77.425,1.3810000000000144,78.0,0.358974358974359,58.0,0.1896551724137931,121.0,784.0,0,0,0,0,0,1,0,0.0,11.0,0.0,56
BEA,Haas F1 Team,29.0,0 days 00:01:21.565000,0 days 00:00:21.657000,0 days 00:00:37.251000,0 days 00:00:22.657000,MEDIUM,12.0,3.0,,,1,17.0,False,2025,Monaco,R,81.565,21.657,37.251,22.657,78.395,3.1700000000000017,76.285,5.280000000000001,3.1700000000000017,83.30499999999999,77.425,5.8799999999999955,78.0,0.3717948717948718,58.0,0.20689655172413793,144.0,841.0,0,0,0,0,0,1,0,0.0,12.0,0.0,56
BEA,Haas F1 Team,30.0,0 days 00:01:18.778000,0 days 00:00:21.050000,0 days 00:00:36.419000,0 days 00:00:21.309000,MEDIUM,13.0,3.0,,,1,17.0,False,2025,Monaco,R,78.778,21.05,36.419,21.309,78.395,0.3830000000000098,76.285,2.493000000000009,0.3830000000000098,80.578,77.425,3.153000000000006,78.0,0.38461538461538464,58.0,0.22413793103448276,169.0,900.0,0,0,0,0,0,1,0,0.0,13.0,0.0,56
BEA,Haas F1 Team,31.0,0 days 00:01:19.927000,0 days 00:00:21.651000,0 days 00:00:37.135000,0 days 00:00:21.141000,MEDIUM,14.0,3.0,,,1,17.0,False,2025,Monaco,R,79.927,21.651,37.135,21.141,78.395,1.5320000000000107,76.285,3.64200000000001,1.5320000000000107,81.787,77.425,4.362000000000009,78.0,0.3974358974358974,58.0,0.2413793103448276,196.0,961.0,0,0,0,0,0,1,0,0.0,14.0,0.0,56
BEA,Haas F1 Team,32.0,0 days 00:01:20.227000,0 days 00:00:21.452000,0 days 00:00:37.293000,0 days 00:00:21.482000,MEDIUM,15.0,3.0,,,1,17.0,False,2025,Monaco,R,80.227,21.452,37.293,21.482,78.395,1.8320000000000078,76.285,3.9420000000000073,1.8320000000000078,82.147,77.425,4.722000000000008,78.0,0.41025641025641024,58.0,0.25862068965517243,225.0,1024.0,0,0,0,0,0,1,0,0.0,15.0,0.0,56
BEA,Haas F1 Team,33.0,0 days 00:01:18.784000,0 days 00:00:20.359000,0 days 00:00:36.752000,0 days 00:00:21.673000,MEDIUM,16.0,3.0,,,1,17.0,False,2025,Monaco,R,78.784,20.359,36.752,21.673,78.395,0.38900000000001,76.285,2.4990000000000094,0.38900000000001,80.76400000000001,77.425,3.339000000000013,78.0,0.4230769230769231,58.0,0.27586206896551724,256.0,1089.0,0,0,0,0,0,1,0,0.0,16.0,0.0,56
BEA,Haas F1 Team,34.0,0 days 00:01:19.725000,0 days 00:00:20.863000,0 days 00:00:37.773000,0 days 00:00:21.089000,MEDIUM,17.0,3.0,,,1,17.0,False,2025,Monaco,R,79.725,20.863,37.773,21.089,78.395,1.3299999999999983,76.285,3.4399999999999977,1.3299999999999983,81.765,77.425,4.340000000000003,78.0,0.4358974358974359,58.0,0.29310344827586204,289.0,1156.0,0,0,0,0,0,1,0,0.0,17.0,0.0,56
BEA,Haas F1 Team,35.0,0 days 00:01:18.006000,0 days 00:00:20.193000,0 days 00:00:36.625000,0 days 00:00:21.188000,MEDIUM,18.0,3.0,,,1,17.0,False,2025,Monaco,R,78.006,20.193,36.625,21.188,78.395,0.3889999999999958,76.285,1.7210000000000036,-0.3889999999999958,80.106,77.425,2.6809999999999974,78.0,0.44871794871794873,58.0,0.3103448275862069,324.0,1225.0,0,0,0,0,0,1,0,0.0,18.0,0.0,56
BEA,Haas F1 Team,36.0,0 days 00:01:19.059000,0 days 00:00:20.575000,0 days 00:00:37.299000,0 days 00:00:21.185000,MEDIUM,19.0,3.0,,,1,17.0,False,2025,Monaco,R,79.059,20.575,37.299,21.185,78.395,0.6640000000000015,76.285,2.774000000000001,0.6640000000000015,81.219,77.425,3.793999999999997,78.0,0.46153846153846156,58.0,0.3275862068965517,361.0,1296.0,0,0,0,0,0,1,0,0.0,19.0,0.0,56
BEA,Haas F1 Team,37.0,0 days 00:01:18.885000,0 days 00:00:20.395000,0 days 00:00:37.292000,0 days 00:00:21.198000,MEDIUM,20.0,3.0,,,12,16.0,False,2025,Monaco,R,78.885,20.395,37.292,21.198,78.395,0.4900000000000091,76.285,2.6000000000000085,0.4900000000000091,81.105,77.425,3.680000000000007,78.0,0.47435897435897434,58.0,0.3448275862068966,400.0,1369.0,0,0,0,0,0,1,0,0.0,20.0,0.0,56
BEA,Haas F1 Team,38.0,0 days 00:01:18.333000,0 days 00:00:20.366000,0 days 00:00:36.990000,0 days 00:00:20.977000,MEDIUM,21.0,3.0,,,1,16.0,False,2025,Monaco,R,78.333,20.366,36.99,20.977,78.395,0.06199999999999761,76.285,2.048000000000002,-0.06199999999999761,80.613,77.425,3.1880000000000024,78.0,0.48717948717948717,58.0,0.3620689655172414,441.0,1444.0,0,0,0,0,0,1,0,0.0,21.0,0.0,56
BEA,Haas F1 Team,39.0,0 days 00:01:18.791000,0 days 00:00:20.790000,0 days 00:00:36.868000,0 days 00:00:21.133000,MEDIUM,22.0,3.0,,,1,16.0,False,2025,Monaco,R,78.791,20.79,36.868,21.133,78.395,0.3960000000000008,76.285,2.5060000000000002,0.3960000000000008,81.131,77.425,3.706000000000003,78.0,0.5,58.0,0.3793103448275862,484.0,1521.0,0,0,0,0,0,1,0,0.0,22.0,0.0,56
BEA,Haas F1 Team,40.0,0 days 00:01:18.768000,0 days 00:00:20.406000,0 days 00:00:37.307000,0 days 00:00:21.055000,MEDIUM,23.0,3.0,,,1,16.0,False,2025,Monaco,R,78.768,20.406,37.307,21.055,78.395,0.37300000000000466,76.285,2.483000000000004,0.37300000000000466,81.168,77.425,3.743000000000009,78.0,0.5128205128205128,58.0,0.39655172413793105,529.0,1600.0,0,0,0,0,0,1,0,0.0,23.0,0.0,56
BEA,Haas F1 Team,41.0,0 days 00:01:18.741000,0 days 00:00:20.404000,0 days 00:00:37.170000,0 days 00:00:21.167000,MEDIUM,24.0,3.0,,,1,16.0,False,2025,Monaco,R,78.741,20.404,37.17,21.167,78.395,0.34600000000000364,76.285,2.456000000000003,0.34600000000000364,81.201,77.425,3.7759999999999962,78.0,0.5256410256410257,58.0,0.41379310344827586,576.0,1681.0,0,0,0,0,0,1,0,0.0,24.0,0.0,56
BEA,Haas F1 Team,42.0,0 days 00:01:17.424000,0 days 00:00:20.186000,0 days 00:00:36.643000,0 days 00:00:20.595000,MEDIUM,25.0,3.0,,,1,16.0,False,2025,Monaco,R,77.424,20.186,36.643,20.595,78.395,0.9709999999999894,76.285,1.13900000000001,-0.9709999999999894,79.944,77.425,2.5190000000000055,78.0,0.5384615384615384,58.0,0.43103448275862066,625.0,1764.0,0,0,0,0,0,1,0,0.0,25.0,0.0,56
BEA,Haas F1 Team,43.0,0 days 00:01:17.648000,0 days 00:00:20.070000,0 days 00:00:36.628000,0 days 00:00:20.950000,MEDIUM,26.0,3.0,,,1,16.0,False,2025,Monaco,R,77.648,20.07,36.628,20.95,78.395,0.7469999999999999,76.285,1.3629999999999995,-0.7469999999999999,80.228,77.425,2.8029999999999973,78.0,0.5512820512820513,58.0,0.4482758620689655,676.0,1849.0,0,0,0,0,0,1,0,0.0,26.0,0.0,56
BEA,Haas F1 Team,44.0,0 days 00:01:18.511000,0 days 00:00:20.384000,0 days 00:00:37.091000,0 days 00:00:21.036000,MEDIUM,27.0,3.0,,,1,15.0,False,2025,Monaco,R,78.511,20.384,37.091,21.036,78.395,0.11599999999999966,76.285,2.225999999999999,0.11599999999999966,81.151,77.425,3.725999999999999,78.0,0.5641025641025641,58.0,0.46551724137931033,729.0,1936.0,0,0,0,0,0,1,0,0.0,27.0,0.0,56
BEA,Haas F1 Team,45.0,0 days 00:01:19.057000,0 days 00:00:20.513000,0 days 00:00:37.519000,0 days 00:00:21.025000,MEDIUM,28.0,3.0,,,1,15.0,False,2025,Monaco,R,79.057,20.513,37.519,21.025,78.395,0.6620000000000061,76.285,2.7720000000000056,0.6620000000000061,81.757,77.425,4.332000000000008,78.0,0.5769230769230769,58.0,0.4827586206896552,784.0,2025.0,0,0,0,0,0,1,0,0.0,28.0,0.0,56
BEA,Haas F1 Team,46.0,0 days 00:01:19.294000,0 days 00:00:20.344000,0 days 00:00:37.578000,0 days 00:00:21.372000,MEDIUM,29.0,3.0,,,1,15.0,False,2025,Monaco,R,79.294,20.344,37.578,21.372,78.395,0.8990000000000009,76.285,3.0090000000000003,0.8990000000000009,82.054,77.425,4.629000000000005,78.0,0.5897435897435898,58.0,0.5,841.0,2116.0,0,0,0,0,0,1,0,0.0,29.0,0.0,56
BEA,Haas F1 Team,47.0,0 days 00:01:20.078000,0 days 00:00:21.138000,0 days 00:00:37.733000,0 days 00:00:21.207000,MEDIUM,30.0,3.0,,,1,15.0,False,2025,Monaco,R,80.078,21.138,37.733,21.207,78.395,1.683000000000007,76.285,3.7930000000000064,1.683000000000007,82.898,77.425,5.472999999999999,78.0,0.6025641025641025,58.0,0.5172413793103449,900.0,2209.0,0,0,0,0,0,1,0,0.0,30.0,0.0,56
BEA,Haas F1 Team,48.0,0 days 00:01:18.965000,0 days 00:00:20.266000,0 days 00:00:37.652000,0 days 00:00:21.047000,MEDIUM,31.0,3.0,,,1,15.0,False,2025,Monaco,R,78.965,20.266,37.652,21.047,78.395,0.5700000000000074,76.285,2.680000000000007,0.5700000000000074,81.845,77.425,4.420000000000002,78.0,0.6153846153846154,58.0,0.5344827586206896,961.0,2304.0,0,0,0,0,0,1,0,0.0,31.0,0.0,56
BEA,Haas F1 Team,49.0,0 days 00:01:17.921000,0 days 00:00:20.315000,0 days 00:00:36.641000,0 days 00:00:20.965000,MEDIUM,32.0,3.0,,,1,15.0,False,2025,Monaco,R,77.921,20.315,36.641,20.965,78.395,0.47399999999998954,76.285,1.63600000000001,-0.47399999999998954,80.861,77.425,3.436000000000007,78.0,0.6282051282051282,58.0,0.5517241379310345,1024.0,2401.0,0,0,0,0,0,1,0,0.0,32.0,0.0,56
BEA,Haas F1 Team,50.0,0 days 00:01:19.103000,0 days 00:00:20.512000,0 days 00:00:37.390000,0 days 00:00:21.201000,MEDIUM,33.0,3.0,,,1,15.0,False,2025,Monaco,R,79.103,20.512,37.39,21.201,78.395,0.7079999999999984,76.285,2.817999999999998,0.7079999999999984,82.103,77.425,4.677999999999997,78.0,0.6410256410256411,58.0,0.5689655172413793,1089.0,2500.0,0,0,0,0,0,1,0,0.0,33.0,0.0,56
BEA,Haas F1 Team,52.0,0 days 00:01:19.988000,0 days 00:00:20.695000,0 days 00:00:38.518000,0 days 00:00:20.775000,MEDIUM,35.0,3.0,,,1,15.0,False,2025,Monaco,R,79.988,20.695,38.518,20.775,78.395,1.5930000000000035,76.285,3.703000000000003,1.5930000000000035,83.108,77.425,5.683000000000007,78.0,0.6666666666666666,58.0,0.603448275862069,1225.0,2704.0,0,0,1,0,0,1,0,0.0,35.0,0.0,56
BEA,Haas F1 Team,53.0,0 days 00:01:20.306000,0 days 00:00:20.616000,0 days 00:00:37.214000,0 days 00:00:22.476000,MEDIUM,36.0,3.0,,,1,15.0,False,2025,Monaco,R,80.306,20.616,37.214,22.476,78.395,1.9110000000000014,76.285,4.021000000000001,1.9110000000000014,83.48599999999999,77.425,6.060999999999993,78.0,0.6794871794871795,58.0,0.6206896551724138,1296.0,2809.0,0,0,1,0,0,1,0,0.0,36.0,0.0,56
BEA,Haas F1 Team,54.0,0 days 00:01:18.820000,0 days 00:00:20.245000,0 days 00:00:37.524000,0 days 00:00:21.051000,MEDIUM,37.0,3.0,,,1,15.0,False,2025,Monaco,R,78.82,20.245,37.524,21.051,78.395,0.42499999999999716,76.285,2.5349999999999966,0.42499999999999716,82.05999999999999,77.425,4.634999999999991,78.0,0.6923076923076923,58.0,0.6379310344827587,1369.0,2916.0,0,0,1,0,0,1,0,0.0,37.0,0.0,56
BEA,Haas F1 Team,55.0,0 days 00:01:18.659000,0 days 00:00:20.735000,0 days 00:00:36.824000,0 days 00:00:21.100000,MEDIUM,38.0,3.0,,,1,15.0,False,2025,Monaco,R,78.659,20.735,36.824,21.1,78.395,0.26400000000001,76.285,2.3740000000000094,0.26400000000001,81.959,77.425,4.534000000000006,78.0,0.7051282051282052,58.0,0.6551724137931034,1444.0,3025.0,0,0,1,0,0,1,0,0.0,38.0,0.0,56
BEA,Haas F1 Team,56.0,0 days 00:01:18.306000,0 days 00:00:20.347000,0 days 00:00:37.121000,0 days 00:00:20.838000,MEDIUM,39.0,3.0,,,1,15.0,False,2025,Monaco,R,78.306,20.347,37.121,20.838,78.395,0.08899999999999864,76.285,2.021000000000001,-0.08899999999999864,81.666,77.425,4.241,78.0,0.717948717948718,58.0,0.6724137931034483,1521.0,3136.0,0,0,1,0,0,1,0,0.0,39.0,0.0,56
BEA,Haas F1 Team,57.0,0 days 00:01:18.584000,0 days 00:00:20.475000,0 days 00:00:37.088000,0 days 00:00:21.021000,MEDIUM,40.0,3.0,,,1,15.0,False,2025,Monaco,R,78.584,20.475,37.088,21.021,78.395,0.18900000000000716,76.285,2.2990000000000066,0.18900000000000716,82.004,77.425,4.579000000000008,78.0,0.7307692307692307,58.0,0.6896551724137931,1600.0,3249.0,0,0,1,0,0,1,0,0.0,40.0,0.0,56
BEA,Haas F1 Team,58.0,0 days 00:01:18.038000,0 days 00:00:20.201000,0 days 00:00:36.840000,0 days 00:00:20.997000,MEDIUM,41.0,3.0,,,1,15.0,False,2025,Monaco,R,78.038,20.201,36.84,20.997,78.395,0.3569999999999993,76.285,1.7530000000000001,-0.3569999999999993,81.518,77.425,4.0930000000000035,78.0,0.7435897435897436,58.0,0.7068965517241379,1681.0,3364.0,0,0,1,0,0,1,0,0.0,41.0,0.0,56
BEA,Haas F1 Team,59.0,0 days 00:01:19.233000,0 days 00:00:20.590000,0 days 00:00:37.407000,0 days 00:00:21.236000,MEDIUM,42.0,3.0,,,1,15.0,False,2025,Monaco,R,79.233,20.59,37.407,21.236,78.395,0.8380000000000081,76.285,2.9480000000000075,0.8380000000000081,82.77300000000001,77.425,5.348000000000013,78.0,0.7564102564102564,58.0,0.7241379310344828,1764.0,3481.0,0,0,1,0,0,1,0,0.0,42.0,0.0,56
BEA,Haas F1 Team,60.0,0 days 00:01:18.669000,0 days 00:00:20.399000,0 days 00:00:37.170000,0 days 00:00:21.100000,MEDIUM,43.0,3.0,,,1,15.0,False,2025,Monaco,R,78.669,20.399,37.17,21.1,78.395,0.2740000000000009,76.285,2.3840000000000003,0.2740000000000009,82.26899999999999,77.425,4.843999999999994,78.0,0.7692307692307693,58.0,0.7413793103448276,1849.0,3600.0,0,0,1,0,0,1,0,0.0,43.0,0.0,56
BEA,Haas F1 Team,61.0,0 days 00:01:18.715000,0 days 00:00:20.266000,0 days 00:00:37.091000,0 days 00:00:21.358000,MEDIUM,44.0,3.0,,,1,15.0,False,2025,Monaco,R,78.715,20.266,37.091,21.358,78.395,0.3200000000000074,76.285,2.430000000000007,0.3200000000000074,82.375,77.425,4.950000000000003,78.0,0.782051282051282,58.0,0.7586206896551724,1936.0,3721.0,0,0,1,0,0,1,0,0.0,44.0,0.0,56
BEA,Haas F1 Team,62.0,0 days 00:01:18.364000,0 days 00:00:20.141000,0 days 00:00:36.978000,0 days 00:00:21.245000,MEDIUM,45.0,3.0,,,1,15.0,False,2025,Monaco,R,78.364,20.141,36.978,21.245,78.395,0.0309999999999917,76.285,2.0790000000000077,-0.0309999999999917,82.084,77.425,4.659000000000006,78.0,0.7948717948717948,58.0,0.7758620689655172,2025.0,3844.0,0,0,1,0,0,1,0,0.0,45.0,0.0,56
BEA,Haas F1 Team,63.0,0 days 00:01:18.836000,0 days 00:00:20.234000,0 days 00:00:37.064000,0 days 00:00:21.538000,MEDIUM,46.0,3.0,,,1,15.0,False,2025,Monaco,R,78.836,20.234,37.064,21.538,78.395,0.4410000000000025,76.285,2.551000000000002,0.4410000000000025,82.616,77.425,5.1910000000000025,78.0,0.8076923076923077,58.0,0.7931034482758621,2116.0,3969.0,0,0,1,0,0,1,0,0.0,46.0,0.0,56
BEA,Haas F1 Team,64.0,0 days 00:01:18.404000,0 days 00:00:20.408000,0 days 00:00:36.943000,0 days 00:00:21.053000,MEDIUM,47.0,3.0,,,1,14.0,False,2025,Monaco,R,78.404,20.408,36.943,21.053,78.395,0.009000000000000341,76.285,2.1189999999999998,0.009000000000000341,82.244,77.425,4.819000000000003,78.0,0.8205128205128205,58.0,0.8103448275862069,2209.0,4096.0,0,0,1,0,0,1,0,0.0,47.0,0.0,56
BEA,Haas F1 Team,65.0,0 days 00:01:17.177000,0 days 00:00:19.718000,0 days 00:00:36.758000,0 days 00:00:20.701000,MEDIUM,48.0,3.0,,,1,14.0,False,2025,Monaco,R,77.177,19.718,36.758,20.701,78.395,1.2179999999999893,76.285,0.8920000000000101,-1.2179999999999893,81.07700000000001,77.425,3.6520000000000152,78.0,0.8333333333333334,58.0,0.8275862068965517,2304.0,4225.0,0,0,1,0,0,1,0,0.0,48.0,0.0,56
BEA,Haas F1 Team,66.0,0 days 00:01:17.748000,0 days 00:00:20.154000,0 days 00:00:36.943000,0 days 00:00:20.651000,MEDIUM,49.0,3.0,,,1,14.0,False,2025,Monaco,R,77.748,20.154,36.943,20.651,78.395,0.6469999999999914,76.285,1.463000000000008,-0.6469999999999914,81.708,77.425,4.283000000000001,78.0,0.8461538461538461,58.0,0.8448275862068966,2401.0,4356.0,0,0,1,0,0,1,0,0.0,49.0,0.0,56
BEA,Haas F1 Team,67.0,0 days 00:01:16.362000,0 days 00:00:19.905000,0 days 00:00:36.395000,0 days 00:00:20.062000,MEDIUM,50.0,3.0,,,1,14.0,False,2025,Monaco,R,76.362,19.905,36.395,20.062,78.395,2.0330000000000013,76.285,0.07699999999999818,-2.0330000000000013,80.38199999999999,77.425,2.9569999999999936,78.0,0.8589743589743589,58.0,0.8620689655172413,2500.0,4489.0,0,0,1,0,0,1,0,0.0,50.0,0.0,56
BEA,Haas F1 Team,68.0,0 days 00:01:17.602000,0 days 00:00:20.684000,0 days 00:00:36.937000,0 days 00:00:19.981000,MEDIUM,51.0,3.0,,,1,14.0,False,2025,Monaco,R,77.602,20.684,36.937,19.981,78.395,0.7929999999999922,76.285,1.3170000000000073,-0.7929999999999922,81.682,77.425,4.257000000000005,78.0,0.8717948717948718,58.0,0.8793103448275862,2601.0,4624.0,0,0,1,0,0,1,0,0.0,51.0,0.0,56
BEA,Haas F1 Team,69.0,0 days 00:01:16.187000,0 days 00:00:19.727000,0 days 00:00:36.228000,0 days 00:00:20.232000,MEDIUM,52.0,3.0,,,1,13.0,False,2025,Monaco,R,76.187,19.727,36.228,20.232,78.395,2.2079999999999984,76.285,-0.09799999999999898,-2.2079999999999984,80.327,77.425,2.902000000000001,78.0,0.8846153846153846,58.0,0.896551724137931,2704.0,4761.0,0,0,1,0,0,1,0,0.0,52.0,0.0,56
BEA,Haas F1 Team,70.0,0 days 00:01:16.663000,0 days 00:00:20.099000,0 days 00:00:36.465000,0 days 00:00:20.099000,MEDIUM,53.0,3.0,,,1,13.0,False,2025,Monaco,R,76.663,20.099,36.465,20.099,78.395,1.7319999999999993,76.285,0.3780000000000001,-1.7319999999999993,80.863,77.425,3.4380000000000024,78.0,0.8974358974358975,58.0,0.9137931034482759,2809.0,4900.0,0,0,1,0,0,1,0,0.0,53.0,0.0,56
BEA,Haas F1 Team,71.0,0 days 00:01:15.748000,0 days 00:00:19.800000,0 days 00:00:36.160000,0 days 00:00:19.788000,MEDIUM,54.0,3.0,,,1,13.0,False,2025,Monaco,R,75.748,19.8,36.16,19.788,78.395,2.6469999999999914,76.285,-0.5369999999999919,-2.6469999999999914,80.00800000000001,77.425,2.5830000000000126,78.0,0.9102564102564102,58.0,0.9310344827586207,2916.0,5041.0,0,0,1,0,0,1,0,0.0,54.0,0.0,56
BEA,Haas F1 Team,72.0,0 days 00:01:15.427000,0 days 00:00:19.724000,0 days 00:00:35.867000,0 days 00:00:19.836000,MEDIUM,55.0,3.0,,,1,13.0,False,2025,Monaco,R,75.427,19.724,35.867,19.836,78.395,2.9679999999999893,76.285,-0.8579999999999899,-2.9679999999999893,79.74700000000001,77.425,2.322000000000017,78.0,0.9230769230769231,58.0,0.9482758620689655,3025.0,5184.0,0,0,1,0,0,1,0,0.0,55.0,0.0,56
BEA,Haas F1 Team,73.0,0 days 00:01:15.355000,0 days 00:00:19.631000,0 days 00:00:35.894000,0 days 00:00:19.830000,MEDIUM,56.0,3.0,,,1,12.0,False,2025,Monaco,R,75.355,19.631,35.894,19.83,78.395,3.039999999999992,76.285,-0.9299999999999926,-3.039999999999992,79.735,77.425,2.3100000000000023,78.0,0.9358974358974359,58.0,0.9655172413793104,3136.0,5329.0,0,0,1,0,0,1,0,0.0,56.0,0.0,56
BEA,Haas F1 Team,74.0,0 days 00:01:15.365000,0 days 00:00:19.528000,0 days 00:00:35.823000,0 days 00:00:20.014000,MEDIUM,57.0,3.0,,,1,12.0,False,2025,Monaco,R,75.365,19.528,35.823,20.014,78.395,3.030000000000001,76.285,-0.9200000000000017,-3.030000000000001,79.80499999999999,77.425,2.3799999999999955,78.0,0.9487179487179487,58.0,0.9827586206896551,3249.0,5476.0,0,0,1,0,0,1,0,0.0,57.0,0.0,56
BEA,Haas F1 Team,75.0,0 days 00:01:15.799000,0 days 00:00:19.650000,0 days 00:00:36.177000,0 days 00:00:19.972000,MEDIUM,58.0,3.0,,,1,12.0,False,2025,Monaco,R,75.799,19.65,36.177,19.972,78.395,2.5959999999999894,76.285,-0.48599999999999,-2.5959999999999894,80.299,77.425,2.8740000000000094,78.0,0.9615384615384616,58.0,1.0,3364.0,5625.0,0,0,1,0,0,1,0,0.0,58.0,0.0,56
BOR,Kick Sauber,4.0,0 days 00:01:23.609000,0 days 00:00:26.110000,0 days 00:00:36.882000,0 days 00:00:20.617000,HARD,3.0,2.0,,,671,20.0,False,2025,Monaco,R,83.609,26.11,36.882,20.617,78.24000000000001,5.368999999999986,83.609,0.0,5.368999999999986,83.84899999999999,83.84899999999999,0.0,78.0,0.05128205128205128,24.0,0.125,9.0,16.0,0,1,0,1,0,0,1,0.0,0.0,3.0,22
BOR,Kick Sauber,5.0,0 days 00:01:16.394000,0 days 00:00:20.236000,0 days 00:00:36.043000,0 days 00:00:20.115000,HARD,4.0,2.0,,,1,20.0,False,2025,Monaco,R,76.394,20.236,36.043,20.115,78.24000000000001,1.8460000000000036,83.609,-7.214999999999989,-1.8460000000000036,76.694,83.84899999999999,-7.154999999999987,78.0,0.0641025641025641,24.0,0.16666666666666666,16.0,25.0,0,1,0,1,0,0,1,0.0,0.0,4.0,22
BOR,Kick Sauber,6.0,0 days 00:01:15.757000,0 days 00:00:19.917000,0 days 00:00:35.681000,0 days 00:00:20.159000,HARD,5.0,2.0,,,1,20.0,False,2025,Monaco,R,75.757,19.917,35.681,20.159,78.24000000000001,2.483000000000004,83.609,-7.85199999999999,-2.483000000000004,76.117,83.84899999999999,-7.731999999999985,78.0,0.07692307692307693,24.0,0.20833333333333334,25.0,36.0,0,1,0,1,0,0,1,0.0,0.0,5.0,22
BOR,Kick Sauber,7.0,0 days 00:01:15.721000,0 days 00:00:19.917000,0 days 00:00:35.737000,0 days 00:00:20.067000,HARD,6.0,2.0,,,1,20.0,False,2025,Monaco,R,75.721,19.917,35.737,20.067,78.24000000000001,2.5190000000000055,83.609,-7.887999999999991,-2.5190000000000055,76.141,83.84899999999999,-7.707999999999984,78.0,0.08974358974358974,24.0,0.25,36.0,49.0,0,1,0,1,0,0,1,0.0,0.0,6.0,22
BOR,Kick Sauber,8.0,0 days 00:01:18.331000,0 days 00:00:19.866000,0 days 00:00:37.166000,0 days 00:00:21.299000,HARD,7.0,2.0,,,12,20.0,False,2025,Monaco,R,78.331,19.866,37.166,21.299,78.24000000000001,0.09099999999999397,83.609,-5.277999999999992,0.09099999999999397,78.811,83.84899999999999,-5.0379999999999825,78.0,0.10256410256410256,24.0,0.2916666666666667,49.0,64.0,0,1,0,1,0,0,1,0.0,0.0,7.0,22
BOR,Kick Sauber,9.0,0 days 00:01:18.411000,0 days 00:00:19.887000,0 days 00:00:37.090000,0 days 00:00:21.434000,HARD,8.0,2.0,,,2,19.0,False,2025,Monaco,R,78.411,19.887,37.09,21.434,78.24000000000001,0.17099999999999227,83.609,-5.197999999999993,0.17099999999999227,78.95100000000001,83.84899999999999,-4.897999999999982,78.0,0.11538461538461539,24.0,0.3333333333333333,64.0,81.0,0,1,0,1,0,0,1,0.0,0.0,8.0,22
BOR,Kick Sauber,10.0,0 days 00:01:16.782000,0 days 00:00:19.881000,0 days 00:00:36.748000,0 days 00:00:20.153000,HARD,9.0,2.0,,,2,19.0,False,2025,Monaco,R,76.782,19.881,36.748,20.153,78.24000000000001,1.4580000000000126,83.609,-6.826999999999998,-1.4580000000000126,77.38199999999999,83.84899999999999,-6.466999999999999,78.0,0.1282051282051282,24.0,0.375,81.0,100.0,0,1,0,1,0,0,1,0.0,0.0,9.0,22
BOR,Kick Sauber,11.0,0 days 00:01:16.256000,0 days 00:00:19.890000,0 days 00:00:36.030000,0 days 00:00:20.336000,HARD,10.0,2.0,,,21,19.0,False,2025,Monaco,R,76.256,19.89,36.03,20.336,78.24000000000001,1.9840000000000089,83.609,-7.352999999999994,-1.9840000000000089,76.916,83.84899999999999,-6.932999999999993,78.0,0.14102564102564102,24.0,0.4166666666666667,100.0,121.0,0,1,0,1,0,0,1,0.0,0.0,10.0,22
BOR,Kick Sauber,12.0,0 days 00:01:17.804000,0 days 00:00:20.254000,0 days 00:00:36.728000,0 days 00:00:20.822000,HARD,11.0,2.0,,,1,18.0,False,2025,Monaco,R,77.804,20.254,36.728,20.822,78.24000000000001,0.43600000000000705,83.609,-5.804999999999993,-0.43600000000000705,78.524,83.84899999999999,-5.324999999999989,78.0,0.15384615384615385,24.0,0.4583333333333333,121.0,144.0,0,1,0,1,0,0,1,0.0,0.0,11.0,22
BOR,Kick Sauber,13.0,0 days 00:01:19.088000,0 days 00:00:20.471000,0 days 00:00:37.542000,0 days 00:00:21.075000,HARD,12.0,2.0,,,1,17.0,False,2025,Monaco,R,79.088,20.471,37.542,21.075,78.24000000000001,0.8479999999999848,83.609,-4.521000000000001,0.8479999999999848,79.868,83.84899999999999,-3.9809999999999945,78.0,0.16666666666666666,24.0,0.5,144.0,169.0,0,1,0,1,0,0,1,0.0,0.0,12.0,22
BOR,Kick Sauber,14.0,0 days 00:01:18.481000,0 days 00:00:20.638000,0 days 00:00:36.911000,0 days 00:00:20.932000,HARD,13.0,2.0,,,1,17.0,False,2025,Monaco,R,78.481,20.638,36.911,20.932,78.24000000000001,0.24099999999998545,83.609,-5.128,0.24099999999998545,79.321,83.84899999999999,-4.527999999999992,78.0,0.1794871794871795,24.0,0.5416666666666666,169.0,196.0,0,1,0,1,0,0,1,0.0,0.0,13.0,22
BOR,Kick Sauber,15.0,0 days 00:01:18.647000,0 days 00:00:20.490000,0 days 00:00:37.133000,0 days 00:00:21.024000,HARD,14.0,2.0,,,1,17.0,False,2025,Monaco,R,78.647,20.49,37.133,21.024,78.24000000000001,0.4069999999999965,83.609,-4.961999999999989,0.4069999999999965,79.54700000000001,83.84899999999999,-4.301999999999978,78.0,0.19230769230769232,24.0,0.5833333333333334,196.0,225.0,0,1,0,1,0,0,1,0.0,0.0,14.0,22
BOR,Kick Sauber,16.0,0 days 00:01:20.378000,0 days 00:00:20.827000,0 days 00:00:37.867000,0 days 00:00:21.684000,HARD,15.0,2.0,,,1,17.0,False,2025,Monaco,R,80.378,20.827,37.867,21.684,78.24000000000001,2.137999999999991,83.609,-3.2309999999999945,2.137999999999991,81.338,83.84899999999999,-2.5109999999999957,78.0,0.20512820512820512,24.0,0.625,225.0,256.0,0,1,0,1,0,0,1,0.0,0.0,15.0,22
BOR,Kick Sauber,17.0,0 days 00:01:20.937000,0 days 00:00:21.182000,0 days 00:00:38.383000,0 days 00:00:21.372000,HARD,16.0,2.0,,,1,15.0,False,2025,Monaco,R,80.937,21.182,38.383,21.372,78.24000000000001,2.6969999999999885,83.609,-2.671999999999997,2.6969999999999885,81.957,83.84899999999999,-1.891999999999996,78.0,0.21794871794871795,24.0,0.6666666666666666,256.0,289.0,0,1,0,1,0,0,1,0.0,0.0,16.0,22
BOR,Kick Sauber,18.0,0 days 00:01:19.222000,0 days 00:00:20.512000,0 days 00:00:37.441000,0 days 00:00:21.269000,HARD,17.0,2.0,,,1,15.0,False,2025,Monaco,R,79.222,20.512,37.441,21.269,78.24000000000001,0.9819999999999851,83.609,-4.3870000000000005,0.9819999999999851,80.30199999999999,83.84899999999999,-3.546999999999997,78.0,0.23076923076923078,24.0,0.7083333333333334,289.0,324.0,0,1,0,1,0,0,1,0.0,0.0,17.0,22
BOR,Kick Sauber,19.0,0 days 00:01:19.729000,0 days 00:00:20.945000,0 days 00:00:37.731000,0 days 00:00:21.053000,HARD,18.0,2.0,,,1,15.0,False,2025,Monaco,R,79.729,20.945,37.731,21.053,78.24000000000001,1.48899999999999,83.609,-3.8799999999999955,1.48899999999999,80.869,83.84899999999999,-2.9799999999999898,78.0,0.24358974358974358,24.0,0.75,324.0,361.0,0,1,0,1,0,0,1,0.0,0.0,18.0,22
BOR,Kick Sauber,20.0,0 days 00:01:19.335000,0 days 00:00:20.689000,0 days 00:00:37.673000,0 days 00:00:20.973000,HARD,19.0,2.0,,,1,15.0,False,2025,Monaco,R,79.335,20.689,37.673,20.973,78.24000000000001,1.0949999999999847,83.609,-4.274000000000001,1.0949999999999847,80.535,83.84899999999999,-3.313999999999993,78.0,0.2564102564102564,24.0,0.7916666666666666,361.0,400.0,0,1,0,1,0,0,1,0.0,0.0,19.0,22
BOR,Kick Sauber,21.0,0 days 00:01:17.718000,0 days 00:00:20.308000,0 days 00:00:36.656000,0 days 00:00:20.754000,HARD,20.0,2.0,,,1,15.0,False,2025,Monaco,R,77.718,20.308,36.656,20.754,78.24000000000001,0.5220000000000056,83.609,-5.890999999999991,-0.5220000000000056,78.97800000000001,83.84899999999999,-4.870999999999981,78.0,0.2692307692307692,24.0,0.8333333333333334,400.0,441.0,0,1,0,1,0,0,1,0.0,0.0,20.0,22
BOR,Kick Sauber,22.0,0 days 00:01:17.664000,0 days 00:00:20.356000,0 days 00:00:36.703000,0 days 00:00:20.605000,HARD,21.0,2.0,,,1,15.0,False,2025,Monaco,R,77.664,20.356,36.703,20.605,78.24000000000001,0.5760000000000076,83.609,-5.944999999999993,-0.5760000000000076,78.984,83.84899999999999,-4.864999999999995,78.0,0.28205128205128205,24.0,0.875,441.0,484.0,0,1,0,1,0,0,1,0.0,0.0,21.0,22
BOR,Kick Sauber,23.0,0 days 00:01:17.216000,0 days 00:00:20.213000,0 days 00:00:36.530000,0 days 00:00:20.473000,HARD,22.0,2.0,,,1,15.0,False,2025,Monaco,R,77.216,20.213,36.53,20.473,78.24000000000001,1.0240000000000151,83.609,-6.393000000000001,-1.0240000000000151,78.59599999999999,83.84899999999999,-5.253,78.0,0.2948717948717949,24.0,0.9166666666666666,484.0,529.0,0,1,0,1,0,0,1,0.0,0.0,22.0,22
BOR,Kick Sauber,24.0,0 days 00:01:17.286000,0 days 00:00:20.201000,0 days 00:00:36.570000,0 days 00:00:20.515000,HARD,23.0,2.0,,,1,15.0,False,2025,Monaco,R,77.286,20.201,36.57,20.515,78.24000000000001,0.9540000000000077,83.609,-6.322999999999993,-0.9540000000000077,78.726,83.84899999999999,-5.1229999999999905,78.0,0.3076923076923077,24.0,0.9583333333333334,529.0,576.0,0,1,0,1,0,0,1,0.0,0.0,23.0,22
BOR,Kick Sauber,25.0,0 days 00:01:17.965000,0 days 00:00:20.141000,0 days 00:00:36.786000,0 days 00:00:21.038000,HARD,24.0,2.0,,,1,15.0,False,2025,Monaco,R,77.965,20.141,36.786,21.038,78.24000000000001,0.2750000000000057,83.609,-5.643999999999991,-0.2750000000000057,79.465,83.84899999999999,-4.383999999999986,78.0,0.32051282051282054,24.0,1.0,576.0,625.0,0,1,0,1,0,0,1,0.0,0.0,24.0,22
BOR,Kick Sauber,28.0,0 days 00:01:16.020000,0 days 00:00:20.279000,0 days 00:00:35.746000,0 days 00:00:19.995000,SOFT,2.0,3.0,,,1,18.0,False,2025,Monaco,R,76.02,20.279,35.746,19.995,78.24000000000001,2.220000000000013,76.02,0.0,-2.220000000000013,77.7,77.7,0.0,78.0,0.358974358974359,8.0,0.25,4.0,784.0,0,0,0,0,1,0,0,2.0,0.0,0.0,7
BOR,Kick Sauber,29.0,0 days 00:01:15.193000,0 days 00:00:19.618000,0 days 00:00:35.579000,0 days 00:00:19.996000,SOFT,3.0,3.0,,,1,18.0,False,2025,Monaco,R,75.193,19.618,35.579,19.996,78.24000000000001,3.0470000000000113,76.02,-0.8269999999999982,-3.0470000000000113,76.93299999999999,77.7,-0.7670000000000101,78.0,0.3717948717948718,8.0,0.375,9.0,841.0,0,0,0,0,1,0,0,3.0,0.0,0.0,7
BOR,Kick Sauber,30.0,0 days 00:01:15.543000,0 days 00:00:19.656000,0 days 00:00:35.734000,0 days 00:00:20.153000,SOFT,4.0,3.0,,,1,18.0,False,2025,Monaco,R,75.543,19.656,35.734,20.153,78.24000000000001,2.6970000000000027,76.02,-0.47699999999998965,-2.6970000000000027,77.343,77.7,-0.3569999999999993,78.0,0.38461538461538464,8.0,0.5,16.0,900.0,0,0,0,0,1,0,0,4.0,0.0,0.0,7
BOR,Kick Sauber,31.0,0 days 00:01:18.214000,0 days 00:00:19.816000,0 days 00:00:36.399000,0 days 00:00:21.999000,SOFT,5.0,3.0,,,1,18.0,False,2025,Monaco,R,78.214,19.816,36.399,21.999,78.24000000000001,0.02600000000001046,76.02,2.1940000000000026,-0.02600000000001046,80.074,77.7,2.3739999999999952,78.0,0.3974358974358974,8.0,0.625,25.0,961.0,0,0,0,0,1,0,0,5.0,0.0,0.0,7
BOR,Kick Sauber,32.0,0 days 00:01:19.347000,0 days 00:00:20.554000,0 days 00:00:37.426000,0 days 00:00:21.367000,SOFT,6.0,3.0,,,1,18.0,False,2025,Monaco,R,79.347,20.554,37.426,21.367,78.24000000000001,1.106999999999985,76.02,3.326999999999998,1.106999999999985,81.267,77.7,3.566999999999993,78.0,0.41025641025641024,8.0,0.75,36.0,1024.0,0,0,0,0,1,0,0,6.0,0.0,0.0,7
BOR,Kick Sauber,33.0,0 days 00:01:19.276000,0 days 00:00:22.023000,0 days 00:00:36.597000,0 days 00:00:20.656000,SOFT,7.0,3.0,,,1,18.0,False,2025,Monaco,R,79.276,22.023,36.597,20.656,78.24000000000001,1.0359999999999872,76.02,3.2560000000000002,1.0359999999999872,81.256,77.7,3.5559999999999974,78.0,0.4230769230769231,8.0,0.875,49.0,1089.0,0,0,0,0,1,0,0,7.0,0.0,0.0,7
BOR,Kick Sauber,34.0,0 days 00:01:19.276000,0 days 00:00:20.514000,0 days 00:00:37.529000,0 days 00:00:21.233000,SOFT,8.0,3.0,,,1,18.0,False,2025,Monaco,R,79.276,20.514,37.529,21.233,78.24000000000001,1.0359999999999872,76.02,3.2560000000000002,1.0359999999999872,81.316,77.7,3.6159999999999997,78.0,0.4358974358974359,8.0,1.0,64.0,1156.0,0,0,0,0,1,0,0,8.0,0.0,0.0,7
BOR,Kick Sauber,37.0,0 days 00:01:14.884000,0 days 00:00:19.720000,0 days 00:00:35.188000,0 days 00:00:19.976000,MEDIUM,2.0,4.0,,,12,18.0,False,2025,Monaco,R,74.884,19.72,35.188,19.976,78.24000000000001,3.3560000000000088,74.884,0.0,-3.3560000000000088,77.104,77.104,0.0,78.0,0.47435897435897434,41.0,0.04878048780487805,4.0,1369.0,0,0,0,0,0,1,0,0.0,2.0,0.0,40
BOR,Kick Sauber,38.0,0 days 00:01:14.970000,0 days 00:00:19.721000,0 days 00:00:35.317000,0 days 00:00:19.932000,MEDIUM,3.0,4.0,,,1,18.0,False,2025,Monaco,R,74.97,19.721,35.317,19.932,78.24000000000001,3.2700000000000102,74.884,0.08599999999999852,-3.2700000000000102,77.25,77.104,0.1460000000000008,78.0,0.48717948717948717,41.0,0.07317073170731707,9.0,1444.0,0,0,0,0,0,1,0,0.0,3.0,0.0,40
BOR,Kick Sauber,39.0,0 days 00:01:15.888000,0 days 00:00:19.829000,0 days 00:00:35.666000,0 days 00:00:20.393000,MEDIUM,4.0,4.0,,,1,18.0,False,2025,Monaco,R,75.888,19.829,35.666,20.393,78.24000000000001,2.352000000000004,74.884,1.0040000000000049,-2.352000000000004,78.22800000000001,77.104,1.1240000000000094,78.0,0.5,41.0,0.0975609756097561,16.0,1521.0,0,0,0,0,0,1,0,0.0,4.0,0.0,40
BOR,Kick Sauber,40.0,0 days 00:01:16.335000,0 days 00:00:20.008000,0 days 00:00:35.836000,0 days 00:00:20.491000,MEDIUM,5.0,4.0,,,1,18.0,False,2025,Monaco,R,76.335,20.008,35.836,20.491,78.24000000000001,1.9050000000000153,74.884,1.4509999999999934,-1.9050000000000153,78.735,77.104,1.6310000000000002,78.0,0.5128205128205128,41.0,0.12195121951219512,25.0,1600.0,0,0,0,0,0,1,0,0.0,5.0,0.0,40
BOR,Kick Sauber,41.0,0 days 00:01:16.847000,0 days 00:00:19.929000,0 days 00:00:36.341000,0 days 00:00:20.577000,MEDIUM,6.0,4.0,,,1,18.0,False,2025,Monaco,R,76.847,19.929,36.341,20.577,78.24000000000001,1.393000000000015,74.884,1.9629999999999939,-1.393000000000015,79.30699999999999,77.104,2.2029999999999887,78.0,0.5256410256410257,41.0,0.14634146341463414,36.0,1681.0,0,0,0,0,0,1,0,0.0,6.0,0.0,40
BOR,Kick Sauber,42.0,0 days 00:01:17.678000,0 days 00:00:20.488000,0 days 00:00:36.582000,0 days 00:00:20.608000,MEDIUM,7.0,4.0,,,1,18.0,False,2025,Monaco,R,77.678,20.488,36.582,20.608,78.24000000000001,0.5620000000000118,74.884,2.793999999999997,-0.5620000000000118,80.198,77.104,3.093999999999994,78.0,0.5384615384615384,41.0,0.17073170731707318,49.0,1764.0,0,0,0,0,0,1,0,0.0,7.0,0.0,40
BOR,Kick Sauber,43.0,0 days 00:01:17.037000,0 days 00:00:20.040000,0 days 00:00:36.395000,0 days 00:00:20.602000,MEDIUM,8.0,4.0,,,1,18.0,False,2025,Monaco,R,77.037,20.04,36.395,20.602,78.24000000000001,1.203000000000003,74.884,2.153000000000006,-1.203000000000003,79.617,77.104,2.5130000000000052,78.0,0.5512820512820513,41.0,0.1951219512195122,64.0,1849.0,0,0,0,0,0,1,0,0.0,8.0,0.0,40
BOR,Kick Sauber,44.0,0 days 00:01:18.350000,0 days 00:00:20.266000,0 days 00:00:36.985000,0 days 00:00:21.099000,MEDIUM,9.0,4.0,,,1,17.0,False,2025,Monaco,R,78.35,20.266,36.985,21.099,78.24000000000001,0.10999999999998522,74.884,3.465999999999994,0.10999999999998522,80.99,77.104,3.8859999999999957,78.0,0.5641025641025641,41.0,0.21951219512195122,81.0,1936.0,0,0,0,0,0,1,0,0.0,9.0,0.0,40
BOR,Kick Sauber,45.0,0 days 00:01:18.458000,0 days 00:00:20.242000,0 days 00:00:37.103000,0 days 00:00:21.113000,MEDIUM,10.0,4.0,,,1,17.0,False,2025,Monaco,R,78.458,20.242,37.103,21.113,78.24000000000001,0.2179999999999893,74.884,3.573999999999998,0.2179999999999893,81.158,77.104,4.054000000000002,78.0,0.5769230769230769,41.0,0.24390243902439024,100.0,2025.0,0,0,0,0,0,1,0,0.0,10.0,0.0,40
BOR,Kick Sauber,46.0,0 days 00:01:19.853000,0 days 00:00:20.453000,0 days 00:00:38.296000,0 days 00:00:21.104000,MEDIUM,11.0,4.0,,,1,17.0,False,2025,Monaco,R,79.853,20.453,38.296,21.104,78.24000000000001,1.6129999999999853,74.884,4.968999999999994,1.6129999999999853,82.613,77.104,5.509,78.0,0.5897435897435898,41.0,0.2682926829268293,121.0,2116.0,0,0,0,0,0,1,0,0.0,11.0,0.0,40
BOR,Kick Sauber,47.0,0 days 00:01:20.127000,0 days 00:00:20.664000,0 days 00:00:37.369000,0 days 00:00:22.094000,MEDIUM,12.0,4.0,,,1,17.0,False,2025,Monaco,R,80.127,20.664,37.369,22.094,78.24000000000001,1.8869999999999862,74.884,5.242999999999995,1.8869999999999862,82.94699999999999,77.104,5.842999999999989,78.0,0.6025641025641025,41.0,0.2926829268292683,144.0,2209.0,0,0,0,0,0,1,0,0.0,12.0,0.0,40
BOR,Kick Sauber,48.0,0 days 00:01:18.016000,0 days 00:00:20.193000,0 days 00:00:36.798000,0 days 00:00:21.025000,MEDIUM,13.0,4.0,,,1,17.0,False,2025,Monaco,R,78.016,20.193,36.798,21.025,78.24000000000001,0.22400000000000375,74.884,3.132000000000005,-0.22400000000000375,80.896,77.104,3.7920000000000016,78.0,0.6153846153846154,41.0,0.3170731707317073,169.0,2304.0,0,0,0,0,0,1,0,0.0,13.0,0.0,40
BOR,Kick Sauber,49.0,0 days 00:01:18.411000,0 days 00:00:20.471000,0 days 00:00:37.191000,0 days 00:00:20.749000,MEDIUM,14.0,4.0,,,1,17.0,False,2025,Monaco,R,78.411,20.471,37.191,20.749,78.24000000000001,0.17099999999999227,74.884,3.527000000000001,0.17099999999999227,81.351,77.104,4.247,78.0,0.6282051282051282,41.0,0.34146341463414637,196.0,2401.0,0,0,0,0,0,1,0,0.0,14.0,0.0,40
BOR,Kick Sauber,50.0,0 days 00:01:19.679000,0 days 00:00:20.266000,0 days 00:00:38.417000,0 days 00:00:20.996000,MEDIUM,15.0,4.0,,,1,17.0,False,2025,Monaco,R,79.679,20.266,38.417,20.996,78.24000000000001,1.438999999999993,74.884,4.795000000000002,1.438999999999993,82.679,77.104,5.575000000000003,78.0,0.6410256410256411,41.0,0.36585365853658536,225.0,2500.0,0,0,0,0,0,1,0,0.0,15.0,0.0,40
BOR,Kick Sauber,51.0,0 days 00:01:20.698000,0 days 00:00:20.568000,0 days 00:00:38.615000,0 days 00:00:21.515000,MEDIUM,16.0,4.0,,,1,17.0,False,2025,Monaco,R,80.698,20.568,38.615,21.515,78.24000000000001,2.457999999999984,74.884,5.813999999999993,2.457999999999984,83.758,77.104,6.653999999999996,78.0,0.6538461538461539,41.0,0.3902439024390244,256.0,2601.0,0,0,0,0,0,1,0,0.0,16.0,0.0,40
BOR,Kick Sauber,52.0,0 days 00:01:20.809000,0 days 00:00:21.533000,0 days 00:00:37.901000,0 days 00:00:21.375000,MEDIUM,17.0,4.0,,,1,17.0,False,2025,Monaco,R,80.809,21.533,37.901,21.375,78.24000000000001,2.5689999999999884,74.884,5.924999999999997,2.5689999999999884,83.929,77.104,6.825000000000003,78.0,0.6666666666666666,41.0,0.4146341463414634,289.0,2704.0,0,0,1,0,0,1,0,0.0,17.0,0.0,40
BOR,Kick Sauber,53.0,0 days 00:01:19.965000,0 days 00:00:20.329000,0 days 00:00:38.673000,0 days 00:00:20.963000,MEDIUM,18.0,4.0,,,1,17.0,False,2025,Monaco,R,79.965,20.329,38.673,20.963,78.24000000000001,1.7249999999999943,74.884,5.081000000000003,1.7249999999999943,83.14500000000001,77.104,6.041000000000011,78.0,0.6794871794871795,41.0,0.43902439024390244,324.0,2809.0,0,0,1,0,0,1,0,0.0,18.0,0.0,40
BOR,Kick Sauber,54.0,0 days 00:01:18.704000,0 days 00:00:20.513000,0 days 00:00:37.061000,0 days 00:00:21.130000,MEDIUM,19.0,4.0,,,1,17.0,False,2025,Monaco,R,78.704,20.513,37.061,21.13,78.24000000000001,0.4639999999999844,74.884,3.819999999999993,0.4639999999999844,81.94399999999999,77.104,4.839999999999989,78.0,0.6923076923076923,41.0,0.4634146341463415,361.0,2916.0,0,0,1,0,0,1,0,0.0,19.0,0.0,40
BOR,Kick Sauber,55.0,0 days 00:01:18.823000,0 days 00:00:20.735000,0 days 00:00:37.060000,0 days 00:00:21.028000,MEDIUM,20.0,4.0,,,1,17.0,False,2025,Monaco,R,78.823,20.735,37.06,21.028,78.24000000000001,0.5829999999999842,74.884,3.938999999999993,0.5829999999999842,82.12299999999999,77.104,5.018999999999991,78.0,0.7051282051282052,41.0,0.4878048780487805,400.0,3025.0,0,0,1,0,0,1,0,0.0,20.0,0.0,40
BOR,Kick Sauber,56.0,0 days 00:01:18.451000,0 days 00:00:20.455000,0 days 00:00:37.056000,0 days 00:00:20.940000,MEDIUM,21.0,4.0,,,1,17.0,False,2025,Monaco,R,78.451,20.455,37.056,20.94,78.24000000000001,0.2109999999999843,74.884,3.566999999999993,0.2109999999999843,81.81099999999999,77.104,4.706999999999994,78.0,0.717948717948718,41.0,0.5121951219512195,441.0,3136.0,0,0,1,0,0,1,0,0.0,21.0,0.0,40
BOR,Kick Sauber,57.0,0 days 00:01:18.438000,0 days 00:00:20.193000,0 days 00:00:37.269000,0 days 00:00:20.976000,MEDIUM,22.0,4.0,,,1,17.0,False,2025,Monaco,R,78.438,20.193,37.269,20.976,78.24000000000001,0.1979999999999933,74.884,3.554000000000002,0.1979999999999933,81.858,77.104,4.754000000000005,78.0,0.7307692307692307,41.0,0.5365853658536586,484.0,3249.0,0,0,1,0,0,1,0,0.0,22.0,0.0,40
BOR,Kick Sauber,58.0,0 days 00:01:18.118000,0 days 00:00:20.332000,0 days 00:00:36.847000,0 days 00:00:20.939000,MEDIUM,23.0,4.0,,,1,17.0,False,2025,Monaco,R,78.118,20.332,36.847,20.939,78.24000000000001,0.1220000000000141,74.884,3.2339999999999947,-0.1220000000000141,81.598,77.104,4.494,78.0,0.7435897435897436,41.0,0.5609756097560976,529.0,3364.0,0,0,1,0,0,1,0,0.0,23.0,0.0,40
BOR,Kick Sauber,59.0,0 days 00:01:18.997000,0 days 00:00:20.239000,0 days 00:00:37.560000,0 days 00:00:21.198000,MEDIUM,24.0,4.0,,,1,17.0,False,2025,Monaco,R,78.997,20.239,37.56,21.198,78.24000000000001,0.7569999999999908,74.884,4.1129999999999995,0.7569999999999908,82.537,77.104,5.433000000000007,78.0,0.7564102564102564,41.0,0.5853658536585366,576.0,3481.0,0,0,1,0,0,1,0,0.0,24.0,0.0,40
BOR,Kick Sauber,60.0,0 days 00:01:18.808000,0 days 00:00:20.468000,0 days 00:00:37.197000,0 days 00:00:21.143000,MEDIUM,25.0,4.0,,,1,17.0,False,2025,Monaco,R,78.808,20.468,37.197,21.143,78.24000000000001,0.5679999999999978,74.884,3.9240000000000066,0.5679999999999978,82.408,77.104,5.304000000000002,78.0,0.7692307692307693,41.0,0.6097560975609756,625.0,3600.0,0,0,1,0,0,1,0,0.0,25.0,0.0,40
BOR,Kick Sauber,61.0,0 days 00:01:18.797000,0 days 00:00:20.266000,0 days 00:00:37.383000,0 days 00:00:21.148000,MEDIUM,26.0,4.0,,,1,17.0,False,2025,Monaco,R,78.797,20.266,37.383,21.148,78.24000000000001,0.556999999999988,74.884,3.9129999999999967,0.556999999999988,82.457,77.104,5.352999999999994,78.0,0.782051282051282,41.0,0.6341463414634146,676.0,3721.0,0,0,1,0,0,1,0,0.0,26.0,0.0,40
BOR,Kick Sauber,62.0,0 days 00:01:18.266000,0 days 00:00:20.332000,0 days 00:00:37.062000,0 days 00:00:20.872000,MEDIUM,27.0,4.0,,,1,17.0,False,2025,Monaco,R,78.266,20.332,37.062,20.872,78.24000000000001,0.02599999999999625,74.884,3.382000000000005,0.02599999999999625,81.986,77.104,4.882000000000005,78.0,0.7948717948717948,41.0,0.6585365853658537,729.0,3844.0,0,0,1,0,0,1,0,0.0,27.0,0.0,40
BOR,Kick Sauber,63.0,0 days 00:01:18.906000,0 days 00:00:20.231000,0 days 00:00:37.337000,0 days 00:00:21.338000,MEDIUM,28.0,4.0,,,1,17.0,False,2025,Monaco,R,78.906,20.231,37.337,21.338,78.24000000000001,0.6659999999999968,74.884,4.022000000000006,0.6659999999999968,82.686,77.104,5.582000000000008,78.0,0.8076923076923077,41.0,0.6829268292682927,784.0,3969.0,0,0,1,0,0,1,0,0.0,28.0,0.0,40
BOR,Kick Sauber,64.0,0 days 00:01:22.158000,0 days 00:00:21.805000,0 days 00:00:38.571000,0 days 00:00:21.782000,MEDIUM,29.0,4.0,,,1,16.0,False,2025,Monaco,R,82.158,21.805,38.571,21.782,78.24000000000001,3.917999999999992,74.884,7.274000000000001,3.917999999999992,85.998,77.104,8.894000000000005,78.0,0.8205128205128205,41.0,0.7073170731707317,841.0,4096.0,0,0,1,0,0,1,0,0.0,29.0,0.0,40
BOR,Kick Sauber,65.0,0 days 00:01:18.960000,0 days 00:00:21.527000,0 days 00:00:36.793000,0 days 00:00:20.640000,MEDIUM,30.0,4.0,,,1,16.0,False,2025,Monaco,R,78.96,21.527,36.793,20.64,78.24000000000001,0.7199999999999847,74.884,4.075999999999993,0.7199999999999847,82.86,77.104,5.756,78.0,0.8333333333333334,41.0,0.7317073170731707,900.0,4225.0,0,0,1,0,0,1,0,0.0,30.0,0.0,40
BOR,Kick Sauber,66.0,0 days 00:01:17.324000,0 days 00:00:20.146000,0 days 00:00:36.520000,0 days 00:00:20.658000,MEDIUM,31.0,4.0,,,1,16.0,False,2025,Monaco,R,77.324,20.146,36.52,20.658,78.24000000000001,0.916000000000011,74.884,2.4399999999999977,-0.916000000000011,81.28399999999999,77.104,4.179999999999993,78.0,0.8461538461538461,41.0,0.7560975609756098,961.0,4356.0,0,0,1,0,0,1,0,0.0,31.0,0.0,40
BOR,Kick Sauber,67.0,0 days 00:01:17.412000,0 days 00:00:20.085000,0 days 00:00:36.611000,0 days 00:00:20.716000,MEDIUM,32.0,4.0,,,1,16.0,False,2025,Monaco,R,77.412,20.085,36.611,20.716,78.24000000000001,0.828000000000003,74.884,2.528000000000006,-0.828000000000003,81.432,77.104,4.328000000000003,78.0,0.8589743589743589,41.0,0.7804878048780488,1024.0,4489.0,0,0,1,0,0,1,0,0.0,32.0,0.0,40
BOR,Kick Sauber,68.0,0 days 00:01:17.248000,0 days 00:00:20.100000,0 days 00:00:36.578000,0 days 00:00:20.570000,MEDIUM,33.0,4.0,,,1,16.0,False,2025,Monaco,R,77.248,20.1,36.578,20.57,78.24000000000001,0.9920000000000044,74.884,2.3640000000000043,-0.9920000000000044,81.328,77.104,4.224000000000004,78.0,0.8717948717948718,41.0,0.8048780487804879,1089.0,4624.0,0,0,1,0,0,1,0,0.0,33.0,0.0,40
BOR,Kick Sauber,69.0,0 days 00:01:16.985000,0 days 00:00:19.931000,0 days 00:00:36.599000,0 days 00:00:20.455000,MEDIUM,34.0,4.0,,,1,15.0,False,2025,Monaco,R,76.985,19.931,36.599,20.455,78.24000000000001,1.2550000000000097,74.884,2.100999999999999,-1.2550000000000097,81.125,77.104,4.021000000000001,78.0,0.8846153846153846,41.0,0.8292682926829268,1156.0,4761.0,0,0,1,0,0,1,0,0.0,34.0,0.0,40
BOR,Kick Sauber,70.0,0 days 00:01:17.096000,0 days 00:00:20.151000,0 days 00:00:36.533000,0 days 00:00:20.412000,MEDIUM,35.0,4.0,,,1,15.0,False,2025,Monaco,R,77.096,20.151,36.533,20.412,78.24000000000001,1.1440000000000055,74.884,2.2120000000000033,-1.1440000000000055,81.296,77.104,4.192000000000007,78.0,0.8974358974358975,41.0,0.8536585365853658,1225.0,4900.0,0,0,1,0,0,1,0,0.0,35.0,0.0,40
BOR,Kick Sauber,71.0,0 days 00:01:16.484000,0 days 00:00:19.858000,0 days 00:00:36.331000,0 days 00:00:20.295000,MEDIUM,36.0,4.0,,,1,15.0,False,2025,Monaco,R,76.484,19.858,36.331,20.295,78.24000000000001,1.7560000000000144,74.884,1.5999999999999943,-1.7560000000000144,80.744,77.104,3.6400000000000006,78.0,0.9102564102564102,41.0,0.8780487804878049,1296.0,5041.0,0,0,1,0,0,1,0,0.0,36.0,0.0,40
BOR,Kick Sauber,72.0,0 days 00:01:16.624000,0 days 00:00:19.898000,0 days 00:00:36.245000,0 days 00:00:20.481000,MEDIUM,37.0,4.0,,,1,15.0,False,2025,Monaco,R,76.624,19.898,36.245,20.481,78.24000000000001,1.6160000000000139,74.884,1.7399999999999949,-1.6160000000000139,80.94399999999999,77.104,3.839999999999989,78.0,0.9230769230769231,41.0,0.9024390243902439,1369.0,5184.0,0,0,1,0,0,1,0,0.0,37.0,0.0,40
BOR,Kick Sauber,73.0,0 days 00:01:16.774000,0 days 00:00:19.775000,0 days 00:00:36.420000,0 days 00:00:20.579000,MEDIUM,38.0,4.0,,,1,14.0,False,2025,Monaco,R,76.774,19.775,36.42,20.579,78.24000000000001,1.4660000000000082,74.884,1.8900000000000006,-1.4660000000000082,81.154,77.104,4.049999999999997,78.0,0.9358974358974359,41.0,0.926829268292683,1444.0,5329.0,0,0,1,0,0,1,0,0.0,38.0,0.0,40
BOR,Kick Sauber,74.0,0 days 00:01:16.831000,0 days 00:00:20.102000,0 days 00:00:36.386000,0 days 00:00:20.343000,MEDIUM,39.0,4.0,,,1,14.0,False,2025,Monaco,R,76.831,20.102,36.386,20.343,78.24000000000001,1.409000000000006,74.884,1.9470000000000027,-1.409000000000006,81.271,77.104,4.167000000000002,78.0,0.9487179487179487,41.0,0.9512195121951219,1521.0,5476.0,0,0,1,0,0,1,0,0.0,39.0,0.0,40
BOR,Kick Sauber,75.0,0 days 00:01:16.681000,0 days 00:00:19.963000,0 days 00:00:36.368000,0 days 00:00:20.350000,MEDIUM,40.0,4.0,,,1,14.0,False,2025,Monaco,R,76.681,19.963,36.368,20.35,78.24000000000001,1.5590000000000117,74.884,1.796999999999997,-1.5590000000000117,81.181,77.104,4.076999999999998,78.0,0.9615384615384616,41.0,0.975609756097561,1600.0,5625.0,0,0,1,0,0,1,0,0.0,40.0,0.0,40
BOR,Kick Sauber,76.0,0 days 00:01:16.867000,0 days 00:00:19.872000,0 days 00:00:36.360000,0 days 00:00:20.635000,MEDIUM,41.0,4.0,,,1,14.0,False,2025,Monaco,R,76.867,19.872,36.36,20.635,78.24000000000001,1.3730000000000047,74.884,1.983000000000004,-1.3730000000000047,81.427,77.104,4.3230000000000075,78.0,0.9743589743589743,41.0,1.0,1681.0,5776.0,0,0,1,0,0,1,0,0.0,41.0,0.0,40
COL,Alpine,5.0,0 days 00:01:19.999000,0 days 00:00:20.959000,0 days 00:00:37.709000,0 days 00:00:21.331000,HARD,5.0,1.0,,,1,15.0,False,2025,Monaco,R,79.999,20.959,37.709,21.331,78.46600000000001,1.532999999999987,79.999,0.0,1.532999999999987,80.29899999999999,80.29899999999999,0.0,78.0,0.0641025641025641,12.0,0.4166666666666667,25.0,25.0,1,0,0,1,0,0,1,0.0,0.0,5.0,8
COL,Alpine,6.0,0 days 00:01:20.746000,0 days 00:00:21.187000,0 days 00:00:37.873000,0 days 00:00:21.686000,HARD,6.0,1.0,,,1,15.0,False,2025,Monaco,R,80.746,21.187,37.873,21.686,78.46600000000001,2.279999999999987,79.999,0.7469999999999999,2.279999999999987,81.106,80.29899999999999,0.8070000000000022,78.0,0.07692307692307693,12.0,0.5,36.0,36.0,1,0,0,1,0,0,1,0.0,0.0,6.0,8
COL,Alpine,7.0,0 days 00:01:20.915000,0 days 00:00:21.251000,0 days 00:00:37.801000,0 days 00:00:21.863000,HARD,7.0,1.0,,,1,15.0,False,2025,Monaco,R,80.915,21.251,37.801,21.863,78.46600000000001,2.448999999999998,79.999,0.916000000000011,2.448999999999998,81.33500000000001,80.29899999999999,1.0360000000000156,78.0,0.08974358974358974,12.0,0.5833333333333334,49.0,49.0,1,0,0,1,0,0,1,0.0,0.0,7.0,8
COL,Alpine,8.0,0 days 00:01:20.987000,0 days 00:00:21.260000,0 days 00:00:38.026000,0 days 00:00:21.701000,HARD,8.0,1.0,,,12,15.0,False,2025,Monaco,R,80.987,21.26,38.026,21.701,78.46600000000001,2.5209999999999866,79.999,0.9879999999999995,2.5209999999999866,81.467,80.29899999999999,1.1680000000000064,78.0,0.10256410256410256,12.0,0.6666666666666666,64.0,64.0,1,0,0,1,0,0,1,0.0,0.0,8.0,8
COL,Alpine,9.0,0 days 00:01:23.197000,0 days 00:00:21.020000,0 days 00:00:39.914000,0 days 00:00:22.263000,HARD,9.0,1.0,,,2,15.0,False,2025,Monaco,R,83.197,21.02,39.914,22.263,78.46600000000001,4.7309999999999945,79.999,3.1980000000000075,4.7309999999999945,83.73700000000001,80.29899999999999,3.4380000000000166,78.0,0.11538461538461539,12.0,0.75,81.0,81.0,1,0,0,1,0,0,1,0.0,0.0,9.0,8
COL,Alpine,10.0,0 days 00:01:21.709000,0 days 00:00:21.163000,0 days 00:00:38.877000,0 days 00:00:21.669000,HARD,10.0,1.0,,,2,15.0,False,2025,Monaco,R,81.709,21.163,38.877,21.669,78.46600000000001,3.242999999999995,79.999,1.710000000000008,3.242999999999995,82.309,80.29899999999999,2.010000000000005,78.0,0.1282051282051282,12.0,0.8333333333333334,100.0,100.0,1,0,0,1,0,0,1,0.0,0.0,10.0,8
COL,Alpine,11.0,0 days 00:01:19.851000,0 days 00:00:20.995000,0 days 00:00:37.590000,0 days 00:00:21.266000,HARD,11.0,1.0,,,21,15.0,False,2025,Monaco,R,79.851,20.995,37.59,21.266,78.46600000000001,1.384999999999991,79.999,-0.14799999999999613,1.384999999999991,80.511,80.29899999999999,0.2120000000000033,78.0,0.14102564102564102,12.0,0.9166666666666666,121.0,121.0,1,0,0,1,0,0,1,0.0,0.0,11.0,8
COL,Alpine,12.0,0 days 00:01:19.827000,0 days 00:00:21.071000,0 days 00:00:37.383000,0 days 00:00:21.373000,HARD,12.0,1.0,,,1,14.0,False,2025,Monaco,R,79.827,21.071,37.383,21.373,78.46600000000001,1.36099999999999,79.999,-0.17199999999999704,1.36099999999999,80.547,80.29899999999999,0.24800000000000466,78.0,0.15384615384615385,12.0,1.0,144.0,144.0,1,0,0,1,0,0,1,0.0,0.0,12.0,8
COL,Alpine,15.0,0 days 00:01:15.509000,0 days 00:00:20.031000,0 days 00:00:35.484000,0 days 00:00:19.994000,MEDIUM,9.0,2.0,,,1,19.0,False,2025,Monaco,R,75.509,20.031,35.484,19.994,78.46600000000001,2.957000000000008,75.509,0.0,-2.957000000000008,76.409,76.409,0.0,78.0,0.19230769230769232,19.0,0.47368421052631576,81.0,225.0,0,1,0,1,0,1,0,0.0,9.0,0.0,11
COL,Alpine,16.0,0 days 00:01:15.435000,0 days 00:00:19.967000,0 days 00:00:35.484000,0 days 00:00:19.984000,MEDIUM,10.0,2.0,,,1,19.0,False,2025,Monaco,R,75.435,19.967,35.484,19.984,78.46600000000001,3.031000000000006,75.509,-0.07399999999999807,-3.031000000000006,76.395,76.409,-0.014000000000010004,78.0,0.20512820512820512,19.0,0.5263157894736842,100.0,256.0,0,1,0,1,0,1,0,0.0,10.0,0.0,11
COL,Alpine,17.0,0 days 00:01:17.547000,0 days 00:00:20.025000,0 days 00:00:36.508000,0 days 00:00:21.014000,MEDIUM,11.0,2.0,,,1,17.0,False,2025,Monaco,R,77.547,20.025,36.508,21.014,78.46600000000001,0.9190000000000111,75.509,2.0379999999999967,-0.9190000000000111,78.567,76.409,2.157999999999987,78.0,0.21794871794871795,19.0,0.5789473684210527,121.0,289.0,0,1,0,1,0,1,0,0.0,11.0,0.0,11
COL,Alpine,18.0,0 days 00:01:18.351000,0 days 00:00:20.569000,0 days 00:00:37.021000,0 days 00:00:20.761000,MEDIUM,12.0,2.0,,,1,17.0,False,2025,Monaco,R,78.351,20.569,37.021,20.761,78.46600000000001,0.1150000000000091,75.509,2.8419999999999987,-0.1150000000000091,79.431,76.409,3.0219999999999914,78.0,0.23076923076923078,19.0,0.631578947368421,144.0,324.0,0,1,0,1,0,1,0,0.0,12.0,0.0,11
COL,Alpine,19.0,0 days 00:01:18.851000,0 days 00:00:20.572000,0 days 00:00:37.322000,0 days 00:00:20.957000,MEDIUM,13.0,2.0,,,1,17.0,False,2025,Monaco,R,78.851,20.572,37.322,20.957,78.46600000000001,0.3849999999999909,75.509,3.3419999999999987,0.3849999999999909,79.991,76.409,3.5819999999999936,78.0,0.24358974358974358,19.0,0.6842105263157895,169.0,361.0,0,1,0,1,0,1,0,0.0,13.0,0.0,11
COL,Alpine,20.0,0 days 00:01:19.296000,0 days 00:00:20.775000,0 days 00:00:37.347000,0 days 00:00:21.174000,MEDIUM,14.0,2.0,,,1,17.0,False,2025,Monaco,R,79.296,20.775,37.347,21.174,78.46600000000001,0.8299999999999983,75.509,3.787000000000006,0.8299999999999983,80.49600000000001,76.409,4.087000000000003,78.0,0.2564102564102564,19.0,0.7368421052631579,196.0,400.0,0,1,0,1,0,1,0,0.0,14.0,0.0,11
COL,Alpine,21.0,0 days 00:01:18.214000,0 days 00:00:20.526000,0 days 00:00:36.855000,0 days 00:00:20.833000,MEDIUM,15.0,2.0,,,1,17.0,False,2025,Monaco,R,78.214,20.526,36.855,20.833,78.46600000000001,0.25200000000000955,75.509,2.7049999999999983,-0.25200000000000955,79.474,76.409,3.0649999999999977,78.0,0.2692307692307692,19.0,0.7894736842105263,225.0,441.0,0,1,0,1,0,1,0,0.0,15.0,0.0,11
COL,Alpine,22.0,0 days 00:01:17.808000,0 days 00:00:20.295000,0 days 00:00:36.786000,0 days 00:00:20.727000,MEDIUM,16.0,2.0,,,1,17.0,False,2025,Monaco,R,77.808,20.295,36.786,20.727,78.46600000000001,0.6580000000000013,75.509,2.2990000000000066,-0.6580000000000013,79.128,76.409,2.718999999999994,78.0,0.28205128205128205,19.0,0.8421052631578947,256.0,484.0,0,1,0,1,0,1,0,0.0,16.0,0.0,11
COL,Alpine,23.0,0 days 00:01:17.626000,0 days 00:00:20.352000,0 days 00:00:36.630000,0 days 00:00:20.644000,MEDIUM,17.0,2.0,,,1,17.0,False,2025,Monaco,R,77.626,20.352,36.63,20.644,78.46600000000001,0.8400000000000034,75.509,2.1170000000000044,-0.8400000000000034,79.006,76.409,2.596999999999994,78.0,0.2948717948717949,19.0,0.8947368421052632,289.0,529.0,0,1,0,1,0,1,0,0.0,17.0,0.0,11
COL,Alpine,24.0,0 days 00:01:17.233000,0 days 00:00:20.226000,0 days 00:00:36.489000,0 days 00:00:20.518000,MEDIUM,18.0,2.0,,,1,17.0,False,2025,Monaco,R,77.233,20.226,36.489,20.518,78.46600000000001,1.233000000000004,75.509,1.7240000000000038,-1.233000000000004,78.673,76.409,2.263999999999996,78.0,0.3076923076923077,19.0,0.9473684210526315,324.0,576.0,0,1,0,1,0,1,0,0.0,18.0,0.0,11
COL,Alpine,25.0,0 days 00:01:17.209000,0 days 00:00:20.032000,0 days 00:00:36.647000,0 days 00:00:20.530000,MEDIUM,19.0,2.0,,,1,17.0,False,2025,Monaco,R,77.209,20.032,36.647,20.53,78.46600000000001,1.257000000000005,75.509,1.7000000000000028,-1.257000000000005,78.709,76.409,2.299999999999997,78.0,0.32051282051282054,19.0,1.0,361.0,625.0,0,1,0,1,0,1,0,0.0,19.0,0.0,11
COL,Alpine,28.0,0 days 00:01:18.135000,0 days 00:00:21.354000,0 days 00:00:36.628000,0 days 00:00:20.153000,MEDIUM,2.0,3.0,,,1,19.0,False,2025,Monaco,R,78.135,21.354,36.628,20.153,78.46600000000001,0.33100000000000307,78.135,0.0,-0.33100000000000307,79.81500000000001,79.81500000000001,0.0,78.0,0.358974358974359,50.0,0.04,4.0,784.0,0,0,0,0,0,1,0,0.0,2.0,0.0,49
COL,Alpine,29.0,0 days 00:01:15.914000,0 days 00:00:20.094000,0 days 00:00:35.638000,0 days 00:00:20.182000,MEDIUM,3.0,3.0,,,1,19.0,False,2025,Monaco,R,75.914,20.094,35.638,20.182,78.46600000000001,2.5520000000000067,78.135,-2.2210000000000036,-2.5520000000000067,77.654,79.81500000000001,-2.1610000000000156,78.0,0.3717948717948718,50.0,0.06,9.0,841.0,0,0,0,0,0,1,0,0.0,3.0,0.0,49
COL,Alpine,30.0,0 days 00:01:15.298000,0 days 00:00:19.799000,0 days 00:00:35.484000,0 days 00:00:20.015000,MEDIUM,4.0,3.0,,,1,19.0,False,2025,Monaco,R,75.298,19.799,35.484,20.015,78.46600000000001,3.1680000000000064,78.135,-2.8370000000000033,-3.1680000000000064,77.098,79.81500000000001,-2.717000000000013,78.0,0.38461538461538464,50.0,0.08,16.0,900.0,0,0,0,0,0,1,0,0.0,4.0,0.0,49
COL,Alpine,31.0,0 days 00:01:16.007000,0 days 00:00:19.843000,0 days 00:00:35.877000,0 days 00:00:20.287000,MEDIUM,5.0,3.0,,,1,19.0,False,2025,Monaco,R,76.007,19.843,35.877,20.287,78.46600000000001,2.459000000000003,78.135,-2.128,-2.459000000000003,77.867,79.81500000000001,-1.9480000000000075,78.0,0.3974358974358974,50.0,0.1,25.0,961.0,0,0,0,0,0,1,0,0.0,5.0,0.0,49
COL,Alpine,32.0,0 days 00:01:19.845000,0 days 00:00:20.397000,0 days 00:00:38.726000,0 days 00:00:20.722000,MEDIUM,6.0,3.0,,,1,19.0,False,2025,Monaco,R,79.845,20.397,38.726,20.722,78.46600000000001,1.3789999999999907,78.135,1.7099999999999937,1.3789999999999907,81.765,79.81500000000001,1.9499999999999886,78.0,0.41025641025641024,50.0,0.12,36.0,1024.0,0,0,0,0,0,1,0,0.0,6.0,0.0,49
COL,Alpine,33.0,0 days 00:01:18.528000,0 days 00:00:20.710000,0 days 00:00:37.195000,0 days 00:00:20.623000,MEDIUM,7.0,3.0,,,1,19.0,False,2025,Monaco,R,78.528,20.71,37.195,20.623,78.46600000000001,0.06199999999999761,78.135,0.3930000000000007,0.06199999999999761,80.50800000000001,79.81500000000001,0.6929999999999978,78.0,0.4230769230769231,50.0,0.14,49.0,1089.0,0,0,0,0,0,1,0,0.0,7.0,0.0,49
COL,Alpine,34.0,0 days 00:01:18.704000,0 days 00:00:20.551000,0 days 00:00:37.100000,0 days 00:00:21.053000,MEDIUM,8.0,3.0,,,1,19.0,False,2025,Monaco,R,78.704,20.551,37.1,21.053,78.46600000000001,0.23799999999998533,78.135,0.5689999999999884,0.23799999999998533,80.744,79.81500000000001,0.9289999999999878,78.0,0.4358974358974359,50.0,0.16,64.0,1156.0,0,0,0,0,0,1,0,0.0,8.0,0.0,49
COL,Alpine,35.0,0 days 00:01:18.670000,0 days 00:00:20.490000,0 days 00:00:37.253000,0 days 00:00:20.927000,MEDIUM,9.0,3.0,,,1,18.0,False,2025,Monaco,R,78.67,20.49,37.253,20.927,78.46600000000001,0.20399999999999352,78.135,0.5349999999999966,0.20399999999999352,80.77,79.81500000000001,0.9549999999999841,78.0,0.44871794871794873,50.0,0.18,81.0,1225.0,0,0,0,0,0,1,0,0.0,9.0,0.0,49
COL,Alpine,36.0,0 days 00:01:17.955000,0 days 00:00:20.375000,0 days 00:00:36.766000,0 days 00:00:20.814000,MEDIUM,10.0,3.0,,,1,18.0,False,2025,Monaco,R,77.955,20.375,36.766,20.814,78.46600000000001,0.5110000000000099,78.135,-0.18000000000000682,-0.5110000000000099,80.115,79.81500000000001,0.29999999999998295,78.0,0.46153846153846156,50.0,0.2,100.0,1296.0,0,0,0,0,0,1,0,0.0,10.0,0.0,49
COL,Alpine,37.0,0 days 00:01:18.660000,0 days 00:00:20.584000,0 days 00:00:37.231000,0 days 00:00:20.845000,MEDIUM,11.0,3.0,,,12,17.0,False,2025,Monaco,R,78.66,20.584,37.231,20.845,78.46600000000001,0.1939999999999884,78.135,0.5249999999999915,0.1939999999999884,80.88,79.81500000000001,1.0649999999999835,78.0,0.47435897435897434,50.0,0.22,121.0,1369.0,0,0,0,0,0,1,0,0.0,11.0,0.0,49
COL,Alpine,38.0,0 days 00:01:18.728000,0 days 00:00:20.702000,0 days 00:00:37.114000,0 days 00:00:20.912000,MEDIUM,12.0,3.0,,,1,17.0,False,2025,Monaco,R,78.728,20.702,37.114,20.912,78.46600000000001,0.26199999999998624,78.135,0.5929999999999893,0.26199999999998624,81.008,79.81500000000001,1.1929999999999836,78.0,0.48717948717948717,50.0,0.24,144.0,1444.0,0,0,0,0,0,1,0,0.0,12.0,0.0,49
COL,Alpine,39.0,0 days 00:01:18.889000,0 days 00:00:20.455000,0 days 00:00:37.386000,0 days 00:00:21.048000,MEDIUM,13.0,3.0,,,1,17.0,False,2025,Monaco,R,78.889,20.455,37.386,21.048,78.46600000000001,0.4229999999999876,78.135,0.7539999999999907,0.4229999999999876,81.229,79.81500000000001,1.4139999999999873,78.0,0.5,50.0,0.26,169.0,1521.0,0,0,0,0,0,1,0,0.0,13.0,0.0,49
COL,Alpine,40.0,0 days 00:01:18.443000,0 days 00:00:20.743000,0 days 00:00:36.950000,0 days 00:00:20.750000,MEDIUM,14.0,3.0,,,1,17.0,False,2025,Monaco,R,78.443,20.743,36.95,20.75,78.46600000000001,0.023000000000010346,78.135,0.3079999999999927,-0.023000000000010346,80.843,79.81500000000001,1.0279999999999916,78.0,0.5128205128205128,50.0,0.28,196.0,1600.0,0,0,0,0,0,1,0,0.0,14.0,0.0,49
COL,Alpine,41.0,0 days 00:01:18.866000,0 days 00:00:20.596000,0 days 00:00:37.437000,0 days 00:00:20.833000,MEDIUM,15.0,3.0,,,1,17.0,False,2025,Monaco,R,78.866,20.596,37.437,20.833,78.46600000000001,0.3999999999999915,78.135,0.7309999999999945,0.3999999999999915,81.326,79.81500000000001,1.5109999999999815,78.0,0.5256410256410257,50.0,0.3,225.0,1681.0,0,0,0,0,0,1,0,0.0,15.0,0.0,49
COL,Alpine,42.0,0 days 00:01:17.798000,0 days 00:00:20.430000,0 days 00:00:36.752000,0 days 00:00:20.616000,MEDIUM,16.0,3.0,,,1,17.0,False,2025,Monaco,R,77.798,20.43,36.752,20.616,78.46600000000001,0.6680000000000064,78.135,-0.3370000000000033,-0.6680000000000064,80.318,79.81500000000001,0.5029999999999859,78.0,0.5384615384615384,50.0,0.32,256.0,1764.0,0,0,0,0,0,1,0,0.0,16.0,0.0,49
COL,Alpine,43.0,0 days 00:01:17.541000,0 days 00:00:20.286000,0 days 00:00:36.504000,0 days 00:00:20.751000,MEDIUM,17.0,3.0,,,1,17.0,False,2025,Monaco,R,77.541,20.286,36.504,20.751,78.46600000000001,0.9250000000000114,78.135,-0.5940000000000083,-0.9250000000000114,80.121,79.81500000000001,0.3059999999999832,78.0,0.5512820512820513,50.0,0.34,289.0,1849.0,0,0,0,0,0,1,0,0.0,17.0,0.0,49
COL,Alpine,44.0,0 days 00:01:18.439000,0 days 00:00:20.488000,0 days 00:00:37.187000,0 days 00:00:20.764000,MEDIUM,18.0,3.0,,,1,16.0,False,2025,Monaco,R,78.439,20.488,37.187,20.764,78.46600000000001,0.027000000000015234,78.135,0.30399999999998784,-0.027000000000015234,81.079,79.81500000000001,1.2639999999999816,78.0,0.5641025641025641,50.0,0.36,324.0,1936.0,0,0,0,0,0,1,0,0.0,18.0,0.0,49
COL,Alpine,45.0,0 days 00:01:18.710000,0 days 00:00:20.474000,0 days 00:00:37.271000,0 days 00:00:20.965000,MEDIUM,19.0,3.0,,,1,16.0,False,2025,Monaco,R,78.71,20.474,37.271,20.965,78.46600000000001,0.24399999999998556,78.135,0.5749999999999886,0.24399999999998556,81.41,79.81500000000001,1.5949999999999847,78.0,0.5769230769230769,50.0,0.38,361.0,2025.0,0,0,0,0,0,1,0,0.0,19.0,0.0,49
COL,Alpine,46.0,0 days 00:01:20.190000,0 days 00:00:20.537000,0 days 00:00:37.455000,0 days 00:00:22.198000,MEDIUM,20.0,3.0,,,1,16.0,False,2025,Monaco,R,80.19,20.537,37.455,22.198,78.46600000000001,1.7239999999999895,78.135,2.0549999999999926,1.7239999999999895,82.95,79.81500000000001,3.134999999999991,78.0,0.5897435897435898,50.0,0.4,400.0,2116.0,0,0,0,0,0,1,0,0.0,20.0,0.0,49
COL,Alpine,47.0,0 days 00:01:19.889000,0 days 00:00:20.566000,0 days 00:00:37.486000,0 days 00:00:21.837000,MEDIUM,21.0,3.0,,,1,16.0,False,2025,Monaco,R,79.889,20.566,37.486,21.837,78.46600000000001,1.4229999999999876,78.135,1.7539999999999907,1.4229999999999876,82.70899999999999,79.81500000000001,2.893999999999977,78.0,0.6025641025641025,50.0,0.42,441.0,2209.0,0,0,0,0,0,1,0,0.0,21.0,0.0,49
COL,Alpine,48.0,0 days 00:01:18.240000,0 days 00:00:20.033000,0 days 00:00:37.186000,0 days 00:00:21.021000,MEDIUM,22.0,3.0,,,1,16.0,False,2025,Monaco,R,78.24,20.033,37.186,21.021,78.46600000000001,0.2260000000000133,78.135,0.10499999999998977,-0.2260000000000133,81.11999999999999,79.81500000000001,1.3049999999999784,78.0,0.6153846153846154,50.0,0.44,484.0,2304.0,0,0,0,0,0,1,0,0.0,22.0,0.0,49
COL,Alpine,49.0,0 days 00:01:18.159000,0 days 00:00:20.421000,0 days 00:00:37.070000,0 days 00:00:20.668000,MEDIUM,23.0,3.0,,,1,16.0,False,2025,Monaco,R,78.159,20.421,37.07,20.668,78.46600000000001,0.30700000000000216,78.135,0.02400000000000091,-0.30700000000000216,81.099,79.81500000000001,1.2839999999999918,78.0,0.6282051282051282,50.0,0.46,529.0,2401.0,0,0,0,0,0,1,0,0.0,23.0,0.0,49
COL,Alpine,50.0,0 days 00:01:19.965000,0 days 00:00:20.398000,0 days 00:00:37.535000,0 days 00:00:22.032000,MEDIUM,24.0,3.0,,,1,16.0,False,2025,Monaco,R,79.965,20.398,37.535,22.032,78.46600000000001,1.4989999999999952,78.135,1.8299999999999983,1.4989999999999952,82.965,79.81500000000001,3.1499999999999915,78.0,0.6410256410256411,50.0,0.48,576.0,2500.0,0,0,0,0,0,1,0,0.0,24.0,0.0,49
COL,Alpine,51.0,0 days 00:01:20.722000,0 days 00:00:20.480000,0 days 00:00:37.985000,0 days 00:00:22.257000,MEDIUM,25.0,3.0,,,1,16.0,False,2025,Monaco,R,80.722,20.48,37.985,22.257,78.46600000000001,2.255999999999986,78.135,2.586999999999989,2.255999999999986,83.782,79.81500000000001,3.9669999999999845,78.0,0.6538461538461539,50.0,0.5,625.0,2601.0,0,0,0,0,0,1,0,0.0,25.0,0.0,49
COL,Alpine,52.0,0 days 00:01:20.423000,0 days 00:00:21.726000,0 days 00:00:37.785000,0 days 00:00:20.912000,MEDIUM,26.0,3.0,,,1,16.0,False,2025,Monaco,R,80.423,21.726,37.785,20.912,78.46600000000001,1.9569999999999936,78.135,2.2879999999999967,1.9569999999999936,83.543,79.81500000000001,3.7279999999999944,78.0,0.6666666666666666,50.0,0.52,676.0,2704.0,0,0,1,0,0,1,0,0.0,26.0,0.0,49
COL,Alpine,53.0,0 days 00:01:20.255000,0 days 00:00:20.508000,0 days 00:00:38.835000,0 days 00:00:20.912000,MEDIUM,27.0,3.0,,,1,16.0,False,2025,Monaco,R,80.255,20.508,38.835,20.912,78.46600000000001,1.7889999999999873,78.135,2.1199999999999903,1.7889999999999873,83.435,79.81500000000001,3.6199999999999903,78.0,0.6794871794871795,50.0,0.54,729.0,2809.0,0,0,1,0,0,1,0,0.0,27.0,0.0,49
COL,Alpine,54.0,0 days 00:01:18.710000,0 days 00:00:20.523000,0 days 00:00:37.008000,0 days 00:00:21.179000,MEDIUM,28.0,3.0,,,1,16.0,False,2025,Monaco,R,78.71,20.523,37.008,21.179,78.46600000000001,0.24399999999998556,78.135,0.5749999999999886,0.24399999999998556,81.94999999999999,79.81500000000001,2.1349999999999767,78.0,0.6923076923076923,50.0,0.56,784.0,2916.0,0,0,1,0,0,1,0,0.0,28.0,0.0,49
COL,Alpine,55.0,0 days 00:01:18.692000,0 days 00:00:20.798000,0 days 00:00:37.034000,0 days 00:00:20.860000,MEDIUM,29.0,3.0,,,1,16.0,False,2025,Monaco,R,78.692,20.798,37.034,20.86,78.46600000000001,0.22599999999998488,78.135,0.556999999999988,0.22599999999998488,81.99199999999999,79.81500000000001,2.1769999999999783,78.0,0.7051282051282052,50.0,0.58,841.0,3025.0,0,0,1,0,0,1,0,0.0,29.0,0.0,49
COL,Alpine,56.0,0 days 00:01:18.489000,0 days 00:00:20.514000,0 days 00:00:37.121000,0 days 00:00:20.854000,MEDIUM,30.0,3.0,,,1,16.0,False,2025,Monaco,R,78.489,20.514,37.121,20.854,78.46600000000001,0.022999999999996135,78.135,0.3539999999999992,0.022999999999996135,81.849,79.81500000000001,2.033999999999992,78.0,0.717948717948718,50.0,0.6,900.0,3136.0,0,0,1,0,0,1,0,0.0,30.0,0.0,49
COL,Alpine,57.0,0 days 00:01:18.426000,0 days 00:00:20.291000,0 days 00:00:37.248000,0 days 00:00:20.887000,MEDIUM,31.0,3.0,,,1,16.0,False,2025,Monaco,R,78.426,20.291,37.248,20.887,78.46600000000001,0.04000000000000625,78.135,0.2909999999999968,-0.04000000000000625,81.846,79.81500000000001,2.0309999999999917,78.0,0.7307692307692307,50.0,0.62,961.0,3249.0,0,0,1,0,0,1,0,0.0,31.0,0.0,49
COL,Alpine,58.0,0 days 00:01:18.249000,0 days 00:00:20.376000,0 days 00:00:37.079000,0 days 00:00:20.794000,MEDIUM,32.0,3.0,,,1,16.0,False,2025,Monaco,R,78.249,20.376,37.079,20.794,78.46600000000001,0.21700000000001296,78.135,0.11399999999999011,-0.21700000000001296,81.729,79.81500000000001,1.9139999999999873,78.0,0.7435897435897436,50.0,0.64,1024.0,3364.0,0,0,1,0,0,1,0,0.0,32.0,0.0,49
COL,Alpine,59.0,0 days 00:01:19.063000,0 days 00:00:20.283000,0 days 00:00:37.604000,0 days 00:00:21.176000,MEDIUM,33.0,3.0,,,1,16.0,False,2025,Monaco,R,79.063,20.283,37.604,21.176,78.46600000000001,0.5969999999999942,78.135,0.9279999999999973,0.5969999999999942,82.60300000000001,79.81500000000001,2.7879999999999967,78.0,0.7564102564102564,50.0,0.66,1089.0,3481.0,0,0,1,0,0,1,0,0.0,33.0,0.0,49
COL,Alpine,60.0,0 days 00:01:18.687000,0 days 00:00:20.341000,0 days 00:00:37.201000,0 days 00:00:21.145000,MEDIUM,34.0,3.0,,,1,16.0,False,2025,Monaco,R,78.687,20.341,37.201,21.145,78.46600000000001,0.22099999999998943,78.135,0.5519999999999925,0.22099999999998943,82.28699999999999,79.81500000000001,2.47199999999998,78.0,0.7692307692307693,50.0,0.68,1156.0,3600.0,0,0,1,0,0,1,0,0.0,34.0,0.0,49
COL,Alpine,61.0,0 days 00:01:18.878000,0 days 00:00:20.091000,0 days 00:00:37.658000,0 days 00:00:21.129000,MEDIUM,35.0,3.0,,,1,16.0,False,2025,Monaco,R,78.878,20.091,37.658,21.129,78.46600000000001,0.41199999999999193,78.135,0.742999999999995,0.41199999999999193,82.538,79.81500000000001,2.7229999999999848,78.0,0.782051282051282,50.0,0.7,1225.0,3721.0,0,0,1,0,0,1,0,0.0,35.0,0.0,49
COL,Alpine,62.0,0 days 00:01:18.214000,0 days 00:00:20.102000,0 days 00:00:37.143000,0 days 00:00:20.969000,MEDIUM,36.0,3.0,,,1,16.0,False,2025,Monaco,R,78.214,20.102,37.143,20.969,78.46600000000001,0.25200000000000955,78.135,0.07899999999999352,-0.25200000000000955,81.934,79.81500000000001,2.1189999999999856,78.0,0.7948717948717948,50.0,0.72,1296.0,3844.0,0,0,1,0,0,1,0,0.0,36.0,0.0,49
COL,Alpine,63.0,0 days 00:01:18.877000,0 days 00:00:20.129000,0 days 00:00:37.292000,0 days 00:00:21.456000,MEDIUM,37.0,3.0,,,1,16.0,False,2025,Monaco,R,78.877,20.129,37.292,21.456,78.46600000000001,0.41099999999998715,78.135,0.7419999999999902,0.41099999999998715,82.657,79.81500000000001,2.8419999999999845,78.0,0.8076923076923077,50.0,0.74,1369.0,3969.0,0,0,1,0,0,1,0,0.0,37.0,0.0,49
COL,Alpine,64.0,0 days 00:01:18.379000,0 days 00:00:20.421000,0 days 00:00:37.089000,0 days 00:00:20.869000,MEDIUM,38.0,3.0,,,1,15.0,False,2025,Monaco,R,78.379,20.421,37.089,20.869,78.46600000000001,0.0870000000000033,78.135,0.24399999999999977,-0.0870000000000033,82.21900000000001,79.81500000000001,2.4039999999999964,78.0,0.8205128205128205,50.0,0.76,1444.0,4096.0,0,0,1,0,0,1,0,0.0,38.0,0.0,49
COL,Alpine,65.0,0 days 00:01:17.338000,0 days 00:00:19.855000,0 days 00:00:36.917000,0 days 00:00:20.566000,MEDIUM,39.0,3.0,,,1,15.0,False,2025,Monaco,R,77.338,19.855,36.917,20.566,78.46600000000001,1.1280000000000143,78.135,-0.7970000000000113,-1.1280000000000143,81.238,79.81500000000001,1.4229999999999876,78.0,0.8333333333333334,50.0,0.78,1521.0,4225.0,0,0,1,0,0,1,0,0.0,39.0,0.0,49
COL,Alpine,66.0,0 days 00:01:17.517000,0 days 00:00:20.069000,0 days 00:00:36.800000,0 days 00:00:20.648000,MEDIUM,40.0,3.0,,,1,15.0,False,2025,Monaco,R,77.517,20.069,36.8,20.648,78.46600000000001,0.9490000000000123,78.135,-0.6180000000000092,-0.9490000000000123,81.47699999999999,79.81500000000001,1.6619999999999777,78.0,0.8461538461538461,50.0,0.8,1600.0,4356.0,0,0,1,0,0,1,0,0.0,40.0,0.0,49
COL,Alpine,67.0,0 days 00:01:18.018000,0 days 00:00:19.948000,0 days 00:00:37.817000,0 days 00:00:20.253000,MEDIUM,41.0,3.0,,,1,15.0,False,2025,Monaco,R,78.018,19.948,37.817,20.253,78.46600000000001,0.4480000000000075,78.135,-0.11700000000000443,-0.4480000000000075,82.038,79.81500000000001,2.2229999999999848,78.0,0.8589743589743589,50.0,0.82,1681.0,4489.0,0,0,1,0,0,1,0,0.0,41.0,0.0,49
COL,Alpine,68.0,0 days 00:01:17.100000,0 days 00:00:19.669000,0 days 00:00:36.818000,0 days 00:00:20.613000,MEDIUM,42.0,3.0,,,1,15.0,False,2025,Monaco,R,77.1,19.669,36.818,20.613,78.46600000000001,1.3660000000000139,78.135,-1.0350000000000108,-1.3660000000000139,81.17999999999999,79.81500000000001,1.3649999999999807,78.0,0.8717948717948718,50.0,0.84,1764.0,4624.0,0,0,1,0,0,1,0,0.0,42.0,0.0,49
COL,Alpine,69.0,0 days 00:01:16.703000,0 days 00:00:19.802000,0 days 00:00:36.610000,0 days 00:00:20.291000,MEDIUM,43.0,3.0,,,1,14.0,False,2025,Monaco,R,76.703,19.802,36.61,20.291,78.46600000000001,1.7630000000000052,78.135,-1.4320000000000022,-1.7630000000000052,80.843,79.81500000000001,1.0279999999999916,78.0,0.8846153846153846,50.0,0.86,1849.0,4761.0,0,0,1,0,0,1,0,0.0,43.0,0.0,49
COL,Alpine,70.0,0 days 00:01:16.707000,0 days 00:00:19.773000,0 days 00:00:36.702000,0 days 00:00:20.232000,MEDIUM,44.0,3.0,,,1,14.0,False,2025,Monaco,R,76.707,19.773,36.702,20.232,78.46600000000001,1.7590000000000146,78.135,-1.4280000000000115,-1.7590000000000146,80.907,79.81500000000001,1.0919999999999845,78.0,0.8974358974358975,50.0,0.88,1936.0,4900.0,0,0,1,0,0,1,0,0.0,44.0,0.0,49
COL,Alpine,71.0,0 days 00:01:16.256000,0 days 00:00:19.673000,0 days 00:00:36.385000,0 days 00:00:20.198000,MEDIUM,45.0,3.0,,,1,14.0,False,2025,Monaco,R,76.256,19.673,36.385,20.198,78.46600000000001,2.210000000000008,78.135,-1.8790000000000049,-2.210000000000008,80.516,79.81500000000001,0.7009999999999934,78.0,0.9102564102564102,50.0,0.9,2025.0,5041.0,0,0,1,0,0,1,0,0.0,45.0,0.0,49
COL,Alpine,72.0,0 days 00:01:16.135000,0 days 00:00:19.762000,0 days 00:00:36.313000,0 days 00:00:20.060000,MEDIUM,46.0,3.0,,,1,14.0,False,2025,Monaco,R,76.135,19.762,36.313,20.06,78.46600000000001,2.331000000000003,78.135,-2.0,-2.331000000000003,80.45500000000001,79.81500000000001,0.6400000000000006,78.0,0.9230769230769231,50.0,0.92,2116.0,5184.0,0,0,1,0,0,1,0,0.0,46.0,0.0,49
COL,Alpine,73.0,0 days 00:01:15.669000,0 days 00:00:19.485000,0 days 00:00:36.107000,0 days 00:00:20.077000,MEDIUM,47.0,3.0,,,1,13.0,False,2025,Monaco,R,75.669,19.485,36.107,20.077,78.46600000000001,2.7970000000000113,78.135,-2.466000000000008,-2.7970000000000113,80.04899999999999,79.81500000000001,0.23399999999998045,78.0,0.9358974358974359,50.0,0.94,2209.0,5329.0,0,0,1,0,0,1,0,0.0,47.0,0.0,49
COL,Alpine,74.0,0 days 00:01:15.564000,0 days 00:00:19.558000,0 days 00:00:36.073000,0 days 00:00:19.933000,MEDIUM,48.0,3.0,,,1,13.0,False,2025,Monaco,R,75.564,19.558,36.073,19.933,78.46600000000001,2.9020000000000152,78.135,-2.571000000000012,-2.9020000000000152,80.00399999999999,79.81500000000001,0.18899999999997874,78.0,0.9487179487179487,50.0,0.96,2304.0,5476.0,0,0,1,0,0,1,0,0.0,48.0,0.0,49
COL,Alpine,75.0,0 days 00:01:15.920000,0 days 00:00:19.573000,0 days 00:00:36.350000,0 days 00:00:19.997000,MEDIUM,49.0,3.0,,,1,13.0,False,2025,Monaco,R,75.92,19.573,36.35,19.997,78.46600000000001,2.5460000000000065,78.135,-2.2150000000000034,-2.5460000000000065,80.42,79.81500000000001,0.6049999999999898,78.0,0.9615384615384616,50.0,0.98,2401.0,5625.0,0,0,1,0,0,1,0,0.0,49.0,0.0,49
COL,Alpine,76.0,0 days 00:01:15.435000,0 days 00:00:19.512000,0 days 00:00:36.009000,0 days 00:00:19.914000,MEDIUM,50.0,3.0,,,1,13.0,False,2025,Monaco,R,75.435,19.512,36.009,19.914,78.46600000000001,3.031000000000006,78.135,-2.700000000000003,-3.031000000000006,79.995,79.81500000000001,0.1799999999999926,78.0,0.9743589743589743,50.0,1.0,2500.0,5776.0,0,0,1,0,0,1,0,0.0,50.0,0.0,49
GAS,Alpine,5.0,0 days 00:01:18.864000,0 days 00:00:21.094000,0 days 00:00:37.068000,0 days 00:00:20.702000,MEDIUM,4.0,2.0,,,1,18.0,False,2025,Monaco,R,78.864,21.094,37.068,20.702,79.262,0.39799999999999613,78.864,0.0,-0.39799999999999613,79.164,79.164,0.0,78.0,0.0641025641025641,6.0,0.6666666666666666,16.0,25.0,0,1,0,1,0,1,0,0.0,4.0,0.0,3
GAS,Alpine,6.0,0 days 00:01:18.054000,0 days 00:00:20.587000,0 days 00:00:36.799000,0 days 00:00:20.668000,MEDIUM,5.0,2.0,,,1,18.0,False,2025,Monaco,R,78.054,20.587,36.799,20.668,79.262,1.2079999999999984,78.864,-0.8100000000000023,-1.2079999999999984,78.414,79.164,-0.75,78.0,0.07692307692307693,6.0,0.8333333333333334,25.0,36.0,0,1,0,1,0,1,0,0.0,5.0,0.0,3
GAS,Alpine,7.0,0 days 00:01:19.262000,0 days 00:00:20.844000,0 days 00:00:37.141000,0 days 00:00:21.277000,MEDIUM,6.0,2.0,,,1,18.0,False,2025,Monaco,R,79.262,20.844,37.141,21.277,79.262,0.0,78.864,0.39799999999999613,0.0,79.682,79.164,0.5180000000000007,78.0,0.08974358974358974,6.0,1.0,36.0,49.0,0,1,0,1,0,1,0,0.0,6.0,0.0,3
HAD,Racing Bulls,5.0,0 days 00:01:20.952000,0 days 00:00:21.487000,0 days 00:00:37.886000,0 days 00:00:21.579000,MEDIUM,5.0,1.0,,,1,5.0,False,2025,Monaco,R,80.952,21.487,37.886,21.579,77.376,3.5759999999999934,80.952,0.0,3.5759999999999934,81.252,81.252,0.0,78.0,0.0641025641025641,13.0,0.38461538461538464,25.0,25.0,1,0,0,1,0,1,0,0.0,5.0,0.0,9
HAD,Racing Bulls,6.0,0 days 00:01:20.143000,0 days 00:00:21.128000,0 days 00:00:37.732000,0 days 00:00:21.283000,MEDIUM,6.0,1.0,,,1,5.0,False,2025,Monaco,R,80.143,21.128,37.732,21.283,77.376,2.766999999999996,80.952,-0.8089999999999975,2.766999999999996,80.503,81.252,-0.7489999999999952,78.0,0.07692307692307693,13.0,0.46153846153846156,36.0,36.0,1,0,0,1,0,1,0,0.0,6.0,0.0,9
HAD,Racing Bulls,7.0,0 days 00:01:19.554000,0 days 00:00:21.188000,0 days 00:00:37.515000,0 days 00:00:20.851000,MEDIUM,7.0,1.0,,,1,5.0,False,2025,Monaco,R,79.554,21.188,37.515,20.851,77.376,2.1779999999999973,80.952,-1.3979999999999961,2.1779999999999973,79.974,81.252,-1.2779999999999916,78.0,0.08974358974358974,13.0,0.5384615384615384,49.0,49.0,1,0,0,1,0,1,0,0.0,7.0,0.0,9
HAD,Racing Bulls,8.0,0 days 00:01:18.388000,0 days 00:00:20.558000,0 days 00:00:37.028000,0 days 00:00:20.802000,MEDIUM,8.0,1.0,,,12,5.0,False,2025,Monaco,R,78.388,20.558,37.028,20.802,77.376,1.0120000000000005,80.952,-2.563999999999993,1.0120000000000005,78.86800000000001,81.252,-2.383999999999986,78.0,0.10256410256410256,13.0,0.6153846153846154,64.0,64.0,1,0,0,1,0,1,0,0.0,8.0,0.0,9
HAD,Racing Bulls,9.0,0 days 00:01:21.968000,0 days 00:00:20.407000,0 days 00:00:40.855000,0 days 00:00:20.706000,MEDIUM,9.0,1.0,,,2,5.0,False,2025,Monaco,R,81.968,20.407,40.855,20.706,77.376,4.591999999999999,80.952,1.0160000000000053,4.591999999999999,82.50800000000001,81.252,1.2560000000000144,78.0,0.11538461538461539,13.0,0.6923076923076923,81.0,81.0,1,0,0,1,0,1,0,0.0,9.0,0.0,9
HAD,Racing Bulls,10.0,0 days 00:01:18.529000,0 days 00:00:20.280000,0 days 00:00:37.502000,0 days 00:00:20.747000,MEDIUM,10.0,1.0,,,2,5.0,False,2025,Monaco,R,78.529,20.28,37.502,20.747,77.376,1.1529999999999916,80.952,-2.423000000000002,1.1529999999999916,79.12899999999999,81.252,-2.1230000000000047,78.0,0.1282051282051282,13.0,0.7692307692307693,100.0,100.0,1,0,0,1,0,1,0,0.0,10.0,0.0,9
HAD,Racing Bulls,11.0,0 days 00:01:18.183000,0 days 00:00:20.296000,0 days 00:00:37.410000,0 days 00:00:20.477000,MEDIUM,11.0,1.0,,,21,5.0,False,2025,Monaco,R,78.183,20.296,37.41,20.477,77.376,0.8070000000000022,80.952,-2.7689999999999912,0.8070000000000022,78.843,81.252,-2.408999999999992,78.0,0.14102564102564102,13.0,0.8461538461538461,121.0,121.0,1,0,0,1,0,1,0,0.0,11.0,0.0,9
HAD,Racing Bulls,12.0,0 days 00:01:17.376000,0 days 00:00:20.247000,0 days 00:00:36.558000,0 days 00:00:20.571000,MEDIUM,12.0,1.0,,,1,5.0,False,2025,Monaco,R,77.376,20.247,36.558,20.571,77.376,0.0,80.952,-3.5759999999999934,0.0,78.096,81.252,-3.1559999999999917,78.0,0.15384615384615385,13.0,0.9230769230769231,144.0,144.0,1,0,0,1,0,1,0,0.0,12.0,0.0,9
HAD,Racing Bulls,13.0,0 days 00:01:17.088000,0 days 00:00:20.119000,0 days 00:00:36.443000,0 days 00:00:20.526000,MEDIUM,13.0,1.0,,,1,5.0,False,2025,Monaco,R,77.088,20.119,36.443,20.526,77.376,0.2880000000000109,80.952,-3.8640000000000043,-0.2880000000000109,77.868,81.252,-3.3840000000000003,78.0,0.16666666666666666,13.0,1.0,169.0,169.0,1,0,0,1,0,1,0,0.0,13.0,0.0,9
HAD,Racing Bulls,16.0,0 days 00:01:15.981000,0 days 00:00:19.975000,0 days 00:00:36.083000,0 days 00:00:19.923000,SOFT,5.0,2.0,,,1,7.0,False,2025,Monaco,R,75.981,19.975,36.083,19.923,77.376,1.3950000000000102,75.981,0.0,-1.3950000000000102,76.94099999999999,76.94099999999999,0.0,78.0,0.20512820512820512,7.0,0.7142857142857143,25.0,256.0,0,1,0,1,1,0,0,5.0,0.0,0.0,3
HAD,Racing Bulls,17.0,0 days 00:01:17.191000,0 days 00:00:20.202000,0 days 00:00:36.545000,0 days 00:00:20.444000,SOFT,6.0,2.0,,,1,6.0,False,2025,Monaco,R,77.191,20.202,36.545,20.444,77.376,0.18500000000000227,75.981,1.210000000000008,-0.18500000000000227,78.211,76.94099999999999,1.2700000000000102,78.0,0.21794871794871795,7.0,0.8571428571428571,36.0,289.0,0,1,0,1,1,0,0,6.0,0.0,0.0,3
HAD,Racing Bulls,18.0,0 days 00:01:16.372000,0 days 00:00:20.160000,0 days 00:00:36.101000,0 days 00:00:20.111000,SOFT,7.0,2.0,,,1,6.0,False,2025,Monaco,R,76.372,20.16,36.101,20.111,77.376,1.0040000000000049,75.981,0.39100000000000534,-1.0040000000000049,77.452,76.94099999999999,0.5110000000000099,78.0,0.23076923076923078,7.0,1.0,49.0,324.0,0,1,0,1,1,0,0,7.0,0.0,0.0,3
HAD,Racing Bulls,21.0,0 days 00:01:16.136000,0 days 00:00:19.898000,0 days 00:00:35.983000,0 days 00:00:20.255000,HARD,3.0,3.0,,,1,8.0,False,2025,Monaco,R,76.136,19.898,35.983,20.255,77.376,1.240000000000009,76.136,0.0,-1.240000000000009,77.396,77.396,0.0,78.0,0.2692307692307692,59.0,0.05084745762711865,9.0,441.0,0,0,0,1,0,0,1,0.0,0.0,3.0,57
HAD,Racing Bulls,22.0,0 days 00:01:16.357000,0 days 00:00:19.932000,0 days 00:00:36.112000,0 days 00:00:20.313000,HARD,4.0,3.0,,,1,8.0,False,2025,Monaco,R,76.357,19.932,36.112,20.313,77.376,1.0190000000000055,76.136,0.22100000000000364,-1.0190000000000055,77.67699999999999,77.396,0.2809999999999917,78.0,0.28205128205128205,59.0,0.06779661016949153,16.0,484.0,0,0,0,1,0,0,1,0.0,0.0,4.0,57
HAD,Racing Bulls,23.0,0 days 00:01:17.581000,0 days 00:00:20.117000,0 days 00:00:36.762000,0 days 00:00:20.702000,HARD,5.0,3.0,,,1,8.0,False,2025,Monaco,R,77.581,20.117,36.762,20.702,77.376,0.2049999999999983,76.136,1.4450000000000074,0.2049999999999983,78.961,77.396,1.5649999999999977,78.0,0.2948717948717949,59.0,0.0847457627118644,25.0,529.0,0,0,0,1,0,0,1,0.0,0.0,5.0,57
HAD,Racing Bulls,24.0,0 days 00:01:17.790000,0 days 00:00:19.968000,0 days 00:00:36.586000,0 days 00:00:21.236000,HARD,6.0,3.0,,,1,8.0,False,2025,Monaco,R,77.79,19.968,36.586,21.236,77.376,0.4140000000000015,76.136,1.6540000000000106,0.4140000000000015,79.23,77.396,1.8340000000000032,78.0,0.3076923076923077,59.0,0.1016949152542373,36.0,576.0,0,0,0,1,0,0,1,0.0,0.0,6.0,57
HAD,Racing Bulls,25.0,0 days 00:01:17.832000,0 days 00:00:20.335000,0 days 00:00:36.849000,0 days 00:00:20.648000,HARD,7.0,3.0,,,1,8.0,False,2025,Monaco,R,77.832,20.335,36.849,20.648,77.376,0.45599999999998886,76.136,1.695999999999998,0.45599999999998886,79.332,77.396,1.9359999999999928,78.0,0.32051282051282054,59.0,0.11864406779661017,49.0,625.0,0,0,0,1,0,0,1,0.0,0.0,7.0,57
HAD,Racing Bulls,26.0,0 days 00:01:17.625000,0 days 00:00:20.194000,0 days 00:00:36.950000,0 days 00:00:20.481000,HARD,8.0,3.0,,,1,8.0,False,2025,Monaco,R,77.625,20.194,36.95,20.481,77.376,0.24899999999999523,76.136,1.4890000000000043,0.24899999999999523,79.185,77.396,1.7890000000000015,78.0,0.3333333333333333,59.0,0.13559322033898305,64.0,676.0,0,0,0,0,0,0,1,0.0,0.0,8.0,57
HAD,Racing Bulls,27.0,0 days 00:01:16.482000,0 days 00:00:19.724000,0 days 00:00:36.543000,0 days 00:00:20.215000,HARD,9.0,3.0,,,1,8.0,False,2025,Monaco,R,76.482,19.724,36.543,20.215,77.376,0.8940000000000055,76.136,0.34600000000000364,-0.8940000000000055,78.102,77.396,0.7060000000000031,78.0,0.34615384615384615,59.0,0.15254237288135594,81.0,729.0,0,0,0,0,0,0,1,0.0,0.0,9.0,57
HAD,Racing Bulls,28.0,0 days 00:01:16.441000,0 days 00:00:19.951000,0 days 00:00:36.309000,0 days 00:00:20.181000,HARD,10.0,3.0,,,1,7.0,False,2025,Monaco,R,76.441,19.951,36.309,20.181,77.376,0.9350000000000023,76.136,0.3050000000000068,-0.9350000000000023,78.12100000000001,77.396,0.7250000000000085,78.0,0.358974358974359,59.0,0.1694915254237288,100.0,784.0,0,0,0,0,0,0,1,0.0,0.0,10.0,57
HAD,Racing Bulls,29.0,0 days 00:01:16.497000,0 days 00:00:19.831000,0 days 00:00:36.285000,0 days 00:00:20.381000,HARD,11.0,3.0,,,1,7.0,False,2025,Monaco,R,76.497,19.831,36.285,20.381,77.376,0.8790000000000049,76.136,0.3610000000000042,-0.8790000000000049,78.237,77.396,0.840999999999994,78.0,0.3717948717948718,59.0,0.1864406779661017,121.0,841.0,0,0,0,0,0,0,1,0.0,0.0,11.0,57
HAD,Racing Bulls,30.0,0 days 00:01:16.432000,0 days 00:00:19.889000,0 days 00:00:36.239000,0 days 00:00:20.304000,HARD,12.0,3.0,,,1,7.0,False,2025,Monaco,R,76.432,19.889,36.239,20.304,77.376,0.9440000000000026,76.136,0.2960000000000065,-0.9440000000000026,78.232,77.396,0.8359999999999985,78.0,0.38461538461538464,59.0,0.2033898305084746,144.0,900.0,0,0,0,0,0,0,1,0.0,0.0,12.0,57
HAD,Racing Bulls,31.0,0 days 00:01:16.289000,0 days 00:00:19.827000,0 days 00:00:36.130000,0 days 00:00:20.332000,HARD,13.0,3.0,,,1,7.0,False,2025,Monaco,R,76.289,19.827,36.13,20.332,77.376,1.0870000000000033,76.136,0.1530000000000058,-1.0870000000000033,78.149,77.396,0.7530000000000001,78.0,0.3974358974358974,59.0,0.22033898305084745,169.0,961.0,0,0,0,0,0,0,1,0.0,0.0,13.0,57
HAD,Racing Bulls,32.0,0 days 00:01:16.307000,0 days 00:00:19.810000,0 days 00:00:36.127000,0 days 00:00:20.370000,HARD,14.0,3.0,,,1,7.0,False,2025,Monaco,R,76.307,19.81,36.127,20.37,77.376,1.0690000000000026,76.136,0.17100000000000648,-1.0690000000000026,78.227,77.396,0.8310000000000031,78.0,0.41025641025641024,59.0,0.23728813559322035,196.0,1024.0,0,0,0,0,0,0,1,0.0,0.0,14.0,57
HAD,Racing Bulls,33.0,0 days 00:01:16.044000,0 days 00:00:19.804000,0 days 00:00:36.141000,0 days 00:00:20.099000,HARD,15.0,3.0,,,1,7.0,False,2025,Monaco,R,76.044,19.804,36.141,20.099,77.376,1.3320000000000078,76.136,-0.09199999999999875,-1.3320000000000078,78.024,77.396,0.6280000000000001,78.0,0.4230769230769231,59.0,0.2542372881355932,225.0,1089.0,0,0,0,0,0,0,1,0.0,0.0,15.0,57
HAD,Racing Bulls,34.0,0 days 00:01:16.070000,0 days 00:00:19.811000,0 days 00:00:36.101000,0 days 00:00:20.158000,HARD,16.0,3.0,,,1,7.0,False,2025,Monaco,R,76.07,19.811,36.101,20.158,77.376,1.3060000000000116,76.136,-0.0660000000000025,-1.3060000000000116,78.11,77.396,0.7139999999999986,78.0,0.4358974358974359,59.0,0.2711864406779661,256.0,1156.0,0,0,0,0,0,0,1,0.0,0.0,16.0,57
HAD,Racing Bulls,35.0,0 days 00:01:16.212000,0 days 00:00:19.814000,0 days 00:00:36.194000,0 days 00:00:20.204000,HARD,17.0,3.0,,,1,7.0,False,2025,Monaco,R,76.212,19.814,36.194,20.204,77.376,1.1640000000000015,76.136,0.07600000000000762,-1.1640000000000015,78.312,77.396,0.9159999999999968,78.0,0.44871794871794873,59.0,0.288135593220339,289.0,1225.0,0,0,0,0,0,0,1,0.0,0.0,17.0,57
HAD,Racing Bulls,36.0,0 days 00:01:16.125000,0 days 00:00:19.783000,0 days 00:00:36.218000,0 days 00:00:20.124000,HARD,18.0,3.0,,,1,7.0,False,2025,Monaco,R,76.125,19.783,36.218,20.124,77.376,1.2510000000000048,76.136,-0.01099999999999568,-1.2510000000000048,78.285,77.396,0.8889999999999958,78.0,0.46153846153846156,59.0,0.3050847457627119,324.0,1296.0,0,0,0,0,0,0,1,0.0,0.0,18.0,57
HAD,Racing Bulls,37.0,0 days 00:01:16.419000,0 days 00:00:19.747000,0 days 00:00:36.102000,0 days 00:00:20.570000,HARD,19.0,3.0,,,12,6.0,False,2025,Monaco,R,76.419,19.747,36.102,20.57,77.376,0.9570000000000078,76.136,0.28300000000000125,-0.9570000000000078,78.639,77.396,1.242999999999995,78.0,0.47435897435897434,59.0,0.3220338983050847,361.0,1369.0,0,0,0,0,0,0,1,0.0,0.0,19.0,57
HAD,Racing Bulls,38.0,0 days 00:01:16.400000,0 days 00:00:19.769000,0 days 00:00:36.152000,0 days 00:00:20.479000,HARD,20.0,3.0,,,1,6.0,False,2025,Monaco,R,76.4,19.769,36.152,20.479,77.376,0.9759999999999991,76.136,0.26400000000001,-0.9759999999999991,78.68,77.396,1.284000000000006,78.0,0.48717948717948717,59.0,0.3389830508474576,400.0,1444.0,0,0,0,0,0,0,1,0.0,0.0,20.0,57
HAD,Racing Bulls,39.0,0 days 00:01:16.920000,0 days 00:00:19.898000,0 days 00:00:36.500000,0 days 00:00:20.522000,HARD,21.0,3.0,,,1,6.0,False,2025,Monaco,R,76.92,19.898,36.5,20.522,77.376,0.45600000000000307,76.136,0.784000000000006,-0.45600000000000307,79.26,77.396,1.8640000000000043,78.0,0.5,59.0,0.3559322033898305,441.0,1521.0,0,0,0,0,0,0,1,0.0,0.0,21.0,57
HAD,Racing Bulls,40.0,0 days 00:01:17.025000,0 days 00:00:19.863000,0 days 00:00:36.547000,0 days 00:00:20.615000,HARD,22.0,3.0,,,1,6.0,False,2025,Monaco,R,77.025,19.863,36.547,20.615,77.376,0.3509999999999991,76.136,0.88900000000001,-0.3509999999999991,79.42500000000001,77.396,2.0290000000000106,78.0,0.5128205128205128,59.0,0.3728813559322034,484.0,1600.0,0,0,0,0,0,0,1,0.0,0.0,22.0,57
HAD,Racing Bulls,41.0,0 days 00:01:17.242000,0 days 00:00:20.169000,0 days 00:00:36.513000,0 days 00:00:20.560000,HARD,23.0,3.0,,,1,6.0,False,2025,Monaco,R,77.242,20.169,36.513,20.56,77.376,0.13400000000000034,76.136,1.1060000000000088,-0.13400000000000034,79.702,77.396,2.3059999999999974,78.0,0.5256410256410257,59.0,0.3898305084745763,529.0,1681.0,0,0,0,0,0,0,1,0.0,0.0,23.0,57
HAD,Racing Bulls,42.0,0 days 00:01:19.685000,0 days 00:00:21.772000,0 days 00:00:37.060000,0 days 00:00:20.853000,HARD,24.0,3.0,,,1,6.0,False,2025,Monaco,R,79.685,21.772,37.06,20.853,77.376,2.3089999999999975,76.136,3.5490000000000066,2.3089999999999975,82.205,77.396,4.8089999999999975,78.0,0.5384615384615384,59.0,0.4067796610169492,576.0,1764.0,0,0,0,0,0,0,1,0.0,0.0,24.0,57
HAD,Racing Bulls,43.0,0 days 00:01:18.924000,0 days 00:00:22.162000,0 days 00:00:36.508000,0 days 00:00:20.254000,HARD,25.0,3.0,,,1,6.0,False,2025,Monaco,R,78.924,22.162,36.508,20.254,77.376,1.5480000000000018,76.136,2.788000000000011,1.5480000000000018,81.504,77.396,4.108000000000004,78.0,0.5512820512820513,59.0,0.423728813559322,625.0,1849.0,0,0,0,0,0,0,1,0.0,0.0,25.0,57
HAD,Racing Bulls,44.0,0 days 00:01:16.930000,0 days 00:00:20.066000,0 days 00:00:36.543000,0 days 00:00:20.321000,HARD,26.0,3.0,,,1,6.0,False,2025,Monaco,R,76.93,20.066,36.543,20.321,77.376,0.44599999999999795,76.136,0.7940000000000111,-0.44599999999999795,79.57000000000001,77.396,2.1740000000000066,78.0,0.5641025641025641,59.0,0.4406779661016949,676.0,1936.0,0,0,0,0,0,0,1,0.0,0.0,26.0,57
HAD,Racing Bulls,45.0,0 days 00:01:17.914000,0 days 00:00:20.068000,0 days 00:00:36.676000,0 days 00:00:21.170000,HARD,27.0,3.0,,,1,6.0,False,2025,Monaco,R,77.914,20.068,36.676,21.17,77.376,0.5379999999999967,76.136,1.7780000000000058,0.5379999999999967,80.614,77.396,3.2180000000000035,78.0,0.5769230769230769,59.0,0.4576271186440678,729.0,2025.0,0,0,0,0,0,0,1,0.0,0.0,27.0,57
HAD,Racing Bulls,46.0,0 days 00:01:19.607000,0 days 00:00:22.021000,0 days 00:00:37.092000,0 days 00:00:20.494000,HARD,28.0,3.0,,,1,6.0,False,2025,Monaco,R,79.607,22.021,37.092,20.494,77.376,2.2309999999999945,76.136,3.4710000000000036,2.2309999999999945,82.367,77.396,4.971000000000004,78.0,0.5897435897435898,59.0,0.4745762711864407,784.0,2116.0,0,0,0,0,0,0,1,0.0,0.0,28.0,57
HAD,Racing Bulls,47.0,0 days 00:01:17.129000,0 days 00:00:20.099000,0 days 00:00:36.827000,0 days 00:00:20.203000,HARD,29.0,3.0,,,1,6.0,False,2025,Monaco,R,77.129,20.099,36.827,20.203,77.376,0.2469999999999999,76.136,0.9930000000000092,-0.2469999999999999,79.949,77.396,2.5529999999999973,78.0,0.6025641025641025,59.0,0.4915254237288136,841.0,2209.0,0,0,0,0,0,0,1,0.0,0.0,29.0,57
HAD,Racing Bulls,48.0,0 days 00:01:17.451000,0 days 00:00:20.143000,0 days 00:00:36.836000,0 days 00:00:20.472000,HARD,30.0,3.0,,,1,6.0,False,2025,Monaco,R,77.451,20.143,36.836,20.472,77.376,0.07499999999998863,76.136,1.3149999999999977,0.07499999999998863,80.33099999999999,77.396,2.934999999999988,78.0,0.6153846153846154,59.0,0.5084745762711864,900.0,2304.0,0,0,0,0,0,0,1,0.0,0.0,30.0,57
HAD,Racing Bulls,49.0,0 days 00:01:18.076000,0 days 00:00:20.707000,0 days 00:00:36.956000,0 days 00:00:20.413000,HARD,31.0,3.0,,,1,6.0,False,2025,Monaco,R,78.076,20.707,36.956,20.413,77.376,0.6999999999999886,76.136,1.9399999999999977,0.6999999999999886,81.01599999999999,77.396,3.6199999999999903,78.0,0.6282051282051282,59.0,0.5254237288135594,961.0,2401.0,0,0,0,0,0,0,1,0.0,0.0,31.0,57
HAD,Racing Bulls,50.0,0 days 00:01:17.235000,0 days 00:00:20.268000,0 days 00:00:36.653000,0 days 00:00:20.314000,HARD,32.0,3.0,,,1,6.0,False,2025,Monaco,R,77.235,20.268,36.653,20.314,77.376,0.14100000000000534,76.136,1.0990000000000038,-0.14100000000000534,80.235,77.396,2.8389999999999986,78.0,0.6410256410256411,59.0,0.5423728813559322,1024.0,2500.0,0,0,0,0,0,0,1,0.0,0.0,32.0,57
HAD,Racing Bulls,51.0,0 days 00:01:18.932000,0 days 00:00:20.291000,0 days 00:00:38.016000,0 days 00:00:20.625000,HARD,33.0,3.0,,,1,6.0,False,2025,Monaco,R,78.932,20.291,38.016,20.625,77.376,1.5559999999999974,76.136,2.7960000000000065,1.5559999999999974,81.992,77.396,4.596000000000004,78.0,0.6538461538461539,59.0,0.559322033898305,1089.0,2601.0,0,0,0,0,0,0,1,0.0,0.0,33.0,57
HAD,Racing Bulls,52.0,0 days 00:01:17.718000,0 days 00:00:20.522000,0 days 00:00:36.849000,0 days 00:00:20.347000,HARD,34.0,3.0,,,1,6.0,False,2025,Monaco,R,77.718,20.522,36.849,20.347,77.376,0.34199999999999875,76.136,1.5820000000000078,0.34199999999999875,80.83800000000001,77.396,3.4420000000000073,78.0,0.6666666666666666,59.0,0.576271186440678,1156.0,2704.0,0,0,1,0,0,0,1,0.0,0.0,34.0,57
HAD,Racing Bulls,53.0,0 days 00:01:17.420000,0 days 00:00:20.171000,0 days 00:00:36.782000,0 days 00:00:20.467000,HARD,35.0,3.0,,,1,6.0,False,2025,Monaco,R,77.42,20.171,36.782,20.467,77.376,0.04399999999999693,76.136,1.284000000000006,0.04399999999999693,80.6,77.396,3.2039999999999935,78.0,0.6794871794871795,59.0,0.5932203389830508,1225.0,2809.0,0,0,1,0,0,0,1,0.0,0.0,35.0,57
HAD,Racing Bulls,54.0,0 days 00:01:19.723000,0 days 00:00:20.266000,0 days 00:00:38.820000,0 days 00:00:20.637000,HARD,36.0,3.0,,,1,6.0,False,2025,Monaco,R,79.723,20.266,38.82,20.637,77.376,2.346999999999994,76.136,3.5870000000000033,2.346999999999994,82.963,77.396,5.566999999999993,78.0,0.6923076923076923,59.0,0.6101694915254238,1296.0,2916.0,0,0,1,0,0,0,1,0.0,0.0,36.0,57
HAD,Racing Bulls,55.0,0 days 00:01:17.863000,0 days 00:00:20.214000,0 days 00:00:37.227000,0 days 00:00:20.422000,HARD,37.0,3.0,,,1,6.0,False,2025,Monaco,R,77.863,20.214,37.227,20.422,77.376,0.48699999999999477,76.136,1.7270000000000039,0.48699999999999477,81.163,77.396,3.766999999999996,78.0,0.7051282051282052,59.0,0.6271186440677966,1369.0,3025.0,0,0,1,0,0,0,1,0.0,0.0,37.0,57
HAD,Racing Bulls,56.0,0 days 00:01:17.484000,0 days 00:00:20.294000,0 days 00:00:36.755000,0 days 00:00:20.435000,HARD,38.0,3.0,,,1,6.0,False,2025,Monaco,R,77.484,20.294,36.755,20.435,77.376,0.10799999999998988,76.136,1.347999999999999,0.10799999999998988,80.844,77.396,3.4479999999999933,78.0,0.717948717948718,59.0,0.6440677966101694,1444.0,3136.0,0,0,1,0,0,0,1,0.0,0.0,38.0,57
HAD,Racing Bulls,57.0,0 days 00:01:17.268000,0 days 00:00:20.225000,0 days 00:00:36.603000,0 days 00:00:20.440000,HARD,39.0,3.0,,,1,6.0,False,2025,Monaco,R,77.268,20.225,36.603,20.44,77.376,0.10800000000000409,76.136,1.132000000000005,-0.10800000000000409,80.688,77.396,3.2920000000000016,78.0,0.7307692307692307,59.0,0.6610169491525424,1521.0,3249.0,0,0,1,0,0,0,1,0.0,0.0,39.0,57
HAD,Racing Bulls,58.0,0 days 00:01:16.984000,0 days 00:00:20.097000,0 days 00:00:36.611000,0 days 00:00:20.276000,HARD,40.0,3.0,,,1,6.0,False,2025,Monaco,R,76.984,20.097,36.611,20.276,77.376,0.3920000000000101,76.136,0.847999999999999,-0.3920000000000101,80.464,77.396,3.067999999999998,78.0,0.7435897435897436,59.0,0.6779661016949152,1600.0,3364.0,0,0,1,0,0,0,1,0.0,0.0,40.0,57
HAD,Racing Bulls,59.0,0 days 00:01:17.717000,0 days 00:00:20.225000,0 days 00:00:36.782000,0 days 00:00:20.710000,HARD,41.0,3.0,,,1,6.0,False,2025,Monaco,R,77.717,20.225,36.782,20.71,77.376,0.340999999999994,76.136,1.581000000000003,0.340999999999994,81.257,77.396,3.861000000000004,78.0,0.7564102564102564,59.0,0.6949152542372882,1681.0,3481.0,0,0,1,0,0,0,1,0.0,0.0,41.0,57
HAD,Racing Bulls,60.0,0 days 00:01:18.008000,0 days 00:00:20.393000,0 days 00:00:36.940000,0 days 00:00:20.675000,HARD,42.0,3.0,,,1,6.0,False,2025,Monaco,R,78.008,20.393,36.94,20.675,77.376,0.6319999999999908,76.136,1.8719999999999999,0.6319999999999908,81.60799999999999,77.396,4.211999999999989,78.0,0.7692307692307693,59.0,0.711864406779661,1764.0,3600.0,0,0,1,0,0,0,1,0.0,0.0,42.0,57
HAD,Racing Bulls,61.0,0 days 00:01:18.069000,0 days 00:00:20.475000,0 days 00:00:36.977000,0 days 00:00:20.617000,HARD,43.0,3.0,,,1,6.0,False,2025,Monaco,R,78.069,20.475,36.977,20.617,77.376,0.6929999999999978,76.136,1.933000000000007,0.6929999999999978,81.729,77.396,4.332999999999998,78.0,0.782051282051282,59.0,0.7288135593220338,1849.0,3721.0,0,0,1,0,0,0,1,0.0,0.0,43.0,57
HAD,Racing Bulls,62.0,0 days 00:01:17.876000,0 days 00:00:20.414000,0 days 00:00:36.845000,0 days 00:00:20.617000,HARD,44.0,3.0,,,1,6.0,False,2025,Monaco,R,77.876,20.414,36.845,20.617,77.376,0.5,76.136,1.740000000000009,0.5,81.596,77.396,4.200000000000003,78.0,0.7948717948717948,59.0,0.7457627118644068,1936.0,3844.0,0,0,1,0,0,0,1,0.0,0.0,44.0,57
HAD,Racing Bulls,63.0,0 days 00:01:18.071000,0 days 00:00:20.527000,0 days 00:00:37.129000,0 days 00:00:20.415000,HARD,45.0,3.0,,,1,6.0,False,2025,Monaco,R,78.071,20.527,37.129,20.415,77.376,0.6949999999999932,76.136,1.9350000000000023,0.6949999999999932,81.851,77.396,4.454999999999998,78.0,0.8076923076923077,59.0,0.7627118644067796,2025.0,3969.0,0,0,1,0,0,0,1,0.0,0.0,45.0,57
HAD,Racing Bulls,64.0,0 days 00:01:18.299000,0 days 00:00:20.454000,0 days 00:00:37.149000,0 days 00:00:20.696000,HARD,46.0,3.0,,,1,6.0,False,2025,Monaco,R,78.299,20.454,37.149,20.696,77.376,0.9230000000000018,76.136,2.163000000000011,0.9230000000000018,82.13900000000001,77.396,4.743000000000009,78.0,0.8205128205128205,59.0,0.7796610169491526,2116.0,4096.0,0,0,1,0,0,0,1,0.0,0.0,46.0,57
HAD,Racing Bulls,65.0,0 days 00:01:18.125000,0 days 00:00:20.452000,0 days 00:00:37.103000,0 days 00:00:20.570000,HARD,47.0,3.0,,,1,6.0,False,2025,Monaco,R,78.125,20.452,37.103,20.57,77.376,0.7489999999999952,76.136,1.9890000000000043,0.7489999999999952,82.025,77.396,4.629000000000005,78.0,0.8333333333333334,59.0,0.7966101694915254,2209.0,4225.0,0,0,1,0,0,0,1,0.0,0.0,47.0,57
HAD,Racing Bulls,66.0,0 days 00:01:17.520000,0 days 00:00:20.189000,0 days 00:00:37.010000,0 days 00:00:20.321000,HARD,48.0,3.0,,,1,6.0,False,2025,Monaco,R,77.52,20.189,37.01,20.321,77.376,0.14399999999999125,76.136,1.3840000000000003,0.14399999999999125,81.47999999999999,77.396,4.083999999999989,78.0,0.8461538461538461,59.0,0.8135593220338984,2304.0,4356.0,0,0,1,0,0,0,1,0.0,0.0,48.0,57
HAD,Racing Bulls,67.0,0 days 00:01:19.017000,0 days 00:00:21.332000,0 days 00:00:37.385000,0 days 00:00:20.300000,HARD,49.0,3.0,,,1,6.0,False,2025,Monaco,R,79.017,21.332,37.385,20.3,77.376,1.6409999999999911,76.136,2.8810000000000002,1.6409999999999911,83.03699999999999,77.396,5.640999999999991,78.0,0.8589743589743589,59.0,0.8305084745762712,2401.0,4489.0,0,0,1,0,0,0,1,0.0,0.0,49.0,57
HAD,Racing Bulls,68.0,0 days 00:01:17.280000,0 days 00:00:20.208000,0 days 00:00:36.774000,0 days 00:00:20.298000,HARD,50.0,3.0,,,1,6.0,False,2025,Monaco,R,77.28,20.208,36.774,20.298,77.376,0.09600000000000364,76.136,1.1440000000000055,-0.09600000000000364,81.36,77.396,3.9639999999999986,78.0,0.8717948717948718,59.0,0.847457627118644,2500.0,4624.0,0,0,1,0,0,0,1,0.0,0.0,50.0,57
HAD,Racing Bulls,69.0,0 days 00:01:16.917000,0 days 00:00:20.138000,0 days 00:00:36.560000,0 days 00:00:20.219000,HARD,51.0,3.0,,,1,6.0,False,2025,Monaco,R,76.917,20.138,36.56,20.219,77.376,0.4590000000000032,76.136,0.7810000000000059,-0.4590000000000032,81.057,77.396,3.6610000000000014,78.0,0.8846153846153846,59.0,0.864406779661017,2601.0,4761.0,0,0,1,0,0,0,1,0.0,0.0,51.0,57
HAD,Racing Bulls,70.0,0 days 00:01:17.002000,0 days 00:00:20.205000,0 days 00:00:36.604000,0 days 00:00:20.193000,HARD,52.0,3.0,,,1,6.0,False,2025,Monaco,R,77.002,20.205,36.604,20.193,77.376,0.37400000000000944,76.136,0.8659999999999997,-0.37400000000000944,81.202,77.396,3.8059999999999974,78.0,0.8974358974358975,59.0,0.8813559322033898,2704.0,4900.0,0,0,1,0,0,0,1,0.0,0.0,52.0,57
HAD,Racing Bulls,71.0,0 days 00:01:16.798000,0 days 00:00:20.057000,0 days 00:00:36.490000,0 days 00:00:20.251000,HARD,53.0,3.0,,,1,6.0,False,2025,Monaco,R,76.798,20.057,36.49,20.251,77.376,0.578000000000003,76.136,0.6620000000000061,-0.578000000000003,81.058,77.396,3.662000000000006,78.0,0.9102564102564102,59.0,0.8983050847457628,2809.0,5041.0,0,0,1,0,0,0,1,0.0,0.0,53.0,57
HAD,Racing Bulls,72.0,0 days 00:01:16.920000,0 days 00:00:20.115000,0 days 00:00:36.554000,0 days 00:00:20.251000,HARD,54.0,3.0,,,1,6.0,False,2025,Monaco,R,76.92,20.115,36.554,20.251,77.376,0.45600000000000307,76.136,0.784000000000006,-0.45600000000000307,81.24000000000001,77.396,3.8440000000000083,78.0,0.9230769230769231,59.0,0.9152542372881356,2916.0,5184.0,0,0,1,0,0,0,1,0.0,0.0,54.0,57
HAD,Racing Bulls,73.0,0 days 00:01:16.724000,0 days 00:00:19.935000,0 days 00:00:36.613000,0 days 00:00:20.176000,HARD,55.0,3.0,,,1,6.0,False,2025,Monaco,R,76.724,19.935,36.613,20.176,77.376,0.652000000000001,76.136,0.5880000000000081,-0.652000000000001,81.104,77.396,3.7079999999999984,78.0,0.9358974358974359,59.0,0.9322033898305084,3025.0,5329.0,0,0,1,0,0,0,1,0.0,0.0,55.0,57
HAD,Racing Bulls,74.0,0 days 00:01:16.627000,0 days 00:00:19.887000,0 days 00:00:36.541000,0 days 00:00:20.199000,HARD,56.0,3.0,,,1,6.0,False,2025,Monaco,R,76.627,19.887,36.541,20.199,77.376,0.7490000000000094,76.136,0.49099999999999966,-0.7490000000000094,81.067,77.396,3.6709999999999923,78.0,0.9487179487179487,59.0,0.9491525423728814,3136.0,5476.0,0,0,1,0,0,0,1,0.0,0.0,56.0,57
HAD,Racing Bulls,75.0,0 days 00:01:16.575000,0 days 00:00:19.982000,0 days 00:00:36.448000,0 days 00:00:20.145000,HARD,57.0,3.0,,,1,6.0,False,2025,Monaco,R,76.575,19.982,36.448,20.145,77.376,0.8010000000000019,76.136,0.43900000000000716,-0.8010000000000019,81.075,77.396,3.679000000000002,78.0,0.9615384615384616,59.0,0.9661016949152542,3249.0,5625.0,0,0,1,0,0,0,1,0.0,0.0,57.0,57
HAD,Racing Bulls,76.0,0 days 00:01:16.633000,0 days 00:00:19.879000,0 days 00:00:36.610000,0 days 00:00:20.144000,HARD,58.0,3.0,,,1,6.0,False,2025,Monaco,R,76.633,19.879,36.61,20.144,77.376,0.7430000000000092,76.136,0.4969999999999999,-0.7430000000000092,81.193,77.396,3.796999999999997,78.0,0.9743589743589743,59.0,0.9830508474576272,3364.0,5776.0,0,0,1,0,0,0,1,0.0,0.0,58.0,57
HAD,Racing Bulls,77.0,0 days 00:01:16.798000,0 days 00:00:19.946000,0 days 00:00:36.454000,0 days 00:00:20.398000,HARD,59.0,3.0,,,1,6.0,False,2025,Monaco,R,76.798,19.946,36.454,20.398,77.376,0.578000000000003,76.136,0.6620000000000061,-0.578000000000003,81.418,77.396,4.022000000000006,78.0,0.9871794871794872,59.0,1.0,3481.0,5929.0,0,0,1,0,0,0,1,0.0,0.0,59.0,57
HAM,Ferrari,5.0,0 days 00:01:21.057000,0 days 00:00:21.429000,0 days 00:00:38.341000,0 days 00:00:21.287000,HARD,5.0,1.0,,,1,7.0,False,2025,Monaco,R,81.057,21.429,38.341,21.287,75.861,5.195999999999998,81.057,0.0,5.195999999999998,81.357,81.357,0.0,78.0,0.0641025641025641,17.0,0.29411764705882354,25.0,25.0,1,0,0,1,0,0,1,0.0,0.0,5.0,13
HAM,Ferrari,6.0,0 days 00:01:20.225000,0 days 00:00:21.356000,0 days 00:00:37.870000,0 days 00:00:20.999000,HARD,6.0,1.0,,,1,7.0,False,2025,Monaco,R,80.225,21.356,37.87,20.999,75.861,4.36399999999999,81.057,-0.8320000000000078,4.36399999999999,80.585,81.357,-0.7720000000000056,78.0,0.07692307692307693,17.0,0.35294117647058826,36.0,36.0,1,0,0,1,0,0,1,0.0,0.0,6.0,13
HAM,Ferrari,7.0,0 days 00:01:20.931000,0 days 00:00:21.656000,0 days 00:00:37.924000,0 days 00:00:21.351000,HARD,7.0,1.0,,,1,7.0,False,2025,Monaco,R,80.931,21.656,37.924,21.351,75.861,5.069999999999993,81.057,-0.12600000000000477,5.069999999999993,81.351,81.357,-0.006000000000000227,78.0,0.08974358974358974,17.0,0.4117647058823529,49.0,49.0,1,0,0,1,0,0,1,0.0,0.0,7.0,13
HAM,Ferrari,8.0,0 days 00:01:19.039000,0 days 00:00:21.005000,0 days 00:00:37.058000,0 days 00:00:20.976000,HARD,8.0,1.0,,,12,7.0,False,2025,Monaco,R,79.039,21.005,37.058,20.976,75.861,3.1779999999999973,81.057,-2.0180000000000007,3.1779999999999973,79.519,81.357,-1.8379999999999939,78.0,0.10256410256410256,17.0,0.47058823529411764,64.0,64.0,1,0,0,1,0,0,1,0.0,0.0,8.0,13
HAM,Ferrari,9.0,0 days 00:01:22.018000,0 days 00:00:20.362000,0 days 00:00:40.703000,0 days 00:00:20.953000,HARD,9.0,1.0,,,2,7.0,False,2025,Monaco,R,82.018,20.362,40.703,20.953,75.861,6.1569999999999965,81.057,0.9609999999999985,6.1569999999999965,82.558,81.357,1.2010000000000076,78.0,0.11538461538461539,17.0,0.5294117647058824,81.0,81.0,1,0,0,1,0,0,1,0.0,0.0,9.0,13
HAM,Ferrari,10.0,0 days 00:01:20.528000,0 days 00:00:20.252000,0 days 00:00:39.411000,0 days 00:00:20.865000,HARD,10.0,1.0,,,2,7.0,False,2025,Monaco,R,80.528,20.252,39.411,20.865,75.861,4.667000000000002,81.057,-0.5289999999999964,4.667000000000002,81.128,81.357,-0.2289999999999992,78.0,0.1282051282051282,17.0,0.5882352941176471,100.0,100.0,1,0,0,1,0,0,1,0.0,0.0,10.0,13
HAM,Ferrari,11.0,0 days 00:01:17.120000,0 days 00:00:20.216000,0 days 00:00:36.509000,0 days 00:00:20.395000,HARD,11.0,1.0,,,21,7.0,False,2025,Monaco,R,77.12,20.216,36.509,20.395,75.861,1.2590000000000003,81.057,-3.9369999999999976,1.2590000000000003,77.78,81.357,-3.576999999999998,78.0,0.14102564102564102,17.0,0.6470588235294118,121.0,121.0,1,0,0,1,0,0,1,0.0,0.0,11.0,13
HAM,Ferrari,12.0,0 days 00:01:17.530000,0 days 00:00:20.524000,0 days 00:00:36.457000,0 days 00:00:20.549000,HARD,12.0,1.0,,,1,7.0,False,2025,Monaco,R,77.53,20.524,36.457,20.549,75.861,1.668999999999997,81.057,-3.527000000000001,1.668999999999997,78.25,81.357,-3.1069999999999993,78.0,0.15384615384615385,17.0,0.7058823529411765,144.0,144.0,1,0,0,1,0,0,1,0.0,0.0,12.0,13
HAM,Ferrari,13.0,0 days 00:01:16.799000,0 days 00:00:20.185000,0 days 00:00:36.352000,0 days 00:00:20.262000,HARD,13.0,1.0,,,1,7.0,False,2025,Monaco,R,76.799,20.185,36.352,20.262,75.861,0.9380000000000024,81.057,-4.257999999999996,0.9380000000000024,77.57900000000001,81.357,-3.7779999999999916,78.0,0.16666666666666666,17.0,0.7647058823529411,169.0,169.0,1,0,0,1,0,0,1,0.0,0.0,13.0,13
HAM,Ferrari,14.0,0 days 00:01:16.151000,0 days 00:00:19.982000,0 days 00:00:35.936000,0 days 00:00:20.233000,HARD,14.0,1.0,,,1,6.0,False,2025,Monaco,R,76.151,19.982,35.936,20.233,75.861,0.28999999999999204,81.057,-4.906000000000006,0.28999999999999204,76.991,81.357,-4.366,78.0,0.1794871794871795,17.0,0.8235294117647058,196.0,196.0,1,0,0,1,0,0,1,0.0,0.0,14.0,13
HAM,Ferrari,15.0,0 days 00:01:15.991000,0 days 00:00:19.869000,0 days 00:00:35.944000,0 days 00:00:20.178000,HARD,15.0,1.0,,,1,6.0,False,2025,Monaco,R,75.991,19.869,35.944,20.178,75.861,0.12999999999999545,81.057,-5.0660000000000025,0.12999999999999545,76.891,81.357,-4.465999999999994,78.0,0.19230769230769232,17.0,0.8823529411764706,225.0,225.0,1,0,0,1,0,0,1,0.0,0.0,15.0,13
HAM,Ferrari,16.0,0 days 00:01:15.941000,0 days 00:00:19.798000,0 days 00:00:35.920000,0 days 00:00:20.223000,HARD,16.0,1.0,,,1,5.0,False,2025,Monaco,R,75.941,19.798,35.92,20.223,75.861,0.0799999999999983,81.057,-5.116,0.0799999999999983,76.901,81.357,-4.456000000000003,78.0,0.20512820512820512,17.0,0.9411764705882353,256.0,256.0,1,0,0,1,0,0,1,0.0,0.0,16.0,13
HAM,Ferrari,17.0,0 days 00:01:14.977000,0 days 00:00:19.740000,0 days 00:00:35.316000,0 days 00:00:19.921000,HARD,17.0,1.0,,,1,5.0,False,2025,Monaco,R,74.977,19.74,35.316,19.921,75.861,0.8840000000000003,81.057,-6.079999999999998,-0.8840000000000003,75.997,81.357,-5.359999999999999,78.0,0.21794871794871795,17.0,1.0,289.0,289.0,1,0,0,1,0,0,1,0.0,0.0,17.0,13
HAM,Ferrari,20.0,0 days 00:01:15.065000,0 days 00:00:19.671000,0 days 00:00:35.370000,0 days 00:00:20.024000,HARD,3.0,2.0,,,1,5.0,False,2025,Monaco,R,75.065,19.671,35.37,20.024,75.861,0.7960000000000065,75.065,0.0,-0.7960000000000065,76.265,76.265,0.0,78.0,0.2564102564102564,38.0,0.07894736842105263,9.0,400.0,0,1,0,1,0,0,1,0.0,0.0,3.0,35
HAM,Ferrari,21.0,0 days 00:01:15.750000,0 days 00:00:19.882000,0 days 00:00:35.758000,0 days 00:00:20.110000,HARD,4.0,2.0,,,1,5.0,False,2025,Monaco,R,75.75,19.882,35.758,20.11,75.861,0.1110000000000042,75.065,0.6850000000000023,-0.1110000000000042,77.01,76.265,0.7450000000000045,78.0,0.2692307692307692,38.0,0.10526315789473684,16.0,441.0,0,1,0,1,0,0,1,0.0,0.0,4.0,35
HAM,Ferrari,22.0,0 days 00:01:15.003000,0 days 00:00:19.655000,0 days 00:00:35.418000,0 days 00:00:19.930000,HARD,5.0,2.0,,,1,5.0,False,2025,Monaco,R,75.003,19.655,35.418,19.93,75.861,0.8580000000000041,75.065,-0.06199999999999761,-0.8580000000000041,76.323,76.265,0.057999999999992724,78.0,0.28205128205128205,38.0,0.13157894736842105,25.0,484.0,0,1,0,1,0,0,1,0.0,0.0,5.0,35
HAM,Ferrari,23.0,0 days 00:01:15.012000,0 days 00:00:19.570000,0 days 00:00:35.517000,0 days 00:00:19.925000,HARD,6.0,2.0,,,1,5.0,False,2025,Monaco,R,75.012,19.57,35.517,19.925,75.861,0.8490000000000038,75.065,-0.05299999999999727,-0.8490000000000038,76.392,76.265,0.12699999999999534,78.0,0.2948717948717949,38.0,0.15789473684210525,36.0,529.0,0,1,0,1,0,0,1,0.0,0.0,6.0,35
HAM,Ferrari,24.0,0 days 00:01:15.212000,0 days 00:00:19.816000,0 days 00:00:35.570000,0 days 00:00:19.826000,HARD,7.0,2.0,,,1,5.0,False,2025,Monaco,R,75.212,19.816,35.57,19.826,75.861,0.6490000000000009,75.065,0.14700000000000557,-0.6490000000000009,76.652,76.265,0.38700000000000045,78.0,0.3076923076923077,38.0,0.18421052631578946,49.0,576.0,0,1,0,1,0,0,1,0.0,0.0,7.0,35
HAM,Ferrari,25.0,0 days 00:01:14.698000,0 days 00:00:19.489000,0 days 00:00:35.388000,0 days 00:00:19.821000,HARD,8.0,2.0,,,1,5.0,False,2025,Monaco,R,74.698,19.489,35.388,19.821,75.861,1.163000000000011,75.065,-0.36700000000000443,-1.163000000000011,76.198,76.265,-0.06700000000000728,78.0,0.32051282051282054,38.0,0.21052631578947367,64.0,625.0,0,1,0,1,0,0,1,0.0,0.0,8.0,35
HAM,Ferrari,26.0,0 days 00:01:14.804000,0 days 00:00:19.527000,0 days 00:00:35.451000,0 days 00:00:19.826000,HARD,9.0,2.0,,,1,5.0,False,2025,Monaco,R,74.804,19.527,35.451,19.826,75.861,1.0570000000000022,75.065,-0.2609999999999957,-1.0570000000000022,76.364,76.265,0.09900000000000375,78.0,0.3333333333333333,38.0,0.23684210526315788,81.0,676.0,0,1,0,0,0,0,1,0.0,0.0,9.0,35
HAM,Ferrari,27.0,0 days 00:01:14.533000,0 days 00:00:19.391000,0 days 00:00:35.365000,0 days 00:00:19.777000,HARD,10.0,2.0,,,1,5.0,False,2025,Monaco,R,74.533,19.391,35.365,19.777,75.861,1.328000000000003,75.065,-0.5319999999999965,-1.328000000000003,76.153,76.265,-0.11199999999999477,78.0,0.34615384615384615,38.0,0.2631578947368421,100.0,729.0,0,1,0,0,0,0,1,0.0,0.0,10.0,35
HAM,Ferrari,28.0,0 days 00:01:15.420000,0 days 00:00:19.455000,0 days 00:00:35.732000,0 days 00:00:20.233000,HARD,11.0,2.0,,,1,5.0,False,2025,Monaco,R,75.42,19.455,35.732,20.233,75.861,0.4410000000000025,75.065,0.355000000000004,-0.4410000000000025,77.10000000000001,76.265,0.835000000000008,78.0,0.358974358974359,38.0,0.2894736842105263,121.0,784.0,0,1,0,0,0,0,1,0.0,0.0,11.0,35
HAM,Ferrari,29.0,0 days 00:01:16.810000,0 days 00:00:20.314000,0 days 00:00:36.205000,0 days 00:00:20.291000,HARD,12.0,2.0,,,1,5.0,False,2025,Monaco,R,76.81,20.314,36.205,20.291,75.861,0.9489999999999981,75.065,1.7450000000000045,0.9489999999999981,78.55,76.265,2.2849999999999966,78.0,0.3717948717948718,38.0,0.3157894736842105,144.0,841.0,0,1,0,0,0,0,1,0.0,0.0,12.0,35
HAM,Ferrari,30.0,0 days 00:01:15.884000,0 days 00:00:19.801000,0 days 00:00:35.919000,0 days 00:00:20.164000,HARD,13.0,2.0,,,1,5.0,False,2025,Monaco,R,75.884,19.801,35.919,20.164,75.861,0.022999999999996135,75.065,0.8190000000000026,0.022999999999996135,77.684,76.265,1.418999999999997,78.0,0.38461538461538464,38.0,0.34210526315789475,169.0,900.0,0,1,0,0,0,0,1,0.0,0.0,13.0,35
HAM,Ferrari,31.0,0 days 00:01:15.648000,0 days 00:00:19.912000,0 days 00:00:35.752000,0 days 00:00:19.984000,HARD,14.0,2.0,,,1,5.0,False,2025,Monaco,R,75.648,19.912,35.752,19.984,75.861,0.21300000000000807,75.065,0.5829999999999984,-0.21300000000000807,77.508,76.265,1.242999999999995,78.0,0.3974358974358974,38.0,0.3684210526315789,196.0,961.0,0,1,0,0,0,0,1,0.0,0.0,14.0,35
HAM,Ferrari,32.0,0 days 00:01:15.676000,0 days 00:00:19.715000,0 days 00:00:35.824000,0 days 00:00:20.137000,HARD,15.0,2.0,,,1,5.0,False,2025,Monaco,R,75.676,19.715,35.824,20.137,75.861,0.18500000000000227,75.065,0.6110000000000042,-0.18500000000000227,77.596,76.265,1.331000000000003,78.0,0.41025641025641024,38.0,0.39473684210526316,225.0,1024.0,0,1,0,0,0,0,1,0.0,0.0,15.0,35
HAM,Ferrari,33.0,0 days 00:01:16.536000,0 days 00:00:19.759000,0 days 00:00:36.165000,0 days 00:00:20.612000,HARD,16.0,2.0,,,1,5.0,False,2025,Monaco,R,76.536,19.759,36.165,20.612,75.861,0.6749999999999972,75.065,1.4710000000000036,0.6749999999999972,78.516,76.265,2.2510000000000048,78.0,0.4230769230769231,38.0,0.42105263157894735,256.0,1089.0,0,1,0,0,0,0,1,0.0,0.0,16.0,35
HAM,Ferrari,34.0,0 days 00:01:17.566000,0 days 00:00:20.517000,0 days 00:00:36.458000,0 days 00:00:20.591000,HARD,17.0,2.0,,,1,5.0,False,2025,Monaco,R,77.566,20.517,36.458,20.591,75.861,1.7049999999999983,75.065,2.5010000000000048,1.7049999999999983,79.60600000000001,76.265,3.341000000000008,78.0,0.4358974358974359,38.0,0.4473684210526316,289.0,1156.0,0,1,0,0,0,0,1,0.0,0.0,17.0,35
HAM,Ferrari,36.0,0 days 00:01:17.218000,0 days 00:00:20.209000,0 days 00:00:36.625000,0 days 00:00:20.384000,HARD,19.0,2.0,,,1,5.0,False,2025,Monaco,R,77.218,20.209,36.625,20.384,75.861,1.3569999999999993,75.065,2.153000000000006,1.3569999999999993,79.378,76.265,3.1129999999999995,78.0,0.46153846153846156,38.0,0.5,361.0,1296.0,0,1,0,0,0,0,1,0.0,0.0,19.0,35
HAM,Ferrari,37.0,0 days 00:01:17.288000,0 days 00:00:20.131000,0 days 00:00:36.659000,0 days 00:00:20.498000,HARD,20.0,2.0,,,1,5.0,False,2025,Monaco,R,77.288,20.131,36.659,20.498,75.861,1.4269999999999925,75.065,2.222999999999999,1.4269999999999925,79.508,76.265,3.242999999999995,78.0,0.47435897435897434,38.0,0.5263157894736842,400.0,1369.0,0,1,0,0,0,0,1,0.0,0.0,20.0,35
HAM,Ferrari,38.0,0 days 00:01:15.938000,0 days 00:00:19.928000,0 days 00:00:35.905000,0 days 00:00:20.105000,HARD,21.0,2.0,,,12,5.0,False,2025,Monaco,R,75.938,19.928,35.905,20.105,75.861,0.07699999999999818,75.065,0.8730000000000047,0.07699999999999818,78.218,76.265,1.953000000000003,78.0,0.48717948717948717,38.0,0.5526315789473685,441.0,1444.0,0,1,0,0,0,0,1,0.0,0.0,21.0,35
HAM,Ferrari,39.0,0 days 00:01:15.446000,0 days 00:00:19.841000,0 days 00:00:35.592000,0 days 00:00:20.013000,HARD,22.0,2.0,,,1,5.0,False,2025,Monaco,R,75.446,19.841,35.592,20.013,75.861,0.41500000000000625,75.065,0.3810000000000002,-0.41500000000000625,77.786,76.265,1.5210000000000008,78.0,0.5,38.0,0.5789473684210527,484.0,1521.0,0,1,0,0,0,0,1,0.0,0.0,22.0,35
HAM,Ferrari,40.0,0 days 00:01:14.951000,0 days 00:00:19.584000,0 days 00:00:35.421000,0 days 00:00:19.946000,HARD,23.0,2.0,,,1,5.0,False,2025,Monaco,R,74.951,19.584,35.421,19.946,75.861,0.9100000000000108,75.065,-0.11400000000000432,-0.9100000000000108,77.351,76.265,1.0859999999999985,78.0,0.5128205128205128,38.0,0.6052631578947368,529.0,1600.0,0,1,0,0,0,0,1,0.0,0.0,23.0,35
HAM,Ferrari,41.0,0 days 00:01:15.111000,0 days 00:00:19.770000,0 days 00:00:35.512000,0 days 00:00:19.829000,HARD,24.0,2.0,,,1,5.0,False,2025,Monaco,R,75.111,19.77,35.512,19.829,75.861,0.75,75.065,0.04600000000000648,-0.75,77.571,76.265,1.3059999999999974,78.0,0.5256410256410257,38.0,0.631578947368421,576.0,1681.0,0,1,0,0,0,0,1,0.0,0.0,24.0,35
HAM,Ferrari,42.0,0 days 00:01:14.984000,0 days 00:00:19.619000,0 days 00:00:35.530000,0 days 00:00:19.835000,HARD,25.0,2.0,,,1,5.0,False,2025,Monaco,R,74.984,19.619,35.53,19.835,75.861,0.8770000000000095,75.065,-0.08100000000000307,-0.8770000000000095,77.50399999999999,76.265,1.23899999999999,78.0,0.5384615384615384,38.0,0.6578947368421053,625.0,1764.0,0,1,0,0,0,0,1,0.0,0.0,25.0,35
HAM,Ferrari,43.0,0 days 00:01:14.854000,0 days 00:00:19.655000,0 days 00:00:35.424000,0 days 00:00:19.775000,HARD,26.0,2.0,,,1,5.0,False,2025,Monaco,R,74.854,19.655,35.424,19.775,75.861,1.007000000000005,75.065,-0.21099999999999852,-1.007000000000005,77.434,76.265,1.168999999999997,78.0,0.5512820512820513,38.0,0.6842105263157895,676.0,1849.0,0,1,0,0,0,0,1,0.0,0.0,26.0,35
HAM,Ferrari,44.0,0 days 00:01:14.686000,0 days 00:00:19.570000,0 days 00:00:35.362000,0 days 00:00:19.754000,HARD,27.0,2.0,,,1,5.0,False,2025,Monaco,R,74.686,19.57,35.362,19.754,75.861,1.1749999999999972,75.065,-0.3789999999999907,-1.1749999999999972,77.32600000000001,76.265,1.061000000000007,78.0,0.5641025641025641,38.0,0.7105263157894737,729.0,1936.0,0,1,0,0,0,0,1,0.0,0.0,27.0,35
HAM,Ferrari,45.0,0 days 00:01:14.849000,0 days 00:00:19.555000,0 days 00:00:35.439000,0 days 00:00:19.855000,HARD,28.0,2.0,,,1,5.0,False,2025,Monaco,R,74.849,19.555,35.439,19.855,75.861,1.0120000000000005,75.065,-0.21599999999999397,-1.0120000000000005,77.549,76.265,1.284000000000006,78.0,0.5769230769230769,38.0,0.7368421052631579,784.0,2025.0,0,1,0,0,0,0,1,0.0,0.0,28.0,35
HAM,Ferrari,46.0,0 days 00:01:15.323000,0 days 00:00:19.592000,0 days 00:00:35.853000,0 days 00:00:19.878000,HARD,29.0,2.0,,,1,5.0,False,2025,Monaco,R,75.323,19.592,35.853,19.878,75.861,0.5380000000000109,75.065,0.25799999999999557,-0.5380000000000109,78.083,76.265,1.8179999999999978,78.0,0.5897435897435898,38.0,0.7631578947368421,841.0,2116.0,0,1,0,0,0,0,1,0.0,0.0,29.0,35
HAM,Ferrari,47.0,0 days 00:01:15.703000,0 days 00:00:19.797000,0 days 00:00:35.900000,0 days 00:00:20.006000,HARD,30.0,2.0,,,1,5.0,False,2025,Monaco,R,75.703,19.797,35.9,20.006,75.861,0.15800000000000125,75.065,0.6380000000000052,-0.15800000000000125,78.523,76.265,2.2579999999999956,78.0,0.6025641025641025,38.0,0.7894736842105263,900.0,2209.0,0,1,0,0,0,0,1,0.0,0.0,30.0,35
HAM,Ferrari,48.0,0 days 00:01:15.113000,0 days 00:00:19.552000,0 days 00:00:35.752000,0 days 00:00:19.809000,HARD,31.0,2.0,,,1,5.0,False,2025,Monaco,R,75.113,19.552,35.752,19.809,75.861,0.7480000000000047,75.065,0.04800000000000182,-0.7480000000000047,77.993,76.265,1.7279999999999944,78.0,0.6153846153846154,38.0,0.8157894736842105,961.0,2304.0,0,1,0,0,0,0,1,0.0,0.0,31.0,35
HAM,Ferrari,49.0,0 days 00:01:15.569000,0 days 00:00:19.765000,0 days 00:00:35.782000,0 days 00:00:20.022000,HARD,32.0,2.0,,,1,5.0,False,2025,Monaco,R,75.569,19.765,35.782,20.022,75.861,0.2920000000000016,75.065,0.5040000000000049,-0.2920000000000016,78.509,76.265,2.2439999999999998,78.0,0.6282051282051282,38.0,0.8421052631578947,1024.0,2401.0,0,1,0,0,0,0,1,0.0,0.0,32.0,35
HAM,Ferrari,50.0,0 days 00:01:15.694000,0 days 00:00:19.834000,0 days 00:00:35.879000,0 days 00:00:19.981000,HARD,33.0,2.0,,,1,5.0,False,2025,Monaco,R,75.694,19.834,35.879,19.981,75.861,0.1670000000000016,75.065,0.6290000000000049,-0.1670000000000016,78.694,76.265,2.429000000000002,78.0,0.6410256410256411,38.0,0.868421052631579,1089.0,2500.0,0,1,0,0,0,0,1,0.0,0.0,33.0,35
HAM,Ferrari,51.0,0 days 00:01:15.559000,0 days 00:00:19.808000,0 days 00:00:35.739000,0 days 00:00:20.012000,HARD,34.0,2.0,,,1,5.0,False,2025,Monaco,R,75.559,19.808,35.739,20.012,75.861,0.3020000000000067,75.065,0.4939999999999998,-0.3020000000000067,78.619,76.265,2.353999999999999,78.0,0.6538461538461539,38.0,0.8947368421052632,1156.0,2601.0,0,1,0,0,0,0,1,0.0,0.0,34.0,35
HAM,Ferrari,52.0,0 days 00:01:15.494000,0 days 00:00:19.599000,0 days 00:00:35.827000,0 days 00:00:20.068000,HARD,35.0,2.0,,,1,5.0,False,2025,Monaco,R,75.494,19.599,35.827,20.068,75.861,0.36700000000000443,75.065,0.42900000000000205,-0.36700000000000443,78.614,76.265,2.3490000000000038,78.0,0.6666666666666666,38.0,0.9210526315789473,1225.0,2704.0,0,1,1,0,0,0,1,0.0,0.0,35.0,35
HAM,Ferrari,53.0,0 days 00:01:16.185000,0 days 00:00:19.757000,0 days 00:00:36.216000,0 days 00:00:20.212000,HARD,36.0,2.0,,,1,5.0,False,2025,Monaco,R,76.185,19.757,36.216,20.212,75.861,0.32399999999999807,75.065,1.1200000000000045,0.32399999999999807,79.36500000000001,76.265,3.1000000000000085,78.0,0.6794871794871795,38.0,0.9473684210526315,1296.0,2809.0,0,1,1,0,0,0,1,0.0,0.0,36.0,35
HAM,Ferrari,54.0,0 days 00:01:16.217000,0 days 00:00:19.791000,0 days 00:00:36.234000,0 days 00:00:20.192000,HARD,37.0,2.0,,,1,5.0,False,2025,Monaco,R,76.217,19.791,36.234,20.192,75.861,0.35599999999999454,75.065,1.152000000000001,0.35599999999999454,79.457,76.265,3.191999999999993,78.0,0.6923076923076923,38.0,0.9736842105263158,1369.0,2916.0,0,1,1,0,0,0,1,0.0,0.0,37.0,35
HAM,Ferrari,55.0,0 days 00:01:16.657000,0 days 00:00:19.882000,0 days 00:00:36.482000,0 days 00:00:20.293000,HARD,38.0,2.0,,,1,5.0,False,2025,Monaco,R,76.657,19.882,36.482,20.293,75.861,0.7959999999999923,75.065,1.5919999999999987,0.7959999999999923,79.957,76.265,3.691999999999993,78.0,0.7051282051282052,38.0,1.0,1444.0,3025.0,0,1,1,0,0,0,1,0.0,0.0,38.0,35
HAM,Ferrari,58.0,0 days 00:01:18.349000,0 days 00:00:20.878000,0 days 00:00:36.850000,0 days 00:00:20.621000,MEDIUM,5.0,3.0,,,1,5.0,False,2025,Monaco,R,78.349,20.878,36.85,20.621,75.861,2.4879999999999995,78.349,0.0,2.4879999999999995,81.82900000000001,81.82900000000001,0.0,78.0,0.7435897435897436,25.0,0.2,25.0,3364.0,0,0,1,0,0,1,0,0.0,5.0,0.0,21
HAM,Ferrari,59.0,0 days 00:01:16.686000,0 days 00:00:20.387000,0 days 00:00:36.289000,0 days 00:00:20.010000,MEDIUM,6.0,3.0,,,1,5.0,False,2025,Monaco,R,76.686,20.387,36.289,20.01,75.861,0.8250000000000028,78.349,-1.6629999999999967,0.8250000000000028,80.22600000000001,81.82900000000001,-1.6029999999999944,78.0,0.7564102564102564,25.0,0.24,36.0,3481.0,0,0,1,0,0,1,0,0.0,6.0,0.0,21
HAM,Ferrari,60.0,0 days 00:01:15.767000,0 days 00:00:19.808000,0 days 00:00:35.796000,0 days 00:00:20.163000,MEDIUM,7.0,3.0,,,1,5.0,False,2025,Monaco,R,75.767,19.808,35.796,20.163,75.861,0.0940000000000083,78.349,-2.582000000000008,-0.0940000000000083,79.36699999999999,81.82900000000001,-2.4620000000000175,78.0,0.7692307692307693,25.0,0.28,49.0,3600.0,0,0,1,0,0,1,0,0.0,7.0,0.0,21
HAM,Ferrari,61.0,0 days 00:01:15.431000,0 days 00:00:19.785000,0 days 00:00:35.611000,0 days 00:00:20.035000,MEDIUM,8.0,3.0,,,1,5.0,False,2025,Monaco,R,75.431,19.785,35.611,20.035,75.861,0.4300000000000068,78.349,-2.9180000000000064,-0.4300000000000068,79.091,81.82900000000001,-2.7380000000000138,78.0,0.782051282051282,25.0,0.32,64.0,3721.0,0,0,1,0,0,1,0,0.0,8.0,0.0,21
HAM,Ferrari,62.0,0 days 00:01:14.916000,0 days 00:00:19.741000,0 days 00:00:35.469000,0 days 00:00:19.706000,MEDIUM,9.0,3.0,,,1,5.0,False,2025,Monaco,R,74.916,19.741,35.469,19.706,75.861,0.9450000000000074,78.349,-3.433000000000007,-0.9450000000000074,78.636,81.82900000000001,-3.193000000000012,78.0,0.7948717948717948,25.0,0.36,81.0,3844.0,0,0,1,0,0,1,0,0.0,9.0,0.0,21
HAM,Ferrari,63.0,0 days 00:01:14.193000,0 days 00:00:19.356000,0 days 00:00:35.230000,0 days 00:00:19.607000,MEDIUM,10.0,3.0,,,1,5.0,False,2025,Monaco,R,74.193,19.356,35.23,19.607,75.861,1.6680000000000064,78.349,-4.156000000000006,-1.6680000000000064,77.973,81.82900000000001,-3.8560000000000088,78.0,0.8076923076923077,25.0,0.4,100.0,3969.0,0,0,1,0,0,1,0,0.0,10.0,0.0,21
HAM,Ferrari,64.0,0 days 00:01:16.306000,0 days 00:00:19.910000,0 days 00:00:36.092000,0 days 00:00:20.304000,MEDIUM,11.0,3.0,,,1,5.0,False,2025,Monaco,R,76.306,19.91,36.092,20.304,75.861,0.4449999999999932,78.349,-2.0430000000000064,0.4449999999999932,80.146,81.82900000000001,-1.683000000000007,78.0,0.8205128205128205,25.0,0.44,121.0,4096.0,0,0,1,0,0,1,0,0.0,11.0,0.0,21
HAM,Ferrari,65.0,0 days 00:01:16.238000,0 days 00:00:19.955000,0 days 00:00:36.087000,0 days 00:00:20.196000,MEDIUM,12.0,3.0,,,1,5.0,False,2025,Monaco,R,76.238,19.955,36.087,20.196,75.861,0.37699999999999534,78.349,-2.111000000000004,0.37699999999999534,80.138,81.82900000000001,-1.6910000000000025,78.0,0.8333333333333334,25.0,0.48,144.0,4225.0,0,0,1,0,0,1,0,0.0,12.0,0.0,21
HAM,Ferrari,66.0,0 days 00:01:16.659000,0 days 00:00:20.336000,0 days 00:00:36.083000,0 days 00:00:20.240000,MEDIUM,13.0,3.0,,,1,5.0,False,2025,Monaco,R,76.659,20.336,36.083,20.24,75.861,0.7980000000000018,78.349,-1.6899999999999977,0.7980000000000018,80.619,81.82900000000001,-1.210000000000008,78.0,0.8461538461538461,25.0,0.52,169.0,4356.0,0,0,1,0,0,1,0,0.0,13.0,0.0,21
HAM,Ferrari,67.0,0 days 00:01:16.016000,0 days 00:00:19.962000,0 days 00:00:35.918000,0 days 00:00:20.136000,MEDIUM,14.0,3.0,,,1,5.0,False,2025,Monaco,R,76.016,19.962,35.918,20.136,75.861,0.15500000000000114,78.349,-2.3329999999999984,0.15500000000000114,80.036,81.82900000000001,-1.7930000000000064,78.0,0.8589743589743589,25.0,0.56,196.0,4489.0,0,0,1,0,0,1,0,0.0,14.0,0.0,21
HAM,Ferrari,68.0,0 days 00:01:15.861000,0 days 00:00:19.845000,0 days 00:00:35.721000,0 days 00:00:20.295000,MEDIUM,15.0,3.0,,,1,5.0,False,2025,Monaco,R,75.861,19.845,35.721,20.295,75.861,0.0,78.349,-2.4879999999999995,0.0,79.941,81.82900000000001,-1.8880000000000052,78.0,0.8717948717948718,25.0,0.6,225.0,4624.0,0,0,1,0,0,1,0,0.0,15.0,0.0,21
HAM,Ferrari,69.0,0 days 00:01:15.585000,0 days 00:00:19.902000,0 days 00:00:35.738000,0 days 00:00:19.945000,MEDIUM,16.0,3.0,,,1,5.0,False,2025,Monaco,R,75.585,19.902,35.738,19.945,75.861,0.27600000000001046,78.349,-2.76400000000001,-0.27600000000001046,79.725,81.82900000000001,-2.1040000000000134,78.0,0.8846153846153846,25.0,0.64,256.0,4761.0,0,0,1,0,0,1,0,0.0,16.0,0.0,21
HAM,Ferrari,70.0,0 days 00:01:15.257000,0 days 00:00:19.713000,0 days 00:00:35.619000,0 days 00:00:19.925000,MEDIUM,17.0,3.0,,,1,5.0,False,2025,Monaco,R,75.257,19.713,35.619,19.925,75.861,0.6039999999999992,78.349,-3.0919999999999987,-0.6039999999999992,79.45700000000001,81.82900000000001,-2.372,78.0,0.8974358974358975,25.0,0.68,289.0,4900.0,0,0,1,0,0,1,0,0.0,17.0,0.0,21
HAM,Ferrari,71.0,0 days 00:01:15.088000,0 days 00:00:19.603000,0 days 00:00:35.686000,0 days 00:00:19.799000,MEDIUM,18.0,3.0,,,1,5.0,False,2025,Monaco,R,75.088,19.603,35.686,19.799,75.861,0.7730000000000103,78.349,-3.26100000000001,-0.7730000000000103,79.348,81.82900000000001,-2.4810000000000088,78.0,0.9102564102564102,25.0,0.72,324.0,5041.0,0,0,1,0,0,1,0,0.0,18.0,0.0,21
HAM,Ferrari,72.0,0 days 00:01:14.273000,0 days 00:00:19.468000,0 days 00:00:35.182000,0 days 00:00:19.623000,MEDIUM,19.0,3.0,,,1,5.0,False,2025,Monaco,R,74.273,19.468,35.182,19.623,75.861,1.588000000000008,78.349,-4.076000000000008,-1.588000000000008,78.59299999999999,81.82900000000001,-3.2360000000000184,78.0,0.9230769230769231,25.0,0.76,361.0,5184.0,0,0,1,0,0,1,0,0.0,19.0,0.0,21
HAM,Ferrari,73.0,0 days 00:01:14.090000,0 days 00:00:19.375000,0 days 00:00:35.138000,0 days 00:00:19.577000,MEDIUM,20.0,3.0,,,1,5.0,False,2025,Monaco,R,74.09,19.375,35.138,19.577,75.861,1.7710000000000008,78.349,-4.259,-1.7710000000000008,78.47,81.82900000000001,-3.359000000000009,78.0,0.9358974358974359,25.0,0.8,400.0,5329.0,0,0,1,0,0,1,0,0.0,20.0,0.0,21
HAM,Ferrari,74.0,0 days 00:01:15.388000,0 days 00:00:19.942000,0 days 00:00:35.506000,0 days 00:00:19.940000,MEDIUM,21.0,3.0,,,1,5.0,False,2025,Monaco,R,75.388,19.942,35.506,19.94,75.861,0.472999999999999,78.349,-2.9609999999999985,-0.472999999999999,79.828,81.82900000000001,-2.0010000000000048,78.0,0.9487179487179487,25.0,0.84,441.0,5476.0,0,0,1,0,0,1,0,0.0,21.0,0.0,21
HAM,Ferrari,75.0,0 days 00:01:16.317000,0 days 00:00:20.032000,0 days 00:00:36.072000,0 days 00:00:20.213000,MEDIUM,22.0,3.0,,,1,5.0,False,2025,Monaco,R,76.317,20.032,36.072,20.213,75.861,0.45599999999998886,78.349,-2.0320000000000107,0.45599999999998886,80.817,81.82900000000001,-1.0120000000000147,78.0,0.9615384615384616,25.0,0.88,484.0,5625.0,0,0,1,0,0,1,0,0.0,22.0,0.0,21
HAM,Ferrari,76.0,0 days 00:01:16.537000,0 days 00:00:20.237000,0 days 00:00:35.895000,0 days 00:00:20.405000,MEDIUM,23.0,3.0,,,1,5.0,False,2025,Monaco,R,76.537,20.237,35.895,20.405,75.861,0.6760000000000019,78.349,-1.8119999999999976,0.6760000000000019,81.09700000000001,81.82900000000001,-0.7319999999999993,78.0,0.9743589743589743,25.0,0.92,529.0,5776.0,0,0,1,0,0,1,0,0.0,23.0,0.0,21
HAM,Ferrari,77.0,0 days 00:01:16.522000,0 days 00:00:20.474000,0 days 00:00:35.824000,0 days 00:00:20.224000,MEDIUM,24.0,3.0,,,1,5.0,False,2025,Monaco,R,76.522,20.474,35.824,20.224,75.861,0.6610000000000014,78.349,-1.8269999999999982,0.6610000000000014,81.14200000000001,81.82900000000001,-0.6869999999999976,78.0,0.9871794871794872,25.0,0.96,576.0,5929.0,0,0,1,0,0,1,0,0.0,24.0,0.0,21
HAM,Ferrari,78.0,0 days 00:01:17.439000,0 days 00:00:20.498000,0 days 00:00:36.035000,0 days 00:00:20.906000,MEDIUM,25.0,3.0,,,1,5.0,False,2025,Monaco,R,77.439,20.498,36.035,20.906,75.861,1.5779999999999887,78.349,-0.9100000000000108,1.5779999999999887,82.119,81.82900000000001,0.28999999999999204,78.0,1.0,25.0,1.0,625.0,6084.0,0,0,1,0,0,1,0,0.0,25.0,0.0,21
HUL,Kick Sauber,5.0,0 days 00:01:20.475000,0 days 00:00:21.179000,0 days 00:00:37.573000,0 days 00:00:21.723000,MEDIUM,5.0,1.0,,,1,12.0,False,2025,Monaco,R,80.475,21.179,37.573,21.723,78.6685,1.8064999999999998,80.475,0.0,1.8064999999999998,80.77499999999999,80.77499999999999,0.0,78.0,0.0641025641025641,11.0,0.45454545454545453,25.0,25.0,1,0,0,1,0,1,0,0.0,5.0,0.0,7
HUL,Kick Sauber,6.0,0 days 00:01:20.974000,0 days 00:00:21.301000,0 days 00:00:37.833000,0 days 00:00:21.840000,MEDIUM,6.0,1.0,,,1,12.0,False,2025,Monaco,R,80.974,21.301,37.833,21.84,78.6685,2.305500000000009,80.475,0.49900000000000944,2.305500000000009,81.334,80.77499999999999,0.5590000000000117,78.0,0.07692307692307693,11.0,0.5454545454545454,36.0,36.0,1,0,0,1,0,1,0,0.0,6.0,0.0,7
HUL,Kick Sauber,7.0,0 days 00:01:21.264000,0 days 00:00:21.405000,0 days 00:00:38.176000,0 days 00:00:21.683000,MEDIUM,7.0,1.0,,,1,12.0,False,2025,Monaco,R,81.264,21.405,38.176,21.683,78.6685,2.5955000000000013,80.475,0.7890000000000015,2.5955000000000013,81.684,80.77499999999999,0.909000000000006,78.0,0.08974358974358974,11.0,0.6363636363636364,49.0,49.0,1,0,0,1,0,1,0,0.0,7.0,0.0,7
HUL,Kick Sauber,8.0,0 days 00:01:20.300000,0 days 00:00:21.160000,0 days 00:00:37.853000,0 days 00:00:21.287000,MEDIUM,8.0,1.0,,,12,12.0,False,2025,Monaco,R,80.3,21.16,37.853,21.287,78.6685,1.6315000000000026,80.475,-0.17499999999999716,1.6315000000000026,80.78,80.77499999999999,0.005000000000009663,78.0,0.10256410256410256,11.0,0.7272727272727273,64.0,64.0,1,0,0,1,0,1,0,0.0,8.0,0.0,7
HUL,Kick Sauber,9.0,0 days 00:01:24.031000,0 days 00:00:21.082000,0 days 00:00:41.050000,0 days 00:00:21.899000,MEDIUM,9.0,1.0,,,2,12.0,False,2025,Monaco,R,84.031,21.082,41.05,21.899,78.6685,5.362500000000011,80.475,3.5560000000000116,5.362500000000011,84.57100000000001,80.77499999999999,3.7960000000000207,78.0,0.11538461538461539,11.0,0.8181818181818182,81.0,81.0,1,0,0,1,0,1,0,0.0,9.0,0.0,7
HUL,Kick Sauber,10.0,0 days 00:01:21.507000,0 days 00:00:21.142000,0 days 00:00:38.955000,0 days 00:00:21.410000,MEDIUM,10.0,1.0,,,2,12.0,False,2025,Monaco,R,81.507,21.142,38.955,21.41,78.6685,2.8385000000000105,80.475,1.0320000000000107,2.8385000000000105,82.107,80.77499999999999,1.3320000000000078,78.0,0.1282051282051282,11.0,0.9090909090909091,100.0,100.0,1,0,0,1,0,1,0,0.0,10.0,0.0,7
HUL,Kick Sauber,11.0,0 days 00:01:19.404000,0 days 00:00:20.899000,0 days 00:00:37.338000,0 days 00:00:21.167000,MEDIUM,11.0,1.0,,,21,12.0,False,2025,Monaco,R,79.404,20.899,37.338,21.167,78.6685,0.7355000000000018,80.475,-1.070999999999998,0.7355000000000018,80.064,80.77499999999999,-0.7109999999999985,78.0,0.14102564102564102,11.0,1.0,121.0,121.0,1,0,0,1,0,1,0,0.0,11.0,0.0,7
HUL,Kick Sauber,14.0,0 days 00:01:16.106000,0 days 00:00:20.278000,0 days 00:00:35.598000,0 days 00:00:20.230000,HARD,2.0,2.0,,,1,18.0,False,2025,Monaco,R,76.106,20.278,35.598,20.23,78.6685,2.5625,76.106,0.0,-2.5625,76.946,76.946,0.0,78.0,0.1794871794871795,31.0,0.06451612903225806,4.0,196.0,0,1,0,1,0,0,1,0.0,0.0,2.0,30
HUL,Kick Sauber,15.0,0 days 00:01:16.553000,0 days 00:00:20.234000,0 days 00:00:35.781000,0 days 00:00:20.538000,HARD,3.0,2.0,,,1,18.0,False,2025,Monaco,R,76.553,20.234,35.781,20.538,78.6685,2.1154999999999973,76.106,0.44700000000000273,-2.1154999999999973,77.453,76.946,0.507000000000005,78.0,0.19230769230769232,31.0,0.0967741935483871,9.0,225.0,0,1,0,1,0,0,1,0.0,0.0,3.0,30
HUL,Kick Sauber,16.0,0 days 00:01:18.317000,0 days 00:00:20.418000,0 days 00:00:36.555000,0 days 00:00:21.344000,HARD,4.0,2.0,,,1,18.0,False,2025,Monaco,R,78.317,20.418,36.555,21.344,78.6685,0.3515000000000015,76.106,2.2109999999999985,-0.3515000000000015,79.27699999999999,76.946,2.330999999999989,78.0,0.20512820512820512,31.0,0.12903225806451613,16.0,256.0,0,1,0,1,0,0,1,0.0,0.0,4.0,30
HUL,Kick Sauber,17.0,0 days 00:01:19.969000,0 days 00:00:21.133000,0 days 00:00:37.720000,0 days 00:00:21.116000,HARD,5.0,2.0,,,1,16.0,False,2025,Monaco,R,79.969,21.133,37.72,21.116,78.6685,1.3004999999999995,76.106,3.8629999999999995,1.3004999999999995,80.98899999999999,76.946,4.042999999999992,78.0,0.21794871794871795,31.0,0.16129032258064516,25.0,289.0,0,1,0,1,0,0,1,0.0,0.0,5.0,30
HUL,Kick Sauber,18.0,0 days 00:01:18.044000,0 days 00:00:20.535000,0 days 00:00:36.604000,0 days 00:00:20.905000,HARD,6.0,2.0,,,1,16.0,False,2025,Monaco,R,78.044,20.535,36.604,20.905,78.6685,0.6244999999999976,76.106,1.9380000000000024,-0.6244999999999976,79.124,76.946,2.1779999999999973,78.0,0.23076923076923078,31.0,0.1935483870967742,36.0,324.0,0,1,0,1,0,0,1,0.0,0.0,6.0,30
HUL,Kick Sauber,19.0,0 days 00:01:19.058000,0 days 00:00:20.794000,0 days 00:00:37.368000,0 days 00:00:20.896000,HARD,7.0,2.0,,,1,16.0,False,2025,Monaco,R,79.058,20.794,37.368,20.896,78.6685,0.3895000000000124,76.106,2.9520000000000124,0.3895000000000124,80.19800000000001,76.946,3.2520000000000095,78.0,0.24358974358974358,31.0,0.22580645161290322,49.0,361.0,0,1,0,1,0,0,1,0.0,0.0,7.0,30
HUL,Kick Sauber,20.0,0 days 00:01:19.381000,0 days 00:00:20.840000,0 days 00:00:37.388000,0 days 00:00:21.153000,HARD,8.0,2.0,,,1,16.0,False,2025,Monaco,R,79.381,20.84,37.388,21.153,78.6685,0.7125000000000057,76.106,3.2750000000000057,0.7125000000000057,80.581,76.946,3.635000000000005,78.0,0.2564102564102564,31.0,0.25806451612903225,64.0,400.0,0,1,0,1,0,0,1,0.0,0.0,8.0,30
HUL,Kick Sauber,21.0,0 days 00:01:18.150000,0 days 00:00:20.547000,0 days 00:00:36.837000,0 days 00:00:20.766000,HARD,9.0,2.0,,,1,16.0,False,2025,Monaco,R,78.15,20.547,36.837,20.766,78.6685,0.5184999999999889,76.106,2.044000000000011,-0.5184999999999889,79.41000000000001,76.946,2.464000000000013,78.0,0.2692307692307692,31.0,0.2903225806451613,81.0,441.0,0,1,0,1,0,0,1,0.0,0.0,9.0,30
HUL,Kick Sauber,22.0,0 days 00:01:17.509000,0 days 00:00:20.326000,0 days 00:00:36.551000,0 days 00:00:20.632000,HARD,10.0,2.0,,,1,16.0,False,2025,Monaco,R,77.509,20.326,36.551,20.632,78.6685,1.1594999999999942,76.106,1.4030000000000058,-1.1594999999999942,78.829,76.946,1.8829999999999956,78.0,0.28205128205128205,31.0,0.3225806451612903,100.0,484.0,0,1,0,1,0,0,1,0.0,0.0,10.0,30
HUL,Kick Sauber,23.0,0 days 00:01:17.557000,0 days 00:00:20.432000,0 days 00:00:36.453000,0 days 00:00:20.672000,HARD,11.0,2.0,,,1,16.0,False,2025,Monaco,R,77.557,20.432,36.453,20.672,78.6685,1.1114999999999924,76.106,1.4510000000000076,-1.1114999999999924,78.937,76.946,1.9909999999999997,78.0,0.2948717948717949,31.0,0.3548387096774194,121.0,529.0,0,1,0,1,0,0,1,0.0,0.0,11.0,30
HUL,Kick Sauber,24.0,0 days 00:01:17.055000,0 days 00:00:20.271000,0 days 00:00:36.348000,0 days 00:00:20.436000,HARD,12.0,2.0,,,1,16.0,False,2025,Monaco,R,77.055,20.271,36.348,20.436,78.6685,1.6134999999999877,76.106,0.9490000000000123,-1.6134999999999877,78.495,76.946,1.5490000000000066,78.0,0.3076923076923077,31.0,0.3870967741935484,144.0,576.0,0,1,0,1,0,0,1,0.0,0.0,12.0,30
HUL,Kick Sauber,25.0,0 days 00:01:17.538000,0 days 00:00:20.238000,0 days 00:00:36.493000,0 days 00:00:20.807000,HARD,13.0,2.0,,,1,16.0,False,2025,Monaco,R,77.538,20.238,36.493,20.807,78.6685,1.1304999999999978,76.106,1.4320000000000022,-1.1304999999999978,79.038,76.946,2.0919999999999987,78.0,0.32051282051282054,31.0,0.41935483870967744,169.0,625.0,0,1,0,1,0,0,1,0.0,0.0,13.0,30
HUL,Kick Sauber,26.0,0 days 00:01:18.724000,0 days 00:00:20.551000,0 days 00:00:37.246000,0 days 00:00:20.927000,HARD,14.0,2.0,,,1,15.0,False,2025,Monaco,R,78.724,20.551,37.246,20.927,78.6685,0.05550000000000921,76.106,2.618000000000009,0.05550000000000921,80.284,76.946,3.338000000000008,78.0,0.3333333333333333,31.0,0.45161290322580644,196.0,676.0,0,1,0,0,0,0,1,0.0,0.0,14.0,30
HUL,Kick Sauber,27.0,0 days 00:01:19.472000,0 days 00:00:20.449000,0 days 00:00:37.594000,0 days 00:00:21.429000,HARD,15.0,2.0,,,1,15.0,False,2025,Monaco,R,79.472,20.449,37.594,21.429,78.6685,0.8034999999999997,76.106,3.3659999999999997,0.8034999999999997,81.092,76.946,4.146000000000001,78.0,0.34615384615384615,31.0,0.4838709677419355,225.0,729.0,0,1,0,0,0,0,1,0.0,0.0,15.0,30
HUL,Kick Sauber,28.0,0 days 00:01:19.264000,0 days 00:00:20.775000,0 days 00:00:37.455000,0 days 00:00:21.034000,HARD,16.0,2.0,,,1,15.0,False,2025,Monaco,R,79.264,20.775,37.455,21.034,78.6685,0.5955000000000013,76.106,3.1580000000000013,0.5955000000000013,80.944,76.946,3.9980000000000047,78.0,0.358974358974359,31.0,0.5161290322580645,256.0,784.0,0,1,0,0,0,0,1,0.0,0.0,16.0,30
HUL,Kick Sauber,29.0,0 days 00:01:19.749000,0 days 00:00:20.750000,0 days 00:00:37.678000,0 days 00:00:21.321000,HARD,17.0,2.0,,,1,15.0,False,2025,Monaco,R,79.749,20.75,37.678,21.321,78.6685,1.0805000000000007,76.106,3.6430000000000007,1.0805000000000007,81.48899999999999,76.946,4.542999999999992,78.0,0.3717948717948718,31.0,0.5483870967741935,289.0,841.0,0,1,0,0,0,0,1,0.0,0.0,17.0,30
HUL,Kick Sauber,30.0,0 days 00:01:20.392000,0 days 00:00:21.069000,0 days 00:00:37.297000,0 days 00:00:22.026000,HARD,18.0,2.0,,,1,15.0,False,2025,Monaco,R,80.392,21.069,37.297,22.026,78.6685,1.7235000000000014,76.106,4.286000000000001,1.7235000000000014,82.192,76.946,5.245999999999995,78.0,0.38461538461538464,31.0,0.5806451612903226,324.0,900.0,0,1,0,0,0,0,1,0.0,0.0,18.0,30
HUL,Kick Sauber,31.0,0 days 00:01:19.889000,0 days 00:00:21.016000,0 days 00:00:37.201000,0 days 00:00:21.672000,HARD,19.0,2.0,,,1,15.0,False,2025,Monaco,R,79.889,21.016,37.201,21.672,78.6685,1.2205000000000013,76.106,3.7830000000000013,1.2205000000000013,81.749,76.946,4.802999999999997,78.0,0.3974358974358974,31.0,0.6129032258064516,361.0,961.0,0,1,0,0,0,0,1,0.0,0.0,19.0,30
HUL,Kick Sauber,32.0,0 days 00:01:20.602000,0 days 00:00:21.130000,0 days 00:00:38.579000,0 days 00:00:20.893000,HARD,20.0,2.0,,,1,15.0,False,2025,Monaco,R,80.602,21.13,38.579,20.893,78.6685,1.9335000000000093,76.106,4.496000000000009,1.9335000000000093,82.522,76.946,5.576000000000008,78.0,0.41025641025641024,31.0,0.6451612903225806,400.0,1024.0,0,1,0,0,0,0,1,0.0,0.0,20.0,30
HUL,Kick Sauber,33.0,0 days 00:01:17.840000,0 days 00:00:20.205000,0 days 00:00:36.923000,0 days 00:00:20.712000,HARD,21.0,2.0,,,1,15.0,False,2025,Monaco,R,77.84,20.205,36.923,20.712,78.6685,0.8284999999999911,76.106,1.7340000000000089,-0.8284999999999911,79.82000000000001,76.946,2.8740000000000094,78.0,0.4230769230769231,31.0,0.6774193548387096,441.0,1089.0,0,1,0,0,0,0,1,0.0,0.0,21.0,30
HUL,Kick Sauber,34.0,0 days 00:01:18.400000,0 days 00:00:20.679000,0 days 00:00:37.037000,0 days 00:00:20.684000,HARD,22.0,2.0,,,1,15.0,False,2025,Monaco,R,78.4,20.679,37.037,20.684,78.6685,0.26849999999998886,76.106,2.294000000000011,-0.26849999999998886,80.44000000000001,76.946,3.494000000000014,78.0,0.4358974358974359,31.0,0.7096774193548387,484.0,1156.0,0,1,0,0,0,0,1,0.0,0.0,22.0,30
HUL,Kick Sauber,35.0,0 days 00:01:20.594000,0 days 00:00:21.263000,0 days 00:00:38.423000,0 days 00:00:20.908000,HARD,23.0,2.0,,,1,15.0,False,2025,Monaco,R,80.594,21.263,38.423,20.908,78.6685,1.9254999999999995,76.106,4.4879999999999995,1.9254999999999995,82.69399999999999,76.946,5.7479999999999905,78.0,0.44871794871794873,31.0,0.7419354838709677,529.0,1225.0,0,1,0,0,0,0,1,0.0,0.0,23.0,30
HUL,Kick Sauber,36.0,0 days 00:01:18.642000,0 days 00:00:20.560000,0 days 00:00:37.336000,0 days 00:00:20.746000,HARD,24.0,2.0,,,1,15.0,False,2025,Monaco,R,78.642,20.56,37.336,20.746,78.6685,0.026499999999998636,76.106,2.5360000000000014,-0.026499999999998636,80.80199999999999,76.946,3.8559999999999945,78.0,0.46153846153846156,31.0,0.7741935483870968,576.0,1296.0,0,1,0,0,0,0,1,0.0,0.0,24.0,30
HUL,Kick Sauber,37.0,0 days 00:01:18.904000,0 days 00:00:20.712000,0 days 00:00:37.251000,0 days 00:00:20.941000,HARD,25.0,2.0,,,12,14.0,False,2025,Monaco,R,78.904,20.712,37.251,20.941,78.6685,0.23550000000000182,76.106,2.798000000000002,0.23550000000000182,81.124,76.946,4.177999999999997,78.0,0.47435897435897434,31.0,0.8064516129032258,625.0,1369.0,0,1,0,0,0,0,1,0.0,0.0,25.0,30
HUL,Kick Sauber,38.0,0 days 00:01:18.272000,0 days 00:00:20.613000,0 days 00:00:36.903000,0 days 00:00:20.756000,HARD,26.0,2.0,,,1,14.0,False,2025,Monaco,R,78.272,20.613,36.903,20.756,78.6685,0.396499999999989,76.106,2.166000000000011,-0.396499999999989,80.552,76.946,3.6060000000000088,78.0,0.48717948717948717,31.0,0.8387096774193549,676.0,1444.0,0,1,0,0,0,0,1,0.0,0.0,26.0,30
HUL,Kick Sauber,39.0,0 days 00:01:18.876000,0 days 00:00:20.745000,0 days 00:00:37.331000,0 days 00:00:20.800000,HARD,27.0,2.0,,,1,14.0,False,2025,Monaco,R,78.876,20.745,37.331,20.8,78.6685,0.20750000000001023,76.106,2.7700000000000102,0.20750000000001023,81.21600000000001,76.946,4.27000000000001,78.0,0.5,31.0,0.8709677419354839,729.0,1521.0,0,1,0,0,0,0,1,0.0,0.0,27.0,30
HUL,Kick Sauber,40.0,0 days 00:01:18.804000,0 days 00:00:20.641000,0 days 00:00:37.252000,0 days 00:00:20.911000,HARD,28.0,2.0,,,1,14.0,False,2025,Monaco,R,78.804,20.641,37.252,20.911,78.6685,0.1355000000000075,76.106,2.6980000000000075,0.1355000000000075,81.20400000000001,76.946,4.25800000000001,78.0,0.5128205128205128,31.0,0.9032258064516129,784.0,1600.0,0,1,0,0,0,0,1,0.0,0.0,28.0,30
HUL,Kick Sauber,41.0,0 days 00:01:18.575000,0 days 00:00:20.621000,0 days 00:00:37.222000,0 days 00:00:20.732000,HARD,29.0,2.0,,,1,14.0,False,2025,Monaco,R,78.575,20.621,37.222,20.732,78.6685,0.0934999999999917,76.106,2.4690000000000083,-0.0934999999999917,81.035,76.946,4.088999999999999,78.0,0.5256410256410257,31.0,0.9354838709677419,841.0,1681.0,0,1,0,0,0,0,1,0.0,0.0,29.0,30
HUL,Kick Sauber,42.0,0 days 00:01:17.315000,0 days 00:00:20.294000,0 days 00:00:36.582000,0 days 00:00:20.439000,HARD,30.0,2.0,,,1,14.0,False,2025,Monaco,R,77.315,20.294,36.582,20.439,78.6685,1.3534999999999968,76.106,1.2090000000000032,-1.3534999999999968,79.835,76.946,2.888999999999996,78.0,0.5384615384615384,31.0,0.967741935483871,900.0,1764.0,0,1,0,0,0,0,1,0.0,0.0,30.0,30
HUL,Kick Sauber,43.0,0 days 00:01:17.929000,0 days 00:00:20.324000,0 days 00:00:36.761000,0 days 00:00:20.844000,HARD,31.0,2.0,,,1,14.0,False,2025,Monaco,R,77.929,20.324,36.761,20.844,78.6685,0.7394999999999925,76.106,1.8230000000000075,-0.7394999999999925,80.509,76.946,3.5630000000000024,78.0,0.5512820512820513,31.0,1.0,961.0,1849.0,0,1,0,0,0,0,1,0.0,0.0,31.0,30
HUL,Kick Sauber,46.0,0 days 00:01:15.909000,0 days 00:00:20.095000,0 days 00:00:35.808000,0 days 00:00:20.006000,SOFT,2.0,3.0,,,1,18.0,False,2025,Monaco,R,75.909,20.095,35.808,20.006,78.6685,2.7594999999999885,75.909,0.0,-2.7594999999999885,78.66900000000001,78.66900000000001,0.0,78.0,0.5897435897435898,32.0,0.0625,4.0,2116.0,0,0,0,0,1,0,0,2.0,0.0,0.0,29
HUL,Kick Sauber,47.0,0 days 00:01:15.223000,0 days 00:00:19.847000,0 days 00:00:35.445000,0 days 00:00:19.931000,SOFT,3.0,3.0,,,1,18.0,False,2025,Monaco,R,75.223,19.847,35.445,19.931,78.6685,3.4454999999999956,75.909,-0.686000000000007,-3.4454999999999956,78.04299999999999,78.66900000000001,-0.626000000000019,78.0,0.6025641025641025,32.0,0.09375,9.0,2209.0,0,0,0,0,1,0,0,3.0,0.0,0.0,29
HUL,Kick Sauber,48.0,0 days 00:01:16.246000,0 days 00:00:19.803000,0 days 00:00:35.795000,0 days 00:00:20.648000,SOFT,4.0,3.0,,,1,18.0,False,2025,Monaco,R,76.246,19.803,35.795,20.648,78.6685,2.4224999999999994,75.909,0.3369999999999891,-2.4224999999999994,79.12599999999999,78.66900000000001,0.4569999999999794,78.0,0.6153846153846154,32.0,0.125,16.0,2304.0,0,0,0,0,1,0,0,4.0,0.0,0.0,29
HUL,Kick Sauber,49.0,0 days 00:01:18.676000,0 days 00:00:20.245000,0 days 00:00:38.125000,0 days 00:00:20.306000,SOFT,5.0,3.0,,,1,18.0,False,2025,Monaco,R,78.676,20.245,38.125,20.306,78.6685,0.00750000000000739,75.909,2.766999999999996,0.00750000000000739,81.616,78.66900000000001,2.9469999999999885,78.0,0.6282051282051282,32.0,0.15625,25.0,2401.0,0,0,0,0,1,0,0,5.0,0.0,0.0,29
HUL,Kick Sauber,50.0,0 days 00:01:16.425000,0 days 00:00:19.973000,0 days 00:00:36.019000,0 days 00:00:20.433000,SOFT,6.0,3.0,,,1,18.0,False,2025,Monaco,R,76.425,19.973,36.019,20.433,78.6685,2.2434999999999974,75.909,0.5159999999999911,-2.2434999999999974,79.425,78.66900000000001,0.755999999999986,78.0,0.6410256410256411,32.0,0.1875,36.0,2500.0,0,0,0,0,1,0,0,6.0,0.0,0.0,29
HUL,Kick Sauber,51.0,0 days 00:01:21.177000,0 days 00:00:20.784000,0 days 00:00:38.477000,0 days 00:00:21.916000,SOFT,7.0,3.0,,,1,18.0,False,2025,Monaco,R,81.177,20.784,38.477,21.916,78.6685,2.508500000000012,75.909,5.268000000000001,2.508500000000012,84.23700000000001,78.66900000000001,5.567999999999998,78.0,0.6538461538461539,32.0,0.21875,49.0,2601.0,0,0,0,0,1,0,0,7.0,0.0,0.0,29
HUL,Kick Sauber,53.0,0 days 00:01:19.628000,0 days 00:00:22.092000,0 days 00:00:36.792000,0 days 00:00:20.744000,SOFT,9.0,3.0,,,1,18.0,False,2025,Monaco,R,79.628,22.092,36.792,20.744,78.6685,0.9595000000000056,75.909,3.718999999999994,0.9595000000000056,82.80799999999999,78.66900000000001,4.138999999999982,78.0,0.6794871794871795,32.0,0.28125,81.0,2809.0,0,0,1,0,1,0,0,9.0,0.0,0.0,29
HUL,Kick Sauber,54.0,0 days 00:01:18.841000,0 days 00:00:20.644000,0 days 00:00:37.121000,0 days 00:00:21.076000,SOFT,10.0,3.0,,,1,18.0,False,2025,Monaco,R,78.841,20.644,37.121,21.076,78.6685,0.17249999999999943,75.909,2.931999999999988,0.17249999999999943,82.08099999999999,78.66900000000001,3.4119999999999777,78.0,0.6923076923076923,32.0,0.3125,100.0,2916.0,0,0,1,0,1,0,0,10.0,0.0,0.0,29
HUL,Kick Sauber,55.0,0 days 00:01:19.155000,0 days 00:00:20.854000,0 days 00:00:37.045000,0 days 00:00:21.256000,SOFT,11.0,3.0,,,1,18.0,False,2025,Monaco,R,79.155,20.854,37.045,21.256,78.6685,0.4865000000000066,75.909,3.245999999999995,0.4865000000000066,82.455,78.66900000000001,3.785999999999987,78.0,0.7051282051282052,32.0,0.34375,121.0,3025.0,0,0,1,0,1,0,0,11.0,0.0,0.0,29
HUL,Kick Sauber,56.0,0 days 00:01:17.976000,0 days 00:00:20.379000,0 days 00:00:37.013000,0 days 00:00:20.584000,SOFT,12.0,3.0,,,1,18.0,False,2025,Monaco,R,77.976,20.379,37.013,20.584,78.6685,0.6924999999999955,75.909,2.066999999999993,-0.6924999999999955,81.336,78.66900000000001,2.6669999999999874,78.0,0.717948717948718,32.0,0.375,144.0,3136.0,0,0,1,0,1,0,0,12.0,0.0,0.0,29
HUL,Kick Sauber,57.0,0 days 00:01:18.661000,0 days 00:00:20.495000,0 days 00:00:37.364000,0 days 00:00:20.802000,SOFT,13.0,3.0,,,1,18.0,False,2025,Monaco,R,78.661,20.495,37.364,20.802,78.6685,0.007499999999993179,75.909,2.7519999999999953,-0.007499999999993179,82.081,78.66900000000001,3.411999999999992,78.0,0.7307692307692307,32.0,0.40625,169.0,3249.0,0,0,1,0,1,0,0,13.0,0.0,0.0,29
HUL,Kick Sauber,58.0,0 days 00:01:17.942000,0 days 00:00:20.228000,0 days 00:00:36.833000,0 days 00:00:20.881000,SOFT,14.0,3.0,,,1,18.0,False,2025,Monaco,R,77.942,20.228,36.833,20.881,78.6685,0.7265000000000015,75.909,2.032999999999987,-0.7265000000000015,81.422,78.66900000000001,2.752999999999986,78.0,0.7435897435897436,32.0,0.4375,196.0,3364.0,0,0,1,0,1,0,0,14.0,0.0,0.0,29
HUL,Kick Sauber,59.0,0 days 00:01:19.287000,0 days 00:00:20.549000,0 days 00:00:37.670000,0 days 00:00:21.068000,SOFT,15.0,3.0,,,1,18.0,False,2025,Monaco,R,79.287,20.549,37.67,21.068,78.6685,0.6185000000000116,75.909,3.378,0.6185000000000116,82.82700000000001,78.66900000000001,4.158000000000001,78.0,0.7564102564102564,32.0,0.46875,225.0,3481.0,0,0,1,0,1,0,0,15.0,0.0,0.0,29
HUL,Kick Sauber,60.0,0 days 00:01:18.508000,0 days 00:00:20.506000,0 days 00:00:37.023000,0 days 00:00:20.979000,SOFT,16.0,3.0,,,1,18.0,False,2025,Monaco,R,78.508,20.506,37.023,20.979,78.6685,0.16049999999999898,75.909,2.5989999999999895,-0.16049999999999898,82.10799999999999,78.66900000000001,3.4389999999999787,78.0,0.7692307692307693,32.0,0.5,256.0,3600.0,0,0,1,0,1,0,0,16.0,0.0,0.0,29
HUL,Kick Sauber,61.0,0 days 00:01:19.041000,0 days 00:00:20.753000,0 days 00:00:37.138000,0 days 00:00:21.150000,SOFT,17.0,3.0,,,1,18.0,False,2025,Monaco,R,79.041,20.753,37.138,21.15,78.6685,0.3725000000000023,75.909,3.131999999999991,0.3725000000000023,82.701,78.66900000000001,4.031999999999982,78.0,0.782051282051282,32.0,0.53125,289.0,3721.0,0,0,1,0,1,0,0,17.0,0.0,0.0,29
HUL,Kick Sauber,62.0,0 days 00:01:21.565000,0 days 00:00:21.286000,0 days 00:00:39.825000,0 days 00:00:20.454000,SOFT,18.0,3.0,,,1,18.0,False,2025,Monaco,R,81.565,21.286,39.825,20.454,78.6685,2.896500000000003,75.909,5.655999999999992,2.896500000000003,85.285,78.66900000000001,6.6159999999999854,78.0,0.7948717948717948,32.0,0.5625,324.0,3844.0,0,0,1,0,1,0,0,18.0,0.0,0.0,29
HUL,Kick Sauber,63.0,0 days 00:01:19.206000,0 days 00:00:20.165000,0 days 00:00:37.041000,0 days 00:00:22,SOFT,19.0,3.0,,,1,18.0,False,2025,Monaco,R,79.206,20.165,37.041,22.0,78.6685,0.5375000000000085,75.909,3.296999999999997,0.5375000000000085,82.986,78.66900000000001,4.316999999999993,78.0,0.8076923076923077,32.0,0.59375,361.0,3969.0,0,0,1,0,1,0,0,19.0,0.0,0.0,29
HUL,Kick Sauber,65.0,0 days 00:01:17.571000,0 days 00:00:20.102000,0 days 00:00:36.833000,0 days 00:00:20.636000,SOFT,21.0,3.0,,,1,17.0,False,2025,Monaco,R,77.571,20.102,36.833,20.636,78.6685,1.0974999999999966,75.909,1.661999999999992,-1.0974999999999966,81.471,78.66900000000001,2.8019999999999925,78.0,0.8333333333333334,32.0,0.65625,441.0,4225.0,0,0,1,0,1,0,0,21.0,0.0,0.0,29
HUL,Kick Sauber,66.0,0 days 00:01:16.934000,0 days 00:00:20.041000,0 days 00:00:36.400000,0 days 00:00:20.493000,SOFT,22.0,3.0,,,1,17.0,False,2025,Monaco,R,76.934,20.041,36.4,20.493,78.6685,1.734499999999997,75.909,1.0249999999999915,-1.734499999999997,80.89399999999999,78.66900000000001,2.22499999999998,78.0,0.8461538461538461,32.0,0.6875,484.0,4356.0,0,0,1,0,1,0,0,22.0,0.0,0.0,29
HUL,Kick Sauber,67.0,0 days 00:01:17.445000,0 days 00:00:20.239000,0 days 00:00:36.586000,0 days 00:00:20.620000,SOFT,23.0,3.0,,,1,17.0,False,2025,Monaco,R,77.445,20.239,36.586,20.62,78.6685,1.2235000000000014,75.909,1.5359999999999872,-1.2235000000000014,81.46499999999999,78.66900000000001,2.795999999999978,78.0,0.8589743589743589,32.0,0.71875,529.0,4489.0,0,0,1,0,1,0,0,23.0,0.0,0.0,29
HUL,Kick Sauber,68.0,0 days 00:01:17.717000,0 days 00:00:20.337000,0 days 00:00:36.838000,0 days 00:00:20.542000,SOFT,24.0,3.0,,,1,17.0,False,2025,Monaco,R,77.717,20.337,36.838,20.542,78.6685,0.9514999999999958,75.909,1.8079999999999927,-0.9514999999999958,81.797,78.66900000000001,3.127999999999986,78.0,0.8717948717948718,32.0,0.75,576.0,4624.0,0,0,1,0,1,0,0,24.0,0.0,0.0,29
HUL,Kick Sauber,69.0,0 days 00:01:16.974000,0 days 00:00:20.096000,0 days 00:00:36.552000,0 days 00:00:20.326000,SOFT,25.0,3.0,,,1,16.0,False,2025,Monaco,R,76.974,20.096,36.552,20.326,78.6685,1.6944999999999908,75.909,1.0649999999999977,-1.6944999999999908,81.114,78.66900000000001,2.444999999999993,78.0,0.8846153846153846,32.0,0.78125,625.0,4761.0,0,0,1,0,1,0,0,25.0,0.0,0.0,29
HUL,Kick Sauber,70.0,0 days 00:01:16.741000,0 days 00:00:19.901000,0 days 00:00:36.471000,0 days 00:00:20.369000,SOFT,26.0,3.0,,,1,16.0,False,2025,Monaco,R,76.741,19.901,36.471,20.369,78.6685,1.9274999999999949,75.909,0.8319999999999936,-1.9274999999999949,80.941,78.66900000000001,2.2719999999999914,78.0,0.8974358974358975,32.0,0.8125,676.0,4900.0,0,0,1,0,1,0,0,26.0,0.0,0.0,29
HUL,Kick Sauber,71.0,0 days 00:01:16.602000,0 days 00:00:19.984000,0 days 00:00:36.394000,0 days 00:00:20.224000,SOFT,27.0,3.0,,,1,16.0,False,2025,Monaco,R,76.602,19.984,36.394,20.224,78.6685,2.0664999999999907,75.909,0.6929999999999978,-2.0664999999999907,80.86200000000001,78.66900000000001,2.192999999999998,78.0,0.9102564102564102,32.0,0.84375,729.0,5041.0,0,0,1,0,1,0,0,27.0,0.0,0.0,29
HUL,Kick Sauber,72.0,0 days 00:01:16.682000,0 days 00:00:19.880000,0 days 00:00:36.477000,0 days 00:00:20.325000,SOFT,28.0,3.0,,,1,16.0,False,2025,Monaco,R,76.682,19.88,36.477,20.325,78.6685,1.9864999999999924,75.909,0.7729999999999961,-1.9864999999999924,81.00200000000001,78.66900000000001,2.3329999999999984,78.0,0.9230769230769231,32.0,0.875,784.0,5184.0,0,0,1,0,1,0,0,28.0,0.0,0.0,29
HUL,Kick Sauber,73.0,0 days 00:01:16.717000,0 days 00:00:19.775000,0 days 00:00:36.564000,0 days 00:00:20.378000,SOFT,29.0,3.0,,,1,15.0,False,2025,Monaco,R,76.717,19.775,36.564,20.378,78.6685,1.9514999999999958,75.909,0.8079999999999927,-1.9514999999999958,81.097,78.66900000000001,2.427999999999983,78.0,0.9358974358974359,32.0,0.90625,841.0,5329.0,0,0,1,0,1,0,0,29.0,0.0,0.0,29
HUL,Kick Sauber,74.0,0 days 00:01:17.411000,0 days 00:00:20.161000,0 days 00:00:36.998000,0 days 00:00:20.252000,SOFT,30.0,3.0,,,1,15.0,False,2025,Monaco,R,77.411,20.161,36.998,20.252,78.6685,1.2574999999999932,75.909,1.5019999999999953,-1.2574999999999932,81.851,78.66900000000001,3.181999999999988,78.0,0.9487179487179487,32.0,0.9375,900.0,5476.0,0,0,1,0,1,0,0,30.0,0.0,0.0,29
HUL,Kick Sauber,75.0,0 days 00:01:16.504000,0 days 00:00:19.817000,0 days 00:00:36.349000,0 days 00:00:20.338000,SOFT,31.0,3.0,,,1,15.0,False,2025,Monaco,R,76.504,19.817,36.349,20.338,78.6685,2.1644999999999897,75.909,0.5949999999999989,-2.1644999999999897,81.004,78.66900000000001,2.3349999999999937,78.0,0.9615384615384616,32.0,0.96875,961.0,5625.0,0,0,1,0,1,0,0,31.0,0.0,0.0,29
HUL,Kick Sauber,76.0,0 days 00:01:18.954000,0 days 00:00:19.883000,0 days 00:00:38.005000,0 days 00:00:21.066000,SOFT,32.0,3.0,,,1,16.0,False,2025,Monaco,R,78.954,19.883,38.005,21.066,78.6685,0.285499999999999,75.909,3.0449999999999875,0.285499999999999,83.514,78.66900000000001,4.844999999999985,78.0,0.9743589743589743,32.0,1.0,1024.0,5776.0,0,0,1,0,1,0,0,32.0,0.0,0.0,29
LAW,Racing Bulls,5.0,0 days 00:01:20.766000,0 days 00:00:21.045000,0 days 00:00:38.201000,0 days 00:00:21.520000,MEDIUM,5.0,1.0,,,1,9.0,False,2025,Monaco,R,80.766,21.045,38.201,21.52,76.93,3.8359999999999985,80.766,0.0,3.8359999999999985,81.066,81.066,0.0,78.0,0.0641025641025641,30.0,0.16666666666666666,25.0,25.0,1,0,0,1,0,1,0,0.0,5.0,0.0,25
LAW,Racing Bulls,6.0,0 days 00:01:21.542000,0 days 00:00:21.104000,0 days 00:00:38.602000,0 days 00:00:21.836000,MEDIUM,6.0,1.0,,,1,9.0,False,2025,Monaco,R,81.542,21.104,38.602,21.836,76.93,4.611999999999995,80.766,0.7759999999999962,4.611999999999995,81.902,81.066,0.8359999999999985,78.0,0.07692307692307693,30.0,0.2,36.0,36.0,1,0,0,1,0,1,0,0.0,6.0,0.0,25
LAW,Racing Bulls,7.0,0 days 00:01:21.507000,0 days 00:00:21.289000,0 days 00:00:38.596000,0 days 00:00:21.622000,MEDIUM,7.0,1.0,,,1,9.0,False,2025,Monaco,R,81.507,21.289,38.596,21.622,76.93,4.576999999999998,80.766,0.7409999999999997,4.576999999999998,81.927,81.066,0.8610000000000042,78.0,0.08974358974358974,30.0,0.23333333333333334,49.0,49.0,1,0,0,1,0,1,0,0.0,7.0,0.0,25
LAW,Racing Bulls,8.0,0 days 00:01:20.351000,0 days 00:00:21.281000,0 days 00:00:37.907000,0 days 00:00:21.163000,MEDIUM,8.0,1.0,,,12,9.0,False,2025,Monaco,R,80.351,21.281,37.907,21.163,76.93,3.4209999999999923,80.766,-0.41500000000000625,3.4209999999999923,80.831,81.066,-0.23499999999999943,78.0,0.10256410256410256,30.0,0.26666666666666666,64.0,64.0,1,0,0,1,0,1,0,0.0,8.0,0.0,25
LAW,Racing Bulls,10.0,0 days 00:01:21.421000,0 days 00:00:21,0 days 00:00:38.952000,0 days 00:00:21.469000,MEDIUM,10.0,1.0,,,2,9.0,False,2025,Monaco,R,81.421,21.0,38.952,21.469,76.93,4.491,80.766,0.6550000000000011,4.491,82.021,81.066,0.9549999999999983,78.0,0.1282051282051282,30.0,0.3333333333333333,100.0,100.0,1,0,0,1,0,1,0,0.0,10.0,0.0,25
LAW,Racing Bulls,11.0,0 days 00:01:19.348000,0 days 00:00:21.014000,0 days 00:00:37.097000,0 days 00:00:21.237000,MEDIUM,11.0,1.0,,,21,9.0,False,2025,Monaco,R,79.348,21.014,37.097,21.237,76.93,2.417999999999992,80.766,-1.4180000000000064,2.417999999999992,80.008,81.066,-1.058000000000007,78.0,0.14102564102564102,30.0,0.36666666666666664,121.0,121.0,1,0,0,1,0,1,0,0.0,11.0,0.0,25
LAW,Racing Bulls,12.0,0 days 00:01:19.771000,0 days 00:00:21.106000,0 days 00:00:37.574000,0 days 00:00:21.091000,MEDIUM,12.0,1.0,,,1,9.0,False,2025,Monaco,R,79.771,21.106,37.574,21.091,76.93,2.840999999999994,80.766,-0.9950000000000045,2.840999999999994,80.491,81.066,-0.5750000000000028,78.0,0.15384615384615385,30.0,0.4,144.0,144.0,1,0,0,1,0,1,0,0.0,12.0,0.0,25
LAW,Racing Bulls,13.0,0 days 00:01:19.391000,0 days 00:00:21.022000,0 days 00:00:37.144000,0 days 00:00:21.225000,MEDIUM,13.0,1.0,,,1,9.0,False,2025,Monaco,R,79.391,21.022,37.144,21.225,76.93,2.4609999999999985,80.766,-1.375,2.4609999999999985,80.171,81.066,-0.894999999999996,78.0,0.16666666666666666,30.0,0.43333333333333335,169.0,169.0,1,0,0,1,0,1,0,0.0,13.0,0.0,25
LAW,Racing Bulls,14.0,0 days 00:01:19.572000,0 days 00:00:21.009000,0 days 00:00:37.429000,0 days 00:00:21.134000,MEDIUM,14.0,1.0,,,1,9.0,False,2025,Monaco,R,79.572,21.009,37.429,21.134,76.93,2.641999999999996,80.766,-1.1940000000000026,2.641999999999996,80.412,81.066,-0.6539999999999964,78.0,0.1794871794871795,30.0,0.4666666666666667,196.0,196.0,1,0,0,1,0,1,0,0.0,14.0,0.0,25
LAW,Racing Bulls,15.0,0 days 00:01:20.161000,0 days 00:00:20.998000,0 days 00:00:37.569000,0 days 00:00:21.594000,MEDIUM,15.0,1.0,,,1,9.0,False,2025,Monaco,R,80.161,20.998,37.569,21.594,76.93,3.2309999999999945,80.766,-0.605000000000004,3.2309999999999945,81.061,81.066,-0.0049999999999954525,78.0,0.19230769230769232,30.0,0.5,225.0,225.0,1,0,0,1,0,1,0,0.0,15.0,0.0,25
LAW,Racing Bulls,16.0,0 days 00:01:20.692000,0 days 00:00:21.167000,0 days 00:00:37.979000,0 days 00:00:21.546000,MEDIUM,16.0,1.0,,,1,9.0,False,2025,Monaco,R,80.692,21.167,37.979,21.546,76.93,3.7619999999999862,80.766,-0.07400000000001228,3.7619999999999862,81.65199999999999,81.066,0.5859999999999843,78.0,0.20512820512820512,30.0,0.5333333333333333,256.0,256.0,1,0,0,1,0,1,0,0.0,16.0,0.0,25
LAW,Racing Bulls,17.0,0 days 00:01:20.979000,0 days 00:00:21.431000,0 days 00:00:38.098000,0 days 00:00:21.450000,MEDIUM,17.0,1.0,,,1,9.0,False,2025,Monaco,R,80.979,21.431,38.098,21.45,76.93,4.048999999999992,80.766,0.21299999999999386,4.048999999999992,81.999,81.066,0.9329999999999927,78.0,0.21794871794871795,30.0,0.5666666666666667,289.0,289.0,1,0,0,1,0,1,0,0.0,17.0,0.0,25
LAW,Racing Bulls,18.0,0 days 00:01:20.225000,0 days 00:00:21.222000,0 days 00:00:37.553000,0 days 00:00:21.450000,MEDIUM,18.0,1.0,,,1,9.0,False,2025,Monaco,R,80.225,21.222,37.553,21.45,76.93,3.2949999999999875,80.766,-0.541000000000011,3.2949999999999875,81.30499999999999,81.066,0.2389999999999901,78.0,0.23076923076923078,30.0,0.6,324.0,324.0,1,0,0,1,0,1,0,0.0,18.0,0.0,25
LAW,Racing Bulls,19.0,0 days 00:01:19.333000,0 days 00:00:21.081000,0 days 00:00:37.175000,0 days 00:00:21.077000,MEDIUM,19.0,1.0,,,1,9.0,False,2025,Monaco,R,79.333,21.081,37.175,21.077,76.93,2.4029999999999916,80.766,-1.433000000000007,2.4029999999999916,80.473,81.066,-0.5930000000000035,78.0,0.24358974358974358,30.0,0.6333333333333333,361.0,361.0,1,0,0,1,0,1,0,0.0,19.0,0.0,25
LAW,Racing Bulls,20.0,0 days 00:01:17.398000,0 days 00:00:20.294000,0 days 00:00:36.493000,0 days 00:00:20.611000,MEDIUM,20.0,1.0,,,1,9.0,False,2025,Monaco,R,77.398,20.294,36.493,20.611,76.93,0.4679999999999893,80.766,-3.368000000000009,0.4679999999999893,78.598,81.066,-2.4680000000000035,78.0,0.2564102564102564,30.0,0.6666666666666666,400.0,400.0,1,0,0,1,0,1,0,0.0,20.0,0.0,25
LAW,Racing Bulls,21.0,0 days 00:01:17.057000,0 days 00:00:20.061000,0 days 00:00:36.296000,0 days 00:00:20.700000,MEDIUM,21.0,1.0,,,1,9.0,False,2025,Monaco,R,77.057,20.061,36.296,20.7,76.93,0.12699999999999534,80.766,-3.709000000000003,0.12699999999999534,78.31700000000001,81.066,-2.7489999999999952,78.0,0.2692307692307692,30.0,0.7,441.0,441.0,1,0,0,1,0,1,0,0.0,21.0,0.0,25
LAW,Racing Bulls,22.0,0 days 00:01:16.734000,0 days 00:00:19.919000,0 days 00:00:36.276000,0 days 00:00:20.539000,MEDIUM,22.0,1.0,,,1,9.0,False,2025,Monaco,R,76.734,19.919,36.276,20.539,76.93,0.19600000000001216,80.766,-4.032000000000011,-0.19600000000001216,78.05399999999999,81.066,-3.0120000000000147,78.0,0.28205128205128205,30.0,0.7333333333333333,484.0,484.0,1,0,0,1,0,1,0,0.0,22.0,0.0,25
LAW,Racing Bulls,23.0,0 days 00:01:16.784000,0 days 00:00:19.996000,0 days 00:00:36.201000,0 days 00:00:20.587000,MEDIUM,23.0,1.0,,,1,9.0,False,2025,Monaco,R,76.784,19.996,36.201,20.587,76.93,0.1460000000000008,80.766,-3.9819999999999993,-0.1460000000000008,78.164,81.066,-2.902000000000001,78.0,0.2948717948717949,30.0,0.7666666666666667,529.0,529.0,1,0,0,1,0,1,0,0.0,23.0,0.0,25
LAW,Racing Bulls,24.0,0 days 00:01:16.712000,0 days 00:00:19.929000,0 days 00:00:36.257000,0 days 00:00:20.526000,MEDIUM,24.0,1.0,,,1,9.0,False,2025,Monaco,R,76.712,19.929,36.257,20.526,76.93,0.21800000000000352,80.766,-4.054000000000002,-0.21800000000000352,78.152,81.066,-2.9140000000000015,78.0,0.3076923076923077,30.0,0.8,576.0,576.0,1,0,0,1,0,1,0,0.0,24.0,0.0,25
LAW,Racing Bulls,25.0,0 days 00:01:17.590000,0 days 00:00:20.165000,0 days 00:00:36.565000,0 days 00:00:20.860000,MEDIUM,25.0,1.0,,,1,9.0,False,2025,Monaco,R,77.59,20.165,36.565,20.86,76.93,0.6599999999999966,80.766,-3.176000000000002,0.6599999999999966,79.09,81.066,-1.975999999999999,78.0,0.32051282051282054,30.0,0.8333333333333334,625.0,625.0,1,0,0,1,0,1,0,0.0,25.0,0.0,25
LAW,Racing Bulls,26.0,0 days 00:01:17.456000,0 days 00:00:20.130000,0 days 00:00:36.570000,0 days 00:00:20.756000,MEDIUM,26.0,1.0,,,1,9.0,False,2025,Monaco,R,77.456,20.13,36.57,20.756,76.93,0.5259999999999962,80.766,-3.3100000000000023,0.5259999999999962,79.016,81.066,-2.049999999999997,78.0,0.3333333333333333,30.0,0.8666666666666667,676.0,676.0,1,0,0,0,0,1,0,0.0,26.0,0.0,25
LAW,Racing Bulls,27.0,0 days 00:01:17.040000,0 days 00:00:20.094000,0 days 00:00:36.398000,0 days 00:00:20.548000,MEDIUM,27.0,1.0,,,1,9.0,False,2025,Monaco,R,77.04,20.094,36.398,20.548,76.93,0.10999999999999943,80.766,-3.725999999999999,0.10999999999999943,78.66000000000001,81.066,-2.4059999999999917,78.0,0.34615384615384615,30.0,0.9,729.0,729.0,1,0,0,0,0,1,0,0.0,27.0,0.0,25
LAW,Racing Bulls,28.0,0 days 00:01:16.902000,0 days 00:00:19.869000,0 days 00:00:36.507000,0 days 00:00:20.526000,MEDIUM,28.0,1.0,,,1,8.0,False,2025,Monaco,R,76.902,19.869,36.507,20.526,76.93,0.028000000000005798,80.766,-3.8640000000000043,-0.028000000000005798,78.58200000000001,81.066,-2.4839999999999947,78.0,0.358974358974359,30.0,0.9333333333333333,784.0,784.0,1,0,0,0,0,1,0,0.0,28.0,0.0,25
LAW,Racing Bulls,29.0,0 days 00:01:16.740000,0 days 00:00:19.992000,0 days 00:00:36.181000,0 days 00:00:20.567000,MEDIUM,29.0,1.0,,,1,8.0,False,2025,Monaco,R,76.74,19.992,36.181,20.567,76.93,0.19000000000001194,80.766,-4.0260000000000105,-0.19000000000001194,78.47999999999999,81.066,-2.5860000000000127,78.0,0.3717948717948718,30.0,0.9666666666666667,841.0,841.0,1,0,0,0,0,1,0,0.0,29.0,0.0,25
LAW,Racing Bulls,30.0,0 days 00:01:16.607000,0 days 00:00:19.968000,0 days 00:00:36.144000,0 days 00:00:20.495000,MEDIUM,30.0,1.0,,,1,8.0,False,2025,Monaco,R,76.607,19.968,36.144,20.495,76.93,0.3230000000000075,80.766,-4.159000000000006,-0.3230000000000075,78.407,81.066,-2.659000000000006,78.0,0.38461538461538464,30.0,1.0,900.0,900.0,1,0,0,0,0,1,0,0.0,30.0,0.0,25
LAW,Racing Bulls,33.0,0 days 00:01:18.285000,0 days 00:00:19.969000,0 days 00:00:37.759000,0 days 00:00:20.557000,SOFT,5.0,2.0,,,1,9.0,False,2025,Monaco,R,78.285,19.969,37.759,20.557,76.93,1.3549999999999898,78.285,0.0,1.3549999999999898,80.265,80.265,0.0,78.0,0.4230769230769231,11.0,0.45454545454545453,25.0,1089.0,0,1,0,0,1,0,0,5.0,0.0,0.0,7
LAW,Racing Bulls,34.0,0 days 00:01:16.425000,0 days 00:00:19.918000,0 days 00:00:36.008000,0 days 00:00:20.499000,SOFT,6.0,2.0,,,1,9.0,False,2025,Monaco,R,76.425,19.918,36.008,20.499,76.93,0.5050000000000097,78.285,-1.8599999999999994,-0.5050000000000097,78.465,80.265,-1.7999999999999972,78.0,0.4358974358974359,11.0,0.5454545454545454,36.0,1156.0,0,1,0,0,1,0,0,6.0,0.0,0.0,7
LAW,Racing Bulls,35.0,0 days 00:01:15.942000,0 days 00:00:19.921000,0 days 00:00:35.851000,0 days 00:00:20.170000,SOFT,7.0,2.0,,,1,9.0,False,2025,Monaco,R,75.942,19.921,35.851,20.17,76.93,0.9880000000000138,78.285,-2.3430000000000035,-0.9880000000000138,78.04199999999999,80.265,-2.223000000000013,78.0,0.44871794871794873,11.0,0.6363636363636364,49.0,1225.0,0,1,0,0,1,0,0,7.0,0.0,0.0,7
LAW,Racing Bulls,36.0,0 days 00:01:20.271000,0 days 00:00:20.002000,0 days 00:00:39.629000,0 days 00:00:20.640000,SOFT,8.0,2.0,,,1,9.0,False,2025,Monaco,R,80.271,20.002,39.629,20.64,76.93,3.340999999999994,78.285,1.9860000000000042,3.340999999999994,82.431,80.265,2.165999999999997,78.0,0.46153846153846156,11.0,0.7272727272727273,64.0,1296.0,0,1,0,0,1,0,0,8.0,0.0,0.0,7
LAW,Racing Bulls,37.0,0 days 00:01:15.890000,0 days 00:00:19.855000,0 days 00:00:35.845000,0 days 00:00:20.190000,SOFT,9.0,2.0,,,12,8.0,False,2025,Monaco,R,75.89,19.855,35.845,20.19,76.93,1.0400000000000063,78.285,-2.394999999999996,-1.0400000000000063,78.11,80.265,-2.155000000000001,78.0,0.47435897435897434,11.0,0.8181818181818182,81.0,1369.0,0,1,0,0,1,0,0,9.0,0.0,0.0,7
LAW,Racing Bulls,38.0,0 days 00:01:15.964000,0 days 00:00:19.821000,0 days 00:00:35.828000,0 days 00:00:20.315000,SOFT,10.0,2.0,,,1,8.0,False,2025,Monaco,R,75.964,19.821,35.828,20.315,76.93,0.9660000000000082,78.285,-2.320999999999998,-0.9660000000000082,78.244,80.265,-2.021000000000001,78.0,0.48717948717948717,11.0,0.9090909090909091,100.0,1444.0,0,1,0,0,1,0,0,10.0,0.0,0.0,7
LAW,Racing Bulls,39.0,0 days 00:01:15.800000,0 days 00:00:19.752000,0 days 00:00:35.808000,0 days 00:00:20.240000,SOFT,11.0,2.0,,,1,8.0,False,2025,Monaco,R,75.8,19.752,35.808,20.24,76.93,1.1300000000000097,78.285,-2.4849999999999994,-1.1300000000000097,78.14,80.265,-2.125,78.0,0.5,11.0,1.0,121.0,1521.0,0,1,0,0,1,0,0,11.0,0.0,0.0,7
LAW,Racing Bulls,42.0,0 days 00:01:16.743000,0 days 00:00:20.172000,0 days 00:00:36.194000,0 days 00:00:20.377000,HARD,3.0,3.0,,,1,8.0,False,2025,Monaco,R,76.743,20.172,36.194,20.377,76.93,0.18700000000001182,76.743,0.0,-0.18700000000001182,79.26299999999999,79.26299999999999,0.0,78.0,0.5384615384615384,38.0,0.07894736842105263,9.0,1764.0,0,0,0,0,0,0,1,0.0,0.0,3.0,36
LAW,Racing Bulls,43.0,0 days 00:01:15.931000,0 days 00:00:20.005000,0 days 00:00:35.849000,0 days 00:00:20.077000,HARD,4.0,3.0,,,1,8.0,False,2025,Monaco,R,75.931,20.005,35.849,20.077,76.93,0.9990000000000094,76.743,-0.8119999999999976,-0.9990000000000094,78.511,79.26299999999999,-0.7519999999999953,78.0,0.5512820512820513,38.0,0.10526315789473684,16.0,1849.0,0,0,0,0,0,0,1,0.0,0.0,4.0,36
LAW,Racing Bulls,44.0,0 days 00:01:15.958000,0 days 00:00:19.907000,0 days 00:00:35.887000,0 days 00:00:20.164000,HARD,5.0,3.0,,,1,8.0,False,2025,Monaco,R,75.958,19.907,35.887,20.164,76.93,0.9720000000000084,76.743,-0.7849999999999966,-0.9720000000000084,78.598,79.26299999999999,-0.664999999999992,78.0,0.5641025641025641,38.0,0.13157894736842105,25.0,1936.0,0,0,0,0,0,0,1,0.0,0.0,5.0,36
LAW,Racing Bulls,45.0,0 days 00:01:15.605000,0 days 00:00:19.843000,0 days 00:00:35.712000,0 days 00:00:20.050000,HARD,6.0,3.0,,,1,8.0,False,2025,Monaco,R,75.605,19.843,35.712,20.05,76.93,1.3250000000000028,76.743,-1.137999999999991,-1.3250000000000028,78.305,79.26299999999999,-0.9579999999999842,78.0,0.5769230769230769,38.0,0.15789473684210525,36.0,2025.0,0,0,0,0,0,0,1,0.0,0.0,6.0,36
LAW,Racing Bulls,46.0,0 days 00:01:15.476000,0 days 00:00:19.708000,0 days 00:00:35.676000,0 days 00:00:20.092000,HARD,7.0,3.0,,,1,8.0,False,2025,Monaco,R,75.476,19.708,35.676,20.092,76.93,1.4540000000000077,76.743,-1.266999999999996,-1.4540000000000077,78.236,79.26299999999999,-1.0269999999999868,78.0,0.5897435897435898,38.0,0.18421052631578946,49.0,2116.0,0,0,0,0,0,0,1,0.0,0.0,7.0,36
LAW,Racing Bulls,47.0,0 days 00:01:15.461000,0 days 00:00:19.782000,0 days 00:00:35.669000,0 days 00:00:20.010000,HARD,8.0,3.0,,,1,8.0,False,2025,Monaco,R,75.461,19.782,35.669,20.01,76.93,1.4690000000000083,76.743,-1.2819999999999965,-1.4690000000000083,78.28099999999999,79.26299999999999,-0.9819999999999993,78.0,0.6025641025641025,38.0,0.21052631578947367,64.0,2209.0,0,0,0,0,0,0,1,0.0,0.0,8.0,36
LAW,Racing Bulls,48.0,0 days 00:01:15.418000,0 days 00:00:19.703000,0 days 00:00:35.667000,0 days 00:00:20.048000,HARD,9.0,3.0,,,1,8.0,False,2025,Monaco,R,75.418,19.703,35.667,20.048,76.93,1.5120000000000005,76.743,-1.3249999999999886,-1.5120000000000005,78.298,79.26299999999999,-0.9649999999999892,78.0,0.6153846153846154,38.0,0.23684210526315788,81.0,2304.0,0,0,0,0,0,0,1,0.0,0.0,9.0,36
LAW,Racing Bulls,49.0,0 days 00:01:15.567000,0 days 00:00:19.721000,0 days 00:00:35.776000,0 days 00:00:20.070000,HARD,10.0,3.0,,,1,8.0,False,2025,Monaco,R,75.567,19.721,35.776,20.07,76.93,1.3630000000000138,76.743,-1.176000000000002,-1.3630000000000138,78.50699999999999,79.26299999999999,-0.7560000000000002,78.0,0.6282051282051282,38.0,0.2631578947368421,100.0,2401.0,0,0,0,0,0,0,1,0.0,0.0,10.0,36
LAW,Racing Bulls,50.0,0 days 00:01:15.479000,0 days 00:00:19.727000,0 days 00:00:35.700000,0 days 00:00:20.052000,HARD,11.0,3.0,,,1,8.0,False,2025,Monaco,R,75.479,19.727,35.7,20.052,76.93,1.4510000000000076,76.743,-1.2639999999999958,-1.4510000000000076,78.479,79.26299999999999,-0.7839999999999918,78.0,0.6410256410256411,38.0,0.2894736842105263,121.0,2500.0,0,0,0,0,0,0,1,0.0,0.0,11.0,36
LAW,Racing Bulls,51.0,0 days 00:01:15.399000,0 days 00:00:19.658000,0 days 00:00:35.669000,0 days 00:00:20.072000,HARD,12.0,3.0,,,1,8.0,False,2025,Monaco,R,75.399,19.658,35.669,20.072,76.93,1.531000000000006,76.743,-1.343999999999994,-1.531000000000006,78.459,79.26299999999999,-0.8039999999999878,78.0,0.6538461538461539,38.0,0.3157894736842105,144.0,2601.0,0,0,0,0,0,0,1,0.0,0.0,12.0,36
LAW,Racing Bulls,52.0,0 days 00:01:15.377000,0 days 00:00:19.641000,0 days 00:00:35.684000,0 days 00:00:20.052000,HARD,13.0,3.0,,,1,8.0,False,2025,Monaco,R,75.377,19.641,35.684,20.052,76.93,1.5530000000000115,76.743,-1.3659999999999997,-1.5530000000000115,78.497,79.26299999999999,-0.7659999999999911,78.0,0.6666666666666666,38.0,0.34210526315789475,169.0,2704.0,0,0,1,0,0,0,1,0.0,0.0,13.0,36
LAW,Racing Bulls,53.0,0 days 00:01:15.356000,0 days 00:00:19.614000,0 days 00:00:35.723000,0 days 00:00:20.019000,HARD,14.0,3.0,,,1,8.0,False,2025,Monaco,R,75.356,19.614,35.723,20.019,76.93,1.5740000000000123,76.743,-1.3870000000000005,-1.5740000000000123,78.536,79.26299999999999,-0.7269999999999897,78.0,0.6794871794871795,38.0,0.3684210526315789,196.0,2809.0,0,0,1,0,0,0,1,0.0,0.0,14.0,36
LAW,Racing Bulls,54.0,0 days 00:01:15.321000,0 days 00:00:19.595000,0 days 00:00:35.608000,0 days 00:00:20.118000,HARD,15.0,3.0,,,1,8.0,False,2025,Monaco,R,75.321,19.595,35.608,20.118,76.93,1.6090000000000089,76.743,-1.421999999999997,-1.6090000000000089,78.56099999999999,79.26299999999999,-0.7019999999999982,78.0,0.6923076923076923,38.0,0.39473684210526316,225.0,2916.0,0,0,1,0,0,0,1,0.0,0.0,15.0,36
LAW,Racing Bulls,55.0,0 days 00:01:15.597000,0 days 00:00:19.775000,0 days 00:00:35.737000,0 days 00:00:20.085000,HARD,16.0,3.0,,,1,8.0,False,2025,Monaco,R,75.597,19.775,35.737,20.085,76.93,1.3330000000000126,76.743,-1.1460000000000008,-1.3330000000000126,78.89699999999999,79.26299999999999,-0.36599999999999966,78.0,0.7051282051282052,38.0,0.42105263157894735,256.0,3025.0,0,0,1,0,0,0,1,0.0,0.0,16.0,36
LAW,Racing Bulls,56.0,0 days 00:01:16.960000,0 days 00:00:20.045000,0 days 00:00:36.329000,0 days 00:00:20.586000,HARD,17.0,3.0,,,1,8.0,False,2025,Monaco,R,76.96,20.045,36.329,20.586,76.93,0.029999999999986926,76.743,0.21699999999999875,0.029999999999986926,80.32,79.26299999999999,1.0570000000000022,78.0,0.717948717948718,38.0,0.4473684210526316,289.0,3136.0,0,0,1,0,0,0,1,0.0,0.0,17.0,36
LAW,Racing Bulls,57.0,0 days 00:01:16.583000,0 days 00:00:19.978000,0 days 00:00:36.270000,0 days 00:00:20.335000,HARD,18.0,3.0,,,1,8.0,False,2025,Monaco,R,76.583,19.978,36.27,20.335,76.93,0.3470000000000084,76.743,-0.1599999999999966,-0.3470000000000084,80.003,79.26299999999999,0.7400000000000091,78.0,0.7307692307692307,38.0,0.47368421052631576,324.0,3249.0,0,0,1,0,0,0,1,0.0,0.0,18.0,36
LAW,Racing Bulls,58.0,0 days 00:01:17.684000,0 days 00:00:20.181000,0 days 00:00:36.889000,0 days 00:00:20.614000,HARD,19.0,3.0,,,1,8.0,False,2025,Monaco,R,77.684,20.181,36.889,20.614,76.93,0.7539999999999907,76.743,0.9410000000000025,0.7539999999999907,81.164,79.26299999999999,1.9010000000000105,78.0,0.7435897435897436,38.0,0.5,361.0,3364.0,0,0,1,0,0,0,1,0.0,0.0,19.0,36
LAW,Racing Bulls,59.0,0 days 00:01:16.772000,0 days 00:00:19.898000,0 days 00:00:36.409000,0 days 00:00:20.465000,HARD,20.0,3.0,,,1,8.0,False,2025,Monaco,R,76.772,19.898,36.409,20.465,76.93,0.15800000000000125,76.743,0.029000000000010573,-0.15800000000000125,80.31200000000001,79.26299999999999,1.0490000000000208,78.0,0.7564102564102564,38.0,0.5263157894736842,400.0,3481.0,0,0,1,0,0,0,1,0.0,0.0,20.0,36
LAW,Racing Bulls,60.0,0 days 00:01:16.672000,0 days 00:00:20.039000,0 days 00:00:36.163000,0 days 00:00:20.470000,HARD,21.0,3.0,,,1,8.0,False,2025,Monaco,R,76.672,20.039,36.163,20.47,76.93,0.2580000000000098,76.743,-0.07099999999999795,-0.2580000000000098,80.27199999999999,79.26299999999999,1.0090000000000003,78.0,0.7692307692307693,38.0,0.5526315789473685,441.0,3600.0,0,0,1,0,0,0,1,0.0,0.0,21.0,36
LAW,Racing Bulls,61.0,0 days 00:01:16.173000,0 days 00:00:19.729000,0 days 00:00:36.154000,0 days 00:00:20.290000,HARD,22.0,3.0,,,1,8.0,False,2025,Monaco,R,76.173,19.729,36.154,20.29,76.93,0.757000000000005,76.743,-0.5699999999999932,-0.757000000000005,79.833,79.26299999999999,0.5700000000000074,78.0,0.782051282051282,38.0,0.5789473684210527,484.0,3721.0,0,0,1,0,0,0,1,0.0,0.0,22.0,36
LAW,Racing Bulls,62.0,0 days 00:01:16.864000,0 days 00:00:20.054000,0 days 00:00:36.317000,0 days 00:00:20.493000,HARD,23.0,3.0,,,1,8.0,False,2025,Monaco,R,76.864,20.054,36.317,20.493,76.93,0.0660000000000025,76.743,0.12100000000000932,-0.0660000000000025,80.584,79.26299999999999,1.3210000000000122,78.0,0.7948717948717948,38.0,0.6052631578947368,529.0,3844.0,0,0,1,0,0,0,1,0.0,0.0,23.0,36
LAW,Racing Bulls,63.0,0 days 00:01:17.611000,0 days 00:00:20.422000,0 days 00:00:36.715000,0 days 00:00:20.474000,HARD,24.0,3.0,,,1,8.0,False,2025,Monaco,R,77.611,20.422,36.715,20.474,76.93,0.6809999999999974,76.743,0.8680000000000092,0.6809999999999974,81.391,79.26299999999999,2.1280000000000143,78.0,0.8076923076923077,38.0,0.631578947368421,576.0,3969.0,0,0,1,0,0,0,1,0.0,0.0,24.0,36
LAW,Racing Bulls,64.0,0 days 00:01:17.155000,0 days 00:00:19.925000,0 days 00:00:36.440000,0 days 00:00:20.790000,HARD,25.0,3.0,,,1,8.0,False,2025,Monaco,R,77.155,19.925,36.44,20.79,76.93,0.22499999999999432,76.743,0.41200000000000614,0.22499999999999432,80.995,79.26299999999999,1.7320000000000135,78.0,0.8205128205128205,38.0,0.6578947368421053,625.0,4096.0,0,0,1,0,0,0,1,0.0,0.0,25.0,36
LAW,Racing Bulls,65.0,0 days 00:01:19.159000,0 days 00:00:20.151000,0 days 00:00:38.513000,0 days 00:00:20.495000,HARD,26.0,3.0,,,1,8.0,False,2025,Monaco,R,79.159,20.151,38.513,20.495,76.93,2.228999999999999,76.743,2.416000000000011,2.228999999999999,83.05900000000001,79.26299999999999,3.7960000000000207,78.0,0.8333333333333334,38.0,0.6842105263157895,676.0,4225.0,0,0,1,0,0,0,1,0.0,0.0,26.0,36
LAW,Racing Bulls,66.0,0 days 00:01:16.955000,0 days 00:00:20.110000,0 days 00:00:36.410000,0 days 00:00:20.435000,HARD,27.0,3.0,,,1,8.0,False,2025,Monaco,R,76.955,20.11,36.41,20.435,76.93,0.024999999999991473,76.743,0.2120000000000033,0.024999999999991473,80.91499999999999,79.26299999999999,1.652000000000001,78.0,0.8461538461538461,38.0,0.7105263157894737,729.0,4356.0,0,0,1,0,0,0,1,0.0,0.0,27.0,36
LAW,Racing Bulls,67.0,0 days 00:01:17.409000,0 days 00:00:19.962000,0 days 00:00:36.708000,0 days 00:00:20.739000,HARD,28.0,3.0,,,1,8.0,False,2025,Monaco,R,77.409,19.962,36.708,20.739,76.93,0.4789999999999992,76.743,0.666000000000011,0.4789999999999992,81.429,79.26299999999999,2.166000000000011,78.0,0.8589743589743589,38.0,0.7368421052631579,784.0,4489.0,0,0,1,0,0,0,1,0.0,0.0,28.0,36
LAW,Racing Bulls,68.0,0 days 00:01:17.363000,0 days 00:00:20.038000,0 days 00:00:36.728000,0 days 00:00:20.597000,HARD,29.0,3.0,,,1,8.0,False,2025,Monaco,R,77.363,20.038,36.728,20.597,76.93,0.4329999999999927,76.743,0.6200000000000045,0.4329999999999927,81.443,79.26299999999999,2.180000000000007,78.0,0.8717948717948718,38.0,0.7631578947368421,841.0,4624.0,0,0,1,0,0,0,1,0.0,0.0,29.0,36
LAW,Racing Bulls,69.0,0 days 00:01:17.136000,0 days 00:00:20.175000,0 days 00:00:36.461000,0 days 00:00:20.500000,HARD,30.0,3.0,,,1,8.0,False,2025,Monaco,R,77.136,20.175,36.461,20.5,76.93,0.20599999999998886,76.743,0.3930000000000007,0.20599999999998886,81.276,79.26299999999999,2.0130000000000052,78.0,0.8846153846153846,38.0,0.7894736842105263,900.0,4761.0,0,0,1,0,0,0,1,0.0,0.0,30.0,36
LAW,Racing Bulls,70.0,0 days 00:01:16.905000,0 days 00:00:19.995000,0 days 00:00:36.432000,0 days 00:00:20.478000,HARD,31.0,3.0,,,1,8.0,False,2025,Monaco,R,76.905,19.995,36.432,20.478,76.93,0.025000000000005684,76.743,0.16200000000000614,-0.025000000000005684,81.105,79.26299999999999,1.842000000000013,78.0,0.8974358974358975,38.0,0.8157894736842105,961.0,4900.0,0,0,1,0,0,0,1,0.0,0.0,31.0,36
LAW,Racing Bulls,71.0,0 days 00:01:17.053000,0 days 00:00:20.087000,0 days 00:00:36.603000,0 days 00:00:20.363000,HARD,32.0,3.0,,,1,8.0,False,2025,Monaco,R,77.053,20.087,36.603,20.363,76.93,0.12299999999999045,76.743,0.3100000000000023,0.12299999999999045,81.313,79.26299999999999,2.0500000000000114,78.0,0.9102564102564102,38.0,0.8421052631578947,1024.0,5041.0,0,0,1,0,0,0,1,0.0,0.0,32.0,36
LAW,Racing Bulls,72.0,0 days 00:01:16.392000,0 days 00:00:19.828000,0 days 00:00:36.395000,0 days 00:00:20.169000,HARD,33.0,3.0,,,1,8.0,False,2025,Monaco,R,76.392,19.828,36.395,20.169,76.93,0.5380000000000109,76.743,-0.3509999999999991,-0.5380000000000109,80.71199999999999,79.26299999999999,1.448999999999998,78.0,0.9230769230769231,38.0,0.868421052631579,1089.0,5184.0,0,0,1,0,0,0,1,0.0,0.0,33.0,36
LAW,Racing Bulls,73.0,0 days 00:01:16.597000,0 days 00:00:19.964000,0 days 00:00:36.373000,0 days 00:00:20.260000,HARD,34.0,3.0,,,1,8.0,False,2025,Monaco,R,76.597,19.964,36.373,20.26,76.93,0.3330000000000126,76.743,-0.1460000000000008,-0.3330000000000126,80.97699999999999,79.26299999999999,1.7139999999999986,78.0,0.9358974358974359,38.0,0.8947368421052632,1156.0,5329.0,0,0,1,0,0,0,1,0.0,0.0,34.0,36
LAW,Racing Bulls,74.0,0 days 00:01:17.066000,0 days 00:00:19.933000,0 days 00:00:36.603000,0 days 00:00:20.530000,HARD,35.0,3.0,,,1,8.0,False,2025,Monaco,R,77.066,19.933,36.603,20.53,76.93,0.13599999999999568,76.743,0.3230000000000075,0.13599999999999568,81.506,79.26299999999999,2.243000000000009,78.0,0.9487179487179487,38.0,0.9210526315789473,1225.0,5476.0,0,0,1,0,0,0,1,0.0,0.0,35.0,36
LAW,Racing Bulls,75.0,0 days 00:01:16.757000,0 days 00:00:20.085000,0 days 00:00:36.347000,0 days 00:00:20.325000,HARD,36.0,3.0,,,1,8.0,False,2025,Monaco,R,76.757,20.085,36.347,20.325,76.93,0.17300000000000182,76.743,0.014000000000010004,-0.17300000000000182,81.257,79.26299999999999,1.994000000000014,78.0,0.9615384615384616,38.0,0.9473684210526315,1296.0,5625.0,0,0,1,0,0,0,1,0.0,0.0,36.0,36
LAW,Racing Bulls,76.0,0 days 00:01:16.028000,0 days 00:00:19.792000,0 days 00:00:36.049000,0 days 00:00:20.187000,HARD,37.0,3.0,,,1,8.0,False,2025,Monaco,R,76.028,19.792,36.049,20.187,76.93,0.902000000000001,76.743,-0.7149999999999892,-0.902000000000001,80.58800000000001,79.26299999999999,1.325000000000017,78.0,0.9743589743589743,38.0,0.9736842105263158,1369.0,5776.0,0,0,1,0,0,0,1,0.0,0.0,37.0,36
LAW,Racing Bulls,77.0,0 days 00:01:16.630000,0 days 00:00:19.908000,0 days 00:00:36.206000,0 days 00:00:20.516000,HARD,38.0,3.0,,,1,8.0,False,2025,Monaco,R,76.63,19.908,36.206,20.516,76.93,0.30000000000001137,76.743,-0.11299999999999955,-0.30000000000001137,81.25,79.26299999999999,1.987000000000009,78.0,0.9871794871794872,38.0,1.0,1444.0,5929.0,0,0,1,0,0,0,1,0.0,0.0,38.0,36
LEC,Ferrari,5.0,0 days 00:01:18.801000,0 days 00:00:20.597000,0 days 00:00:37.317000,0 days 00:00:20.887000,MEDIUM,5.0,1.0,,,1,2.0,False,2025,Monaco,R,78.801,20.597,37.317,20.887,75.395,3.406000000000006,78.801,0.0,3.406000000000006,79.101,79.101,0.0,78.0,0.0641025641025641,20.0,0.25,25.0,25.0,1,0,0,1,0,1,0,0.0,5.0,0.0,16
LEC,Ferrari,6.0,0 days 00:01:19.267000,0 days 00:00:20.621000,0 days 00:00:37.804000,0 days 00:00:20.842000,MEDIUM,6.0,1.0,,,1,2.0,False,2025,Monaco,R,79.267,20.621,37.804,20.842,75.395,3.872,78.801,0.465999999999994,3.872,79.627,79.101,0.5259999999999962,78.0,0.07692307692307693,20.0,0.3,36.0,36.0,1,0,0,1,0,1,0,0.0,6.0,0.0,16
LEC,Ferrari,7.0,0 days 00:01:18.656000,0 days 00:00:20.633000,0 days 00:00:37.281000,0 days 00:00:20.742000,MEDIUM,7.0,1.0,,,1,2.0,False,2025,Monaco,R,78.656,20.633,37.281,20.742,75.395,3.26100000000001,78.801,-0.14499999999999602,3.26100000000001,79.07600000000001,79.101,-0.024999999999991473,78.0,0.08974358974358974,20.0,0.35,49.0,49.0,1,0,0,1,0,1,0,0.0,7.0,0.0,16
LEC,Ferrari,8.0,0 days 00:01:17.990000,0 days 00:00:20.357000,0 days 00:00:36.978000,0 days 00:00:20.655000,MEDIUM,8.0,1.0,,,12,2.0,False,2025,Monaco,R,77.99,20.357,36.978,20.655,75.395,2.594999999999999,78.801,-0.811000000000007,2.594999999999999,78.47,79.101,-0.6310000000000002,78.0,0.10256410256410256,20.0,0.4,64.0,64.0,1,0,0,1,0,1,0,0.0,8.0,0.0,16
LEC,Ferrari,9.0,0 days 00:01:21.212000,0 days 00:00:20.351000,0 days 00:00:39.971000,0 days 00:00:20.890000,MEDIUM,9.0,1.0,,,2,2.0,False,2025,Monaco,R,81.212,20.351,39.971,20.89,75.395,5.817000000000007,78.801,2.4110000000000014,5.817000000000007,81.75200000000001,79.101,2.6510000000000105,78.0,0.11538461538461539,20.0,0.45,81.0,81.0,1,0,0,1,0,1,0,0.0,9.0,0.0,16
LEC,Ferrari,10.0,0 days 00:01:19.912000,0 days 00:00:20.059000,0 days 00:00:38.874000,0 days 00:00:20.979000,MEDIUM,10.0,1.0,,,2,2.0,False,2025,Monaco,R,79.912,20.059,38.874,20.979,75.395,4.51700000000001,78.801,1.1110000000000042,4.51700000000001,80.512,79.101,1.4110000000000014,78.0,0.1282051282051282,20.0,0.5,100.0,100.0,1,0,0,1,0,1,0,0.0,10.0,0.0,16
LEC,Ferrari,11.0,0 days 00:01:19.890000,0 days 00:00:20.125000,0 days 00:00:39.049000,0 days 00:00:20.716000,MEDIUM,11.0,1.0,,,21,2.0,False,2025,Monaco,R,79.89,20.125,39.049,20.716,75.395,4.4950000000000045,78.801,1.0889999999999986,4.4950000000000045,80.55,79.101,1.448999999999998,78.0,0.14102564102564102,20.0,0.55,121.0,121.0,1,0,0,1,0,1,0,0.0,11.0,0.0,16
LEC,Ferrari,12.0,0 days 00:01:16.439000,0 days 00:00:20.313000,0 days 00:00:35.908000,0 days 00:00:20.218000,MEDIUM,12.0,1.0,,,1,2.0,False,2025,Monaco,R,76.439,20.313,35.908,20.218,75.395,1.043999999999997,78.801,-2.362000000000009,1.043999999999997,77.15899999999999,79.101,-1.9420000000000073,78.0,0.15384615384615385,20.0,0.6,144.0,144.0,1,0,0,1,0,1,0,0.0,12.0,0.0,16
LEC,Ferrari,13.0,0 days 00:01:16.207000,0 days 00:00:19.961000,0 days 00:00:36.049000,0 days 00:00:20.197000,MEDIUM,13.0,1.0,,,1,2.0,False,2025,Monaco,R,76.207,19.961,36.049,20.197,75.395,0.8119999999999976,78.801,-2.5940000000000083,0.8119999999999976,76.987,79.101,-2.1140000000000043,78.0,0.16666666666666666,20.0,0.65,169.0,169.0,1,0,0,1,0,1,0,0.0,13.0,0.0,16
LEC,Ferrari,14.0,0 days 00:01:16.630000,0 days 00:00:20.011000,0 days 00:00:36.164000,0 days 00:00:20.455000,MEDIUM,14.0,1.0,,,1,2.0,False,2025,Monaco,R,76.63,20.011,36.164,20.455,75.395,1.2349999999999994,78.801,-2.1710000000000065,1.2349999999999994,77.47,79.101,-1.6310000000000002,78.0,0.1794871794871795,20.0,0.7,196.0,196.0,1,0,0,1,0,1,0,0.0,14.0,0.0,16
LEC,Ferrari,15.0,0 days 00:01:16.042000,0 days 00:00:19.885000,0 days 00:00:35.894000,0 days 00:00:20.263000,MEDIUM,15.0,1.0,,,1,2.0,False,2025,Monaco,R,76.042,19.885,35.894,20.263,75.395,0.6470000000000056,78.801,-2.7590000000000003,0.6470000000000056,76.94200000000001,79.101,-2.158999999999992,78.0,0.19230769230769232,20.0,0.75,225.0,225.0,1,0,0,1,0,1,0,0.0,15.0,0.0,16
LEC,Ferrari,16.0,0 days 00:01:15.743000,0 days 00:00:19.822000,0 days 00:00:35.824000,0 days 00:00:20.097000,MEDIUM,16.0,1.0,,,1,2.0,False,2025,Monaco,R,75.743,19.822,35.824,20.097,75.395,0.347999999999999,78.801,-3.058000000000007,0.347999999999999,76.70299999999999,79.101,-2.3980000000000103,78.0,0.20512820512820512,20.0,0.8,256.0,256.0,1,0,0,1,0,1,0,0.0,16.0,0.0,16
LEC,Ferrari,17.0,0 days 00:01:15.268000,0 days 00:00:19.763000,0 days 00:00:35.624000,0 days 00:00:19.881000,MEDIUM,17.0,1.0,,,1,2.0,False,2025,Monaco,R,75.268,19.763,35.624,19.881,75.395,0.12699999999999534,78.801,-3.5330000000000013,-0.12699999999999534,76.288,79.101,-2.8130000000000024,78.0,0.21794871794871795,20.0,0.85,289.0,289.0,1,0,0,1,0,1,0,0.0,17.0,0.0,16
LEC,Ferrari,18.0,0 days 00:01:14.821000,0 days 00:00:19.559000,0 days 00:00:35.385000,0 days 00:00:19.877000,MEDIUM,18.0,1.0,,,1,2.0,False,2025,Monaco,R,74.821,19.559,35.385,19.877,75.395,0.5739999999999981,78.801,-3.980000000000004,-0.5739999999999981,75.901,79.101,-3.200000000000003,78.0,0.23076923076923078,20.0,0.9,324.0,324.0,1,0,0,1,0,1,0,0.0,18.0,0.0,16
LEC,Ferrari,19.0,0 days 00:01:15.516000,0 days 00:00:19.547000,0 days 00:00:35.916000,0 days 00:00:20.053000,MEDIUM,19.0,1.0,,,1,1.0,False,2025,Monaco,R,75.516,19.547,35.916,20.053,75.395,0.12100000000000932,78.801,-3.2849999999999966,0.12100000000000932,76.656,79.101,-2.444999999999993,78.0,0.24358974358974358,20.0,0.95,361.0,361.0,1,0,0,1,0,1,0,0.0,19.0,0.0,16
LEC,Ferrari,20.0,0 days 00:01:14.807000,0 days 00:00:19.437000,0 days 00:00:35.334000,0 days 00:00:20.036000,MEDIUM,20.0,1.0,,,1,1.0,False,2025,Monaco,R,74.807,19.437,35.334,20.036,75.395,0.5879999999999939,78.801,-3.9939999999999998,-0.5879999999999939,76.007,79.101,-3.093999999999994,78.0,0.2564102564102564,20.0,1.0,400.0,400.0,1,0,0,1,0,1,0,0.0,20.0,0.0,16
LEC,Ferrari,24.0,0 days 00:01:16.020000,0 days 00:00:19.794000,0 days 00:00:36.084000,0 days 00:00:20.142000,HARD,2.0,2.0,,,1,3.0,False,2025,Monaco,R,76.02,19.794,36.084,20.142,75.395,0.625,76.02,0.0,0.625,77.46,77.46,0.0,78.0,0.3076923076923077,26.0,0.07692307692307693,4.0,576.0,0,1,0,1,0,0,1,0.0,0.0,2.0,25
LEC,Ferrari,25.0,0 days 00:01:14.618000,0 days 00:00:19.451000,0 days 00:00:35.251000,0 days 00:00:19.916000,HARD,3.0,2.0,,,1,3.0,False,2025,Monaco,R,74.618,19.451,35.251,19.916,75.395,0.777000000000001,76.02,-1.402000000000001,-0.777000000000001,76.118,77.46,-1.3419999999999987,78.0,0.32051282051282054,26.0,0.11538461538461539,9.0,625.0,0,1,0,1,0,0,1,0.0,0.0,3.0,25
LEC,Ferrari,26.0,0 days 00:01:14.714000,0 days 00:00:19.421000,0 days 00:00:35.402000,0 days 00:00:19.891000,HARD,4.0,2.0,,,1,3.0,False,2025,Monaco,R,74.714,19.421,35.402,19.891,75.395,0.6809999999999974,76.02,-1.3059999999999974,-0.6809999999999974,76.274,77.46,-1.1859999999999928,78.0,0.3333333333333333,26.0,0.15384615384615385,16.0,676.0,0,1,0,0,0,0,1,0.0,0.0,4.0,25
LEC,Ferrari,27.0,0 days 00:01:14.819000,0 days 00:00:19.384000,0 days 00:00:35.463000,0 days 00:00:19.972000,HARD,5.0,2.0,,,1,3.0,False,2025,Monaco,R,74.819,19.384,35.463,19.972,75.395,0.5759999999999934,76.02,-1.2009999999999934,-0.5759999999999934,76.43900000000001,77.46,-1.0209999999999866,78.0,0.34615384615384615,26.0,0.19230769230769232,25.0,729.0,0,1,0,0,0,0,1,0.0,0.0,5.0,25
LEC,Ferrari,28.0,0 days 00:01:14.849000,0 days 00:00:19.425000,0 days 00:00:35.519000,0 days 00:00:19.905000,HARD,6.0,2.0,,,1,2.0,False,2025,Monaco,R,74.849,19.425,35.519,19.905,75.395,0.5459999999999923,76.02,-1.1709999999999923,-0.5459999999999923,76.52900000000001,77.46,-0.9309999999999832,78.0,0.358974358974359,26.0,0.23076923076923078,36.0,784.0,0,1,0,0,0,0,1,0.0,0.0,6.0,25
LEC,Ferrari,29.0,0 days 00:01:14.205000,0 days 00:00:19.391000,0 days 00:00:35.168000,0 days 00:00:19.646000,HARD,7.0,2.0,,,1,2.0,False,2025,Monaco,R,74.205,19.391,35.168,19.646,75.395,1.1899999999999977,76.02,-1.8149999999999977,-1.1899999999999977,75.945,77.46,-1.5150000000000006,78.0,0.3717948717948718,26.0,0.2692307692307692,49.0,841.0,0,1,0,0,0,0,1,0.0,0.0,7.0,25
LEC,Ferrari,30.0,0 days 00:01:15.131000,0 days 00:00:19.432000,0 days 00:00:35.598000,0 days 00:00:20.101000,HARD,8.0,2.0,,,1,2.0,False,2025,Monaco,R,75.131,19.432,35.598,20.101,75.395,0.2639999999999958,76.02,-0.8889999999999958,-0.2639999999999958,76.931,77.46,-0.5289999999999964,78.0,0.38461538461538464,26.0,0.3076923076923077,64.0,900.0,0,1,0,0,0,0,1,0.0,0.0,8.0,25
LEC,Ferrari,31.0,0 days 00:01:16.773000,0 days 00:00:19.539000,0 days 00:00:36.835000,0 days 00:00:20.399000,HARD,9.0,2.0,,,1,2.0,False,2025,Monaco,R,76.773,19.539,36.835,20.399,75.395,1.3780000000000001,76.02,0.7530000000000001,1.3780000000000001,78.633,77.46,1.1730000000000018,78.0,0.3974358974358974,26.0,0.34615384615384615,81.0,961.0,0,1,0,0,0,0,1,0.0,0.0,9.0,25
LEC,Ferrari,32.0,0 days 00:01:16.418000,0 days 00:00:19.948000,0 days 00:00:36.351000,0 days 00:00:20.119000,HARD,10.0,2.0,,,1,2.0,False,2025,Monaco,R,76.418,19.948,36.351,20.119,75.395,1.0230000000000103,76.02,0.39800000000001035,1.0230000000000103,78.33800000000001,77.46,0.8780000000000143,78.0,0.41025641025641024,26.0,0.38461538461538464,100.0,1024.0,0,1,0,0,0,0,1,0.0,0.0,10.0,25
LEC,Ferrari,33.0,0 days 00:01:15.515000,0 days 00:00:19.733000,0 days 00:00:35.914000,0 days 00:00:19.868000,HARD,11.0,2.0,,,1,2.0,False,2025,Monaco,R,75.515,19.733,35.914,19.868,75.395,0.12000000000000455,76.02,-0.5049999999999955,0.12000000000000455,77.495,77.46,0.0350000000000108,78.0,0.4230769230769231,26.0,0.4230769230769231,121.0,1089.0,0,1,0,0,0,0,1,0.0,0.0,11.0,25
LEC,Ferrari,34.0,0 days 00:01:14.980000,0 days 00:00:19.548000,0 days 00:00:35.618000,0 days 00:00:19.814000,HARD,12.0,2.0,,,1,2.0,False,2025,Monaco,R,74.98,19.548,35.618,19.814,75.395,0.41499999999999204,76.02,-1.039999999999992,-0.41499999999999204,77.02000000000001,77.46,-0.4399999999999835,78.0,0.4358974358974359,26.0,0.46153846153846156,144.0,1156.0,0,1,0,0,0,0,1,0.0,0.0,12.0,25
LEC,Ferrari,35.0,0 days 00:01:14.349000,0 days 00:00:19.304000,0 days 00:00:35.311000,0 days 00:00:19.734000,HARD,13.0,2.0,,,1,2.0,False,2025,Monaco,R,74.349,19.304,35.311,19.734,75.395,1.0459999999999923,76.02,-1.6709999999999923,-1.0459999999999923,76.449,77.46,-1.0109999999999957,78.0,0.44871794871794873,26.0,0.5,169.0,1225.0,0,1,0,0,0,0,1,0.0,0.0,13.0,25
LEC,Ferrari,36.0,0 days 00:01:14.055000,0 days 00:00:19.337000,0 days 00:00:35.063000,0 days 00:00:19.655000,HARD,14.0,2.0,,,1,2.0,False,2025,Monaco,R,74.055,19.337,35.063,19.655,75.395,1.3399999999999892,76.02,-1.9649999999999892,-1.3399999999999892,76.215,77.46,-1.2449999999999903,78.0,0.46153846153846156,26.0,0.5384615384615384,196.0,1296.0,0,1,0,0,0,0,1,0.0,0.0,14.0,25
LEC,Ferrari,37.0,0 days 00:01:14.105000,0 days 00:00:19.251000,0 days 00:00:35.202000,0 days 00:00:19.652000,HARD,15.0,2.0,,,1,2.0,False,2025,Monaco,R,74.105,19.251,35.202,19.652,75.395,1.289999999999992,76.02,-1.914999999999992,-1.289999999999992,76.325,77.46,-1.134999999999991,78.0,0.47435897435897434,26.0,0.5769230769230769,225.0,1369.0,0,1,0,0,0,0,1,0.0,0.0,15.0,25
LEC,Ferrari,38.0,0 days 00:01:14.570000,0 days 00:00:19.364000,0 days 00:00:35.376000,0 days 00:00:19.830000,HARD,16.0,2.0,,,12,2.0,False,2025,Monaco,R,74.57,19.364,35.376,19.83,75.395,0.8250000000000028,76.02,-1.4500000000000028,-0.8250000000000028,76.85,77.46,-0.6099999999999994,78.0,0.48717948717948717,26.0,0.6153846153846154,256.0,1444.0,0,1,0,0,0,0,1,0.0,0.0,16.0,25
LEC,Ferrari,39.0,0 days 00:01:14.140000,0 days 00:00:19.278000,0 days 00:00:35.190000,0 days 00:00:19.672000,HARD,17.0,2.0,,,1,2.0,False,2025,Monaco,R,74.14,19.278,35.19,19.672,75.395,1.2549999999999955,76.02,-1.8799999999999955,-1.2549999999999955,76.48,77.46,-0.9799999999999898,78.0,0.5,26.0,0.6538461538461539,289.0,1521.0,0,1,0,0,0,0,1,0.0,0.0,17.0,25
LEC,Ferrari,40.0,0 days 00:01:14.056000,0 days 00:00:19.219000,0 days 00:00:35.094000,0 days 00:00:19.743000,HARD,18.0,2.0,,,1,2.0,False,2025,Monaco,R,74.056,19.219,35.094,19.743,75.395,1.3389999999999986,76.02,-1.9639999999999986,-1.3389999999999986,76.456,77.46,-1.0039999999999907,78.0,0.5128205128205128,26.0,0.6923076923076923,324.0,1600.0,0,1,0,0,0,0,1,0.0,0.0,18.0,25
LEC,Ferrari,41.0,0 days 00:01:14.835000,0 days 00:00:19.418000,0 days 00:00:35.406000,0 days 00:00:20.011000,HARD,19.0,2.0,,,1,2.0,False,2025,Monaco,R,74.835,19.418,35.406,20.011,75.395,0.5600000000000023,76.02,-1.1850000000000023,-0.5600000000000023,77.29499999999999,77.46,-0.16500000000000625,78.0,0.5256410256410257,26.0,0.7307692307692307,361.0,1681.0,0,1,0,0,0,0,1,0.0,0.0,19.0,25
LEC,Ferrari,42.0,0 days 00:01:15.133000,0 days 00:00:19.694000,0 days 00:00:35.573000,0 days 00:00:19.866000,HARD,20.0,2.0,,,1,2.0,False,2025,Monaco,R,75.133,19.694,35.573,19.866,75.395,0.26200000000000045,76.02,-0.8870000000000005,-0.26200000000000045,77.65299999999999,77.46,0.19299999999999784,78.0,0.5384615384615384,26.0,0.7692307692307693,400.0,1764.0,0,1,0,0,0,0,1,0.0,0.0,20.0,25
LEC,Ferrari,43.0,0 days 00:01:14.556000,0 days 00:00:19.410000,0 days 00:00:35.327000,0 days 00:00:19.819000,HARD,21.0,2.0,,,1,2.0,False,2025,Monaco,R,74.556,19.41,35.327,19.819,75.395,0.8389999999999986,76.02,-1.4639999999999986,-0.8389999999999986,77.136,77.46,-0.32399999999999807,78.0,0.5512820512820513,26.0,0.8076923076923077,441.0,1849.0,0,1,0,0,0,0,1,0.0,0.0,21.0,25
LEC,Ferrari,44.0,0 days 00:01:14.265000,0 days 00:00:19.419000,0 days 00:00:35.154000,0 days 00:00:19.692000,HARD,22.0,2.0,,,1,2.0,False,2025,Monaco,R,74.265,19.419,35.154,19.692,75.395,1.1299999999999955,76.02,-1.7549999999999955,-1.1299999999999955,76.905,77.46,-0.5549999999999926,78.0,0.5641025641025641,26.0,0.8461538461538461,484.0,1936.0,0,1,0,0,0,0,1,0.0,0.0,22.0,25
LEC,Ferrari,45.0,0 days 00:01:14.210000,0 days 00:00:19.302000,0 days 00:00:35.232000,0 days 00:00:19.676000,HARD,23.0,2.0,,,1,2.0,False,2025,Monaco,R,74.21,19.302,35.232,19.676,75.395,1.1850000000000023,76.02,-1.8100000000000023,-1.1850000000000023,76.91,77.46,-0.5499999999999972,78.0,0.5769230769230769,26.0,0.8846153846153846,529.0,2025.0,0,1,0,0,0,0,1,0.0,0.0,23.0,25
LEC,Ferrari,46.0,0 days 00:01:14.339000,0 days 00:00:19.390000,0 days 00:00:35.275000,0 days 00:00:19.674000,HARD,24.0,2.0,,,1,2.0,False,2025,Monaco,R,74.339,19.39,35.275,19.674,75.395,1.0559999999999974,76.02,-1.6809999999999974,-1.0559999999999974,77.099,77.46,-0.36099999999999,78.0,0.5897435897435898,26.0,0.9230769230769231,576.0,2116.0,0,1,0,0,0,0,1,0.0,0.0,24.0,25
LEC,Ferrari,47.0,0 days 00:01:14.534000,0 days 00:00:19.397000,0 days 00:00:35.357000,0 days 00:00:19.780000,HARD,25.0,2.0,,,1,2.0,False,2025,Monaco,R,74.534,19.397,35.357,19.78,75.395,0.86099999999999,76.02,-1.48599999999999,-0.86099999999999,77.354,77.46,-0.10599999999999454,78.0,0.6025641025641025,26.0,0.9615384615384616,625.0,2209.0,0,1,0,0,0,0,1,0.0,0.0,25.0,25
LEC,Ferrari,48.0,0 days 00:01:14.731000,0 days 00:00:19.359000,0 days 00:00:35.489000,0 days 00:00:19.883000,HARD,26.0,2.0,,,1,2.0,False,2025,Monaco,R,74.731,19.359,35.489,19.883,75.395,0.6640000000000015,76.02,-1.2890000000000015,-0.6640000000000015,77.61099999999999,77.46,0.15099999999999625,78.0,0.6153846153846154,26.0,1.0,676.0,2304.0,0,1,0,0,0,0,1,0.0,0.0,26.0,25
LEC,Ferrari,51.0,0 days 00:01:14.368000,0 days 00:00:19.521000,0 days 00:00:35.290000,0 days 00:00:19.557000,MEDIUM,5.0,3.0,,,1,3.0,False,2025,Monaco,R,74.368,19.521,35.29,19.557,75.395,1.027000000000001,74.368,0.0,-1.027000000000001,77.428,77.428,0.0,78.0,0.6538461538461539,32.0,0.15625,25.0,2601.0,0,0,0,0,0,1,0,0.0,5.0,0.0,28
LEC,Ferrari,52.0,0 days 00:01:14.421000,0 days 00:00:19.356000,0 days 00:00:35.143000,0 days 00:00:19.922000,MEDIUM,6.0,3.0,,,1,3.0,False,2025,Monaco,R,74.421,19.356,35.143,19.922,75.395,0.9739999999999895,74.368,0.05300000000001148,-0.9739999999999895,77.54100000000001,77.428,0.11300000000001376,78.0,0.6666666666666666,32.0,0.1875,36.0,2704.0,0,0,1,0,0,1,0,0.0,6.0,0.0,28
LEC,Ferrari,53.0,0 days 00:01:15.407000,0 days 00:00:19.479000,0 days 00:00:35.548000,0 days 00:00:20.380000,MEDIUM,7.0,3.0,,,1,3.0,False,2025,Monaco,R,75.407,19.479,35.548,20.38,75.395,0.012000000000000455,74.368,1.0390000000000015,0.012000000000000455,78.58699999999999,77.428,1.1589999999999918,78.0,0.6794871794871795,32.0,0.21875,49.0,2809.0,0,0,1,0,0,1,0,0.0,7.0,0.0,28
LEC,Ferrari,54.0,0 days 00:01:17.108000,0 days 00:00:19.712000,0 days 00:00:37.217000,0 days 00:00:20.179000,MEDIUM,8.0,3.0,,,1,3.0,False,2025,Monaco,R,77.108,19.712,37.217,20.179,75.395,1.713000000000008,74.368,2.740000000000009,1.713000000000008,80.348,77.428,2.9200000000000017,78.0,0.6923076923076923,32.0,0.25,64.0,2916.0,0,0,1,0,0,1,0,0.0,8.0,0.0,28
LEC,Ferrari,55.0,0 days 00:01:14.497000,0 days 00:00:19.395000,0 days 00:00:35.412000,0 days 00:00:19.690000,MEDIUM,9.0,3.0,,,1,3.0,False,2025,Monaco,R,74.497,19.395,35.412,19.69,75.395,0.8979999999999961,74.368,0.1290000000000049,-0.8979999999999961,77.797,77.428,0.3689999999999998,78.0,0.7051282051282052,32.0,0.28125,81.0,3025.0,0,0,1,0,0,1,0,0.0,9.0,0.0,28
LEC,Ferrari,56.0,0 days 00:01:14.342000,0 days 00:00:19.516000,0 days 00:00:35.049000,0 days 00:00:19.777000,MEDIUM,10.0,3.0,,,1,3.0,False,2025,Monaco,R,74.342,19.516,35.049,19.777,75.395,1.0529999999999973,74.368,-0.02599999999999625,-1.0529999999999973,77.702,77.428,0.2740000000000009,78.0,0.717948717948718,32.0,0.3125,100.0,3136.0,0,0,1,0,0,1,0,0.0,10.0,0.0,28
LEC,Ferrari,57.0,0 days 00:01:14.442000,0 days 00:00:19.432000,0 days 00:00:35.253000,0 days 00:00:19.757000,MEDIUM,11.0,3.0,,,1,3.0,False,2025,Monaco,R,74.442,19.432,35.253,19.757,75.395,0.953000000000003,74.368,0.07399999999999807,-0.953000000000003,77.862,77.428,0.4339999999999975,78.0,0.7307692307692307,32.0,0.34375,121.0,3249.0,0,0,1,0,0,1,0,0.0,11.0,0.0,28
LEC,Ferrari,58.0,0 days 00:01:14.566000,0 days 00:00:19.382000,0 days 00:00:35.370000,0 days 00:00:19.814000,MEDIUM,12.0,3.0,,,1,3.0,False,2025,Monaco,R,74.566,19.382,35.37,19.814,75.395,0.8289999999999935,74.368,0.1980000000000075,-0.8289999999999935,78.046,77.428,0.6180000000000092,78.0,0.7435897435897436,32.0,0.375,144.0,3364.0,0,0,1,0,0,1,0,0.0,12.0,0.0,28
LEC,Ferrari,59.0,0 days 00:01:14.707000,0 days 00:00:19.482000,0 days 00:00:35.396000,0 days 00:00:19.829000,MEDIUM,13.0,3.0,,,1,3.0,False,2025,Monaco,R,74.707,19.482,35.396,19.829,75.395,0.6880000000000024,74.368,0.33899999999999864,-0.6880000000000024,78.247,77.428,0.8190000000000026,78.0,0.7564102564102564,32.0,0.40625,169.0,3481.0,0,0,1,0,0,1,0,0.0,13.0,0.0,28
LEC,Ferrari,60.0,0 days 00:01:15.441000,0 days 00:00:19.586000,0 days 00:00:35.761000,0 days 00:00:20.094000,MEDIUM,14.0,3.0,,,1,3.0,False,2025,Monaco,R,75.441,19.586,35.761,20.094,75.395,0.04600000000000648,74.368,1.0730000000000075,0.04600000000000648,79.041,77.428,1.6129999999999995,78.0,0.7692307692307693,32.0,0.4375,196.0,3600.0,0,0,1,0,0,1,0,0.0,14.0,0.0,28
LEC,Ferrari,61.0,0 days 00:01:15.405000,0 days 00:00:19.841000,0 days 00:00:35.716000,0 days 00:00:19.848000,MEDIUM,15.0,3.0,,,1,3.0,False,2025,Monaco,R,75.405,19.841,35.716,19.848,75.395,0.010000000000005116,74.368,1.0370000000000061,0.010000000000005116,79.065,77.428,1.6370000000000005,78.0,0.782051282051282,32.0,0.46875,225.0,3721.0,0,0,1,0,0,1,0,0.0,15.0,0.0,28
LEC,Ferrari,62.0,0 days 00:01:15.646000,0 days 00:00:19.728000,0 days 00:00:35.895000,0 days 00:00:20.023000,MEDIUM,16.0,3.0,,,1,3.0,False,2025,Monaco,R,75.646,19.728,35.895,20.023,75.395,0.2510000000000048,74.368,1.2780000000000058,0.2510000000000048,79.366,77.428,1.9380000000000024,78.0,0.7948717948717948,32.0,0.5,256.0,3844.0,0,0,1,0,0,1,0,0.0,16.0,0.0,28
LEC,Ferrari,63.0,0 days 00:01:15.365000,0 days 00:00:19.608000,0 days 00:00:35.805000,0 days 00:00:19.952000,MEDIUM,17.0,3.0,,,1,3.0,False,2025,Monaco,R,75.365,19.608,35.805,19.952,75.395,0.030000000000001137,74.368,0.9969999999999999,-0.030000000000001137,79.145,77.428,1.7169999999999987,78.0,0.8076923076923077,32.0,0.53125,289.0,3969.0,0,0,1,0,0,1,0,0.0,17.0,0.0,28
LEC,Ferrari,64.0,0 days 00:01:15.269000,0 days 00:00:19.472000,0 days 00:00:35.768000,0 days 00:00:20.029000,MEDIUM,18.0,3.0,,,1,3.0,False,2025,Monaco,R,75.269,19.472,35.768,20.029,75.395,0.12599999999999056,74.368,0.9010000000000105,-0.12599999999999056,79.10900000000001,77.428,1.6810000000000116,78.0,0.8205128205128205,32.0,0.5625,324.0,4096.0,0,0,1,0,0,1,0,0.0,18.0,0.0,28
LEC,Ferrari,65.0,0 days 00:01:15.395000,0 days 00:00:19.567000,0 days 00:00:35.972000,0 days 00:00:19.856000,MEDIUM,19.0,3.0,,,1,3.0,False,2025,Monaco,R,75.395,19.567,35.972,19.856,75.395,0.0,74.368,1.027000000000001,0.0,79.295,77.428,1.8670000000000044,78.0,0.8333333333333334,32.0,0.59375,361.0,4225.0,0,0,1,0,0,1,0,0.0,19.0,0.0,28
LEC,Ferrari,66.0,0 days 00:01:14.915000,0 days 00:00:19.627000,0 days 00:00:35.498000,0 days 00:00:19.790000,MEDIUM,20.0,3.0,,,1,3.0,False,2025,Monaco,R,74.915,19.627,35.498,19.79,75.395,0.47999999999998977,74.368,0.5470000000000113,-0.47999999999998977,78.875,77.428,1.4470000000000027,78.0,0.8461538461538461,32.0,0.625,400.0,4356.0,0,0,1,0,0,1,0,0.0,20.0,0.0,28
LEC,Ferrari,67.0,0 days 00:01:14.925000,0 days 00:00:19.537000,0 days 00:00:35.464000,0 days 00:00:19.924000,MEDIUM,21.0,3.0,,,1,3.0,False,2025,Monaco,R,74.925,19.537,35.464,19.924,75.395,0.46999999999999886,74.368,0.5570000000000022,-0.46999999999999886,78.945,77.428,1.516999999999996,78.0,0.8589743589743589,32.0,0.65625,441.0,4489.0,0,0,1,0,0,1,0,0.0,21.0,0.0,28
LEC,Ferrari,68.0,0 days 00:01:15.636000,0 days 00:00:19.577000,0 days 00:00:35.956000,0 days 00:00:20.103000,MEDIUM,22.0,3.0,,,1,3.0,False,2025,Monaco,R,75.636,19.577,35.956,20.103,75.395,0.24099999999999966,74.368,1.2680000000000007,0.24099999999999966,79.716,77.428,2.2879999999999967,78.0,0.8717948717948718,32.0,0.6875,484.0,4624.0,0,0,1,0,0,1,0,0.0,22.0,0.0,28
LEC,Ferrari,69.0,0 days 00:01:16.104000,0 days 00:00:19.867000,0 days 00:00:36.076000,0 days 00:00:20.161000,MEDIUM,23.0,3.0,,,1,3.0,False,2025,Monaco,R,76.104,19.867,36.076,20.161,75.395,0.7090000000000032,74.368,1.7360000000000042,0.7090000000000032,80.244,77.428,2.8160000000000025,78.0,0.8846153846153846,32.0,0.71875,529.0,4761.0,0,0,1,0,0,1,0,0.0,23.0,0.0,28
LEC,Ferrari,70.0,0 days 00:01:16.050000,0 days 00:00:19.699000,0 days 00:00:36.094000,0 days 00:00:20.257000,MEDIUM,24.0,3.0,,,1,3.0,False,2025,Monaco,R,76.05,19.699,36.094,20.257,75.395,0.6550000000000011,74.368,1.6820000000000022,0.6550000000000011,80.25,77.428,2.8220000000000027,78.0,0.8974358974358975,32.0,0.75,576.0,4900.0,0,0,1,0,0,1,0,0.0,24.0,0.0,28
LEC,Ferrari,71.0,0 days 00:01:16.310000,0 days 00:00:19.751000,0 days 00:00:36.139000,0 days 00:00:20.420000,MEDIUM,25.0,3.0,,,1,3.0,False,2025,Monaco,R,76.31,19.751,36.139,20.42,75.395,0.9150000000000063,74.368,1.9420000000000073,0.9150000000000063,80.57000000000001,77.428,3.14200000000001,78.0,0.9102564102564102,32.0,0.78125,625.0,5041.0,0,0,1,0,0,1,0,0.0,25.0,0.0,28
LEC,Ferrari,72.0,0 days 00:01:16.479000,0 days 00:00:19.908000,0 days 00:00:36.334000,0 days 00:00:20.237000,MEDIUM,26.0,3.0,,,1,3.0,False,2025,Monaco,R,76.479,19.908,36.334,20.237,75.395,1.0840000000000032,74.368,2.111000000000004,1.0840000000000032,80.799,77.428,3.3710000000000093,78.0,0.9230769230769231,32.0,0.8125,676.0,5184.0,0,0,1,0,0,1,0,0.0,26.0,0.0,28
LEC,Ferrari,73.0,0 days 00:01:16.349000,0 days 00:00:19.900000,0 days 00:00:36.260000,0 days 00:00:20.189000,MEDIUM,27.0,3.0,,,1,3.0,False,2025,Monaco,R,76.349,19.9,36.26,20.189,75.395,0.9540000000000077,74.368,1.9810000000000088,0.9540000000000077,80.729,77.428,3.301000000000002,78.0,0.9358974358974359,32.0,0.84375,729.0,5329.0,0,0,1,0,0,1,0,0.0,27.0,0.0,28
LEC,Ferrari,74.0,0 days 00:01:16.248000,0 days 00:00:19.738000,0 days 00:00:36.264000,0 days 00:00:20.246000,MEDIUM,28.0,3.0,,,1,3.0,False,2025,Monaco,R,76.248,19.738,36.264,20.246,75.395,0.8530000000000086,74.368,1.8800000000000097,0.8530000000000086,80.688,77.428,3.260000000000005,78.0,0.9487179487179487,32.0,0.875,784.0,5476.0,0,0,1,0,0,1,0,0.0,28.0,0.0,28
LEC,Ferrari,75.0,0 days 00:01:16.343000,0 days 00:00:19.854000,0 days 00:00:36.252000,0 days 00:00:20.237000,MEDIUM,29.0,3.0,,,1,3.0,False,2025,Monaco,R,76.343,19.854,36.252,20.237,75.395,0.9480000000000075,74.368,1.9750000000000085,0.9480000000000075,80.843,77.428,3.4150000000000063,78.0,0.9615384615384616,32.0,0.90625,841.0,5625.0,0,0,1,0,0,1,0,0.0,29.0,0.0,28
LEC,Ferrari,76.0,0 days 00:01:15.963000,0 days 00:00:19.602000,0 days 00:00:36.078000,0 days 00:00:20.283000,MEDIUM,30.0,3.0,,,1,3.0,False,2025,Monaco,R,75.963,19.602,36.078,20.283,75.395,0.5679999999999978,74.368,1.5949999999999989,0.5679999999999978,80.523,77.428,3.094999999999999,78.0,0.9743589743589743,32.0,0.9375,900.0,5776.0,0,0,1,0,0,1,0,0.0,30.0,0.0,28
LEC,Ferrari,77.0,0 days 00:01:16.110000,0 days 00:00:19.785000,0 days 00:00:36.111000,0 days 00:00:20.214000,MEDIUM,31.0,3.0,,,1,2.0,False,2025,Monaco,R,76.11,19.785,36.111,20.214,75.395,0.7150000000000034,74.368,1.7420000000000044,0.7150000000000034,80.73,77.428,3.3020000000000067,78.0,0.9871794871794872,32.0,0.96875,961.0,5929.0,0,0,1,0,0,1,0,0.0,31.0,0.0,28
LEC,Ferrari,78.0,0 days 00:01:15.369000,0 days 00:00:19.466000,0 days 00:00:35.723000,0 days 00:00:20.180000,MEDIUM,32.0,3.0,,,1,2.0,False,2025,Monaco,R,75.369,19.466,35.723,20.18,75.395,0.02599999999999625,74.368,1.0010000000000048,-0.02599999999999625,80.049,77.428,2.6210000000000093,78.0,1.0,32.0,1.0,1024.0,6084.0,0,0,1,0,0,1,0,0.0,32.0,0.0,28
NOR,McLaren,5.0,0 days 00:01:18.050000,0 days 00:00:20.559000,0 days 00:00:36.559000,0 days 00:00:20.932000,MEDIUM,5.0,1.0,,,1,1.0,False,2025,Monaco,R,78.05,20.559,36.559,20.932,75.307,2.742999999999995,78.05,0.0,2.742999999999995,78.35,78.35,0.0,78.0,0.0641025641025641,18.0,0.2777777777777778,25.0,25.0,1,0,0,1,0,1,0,0.0,5.0,0.0,14
NOR,McLaren,6.0,0 days 00:01:19.172000,0 days 00:00:20.643000,0 days 00:00:37.367000,0 days 00:00:21.162000,MEDIUM,6.0,1.0,,,1,1.0,False,2025,Monaco,R,79.172,20.643,37.367,21.162,75.307,3.864999999999995,78.05,1.1219999999999999,3.864999999999995,79.532,78.35,1.1820000000000022,78.0,0.07692307692307693,18.0,0.3333333333333333,36.0,36.0,1,0,0,1,0,1,0,0.0,6.0,0.0,14
NOR,McLaren,7.0,0 days 00:01:18.470000,0 days 00:00:20.536000,0 days 00:00:37.171000,0 days 00:00:20.763000,MEDIUM,7.0,1.0,,,1,1.0,False,2025,Monaco,R,78.47,20.536,37.171,20.763,75.307,3.1629999999999967,78.05,0.4200000000000017,3.1629999999999967,78.89,78.35,0.5400000000000063,78.0,0.08974358974358974,18.0,0.3888888888888889,49.0,49.0,1,0,0,1,0,1,0,0.0,7.0,0.0,14
NOR,McLaren,8.0,0 days 00:01:17.626000,0 days 00:00:20.324000,0 days 00:00:36.551000,0 days 00:00:20.751000,MEDIUM,8.0,1.0,,,12,1.0,False,2025,Monaco,R,77.626,20.324,36.551,20.751,75.307,2.3190000000000026,78.05,-0.4239999999999924,2.3190000000000026,78.10600000000001,78.35,-0.24399999999998556,78.0,0.10256410256410256,18.0,0.4444444444444444,64.0,64.0,1,0,0,1,0,1,0,0.0,8.0,0.0,14
NOR,McLaren,9.0,0 days 00:01:22.148000,0 days 00:00:20.524000,0 days 00:00:40.374000,0 days 00:00:21.250000,MEDIUM,9.0,1.0,,,2,1.0,False,2025,Monaco,R,82.148,20.524,40.374,21.25,75.307,6.840999999999994,78.05,4.097999999999999,6.840999999999994,82.688,78.35,4.338000000000008,78.0,0.11538461538461539,18.0,0.5,81.0,81.0,1,0,0,1,0,1,0,0.0,9.0,0.0,14
NOR,McLaren,10.0,0 days 00:01:20.385000,0 days 00:00:20.486000,0 days 00:00:38.781000,0 days 00:00:21.118000,MEDIUM,10.0,1.0,,,2,1.0,False,2025,Monaco,R,80.385,20.486,38.781,21.118,75.307,5.078000000000003,78.05,2.335000000000008,5.078000000000003,80.985,78.35,2.635000000000005,78.0,0.1282051282051282,18.0,0.5555555555555556,100.0,100.0,1,0,0,1,0,1,0,0.0,10.0,0.0,14
NOR,McLaren,11.0,0 days 00:01:19.771000,0 days 00:00:20.086000,0 days 00:00:38.999000,0 days 00:00:20.686000,MEDIUM,11.0,1.0,,,21,1.0,False,2025,Monaco,R,79.771,20.086,38.999,20.686,75.307,4.463999999999999,78.05,1.7210000000000036,4.463999999999999,80.431,78.35,2.081000000000003,78.0,0.14102564102564102,18.0,0.6111111111111112,121.0,121.0,1,0,0,1,0,1,0,0.0,11.0,0.0,14
NOR,McLaren,12.0,0 days 00:01:16.300000,0 days 00:00:20.126000,0 days 00:00:35.936000,0 days 00:00:20.238000,MEDIUM,12.0,1.0,,,1,1.0,False,2025,Monaco,R,76.3,20.126,35.936,20.238,75.307,0.992999999999995,78.05,-1.75,0.992999999999995,77.02,78.35,-1.3299999999999983,78.0,0.15384615384615385,18.0,0.6666666666666666,144.0,144.0,1,0,0,1,0,1,0,0.0,12.0,0.0,14
NOR,McLaren,13.0,0 days 00:01:15.988000,0 days 00:00:20.017000,0 days 00:00:35.712000,0 days 00:00:20.259000,MEDIUM,13.0,1.0,,,1,1.0,False,2025,Monaco,R,75.988,20.017,35.712,20.259,75.307,0.6809999999999974,78.05,-2.0619999999999976,0.6809999999999974,76.768,78.35,-1.5819999999999936,78.0,0.16666666666666666,18.0,0.7222222222222222,169.0,169.0,1,0,0,1,0,1,0,0.0,13.0,0.0,14
NOR,McLaren,14.0,0 days 00:01:16.122000,0 days 00:00:19.931000,0 days 00:00:35.991000,0 days 00:00:20.200000,MEDIUM,14.0,1.0,,,1,1.0,False,2025,Monaco,R,76.122,19.931,35.991,20.2,75.307,0.8149999999999977,78.05,-1.9279999999999973,0.8149999999999977,76.962,78.35,-1.387999999999991,78.0,0.1794871794871795,18.0,0.7777777777777778,196.0,196.0,1,0,0,1,0,1,0,0.0,14.0,0.0,14
NOR,McLaren,15.0,0 days 00:01:15.673000,0 days 00:00:19.875000,0 days 00:00:35.541000,0 days 00:00:20.257000,MEDIUM,15.0,1.0,,,1,1.0,False,2025,Monaco,R,75.673,19.875,35.541,20.257,75.307,0.36599999999999966,78.05,-2.3769999999999953,0.36599999999999966,76.57300000000001,78.35,-1.7769999999999868,78.0,0.19230769230769232,18.0,0.8333333333333334,225.0,225.0,1,0,0,1,0,1,0,0.0,15.0,0.0,14
NOR,McLaren,16.0,0 days 00:01:14.914000,0 days 00:00:19.840000,0 days 00:00:35.192000,0 days 00:00:19.882000,MEDIUM,16.0,1.0,,,1,1.0,False,2025,Monaco,R,74.914,19.84,35.192,19.882,75.307,0.3930000000000007,78.05,-3.1359999999999957,-0.3930000000000007,75.874,78.35,-2.475999999999999,78.0,0.20512820512820512,18.0,0.8888888888888888,256.0,256.0,1,0,0,1,0,1,0,0.0,16.0,0.0,14
NOR,McLaren,17.0,0 days 00:01:14.659000,0 days 00:00:19.718000,0 days 00:00:35.035000,0 days 00:00:19.906000,MEDIUM,17.0,1.0,,,1,1.0,False,2025,Monaco,R,74.659,19.718,35.035,19.906,75.307,0.6479999999999961,78.05,-3.390999999999991,-0.6479999999999961,75.679,78.35,-2.6709999999999923,78.0,0.21794871794871795,18.0,0.9444444444444444,289.0,289.0,1,0,0,1,0,1,0,0.0,17.0,0.0,14
NOR,McLaren,18.0,0 days 00:01:15.280000,0 days 00:00:19.776000,0 days 00:00:35.567000,0 days 00:00:19.937000,MEDIUM,18.0,1.0,,,1,1.0,False,2025,Monaco,R,75.28,19.776,35.567,19.937,75.307,0.027000000000001023,78.05,-2.769999999999996,-0.027000000000001023,76.36,78.35,-1.9899999999999949,78.0,0.23076923076923078,18.0,1.0,324.0,324.0,1,0,0,1,0,1,0,0.0,18.0,0.0,14
NOR,McLaren,21.0,0 days 00:01:15.259000,0 days 00:00:20.210000,0 days 00:00:35.375000,0 days 00:00:19.674000,HARD,2.0,2.0,,,1,3.0,False,2025,Monaco,R,75.259,20.21,35.375,19.674,75.307,0.04800000000000182,75.259,0.0,-0.04800000000000182,76.519,76.519,0.0,78.0,0.2692307692307692,30.0,0.06666666666666667,4.0,441.0,0,1,0,1,0,0,1,0.0,0.0,2.0,29
NOR,McLaren,22.0,0 days 00:01:14.846000,0 days 00:00:19.655000,0 days 00:00:35.312000,0 days 00:00:19.879000,HARD,3.0,2.0,,,1,2.0,False,2025,Monaco,R,74.846,19.655,35.312,19.879,75.307,0.4609999999999985,75.259,-0.4129999999999967,-0.4609999999999985,76.166,76.519,-0.35300000000000864,78.0,0.28205128205128205,30.0,0.1,9.0,484.0,0,1,0,1,0,0,1,0.0,0.0,3.0,29
NOR,McLaren,23.0,0 days 00:01:15.315000,0 days 00:00:20.066000,0 days 00:00:35.223000,0 days 00:00:20.026000,HARD,4.0,2.0,,,1,2.0,False,2025,Monaco,R,75.315,20.066,35.223,20.026,75.307,0.007999999999995566,75.259,0.055999999999997385,0.007999999999995566,76.695,76.519,0.17599999999998772,78.0,0.2948717948717949,30.0,0.13333333333333333,16.0,529.0,0,1,0,1,0,0,1,0.0,0.0,4.0,29
NOR,McLaren,24.0,0 days 00:01:15.220000,0 days 00:00:19.870000,0 days 00:00:35.356000,0 days 00:00:19.994000,HARD,5.0,2.0,,,1,2.0,False,2025,Monaco,R,75.22,19.87,35.356,19.994,75.307,0.0870000000000033,75.259,-0.03900000000000148,-0.0870000000000033,76.66,76.519,0.14099999999999113,78.0,0.3076923076923077,30.0,0.16666666666666666,25.0,576.0,0,1,0,1,0,0,1,0.0,0.0,5.0,29
NOR,McLaren,25.0,0 days 00:01:14.400000,0 days 00:00:19.578000,0 days 00:00:34.961000,0 days 00:00:19.861000,HARD,6.0,2.0,,,1,2.0,False,2025,Monaco,R,74.4,19.578,34.961,19.861,75.307,0.9069999999999965,75.259,-0.8589999999999947,-0.9069999999999965,75.9,76.519,-0.6189999999999998,78.0,0.32051282051282054,30.0,0.2,36.0,625.0,0,1,0,1,0,0,1,0.0,0.0,6.0,29
NOR,McLaren,26.0,0 days 00:01:14.727000,0 days 00:00:19.749000,0 days 00:00:35.153000,0 days 00:00:19.825000,HARD,7.0,2.0,,,1,2.0,False,2025,Monaco,R,74.727,19.749,35.153,19.825,75.307,0.5799999999999983,75.259,-0.5319999999999965,-0.5799999999999983,76.287,76.519,-0.23199999999999932,78.0,0.3333333333333333,30.0,0.23333333333333334,49.0,676.0,0,1,0,0,0,0,1,0.0,0.0,7.0,29
NOR,McLaren,27.0,0 days 00:01:14.622000,0 days 00:00:19.588000,0 days 00:00:35.171000,0 days 00:00:19.863000,HARD,8.0,2.0,,,1,2.0,False,2025,Monaco,R,74.622,19.588,35.171,19.863,75.307,0.6850000000000023,75.259,-0.6370000000000005,-0.6850000000000023,76.242,76.519,-0.277000000000001,78.0,0.34615384615384615,30.0,0.26666666666666666,64.0,729.0,0,1,0,0,0,0,1,0.0,0.0,8.0,29
NOR,McLaren,28.0,0 days 00:01:14.618000,0 days 00:00:19.508000,0 days 00:00:35.151000,0 days 00:00:19.959000,HARD,9.0,2.0,,,1,1.0,False,2025,Monaco,R,74.618,19.508,35.151,19.959,75.307,0.6890000000000072,75.259,-0.6410000000000053,-0.6890000000000072,76.298,76.519,-0.22100000000000364,78.0,0.358974358974359,30.0,0.3,81.0,784.0,0,1,0,0,0,0,1,0.0,0.0,9.0,29
NOR,McLaren,29.0,0 days 00:01:15.777000,0 days 00:00:19.716000,0 days 00:00:35.834000,0 days 00:00:20.227000,HARD,10.0,2.0,,,1,1.0,False,2025,Monaco,R,75.777,19.716,35.834,20.227,75.307,0.46999999999999886,75.259,0.5180000000000007,0.46999999999999886,77.517,76.519,0.9979999999999905,78.0,0.3717948717948718,30.0,0.3333333333333333,100.0,841.0,0,1,0,0,0,0,1,0.0,0.0,10.0,29
NOR,McLaren,30.0,0 days 00:01:17.259000,0 days 00:00:19.932000,0 days 00:00:36.898000,0 days 00:00:20.429000,HARD,11.0,2.0,,,1,1.0,False,2025,Monaco,R,77.259,19.932,36.898,20.429,75.307,1.9519999999999982,75.259,2.0,1.9519999999999982,79.059,76.519,2.539999999999992,78.0,0.38461538461538464,30.0,0.36666666666666664,121.0,900.0,0,1,0,0,0,0,1,0.0,0.0,11.0,29
NOR,McLaren,31.0,0 days 00:01:16.797000,0 days 00:00:20.029000,0 days 00:00:36.233000,0 days 00:00:20.535000,HARD,12.0,2.0,,,1,1.0,False,2025,Monaco,R,76.797,20.029,36.233,20.535,75.307,1.4899999999999949,75.259,1.5379999999999967,1.4899999999999949,78.657,76.519,2.137999999999991,78.0,0.3974358974358974,30.0,0.4,144.0,961.0,0,1,0,0,0,0,1,0.0,0.0,12.0,29
NOR,McLaren,32.0,0 days 00:01:14.711000,0 days 00:00:19.694000,0 days 00:00:35.206000,0 days 00:00:19.811000,HARD,13.0,2.0,,,1,1.0,False,2025,Monaco,R,74.711,19.694,35.206,19.811,75.307,0.5960000000000036,75.259,-0.5480000000000018,-0.5960000000000036,76.631,76.519,0.11199999999999477,78.0,0.41025641025641024,30.0,0.43333333333333335,169.0,1024.0,0,1,0,0,0,0,1,0.0,0.0,13.0,29
NOR,McLaren,33.0,0 days 00:01:14.642000,0 days 00:00:19.740000,0 days 00:00:35.193000,0 days 00:00:19.709000,HARD,14.0,2.0,,,1,1.0,False,2025,Monaco,R,74.642,19.74,35.193,19.709,75.307,0.6650000000000063,75.259,-0.6170000000000044,-0.6650000000000063,76.622,76.519,0.10299999999999443,78.0,0.4230769230769231,30.0,0.4666666666666667,196.0,1089.0,0,1,0,0,0,0,1,0.0,0.0,14.0,29
NOR,McLaren,34.0,0 days 00:01:14.689000,0 days 00:00:19.550000,0 days 00:00:35.351000,0 days 00:00:19.788000,HARD,15.0,2.0,,,1,1.0,False,2025,Monaco,R,74.689,19.55,35.351,19.788,75.307,0.6180000000000092,75.259,-0.5700000000000074,-0.6180000000000092,76.729,76.519,0.20999999999999375,78.0,0.4358974358974359,30.0,0.5,225.0,1156.0,0,1,0,0,0,0,1,0.0,0.0,15.0,29
NOR,McLaren,35.0,0 days 00:01:14.184000,0 days 00:00:19.497000,0 days 00:00:34.985000,0 days 00:00:19.702000,HARD,16.0,2.0,,,1,1.0,False,2025,Monaco,R,74.184,19.497,34.985,19.702,75.307,1.1230000000000047,75.259,-1.0750000000000028,-1.1230000000000047,76.28399999999999,76.519,-0.23500000000001364,78.0,0.44871794871794873,30.0,0.5333333333333333,256.0,1225.0,0,1,0,0,0,0,1,0.0,0.0,16.0,29
NOR,McLaren,36.0,0 days 00:01:14.785000,0 days 00:00:19.705000,0 days 00:00:35.261000,0 days 00:00:19.819000,HARD,17.0,2.0,,,1,1.0,False,2025,Monaco,R,74.785,19.705,35.261,19.819,75.307,0.5220000000000056,75.259,-0.47400000000000375,-0.5220000000000056,76.945,76.519,0.4259999999999877,78.0,0.46153846153846156,30.0,0.5666666666666667,289.0,1296.0,0,1,0,0,0,0,1,0.0,0.0,17.0,29
NOR,McLaren,37.0,0 days 00:01:14.670000,0 days 00:00:19.654000,0 days 00:00:35.272000,0 days 00:00:19.744000,HARD,18.0,2.0,,,1,1.0,False,2025,Monaco,R,74.67,19.654,35.272,19.744,75.307,0.6370000000000005,75.259,-0.5889999999999986,-0.6370000000000005,76.89,76.519,0.3709999999999951,78.0,0.47435897435897434,30.0,0.6,324.0,1369.0,0,1,0,0,0,0,1,0.0,0.0,18.0,29
NOR,McLaren,38.0,0 days 00:01:14.907000,0 days 00:00:19.606000,0 days 00:00:35.094000,0 days 00:00:20.207000,HARD,19.0,2.0,,,12,1.0,False,2025,Monaco,R,74.907,19.606,35.094,20.207,75.307,0.4000000000000057,75.259,-0.35200000000000387,-0.4000000000000057,77.187,76.519,0.6679999999999922,78.0,0.48717948717948717,30.0,0.6333333333333333,361.0,1444.0,0,1,0,0,0,0,1,0.0,0.0,19.0,29
NOR,McLaren,39.0,0 days 00:01:14.141000,0 days 00:00:19.465000,0 days 00:00:34.981000,0 days 00:00:19.695000,HARD,20.0,2.0,,,1,1.0,False,2025,Monaco,R,74.141,19.465,34.981,19.695,75.307,1.1659999999999968,75.259,-1.117999999999995,-1.1659999999999968,76.48100000000001,76.519,-0.0379999999999967,78.0,0.5,30.0,0.6666666666666666,400.0,1521.0,0,1,0,0,0,0,1,0.0,0.0,20.0,29
NOR,McLaren,40.0,0 days 00:01:15.237000,0 days 00:00:19.396000,0 days 00:00:35.370000,0 days 00:00:20.471000,HARD,21.0,2.0,,,1,1.0,False,2025,Monaco,R,75.237,19.396,35.37,20.471,75.307,0.07000000000000739,75.259,-0.02200000000000557,-0.07000000000000739,77.637,76.519,1.117999999999995,78.0,0.5128205128205128,30.0,0.7,441.0,1600.0,0,1,0,0,0,0,1,0.0,0.0,21.0,29
NOR,McLaren,41.0,0 days 00:01:14.026000,0 days 00:00:19.379000,0 days 00:00:34.994000,0 days 00:00:19.653000,HARD,22.0,2.0,,,1,1.0,False,2025,Monaco,R,74.026,19.379,34.994,19.653,75.307,1.281000000000006,75.259,-1.233000000000004,-1.281000000000006,76.48599999999999,76.519,-0.03300000000001546,78.0,0.5256410256410257,30.0,0.7333333333333333,484.0,1681.0,0,1,0,0,0,0,1,0.0,0.0,22.0,29
NOR,McLaren,42.0,0 days 00:01:14.419000,0 days 00:00:19.533000,0 days 00:00:35.114000,0 days 00:00:19.772000,HARD,23.0,2.0,,,1,1.0,False,2025,Monaco,R,74.419,19.533,35.114,19.772,75.307,0.8880000000000052,75.259,-0.8400000000000034,-0.8880000000000052,76.939,76.519,0.4199999999999875,78.0,0.5384615384615384,30.0,0.7666666666666667,529.0,1764.0,0,1,0,0,0,0,1,0.0,0.0,23.0,29
NOR,McLaren,43.0,0 days 00:01:14.174000,0 days 00:00:19.567000,0 days 00:00:34.939000,0 days 00:00:19.668000,HARD,24.0,2.0,,,1,1.0,False,2025,Monaco,R,74.174,19.567,34.939,19.668,75.307,1.1329999999999956,75.259,-1.0849999999999937,-1.1329999999999956,76.754,76.519,0.23499999999999943,78.0,0.5512820512820513,30.0,0.8,576.0,1849.0,0,1,0,0,0,0,1,0.0,0.0,24.0,29
NOR,McLaren,44.0,0 days 00:01:13.872000,0 days 00:00:19.349000,0 days 00:00:34.852000,0 days 00:00:19.671000,HARD,25.0,2.0,,,1,1.0,False,2025,Monaco,R,73.872,19.349,34.852,19.671,75.307,1.4350000000000023,75.259,-1.3870000000000005,-1.4350000000000023,76.512,76.519,-0.007000000000005002,78.0,0.5641025641025641,30.0,0.8333333333333334,625.0,1936.0,0,1,0,0,0,0,1,0.0,0.0,25.0,29
NOR,McLaren,45.0,0 days 00:01:14.384000,0 days 00:00:19.439000,0 days 00:00:35.214000,0 days 00:00:19.731000,HARD,26.0,2.0,,,1,1.0,False,2025,Monaco,R,74.384,19.439,35.214,19.731,75.307,0.9230000000000018,75.259,-0.875,-0.9230000000000018,77.084,76.519,0.5649999999999977,78.0,0.5769230769230769,30.0,0.8666666666666667,676.0,2025.0,0,1,0,0,0,0,1,0.0,0.0,26.0,29
NOR,McLaren,46.0,0 days 00:01:14.177000,0 days 00:00:19.377000,0 days 00:00:35.149000,0 days 00:00:19.651000,HARD,27.0,2.0,,,1,1.0,False,2025,Monaco,R,74.177,19.377,35.149,19.651,75.307,1.1299999999999955,75.259,-1.0819999999999936,-1.1299999999999955,76.93700000000001,76.519,0.41800000000000637,78.0,0.5897435897435898,30.0,0.9,729.0,2116.0,0,1,0,0,0,0,1,0.0,0.0,27.0,29
NOR,McLaren,47.0,0 days 00:01:14.357000,0 days 00:00:19.352000,0 days 00:00:35.102000,0 days 00:00:19.903000,HARD,28.0,2.0,,,1,1.0,False,2025,Monaco,R,74.357,19.352,35.102,19.903,75.307,0.9500000000000028,75.259,-0.902000000000001,-0.9500000000000028,77.17699999999999,76.519,0.657999999999987,78.0,0.6025641025641025,30.0,0.9333333333333333,784.0,2209.0,0,1,0,0,0,0,1,0.0,0.0,28.0,29
NOR,McLaren,48.0,0 days 00:01:15.701000,0 days 00:00:19.519000,0 days 00:00:35.861000,0 days 00:00:20.321000,HARD,29.0,2.0,,,1,1.0,False,2025,Monaco,R,75.701,19.519,35.861,20.321,75.307,0.39399999999999125,75.259,0.44199999999999307,0.39399999999999125,78.58099999999999,76.519,2.0619999999999834,78.0,0.6153846153846154,30.0,0.9666666666666667,841.0,2304.0,0,1,0,0,0,0,1,0.0,0.0,29.0,29
NOR,McLaren,49.0,0 days 00:01:16.684000,0 days 00:00:19.777000,0 days 00:00:36.452000,0 days 00:00:20.455000,HARD,30.0,2.0,,,1,1.0,False,2025,Monaco,R,76.684,19.777,36.452,20.455,75.307,1.3769999999999953,75.259,1.4249999999999972,1.3769999999999953,79.624,76.519,3.1049999999999898,78.0,0.6282051282051282,30.0,1.0,900.0,2401.0,0,1,0,0,0,0,1,0.0,0.0,30.0,29
NOR,McLaren,52.0,0 days 00:01:15.039000,0 days 00:00:19.648000,0 days 00:00:35.496000,0 days 00:00:19.895000,HARD,2.0,3.0,,,1,2.0,False,2025,Monaco,R,75.039,19.648,35.496,19.895,75.307,0.2680000000000007,75.039,0.0,-0.2680000000000007,78.159,78.159,0.0,78.0,0.6666666666666666,28.0,0.07142857142857142,4.0,2704.0,0,0,1,0,0,0,1,0.0,0.0,2.0,27
NOR,McLaren,53.0,0 days 00:01:15.848000,0 days 00:00:19.664000,0 days 00:00:35.818000,0 days 00:00:20.366000,HARD,3.0,3.0,,,1,2.0,False,2025,Monaco,R,75.848,19.664,35.818,20.366,75.307,0.5409999999999968,75.039,0.8089999999999975,0.5409999999999968,79.02799999999999,78.159,0.8689999999999856,78.0,0.6794871794871795,28.0,0.10714285714285714,9.0,2809.0,0,0,1,0,0,0,1,0.0,0.0,3.0,27
NOR,McLaren,54.0,0 days 00:01:16.308000,0 days 00:00:19.850000,0 days 00:00:36.381000,0 days 00:00:20.077000,HARD,4.0,3.0,,,1,2.0,False,2025,Monaco,R,76.308,19.85,36.381,20.077,75.307,1.0010000000000048,75.039,1.2690000000000055,1.0010000000000048,79.548,78.159,1.3889999999999958,78.0,0.6923076923076923,28.0,0.14285714285714285,16.0,2916.0,0,0,1,0,0,0,1,0.0,0.0,4.0,27
NOR,McLaren,55.0,0 days 00:01:14.993000,0 days 00:00:19.387000,0 days 00:00:35.797000,0 days 00:00:19.809000,HARD,5.0,3.0,,,1,2.0,False,2025,Monaco,R,74.993,19.387,35.797,19.809,75.307,0.31400000000000716,75.039,-0.04600000000000648,-0.31400000000000716,78.29299999999999,78.159,0.13399999999998613,78.0,0.7051282051282052,28.0,0.17857142857142858,25.0,3025.0,0,0,1,0,0,0,1,0.0,0.0,5.0,27
NOR,McLaren,56.0,0 days 00:01:14.821000,0 days 00:00:19.646000,0 days 00:00:35.539000,0 days 00:00:19.636000,HARD,6.0,3.0,,,1,2.0,False,2025,Monaco,R,74.821,19.646,35.539,19.636,75.307,0.4860000000000042,75.039,-0.21800000000000352,-0.4860000000000042,78.181,78.159,0.02199999999999136,78.0,0.717948717948718,28.0,0.21428571428571427,36.0,3136.0,0,0,1,0,0,0,1,0.0,0.0,6.0,27
NOR,McLaren,57.0,0 days 00:01:14.676000,0 days 00:00:19.504000,0 days 00:00:35.314000,0 days 00:00:19.858000,HARD,7.0,3.0,,,1,2.0,False,2025,Monaco,R,74.676,19.504,35.314,19.858,75.307,0.6310000000000002,75.039,-0.36299999999999955,-0.6310000000000002,78.096,78.159,-0.06300000000000239,78.0,0.7307692307692307,28.0,0.25,49.0,3249.0,0,0,1,0,0,0,1,0.0,0.0,7.0,27
NOR,McLaren,58.0,0 days 00:01:15.159000,0 days 00:00:19.635000,0 days 00:00:35.533000,0 days 00:00:19.991000,HARD,8.0,3.0,,,1,2.0,False,2025,Monaco,R,75.159,19.635,35.533,19.991,75.307,0.14799999999999613,75.039,0.12000000000000455,-0.14799999999999613,78.63900000000001,78.159,0.480000000000004,78.0,0.7435897435897436,28.0,0.2857142857142857,64.0,3364.0,0,0,1,0,0,0,1,0.0,0.0,8.0,27
NOR,McLaren,59.0,0 days 00:01:15.107000,0 days 00:00:19.534000,0 days 00:00:35.685000,0 days 00:00:19.888000,HARD,9.0,3.0,,,1,2.0,False,2025,Monaco,R,75.107,19.534,35.685,19.888,75.307,0.20000000000000284,75.039,0.06799999999999784,-0.20000000000000284,78.647,78.159,0.48799999999999955,78.0,0.7564102564102564,28.0,0.32142857142857145,81.0,3481.0,0,0,1,0,0,0,1,0.0,0.0,9.0,27
NOR,McLaren,60.0,0 days 00:01:15.584000,0 days 00:00:19.631000,0 days 00:00:35.807000,0 days 00:00:20.146000,HARD,10.0,3.0,,,1,2.0,False,2025,Monaco,R,75.584,19.631,35.807,20.146,75.307,0.277000000000001,75.039,0.5450000000000017,0.277000000000001,79.184,78.159,1.0249999999999915,78.0,0.7692307692307693,28.0,0.35714285714285715,100.0,3600.0,0,0,1,0,0,0,1,0.0,0.0,10.0,27
NOR,McLaren,61.0,0 days 00:01:15.199000,0 days 00:00:19.730000,0 days 00:00:35.603000,0 days 00:00:19.866000,HARD,11.0,3.0,,,1,2.0,False,2025,Monaco,R,75.199,19.73,35.603,19.866,75.307,0.10800000000000409,75.039,0.1599999999999966,-0.10800000000000409,78.859,78.159,0.6999999999999886,78.0,0.782051282051282,28.0,0.39285714285714285,121.0,3721.0,0,0,1,0,0,0,1,0.0,0.0,11.0,27
NOR,McLaren,62.0,0 days 00:01:15.514000,0 days 00:00:19.577000,0 days 00:00:36.059000,0 days 00:00:19.878000,HARD,12.0,3.0,,,1,2.0,False,2025,Monaco,R,75.514,19.577,36.059,19.878,75.307,0.20699999999999363,75.039,0.4749999999999943,0.20699999999999363,79.234,78.159,1.0749999999999886,78.0,0.7948717948717948,28.0,0.42857142857142855,144.0,3844.0,0,0,1,0,0,0,1,0.0,0.0,12.0,27
NOR,McLaren,63.0,0 days 00:01:15.301000,0 days 00:00:19.599000,0 days 00:00:35.715000,0 days 00:00:19.987000,HARD,13.0,3.0,,,1,2.0,False,2025,Monaco,R,75.301,19.599,35.715,19.987,75.307,0.006000000000000227,75.039,0.26200000000000045,-0.006000000000000227,79.081,78.159,0.921999999999997,78.0,0.8076923076923077,28.0,0.4642857142857143,169.0,3969.0,0,0,1,0,0,0,1,0.0,0.0,13.0,27
NOR,McLaren,64.0,0 days 00:01:15.313000,0 days 00:00:19.584000,0 days 00:00:35.823000,0 days 00:00:19.906000,HARD,14.0,3.0,,,1,2.0,False,2025,Monaco,R,75.313,19.584,35.823,19.906,75.307,0.006000000000000227,75.039,0.2740000000000009,0.006000000000000227,79.153,78.159,0.9939999999999998,78.0,0.8205128205128205,28.0,0.5,196.0,4096.0,0,0,1,0,0,0,1,0.0,0.0,14.0,27
NOR,McLaren,65.0,0 days 00:01:15.478000,0 days 00:00:19.616000,0 days 00:00:36.060000,0 days 00:00:19.802000,HARD,15.0,3.0,,,1,2.0,False,2025,Monaco,R,75.478,19.616,36.06,19.802,75.307,0.17099999999999227,75.039,0.43899999999999295,0.17099999999999227,79.378,78.159,1.218999999999994,78.0,0.8333333333333334,28.0,0.5357142857142857,225.0,4225.0,0,0,1,0,0,0,1,0.0,0.0,15.0,27
NOR,McLaren,66.0,0 days 00:01:14.968000,0 days 00:00:19.627000,0 days 00:00:35.617000,0 days 00:00:19.724000,HARD,16.0,3.0,,,1,2.0,False,2025,Monaco,R,74.968,19.627,35.617,19.724,75.307,0.33899999999999864,75.039,-0.07099999999999795,-0.33899999999999864,78.928,78.159,0.7689999999999912,78.0,0.8461538461538461,28.0,0.5714285714285714,256.0,4356.0,0,0,1,0,0,0,1,0.0,0.0,16.0,27
NOR,McLaren,67.0,0 days 00:01:15.007000,0 days 00:00:19.644000,0 days 00:00:35.656000,0 days 00:00:19.707000,HARD,17.0,3.0,,,1,2.0,False,2025,Monaco,R,75.007,19.644,35.656,19.707,75.307,0.29999999999999716,75.039,-0.031999999999996476,-0.29999999999999716,79.027,78.159,0.867999999999995,78.0,0.8589743589743589,28.0,0.6071428571428571,289.0,4489.0,0,0,1,0,0,0,1,0.0,0.0,17.0,27
NOR,McLaren,68.0,0 days 00:01:15.615000,0 days 00:00:19.611000,0 days 00:00:36.066000,0 days 00:00:19.938000,HARD,18.0,3.0,,,1,2.0,False,2025,Monaco,R,75.615,19.611,36.066,19.938,75.307,0.3079999999999927,75.039,0.5759999999999934,0.3079999999999927,79.695,78.159,1.5359999999999872,78.0,0.8717948717948718,28.0,0.6428571428571429,324.0,4624.0,0,0,1,0,0,0,1,0.0,0.0,18.0,27
NOR,McLaren,69.0,0 days 00:01:15.984000,0 days 00:00:19.952000,0 days 00:00:36.223000,0 days 00:00:19.809000,HARD,19.0,3.0,,,1,2.0,False,2025,Monaco,R,75.984,19.952,36.223,19.809,75.307,0.6769999999999925,75.039,0.9449999999999932,0.6769999999999925,80.124,78.159,1.9649999999999892,78.0,0.8846153846153846,28.0,0.6785714285714286,361.0,4761.0,0,0,1,0,0,0,1,0.0,0.0,19.0,27
NOR,McLaren,70.0,0 days 00:01:16.238000,0 days 00:00:19.813000,0 days 00:00:36.392000,0 days 00:00:20.033000,HARD,20.0,3.0,,,1,2.0,False,2025,Monaco,R,76.238,19.813,36.392,20.033,75.307,0.9309999999999974,75.039,1.198999999999998,0.9309999999999974,80.438,78.159,2.2789999999999964,78.0,0.8974358974358975,28.0,0.7142857142857143,400.0,4900.0,0,0,1,0,0,0,1,0.0,0.0,20.0,27
NOR,McLaren,71.0,0 days 00:01:16.362000,0 days 00:00:19.809000,0 days 00:00:36.315000,0 days 00:00:20.238000,HARD,21.0,3.0,,,1,2.0,False,2025,Monaco,R,76.362,19.809,36.315,20.238,75.307,1.0549999999999926,75.039,1.3229999999999933,1.0549999999999926,80.622,78.159,2.462999999999994,78.0,0.9102564102564102,28.0,0.75,441.0,5041.0,0,0,1,0,0,0,1,0.0,0.0,21.0,27
NOR,McLaren,72.0,0 days 00:01:16.380000,0 days 00:00:19.796000,0 days 00:00:36.583000,0 days 00:00:20.001000,HARD,22.0,3.0,,,1,2.0,False,2025,Monaco,R,76.38,19.796,36.583,20.001,75.307,1.0729999999999933,75.039,1.340999999999994,1.0729999999999933,80.69999999999999,78.159,2.5409999999999826,78.0,0.9230769230769231,28.0,0.7857142857142857,484.0,5184.0,0,0,1,0,0,0,1,0.0,0.0,22.0,27
NOR,McLaren,73.0,0 days 00:01:16.355000,0 days 00:00:19.899000,0 days 00:00:36.501000,0 days 00:00:19.955000,HARD,23.0,3.0,,,1,2.0,False,2025,Monaco,R,76.355,19.899,36.501,19.955,75.307,1.0480000000000018,75.039,1.3160000000000025,1.0480000000000018,80.735,78.159,2.5759999999999934,78.0,0.9358974358974359,28.0,0.8214285714285714,529.0,5329.0,0,0,1,0,0,0,1,0.0,0.0,23.0,27
NOR,McLaren,74.0,0 days 00:01:16.287000,0 days 00:00:19.624000,0 days 00:00:36.630000,0 days 00:00:20.033000,HARD,24.0,3.0,,,1,2.0,False,2025,Monaco,R,76.287,19.624,36.63,20.033,75.307,0.980000000000004,75.039,1.2480000000000047,0.980000000000004,80.727,78.159,2.567999999999998,78.0,0.9487179487179487,28.0,0.8571428571428571,576.0,5476.0,0,0,1,0,0,0,1,0.0,0.0,24.0,27
NOR,McLaren,75.0,0 days 00:01:16.405000,0 days 00:00:19.720000,0 days 00:00:36.667000,0 days 00:00:20.018000,HARD,25.0,3.0,,,1,2.0,False,2025,Monaco,R,76.405,19.72,36.667,20.018,75.307,1.097999999999999,75.039,1.3659999999999997,1.097999999999999,80.905,78.159,2.745999999999995,78.0,0.9615384615384616,28.0,0.8928571428571429,625.0,5625.0,0,0,1,0,0,0,1,0.0,0.0,25.0,27
NOR,McLaren,76.0,0 days 00:01:15.836000,0 days 00:00:19.502000,0 days 00:00:36.260000,0 days 00:00:20.074000,HARD,26.0,3.0,,,1,2.0,False,2025,Monaco,R,75.836,19.502,36.26,20.074,75.307,0.5289999999999964,75.039,0.796999999999997,0.5289999999999964,80.396,78.159,2.2369999999999948,78.0,0.9743589743589743,28.0,0.9285714285714286,676.0,5776.0,0,0,1,0,0,0,1,0.0,0.0,26.0,27
NOR,McLaren,77.0,0 days 00:01:15.717000,0 days 00:00:19.726000,0 days 00:00:36.279000,0 days 00:00:19.712000,HARD,27.0,3.0,,,1,1.0,False,2025,Monaco,R,75.717,19.726,36.279,19.712,75.307,0.4099999999999966,75.039,0.6779999999999973,0.4099999999999966,80.337,78.159,2.1779999999999973,78.0,0.9871794871794872,28.0,0.9642857142857143,729.0,5929.0,0,0,1,0,0,0,1,0.0,0.0,27.0,27
NOR,McLaren,78.0,0 days 00:01:13.221000,0 days 00:00:19.145000,0 days 00:00:34.697000,0 days 00:00:19.379000,HARD,28.0,3.0,,,1,1.0,False,2025,Monaco,R,73.221,19.145,34.697,19.379,75.307,2.0859999999999985,75.039,-1.8179999999999978,-2.0859999999999985,77.90100000000001,78.159,-0.25799999999999557,78.0,1.0,28.0,1.0,784.0,6084.0,0,0,1,0,0,0,1,0.0,0.0,28.0,27
OCO,Haas F1 Team,5.0,0 days 00:01:20.666000,0 days 00:00:21.232000,0 days 00:00:38.039000,0 days 00:00:21.395000,MEDIUM,5.0,1.0,,,1,8.0,False,2025,Monaco,R,80.666,21.232,38.039,21.395,77.401,3.2650000000000006,80.666,0.0,3.2650000000000006,80.966,80.966,0.0,78.0,0.0641025641025641,15.0,0.3333333333333333,25.0,25.0,1,0,0,1,0,1,0,0.0,5.0,0.0,11
OCO,Haas F1 Team,6.0,0 days 00:01:20.506000,0 days 00:00:21.421000,0 days 00:00:37.785000,0 days 00:00:21.300000,MEDIUM,6.0,1.0,,,1,8.0,False,2025,Monaco,R,80.506,21.421,37.785,21.3,77.401,3.105000000000004,80.666,-0.1599999999999966,3.105000000000004,80.866,80.966,-0.09999999999999432,78.0,0.07692307692307693,15.0,0.4,36.0,36.0,1,0,0,1,0,1,0,0.0,6.0,0.0,11
OCO,Haas F1 Team,7.0,0 days 00:01:20.545000,0 days 00:00:21.553000,0 days 00:00:37.696000,0 days 00:00:21.296000,MEDIUM,7.0,1.0,,,1,8.0,False,2025,Monaco,R,80.545,21.553,37.696,21.296,77.401,3.1440000000000055,80.666,-0.12099999999999511,3.1440000000000055,80.965,80.966,-0.000999999999990564,78.0,0.08974358974358974,15.0,0.4666666666666667,49.0,49.0,1,0,0,1,0,1,0,0.0,7.0,0.0,11
OCO,Haas F1 Team,8.0,0 days 00:01:19.207000,0 days 00:00:21.235000,0 days 00:00:37.131000,0 days 00:00:20.841000,MEDIUM,8.0,1.0,,,12,8.0,False,2025,Monaco,R,79.207,21.235,37.131,20.841,77.401,1.8059999999999974,80.666,-1.4590000000000032,1.8059999999999974,79.687,80.966,-1.2789999999999964,78.0,0.10256410256410256,15.0,0.5333333333333333,64.0,64.0,1,0,0,1,0,1,0,0.0,8.0,0.0,11
OCO,Haas F1 Team,9.0,0 days 00:01:22.712000,0 days 00:00:20.818000,0 days 00:00:40.656000,0 days 00:00:21.238000,MEDIUM,9.0,1.0,,,2,8.0,False,2025,Monaco,R,82.712,20.818,40.656,21.238,77.401,5.311000000000007,80.666,2.0460000000000065,5.311000000000007,83.25200000000001,80.966,2.2860000000000156,78.0,0.11538461538461539,15.0,0.6,81.0,81.0,1,0,0,1,0,1,0,0.0,9.0,0.0,11
OCO,Haas F1 Team,10.0,0 days 00:01:20.330000,0 days 00:00:20.367000,0 days 00:00:39.100000,0 days 00:00:20.863000,MEDIUM,10.0,1.0,,,2,8.0,False,2025,Monaco,R,80.33,20.367,39.1,20.863,77.401,2.929000000000002,80.666,-0.3359999999999985,2.929000000000002,80.92999999999999,80.966,-0.036000000000001364,78.0,0.1282051282051282,15.0,0.6666666666666666,100.0,100.0,1,0,0,1,0,1,0,0.0,10.0,0.0,11
OCO,Haas F1 Team,11.0,0 days 00:01:17.319000,0 days 00:00:20.474000,0 days 00:00:36.288000,0 days 00:00:20.557000,MEDIUM,11.0,1.0,,,21,8.0,False,2025,Monaco,R,77.319,20.474,36.288,20.557,77.401,0.08199999999999363,80.666,-3.346999999999994,-0.08199999999999363,77.979,80.966,-2.9869999999999948,78.0,0.14102564102564102,15.0,0.7333333333333333,121.0,121.0,1,0,0,1,0,1,0,0.0,11.0,0.0,11
OCO,Haas F1 Team,12.0,0 days 00:01:17.358000,0 days 00:00:20.435000,0 days 00:00:36.337000,0 days 00:00:20.586000,MEDIUM,12.0,1.0,,,1,8.0,False,2025,Monaco,R,77.358,20.435,36.337,20.586,77.401,0.042999999999992156,80.666,-3.3079999999999927,-0.042999999999992156,78.078,80.966,-2.887999999999991,78.0,0.15384615384615385,15.0,0.8,144.0,144.0,1,0,0,1,0,1,0,0.0,12.0,0.0,11
OCO,Haas F1 Team,13.0,0 days 00:01:17.241000,0 days 00:00:20.454000,0 days 00:00:36.265000,0 days 00:00:20.522000,MEDIUM,13.0,1.0,,,1,8.0,False,2025,Monaco,R,77.241,20.454,36.265,20.522,77.401,0.1599999999999966,80.666,-3.424999999999997,-0.1599999999999966,78.021,80.966,-2.944999999999993,78.0,0.16666666666666666,15.0,0.8666666666666667,169.0,169.0,1,0,0,1,0,1,0,0.0,13.0,0.0,11
OCO,Haas F1 Team,14.0,0 days 00:01:16.453000,0 days 00:00:20.265000,0 days 00:00:35.920000,0 days 00:00:20.268000,MEDIUM,14.0,1.0,,,1,7.0,False,2025,Monaco,R,76.453,20.265,35.92,20.268,77.401,0.9479999999999933,80.666,-4.212999999999994,-0.9479999999999933,77.293,80.966,-3.6729999999999876,78.0,0.1794871794871795,15.0,0.9333333333333333,196.0,196.0,1,0,0,1,0,1,0,0.0,14.0,0.0,11
OCO,Haas F1 Team,15.0,0 days 00:01:16.577000,0 days 00:00:20.254000,0 days 00:00:36.008000,0 days 00:00:20.315000,MEDIUM,15.0,1.0,,,1,7.0,False,2025,Monaco,R,76.577,20.254,36.008,20.315,77.401,0.8239999999999981,80.666,-4.088999999999999,-0.8239999999999981,77.477,80.966,-3.48899999999999,78.0,0.19230769230769232,15.0,1.0,225.0,225.0,1,0,0,1,0,1,0,0.0,15.0,0.0,11
OCO,Haas F1 Team,18.0,0 days 00:01:15.774000,0 days 00:00:20.058000,0 days 00:00:35.619000,0 days 00:00:20.097000,MEDIUM,6.0,2.0,,,1,8.0,False,2025,Monaco,R,75.774,20.058,35.619,20.097,77.401,1.6269999999999953,75.774,0.0,-1.6269999999999953,76.854,76.854,0.0,78.0,0.23076923076923078,15.0,0.4,36.0,324.0,0,1,0,1,0,1,0,0.0,6.0,0.0,10
OCO,Haas F1 Team,19.0,0 days 00:01:16.740000,0 days 00:00:20.229000,0 days 00:00:36.185000,0 days 00:00:20.326000,MEDIUM,7.0,2.0,,,1,7.0,False,2025,Monaco,R,76.74,20.229,36.185,20.326,77.401,0.6610000000000014,75.774,0.965999999999994,-0.6610000000000014,77.88,76.854,1.0259999999999962,78.0,0.24358974358974358,15.0,0.4666666666666667,49.0,361.0,0,1,0,1,0,1,0,0.0,7.0,0.0,10
OCO,Haas F1 Team,20.0,0 days 00:01:16.599000,0 days 00:00:20.106000,0 days 00:00:36.050000,0 days 00:00:20.443000,MEDIUM,8.0,2.0,,,1,7.0,False,2025,Monaco,R,76.599,20.106,36.05,20.443,77.401,0.8019999999999925,75.774,0.8250000000000028,-0.8019999999999925,77.799,76.854,0.9450000000000074,78.0,0.2564102564102564,15.0,0.5333333333333333,64.0,400.0,0,1,0,1,0,1,0,0.0,8.0,0.0,10
OCO,Haas F1 Team,21.0,0 days 00:01:17.503000,0 days 00:00:20.353000,0 days 00:00:36.552000,0 days 00:00:20.598000,MEDIUM,9.0,2.0,,,1,7.0,False,2025,Monaco,R,77.503,20.353,36.552,20.598,77.401,0.10200000000000387,75.774,1.7289999999999992,0.10200000000000387,78.763,76.854,1.909000000000006,78.0,0.2692307692307692,15.0,0.6,81.0,441.0,0,1,0,1,0,1,0,0.0,9.0,0.0,10
OCO,Haas F1 Team,22.0,0 days 00:01:18.500000,0 days 00:00:20.915000,0 days 00:00:36.690000,0 days 00:00:20.895000,MEDIUM,10.0,2.0,,,1,7.0,False,2025,Monaco,R,78.5,20.915,36.69,20.895,77.401,1.0990000000000038,75.774,2.725999999999999,1.0990000000000038,79.82,76.854,2.965999999999994,78.0,0.28205128205128205,15.0,0.6666666666666666,100.0,484.0,0,1,0,1,0,1,0,0.0,10.0,0.0,10
OCO,Haas F1 Team,23.0,0 days 00:01:18.075000,0 days 00:00:20.876000,0 days 00:00:36.624000,0 days 00:00:20.575000,MEDIUM,11.0,2.0,,,1,7.0,False,2025,Monaco,R,78.075,20.876,36.624,20.575,77.401,0.6740000000000066,75.774,2.301000000000002,0.6740000000000066,79.455,76.854,2.600999999999999,78.0,0.2948717948717949,15.0,0.7333333333333333,121.0,529.0,0,1,0,1,0,1,0,0.0,11.0,0.0,10
OCO,Haas F1 Team,24.0,0 days 00:01:17.911000,0 days 00:00:20.890000,0 days 00:00:36.443000,0 days 00:00:20.578000,MEDIUM,12.0,2.0,,,1,7.0,False,2025,Monaco,R,77.911,20.89,36.443,20.578,77.401,0.5100000000000051,75.774,2.1370000000000005,0.5100000000000051,79.351,76.854,2.497,78.0,0.3076923076923077,15.0,0.8,144.0,576.0,0,1,0,1,0,1,0,0.0,12.0,0.0,10
OCO,Haas F1 Team,25.0,0 days 00:01:17.720000,0 days 00:00:20.780000,0 days 00:00:36.314000,0 days 00:00:20.626000,MEDIUM,13.0,2.0,,,1,7.0,False,2025,Monaco,R,77.72,20.78,36.314,20.626,77.401,0.3190000000000026,75.774,1.945999999999998,0.3190000000000026,79.22,76.854,2.3659999999999997,78.0,0.32051282051282054,15.0,0.8666666666666667,169.0,625.0,0,1,0,1,0,1,0,0.0,13.0,0.0,10
OCO,Haas F1 Team,26.0,0 days 00:01:16.527000,0 days 00:00:20.253000,0 days 00:00:35.875000,0 days 00:00:20.399000,MEDIUM,14.0,2.0,,,1,7.0,False,2025,Monaco,R,76.527,20.253,35.875,20.399,77.401,0.8739999999999952,75.774,0.7530000000000001,-0.8739999999999952,78.087,76.854,1.233000000000004,78.0,0.3333333333333333,15.0,0.9333333333333333,196.0,676.0,0,1,0,0,0,1,0,0.0,14.0,0.0,10
OCO,Haas F1 Team,27.0,0 days 00:01:16.705000,0 days 00:00:20.106000,0 days 00:00:36.304000,0 days 00:00:20.295000,MEDIUM,15.0,2.0,,,1,7.0,False,2025,Monaco,R,76.705,20.106,36.304,20.295,77.401,0.695999999999998,75.774,0.9309999999999974,-0.695999999999998,78.325,76.854,1.4710000000000036,78.0,0.34615384615384615,15.0,1.0,225.0,729.0,0,1,0,0,0,1,0,0.0,15.0,0.0,10
OCO,Haas F1 Team,30.0,0 days 00:01:15.796000,0 days 00:00:20.146000,0 days 00:00:35.695000,0 days 00:00:19.955000,HARD,2.0,3.0,,,1,10.0,False,2025,Monaco,R,75.796,20.146,35.695,19.955,77.401,1.6049999999999898,75.796,0.0,-1.6049999999999898,77.596,77.596,0.0,78.0,0.38461538461538464,49.0,0.04081632653061224,4.0,900.0,0,0,0,0,0,0,1,0.0,0.0,2.0,48
OCO,Haas F1 Team,31.0,0 days 00:01:15.430000,0 days 00:00:19.890000,0 days 00:00:35.659000,0 days 00:00:19.881000,HARD,3.0,3.0,,,1,9.0,False,2025,Monaco,R,75.43,19.89,35.659,19.881,77.401,1.9709999999999894,75.796,-0.36599999999999966,-1.9709999999999894,77.29,77.596,-0.3059999999999974,78.0,0.3974358974358974,49.0,0.061224489795918366,9.0,961.0,0,0,0,0,0,0,1,0.0,0.0,3.0,48
OCO,Haas F1 Team,32.0,0 days 00:01:15.503000,0 days 00:00:19.884000,0 days 00:00:35.614000,0 days 00:00:20.005000,HARD,4.0,3.0,,,1,8.0,False,2025,Monaco,R,75.503,19.884,35.614,20.005,77.401,1.8979999999999961,75.796,-0.29300000000000637,-1.8979999999999961,77.423,77.596,-0.17300000000000182,78.0,0.41025641025641024,49.0,0.08163265306122448,16.0,1024.0,0,0,0,0,0,0,1,0.0,0.0,4.0,48
OCO,Haas F1 Team,33.0,0 days 00:01:15.220000,0 days 00:00:19.813000,0 days 00:00:35.529000,0 days 00:00:19.878000,HARD,5.0,3.0,,,1,8.0,False,2025,Monaco,R,75.22,19.813,35.529,19.878,77.401,2.1809999999999974,75.796,-0.5760000000000076,-2.1809999999999974,77.2,77.596,-0.3960000000000008,78.0,0.4230769230769231,49.0,0.10204081632653061,25.0,1089.0,0,0,0,0,0,0,1,0.0,0.0,5.0,48
OCO,Haas F1 Team,34.0,0 days 00:01:15.157000,0 days 00:00:19.852000,0 days 00:00:35.503000,0 days 00:00:19.802000,HARD,6.0,3.0,,,1,8.0,False,2025,Monaco,R,75.157,19.852,35.503,19.802,77.401,2.2439999999999998,75.796,-0.63900000000001,-2.2439999999999998,77.197,77.596,-0.3990000000000009,78.0,0.4358974358974359,49.0,0.12244897959183673,36.0,1156.0,0,0,0,0,0,0,1,0.0,0.0,6.0,48
OCO,Haas F1 Team,35.0,0 days 00:01:15.846000,0 days 00:00:19.915000,0 days 00:00:35.854000,0 days 00:00:20.077000,HARD,7.0,3.0,,,1,8.0,False,2025,Monaco,R,75.846,19.915,35.854,20.077,77.401,1.5549999999999926,75.796,0.04999999999999716,-1.5549999999999926,77.946,77.596,0.3499999999999943,78.0,0.44871794871794873,49.0,0.14285714285714285,49.0,1225.0,0,0,0,0,0,0,1,0.0,0.0,7.0,48
OCO,Haas F1 Team,36.0,0 days 00:01:16.149000,0 days 00:00:20.031000,0 days 00:00:35.933000,0 days 00:00:20.185000,HARD,8.0,3.0,,,1,8.0,False,2025,Monaco,R,76.149,20.031,35.933,20.185,77.401,1.2519999999999953,75.796,0.35299999999999443,-1.2519999999999953,78.309,77.596,0.7129999999999939,78.0,0.46153846153846156,49.0,0.16326530612244897,64.0,1296.0,0,0,0,0,0,0,1,0.0,0.0,8.0,48
OCO,Haas F1 Team,37.0,0 days 00:01:17.197000,0 days 00:00:19.982000,0 days 00:00:35.819000,0 days 00:00:21.396000,HARD,9.0,3.0,,,12,7.0,False,2025,Monaco,R,77.197,19.982,35.819,21.396,77.401,0.20399999999999352,75.796,1.4009999999999962,-0.20399999999999352,79.417,77.596,1.820999999999998,78.0,0.47435897435897434,49.0,0.1836734693877551,81.0,1369.0,0,0,0,0,0,0,1,0.0,0.0,9.0,48
OCO,Haas F1 Team,38.0,0 days 00:01:16.298000,0 days 00:00:20.164000,0 days 00:00:35.949000,0 days 00:00:20.185000,HARD,10.0,3.0,,,1,7.0,False,2025,Monaco,R,76.298,20.164,35.949,20.185,77.401,1.1029999999999944,75.796,0.5019999999999953,-1.1029999999999944,78.578,77.596,0.9819999999999993,78.0,0.48717948717948717,49.0,0.20408163265306123,100.0,1444.0,0,0,0,0,0,0,1,0.0,0.0,10.0,48
OCO,Haas F1 Team,39.0,0 days 00:01:18.410000,0 days 00:00:20.025000,0 days 00:00:36.375000,0 days 00:00:22.010000,HARD,11.0,3.0,,,1,7.0,False,2025,Monaco,R,78.41,20.025,36.375,22.01,77.401,1.0090000000000003,75.796,2.61399999999999,1.0090000000000003,80.75,77.596,3.1539999999999964,78.0,0.5,49.0,0.22448979591836735,121.0,1521.0,0,0,0,0,0,0,1,0.0,0.0,11.0,48
OCO,Haas F1 Team,40.0,0 days 00:01:16.525000,0 days 00:00:20.242000,0 days 00:00:36.050000,0 days 00:00:20.233000,HARD,12.0,3.0,,,1,7.0,False,2025,Monaco,R,76.525,20.242,36.05,20.233,77.401,0.8759999999999906,75.796,0.7289999999999992,-0.8759999999999906,78.92500000000001,77.596,1.3290000000000077,78.0,0.5128205128205128,49.0,0.24489795918367346,144.0,1600.0,0,0,0,0,0,0,1,0.0,0.0,12.0,48
OCO,Haas F1 Team,41.0,0 days 00:01:18.126000,0 days 00:00:21.236000,0 days 00:00:36.587000,0 days 00:00:20.303000,HARD,13.0,3.0,,,1,7.0,False,2025,Monaco,R,78.126,21.236,36.587,20.303,77.401,0.7250000000000085,75.796,2.3299999999999983,0.7250000000000085,80.586,77.596,2.989999999999995,78.0,0.5256410256410257,49.0,0.2653061224489796,169.0,1681.0,0,0,0,0,0,0,1,0.0,0.0,13.0,48
OCO,Haas F1 Team,42.0,0 days 00:01:16.240000,0 days 00:00:20.027000,0 days 00:00:36.054000,0 days 00:00:20.159000,HARD,14.0,3.0,,,1,7.0,False,2025,Monaco,R,76.24,20.027,36.054,20.159,77.401,1.1610000000000014,75.796,0.4439999999999884,-1.1610000000000014,78.75999999999999,77.596,1.1639999999999873,78.0,0.5384615384615384,49.0,0.2857142857142857,196.0,1764.0,0,0,0,0,0,0,1,0.0,0.0,14.0,48
OCO,Haas F1 Team,43.0,0 days 00:01:16.584000,0 days 00:00:20.091000,0 days 00:00:36.128000,0 days 00:00:20.365000,HARD,15.0,3.0,,,1,7.0,False,2025,Monaco,R,76.584,20.091,36.128,20.365,77.401,0.8169999999999931,75.796,0.7879999999999967,-0.8169999999999931,79.164,77.596,1.5679999999999978,78.0,0.5512820512820513,49.0,0.30612244897959184,225.0,1849.0,0,0,0,0,0,0,1,0.0,0.0,15.0,48
OCO,Haas F1 Team,44.0,0 days 00:01:17.324000,0 days 00:00:20.059000,0 days 00:00:36.137000,0 days 00:00:21.128000,HARD,16.0,3.0,,,1,7.0,False,2025,Monaco,R,77.324,20.059,36.137,21.128,77.401,0.07699999999999818,75.796,1.5279999999999916,-0.07699999999999818,79.964,77.596,2.367999999999995,78.0,0.5641025641025641,49.0,0.32653061224489793,256.0,1936.0,0,0,0,0,0,0,1,0.0,0.0,16.0,48
OCO,Haas F1 Team,45.0,0 days 00:01:18.452000,0 days 00:00:22.247000,0 days 00:00:36.095000,0 days 00:00:20.110000,HARD,17.0,3.0,,,1,7.0,False,2025,Monaco,R,78.452,22.247,36.095,20.11,77.401,1.051000000000002,75.796,2.6559999999999917,1.051000000000002,81.152,77.596,3.5559999999999974,78.0,0.5769230769230769,49.0,0.3469387755102041,289.0,2025.0,0,0,0,0,0,0,1,0.0,0.0,17.0,48
OCO,Haas F1 Team,46.0,0 days 00:01:17.007000,0 days 00:00:20.133000,0 days 00:00:36.480000,0 days 00:00:20.394000,HARD,18.0,3.0,,,1,7.0,False,2025,Monaco,R,77.007,20.133,36.48,20.394,77.401,0.39399999999999125,75.796,1.2109999999999985,-0.39399999999999125,79.76700000000001,77.596,2.1710000000000065,78.0,0.5897435897435898,49.0,0.3673469387755102,324.0,2116.0,0,0,0,0,0,0,1,0.0,0.0,18.0,48
OCO,Haas F1 Team,47.0,0 days 00:01:17.341000,0 days 00:00:20.376000,0 days 00:00:36.612000,0 days 00:00:20.353000,HARD,19.0,3.0,,,1,7.0,False,2025,Monaco,R,77.341,20.376,36.612,20.353,77.401,0.060000000000002274,75.796,1.5449999999999875,-0.060000000000002274,80.16099999999999,77.596,2.5649999999999835,78.0,0.6025641025641025,49.0,0.3877551020408163,361.0,2209.0,0,0,0,0,0,0,1,0.0,0.0,19.0,48
OCO,Haas F1 Team,48.0,0 days 00:01:18.068000,0 days 00:00:20.280000,0 days 00:00:36.707000,0 days 00:00:21.081000,HARD,20.0,3.0,,,1,7.0,False,2025,Monaco,R,78.068,20.28,36.707,21.081,77.401,0.6670000000000016,75.796,2.2719999999999914,0.6670000000000016,80.948,77.596,3.3519999999999897,78.0,0.6153846153846154,49.0,0.40816326530612246,400.0,2304.0,0,0,0,0,0,0,1,0.0,0.0,20.0,48
OCO,Haas F1 Team,49.0,0 days 00:01:18.235000,0 days 00:00:20.418000,0 days 00:00:36.994000,0 days 00:00:20.823000,HARD,21.0,3.0,,,1,7.0,False,2025,Monaco,R,78.235,20.418,36.994,20.823,77.401,0.8340000000000032,75.796,2.438999999999993,0.8340000000000032,81.175,77.596,3.5789999999999935,78.0,0.6282051282051282,49.0,0.42857142857142855,441.0,2401.0,0,0,0,0,0,0,1,0.0,0.0,21.0,48
OCO,Haas F1 Team,50.0,0 days 00:01:17.902000,0 days 00:00:20.286000,0 days 00:00:36.528000,0 days 00:00:21.088000,HARD,22.0,3.0,,,1,7.0,False,2025,Monaco,R,77.902,20.286,36.528,21.088,77.401,0.5010000000000048,75.796,2.1059999999999945,0.5010000000000048,80.902,77.596,3.3059999999999974,78.0,0.6410256410256411,49.0,0.4489795918367347,484.0,2500.0,0,0,0,0,0,0,1,0.0,0.0,22.0,48
OCO,Haas F1 Team,51.0,0 days 00:01:18.424000,0 days 00:00:21.578000,0 days 00:00:36.361000,0 days 00:00:20.485000,HARD,23.0,3.0,,,1,7.0,False,2025,Monaco,R,78.424,21.578,36.361,20.485,77.401,1.0230000000000103,75.796,2.628,1.0230000000000103,81.48400000000001,77.596,3.8880000000000052,78.0,0.6538461538461539,49.0,0.46938775510204084,529.0,2601.0,0,0,0,0,0,0,1,0.0,0.0,23.0,48
OCO,Haas F1 Team,52.0,0 days 00:01:17.450000,0 days 00:00:20.285000,0 days 00:00:36.589000,0 days 00:00:20.576000,HARD,24.0,3.0,,,1,7.0,False,2025,Monaco,R,77.45,20.285,36.589,20.576,77.401,0.049000000000006594,75.796,1.6539999999999964,0.049000000000006594,80.57000000000001,77.596,2.9740000000000038,78.0,0.6666666666666666,49.0,0.4897959183673469,576.0,2704.0,0,0,1,0,0,0,1,0.0,0.0,24.0,48
OCO,Haas F1 Team,53.0,0 days 00:01:19.133000,0 days 00:00:20.263000,0 days 00:00:38.469000,0 days 00:00:20.401000,HARD,25.0,3.0,,,1,7.0,False,2025,Monaco,R,79.133,20.263,38.469,20.401,77.401,1.7319999999999993,75.796,3.336999999999989,1.7319999999999993,82.31299999999999,77.596,4.7169999999999845,78.0,0.6794871794871795,49.0,0.5102040816326531,625.0,2809.0,0,0,1,0,0,0,1,0.0,0.0,25.0,48
OCO,Haas F1 Team,54.0,0 days 00:01:17.744000,0 days 00:00:20.137000,0 days 00:00:36.643000,0 days 00:00:20.964000,HARD,26.0,3.0,,,1,7.0,False,2025,Monaco,R,77.744,20.137,36.643,20.964,77.401,0.3430000000000035,75.796,1.9479999999999933,0.3430000000000035,80.984,77.596,3.387999999999991,78.0,0.6923076923076923,49.0,0.5306122448979592,676.0,2916.0,0,0,1,0,0,0,1,0.0,0.0,26.0,48
OCO,Haas F1 Team,55.0,0 days 00:01:18.492000,0 days 00:00:20.727000,0 days 00:00:36.891000,0 days 00:00:20.874000,HARD,27.0,3.0,,,1,7.0,False,2025,Monaco,R,78.492,20.727,36.891,20.874,77.401,1.0910000000000082,75.796,2.695999999999998,1.0910000000000082,81.792,77.596,4.195999999999998,78.0,0.7051282051282052,49.0,0.5510204081632653,729.0,3025.0,0,0,1,0,0,0,1,0.0,0.0,27.0,48
OCO,Haas F1 Team,56.0,0 days 00:01:17.541000,0 days 00:00:20.291000,0 days 00:00:36.624000,0 days 00:00:20.626000,HARD,28.0,3.0,,,1,7.0,False,2025,Monaco,R,77.541,20.291,36.624,20.626,77.401,0.14000000000000057,75.796,1.7449999999999903,0.14000000000000057,80.901,77.596,3.3049999999999926,78.0,0.717948717948718,49.0,0.5714285714285714,784.0,3136.0,0,0,1,0,0,0,1,0.0,0.0,28.0,48
OCO,Haas F1 Team,57.0,0 days 00:01:17.871000,0 days 00:00:20.587000,0 days 00:00:36.501000,0 days 00:00:20.783000,HARD,29.0,3.0,,,1,7.0,False,2025,Monaco,R,77.871,20.587,36.501,20.783,77.401,0.46999999999999886,75.796,2.0749999999999886,0.46999999999999886,81.291,77.596,3.694999999999993,78.0,0.7307692307692307,49.0,0.5918367346938775,841.0,3249.0,0,0,1,0,0,0,1,0.0,0.0,29.0,48
OCO,Haas F1 Team,58.0,0 days 00:01:17.184000,0 days 00:00:20.496000,0 days 00:00:36.266000,0 days 00:00:20.422000,HARD,30.0,3.0,,,1,7.0,False,2025,Monaco,R,77.184,20.496,36.266,20.422,77.401,0.21699999999999875,75.796,1.387999999999991,-0.21699999999999875,80.664,77.596,3.067999999999998,78.0,0.7435897435897436,49.0,0.6122448979591837,900.0,3364.0,0,0,1,0,0,0,1,0.0,0.0,30.0,48
OCO,Haas F1 Team,59.0,0 days 00:01:17.137000,0 days 00:00:20.175000,0 days 00:00:36.346000,0 days 00:00:20.616000,HARD,31.0,3.0,,,1,7.0,False,2025,Monaco,R,77.137,20.175,36.346,20.616,77.401,0.2639999999999958,75.796,1.340999999999994,-0.2639999999999958,80.677,77.596,3.081000000000003,78.0,0.7564102564102564,49.0,0.6326530612244898,961.0,3481.0,0,0,1,0,0,0,1,0.0,0.0,31.0,48
OCO,Haas F1 Team,60.0,0 days 00:01:17.606000,0 days 00:00:20.497000,0 days 00:00:36.507000,0 days 00:00:20.602000,HARD,32.0,3.0,,,1,7.0,False,2025,Monaco,R,77.606,20.497,36.507,20.602,77.401,0.2049999999999983,75.796,1.809999999999988,0.2049999999999983,81.20599999999999,77.596,3.609999999999985,78.0,0.7692307692307693,49.0,0.6530612244897959,1024.0,3600.0,0,0,1,0,0,0,1,0.0,0.0,32.0,48
OCO,Haas F1 Team,61.0,0 days 00:01:17.644000,0 days 00:00:20.395000,0 days 00:00:36.533000,0 days 00:00:20.716000,HARD,33.0,3.0,,,1,7.0,False,2025,Monaco,R,77.644,20.395,36.533,20.716,77.401,0.2430000000000092,75.796,1.847999999999999,0.2430000000000092,81.304,77.596,3.7079999999999984,78.0,0.782051282051282,49.0,0.673469387755102,1089.0,3721.0,0,0,1,0,0,0,1,0.0,0.0,33.0,48
OCO,Haas F1 Team,62.0,0 days 00:01:17.670000,0 days 00:00:20.410000,0 days 00:00:36.623000,0 days 00:00:20.637000,HARD,34.0,3.0,,,1,7.0,False,2025,Monaco,R,77.67,20.41,36.623,20.637,77.401,0.26900000000000546,75.796,1.8739999999999952,0.26900000000000546,81.39,77.596,3.793999999999997,78.0,0.7948717948717948,49.0,0.6938775510204082,1156.0,3844.0,0,0,1,0,0,0,1,0.0,0.0,34.0,48
OCO,Haas F1 Team,63.0,0 days 00:01:18.295000,0 days 00:00:20.590000,0 days 00:00:37.060000,0 days 00:00:20.645000,HARD,35.0,3.0,,,1,7.0,False,2025,Monaco,R,78.295,20.59,37.06,20.645,77.401,0.8940000000000055,75.796,2.4989999999999952,0.8940000000000055,82.075,77.596,4.478999999999999,78.0,0.8076923076923077,49.0,0.7142857142857143,1225.0,3969.0,0,0,1,0,0,0,1,0.0,0.0,35.0,48
OCO,Haas F1 Team,64.0,0 days 00:01:17.903000,0 days 00:00:20.366000,0 days 00:00:36.832000,0 days 00:00:20.705000,HARD,36.0,3.0,,,1,7.0,False,2025,Monaco,R,77.903,20.366,36.832,20.705,77.401,0.5020000000000095,75.796,2.1069999999999993,0.5020000000000095,81.74300000000001,77.596,4.147000000000006,78.0,0.8205128205128205,49.0,0.7346938775510204,1296.0,4096.0,0,0,1,0,0,0,1,0.0,0.0,36.0,48
OCO,Haas F1 Team,65.0,0 days 00:01:18.271000,0 days 00:00:20.534000,0 days 00:00:37.137000,0 days 00:00:20.600000,HARD,37.0,3.0,,,1,7.0,False,2025,Monaco,R,78.271,20.534,37.137,20.6,77.401,0.8700000000000045,75.796,2.4749999999999943,0.8700000000000045,82.171,77.596,4.575000000000003,78.0,0.8333333333333334,49.0,0.7551020408163265,1369.0,4225.0,0,0,1,0,0,0,1,0.0,0.0,37.0,48
OCO,Haas F1 Team,66.0,0 days 00:01:18.810000,0 days 00:00:20.307000,0 days 00:00:38.148000,0 days 00:00:20.355000,HARD,38.0,3.0,,,1,7.0,False,2025,Monaco,R,78.81,20.307,38.148,20.355,77.401,1.409000000000006,75.796,3.013999999999996,1.409000000000006,82.77,77.596,5.173999999999992,78.0,0.8461538461538461,49.0,0.7755102040816326,1444.0,4356.0,0,0,1,0,0,0,1,0.0,0.0,38.0,48
OCO,Haas F1 Team,67.0,0 days 00:01:17.401000,0 days 00:00:20.107000,0 days 00:00:36.907000,0 days 00:00:20.387000,HARD,39.0,3.0,,,1,7.0,False,2025,Monaco,R,77.401,20.107,36.907,20.387,77.401,0.0,75.796,1.6049999999999898,0.0,81.42099999999999,77.596,3.8249999999999886,78.0,0.8589743589743589,49.0,0.7959183673469388,1521.0,4489.0,0,0,1,0,0,0,1,0.0,0.0,39.0,48
OCO,Haas F1 Team,68.0,0 days 00:01:17.467000,0 days 00:00:20.331000,0 days 00:00:36.674000,0 days 00:00:20.462000,HARD,40.0,3.0,,,1,7.0,False,2025,Monaco,R,77.467,20.331,36.674,20.462,77.401,0.0660000000000025,75.796,1.6709999999999923,0.0660000000000025,81.547,77.596,3.9509999999999934,78.0,0.8717948717948718,49.0,0.8163265306122449,1600.0,4624.0,0,0,1,0,0,0,1,0.0,0.0,40.0,48
OCO,Haas F1 Team,69.0,0 days 00:01:16.985000,0 days 00:00:20.258000,0 days 00:00:36.407000,0 days 00:00:20.320000,HARD,41.0,3.0,,,1,7.0,False,2025,Monaco,R,76.985,20.258,36.407,20.32,77.401,0.4159999999999968,75.796,1.188999999999993,-0.4159999999999968,81.125,77.596,3.5289999999999964,78.0,0.8846153846153846,49.0,0.8367346938775511,1681.0,4761.0,0,0,1,0,0,0,1,0.0,0.0,41.0,48
OCO,Haas F1 Team,70.0,0 days 00:01:17.069000,0 days 00:00:20.208000,0 days 00:00:36.472000,0 days 00:00:20.389000,HARD,42.0,3.0,,,1,7.0,False,2025,Monaco,R,77.069,20.208,36.472,20.389,77.401,0.33199999999999363,75.796,1.2729999999999961,-0.33199999999999363,81.269,77.596,3.673000000000002,78.0,0.8974358974358975,49.0,0.8571428571428571,1764.0,4900.0,0,0,1,0,0,0,1,0.0,0.0,42.0,48
OCO,Haas F1 Team,71.0,0 days 00:01:16.828000,0 days 00:00:20.077000,0 days 00:00:36.416000,0 days 00:00:20.335000,HARD,43.0,3.0,,,1,7.0,False,2025,Monaco,R,76.828,20.077,36.416,20.335,77.401,0.5729999999999933,75.796,1.0319999999999965,-0.5729999999999933,81.08800000000001,77.596,3.4920000000000044,78.0,0.9102564102564102,49.0,0.8775510204081632,1849.0,5041.0,0,0,1,0,0,0,1,0.0,0.0,43.0,48
OCO,Haas F1 Team,72.0,0 days 00:01:16.768000,0 days 00:00:20.136000,0 days 00:00:36.239000,0 days 00:00:20.393000,HARD,44.0,3.0,,,1,7.0,False,2025,Monaco,R,76.768,20.136,36.239,20.393,77.401,0.6329999999999956,75.796,0.9719999999999942,-0.6329999999999956,81.088,77.596,3.4919999999999902,78.0,0.9230769230769231,49.0,0.8979591836734694,1936.0,5184.0,0,0,1,0,0,0,1,0.0,0.0,44.0,48
OCO,Haas F1 Team,73.0,0 days 00:01:16.652000,0 days 00:00:20.063000,0 days 00:00:36.313000,0 days 00:00:20.276000,HARD,45.0,3.0,,,1,7.0,False,2025,Monaco,R,76.652,20.063,36.313,20.276,77.401,0.7489999999999952,75.796,0.8559999999999945,-0.7489999999999952,81.032,77.596,3.435999999999993,78.0,0.9358974358974359,49.0,0.9183673469387755,2025.0,5329.0,0,0,1,0,0,0,1,0.0,0.0,45.0,48
OCO,Haas F1 Team,74.0,0 days 00:01:16.580000,0 days 00:00:20.025000,0 days 00:00:36.237000,0 days 00:00:20.318000,HARD,46.0,3.0,,,1,7.0,False,2025,Monaco,R,76.58,20.025,36.237,20.318,77.401,0.820999999999998,75.796,0.7839999999999918,-0.820999999999998,81.02,77.596,3.4239999999999924,78.0,0.9487179487179487,49.0,0.9387755102040817,2116.0,5476.0,0,0,1,0,0,0,1,0.0,0.0,46.0,48
OCO,Haas F1 Team,75.0,0 days 00:01:16.714000,0 days 00:00:20.114000,0 days 00:00:36.237000,0 days 00:00:20.363000,HARD,47.0,3.0,,,1,7.0,False,2025,Monaco,R,76.714,20.114,36.237,20.363,77.401,0.6869999999999976,75.796,0.9179999999999922,-0.6869999999999976,81.214,77.596,3.617999999999995,78.0,0.9615384615384616,49.0,0.9591836734693877,2209.0,5625.0,0,0,1,0,0,0,1,0.0,0.0,47.0,48
OCO,Haas F1 Team,76.0,0 days 00:01:16.604000,0 days 00:00:20.093000,0 days 00:00:36.305000,0 days 00:00:20.206000,HARD,48.0,3.0,,,1,7.0,False,2025,Monaco,R,76.604,20.093,36.305,20.206,77.401,0.796999999999997,75.796,0.8079999999999927,-0.796999999999997,81.164,77.596,3.567999999999998,78.0,0.9743589743589743,49.0,0.9795918367346939,2304.0,5776.0,0,0,1,0,0,0,1,0.0,0.0,48.0,48
OCO,Haas F1 Team,77.0,0 days 00:01:16.747000,0 days 00:00:19.953000,0 days 00:00:36.322000,0 days 00:00:20.472000,HARD,49.0,3.0,,,1,7.0,False,2025,Monaco,R,76.747,19.953,36.322,20.472,77.401,0.6539999999999964,75.796,0.9509999999999934,-0.6539999999999964,81.367,77.596,3.771000000000001,78.0,0.9871794871794872,49.0,1.0,2401.0,5929.0,0,0,1,0,0,0,1,0.0,0.0,49.0,48
PIA,McLaren,5.0,0 days 00:01:20.048000,0 days 00:00:20.991000,0 days 00:00:37.756000,0 days 00:00:21.301000,MEDIUM,5.0,1.0,,,1,3.0,False,2025,Monaco,R,80.048,20.991,37.756,21.301,75.20849999999999,4.839500000000015,80.048,0.0,4.839500000000015,80.348,80.348,0.0,78.0,0.0641025641025641,19.0,0.2631578947368421,25.0,25.0,1,0,0,1,0,1,0,0.0,5.0,0.0,15
PIA,McLaren,6.0,0 days 00:01:19.793000,0 days 00:00:20.928000,0 days 00:00:37.577000,0 days 00:00:21.288000,MEDIUM,6.0,1.0,,,1,3.0,False,2025,Monaco,R,79.793,20.928,37.577,21.288,75.20849999999999,4.58450000000002,80.048,-0.25499999999999545,4.58450000000002,80.153,80.348,-0.19499999999999318,78.0,0.07692307692307693,19.0,0.3157894736842105,36.0,36.0,1,0,0,1,0,1,0,0.0,6.0,0.0,15
PIA,McLaren,7.0,0 days 00:01:19.261000,0 days 00:00:20.688000,0 days 00:00:37.373000,0 days 00:00:21.200000,MEDIUM,7.0,1.0,,,1,3.0,False,2025,Monaco,R,79.261,20.688,37.373,21.2,75.20849999999999,4.052500000000009,80.048,-0.7870000000000061,4.052500000000009,79.681,80.348,-0.6670000000000016,78.0,0.08974358974358974,19.0,0.3684210526315789,49.0,49.0,1,0,0,1,0,1,0,0.0,7.0,0.0,15
PIA,McLaren,8.0,0 days 00:01:18.029000,0 days 00:00:20.392000,0 days 00:00:36.990000,0 days 00:00:20.647000,MEDIUM,8.0,1.0,,,12,3.0,False,2025,Monaco,R,78.029,20.392,36.99,20.647,75.20849999999999,2.8205000000000098,80.048,-2.0190000000000055,2.8205000000000098,78.509,80.348,-1.8389999999999986,78.0,0.10256410256410256,19.0,0.42105263157894735,64.0,64.0,1,0,0,1,0,1,0,0.0,8.0,0.0,15
PIA,McLaren,9.0,0 days 00:01:22.281000,0 days 00:00:20.243000,0 days 00:00:40.930000,0 days 00:00:21.108000,MEDIUM,9.0,1.0,,,2,3.0,False,2025,Monaco,R,82.281,20.243,40.93,21.108,75.20849999999999,7.072500000000019,80.048,2.233000000000004,7.072500000000019,82.82100000000001,80.348,2.473000000000013,78.0,0.11538461538461539,19.0,0.47368421052631576,81.0,81.0,1,0,0,1,0,1,0,0.0,9.0,0.0,15
PIA,McLaren,10.0,0 days 00:01:19.160000,0 days 00:00:20.161000,0 days 00:00:38.417000,0 days 00:00:20.582000,MEDIUM,10.0,1.0,,,2,3.0,False,2025,Monaco,R,79.16,20.161,38.417,20.582,75.20849999999999,3.95150000000001,80.048,-0.8880000000000052,3.95150000000001,79.75999999999999,80.348,-0.5880000000000081,78.0,0.1282051282051282,19.0,0.5263157894736842,100.0,100.0,1,0,0,1,0,1,0,0.0,10.0,0.0,15
PIA,McLaren,11.0,0 days 00:01:17.335000,0 days 00:00:19.958000,0 days 00:00:36.973000,0 days 00:00:20.404000,MEDIUM,11.0,1.0,,,21,3.0,False,2025,Monaco,R,77.335,19.958,36.973,20.404,75.20849999999999,2.126500000000007,80.048,-2.713000000000008,2.126500000000007,77.99499999999999,80.348,-2.3530000000000086,78.0,0.14102564102564102,19.0,0.5789473684210527,121.0,121.0,1,0,0,1,0,1,0,0.0,11.0,0.0,15
PIA,McLaren,12.0,0 days 00:01:17.393000,0 days 00:00:20.349000,0 days 00:00:36.354000,0 days 00:00:20.690000,MEDIUM,12.0,1.0,,,1,3.0,False,2025,Monaco,R,77.393,20.349,36.354,20.69,75.20849999999999,2.184500000000014,80.048,-2.655000000000001,2.184500000000014,78.113,80.348,-2.2349999999999994,78.0,0.15384615384615385,19.0,0.631578947368421,144.0,144.0,1,0,0,1,0,1,0,0.0,12.0,0.0,15
PIA,McLaren,13.0,0 days 00:01:16.748000,0 days 00:00:20.083000,0 days 00:00:36.218000,0 days 00:00:20.447000,MEDIUM,13.0,1.0,,,1,3.0,False,2025,Monaco,R,76.748,20.083,36.218,20.447,75.20849999999999,1.539500000000018,80.048,-3.299999999999997,1.539500000000018,77.528,80.348,-2.819999999999993,78.0,0.16666666666666666,19.0,0.6842105263157895,169.0,169.0,1,0,0,1,0,1,0,0.0,13.0,0.0,15
PIA,McLaren,14.0,0 days 00:01:16.412000,0 days 00:00:19.907000,0 days 00:00:36.040000,0 days 00:00:20.465000,MEDIUM,14.0,1.0,,,1,3.0,False,2025,Monaco,R,76.412,19.907,36.04,20.465,75.20849999999999,1.2035000000000196,80.048,-3.6359999999999957,1.2035000000000196,77.25200000000001,80.348,-3.0959999999999894,78.0,0.1794871794871795,19.0,0.7368421052631579,196.0,196.0,1,0,0,1,0,1,0,0.0,14.0,0.0,15
PIA,McLaren,15.0,0 days 00:01:15.522000,0 days 00:00:19.659000,0 days 00:00:35.481000,0 days 00:00:20.382000,MEDIUM,15.0,1.0,,,1,3.0,False,2025,Monaco,R,75.522,19.659,35.481,20.382,75.20849999999999,0.313500000000019,80.048,-4.525999999999996,0.313500000000019,76.42200000000001,80.348,-3.9259999999999877,78.0,0.19230769230769232,19.0,0.7894736842105263,225.0,225.0,1,0,0,1,0,1,0,0.0,15.0,0.0,15
PIA,McLaren,16.0,0 days 00:01:15.643000,0 days 00:00:19.859000,0 days 00:00:35.629000,0 days 00:00:20.155000,MEDIUM,16.0,1.0,,,1,3.0,False,2025,Monaco,R,75.643,19.859,35.629,20.155,75.20849999999999,0.4345000000000141,80.048,-4.405000000000001,0.4345000000000141,76.603,80.348,-3.7450000000000045,78.0,0.20512820512820512,19.0,0.8421052631578947,256.0,256.0,1,0,0,1,0,1,0,0.0,16.0,0.0,15
PIA,McLaren,17.0,0 days 00:01:15.457000,0 days 00:00:19.901000,0 days 00:00:35.528000,0 days 00:00:20.028000,MEDIUM,17.0,1.0,,,1,3.0,False,2025,Monaco,R,75.457,19.901,35.528,20.028,75.20849999999999,0.24850000000000705,80.048,-4.591000000000008,0.24850000000000705,76.47699999999999,80.348,-3.8710000000000093,78.0,0.21794871794871795,19.0,0.8947368421052632,289.0,289.0,1,0,0,1,0,1,0,0.0,17.0,0.0,15
PIA,McLaren,18.0,0 days 00:01:14.934000,0 days 00:00:19.613000,0 days 00:00:35.306000,0 days 00:00:20.015000,MEDIUM,18.0,1.0,,,1,3.0,False,2025,Monaco,R,74.934,19.613,35.306,20.015,75.20849999999999,0.2744999999999891,80.048,-5.114000000000004,-0.2744999999999891,76.014,80.348,-4.334000000000003,78.0,0.23076923076923078,19.0,0.9473684210526315,324.0,324.0,1,0,0,1,0,1,0,0.0,18.0,0.0,15
PIA,McLaren,19.0,0 days 00:01:15.049000,0 days 00:00:19.742000,0 days 00:00:35.276000,0 days 00:00:20.031000,MEDIUM,19.0,1.0,,,1,2.0,False,2025,Monaco,R,75.049,19.742,35.276,20.031,75.20849999999999,0.15949999999998,80.048,-4.998999999999995,-0.15949999999998,76.18900000000001,80.348,-4.158999999999992,78.0,0.24358974358974358,19.0,1.0,361.0,361.0,1,0,0,1,0,1,0,0.0,19.0,0.0,15
PIA,McLaren,22.0,0 days 00:01:13.818000,0 days 00:00:19.471000,0 days 00:00:34.823000,0 days 00:00:19.524000,HARD,2.0,2.0,,,1,4.0,False,2025,Monaco,R,73.818,19.471,34.823,19.524,75.20849999999999,1.3904999999999887,73.818,0.0,-1.3904999999999887,75.13799999999999,75.13799999999999,0.0,78.0,0.28205128205128205,27.0,0.07407407407407407,4.0,484.0,0,1,0,1,0,0,1,0.0,0.0,2.0,26
PIA,McLaren,23.0,0 days 00:01:17.790000,0 days 00:00:20.336000,0 days 00:00:37.090000,0 days 00:00:20.364000,HARD,3.0,2.0,,,1,4.0,False,2025,Monaco,R,77.79,20.336,37.09,20.364,75.20849999999999,2.5815000000000197,73.818,3.9720000000000084,2.5815000000000197,79.17,75.13799999999999,4.032000000000011,78.0,0.2948717948717949,27.0,0.1111111111111111,9.0,529.0,0,1,0,1,0,0,1,0.0,0.0,3.0,26
PIA,McLaren,24.0,0 days 00:01:15.487000,0 days 00:00:19.596000,0 days 00:00:35.585000,0 days 00:00:20.306000,HARD,4.0,2.0,,,1,4.0,False,2025,Monaco,R,75.487,19.596,35.585,20.306,75.20849999999999,0.2785000000000082,73.818,1.668999999999997,0.2785000000000082,76.92699999999999,75.13799999999999,1.7890000000000015,78.0,0.3076923076923077,27.0,0.14814814814814814,16.0,576.0,0,1,0,1,0,0,1,0.0,0.0,4.0,26
PIA,McLaren,25.0,0 days 00:01:14.940000,0 days 00:00:19.572000,0 days 00:00:35.376000,0 days 00:00:19.992000,HARD,5.0,2.0,,,1,4.0,False,2025,Monaco,R,74.94,19.572,35.376,19.992,75.20849999999999,0.26849999999998886,73.818,1.1219999999999999,-0.26849999999998886,76.44,75.13799999999999,1.3020000000000067,78.0,0.32051282051282054,27.0,0.18518518518518517,25.0,625.0,0,1,0,1,0,0,1,0.0,0.0,5.0,26
PIA,McLaren,26.0,0 days 00:01:14.960000,0 days 00:00:19.673000,0 days 00:00:35.504000,0 days 00:00:19.783000,HARD,6.0,2.0,,,1,4.0,False,2025,Monaco,R,74.96,19.673,35.504,19.783,75.20849999999999,0.24849999999999284,73.818,1.141999999999996,-0.24849999999999284,76.52,75.13799999999999,1.382000000000005,78.0,0.3333333333333333,27.0,0.2222222222222222,36.0,676.0,0,1,0,0,0,0,1,0.0,0.0,6.0,26
PIA,McLaren,27.0,0 days 00:01:14.772000,0 days 00:00:19.462000,0 days 00:00:35.412000,0 days 00:00:19.898000,HARD,7.0,2.0,,,1,4.0,False,2025,Monaco,R,74.772,19.462,35.412,19.898,75.20849999999999,0.436499999999981,73.818,0.9540000000000077,-0.436499999999981,76.39200000000001,75.13799999999999,1.254000000000019,78.0,0.34615384615384615,27.0,0.25925925925925924,49.0,729.0,0,1,0,0,0,0,1,0.0,0.0,7.0,26
PIA,McLaren,28.0,0 days 00:01:15.556000,0 days 00:00:19.964000,0 days 00:00:35.538000,0 days 00:00:20.054000,HARD,8.0,2.0,,,1,3.0,False,2025,Monaco,R,75.556,19.964,35.538,20.054,75.20849999999999,0.3475000000000108,73.818,1.7379999999999995,0.3475000000000108,77.236,75.13799999999999,2.098000000000013,78.0,0.358974358974359,27.0,0.2962962962962963,64.0,784.0,0,1,0,0,0,0,1,0.0,0.0,8.0,26
PIA,McLaren,29.0,0 days 00:01:14.736000,0 days 00:00:19.660000,0 days 00:00:35.330000,0 days 00:00:19.746000,HARD,9.0,2.0,,,1,3.0,False,2025,Monaco,R,74.736,19.66,35.33,19.746,75.20849999999999,0.4724999999999824,73.818,0.9180000000000064,-0.4724999999999824,76.476,75.13799999999999,1.338000000000008,78.0,0.3717948717948718,27.0,0.3333333333333333,81.0,841.0,0,1,0,0,0,0,1,0.0,0.0,9.0,26
PIA,McLaren,30.0,0 days 00:01:14.868000,0 days 00:00:19.704000,0 days 00:00:35.311000,0 days 00:00:19.853000,HARD,10.0,2.0,,,1,3.0,False,2025,Monaco,R,74.868,19.704,35.311,19.853,75.20849999999999,0.3404999999999916,73.818,1.0499999999999972,-0.3404999999999916,76.66799999999999,75.13799999999999,1.5300000000000011,78.0,0.38461538461538464,27.0,0.37037037037037035,100.0,900.0,0,1,0,0,0,0,1,0.0,0.0,10.0,26
PIA,McLaren,31.0,0 days 00:01:15.735000,0 days 00:00:19.918000,0 days 00:00:35.658000,0 days 00:00:20.159000,HARD,11.0,2.0,,,1,3.0,False,2025,Monaco,R,75.735,19.918,35.658,20.159,75.20849999999999,0.5265000000000128,73.818,1.9170000000000016,0.5265000000000128,77.595,75.13799999999999,2.457000000000008,78.0,0.3974358974358974,27.0,0.4074074074074074,121.0,961.0,0,1,0,0,0,0,1,0.0,0.0,11.0,26
PIA,McLaren,32.0,0 days 00:01:16.822000,0 days 00:00:20.047000,0 days 00:00:36.224000,0 days 00:00:20.551000,HARD,12.0,2.0,,,1,3.0,False,2025,Monaco,R,76.822,20.047,36.224,20.551,75.20849999999999,1.6135000000000161,73.818,3.004000000000005,1.6135000000000161,78.742,75.13799999999999,3.6040000000000134,78.0,0.41025641025641024,27.0,0.4444444444444444,144.0,1024.0,0,1,0,0,0,0,1,0.0,0.0,12.0,26
PIA,McLaren,33.0,0 days 00:01:16.325000,0 days 00:00:20.313000,0 days 00:00:35.811000,0 days 00:00:20.201000,HARD,13.0,2.0,,,1,3.0,False,2025,Monaco,R,76.325,20.313,35.811,20.201,75.20849999999999,1.1165000000000163,73.818,2.507000000000005,1.1165000000000163,78.305,75.13799999999999,3.167000000000016,78.0,0.4230769230769231,27.0,0.48148148148148145,169.0,1089.0,0,1,0,0,0,0,1,0.0,0.0,13.0,26
PIA,McLaren,34.0,0 days 00:01:15.947000,0 days 00:00:19.905000,0 days 00:00:36.040000,0 days 00:00:20.002000,HARD,14.0,2.0,,,1,3.0,False,2025,Monaco,R,75.947,19.905,36.04,20.002,75.20849999999999,0.7385000000000161,73.818,2.129000000000005,0.7385000000000161,77.98700000000001,75.13799999999999,2.849000000000018,78.0,0.4358974358974359,27.0,0.5185185185185185,196.0,1156.0,0,1,0,0,0,0,1,0.0,0.0,14.0,26
PIA,McLaren,35.0,0 days 00:01:14.819000,0 days 00:00:19.711000,0 days 00:00:35.286000,0 days 00:00:19.822000,HARD,15.0,2.0,,,1,3.0,False,2025,Monaco,R,74.819,19.711,35.286,19.822,75.20849999999999,0.38949999999998397,73.818,1.0010000000000048,-0.38949999999998397,76.919,75.13799999999999,1.781000000000006,78.0,0.44871794871794873,27.0,0.5555555555555556,225.0,1225.0,0,1,0,0,0,0,1,0.0,0.0,15.0,26
PIA,McLaren,36.0,0 days 00:01:15.107000,0 days 00:00:19.733000,0 days 00:00:35.397000,0 days 00:00:19.977000,HARD,16.0,2.0,,,1,3.0,False,2025,Monaco,R,75.107,19.733,35.397,19.977,75.20849999999999,0.10149999999998727,73.818,1.2890000000000015,-0.10149999999998727,77.267,75.13799999999999,2.129000000000005,78.0,0.46153846153846156,27.0,0.5925925925925926,256.0,1296.0,0,1,0,0,0,0,1,0.0,0.0,16.0,26
PIA,McLaren,37.0,0 days 00:01:15.396000,0 days 00:00:19.961000,0 days 00:00:35.652000,0 days 00:00:19.783000,HARD,17.0,2.0,,,1,3.0,False,2025,Monaco,R,75.396,19.961,35.652,19.783,75.20849999999999,0.1875000000000142,73.818,1.578000000000003,0.1875000000000142,77.616,75.13799999999999,2.4780000000000086,78.0,0.47435897435897434,27.0,0.6296296296296297,289.0,1369.0,0,1,0,0,0,0,1,0.0,0.0,17.0,26
PIA,McLaren,38.0,0 days 00:01:14.475000,0 days 00:00:19.590000,0 days 00:00:35.123000,0 days 00:00:19.762000,HARD,18.0,2.0,,,12,3.0,False,2025,Monaco,R,74.475,19.59,35.123,19.762,75.20849999999999,0.7334999999999923,73.818,0.6569999999999965,-0.7334999999999923,76.755,75.13799999999999,1.6170000000000044,78.0,0.48717948717948717,27.0,0.6666666666666666,324.0,1444.0,0,1,0,0,0,0,1,0.0,0.0,18.0,26
PIA,McLaren,39.0,0 days 00:01:14.594000,0 days 00:00:19.719000,0 days 00:00:35.247000,0 days 00:00:19.628000,HARD,19.0,2.0,,,1,3.0,False,2025,Monaco,R,74.594,19.719,35.247,19.628,75.20849999999999,0.6144999999999925,73.818,0.7759999999999962,-0.6144999999999925,76.934,75.13799999999999,1.7960000000000065,78.0,0.5,27.0,0.7037037037037037,361.0,1521.0,0,1,0,0,0,0,1,0.0,0.0,19.0,26
PIA,McLaren,40.0,0 days 00:01:14.344000,0 days 00:00:19.545000,0 days 00:00:35.107000,0 days 00:00:19.692000,HARD,20.0,2.0,,,1,3.0,False,2025,Monaco,R,74.344,19.545,35.107,19.692,75.20849999999999,0.8644999999999925,73.818,0.5259999999999962,-0.8644999999999925,76.744,75.13799999999999,1.6060000000000088,78.0,0.5128205128205128,27.0,0.7407407407407407,400.0,1600.0,0,1,0,0,0,0,1,0.0,0.0,20.0,26
PIA,McLaren,41.0,0 days 00:01:14.297000,0 days 00:00:19.593000,0 days 00:00:35.043000,0 days 00:00:19.661000,HARD,21.0,2.0,,,1,3.0,False,2025,Monaco,R,74.297,19.593,35.043,19.661,75.20849999999999,0.9114999999999895,73.818,0.4789999999999992,-0.9114999999999895,76.75699999999999,75.13799999999999,1.6189999999999998,78.0,0.5256410256410257,27.0,0.7777777777777778,441.0,1681.0,0,1,0,0,0,0,1,0.0,0.0,21.0,26
PIA,McLaren,42.0,0 days 00:01:14.137000,0 days 00:00:19.549000,0 days 00:00:34.932000,0 days 00:00:19.656000,HARD,22.0,2.0,,,1,3.0,False,2025,Monaco,R,74.137,19.549,34.932,19.656,75.20849999999999,1.0714999999999861,73.818,0.3190000000000026,-1.0714999999999861,76.657,75.13799999999999,1.5190000000000055,78.0,0.5384615384615384,27.0,0.8148148148148148,484.0,1764.0,0,1,0,0,0,0,1,0.0,0.0,22.0,26
PIA,McLaren,43.0,0 days 00:01:15.181000,0 days 00:00:19.945000,0 days 00:00:35.430000,0 days 00:00:19.806000,HARD,23.0,2.0,,,1,3.0,False,2025,Monaco,R,75.181,19.945,35.43,19.806,75.20849999999999,0.0274999999999892,73.818,1.3629999999999995,-0.0274999999999892,77.761,75.13799999999999,2.6230000000000047,78.0,0.5512820512820513,27.0,0.8518518518518519,529.0,1849.0,0,1,0,0,0,0,1,0.0,0.0,23.0,26
PIA,McLaren,44.0,0 days 00:01:14.676000,0 days 00:00:19.592000,0 days 00:00:35.189000,0 days 00:00:19.895000,HARD,24.0,2.0,,,1,3.0,False,2025,Monaco,R,74.676,19.592,35.189,19.895,75.20849999999999,0.5324999999999847,73.818,0.8580000000000041,-0.5324999999999847,77.316,75.13799999999999,2.1780000000000115,78.0,0.5641025641025641,27.0,0.8888888888888888,576.0,1936.0,0,1,0,0,0,0,1,0.0,0.0,24.0,26
PIA,McLaren,45.0,0 days 00:01:15.124000,0 days 00:00:19.641000,0 days 00:00:35.314000,0 days 00:00:20.169000,HARD,25.0,2.0,,,1,3.0,False,2025,Monaco,R,75.124,19.641,35.314,20.169,75.20849999999999,0.08449999999999136,73.818,1.3059999999999974,-0.08449999999999136,77.824,75.13799999999999,2.686000000000007,78.0,0.5769230769230769,27.0,0.9259259259259259,625.0,2025.0,0,1,0,0,0,0,1,0.0,0.0,25.0,26
PIA,McLaren,46.0,0 days 00:01:14.875000,0 days 00:00:19.650000,0 days 00:00:35.224000,0 days 00:00:20.001000,HARD,26.0,2.0,,,1,3.0,False,2025,Monaco,R,74.875,19.65,35.224,20.001,75.20849999999999,0.3334999999999866,73.818,1.0570000000000022,-0.3334999999999866,77.635,75.13799999999999,2.497000000000014,78.0,0.5897435897435898,27.0,0.9629629629629629,676.0,2116.0,0,1,0,0,0,0,1,0.0,0.0,26.0,26
PIA,McLaren,47.0,0 days 00:01:14.092000,0 days 00:00:19.437000,0 days 00:00:34.965000,0 days 00:00:19.690000,HARD,27.0,2.0,,,1,3.0,False,2025,Monaco,R,74.092,19.437,34.965,19.69,75.20849999999999,1.1164999999999878,73.818,0.2740000000000009,-1.1164999999999878,76.91199999999999,75.13799999999999,1.774000000000001,78.0,0.6025641025641025,27.0,1.0,729.0,2209.0,0,1,0,0,0,0,1,0.0,0.0,27.0,26
PIA,McLaren,50.0,0 days 00:01:14.121000,0 days 00:00:19.600000,0 days 00:00:35.031000,0 days 00:00:19.490000,HARD,2.0,3.0,,,1,4.0,False,2025,Monaco,R,74.121,19.6,35.031,19.49,75.20849999999999,1.0874999999999915,74.121,0.0,-1.0874999999999915,77.121,77.121,0.0,78.0,0.6410256410256411,30.0,0.06666666666666667,4.0,2500.0,0,0,0,0,0,0,1,0.0,0.0,2.0,29
PIA,McLaren,51.0,0 days 00:01:14.713000,0 days 00:00:19.553000,0 days 00:00:35.417000,0 days 00:00:19.743000,HARD,3.0,3.0,,,1,4.0,False,2025,Monaco,R,74.713,19.553,35.417,19.743,75.20849999999999,0.4954999999999927,74.121,0.5919999999999987,-0.4954999999999927,77.773,77.121,0.652000000000001,78.0,0.6538461538461539,30.0,0.1,9.0,2601.0,0,0,0,0,0,0,1,0.0,0.0,3.0,29
PIA,McLaren,52.0,0 days 00:01:14.087000,0 days 00:00:19.495000,0 days 00:00:35.077000,0 days 00:00:19.515000,HARD,4.0,3.0,,,1,4.0,False,2025,Monaco,R,74.087,19.495,35.077,19.515,75.20849999999999,1.1214999999999833,74.121,-0.033999999999991815,-1.1214999999999833,77.20700000000001,77.121,0.08600000000001273,78.0,0.6666666666666666,30.0,0.13333333333333333,16.0,2704.0,0,0,1,0,0,0,1,0.0,0.0,4.0,29
PIA,McLaren,53.0,0 days 00:01:14.004000,0 days 00:00:19.488000,0 days 00:00:34.923000,0 days 00:00:19.593000,HARD,5.0,3.0,,,1,4.0,False,2025,Monaco,R,74.004,19.488,34.923,19.593,75.20849999999999,1.2044999999999817,74.121,-0.11699999999999022,-1.2044999999999817,77.184,77.121,0.06300000000000239,78.0,0.6794871794871795,30.0,0.16666666666666666,25.0,2809.0,0,0,1,0,0,0,1,0.0,0.0,5.0,29
PIA,McLaren,54.0,0 days 00:01:14.703000,0 days 00:00:19.494000,0 days 00:00:35.193000,0 days 00:00:20.016000,HARD,6.0,3.0,,,1,4.0,False,2025,Monaco,R,74.703,19.494,35.193,20.016,75.20849999999999,0.5054999999999836,74.121,0.5820000000000078,-0.5054999999999836,77.943,77.121,0.8220000000000027,78.0,0.6923076923076923,30.0,0.2,36.0,2916.0,0,0,1,0,0,0,1,0.0,0.0,6.0,29
PIA,McLaren,55.0,0 days 00:01:16.244000,0 days 00:00:19.588000,0 days 00:00:36.149000,0 days 00:00:20.507000,HARD,7.0,3.0,,,1,4.0,False,2025,Monaco,R,76.244,19.588,36.149,20.507,75.20849999999999,1.0355000000000132,74.121,2.1230000000000047,1.0355000000000132,79.544,77.121,2.423000000000002,78.0,0.7051282051282052,30.0,0.23333333333333334,49.0,3025.0,0,0,1,0,0,0,1,0.0,0.0,7.0,29
PIA,McLaren,56.0,0 days 00:01:15.113000,0 days 00:00:19.647000,0 days 00:00:35.685000,0 days 00:00:19.781000,HARD,8.0,3.0,,,1,4.0,False,2025,Monaco,R,75.113,19.647,35.685,19.781,75.20849999999999,0.09549999999998704,74.121,0.9920000000000044,-0.09549999999998704,78.473,77.121,1.3520000000000039,78.0,0.717948717948718,30.0,0.26666666666666666,64.0,3136.0,0,0,1,0,0,0,1,0.0,0.0,8.0,29
PIA,McLaren,57.0,0 days 00:01:14.810000,0 days 00:00:19.566000,0 days 00:00:35.210000,0 days 00:00:20.034000,HARD,9.0,3.0,,,1,4.0,False,2025,Monaco,R,74.81,19.566,35.21,20.034,75.20849999999999,0.3984999999999843,74.121,0.6890000000000072,-0.3984999999999843,78.23,77.121,1.1090000000000089,78.0,0.7307692307692307,30.0,0.3,81.0,3249.0,0,0,1,0,0,0,1,0.0,0.0,9.0,29
PIA,McLaren,58.0,0 days 00:01:14.830000,0 days 00:00:19.430000,0 days 00:00:35.583000,0 days 00:00:19.817000,HARD,10.0,3.0,,,1,4.0,False,2025,Monaco,R,74.83,19.43,35.583,19.817,75.20849999999999,0.3784999999999883,74.121,0.7090000000000032,-0.3784999999999883,78.31,77.121,1.1890000000000072,78.0,0.7435897435897436,30.0,0.3333333333333333,100.0,3364.0,0,0,1,0,0,0,1,0.0,0.0,10.0,29
PIA,McLaren,59.0,0 days 00:01:13.916000,0 days 00:00:19.441000,0 days 00:00:34.975000,0 days 00:00:19.500000,HARD,11.0,3.0,,,1,4.0,False,2025,Monaco,R,73.916,19.441,34.975,19.5,75.20849999999999,1.2924999999999898,74.121,-0.2049999999999983,-1.2924999999999898,77.456,77.121,0.33500000000000796,78.0,0.7564102564102564,30.0,0.36666666666666664,121.0,3481.0,0,0,1,0,0,0,1,0.0,0.0,11.0,29
PIA,McLaren,60.0,0 days 00:01:13.745000,0 days 00:00:19.388000,0 days 00:00:34.787000,0 days 00:00:19.570000,HARD,12.0,3.0,,,1,4.0,False,2025,Monaco,R,73.745,19.388,34.787,19.57,75.20849999999999,1.463499999999982,74.121,-0.37599999999999056,-1.463499999999982,77.345,77.121,0.22400000000000375,78.0,0.7692307692307693,30.0,0.4,144.0,3600.0,0,0,1,0,0,0,1,0.0,0.0,12.0,29
PIA,McLaren,61.0,0 days 00:01:14.485000,0 days 00:00:19.609000,0 days 00:00:35.308000,0 days 00:00:19.568000,HARD,13.0,3.0,,,1,4.0,False,2025,Monaco,R,74.485,19.609,35.308,19.568,75.20849999999999,0.7234999999999872,74.121,0.3640000000000043,-0.7234999999999872,78.145,77.121,1.024000000000001,78.0,0.782051282051282,30.0,0.43333333333333335,169.0,3721.0,0,0,1,0,0,0,1,0.0,0.0,13.0,29
PIA,McLaren,62.0,0 days 00:01:15.213000,0 days 00:00:19.766000,0 days 00:00:35.648000,0 days 00:00:19.799000,HARD,14.0,3.0,,,1,4.0,False,2025,Monaco,R,75.213,19.766,35.648,19.799,75.20849999999999,0.004500000000007276,74.121,1.0919999999999987,0.004500000000007276,78.93299999999999,77.121,1.8119999999999976,78.0,0.7948717948717948,30.0,0.4666666666666667,196.0,3844.0,0,0,1,0,0,0,1,0.0,0.0,14.0,29
PIA,McLaren,63.0,0 days 00:01:14.381000,0 days 00:00:19.413000,0 days 00:00:35.218000,0 days 00:00:19.750000,HARD,15.0,3.0,,,1,4.0,False,2025,Monaco,R,74.381,19.413,35.218,19.75,75.20849999999999,0.8274999999999864,74.121,0.2600000000000051,-0.8274999999999864,78.161,77.121,1.0400000000000063,78.0,0.8076923076923077,30.0,0.5,225.0,3969.0,0,0,1,0,0,0,1,0.0,0.0,15.0,29
PIA,McLaren,64.0,0 days 00:01:15.204000,0 days 00:00:19.632000,0 days 00:00:35.718000,0 days 00:00:19.854000,HARD,16.0,3.0,,,1,4.0,False,2025,Monaco,R,75.204,19.632,35.718,19.854,75.20849999999999,0.004499999999993065,74.121,1.0829999999999984,-0.004499999999993065,79.044,77.121,1.9230000000000018,78.0,0.8205128205128205,30.0,0.5333333333333333,256.0,4096.0,0,0,1,0,0,0,1,0.0,0.0,16.0,29
PIA,McLaren,65.0,0 days 00:01:14.661000,0 days 00:00:19.584000,0 days 00:00:35.332000,0 days 00:00:19.745000,HARD,17.0,3.0,,,1,4.0,False,2025,Monaco,R,74.661,19.584,35.332,19.745,75.20849999999999,0.5474999999999852,74.121,0.5400000000000063,-0.5474999999999852,78.561,77.121,1.440000000000012,78.0,0.8333333333333334,30.0,0.5666666666666667,289.0,4225.0,0,0,1,0,0,0,1,0.0,0.0,17.0,29
PIA,McLaren,66.0,0 days 00:01:15.106000,0 days 00:00:19.756000,0 days 00:00:35.453000,0 days 00:00:19.897000,HARD,18.0,3.0,,,1,4.0,False,2025,Monaco,R,75.106,19.756,35.453,19.897,75.20849999999999,0.10249999999999204,74.121,0.9849999999999994,-0.10249999999999204,79.06599999999999,77.121,1.9449999999999932,78.0,0.8461538461538461,30.0,0.6,324.0,4356.0,0,0,1,0,0,0,1,0.0,0.0,18.0,29
PIA,McLaren,67.0,0 days 00:01:15.014000,0 days 00:00:19.698000,0 days 00:00:35.531000,0 days 00:00:19.785000,HARD,19.0,3.0,,,1,4.0,False,2025,Monaco,R,75.014,19.698,35.531,19.785,75.20849999999999,0.1944999999999908,74.121,0.8930000000000007,-0.1944999999999908,79.03399999999999,77.121,1.9129999999999967,78.0,0.8589743589743589,30.0,0.6333333333333333,361.0,4489.0,0,0,1,0,0,0,1,0.0,0.0,19.0,29
PIA,McLaren,68.0,0 days 00:01:15.260000,0 days 00:00:19.799000,0 days 00:00:35.538000,0 days 00:00:19.923000,HARD,20.0,3.0,,,1,4.0,False,2025,Monaco,R,75.26,19.799,35.538,19.923,75.20849999999999,0.05150000000001853,74.121,1.13900000000001,0.05150000000001853,79.34,77.121,2.2190000000000083,78.0,0.8717948717948718,30.0,0.6666666666666666,400.0,4624.0,0,0,1,0,0,0,1,0.0,0.0,20.0,29
PIA,McLaren,69.0,0 days 00:01:15.638000,0 days 00:00:19.802000,0 days 00:00:35.773000,0 days 00:00:20.063000,HARD,21.0,3.0,,,1,4.0,False,2025,Monaco,R,75.638,19.802,35.773,20.063,75.20849999999999,0.42950000000001864,74.121,1.5170000000000101,0.42950000000001864,79.778,77.121,2.6570000000000107,78.0,0.8846153846153846,30.0,0.7,441.0,4761.0,0,0,1,0,0,0,1,0.0,0.0,21.0,29
PIA,McLaren,70.0,0 days 00:01:15.899000,0 days 00:00:19.878000,0 days 00:00:35.900000,0 days 00:00:20.121000,HARD,22.0,3.0,,,1,4.0,False,2025,Monaco,R,75.899,19.878,35.9,20.121,75.20849999999999,0.6905000000000143,74.121,1.7780000000000058,0.6905000000000143,80.099,77.121,2.9780000000000086,78.0,0.8974358974358975,30.0,0.7333333333333333,484.0,4900.0,0,0,1,0,0,0,1,0.0,0.0,22.0,29
PIA,McLaren,71.0,0 days 00:01:15.595000,0 days 00:00:19.854000,0 days 00:00:35.740000,0 days 00:00:20.001000,HARD,23.0,3.0,,,1,4.0,False,2025,Monaco,R,75.595,19.854,35.74,20.001,75.20849999999999,0.3865000000000123,74.121,1.4740000000000038,0.3865000000000123,79.855,77.121,2.734000000000009,78.0,0.9102564102564102,30.0,0.7666666666666667,529.0,5041.0,0,0,1,0,0,0,1,0.0,0.0,23.0,29
PIA,McLaren,72.0,0 days 00:01:16.141000,0 days 00:00:19.782000,0 days 00:00:36.017000,0 days 00:00:20.342000,HARD,24.0,3.0,,,1,4.0,False,2025,Monaco,R,76.141,19.782,36.017,20.342,75.20849999999999,0.9325000000000188,74.121,2.0200000000000102,0.9325000000000188,80.46100000000001,77.121,3.3400000000000176,78.0,0.9230769230769231,30.0,0.8,576.0,5184.0,0,0,1,0,0,0,1,0.0,0.0,24.0,29
PIA,McLaren,73.0,0 days 00:01:16.214000,0 days 00:00:19.997000,0 days 00:00:35.932000,0 days 00:00:20.285000,HARD,25.0,3.0,,,1,4.0,False,2025,Monaco,R,76.214,19.997,35.932,20.285,75.20849999999999,1.005500000000012,74.121,2.0930000000000035,1.005500000000012,80.594,77.121,3.472999999999999,78.0,0.9358974358974359,30.0,0.8333333333333334,625.0,5329.0,0,0,1,0,0,0,1,0.0,0.0,25.0,29
PIA,McLaren,74.0,0 days 00:01:16.193000,0 days 00:00:19.885000,0 days 00:00:35.966000,0 days 00:00:20.342000,HARD,26.0,3.0,,,1,4.0,False,2025,Monaco,R,76.193,19.885,35.966,20.342,75.20849999999999,0.9845000000000113,74.121,2.0720000000000027,0.9845000000000113,80.633,77.121,3.5120000000000005,78.0,0.9487179487179487,30.0,0.8666666666666667,676.0,5476.0,0,0,1,0,0,0,1,0.0,0.0,26.0,29
PIA,McLaren,75.0,0 days 00:01:16.139000,0 days 00:00:19.950000,0 days 00:00:35.959000,0 days 00:00:20.230000,HARD,27.0,3.0,,,1,4.0,False,2025,Monaco,R,76.139,19.95,35.959,20.23,75.20849999999999,0.9305000000000092,74.121,2.0180000000000007,0.9305000000000092,80.639,77.121,3.5180000000000007,78.0,0.9615384615384616,30.0,0.9,729.0,5625.0,0,0,1,0,0,0,1,0.0,0.0,27.0,29
PIA,McLaren,76.0,0 days 00:01:15.909000,0 days 00:00:19.837000,0 days 00:00:35.742000,0 days 00:00:20.330000,HARD,28.0,3.0,,,1,4.0,False,2025,Monaco,R,75.909,19.837,35.742,20.33,75.20849999999999,0.7005000000000194,74.121,1.788000000000011,0.7005000000000194,80.46900000000001,77.121,3.348000000000013,78.0,0.9743589743589743,30.0,0.9333333333333333,784.0,5776.0,0,0,1,0,0,0,1,0.0,0.0,28.0,29
PIA,McLaren,77.0,0 days 00:01:16.523000,0 days 00:00:19.877000,0 days 00:00:36.311000,0 days 00:00:20.335000,HARD,29.0,3.0,,,1,3.0,False,2025,Monaco,R,76.523,19.877,36.311,20.335,75.20849999999999,1.3145000000000095,74.121,2.402000000000001,1.3145000000000095,81.143,77.121,4.022000000000006,78.0,0.9871794871794872,30.0,0.9666666666666667,841.0,5929.0,0,0,1,0,0,0,1,0.0,0.0,29.0,29
PIA,McLaren,78.0,0 days 00:01:15.020000,0 days 00:00:19.798000,0 days 00:00:35.361000,0 days 00:00:19.861000,HARD,30.0,3.0,,,1,3.0,False,2025,Monaco,R,75.02,19.798,35.361,19.861,75.20849999999999,0.18849999999999056,74.121,0.8990000000000009,-0.18849999999999056,79.69999999999999,77.121,2.5789999999999935,78.0,1.0,30.0,1.0,900.0,6084.0,0,0,1,0,0,0,1,0.0,0.0,30.0,29
RUS,Mercedes,5.0,0 days 00:01:20.576000,0 days 00:00:21.536000,0 days 00:00:37.379000,0 days 00:00:21.661000,HARD,5.0,1.0,,,1,13.0,False,2025,Monaco,R,80.576,21.536,37.379,21.661,78.913,1.6629999999999967,80.576,0.0,1.6629999999999967,80.87599999999999,80.87599999999999,0.0,78.0,0.0641025641025641,52.0,0.09615384615384616,25.0,25.0,1,0,0,1,0,0,1,0.0,0.0,5.0,46
RUS,Mercedes,6.0,0 days 00:01:20.750000,0 days 00:00:21.474000,0 days 00:00:37.683000,0 days 00:00:21.593000,HARD,6.0,1.0,,,1,13.0,False,2025,Monaco,R,80.75,21.474,37.683,21.593,78.913,1.8370000000000033,80.576,0.1740000000000066,1.8370000000000033,81.11,80.87599999999999,0.23400000000000887,78.0,0.07692307692307693,52.0,0.11538461538461539,36.0,36.0,1,0,0,1,0,0,1,0.0,0.0,6.0,46
RUS,Mercedes,7.0,0 days 00:01:21.214000,0 days 00:00:21.597000,0 days 00:00:37.853000,0 days 00:00:21.764000,HARD,7.0,1.0,,,1,13.0,False,2025,Monaco,R,81.214,21.597,37.853,21.764,78.913,2.301000000000002,80.576,0.6380000000000052,2.301000000000002,81.634,80.87599999999999,0.7580000000000098,78.0,0.08974358974358974,52.0,0.1346153846153846,49.0,49.0,1,0,0,1,0,0,1,0.0,0.0,7.0,46
RUS,Mercedes,8.0,0 days 00:01:20.793000,0 days 00:00:21.517000,0 days 00:00:37.737000,0 days 00:00:21.539000,HARD,8.0,1.0,,,12,13.0,False,2025,Monaco,R,80.793,21.517,37.737,21.539,78.913,1.8800000000000097,80.576,0.21700000000001296,1.8800000000000097,81.27300000000001,80.87599999999999,0.3970000000000198,78.0,0.10256410256410256,52.0,0.15384615384615385,64.0,64.0,1,0,0,1,0,0,1,0.0,0.0,8.0,46
RUS,Mercedes,9.0,0 days 00:01:23.390000,0 days 00:00:20.929000,0 days 00:00:40.252000,0 days 00:00:22.209000,HARD,9.0,1.0,,,2,13.0,False,2025,Monaco,R,83.39,20.929,40.252,22.209,78.913,4.477000000000004,80.576,2.814000000000007,4.477000000000004,83.93,80.87599999999999,3.0540000000000163,78.0,0.11538461538461539,52.0,0.17307692307692307,81.0,81.0,1,0,0,1,0,0,1,0.0,0.0,9.0,46
RUS,Mercedes,10.0,0 days 00:01:21.501000,0 days 00:00:21.355000,0 days 00:00:38.625000,0 days 00:00:21.521000,HARD,10.0,1.0,,,2,13.0,False,2025,Monaco,R,81.501,21.355,38.625,21.521,78.913,2.588000000000008,80.576,0.9250000000000114,2.588000000000008,82.101,80.87599999999999,1.2250000000000085,78.0,0.1282051282051282,52.0,0.19230769230769232,100.0,100.0,1,0,0,1,0,0,1,0.0,0.0,10.0,46
RUS,Mercedes,11.0,0 days 00:01:19.853000,0 days 00:00:21.311000,0 days 00:00:37.353000,0 days 00:00:21.189000,HARD,11.0,1.0,,,21,13.0,False,2025,Monaco,R,79.853,21.311,37.353,21.189,78.913,0.9399999999999977,80.576,-0.722999999999999,0.9399999999999977,80.51299999999999,80.87599999999999,-0.36299999999999955,78.0,0.14102564102564102,52.0,0.21153846153846154,121.0,121.0,1,0,0,1,0,0,1,0.0,0.0,11.0,46
RUS,Mercedes,12.0,0 days 00:01:19.726000,0 days 00:00:21.052000,0 days 00:00:37.456000,0 days 00:00:21.218000,HARD,12.0,1.0,,,1,12.0,False,2025,Monaco,R,79.726,21.052,37.456,21.218,78.913,0.8130000000000024,80.576,-0.8499999999999943,0.8130000000000024,80.446,80.87599999999999,-0.4299999999999926,78.0,0.15384615384615385,52.0,0.23076923076923078,144.0,144.0,1,0,0,1,0,0,1,0.0,0.0,12.0,46
RUS,Mercedes,13.0,0 days 00:01:18.901000,0 days 00:00:20.928000,0 days 00:00:36.921000,0 days 00:00:21.052000,HARD,13.0,1.0,,,1,12.0,False,2025,Monaco,R,78.901,20.928,36.921,21.052,78.913,0.012000000000000455,80.576,-1.6749999999999972,-0.012000000000000455,79.681,80.87599999999999,-1.1949999999999932,78.0,0.16666666666666666,52.0,0.25,169.0,169.0,1,0,0,1,0,0,1,0.0,0.0,13.0,46
RUS,Mercedes,14.0,0 days 00:01:19.247000,0 days 00:00:21.028000,0 days 00:00:37.128000,0 days 00:00:21.091000,HARD,14.0,1.0,,,1,12.0,False,2025,Monaco,R,79.247,21.028,37.128,21.091,78.913,0.3340000000000032,80.576,-1.3289999999999935,0.3340000000000032,80.087,80.87599999999999,-0.7889999999999873,78.0,0.1794871794871795,52.0,0.2692307692307692,196.0,196.0,1,0,0,1,0,0,1,0.0,0.0,14.0,46
RUS,Mercedes,15.0,0 days 00:01:19.764000,0 days 00:00:21.176000,0 days 00:00:37.170000,0 days 00:00:21.418000,HARD,15.0,1.0,,,1,12.0,False,2025,Monaco,R,79.764,21.176,37.17,21.418,78.913,0.8509999999999991,80.576,-0.8119999999999976,0.8509999999999991,80.664,80.87599999999999,-0.21199999999998909,78.0,0.19230769230769232,52.0,0.28846153846153844,225.0,225.0,1,0,0,1,0,0,1,0.0,0.0,15.0,46
RUS,Mercedes,16.0,0 days 00:01:20.766000,0 days 00:00:21.285000,0 days 00:00:37.715000,0 days 00:00:21.766000,HARD,16.0,1.0,,,1,12.0,False,2025,Monaco,R,80.766,21.285,37.715,21.766,78.913,1.8530000000000086,80.576,0.19000000000001194,1.8530000000000086,81.726,80.87599999999999,0.8500000000000085,78.0,0.20512820512820512,52.0,0.3076923076923077,256.0,256.0,1,0,0,1,0,0,1,0.0,0.0,16.0,46
RUS,Mercedes,17.0,0 days 00:01:21.057000,0 days 00:00:21.427000,0 days 00:00:38.235000,0 days 00:00:21.395000,HARD,17.0,1.0,,,1,12.0,False,2025,Monaco,R,81.057,21.427,38.235,21.395,78.913,2.1440000000000055,80.576,0.48100000000000875,2.1440000000000055,82.077,80.87599999999999,1.2010000000000076,78.0,0.21794871794871795,52.0,0.3269230769230769,289.0,289.0,1,0,0,1,0,0,1,0.0,0.0,17.0,46
RUS,Mercedes,18.0,0 days 00:01:20.126000,0 days 00:00:21.263000,0 days 00:00:37.393000,0 days 00:00:21.470000,HARD,18.0,1.0,,,1,12.0,False,2025,Monaco,R,80.126,21.263,37.393,21.47,78.913,1.213000000000008,80.576,-0.44999999999998863,1.213000000000008,81.206,80.87599999999999,0.3300000000000125,78.0,0.23076923076923078,52.0,0.34615384615384615,324.0,324.0,1,0,0,1,0,0,1,0.0,0.0,18.0,46
RUS,Mercedes,19.0,0 days 00:01:19.629000,0 days 00:00:21.289000,0 days 00:00:37.250000,0 days 00:00:21.090000,HARD,19.0,1.0,,,1,12.0,False,2025,Monaco,R,79.629,21.289,37.25,21.09,78.913,0.7160000000000082,80.576,-0.9469999999999885,0.7160000000000082,80.769,80.87599999999999,-0.10699999999998511,78.0,0.24358974358974358,52.0,0.36538461538461536,361.0,361.0,1,0,0,1,0,0,1,0.0,0.0,19.0,46
RUS,Mercedes,20.0,0 days 00:01:18.513000,0 days 00:00:21.071000,0 days 00:00:36.757000,0 days 00:00:20.685000,HARD,20.0,1.0,,,1,12.0,False,2025,Monaco,R,78.513,21.071,36.757,20.685,78.913,0.3999999999999915,80.576,-2.062999999999988,-0.3999999999999915,79.71300000000001,80.87599999999999,-1.1629999999999825,78.0,0.2564102564102564,52.0,0.38461538461538464,400.0,400.0,1,0,0,1,0,0,1,0.0,0.0,20.0,46
RUS,Mercedes,21.0,0 days 00:01:17.775000,0 days 00:00:20.729000,0 days 00:00:36.459000,0 days 00:00:20.587000,HARD,21.0,1.0,,,1,12.0,False,2025,Monaco,R,77.775,20.729,36.459,20.587,78.913,1.137999999999991,80.576,-2.8009999999999877,-1.137999999999991,79.03500000000001,80.87599999999999,-1.8409999999999798,78.0,0.2692307692307692,52.0,0.40384615384615385,441.0,441.0,1,0,0,1,0,0,1,0.0,0.0,21.0,46
RUS,Mercedes,22.0,0 days 00:01:17.301000,0 days 00:00:20.428000,0 days 00:00:36.414000,0 days 00:00:20.459000,HARD,22.0,1.0,,,1,12.0,False,2025,Monaco,R,77.301,20.428,36.414,20.459,78.913,1.6119999999999948,80.576,-3.2749999999999915,-1.6119999999999948,78.621,80.87599999999999,-2.2549999999999955,78.0,0.28205128205128205,52.0,0.4230769230769231,484.0,484.0,1,0,0,1,0,0,1,0.0,0.0,22.0,46
RUS,Mercedes,23.0,0 days 00:01:16.900000,0 days 00:00:20.341000,0 days 00:00:36.229000,0 days 00:00:20.330000,HARD,23.0,1.0,,,1,12.0,False,2025,Monaco,R,76.9,20.341,36.229,20.33,78.913,2.012999999999991,80.576,-3.6759999999999877,-2.012999999999991,78.28,80.87599999999999,-2.5959999999999894,78.0,0.2948717948717949,52.0,0.4423076923076923,529.0,529.0,1,0,0,1,0,0,1,0.0,0.0,23.0,46
RUS,Mercedes,24.0,0 days 00:01:16.935000,0 days 00:00:20.250000,0 days 00:00:36.242000,0 days 00:00:20.443000,HARD,24.0,1.0,,,1,12.0,False,2025,Monaco,R,76.935,20.25,36.242,20.443,78.913,1.9779999999999944,80.576,-3.640999999999991,-1.9779999999999944,78.375,80.87599999999999,-2.5009999999999906,78.0,0.3076923076923077,52.0,0.46153846153846156,576.0,576.0,1,0,0,1,0,0,1,0.0,0.0,24.0,46
RUS,Mercedes,25.0,0 days 00:01:19.216000,0 days 00:00:20.627000,0 days 00:00:37.354000,0 days 00:00:21.235000,HARD,25.0,1.0,,,1,12.0,False,2025,Monaco,R,79.216,20.627,37.354,21.235,78.913,0.30299999999999727,80.576,-1.3599999999999994,0.30299999999999727,80.716,80.87599999999999,-0.1599999999999966,78.0,0.32051282051282054,52.0,0.4807692307692308,625.0,625.0,1,0,0,1,0,0,1,0.0,0.0,25.0,46
RUS,Mercedes,26.0,0 days 00:01:19.491000,0 days 00:00:20.939000,0 days 00:00:37.205000,0 days 00:00:21.347000,HARD,26.0,1.0,,,1,12.0,False,2025,Monaco,R,79.491,20.939,37.205,21.347,78.913,0.578000000000003,80.576,-1.0849999999999937,0.578000000000003,81.051,80.87599999999999,0.17500000000001137,78.0,0.3333333333333333,52.0,0.5,676.0,676.0,1,0,0,0,0,0,1,0.0,0.0,26.0,46
RUS,Mercedes,27.0,0 days 00:01:19.453000,0 days 00:00:20.969000,0 days 00:00:37.385000,0 days 00:00:21.099000,HARD,27.0,1.0,,,1,12.0,False,2025,Monaco,R,79.453,20.969,37.385,21.099,78.913,0.5400000000000063,80.576,-1.1229999999999905,0.5400000000000063,81.07300000000001,80.87599999999999,0.19700000000001694,78.0,0.34615384615384615,52.0,0.5192307692307693,729.0,729.0,1,0,0,0,0,0,1,0.0,0.0,27.0,46
RUS,Mercedes,28.0,0 days 00:01:19.673000,0 days 00:00:21.112000,0 days 00:00:37.407000,0 days 00:00:21.154000,HARD,28.0,1.0,,,1,12.0,False,2025,Monaco,R,79.673,21.112,37.407,21.154,78.913,0.7600000000000051,80.576,-0.9029999999999916,0.7600000000000051,81.35300000000001,80.87599999999999,0.4770000000000181,78.0,0.358974358974359,52.0,0.5384615384615384,784.0,784.0,1,0,0,0,0,0,1,0.0,0.0,28.0,46
RUS,Mercedes,29.0,0 days 00:01:19.247000,0 days 00:00:20.924000,0 days 00:00:37.221000,0 days 00:00:21.102000,HARD,29.0,1.0,,,1,12.0,False,2025,Monaco,R,79.247,20.924,37.221,21.102,78.913,0.3340000000000032,80.576,-1.3289999999999935,0.3340000000000032,80.987,80.87599999999999,0.1110000000000042,78.0,0.3717948717948718,52.0,0.5576923076923077,841.0,841.0,1,0,0,0,0,0,1,0.0,0.0,29.0,46
RUS,Mercedes,30.0,0 days 00:01:20.514000,0 days 00:00:20.831000,0 days 00:00:37.468000,0 days 00:00:22.215000,HARD,30.0,1.0,,,1,12.0,False,2025,Monaco,R,80.514,20.831,37.468,22.215,78.913,1.600999999999999,80.576,-0.06199999999999761,1.600999999999999,82.314,80.87599999999999,1.4380000000000024,78.0,0.38461538461538464,52.0,0.5769230769230769,900.0,900.0,1,0,0,0,0,0,1,0.0,0.0,30.0,46
RUS,Mercedes,31.0,0 days 00:01:18.068000,0 days 00:00:20.790000,0 days 00:00:36.869000,0 days 00:00:20.409000,HARD,31.0,1.0,,,1,12.0,False,2025,Monaco,R,78.068,20.79,36.869,20.409,78.913,0.8449999999999989,80.576,-2.5079999999999956,-0.8449999999999989,79.928,80.87599999999999,-0.9479999999999933,78.0,0.3974358974358974,52.0,0.5961538461538461,961.0,961.0,1,0,0,0,0,0,1,0.0,0.0,31.0,46
RUS,Mercedes,32.0,0 days 00:01:19.384000,0 days 00:00:22.030000,0 days 00:00:36.582000,0 days 00:00:20.772000,HARD,32.0,1.0,,,1,12.0,False,2025,Monaco,R,79.384,22.03,36.582,20.772,78.913,0.47100000000000364,80.576,-1.191999999999993,0.47100000000000364,81.304,80.87599999999999,0.4280000000000115,78.0,0.41025641025641024,52.0,0.6153846153846154,1024.0,1024.0,1,0,0,0,0,0,1,0.0,0.0,32.0,46
RUS,Mercedes,33.0,0 days 00:01:21.135000,0 days 00:00:21.343000,0 days 00:00:38.805000,0 days 00:00:20.987000,HARD,33.0,1.0,,,1,12.0,False,2025,Monaco,R,81.135,21.343,38.805,20.987,78.913,2.2220000000000084,80.576,0.5590000000000117,2.2220000000000084,83.11500000000001,80.87599999999999,2.2390000000000185,78.0,0.4230769230769231,52.0,0.6346153846153846,1089.0,1089.0,1,0,0,0,0,0,1,0.0,0.0,33.0,46
RUS,Mercedes,34.0,0 days 00:01:18.936000,0 days 00:00:20.667000,0 days 00:00:37.054000,0 days 00:00:21.215000,HARD,34.0,1.0,,,1,12.0,False,2025,Monaco,R,78.936,20.667,37.054,21.215,78.913,0.023000000000010346,80.576,-1.6399999999999864,0.023000000000010346,80.97600000000001,80.87599999999999,0.10000000000002274,78.0,0.4358974358974359,52.0,0.6538461538461539,1156.0,1156.0,1,0,0,0,0,0,1,0.0,0.0,34.0,46
RUS,Mercedes,35.0,0 days 00:01:19.219000,0 days 00:00:20.836000,0 days 00:00:37.359000,0 days 00:00:21.024000,HARD,35.0,1.0,,,1,12.0,False,2025,Monaco,R,79.219,20.836,37.359,21.024,78.913,0.3059999999999974,80.576,-1.3569999999999993,0.3059999999999974,81.31899999999999,80.87599999999999,0.44299999999999784,78.0,0.44871794871794873,52.0,0.6730769230769231,1225.0,1225.0,1,0,0,0,0,0,1,0.0,0.0,35.0,46
RUS,Mercedes,36.0,0 days 00:01:19.952000,0 days 00:00:20.994000,0 days 00:00:38.069000,0 days 00:00:20.889000,HARD,36.0,1.0,,,1,12.0,False,2025,Monaco,R,79.952,20.994,38.069,20.889,78.913,1.0390000000000015,80.576,-0.6239999999999952,1.0390000000000015,82.112,80.87599999999999,1.2360000000000042,78.0,0.46153846153846156,52.0,0.6923076923076923,1296.0,1296.0,1,0,0,0,0,0,1,0.0,0.0,36.0,46
RUS,Mercedes,37.0,0 days 00:01:18.925000,0 days 00:00:20.880000,0 days 00:00:37.099000,0 days 00:00:20.946000,HARD,37.0,1.0,,,12,11.0,False,2025,Monaco,R,78.925,20.88,37.099,20.946,78.913,0.012000000000000455,80.576,-1.6509999999999962,0.012000000000000455,81.145,80.87599999999999,0.26900000000000546,78.0,0.47435897435897434,52.0,0.7115384615384616,1369.0,1369.0,1,0,0,0,0,0,1,0.0,0.0,37.0,46
RUS,Mercedes,38.0,0 days 00:01:18.468000,0 days 00:00:20.494000,0 days 00:00:36.974000,0 days 00:00:21,HARD,38.0,1.0,,,1,11.0,False,2025,Monaco,R,78.468,20.494,36.974,21.0,78.913,0.4449999999999932,80.576,-2.10799999999999,-0.4449999999999932,80.748,80.87599999999999,-0.1279999999999859,78.0,0.48717948717948717,52.0,0.7307692307692307,1444.0,1444.0,1,0,0,0,0,0,1,0.0,0.0,38.0,46
RUS,Mercedes,39.0,0 days 00:01:18.865000,0 days 00:00:20.742000,0 days 00:00:37.097000,0 days 00:00:21.026000,HARD,39.0,1.0,,,1,11.0,False,2025,Monaco,R,78.865,20.742,37.097,21.026,78.913,0.04800000000000182,80.576,-1.7109999999999985,-0.04800000000000182,81.205,80.87599999999999,0.32900000000000773,78.0,0.5,52.0,0.75,1521.0,1521.0,1,0,0,0,0,0,1,0.0,0.0,39.0,46
RUS,Mercedes,40.0,0 days 00:01:18.936000,0 days 00:00:20.728000,0 days 00:00:36.995000,0 days 00:00:21.213000,HARD,40.0,1.0,,,1,11.0,False,2025,Monaco,R,78.936,20.728,36.995,21.213,78.913,0.023000000000010346,80.576,-1.6399999999999864,0.023000000000010346,81.33600000000001,80.87599999999999,0.46000000000002217,78.0,0.5128205128205128,52.0,0.7692307692307693,1600.0,1600.0,1,0,0,0,0,0,1,0.0,0.0,40.0,46
RUS,Mercedes,41.0,0 days 00:01:17.272000,0 days 00:00:20.534000,0 days 00:00:36.422000,0 days 00:00:20.316000,HARD,41.0,1.0,,,1,11.0,False,2025,Monaco,R,77.272,20.534,36.422,20.316,78.913,1.6409999999999911,80.576,-3.303999999999988,-1.6409999999999911,79.732,80.87599999999999,-1.1439999999999912,78.0,0.5256410256410257,52.0,0.7884615384615384,1681.0,1681.0,1,0,0,0,0,0,1,0.0,0.0,41.0,46
RUS,Mercedes,42.0,0 days 00:01:17.617000,0 days 00:00:20.161000,0 days 00:00:36.567000,0 days 00:00:20.889000,HARD,42.0,1.0,,,1,11.0,False,2025,Monaco,R,77.617,20.161,36.567,20.889,78.913,1.2959999999999923,80.576,-2.958999999999989,-1.2959999999999923,80.137,80.87599999999999,-0.7389999999999901,78.0,0.5384615384615384,52.0,0.8076923076923077,1764.0,1764.0,1,0,0,0,0,0,1,0.0,0.0,42.0,46
RUS,Mercedes,43.0,0 days 00:01:18.494000,0 days 00:00:20.530000,0 days 00:00:36.983000,0 days 00:00:20.981000,HARD,43.0,1.0,,,1,11.0,False,2025,Monaco,R,78.494,20.53,36.983,20.981,78.913,0.41899999999999693,80.576,-2.0819999999999936,-0.41899999999999693,81.074,80.87599999999999,0.1980000000000075,78.0,0.5512820512820513,52.0,0.8269230769230769,1849.0,1849.0,1,0,0,0,0,0,1,0.0,0.0,43.0,46
RUS,Mercedes,44.0,0 days 00:01:19.072000,0 days 00:00:20.512000,0 days 00:00:37.388000,0 days 00:00:21.172000,HARD,44.0,1.0,,,1,11.0,False,2025,Monaco,R,79.072,20.512,37.388,21.172,78.913,0.15900000000000603,80.576,-1.5039999999999907,0.15900000000000603,81.712,80.87599999999999,0.8360000000000127,78.0,0.5641025641025641,52.0,0.8461538461538461,1936.0,1936.0,1,0,0,0,0,0,1,0.0,0.0,44.0,46
RUS,Mercedes,45.0,0 days 00:01:19.192000,0 days 00:00:20.690000,0 days 00:00:37.467000,0 days 00:00:21.035000,HARD,45.0,1.0,,,1,11.0,False,2025,Monaco,R,79.192,20.69,37.467,21.035,78.913,0.27899999999999636,80.576,-1.3840000000000003,0.27899999999999636,81.892,80.87599999999999,1.0160000000000053,78.0,0.5769230769230769,52.0,0.8653846153846154,2025.0,2025.0,1,0,0,0,0,0,1,0.0,0.0,45.0,46
RUS,Mercedes,46.0,0 days 00:01:19.289000,0 days 00:00:20.824000,0 days 00:00:37.609000,0 days 00:00:20.856000,HARD,46.0,1.0,,,1,11.0,False,2025,Monaco,R,79.289,20.824,37.609,20.856,78.913,0.3760000000000048,80.576,-1.286999999999992,0.3760000000000048,82.049,80.87599999999999,1.173000000000016,78.0,0.5897435897435898,52.0,0.8846153846153846,2116.0,2116.0,1,0,0,0,0,0,1,0.0,0.0,46.0,46
RUS,Mercedes,49.0,0 days 00:01:17.379000,0 days 00:00:20.306000,0 days 00:00:36.608000,0 days 00:00:20.465000,HARD,49.0,1.0,,,1,10.0,False,2025,Monaco,R,77.379,20.306,36.608,20.465,78.913,1.5339999999999918,80.576,-3.1969999999999885,-1.5339999999999918,80.319,80.87599999999999,-0.556999999999988,78.0,0.6282051282051282,52.0,0.9423076923076923,2401.0,2401.0,1,0,0,0,0,0,1,0.0,0.0,49.0,46
RUS,Mercedes,50.0,0 days 00:01:15.966000,0 days 00:00:19.888000,0 days 00:00:35.934000,0 days 00:00:20.144000,HARD,50.0,1.0,,,1,10.0,False,2025,Monaco,R,75.966,19.888,35.934,20.144,78.913,2.9470000000000027,80.576,-4.609999999999999,-2.9470000000000027,78.966,80.87599999999999,-1.9099999999999966,78.0,0.6410256410256411,52.0,0.9615384615384616,2500.0,2500.0,1,0,0,0,0,0,1,0.0,0.0,50.0,46
RUS,Mercedes,51.0,0 days 00:01:16.095000,0 days 00:00:19.789000,0 days 00:00:36.077000,0 days 00:00:20.229000,HARD,51.0,1.0,,,1,10.0,False,2025,Monaco,R,76.095,19.789,36.077,20.229,78.913,2.817999999999998,80.576,-4.4809999999999945,-2.817999999999998,79.155,80.87599999999999,-1.7209999999999894,78.0,0.6538461538461539,52.0,0.9807692307692307,2601.0,2601.0,1,0,0,0,0,0,1,0.0,0.0,51.0,46
RUS,Mercedes,52.0,0 days 00:01:16.023000,0 days 00:00:19.699000,0 days 00:00:36.159000,0 days 00:00:20.165000,HARD,52.0,1.0,,,1,10.0,False,2025,Monaco,R,76.023,19.699,36.159,20.165,78.913,2.8900000000000006,80.576,-4.552999999999997,-2.8900000000000006,79.143,80.87599999999999,-1.7329999999999899,78.0,0.6666666666666666,52.0,1.0,2704.0,2704.0,1,0,1,0,0,0,1,0.0,0.0,52.0,46
RUS,Mercedes,55.0,0 days 00:01:16.455000,0 days 00:00:19.952000,0 days 00:00:36.278000,0 days 00:00:20.225000,MEDIUM,2.0,2.0,,,1,10.0,False,2025,Monaco,R,76.455,19.952,36.278,20.225,78.913,2.4579999999999984,76.455,0.0,-2.4579999999999984,79.755,79.755,0.0,78.0,0.7051282051282052,14.0,0.14285714285714285,4.0,3025.0,0,1,1,0,0,1,0,0.0,2.0,0.0,11
RUS,Mercedes,56.0,0 days 00:01:18.479000,0 days 00:00:19.942000,0 days 00:00:37.947000,0 days 00:00:20.590000,MEDIUM,3.0,2.0,,,1,10.0,False,2025,Monaco,R,78.479,19.942,37.947,20.59,78.913,0.4339999999999975,76.455,2.024000000000001,-0.4339999999999975,81.839,79.755,2.084000000000003,78.0,0.717948717948718,14.0,0.21428571428571427,9.0,3136.0,0,1,1,0,0,1,0,0.0,3.0,0.0,11
RUS,Mercedes,57.0,0 days 00:01:16.715000,0 days 00:00:20.095000,0 days 00:00:36.321000,0 days 00:00:20.299000,MEDIUM,4.0,2.0,,,1,10.0,False,2025,Monaco,R,76.715,20.095,36.321,20.299,78.913,2.1979999999999933,76.455,0.2600000000000051,-2.1979999999999933,80.135,79.755,0.38000000000000966,78.0,0.7307692307692307,14.0,0.2857142857142857,16.0,3249.0,0,1,1,0,0,1,0,0.0,4.0,0.0,11
RUS,Mercedes,58.0,0 days 00:01:16.037000,0 days 00:00:19.934000,0 days 00:00:36.060000,0 days 00:00:20.043000,MEDIUM,5.0,2.0,,,1,10.0,False,2025,Monaco,R,76.037,19.934,36.06,20.043,78.913,2.8759999999999906,76.455,-0.41799999999999216,-2.8759999999999906,79.51700000000001,79.755,-0.23799999999998533,78.0,0.7435897435897436,14.0,0.35714285714285715,25.0,3364.0,0,1,1,0,0,1,0,0.0,5.0,0.0,11
RUS,Mercedes,59.0,0 days 00:01:16.082000,0 days 00:00:19.847000,0 days 00:00:35.970000,0 days 00:00:20.265000,MEDIUM,6.0,2.0,,,1,10.0,False,2025,Monaco,R,76.082,19.847,35.97,20.265,78.913,2.831000000000003,76.455,-0.37300000000000466,-2.831000000000003,79.622,79.755,-0.13299999999999557,78.0,0.7564102564102564,14.0,0.42857142857142855,36.0,3481.0,0,1,1,0,0,1,0,0.0,6.0,0.0,11
RUS,Mercedes,60.0,0 days 00:01:16.207000,0 days 00:00:19.809000,0 days 00:00:36.143000,0 days 00:00:20.255000,MEDIUM,7.0,2.0,,,1,10.0,False,2025,Monaco,R,76.207,19.809,36.143,20.255,78.913,2.706000000000003,76.455,-0.24800000000000466,-2.706000000000003,79.80699999999999,79.755,0.0519999999999925,78.0,0.7692307692307693,14.0,0.5,49.0,3600.0,0,1,1,0,0,1,0,0.0,7.0,0.0,11
RUS,Mercedes,61.0,0 days 00:01:15.998000,0 days 00:00:19.768000,0 days 00:00:36.192000,0 days 00:00:20.038000,MEDIUM,8.0,2.0,,,1,10.0,False,2025,Monaco,R,75.998,19.768,36.192,20.038,78.913,2.914999999999992,76.455,-0.45699999999999363,-2.914999999999992,79.658,79.755,-0.0969999999999942,78.0,0.782051282051282,14.0,0.5714285714285714,64.0,3721.0,0,1,1,0,0,1,0,0.0,8.0,0.0,11
RUS,Mercedes,64.0,0 days 00:01:13.864000,0 days 00:00:19.359000,0 days 00:00:34.880000,0 days 00:00:19.625000,MEDIUM,11.0,2.0,,,1,11.0,False,2025,Monaco,R,73.864,19.359,34.88,19.625,78.913,5.048999999999992,76.455,-2.590999999999994,-5.048999999999992,77.70400000000001,79.755,-2.0509999999999877,78.0,0.8205128205128205,14.0,0.7857142857142857,121.0,4096.0,0,1,1,0,0,1,0,0.0,11.0,0.0,11
RUS,Mercedes,65.0,0 days 00:01:14.280000,0 days 00:00:19.417000,0 days 00:00:35.078000,0 days 00:00:19.785000,MEDIUM,12.0,2.0,,,1,11.0,False,2025,Monaco,R,74.28,19.417,35.078,19.785,78.913,4.632999999999996,76.455,-2.174999999999997,-4.632999999999996,78.18,79.755,-1.5749999999999886,78.0,0.8333333333333334,14.0,0.8571428571428571,144.0,4225.0,0,1,1,0,0,1,0,0.0,12.0,0.0,11
RUS,Mercedes,66.0,0 days 00:01:13.918000,0 days 00:00:19.286000,0 days 00:00:35.005000,0 days 00:00:19.627000,MEDIUM,13.0,2.0,,,1,11.0,False,2025,Monaco,R,73.918,19.286,35.005,19.627,78.913,4.99499999999999,76.455,-2.536999999999992,-4.99499999999999,77.878,79.755,-1.8769999999999953,78.0,0.8461538461538461,14.0,0.9285714285714286,169.0,4356.0,0,1,1,0,0,1,0,0.0,13.0,0.0,11
RUS,Mercedes,67.0,0 days 00:01:13.483000,0 days 00:00:19.265000,0 days 00:00:34.728000,0 days 00:00:19.490000,MEDIUM,14.0,2.0,,,1,11.0,False,2025,Monaco,R,73.483,19.265,34.728,19.49,78.913,5.429999999999993,76.455,-2.971999999999994,-5.429999999999993,77.503,79.755,-2.2519999999999953,78.0,0.8589743589743589,14.0,1.0,196.0,4489.0,0,1,1,0,0,1,0,0.0,14.0,0.0,11
RUS,Mercedes,70.0,0 days 00:01:14.303000,0 days 00:00:19.488000,0 days 00:00:35.161000,0 days 00:00:19.654000,HARD,2.0,3.0,,,1,11.0,False,2025,Monaco,R,74.303,19.488,35.161,19.654,78.913,4.609999999999999,74.303,0.0,-4.609999999999999,78.503,78.503,0.0,78.0,0.8974358974358975,8.0,0.25,4.0,4900.0,0,0,1,0,0,0,1,0.0,0.0,2.0,7
RUS,Mercedes,71.0,0 days 00:01:14.053000,0 days 00:00:19.419000,0 days 00:00:35.042000,0 days 00:00:19.592000,HARD,3.0,3.0,,,1,11.0,False,2025,Monaco,R,74.053,19.419,35.042,19.592,78.913,4.859999999999999,74.303,-0.25,-4.859999999999999,78.313,78.503,-0.18999999999999773,78.0,0.9102564102564102,8.0,0.375,9.0,5041.0,0,0,1,0,0,0,1,0.0,0.0,3.0,7
RUS,Mercedes,72.0,0 days 00:01:13.865000,0 days 00:00:19.322000,0 days 00:00:34.965000,0 days 00:00:19.578000,HARD,4.0,3.0,,,1,11.0,False,2025,Monaco,R,73.865,19.322,34.965,19.578,78.913,5.048000000000002,74.303,-0.4380000000000024,-5.048000000000002,78.185,78.503,-0.31799999999999784,78.0,0.9230769230769231,8.0,0.5,16.0,5184.0,0,0,1,0,0,0,1,0.0,0.0,4.0,7
RUS,Mercedes,73.0,0 days 00:01:13.596000,0 days 00:00:19.296000,0 days 00:00:34.733000,0 days 00:00:19.567000,HARD,5.0,3.0,,,1,11.0,False,2025,Monaco,R,73.596,19.296,34.733,19.567,78.913,5.316999999999993,74.303,-0.7069999999999936,-5.316999999999993,77.976,78.503,-0.527000000000001,78.0,0.9358974358974359,8.0,0.625,25.0,5329.0,0,0,1,0,0,0,1,0.0,0.0,5.0,7
RUS,Mercedes,74.0,0 days 00:01:13.405000,0 days 00:00:19.211000,0 days 00:00:34.690000,0 days 00:00:19.504000,HARD,6.0,3.0,,,1,11.0,False,2025,Monaco,R,73.405,19.211,34.69,19.504,78.913,5.507999999999996,74.303,-0.8979999999999961,-5.507999999999996,77.845,78.503,-0.6580000000000013,78.0,0.9487179487179487,8.0,0.75,36.0,5476.0,0,0,1,0,0,0,1,0.0,0.0,6.0,7
RUS,Mercedes,75.0,0 days 00:01:13.773000,0 days 00:00:19.292000,0 days 00:00:34.746000,0 days 00:00:19.735000,HARD,7.0,3.0,,,1,11.0,False,2025,Monaco,R,73.773,19.292,34.746,19.735,78.913,5.140000000000001,74.303,-0.5300000000000011,-5.140000000000001,78.273,78.503,-0.23000000000000398,78.0,0.9615384615384616,8.0,0.875,49.0,5625.0,0,0,1,0,0,0,1,0.0,0.0,7.0,7
RUS,Mercedes,76.0,0 days 00:01:14.490000,0 days 00:00:19.412000,0 days 00:00:35.040000,0 days 00:00:20.038000,HARD,8.0,3.0,,,1,11.0,False,2025,Monaco,R,74.49,19.412,35.04,20.038,78.913,4.423000000000002,74.303,0.1869999999999976,-4.423000000000002,79.05,78.503,0.546999999999997,78.0,0.9743589743589743,8.0,1.0,64.0,5776.0,0,0,1,0,0,0,1,0.0,0.0,8.0,7
SAI,Williams,5.0,0 days 00:01:20.580000,0 days 00:00:21.170000,0 days 00:00:37.671000,0 days 00:00:21.739000,HARD,5.0,1.0,,,1,11.0,False,2025,Monaco,R,80.58,21.17,37.671,21.739,77.90899999999999,2.6710000000000065,80.58,0.0,2.6710000000000065,80.88,80.88,0.0,78.0,0.0641025641025641,47.0,0.10638297872340426,25.0,25.0,1,0,0,1,0,0,1,0.0,0.0,5.0,43
SAI,Williams,6.0,0 days 00:01:21.056000,0 days 00:00:21.208000,0 days 00:00:38.086000,0 days 00:00:21.762000,HARD,6.0,1.0,,,1,11.0,False,2025,Monaco,R,81.056,21.208,38.086,21.762,77.90899999999999,3.1470000000000056,80.58,0.4759999999999991,3.1470000000000056,81.416,80.88,0.5360000000000014,78.0,0.07692307692307693,47.0,0.1276595744680851,36.0,36.0,1,0,0,1,0,0,1,0.0,0.0,6.0,43
SAI,Williams,7.0,0 days 00:01:21.577000,0 days 00:00:21.387000,0 days 00:00:38.385000,0 days 00:00:21.805000,HARD,7.0,1.0,,,1,11.0,False,2025,Monaco,R,81.577,21.387,38.385,21.805,77.90899999999999,3.6680000000000064,80.58,0.9969999999999999,3.6680000000000064,81.997,80.88,1.1170000000000044,78.0,0.08974358974358974,47.0,0.14893617021276595,49.0,49.0,1,0,0,1,0,0,1,0.0,0.0,7.0,43
SAI,Williams,8.0,0 days 00:01:20.384000,0 days 00:00:21.141000,0 days 00:00:37.935000,0 days 00:00:21.308000,HARD,8.0,1.0,,,12,11.0,False,2025,Monaco,R,80.384,21.141,37.935,21.308,77.90899999999999,2.4750000000000085,80.58,-0.19599999999999795,2.4750000000000085,80.864,80.88,-0.015999999999991132,78.0,0.10256410256410256,47.0,0.1702127659574468,64.0,64.0,1,0,0,1,0,0,1,0.0,0.0,8.0,43
SAI,Williams,9.0,0 days 00:01:23.673000,0 days 00:00:21.032000,0 days 00:00:40.775000,0 days 00:00:21.866000,HARD,9.0,1.0,,,2,11.0,False,2025,Monaco,R,83.673,21.032,40.775,21.866,77.90899999999999,5.76400000000001,80.58,3.0930000000000035,5.76400000000001,84.21300000000001,80.88,3.3330000000000126,78.0,0.11538461538461539,47.0,0.19148936170212766,81.0,81.0,1,0,0,1,0,0,1,0.0,0.0,9.0,43
SAI,Williams,10.0,0 days 00:01:21.668000,0 days 00:00:21.416000,0 days 00:00:38.732000,0 days 00:00:21.520000,HARD,10.0,1.0,,,2,11.0,False,2025,Monaco,R,81.668,21.416,38.732,21.52,77.90899999999999,3.7590000000000146,80.58,1.088000000000008,3.7590000000000146,82.268,80.88,1.3880000000000052,78.0,0.1282051282051282,47.0,0.2127659574468085,100.0,100.0,1,0,0,1,0,0,1,0.0,0.0,10.0,43
SAI,Williams,11.0,0 days 00:01:19.430000,0 days 00:00:21.101000,0 days 00:00:37.017000,0 days 00:00:21.312000,HARD,11.0,1.0,,,21,11.0,False,2025,Monaco,R,79.43,21.101,37.017,21.312,77.90899999999999,1.521000000000015,80.58,-1.1499999999999915,1.521000000000015,80.09,80.88,-0.789999999999992,78.0,0.14102564102564102,47.0,0.23404255319148937,121.0,121.0,1,0,0,1,0,0,1,0.0,0.0,11.0,43
SAI,Williams,12.0,0 days 00:01:20.134000,0 days 00:00:21.108000,0 days 00:00:37.673000,0 days 00:00:21.353000,HARD,12.0,1.0,,,1,11.0,False,2025,Monaco,R,80.134,21.108,37.673,21.353,77.90899999999999,2.2250000000000085,80.58,-0.44599999999999795,2.2250000000000085,80.854,80.88,-0.02599999999999625,78.0,0.15384615384615385,47.0,0.2553191489361702,144.0,144.0,1,0,0,1,0,0,1,0.0,0.0,12.0,43
SAI,Williams,13.0,0 days 00:01:19.149000,0 days 00:00:20.908000,0 days 00:00:37.095000,0 days 00:00:21.146000,HARD,13.0,1.0,,,1,11.0,False,2025,Monaco,R,79.149,20.908,37.095,21.146,77.90899999999999,1.240000000000009,80.58,-1.4309999999999974,1.240000000000009,79.929,80.88,-0.9509999999999934,78.0,0.16666666666666666,47.0,0.2765957446808511,169.0,169.0,1,0,0,1,0,0,1,0.0,0.0,13.0,43
SAI,Williams,14.0,0 days 00:01:19.429000,0 days 00:00:21.001000,0 days 00:00:37.410000,0 days 00:00:21.018000,HARD,14.0,1.0,,,1,11.0,False,2025,Monaco,R,79.429,21.001,37.41,21.018,77.90899999999999,1.5200000000000102,80.58,-1.1509999999999962,1.5200000000000102,80.269,80.88,-0.61099999999999,78.0,0.1794871794871795,47.0,0.2978723404255319,196.0,196.0,1,0,0,1,0,0,1,0.0,0.0,14.0,43
SAI,Williams,15.0,0 days 00:01:19.999000,0 days 00:00:20.911000,0 days 00:00:37.607000,0 days 00:00:21.481000,HARD,15.0,1.0,,,1,11.0,False,2025,Monaco,R,79.999,20.911,37.607,21.481,77.90899999999999,2.0900000000000034,80.58,-0.5810000000000031,2.0900000000000034,80.899,80.88,0.019000000000005457,78.0,0.19230769230769232,47.0,0.3191489361702128,225.0,225.0,1,0,0,1,0,0,1,0.0,0.0,15.0,43
SAI,Williams,16.0,0 days 00:01:20.697000,0 days 00:00:21.203000,0 days 00:00:37.839000,0 days 00:00:21.655000,HARD,16.0,1.0,,,1,11.0,False,2025,Monaco,R,80.697,21.203,37.839,21.655,77.90899999999999,2.788000000000011,80.58,0.11700000000000443,2.788000000000011,81.657,80.88,0.777000000000001,78.0,0.20512820512820512,47.0,0.3404255319148936,256.0,256.0,1,0,0,1,0,0,1,0.0,0.0,16.0,43
SAI,Williams,17.0,0 days 00:01:21.060000,0 days 00:00:21.463000,0 days 00:00:38.284000,0 days 00:00:21.313000,HARD,17.0,1.0,,,1,11.0,False,2025,Monaco,R,81.06,21.463,38.284,21.313,77.90899999999999,3.1510000000000105,80.58,0.480000000000004,3.1510000000000105,82.08,80.88,1.2000000000000028,78.0,0.21794871794871795,47.0,0.3617021276595745,289.0,289.0,1,0,0,1,0,0,1,0.0,0.0,17.0,43
SAI,Williams,18.0,0 days 00:01:20.143000,0 days 00:00:21.102000,0 days 00:00:37.529000,0 days 00:00:21.512000,HARD,18.0,1.0,,,1,11.0,False,2025,Monaco,R,80.143,21.102,37.529,21.512,77.90899999999999,2.234000000000009,80.58,-0.4369999999999976,2.234000000000009,81.223,80.88,0.3430000000000035,78.0,0.23076923076923078,47.0,0.3829787234042553,324.0,324.0,1,0,0,1,0,0,1,0.0,0.0,18.0,43
SAI,Williams,19.0,0 days 00:01:19.522000,0 days 00:00:21.170000,0 days 00:00:37.086000,0 days 00:00:21.266000,HARD,19.0,1.0,,,1,11.0,False,2025,Monaco,R,79.522,21.17,37.086,21.266,77.90899999999999,1.6130000000000138,80.58,-1.0579999999999927,1.6130000000000138,80.662,80.88,-0.2179999999999893,78.0,0.24358974358974358,47.0,0.40425531914893614,361.0,361.0,1,0,0,1,0,0,1,0.0,0.0,19.0,43
SAI,Williams,20.0,0 days 00:01:17.855000,0 days 00:00:20.652000,0 days 00:00:36.577000,0 days 00:00:20.626000,HARD,20.0,1.0,,,1,11.0,False,2025,Monaco,R,77.855,20.652,36.577,20.626,77.90899999999999,0.053999999999987836,80.58,-2.7249999999999943,-0.053999999999987836,79.055,80.88,-1.8249999999999886,78.0,0.2564102564102564,47.0,0.425531914893617,400.0,400.0,1,0,0,1,0,0,1,0.0,0.0,20.0,43
SAI,Williams,21.0,0 days 00:01:17.461000,0 days 00:00:20.392000,0 days 00:00:36.522000,0 days 00:00:20.547000,HARD,21.0,1.0,,,1,11.0,False,2025,Monaco,R,77.461,20.392,36.522,20.547,77.90899999999999,0.4479999999999933,80.58,-3.1189999999999998,-0.4479999999999933,78.721,80.88,-2.158999999999992,78.0,0.2692307692307692,47.0,0.44680851063829785,441.0,441.0,1,0,0,1,0,0,1,0.0,0.0,21.0,43
SAI,Williams,22.0,0 days 00:01:17.064000,0 days 00:00:20.285000,0 days 00:00:36.360000,0 days 00:00:20.419000,HARD,22.0,1.0,,,1,11.0,False,2025,Monaco,R,77.064,20.285,36.36,20.419,77.90899999999999,0.8449999999999989,80.58,-3.5160000000000053,-0.8449999999999989,78.38399999999999,80.88,-2.4960000000000093,78.0,0.28205128205128205,47.0,0.46808510638297873,484.0,484.0,1,0,0,1,0,0,1,0.0,0.0,22.0,43
SAI,Williams,23.0,0 days 00:01:16.750000,0 days 00:00:20.083000,0 days 00:00:36.350000,0 days 00:00:20.317000,HARD,23.0,1.0,,,1,11.0,False,2025,Monaco,R,76.75,20.083,36.35,20.317,77.90899999999999,1.1589999999999918,80.58,-3.8299999999999983,-1.1589999999999918,78.13,80.88,-2.75,78.0,0.2948717948717949,47.0,0.48936170212765956,529.0,529.0,1,0,0,1,0,0,1,0.0,0.0,23.0,43
SAI,Williams,24.0,0 days 00:01:17.018000,0 days 00:00:20.105000,0 days 00:00:36.345000,0 days 00:00:20.568000,HARD,24.0,1.0,,,1,11.0,False,2025,Monaco,R,77.018,20.105,36.345,20.568,77.90899999999999,0.8909999999999911,80.58,-3.5619999999999976,-0.8909999999999911,78.458,80.88,-2.421999999999997,78.0,0.3076923076923077,47.0,0.5106382978723404,576.0,576.0,1,0,0,1,0,0,1,0.0,0.0,24.0,43
SAI,Williams,25.0,0 days 00:01:20.726000,0 days 00:00:21.691000,0 days 00:00:37.684000,0 days 00:00:21.351000,HARD,25.0,1.0,,,1,11.0,False,2025,Monaco,R,80.726,21.691,37.684,21.351,77.90899999999999,2.8170000000000073,80.58,0.1460000000000008,2.8170000000000073,82.226,80.88,1.3460000000000036,78.0,0.32051282051282054,47.0,0.5319148936170213,625.0,625.0,1,0,0,1,0,0,1,0.0,0.0,25.0,43
SAI,Williams,26.0,0 days 00:01:19.310000,0 days 00:00:20.753000,0 days 00:00:37.293000,0 days 00:00:21.264000,HARD,26.0,1.0,,,1,11.0,False,2025,Monaco,R,79.31,20.753,37.293,21.264,77.90899999999999,1.4010000000000105,80.58,-1.269999999999996,1.4010000000000105,80.87,80.88,-0.009999999999990905,78.0,0.3333333333333333,47.0,0.5531914893617021,676.0,676.0,1,0,0,0,0,0,1,0.0,0.0,26.0,43
SAI,Williams,27.0,0 days 00:01:19.588000,0 days 00:00:20.795000,0 days 00:00:37.501000,0 days 00:00:21.292000,HARD,27.0,1.0,,,1,11.0,False,2025,Monaco,R,79.588,20.795,37.501,21.292,77.90899999999999,1.679000000000002,80.58,-0.9920000000000044,1.679000000000002,81.208,80.88,0.32800000000000296,78.0,0.34615384615384615,47.0,0.574468085106383,729.0,729.0,1,0,0,0,0,0,1,0.0,0.0,27.0,43
SAI,Williams,28.0,0 days 00:01:19.617000,0 days 00:00:20.883000,0 days 00:00:37.587000,0 days 00:00:21.147000,HARD,28.0,1.0,,,1,11.0,False,2025,Monaco,R,79.617,20.883,37.587,21.147,77.90899999999999,1.7080000000000126,80.58,-0.9629999999999939,1.7080000000000126,81.29700000000001,80.88,0.4170000000000158,78.0,0.358974358974359,47.0,0.5957446808510638,784.0,784.0,1,0,0,0,0,0,1,0.0,0.0,28.0,43
SAI,Williams,29.0,0 days 00:01:19.113000,0 days 00:00:20.704000,0 days 00:00:37.398000,0 days 00:00:21.011000,HARD,29.0,1.0,,,1,11.0,False,2025,Monaco,R,79.113,20.704,37.398,21.011,77.90899999999999,1.2040000000000077,80.58,-1.4669999999999987,1.2040000000000077,80.853,80.88,-0.027000000000001023,78.0,0.3717948717948718,47.0,0.6170212765957447,841.0,841.0,1,0,0,0,0,0,1,0.0,0.0,29.0,43
SAI,Williams,30.0,0 days 00:01:20.644000,0 days 00:00:20.717000,0 days 00:00:37.634000,0 days 00:00:22.293000,HARD,30.0,1.0,,,1,11.0,False,2025,Monaco,R,80.644,20.717,37.634,22.293,77.90899999999999,2.7350000000000136,80.58,0.06400000000000716,2.7350000000000136,82.444,80.88,1.5640000000000072,78.0,0.38461538461538464,47.0,0.6382978723404256,900.0,900.0,1,0,0,0,0,0,1,0.0,0.0,30.0,43
SAI,Williams,31.0,0 days 00:01:17.277000,0 days 00:00:20.386000,0 days 00:00:36.996000,0 days 00:00:19.895000,HARD,31.0,1.0,,,1,11.0,False,2025,Monaco,R,77.277,20.386,36.996,19.895,77.90899999999999,0.6319999999999908,80.58,-3.3029999999999973,-0.6319999999999908,79.137,80.88,-1.742999999999995,78.0,0.3974358974358974,47.0,0.6595744680851063,961.0,961.0,1,0,0,0,0,0,1,0.0,0.0,31.0,43
SAI,Williams,32.0,0 days 00:01:20.054000,0 days 00:00:20.508000,0 days 00:00:38.515000,0 days 00:00:21.031000,HARD,32.0,1.0,,,1,11.0,False,2025,Monaco,R,80.054,20.508,38.515,21.031,77.90899999999999,2.1450000000000102,80.58,-0.5259999999999962,2.1450000000000102,81.974,80.88,1.0940000000000083,78.0,0.41025641025641024,47.0,0.6808510638297872,1024.0,1024.0,1,0,0,0,0,0,1,0.0,0.0,32.0,43
SAI,Williams,33.0,0 days 00:01:20.878000,0 days 00:00:20.198000,0 days 00:00:38.501000,0 days 00:00:22.179000,HARD,33.0,1.0,,,1,11.0,False,2025,Monaco,R,80.878,20.198,38.501,22.179,77.90899999999999,2.9690000000000083,80.58,0.2980000000000018,2.9690000000000083,82.858,80.88,1.9780000000000086,78.0,0.4230769230769231,47.0,0.7021276595744681,1089.0,1089.0,1,0,0,0,0,0,1,0.0,0.0,33.0,43
SAI,Williams,34.0,0 days 00:01:19.220000,0 days 00:00:20.475000,0 days 00:00:37.592000,0 days 00:00:21.153000,HARD,34.0,1.0,,,1,11.0,False,2025,Monaco,R,79.22,20.475,37.592,21.153,77.90899999999999,1.311000000000007,80.58,-1.3599999999999994,1.311000000000007,81.26,80.88,0.38000000000000966,78.0,0.4358974358974359,47.0,0.723404255319149,1156.0,1156.0,1,0,0,0,0,0,1,0.0,0.0,34.0,43
SAI,Williams,35.0,0 days 00:01:19.464000,0 days 00:00:20.928000,0 days 00:00:37.435000,0 days 00:00:21.101000,HARD,35.0,1.0,,,1,11.0,False,2025,Monaco,R,79.464,20.928,37.435,21.101,77.90899999999999,1.5550000000000068,80.58,-1.1159999999999997,1.5550000000000068,81.564,80.88,0.6839999999999975,78.0,0.44871794871794873,47.0,0.7446808510638298,1225.0,1225.0,1,0,0,0,0,0,1,0.0,0.0,35.0,43
SAI,Williams,36.0,0 days 00:01:19.778000,0 days 00:00:20.710000,0 days 00:00:37.035000,0 days 00:00:22.033000,HARD,36.0,1.0,,,1,11.0,False,2025,Monaco,R,79.778,20.71,37.035,22.033,77.90899999999999,1.869000000000014,80.58,-0.8019999999999925,1.869000000000014,81.938,80.88,1.058000000000007,78.0,0.46153846153846156,47.0,0.7659574468085106,1296.0,1296.0,1,0,0,0,0,0,1,0.0,0.0,36.0,43
SAI,Williams,37.0,0 days 00:01:18.753000,0 days 00:00:20.839000,0 days 00:00:37.145000,0 days 00:00:20.769000,HARD,37.0,1.0,,,12,10.0,False,2025,Monaco,R,78.753,20.839,37.145,20.769,77.90899999999999,0.8440000000000083,80.58,-1.8269999999999982,0.8440000000000083,80.973,80.88,0.09300000000000352,78.0,0.47435897435897434,47.0,0.7872340425531915,1369.0,1369.0,1,0,0,0,0,0,1,0.0,0.0,37.0,43
SAI,Williams,38.0,0 days 00:01:18.526000,0 days 00:00:20.283000,0 days 00:00:37.332000,0 days 00:00:20.911000,HARD,38.0,1.0,,,1,10.0,False,2025,Monaco,R,78.526,20.283,37.332,20.911,77.90899999999999,0.6170000000000044,80.58,-2.054000000000002,0.6170000000000044,80.806,80.88,-0.07399999999999807,78.0,0.48717948717948717,47.0,0.8085106382978723,1444.0,1444.0,1,0,0,0,0,0,1,0.0,0.0,38.0,43
SAI,Williams,39.0,0 days 00:01:18.819000,0 days 00:00:20.622000,0 days 00:00:37.275000,0 days 00:00:20.922000,HARD,39.0,1.0,,,1,10.0,False,2025,Monaco,R,78.819,20.622,37.275,20.922,77.90899999999999,0.9100000000000108,80.58,-1.7609999999999957,0.9100000000000108,81.159,80.88,0.2790000000000106,78.0,0.5,47.0,0.8297872340425532,1521.0,1521.0,1,0,0,0,0,0,1,0.0,0.0,39.0,43
SAI,Williams,40.0,0 days 00:01:18.988000,0 days 00:00:20.651000,0 days 00:00:37.240000,0 days 00:00:21.097000,HARD,40.0,1.0,,,1,10.0,False,2025,Monaco,R,78.988,20.651,37.24,21.097,77.90899999999999,1.0790000000000077,80.58,-1.5919999999999987,1.0790000000000077,81.388,80.88,0.5080000000000098,78.0,0.5128205128205128,47.0,0.851063829787234,1600.0,1600.0,1,0,0,0,0,0,1,0.0,0.0,40.0,43
SAI,Williams,41.0,0 days 00:01:16.822000,0 days 00:00:20.015000,0 days 00:00:36.420000,0 days 00:00:20.387000,HARD,41.0,1.0,,,1,10.0,False,2025,Monaco,R,76.822,20.015,36.42,20.387,77.90899999999999,1.086999999999989,80.58,-3.7579999999999956,-1.086999999999989,79.282,80.88,-1.597999999999999,78.0,0.5256410256410257,47.0,0.8723404255319149,1681.0,1681.0,1,0,0,0,0,0,1,0.0,0.0,41.0,43
SAI,Williams,42.0,0 days 00:01:16.706000,0 days 00:00:20.223000,0 days 00:00:36.415000,0 days 00:00:20.068000,HARD,42.0,1.0,,,1,9.0,False,2025,Monaco,R,76.706,20.223,36.415,20.068,77.90899999999999,1.2029999999999887,80.58,-3.8739999999999952,-1.2029999999999887,79.226,80.88,-1.6539999999999964,78.0,0.5384615384615384,47.0,0.8936170212765957,1764.0,1764.0,1,0,0,0,0,0,1,0.0,0.0,42.0,43
SAI,Williams,43.0,0 days 00:01:15.881000,0 days 00:00:19.776000,0 days 00:00:36.071000,0 days 00:00:20.034000,HARD,43.0,1.0,,,1,9.0,False,2025,Monaco,R,75.881,19.776,36.071,20.034,77.90899999999999,2.0279999999999916,80.58,-4.698999999999998,-2.0279999999999916,78.461,80.88,-2.418999999999997,78.0,0.5512820512820513,47.0,0.9148936170212766,1849.0,1849.0,1,0,0,0,0,0,1,0.0,0.0,43.0,43
SAI,Williams,44.0,0 days 00:01:16.059000,0 days 00:00:19.816000,0 days 00:00:36.097000,0 days 00:00:20.146000,HARD,44.0,1.0,,,1,9.0,False,2025,Monaco,R,76.059,19.816,36.097,20.146,77.90899999999999,1.8499999999999943,80.58,-4.521000000000001,-1.8499999999999943,78.699,80.88,-2.1809999999999974,78.0,0.5641025641025641,47.0,0.9361702127659575,1936.0,1936.0,1,0,0,0,0,0,1,0.0,0.0,44.0,43
SAI,Williams,45.0,0 days 00:01:16.124000,0 days 00:00:19.894000,0 days 00:00:36.165000,0 days 00:00:20.065000,HARD,45.0,1.0,,,1,9.0,False,2025,Monaco,R,76.124,19.894,36.165,20.065,77.90899999999999,1.7849999999999966,80.58,-4.456000000000003,-1.7849999999999966,78.824,80.88,-2.0559999999999974,78.0,0.5769230769230769,47.0,0.9574468085106383,2025.0,2025.0,1,0,0,0,0,0,1,0.0,0.0,45.0,43
SAI,Williams,46.0,0 days 00:01:16.081000,0 days 00:00:19.736000,0 days 00:00:36.146000,0 days 00:00:20.199000,HARD,46.0,1.0,,,1,9.0,False,2025,Monaco,R,76.081,19.736,36.146,20.199,77.90899999999999,1.8279999999999887,80.58,-4.498999999999995,-1.8279999999999887,78.84100000000001,80.88,-2.0389999999999873,78.0,0.5897435897435898,47.0,0.9787234042553191,2116.0,2116.0,1,0,0,0,0,0,1,0.0,0.0,46.0,43
SAI,Williams,47.0,0 days 00:01:15.516000,0 days 00:00:19.690000,0 days 00:00:35.971000,0 days 00:00:19.855000,HARD,47.0,1.0,,,1,9.0,False,2025,Monaco,R,75.516,19.69,35.971,19.855,77.90899999999999,2.3929999999999865,80.58,-5.063999999999993,-2.3929999999999865,78.336,80.88,-2.543999999999997,78.0,0.6025641025641025,47.0,1.0,2209.0,2209.0,1,0,0,0,0,0,1,0.0,0.0,47.0,43
SAI,Williams,50.0,0 days 00:01:15.287000,0 days 00:00:19.754000,0 days 00:00:35.616000,0 days 00:00:19.917000,MEDIUM,2.0,2.0,,,1,9.0,False,2025,Monaco,R,75.287,19.754,35.616,19.917,77.90899999999999,2.6219999999999857,75.287,0.0,-2.6219999999999857,78.287,78.287,0.0,78.0,0.6410256410256411,4.0,0.5,4.0,2500.0,0,1,0,0,0,1,0,0.0,2.0,0.0,3
SAI,Williams,51.0,0 days 00:01:14.496000,0 days 00:00:19.494000,0 days 00:00:35.417000,0 days 00:00:19.585000,MEDIUM,3.0,2.0,,,1,9.0,False,2025,Monaco,R,74.496,19.494,35.417,19.585,77.90899999999999,3.4129999999999967,75.287,-0.791000000000011,-3.4129999999999967,77.556,78.287,-0.7310000000000088,78.0,0.6538461538461539,4.0,0.75,9.0,2601.0,0,1,0,0,0,1,0,0.0,3.0,0.0,3
SAI,Williams,52.0,0 days 00:01:14.634000,0 days 00:00:19.389000,0 days 00:00:35.443000,0 days 00:00:19.802000,MEDIUM,4.0,2.0,,,1,9.0,False,2025,Monaco,R,74.634,19.389,35.443,19.802,77.90899999999999,3.2749999999999915,75.287,-0.6530000000000058,-3.2749999999999915,77.754,78.287,-0.5330000000000013,78.0,0.6666666666666666,4.0,1.0,16.0,2704.0,0,1,1,0,0,1,0,0.0,4.0,0.0,3
SAI,Williams,55.0,0 days 00:01:15.399000,0 days 00:00:19.756000,0 days 00:00:35.618000,0 days 00:00:20.025000,MEDIUM,10.0,3.0,,,1,9.0,False,2025,Monaco,R,75.399,19.756,35.618,20.025,77.90899999999999,2.509999999999991,75.399,0.0,-2.509999999999991,78.699,78.699,0.0,78.0,0.7051282051282052,31.0,0.3225806451612903,100.0,3025.0,0,0,1,0,0,1,0,0.0,10.0,0.0,22
SAI,Williams,56.0,0 days 00:01:14.596000,0 days 00:00:19.482000,0 days 00:00:35.434000,0 days 00:00:19.680000,MEDIUM,11.0,3.0,,,1,9.0,False,2025,Monaco,R,74.596,19.482,35.434,19.68,77.90899999999999,3.312999999999988,75.399,-0.8029999999999973,-3.312999999999988,77.956,78.699,-0.742999999999995,78.0,0.717948717948718,31.0,0.3548387096774194,121.0,3136.0,0,0,1,0,0,1,0,0.0,11.0,0.0,22
SAI,Williams,57.0,0 days 00:01:15.024000,0 days 00:00:19.492000,0 days 00:00:35.554000,0 days 00:00:19.978000,MEDIUM,12.0,3.0,,,1,9.0,False,2025,Monaco,R,75.024,19.492,35.554,19.978,77.90899999999999,2.884999999999991,75.399,-0.375,-2.884999999999991,78.444,78.699,-0.25499999999999545,78.0,0.7307692307692307,31.0,0.3870967741935484,144.0,3249.0,0,0,1,0,0,1,0,0.0,12.0,0.0,22
SAI,Williams,58.0,0 days 00:01:16.214000,0 days 00:00:19.645000,0 days 00:00:36.130000,0 days 00:00:20.439000,MEDIUM,13.0,3.0,,,1,9.0,False,2025,Monaco,R,76.214,19.645,36.13,20.439,77.90899999999999,1.6949999999999932,75.399,0.8149999999999977,-1.6949999999999932,79.694,78.699,0.9950000000000045,78.0,0.7435897435897436,31.0,0.41935483870967744,169.0,3364.0,0,0,1,0,0,1,0,0.0,13.0,0.0,22
SAI,Williams,59.0,0 days 00:01:17.954000,0 days 00:00:19.886000,0 days 00:00:37.820000,0 days 00:00:20.248000,MEDIUM,14.0,3.0,,,1,9.0,False,2025,Monaco,R,77.954,19.886,37.82,20.248,77.90899999999999,0.045000000000001705,75.399,2.5549999999999926,0.045000000000001705,81.494,78.699,2.7950000000000017,78.0,0.7564102564102564,31.0,0.45161290322580644,196.0,3481.0,0,0,1,0,0,1,0,0.0,14.0,0.0,22
SAI,Williams,60.0,0 days 00:01:16.693000,0 days 00:00:19.966000,0 days 00:00:36.250000,0 days 00:00:20.477000,MEDIUM,15.0,3.0,,,1,9.0,False,2025,Monaco,R,76.693,19.966,36.25,20.477,77.90899999999999,1.215999999999994,75.399,1.293999999999997,-1.215999999999994,80.29299999999999,78.699,1.593999999999994,78.0,0.7692307692307693,31.0,0.4838709677419355,225.0,3600.0,0,0,1,0,0,1,0,0.0,15.0,0.0,22
SAI,Williams,61.0,0 days 00:01:16.622000,0 days 00:00:19.825000,0 days 00:00:36.376000,0 days 00:00:20.421000,MEDIUM,16.0,3.0,,,1,9.0,False,2025,Monaco,R,76.622,19.825,36.376,20.421,77.90899999999999,1.286999999999992,75.399,1.222999999999999,-1.286999999999992,80.282,78.699,1.5829999999999984,78.0,0.782051282051282,31.0,0.5161290322580645,256.0,3721.0,0,0,1,0,0,1,0,0.0,16.0,0.0,22
SAI,Williams,62.0,0 days 00:01:16.990000,0 days 00:00:19.986000,0 days 00:00:36.196000,0 days 00:00:20.808000,MEDIUM,17.0,3.0,,,1,9.0,False,2025,Monaco,R,76.99,19.986,36.196,20.808,77.90899999999999,0.9189999999999969,75.399,1.590999999999994,-0.9189999999999969,80.71,78.699,2.0109999999999957,78.0,0.7948717948717948,31.0,0.5483870967741935,289.0,3844.0,0,0,1,0,0,1,0,0.0,17.0,0.0,22
SAI,Williams,63.0,0 days 00:01:17.864000,0 days 00:00:19.970000,0 days 00:00:36.705000,0 days 00:00:21.189000,MEDIUM,18.0,3.0,,,1,9.0,False,2025,Monaco,R,77.864,19.97,36.705,21.189,77.90899999999999,0.044999999999987494,75.399,2.4650000000000034,-0.044999999999987494,81.644,78.699,2.9450000000000074,78.0,0.8076923076923077,31.0,0.5806451612903226,324.0,3969.0,0,0,1,0,0,1,0,0.0,18.0,0.0,22
SAI,Williams,64.0,0 days 00:01:20.206000,0 days 00:00:20.580000,0 days 00:00:38.802000,0 days 00:00:20.824000,MEDIUM,19.0,3.0,,,1,10.0,False,2025,Monaco,R,80.206,20.58,38.802,20.824,77.90899999999999,2.2970000000000113,75.399,4.807000000000002,2.2970000000000113,84.046,78.699,5.347000000000008,78.0,0.8205128205128205,31.0,0.6129032258064516,361.0,4096.0,0,0,1,0,0,1,0,0.0,19.0,0.0,22
SAI,Williams,65.0,0 days 00:01:16.154000,0 days 00:00:19.810000,0 days 00:00:36.287000,0 days 00:00:20.057000,MEDIUM,20.0,3.0,,,1,10.0,False,2025,Monaco,R,76.154,19.81,36.287,20.057,77.90899999999999,1.7549999999999955,75.399,0.7549999999999955,-1.7549999999999955,80.054,78.699,1.355000000000004,78.0,0.8333333333333334,31.0,0.6451612903225806,400.0,4225.0,0,0,1,0,0,1,0,0.0,20.0,0.0,22
SAI,Williams,66.0,0 days 00:01:14.264000,0 days 00:00:19.394000,0 days 00:00:35.301000,0 days 00:00:19.569000,MEDIUM,21.0,3.0,,,1,10.0,False,2025,Monaco,R,74.264,19.394,35.301,19.569,77.90899999999999,3.644999999999996,75.399,-1.1350000000000051,-3.644999999999996,78.22399999999999,78.699,-0.4750000000000085,78.0,0.8461538461538461,31.0,0.6774193548387096,441.0,4356.0,0,0,1,0,0,1,0,0.0,21.0,0.0,22
SAI,Williams,67.0,0 days 00:01:17.001000,0 days 00:00:20.142000,0 days 00:00:36.584000,0 days 00:00:20.275000,MEDIUM,22.0,3.0,,,1,10.0,False,2025,Monaco,R,77.001,20.142,36.584,20.275,77.90899999999999,0.907999999999987,75.399,1.6020000000000039,-0.907999999999987,81.021,78.699,2.3220000000000027,78.0,0.8589743589743589,31.0,0.7096774193548387,484.0,4489.0,0,0,1,0,0,1,0,0.0,22.0,0.0,22
SAI,Williams,68.0,0 days 00:01:13.988000,0 days 00:00:19.340000,0 days 00:00:35.166000,0 days 00:00:19.482000,MEDIUM,23.0,3.0,,,1,10.0,False,2025,Monaco,R,73.988,19.34,35.166,19.482,77.90899999999999,3.9209999999999923,75.399,-1.4110000000000014,-3.9209999999999923,78.068,78.699,-0.6310000000000002,78.0,0.8717948717948718,31.0,0.7419354838709677,529.0,4624.0,0,0,1,0,0,1,0,0.0,23.0,0.0,22
SAI,Williams,69.0,0 days 00:01:16.776000,0 days 00:00:19.630000,0 days 00:00:36.579000,0 days 00:00:20.567000,MEDIUM,24.0,3.0,,,1,10.0,False,2025,Monaco,R,76.776,19.63,36.579,20.567,77.90899999999999,1.1329999999999956,75.399,1.3769999999999953,-1.1329999999999956,80.916,78.699,2.2169999999999987,78.0,0.8846153846153846,31.0,0.7741935483870968,576.0,4761.0,0,0,1,0,0,1,0,0.0,24.0,0.0,22
SAI,Williams,70.0,0 days 00:01:14.360000,0 days 00:00:19.356000,0 days 00:00:35.332000,0 days 00:00:19.672000,MEDIUM,25.0,3.0,,,1,10.0,False,2025,Monaco,R,74.36,19.356,35.332,19.672,77.90899999999999,3.5489999999999924,75.399,-1.0390000000000015,-3.5489999999999924,78.56,78.699,-0.1389999999999958,78.0,0.8974358974358975,31.0,0.8064516129032258,625.0,4900.0,0,0,1,0,0,1,0,0.0,25.0,0.0,22
SAI,Williams,71.0,0 days 00:01:16.420000,0 days 00:00:19.883000,0 days 00:00:36.144000,0 days 00:00:20.393000,MEDIUM,26.0,3.0,,,1,10.0,False,2025,Monaco,R,76.42,19.883,36.144,20.393,77.90899999999999,1.48899999999999,75.399,1.0210000000000008,-1.48899999999999,80.68,78.699,1.9810000000000088,78.0,0.9102564102564102,31.0,0.8387096774193549,676.0,5041.0,0,0,1,0,0,1,0,0.0,26.0,0.0,22
SAI,Williams,72.0,0 days 00:01:15.794000,0 days 00:00:19.649000,0 days 00:00:35.974000,0 days 00:00:20.171000,MEDIUM,27.0,3.0,,,1,10.0,False,2025,Monaco,R,75.794,19.649,35.974,20.171,77.90899999999999,2.114999999999995,75.399,0.394999999999996,-2.114999999999995,80.114,78.699,1.4150000000000063,78.0,0.9230769230769231,31.0,0.8709677419354839,729.0,5184.0,0,0,1,0,0,1,0,0.0,27.0,0.0,22
SAI,Williams,73.0,0 days 00:01:16.530000,0 days 00:00:19.888000,0 days 00:00:36.170000,0 days 00:00:20.472000,MEDIUM,28.0,3.0,,,1,10.0,False,2025,Monaco,R,76.53,19.888,36.17,20.472,77.90899999999999,1.3789999999999907,75.399,1.1310000000000002,-1.3789999999999907,80.91,78.699,2.2109999999999985,78.0,0.9358974358974359,31.0,0.9032258064516129,784.0,5329.0,0,0,1,0,0,1,0,0.0,28.0,0.0,22
SAI,Williams,74.0,0 days 00:01:14.295000,0 days 00:00:19.429000,0 days 00:00:35.243000,0 days 00:00:19.623000,MEDIUM,29.0,3.0,,,1,10.0,False,2025,Monaco,R,74.295,19.429,35.243,19.623,77.90899999999999,3.61399999999999,75.399,-1.1039999999999992,-3.61399999999999,78.735,78.699,0.036000000000001364,78.0,0.9487179487179487,31.0,0.9354838709677419,841.0,5476.0,0,0,1,0,0,1,0,0.0,29.0,0.0,22
SAI,Williams,75.0,0 days 00:01:14.539000,0 days 00:00:19.424000,0 days 00:00:35.357000,0 days 00:00:19.758000,MEDIUM,30.0,3.0,,,1,10.0,False,2025,Monaco,R,74.539,19.424,35.357,19.758,77.90899999999999,3.3699999999999903,75.399,-0.8599999999999994,-3.3699999999999903,79.039,78.699,0.3400000000000034,78.0,0.9615384615384616,31.0,0.967741935483871,900.0,5625.0,0,0,1,0,0,1,0,0.0,30.0,0.0,22
SAI,Williams,76.0,0 days 00:01:15.182000,0 days 00:00:19.432000,0 days 00:00:35.823000,0 days 00:00:19.927000,MEDIUM,31.0,3.0,,,1,10.0,False,2025,Monaco,R,75.182,19.432,35.823,19.927,77.90899999999999,2.7269999999999897,75.399,-0.21699999999999875,-2.7269999999999897,79.742,78.699,1.0430000000000064,78.0,0.9743589743589743,31.0,1.0,961.0,5776.0,0,0,1,0,0,1,0,0.0,31.0,0.0,22
STR,Aston Martin,5.0,0 days 00:01:20.285000,0 days 00:00:21.136000,0 days 00:00:37.834000,0 days 00:00:21.315000,HARD,6.0,1.0,,,1,16.0,False,2025,Monaco,R,80.285,21.136,37.834,21.315,78.785,1.5,80.285,0.0,1.5,80.585,80.585,0.0,78.0,0.0641025641025641,17.0,0.35294117647058826,36.0,25.0,1,0,0,1,0,0,1,0.0,0.0,6.0,12
STR,Aston Martin,6.0,0 days 00:01:20.306000,0 days 00:00:21.107000,0 days 00:00:37.773000,0 days 00:00:21.426000,HARD,7.0,1.0,,,1,16.0,False,2025,Monaco,R,80.306,21.107,37.773,21.426,78.785,1.5210000000000008,80.285,0.021000000000000796,1.5210000000000008,80.666,80.585,0.08100000000000307,78.0,0.07692307692307693,17.0,0.4117647058823529,49.0,36.0,1,0,0,1,0,0,1,0.0,0.0,7.0,12
STR,Aston Martin,7.0,0 days 00:01:21.196000,0 days 00:00:21.189000,0 days 00:00:38.295000,0 days 00:00:21.712000,HARD,8.0,1.0,,,1,16.0,False,2025,Monaco,R,81.196,21.189,38.295,21.712,78.785,2.4110000000000014,80.285,0.9110000000000014,2.4110000000000014,81.616,80.585,1.031000000000006,78.0,0.08974358974358974,17.0,0.47058823529411764,64.0,49.0,1,0,0,1,0,0,1,0.0,0.0,8.0,12
STR,Aston Martin,8.0,0 days 00:01:21.663000,0 days 00:00:21.185000,0 days 00:00:39.151000,0 days 00:00:21.327000,HARD,9.0,1.0,,,12,16.0,False,2025,Monaco,R,81.663,21.185,39.151,21.327,78.785,2.878,80.285,1.3780000000000001,2.878,82.143,80.585,1.558000000000007,78.0,0.10256410256410256,17.0,0.5294117647058824,81.0,64.0,1,0,0,1,0,0,1,0.0,0.0,9.0,12
STR,Aston Martin,9.0,0 days 00:01:22.321000,0 days 00:00:20.895000,0 days 00:00:39.290000,0 days 00:00:22.136000,HARD,10.0,1.0,,,2,16.0,False,2025,Monaco,R,82.321,20.895,39.29,22.136,78.785,3.5360000000000014,80.285,2.0360000000000014,3.5360000000000014,82.861,80.585,2.2760000000000105,78.0,0.11538461538461539,17.0,0.5882352941176471,100.0,81.0,1,0,0,1,0,0,1,0.0,0.0,10.0,12
STR,Aston Martin,10.0,0 days 00:01:21.708000,0 days 00:00:21.199000,0 days 00:00:38.782000,0 days 00:00:21.727000,HARD,11.0,1.0,,,2,16.0,False,2025,Monaco,R,81.708,21.199,38.782,21.727,78.785,2.923000000000002,80.285,1.4230000000000018,2.923000000000002,82.30799999999999,80.585,1.722999999999999,78.0,0.1282051282051282,17.0,0.6470588235294118,121.0,100.0,1,0,0,1,0,0,1,0.0,0.0,11.0,12
STR,Aston Martin,11.0,0 days 00:01:20.118000,0 days 00:00:20.998000,0 days 00:00:37.856000,0 days 00:00:21.264000,HARD,12.0,1.0,,,21,16.0,False,2025,Monaco,R,80.118,20.998,37.856,21.264,78.785,1.3329999999999984,80.285,-0.1670000000000016,1.3329999999999984,80.77799999999999,80.585,0.19299999999999784,78.0,0.14102564102564102,17.0,0.7058823529411765,144.0,121.0,1,0,0,1,0,0,1,0.0,0.0,12.0,12
STR,Aston Martin,12.0,0 days 00:01:19.565000,0 days 00:00:20.816000,0 days 00:00:37.483000,0 days 00:00:21.266000,HARD,13.0,1.0,,,1,15.0,False,2025,Monaco,R,79.565,20.816,37.483,21.266,78.785,0.7800000000000011,80.285,-0.7199999999999989,0.7800000000000011,80.285,80.585,-0.29999999999999716,78.0,0.15384615384615385,17.0,0.7647058823529411,169.0,144.0,1,0,0,1,0,0,1,0.0,0.0,13.0,12
STR,Aston Martin,13.0,0 days 00:01:19.387000,0 days 00:00:20.858000,0 days 00:00:37.526000,0 days 00:00:21.003000,HARD,14.0,1.0,,,1,14.0,False,2025,Monaco,R,79.387,20.858,37.526,21.003,78.785,0.6020000000000039,80.285,-0.8979999999999961,0.6020000000000039,80.167,80.585,-0.41799999999999216,78.0,0.16666666666666666,17.0,0.8235294117647058,196.0,169.0,1,0,0,1,0,0,1,0.0,0.0,14.0,12
STR,Aston Martin,14.0,0 days 00:01:18.472000,0 days 00:00:20.429000,0 days 00:00:37.070000,0 days 00:00:20.973000,HARD,15.0,1.0,,,1,14.0,False,2025,Monaco,R,78.472,20.429,37.07,20.973,78.785,0.3130000000000024,80.285,-1.8130000000000024,-0.3130000000000024,79.312,80.585,-1.2729999999999961,78.0,0.1794871794871795,17.0,0.8823529411764706,225.0,196.0,1,0,0,1,0,0,1,0.0,0.0,15.0,12
STR,Aston Martin,15.0,0 days 00:01:19.347000,0 days 00:00:20.875000,0 days 00:00:37.163000,0 days 00:00:21.309000,HARD,16.0,1.0,,,1,14.0,False,2025,Monaco,R,79.347,20.875,37.163,21.309,78.785,0.5619999999999976,80.285,-0.9380000000000024,0.5619999999999976,80.247,80.585,-0.33799999999999386,78.0,0.19230769230769232,17.0,0.9411764705882353,256.0,225.0,1,0,0,1,0,0,1,0.0,0.0,16.0,12
STR,Aston Martin,16.0,0 days 00:01:20.446000,0 days 00:00:21.046000,0 days 00:00:37.741000,0 days 00:00:21.659000,HARD,17.0,1.0,,,1,14.0,False,2025,Monaco,R,80.446,21.046,37.741,21.659,78.785,1.6610000000000014,80.285,0.16100000000000136,1.6610000000000014,81.40599999999999,80.585,0.820999999999998,78.0,0.20512820512820512,17.0,1.0,289.0,256.0,1,0,0,1,0,0,1,0.0,0.0,17.0,12
STR,Aston Martin,19.0,0 days 00:01:16.581000,0 days 00:00:20.209000,0 days 00:00:35.999000,0 days 00:00:20.373000,HARD,3.0,2.0,,,1,18.0,False,2025,Monaco,R,76.581,20.209,35.999,20.373,78.785,2.2039999999999935,76.581,0.0,-2.2039999999999935,77.721,77.721,0.0,78.0,0.24358974358974358,47.0,0.06382978723404255,9.0,361.0,0,1,0,1,0,0,1,0.0,0.0,3.0,45
STR,Aston Martin,20.0,0 days 00:01:16.433000,0 days 00:00:20.176000,0 days 00:00:35.820000,0 days 00:00:20.437000,HARD,4.0,2.0,,,1,18.0,False,2025,Monaco,R,76.433,20.176,35.82,20.437,78.785,2.3519999999999897,76.581,-0.14799999999999613,-2.3519999999999897,77.63300000000001,77.721,-0.08799999999999386,78.0,0.2564102564102564,47.0,0.0851063829787234,16.0,400.0,0,1,0,1,0,0,1,0.0,0.0,4.0,45
STR,Aston Martin,21.0,0 days 00:01:16.907000,0 days 00:00:20.400000,0 days 00:00:36.010000,0 days 00:00:20.497000,HARD,5.0,2.0,,,1,18.0,False,2025,Monaco,R,76.907,20.4,36.01,20.497,78.785,1.8780000000000001,76.581,0.3259999999999934,-1.8780000000000001,78.167,77.721,0.44599999999999795,78.0,0.2692307692307692,47.0,0.10638297872340426,25.0,441.0,0,1,0,1,0,0,1,0.0,0.0,5.0,45
STR,Aston Martin,22.0,0 days 00:01:16.673000,0 days 00:00:20.102000,0 days 00:00:36.126000,0 days 00:00:20.445000,HARD,6.0,2.0,,,1,18.0,False,2025,Monaco,R,76.673,20.102,36.126,20.445,78.785,2.1119999999999948,76.581,0.09199999999999875,-2.1119999999999948,77.993,77.721,0.27199999999999136,78.0,0.28205128205128205,47.0,0.1276595744680851,36.0,484.0,0,1,0,1,0,0,1,0.0,0.0,6.0,45
STR,Aston Martin,23.0,0 days 00:01:16.579000,0 days 00:00:20.038000,0 days 00:00:35.934000,0 days 00:00:20.607000,HARD,7.0,2.0,,,1,18.0,False,2025,Monaco,R,76.579,20.038,35.934,20.607,78.785,2.206000000000003,76.581,-0.0020000000000095497,-2.206000000000003,77.95899999999999,77.721,0.23799999999998533,78.0,0.2948717948717949,47.0,0.14893617021276595,49.0,529.0,0,1,0,1,0,0,1,0.0,0.0,7.0,45
STR,Aston Martin,24.0,0 days 00:01:17.042000,0 days 00:00:20.183000,0 days 00:00:36.423000,0 days 00:00:20.436000,HARD,8.0,2.0,,,1,18.0,False,2025,Monaco,R,77.042,20.183,36.423,20.436,78.785,1.742999999999995,76.581,0.4609999999999985,-1.742999999999995,78.482,77.721,0.7609999999999957,78.0,0.3076923076923077,47.0,0.1702127659574468,64.0,576.0,0,1,0,1,0,0,1,0.0,0.0,8.0,45
STR,Aston Martin,25.0,0 days 00:01:17.241000,0 days 00:00:20.033000,0 days 00:00:36.404000,0 days 00:00:20.804000,HARD,9.0,2.0,,,1,18.0,False,2025,Monaco,R,77.241,20.033,36.404,20.804,78.785,1.543999999999997,76.581,0.6599999999999966,-1.543999999999997,78.741,77.721,1.019999999999996,78.0,0.32051282051282054,47.0,0.19148936170212766,81.0,625.0,0,1,0,1,0,0,1,0.0,0.0,9.0,45
STR,Aston Martin,26.0,0 days 00:01:18.901000,0 days 00:00:20.279000,0 days 00:00:36.541000,0 days 00:00:22.081000,HARD,10.0,2.0,,,1,16.0,False,2025,Monaco,R,78.901,20.279,36.541,22.081,78.785,0.11599999999999966,76.581,2.319999999999993,0.11599999999999966,80.461,77.721,2.739999999999995,78.0,0.3333333333333333,47.0,0.2127659574468085,100.0,676.0,0,1,0,0,0,0,1,0.0,0.0,10.0,45
STR,Aston Martin,27.0,0 days 00:01:17.027000,0 days 00:00:20.267000,0 days 00:00:36.353000,0 days 00:00:20.407000,HARD,11.0,2.0,,,1,16.0,False,2025,Monaco,R,77.027,20.267,36.353,20.407,78.785,1.7579999999999956,76.581,0.44599999999999795,-1.7579999999999956,78.647,77.721,0.9260000000000019,78.0,0.34615384615384615,47.0,0.23404255319148937,121.0,729.0,0,1,0,0,0,0,1,0.0,0.0,11.0,45
STR,Aston Martin,28.0,0 days 00:01:17.272000,0 days 00:00:19.992000,0 days 00:00:36.526000,0 days 00:00:20.754000,HARD,12.0,2.0,,,1,16.0,False,2025,Monaco,R,77.272,19.992,36.526,20.754,78.785,1.512999999999991,76.581,0.6910000000000025,-1.512999999999991,78.95200000000001,77.721,1.2310000000000088,78.0,0.358974358974359,47.0,0.2553191489361702,144.0,784.0,0,1,0,0,0,0,1,0.0,0.0,12.0,45
STR,Aston Martin,29.0,0 days 00:01:20.119000,0 days 00:00:20.789000,0 days 00:00:38.482000,0 days 00:00:20.848000,HARD,13.0,2.0,,,1,16.0,False,2025,Monaco,R,80.119,20.789,38.482,20.848,78.785,1.3340000000000032,76.581,3.5379999999999967,1.3340000000000032,81.859,77.721,4.137999999999991,78.0,0.3717948717948718,47.0,0.2765957446808511,169.0,841.0,0,1,0,0,0,0,1,0.0,0.0,13.0,45
STR,Aston Martin,30.0,0 days 00:01:20.246000,0 days 00:00:20.663000,0 days 00:00:38.818000,0 days 00:00:20.765000,HARD,14.0,2.0,,,1,16.0,False,2025,Monaco,R,80.246,20.663,38.818,20.765,78.785,1.4609999999999985,76.581,3.664999999999992,1.4609999999999985,82.04599999999999,77.721,4.324999999999989,78.0,0.38461538461538464,47.0,0.2978723404255319,196.0,900.0,0,1,0,0,0,0,1,0.0,0.0,14.0,45
STR,Aston Martin,31.0,0 days 00:01:19.721000,0 days 00:00:20.934000,0 days 00:00:38.171000,0 days 00:00:20.616000,HARD,15.0,2.0,,,1,16.0,False,2025,Monaco,R,79.721,20.934,38.171,20.616,78.785,0.936000000000007,76.581,3.1400000000000006,0.936000000000007,81.581,77.721,3.8599999999999994,78.0,0.3974358974358974,47.0,0.3191489361702128,225.0,961.0,0,1,0,0,0,0,1,0.0,0.0,15.0,45
STR,Aston Martin,32.0,0 days 00:01:20.498000,0 days 00:00:21.639000,0 days 00:00:37.764000,0 days 00:00:21.095000,HARD,16.0,2.0,,,1,16.0,False,2025,Monaco,R,80.498,21.639,37.764,21.095,78.785,1.713000000000008,76.581,3.9170000000000016,1.713000000000008,82.418,77.721,4.697000000000003,78.0,0.41025641025641024,47.0,0.3404255319148936,256.0,1024.0,0,1,0,0,0,0,1,0.0,0.0,16.0,45
STR,Aston Martin,33.0,0 days 00:01:18.230000,0 days 00:00:20.483000,0 days 00:00:36.848000,0 days 00:00:20.899000,HARD,17.0,2.0,,,1,16.0,False,2025,Monaco,R,78.23,20.483,36.848,20.899,78.785,0.5549999999999926,76.581,1.649000000000001,-0.5549999999999926,80.21000000000001,77.721,2.4890000000000043,78.0,0.4230769230769231,47.0,0.3617021276595745,289.0,1089.0,0,1,0,0,0,0,1,0.0,0.0,17.0,45
STR,Aston Martin,34.0,0 days 00:01:20.199000,0 days 00:00:20.533000,0 days 00:00:38.933000,0 days 00:00:20.733000,HARD,18.0,2.0,,,1,16.0,False,2025,Monaco,R,80.199,20.533,38.933,20.733,78.785,1.4140000000000015,76.581,3.617999999999995,1.4140000000000015,82.239,77.721,4.518000000000001,78.0,0.4358974358974359,47.0,0.3829787234042553,324.0,1156.0,0,1,0,0,0,0,1,0.0,0.0,18.0,45
STR,Aston Martin,35.0,0 days 00:01:18.217000,0 days 00:00:20.499000,0 days 00:00:36.731000,0 days 00:00:20.987000,HARD,19.0,2.0,,,1,16.0,False,2025,Monaco,R,78.217,20.499,36.731,20.987,78.785,0.5679999999999978,76.581,1.6359999999999957,-0.5679999999999978,80.317,77.721,2.5959999999999894,78.0,0.44871794871794873,47.0,0.40425531914893614,361.0,1225.0,0,1,0,0,0,0,1,0.0,0.0,19.0,45
STR,Aston Martin,36.0,0 days 00:01:18.912000,0 days 00:00:20.626000,0 days 00:00:37.419000,0 days 00:00:20.867000,HARD,20.0,2.0,,,1,16.0,False,2025,Monaco,R,78.912,20.626,37.419,20.867,78.785,0.12700000000000955,76.581,2.331000000000003,0.12700000000000955,81.072,77.721,3.350999999999999,78.0,0.46153846153846156,47.0,0.425531914893617,400.0,1296.0,0,1,0,0,0,0,1,0.0,0.0,20.0,45
STR,Aston Martin,37.0,0 days 00:01:18.946000,0 days 00:00:20.597000,0 days 00:00:37.362000,0 days 00:00:20.987000,HARD,21.0,2.0,,,12,15.0,False,2025,Monaco,R,78.946,20.597,37.362,20.987,78.785,0.16100000000000136,76.581,2.364999999999995,0.16100000000000136,81.166,77.721,3.444999999999993,78.0,0.47435897435897434,47.0,0.44680851063829785,441.0,1369.0,0,1,0,0,0,0,1,0.0,0.0,21.0,45
STR,Aston Martin,38.0,0 days 00:01:18.252000,0 days 00:00:20.484000,0 days 00:00:36.930000,0 days 00:00:20.838000,HARD,22.0,2.0,,,1,15.0,False,2025,Monaco,R,78.252,20.484,36.93,20.838,78.785,0.5330000000000013,76.581,1.6709999999999923,-0.5330000000000013,80.532,77.721,2.810999999999993,78.0,0.48717948717948717,47.0,0.46808510638297873,484.0,1444.0,0,1,0,0,0,0,1,0.0,0.0,22.0,45
STR,Aston Martin,39.0,0 days 00:01:18.805000,0 days 00:00:20.643000,0 days 00:00:37.281000,0 days 00:00:20.881000,HARD,23.0,2.0,,,1,15.0,False,2025,Monaco,R,78.805,20.643,37.281,20.881,78.785,0.020000000000010232,76.581,2.2240000000000038,0.020000000000010232,81.14500000000001,77.721,3.4240000000000066,78.0,0.5,47.0,0.48936170212765956,529.0,1521.0,0,1,0,0,0,0,1,0.0,0.0,23.0,45
STR,Aston Martin,40.0,0 days 00:01:18.785000,0 days 00:00:20.603000,0 days 00:00:37.370000,0 days 00:00:20.812000,HARD,24.0,2.0,,,1,15.0,False,2025,Monaco,R,78.785,20.603,37.37,20.812,78.785,0.0,76.581,2.2039999999999935,0.0,81.185,77.721,3.4639999999999986,78.0,0.5128205128205128,47.0,0.5106382978723404,576.0,1600.0,0,1,0,0,0,0,1,0.0,0.0,24.0,45
STR,Aston Martin,41.0,0 days 00:01:18.701000,0 days 00:00:20.613000,0 days 00:00:37.203000,0 days 00:00:20.885000,HARD,25.0,2.0,,,1,15.0,False,2025,Monaco,R,78.701,20.613,37.203,20.885,78.785,0.08400000000000318,76.581,2.1199999999999903,-0.08400000000000318,81.16099999999999,77.721,3.4399999999999835,78.0,0.5256410256410257,47.0,0.5319148936170213,625.0,1681.0,0,1,0,0,0,0,1,0.0,0.0,25.0,45
STR,Aston Martin,42.0,0 days 00:01:17.363000,0 days 00:00:20.237000,0 days 00:00:36.682000,0 days 00:00:20.444000,HARD,26.0,2.0,,,1,15.0,False,2025,Monaco,R,77.363,20.237,36.682,20.444,78.785,1.421999999999997,76.581,0.7819999999999965,-1.421999999999997,79.883,77.721,2.161999999999992,78.0,0.5384615384615384,47.0,0.5531914893617021,676.0,1764.0,0,1,0,0,0,0,1,0.0,0.0,26.0,45
STR,Aston Martin,43.0,0 days 00:01:17.762000,0 days 00:00:20.266000,0 days 00:00:36.767000,0 days 00:00:20.729000,HARD,27.0,2.0,,,1,15.0,False,2025,Monaco,R,77.762,20.266,36.767,20.729,78.785,1.0229999999999961,76.581,1.1809999999999974,-1.0229999999999961,80.342,77.721,2.620999999999995,78.0,0.5512820512820513,47.0,0.574468085106383,729.0,1849.0,0,1,0,0,0,0,1,0.0,0.0,27.0,45
STR,Aston Martin,44.0,0 days 00:01:18.615000,0 days 00:00:20.473000,0 days 00:00:37.227000,0 days 00:00:20.915000,HARD,28.0,2.0,,,1,14.0,False,2025,Monaco,R,78.615,20.473,37.227,20.915,78.785,0.1700000000000017,76.581,2.033999999999992,-0.1700000000000017,81.255,77.721,3.533999999999992,78.0,0.5641025641025641,47.0,0.5957446808510638,784.0,1936.0,0,1,0,0,0,0,1,0.0,0.0,28.0,45
STR,Aston Martin,45.0,0 days 00:01:19.045000,0 days 00:00:20.501000,0 days 00:00:37.547000,0 days 00:00:20.997000,HARD,29.0,2.0,,,1,14.0,False,2025,Monaco,R,79.045,20.501,37.547,20.997,78.785,0.2600000000000051,76.581,2.4639999999999986,0.2600000000000051,81.745,77.721,4.024000000000001,78.0,0.5769230769230769,47.0,0.6170212765957447,841.0,2025.0,0,1,0,0,0,0,1,0.0,0.0,29.0,45
STR,Aston Martin,46.0,0 days 00:01:19.020000,0 days 00:00:20.615000,0 days 00:00:37.482000,0 days 00:00:20.923000,HARD,30.0,2.0,,,1,14.0,False,2025,Monaco,R,79.02,20.615,37.482,20.923,78.785,0.23499999999999943,76.581,2.438999999999993,0.23499999999999943,81.78,77.721,4.0589999999999975,78.0,0.5897435897435898,47.0,0.6382978723404256,900.0,2116.0,0,1,0,0,0,0,1,0.0,0.0,30.0,45
STR,Aston Martin,47.0,0 days 00:01:20.384000,0 days 00:00:21.282000,0 days 00:00:38.120000,0 days 00:00:20.982000,HARD,31.0,2.0,,,1,14.0,False,2025,Monaco,R,80.384,21.282,38.12,20.982,78.785,1.5990000000000038,76.581,3.8029999999999973,1.5990000000000038,83.204,77.721,5.48299999999999,78.0,0.6025641025641025,47.0,0.6595744680851063,961.0,2209.0,0,1,0,0,0,0,1,0.0,0.0,31.0,45
STR,Aston Martin,48.0,0 days 00:01:18.618000,0 days 00:00:20.584000,0 days 00:00:37.342000,0 days 00:00:20.692000,HARD,32.0,2.0,,,1,14.0,False,2025,Monaco,R,78.618,20.584,37.342,20.692,78.785,0.1670000000000016,76.581,2.036999999999992,-0.1670000000000016,81.49799999999999,77.721,3.776999999999987,78.0,0.6153846153846154,47.0,0.6808510638297872,1024.0,2304.0,0,1,0,0,0,0,1,0.0,0.0,32.0,45
STR,Aston Martin,49.0,0 days 00:01:18.251000,0 days 00:00:20.708000,0 days 00:00:36.868000,0 days 00:00:20.675000,HARD,33.0,2.0,,,1,14.0,False,2025,Monaco,R,78.251,20.708,36.868,20.675,78.785,0.5339999999999918,76.581,1.6700000000000017,-0.5339999999999918,81.191,77.721,3.469999999999999,78.0,0.6282051282051282,47.0,0.7021276595744681,1089.0,2401.0,0,1,0,0,0,0,1,0.0,0.0,33.0,45
STR,Aston Martin,50.0,0 days 00:01:19.001000,0 days 00:00:20.586000,0 days 00:00:37.524000,0 days 00:00:20.891000,HARD,34.0,2.0,,,1,14.0,False,2025,Monaco,R,79.001,20.586,37.524,20.891,78.785,0.21600000000000819,76.581,2.4200000000000017,0.21600000000000819,82.001,77.721,4.280000000000001,78.0,0.6410256410256411,47.0,0.723404255319149,1156.0,2500.0,0,1,0,0,0,0,1,0.0,0.0,34.0,45
STR,Aston Martin,51.0,0 days 00:01:20.289000,0 days 00:00:20.504000,0 days 00:00:38.746000,0 days 00:00:21.039000,HARD,35.0,2.0,,,1,14.0,False,2025,Monaco,R,80.289,20.504,38.746,21.039,78.785,1.5040000000000049,76.581,3.7079999999999984,1.5040000000000049,83.349,77.721,5.628,78.0,0.6538461538461539,47.0,0.7446808510638298,1225.0,2601.0,0,1,0,0,0,0,1,0.0,0.0,35.0,45
STR,Aston Martin,52.0,0 days 00:01:22.255000,0 days 00:00:21.675000,0 days 00:00:39.791000,0 days 00:00:20.789000,HARD,36.0,2.0,,,1,14.0,False,2025,Monaco,R,82.255,21.675,39.791,20.789,78.785,3.469999999999999,76.581,5.673999999999992,3.469999999999999,85.375,77.721,7.653999999999996,78.0,0.6666666666666666,47.0,0.7659574468085106,1296.0,2704.0,0,1,1,0,0,0,1,0.0,0.0,36.0,45
STR,Aston Martin,53.0,0 days 00:01:18.963000,0 days 00:00:20.651000,0 days 00:00:37.193000,0 days 00:00:21.119000,HARD,37.0,2.0,,,1,14.0,False,2025,Monaco,R,78.963,20.651,37.193,21.119,78.785,0.17799999999999727,76.581,2.381999999999991,0.17799999999999727,82.143,77.721,4.421999999999997,78.0,0.6794871794871795,47.0,0.7872340425531915,1369.0,2809.0,0,1,1,0,0,0,1,0.0,0.0,37.0,45
STR,Aston Martin,54.0,0 days 00:01:19.793000,0 days 00:00:21.430000,0 days 00:00:37.317000,0 days 00:00:21.046000,HARD,38.0,2.0,,,1,14.0,False,2025,Monaco,R,79.793,21.43,37.317,21.046,78.785,1.0080000000000098,76.581,3.2120000000000033,1.0080000000000098,83.033,77.721,5.311999999999998,78.0,0.6923076923076923,47.0,0.8085106382978723,1444.0,2916.0,0,1,1,0,0,0,1,0.0,0.0,38.0,45
STR,Aston Martin,55.0,0 days 00:01:18.805000,0 days 00:00:20.538000,0 days 00:00:37.249000,0 days 00:00:21.018000,HARD,39.0,2.0,,,1,14.0,False,2025,Monaco,R,78.805,20.538,37.249,21.018,78.785,0.020000000000010232,76.581,2.2240000000000038,0.020000000000010232,82.105,77.721,4.384,78.0,0.7051282051282052,47.0,0.8297872340425532,1521.0,3025.0,0,1,1,0,0,0,1,0.0,0.0,39.0,45
STR,Aston Martin,56.0,0 days 00:01:18.365000,0 days 00:00:20.513000,0 days 00:00:36.976000,0 days 00:00:20.876000,HARD,40.0,2.0,,,1,14.0,False,2025,Monaco,R,78.365,20.513,36.976,20.876,78.785,0.4200000000000017,76.581,1.7839999999999918,-0.4200000000000017,81.725,77.721,4.003999999999991,78.0,0.717948717948718,47.0,0.851063829787234,1600.0,3136.0,0,1,1,0,0,0,1,0.0,0.0,40.0,45
STR,Aston Martin,57.0,0 days 00:01:18.494000,0 days 00:00:20.624000,0 days 00:00:36.940000,0 days 00:00:20.930000,HARD,41.0,2.0,,,1,14.0,False,2025,Monaco,R,78.494,20.624,36.94,20.93,78.785,0.2909999999999968,76.581,1.9129999999999967,-0.2909999999999968,81.914,77.721,4.192999999999998,78.0,0.7307692307692307,47.0,0.8723404255319149,1681.0,3249.0,0,1,1,0,0,0,1,0.0,0.0,41.0,45
STR,Aston Martin,58.0,0 days 00:01:18.116000,0 days 00:00:20.326000,0 days 00:00:36.895000,0 days 00:00:20.895000,HARD,42.0,2.0,,,1,14.0,False,2025,Monaco,R,78.116,20.326,36.895,20.895,78.785,0.6689999999999969,76.581,1.5349999999999966,-0.6689999999999969,81.596,77.721,3.875,78.0,0.7435897435897436,47.0,0.8936170212765957,1764.0,3364.0,0,1,1,0,0,0,1,0.0,0.0,42.0,45
STR,Aston Martin,59.0,0 days 00:01:19.183000,0 days 00:00:20.789000,0 days 00:00:37.427000,0 days 00:00:20.967000,HARD,43.0,2.0,,,1,14.0,False,2025,Monaco,R,79.183,20.789,37.427,20.967,78.785,0.39800000000001035,76.581,2.602000000000004,0.39800000000001035,82.72300000000001,77.721,5.0020000000000095,78.0,0.7564102564102564,47.0,0.9148936170212766,1849.0,3481.0,0,1,1,0,0,0,1,0.0,0.0,43.0,45
STR,Aston Martin,60.0,0 days 00:01:18.580000,0 days 00:00:20.536000,0 days 00:00:37.253000,0 days 00:00:20.791000,HARD,44.0,2.0,,,1,14.0,False,2025,Monaco,R,78.58,20.536,37.253,20.791,78.785,0.2049999999999983,76.581,1.9989999999999952,-0.2049999999999983,82.17999999999999,77.721,4.458999999999989,78.0,0.7692307692307693,47.0,0.9361702127659575,1936.0,3600.0,0,1,1,0,0,0,1,0.0,0.0,44.0,45
STR,Aston Martin,61.0,0 days 00:01:18.751000,0 days 00:00:20.603000,0 days 00:00:37.071000,0 days 00:00:21.077000,HARD,45.0,2.0,,,1,14.0,False,2025,Monaco,R,78.751,20.603,37.071,21.077,78.785,0.033999999999991815,76.581,2.1700000000000017,-0.033999999999991815,82.411,77.721,4.689999999999998,78.0,0.782051282051282,47.0,0.9574468085106383,2025.0,3721.0,0,1,1,0,0,0,1,0.0,0.0,45.0,45
STR,Aston Martin,62.0,0 days 00:01:18.282000,0 days 00:00:20.257000,0 days 00:00:37.032000,0 days 00:00:20.993000,HARD,46.0,2.0,,,1,14.0,False,2025,Monaco,R,78.282,20.257,37.032,20.993,78.785,0.5030000000000001,76.581,1.7009999999999934,-0.5030000000000001,82.002,77.721,4.280999999999992,78.0,0.7948717948717948,47.0,0.9787234042553191,2116.0,3844.0,0,1,1,0,0,0,1,0.0,0.0,46.0,45
STR,Aston Martin,63.0,0 days 00:01:18.974000,0 days 00:00:20.602000,0 days 00:00:37.086000,0 days 00:00:21.286000,HARD,47.0,2.0,,,1,14.0,False,2025,Monaco,R,78.974,20.602,37.086,21.286,78.785,0.18900000000000716,76.581,2.3930000000000007,0.18900000000000716,82.754,77.721,5.033000000000001,78.0,0.8076923076923077,47.0,1.0,2209.0,3969.0,0,1,1,0,0,0,1,0.0,0.0,47.0,45
STR,Aston Martin,66.0,0 days 00:01:14.886000,0 days 00:00:19.467000,0 days 00:00:35.490000,0 days 00:00:19.929000,MEDIUM,3.0,3.0,,,1,18.0,False,2025,Monaco,R,74.886,19.467,35.49,19.929,78.785,3.899000000000001,74.886,0.0,-3.899000000000001,78.84599999999999,78.84599999999999,0.0,78.0,0.8461538461538461,13.0,0.23076923076923078,9.0,4356.0,0,0,1,0,0,1,0,0.0,3.0,0.0,10
STR,Aston Martin,67.0,0 days 00:01:14.877000,0 days 00:00:19.652000,0 days 00:00:35.303000,0 days 00:00:19.922000,MEDIUM,4.0,3.0,,,1,18.0,False,2025,Monaco,R,74.877,19.652,35.303,19.922,78.785,3.9080000000000013,74.886,-0.009000000000000341,-3.9080000000000013,78.89699999999999,78.84599999999999,0.05100000000000193,78.0,0.8589743589743589,13.0,0.3076923076923077,16.0,4489.0,0,0,1,0,0,1,0,0.0,4.0,0.0,10
STR,Aston Martin,68.0,0 days 00:01:15.326000,0 days 00:00:19.389000,0 days 00:00:35.599000,0 days 00:00:20.338000,MEDIUM,5.0,3.0,,,1,18.0,False,2025,Monaco,R,75.326,19.389,35.599,20.338,78.785,3.459000000000003,74.886,0.4399999999999977,-3.459000000000003,79.40599999999999,78.84599999999999,0.5600000000000023,78.0,0.8717948717948718,13.0,0.38461538461538464,25.0,4624.0,0,0,1,0,0,1,0,0.0,5.0,0.0,10
STR,Aston Martin,69.0,0 days 00:01:15.247000,0 days 00:00:19.555000,0 days 00:00:35.425000,0 days 00:00:20.267000,MEDIUM,6.0,3.0,,,1,17.0,False,2025,Monaco,R,75.247,19.555,35.425,20.267,78.785,3.5379999999999967,74.886,0.3610000000000042,-3.5379999999999967,79.387,78.84599999999999,0.541000000000011,78.0,0.8846153846153846,13.0,0.46153846153846156,36.0,4761.0,0,0,1,0,0,1,0,0.0,6.0,0.0,10
STR,Aston Martin,70.0,0 days 00:01:16.215000,0 days 00:00:19.819000,0 days 00:00:36.204000,0 days 00:00:20.192000,MEDIUM,7.0,3.0,,,1,17.0,False,2025,Monaco,R,76.215,19.819,36.204,20.192,78.785,2.569999999999993,74.886,1.3290000000000077,-2.569999999999993,80.415,78.84599999999999,1.5690000000000168,78.0,0.8974358974358975,13.0,0.5384615384615384,49.0,4900.0,0,0,1,0,0,1,0,0.0,7.0,0.0,10
STR,Aston Martin,71.0,0 days 00:01:16.555000,0 days 00:00:19.910000,0 days 00:00:36.118000,0 days 00:00:20.527000,MEDIUM,8.0,3.0,,,1,17.0,False,2025,Monaco,R,76.555,19.91,36.118,20.527,78.785,2.2299999999999898,74.886,1.6690000000000111,-2.2299999999999898,80.81500000000001,78.84599999999999,1.9690000000000225,78.0,0.9102564102564102,13.0,0.6153846153846154,64.0,5041.0,0,0,1,0,0,1,0,0.0,8.0,0.0,10
STR,Aston Martin,72.0,0 days 00:01:16.161000,0 days 00:00:19.651000,0 days 00:00:35.924000,0 days 00:00:20.586000,MEDIUM,9.0,3.0,,,1,17.0,False,2025,Monaco,R,76.161,19.651,35.924,20.586,78.785,2.6239999999999952,74.886,1.2750000000000057,-2.6239999999999952,80.481,78.84599999999999,1.6350000000000051,78.0,0.9230769230769231,13.0,0.6923076923076923,81.0,5184.0,0,0,1,0,0,1,0,0.0,9.0,0.0,10
STR,Aston Martin,73.0,0 days 00:01:15.952000,0 days 00:00:19.627000,0 days 00:00:36.078000,0 days 00:00:20.247000,MEDIUM,10.0,3.0,,,1,16.0,False,2025,Monaco,R,75.952,19.627,36.078,20.247,78.785,2.8329999999999984,74.886,1.0660000000000025,-2.8329999999999984,80.332,78.84599999999999,1.4860000000000042,78.0,0.9358974358974359,13.0,0.7692307692307693,100.0,5329.0,0,0,1,0,0,1,0,0.0,10.0,0.0,10
STR,Aston Martin,75.0,0 days 00:01:16.313000,0 days 00:00:19.870000,0 days 00:00:36.305000,0 days 00:00:20.138000,MEDIUM,12.0,3.0,,,1,16.0,False,2025,Monaco,R,76.313,19.87,36.305,20.138,78.785,2.471999999999994,74.886,1.4270000000000067,-2.471999999999994,80.813,78.84599999999999,1.967000000000013,78.0,0.9615384615384616,13.0,0.9230769230769231,144.0,5625.0,0,0,1,0,0,1,0,0.0,12.0,0.0,10
STR,Aston Martin,76.0,0 days 00:01:17.596000,0 days 00:00:20.154000,0 days 00:00:36.818000,0 days 00:00:20.624000,MEDIUM,13.0,3.0,,,1,15.0,False,2025,Monaco,R,77.596,20.154,36.818,20.624,78.785,1.188999999999993,74.886,2.710000000000008,-1.188999999999993,82.156,78.84599999999999,3.3100000000000165,78.0,0.9743589743589743,13.0,1.0,169.0,5776.0,0,0,1,0,0,1,0,0.0,13.0,0.0,10
TSU,Red Bull Racing,5.0,0 days 00:01:18.663000,0 days 00:00:21.055000,0 days 00:00:36.977000,0 days 00:00:20.631000,HARD,4.0,2.0,,,1,17.0,False,2025,Monaco,R,78.663,21.055,36.977,20.631,78.896,0.2330000000000041,78.663,0.0,-0.2330000000000041,78.963,78.963,0.0,78.0,0.0641025641025641,71.0,0.056338028169014086,16.0,25.0,0,1,0,1,0,0,1,0.0,0.0,4.0,67
TSU,Red Bull Racing,6.0,0 days 00:01:18.281000,0 days 00:00:20.891000,0 days 00:00:36.667000,0 days 00:00:20.723000,HARD,5.0,2.0,,,1,17.0,False,2025,Monaco,R,78.281,20.891,36.667,20.723,78.896,0.6149999999999949,78.663,-0.3819999999999908,-0.6149999999999949,78.641,78.963,-0.3219999999999885,78.0,0.07692307692307693,71.0,0.07042253521126761,25.0,36.0,0,1,0,1,0,0,1,0.0,0.0,5.0,67
TSU,Red Bull Racing,7.0,0 days 00:01:19.157000,0 days 00:00:20.886000,0 days 00:00:37.098000,0 days 00:00:21.173000,HARD,6.0,2.0,,,1,17.0,False,2025,Monaco,R,79.157,20.886,37.098,21.173,78.896,0.2609999999999957,78.663,0.4939999999999998,0.2609999999999957,79.577,78.963,0.6140000000000043,78.0,0.08974358974358974,71.0,0.08450704225352113,36.0,49.0,0,1,0,1,0,0,1,0.0,0.0,6.0,67
TSU,Red Bull Racing,9.0,0 days 00:01:19.611000,0 days 00:00:20.404000,0 days 00:00:37.584000,0 days 00:00:21.623000,HARD,8.0,2.0,,,2,17.0,False,2025,Monaco,R,79.611,20.404,37.584,21.623,78.896,0.7150000000000034,78.663,0.9480000000000075,0.7150000000000034,80.15100000000001,78.963,1.1880000000000166,78.0,0.11538461538461539,71.0,0.11267605633802817,64.0,81.0,0,1,0,1,0,0,1,0.0,0.0,8.0,67
TSU,Red Bull Racing,10.0,0 days 00:01:21.823000,0 days 00:00:21.099000,0 days 00:00:38.939000,0 days 00:00:21.785000,HARD,9.0,2.0,,,2,17.0,False,2025,Monaco,R,81.823,21.099,38.939,21.785,78.896,2.9269999999999925,78.663,3.1599999999999966,2.9269999999999925,82.42299999999999,78.963,3.4599999999999937,78.0,0.1282051282051282,71.0,0.1267605633802817,81.0,100.0,0,1,0,1,0,0,1,0.0,0.0,9.0,67
TSU,Red Bull Racing,11.0,0 days 00:01:20.088000,0 days 00:00:20.929000,0 days 00:00:37.890000,0 days 00:00:21.269000,HARD,10.0,2.0,,,21,17.0,False,2025,Monaco,R,80.088,20.929,37.89,21.269,78.896,1.191999999999993,78.663,1.4249999999999972,1.191999999999993,80.74799999999999,78.963,1.7849999999999966,78.0,0.14102564102564102,71.0,0.14084507042253522,100.0,121.0,0,1,0,1,0,0,1,0.0,0.0,10.0,67
TSU,Red Bull Racing,12.0,0 days 00:01:19.637000,0 days 00:00:20.862000,0 days 00:00:37.540000,0 days 00:00:21.235000,HARD,11.0,2.0,,,1,16.0,False,2025,Monaco,R,79.637,20.862,37.54,21.235,78.896,0.7409999999999997,78.663,0.9740000000000038,0.7409999999999997,80.357,78.963,1.3940000000000055,78.0,0.15384615384615385,71.0,0.15492957746478872,121.0,144.0,0,1,0,1,0,0,1,0.0,0.0,11.0,67
TSU,Red Bull Racing,13.0,0 days 00:01:19.301000,0 days 00:00:20.856000,0 days 00:00:37.714000,0 days 00:00:20.731000,HARD,12.0,2.0,,,1,15.0,False,2025,Monaco,R,79.301,20.856,37.714,20.731,78.896,0.40500000000000114,78.663,0.6380000000000052,0.40500000000000114,80.081,78.963,1.1180000000000092,78.0,0.16666666666666666,71.0,0.16901408450704225,144.0,169.0,0,1,0,1,0,0,1,0.0,0.0,12.0,67
TSU,Red Bull Racing,14.0,0 days 00:01:18.775000,0 days 00:00:20.772000,0 days 00:00:37.026000,0 days 00:00:20.977000,HARD,13.0,2.0,,,1,15.0,False,2025,Monaco,R,78.775,20.772,37.026,20.977,78.896,0.12099999999999511,78.663,0.11200000000000898,-0.12099999999999511,79.61500000000001,78.963,0.6520000000000152,78.0,0.1794871794871795,71.0,0.18309859154929578,169.0,196.0,0,1,0,1,0,0,1,0.0,0.0,13.0,67
TSU,Red Bull Racing,15.0,0 days 00:01:19.086000,0 days 00:00:20.680000,0 days 00:00:37.202000,0 days 00:00:21.204000,HARD,14.0,2.0,,,1,15.0,False,2025,Monaco,R,79.086,20.68,37.202,21.204,78.896,0.18999999999999773,78.663,0.4230000000000018,0.18999999999999773,79.986,78.963,1.0230000000000103,78.0,0.19230769230769232,71.0,0.19718309859154928,196.0,225.0,0,1,0,1,0,0,1,0.0,0.0,14.0,67
TSU,Red Bull Racing,16.0,0 days 00:01:20.444000,0 days 00:00:20.925000,0 days 00:00:37.780000,0 days 00:00:21.739000,HARD,15.0,2.0,,,1,15.0,False,2025,Monaco,R,80.444,20.925,37.78,21.739,78.896,1.5480000000000018,78.663,1.781000000000006,1.5480000000000018,81.404,78.963,2.4410000000000025,78.0,0.20512820512820512,71.0,0.2112676056338028,225.0,256.0,0,1,0,1,0,0,1,0.0,0.0,15.0,67
TSU,Red Bull Racing,17.0,0 days 00:01:21.081000,0 days 00:00:21.183000,0 days 00:00:38.321000,0 days 00:00:21.577000,HARD,16.0,2.0,,,1,14.0,False,2025,Monaco,R,81.081,21.183,38.321,21.577,78.896,2.1850000000000023,78.663,2.4180000000000064,2.1850000000000023,82.101,78.963,3.1380000000000052,78.0,0.21794871794871795,71.0,0.22535211267605634,256.0,289.0,0,1,0,1,0,0,1,0.0,0.0,16.0,67
TSU,Red Bull Racing,18.0,0 days 00:01:19.608000,0 days 00:00:20.927000,0 days 00:00:37.480000,0 days 00:00:21.201000,HARD,17.0,2.0,,,1,14.0,False,2025,Monaco,R,79.608,20.927,37.48,21.201,78.896,0.7120000000000033,78.663,0.9450000000000074,0.7120000000000033,80.688,78.963,1.7250000000000085,78.0,0.23076923076923078,71.0,0.23943661971830985,289.0,324.0,0,1,0,1,0,0,1,0.0,0.0,17.0,67
TSU,Red Bull Racing,19.0,0 days 00:01:19.752000,0 days 00:00:21.070000,0 days 00:00:37.720000,0 days 00:00:20.962000,HARD,18.0,2.0,,,1,14.0,False,2025,Monaco,R,79.752,21.07,37.72,20.962,78.896,0.8559999999999945,78.663,1.0889999999999986,0.8559999999999945,80.892,78.963,1.929000000000002,78.0,0.24358974358974358,71.0,0.2535211267605634,324.0,361.0,0,1,0,1,0,0,1,0.0,0.0,18.0,67
TSU,Red Bull Racing,20.0,0 days 00:01:18.896000,0 days 00:00:20.827000,0 days 00:00:37.430000,0 days 00:00:20.639000,HARD,19.0,2.0,,,1,14.0,False,2025,Monaco,R,78.896,20.827,37.43,20.639,78.896,0.0,78.663,0.2330000000000041,0.0,80.096,78.963,1.1330000000000098,78.0,0.2564102564102564,71.0,0.2676056338028169,361.0,400.0,0,1,0,1,0,0,1,0.0,0.0,19.0,67
TSU,Red Bull Racing,21.0,0 days 00:01:17.885000,0 days 00:00:20.562000,0 days 00:00:36.776000,0 days 00:00:20.547000,HARD,20.0,2.0,,,1,14.0,False,2025,Monaco,R,77.885,20.562,36.776,20.547,78.896,1.0109999999999957,78.663,-0.7779999999999916,-1.0109999999999957,79.14500000000001,78.963,0.18200000000001637,78.0,0.2692307692307692,71.0,0.28169014084507044,400.0,441.0,0,1,0,1,0,0,1,0.0,0.0,20.0,67
TSU,Red Bull Racing,22.0,0 days 00:01:17.395000,0 days 00:00:20.332000,0 days 00:00:36.546000,0 days 00:00:20.517000,HARD,21.0,2.0,,,1,14.0,False,2025,Monaco,R,77.395,20.332,36.546,20.517,78.896,1.5010000000000048,78.663,-1.2680000000000007,-1.5010000000000048,78.71499999999999,78.963,-0.24800000000000466,78.0,0.28205128205128205,71.0,0.29577464788732394,441.0,484.0,0,1,0,1,0,0,1,0.0,0.0,21.0,67
TSU,Red Bull Racing,23.0,0 days 00:01:16.933000,0 days 00:00:20.268000,0 days 00:00:36.241000,0 days 00:00:20.424000,HARD,22.0,2.0,,,1,14.0,False,2025,Monaco,R,76.933,20.268,36.241,20.424,78.896,1.9629999999999939,78.663,-1.7299999999999898,-1.9629999999999939,78.313,78.963,-0.6499999999999915,78.0,0.2948717948717949,71.0,0.30985915492957744,484.0,529.0,0,1,0,1,0,0,1,0.0,0.0,22.0,67
TSU,Red Bull Racing,24.0,0 days 00:01:17.026000,0 days 00:00:20.125000,0 days 00:00:36.485000,0 days 00:00:20.416000,HARD,23.0,2.0,,,1,14.0,False,2025,Monaco,R,77.026,20.125,36.485,20.416,78.896,1.8700000000000045,78.663,-1.6370000000000005,-1.8700000000000045,78.466,78.963,-0.4969999999999999,78.0,0.3076923076923077,71.0,0.323943661971831,529.0,576.0,0,1,0,1,0,0,1,0.0,0.0,23.0,67
TSU,Red Bull Racing,25.0,0 days 00:01:18.413000,0 days 00:00:20.113000,0 days 00:00:36.980000,0 days 00:00:21.320000,HARD,24.0,2.0,,,1,14.0,False,2025,Monaco,R,78.413,20.113,36.98,21.32,78.896,0.4830000000000041,78.663,-0.25,-0.4830000000000041,79.913,78.963,0.9500000000000028,78.0,0.32051282051282054,71.0,0.3380281690140845,576.0,625.0,0,1,0,1,0,0,1,0.0,0.0,24.0,67
TSU,Red Bull Racing,26.0,0 days 00:01:19.530000,0 days 00:00:21.007000,0 days 00:00:37.213000,0 days 00:00:21.310000,HARD,25.0,2.0,,,1,14.0,False,2025,Monaco,R,79.53,21.007,37.213,21.31,78.896,0.6340000000000003,78.663,0.8670000000000044,0.6340000000000003,81.09,78.963,2.1270000000000095,78.0,0.3333333333333333,71.0,0.352112676056338,625.0,676.0,0,1,0,0,0,0,1,0.0,0.0,25.0,67
TSU,Red Bull Racing,27.0,0 days 00:01:19.565000,0 days 00:00:20.804000,0 days 00:00:37.494000,0 days 00:00:21.267000,HARD,26.0,2.0,,,1,14.0,False,2025,Monaco,R,79.565,20.804,37.494,21.267,78.896,0.6689999999999969,78.663,0.902000000000001,0.6689999999999969,81.185,78.963,2.2220000000000084,78.0,0.34615384615384615,71.0,0.36619718309859156,676.0,729.0,0,1,0,0,0,0,1,0.0,0.0,26.0,67
TSU,Red Bull Racing,28.0,0 days 00:01:19.786000,0 days 00:00:20.978000,0 days 00:00:37.380000,0 days 00:00:21.428000,HARD,27.0,2.0,,,1,14.0,False,2025,Monaco,R,79.786,20.978,37.38,21.428,78.896,0.8900000000000006,78.663,1.1230000000000047,0.8900000000000006,81.46600000000001,78.963,2.5030000000000143,78.0,0.358974358974359,71.0,0.38028169014084506,729.0,784.0,0,1,0,0,0,0,1,0.0,0.0,27.0,67
TSU,Red Bull Racing,29.0,0 days 00:01:19.313000,0 days 00:00:20.802000,0 days 00:00:37.243000,0 days 00:00:21.268000,HARD,28.0,2.0,,,1,14.0,False,2025,Monaco,R,79.313,20.802,37.243,21.268,78.896,0.4170000000000016,78.663,0.6500000000000057,0.4170000000000016,81.053,78.963,2.0900000000000034,78.0,0.3717948717948718,71.0,0.39436619718309857,784.0,841.0,0,1,0,0,0,0,1,0.0,0.0,28.0,67
TSU,Red Bull Racing,30.0,0 days 00:01:20.165000,0 days 00:00:21.304000,0 days 00:00:37.579000,0 days 00:00:21.282000,HARD,29.0,2.0,,,1,14.0,False,2025,Monaco,R,80.165,21.304,37.579,21.282,78.896,1.2690000000000055,78.663,1.5020000000000095,1.2690000000000055,81.965,78.963,3.0020000000000095,78.0,0.38461538461538464,71.0,0.4084507042253521,841.0,900.0,0,1,0,0,0,0,1,0.0,0.0,29.0,67
TSU,Red Bull Racing,31.0,0 days 00:01:20.088000,0 days 00:00:21.495000,0 days 00:00:37.505000,0 days 00:00:21.088000,HARD,30.0,2.0,,,1,14.0,False,2025,Monaco,R,80.088,21.495,37.505,21.088,78.896,1.191999999999993,78.663,1.4249999999999972,1.191999999999993,81.948,78.963,2.9849999999999994,78.0,0.3974358974358974,71.0,0.4225352112676056,900.0,961.0,0,1,0,0,0,0,1,0.0,0.0,30.0,67
TSU,Red Bull Racing,32.0,0 days 00:01:20.951000,0 days 00:00:21.563000,0 days 00:00:38.655000,0 days 00:00:20.733000,HARD,31.0,2.0,,,1,14.0,False,2025,Monaco,R,80.951,21.563,38.655,20.733,78.896,2.0549999999999926,78.663,2.2879999999999967,2.0549999999999926,82.871,78.963,3.9080000000000013,78.0,0.41025641025641024,71.0,0.43661971830985913,961.0,1024.0,0,1,0,0,0,0,1,0.0,0.0,31.0,67
TSU,Red Bull Racing,33.0,0 days 00:01:18.035000,0 days 00:00:20.354000,0 days 00:00:36.853000,0 days 00:00:20.828000,HARD,32.0,2.0,,,1,14.0,False,2025,Monaco,R,78.035,20.354,36.853,20.828,78.896,0.8610000000000042,78.663,-0.6280000000000001,-0.8610000000000042,80.015,78.963,1.0520000000000067,78.0,0.4230769230769231,71.0,0.4507042253521127,1024.0,1089.0,0,1,0,0,0,0,1,0.0,0.0,32.0,67
TSU,Red Bull Racing,34.0,0 days 00:01:18.623000,0 days 00:00:20.607000,0 days 00:00:37.058000,0 days 00:00:20.958000,HARD,33.0,2.0,,,1,14.0,False,2025,Monaco,R,78.623,20.607,37.058,20.958,78.896,0.27299999999999613,78.663,-0.03999999999999204,-0.27299999999999613,80.66300000000001,78.963,1.700000000000017,78.0,0.4358974358974359,71.0,0.4647887323943662,1089.0,1156.0,0,1,0,0,0,0,1,0.0,0.0,33.0,67
TSU,Red Bull Racing,35.0,0 days 00:01:20.269000,0 days 00:00:20.798000,0 days 00:00:37.443000,0 days 00:00:22.028000,HARD,34.0,2.0,,,1,14.0,False,2025,Monaco,R,80.269,20.798,37.443,22.028,78.896,1.3730000000000047,78.663,1.6060000000000088,1.3730000000000047,82.369,78.963,3.406000000000006,78.0,0.44871794871794873,71.0,0.4788732394366197,1156.0,1225.0,0,1,0,0,0,0,1,0.0,0.0,34.0,67
TSU,Red Bull Racing,36.0,0 days 00:01:18.945000,0 days 00:00:20.810000,0 days 00:00:37.254000,0 days 00:00:20.881000,HARD,35.0,2.0,,,1,14.0,False,2025,Monaco,R,78.945,20.81,37.254,20.881,78.896,0.04899999999999238,78.663,0.2819999999999965,0.04899999999999238,81.10499999999999,78.963,2.141999999999996,78.0,0.46153846153846156,71.0,0.49295774647887325,1225.0,1296.0,0,1,0,0,0,0,1,0.0,0.0,35.0,67
TSU,Red Bull Racing,37.0,0 days 00:01:18.933000,0 days 00:00:20.681000,0 days 00:00:37.202000,0 days 00:00:21.050000,HARD,36.0,2.0,,,12,13.0,False,2025,Monaco,R,78.933,20.681,37.202,21.05,78.896,0.03700000000000614,78.663,0.27000000000001023,0.03700000000000614,81.153,78.963,2.190000000000012,78.0,0.47435897435897434,71.0,0.5070422535211268,1296.0,1369.0,0,1,0,0,0,0,1,0.0,0.0,36.0,67
TSU,Red Bull Racing,38.0,0 days 00:01:18.168000,0 days 00:00:20.426000,0 days 00:00:36.964000,0 days 00:00:20.778000,HARD,37.0,2.0,,,1,13.0,False,2025,Monaco,R,78.168,20.426,36.964,20.778,78.896,0.7279999999999944,78.663,-0.49499999999999034,-0.7279999999999944,80.44800000000001,78.963,1.4850000000000136,78.0,0.48717948717948717,71.0,0.5211267605633803,1369.0,1444.0,0,1,0,0,0,0,1,0.0,0.0,37.0,67
TSU,Red Bull Racing,39.0,0 days 00:01:18.879000,0 days 00:00:20.667000,0 days 00:00:37.289000,0 days 00:00:20.923000,HARD,38.0,2.0,,,1,13.0,False,2025,Monaco,R,78.879,20.667,37.289,20.923,78.896,0.016999999999995907,78.663,0.21600000000000819,-0.016999999999995907,81.21900000000001,78.963,2.2560000000000144,78.0,0.5,71.0,0.5352112676056338,1444.0,1521.0,0,1,0,0,0,0,1,0.0,0.0,38.0,67
TSU,Red Bull Racing,40.0,0 days 00:01:18.913000,0 days 00:00:20.591000,0 days 00:00:37.253000,0 days 00:00:21.069000,HARD,39.0,2.0,,,1,13.0,False,2025,Monaco,R,78.913,20.591,37.253,21.069,78.896,0.016999999999995907,78.663,0.25,0.016999999999995907,81.313,78.963,2.3500000000000085,78.0,0.5128205128205128,71.0,0.5492957746478874,1521.0,1600.0,0,1,0,0,0,0,1,0.0,0.0,39.0,67
TSU,Red Bull Racing,41.0,0 days 00:01:18.272000,0 days 00:00:20.474000,0 days 00:00:37.090000,0 days 00:00:20.708000,HARD,40.0,2.0,,,1,13.0,False,2025,Monaco,R,78.272,20.474,37.09,20.708,78.896,0.6239999999999952,78.663,-0.39099999999999113,-0.6239999999999952,80.732,78.963,1.7690000000000055,78.0,0.5256410256410257,71.0,0.5633802816901409,1600.0,1681.0,0,1,0,0,0,0,1,0.0,0.0,40.0,67
TSU,Red Bull Racing,42.0,0 days 00:01:17.292000,0 days 00:00:20.098000,0 days 00:00:36.551000,0 days 00:00:20.643000,HARD,41.0,2.0,,,1,13.0,False,2025,Monaco,R,77.292,20.098,36.551,20.643,78.896,1.6039999999999992,78.663,-1.3709999999999951,-1.6039999999999992,79.812,78.963,0.8490000000000038,78.0,0.5384615384615384,71.0,0.5774647887323944,1681.0,1764.0,0,1,0,0,0,0,1,0.0,0.0,41.0,67
TSU,Red Bull Racing,43.0,0 days 00:01:18.050000,0 days 00:00:20.261000,0 days 00:00:37.014000,0 days 00:00:20.775000,HARD,42.0,2.0,,,1,13.0,False,2025,Monaco,R,78.05,20.261,37.014,20.775,78.896,0.8460000000000036,78.663,-0.6129999999999995,-0.8460000000000036,80.63,78.963,1.6670000000000016,78.0,0.5512820512820513,71.0,0.5915492957746479,1764.0,1849.0,0,1,0,0,0,0,1,0.0,0.0,42.0,67
TSU,Red Bull Racing,44.0,0 days 00:01:18.827000,0 days 00:00:20.596000,0 days 00:00:37.078000,0 days 00:00:21.153000,HARD,43.0,2.0,,,1,13.0,False,2025,Monaco,R,78.827,20.596,37.078,21.153,78.896,0.06900000000000261,78.663,0.16400000000000148,-0.06900000000000261,81.467,78.963,2.504000000000005,78.0,0.5641025641025641,71.0,0.6056338028169014,1849.0,1936.0,0,1,0,0,0,0,1,0.0,0.0,43.0,67
TSU,Red Bull Racing,45.0,0 days 00:01:19.266000,0 days 00:00:20.609000,0 days 00:00:37.751000,0 days 00:00:20.906000,HARD,44.0,2.0,,,1,13.0,False,2025,Monaco,R,79.266,20.609,37.751,20.906,78.896,0.37000000000000455,78.663,0.6030000000000086,0.37000000000000455,81.96600000000001,78.963,3.0030000000000143,78.0,0.5769230769230769,71.0,0.6197183098591549,1936.0,2025.0,0,1,0,0,0,0,1,0.0,0.0,44.0,67
TSU,Red Bull Racing,46.0,0 days 00:01:19.246000,0 days 00:00:20.706000,0 days 00:00:37.582000,0 days 00:00:20.958000,HARD,45.0,2.0,,,1,13.0,False,2025,Monaco,R,79.246,20.706,37.582,20.958,78.896,0.3499999999999943,78.663,0.5829999999999984,0.3499999999999943,82.006,78.963,3.0430000000000064,78.0,0.5897435897435898,71.0,0.6338028169014085,2025.0,2116.0,0,1,0,0,0,0,1,0.0,0.0,45.0,67
TSU,Red Bull Racing,47.0,0 days 00:01:20.203000,0 days 00:00:20.676000,0 days 00:00:38.516000,0 days 00:00:21.011000,HARD,46.0,2.0,,,1,13.0,False,2025,Monaco,R,80.203,20.676,38.516,21.011,78.896,1.3070000000000022,78.663,1.5400000000000063,1.3070000000000022,83.023,78.963,4.060000000000002,78.0,0.6025641025641025,71.0,0.647887323943662,2116.0,2209.0,0,1,0,0,0,0,1,0.0,0.0,46.0,67
TSU,Red Bull Racing,48.0,0 days 00:01:18.979000,0 days 00:00:20.724000,0 days 00:00:37.437000,0 days 00:00:20.818000,HARD,47.0,2.0,,,1,13.0,False,2025,Monaco,R,78.979,20.724,37.437,20.818,78.896,0.08299999999999841,78.663,0.3160000000000025,0.08299999999999841,81.859,78.963,2.896000000000001,78.0,0.6153846153846154,71.0,0.6619718309859155,2209.0,2304.0,0,1,0,0,0,0,1,0.0,0.0,47.0,67
TSU,Red Bull Racing,49.0,0 days 00:01:17.998000,0 days 00:00:20.189000,0 days 00:00:36.962000,0 days 00:00:20.847000,HARD,48.0,2.0,,,1,13.0,False,2025,Monaco,R,77.998,20.189,36.962,20.847,78.896,0.8979999999999961,78.663,-0.664999999999992,-0.8979999999999961,80.938,78.963,1.9750000000000085,78.0,0.6282051282051282,71.0,0.676056338028169,2304.0,2401.0,0,1,0,0,0,0,1,0.0,0.0,48.0,67
TSU,Red Bull Racing,50.0,0 days 00:01:19.205000,0 days 00:00:20.616000,0 days 00:00:37.502000,0 days 00:00:21.087000,HARD,49.0,2.0,,,1,13.0,False,2025,Monaco,R,79.205,20.616,37.502,21.087,78.896,0.3089999999999975,78.663,0.5420000000000016,0.3089999999999975,82.205,78.963,3.2420000000000044,78.0,0.6410256410256411,71.0,0.6901408450704225,2401.0,2500.0,0,1,0,0,0,0,1,0.0,0.0,49.0,67
TSU,Red Bull Racing,51.0,0 days 00:01:20.267000,0 days 00:00:20.423000,0 days 00:00:37.604000,0 days 00:00:22.240000,HARD,50.0,2.0,,,1,13.0,False,2025,Monaco,R,80.267,20.423,37.604,22.24,78.896,1.3709999999999951,78.663,1.6039999999999992,1.3709999999999951,83.327,78.963,4.364000000000004,78.0,0.6538461538461539,71.0,0.704225352112676,2500.0,2601.0,0,1,0,0,0,0,1,0.0,0.0,50.0,67
TSU,Red Bull Racing,52.0,0 days 00:01:21.891000,0 days 00:00:20.923000,0 days 00:00:38.889000,0 days 00:00:22.079000,HARD,51.0,2.0,,,1,13.0,False,2025,Monaco,R,81.891,20.923,38.889,22.079,78.896,2.9950000000000045,78.663,3.2280000000000086,2.9950000000000045,85.01100000000001,78.963,6.048000000000016,78.0,0.6666666666666666,71.0,0.7183098591549296,2601.0,2704.0,0,1,1,0,0,0,1,0.0,0.0,51.0,67
TSU,Red Bull Racing,53.0,0 days 00:01:19.395000,0 days 00:00:20.861000,0 days 00:00:37.350000,0 days 00:00:21.184000,HARD,52.0,2.0,,,1,13.0,False,2025,Monaco,R,79.395,20.861,37.35,21.184,78.896,0.4989999999999952,78.663,0.7319999999999993,0.4989999999999952,82.57499999999999,78.963,3.6119999999999948,78.0,0.6794871794871795,71.0,0.7323943661971831,2704.0,2809.0,0,1,1,0,0,0,1,0.0,0.0,52.0,67
TSU,Red Bull Racing,54.0,0 days 00:01:19.566000,0 days 00:00:20.993000,0 days 00:00:37.495000,0 days 00:00:21.078000,HARD,53.0,2.0,,,1,13.0,False,2025,Monaco,R,79.566,20.993,37.495,21.078,78.896,0.6700000000000017,78.663,0.9030000000000058,0.6700000000000017,82.806,78.963,3.8430000000000035,78.0,0.6923076923076923,71.0,0.7464788732394366,2809.0,2916.0,0,1,1,0,0,0,1,0.0,0.0,53.0,67
TSU,Red Bull Racing,55.0,0 days 00:01:18.811000,0 days 00:00:20.522000,0 days 00:00:37.290000,0 days 00:00:20.999000,HARD,54.0,2.0,,,1,13.0,False,2025,Monaco,R,78.811,20.522,37.29,20.999,78.896,0.08499999999999375,78.663,0.14800000000001035,-0.08499999999999375,82.111,78.963,3.1480000000000103,78.0,0.7051282051282052,71.0,0.7605633802816901,2916.0,3025.0,0,1,1,0,0,0,1,0.0,0.0,54.0,67
TSU,Red Bull Racing,56.0,0 days 00:01:18.408000,0 days 00:00:20.499000,0 days 00:00:37.026000,0 days 00:00:20.883000,HARD,55.0,2.0,,,1,13.0,False,2025,Monaco,R,78.408,20.499,37.026,20.883,78.896,0.48799999999999955,78.663,-0.25499999999999545,-0.48799999999999955,81.768,78.963,2.805000000000007,78.0,0.717948717948718,71.0,0.7746478873239436,3025.0,3136.0,0,1,1,0,0,0,1,0.0,0.0,55.0,67
TSU,Red Bull Racing,57.0,0 days 00:01:18.497000,0 days 00:00:20.449000,0 days 00:00:37.102000,0 days 00:00:20.946000,HARD,56.0,2.0,,,1,13.0,False,2025,Monaco,R,78.497,20.449,37.102,20.946,78.896,0.3990000000000009,78.663,-0.16599999999999682,-0.3990000000000009,81.917,78.963,2.9540000000000077,78.0,0.7307692307692307,71.0,0.7887323943661971,3136.0,3249.0,0,1,1,0,0,0,1,0.0,0.0,56.0,67
TSU,Red Bull Racing,58.0,0 days 00:01:18.253000,0 days 00:00:20.183000,0 days 00:00:37.071000,0 days 00:00:20.999000,HARD,57.0,2.0,,,1,13.0,False,2025,Monaco,R,78.253,20.183,37.071,20.999,78.896,0.6430000000000007,78.663,-0.4099999999999966,-0.6430000000000007,81.733,78.963,2.7700000000000102,78.0,0.7435897435897436,71.0,0.8028169014084507,3249.0,3364.0,0,1,1,0,0,0,1,0.0,0.0,57.0,67
TSU,Red Bull Racing,59.0,0 days 00:01:19.028000,0 days 00:00:20.736000,0 days 00:00:37.412000,0 days 00:00:20.880000,HARD,58.0,2.0,,,1,13.0,False,2025,Monaco,R,79.028,20.736,37.412,20.88,78.896,0.132000000000005,78.663,0.3650000000000091,0.132000000000005,82.56800000000001,78.963,3.605000000000018,78.0,0.7564102564102564,71.0,0.8169014084507042,3364.0,3481.0,0,1,1,0,0,0,1,0.0,0.0,58.0,67
TSU,Red Bull Racing,60.0,0 days 00:01:18.810000,0 days 00:00:20.485000,0 days 00:00:37.386000,0 days 00:00:20.939000,HARD,59.0,2.0,,,1,13.0,False,2025,Monaco,R,78.81,20.485,37.386,20.939,78.896,0.08599999999999852,78.663,0.14700000000000557,-0.08599999999999852,82.41,78.963,3.4470000000000027,78.0,0.7692307692307693,71.0,0.8309859154929577,3481.0,3600.0,0,1,1,0,0,0,1,0.0,0.0,59.0,67
TSU,Red Bull Racing,61.0,0 days 00:01:18.547000,0 days 00:00:20.249000,0 days 00:00:37.332000,0 days 00:00:20.966000,HARD,60.0,2.0,,,1,13.0,False,2025,Monaco,R,78.547,20.249,37.332,20.966,78.896,0.34900000000000375,78.663,-0.11599999999999966,-0.34900000000000375,82.207,78.963,3.2439999999999998,78.0,0.782051282051282,71.0,0.8450704225352113,3600.0,3721.0,0,1,1,0,0,0,1,0.0,0.0,60.0,67
TSU,Red Bull Racing,62.0,0 days 00:01:18.430000,0 days 00:00:20.205000,0 days 00:00:37.246000,0 days 00:00:20.979000,HARD,61.0,2.0,,,1,13.0,False,2025,Monaco,R,78.43,20.205,37.246,20.979,78.896,0.465999999999994,78.663,-0.23299999999998988,-0.465999999999994,82.15,78.963,3.187000000000012,78.0,0.7948717948717948,71.0,0.8591549295774648,3721.0,3844.0,0,1,1,0,0,0,1,0.0,0.0,61.0,67
TSU,Red Bull Racing,63.0,0 days 00:01:18.923000,0 days 00:00:20.500000,0 days 00:00:37.194000,0 days 00:00:21.229000,HARD,62.0,2.0,,,1,13.0,False,2025,Monaco,R,78.923,20.5,37.194,21.229,78.896,0.027000000000001023,78.663,0.2600000000000051,0.027000000000001023,82.703,78.963,3.740000000000009,78.0,0.8076923076923077,71.0,0.8732394366197183,3844.0,3969.0,0,1,1,0,0,0,1,0.0,0.0,62.0,67
TSU,Red Bull Racing,64.0,0 days 00:01:18.512000,0 days 00:00:20.460000,0 days 00:00:37.080000,0 days 00:00:20.972000,HARD,63.0,2.0,,,1,13.0,False,2025,Monaco,R,78.512,20.46,37.08,20.972,78.896,0.38400000000000034,78.663,-0.15099999999999625,-0.38400000000000034,82.352,78.963,3.38900000000001,78.0,0.8205128205128205,71.0,0.8873239436619719,3969.0,4096.0,0,1,1,0,0,0,1,0.0,0.0,63.0,67
TSU,Red Bull Racing,65.0,0 days 00:01:17.611000,0 days 00:00:20.035000,0 days 00:00:36.828000,0 days 00:00:20.748000,HARD,64.0,2.0,,,1,13.0,False,2025,Monaco,R,77.611,20.035,36.828,20.748,78.896,1.2849999999999966,78.663,-1.0519999999999925,-1.2849999999999966,81.51100000000001,78.963,2.548000000000016,78.0,0.8333333333333334,71.0,0.9014084507042254,4096.0,4225.0,0,1,1,0,0,0,1,0.0,0.0,64.0,67
TSU,Red Bull Racing,66.0,0 days 00:01:17.610000,0 days 00:00:20.104000,0 days 00:00:37.102000,0 days 00:00:20.404000,HARD,65.0,2.0,,,1,13.0,False,2025,Monaco,R,77.61,20.104,37.102,20.404,78.896,1.2860000000000014,78.663,-1.0529999999999973,-1.2860000000000014,81.57,78.963,2.6069999999999993,78.0,0.8461538461538461,71.0,0.9154929577464789,4225.0,4356.0,0,1,1,0,0,0,1,0.0,0.0,65.0,67
TSU,Red Bull Racing,67.0,0 days 00:01:15.969000,0 days 00:00:19.904000,0 days 00:00:35.962000,0 days 00:00:20.103000,HARD,66.0,2.0,,,1,13.0,False,2025,Monaco,R,75.969,19.904,35.962,20.103,78.896,2.9270000000000067,78.663,-2.6940000000000026,-2.9270000000000067,79.98899999999999,78.963,1.0259999999999962,78.0,0.8589743589743589,71.0,0.9295774647887324,4356.0,4489.0,0,1,1,0,0,0,1,0.0,0.0,66.0,67
TSU,Red Bull Racing,68.0,0 days 00:01:15.966000,0 days 00:00:19.717000,0 days 00:00:36.084000,0 days 00:00:20.165000,HARD,67.0,2.0,,,1,13.0,False,2025,Monaco,R,75.966,19.717,36.084,20.165,78.896,2.930000000000007,78.663,-2.6970000000000027,-2.930000000000007,80.04599999999999,78.963,1.0829999999999984,78.0,0.8717948717948718,71.0,0.9436619718309859,4489.0,4624.0,0,1,1,0,0,0,1,0.0,0.0,67.0,67
TSU,Red Bull Racing,69.0,0 days 00:01:18.332000,0 days 00:00:19.727000,0 days 00:00:38.085000,0 days 00:00:20.520000,HARD,68.0,2.0,,,1,12.0,False,2025,Monaco,R,78.332,19.727,38.085,20.52,78.896,0.5640000000000072,78.663,-0.33100000000000307,-0.5640000000000072,82.472,78.963,3.5090000000000003,78.0,0.8846153846153846,71.0,0.9577464788732394,4624.0,4761.0,0,1,1,0,0,0,1,0.0,0.0,68.0,67
TSU,Red Bull Racing,70.0,0 days 00:01:16.046000,0 days 00:00:19.803000,0 days 00:00:36.101000,0 days 00:00:20.142000,HARD,69.0,2.0,,,1,12.0,False,2025,Monaco,R,76.046,19.803,36.101,20.142,78.896,2.8499999999999943,78.663,-2.6169999999999902,-2.8499999999999943,80.24600000000001,78.963,1.2830000000000155,78.0,0.8974358974358975,71.0,0.971830985915493,4761.0,4900.0,0,1,1,0,0,0,1,0.0,0.0,69.0,67
TSU,Red Bull Racing,71.0,0 days 00:01:15.607000,0 days 00:00:19.779000,0 days 00:00:35.830000,0 days 00:00:19.998000,HARD,70.0,2.0,,,1,12.0,False,2025,Monaco,R,75.607,19.779,35.83,19.998,78.896,3.2890000000000015,78.663,-3.0559999999999974,-3.2890000000000015,79.867,78.963,0.9040000000000106,78.0,0.9102564102564102,71.0,0.9859154929577465,4900.0,5041.0,0,1,1,0,0,0,1,0.0,0.0,70.0,67
TSU,Red Bull Racing,72.0,0 days 00:01:15.320000,0 days 00:00:19.713000,0 days 00:00:35.682000,0 days 00:00:19.925000,HARD,71.0,2.0,,,1,12.0,False,2025,Monaco,R,75.32,19.713,35.682,19.925,78.896,3.5760000000000076,78.663,-3.3430000000000035,-3.5760000000000076,79.63999999999999,78.963,0.6769999999999925,78.0,0.9230769230769231,71.0,1.0,5041.0,5184.0,0,1,1,0,0,0,1,0.0,0.0,71.0,67
VER,Red Bull Racing,5.0,0 days 00:01:20.800000,0 days 00:00:21.744000,0 days 00:00:37.485000,0 days 00:00:21.571000,HARD,5.0,1.0,,,1,4.0,False,2025,Monaco,R,80.8,21.744,37.485,21.571,75.35,5.450000000000003,80.8,0.0,5.450000000000003,81.1,81.1,0.0,78.0,0.0641025641025641,27.0,0.18518518518518517,25.0,25.0,1,0,0,1,0,0,1,0.0,0.0,5.0,23
VER,Red Bull Racing,6.0,0 days 00:01:20.011000,0 days 00:00:21.370000,0 days 00:00:37.325000,0 days 00:00:21.316000,HARD,6.0,1.0,,,1,4.0,False,2025,Monaco,R,80.011,21.37,37.325,21.316,75.35,4.661000000000001,80.8,-0.7890000000000015,4.661000000000001,80.371,81.1,-0.7289999999999992,78.0,0.07692307692307693,27.0,0.2222222222222222,36.0,36.0,1,0,0,1,0,0,1,0.0,0.0,6.0,23
VER,Red Bull Racing,7.0,0 days 00:01:18.968000,0 days 00:00:21.250000,0 days 00:00:37.105000,0 days 00:00:20.613000,HARD,7.0,1.0,,,1,4.0,False,2025,Monaco,R,78.968,21.25,37.105,20.613,75.35,3.618000000000009,80.8,-1.8319999999999936,3.618000000000009,79.388,81.1,-1.711999999999989,78.0,0.08974358974358974,27.0,0.25925925925925924,49.0,49.0,1,0,0,1,0,0,1,0.0,0.0,7.0,23
VER,Red Bull Racing,8.0,0 days 00:01:17.714000,0 days 00:00:20.467000,0 days 00:00:36.796000,0 days 00:00:20.451000,HARD,8.0,1.0,,,12,4.0,False,2025,Monaco,R,77.714,20.467,36.796,20.451,75.35,2.3640000000000043,80.8,-3.0859999999999985,2.3640000000000043,78.194,81.1,-2.9059999999999917,78.0,0.10256410256410256,27.0,0.2962962962962963,64.0,64.0,1,0,0,1,0,0,1,0.0,0.0,8.0,23
VER,Red Bull Racing,9.0,0 days 00:01:21.205000,0 days 00:00:20.277000,0 days 00:00:39.989000,0 days 00:00:20.939000,HARD,9.0,1.0,,,2,4.0,False,2025,Monaco,R,81.205,20.277,39.989,20.939,75.35,5.855000000000004,80.8,0.40500000000000114,5.855000000000004,81.745,81.1,0.6450000000000102,78.0,0.11538461538461539,27.0,0.3333333333333333,81.0,81.0,1,0,0,1,0,0,1,0.0,0.0,9.0,23
VER,Red Bull Racing,10.0,0 days 00:01:19.169000,0 days 00:00:20.440000,0 days 00:00:38.145000,0 days 00:00:20.584000,HARD,10.0,1.0,,,2,4.0,False,2025,Monaco,R,79.169,20.44,38.145,20.584,75.35,3.8190000000000026,80.8,-1.6310000000000002,3.8190000000000026,79.76899999999999,81.1,-1.331000000000003,78.0,0.1282051282051282,27.0,0.37037037037037035,100.0,100.0,1,0,0,1,0,0,1,0.0,0.0,10.0,23
VER,Red Bull Racing,11.0,0 days 00:01:17.481000,0 days 00:00:20.295000,0 days 00:00:36.676000,0 days 00:00:20.510000,HARD,11.0,1.0,,,21,4.0,False,2025,Monaco,R,77.481,20.295,36.676,20.51,75.35,2.1310000000000002,80.8,-3.3190000000000026,2.1310000000000002,78.14099999999999,81.1,-2.959000000000003,78.0,0.14102564102564102,27.0,0.4074074074074074,121.0,121.0,1,0,0,1,0,0,1,0.0,0.0,11.0,23
VER,Red Bull Racing,12.0,0 days 00:01:18.128000,0 days 00:00:20.612000,0 days 00:00:37.001000,0 days 00:00:20.515000,HARD,12.0,1.0,,,1,4.0,False,2025,Monaco,R,78.128,20.612,37.001,20.515,75.35,2.778000000000006,80.8,-2.671999999999997,2.778000000000006,78.848,81.1,-2.2519999999999953,78.0,0.15384615384615385,27.0,0.4444444444444444,144.0,144.0,1,0,0,1,0,0,1,0.0,0.0,12.0,23
VER,Red Bull Racing,13.0,0 days 00:01:17.122000,0 days 00:00:20.309000,0 days 00:00:36.424000,0 days 00:00:20.389000,HARD,13.0,1.0,,,1,4.0,False,2025,Monaco,R,77.122,20.309,36.424,20.389,75.35,1.7720000000000056,80.8,-3.6779999999999973,1.7720000000000056,77.902,81.1,-3.1979999999999933,78.0,0.16666666666666666,27.0,0.48148148148148145,169.0,169.0,1,0,0,1,0,0,1,0.0,0.0,13.0,23
VER,Red Bull Racing,14.0,0 days 00:01:16.810000,0 days 00:00:20.267000,0 days 00:00:36.267000,0 days 00:00:20.276000,HARD,14.0,1.0,,,1,4.0,False,2025,Monaco,R,76.81,20.267,36.267,20.276,75.35,1.460000000000008,80.8,-3.989999999999995,1.460000000000008,77.65,81.1,-3.4499999999999886,78.0,0.1794871794871795,27.0,0.5185185185185185,196.0,196.0,1,0,0,1,0,0,1,0.0,0.0,14.0,23
VER,Red Bull Racing,15.0,0 days 00:01:16.380000,0 days 00:00:20.364000,0 days 00:00:35.859000,0 days 00:00:20.157000,HARD,15.0,1.0,,,1,4.0,False,2025,Monaco,R,76.38,20.364,35.859,20.157,75.35,1.0300000000000011,80.8,-4.420000000000002,1.0300000000000011,77.28,81.1,-3.819999999999993,78.0,0.19230769230769232,27.0,0.5555555555555556,225.0,225.0,1,0,0,1,0,0,1,0.0,0.0,15.0,23
VER,Red Bull Racing,16.0,0 days 00:01:15.392000,0 days 00:00:19.731000,0 days 00:00:35.563000,0 days 00:00:20.098000,HARD,16.0,1.0,,,1,4.0,False,2025,Monaco,R,75.392,19.731,35.563,20.098,75.35,0.04200000000000159,80.8,-5.408000000000001,0.04200000000000159,76.35199999999999,81.1,-4.748000000000005,78.0,0.20512820512820512,27.0,0.5925925925925926,256.0,256.0,1,0,0,1,0,0,1,0.0,0.0,16.0,23
VER,Red Bull Racing,17.0,0 days 00:01:15.131000,0 days 00:00:19.685000,0 days 00:00:35.563000,0 days 00:00:19.883000,HARD,17.0,1.0,,,1,4.0,False,2025,Monaco,R,75.131,19.685,35.563,19.883,75.35,0.2189999999999941,80.8,-5.668999999999997,-0.2189999999999941,76.151,81.1,-4.948999999999998,78.0,0.21794871794871795,27.0,0.6296296296296297,289.0,289.0,1,0,0,1,0,0,1,0.0,0.0,17.0,23
VER,Red Bull Racing,18.0,0 days 00:01:15.035000,0 days 00:00:19.671000,0 days 00:00:35.457000,0 days 00:00:19.907000,HARD,18.0,1.0,,,1,4.0,False,2025,Monaco,R,75.035,19.671,35.457,19.907,75.35,0.3149999999999977,80.8,-5.765000000000001,-0.3149999999999977,76.115,81.1,-4.984999999999999,78.0,0.23076923076923078,27.0,0.6666666666666666,324.0,324.0,1,0,0,1,0,0,1,0.0,0.0,18.0,23
VER,Red Bull Racing,19.0,0 days 00:01:15.413000,0 days 00:00:19.780000,0 days 00:00:35.664000,0 days 00:00:19.969000,HARD,19.0,1.0,,,1,3.0,False,2025,Monaco,R,75.413,19.78,35.664,19.969,75.35,0.06300000000000239,80.8,-5.3870000000000005,0.06300000000000239,76.553,81.1,-4.546999999999997,78.0,0.24358974358974358,27.0,0.7037037037037037,361.0,361.0,1,0,0,1,0,0,1,0.0,0.0,19.0,23
VER,Red Bull Racing,20.0,0 days 00:01:15.233000,0 days 00:00:19.782000,0 days 00:00:35.584000,0 days 00:00:19.867000,HARD,20.0,1.0,,,1,2.0,False,2025,Monaco,R,75.233,19.782,35.584,19.867,75.35,0.11699999999999022,80.8,-5.566999999999993,-0.11699999999999022,76.433,81.1,-4.666999999999987,78.0,0.2564102564102564,27.0,0.7407407407407407,400.0,400.0,1,0,0,1,0,0,1,0.0,0.0,20.0,23
VER,Red Bull Racing,21.0,0 days 00:01:15.248000,0 days 00:00:19.689000,0 days 00:00:35.577000,0 days 00:00:19.982000,HARD,21.0,1.0,,,1,2.0,False,2025,Monaco,R,75.248,19.689,35.577,19.982,75.35,0.10199999999998965,80.8,-5.5519999999999925,-0.10199999999998965,76.50800000000001,81.1,-4.5919999999999845,78.0,0.2692307692307692,27.0,0.7777777777777778,441.0,441.0,1,0,0,1,0,0,1,0.0,0.0,21.0,23
VER,Red Bull Racing,22.0,0 days 00:01:15.291000,0 days 00:00:19.708000,0 days 00:00:35.680000,0 days 00:00:19.903000,HARD,22.0,1.0,,,1,1.0,False,2025,Monaco,R,75.291,19.708,35.68,19.903,75.35,0.0589999999999975,80.8,-5.509,-0.0589999999999975,76.61099999999999,81.1,-4.489000000000004,78.0,0.28205128205128205,27.0,0.8148148148148148,484.0,484.0,1,0,0,1,0,0,1,0.0,0.0,22.0,23
VER,Red Bull Racing,23.0,0 days 00:01:15.254000,0 days 00:00:19.733000,0 days 00:00:35.652000,0 days 00:00:19.869000,HARD,23.0,1.0,,,1,1.0,False,2025,Monaco,R,75.254,19.733,35.652,19.869,75.35,0.09599999999998943,80.8,-5.545999999999992,-0.09599999999998943,76.634,81.1,-4.465999999999994,78.0,0.2948717948717949,27.0,0.8518518518518519,529.0,529.0,1,0,0,1,0,0,1,0.0,0.0,23.0,23
VER,Red Bull Racing,24.0,0 days 00:01:15.181000,0 days 00:00:19.692000,0 days 00:00:35.626000,0 days 00:00:19.863000,HARD,24.0,1.0,,,1,1.0,False,2025,Monaco,R,75.181,19.692,35.626,19.863,75.35,0.16899999999999693,80.8,-5.619,-0.16899999999999693,76.621,81.1,-4.478999999999999,78.0,0.3076923076923077,27.0,0.8888888888888888,576.0,576.0,1,0,0,1,0,0,1,0.0,0.0,24.0,23
VER,Red Bull Racing,25.0,0 days 00:01:15.175000,0 days 00:00:19.654000,0 days 00:00:35.602000,0 days 00:00:19.919000,HARD,25.0,1.0,,,1,1.0,False,2025,Monaco,R,75.175,19.654,35.602,19.919,75.35,0.17499999999999716,80.8,-5.625,-0.17499999999999716,76.675,81.1,-4.424999999999997,78.0,0.32051282051282054,27.0,0.9259259259259259,625.0,625.0,1,0,0,1,0,0,1,0.0,0.0,25.0,23
VER,Red Bull Racing,26.0,0 days 00:01:16.288000,0 days 00:00:20.045000,0 days 00:00:36.058000,0 days 00:00:20.185000,HARD,26.0,1.0,,,1,1.0,False,2025,Monaco,R,76.288,20.045,36.058,20.185,75.35,0.9380000000000024,80.8,-4.5120000000000005,0.9380000000000024,77.848,81.1,-3.2519999999999953,78.0,0.3333333333333333,27.0,0.9629629629629629,676.0,676.0,1,0,0,0,0,0,1,0.0,0.0,26.0,23
VER,Red Bull Racing,27.0,0 days 00:01:16.323000,0 days 00:00:20.056000,0 days 00:00:35.969000,0 days 00:00:20.298000,HARD,27.0,1.0,,,1,1.0,False,2025,Monaco,R,76.323,20.056,35.969,20.298,75.35,0.972999999999999,80.8,-4.477000000000004,0.972999999999999,77.943,81.1,-3.1569999999999965,78.0,0.34615384615384615,27.0,1.0,729.0,729.0,1,0,0,0,0,0,1,0.0,0.0,27.0,23
VER,Red Bull Racing,30.0,0 days 00:01:15.074000,0 days 00:00:19.719000,0 days 00:00:35.517000,0 days 00:00:19.838000,MEDIUM,2.0,2.0,,,1,4.0,False,2025,Monaco,R,75.074,19.719,35.517,19.838,75.35,0.27599999999999625,75.074,0.0,-0.27599999999999625,76.874,76.874,0.0,78.0,0.38461538461538464,48.0,0.041666666666666664,4.0,900.0,0,1,0,0,0,1,0,0.0,2.0,0.0,46
VER,Red Bull Racing,31.0,0 days 00:01:15.133000,0 days 00:00:19.737000,0 days 00:00:35.377000,0 days 00:00:20.019000,MEDIUM,3.0,2.0,,,1,4.0,False,2025,Monaco,R,75.133,19.737,35.377,20.019,75.35,0.21699999999999875,75.074,0.0589999999999975,-0.21699999999999875,76.993,76.874,0.11899999999999977,78.0,0.3974358974358974,48.0,0.0625,9.0,961.0,0,1,0,0,0,1,0,0.0,3.0,0.0,46
VER,Red Bull Racing,32.0,0 days 00:01:15.424000,0 days 00:00:19.687000,0 days 00:00:35.603000,0 days 00:00:20.134000,MEDIUM,4.0,2.0,,,1,4.0,False,2025,Monaco,R,75.424,19.687,35.603,20.134,75.35,0.07400000000001228,75.074,0.3500000000000085,0.07400000000001228,77.34400000000001,76.874,0.4700000000000131,78.0,0.41025641025641024,48.0,0.08333333333333333,16.0,1024.0,0,1,0,0,0,1,0,0.0,4.0,0.0,46
VER,Red Bull Racing,33.0,0 days 00:01:16.213000,0 days 00:00:20.137000,0 days 00:00:35.965000,0 days 00:00:20.111000,MEDIUM,5.0,2.0,,,1,4.0,False,2025,Monaco,R,76.213,20.137,35.965,20.111,75.35,0.8629999999999995,75.074,1.1389999999999958,0.8629999999999995,78.193,76.874,1.3190000000000026,78.0,0.4230769230769231,48.0,0.10416666666666667,25.0,1089.0,0,1,0,0,0,1,0,0.0,5.0,0.0,46
VER,Red Bull Racing,34.0,0 days 00:01:15.800000,0 days 00:00:19.875000,0 days 00:00:35.765000,0 days 00:00:20.160000,MEDIUM,6.0,2.0,,,1,4.0,False,2025,Monaco,R,75.8,19.875,35.765,20.16,75.35,0.45000000000000284,75.074,0.7259999999999991,0.45000000000000284,77.84,76.874,0.9660000000000082,78.0,0.4358974358974359,48.0,0.125,36.0,1156.0,0,1,0,0,0,1,0,0.0,6.0,0.0,46
VER,Red Bull Racing,35.0,0 days 00:01:15.330000,0 days 00:00:19.747000,0 days 00:00:35.817000,0 days 00:00:19.766000,MEDIUM,7.0,2.0,,,1,4.0,False,2025,Monaco,R,75.33,19.747,35.817,19.766,75.35,0.01999999999999602,75.074,0.2560000000000002,-0.01999999999999602,77.42999999999999,76.874,0.5559999999999974,78.0,0.44871794871794873,48.0,0.14583333333333334,49.0,1225.0,0,1,0,0,0,1,0,0.0,7.0,0.0,46
VER,Red Bull Racing,36.0,0 days 00:01:14.976000,0 days 00:00:19.598000,0 days 00:00:35.487000,0 days 00:00:19.891000,MEDIUM,8.0,2.0,,,1,4.0,False,2025,Monaco,R,74.976,19.598,35.487,19.891,75.35,0.3739999999999952,75.074,-0.09799999999999898,-0.3739999999999952,77.136,76.874,0.26200000000000045,78.0,0.46153846153846156,48.0,0.16666666666666666,64.0,1296.0,0,1,0,0,0,1,0,0.0,8.0,0.0,46
VER,Red Bull Racing,37.0,0 days 00:01:15.025000,0 days 00:00:19.696000,0 days 00:00:35.480000,0 days 00:00:19.849000,MEDIUM,9.0,2.0,,,1,4.0,False,2025,Monaco,R,75.025,19.696,35.48,19.849,75.35,0.32499999999998863,75.074,-0.04899999999999238,-0.32499999999998863,77.245,76.874,0.3710000000000093,78.0,0.47435897435897434,48.0,0.1875,81.0,1369.0,0,1,0,0,0,1,0,0.0,9.0,0.0,46
VER,Red Bull Racing,38.0,0 days 00:01:14.677000,0 days 00:00:19.623000,0 days 00:00:35.174000,0 days 00:00:19.880000,MEDIUM,10.0,2.0,,,12,4.0,False,2025,Monaco,R,74.677,19.623,35.174,19.88,75.35,0.6729999999999876,75.074,-0.39699999999999136,-0.6729999999999876,76.95700000000001,76.874,0.08300000000001262,78.0,0.48717948717948717,48.0,0.20833333333333334,100.0,1444.0,0,1,0,0,0,1,0,0.0,10.0,0.0,46
VER,Red Bull Racing,39.0,0 days 00:01:14.785000,0 days 00:00:19.649000,0 days 00:00:35.315000,0 days 00:00:19.821000,MEDIUM,11.0,2.0,,,1,4.0,False,2025,Monaco,R,74.785,19.649,35.315,19.821,75.35,0.5649999999999977,75.074,-0.2890000000000015,-0.5649999999999977,77.125,76.874,0.2510000000000048,78.0,0.5,48.0,0.22916666666666666,121.0,1521.0,0,1,0,0,0,1,0,0.0,11.0,0.0,46
VER,Red Bull Racing,40.0,0 days 00:01:14.421000,0 days 00:00:19.394000,0 days 00:00:35.181000,0 days 00:00:19.846000,MEDIUM,12.0,2.0,,,1,4.0,False,2025,Monaco,R,74.421,19.394,35.181,19.846,75.35,0.9289999999999878,75.074,-0.6529999999999916,-0.9289999999999878,76.82100000000001,76.874,-0.05299999999998306,78.0,0.5128205128205128,48.0,0.25,144.0,1600.0,0,1,0,0,0,1,0,0.0,12.0,0.0,46
VER,Red Bull Racing,41.0,0 days 00:01:14.390000,0 days 00:00:19.417000,0 days 00:00:35.304000,0 days 00:00:19.669000,MEDIUM,13.0,2.0,,,1,4.0,False,2025,Monaco,R,74.39,19.417,35.304,19.669,75.35,0.9599999999999937,75.074,-0.6839999999999975,-0.9599999999999937,76.85,76.874,-0.02400000000000091,78.0,0.5256410256410257,48.0,0.2708333333333333,169.0,1681.0,0,1,0,0,0,1,0,0.0,13.0,0.0,46
VER,Red Bull Racing,42.0,0 days 00:01:14.456000,0 days 00:00:19.417000,0 days 00:00:35.224000,0 days 00:00:19.815000,MEDIUM,14.0,2.0,,,1,4.0,False,2025,Monaco,R,74.456,19.417,35.224,19.815,75.35,0.8939999999999912,75.074,-0.617999999999995,-0.8939999999999912,76.976,76.874,0.10200000000000387,78.0,0.5384615384615384,48.0,0.2916666666666667,196.0,1764.0,0,1,0,0,0,1,0,0.0,14.0,0.0,46
VER,Red Bull Racing,43.0,0 days 00:01:14.567000,0 days 00:00:19.481000,0 days 00:00:35.255000,0 days 00:00:19.831000,MEDIUM,15.0,2.0,,,1,4.0,False,2025,Monaco,R,74.567,19.481,35.255,19.831,75.35,0.7830000000000013,75.074,-0.507000000000005,-0.7830000000000013,77.14699999999999,76.874,0.27299999999999613,78.0,0.5512820512820513,48.0,0.3125,225.0,1849.0,0,1,0,0,0,1,0,0.0,15.0,0.0,46
VER,Red Bull Racing,44.0,0 days 00:01:14.380000,0 days 00:00:19.606000,0 days 00:00:35.103000,0 days 00:00:19.671000,MEDIUM,16.0,2.0,,,1,4.0,False,2025,Monaco,R,74.38,19.606,35.103,19.671,75.35,0.9699999999999989,75.074,-0.6940000000000026,-0.9699999999999989,77.02,76.874,0.1460000000000008,78.0,0.5641025641025641,48.0,0.3333333333333333,256.0,1936.0,0,1,0,0,0,1,0,0.0,16.0,0.0,46
VER,Red Bull Racing,45.0,0 days 00:01:14.230000,0 days 00:00:19.363000,0 days 00:00:35.111000,0 days 00:00:19.756000,MEDIUM,17.0,2.0,,,1,4.0,False,2025,Monaco,R,74.23,19.363,35.111,19.756,75.35,1.1199999999999903,75.074,-0.8439999999999941,-1.1199999999999903,76.93,76.874,0.056000000000011596,78.0,0.5769230769230769,48.0,0.3541666666666667,289.0,2025.0,0,1,0,0,0,1,0,0.0,17.0,0.0,46
VER,Red Bull Racing,46.0,0 days 00:01:14.897000,0 days 00:00:19.768000,0 days 00:00:35.294000,0 days 00:00:19.835000,MEDIUM,18.0,2.0,,,1,4.0,False,2025,Monaco,R,74.897,19.768,35.294,19.835,75.35,0.45299999999998875,75.074,-0.1769999999999925,-0.45299999999998875,77.65700000000001,76.874,0.7830000000000155,78.0,0.5897435897435898,48.0,0.375,324.0,2116.0,0,1,0,0,0,1,0,0.0,18.0,0.0,46
VER,Red Bull Racing,47.0,0 days 00:01:14.859000,0 days 00:00:19.698000,0 days 00:00:35.394000,0 days 00:00:19.767000,MEDIUM,19.0,2.0,,,1,4.0,False,2025,Monaco,R,74.859,19.698,35.394,19.767,75.35,0.49099999999999966,75.074,-0.2150000000000034,-0.49099999999999966,77.67899999999999,76.874,0.8049999999999926,78.0,0.6025641025641025,48.0,0.3958333333333333,361.0,2209.0,0,1,0,0,0,1,0,0.0,19.0,0.0,46
VER,Red Bull Racing,48.0,0 days 00:01:14.538000,0 days 00:00:19.396000,0 days 00:00:35.389000,0 days 00:00:19.753000,MEDIUM,20.0,2.0,,,1,3.0,False,2025,Monaco,R,74.538,19.396,35.389,19.753,75.35,0.8119999999999976,75.074,-0.5360000000000014,-0.8119999999999976,77.41799999999999,76.874,0.5439999999999969,78.0,0.6153846153846154,48.0,0.4166666666666667,400.0,2304.0,0,1,0,0,0,1,0,0.0,20.0,0.0,46
VER,Red Bull Racing,49.0,0 days 00:01:14.261000,0 days 00:00:19.233000,0 days 00:00:35.294000,0 days 00:00:19.734000,MEDIUM,21.0,2.0,,,1,2.0,False,2025,Monaco,R,74.261,19.233,35.294,19.734,75.35,1.0889999999999986,75.074,-0.8130000000000024,-1.0889999999999986,77.201,76.874,0.3269999999999982,78.0,0.6282051282051282,48.0,0.4375,441.0,2401.0,0,1,0,0,0,1,0,0.0,21.0,0.0,46
VER,Red Bull Racing,50.0,0 days 00:01:14.426000,0 days 00:00:19.400000,0 days 00:00:35.341000,0 days 00:00:19.685000,MEDIUM,22.0,2.0,,,1,1.0,False,2025,Monaco,R,74.426,19.4,35.341,19.685,75.35,0.9239999999999924,75.074,-0.6479999999999961,-0.9239999999999924,77.426,76.874,0.5520000000000067,78.0,0.6410256410256411,48.0,0.4583333333333333,484.0,2500.0,0,1,0,0,0,1,0,0.0,22.0,0.0,46
VER,Red Bull Racing,51.0,0 days 00:01:15.165000,0 days 00:00:19.475000,0 days 00:00:35.782000,0 days 00:00:19.908000,MEDIUM,23.0,2.0,,,1,1.0,False,2025,Monaco,R,75.165,19.475,35.782,19.908,75.35,0.18499999999998806,75.074,0.09100000000000819,-0.18499999999998806,78.22500000000001,76.874,1.3510000000000133,78.0,0.6538461538461539,48.0,0.4791666666666667,529.0,2601.0,0,1,0,0,0,1,0,0.0,23.0,0.0,46
VER,Red Bull Racing,52.0,0 days 00:01:16.328000,0 days 00:00:19.804000,0 days 00:00:36.130000,0 days 00:00:20.394000,MEDIUM,24.0,2.0,,,1,1.0,False,2025,Monaco,R,76.328,19.804,36.13,20.394,75.35,0.9780000000000086,75.074,1.2540000000000049,0.9780000000000086,79.44800000000001,76.874,2.5740000000000123,78.0,0.6666666666666666,48.0,0.5,576.0,2704.0,0,1,1,0,0,1,0,0.0,24.0,0.0,46
VER,Red Bull Racing,54.0,0 days 00:01:15.872000,0 days 00:00:19.944000,0 days 00:00:36.007000,0 days 00:00:19.921000,MEDIUM,26.0,2.0,,,1,1.0,False,2025,Monaco,R,75.872,19.944,36.007,19.921,75.35,0.5220000000000056,75.074,0.7980000000000018,0.5220000000000056,79.112,76.874,2.2379999999999995,78.0,0.6923076923076923,48.0,0.5416666666666666,676.0,2916.0,0,1,1,0,0,1,0,0.0,26.0,0.0,46
VER,Red Bull Racing,55.0,0 days 00:01:15.620000,0 days 00:00:19.683000,0 days 00:00:36.003000,0 days 00:00:19.934000,MEDIUM,27.0,2.0,,,1,1.0,False,2025,Monaco,R,75.62,19.683,36.003,19.934,75.35,0.27000000000001023,75.074,0.5460000000000065,0.27000000000001023,78.92,76.874,2.0460000000000065,78.0,0.7051282051282052,48.0,0.5625,729.0,3025.0,0,1,1,0,0,1,0,0.0,27.0,0.0,46
VER,Red Bull Racing,56.0,0 days 00:01:15.330000,0 days 00:00:19.636000,0 days 00:00:35.810000,0 days 00:00:19.884000,MEDIUM,28.0,2.0,,,1,1.0,False,2025,Monaco,R,75.33,19.636,35.81,19.884,75.35,0.01999999999999602,75.074,0.2560000000000002,-0.01999999999999602,78.69,76.874,1.8160000000000025,78.0,0.717948717948718,48.0,0.5833333333333334,784.0,3136.0,0,1,1,0,0,1,0,0.0,28.0,0.0,46
VER,Red Bull Racing,57.0,0 days 00:01:15.418000,0 days 00:00:19.747000,0 days 00:00:35.825000,0 days 00:00:19.846000,MEDIUM,29.0,2.0,,,1,1.0,False,2025,Monaco,R,75.418,19.747,35.825,19.846,75.35,0.06800000000001205,75.074,0.3440000000000083,0.06800000000001205,78.83800000000001,76.874,1.9640000000000128,78.0,0.7307692307692307,48.0,0.6041666666666666,841.0,3249.0,0,1,1,0,0,1,0,0.0,29.0,0.0,46
VER,Red Bull Racing,58.0,0 days 00:01:15.247000,0 days 00:00:19.544000,0 days 00:00:35.890000,0 days 00:00:19.813000,MEDIUM,30.0,2.0,,,1,1.0,False,2025,Monaco,R,75.247,19.544,35.89,19.813,75.35,0.10299999999999443,75.074,0.17300000000000182,-0.10299999999999443,78.727,76.874,1.8530000000000086,78.0,0.7435897435897436,48.0,0.625,900.0,3364.0,0,1,1,0,0,1,0,0.0,30.0,0.0,46
VER,Red Bull Racing,59.0,0 days 00:01:15.350000,0 days 00:00:19.588000,0 days 00:00:35.921000,0 days 00:00:19.841000,MEDIUM,31.0,2.0,,,1,1.0,False,2025,Monaco,R,75.35,19.588,35.921,19.841,75.35,0.0,75.074,0.27599999999999625,0.0,78.89,76.874,2.0160000000000053,78.0,0.7564102564102564,48.0,0.6458333333333334,961.0,3481.0,0,1,1,0,0,1,0,0.0,31.0,0.0,46
VER,Red Bull Racing,60.0,0 days 00:01:15.088000,0 days 00:00:19.610000,0 days 00:00:35.657000,0 days 00:00:19.821000,MEDIUM,32.0,2.0,,,1,1.0,False,2025,Monaco,R,75.088,19.61,35.657,19.821,75.35,0.26200000000000045,75.074,0.013999999999995794,-0.26200000000000045,78.68799999999999,76.874,1.813999999999993,78.0,0.7692307692307693,48.0,0.6666666666666666,1024.0,3600.0,0,1,1,0,0,1,0,0.0,32.0,0.0,46
VER,Red Bull Racing,61.0,0 days 00:01:15.064000,0 days 00:00:19.641000,0 days 00:00:35.644000,0 days 00:00:19.779000,MEDIUM,33.0,2.0,,,1,1.0,False,2025,Monaco,R,75.064,19.641,35.644,19.779,75.35,0.28600000000000136,75.074,-0.010000000000005116,-0.28600000000000136,78.72399999999999,76.874,1.8499999999999943,78.0,0.782051282051282,48.0,0.6875,1089.0,3721.0,0,1,1,0,0,1,0,0.0,33.0,0.0,46
VER,Red Bull Racing,62.0,0 days 00:01:15.130000,0 days 00:00:19.451000,0 days 00:00:35.860000,0 days 00:00:19.819000,MEDIUM,34.0,2.0,,,1,1.0,False,2025,Monaco,R,75.13,19.451,35.86,19.819,75.35,0.21999999999999886,75.074,0.055999999999997385,-0.21999999999999886,78.85,76.874,1.975999999999999,78.0,0.7948717948717948,48.0,0.7083333333333334,1156.0,3844.0,0,1,1,0,0,1,0,0.0,34.0,0.0,46
VER,Red Bull Racing,63.0,0 days 00:01:15.088000,0 days 00:00:19.516000,0 days 00:00:35.850000,0 days 00:00:19.722000,MEDIUM,35.0,2.0,,,1,1.0,False,2025,Monaco,R,75.088,19.516,35.85,19.722,75.35,0.26200000000000045,75.074,0.013999999999995794,-0.26200000000000045,78.868,76.874,1.9939999999999998,78.0,0.8076923076923077,48.0,0.7291666666666666,1225.0,3969.0,0,1,1,0,0,1,0,0.0,35.0,0.0,46
VER,Red Bull Racing,64.0,0 days 00:01:15.240000,0 days 00:00:19.466000,0 days 00:00:36.021000,0 days 00:00:19.753000,MEDIUM,36.0,2.0,,,1,1.0,False,2025,Monaco,R,75.24,19.466,36.021,19.753,75.35,0.10999999999999943,75.074,0.16599999999999682,-0.10999999999999943,79.08,76.874,2.206000000000003,78.0,0.8205128205128205,48.0,0.75,1296.0,4096.0,0,1,1,0,0,1,0,0.0,36.0,0.0,46
VER,Red Bull Racing,65.0,0 days 00:01:15.122000,0 days 00:00:19.503000,0 days 00:00:35.887000,0 days 00:00:19.732000,MEDIUM,37.0,2.0,,,1,1.0,False,2025,Monaco,R,75.122,19.503,35.887,19.732,75.35,0.22799999999999443,75.074,0.04800000000000182,-0.22799999999999443,79.022,76.874,2.1480000000000103,78.0,0.8333333333333334,48.0,0.7708333333333334,1369.0,4225.0,0,1,1,0,0,1,0,0.0,37.0,0.0,46
VER,Red Bull Racing,66.0,0 days 00:01:15.214000,0 days 00:00:19.485000,0 days 00:00:35.975000,0 days 00:00:19.754000,MEDIUM,38.0,2.0,,,1,1.0,False,2025,Monaco,R,75.214,19.485,35.975,19.754,75.35,0.13599999999999568,75.074,0.14000000000000057,-0.13599999999999568,79.17399999999999,76.874,2.299999999999997,78.0,0.8461538461538461,48.0,0.7916666666666666,1444.0,4356.0,0,1,1,0,0,1,0,0.0,38.0,0.0,46
VER,Red Bull Racing,67.0,0 days 00:01:15.551000,0 days 00:00:19.662000,0 days 00:00:35.956000,0 days 00:00:19.933000,MEDIUM,39.0,2.0,,,1,1.0,False,2025,Monaco,R,75.551,19.662,35.956,19.933,75.35,0.20100000000000762,75.074,0.47700000000000387,0.20100000000000762,79.571,76.874,2.6970000000000027,78.0,0.8589743589743589,48.0,0.8125,1521.0,4489.0,0,1,1,0,0,1,0,0.0,39.0,0.0,46
VER,Red Bull Racing,68.0,0 days 00:01:16.273000,0 days 00:00:19.739000,0 days 00:00:36.508000,0 days 00:00:20.026000,MEDIUM,40.0,2.0,,,1,1.0,False,2025,Monaco,R,76.273,19.739,36.508,20.026,75.35,0.9230000000000018,75.074,1.198999999999998,0.9230000000000018,80.353,76.874,3.478999999999999,78.0,0.8717948717948718,48.0,0.8333333333333334,1600.0,4624.0,0,1,1,0,0,1,0,0.0,40.0,0.0,46
VER,Red Bull Racing,69.0,0 days 00:01:16.063000,0 days 00:00:19.746000,0 days 00:00:36.449000,0 days 00:00:19.868000,MEDIUM,41.0,2.0,,,1,1.0,False,2025,Monaco,R,76.063,19.746,36.449,19.868,75.35,0.7130000000000081,75.074,0.9890000000000043,0.7130000000000081,80.203,76.874,3.3290000000000077,78.0,0.8846153846153846,48.0,0.8541666666666666,1681.0,4761.0,0,1,1,0,0,1,0,0.0,41.0,0.0,46
VER,Red Bull Racing,70.0,0 days 00:01:15.812000,0 days 00:00:19.745000,0 days 00:00:36.327000,0 days 00:00:19.740000,MEDIUM,42.0,2.0,,,1,1.0,False,2025,Monaco,R,75.812,19.745,36.327,19.74,75.35,0.4620000000000033,75.074,0.7379999999999995,0.4620000000000033,80.012,76.874,3.1380000000000052,78.0,0.8974358974358975,48.0,0.875,1764.0,4900.0,0,1,1,0,0,1,0,0.0,42.0,0.0,46
VER,Red Bull Racing,71.0,0 days 00:01:16.058000,0 days 00:00:19.778000,0 days 00:00:36.396000,0 days 00:00:19.884000,MEDIUM,43.0,2.0,,,1,1.0,False,2025,Monaco,R,76.058,19.778,36.396,19.884,75.35,0.7080000000000126,75.074,0.9840000000000089,0.7080000000000126,80.31800000000001,76.874,3.444000000000017,78.0,0.9102564102564102,48.0,0.8958333333333334,1849.0,5041.0,0,1,1,0,0,1,0,0.0,43.0,0.0,46
VER,Red Bull Racing,72.0,0 days 00:01:16.072000,0 days 00:00:19.879000,0 days 00:00:36.242000,0 days 00:00:19.951000,MEDIUM,44.0,2.0,,,1,1.0,False,2025,Monaco,R,76.072,19.879,36.242,19.951,75.35,0.7220000000000084,75.074,0.9980000000000047,0.7220000000000084,80.392,76.874,3.5180000000000007,78.0,0.9230769230769231,48.0,0.9166666666666666,1936.0,5184.0,0,1,1,0,0,1,0,0.0,44.0,0.0,46
VER,Red Bull Racing,73.0,0 days 00:01:16.221000,0 days 00:00:19.818000,0 days 00:00:36.413000,0 days 00:00:19.990000,MEDIUM,45.0,2.0,,,1,1.0,False,2025,Monaco,R,76.221,19.818,36.413,19.99,75.35,0.8710000000000093,75.074,1.1470000000000056,0.8710000000000093,80.601,76.874,3.727000000000004,78.0,0.9358974358974359,48.0,0.9375,2025.0,5329.0,0,1,1,0,0,1,0,0.0,45.0,0.0,46
VER,Red Bull Racing,74.0,0 days 00:01:16.349000,0 days 00:00:20.007000,0 days 00:00:36.387000,0 days 00:00:19.955000,MEDIUM,46.0,2.0,,,1,1.0,False,2025,Monaco,R,76.349,20.007,36.387,19.955,75.35,0.9990000000000094,75.074,1.2750000000000057,0.9990000000000094,80.789,76.874,3.9150000000000063,78.0,0.9487179487179487,48.0,0.9583333333333334,2116.0,5476.0,0,1,1,0,0,1,0,0.0,46.0,0.0,46
VER,Red Bull Racing,75.0,0 days 00:01:16.344000,0 days 00:00:19.870000,0 days 00:00:36.434000,0 days 00:00:20.040000,MEDIUM,47.0,2.0,,,1,1.0,False,2025,Monaco,R,76.344,19.87,36.434,20.04,75.35,0.9939999999999998,75.074,1.269999999999996,0.9939999999999998,80.844,76.874,3.969999999999999,78.0,0.9615384615384616,48.0,0.9791666666666666,2209.0,5625.0,0,1,1,0,0,1,0,0.0,47.0,0.0,46
VER,Red Bull Racing,76.0,0 days 00:01:16.468000,0 days 00:00:19.865000,0 days 00:00:36.470000,0 days 00:00:20.133000,MEDIUM,48.0,2.0,,,1,1.0,False,2025,Monaco,R,76.468,19.865,36.47,20.133,75.35,1.1180000000000092,75.074,1.3940000000000055,1.1180000000000092,81.028,76.874,4.154000000000011,78.0,0.9743589743589743,48.0,1.0,2304.0,5776.0,0,1,1,0,0,1,0,0.0,48.0,0.0,46
