Driver,Team,LapNumber,LapTime,Sector1Time,Sector2Time,Sector3Time,Compound,TyreLife,Stint,PitInTime,PitOutTime,TrackStatus,Position,Deleted,season,race,session_type,lap_time_seconds,sector1_seconds,sector2_seconds,sector3_seconds
LEC,Ferrari,1.0,0 days 00:40:56.330000,,0 days 00:00:46.389000,,MEDIUM,1.0,1.0,0 days 00:56:45.433000,,1254,1.0,False,2024,Monaco,R,2456.33,,46.389,
LEC,Ferrari,2.0,,0 days 00:00:26.854000,0 days 00:00:41.743000,,HARD,1.0,2.0,,0 days 01:36:03.182000,14,1.0,False,2024,Monaco,R,,26.854,41.743,
LEC,Ferrari,3.0,0 days 00:01:24.624000,0 days 00:00:24.007000,0 days 00:00:38.235000,0 days 00:00:22.382000,HARD,2.0,2.0,,,1,1.0,False,2024,Monaco,R,84.624,24.007,38.235,22.382
LEC,Ferrari,4.0,0 days 00:01:22.625000,0 days 00:00:21.892000,0 days 00:00:38.779000,0 days 00:00:21.954000,HARD,3.0,2.0,,,1,1.0,False,2024,Monaco,R,82.625,21.892,38.779,21.954
LEC,Ferrari,5.0,0 days 00:01:21.795000,0 days 00:00:21.314000,0 days 00:00:38.513000,0 days 00:00:21.968000,HARD,4.0,2.0,,,1,1.0,False,2024,Monaco,R,81.795,21.314,38.513,21.968
LEC,Ferrari,6.0,0 days 00:01:21.145000,0 days 00:00:21.568000,0 days 00:00:38.168000,0 days 00:00:21.409000,HARD,5.0,2.0,,,1,1.0,False,2024,Monaco,R,81.145,21.568,38.168,21.409
LEC,Ferrari,7.0,0 days 00:01:20.980000,0 days 00:00:21.370000,0 days 00:00:38.056000,0 days 00:00:21.554000,HARD,6.0,2.0,,,1,1.0,False,2024,Monaco,R,80.98,21.37,38.056,21.554
LEC,Ferrari,8.0,0 days 00:01:21.030000,0 days 00:00:21.250000,0 days 00:00:38.171000,0 days 00:00:21.609000,HARD,7.0,2.0,,,1,1.0,False,2024,Monaco,R,81.03,21.25,38.171,21.609
LEC,Ferrari,9.0,0 days 00:01:20.114000,0 days 00:00:21.092000,0 days 00:00:37.612000,0 days 00:00:21.410000,HARD,8.0,2.0,,,1,1.0,False,2024,Monaco,R,80.114,21.092,37.612,21.41
LEC,Ferrari,10.0,0 days 00:01:20.775000,0 days 00:00:21.036000,0 days 00:00:37.886000,0 days 00:00:21.853000,HARD,9.0,2.0,,,1,1.0,False,2024,Monaco,R,80.775,21.036,37.886,21.853
LEC,Ferrari,11.0,0 days 00:01:21.046000,0 days 00:00:21.279000,0 days 00:00:38.236000,0 days 00:00:21.531000,HARD,10.0,2.0,,,1,1.0,False,2024,Monaco,R,81.046,21.279,38.236,21.531
LEC,Ferrari,12.0,0 days 00:01:20.252000,0 days 00:00:20.949000,0 days 00:00:37.730000,0 days 00:00:21.573000,HARD,11.0,2.0,,,1,1.0,False,2024,Monaco,R,80.252,20.949,37.73,21.573
LEC,Ferrari,13.0,0 days 00:01:19.017000,0 days 00:00:20.818000,0 days 00:00:36.898000,0 days 00:00:21.301000,HARD,12.0,2.0,,,1,1.0,False,2024,Monaco,R,79.017,20.818,36.898,21.301
LEC,Ferrari,14.0,0 days 00:01:19.913000,0 days 00:00:20.847000,0 days 00:00:38.003000,0 days 00:00:21.063000,HARD,13.0,2.0,,,1,1.0,False,2024,Monaco,R,79.913,20.847,38.003,21.063
LEC,Ferrari,15.0,0 days 00:01:19.838000,0 days 00:00:20.763000,0 days 00:00:37.770000,0 days 00:00:21.305000,HARD,14.0,2.0,,,1,1.0,False,2024,Monaco,R,79.838,20.763,37.77,21.305
LEC,Ferrari,16.0,0 days 00:01:20.156000,0 days 00:00:21.139000,0 days 00:00:37.516000,0 days 00:00:21.501000,HARD,15.0,2.0,,,1,1.0,False,2024,Monaco,R,80.156,21.139,37.516,21.501
LEC,Ferrari,17.0,0 days 00:01:20.279000,0 days 00:00:20.925000,0 days 00:00:37.498000,0 days 00:00:21.856000,HARD,16.0,2.0,,,1,1.0,False,2024,Monaco,R,80.279,20.925,37.498,21.856
LEC,Ferrari,18.0,0 days 00:01:19.580000,0 days 00:00:20.612000,0 days 00:00:37.578000,0 days 00:00:21.390000,HARD,17.0,2.0,,,1,1.0,False,2024,Monaco,R,79.58,20.612,37.578,21.39
LEC,Ferrari,19.0,0 days 00:01:18.842000,0 days 00:00:20.806000,0 days 00:00:36.890000,0 days 00:00:21.146000,HARD,18.0,2.0,,,1,1.0,False,2024,Monaco,R,78.842,20.806,36.89,21.146
LEC,Ferrari,20.0,0 days 00:01:18.724000,0 days 00:00:20.573000,0 days 00:00:37.018000,0 days 00:00:21.133000,HARD,19.0,2.0,,,1,1.0,False,2024,Monaco,R,78.724,20.573,37.018,21.133
LEC,Ferrari,21.0,0 days 00:01:18.472000,0 days 00:00:20.609000,0 days 00:00:36.874000,0 days 00:00:20.989000,HARD,20.0,2.0,,,1,1.0,False,2024,Monaco,R,78.472,20.609,36.874,20.989
LEC,Ferrari,22.0,0 days 00:01:18.620000,0 days 00:00:20.591000,0 days 00:00:37.004000,0 days 00:00:21.025000,HARD,21.0,2.0,,,1,1.0,False,2024,Monaco,R,78.62,20.591,37.004,21.025
LEC,Ferrari,23.0,0 days 00:01:18.458000,0 days 00:00:20.638000,0 days 00:00:36.755000,0 days 00:00:21.065000,HARD,22.0,2.0,,,1,1.0,False,2024,Monaco,R,78.458,20.638,36.755,21.065
LEC,Ferrari,24.0,0 days 00:01:18.725000,0 days 00:00:20.436000,0 days 00:00:37.261000,0 days 00:00:21.028000,HARD,23.0,2.0,,,1,1.0,False,2024,Monaco,R,78.725,20.436,37.261,21.028
LEC,Ferrari,25.0,0 days 00:01:18.973000,0 days 00:00:20.408000,0 days 00:00:37.435000,0 days 00:00:21.130000,HARD,24.0,2.0,,,1,1.0,False,2024,Monaco,R,78.973,20.408,37.435,21.13
LEC,Ferrari,26.0,0 days 00:01:18.445000,0 days 00:00:20.305000,0 days 00:00:37.048000,0 days 00:00:21.092000,HARD,25.0,2.0,,,1,1.0,False,2024,Monaco,R,78.445,20.305,37.048,21.092
LEC,Ferrari,27.0,0 days 00:01:18.351000,0 days 00:00:20.507000,0 days 00:00:36.769000,0 days 00:00:21.075000,HARD,26.0,2.0,,,1,1.0,False,2024,Monaco,R,78.351,20.507,36.769,21.075
LEC,Ferrari,28.0,0 days 00:01:18.710000,0 days 00:00:20.535000,0 days 00:00:37.208000,0 days 00:00:20.967000,HARD,27.0,2.0,,,1,1.0,False,2024,Monaco,R,78.71,20.535,37.208,20.967
LEC,Ferrari,29.0,0 days 00:01:19.053000,0 days 00:00:20.429000,0 days 00:00:37.312000,0 days 00:00:21.312000,HARD,28.0,2.0,,,1,1.0,False,2024,Monaco,R,79.053,20.429,37.312,21.312
LEC,Ferrari,30.0,0 days 00:01:19.935000,0 days 00:00:21.091000,0 days 00:00:37.380000,0 days 00:00:21.464000,HARD,29.0,2.0,,,1,1.0,False,2024,Monaco,R,79.935,21.091,37.38,21.464
LEC,Ferrari,31.0,0 days 00:01:18.393000,0 days 00:00:20.706000,0 days 00:00:36.687000,0 days 00:00:21,HARD,30.0,2.0,,,1,1.0,False,2024,Monaco,R,78.393,20.706,36.687,21.0
LEC,Ferrari,32.0,0 days 00:01:19.125000,0 days 00:00:20.483000,0 days 00:00:37.216000,0 days 00:00:21.426000,HARD,31.0,2.0,,,1,1.0,False,2024,Monaco,R,79.125,20.483,37.216,21.426
LEC,Ferrari,33.0,0 days 00:01:18.494000,0 days 00:00:20.510000,0 days 00:00:36.916000,0 days 00:00:21.068000,HARD,32.0,2.0,,,1,1.0,False,2024,Monaco,R,78.494,20.51,36.916,21.068
LEC,Ferrari,34.0,0 days 00:01:19.319000,0 days 00:00:20.412000,0 days 00:00:37.589000,0 days 00:00:21.318000,HARD,33.0,2.0,,,1,1.0,False,2024,Monaco,R,79.319,20.412,37.589,21.318
LEC,Ferrari,35.0,0 days 00:01:18.530000,0 days 00:00:20.503000,0 days 00:00:36.672000,0 days 00:00:21.355000,HARD,34.0,2.0,,,1,1.0,False,2024,Monaco,R,78.53,20.503,36.672,21.355
LEC,Ferrari,36.0,0 days 00:01:18.689000,0 days 00:00:20.697000,0 days 00:00:36.919000,0 days 00:00:21.073000,HARD,35.0,2.0,,,1,1.0,False,2024,Monaco,R,78.689,20.697,36.919,21.073
LEC,Ferrari,37.0,0 days 00:01:18.925000,0 days 00:00:21.082000,0 days 00:00:36.570000,0 days 00:00:21.273000,HARD,36.0,2.0,,,1,1.0,False,2024,Monaco,R,78.925,21.082,36.57,21.273
LEC,Ferrari,38.0,0 days 00:01:18.528000,0 days 00:00:20.612000,0 days 00:00:36.704000,0 days 00:00:21.212000,HARD,37.0,2.0,,,1,1.0,False,2024,Monaco,R,78.528,20.612,36.704,21.212
LEC,Ferrari,39.0,0 days 00:01:18.181000,0 days 00:00:20.815000,0 days 00:00:36.297000,0 days 00:00:21.069000,HARD,38.0,2.0,,,1,1.0,False,2024,Monaco,R,78.181,20.815,36.297,21.069
LEC,Ferrari,40.0,0 days 00:01:18.733000,0 days 00:00:20.538000,0 days 00:00:37.054000,0 days 00:00:21.141000,HARD,39.0,2.0,,,1,1.0,False,2024,Monaco,R,78.733,20.538,37.054,21.141
LEC,Ferrari,41.0,0 days 00:01:18.694000,0 days 00:00:20.486000,0 days 00:00:36.988000,0 days 00:00:21.220000,HARD,40.0,2.0,,,1,1.0,False,2024,Monaco,R,78.694,20.486,36.988,21.22
LEC,Ferrari,42.0,0 days 00:01:19.277000,0 days 00:00:20.683000,0 days 00:00:37.359000,0 days 00:00:21.235000,HARD,41.0,2.0,,,1,1.0,False,2024,Monaco,R,79.277,20.683,37.359,21.235
LEC,Ferrari,43.0,0 days 00:01:17.865000,0 days 00:00:20.293000,0 days 00:00:36.710000,0 days 00:00:20.862000,HARD,42.0,2.0,,,1,1.0,False,2024,Monaco,R,77.865,20.293,36.71,20.862
LEC,Ferrari,44.0,0 days 00:01:18.276000,0 days 00:00:20.687000,0 days 00:00:36.752000,0 days 00:00:20.837000,HARD,43.0,2.0,,,1,1.0,False,2024,Monaco,R,78.276,20.687,36.752,20.837
LEC,Ferrari,45.0,0 days 00:01:18.541000,0 days 00:00:20.582000,0 days 00:00:36.789000,0 days 00:00:21.170000,HARD,44.0,2.0,,,1,1.0,False,2024,Monaco,R,78.541,20.582,36.789,21.17
LEC,Ferrari,46.0,0 days 00:01:18.567000,0 days 00:00:20.600000,0 days 00:00:37.066000,0 days 00:00:20.901000,HARD,45.0,2.0,,,1,1.0,False,2024,Monaco,R,78.567,20.6,37.066,20.901
LEC,Ferrari,47.0,0 days 00:01:19.185000,0 days 00:00:20.506000,0 days 00:00:37.404000,0 days 00:00:21.275000,HARD,46.0,2.0,,,1,1.0,False,2024,Monaco,R,79.185,20.506,37.404,21.275
LEC,Ferrari,48.0,0 days 00:01:17.941000,0 days 00:00:20.379000,0 days 00:00:36.484000,0 days 00:00:21.078000,HARD,47.0,2.0,,,1,1.0,False,2024,Monaco,R,77.941,20.379,36.484,21.078
LEC,Ferrari,49.0,0 days 00:01:18.506000,0 days 00:00:20.674000,0 days 00:00:36.889000,0 days 00:00:20.943000,HARD,48.0,2.0,,,1,1.0,False,2024,Monaco,R,78.506,20.674,36.889,20.943
LEC,Ferrari,50.0,0 days 00:01:18.185000,0 days 00:00:20.293000,0 days 00:00:36.878000,0 days 00:00:21.014000,HARD,49.0,2.0,,,1,1.0,False,2024,Monaco,R,78.185,20.293,36.878,21.014
LEC,Ferrari,51.0,0 days 00:01:17.790000,0 days 00:00:20.269000,0 days 00:00:36.519000,0 days 00:00:21.002000,HARD,50.0,2.0,,,1,1.0,False,2024,Monaco,R,77.79,20.269,36.519,21.002
LEC,Ferrari,52.0,0 days 00:01:18.311000,0 days 00:00:20.381000,0 days 00:00:36.839000,0 days 00:00:21.091000,HARD,51.0,2.0,,,1,1.0,False,2024,Monaco,R,78.311,20.381,36.839,21.091
LEC,Ferrari,53.0,0 days 00:01:17.748000,0 days 00:00:20.319000,0 days 00:00:36.629000,0 days 00:00:20.800000,HARD,52.0,2.0,,,12,1.0,False,2024,Monaco,R,77.748,20.319,36.629,20.8
LEC,Ferrari,54.0,0 days 00:01:17.357000,0 days 00:00:20.182000,0 days 00:00:36.412000,0 days 00:00:20.763000,HARD,53.0,2.0,,,1,1.0,False,2024,Monaco,R,77.357,20.182,36.412,20.763
LEC,Ferrari,55.0,0 days 00:01:17.444000,0 days 00:00:20.377000,0 days 00:00:36.322000,0 days 00:00:20.745000,HARD,54.0,2.0,,,1,1.0,False,2024,Monaco,R,77.444,20.377,36.322,20.745
LEC,Ferrari,56.0,0 days 00:01:17.266000,0 days 00:00:20.173000,0 days 00:00:36.255000,0 days 00:00:20.838000,HARD,55.0,2.0,,,1,1.0,False,2024,Monaco,R,77.266,20.173,36.255,20.838
LEC,Ferrari,57.0,0 days 00:01:17.640000,0 days 00:00:20.132000,0 days 00:00:36.818000,0 days 00:00:20.690000,HARD,56.0,2.0,,,1,1.0,False,2024,Monaco,R,77.64,20.132,36.818,20.69
LEC,Ferrari,58.0,0 days 00:01:17.028000,0 days 00:00:20.246000,0 days 00:00:36.138000,0 days 00:00:20.644000,HARD,57.0,2.0,,,1,1.0,False,2024,Monaco,R,77.028,20.246,36.138,20.644
LEC,Ferrari,59.0,0 days 00:01:17.034000,0 days 00:00:20.420000,0 days 00:00:36.197000,0 days 00:00:20.417000,HARD,58.0,2.0,,,1,1.0,False,2024,Monaco,R,77.034,20.42,36.197,20.417
LEC,Ferrari,60.0,0 days 00:01:16.414000,0 days 00:00:19.989000,0 days 00:00:36.033000,0 days 00:00:20.392000,HARD,59.0,2.0,,,1,1.0,False,2024,Monaco,R,76.414,19.989,36.033,20.392
LEC,Ferrari,61.0,0 days 00:01:16.863000,0 days 00:00:20.047000,0 days 00:00:36.432000,0 days 00:00:20.384000,HARD,60.0,2.0,,,1,1.0,False,2024,Monaco,R,76.863,20.047,36.432,20.384
LEC,Ferrari,62.0,0 days 00:01:17.454000,0 days 00:00:20.116000,0 days 00:00:36.443000,0 days 00:00:20.895000,HARD,61.0,2.0,,,1,1.0,False,2024,Monaco,R,77.454,20.116,36.443,20.895
LEC,Ferrari,63.0,0 days 00:01:16.971000,0 days 00:00:20.095000,0 days 00:00:36.187000,0 days 00:00:20.689000,HARD,62.0,2.0,,,1,1.0,False,2024,Monaco,R,76.971,20.095,36.187,20.689
LEC,Ferrari,64.0,0 days 00:01:16.560000,0 days 00:00:19.996000,0 days 00:00:35.953000,0 days 00:00:20.611000,HARD,63.0,2.0,,,1,1.0,False,2024,Monaco,R,76.56,19.996,35.953,20.611
LEC,Ferrari,65.0,0 days 00:01:16.607000,0 days 00:00:20.094000,0 days 00:00:35.912000,0 days 00:00:20.601000,HARD,64.0,2.0,,,1,1.0,False,2024,Monaco,R,76.607,20.094,35.912,20.601
LEC,Ferrari,66.0,0 days 00:01:16.489000,0 days 00:00:20.092000,0 days 00:00:36.050000,0 days 00:00:20.347000,HARD,65.0,2.0,,,1,1.0,False,2024,Monaco,R,76.489,20.092,36.05,20.347
LEC,Ferrari,67.0,0 days 00:01:15.941000,0 days 00:00:19.908000,0 days 00:00:35.718000,0 days 00:00:20.315000,HARD,66.0,2.0,,,1,1.0,False,2024,Monaco,R,75.941,19.908,35.718,20.315
LEC,Ferrari,68.0,0 days 00:01:16.082000,0 days 00:00:19.824000,0 days 00:00:35.719000,0 days 00:00:20.539000,HARD,67.0,2.0,,,1,1.0,False,2024,Monaco,R,76.082,19.824,35.719,20.539
LEC,Ferrari,69.0,0 days 00:01:16.373000,0 days 00:00:20.074000,0 days 00:00:35.848000,0 days 00:00:20.451000,HARD,68.0,2.0,,,1,1.0,False,2024,Monaco,R,76.373,20.074,35.848,20.451
LEC,Ferrari,70.0,0 days 00:01:15.767000,0 days 00:00:19.928000,0 days 00:00:35.516000,0 days 00:00:20.323000,HARD,69.0,2.0,,,1,1.0,False,2024,Monaco,R,75.767,19.928,35.516,20.323
LEC,Ferrari,71.0,0 days 00:01:15.162000,0 days 00:00:19.719000,0 days 00:00:35.501000,0 days 00:00:19.942000,HARD,70.0,2.0,,,1,1.0,False,2024,Monaco,R,75.162,19.719,35.501,19.942
LEC,Ferrari,72.0,0 days 00:01:15.547000,0 days 00:00:19.716000,0 days 00:00:35.511000,0 days 00:00:20.320000,HARD,71.0,2.0,,,1,1.0,False,2024,Monaco,R,75.547,19.716,35.511,20.32
LEC,Ferrari,73.0,0 days 00:01:16.219000,0 days 00:00:19.958000,0 days 00:00:35.883000,0 days 00:00:20.378000,HARD,72.0,2.0,,,1,1.0,False,2024,Monaco,R,76.219,19.958,35.883,20.378
LEC,Ferrari,74.0,0 days 00:01:16.105000,0 days 00:00:19.924000,0 days 00:00:35.853000,0 days 00:00:20.328000,HARD,73.0,2.0,,,1,1.0,False,2024,Monaco,R,76.105,19.924,35.853,20.328
LEC,Ferrari,75.0,0 days 00:01:16.387000,0 days 00:00:19.840000,0 days 00:00:36.038000,0 days 00:00:20.509000,HARD,74.0,2.0,,,1,1.0,False,2024,Monaco,R,76.387,19.84,36.038,20.509
LEC,Ferrari,76.0,0 days 00:01:16.808000,0 days 00:00:20.175000,0 days 00:00:36.346000,0 days 00:00:20.287000,HARD,75.0,2.0,,,1,1.0,False,2024,Monaco,R,76.808,20.175,36.346,20.287
LEC,Ferrari,77.0,0 days 00:01:16.933000,0 days 00:00:20.067000,0 days 00:00:36.196000,0 days 00:00:20.670000,HARD,76.0,2.0,,,1,1.0,False,2024,Monaco,R,76.933,20.067,36.196,20.67
LEC,Ferrari,78.0,0 days 00:01:18.636000,0 days 00:00:20.278000,0 days 00:00:36.319000,0 days 00:00:22.039000,HARD,77.0,2.0,,,1,1.0,False,2024,Monaco,R,78.636,20.278,36.319,22.039
PIA,McLaren,1.0,0 days 00:40:58.744000,,0 days 00:00:47.944000,,MEDIUM,2.0,1.0,0 days 00:56:48.100000,,1254,2.0,False,2024,Monaco,R,2458.744,,47.944,
PIA,McLaren,2.0,,0 days 00:00:26.081000,0 days 00:00:41.880000,,HARD,2.0,2.0,,0 days 01:36:05.541000,14,2.0,False,2024,Monaco,R,,26.081,41.88,
PIA,McLaren,3.0,0 days 00:01:24.953000,0 days 00:00:23.960000,0 days 00:00:38.571000,0 days 00:00:22.422000,HARD,3.0,2.0,,,1,2.0,False,2024,Monaco,R,84.953,23.96,38.571,22.422
PIA,McLaren,4.0,0 days 00:01:22.314000,0 days 00:00:21.687000,0 days 00:00:38.788000,0 days 00:00:21.839000,HARD,4.0,2.0,,,1,2.0,False,2024,Monaco,R,82.314,21.687,38.788,21.839
PIA,McLaren,5.0,0 days 00:01:22.019000,0 days 00:00:21.435000,0 days 00:00:38.378000,0 days 00:00:22.206000,HARD,5.0,2.0,,,1,2.0,False,2024,Monaco,R,82.019,21.435,38.378,22.206
PIA,McLaren,6.0,0 days 00:01:21.354000,0 days 00:00:21.409000,0 days 00:00:38.129000,0 days 00:00:21.816000,HARD,6.0,2.0,,,1,2.0,False,2024,Monaco,R,81.354,21.409,38.129,21.816
PIA,McLaren,7.0,0 days 00:01:20.808000,0 days 00:00:21.207000,0 days 00:00:37.680000,0 days 00:00:21.921000,HARD,7.0,2.0,,,1,2.0,False,2024,Monaco,R,80.808,21.207,37.68,21.921
PIA,McLaren,8.0,0 days 00:01:21.058000,0 days 00:00:21.425000,0 days 00:00:37.957000,0 days 00:00:21.676000,HARD,8.0,2.0,,,1,2.0,False,2024,Monaco,R,81.058,21.425,37.957,21.676
PIA,McLaren,9.0,0 days 00:01:19.906000,0 days 00:00:21.181000,0 days 00:00:37.382000,0 days 00:00:21.343000,HARD,9.0,2.0,,,1,2.0,False,2024,Monaco,R,79.906,21.181,37.382,21.343
PIA,McLaren,10.0,0 days 00:01:20.890000,0 days 00:00:21.262000,0 days 00:00:37.970000,0 days 00:00:21.658000,HARD,10.0,2.0,,,1,2.0,False,2024,Monaco,R,80.89,21.262,37.97,21.658
PIA,McLaren,11.0,0 days 00:01:20.898000,0 days 00:00:21.439000,0 days 00:00:37.991000,0 days 00:00:21.468000,HARD,11.0,2.0,,,1,2.0,False,2024,Monaco,R,80.898,21.439,37.991,21.468
PIA,McLaren,12.0,0 days 00:01:20.135000,0 days 00:00:21.210000,0 days 00:00:37.442000,0 days 00:00:21.483000,HARD,12.0,2.0,,,1,2.0,False,2024,Monaco,R,80.135,21.21,37.442,21.483
PIA,McLaren,13.0,0 days 00:01:18.745000,0 days 00:00:20.677000,0 days 00:00:36.996000,0 days 00:00:21.072000,HARD,13.0,2.0,,,1,2.0,False,2024,Monaco,R,78.745,20.677,36.996,21.072
PIA,McLaren,14.0,0 days 00:01:20.014000,0 days 00:00:21.241000,0 days 00:00:37.715000,0 days 00:00:21.058000,HARD,14.0,2.0,,,1,2.0,False,2024,Monaco,R,80.014,21.241,37.715,21.058
PIA,McLaren,15.0,0 days 00:01:20.264000,0 days 00:00:20.828000,0 days 00:00:38.137000,0 days 00:00:21.299000,HARD,15.0,2.0,,,1,2.0,False,2024,Monaco,R,80.264,20.828,38.137,21.299
PIA,McLaren,16.0,0 days 00:01:19.829000,0 days 00:00:20.949000,0 days 00:00:37.351000,0 days 00:00:21.529000,HARD,16.0,2.0,,,1,2.0,False,2024,Monaco,R,79.829,20.949,37.351,21.529
PIA,McLaren,17.0,0 days 00:01:20.028000,0 days 00:00:20.967000,0 days 00:00:37.697000,0 days 00:00:21.364000,HARD,17.0,2.0,,,1,2.0,False,2024,Monaco,R,80.028,20.967,37.697,21.364
PIA,McLaren,18.0,0 days 00:01:19.832000,0 days 00:00:21.157000,0 days 00:00:37.357000,0 days 00:00:21.318000,HARD,18.0,2.0,,,1,2.0,False,2024,Monaco,R,79.832,21.157,37.357,21.318
PIA,McLaren,19.0,0 days 00:01:19.179000,0 days 00:00:20.809000,0 days 00:00:37.085000,0 days 00:00:21.285000,HARD,19.0,2.0,,,1,2.0,False,2024,Monaco,R,79.179,20.809,37.085,21.285
PIA,McLaren,20.0,0 days 00:01:19.055000,0 days 00:00:20.712000,0 days 00:00:37.118000,0 days 00:00:21.225000,HARD,20.0,2.0,,,1,2.0,False,2024,Monaco,R,79.055,20.712,37.118,21.225
PIA,McLaren,21.0,0 days 00:01:18.601000,0 days 00:00:20.387000,0 days 00:00:36.969000,0 days 00:00:21.245000,HARD,21.0,2.0,,,1,2.0,False,2024,Monaco,R,78.601,20.387,36.969,21.245
PIA,McLaren,22.0,0 days 00:01:18.585000,0 days 00:00:20.647000,0 days 00:00:36.890000,0 days 00:00:21.048000,HARD,22.0,2.0,,,1,2.0,False,2024,Monaco,R,78.585,20.647,36.89,21.048
PIA,McLaren,23.0,0 days 00:01:18.658000,0 days 00:00:20.334000,0 days 00:00:37.060000,0 days 00:00:21.264000,HARD,23.0,2.0,,,1,2.0,False,2024,Monaco,R,78.658,20.334,37.06,21.264
PIA,McLaren,24.0,0 days 00:01:18.636000,0 days 00:00:20.402000,0 days 00:00:36.969000,0 days 00:00:21.265000,HARD,24.0,2.0,,,1,2.0,False,2024,Monaco,R,78.636,20.402,36.969,21.265
PIA,McLaren,25.0,0 days 00:01:18.784000,0 days 00:00:20.563000,0 days 00:00:37.104000,0 days 00:00:21.117000,HARD,25.0,2.0,,,1,2.0,False,2024,Monaco,R,78.784,20.563,37.104,21.117
PIA,McLaren,26.0,0 days 00:01:18.440000,0 days 00:00:20.567000,0 days 00:00:37.026000,0 days 00:00:20.847000,HARD,26.0,2.0,,,1,2.0,False,2024,Monaco,R,78.44,20.567,37.026,20.847
PIA,McLaren,27.0,0 days 00:01:18.523000,0 days 00:00:20.578000,0 days 00:00:36.875000,0 days 00:00:21.070000,HARD,27.0,2.0,,,1,2.0,False,2024,Monaco,R,78.523,20.578,36.875,21.07
PIA,McLaren,28.0,0 days 00:01:18.791000,0 days 00:00:20.568000,0 days 00:00:37.127000,0 days 00:00:21.096000,HARD,28.0,2.0,,,1,2.0,False,2024,Monaco,R,78.791,20.568,37.127,21.096
PIA,McLaren,29.0,0 days 00:01:19.010000,0 days 00:00:20.396000,0 days 00:00:37.420000,0 days 00:00:21.194000,HARD,29.0,2.0,,,1,2.0,False,2024,Monaco,R,79.01,20.396,37.42,21.194
PIA,McLaren,30.0,0 days 00:01:19.396000,0 days 00:00:20.878000,0 days 00:00:37.438000,0 days 00:00:21.080000,HARD,30.0,2.0,,,1,2.0,False,2024,Monaco,R,79.396,20.878,37.438,21.08
PIA,McLaren,31.0,0 days 00:01:18.449000,0 days 00:00:20.602000,0 days 00:00:36.817000,0 days 00:00:21.030000,HARD,31.0,2.0,,,1,2.0,False,2024,Monaco,R,78.449,20.602,36.817,21.03
PIA,McLaren,32.0,0 days 00:01:18.969000,0 days 00:00:20.636000,0 days 00:00:37.017000,0 days 00:00:21.316000,HARD,32.0,2.0,,,1,2.0,False,2024,Monaco,R,78.969,20.636,37.017,21.316
PIA,McLaren,33.0,0 days 00:01:19.060000,0 days 00:00:20.753000,0 days 00:00:37.224000,0 days 00:00:21.083000,HARD,33.0,2.0,,,1,2.0,False,2024,Monaco,R,79.06,20.753,37.224,21.083
PIA,McLaren,34.0,0 days 00:01:18.978000,0 days 00:00:20.604000,0 days 00:00:37.316000,0 days 00:00:21.058000,HARD,34.0,2.0,,,1,2.0,False,2024,Monaco,R,78.978,20.604,37.316,21.058
PIA,McLaren,35.0,0 days 00:01:18.605000,0 days 00:00:20.611000,0 days 00:00:36.941000,0 days 00:00:21.053000,HARD,35.0,2.0,,,1,2.0,False,2024,Monaco,R,78.605,20.611,36.941,21.053
PIA,McLaren,36.0,0 days 00:01:18.882000,0 days 00:00:20.535000,0 days 00:00:37.128000,0 days 00:00:21.219000,HARD,36.0,2.0,,,1,2.0,False,2024,Monaco,R,78.882,20.535,37.128,21.219
PIA,McLaren,37.0,0 days 00:01:18.612000,0 days 00:00:20.579000,0 days 00:00:36.889000,0 days 00:00:21.144000,HARD,37.0,2.0,,,1,2.0,False,2024,Monaco,R,78.612,20.579,36.889,21.144
PIA,McLaren,38.0,0 days 00:01:18.731000,0 days 00:00:20.572000,0 days 00:00:37.176000,0 days 00:00:20.983000,HARD,38.0,2.0,,,1,2.0,False,2024,Monaco,R,78.731,20.572,37.176,20.983
PIA,McLaren,39.0,0 days 00:01:18.362000,0 days 00:00:20.400000,0 days 00:00:36.952000,0 days 00:00:21.010000,HARD,39.0,2.0,,,1,2.0,False,2024,Monaco,R,78.362,20.4,36.952,21.01
PIA,McLaren,40.0,0 days 00:01:18.951000,0 days 00:00:20.474000,0 days 00:00:37.163000,0 days 00:00:21.314000,HARD,40.0,2.0,,,1,2.0,False,2024,Monaco,R,78.951,20.474,37.163,21.314
PIA,McLaren,41.0,0 days 00:01:18.846000,0 days 00:00:20.640000,0 days 00:00:36.985000,0 days 00:00:21.221000,HARD,41.0,2.0,,,1,2.0,False,2024,Monaco,R,78.846,20.64,36.985,21.221
PIA,McLaren,42.0,0 days 00:01:19.795000,0 days 00:00:20.515000,0 days 00:00:37.657000,0 days 00:00:21.623000,HARD,42.0,2.0,,,1,2.0,False,2024,Monaco,R,79.795,20.515,37.657,21.623
PIA,McLaren,43.0,0 days 00:01:18.198000,0 days 00:00:20.580000,0 days 00:00:36.779000,0 days 00:00:20.839000,HARD,43.0,2.0,,,1,2.0,False,2024,Monaco,R,78.198,20.58,36.779,20.839
PIA,McLaren,44.0,0 days 00:01:18.277000,0 days 00:00:20.560000,0 days 00:00:36.952000,0 days 00:00:20.765000,HARD,44.0,2.0,,,1,2.0,False,2024,Monaco,R,78.277,20.56,36.952,20.765
PIA,McLaren,45.0,0 days 00:01:18.082000,0 days 00:00:20.433000,0 days 00:00:36.655000,0 days 00:00:20.994000,HARD,45.0,2.0,,,1,2.0,False,2024,Monaco,R,78.082,20.433,36.655,20.994
PIA,McLaren,46.0,0 days 00:01:18.623000,0 days 00:00:20.420000,0 days 00:00:37.147000,0 days 00:00:21.056000,HARD,46.0,2.0,,,1,2.0,False,2024,Monaco,R,78.623,20.42,37.147,21.056
PIA,McLaren,47.0,0 days 00:01:18.399000,0 days 00:00:20.480000,0 days 00:00:36.871000,0 days 00:00:21.048000,HARD,47.0,2.0,,,1,2.0,False,2024,Monaco,R,78.399,20.48,36.871,21.048
PIA,McLaren,48.0,0 days 00:01:18.395000,0 days 00:00:20.406000,0 days 00:00:37.005000,0 days 00:00:20.984000,HARD,48.0,2.0,,,1,2.0,False,2024,Monaco,R,78.395,20.406,37.005,20.984
PIA,McLaren,49.0,0 days 00:01:18.136000,0 days 00:00:20.416000,0 days 00:00:36.774000,0 days 00:00:20.946000,HARD,49.0,2.0,,,1,2.0,False,2024,Monaco,R,78.136,20.416,36.774,20.946
PIA,McLaren,50.0,0 days 00:01:18.350000,0 days 00:00:20.434000,0 days 00:00:36.767000,0 days 00:00:21.149000,HARD,50.0,2.0,,,1,2.0,False,2024,Monaco,R,78.35,20.434,36.767,21.149
PIA,McLaren,51.0,0 days 00:01:17.909000,0 days 00:00:20.289000,0 days 00:00:36.853000,0 days 00:00:20.767000,HARD,51.0,2.0,,,1,2.0,False,2024,Monaco,R,77.909,20.289,36.853,20.767
PIA,McLaren,52.0,0 days 00:01:18.214000,0 days 00:00:20.475000,0 days 00:00:36.918000,0 days 00:00:20.821000,HARD,52.0,2.0,,,1,2.0,False,2024,Monaco,R,78.214,20.475,36.918,20.821
PIA,McLaren,53.0,0 days 00:01:17.609000,0 days 00:00:20.197000,0 days 00:00:36.647000,0 days 00:00:20.765000,HARD,53.0,2.0,,,12,2.0,False,2024,Monaco,R,77.609,20.197,36.647,20.765
PIA,McLaren,54.0,0 days 00:01:17.362000,0 days 00:00:20.138000,0 days 00:00:36.581000,0 days 00:00:20.643000,HARD,54.0,2.0,,,1,2.0,False,2024,Monaco,R,77.362,20.138,36.581,20.643
PIA,McLaren,55.0,0 days 00:01:17.445000,0 days 00:00:20.280000,0 days 00:00:36.420000,0 days 00:00:20.745000,HARD,55.0,2.0,,,1,2.0,False,2024,Monaco,R,77.445,20.28,36.42,20.745
PIA,McLaren,56.0,0 days 00:01:17.456000,0 days 00:00:20.141000,0 days 00:00:36.593000,0 days 00:00:20.722000,HARD,56.0,2.0,,,1,2.0,False,2024,Monaco,R,77.456,20.141,36.593,20.722
PIA,McLaren,57.0,0 days 00:01:17.300000,0 days 00:00:20.171000,0 days 00:00:36.449000,0 days 00:00:20.680000,HARD,57.0,2.0,,,1,2.0,False,2024,Monaco,R,77.3,20.171,36.449,20.68
PIA,McLaren,58.0,0 days 00:01:17.344000,0 days 00:00:20.138000,0 days 00:00:36.580000,0 days 00:00:20.626000,HARD,58.0,2.0,,,1,2.0,False,2024,Monaco,R,77.344,20.138,36.58,20.626
PIA,McLaren,59.0,0 days 00:01:17.042000,0 days 00:00:20.007000,0 days 00:00:36.462000,0 days 00:00:20.573000,HARD,59.0,2.0,,,1,2.0,False,2024,Monaco,R,77.042,20.007,36.462,20.573
PIA,McLaren,60.0,0 days 00:01:16.617000,0 days 00:00:19.928000,0 days 00:00:36.142000,0 days 00:00:20.547000,HARD,60.0,2.0,,,1,2.0,False,2024,Monaco,R,76.617,19.928,36.142,20.547
PIA,McLaren,61.0,0 days 00:01:16.771000,0 days 00:00:19.986000,0 days 00:00:36.265000,0 days 00:00:20.520000,HARD,61.0,2.0,,,1,2.0,False,2024,Monaco,R,76.771,19.986,36.265,20.52
PIA,McLaren,62.0,0 days 00:01:17.095000,0 days 00:00:19.949000,0 days 00:00:36.525000,0 days 00:00:20.621000,HARD,62.0,2.0,,,1,2.0,False,2024,Monaco,R,77.095,19.949,36.525,20.621
PIA,McLaren,63.0,0 days 00:01:16.921000,0 days 00:00:19.929000,0 days 00:00:36.296000,0 days 00:00:20.696000,HARD,63.0,2.0,,,1,2.0,False,2024,Monaco,R,76.921,19.929,36.296,20.696
PIA,McLaren,64.0,0 days 00:01:16.909000,0 days 00:00:19.960000,0 days 00:00:36.311000,0 days 00:00:20.638000,HARD,64.0,2.0,,,1,2.0,False,2024,Monaco,R,76.909,19.96,36.311,20.638
PIA,McLaren,65.0,0 days 00:01:16.391000,0 days 00:00:19.859000,0 days 00:00:36.103000,0 days 00:00:20.429000,HARD,65.0,2.0,,,1,2.0,False,2024,Monaco,R,76.391,19.859,36.103,20.429
PIA,McLaren,66.0,0 days 00:01:16.640000,0 days 00:00:19.873000,0 days 00:00:36.203000,0 days 00:00:20.564000,HARD,66.0,2.0,,,1,2.0,False,2024,Monaco,R,76.64,19.873,36.203,20.564
PIA,McLaren,67.0,0 days 00:01:16.596000,0 days 00:00:19.839000,0 days 00:00:36.084000,0 days 00:00:20.673000,HARD,67.0,2.0,,,1,2.0,False,2024,Monaco,R,76.596,19.839,36.084,20.673
PIA,McLaren,68.0,0 days 00:01:16.601000,0 days 00:00:19.939000,0 days 00:00:36.158000,0 days 00:00:20.504000,HARD,68.0,2.0,,,1,2.0,False,2024,Monaco,R,76.601,19.939,36.158,20.504
PIA,McLaren,69.0,0 days 00:01:17.371000,0 days 00:00:19.897000,0 days 00:00:36.658000,0 days 00:00:20.816000,HARD,69.0,2.0,,,1,2.0,False,2024,Monaco,R,77.371,19.897,36.658,20.816
PIA,McLaren,70.0,0 days 00:01:17.270000,0 days 00:00:20.237000,0 days 00:00:36.385000,0 days 00:00:20.648000,HARD,70.0,2.0,,,1,2.0,False,2024,Monaco,R,77.27,20.237,36.385,20.648
PIA,McLaren,71.0,0 days 00:01:17.184000,0 days 00:00:20.201000,0 days 00:00:36.419000,0 days 00:00:20.564000,HARD,71.0,2.0,,,1,2.0,False,2024,Monaco,R,77.184,20.201,36.419,20.564
PIA,McLaren,72.0,0 days 00:01:16.652000,0 days 00:00:19.997000,0 days 00:00:36.187000,0 days 00:00:20.468000,HARD,72.0,2.0,,,1,2.0,False,2024,Monaco,R,76.652,19.997,36.187,20.468
PIA,McLaren,73.0,0 days 00:01:16.281000,0 days 00:00:19.884000,0 days 00:00:36.018000,0 days 00:00:20.379000,HARD,73.0,2.0,,,1,2.0,False,2024,Monaco,R,76.281,19.884,36.018,20.379
PIA,McLaren,74.0,0 days 00:01:16.356000,0 days 00:00:19.798000,0 days 00:00:36.132000,0 days 00:00:20.426000,HARD,74.0,2.0,,,1,2.0,False,2024,Monaco,R,76.356,19.798,36.132,20.426
PIA,McLaren,75.0,0 days 00:01:16.644000,0 days 00:00:19.912000,0 days 00:00:36.316000,0 days 00:00:20.416000,HARD,75.0,2.0,,,1,2.0,False,2024,Monaco,R,76.644,19.912,36.316,20.416
PIA,McLaren,76.0,0 days 00:01:16.590000,0 days 00:00:19.798000,0 days 00:00:36.224000,0 days 00:00:20.568000,HARD,76.0,2.0,,,1,2.0,False,2024,Monaco,R,76.59,19.798,36.224,20.568
PIA,McLaren,77.0,0 days 00:01:16.734000,0 days 00:00:19.982000,0 days 00:00:36.267000,0 days 00:00:20.485000,HARD,77.0,2.0,,,1,2.0,False,2024,Monaco,R,76.734,19.982,36.267,20.485
PIA,McLaren,78.0,0 days 00:01:17.126000,0 days 00:00:19.954000,0 days 00:00:36.457000,0 days 00:00:20.715000,HARD,78.0,2.0,,,1,2.0,False,2024,Monaco,R,77.126,19.954,36.457,20.715
SAI,Ferrari,1.0,0 days 00:41:02.721000,,0 days 00:00:58.173000,,MEDIUM,1.0,1.0,0 days 00:57:22.741000,,1254,3.0,False,2024,Monaco,R,2462.721,,58.173,
SAI,Ferrari,2.0,,0 days 00:00:26.909000,0 days 00:00:39.245000,,HARD,1.0,2.0,,0 days 01:36:09.554000,14,3.0,False,2024,Monaco,R,,26.909,39.245,
SAI,Ferrari,3.0,0 days 00:01:25.012000,0 days 00:00:24.363000,0 days 00:00:38.522000,0 days 00:00:22.127000,HARD,2.0,2.0,,,1,3.0,False,2024,Monaco,R,85.012,24.363,38.522,22.127
SAI,Ferrari,4.0,0 days 00:01:22.358000,0 days 00:00:21.840000,0 days 00:00:38.618000,0 days 00:00:21.900000,HARD,3.0,2.0,,,1,3.0,False,2024,Monaco,R,82.358,21.84,38.618,21.9
SAI,Ferrari,5.0,0 days 00:01:21.978000,0 days 00:00:21.567000,0 days 00:00:38.328000,0 days 00:00:22.083000,HARD,4.0,2.0,,,1,3.0,False,2024,Monaco,R,81.978,21.567,38.328,22.083
SAI,Ferrari,6.0,0 days 00:01:21.163000,0 days 00:00:21.397000,0 days 00:00:38.217000,0 days 00:00:21.549000,HARD,5.0,2.0,,,1,3.0,False,2024,Monaco,R,81.163,21.397,38.217,21.549
SAI,Ferrari,7.0,0 days 00:01:21.466000,0 days 00:00:21.283000,0 days 00:00:38.239000,0 days 00:00:21.944000,HARD,6.0,2.0,,,1,3.0,False,2024,Monaco,R,81.466,21.283,38.239,21.944
SAI,Ferrari,8.0,0 days 00:01:20.272000,0 days 00:00:21.208000,0 days 00:00:37.732000,0 days 00:00:21.332000,HARD,7.0,2.0,,,1,3.0,False,2024,Monaco,R,80.272,21.208,37.732,21.332
SAI,Ferrari,9.0,0 days 00:01:20.525000,0 days 00:00:21.329000,0 days 00:00:37.640000,0 days 00:00:21.556000,HARD,8.0,2.0,,,1,3.0,False,2024,Monaco,R,80.525,21.329,37.64,21.556
SAI,Ferrari,10.0,0 days 00:01:21.259000,0 days 00:00:21.237000,0 days 00:00:38.068000,0 days 00:00:21.954000,HARD,9.0,2.0,,,1,3.0,False,2024,Monaco,R,81.259,21.237,38.068,21.954
SAI,Ferrari,11.0,0 days 00:01:20.246000,0 days 00:00:21.233000,0 days 00:00:37.563000,0 days 00:00:21.450000,HARD,10.0,2.0,,,1,3.0,False,2024,Monaco,R,80.246,21.233,37.563,21.45
SAI,Ferrari,12.0,0 days 00:01:19.974000,0 days 00:00:20.951000,0 days 00:00:37.651000,0 days 00:00:21.372000,HARD,11.0,2.0,,,1,3.0,False,2024,Monaco,R,79.974,20.951,37.651,21.372
SAI,Ferrari,13.0,0 days 00:01:20.017000,0 days 00:00:21.101000,0 days 00:00:37.648000,0 days 00:00:21.268000,HARD,12.0,2.0,,,1,3.0,False,2024,Monaco,R,80.017,21.101,37.648,21.268
SAI,Ferrari,14.0,0 days 00:01:19.480000,0 days 00:00:20.800000,0 days 00:00:36.990000,0 days 00:00:21.690000,HARD,13.0,2.0,,,1,3.0,False,2024,Monaco,R,79.48,20.8,36.99,21.69
SAI,Ferrari,15.0,0 days 00:01:19.543000,0 days 00:00:21.023000,0 days 00:00:37.364000,0 days 00:00:21.156000,HARD,14.0,2.0,,,1,3.0,False,2024,Monaco,R,79.543,21.023,37.364,21.156
SAI,Ferrari,16.0,0 days 00:01:20.579000,0 days 00:00:20.922000,0 days 00:00:37.676000,0 days 00:00:21.981000,HARD,15.0,2.0,,,1,3.0,False,2024,Monaco,R,80.579,20.922,37.676,21.981
SAI,Ferrari,17.0,0 days 00:01:20.076000,0 days 00:00:21.006000,0 days 00:00:37.770000,0 days 00:00:21.300000,HARD,16.0,2.0,,,1,3.0,False,2024,Monaco,R,80.076,21.006,37.77,21.3
SAI,Ferrari,18.0,0 days 00:01:19.177000,0 days 00:00:20.684000,0 days 00:00:37.263000,0 days 00:00:21.230000,HARD,17.0,2.0,,,1,3.0,False,2024,Monaco,R,79.177,20.684,37.263,21.23
SAI,Ferrari,19.0,0 days 00:01:19.445000,0 days 00:00:20.957000,0 days 00:00:37.056000,0 days 00:00:21.432000,HARD,18.0,2.0,,,1,3.0,False,2024,Monaco,R,79.445,20.957,37.056,21.432
SAI,Ferrari,20.0,0 days 00:01:19.403000,0 days 00:00:20.741000,0 days 00:00:37.525000,0 days 00:00:21.137000,HARD,19.0,2.0,,,1,3.0,False,2024,Monaco,R,79.403,20.741,37.525,21.137
SAI,Ferrari,21.0,0 days 00:01:18.917000,0 days 00:00:20.528000,0 days 00:00:36.940000,0 days 00:00:21.449000,HARD,20.0,2.0,,,1,3.0,False,2024,Monaco,R,78.917,20.528,36.94,21.449
SAI,Ferrari,22.0,0 days 00:01:18.889000,0 days 00:00:20.713000,0 days 00:00:37.007000,0 days 00:00:21.169000,HARD,21.0,2.0,,,1,3.0,False,2024,Monaco,R,78.889,20.713,37.007,21.169
SAI,Ferrari,23.0,0 days 00:01:18.993000,0 days 00:00:20.638000,0 days 00:00:37.196000,0 days 00:00:21.159000,HARD,22.0,2.0,,,1,3.0,False,2024,Monaco,R,78.993,20.638,37.196,21.159
SAI,Ferrari,24.0,0 days 00:01:18.568000,0 days 00:00:20.629000,0 days 00:00:36.995000,0 days 00:00:20.944000,HARD,23.0,2.0,,,1,3.0,False,2024,Monaco,R,78.568,20.629,36.995,20.944
SAI,Ferrari,25.0,0 days 00:01:18.537000,0 days 00:00:20.608000,0 days 00:00:37.018000,0 days 00:00:20.911000,HARD,24.0,2.0,,,1,3.0,False,2024,Monaco,R,78.537,20.608,37.018,20.911
SAI,Ferrari,26.0,0 days 00:01:18.088000,0 days 00:00:20.525000,0 days 00:00:36.807000,0 days 00:00:20.756000,HARD,25.0,2.0,,,1,3.0,False,2024,Monaco,R,78.088,20.525,36.807,20.756
SAI,Ferrari,27.0,0 days 00:01:19.490000,0 days 00:00:20.585000,0 days 00:00:37.474000,0 days 00:00:21.431000,HARD,26.0,2.0,,,1,3.0,False,2024,Monaco,R,79.49,20.585,37.474,21.431
SAI,Ferrari,28.0,0 days 00:01:19.281000,0 days 00:00:20.863000,0 days 00:00:37.361000,0 days 00:00:21.057000,HARD,27.0,2.0,,,1,3.0,False,2024,Monaco,R,79.281,20.863,37.361,21.057
SAI,Ferrari,29.0,0 days 00:01:18.697000,0 days 00:00:20.751000,0 days 00:00:37.079000,0 days 00:00:20.867000,HARD,28.0,2.0,,,1,3.0,False,2024,Monaco,R,78.697,20.751,37.079,20.867
SAI,Ferrari,30.0,0 days 00:01:17.326000,0 days 00:00:20.109000,0 days 00:00:36.543000,0 days 00:00:20.674000,HARD,29.0,2.0,,,1,3.0,False,2024,Monaco,R,77.326,20.109,36.543,20.674
SAI,Ferrari,31.0,0 days 00:01:19.784000,0 days 00:00:20.766000,0 days 00:00:37.403000,0 days 00:00:21.615000,HARD,30.0,2.0,,,1,3.0,False,2024,Monaco,R,79.784,20.766,37.403,21.615
SAI,Ferrari,32.0,0 days 00:01:20.136000,0 days 00:00:20.736000,0 days 00:00:37.729000,0 days 00:00:21.671000,HARD,31.0,2.0,,,1,3.0,False,2024,Monaco,R,80.136,20.736,37.729,21.671
SAI,Ferrari,33.0,0 days 00:01:18.778000,0 days 00:00:20.462000,0 days 00:00:37.043000,0 days 00:00:21.273000,HARD,32.0,2.0,,,1,3.0,False,2024,Monaco,R,78.778,20.462,37.043,21.273
SAI,Ferrari,34.0,0 days 00:01:19.013000,0 days 00:00:20.661000,0 days 00:00:37.348000,0 days 00:00:21.004000,HARD,33.0,2.0,,,1,3.0,False,2024,Monaco,R,79.013,20.661,37.348,21.004
SAI,Ferrari,35.0,0 days 00:01:18.465000,0 days 00:00:20.407000,0 days 00:00:36.937000,0 days 00:00:21.121000,HARD,34.0,2.0,,,1,3.0,False,2024,Monaco,R,78.465,20.407,36.937,21.121
SAI,Ferrari,36.0,0 days 00:01:19.275000,0 days 00:00:20.650000,0 days 00:00:37.435000,0 days 00:00:21.190000,HARD,35.0,2.0,,,1,3.0,False,2024,Monaco,R,79.275,20.65,37.435,21.19
SAI,Ferrari,37.0,0 days 00:01:17.577000,0 days 00:00:20.308000,0 days 00:00:36.536000,0 days 00:00:20.733000,HARD,36.0,2.0,,,1,3.0,False,2024,Monaco,R,77.577,20.308,36.536,20.733
SAI,Ferrari,38.0,0 days 00:01:18.412000,0 days 00:00:20.426000,0 days 00:00:36.946000,0 days 00:00:21.040000,HARD,37.0,2.0,,,1,3.0,False,2024,Monaco,R,78.412,20.426,36.946,21.04
SAI,Ferrari,39.0,0 days 00:01:18.310000,0 days 00:00:20.442000,0 days 00:00:36.841000,0 days 00:00:21.027000,HARD,38.0,2.0,,,1,3.0,False,2024,Monaco,R,78.31,20.442,36.841,21.027
SAI,Ferrari,40.0,0 days 00:01:18.653000,0 days 00:00:20.481000,0 days 00:00:37.154000,0 days 00:00:21.018000,HARD,39.0,2.0,,,1,3.0,False,2024,Monaco,R,78.653,20.481,37.154,21.018
SAI,Ferrari,41.0,0 days 00:01:18.714000,0 days 00:00:20.530000,0 days 00:00:36.995000,0 days 00:00:21.189000,HARD,40.0,2.0,,,1,3.0,False,2024,Monaco,R,78.714,20.53,36.995,21.189
SAI,Ferrari,42.0,0 days 00:01:19.171000,0 days 00:00:20.582000,0 days 00:00:37.260000,0 days 00:00:21.329000,HARD,41.0,2.0,,,1,3.0,False,2024,Monaco,R,79.171,20.582,37.26,21.329
SAI,Ferrari,43.0,0 days 00:01:19.594000,0 days 00:00:21.039000,0 days 00:00:37.633000,0 days 00:00:20.922000,HARD,42.0,2.0,,,1,3.0,False,2024,Monaco,R,79.594,21.039,37.633,20.922
SAI,Ferrari,44.0,0 days 00:01:18.762000,0 days 00:00:20.543000,0 days 00:00:37.239000,0 days 00:00:20.980000,HARD,43.0,2.0,,,1,3.0,False,2024,Monaco,R,78.762,20.543,37.239,20.98
SAI,Ferrari,45.0,0 days 00:01:17.885000,0 days 00:00:20.411000,0 days 00:00:36.622000,0 days 00:00:20.852000,HARD,44.0,2.0,,,1,3.0,False,2024,Monaco,R,77.885,20.411,36.622,20.852
SAI,Ferrari,46.0,0 days 00:01:18.731000,0 days 00:00:20.497000,0 days 00:00:37.133000,0 days 00:00:21.101000,HARD,45.0,2.0,,,1,3.0,False,2024,Monaco,R,78.731,20.497,37.133,21.101
SAI,Ferrari,47.0,0 days 00:01:18.141000,0 days 00:00:20.298000,0 days 00:00:36.975000,0 days 00:00:20.868000,HARD,46.0,2.0,,,1,3.0,False,2024,Monaco,R,78.141,20.298,36.975,20.868
SAI,Ferrari,48.0,0 days 00:01:17.894000,0 days 00:00:20.338000,0 days 00:00:36.722000,0 days 00:00:20.834000,HARD,47.0,2.0,,,1,3.0,False,2024,Monaco,R,77.894,20.338,36.722,20.834
SAI,Ferrari,49.0,0 days 00:01:18.259000,0 days 00:00:20.341000,0 days 00:00:36.857000,0 days 00:00:21.061000,HARD,48.0,2.0,,,1,3.0,False,2024,Monaco,R,78.259,20.341,36.857,21.061
SAI,Ferrari,50.0,0 days 00:01:18.545000,0 days 00:00:20.355000,0 days 00:00:37.013000,0 days 00:00:21.177000,HARD,49.0,2.0,,,1,3.0,False,2024,Monaco,R,78.545,20.355,37.013,21.177
SAI,Ferrari,51.0,0 days 00:01:17.528000,0 days 00:00:20.188000,0 days 00:00:36.291000,0 days 00:00:21.049000,HARD,50.0,2.0,,,1,3.0,False,2024,Monaco,R,77.528,20.188,36.291,21.049
SAI,Ferrari,52.0,0 days 00:01:18.094000,0 days 00:00:20.201000,0 days 00:00:37.137000,0 days 00:00:20.756000,HARD,51.0,2.0,,,1,3.0,False,2024,Monaco,R,78.094,20.201,37.137,20.756
SAI,Ferrari,53.0,0 days 00:01:17.759000,0 days 00:00:20.157000,0 days 00:00:36.691000,0 days 00:00:20.911000,HARD,52.0,2.0,,,12,3.0,False,2024,Monaco,R,77.759,20.157,36.691,20.911
SAI,Ferrari,54.0,0 days 00:01:17.742000,0 days 00:00:20.413000,0 days 00:00:36.564000,0 days 00:00:20.765000,HARD,53.0,2.0,,,1,3.0,False,2024,Monaco,R,77.742,20.413,36.564,20.765
SAI,Ferrari,55.0,0 days 00:01:18.661000,0 days 00:00:20.576000,0 days 00:00:36.805000,0 days 00:00:21.280000,HARD,54.0,2.0,,,1,3.0,False,2024,Monaco,R,78.661,20.576,36.805,21.28
SAI,Ferrari,56.0,0 days 00:01:18.119000,0 days 00:00:20.216000,0 days 00:00:36.735000,0 days 00:00:21.168000,HARD,55.0,2.0,,,1,3.0,False,2024,Monaco,R,78.119,20.216,36.735,21.168
SAI,Ferrari,57.0,0 days 00:01:17.599000,0 days 00:00:20.374000,0 days 00:00:36.747000,0 days 00:00:20.478000,HARD,56.0,2.0,,,1,3.0,False,2024,Monaco,R,77.599,20.374,36.747,20.478
SAI,Ferrari,58.0,0 days 00:01:17.501000,0 days 00:00:20.149000,0 days 00:00:36.716000,0 days 00:00:20.636000,HARD,57.0,2.0,,,1,3.0,False,2024,Monaco,R,77.501,20.149,36.716,20.636
SAI,Ferrari,59.0,0 days 00:01:17.134000,0 days 00:00:19.939000,0 days 00:00:36.533000,0 days 00:00:20.662000,HARD,58.0,2.0,,,1,3.0,False,2024,Monaco,R,77.134,19.939,36.533,20.662
SAI,Ferrari,60.0,0 days 00:01:15.159000,0 days 00:00:19.647000,0 days 00:00:35.514000,0 days 00:00:19.998000,HARD,59.0,2.0,,,1,3.0,False,2024,Monaco,R,75.159,19.647,35.514,19.998
SAI,Ferrari,61.0,0 days 00:01:19.046000,0 days 00:00:21.310000,0 days 00:00:37.090000,0 days 00:00:20.646000,HARD,60.0,2.0,,,1,3.0,False,2024,Monaco,R,79.046,21.31,37.09,20.646
SAI,Ferrari,62.0,0 days 00:01:14.726000,0 days 00:00:19.553000,0 days 00:00:35.324000,0 days 00:00:19.849000,HARD,61.0,2.0,,,1,3.0,False,2024,Monaco,R,74.726,19.553,35.324,19.849
SAI,Ferrari,63.0,0 days 00:01:18.207000,0 days 00:00:21.060000,0 days 00:00:36.742000,0 days 00:00:20.405000,HARD,62.0,2.0,,,1,3.0,False,2024,Monaco,R,78.207,21.06,36.742,20.405
SAI,Ferrari,64.0,0 days 00:01:14.813000,0 days 00:00:19.530000,0 days 00:00:35.266000,0 days 00:00:20.017000,HARD,63.0,2.0,,,1,3.0,False,2024,Monaco,R,74.813,19.53,35.266,20.017
SAI,Ferrari,65.0,0 days 00:01:18.137000,0 days 00:00:21.154000,0 days 00:00:36.474000,0 days 00:00:20.509000,HARD,64.0,2.0,,,1,3.0,False,2024,Monaco,R,78.137,21.154,36.474,20.509
SAI,Ferrari,66.0,0 days 00:01:15.409000,0 days 00:00:19.569000,0 days 00:00:35.402000,0 days 00:00:20.438000,HARD,65.0,2.0,,,1,3.0,False,2024,Monaco,R,75.409,19.569,35.402,20.438
SAI,Ferrari,67.0,0 days 00:01:16.847000,0 days 00:00:20.114000,0 days 00:00:36.085000,0 days 00:00:20.648000,HARD,66.0,2.0,,,1,3.0,False,2024,Monaco,R,76.847,20.114,36.085,20.648
SAI,Ferrari,68.0,0 days 00:01:15.595000,0 days 00:00:19.608000,0 days 00:00:35.735000,0 days 00:00:20.252000,HARD,67.0,2.0,,,1,3.0,False,2024,Monaco,R,75.595,19.608,35.735,20.252
SAI,Ferrari,69.0,0 days 00:01:16.218000,0 days 00:00:19.774000,0 days 00:00:35.973000,0 days 00:00:20.471000,HARD,68.0,2.0,,,1,3.0,False,2024,Monaco,R,76.218,19.774,35.973,20.471
SAI,Ferrari,70.0,0 days 00:01:17.117000,0 days 00:00:20.617000,0 days 00:00:36.116000,0 days 00:00:20.384000,HARD,69.0,2.0,,,1,3.0,False,2024,Monaco,R,77.117,20.617,36.116,20.384
SAI,Ferrari,71.0,0 days 00:01:17.214000,0 days 00:00:20.273000,0 days 00:00:36.514000,0 days 00:00:20.427000,HARD,70.0,2.0,,,1,3.0,False,2024,Monaco,R,77.214,20.273,36.514,20.427
SAI,Ferrari,72.0,0 days 00:01:16.785000,0 days 00:00:20.165000,0 days 00:00:36.227000,0 days 00:00:20.393000,HARD,71.0,2.0,,,1,3.0,False,2024,Monaco,R,76.785,20.165,36.227,20.393
SAI,Ferrari,73.0,0 days 00:01:16.417000,0 days 00:00:19.958000,0 days 00:00:36.034000,0 days 00:00:20.425000,HARD,72.0,2.0,,,1,3.0,False,2024,Monaco,R,76.417,19.958,36.034,20.425
SAI,Ferrari,74.0,0 days 00:01:16.063000,0 days 00:00:19.809000,0 days 00:00:35.971000,0 days 00:00:20.283000,HARD,73.0,2.0,,,1,3.0,False,2024,Monaco,R,76.063,19.809,35.971,20.283
SAI,Ferrari,75.0,0 days 00:01:16.905000,0 days 00:00:20.098000,0 days 00:00:36.302000,0 days 00:00:20.505000,HARD,74.0,2.0,,,1,3.0,False,2024,Monaco,R,76.905,20.098,36.302,20.505
SAI,Ferrari,76.0,0 days 00:01:16.328000,0 days 00:00:19.844000,0 days 00:00:36.063000,0 days 00:00:20.421000,HARD,75.0,2.0,,,1,3.0,False,2024,Monaco,R,76.328,19.844,36.063,20.421
SAI,Ferrari,77.0,0 days 00:01:16.701000,0 days 00:00:20.059000,0 days 00:00:36.361000,0 days 00:00:20.281000,HARD,76.0,2.0,,,1,3.0,False,2024,Monaco,R,76.701,20.059,36.361,20.281
SAI,Ferrari,78.0,0 days 00:01:17.072000,0 days 00:00:20.086000,0 days 00:00:36.430000,0 days 00:00:20.556000,HARD,77.0,2.0,,,1,3.0,False,2024,Monaco,R,77.072,20.086,36.43,20.556
NOR,McLaren,1.0,0 days 00:41:08.042000,,0 days 00:00:47.606000,,MEDIUM,2.0,1.0,0 days 00:56:49.559000,,1254,4.0,False,2024,Monaco,R,2468.042,,47.606,
NOR,McLaren,2.0,,0 days 00:00:26.504000,0 days 00:00:38.810000,,HARD,2.0,2.0,,0 days 01:36:14.893000,14,4.0,False,2024,Monaco,R,,26.504,38.81,
NOR,McLaren,3.0,0 days 00:01:25.283000,0 days 00:00:24.612000,0 days 00:00:38.686000,0 days 00:00:21.985000,HARD,3.0,2.0,,,1,4.0,False,2024,Monaco,R,85.283,24.612,38.686,21.985
NOR,McLaren,4.0,0 days 00:01:22.782000,0 days 00:00:21.812000,0 days 00:00:38.792000,0 days 00:00:22.178000,HARD,4.0,2.0,,,1,4.0,False,2024,Monaco,R,82.782,21.812,38.792,22.178
NOR,McLaren,5.0,0 days 00:01:22.147000,0 days 00:00:21.499000,0 days 00:00:38.347000,0 days 00:00:22.301000,HARD,5.0,2.0,,,1,4.0,False,2024,Monaco,R,82.147,21.499,38.347,22.301
NOR,McLaren,6.0,0 days 00:01:21.804000,0 days 00:00:21.361000,0 days 00:00:38.233000,0 days 00:00:22.210000,HARD,6.0,2.0,,,1,4.0,False,2024,Monaco,R,81.804,21.361,38.233,22.21
NOR,McLaren,7.0,0 days 00:01:20.828000,0 days 00:00:21.045000,0 days 00:00:37.917000,0 days 00:00:21.866000,HARD,7.0,2.0,,,1,4.0,False,2024,Monaco,R,80.828,21.045,37.917,21.866
NOR,McLaren,8.0,0 days 00:01:20.820000,0 days 00:00:21.342000,0 days 00:00:37.851000,0 days 00:00:21.627000,HARD,8.0,2.0,,,1,4.0,False,2024,Monaco,R,80.82,21.342,37.851,21.627
NOR,McLaren,9.0,0 days 00:01:20.397000,0 days 00:00:20.935000,0 days 00:00:37.902000,0 days 00:00:21.560000,HARD,9.0,2.0,,,1,4.0,False,2024,Monaco,R,80.397,20.935,37.902,21.56
NOR,McLaren,10.0,0 days 00:01:20.972000,0 days 00:00:21.081000,0 days 00:00:37.960000,0 days 00:00:21.931000,HARD,10.0,2.0,,,1,4.0,False,2024,Monaco,R,80.972,21.081,37.96,21.931
NOR,McLaren,11.0,0 days 00:01:20.870000,0 days 00:00:21.308000,0 days 00:00:37.856000,0 days 00:00:21.706000,HARD,11.0,2.0,,,1,4.0,False,2024,Monaco,R,80.87,21.308,37.856,21.706
NOR,McLaren,12.0,0 days 00:01:19.933000,0 days 00:00:20.747000,0 days 00:00:37.678000,0 days 00:00:21.508000,HARD,12.0,2.0,,,1,4.0,False,2024,Monaco,R,79.933,20.747,37.678,21.508
NOR,McLaren,13.0,0 days 00:01:19.820000,0 days 00:00:20.879000,0 days 00:00:37.484000,0 days 00:00:21.457000,HARD,13.0,2.0,,,1,4.0,False,2024,Monaco,R,79.82,20.879,37.484,21.457
NOR,McLaren,14.0,0 days 00:01:19.385000,0 days 00:00:20.774000,0 days 00:00:37.244000,0 days 00:00:21.367000,HARD,14.0,2.0,,,1,4.0,False,2024,Monaco,R,79.385,20.774,37.244,21.367
NOR,McLaren,15.0,0 days 00:01:19.775000,0 days 00:00:20.813000,0 days 00:00:37.537000,0 days 00:00:21.425000,HARD,15.0,2.0,,,1,4.0,False,2024,Monaco,R,79.775,20.813,37.537,21.425
NOR,McLaren,16.0,0 days 00:01:19.637000,0 days 00:00:20.805000,0 days 00:00:37.435000,0 days 00:00:21.397000,HARD,16.0,2.0,,,1,4.0,False,2024,Monaco,R,79.637,20.805,37.435,21.397
NOR,McLaren,17.0,0 days 00:01:20.337000,0 days 00:00:20.956000,0 days 00:00:37.623000,0 days 00:00:21.758000,HARD,17.0,2.0,,,1,4.0,False,2024,Monaco,R,80.337,20.956,37.623,21.758
NOR,McLaren,18.0,0 days 00:01:19.398000,0 days 00:00:20.673000,0 days 00:00:37.371000,0 days 00:00:21.354000,HARD,18.0,2.0,,,1,4.0,False,2024,Monaco,R,79.398,20.673,37.371,21.354
NOR,McLaren,19.0,0 days 00:01:19.280000,0 days 00:00:21.015000,0 days 00:00:37.162000,0 days 00:00:21.103000,HARD,19.0,2.0,,,1,4.0,False,2024,Monaco,R,79.28,21.015,37.162,21.103
NOR,McLaren,20.0,0 days 00:01:19.043000,0 days 00:00:20.623000,0 days 00:00:37.094000,0 days 00:00:21.326000,HARD,20.0,2.0,,,1,4.0,False,2024,Monaco,R,79.043,20.623,37.094,21.326
NOR,McLaren,21.0,0 days 00:01:18.983000,0 days 00:00:20.637000,0 days 00:00:37.096000,0 days 00:00:21.250000,HARD,21.0,2.0,,,1,4.0,False,2024,Monaco,R,78.983,20.637,37.096,21.25
NOR,McLaren,22.0,0 days 00:01:18.981000,0 days 00:00:20.655000,0 days 00:00:37.155000,0 days 00:00:21.171000,HARD,22.0,2.0,,,1,4.0,False,2024,Monaco,R,78.981,20.655,37.155,21.171
NOR,McLaren,23.0,0 days 00:01:19.194000,0 days 00:00:20.562000,0 days 00:00:37.375000,0 days 00:00:21.257000,HARD,23.0,2.0,,,1,4.0,False,2024,Monaco,R,79.194,20.562,37.375,21.257
NOR,McLaren,24.0,0 days 00:01:18.699000,0 days 00:00:20.670000,0 days 00:00:37.148000,0 days 00:00:20.881000,HARD,24.0,2.0,,,1,4.0,False,2024,Monaco,R,78.699,20.67,37.148,20.881
NOR,McLaren,25.0,0 days 00:01:18.640000,0 days 00:00:20.520000,0 days 00:00:37.044000,0 days 00:00:21.076000,HARD,25.0,2.0,,,1,4.0,False,2024,Monaco,R,78.64,20.52,37.044,21.076
NOR,McLaren,26.0,0 days 00:01:18.396000,0 days 00:00:20.574000,0 days 00:00:36.881000,0 days 00:00:20.941000,HARD,26.0,2.0,,,1,4.0,False,2024,Monaco,R,78.396,20.574,36.881,20.941
NOR,McLaren,27.0,0 days 00:01:18.720000,0 days 00:00:20.559000,0 days 00:00:37.023000,0 days 00:00:21.138000,HARD,27.0,2.0,,,1,4.0,False,2024,Monaco,R,78.72,20.559,37.023,21.138
NOR,McLaren,28.0,0 days 00:01:19.238000,0 days 00:00:20.840000,0 days 00:00:37.076000,0 days 00:00:21.322000,HARD,28.0,2.0,,,1,4.0,False,2024,Monaco,R,79.238,20.84,37.076,21.322
NOR,McLaren,29.0,0 days 00:01:18.766000,0 days 00:00:20.681000,0 days 00:00:37.135000,0 days 00:00:20.950000,HARD,29.0,2.0,,,1,4.0,False,2024,Monaco,R,78.766,20.681,37.135,20.95
NOR,McLaren,30.0,0 days 00:01:18.403000,0 days 00:00:20.443000,0 days 00:00:36.930000,0 days 00:00:21.030000,HARD,30.0,2.0,,,1,4.0,False,2024,Monaco,R,78.403,20.443,36.93,21.03
NOR,McLaren,31.0,0 days 00:01:18.780000,0 days 00:00:20.564000,0 days 00:00:36.989000,0 days 00:00:21.227000,HARD,31.0,2.0,,,1,4.0,False,2024,Monaco,R,78.78,20.564,36.989,21.227
NOR,McLaren,32.0,0 days 00:01:19.538000,0 days 00:00:20.794000,0 days 00:00:37.452000,0 days 00:00:21.292000,HARD,32.0,2.0,,,1,4.0,False,2024,Monaco,R,79.538,20.794,37.452,21.292
NOR,McLaren,33.0,0 days 00:01:19.233000,0 days 00:00:20.787000,0 days 00:00:37.216000,0 days 00:00:21.230000,HARD,33.0,2.0,,,1,4.0,False,2024,Monaco,R,79.233,20.787,37.216,21.23
NOR,McLaren,34.0,0 days 00:01:19.243000,0 days 00:00:20.654000,0 days 00:00:37.460000,0 days 00:00:21.129000,HARD,34.0,2.0,,,1,4.0,False,2024,Monaco,R,79.243,20.654,37.46,21.129
NOR,McLaren,35.0,0 days 00:01:18.714000,0 days 00:00:20.645000,0 days 00:00:37.042000,0 days 00:00:21.027000,HARD,35.0,2.0,,,1,4.0,False,2024,Monaco,R,78.714,20.645,37.042,21.027
NOR,McLaren,36.0,0 days 00:01:18.582000,0 days 00:00:20.515000,0 days 00:00:36.884000,0 days 00:00:21.183000,HARD,36.0,2.0,,,1,4.0,False,2024,Monaco,R,78.582,20.515,36.884,21.183
NOR,McLaren,37.0,0 days 00:01:17.958000,0 days 00:00:20.529000,0 days 00:00:36.582000,0 days 00:00:20.847000,HARD,37.0,2.0,,,1,4.0,False,2024,Monaco,R,77.958,20.529,36.582,20.847
NOR,McLaren,38.0,0 days 00:01:17.994000,0 days 00:00:20.448000,0 days 00:00:36.698000,0 days 00:00:20.848000,HARD,38.0,2.0,,,1,4.0,False,2024,Monaco,R,77.994,20.448,36.698,20.848
NOR,McLaren,39.0,0 days 00:01:18.303000,0 days 00:00:20.503000,0 days 00:00:36.943000,0 days 00:00:20.857000,HARD,39.0,2.0,,,1,4.0,False,2024,Monaco,R,78.303,20.503,36.943,20.857
NOR,McLaren,40.0,0 days 00:01:18.824000,0 days 00:00:20.624000,0 days 00:00:37.212000,0 days 00:00:20.988000,HARD,40.0,2.0,,,1,4.0,False,2024,Monaco,R,78.824,20.624,37.212,20.988
NOR,McLaren,41.0,0 days 00:01:18.519000,0 days 00:00:20.620000,0 days 00:00:36.852000,0 days 00:00:21.047000,HARD,41.0,2.0,,,1,4.0,False,2024,Monaco,R,78.519,20.62,36.852,21.047
NOR,McLaren,42.0,0 days 00:01:19.436000,0 days 00:00:20.641000,0 days 00:00:37.424000,0 days 00:00:21.371000,HARD,42.0,2.0,,,1,4.0,False,2024,Monaco,R,79.436,20.641,37.424,21.371
NOR,McLaren,43.0,0 days 00:01:19.796000,0 days 00:00:21.634000,0 days 00:00:37.118000,0 days 00:00:21.044000,HARD,43.0,2.0,,,1,4.0,False,2024,Monaco,R,79.796,21.634,37.118,21.044
NOR,McLaren,44.0,0 days 00:01:18.906000,0 days 00:00:20.681000,0 days 00:00:37.207000,0 days 00:00:21.018000,HARD,44.0,2.0,,,1,4.0,False,2024,Monaco,R,78.906,20.681,37.207,21.018
NOR,McLaren,45.0,0 days 00:01:17.897000,0 days 00:00:20.452000,0 days 00:00:36.759000,0 days 00:00:20.686000,HARD,45.0,2.0,,,1,4.0,False,2024,Monaco,R,77.897,20.452,36.759,20.686
NOR,McLaren,46.0,0 days 00:01:18.215000,0 days 00:00:20.386000,0 days 00:00:36.887000,0 days 00:00:20.942000,HARD,46.0,2.0,,,1,4.0,False,2024,Monaco,R,78.215,20.386,36.887,20.942
NOR,McLaren,47.0,0 days 00:01:18.141000,0 days 00:00:20.326000,0 days 00:00:36.968000,0 days 00:00:20.847000,HARD,47.0,2.0,,,1,4.0,False,2024,Monaco,R,78.141,20.326,36.968,20.847
NOR,McLaren,48.0,0 days 00:01:17.975000,0 days 00:00:20.359000,0 days 00:00:36.876000,0 days 00:00:20.740000,HARD,48.0,2.0,,,1,4.0,False,2024,Monaco,R,77.975,20.359,36.876,20.74
NOR,McLaren,49.0,0 days 00:01:18.177000,0 days 00:00:20.308000,0 days 00:00:36.873000,0 days 00:00:20.996000,HARD,49.0,2.0,,,1,4.0,False,2024,Monaco,R,78.177,20.308,36.873,20.996
NOR,McLaren,50.0,0 days 00:01:18.218000,0 days 00:00:20.358000,0 days 00:00:36.795000,0 days 00:00:21.065000,HARD,50.0,2.0,,,1,4.0,False,2024,Monaco,R,78.218,20.358,36.795,21.065
NOR,McLaren,51.0,0 days 00:01:17.772000,0 days 00:00:20.602000,0 days 00:00:36.511000,0 days 00:00:20.659000,HARD,51.0,2.0,,,1,4.0,False,2024,Monaco,R,77.772,20.602,36.511,20.659
NOR,McLaren,52.0,0 days 00:01:18.223000,0 days 00:00:20.309000,0 days 00:00:36.901000,0 days 00:00:21.013000,HARD,52.0,2.0,,,1,4.0,False,2024,Monaco,R,78.223,20.309,36.901,21.013
NOR,McLaren,53.0,0 days 00:01:17.570000,0 days 00:00:20.228000,0 days 00:00:36.625000,0 days 00:00:20.717000,HARD,53.0,2.0,,,12,4.0,False,2024,Monaco,R,77.57,20.228,36.625,20.717
NOR,McLaren,54.0,0 days 00:01:17.838000,0 days 00:00:20.436000,0 days 00:00:36.848000,0 days 00:00:20.554000,HARD,54.0,2.0,,,1,4.0,False,2024,Monaco,R,77.838,20.436,36.848,20.554
NOR,McLaren,55.0,0 days 00:01:18.382000,0 days 00:00:20.468000,0 days 00:00:36.569000,0 days 00:00:21.345000,HARD,55.0,2.0,,,1,4.0,False,2024,Monaco,R,78.382,20.468,36.569,21.345
NOR,McLaren,56.0,0 days 00:01:18.155000,0 days 00:00:20.564000,0 days 00:00:36.639000,0 days 00:00:20.952000,HARD,56.0,2.0,,,1,4.0,False,2024,Monaco,R,78.155,20.564,36.639,20.952
NOR,McLaren,57.0,0 days 00:01:17.815000,0 days 00:00:20.436000,0 days 00:00:36.710000,0 days 00:00:20.669000,HARD,57.0,2.0,,,1,4.0,False,2024,Monaco,R,77.815,20.436,36.71,20.669
NOR,McLaren,58.0,0 days 00:01:17.395000,0 days 00:00:20.149000,0 days 00:00:36.565000,0 days 00:00:20.681000,HARD,58.0,2.0,,,1,4.0,False,2024,Monaco,R,77.395,20.149,36.565,20.681
NOR,McLaren,59.0,0 days 00:01:17.122000,0 days 00:00:20.101000,0 days 00:00:36.446000,0 days 00:00:20.575000,HARD,59.0,2.0,,,1,4.0,False,2024,Monaco,R,77.122,20.101,36.446,20.575
NOR,McLaren,60.0,0 days 00:01:16.695000,0 days 00:00:20.115000,0 days 00:00:36.273000,0 days 00:00:20.307000,HARD,60.0,2.0,,,1,4.0,False,2024,Monaco,R,76.695,20.115,36.273,20.307
NOR,McLaren,61.0,0 days 00:01:17.614000,0 days 00:00:20.212000,0 days 00:00:36.655000,0 days 00:00:20.747000,HARD,61.0,2.0,,,1,4.0,False,2024,Monaco,R,77.614,20.212,36.655,20.747
NOR,McLaren,62.0,0 days 00:01:16.026000,0 days 00:00:20.070000,0 days 00:00:35.877000,0 days 00:00:20.079000,HARD,62.0,2.0,,,1,4.0,False,2024,Monaco,R,76.026,20.07,35.877,20.079
NOR,McLaren,63.0,0 days 00:01:16.876000,0 days 00:00:19.861000,0 days 00:00:36.420000,0 days 00:00:20.595000,HARD,63.0,2.0,,,1,4.0,False,2024,Monaco,R,76.876,19.861,36.42,20.595
NOR,McLaren,64.0,0 days 00:01:15.742000,0 days 00:00:19.893000,0 days 00:00:35.837000,0 days 00:00:20.012000,HARD,64.0,2.0,,,1,4.0,False,2024,Monaco,R,75.742,19.893,35.837,20.012
NOR,McLaren,65.0,0 days 00:01:17.143000,0 days 00:00:20.020000,0 days 00:00:36.521000,0 days 00:00:20.602000,HARD,65.0,2.0,,,1,4.0,False,2024,Monaco,R,77.143,20.02,36.521,20.602
NOR,McLaren,66.0,0 days 00:01:16.214000,0 days 00:00:19.996000,0 days 00:00:36.010000,0 days 00:00:20.208000,HARD,66.0,2.0,,,1,4.0,False,2024,Monaco,R,76.214,19.996,36.01,20.208
NOR,McLaren,67.0,0 days 00:01:16.115000,0 days 00:00:19.815000,0 days 00:00:35.946000,0 days 00:00:20.354000,HARD,67.0,2.0,,,1,4.0,False,2024,Monaco,R,76.115,19.815,35.946,20.354
NOR,McLaren,68.0,0 days 00:01:16.172000,0 days 00:00:19.939000,0 days 00:00:35.981000,0 days 00:00:20.252000,HARD,68.0,2.0,,,1,4.0,False,2024,Monaco,R,76.172,19.939,35.981,20.252
NOR,McLaren,69.0,0 days 00:01:16.314000,0 days 00:00:19.811000,0 days 00:00:36.121000,0 days 00:00:20.382000,HARD,69.0,2.0,,,1,4.0,False,2024,Monaco,R,76.314,19.811,36.121,20.382
NOR,McLaren,70.0,0 days 00:01:17.213000,0 days 00:00:20.769000,0 days 00:00:36.312000,0 days 00:00:20.132000,HARD,70.0,2.0,,,1,4.0,False,2024,Monaco,R,77.213,20.769,36.312,20.132
NOR,McLaren,71.0,0 days 00:01:16.609000,0 days 00:00:19.882000,0 days 00:00:36.249000,0 days 00:00:20.478000,HARD,71.0,2.0,,,1,4.0,False,2024,Monaco,R,76.609,19.882,36.249,20.478
NOR,McLaren,72.0,0 days 00:01:16.801000,0 days 00:00:20.136000,0 days 00:00:36.204000,0 days 00:00:20.461000,HARD,72.0,2.0,,,1,4.0,False,2024,Monaco,R,76.801,20.136,36.204,20.461
NOR,McLaren,73.0,0 days 00:01:16.285000,0 days 00:00:19.895000,0 days 00:00:35.987000,0 days 00:00:20.403000,HARD,73.0,2.0,,,1,4.0,False,2024,Monaco,R,76.285,19.895,35.987,20.403
NOR,McLaren,74.0,0 days 00:01:16.429000,0 days 00:00:19.859000,0 days 00:00:36.285000,0 days 00:00:20.285000,HARD,74.0,2.0,,,1,4.0,False,2024,Monaco,R,76.429,19.859,36.285,20.285
NOR,McLaren,75.0,0 days 00:01:16.517000,0 days 00:00:19.886000,0 days 00:00:36.194000,0 days 00:00:20.437000,HARD,75.0,2.0,,,1,4.0,False,2024,Monaco,R,76.517,19.886,36.194,20.437
NOR,McLaren,76.0,0 days 00:01:16.671000,0 days 00:00:19.986000,0 days 00:00:36.421000,0 days 00:00:20.264000,HARD,76.0,2.0,,,1,4.0,False,2024,Monaco,R,76.671,19.986,36.421,20.264
NOR,McLaren,77.0,0 days 00:01:16.512000,0 days 00:00:19.842000,0 days 00:00:36.153000,0 days 00:00:20.517000,HARD,77.0,2.0,,,1,4.0,False,2024,Monaco,R,76.512,19.842,36.153,20.517
NOR,McLaren,78.0,0 days 00:01:17.296000,0 days 00:00:20.080000,0 days 00:00:36.740000,0 days 00:00:20.476000,HARD,78.0,2.0,,,1,4.0,True,2024,Monaco,R,77.296,20.08,36.74,20.476
RUS,Mercedes,1.0,0 days 00:41:13.884000,,0 days 00:00:49.669000,,HARD,1.0,1.0,0 days 00:56:51.329000,,1254,5.0,False,2024,Monaco,R,2473.884,,49.669,
RUS,Mercedes,2.0,,0 days 00:00:26.868000,0 days 00:00:38.057000,0 days 00:01:37.241000,MEDIUM,1.0,2.0,,0 days 01:36:20.812000,14,5.0,False,2024,Monaco,R,,26.868,38.057,97.241
RUS,Mercedes,3.0,0 days 00:01:25.319000,0 days 00:00:24.518000,0 days 00:00:38.667000,0 days 00:00:22.134000,MEDIUM,2.0,2.0,,,1,5.0,False,2024,Monaco,R,85.319,24.518,38.667,22.134
RUS,Mercedes,4.0,0 days 00:01:22.868000,0 days 00:00:21.853000,0 days 00:00:38.884000,0 days 00:00:22.131000,MEDIUM,3.0,2.0,,,1,5.0,False,2024,Monaco,R,82.868,21.853,38.884,22.131
RUS,Mercedes,5.0,0 days 00:01:23.045000,0 days 00:00:22.046000,0 days 00:00:38.571000,0 days 00:00:22.428000,MEDIUM,4.0,2.0,,,1,5.0,False,2024,Monaco,R,83.045,22.046,38.571,22.428
RUS,Mercedes,6.0,0 days 00:01:23.012000,0 days 00:00:21.790000,0 days 00:00:39.146000,0 days 00:00:22.076000,MEDIUM,5.0,2.0,,,1,5.0,False,2024,Monaco,R,83.012,21.79,39.146,22.076
RUS,Mercedes,7.0,0 days 00:01:21.415000,0 days 00:00:21.818000,0 days 00:00:38.119000,0 days 00:00:21.478000,MEDIUM,6.0,2.0,,,1,5.0,False,2024,Monaco,R,81.415,21.818,38.119,21.478
RUS,Mercedes,8.0,0 days 00:01:21.612000,0 days 00:00:21.689000,0 days 00:00:38.104000,0 days 00:00:21.819000,MEDIUM,7.0,2.0,,,1,5.0,False,2024,Monaco,R,81.612,21.689,38.104,21.819
RUS,Mercedes,9.0,0 days 00:01:21.433000,0 days 00:00:21.680000,0 days 00:00:38.177000,0 days 00:00:21.576000,MEDIUM,8.0,2.0,,,1,5.0,False,2024,Monaco,R,81.433,21.68,38.177,21.576
RUS,Mercedes,10.0,0 days 00:01:21.531000,0 days 00:00:21.973000,0 days 00:00:37.733000,0 days 00:00:21.825000,MEDIUM,9.0,2.0,,,1,5.0,False,2024,Monaco,R,81.531,21.973,37.733,21.825
RUS,Mercedes,11.0,0 days 00:01:21.452000,0 days 00:00:21.765000,0 days 00:00:38.040000,0 days 00:00:21.647000,MEDIUM,10.0,2.0,,,1,5.0,False,2024,Monaco,R,81.452,21.765,38.04,21.647
RUS,Mercedes,12.0,0 days 00:01:20.316000,0 days 00:00:21.458000,0 days 00:00:37.547000,0 days 00:00:21.311000,MEDIUM,11.0,2.0,,,1,5.0,False,2024,Monaco,R,80.316,21.458,37.547,21.311
RUS,Mercedes,13.0,0 days 00:01:20.525000,0 days 00:00:21.414000,0 days 00:00:37.770000,0 days 00:00:21.341000,MEDIUM,12.0,2.0,,,1,5.0,False,2024,Monaco,R,80.525,21.414,37.77,21.341
RUS,Mercedes,14.0,0 days 00:01:20.272000,0 days 00:00:21.224000,0 days 00:00:37.519000,0 days 00:00:21.529000,MEDIUM,13.0,2.0,,,1,5.0,False,2024,Monaco,R,80.272,21.224,37.519,21.529
RUS,Mercedes,15.0,0 days 00:01:20.202000,0 days 00:00:21.203000,0 days 00:00:37.551000,0 days 00:00:21.448000,MEDIUM,14.0,2.0,,,1,5.0,False,2024,Monaco,R,80.202,21.203,37.551,21.448
RUS,Mercedes,16.0,0 days 00:01:19.913000,0 days 00:00:21.301000,0 days 00:00:37.484000,0 days 00:00:21.128000,MEDIUM,15.0,2.0,,,1,5.0,False,2024,Monaco,R,79.913,21.301,37.484,21.128
RUS,Mercedes,17.0,0 days 00:01:20.150000,0 days 00:00:21.408000,0 days 00:00:37.437000,0 days 00:00:21.305000,MEDIUM,16.0,2.0,,,1,5.0,False,2024,Monaco,R,80.15,21.408,37.437,21.305
RUS,Mercedes,18.0,0 days 00:01:19.438000,0 days 00:00:21.248000,0 days 00:00:36.992000,0 days 00:00:21.198000,MEDIUM,17.0,2.0,,,1,5.0,False,2024,Monaco,R,79.438,21.248,36.992,21.198
RUS,Mercedes,19.0,0 days 00:01:20.157000,0 days 00:00:21.402000,0 days 00:00:37.398000,0 days 00:00:21.357000,MEDIUM,18.0,2.0,,,1,5.0,False,2024,Monaco,R,80.157,21.402,37.398,21.357
RUS,Mercedes,20.0,0 days 00:01:20.053000,0 days 00:00:21.161000,0 days 00:00:37.471000,0 days 00:00:21.421000,MEDIUM,19.0,2.0,,,1,5.0,False,2024,Monaco,R,80.053,21.161,37.471,21.421
RUS,Mercedes,21.0,0 days 00:01:19.788000,0 days 00:00:21.174000,0 days 00:00:37.427000,0 days 00:00:21.187000,MEDIUM,20.0,2.0,,,1,5.0,False,2024,Monaco,R,79.788,21.174,37.427,21.187
RUS,Mercedes,22.0,0 days 00:01:19.691000,0 days 00:00:21.336000,0 days 00:00:37.159000,0 days 00:00:21.196000,MEDIUM,21.0,2.0,,,1,5.0,False,2024,Monaco,R,79.691,21.336,37.159,21.196
RUS,Mercedes,23.0,0 days 00:01:19.397000,0 days 00:00:21.109000,0 days 00:00:37.080000,0 days 00:00:21.208000,MEDIUM,22.0,2.0,,,1,5.0,False,2024,Monaco,R,79.397,21.109,37.08,21.208
RUS,Mercedes,24.0,0 days 00:01:19.484000,0 days 00:00:21.193000,0 days 00:00:37.075000,0 days 00:00:21.216000,MEDIUM,23.0,2.0,,,1,5.0,False,2024,Monaco,R,79.484,21.193,37.075,21.216
RUS,Mercedes,25.0,0 days 00:01:18.651000,0 days 00:00:20.910000,0 days 00:00:36.745000,0 days 00:00:20.996000,MEDIUM,24.0,2.0,,,1,5.0,False,2024,Monaco,R,78.651,20.91,36.745,20.996
RUS,Mercedes,26.0,0 days 00:01:19.006000,0 days 00:00:21.449000,0 days 00:00:36.653000,0 days 00:00:20.904000,MEDIUM,25.0,2.0,,,1,5.0,False,2024,Monaco,R,79.006,21.449,36.653,20.904
RUS,Mercedes,27.0,0 days 00:01:18.927000,0 days 00:00:21.081000,0 days 00:00:36.831000,0 days 00:00:21.015000,MEDIUM,26.0,2.0,,,1,5.0,False,2024,Monaco,R,78.927,21.081,36.831,21.015
RUS,Mercedes,28.0,0 days 00:01:18.679000,0 days 00:00:21.106000,0 days 00:00:36.676000,0 days 00:00:20.897000,MEDIUM,27.0,2.0,,,1,5.0,False,2024,Monaco,R,78.679,21.106,36.676,20.897
RUS,Mercedes,29.0,0 days 00:01:18.624000,0 days 00:00:21.067000,0 days 00:00:36.636000,0 days 00:00:20.921000,MEDIUM,28.0,2.0,,,1,5.0,False,2024,Monaco,R,78.624,21.067,36.636,20.921
RUS,Mercedes,30.0,0 days 00:01:18.811000,0 days 00:00:21.195000,0 days 00:00:36.618000,0 days 00:00:20.998000,MEDIUM,29.0,2.0,,,1,5.0,False,2024,Monaco,R,78.811,21.195,36.618,20.998
RUS,Mercedes,31.0,0 days 00:01:19.101000,0 days 00:00:21.076000,0 days 00:00:36.695000,0 days 00:00:21.330000,MEDIUM,30.0,2.0,,,1,5.0,False,2024,Monaco,R,79.101,21.076,36.695,21.33
RUS,Mercedes,32.0,0 days 00:01:19.122000,0 days 00:00:20.993000,0 days 00:00:37.092000,0 days 00:00:21.037000,MEDIUM,31.0,2.0,,,1,5.0,False,2024,Monaco,R,79.122,20.993,37.092,21.037
RUS,Mercedes,33.0,0 days 00:01:18.910000,0 days 00:00:20.991000,0 days 00:00:36.737000,0 days 00:00:21.182000,MEDIUM,32.0,2.0,,,1,5.0,False,2024,Monaco,R,78.91,20.991,36.737,21.182
RUS,Mercedes,34.0,0 days 00:01:19.379000,0 days 00:00:21.252000,0 days 00:00:36.937000,0 days 00:00:21.190000,MEDIUM,33.0,2.0,,,1,5.0,False,2024,Monaco,R,79.379,21.252,36.937,21.19
RUS,Mercedes,35.0,0 days 00:01:20.448000,0 days 00:00:21.603000,0 days 00:00:37.625000,0 days 00:00:21.220000,MEDIUM,34.0,2.0,,,1,5.0,False,2024,Monaco,R,80.448,21.603,37.625,21.22
RUS,Mercedes,36.0,0 days 00:01:19.728000,0 days 00:00:21.254000,0 days 00:00:37.243000,0 days 00:00:21.231000,MEDIUM,35.0,2.0,,,1,5.0,False,2024,Monaco,R,79.728,21.254,37.243,21.231
RUS,Mercedes,37.0,0 days 00:01:18.757000,0 days 00:00:21.135000,0 days 00:00:36.783000,0 days 00:00:20.839000,MEDIUM,36.0,2.0,,,1,5.0,False,2024,Monaco,R,78.757,21.135,36.783,20.839
RUS,Mercedes,38.0,0 days 00:01:18.446000,0 days 00:00:21.051000,0 days 00:00:36.540000,0 days 00:00:20.855000,MEDIUM,37.0,2.0,,,1,5.0,False,2024,Monaco,R,78.446,21.051,36.54,20.855
RUS,Mercedes,39.0,0 days 00:01:18.450000,0 days 00:00:21.063000,0 days 00:00:36.681000,0 days 00:00:20.706000,MEDIUM,38.0,2.0,,,1,5.0,False,2024,Monaco,R,78.45,21.063,36.681,20.706
RUS,Mercedes,40.0,0 days 00:01:18.139000,0 days 00:00:21.011000,0 days 00:00:36.308000,0 days 00:00:20.820000,MEDIUM,39.0,2.0,,,1,5.0,False,2024,Monaco,R,78.139,21.011,36.308,20.82
RUS,Mercedes,41.0,0 days 00:01:18.308000,0 days 00:00:20.912000,0 days 00:00:36.558000,0 days 00:00:20.838000,MEDIUM,40.0,2.0,,,1,5.0,False,2024,Monaco,R,78.308,20.912,36.558,20.838
RUS,Mercedes,42.0,0 days 00:01:18.204000,0 days 00:00:20.877000,0 days 00:00:36.481000,0 days 00:00:20.846000,MEDIUM,41.0,2.0,,,1,5.0,False,2024,Monaco,R,78.204,20.877,36.481,20.846
RUS,Mercedes,43.0,0 days 00:01:18.684000,0 days 00:00:20.878000,0 days 00:00:36.662000,0 days 00:00:21.144000,MEDIUM,42.0,2.0,,,1,5.0,False,2024,Monaco,R,78.684,20.878,36.662,21.144
RUS,Mercedes,44.0,0 days 00:01:18.177000,0 days 00:00:20.798000,0 days 00:00:36.462000,0 days 00:00:20.917000,MEDIUM,43.0,2.0,,,1,5.0,False,2024,Monaco,R,78.177,20.798,36.462,20.917
RUS,Mercedes,45.0,0 days 00:01:18.449000,0 days 00:00:20.914000,0 days 00:00:36.740000,0 days 00:00:20.795000,MEDIUM,44.0,2.0,,,1,5.0,False,2024,Monaco,R,78.449,20.914,36.74,20.795
RUS,Mercedes,46.0,0 days 00:01:18.387000,0 days 00:00:20.904000,0 days 00:00:36.537000,0 days 00:00:20.946000,MEDIUM,45.0,2.0,,,1,5.0,False,2024,Monaco,R,78.387,20.904,36.537,20.946
RUS,Mercedes,47.0,0 days 00:01:18.314000,0 days 00:00:20.768000,0 days 00:00:36.519000,0 days 00:00:21.027000,MEDIUM,46.0,2.0,,,1,5.0,False,2024,Monaco,R,78.314,20.768,36.519,21.027
RUS,Mercedes,48.0,0 days 00:01:18.702000,0 days 00:00:20.917000,0 days 00:00:36.851000,0 days 00:00:20.934000,MEDIUM,47.0,2.0,,,1,5.0,False,2024,Monaco,R,78.702,20.917,36.851,20.934
RUS,Mercedes,49.0,0 days 00:01:18.985000,0 days 00:00:20.975000,0 days 00:00:36.845000,0 days 00:00:21.165000,MEDIUM,48.0,2.0,,,1,5.0,False,2024,Monaco,R,78.985,20.975,36.845,21.165
RUS,Mercedes,50.0,0 days 00:01:18.447000,0 days 00:00:21.009000,0 days 00:00:36.565000,0 days 00:00:20.873000,MEDIUM,49.0,2.0,,,1,5.0,False,2024,Monaco,R,78.447,21.009,36.565,20.873
RUS,Mercedes,51.0,0 days 00:01:18.049000,0 days 00:00:20.754000,0 days 00:00:36.461000,0 days 00:00:20.834000,MEDIUM,50.0,2.0,,,1,5.0,False,2024,Monaco,R,78.049,20.754,36.461,20.834
RUS,Mercedes,52.0,0 days 00:01:18.602000,0 days 00:00:20.742000,0 days 00:00:36.669000,0 days 00:00:21.191000,MEDIUM,51.0,2.0,,,12,5.0,False,2024,Monaco,R,78.602,20.742,36.669,21.191
RUS,Mercedes,53.0,0 days 00:01:20.891000,0 days 00:00:21.524000,0 days 00:00:38.227000,0 days 00:00:21.140000,MEDIUM,52.0,2.0,,,21,5.0,False,2024,Monaco,R,80.891,21.524,38.227,21.14
RUS,Mercedes,54.0,0 days 00:01:18.201000,0 days 00:00:20.753000,0 days 00:00:36.599000,0 days 00:00:20.849000,MEDIUM,53.0,2.0,,,1,5.0,False,2024,Monaco,R,78.201,20.753,36.599,20.849
RUS,Mercedes,55.0,0 days 00:01:17.305000,0 days 00:00:20.747000,0 days 00:00:36.050000,0 days 00:00:20.508000,MEDIUM,54.0,2.0,,,1,5.0,False,2024,Monaco,R,77.305,20.747,36.05,20.508
RUS,Mercedes,56.0,0 days 00:01:17.071000,0 days 00:00:20.490000,0 days 00:00:36.009000,0 days 00:00:20.572000,MEDIUM,55.0,2.0,,,1,5.0,False,2024,Monaco,R,77.071,20.49,36.009,20.572
RUS,Mercedes,57.0,0 days 00:01:16.910000,0 days 00:00:20.542000,0 days 00:00:35.880000,0 days 00:00:20.488000,MEDIUM,56.0,2.0,,,1,5.0,False,2024,Monaco,R,76.91,20.542,35.88,20.488
RUS,Mercedes,58.0,0 days 00:01:17.142000,0 days 00:00:20.435000,0 days 00:00:36.079000,0 days 00:00:20.628000,MEDIUM,57.0,2.0,,,1,5.0,False,2024,Monaco,R,77.142,20.435,36.079,20.628
RUS,Mercedes,59.0,0 days 00:01:16.842000,0 days 00:00:20.416000,0 days 00:00:35.875000,0 days 00:00:20.551000,MEDIUM,58.0,2.0,,,1,5.0,False,2024,Monaco,R,76.842,20.416,35.875,20.551
RUS,Mercedes,60.0,0 days 00:01:16.604000,0 days 00:00:20.034000,0 days 00:00:36.124000,0 days 00:00:20.446000,MEDIUM,59.0,2.0,,,1,5.0,False,2024,Monaco,R,76.604,20.034,36.124,20.446
RUS,Mercedes,61.0,0 days 00:01:16.697000,0 days 00:00:20.384000,0 days 00:00:35.786000,0 days 00:00:20.527000,MEDIUM,60.0,2.0,,,1,5.0,False,2024,Monaco,R,76.697,20.384,35.786,20.527
RUS,Mercedes,62.0,0 days 00:01:16.787000,0 days 00:00:20.251000,0 days 00:00:36.072000,0 days 00:00:20.464000,MEDIUM,61.0,2.0,,,1,5.0,False,2024,Monaco,R,76.787,20.251,36.072,20.464
RUS,Mercedes,63.0,0 days 00:01:16.581000,0 days 00:00:20.073000,0 days 00:00:35.838000,0 days 00:00:20.670000,MEDIUM,62.0,2.0,,,1,5.0,False,2024,Monaco,R,76.581,20.073,35.838,20.67
RUS,Mercedes,64.0,0 days 00:01:16.133000,0 days 00:00:20.219000,0 days 00:00:35.530000,0 days 00:00:20.384000,MEDIUM,63.0,2.0,,,1,5.0,False,2024,Monaco,R,76.133,20.219,35.53,20.384
RUS,Mercedes,65.0,0 days 00:01:15.651000,0 days 00:00:19.764000,0 days 00:00:35.606000,0 days 00:00:20.281000,MEDIUM,64.0,2.0,,,1,5.0,False,2024,Monaco,R,75.651,19.764,35.606,20.281
RUS,Mercedes,66.0,0 days 00:01:15.848000,0 days 00:00:19.709000,0 days 00:00:35.781000,0 days 00:00:20.358000,MEDIUM,65.0,2.0,,,1,5.0,False,2024,Monaco,R,75.848,19.709,35.781,20.358
RUS,Mercedes,67.0,0 days 00:01:16.157000,0 days 00:00:20.043000,0 days 00:00:35.724000,0 days 00:00:20.390000,MEDIUM,66.0,2.0,,,1,5.0,False,2024,Monaco,R,76.157,20.043,35.724,20.39
RUS,Mercedes,68.0,0 days 00:01:15.931000,0 days 00:00:19.945000,0 days 00:00:35.671000,0 days 00:00:20.315000,MEDIUM,67.0,2.0,,,1,5.0,False,2024,Monaco,R,75.931,19.945,35.671,20.315
RUS,Mercedes,69.0,0 days 00:01:15.869000,0 days 00:00:19.910000,0 days 00:00:35.697000,0 days 00:00:20.262000,MEDIUM,68.0,2.0,,,1,5.0,False,2024,Monaco,R,75.869,19.91,35.697,20.262
RUS,Mercedes,70.0,0 days 00:01:15.251000,0 days 00:00:19.673000,0 days 00:00:35.416000,0 days 00:00:20.162000,MEDIUM,69.0,2.0,,,1,5.0,False,2024,Monaco,R,75.251,19.673,35.416,20.162
RUS,Mercedes,71.0,0 days 00:01:15.827000,0 days 00:00:19.690000,0 days 00:00:35.736000,0 days 00:00:20.401000,MEDIUM,70.0,2.0,,,1,5.0,False,2024,Monaco,R,75.827,19.69,35.736,20.401
RUS,Mercedes,72.0,0 days 00:01:15.839000,0 days 00:00:19.735000,0 days 00:00:35.841000,0 days 00:00:20.263000,MEDIUM,71.0,2.0,,,1,5.0,False,2024,Monaco,R,75.839,19.735,35.841,20.263
RUS,Mercedes,73.0,0 days 00:01:15.228000,0 days 00:00:19.584000,0 days 00:00:35.408000,0 days 00:00:20.236000,MEDIUM,72.0,2.0,,,1,5.0,False,2024,Monaco,R,75.228,19.584,35.408,20.236
RUS,Mercedes,74.0,0 days 00:01:15.376000,0 days 00:00:19.700000,0 days 00:00:35.512000,0 days 00:00:20.164000,MEDIUM,73.0,2.0,,,1,5.0,False,2024,Monaco,R,75.376,19.7,35.512,20.164
RUS,Mercedes,75.0,0 days 00:01:15.525000,0 days 00:00:19.694000,0 days 00:00:35.518000,0 days 00:00:20.313000,MEDIUM,74.0,2.0,,,1,5.0,False,2024,Monaco,R,75.525,19.694,35.518,20.313
RUS,Mercedes,76.0,0 days 00:01:15.753000,0 days 00:00:19.783000,0 days 00:00:35.639000,0 days 00:00:20.331000,MEDIUM,75.0,2.0,,,1,5.0,False,2024,Monaco,R,75.753,19.783,35.639,20.331
RUS,Mercedes,77.0,0 days 00:01:15.532000,0 days 00:00:19.620000,0 days 00:00:35.607000,0 days 00:00:20.305000,MEDIUM,76.0,2.0,,,1,5.0,False,2024,Monaco,R,75.532,19.62,35.607,20.305
RUS,Mercedes,78.0,0 days 00:01:16.303000,0 days 00:00:19.846000,0 days 00:00:35.851000,0 days 00:00:20.606000,MEDIUM,77.0,2.0,,,1,5.0,False,2024,Monaco,R,76.303,19.846,35.851,20.606
VER,Red Bull Racing,1.0,0 days 00:41:18.944000,,0 days 00:00:50.381000,,HARD,1.0,1.0,0 days 00:56:53.182000,,1254,6.0,False,2024,Monaco,R,2478.944,,50.381,
VER,Red Bull Racing,2.0,,0 days 00:00:24.134000,0 days 00:00:38.218000,0 days 00:01:35.091000,MEDIUM,1.0,2.0,,0 days 01:36:25.661000,14,6.0,False,2024,Monaco,R,,24.134,38.218,95.091
VER,Red Bull Racing,3.0,0 days 00:01:25.744000,0 days 00:00:24.715000,0 days 00:00:38.860000,0 days 00:00:22.169000,MEDIUM,2.0,2.0,,,1,6.0,False,2024,Monaco,R,85.744,24.715,38.86,22.169
VER,Red Bull Racing,4.0,0 days 00:01:23.275000,0 days 00:00:21.947000,0 days 00:00:38.888000,0 days 00:00:22.440000,MEDIUM,3.0,2.0,,,1,6.0,False,2024,Monaco,R,83.275,21.947,38.888,22.44
VER,Red Bull Racing,5.0,0 days 00:01:23.400000,0 days 00:00:22.318000,0 days 00:00:38.953000,0 days 00:00:22.129000,MEDIUM,4.0,2.0,,,1,6.0,False,2024,Monaco,R,83.4,22.318,38.953,22.129
VER,Red Bull Racing,6.0,0 days 00:01:23.787000,0 days 00:00:21.761000,0 days 00:00:39.710000,0 days 00:00:22.316000,MEDIUM,5.0,2.0,,,1,6.0,False,2024,Monaco,R,83.787,21.761,39.71,22.316
VER,Red Bull Racing,7.0,0 days 00:01:21.283000,0 days 00:00:21.383000,0 days 00:00:38.200000,0 days 00:00:21.700000,MEDIUM,6.0,2.0,,,1,6.0,False,2024,Monaco,R,81.283,21.383,38.2,21.7
VER,Red Bull Racing,8.0,0 days 00:01:21.657000,0 days 00:00:21.194000,0 days 00:00:38.504000,0 days 00:00:21.959000,MEDIUM,7.0,2.0,,,1,6.0,False,2024,Monaco,R,81.657,21.194,38.504,21.959
VER,Red Bull Racing,9.0,0 days 00:01:21.740000,0 days 00:00:21.492000,0 days 00:00:38.489000,0 days 00:00:21.759000,MEDIUM,8.0,2.0,,,1,6.0,False,2024,Monaco,R,81.74,21.492,38.489,21.759
VER,Red Bull Racing,10.0,0 days 00:01:21.244000,0 days 00:00:21.172000,0 days 00:00:38.177000,0 days 00:00:21.895000,MEDIUM,9.0,2.0,,,1,6.0,False,2024,Monaco,R,81.244,21.172,38.177,21.895
VER,Red Bull Racing,11.0,0 days 00:01:21.492000,0 days 00:00:21.223000,0 days 00:00:38.280000,0 days 00:00:21.989000,MEDIUM,10.0,2.0,,,1,6.0,False,2024,Monaco,R,81.492,21.223,38.28,21.989
VER,Red Bull Racing,12.0,0 days 00:01:20.659000,0 days 00:00:21.270000,0 days 00:00:37.879000,0 days 00:00:21.510000,MEDIUM,11.0,2.0,,,1,6.0,False,2024,Monaco,R,80.659,21.27,37.879,21.51
VER,Red Bull Racing,13.0,0 days 00:01:19.904000,0 days 00:00:20.858000,0 days 00:00:37.533000,0 days 00:00:21.513000,MEDIUM,12.0,2.0,,,1,6.0,False,2024,Monaco,R,79.904,20.858,37.533,21.513
VER,Red Bull Racing,14.0,0 days 00:01:19.723000,0 days 00:00:20.849000,0 days 00:00:37.408000,0 days 00:00:21.466000,MEDIUM,13.0,2.0,,,1,6.0,False,2024,Monaco,R,79.723,20.849,37.408,21.466
VER,Red Bull Racing,15.0,0 days 00:01:20.370000,0 days 00:00:20.949000,0 days 00:00:37.792000,0 days 00:00:21.629000,MEDIUM,14.0,2.0,,,1,6.0,False,2024,Monaco,R,80.37,20.949,37.792,21.629
VER,Red Bull Racing,16.0,0 days 00:01:20.287000,0 days 00:00:21.059000,0 days 00:00:37.755000,0 days 00:00:21.473000,MEDIUM,15.0,2.0,,,1,6.0,False,2024,Monaco,R,80.287,21.059,37.755,21.473
VER,Red Bull Racing,17.0,0 days 00:01:19.898000,0 days 00:00:20.952000,0 days 00:00:37.610000,0 days 00:00:21.336000,MEDIUM,16.0,2.0,,,1,6.0,False,2024,Monaco,R,79.898,20.952,37.61,21.336
VER,Red Bull Racing,18.0,0 days 00:01:19.580000,0 days 00:00:21.012000,0 days 00:00:37.408000,0 days 00:00:21.160000,MEDIUM,17.0,2.0,,,1,6.0,False,2024,Monaco,R,79.58,21.012,37.408,21.16
VER,Red Bull Racing,19.0,0 days 00:01:20.171000,0 days 00:00:21.034000,0 days 00:00:37.869000,0 days 00:00:21.268000,MEDIUM,18.0,2.0,,,1,6.0,False,2024,Monaco,R,80.171,21.034,37.869,21.268
VER,Red Bull Racing,20.0,0 days 00:01:19.886000,0 days 00:00:20.908000,0 days 00:00:37.402000,0 days 00:00:21.576000,MEDIUM,19.0,2.0,,,1,6.0,False,2024,Monaco,R,79.886,20.908,37.402,21.576
VER,Red Bull Racing,21.0,0 days 00:01:20.255000,0 days 00:00:21.039000,0 days 00:00:37.731000,0 days 00:00:21.485000,MEDIUM,20.0,2.0,,,1,6.0,False,2024,Monaco,R,80.255,21.039,37.731,21.485
VER,Red Bull Racing,22.0,0 days 00:01:19.813000,0 days 00:00:21.017000,0 days 00:00:37.631000,0 days 00:00:21.165000,MEDIUM,21.0,2.0,,,1,6.0,False,2024,Monaco,R,79.813,21.017,37.631,21.165
VER,Red Bull Racing,23.0,0 days 00:01:18.979000,0 days 00:00:20.825000,0 days 00:00:36.884000,0 days 00:00:21.270000,MEDIUM,22.0,2.0,,,1,6.0,False,2024,Monaco,R,78.979,20.825,36.884,21.27
VER,Red Bull Racing,24.0,0 days 00:01:19.364000,0 days 00:00:20.830000,0 days 00:00:37.287000,0 days 00:00:21.247000,MEDIUM,23.0,2.0,,,1,6.0,False,2024,Monaco,R,79.364,20.83,37.287,21.247
VER,Red Bull Racing,25.0,0 days 00:01:19.380000,0 days 00:00:20.827000,0 days 00:00:37.328000,0 days 00:00:21.225000,MEDIUM,24.0,2.0,,,1,6.0,False,2024,Monaco,R,79.38,20.827,37.328,21.225
VER,Red Bull Racing,26.0,0 days 00:01:18.818000,0 days 00:00:20.646000,0 days 00:00:37.241000,0 days 00:00:20.931000,MEDIUM,25.0,2.0,,,1,6.0,False,2024,Monaco,R,78.818,20.646,37.241,20.931
VER,Red Bull Racing,27.0,0 days 00:01:18.797000,0 days 00:00:20.592000,0 days 00:00:37.213000,0 days 00:00:20.992000,MEDIUM,26.0,2.0,,,1,6.0,False,2024,Monaco,R,78.797,20.592,37.213,20.992
VER,Red Bull Racing,28.0,0 days 00:01:18.682000,0 days 00:00:21,0 days 00:00:36.851000,0 days 00:00:20.831000,MEDIUM,27.0,2.0,,,1,6.0,False,2024,Monaco,R,78.682,21.0,36.851,20.831
VER,Red Bull Racing,29.0,0 days 00:01:18.795000,0 days 00:00:20.960000,0 days 00:00:36.819000,0 days 00:00:21.016000,MEDIUM,28.0,2.0,,,1,6.0,False,2024,Monaco,R,78.795,20.96,36.819,21.016
VER,Red Bull Racing,30.0,0 days 00:01:18.574000,0 days 00:00:20.983000,0 days 00:00:36.660000,0 days 00:00:20.931000,MEDIUM,29.0,2.0,,,1,6.0,False,2024,Monaco,R,78.574,20.983,36.66,20.931
VER,Red Bull Racing,31.0,0 days 00:01:18.564000,0 days 00:00:20.941000,0 days 00:00:36.674000,0 days 00:00:20.949000,MEDIUM,30.0,2.0,,,1,6.0,False,2024,Monaco,R,78.564,20.941,36.674,20.949
VER,Red Bull Racing,32.0,0 days 00:01:18.983000,0 days 00:00:21.108000,0 days 00:00:36.848000,0 days 00:00:21.027000,MEDIUM,31.0,2.0,,,1,6.0,False,2024,Monaco,R,78.983,21.108,36.848,21.027
VER,Red Bull Racing,33.0,0 days 00:01:19.005000,0 days 00:00:21.185000,0 days 00:00:36.810000,0 days 00:00:21.010000,MEDIUM,32.0,2.0,,,1,6.0,False,2024,Monaco,R,79.005,21.185,36.81,21.01
VER,Red Bull Racing,34.0,0 days 00:01:19.594000,0 days 00:00:21.220000,0 days 00:00:37.043000,0 days 00:00:21.331000,MEDIUM,33.0,2.0,,,1,6.0,False,2024,Monaco,R,79.594,21.22,37.043,21.331
VER,Red Bull Racing,35.0,0 days 00:01:20.207000,0 days 00:00:21.369000,0 days 00:00:37.357000,0 days 00:00:21.481000,MEDIUM,34.0,2.0,,,1,6.0,False,2024,Monaco,R,80.207,21.369,37.357,21.481
VER,Red Bull Racing,36.0,0 days 00:01:19.634000,0 days 00:00:21.105000,0 days 00:00:37.154000,0 days 00:00:21.375000,MEDIUM,35.0,2.0,,,1,6.0,False,2024,Monaco,R,79.634,21.105,37.154,21.375
VER,Red Bull Racing,37.0,0 days 00:01:19.429000,0 days 00:00:21.231000,0 days 00:00:36.992000,0 days 00:00:21.206000,MEDIUM,36.0,2.0,,,1,6.0,False,2024,Monaco,R,79.429,21.231,36.992,21.206
VER,Red Bull Racing,38.0,0 days 00:01:18.844000,0 days 00:00:20.966000,0 days 00:00:36.930000,0 days 00:00:20.948000,MEDIUM,37.0,2.0,,,1,6.0,False,2024,Monaco,R,78.844,20.966,36.93,20.948
VER,Red Bull Racing,39.0,0 days 00:01:18.326000,0 days 00:00:20.844000,0 days 00:00:36.647000,0 days 00:00:20.835000,MEDIUM,38.0,2.0,,,1,6.0,False,2024,Monaco,R,78.326,20.844,36.647,20.835
VER,Red Bull Racing,40.0,0 days 00:01:18.409000,0 days 00:00:20.696000,0 days 00:00:36.874000,0 days 00:00:20.839000,MEDIUM,39.0,2.0,,,1,6.0,False,2024,Monaco,R,78.409,20.696,36.874,20.839
VER,Red Bull Racing,41.0,0 days 00:01:18.083000,0 days 00:00:20.776000,0 days 00:00:36.567000,0 days 00:00:20.740000,MEDIUM,40.0,2.0,,,1,6.0,False,2024,Monaco,R,78.083,20.776,36.567,20.74
VER,Red Bull Racing,42.0,0 days 00:01:18.074000,0 days 00:00:20.728000,0 days 00:00:36.721000,0 days 00:00:20.625000,MEDIUM,41.0,2.0,,,1,6.0,False,2024,Monaco,R,78.074,20.728,36.721,20.625
VER,Red Bull Racing,43.0,0 days 00:01:18.358000,0 days 00:00:20.913000,0 days 00:00:36.517000,0 days 00:00:20.928000,MEDIUM,42.0,2.0,,,1,6.0,False,2024,Monaco,R,78.358,20.913,36.517,20.928
VER,Red Bull Racing,44.0,0 days 00:01:18.405000,0 days 00:00:20.976000,0 days 00:00:36.685000,0 days 00:00:20.744000,MEDIUM,43.0,2.0,,,1,6.0,False,2024,Monaco,R,78.405,20.976,36.685,20.744
VER,Red Bull Racing,45.0,0 days 00:01:18.313000,0 days 00:00:20.742000,0 days 00:00:36.682000,0 days 00:00:20.889000,MEDIUM,44.0,2.0,,,1,6.0,False,2024,Monaco,R,78.313,20.742,36.682,20.889
VER,Red Bull Racing,46.0,0 days 00:01:18.203000,0 days 00:00:20.832000,0 days 00:00:36.559000,0 days 00:00:20.812000,MEDIUM,45.0,2.0,,,1,6.0,False,2024,Monaco,R,78.203,20.832,36.559,20.812
VER,Red Bull Racing,47.0,0 days 00:01:18.537000,0 days 00:00:20.799000,0 days 00:00:36.688000,0 days 00:00:21.050000,MEDIUM,46.0,2.0,,,1,6.0,False,2024,Monaco,R,78.537,20.799,36.688,21.05
VER,Red Bull Racing,48.0,0 days 00:01:18.337000,0 days 00:00:20.716000,0 days 00:00:36.661000,0 days 00:00:20.960000,MEDIUM,47.0,2.0,,,1,6.0,False,2024,Monaco,R,78.337,20.716,36.661,20.96
VER,Red Bull Racing,49.0,0 days 00:01:18.477000,0 days 00:00:20.770000,0 days 00:00:36.778000,0 days 00:00:20.929000,MEDIUM,48.0,2.0,,,1,6.0,False,2024,Monaco,R,78.477,20.77,36.778,20.929
VER,Red Bull Racing,50.0,0 days 00:01:18.880000,0 days 00:00:21.141000,0 days 00:00:36.859000,0 days 00:00:20.880000,MEDIUM,49.0,2.0,,,1,6.0,False,2024,Monaco,R,78.88,21.141,36.859,20.88
VER,Red Bull Racing,51.0,0 days 00:01:18.142000,0 days 00:00:20.787000,0 days 00:00:36.565000,0 days 00:00:20.790000,MEDIUM,50.0,2.0,,,1,6.0,False,2024,Monaco,R,78.142,20.787,36.565,20.79
VER,Red Bull Racing,52.0,0 days 00:01:33.905000,0 days 00:00:19.873000,0 days 00:00:36.323000,0 days 00:00:37.709000,MEDIUM,51.0,2.0,0 days 02:45:21.756000,,12,6.0,False,2024,Monaco,R,93.905,19.873,36.323,37.709
VER,Red Bull Racing,53.0,0 days 00:01:18.724000,0 days 00:00:22.321000,0 days 00:00:36.244000,0 days 00:00:20.159000,HARD,2.0,3.0,,0 days 02:45:45.422000,1,6.0,False,2024,Monaco,R,78.724,22.321,36.244,20.159
VER,Red Bull Racing,54.0,0 days 00:01:15.815000,0 days 00:00:19.570000,0 days 00:00:36.049000,0 days 00:00:20.196000,HARD,3.0,3.0,,,1,6.0,False,2024,Monaco,R,75.815,19.57,36.049,20.196
VER,Red Bull Racing,55.0,0 days 00:01:15.398000,0 days 00:00:19.799000,0 days 00:00:35.590000,0 days 00:00:20.009000,HARD,4.0,3.0,,,1,6.0,False,2024,Monaco,R,75.398,19.799,35.59,20.009
VER,Red Bull Racing,56.0,0 days 00:01:15.466000,0 days 00:00:19.655000,0 days 00:00:35.529000,0 days 00:00:20.282000,HARD,5.0,3.0,,,1,6.0,False,2024,Monaco,R,75.466,19.655,35.529,20.282
VER,Red Bull Racing,57.0,0 days 00:01:16.181000,0 days 00:00:20.012000,0 days 00:00:36.173000,0 days 00:00:19.996000,HARD,6.0,3.0,,,1,6.0,False,2024,Monaco,R,76.181,20.012,36.173,19.996
VER,Red Bull Racing,58.0,0 days 00:01:14.569000,0 days 00:00:19.343000,0 days 00:00:35.377000,0 days 00:00:19.849000,HARD,7.0,3.0,,,1,6.0,False,2024,Monaco,R,74.569,19.343,35.377,19.849
VER,Red Bull Racing,59.0,0 days 00:01:14.748000,0 days 00:00:19.543000,0 days 00:00:35.369000,0 days 00:00:19.836000,HARD,8.0,3.0,,,1,6.0,False,2024,Monaco,R,74.748,19.543,35.369,19.836
VER,Red Bull Racing,60.0,0 days 00:01:15.238000,0 days 00:00:19.399000,0 days 00:00:35.421000,0 days 00:00:20.418000,HARD,9.0,3.0,,,1,6.0,False,2024,Monaco,R,75.238,19.399,35.421,20.418
VER,Red Bull Racing,61.0,0 days 00:01:15.121000,0 days 00:00:19.450000,0 days 00:00:35.599000,0 days 00:00:20.072000,HARD,10.0,3.0,,,1,6.0,False,2024,Monaco,R,75.121,19.45,35.599,20.072
VER,Red Bull Racing,62.0,0 days 00:01:16.561000,0 days 00:00:20.077000,0 days 00:00:36.108000,0 days 00:00:20.376000,HARD,11.0,3.0,,,1,6.0,False,2024,Monaco,R,76.561,20.077,36.108,20.376
VER,Red Bull Racing,63.0,0 days 00:01:16.547000,0 days 00:00:20.125000,0 days 00:00:35.973000,0 days 00:00:20.449000,HARD,12.0,3.0,,,1,6.0,False,2024,Monaco,R,76.547,20.125,35.973,20.449
VER,Red Bull Racing,64.0,0 days 00:01:16.619000,0 days 00:00:20.262000,0 days 00:00:36.106000,0 days 00:00:20.251000,HARD,13.0,3.0,,,1,6.0,False,2024,Monaco,R,76.619,20.262,36.106,20.251
VER,Red Bull Racing,65.0,0 days 00:01:15.468000,0 days 00:00:19.616000,0 days 00:00:35.717000,0 days 00:00:20.135000,HARD,14.0,3.0,,,1,6.0,False,2024,Monaco,R,75.468,19.616,35.717,20.135
VER,Red Bull Racing,66.0,0 days 00:01:16.121000,0 days 00:00:19.696000,0 days 00:00:35.898000,0 days 00:00:20.527000,HARD,15.0,3.0,,,1,6.0,False,2024,Monaco,R,76.121,19.696,35.898,20.527
VER,Red Bull Racing,67.0,0 days 00:01:16.276000,0 days 00:00:19.919000,0 days 00:00:35.947000,0 days 00:00:20.410000,HARD,16.0,3.0,,,1,6.0,False,2024,Monaco,R,76.276,19.919,35.947,20.41
VER,Red Bull Racing,68.0,0 days 00:01:15.954000,0 days 00:00:19.716000,0 days 00:00:35.912000,0 days 00:00:20.326000,HARD,17.0,3.0,,,1,6.0,False,2024,Monaco,R,75.954,19.716,35.912,20.326
VER,Red Bull Racing,69.0,0 days 00:01:15.463000,0 days 00:00:19.676000,0 days 00:00:35.698000,0 days 00:00:20.089000,HARD,18.0,3.0,,,1,6.0,False,2024,Monaco,R,75.463,19.676,35.698,20.089
VER,Red Bull Racing,70.0,0 days 00:01:15.449000,0 days 00:00:19.665000,0 days 00:00:35.669000,0 days 00:00:20.115000,HARD,19.0,3.0,,,1,6.0,False,2024,Monaco,R,75.449,19.665,35.669,20.115
VER,Red Bull Racing,71.0,0 days 00:01:15.659000,0 days 00:00:19.597000,0 days 00:00:35.787000,0 days 00:00:20.275000,HARD,20.0,3.0,,,1,6.0,False,2024,Monaco,R,75.659,19.597,35.787,20.275
VER,Red Bull Racing,72.0,0 days 00:01:15.733000,0 days 00:00:19.687000,0 days 00:00:35.888000,0 days 00:00:20.158000,HARD,21.0,3.0,,,1,6.0,False,2024,Monaco,R,75.733,19.687,35.888,20.158
VER,Red Bull Racing,73.0,0 days 00:01:15.436000,0 days 00:00:19.704000,0 days 00:00:35.700000,0 days 00:00:20.032000,HARD,22.0,3.0,,,1,6.0,False,2024,Monaco,R,75.436,19.704,35.7,20.032
VER,Red Bull Racing,74.0,0 days 00:01:15.380000,0 days 00:00:19.602000,0 days 00:00:35.636000,0 days 00:00:20.142000,HARD,23.0,3.0,,,1,6.0,False,2024,Monaco,R,75.38,19.602,35.636,20.142
VER,Red Bull Racing,75.0,0 days 00:01:15.396000,0 days 00:00:19.556000,0 days 00:00:35.638000,0 days 00:00:20.202000,HARD,24.0,3.0,,,1,6.0,False,2024,Monaco,R,75.396,19.556,35.638,20.202
VER,Red Bull Racing,76.0,0 days 00:01:15.641000,0 days 00:00:19.673000,0 days 00:00:35.759000,0 days 00:00:20.209000,HARD,25.0,3.0,,,1,6.0,False,2024,Monaco,R,75.641,19.673,35.759,20.209
VER,Red Bull Racing,77.0,0 days 00:01:15.543000,0 days 00:00:19.644000,0 days 00:00:35.818000,0 days 00:00:20.081000,HARD,26.0,3.0,,,1,6.0,False,2024,Monaco,R,75.543,19.644,35.818,20.081
VER,Red Bull Racing,78.0,0 days 00:01:16.248000,0 days 00:00:19.697000,0 days 00:00:36.263000,0 days 00:00:20.288000,HARD,27.0,3.0,,,1,6.0,False,2024,Monaco,R,76.248,19.697,36.263,20.288
HAM,Mercedes,1.0,0 days 00:41:23.804000,,0 days 00:00:52.196000,,HARD,1.0,1.0,0 days 00:56:55.473000,,1254,7.0,False,2024,Monaco,R,2483.804,,52.196,
HAM,Mercedes,2.0,,0 days 00:00:25.236000,0 days 00:00:38.084000,0 days 00:01:29.492000,MEDIUM,1.0,2.0,,0 days 01:36:30.616000,14,7.0,False,2024,Monaco,R,,25.236,38.084,89.492
HAM,Mercedes,3.0,0 days 00:01:27.058000,0 days 00:00:24.951000,0 days 00:00:39.492000,0 days 00:00:22.615000,MEDIUM,2.0,2.0,,,1,7.0,False,2024,Monaco,R,87.058,24.951,39.492,22.615
HAM,Mercedes,4.0,0 days 00:01:23.376000,0 days 00:00:21.827000,0 days 00:00:38.943000,0 days 00:00:22.606000,MEDIUM,3.0,2.0,,,1,7.0,False,2024,Monaco,R,83.376,21.827,38.943,22.606
HAM,Mercedes,5.0,0 days 00:01:23.640000,0 days 00:00:22.289000,0 days 00:00:38.824000,0 days 00:00:22.527000,MEDIUM,4.0,2.0,,,1,7.0,False,2024,Monaco,R,83.64,22.289,38.824,22.527
HAM,Mercedes,6.0,0 days 00:01:23.369000,0 days 00:00:21.938000,0 days 00:00:38.711000,0 days 00:00:22.720000,MEDIUM,5.0,2.0,,,1,7.0,False,2024,Monaco,R,83.369,21.938,38.711,22.72
HAM,Mercedes,7.0,0 days 00:01:21.463000,0 days 00:00:21.905000,0 days 00:00:37.709000,0 days 00:00:21.849000,MEDIUM,6.0,2.0,,,1,7.0,False,2024,Monaco,R,81.463,21.905,37.709,21.849
HAM,Mercedes,8.0,0 days 00:01:21.612000,0 days 00:00:21.571000,0 days 00:00:38.073000,0 days 00:00:21.968000,MEDIUM,7.0,2.0,,,1,7.0,False,2024,Monaco,R,81.612,21.571,38.073,21.968
HAM,Mercedes,9.0,0 days 00:01:21.851000,0 days 00:00:21.875000,0 days 00:00:37.949000,0 days 00:00:22.027000,MEDIUM,8.0,2.0,,,1,7.0,False,2024,Monaco,R,81.851,21.875,37.949,22.027
HAM,Mercedes,10.0,0 days 00:01:21.437000,0 days 00:00:21.623000,0 days 00:00:37.776000,0 days 00:00:22.038000,MEDIUM,9.0,2.0,,,1,7.0,False,2024,Monaco,R,81.437,21.623,37.776,22.038
HAM,Mercedes,11.0,0 days 00:01:21.325000,0 days 00:00:21.667000,0 days 00:00:37.807000,0 days 00:00:21.851000,MEDIUM,10.0,2.0,,,1,7.0,False,2024,Monaco,R,81.325,21.667,37.807,21.851
HAM,Mercedes,12.0,0 days 00:01:21.164000,0 days 00:00:21.592000,0 days 00:00:37.746000,0 days 00:00:21.826000,MEDIUM,11.0,2.0,,,1,7.0,False,2024,Monaco,R,81.164,21.592,37.746,21.826
HAM,Mercedes,13.0,0 days 00:01:20.171000,0 days 00:00:21.429000,0 days 00:00:37.188000,0 days 00:00:21.554000,MEDIUM,12.0,2.0,,,1,7.0,False,2024,Monaco,R,80.171,21.429,37.188,21.554
HAM,Mercedes,14.0,0 days 00:01:20.126000,0 days 00:00:21.116000,0 days 00:00:37.471000,0 days 00:00:21.539000,MEDIUM,13.0,2.0,,,1,7.0,False,2024,Monaco,R,80.126,21.116,37.471,21.539
HAM,Mercedes,15.0,0 days 00:01:19.971000,0 days 00:00:21.169000,0 days 00:00:37.268000,0 days 00:00:21.534000,MEDIUM,14.0,2.0,,,1,7.0,False,2024,Monaco,R,79.971,21.169,37.268,21.534
HAM,Mercedes,16.0,0 days 00:01:20.384000,0 days 00:00:21.278000,0 days 00:00:37.545000,0 days 00:00:21.561000,MEDIUM,15.0,2.0,,,1,7.0,False,2024,Monaco,R,80.384,21.278,37.545,21.561
HAM,Mercedes,17.0,0 days 00:01:19.738000,0 days 00:00:20.869000,0 days 00:00:37.534000,0 days 00:00:21.335000,MEDIUM,16.0,2.0,,,1,7.0,False,2024,Monaco,R,79.738,20.869,37.534,21.335
HAM,Mercedes,18.0,0 days 00:01:20.037000,0 days 00:00:21.240000,0 days 00:00:37.431000,0 days 00:00:21.366000,MEDIUM,17.0,2.0,,,1,7.0,False,2024,Monaco,R,80.037,21.24,37.431,21.366
HAM,Mercedes,19.0,0 days 00:01:19.874000,0 days 00:00:21.105000,0 days 00:00:37.383000,0 days 00:00:21.386000,MEDIUM,18.0,2.0,,,1,7.0,False,2024,Monaco,R,79.874,21.105,37.383,21.386
HAM,Mercedes,20.0,0 days 00:01:20.504000,0 days 00:00:21.334000,0 days 00:00:37.659000,0 days 00:00:21.511000,MEDIUM,19.0,2.0,,,1,7.0,False,2024,Monaco,R,80.504,21.334,37.659,21.511
HAM,Mercedes,21.0,0 days 00:01:19.760000,0 days 00:00:21.219000,0 days 00:00:37.123000,0 days 00:00:21.418000,MEDIUM,20.0,2.0,,,1,7.0,False,2024,Monaco,R,79.76,21.219,37.123,21.418
HAM,Mercedes,22.0,0 days 00:01:20.590000,0 days 00:00:21.728000,0 days 00:00:37.543000,0 days 00:00:21.319000,MEDIUM,21.0,2.0,,,1,7.0,False,2024,Monaco,R,80.59,21.728,37.543,21.319
HAM,Mercedes,23.0,0 days 00:01:19.089000,0 days 00:00:21.281000,0 days 00:00:36.887000,0 days 00:00:20.921000,MEDIUM,22.0,2.0,,,1,7.0,False,2024,Monaco,R,79.089,21.281,36.887,20.921
HAM,Mercedes,24.0,0 days 00:01:18.785000,0 days 00:00:20.850000,0 days 00:00:36.635000,0 days 00:00:21.300000,MEDIUM,23.0,2.0,,,1,7.0,False,2024,Monaco,R,78.785,20.85,36.635,21.3
HAM,Mercedes,25.0,0 days 00:01:19.342000,0 days 00:00:21.045000,0 days 00:00:36.894000,0 days 00:00:21.403000,MEDIUM,24.0,2.0,,,1,7.0,False,2024,Monaco,R,79.342,21.045,36.894,21.403
HAM,Mercedes,26.0,0 days 00:01:19.862000,0 days 00:00:21.531000,0 days 00:00:37.064000,0 days 00:00:21.267000,MEDIUM,25.0,2.0,,,1,7.0,False,2024,Monaco,R,79.862,21.531,37.064,21.267
HAM,Mercedes,27.0,0 days 00:01:18.549000,0 days 00:00:20.906000,0 days 00:00:36.554000,0 days 00:00:21.089000,MEDIUM,26.0,2.0,,,1,7.0,False,2024,Monaco,R,78.549,20.906,36.554,21.089
HAM,Mercedes,28.0,0 days 00:01:18.587000,0 days 00:00:21.112000,0 days 00:00:36.631000,0 days 00:00:20.844000,MEDIUM,27.0,2.0,,,1,7.0,False,2024,Monaco,R,78.587,21.112,36.631,20.844
HAM,Mercedes,29.0,0 days 00:01:18.940000,0 days 00:00:21.157000,0 days 00:00:36.794000,0 days 00:00:20.989000,MEDIUM,28.0,2.0,,,1,7.0,False,2024,Monaco,R,78.94,21.157,36.794,20.989
HAM,Mercedes,30.0,0 days 00:01:18.371000,0 days 00:00:20.782000,0 days 00:00:36.586000,0 days 00:00:21.003000,MEDIUM,29.0,2.0,,,1,7.0,False,2024,Monaco,R,78.371,20.782,36.586,21.003
HAM,Mercedes,31.0,0 days 00:01:18.471000,0 days 00:00:21.051000,0 days 00:00:36.534000,0 days 00:00:20.886000,MEDIUM,30.0,2.0,,,1,7.0,False,2024,Monaco,R,78.471,21.051,36.534,20.886
HAM,Mercedes,32.0,0 days 00:01:18.618000,0 days 00:00:20.974000,0 days 00:00:36.599000,0 days 00:00:21.045000,MEDIUM,31.0,2.0,,,1,7.0,False,2024,Monaco,R,78.618,20.974,36.599,21.045
HAM,Mercedes,33.0,0 days 00:01:18.746000,0 days 00:00:20.940000,0 days 00:00:36.588000,0 days 00:00:21.218000,MEDIUM,32.0,2.0,,,1,7.0,False,2024,Monaco,R,78.746,20.94,36.588,21.218
HAM,Mercedes,34.0,0 days 00:01:18.860000,0 days 00:00:21.143000,0 days 00:00:36.668000,0 days 00:00:21.049000,MEDIUM,33.0,2.0,,,1,7.0,False,2024,Monaco,R,78.86,21.143,36.668,21.049
HAM,Mercedes,35.0,0 days 00:01:19.518000,0 days 00:00:21.181000,0 days 00:00:36.979000,0 days 00:00:21.358000,MEDIUM,34.0,2.0,,,1,7.0,False,2024,Monaco,R,79.518,21.181,36.979,21.358
HAM,Mercedes,36.0,0 days 00:01:20.648000,0 days 00:00:21.922000,0 days 00:00:37.249000,0 days 00:00:21.477000,MEDIUM,35.0,2.0,,,1,7.0,False,2024,Monaco,R,80.648,21.922,37.249,21.477
HAM,Mercedes,37.0,0 days 00:01:18.605000,0 days 00:00:21.010000,0 days 00:00:36.681000,0 days 00:00:20.914000,MEDIUM,36.0,2.0,,,1,7.0,False,2024,Monaco,R,78.605,21.01,36.681,20.914
HAM,Mercedes,38.0,0 days 00:01:20.514000,0 days 00:00:21.508000,0 days 00:00:37.283000,0 days 00:00:21.723000,MEDIUM,37.0,2.0,,,1,7.0,False,2024,Monaco,R,80.514,21.508,37.283,21.723
HAM,Mercedes,39.0,0 days 00:01:18.943000,0 days 00:00:20.953000,0 days 00:00:36.947000,0 days 00:00:21.043000,MEDIUM,38.0,2.0,,,1,7.0,False,2024,Monaco,R,78.943,20.953,36.947,21.043
HAM,Mercedes,40.0,0 days 00:01:18.673000,0 days 00:00:20.940000,0 days 00:00:36.732000,0 days 00:00:21.001000,MEDIUM,39.0,2.0,,,1,7.0,False,2024,Monaco,R,78.673,20.94,36.732,21.001
HAM,Mercedes,41.0,0 days 00:01:18.946000,0 days 00:00:21.003000,0 days 00:00:36.721000,0 days 00:00:21.222000,MEDIUM,40.0,2.0,,,1,7.0,False,2024,Monaco,R,78.946,21.003,36.721,21.222
HAM,Mercedes,42.0,0 days 00:01:17.542000,0 days 00:00:20.703000,0 days 00:00:36.110000,0 days 00:00:20.729000,MEDIUM,41.0,2.0,,,1,7.0,False,2024,Monaco,R,77.542,20.703,36.11,20.729
HAM,Mercedes,43.0,0 days 00:01:17.867000,0 days 00:00:20.754000,0 days 00:00:36.418000,0 days 00:00:20.695000,MEDIUM,42.0,2.0,,,1,7.0,False,2024,Monaco,R,77.867,20.754,36.418,20.695
HAM,Mercedes,44.0,0 days 00:01:18.225000,0 days 00:00:20.803000,0 days 00:00:36.511000,0 days 00:00:20.911000,MEDIUM,43.0,2.0,,,1,7.0,False,2024,Monaco,R,78.225,20.803,36.511,20.911
HAM,Mercedes,45.0,0 days 00:01:18.156000,0 days 00:00:20.583000,0 days 00:00:36.597000,0 days 00:00:20.976000,MEDIUM,44.0,2.0,,,1,7.0,False,2024,Monaco,R,78.156,20.583,36.597,20.976
HAM,Mercedes,46.0,0 days 00:01:18.104000,0 days 00:00:20.745000,0 days 00:00:36.466000,0 days 00:00:20.893000,MEDIUM,45.0,2.0,,,1,7.0,False,2024,Monaco,R,78.104,20.745,36.466,20.893
HAM,Mercedes,47.0,0 days 00:01:18.331000,0 days 00:00:20.748000,0 days 00:00:36.783000,0 days 00:00:20.800000,MEDIUM,46.0,2.0,,,1,7.0,False,2024,Monaco,R,78.331,20.748,36.783,20.8
HAM,Mercedes,48.0,0 days 00:01:17.831000,0 days 00:00:20.802000,0 days 00:00:36.424000,0 days 00:00:20.605000,MEDIUM,47.0,2.0,,,1,7.0,False,2024,Monaco,R,77.831,20.802,36.424,20.605
HAM,Mercedes,49.0,0 days 00:01:17.398000,0 days 00:00:20.468000,0 days 00:00:36.146000,0 days 00:00:20.784000,MEDIUM,48.0,2.0,,,1,7.0,False,2024,Monaco,R,77.398,20.468,36.146,20.784
HAM,Mercedes,50.0,0 days 00:01:18.461000,0 days 00:00:20.737000,0 days 00:00:36.831000,0 days 00:00:20.893000,MEDIUM,49.0,2.0,,,1,7.0,False,2024,Monaco,R,78.461,20.737,36.831,20.893
HAM,Mercedes,51.0,0 days 00:01:35.209000,0 days 00:00:21.037000,0 days 00:00:36.500000,0 days 00:00:37.672000,MEDIUM,50.0,2.0,0 days 02:44:05.864000,,1,7.0,False,2024,Monaco,R,95.209,21.037,36.5,37.672
HAM,Mercedes,52.0,0 days 00:01:19.702000,0 days 00:00:23.286000,0 days 00:00:36.357000,0 days 00:00:20.059000,HARD,2.0,3.0,,0 days 02:44:29.955000,12,7.0,False,2024,Monaco,R,79.702,23.286,36.357,20.059
HAM,Mercedes,53.0,0 days 00:01:16.458000,0 days 00:00:20.151000,0 days 00:00:35.889000,0 days 00:00:20.418000,HARD,3.0,3.0,,,1,7.0,False,2024,Monaco,R,76.458,20.151,35.889,20.418
HAM,Mercedes,54.0,0 days 00:01:16.388000,0 days 00:00:20.026000,0 days 00:00:35.636000,0 days 00:00:20.726000,HARD,4.0,3.0,,,1,7.0,False,2024,Monaco,R,76.388,20.026,35.636,20.726
HAM,Mercedes,55.0,0 days 00:01:16.492000,0 days 00:00:20.727000,0 days 00:00:35.648000,0 days 00:00:20.117000,HARD,5.0,3.0,,,1,7.0,False,2024,Monaco,R,76.492,20.727,35.648,20.117
HAM,Mercedes,56.0,0 days 00:01:14.423000,0 days 00:00:19.485000,0 days 00:00:35.057000,0 days 00:00:19.881000,HARD,6.0,3.0,,,1,7.0,False,2024,Monaco,R,74.423,19.485,35.057,19.881
HAM,Mercedes,57.0,0 days 00:01:17.857000,0 days 00:00:20.896000,0 days 00:00:36.389000,0 days 00:00:20.572000,HARD,7.0,3.0,,,1,7.0,False,2024,Monaco,R,77.857,20.896,36.389,20.572
HAM,Mercedes,58.0,0 days 00:01:16.855000,0 days 00:00:20.302000,0 days 00:00:36.102000,0 days 00:00:20.451000,HARD,8.0,3.0,,,1,7.0,True,2024,Monaco,R,76.855,20.302,36.102,20.451
HAM,Mercedes,59.0,0 days 00:01:14.204000,0 days 00:00:19.662000,0 days 00:00:34.842000,0 days 00:00:19.700000,HARD,9.0,3.0,,,1,7.0,False,2024,Monaco,R,74.204,19.662,34.842,19.7
HAM,Mercedes,60.0,0 days 00:01:15.848000,0 days 00:00:20.036000,0 days 00:00:35.591000,0 days 00:00:20.221000,HARD,10.0,3.0,,,1,7.0,False,2024,Monaco,R,75.848,20.036,35.591,20.221
HAM,Mercedes,61.0,0 days 00:01:15.274000,0 days 00:00:19.975000,0 days 00:00:35.321000,0 days 00:00:19.978000,HARD,11.0,3.0,,,1,7.0,False,2024,Monaco,R,75.274,19.975,35.321,19.978
HAM,Mercedes,62.0,0 days 00:01:15.414000,0 days 00:00:19.845000,0 days 00:00:35.580000,0 days 00:00:19.989000,HARD,12.0,3.0,,,1,7.0,False,2024,Monaco,R,75.414,19.845,35.58,19.989
HAM,Mercedes,63.0,0 days 00:01:14.165000,0 days 00:00:19.548000,0 days 00:00:34.854000,0 days 00:00:19.763000,HARD,13.0,3.0,,,1,7.0,False,2024,Monaco,R,74.165,19.548,34.854,19.763
HAM,Mercedes,64.0,0 days 00:01:16.164000,0 days 00:00:20.070000,0 days 00:00:35.964000,0 days 00:00:20.130000,HARD,14.0,3.0,,,1,7.0,False,2024,Monaco,R,76.164,20.07,35.964,20.13
HAM,Mercedes,65.0,0 days 00:01:15.190000,0 days 00:00:19.749000,0 days 00:00:35.463000,0 days 00:00:19.978000,HARD,15.0,3.0,,,1,7.0,False,2024,Monaco,R,75.19,19.749,35.463,19.978
HAM,Mercedes,66.0,0 days 00:01:15.342000,0 days 00:00:19.790000,0 days 00:00:35.241000,0 days 00:00:20.311000,HARD,16.0,3.0,,,1,7.0,False,2024,Monaco,R,75.342,19.79,35.241,20.311
HAM,Mercedes,67.0,0 days 00:01:16.117000,0 days 00:00:20.133000,0 days 00:00:35.744000,0 days 00:00:20.240000,HARD,17.0,3.0,,,1,7.0,False,2024,Monaco,R,76.117,20.133,35.744,20.24
HAM,Mercedes,68.0,0 days 00:01:15.836000,0 days 00:00:19.970000,0 days 00:00:35.592000,0 days 00:00:20.274000,HARD,18.0,3.0,,,1,7.0,False,2024,Monaco,R,75.836,19.97,35.592,20.274
HAM,Mercedes,69.0,0 days 00:01:15.648000,0 days 00:00:19.914000,0 days 00:00:35.491000,0 days 00:00:20.243000,HARD,19.0,3.0,,,1,7.0,False,2024,Monaco,R,75.648,19.914,35.491,20.243
HAM,Mercedes,70.0,0 days 00:01:15.638000,0 days 00:00:19.925000,0 days 00:00:35.469000,0 days 00:00:20.244000,HARD,20.0,3.0,,,1,7.0,False,2024,Monaco,R,75.638,19.925,35.469,20.244
HAM,Mercedes,71.0,0 days 00:01:15.643000,0 days 00:00:19.857000,0 days 00:00:35.584000,0 days 00:00:20.202000,HARD,21.0,3.0,,,1,7.0,False,2024,Monaco,R,75.643,19.857,35.584,20.202
HAM,Mercedes,72.0,0 days 00:01:15.468000,0 days 00:00:19.801000,0 days 00:00:35.562000,0 days 00:00:20.105000,HARD,22.0,3.0,,,1,7.0,False,2024,Monaco,R,75.468,19.801,35.562,20.105
HAM,Mercedes,73.0,0 days 00:01:15.134000,0 days 00:00:19.609000,0 days 00:00:35.432000,0 days 00:00:20.093000,HARD,23.0,3.0,,,1,7.0,False,2024,Monaco,R,75.134,19.609,35.432,20.093
HAM,Mercedes,74.0,0 days 00:01:15.324000,0 days 00:00:19.761000,0 days 00:00:35.473000,0 days 00:00:20.090000,HARD,24.0,3.0,,,1,7.0,False,2024,Monaco,R,75.324,19.761,35.473,20.09
HAM,Mercedes,75.0,0 days 00:01:15.324000,0 days 00:00:19.645000,0 days 00:00:35.508000,0 days 00:00:20.171000,HARD,25.0,3.0,,,1,7.0,False,2024,Monaco,R,75.324,19.645,35.508,20.171
HAM,Mercedes,76.0,0 days 00:01:15.245000,0 days 00:00:19.676000,0 days 00:00:35.493000,0 days 00:00:20.076000,HARD,26.0,3.0,,,1,7.0,False,2024,Monaco,R,75.245,19.676,35.493,20.076
HAM,Mercedes,77.0,0 days 00:01:15.697000,0 days 00:00:19.854000,0 days 00:00:35.590000,0 days 00:00:20.253000,HARD,27.0,3.0,,,1,7.0,False,2024,Monaco,R,75.697,19.854,35.59,20.253
HAM,Mercedes,78.0,0 days 00:01:16.355000,0 days 00:00:19.818000,0 days 00:00:35.947000,0 days 00:00:20.590000,HARD,28.0,3.0,,,1,7.0,False,2024,Monaco,R,76.355,19.818,35.947,20.59
TSU,RB,1.0,0 days 00:41:28.609000,,0 days 00:00:54.783000,,MEDIUM,1.0,1.0,0 days 00:56:58.053000,,1254,8.0,False,2024,Monaco,R,2488.609,,54.783,
TSU,RB,2.0,0 days 00:02:28.277000,0 days 00:00:25.893000,0 days 00:00:41.120000,0 days 00:01:21.264000,HARD,2.0,2.0,,0 days 01:36:35.390000,41,8.0,False,2024,Monaco,R,148.277,25.893,41.12,81.264
TSU,RB,3.0,0 days 00:01:27.563000,0 days 00:00:25.178000,0 days 00:00:39.894000,0 days 00:00:22.491000,HARD,3.0,2.0,,,1,8.0,False,2024,Monaco,R,87.563,25.178,39.894,22.491
TSU,RB,4.0,0 days 00:01:23.327000,0 days 00:00:21.941000,0 days 00:00:39.033000,0 days 00:00:22.353000,HARD,4.0,2.0,,,1,8.0,False,2024,Monaco,R,83.327,21.941,39.033,22.353
TSU,RB,5.0,0 days 00:01:23.493000,0 days 00:00:22.196000,0 days 00:00:38.966000,0 days 00:00:22.331000,HARD,5.0,2.0,,,1,8.0,False,2024,Monaco,R,83.493,22.196,38.966,22.331
TSU,RB,6.0,0 days 00:01:23.224000,0 days 00:00:21.974000,0 days 00:00:38.856000,0 days 00:00:22.394000,HARD,6.0,2.0,,,1,8.0,False,2024,Monaco,R,83.224,21.974,38.856,22.394
TSU,RB,7.0,0 days 00:01:21.826000,0 days 00:00:22.013000,0 days 00:00:38.129000,0 days 00:00:21.684000,HARD,7.0,2.0,,,1,8.0,False,2024,Monaco,R,81.826,22.013,38.129,21.684
TSU,RB,8.0,0 days 00:01:21.651000,0 days 00:00:21.607000,0 days 00:00:38.301000,0 days 00:00:21.743000,HARD,8.0,2.0,,,1,8.0,False,2024,Monaco,R,81.651,21.607,38.301,21.743
TSU,RB,9.0,0 days 00:01:21.896000,0 days 00:00:21.733000,0 days 00:00:38.258000,0 days 00:00:21.905000,HARD,9.0,2.0,,,1,8.0,False,2024,Monaco,R,81.896,21.733,38.258,21.905
TSU,RB,10.0,0 days 00:01:21.591000,0 days 00:00:21.633000,0 days 00:00:38.094000,0 days 00:00:21.864000,HARD,10.0,2.0,,,1,8.0,False,2024,Monaco,R,81.591,21.633,38.094,21.864
TSU,RB,11.0,0 days 00:01:21.289000,0 days 00:00:21.487000,0 days 00:00:38.230000,0 days 00:00:21.572000,HARD,11.0,2.0,,,1,8.0,False,2024,Monaco,R,81.289,21.487,38.23,21.572
TSU,RB,12.0,0 days 00:01:21.089000,0 days 00:00:21.543000,0 days 00:00:37.878000,0 days 00:00:21.668000,HARD,12.0,2.0,,,1,8.0,False,2024,Monaco,R,81.089,21.543,37.878,21.668
TSU,RB,13.0,0 days 00:01:20.682000,0 days 00:00:21.367000,0 days 00:00:37.807000,0 days 00:00:21.508000,HARD,13.0,2.0,,,1,8.0,False,2024,Monaco,R,80.682,21.367,37.807,21.508
TSU,RB,14.0,0 days 00:01:21.249000,0 days 00:00:21.513000,0 days 00:00:38.100000,0 days 00:00:21.636000,HARD,14.0,2.0,,,1,8.0,False,2024,Monaco,R,81.249,21.513,38.1,21.636
TSU,RB,15.0,0 days 00:01:20.099000,0 days 00:00:20.937000,0 days 00:00:37.501000,0 days 00:00:21.661000,HARD,15.0,2.0,,,1,8.0,False,2024,Monaco,R,80.099,20.937,37.501,21.661
TSU,RB,16.0,0 days 00:01:20.847000,0 days 00:00:21.350000,0 days 00:00:38.002000,0 days 00:00:21.495000,HARD,16.0,2.0,,,1,8.0,False,2024,Monaco,R,80.847,21.35,38.002,21.495
TSU,RB,17.0,0 days 00:01:20.335000,0 days 00:00:21.282000,0 days 00:00:37.659000,0 days 00:00:21.394000,HARD,17.0,2.0,,,1,8.0,False,2024,Monaco,R,80.335,21.282,37.659,21.394
TSU,RB,18.0,0 days 00:01:20.612000,0 days 00:00:21.336000,0 days 00:00:37.629000,0 days 00:00:21.647000,HARD,18.0,2.0,,,1,8.0,False,2024,Monaco,R,80.612,21.336,37.629,21.647
TSU,RB,19.0,0 days 00:01:20.770000,0 days 00:00:21.296000,0 days 00:00:37.813000,0 days 00:00:21.661000,HARD,19.0,2.0,,,1,8.0,False,2024,Monaco,R,80.77,21.296,37.813,21.661
TSU,RB,20.0,0 days 00:01:19.991000,0 days 00:00:21.290000,0 days 00:00:37.392000,0 days 00:00:21.309000,HARD,20.0,2.0,,,1,8.0,False,2024,Monaco,R,79.991,21.29,37.392,21.309
TSU,RB,21.0,0 days 00:01:20.557000,0 days 00:00:21.256000,0 days 00:00:37.782000,0 days 00:00:21.519000,HARD,21.0,2.0,,,1,8.0,False,2024,Monaco,R,80.557,21.256,37.782,21.519
TSU,RB,22.0,0 days 00:01:20.875000,0 days 00:00:21.371000,0 days 00:00:37.821000,0 days 00:00:21.683000,HARD,22.0,2.0,,,1,8.0,False,2024,Monaco,R,80.875,21.371,37.821,21.683
TSU,RB,23.0,0 days 00:01:20.450000,0 days 00:00:21.248000,0 days 00:00:37.823000,0 days 00:00:21.379000,HARD,23.0,2.0,,,1,8.0,False,2024,Monaco,R,80.45,21.248,37.823,21.379
TSU,RB,24.0,0 days 00:01:20.386000,0 days 00:00:21.078000,0 days 00:00:37.672000,0 days 00:00:21.636000,HARD,24.0,2.0,,,1,8.0,False,2024,Monaco,R,80.386,21.078,37.672,21.636
TSU,RB,25.0,0 days 00:01:20.329000,0 days 00:00:21.288000,0 days 00:00:37.466000,0 days 00:00:21.575000,HARD,25.0,2.0,,,1,8.0,False,2024,Monaco,R,80.329,21.288,37.466,21.575
TSU,RB,26.0,0 days 00:01:20.448000,0 days 00:00:21.082000,0 days 00:00:37.707000,0 days 00:00:21.659000,HARD,26.0,2.0,,,1,8.0,False,2024,Monaco,R,80.448,21.082,37.707,21.659
TSU,RB,27.0,0 days 00:01:20.286000,0 days 00:00:21.129000,0 days 00:00:37.549000,0 days 00:00:21.608000,HARD,27.0,2.0,,,1,8.0,False,2024,Monaco,R,80.286,21.129,37.549,21.608
TSU,RB,28.0,0 days 00:01:20.184000,0 days 00:00:21.183000,0 days 00:00:37.528000,0 days 00:00:21.473000,HARD,28.0,2.0,,,1,8.0,False,2024,Monaco,R,80.184,21.183,37.528,21.473
TSU,RB,29.0,0 days 00:01:19.837000,0 days 00:00:21.149000,0 days 00:00:37.320000,0 days 00:00:21.368000,HARD,29.0,2.0,,,1,8.0,False,2024,Monaco,R,79.837,21.149,37.32,21.368
TSU,RB,30.0,0 days 00:01:20.495000,0 days 00:00:21.124000,0 days 00:00:37.673000,0 days 00:00:21.698000,HARD,30.0,2.0,,,1,8.0,False,2024,Monaco,R,80.495,21.124,37.673,21.698
TSU,RB,31.0,0 days 00:01:20.190000,0 days 00:00:21.260000,0 days 00:00:37.446000,0 days 00:00:21.484000,HARD,31.0,2.0,,,1,8.0,False,2024,Monaco,R,80.19,21.26,37.446,21.484
TSU,RB,32.0,0 days 00:01:21.023000,0 days 00:00:21.281000,0 days 00:00:37.967000,0 days 00:00:21.775000,HARD,32.0,2.0,,,1,8.0,False,2024,Monaco,R,81.023,21.281,37.967,21.775
TSU,RB,33.0,0 days 00:01:20.749000,0 days 00:00:21.333000,0 days 00:00:37.827000,0 days 00:00:21.589000,HARD,33.0,2.0,,,1,8.0,False,2024,Monaco,R,80.749,21.333,37.827,21.589
TSU,RB,34.0,0 days 00:01:19.153000,0 days 00:00:20.994000,0 days 00:00:37.077000,0 days 00:00:21.082000,HARD,34.0,2.0,,,1,8.0,False,2024,Monaco,R,79.153,20.994,37.077,21.082
TSU,RB,35.0,0 days 00:01:18.973000,0 days 00:00:20.721000,0 days 00:00:37.120000,0 days 00:00:21.132000,HARD,35.0,2.0,,,1,8.0,False,2024,Monaco,R,78.973,20.721,37.12,21.132
TSU,RB,36.0,0 days 00:01:19.472000,0 days 00:00:20.987000,0 days 00:00:37.275000,0 days 00:00:21.210000,HARD,36.0,2.0,,,1,8.0,False,2024,Monaco,R,79.472,20.987,37.275,21.21
TSU,RB,37.0,0 days 00:01:20.071000,0 days 00:00:20.937000,0 days 00:00:37.456000,0 days 00:00:21.678000,HARD,37.0,2.0,,,1,8.0,False,2024,Monaco,R,80.071,20.937,37.456,21.678
TSU,RB,38.0,0 days 00:01:20.117000,0 days 00:00:21.072000,0 days 00:00:37.534000,0 days 00:00:21.511000,HARD,38.0,2.0,,,1,8.0,False,2024,Monaco,R,80.117,21.072,37.534,21.511
TSU,RB,39.0,0 days 00:01:19.855000,0 days 00:00:20.936000,0 days 00:00:37.401000,0 days 00:00:21.518000,HARD,39.0,2.0,,,1,8.0,False,2024,Monaco,R,79.855,20.936,37.401,21.518
TSU,RB,40.0,0 days 00:01:19.745000,0 days 00:00:20.967000,0 days 00:00:37.353000,0 days 00:00:21.425000,HARD,40.0,2.0,,,1,8.0,False,2024,Monaco,R,79.745,20.967,37.353,21.425
TSU,RB,41.0,0 days 00:01:20.772000,0 days 00:00:20.821000,0 days 00:00:38.018000,0 days 00:00:21.933000,HARD,41.0,2.0,,,1,8.0,False,2024,Monaco,R,80.772,20.821,38.018,21.933
TSU,RB,42.0,0 days 00:01:20.320000,0 days 00:00:21.130000,0 days 00:00:37.580000,0 days 00:00:21.610000,HARD,42.0,2.0,,,1,8.0,False,2024,Monaco,R,80.32,21.13,37.58,21.61
TSU,RB,43.0,0 days 00:01:20.135000,0 days 00:00:21.002000,0 days 00:00:37.553000,0 days 00:00:21.580000,HARD,43.0,2.0,,,1,8.0,False,2024,Monaco,R,80.135,21.002,37.553,21.58
TSU,RB,44.0,0 days 00:01:20.394000,0 days 00:00:20.771000,0 days 00:00:37.723000,0 days 00:00:21.900000,HARD,44.0,2.0,,,1,8.0,False,2024,Monaco,R,80.394,20.771,37.723,21.9
TSU,RB,45.0,0 days 00:01:20.144000,0 days 00:00:20.924000,0 days 00:00:37.506000,0 days 00:00:21.714000,HARD,45.0,2.0,,,1,8.0,False,2024,Monaco,R,80.144,20.924,37.506,21.714
TSU,RB,46.0,0 days 00:01:20.294000,0 days 00:00:20.841000,0 days 00:00:37.681000,0 days 00:00:21.772000,HARD,46.0,2.0,,,1,8.0,False,2024,Monaco,R,80.294,20.841,37.681,21.772
TSU,RB,47.0,0 days 00:01:20.426000,0 days 00:00:20.968000,0 days 00:00:37.592000,0 days 00:00:21.866000,HARD,47.0,2.0,,,1,8.0,False,2024,Monaco,R,80.426,20.968,37.592,21.866
TSU,RB,48.0,0 days 00:01:20.543000,0 days 00:00:20.994000,0 days 00:00:37.876000,0 days 00:00:21.673000,HARD,48.0,2.0,,,1,8.0,False,2024,Monaco,R,80.543,20.994,37.876,21.673
TSU,RB,49.0,0 days 00:01:20.109000,0 days 00:00:20.826000,0 days 00:00:37.500000,0 days 00:00:21.783000,HARD,49.0,2.0,,,1,8.0,False,2024,Monaco,R,80.109,20.826,37.5,21.783
TSU,RB,50.0,0 days 00:01:19.553000,0 days 00:00:21.074000,0 days 00:00:37.375000,0 days 00:00:21.104000,HARD,50.0,2.0,,,1,8.0,False,2024,Monaco,R,79.553,21.074,37.375,21.104
TSU,RB,51.0,0 days 00:01:18.640000,0 days 00:00:20.706000,0 days 00:00:36.933000,0 days 00:00:21.001000,HARD,51.0,2.0,,,1,8.0,False,2024,Monaco,R,78.64,20.706,36.933,21.001
TSU,RB,52.0,0 days 00:01:20.114000,0 days 00:00:20.817000,0 days 00:00:37.528000,0 days 00:00:21.769000,HARD,52.0,2.0,,,12,8.0,False,2024,Monaco,R,80.114,20.817,37.528,21.769
TSU,RB,53.0,0 days 00:01:19.854000,0 days 00:00:20.913000,0 days 00:00:37.430000,0 days 00:00:21.511000,HARD,53.0,2.0,,,1,8.0,False,2024,Monaco,R,79.854,20.913,37.43,21.511
TSU,RB,54.0,0 days 00:01:25.770000,0 days 00:00:21.185000,0 days 00:00:41.211000,0 days 00:00:23.374000,HARD,54.0,2.0,,,1,8.0,False,2024,Monaco,R,85.77,21.185,41.211,23.374
TSU,RB,55.0,0 days 00:01:19.781000,0 days 00:00:21.418000,0 days 00:00:37.189000,0 days 00:00:21.174000,HARD,55.0,2.0,,,1,8.0,False,2024,Monaco,R,79.781,21.418,37.189,21.174
TSU,RB,56.0,0 days 00:01:18.502000,0 days 00:00:20.645000,0 days 00:00:36.898000,0 days 00:00:20.959000,HARD,56.0,2.0,,,1,8.0,False,2024,Monaco,R,78.502,20.645,36.898,20.959
TSU,RB,57.0,0 days 00:01:18.499000,0 days 00:00:20.624000,0 days 00:00:36.856000,0 days 00:00:21.019000,HARD,57.0,2.0,,,1,8.0,False,2024,Monaco,R,78.499,20.624,36.856,21.019
TSU,RB,58.0,0 days 00:01:18.737000,0 days 00:00:20.615000,0 days 00:00:36.951000,0 days 00:00:21.171000,HARD,58.0,2.0,,,1,8.0,False,2024,Monaco,R,78.737,20.615,36.951,21.171
TSU,RB,59.0,0 days 00:01:18.035000,0 days 00:00:20.382000,0 days 00:00:36.572000,0 days 00:00:21.081000,HARD,59.0,2.0,,,1,8.0,False,2024,Monaco,R,78.035,20.382,36.572,21.081
TSU,RB,60.0,0 days 00:01:19.659000,0 days 00:00:21.295000,0 days 00:00:37.031000,0 days 00:00:21.333000,HARD,60.0,2.0,,,1,8.0,False,2024,Monaco,R,79.659,21.295,37.031,21.333
TSU,RB,61.0,0 days 00:01:20.298000,0 days 00:00:21.322000,0 days 00:00:37.502000,0 days 00:00:21.474000,HARD,61.0,2.0,,,1,8.0,False,2024,Monaco,R,80.298,21.322,37.502,21.474
TSU,RB,62.0,0 days 00:01:19.375000,0 days 00:00:20.875000,0 days 00:00:37.089000,0 days 00:00:21.411000,HARD,62.0,2.0,,,1,8.0,False,2024,Monaco,R,79.375,20.875,37.089,21.411
TSU,RB,63.0,0 days 00:01:23.218000,0 days 00:00:22.870000,0 days 00:00:38.824000,0 days 00:00:21.524000,HARD,63.0,2.0,,,1,8.0,False,2024,Monaco,R,83.218,22.87,38.824,21.524
TSU,RB,64.0,0 days 00:01:17.631000,0 days 00:00:20.273000,0 days 00:00:36.546000,0 days 00:00:20.812000,HARD,64.0,2.0,,,1,8.0,False,2024,Monaco,R,77.631,20.273,36.546,20.812
TSU,RB,65.0,0 days 00:01:17.019000,0 days 00:00:20.151000,0 days 00:00:36.176000,0 days 00:00:20.692000,HARD,65.0,2.0,,,1,8.0,False,2024,Monaco,R,77.019,20.151,36.176,20.692
TSU,RB,66.0,0 days 00:01:18.197000,0 days 00:00:20.092000,0 days 00:00:36.571000,0 days 00:00:21.534000,HARD,66.0,2.0,,,1,8.0,False,2024,Monaco,R,78.197,20.092,36.571,21.534
TSU,RB,67.0,0 days 00:01:18.148000,0 days 00:00:20.481000,0 days 00:00:36.615000,0 days 00:00:21.052000,HARD,67.0,2.0,,,1,8.0,False,2024,Monaco,R,78.148,20.481,36.615,21.052
TSU,RB,68.0,0 days 00:01:18.209000,0 days 00:00:20.457000,0 days 00:00:36.685000,0 days 00:00:21.067000,HARD,68.0,2.0,,,1,8.0,False,2024,Monaco,R,78.209,20.457,36.685,21.067
TSU,RB,69.0,0 days 00:01:20.032000,0 days 00:00:21.076000,0 days 00:00:37.805000,0 days 00:00:21.151000,HARD,69.0,2.0,,,1,8.0,False,2024,Monaco,R,80.032,21.076,37.805,21.151
TSU,RB,70.0,0 days 00:01:19.347000,0 days 00:00:20.939000,0 days 00:00:37.082000,0 days 00:00:21.326000,HARD,70.0,2.0,,,1,8.0,False,2024,Monaco,R,79.347,20.939,37.082,21.326
TSU,RB,71.0,0 days 00:01:18.258000,0 days 00:00:21.008000,0 days 00:00:36.627000,0 days 00:00:20.623000,HARD,71.0,2.0,,,1,8.0,False,2024,Monaco,R,78.258,21.008,36.627,20.623
TSU,RB,72.0,0 days 00:01:17.079000,0 days 00:00:20.332000,0 days 00:00:36.338000,0 days 00:00:20.409000,HARD,72.0,2.0,,,1,8.0,False,2024,Monaco,R,77.079,20.332,36.338,20.409
TSU,RB,73.0,0 days 00:01:15.955000,0 days 00:00:19.812000,0 days 00:00:35.754000,0 days 00:00:20.389000,HARD,73.0,2.0,,,1,8.0,False,2024,Monaco,R,75.955,19.812,35.754,20.389
TSU,RB,74.0,0 days 00:01:15.462000,0 days 00:00:19.778000,0 days 00:00:35.445000,0 days 00:00:20.239000,HARD,74.0,2.0,,,1,8.0,False,2024,Monaco,R,75.462,19.778,35.445,20.239
TSU,RB,75.0,0 days 00:01:14.992000,0 days 00:00:19.571000,0 days 00:00:35.257000,0 days 00:00:20.164000,HARD,75.0,2.0,,,1,8.0,False,2024,Monaco,R,74.992,19.571,35.257,20.164
TSU,RB,76.0,0 days 00:01:15.205000,0 days 00:00:19.626000,0 days 00:00:35.387000,0 days 00:00:20.192000,HARD,76.0,2.0,,,1,8.0,False,2024,Monaco,R,75.205,19.626,35.387,20.192
TSU,RB,77.0,0 days 00:01:14.720000,0 days 00:00:19.503000,0 days 00:00:35.233000,0 days 00:00:19.984000,HARD,77.0,2.0,,,1,8.0,False,2024,Monaco,R,74.72,19.503,35.233,19.984
ALB,Williams,1.0,0 days 00:41:34.817000,,0 days 00:00:55.498000,,MEDIUM,1.0,1.0,0 days 00:57:00.668000,,1254,9.0,False,2024,Monaco,R,2494.817,,55.498,
ALB,Williams,2.0,0 days 00:02:22.255000,0 days 00:00:26.143000,0 days 00:00:40.862000,0 days 00:01:15.250000,HARD,1.0,2.0,,0 days 01:36:41.722000,41,9.0,False,2024,Monaco,R,142.255,26.143,40.862,75.25
ALB,Williams,3.0,0 days 00:01:27.834000,0 days 00:00:25.399000,0 days 00:00:39.935000,0 days 00:00:22.500000,HARD,2.0,2.0,,,1,9.0,False,2024,Monaco,R,87.834,25.399,39.935,22.5
ALB,Williams,4.0,0 days 00:01:23.286000,0 days 00:00:21.826000,0 days 00:00:39.210000,0 days 00:00:22.250000,HARD,3.0,2.0,,,1,9.0,False,2024,Monaco,R,83.286,21.826,39.21,22.25
ALB,Williams,5.0,0 days 00:01:23.369000,0 days 00:00:22.133000,0 days 00:00:39.122000,0 days 00:00:22.114000,HARD,4.0,2.0,,,1,9.0,False,2024,Monaco,R,83.369,22.133,39.122,22.114
ALB,Williams,6.0,0 days 00:01:23.416000,0 days 00:00:22.168000,0 days 00:00:39.171000,0 days 00:00:22.077000,HARD,5.0,2.0,,,1,9.0,False,2024,Monaco,R,83.416,22.168,39.171,22.077
ALB,Williams,7.0,0 days 00:01:21.913000,0 days 00:00:21.895000,0 days 00:00:38.406000,0 days 00:00:21.612000,HARD,6.0,2.0,,,1,9.0,False,2024,Monaco,R,81.913,21.895,38.406,21.612
ALB,Williams,8.0,0 days 00:01:21.536000,0 days 00:00:21.711000,0 days 00:00:38.180000,0 days 00:00:21.645000,HARD,7.0,2.0,,,1,9.0,False,2024,Monaco,R,81.536,21.711,38.18,21.645
ALB,Williams,9.0,0 days 00:01:22.004000,0 days 00:00:21.830000,0 days 00:00:38.449000,0 days 00:00:21.725000,HARD,8.0,2.0,,,1,9.0,False,2024,Monaco,R,82.004,21.83,38.449,21.725
ALB,Williams,10.0,0 days 00:01:21.562000,0 days 00:00:21.790000,0 days 00:00:38.274000,0 days 00:00:21.498000,HARD,9.0,2.0,,,1,9.0,False,2024,Monaco,R,81.562,21.79,38.274,21.498
ALB,Williams,11.0,0 days 00:01:21.514000,0 days 00:00:21.533000,0 days 00:00:38.313000,0 days 00:00:21.668000,HARD,10.0,2.0,,,1,9.0,False,2024,Monaco,R,81.514,21.533,38.313,21.668
ALB,Williams,12.0,0 days 00:01:20.821000,0 days 00:00:21.144000,0 days 00:00:38.254000,0 days 00:00:21.423000,HARD,11.0,2.0,,,1,9.0,False,2024,Monaco,R,80.821,21.144,38.254,21.423
ALB,Williams,13.0,0 days 00:01:21.420000,0 days 00:00:21.388000,0 days 00:00:38,0 days 00:00:22.032000,HARD,12.0,2.0,,,1,9.0,False,2024,Monaco,R,81.42,21.388,38.0,22.032
ALB,Williams,14.0,0 days 00:01:20.591000,0 days 00:00:21.387000,0 days 00:00:37.838000,0 days 00:00:21.366000,HARD,13.0,2.0,,,1,9.0,False,2024,Monaco,R,80.591,21.387,37.838,21.366
ALB,Williams,15.0,0 days 00:01:20.591000,0 days 00:00:21.041000,0 days 00:00:37.916000,0 days 00:00:21.634000,HARD,14.0,2.0,,,1,9.0,False,2024,Monaco,R,80.591,21.041,37.916,21.634
ALB,Williams,16.0,0 days 00:01:20.793000,0 days 00:00:21.381000,0 days 00:00:38.071000,0 days 00:00:21.341000,HARD,15.0,2.0,,,1,9.0,False,2024,Monaco,R,80.793,21.381,38.071,21.341
ALB,Williams,17.0,0 days 00:01:21.137000,0 days 00:00:21.234000,0 days 00:00:38.326000,0 days 00:00:21.577000,HARD,16.0,2.0,,,1,9.0,False,2024,Monaco,R,81.137,21.234,38.326,21.577
ALB,Williams,18.0,0 days 00:01:20.042000,0 days 00:00:21.154000,0 days 00:00:37.654000,0 days 00:00:21.234000,HARD,17.0,2.0,,,1,9.0,False,2024,Monaco,R,80.042,21.154,37.654,21.234
ALB,Williams,19.0,0 days 00:01:20.245000,0 days 00:00:21.250000,0 days 00:00:37.787000,0 days 00:00:21.208000,HARD,18.0,2.0,,,1,9.0,False,2024,Monaco,R,80.245,21.25,37.787,21.208
ALB,Williams,20.0,0 days 00:01:20.360000,0 days 00:00:21.177000,0 days 00:00:37.505000,0 days 00:00:21.678000,HARD,19.0,2.0,,,1,9.0,False,2024,Monaco,R,80.36,21.177,37.505,21.678
ALB,Williams,21.0,0 days 00:01:20.937000,0 days 00:00:21.465000,0 days 00:00:38.094000,0 days 00:00:21.378000,HARD,20.0,2.0,,,1,9.0,False,2024,Monaco,R,80.937,21.465,38.094,21.378
ALB,Williams,22.0,0 days 00:01:20.542000,0 days 00:00:21.096000,0 days 00:00:38.036000,0 days 00:00:21.410000,HARD,21.0,2.0,,,1,9.0,False,2024,Monaco,R,80.542,21.096,38.036,21.41
ALB,Williams,23.0,0 days 00:01:20.143000,0 days 00:00:21.170000,0 days 00:00:37.722000,0 days 00:00:21.251000,HARD,22.0,2.0,,,1,9.0,False,2024,Monaco,R,80.143,21.17,37.722,21.251
ALB,Williams,24.0,0 days 00:01:20.517000,0 days 00:00:21.307000,0 days 00:00:37.772000,0 days 00:00:21.438000,HARD,23.0,2.0,,,1,9.0,False,2024,Monaco,R,80.517,21.307,37.772,21.438
ALB,Williams,25.0,0 days 00:01:20.323000,0 days 00:00:21.153000,0 days 00:00:37.773000,0 days 00:00:21.397000,HARD,24.0,2.0,,,1,9.0,False,2024,Monaco,R,80.323,21.153,37.773,21.397
ALB,Williams,26.0,0 days 00:01:20.463000,0 days 00:00:21.302000,0 days 00:00:37.698000,0 days 00:00:21.463000,HARD,25.0,2.0,,,1,9.0,False,2024,Monaco,R,80.463,21.302,37.698,21.463
ALB,Williams,27.0,0 days 00:01:20.509000,0 days 00:00:21.314000,0 days 00:00:37.738000,0 days 00:00:21.457000,HARD,26.0,2.0,,,1,9.0,False,2024,Monaco,R,80.509,21.314,37.738,21.457
ALB,Williams,28.0,0 days 00:01:19.510000,0 days 00:00:21.281000,0 days 00:00:37.151000,0 days 00:00:21.078000,HARD,27.0,2.0,,,1,9.0,False,2024,Monaco,R,79.51,21.281,37.151,21.078
ALB,Williams,29.0,0 days 00:01:20.271000,0 days 00:00:21.124000,0 days 00:00:37.342000,0 days 00:00:21.805000,HARD,28.0,2.0,,,1,9.0,False,2024,Monaco,R,80.271,21.124,37.342,21.805
ALB,Williams,30.0,0 days 00:01:21.439000,0 days 00:00:21.906000,0 days 00:00:38.215000,0 days 00:00:21.318000,HARD,29.0,2.0,,,1,9.0,False,2024,Monaco,R,81.439,21.906,38.215,21.318
ALB,Williams,31.0,0 days 00:01:20.941000,0 days 00:00:21.376000,0 days 00:00:37.952000,0 days 00:00:21.613000,HARD,30.0,2.0,,,1,9.0,False,2024,Monaco,R,80.941,21.376,37.952,21.613
ALB,Williams,32.0,0 days 00:01:20.148000,0 days 00:00:21.103000,0 days 00:00:37.794000,0 days 00:00:21.251000,HARD,31.0,2.0,,,1,9.0,False,2024,Monaco,R,80.148,21.103,37.794,21.251
ALB,Williams,33.0,0 days 00:01:19.491000,0 days 00:00:21.117000,0 days 00:00:37.286000,0 days 00:00:21.088000,HARD,32.0,2.0,,,1,9.0,False,2024,Monaco,R,79.491,21.117,37.286,21.088
ALB,Williams,34.0,0 days 00:01:19.134000,0 days 00:00:21.073000,0 days 00:00:37.168000,0 days 00:00:20.893000,HARD,33.0,2.0,,,1,9.0,False,2024,Monaco,R,79.134,21.073,37.168,20.893
ALB,Williams,35.0,0 days 00:01:18.816000,0 days 00:00:20.981000,0 days 00:00:36.918000,0 days 00:00:20.917000,HARD,34.0,2.0,,,1,9.0,False,2024,Monaco,R,78.816,20.981,36.918,20.917
ALB,Williams,36.0,0 days 00:01:21.628000,0 days 00:00:21.372000,0 days 00:00:38.669000,0 days 00:00:21.587000,HARD,35.0,2.0,,,1,9.0,False,2024,Monaco,R,81.628,21.372,38.669,21.587
ALB,Williams,37.0,0 days 00:01:20.775000,0 days 00:00:21.591000,0 days 00:00:37.967000,0 days 00:00:21.217000,HARD,36.0,2.0,,,1,9.0,False,2024,Monaco,R,80.775,21.591,37.967,21.217
ALB,Williams,38.0,0 days 00:01:20.314000,0 days 00:00:21.152000,0 days 00:00:37.677000,0 days 00:00:21.485000,HARD,37.0,2.0,,,1,9.0,False,2024,Monaco,R,80.314,21.152,37.677,21.485
ALB,Williams,39.0,0 days 00:01:20.389000,0 days 00:00:21.367000,0 days 00:00:37.774000,0 days 00:00:21.248000,HARD,38.0,2.0,,,1,9.0,False,2024,Monaco,R,80.389,21.367,37.774,21.248
ALB,Williams,40.0,0 days 00:01:19.812000,0 days 00:00:20.846000,0 days 00:00:37.656000,0 days 00:00:21.310000,HARD,39.0,2.0,,,1,9.0,False,2024,Monaco,R,79.812,20.846,37.656,21.31
ALB,Williams,41.0,0 days 00:01:19.329000,0 days 00:00:20.972000,0 days 00:00:37.375000,0 days 00:00:20.982000,HARD,40.0,2.0,,,1,9.0,False,2024,Monaco,R,79.329,20.972,37.375,20.982
ALB,Williams,42.0,0 days 00:01:20.084000,0 days 00:00:21.403000,0 days 00:00:37.569000,0 days 00:00:21.112000,HARD,41.0,2.0,,,1,9.0,False,2024,Monaco,R,80.084,21.403,37.569,21.112
ALB,Williams,43.0,0 days 00:01:19.496000,0 days 00:00:21.022000,0 days 00:00:37.395000,0 days 00:00:21.079000,HARD,42.0,2.0,,,1,9.0,False,2024,Monaco,R,79.496,21.022,37.395,21.079
ALB,Williams,44.0,0 days 00:01:19.683000,0 days 00:00:21.013000,0 days 00:00:37.472000,0 days 00:00:21.198000,HARD,43.0,2.0,,,1,9.0,False,2024,Monaco,R,79.683,21.013,37.472,21.198
ALB,Williams,45.0,0 days 00:01:21.748000,0 days 00:00:21.867000,0 days 00:00:37.986000,0 days 00:00:21.895000,HARD,44.0,2.0,,,1,9.0,False,2024,Monaco,R,81.748,21.867,37.986,21.895
ALB,Williams,46.0,0 days 00:01:20.594000,0 days 00:00:21.380000,0 days 00:00:37.939000,0 days 00:00:21.275000,HARD,45.0,2.0,,,1,9.0,False,2024,Monaco,R,80.594,21.38,37.939,21.275
ALB,Williams,47.0,0 days 00:01:20.462000,0 days 00:00:21.142000,0 days 00:00:37.705000,0 days 00:00:21.615000,HARD,46.0,2.0,,,1,9.0,False,2024,Monaco,R,80.462,21.142,37.705,21.615
ALB,Williams,48.0,0 days 00:01:19.321000,0 days 00:00:20.659000,0 days 00:00:37.436000,0 days 00:00:21.226000,HARD,47.0,2.0,,,1,9.0,False,2024,Monaco,R,79.321,20.659,37.436,21.226
ALB,Williams,49.0,0 days 00:01:19.378000,0 days 00:00:20.802000,0 days 00:00:37.344000,0 days 00:00:21.232000,HARD,48.0,2.0,,,1,9.0,False,2024,Monaco,R,79.378,20.802,37.344,21.232
ALB,Williams,50.0,0 days 00:01:19.268000,0 days 00:00:20.949000,0 days 00:00:37.161000,0 days 00:00:21.158000,HARD,49.0,2.0,,,1,9.0,False,2024,Monaco,R,79.268,20.949,37.161,21.158
ALB,Williams,51.0,0 days 00:01:18.863000,0 days 00:00:20.820000,0 days 00:00:36.923000,0 days 00:00:21.120000,HARD,50.0,2.0,,,1,9.0,False,2024,Monaco,R,78.863,20.82,36.923,21.12
ALB,Williams,52.0,0 days 00:01:21.554000,0 days 00:00:21.830000,0 days 00:00:38.223000,0 days 00:00:21.501000,HARD,51.0,2.0,,,12,9.0,False,2024,Monaco,R,81.554,21.83,38.223,21.501
ALB,Williams,53.0,0 days 00:01:20.700000,0 days 00:00:21.025000,0 days 00:00:37.229000,0 days 00:00:22.446000,HARD,52.0,2.0,,,1,9.0,False,2024,Monaco,R,80.7,21.025,37.229,22.446
ALB,Williams,54.0,0 days 00:01:23.647000,0 days 00:00:23.983000,0 days 00:00:38.443000,0 days 00:00:21.221000,HARD,53.0,2.0,,,1,9.0,False,2024,Monaco,R,83.647,23.983,38.443,21.221
ALB,Williams,55.0,0 days 00:01:19.085000,0 days 00:00:20.976000,0 days 00:00:37.269000,0 days 00:00:20.840000,HARD,54.0,2.0,,,1,9.0,False,2024,Monaco,R,79.085,20.976,37.269,20.84
ALB,Williams,56.0,0 days 00:01:18.796000,0 days 00:00:20.794000,0 days 00:00:36.963000,0 days 00:00:21.039000,HARD,55.0,2.0,,,1,9.0,False,2024,Monaco,R,78.796,20.794,36.963,21.039
ALB,Williams,57.0,0 days 00:01:18.271000,0 days 00:00:20.807000,0 days 00:00:36.602000,0 days 00:00:20.862000,HARD,56.0,2.0,,,1,9.0,False,2024,Monaco,R,78.271,20.807,36.602,20.862
ALB,Williams,58.0,0 days 00:01:18.690000,0 days 00:00:20.834000,0 days 00:00:36.768000,0 days 00:00:21.088000,HARD,57.0,2.0,,,1,9.0,False,2024,Monaco,R,78.69,20.834,36.768,21.088
ALB,Williams,59.0,0 days 00:01:18.201000,0 days 00:00:20.670000,0 days 00:00:36.641000,0 days 00:00:20.890000,HARD,58.0,2.0,,,1,9.0,False,2024,Monaco,R,78.201,20.67,36.641,20.89
ALB,Williams,60.0,0 days 00:01:19.533000,0 days 00:00:21.272000,0 days 00:00:37.010000,0 days 00:00:21.251000,HARD,59.0,2.0,,,1,9.0,False,2024,Monaco,R,79.533,21.272,37.01,21.251
ALB,Williams,61.0,0 days 00:01:20.222000,0 days 00:00:21.459000,0 days 00:00:37.387000,0 days 00:00:21.376000,HARD,60.0,2.0,,,1,9.0,False,2024,Monaco,R,80.222,21.459,37.387,21.376
ALB,Williams,62.0,0 days 00:01:19.506000,0 days 00:00:21.112000,0 days 00:00:36.897000,0 days 00:00:21.497000,HARD,61.0,2.0,,,1,9.0,False,2024,Monaco,R,79.506,21.112,36.897,21.497
ALB,Williams,63.0,0 days 00:01:23.085000,0 days 00:00:23.087000,0 days 00:00:38.494000,0 days 00:00:21.504000,HARD,62.0,2.0,,,1,9.0,False,2024,Monaco,R,83.085,23.087,38.494,21.504
ALB,Williams,64.0,0 days 00:01:17.911000,0 days 00:00:20.612000,0 days 00:00:36.632000,0 days 00:00:20.667000,HARD,63.0,2.0,,,1,9.0,False,2024,Monaco,R,77.911,20.612,36.632,20.667
ALB,Williams,65.0,0 days 00:01:17.261000,0 days 00:00:20.443000,0 days 00:00:36.207000,0 days 00:00:20.611000,HARD,64.0,2.0,,,1,9.0,False,2024,Monaco,R,77.261,20.443,36.207,20.611
ALB,Williams,66.0,0 days 00:01:18.003000,0 days 00:00:20.553000,0 days 00:00:36.639000,0 days 00:00:20.811000,HARD,65.0,2.0,,,1,9.0,False,2024,Monaco,R,78.003,20.553,36.639,20.811
ALB,Williams,67.0,0 days 00:01:17.874000,0 days 00:00:20.674000,0 days 00:00:36.417000,0 days 00:00:20.783000,HARD,66.0,2.0,,,1,9.0,False,2024,Monaco,R,77.874,20.674,36.417,20.783
ALB,Williams,68.0,0 days 00:01:18.385000,0 days 00:00:20.686000,0 days 00:00:36.629000,0 days 00:00:21.070000,HARD,67.0,2.0,,,1,9.0,False,2024,Monaco,R,78.385,20.686,36.629,21.07
ALB,Williams,69.0,0 days 00:01:19.921000,0 days 00:00:21.155000,0 days 00:00:37.550000,0 days 00:00:21.216000,HARD,68.0,2.0,,,1,9.0,False,2024,Monaco,R,79.921,21.155,37.55,21.216
ALB,Williams,70.0,0 days 00:01:19.370000,0 days 00:00:21.093000,0 days 00:00:37.058000,0 days 00:00:21.219000,HARD,69.0,2.0,,,1,9.0,False,2024,Monaco,R,79.37,21.093,37.058,21.219
ALB,Williams,71.0,0 days 00:01:18.957000,0 days 00:00:21.071000,0 days 00:00:37.128000,0 days 00:00:20.758000,HARD,70.0,2.0,,,1,9.0,False,2024,Monaco,R,78.957,21.071,37.128,20.758
ALB,Williams,72.0,0 days 00:01:18.165000,0 days 00:00:20.554000,0 days 00:00:36.906000,0 days 00:00:20.705000,HARD,71.0,2.0,,,1,9.0,False,2024,Monaco,R,78.165,20.554,36.906,20.705
ALB,Williams,73.0,0 days 00:01:18.432000,0 days 00:00:20.689000,0 days 00:00:36.976000,0 days 00:00:20.767000,HARD,72.0,2.0,,,1,9.0,False,2024,Monaco,R,78.432,20.689,36.976,20.767
ALB,Williams,74.0,0 days 00:01:18.014000,0 days 00:00:20.638000,0 days 00:00:36.686000,0 days 00:00:20.690000,HARD,73.0,2.0,,,1,9.0,False,2024,Monaco,R,78.014,20.638,36.686,20.69
ALB,Williams,75.0,0 days 00:01:17.850000,0 days 00:00:20.713000,0 days 00:00:36.423000,0 days 00:00:20.714000,HARD,74.0,2.0,,,1,9.0,False,2024,Monaco,R,77.85,20.713,36.423,20.714
ALB,Williams,76.0,0 days 00:01:17.279000,0 days 00:00:20.521000,0 days 00:00:36.214000,0 days 00:00:20.544000,HARD,75.0,2.0,,,1,9.0,False,2024,Monaco,R,77.279,20.521,36.214,20.544
ALB,Williams,77.0,0 days 00:01:17.060000,0 days 00:00:20.364000,0 days 00:00:36.196000,0 days 00:00:20.500000,HARD,76.0,2.0,,,1,9.0,False,2024,Monaco,R,77.06,20.364,36.196,20.5
GAS,Alpine,1.0,0 days 00:41:37.695000,,0 days 00:00:57.790000,,HARD,1.0,1.0,0 days 00:57:02.934000,,1254,10.0,False,2024,Monaco,R,2497.695,,57.79,
GAS,Alpine,2.0,0 days 00:02:19.618000,0 days 00:00:26.415000,0 days 00:00:41.050000,0 days 00:01:12.153000,MEDIUM,1.0,2.0,,0 days 01:36:44.525000,41,10.0,False,2024,Monaco,R,139.618,26.415,41.05,72.153
GAS,Alpine,3.0,0 days 00:01:28.269000,0 days 00:00:25.566000,0 days 00:00:40.150000,0 days 00:00:22.553000,MEDIUM,2.0,2.0,,,1,10.0,False,2024,Monaco,R,88.269,25.566,40.15,22.553
GAS,Alpine,4.0,0 days 00:01:23.269000,0 days 00:00:21.656000,0 days 00:00:39.123000,0 days 00:00:22.490000,MEDIUM,3.0,2.0,,,1,10.0,False,2024,Monaco,R,83.269,21.656,39.123,22.49
GAS,Alpine,5.0,0 days 00:01:23.428000,0 days 00:00:21.918000,0 days 00:00:39.228000,0 days 00:00:22.282000,MEDIUM,4.0,2.0,,,1,10.0,False,2024,Monaco,R,83.428,21.918,39.228,22.282
GAS,Alpine,6.0,0 days 00:01:23.106000,0 days 00:00:22.068000,0 days 00:00:38.953000,0 days 00:00:22.085000,MEDIUM,5.0,2.0,,,1,10.0,False,2024,Monaco,R,83.106,22.068,38.953,22.085
GAS,Alpine,7.0,0 days 00:01:22.233000,0 days 00:00:21.836000,0 days 00:00:38.367000,0 days 00:00:22.030000,MEDIUM,6.0,2.0,,,1,10.0,False,2024,Monaco,R,82.233,21.836,38.367,22.03
GAS,Alpine,8.0,0 days 00:01:21.600000,0 days 00:00:21.496000,0 days 00:00:38.116000,0 days 00:00:21.988000,MEDIUM,7.0,2.0,,,1,10.0,False,2024,Monaco,R,81.6,21.496,38.116,21.988
GAS,Alpine,9.0,0 days 00:01:22.071000,0 days 00:00:21.526000,0 days 00:00:38.640000,0 days 00:00:21.905000,MEDIUM,8.0,2.0,,,1,10.0,False,2024,Monaco,R,82.071,21.526,38.64,21.905
GAS,Alpine,10.0,0 days 00:01:21.394000,0 days 00:00:21.479000,0 days 00:00:38.141000,0 days 00:00:21.774000,MEDIUM,9.0,2.0,,,1,10.0,False,2024,Monaco,R,81.394,21.479,38.141,21.774
GAS,Alpine,11.0,0 days 00:01:21.298000,0 days 00:00:21.482000,0 days 00:00:37.922000,0 days 00:00:21.894000,MEDIUM,10.0,2.0,,,1,10.0,False,2024,Monaco,R,81.298,21.482,37.922,21.894
GAS,Alpine,12.0,0 days 00:01:21.289000,0 days 00:00:21.120000,0 days 00:00:38.544000,0 days 00:00:21.625000,MEDIUM,11.0,2.0,,,1,10.0,False,2024,Monaco,R,81.289,21.12,38.544,21.625
GAS,Alpine,13.0,0 days 00:01:21.530000,0 days 00:00:21.219000,0 days 00:00:38.276000,0 days 00:00:22.035000,MEDIUM,12.0,2.0,,,1,10.0,False,2024,Monaco,R,81.53,21.219,38.276,22.035
GAS,Alpine,14.0,0 days 00:01:19.920000,0 days 00:00:21.087000,0 days 00:00:37.364000,0 days 00:00:21.469000,MEDIUM,13.0,2.0,,,1,10.0,False,2024,Monaco,R,79.92,21.087,37.364,21.469
GAS,Alpine,15.0,0 days 00:01:21.066000,0 days 00:00:20.915000,0 days 00:00:38.313000,0 days 00:00:21.838000,MEDIUM,14.0,2.0,,,1,10.0,False,2024,Monaco,R,81.066,20.915,38.313,21.838
GAS,Alpine,16.0,0 days 00:01:21.054000,0 days 00:00:21.548000,0 days 00:00:37.876000,0 days 00:00:21.630000,MEDIUM,15.0,2.0,,,1,10.0,False,2024,Monaco,R,81.054,21.548,37.876,21.63
GAS,Alpine,17.0,0 days 00:01:21.961000,0 days 00:00:21.682000,0 days 00:00:38.296000,0 days 00:00:21.983000,MEDIUM,16.0,2.0,,,1,10.0,False,2024,Monaco,R,81.961,21.682,38.296,21.983
GAS,Alpine,18.0,0 days 00:01:20.797000,0 days 00:00:21.255000,0 days 00:00:38.034000,0 days 00:00:21.508000,MEDIUM,17.0,2.0,,,1,10.0,False,2024,Monaco,R,80.797,21.255,38.034,21.508
GAS,Alpine,19.0,0 days 00:01:19.904000,0 days 00:00:20.839000,0 days 00:00:37.422000,0 days 00:00:21.643000,MEDIUM,18.0,2.0,,,1,10.0,False,2024,Monaco,R,79.904,20.839,37.422,21.643
GAS,Alpine,20.0,0 days 00:01:20.255000,0 days 00:00:21.069000,0 days 00:00:37.547000,0 days 00:00:21.639000,MEDIUM,19.0,2.0,,,1,10.0,False,2024,Monaco,R,80.255,21.069,37.547,21.639
GAS,Alpine,21.0,0 days 00:01:19.876000,0 days 00:00:21.238000,0 days 00:00:37.270000,0 days 00:00:21.368000,MEDIUM,20.0,2.0,,,1,10.0,False,2024,Monaco,R,79.876,21.238,37.27,21.368
GAS,Alpine,22.0,0 days 00:01:20.554000,0 days 00:00:20.982000,0 days 00:00:37.763000,0 days 00:00:21.809000,MEDIUM,21.0,2.0,,,1,10.0,False,2024,Monaco,R,80.554,20.982,37.763,21.809
GAS,Alpine,23.0,0 days 00:01:21.306000,0 days 00:00:21.450000,0 days 00:00:37.844000,0 days 00:00:22.012000,MEDIUM,22.0,2.0,,,1,10.0,False,2024,Monaco,R,81.306,21.45,37.844,22.012
GAS,Alpine,24.0,0 days 00:01:20.949000,0 days 00:00:20.925000,0 days 00:00:38.004000,0 days 00:00:22.020000,MEDIUM,23.0,2.0,,,1,10.0,False,2024,Monaco,R,80.949,20.925,38.004,22.02
GAS,Alpine,25.0,0 days 00:01:20.372000,0 days 00:00:21.103000,0 days 00:00:37.620000,0 days 00:00:21.649000,MEDIUM,24.0,2.0,,,1,10.0,False,2024,Monaco,R,80.372,21.103,37.62,21.649
GAS,Alpine,26.0,0 days 00:01:20.593000,0 days 00:00:21.449000,0 days 00:00:37.447000,0 days 00:00:21.697000,MEDIUM,25.0,2.0,,,1,10.0,False,2024,Monaco,R,80.593,21.449,37.447,21.697
GAS,Alpine,27.0,0 days 00:01:20.521000,0 days 00:00:21.045000,0 days 00:00:37.661000,0 days 00:00:21.815000,MEDIUM,26.0,2.0,,,1,10.0,False,2024,Monaco,R,80.521,21.045,37.661,21.815
GAS,Alpine,28.0,0 days 00:01:20.229000,0 days 00:00:21.024000,0 days 00:00:37.602000,0 days 00:00:21.603000,MEDIUM,27.0,2.0,,,1,10.0,False,2024,Monaco,R,80.229,21.024,37.602,21.603
GAS,Alpine,29.0,0 days 00:01:19.376000,0 days 00:00:20.968000,0 days 00:00:37.002000,0 days 00:00:21.406000,MEDIUM,28.0,2.0,,,1,10.0,False,2024,Monaco,R,79.376,20.968,37.002,21.406
GAS,Alpine,30.0,0 days 00:01:21.764000,0 days 00:00:21.791000,0 days 00:00:38.013000,0 days 00:00:21.960000,MEDIUM,29.0,2.0,,,1,10.0,False,2024,Monaco,R,81.764,21.791,38.013,21.96
GAS,Alpine,31.0,0 days 00:01:21.427000,0 days 00:00:21.441000,0 days 00:00:38.049000,0 days 00:00:21.937000,MEDIUM,30.0,2.0,,,1,10.0,False,2024,Monaco,R,81.427,21.441,38.049,21.937
GAS,Alpine,32.0,0 days 00:01:21.121000,0 days 00:00:21.371000,0 days 00:00:38.018000,0 days 00:00:21.732000,MEDIUM,31.0,2.0,,,1,10.0,False,2024,Monaco,R,81.121,21.371,38.018,21.732
GAS,Alpine,33.0,0 days 00:01:20.965000,0 days 00:00:21.201000,0 days 00:00:37.839000,0 days 00:00:21.925000,MEDIUM,32.0,2.0,,,1,10.0,False,2024,Monaco,R,80.965,21.201,37.839,21.925
GAS,Alpine,34.0,0 days 00:01:20.751000,0 days 00:00:21.309000,0 days 00:00:37.920000,0 days 00:00:21.522000,MEDIUM,33.0,2.0,,,1,10.0,False,2024,Monaco,R,80.751,21.309,37.92,21.522
GAS,Alpine,35.0,0 days 00:01:19.361000,0 days 00:00:20.907000,0 days 00:00:37.118000,0 days 00:00:21.336000,MEDIUM,34.0,2.0,,,1,10.0,False,2024,Monaco,R,79.361,20.907,37.118,21.336
GAS,Alpine,36.0,0 days 00:01:19.576000,0 days 00:00:21.082000,0 days 00:00:37.100000,0 days 00:00:21.394000,MEDIUM,35.0,2.0,,,1,10.0,False,2024,Monaco,R,79.576,21.082,37.1,21.394
GAS,Alpine,37.0,0 days 00:01:19.975000,0 days 00:00:20.888000,0 days 00:00:37.374000,0 days 00:00:21.713000,MEDIUM,36.0,2.0,,,1,10.0,False,2024,Monaco,R,79.975,20.888,37.374,21.713
GAS,Alpine,38.0,0 days 00:01:19.428000,0 days 00:00:21.020000,0 days 00:00:36.956000,0 days 00:00:21.452000,MEDIUM,37.0,2.0,,,1,10.0,False,2024,Monaco,R,79.428,21.02,36.956,21.452
GAS,Alpine,39.0,0 days 00:01:20.320000,0 days 00:00:21.342000,0 days 00:00:37.369000,0 days 00:00:21.609000,MEDIUM,38.0,2.0,,,1,10.0,False,2024,Monaco,R,80.32,21.342,37.369,21.609
GAS,Alpine,40.0,0 days 00:01:20.384000,0 days 00:00:21.321000,0 days 00:00:37.464000,0 days 00:00:21.599000,MEDIUM,39.0,2.0,,,1,10.0,False,2024,Monaco,R,80.384,21.321,37.464,21.599
GAS,Alpine,41.0,0 days 00:01:20.200000,0 days 00:00:21.198000,0 days 00:00:37.359000,0 days 00:00:21.643000,MEDIUM,40.0,2.0,,,1,10.0,False,2024,Monaco,R,80.2,21.198,37.359,21.643
GAS,Alpine,42.0,0 days 00:01:19.977000,0 days 00:00:21.083000,0 days 00:00:37.313000,0 days 00:00:21.581000,MEDIUM,41.0,2.0,,,1,10.0,False,2024,Monaco,R,79.977,21.083,37.313,21.581
GAS,Alpine,43.0,0 days 00:01:21.048000,0 days 00:00:21.159000,0 days 00:00:37.964000,0 days 00:00:21.925000,MEDIUM,42.0,2.0,,,1,10.0,False,2024,Monaco,R,81.048,21.159,37.964,21.925
GAS,Alpine,44.0,0 days 00:01:20.621000,0 days 00:00:21.328000,0 days 00:00:37.580000,0 days 00:00:21.713000,MEDIUM,43.0,2.0,,,1,10.0,False,2024,Monaco,R,80.621,21.328,37.58,21.713
GAS,Alpine,45.0,0 days 00:01:19.382000,0 days 00:00:20.902000,0 days 00:00:37.198000,0 days 00:00:21.282000,MEDIUM,44.0,2.0,,,1,10.0,False,2024,Monaco,R,79.382,20.902,37.198,21.282
GAS,Alpine,46.0,0 days 00:01:19.970000,0 days 00:00:21.139000,0 days 00:00:37.499000,0 days 00:00:21.332000,MEDIUM,45.0,2.0,,,1,10.0,False,2024,Monaco,R,79.97,21.139,37.499,21.332
GAS,Alpine,47.0,0 days 00:01:19.435000,0 days 00:00:20.865000,0 days 00:00:37.294000,0 days 00:00:21.276000,MEDIUM,46.0,2.0,,,1,10.0,False,2024,Monaco,R,79.435,20.865,37.294,21.276
GAS,Alpine,48.0,0 days 00:01:19.865000,0 days 00:00:20.925000,0 days 00:00:37.454000,0 days 00:00:21.486000,MEDIUM,47.0,2.0,,,1,10.0,False,2024,Monaco,R,79.865,20.925,37.454,21.486
GAS,Alpine,49.0,0 days 00:01:20.534000,0 days 00:00:20.805000,0 days 00:00:37.858000,0 days 00:00:21.871000,MEDIUM,48.0,2.0,,,1,10.0,False,2024,Monaco,R,80.534,20.805,37.858,21.871
GAS,Alpine,50.0,0 days 00:01:21.023000,0 days 00:00:21.029000,0 days 00:00:37.509000,0 days 00:00:22.485000,MEDIUM,49.0,2.0,,,1,10.0,False,2024,Monaco,R,81.023,21.029,37.509,22.485
GAS,Alpine,51.0,0 days 00:01:24.473000,0 days 00:00:21.930000,0 days 00:00:40.611000,0 days 00:00:21.932000,MEDIUM,50.0,2.0,,,1,10.0,False,2024,Monaco,R,84.473,21.93,40.611,21.932
GAS,Alpine,52.0,0 days 00:01:19.743000,0 days 00:00:21.148000,0 days 00:00:37.157000,0 days 00:00:21.438000,MEDIUM,51.0,2.0,,,12,10.0,False,2024,Monaco,R,79.743,21.148,37.157,21.438
GAS,Alpine,53.0,0 days 00:01:19.917000,0 days 00:00:20.986000,0 days 00:00:37.411000,0 days 00:00:21.520000,MEDIUM,52.0,2.0,,,1,10.0,False,2024,Monaco,R,79.917,20.986,37.411,21.52
GAS,Alpine,54.0,0 days 00:01:19.091000,0 days 00:00:20.968000,0 days 00:00:36.845000,0 days 00:00:21.278000,MEDIUM,53.0,2.0,,,1,10.0,False,2024,Monaco,R,79.091,20.968,36.845,21.278
GAS,Alpine,55.0,0 days 00:01:19.407000,0 days 00:00:20.714000,0 days 00:00:37.252000,0 days 00:00:21.441000,MEDIUM,54.0,2.0,,,1,10.0,False,2024,Monaco,R,79.407,20.714,37.252,21.441
GAS,Alpine,56.0,0 days 00:01:19.704000,0 days 00:00:20.991000,0 days 00:00:37.282000,0 days 00:00:21.431000,MEDIUM,55.0,2.0,,,1,10.0,False,2024,Monaco,R,79.704,20.991,37.282,21.431
GAS,Alpine,57.0,0 days 00:01:19.448000,0 days 00:00:20.953000,0 days 00:00:37.124000,0 days 00:00:21.371000,MEDIUM,56.0,2.0,,,1,10.0,False,2024,Monaco,R,79.448,20.953,37.124,21.371
GAS,Alpine,58.0,0 days 00:01:19.097000,0 days 00:00:20.943000,0 days 00:00:36.982000,0 days 00:00:21.172000,MEDIUM,57.0,2.0,,,1,10.0,False,2024,Monaco,R,79.097,20.943,36.982,21.172
GAS,Alpine,59.0,0 days 00:01:21.378000,0 days 00:00:20.820000,0 days 00:00:38.540000,0 days 00:00:22.018000,MEDIUM,58.0,2.0,,,1,10.0,False,2024,Monaco,R,81.378,20.82,38.54,22.018
GAS,Alpine,60.0,0 days 00:01:20.237000,0 days 00:00:21.558000,0 days 00:00:37.268000,0 days 00:00:21.411000,MEDIUM,59.0,2.0,,,1,10.0,False,2024,Monaco,R,80.237,21.558,37.268,21.411
GAS,Alpine,61.0,0 days 00:01:20.407000,0 days 00:00:20.827000,0 days 00:00:38.074000,0 days 00:00:21.506000,MEDIUM,60.0,2.0,,,1,10.0,False,2024,Monaco,R,80.407,20.827,38.074,21.506
GAS,Alpine,62.0,0 days 00:01:18.469000,0 days 00:00:20.628000,0 days 00:00:36.697000,0 days 00:00:21.144000,MEDIUM,61.0,2.0,,,1,10.0,False,2024,Monaco,R,78.469,20.628,36.697,21.144
GAS,Alpine,63.0,0 days 00:01:19.155000,0 days 00:00:21.048000,0 days 00:00:36.832000,0 days 00:00:21.275000,MEDIUM,62.0,2.0,,,1,10.0,False,2024,Monaco,R,79.155,21.048,36.832,21.275
GAS,Alpine,64.0,0 days 00:01:18.868000,0 days 00:00:20.752000,0 days 00:00:36.818000,0 days 00:00:21.298000,MEDIUM,63.0,2.0,,,1,10.0,False,2024,Monaco,R,78.868,20.752,36.818,21.298
GAS,Alpine,65.0,0 days 00:01:19.220000,0 days 00:00:20.772000,0 days 00:00:37.149000,0 days 00:00:21.299000,MEDIUM,64.0,2.0,,,1,10.0,False,2024,Monaco,R,79.22,20.772,37.149,21.299
GAS,Alpine,66.0,0 days 00:01:18.726000,0 days 00:00:20.602000,0 days 00:00:36.831000,0 days 00:00:21.293000,MEDIUM,65.0,2.0,,,1,10.0,False,2024,Monaco,R,78.726,20.602,36.831,21.293
GAS,Alpine,67.0,0 days 00:01:18.624000,0 days 00:00:20.646000,0 days 00:00:36.723000,0 days 00:00:21.255000,MEDIUM,66.0,2.0,,,1,10.0,False,2024,Monaco,R,78.624,20.646,36.723,21.255
GAS,Alpine,68.0,0 days 00:01:18.545000,0 days 00:00:20.684000,0 days 00:00:36.715000,0 days 00:00:21.146000,MEDIUM,67.0,2.0,,,1,10.0,False,2024,Monaco,R,78.545,20.684,36.715,21.146
GAS,Alpine,69.0,0 days 00:01:18.363000,0 days 00:00:20.583000,0 days 00:00:36.630000,0 days 00:00:21.150000,MEDIUM,68.0,2.0,,,1,10.0,False,2024,Monaco,R,78.363,20.583,36.63,21.15
GAS,Alpine,70.0,0 days 00:01:17.799000,0 days 00:00:20.552000,0 days 00:00:36.322000,0 days 00:00:20.925000,MEDIUM,69.0,2.0,,,1,10.0,False,2024,Monaco,R,77.799,20.552,36.322,20.925
GAS,Alpine,71.0,0 days 00:01:18.140000,0 days 00:00:20.691000,0 days 00:00:36.423000,0 days 00:00:21.026000,MEDIUM,70.0,2.0,,,1,10.0,False,2024,Monaco,R,78.14,20.691,36.423,21.026
GAS,Alpine,72.0,0 days 00:01:18.382000,0 days 00:00:20.616000,0 days 00:00:36.713000,0 days 00:00:21.053000,MEDIUM,71.0,2.0,,,1,10.0,False,2024,Monaco,R,78.382,20.616,36.713,21.053
GAS,Alpine,73.0,0 days 00:01:17.992000,0 days 00:00:20.630000,0 days 00:00:36.392000,0 days 00:00:20.970000,MEDIUM,72.0,2.0,,,1,10.0,False,2024,Monaco,R,77.992,20.63,36.392,20.97
GAS,Alpine,74.0,0 days 00:01:16.689000,0 days 00:00:20.111000,0 days 00:00:35.963000,0 days 00:00:20.615000,MEDIUM,73.0,2.0,,,1,10.0,False,2024,Monaco,R,76.689,20.111,35.963,20.615
GAS,Alpine,75.0,0 days 00:01:18.120000,0 days 00:00:20.546000,0 days 00:00:36.425000,0 days 00:00:21.149000,MEDIUM,74.0,2.0,,,1,10.0,False,2024,Monaco,R,78.12,20.546,36.425,21.149
GAS,Alpine,76.0,0 days 00:01:17.516000,0 days 00:00:20.297000,0 days 00:00:36.111000,0 days 00:00:21.108000,MEDIUM,75.0,2.0,,,1,10.0,False,2024,Monaco,R,77.516,20.297,36.111,21.108
GAS,Alpine,77.0,0 days 00:01:15.625000,0 days 00:00:19.978000,0 days 00:00:35.327000,0 days 00:00:20.320000,MEDIUM,76.0,2.0,,,1,10.0,False,2024,Monaco,R,75.625,19.978,35.327,20.32
ALO,Aston Martin,1.0,0 days 00:41:53.184000,,0 days 00:01:00.893000,,HARD,2.0,1.0,0 days 00:57:10.782000,,1254,13.0,False,2024,Monaco,R,2513.184,,60.893,
ALO,Aston Martin,2.0,0 days 00:02:04.571000,0 days 00:00:27.874000,0 days 00:00:40.625000,0 days 00:00:56.072000,MEDIUM,2.0,2.0,,0 days 01:37:00.031000,41,13.0,False,2024,Monaco,R,124.571,27.874,40.625,56.072
ALO,Aston Martin,3.0,0 days 00:01:29.188000,0 days 00:00:26.223000,0 days 00:00:40.567000,0 days 00:00:22.398000,MEDIUM,3.0,2.0,,,1,12.0,False,2024,Monaco,R,89.188,26.223,40.567,22.398
ALO,Aston Martin,4.0,0 days 00:01:23.736000,0 days 00:00:21.802000,0 days 00:00:39.405000,0 days 00:00:22.529000,MEDIUM,4.0,2.0,,,1,12.0,False,2024,Monaco,R,83.736,21.802,39.405,22.529
ALO,Aston Martin,5.0,0 days 00:01:23.575000,0 days 00:00:22.017000,0 days 00:00:39.329000,0 days 00:00:22.229000,MEDIUM,5.0,2.0,,,1,12.0,False,2024,Monaco,R,83.575,22.017,39.329,22.229
ALO,Aston Martin,6.0,0 days 00:01:22.711000,0 days 00:00:21.899000,0 days 00:00:38.932000,0 days 00:00:21.880000,MEDIUM,6.0,2.0,,,1,12.0,False,2024,Monaco,R,82.711,21.899,38.932,21.88
ALO,Aston Martin,7.0,0 days 00:01:22.866000,0 days 00:00:22.196000,0 days 00:00:38.682000,0 days 00:00:21.988000,MEDIUM,7.0,2.0,,,1,12.0,False,2024,Monaco,R,82.866,22.196,38.682,21.988
ALO,Aston Martin,8.0,0 days 00:01:22.284000,0 days 00:00:21.774000,0 days 00:00:38.297000,0 days 00:00:22.213000,MEDIUM,8.0,2.0,,,1,12.0,False,2024,Monaco,R,82.284,21.774,38.297,22.213
ALO,Aston Martin,9.0,0 days 00:01:21.650000,0 days 00:00:21.431000,0 days 00:00:38.194000,0 days 00:00:22.025000,MEDIUM,9.0,2.0,,,1,12.0,False,2024,Monaco,R,81.65,21.431,38.194,22.025
ALO,Aston Martin,10.0,0 days 00:01:21.864000,0 days 00:00:21.673000,0 days 00:00:38.362000,0 days 00:00:21.829000,MEDIUM,10.0,2.0,,,1,12.0,False,2024,Monaco,R,81.864,21.673,38.362,21.829
ALO,Aston Martin,11.0,0 days 00:01:21.418000,0 days 00:00:21.680000,0 days 00:00:38.074000,0 days 00:00:21.664000,MEDIUM,11.0,2.0,,,1,12.0,False,2024,Monaco,R,81.418,21.68,38.074,21.664
ALO,Aston Martin,12.0,0 days 00:01:21.366000,0 days 00:00:21.601000,0 days 00:00:38.025000,0 days 00:00:21.740000,MEDIUM,12.0,2.0,,,1,12.0,False,2024,Monaco,R,81.366,21.601,38.025,21.74
ALO,Aston Martin,13.0,0 days 00:01:21.428000,0 days 00:00:21.616000,0 days 00:00:37.967000,0 days 00:00:21.845000,MEDIUM,13.0,2.0,,,1,12.0,False,2024,Monaco,R,81.428,21.616,37.967,21.845
ALO,Aston Martin,14.0,0 days 00:01:21.392000,0 days 00:00:21.713000,0 days 00:00:37.752000,0 days 00:00:21.927000,MEDIUM,14.0,2.0,,,1,12.0,False,2024,Monaco,R,81.392,21.713,37.752,21.927
ALO,Aston Martin,15.0,0 days 00:01:21.061000,0 days 00:00:21.355000,0 days 00:00:37.933000,0 days 00:00:21.773000,MEDIUM,15.0,2.0,,,1,12.0,False,2024,Monaco,R,81.061,21.355,37.933,21.773
ALO,Aston Martin,16.0,0 days 00:01:21.318000,0 days 00:00:21.107000,0 days 00:00:38.215000,0 days 00:00:21.996000,MEDIUM,16.0,2.0,,,1,12.0,False,2024,Monaco,R,81.318,21.107,38.215,21.996
ALO,Aston Martin,17.0,0 days 00:01:20.799000,0 days 00:00:21.278000,0 days 00:00:37.763000,0 days 00:00:21.758000,MEDIUM,17.0,2.0,,,1,12.0,False,2024,Monaco,R,80.799,21.278,37.763,21.758
ALO,Aston Martin,18.0,0 days 00:01:21.075000,0 days 00:00:21.516000,0 days 00:00:37.919000,0 days 00:00:21.640000,MEDIUM,18.0,2.0,,,1,12.0,False,2024,Monaco,R,81.075,21.516,37.919,21.64
ALO,Aston Martin,19.0,0 days 00:01:20.605000,0 days 00:00:21.373000,0 days 00:00:37.682000,0 days 00:00:21.550000,MEDIUM,19.0,2.0,,,1,12.0,False,2024,Monaco,R,80.605,21.373,37.682,21.55
ALO,Aston Martin,20.0,0 days 00:01:21.110000,0 days 00:00:21.232000,0 days 00:00:37.966000,0 days 00:00:21.912000,MEDIUM,20.0,2.0,,,1,12.0,False,2024,Monaco,R,81.11,21.232,37.966,21.912
ALO,Aston Martin,21.0,0 days 00:01:20.317000,0 days 00:00:20.942000,0 days 00:00:37.709000,0 days 00:00:21.666000,MEDIUM,21.0,2.0,,,1,12.0,False,2024,Monaco,R,80.317,20.942,37.709,21.666
ALO,Aston Martin,22.0,0 days 00:01:21.037000,0 days 00:00:21.098000,0 days 00:00:38.045000,0 days 00:00:21.894000,MEDIUM,22.0,2.0,,,1,12.0,False,2024,Monaco,R,81.037,21.098,38.045,21.894
ALO,Aston Martin,23.0,0 days 00:01:20.246000,0 days 00:00:21.273000,0 days 00:00:37.462000,0 days 00:00:21.511000,MEDIUM,23.0,2.0,,,1,12.0,False,2024,Monaco,R,80.246,21.273,37.462,21.511
ALO,Aston Martin,24.0,0 days 00:01:21.413000,0 days 00:00:20.990000,0 days 00:00:38.131000,0 days 00:00:22.292000,MEDIUM,24.0,2.0,,,1,12.0,False,2024,Monaco,R,81.413,20.99,38.131,22.292
ALO,Aston Martin,25.0,0 days 00:01:21.091000,0 days 00:00:21.312000,0 days 00:00:38.033000,0 days 00:00:21.746000,MEDIUM,25.0,2.0,,,1,12.0,False,2024,Monaco,R,81.091,21.312,38.033,21.746
ALO,Aston Martin,26.0,0 days 00:01:20.858000,0 days 00:00:21.459000,0 days 00:00:37.846000,0 days 00:00:21.553000,MEDIUM,26.0,2.0,,,1,12.0,False,2024,Monaco,R,80.858,21.459,37.846,21.553
ALO,Aston Martin,27.0,0 days 00:01:21.303000,0 days 00:00:21.592000,0 days 00:00:37.890000,0 days 00:00:21.821000,MEDIUM,27.0,2.0,,,1,12.0,False,2024,Monaco,R,81.303,21.592,37.89,21.821
ALO,Aston Martin,28.0,0 days 00:01:21.544000,0 days 00:00:21.722000,0 days 00:00:37.884000,0 days 00:00:21.938000,MEDIUM,28.0,2.0,,,1,12.0,False,2024,Monaco,R,81.544,21.722,37.884,21.938
ALO,Aston Martin,29.0,0 days 00:01:21.205000,0 days 00:00:21.626000,0 days 00:00:38.024000,0 days 00:00:21.555000,MEDIUM,29.0,2.0,,,1,12.0,False,2024,Monaco,R,81.205,21.626,38.024,21.555
ALO,Aston Martin,30.0,0 days 00:01:21.034000,0 days 00:00:21.707000,0 days 00:00:37.404000,0 days 00:00:21.923000,MEDIUM,30.0,2.0,,,1,12.0,False,2024,Monaco,R,81.034,21.707,37.404,21.923
ALO,Aston Martin,31.0,0 days 00:01:20.642000,0 days 00:00:21.442000,0 days 00:00:37.792000,0 days 00:00:21.408000,MEDIUM,31.0,2.0,,,1,12.0,False,2024,Monaco,R,80.642,21.442,37.792,21.408
ALO,Aston Martin,32.0,0 days 00:01:21.010000,0 days 00:00:21.681000,0 days 00:00:37.433000,0 days 00:00:21.896000,MEDIUM,32.0,2.0,,,1,12.0,False,2024,Monaco,R,81.01,21.681,37.433,21.896
ALO,Aston Martin,33.0,0 days 00:01:20.350000,0 days 00:00:21.174000,0 days 00:00:37.679000,0 days 00:00:21.497000,MEDIUM,33.0,2.0,,,1,12.0,False,2024,Monaco,R,80.35,21.174,37.679,21.497
ALO,Aston Martin,34.0,0 days 00:01:20.877000,0 days 00:00:21.407000,0 days 00:00:37.844000,0 days 00:00:21.626000,MEDIUM,34.0,2.0,,,1,12.0,False,2024,Monaco,R,80.877,21.407,37.844,21.626
ALO,Aston Martin,35.0,0 days 00:01:20.432000,0 days 00:00:21.123000,0 days 00:00:37.814000,0 days 00:00:21.495000,MEDIUM,35.0,2.0,,,1,12.0,False,2024,Monaco,R,80.432,21.123,37.814,21.495
ALO,Aston Martin,36.0,0 days 00:01:21.128000,0 days 00:00:21.543000,0 days 00:00:38.239000,0 days 00:00:21.346000,MEDIUM,36.0,2.0,,,1,12.0,False,2024,Monaco,R,81.128,21.543,38.239,21.346
ALO,Aston Martin,37.0,0 days 00:01:21.512000,0 days 00:00:21.648000,0 days 00:00:38.268000,0 days 00:00:21.596000,MEDIUM,37.0,2.0,,,1,12.0,False,2024,Monaco,R,81.512,21.648,38.268,21.596
ALO,Aston Martin,38.0,0 days 00:01:21.082000,0 days 00:00:21.437000,0 days 00:00:38.207000,0 days 00:00:21.438000,MEDIUM,38.0,2.0,,,1,12.0,False,2024,Monaco,R,81.082,21.437,38.207,21.438
ALO,Aston Martin,39.0,0 days 00:01:21.265000,0 days 00:00:21.464000,0 days 00:00:38.197000,0 days 00:00:21.604000,MEDIUM,39.0,2.0,,,1,12.0,False,2024,Monaco,R,81.265,21.464,38.197,21.604
ALO,Aston Martin,40.0,0 days 00:01:20.755000,0 days 00:00:21.321000,0 days 00:00:38.087000,0 days 00:00:21.347000,MEDIUM,40.0,2.0,,,1,12.0,False,2024,Monaco,R,80.755,21.321,38.087,21.347
ALO,Aston Martin,41.0,0 days 00:01:23.446000,0 days 00:00:21.479000,0 days 00:00:39.423000,0 days 00:00:22.544000,MEDIUM,41.0,2.0,,,1,12.0,False,2024,Monaco,R,83.446,21.479,39.423,22.544
ALO,Aston Martin,42.0,0 days 00:01:23.332000,0 days 00:00:23.949000,0 days 00:00:38.112000,0 days 00:00:21.271000,MEDIUM,42.0,2.0,,,1,12.0,False,2024,Monaco,R,83.332,23.949,38.112,21.271
ALO,Aston Martin,43.0,0 days 00:01:20.286000,0 days 00:00:20.975000,0 days 00:00:37.871000,0 days 00:00:21.440000,MEDIUM,43.0,2.0,,,1,12.0,False,2024,Monaco,R,80.286,20.975,37.871,21.44
ALO,Aston Martin,44.0,0 days 00:01:18.852000,0 days 00:00:20.449000,0 days 00:00:37.160000,0 days 00:00:21.243000,MEDIUM,44.0,2.0,,,1,12.0,False,2024,Monaco,R,78.852,20.449,37.16,21.243
ALO,Aston Martin,45.0,0 days 00:01:19.956000,0 days 00:00:20.812000,0 days 00:00:37.559000,0 days 00:00:21.585000,MEDIUM,45.0,2.0,,,1,12.0,False,2024,Monaco,R,79.956,20.812,37.559,21.585
ALO,Aston Martin,46.0,0 days 00:01:18.928000,0 days 00:00:20.659000,0 days 00:00:37.129000,0 days 00:00:21.140000,MEDIUM,46.0,2.0,,,1,12.0,False,2024,Monaco,R,78.928,20.659,37.129,21.14
ALO,Aston Martin,47.0,0 days 00:01:19.109000,0 days 00:00:20.636000,0 days 00:00:37.285000,0 days 00:00:21.188000,MEDIUM,47.0,2.0,,,1,12.0,False,2024,Monaco,R,79.109,20.636,37.285,21.188
ALO,Aston Martin,48.0,0 days 00:01:20.315000,0 days 00:00:20.454000,0 days 00:00:37.439000,0 days 00:00:22.422000,MEDIUM,48.0,2.0,,,1,11.0,False,2024,Monaco,R,80.315,20.454,37.439,22.422
ALO,Aston Martin,49.0,0 days 00:01:19.837000,0 days 00:00:21.329000,0 days 00:00:37.218000,0 days 00:00:21.290000,MEDIUM,49.0,2.0,,,1,11.0,False,2024,Monaco,R,79.837,21.329,37.218,21.29
ALO,Aston Martin,50.0,0 days 00:01:19.334000,0 days 00:00:21.010000,0 days 00:00:37.161000,0 days 00:00:21.163000,MEDIUM,50.0,2.0,,,1,11.0,False,2024,Monaco,R,79.334,21.01,37.161,21.163
ALO,Aston Martin,51.0,0 days 00:01:20.636000,0 days 00:00:20.839000,0 days 00:00:37.908000,0 days 00:00:21.889000,MEDIUM,51.0,2.0,,,1,11.0,False,2024,Monaco,R,80.636,20.839,37.908,21.889
ALO,Aston Martin,52.0,0 days 00:01:23.377000,0 days 00:00:21.575000,0 days 00:00:40.300000,0 days 00:00:21.502000,MEDIUM,52.0,2.0,,,12,11.0,True,2024,Monaco,R,83.377,21.575,40.3,21.502
ALO,Aston Martin,53.0,0 days 00:01:19.992000,0 days 00:00:20.927000,0 days 00:00:37.618000,0 days 00:00:21.447000,MEDIUM,53.0,2.0,,,1,11.0,False,2024,Monaco,R,79.992,20.927,37.618,21.447
ALO,Aston Martin,54.0,0 days 00:01:19.191000,0 days 00:00:20.821000,0 days 00:00:37.085000,0 days 00:00:21.285000,MEDIUM,54.0,2.0,,,1,11.0,False,2024,Monaco,R,79.191,20.821,37.085,21.285
ALO,Aston Martin,55.0,0 days 00:01:19.411000,0 days 00:00:20.897000,0 days 00:00:37.211000,0 days 00:00:21.303000,MEDIUM,55.0,2.0,,,1,11.0,False,2024,Monaco,R,79.411,20.897,37.211,21.303
ALO,Aston Martin,56.0,0 days 00:01:20.739000,0 days 00:00:20.958000,0 days 00:00:38.563000,0 days 00:00:21.218000,MEDIUM,56.0,2.0,,,1,11.0,False,2024,Monaco,R,80.739,20.958,38.563,21.218
ALO,Aston Martin,57.0,0 days 00:01:20.600000,0 days 00:00:20.709000,0 days 00:00:38.543000,0 days 00:00:21.348000,MEDIUM,57.0,2.0,,,1,11.0,False,2024,Monaco,R,80.6,20.709,38.543,21.348
ALO,Aston Martin,58.0,0 days 00:01:19.229000,0 days 00:00:20.768000,0 days 00:00:37.325000,0 days 00:00:21.136000,MEDIUM,58.0,2.0,,,1,11.0,False,2024,Monaco,R,79.229,20.768,37.325,21.136
ALO,Aston Martin,59.0,0 days 00:01:19.219000,0 days 00:00:20.848000,0 days 00:00:37.175000,0 days 00:00:21.196000,MEDIUM,59.0,2.0,,,1,11.0,False,2024,Monaco,R,79.219,20.848,37.175,21.196
ALO,Aston Martin,60.0,0 days 00:01:19.166000,0 days 00:00:20.950000,0 days 00:00:37.120000,0 days 00:00:21.096000,MEDIUM,60.0,2.0,,,1,11.0,False,2024,Monaco,R,79.166,20.95,37.12,21.096
ALO,Aston Martin,61.0,0 days 00:01:18.752000,0 days 00:00:20.746000,0 days 00:00:36.978000,0 days 00:00:21.028000,MEDIUM,61.0,2.0,,,1,11.0,False,2024,Monaco,R,78.752,20.746,36.978,21.028
ALO,Aston Martin,62.0,0 days 00:01:18.816000,0 days 00:00:20.780000,0 days 00:00:37.033000,0 days 00:00:21.003000,MEDIUM,62.0,2.0,,,1,11.0,False,2024,Monaco,R,78.816,20.78,37.033,21.003
ALO,Aston Martin,63.0,0 days 00:01:18.556000,0 days 00:00:20.520000,0 days 00:00:37.030000,0 days 00:00:21.006000,MEDIUM,63.0,2.0,,,1,11.0,False,2024,Monaco,R,78.556,20.52,37.03,21.006
ALO,Aston Martin,64.0,0 days 00:01:18.736000,0 days 00:00:20.603000,0 days 00:00:37.073000,0 days 00:00:21.060000,MEDIUM,64.0,2.0,,,1,11.0,False,2024,Monaco,R,78.736,20.603,37.073,21.06
ALO,Aston Martin,65.0,0 days 00:01:18.633000,0 days 00:00:20.501000,0 days 00:00:37.104000,0 days 00:00:21.028000,MEDIUM,65.0,2.0,,,1,11.0,False,2024,Monaco,R,78.633,20.501,37.104,21.028
ALO,Aston Martin,66.0,0 days 00:01:18.637000,0 days 00:00:20.477000,0 days 00:00:37.185000,0 days 00:00:20.975000,MEDIUM,66.0,2.0,,,1,11.0,False,2024,Monaco,R,78.637,20.477,37.185,20.975
ALO,Aston Martin,67.0,0 days 00:01:18.126000,0 days 00:00:20.430000,0 days 00:00:36.803000,0 days 00:00:20.893000,MEDIUM,67.0,2.0,,,1,11.0,False,2024,Monaco,R,78.126,20.43,36.803,20.893
ALO,Aston Martin,68.0,0 days 00:01:17.939000,0 days 00:00:20.313000,0 days 00:00:36.659000,0 days 00:00:20.967000,MEDIUM,68.0,2.0,,,1,11.0,False,2024,Monaco,R,77.939,20.313,36.659,20.967
ALO,Aston Martin,69.0,0 days 00:01:18.713000,0 days 00:00:20.291000,0 days 00:00:36.863000,0 days 00:00:21.559000,MEDIUM,69.0,2.0,,,1,11.0,False,2024,Monaco,R,78.713,20.291,36.863,21.559
ALO,Aston Martin,70.0,0 days 00:01:18.473000,0 days 00:00:20.526000,0 days 00:00:37.059000,0 days 00:00:20.888000,MEDIUM,70.0,2.0,,,1,11.0,False,2024,Monaco,R,78.473,20.526,37.059,20.888
ALO,Aston Martin,71.0,0 days 00:01:18.133000,0 days 00:00:20.279000,0 days 00:00:36.942000,0 days 00:00:20.912000,MEDIUM,71.0,2.0,,,1,11.0,False,2024,Monaco,R,78.133,20.279,36.942,20.912
ALO,Aston Martin,72.0,0 days 00:01:18.081000,0 days 00:00:20.306000,0 days 00:00:36.945000,0 days 00:00:20.830000,MEDIUM,72.0,2.0,,,1,11.0,False,2024,Monaco,R,78.081,20.306,36.945,20.83
ALO,Aston Martin,73.0,0 days 00:01:18.504000,0 days 00:00:20.282000,0 days 00:00:37.265000,0 days 00:00:20.957000,MEDIUM,73.0,2.0,,,1,11.0,False,2024,Monaco,R,78.504,20.282,37.265,20.957
ALO,Aston Martin,74.0,0 days 00:01:20.336000,0 days 00:00:20.465000,0 days 00:00:38.628000,0 days 00:00:21.243000,MEDIUM,74.0,2.0,,,1,11.0,False,2024,Monaco,R,80.336,20.465,38.628,21.243
ALO,Aston Martin,75.0,0 days 00:01:18.663000,0 days 00:00:20.459000,0 days 00:00:37.336000,0 days 00:00:20.868000,MEDIUM,75.0,2.0,,,1,11.0,False,2024,Monaco,R,78.663,20.459,37.336,20.868
ALO,Aston Martin,76.0,0 days 00:01:19.053000,0 days 00:00:20.583000,0 days 00:00:37.332000,0 days 00:00:21.138000,MEDIUM,76.0,2.0,,,1,11.0,False,2024,Monaco,R,79.053,20.583,37.332,21.138
RIC,RB,1.0,0 days 00:41:47.607000,,0 days 00:00:59.863000,,MEDIUM,1.0,1.0,0 days 00:57:09.029000,,1254,12.0,False,2024,Monaco,R,2507.607,,59.863,
RIC,RB,2.0,0 days 00:02:10.108000,0 days 00:00:27.153000,0 days 00:00:42.359000,0 days 00:01:00.596000,HARD,2.0,2.0,,0 days 01:36:54.504000,41,12.0,False,2024,Monaco,R,130.108,27.153,42.359,60.596
RIC,RB,3.0,0 days 00:01:29.656000,0 days 00:00:26.535000,0 days 00:00:40.832000,0 days 00:00:22.289000,HARD,3.0,2.0,,,1,13.0,False,2024,Monaco,R,89.656,26.535,40.832,22.289
RIC,RB,4.0,0 days 00:01:23.524000,0 days 00:00:21.754000,0 days 00:00:39.371000,0 days 00:00:22.399000,HARD,4.0,2.0,,,1,13.0,False,2024,Monaco,R,83.524,21.754,39.371,22.399
RIC,RB,5.0,0 days 00:01:23.744000,0 days 00:00:22.171000,0 days 00:00:39.212000,0 days 00:00:22.361000,HARD,5.0,2.0,,,1,13.0,False,2024,Monaco,R,83.744,22.171,39.212,22.361
RIC,RB,6.0,0 days 00:01:22.748000,0 days 00:00:21.911000,0 days 00:00:38.800000,0 days 00:00:22.037000,HARD,6.0,2.0,,,1,13.0,False,2024,Monaco,R,82.748,21.911,38.8,22.037
RIC,RB,7.0,0 days 00:01:22.747000,0 days 00:00:22.074000,0 days 00:00:38.612000,0 days 00:00:22.061000,HARD,7.0,2.0,,,1,13.0,False,2024,Monaco,R,82.747,22.074,38.612,22.061
RIC,RB,8.0,0 days 00:01:22.433000,0 days 00:00:21.868000,0 days 00:00:38.303000,0 days 00:00:22.262000,HARD,8.0,2.0,,,1,13.0,False,2024,Monaco,R,82.433,21.868,38.303,22.262
RIC,RB,9.0,0 days 00:01:21.528000,0 days 00:00:21.451000,0 days 00:00:38.022000,0 days 00:00:22.055000,HARD,9.0,2.0,,,1,13.0,False,2024,Monaco,R,81.528,21.451,38.022,22.055
RIC,RB,10.0,0 days 00:01:21.976000,0 days 00:00:21.740000,0 days 00:00:38.360000,0 days 00:00:21.876000,HARD,10.0,2.0,,,1,13.0,False,2024,Monaco,R,81.976,21.74,38.36,21.876
RIC,RB,11.0,0 days 00:01:21.530000,0 days 00:00:21.700000,0 days 00:00:37.977000,0 days 00:00:21.853000,HARD,11.0,2.0,,,1,13.0,False,2024,Monaco,R,81.53,21.7,37.977,21.853
RIC,RB,12.0,0 days 00:01:21.277000,0 days 00:00:21.519000,0 days 00:00:37.996000,0 days 00:00:21.762000,HARD,12.0,2.0,,,1,13.0,False,2024,Monaco,R,81.277,21.519,37.996,21.762
RIC,RB,13.0,0 days 00:01:21.416000,0 days 00:00:21.450000,0 days 00:00:38.193000,0 days 00:00:21.773000,HARD,13.0,2.0,,,1,13.0,False,2024,Monaco,R,81.416,21.45,38.193,21.773
RIC,RB,14.0,0 days 00:01:21.391000,0 days 00:00:21.668000,0 days 00:00:37.995000,0 days 00:00:21.728000,HARD,14.0,2.0,,,1,13.0,False,2024,Monaco,R,81.391,21.668,37.995,21.728
RIC,RB,15.0,0 days 00:01:21.177000,0 days 00:00:21.389000,0 days 00:00:38.171000,0 days 00:00:21.617000,HARD,15.0,2.0,,,1,13.0,False,2024,Monaco,R,81.177,21.389,38.171,21.617
RIC,RB,16.0,0 days 00:01:21.125000,0 days 00:00:21.332000,0 days 00:00:38.130000,0 days 00:00:21.663000,HARD,16.0,2.0,,,1,13.0,False,2024,Monaco,R,81.125,21.332,38.13,21.663
RIC,RB,17.0,0 days 00:01:20.862000,0 days 00:00:21.334000,0 days 00:00:37.899000,0 days 00:00:21.629000,HARD,17.0,2.0,,,1,13.0,False,2024,Monaco,R,80.862,21.334,37.899,21.629
RIC,RB,18.0,0 days 00:01:21.108000,0 days 00:00:21.486000,0 days 00:00:38.035000,0 days 00:00:21.587000,HARD,18.0,2.0,,,1,13.0,False,2024,Monaco,R,81.108,21.486,38.035,21.587
RIC,RB,19.0,0 days 00:01:21.310000,0 days 00:00:21.437000,0 days 00:00:38.184000,0 days 00:00:21.689000,HARD,19.0,2.0,,,1,13.0,False,2024,Monaco,R,81.31,21.437,38.184,21.689
RIC,RB,20.0,0 days 00:01:20.942000,0 days 00:00:21.160000,0 days 00:00:38.339000,0 days 00:00:21.443000,HARD,20.0,2.0,,,1,13.0,False,2024,Monaco,R,80.942,21.16,38.339,21.443
RIC,RB,21.0,0 days 00:01:20.817000,0 days 00:00:21.205000,0 days 00:00:37.822000,0 days 00:00:21.790000,HARD,21.0,2.0,,,1,13.0,False,2024,Monaco,R,80.817,21.205,37.822,21.79
RIC,RB,22.0,0 days 00:01:20.849000,0 days 00:00:21.090000,0 days 00:00:38.262000,0 days 00:00:21.497000,HARD,22.0,2.0,,,1,13.0,False,2024,Monaco,R,80.849,21.09,38.262,21.497
RIC,RB,23.0,0 days 00:01:20.662000,0 days 00:00:21.236000,0 days 00:00:37.948000,0 days 00:00:21.478000,HARD,23.0,2.0,,,1,13.0,False,2024,Monaco,R,80.662,21.236,37.948,21.478
RIC,RB,24.0,0 days 00:01:20.348000,0 days 00:00:20.907000,0 days 00:00:37.885000,0 days 00:00:21.556000,HARD,24.0,2.0,,,1,13.0,False,2024,Monaco,R,80.348,20.907,37.885,21.556
RIC,RB,25.0,0 days 00:01:21.029000,0 days 00:00:21.168000,0 days 00:00:37.992000,0 days 00:00:21.869000,HARD,25.0,2.0,,,1,13.0,False,2024,Monaco,R,81.029,21.168,37.992,21.869
RIC,RB,26.0,0 days 00:01:20.691000,0 days 00:00:21.346000,0 days 00:00:37.729000,0 days 00:00:21.616000,HARD,26.0,2.0,,,1,13.0,False,2024,Monaco,R,80.691,21.346,37.729,21.616
RIC,RB,27.0,0 days 00:01:21.365000,0 days 00:00:21.579000,0 days 00:00:37.917000,0 days 00:00:21.869000,HARD,27.0,2.0,,,1,13.0,False,2024,Monaco,R,81.365,21.579,37.917,21.869
RIC,RB,28.0,0 days 00:01:21.566000,0 days 00:00:21.734000,0 days 00:00:38.034000,0 days 00:00:21.798000,HARD,28.0,2.0,,,1,13.0,False,2024,Monaco,R,81.566,21.734,38.034,21.798
RIC,RB,29.0,0 days 00:01:21.265000,0 days 00:00:21.618000,0 days 00:00:37.943000,0 days 00:00:21.704000,HARD,29.0,2.0,,,1,13.0,False,2024,Monaco,R,81.265,21.618,37.943,21.704
RIC,RB,30.0,0 days 00:01:20.900000,0 days 00:00:21.548000,0 days 00:00:37.756000,0 days 00:00:21.596000,HARD,30.0,2.0,,,1,13.0,False,2024,Monaco,R,80.9,21.548,37.756,21.596
RIC,RB,31.0,0 days 00:01:20.703000,0 days 00:00:21.417000,0 days 00:00:37.636000,0 days 00:00:21.650000,HARD,31.0,2.0,,,1,13.0,False,2024,Monaco,R,80.703,21.417,37.636,21.65
RIC,RB,32.0,0 days 00:01:20.940000,0 days 00:00:21.516000,0 days 00:00:37.910000,0 days 00:00:21.514000,HARD,32.0,2.0,,,1,13.0,False,2024,Monaco,R,80.94,21.516,37.91,21.514
RIC,RB,33.0,0 days 00:01:20.395000,0 days 00:00:21.207000,0 days 00:00:37.445000,0 days 00:00:21.743000,HARD,33.0,2.0,,,1,13.0,False,2024,Monaco,R,80.395,21.207,37.445,21.743
RIC,RB,34.0,0 days 00:01:20.840000,0 days 00:00:21.215000,0 days 00:00:37.682000,0 days 00:00:21.943000,HARD,34.0,2.0,,,1,13.0,False,2024,Monaco,R,80.84,21.215,37.682,21.943
RIC,RB,35.0,0 days 00:01:20.540000,0 days 00:00:21.105000,0 days 00:00:37.755000,0 days 00:00:21.680000,HARD,35.0,2.0,,,1,13.0,False,2024,Monaco,R,80.54,21.105,37.755,21.68
RIC,RB,36.0,0 days 00:01:21.126000,0 days 00:00:21.513000,0 days 00:00:38.035000,0 days 00:00:21.578000,HARD,36.0,2.0,,,1,13.0,False,2024,Monaco,R,81.126,21.513,38.035,21.578
RIC,RB,37.0,0 days 00:01:21.358000,0 days 00:00:21.582000,0 days 00:00:38.074000,0 days 00:00:21.702000,HARD,37.0,2.0,,,1,13.0,False,2024,Monaco,R,81.358,21.582,38.074,21.702
RIC,RB,38.0,0 days 00:01:21.099000,0 days 00:00:21.613000,0 days 00:00:37.830000,0 days 00:00:21.656000,HARD,38.0,2.0,,,1,13.0,False,2024,Monaco,R,81.099,21.613,37.83,21.656
RIC,RB,39.0,0 days 00:01:21.255000,0 days 00:00:21.466000,0 days 00:00:38.163000,0 days 00:00:21.626000,HARD,39.0,2.0,,,1,13.0,False,2024,Monaco,R,81.255,21.466,38.163,21.626
RIC,RB,40.0,0 days 00:01:20.870000,0 days 00:00:21.292000,0 days 00:00:38.038000,0 days 00:00:21.540000,HARD,40.0,2.0,,,1,13.0,False,2024,Monaco,R,80.87,21.292,38.038,21.54
RIC,RB,41.0,0 days 00:01:25.218000,0 days 00:00:22.294000,0 days 00:00:38.546000,0 days 00:00:24.378000,HARD,41.0,2.0,,,1,13.0,False,2024,Monaco,R,85.218,22.294,38.546,24.378
RIC,RB,42.0,0 days 00:01:21.527000,0 days 00:00:21.932000,0 days 00:00:38.194000,0 days 00:00:21.401000,HARD,42.0,2.0,,,1,13.0,False,2024,Monaco,R,81.527,21.932,38.194,21.401
RIC,RB,43.0,0 days 00:01:21.053000,0 days 00:00:21.041000,0 days 00:00:38.257000,0 days 00:00:21.755000,HARD,43.0,2.0,,,1,13.0,False,2024,Monaco,R,81.053,21.041,38.257,21.755
RIC,RB,44.0,0 days 00:01:18.003000,0 days 00:00:20.370000,0 days 00:00:36.746000,0 days 00:00:20.887000,HARD,44.0,2.0,,,1,13.0,False,2024,Monaco,R,78.003,20.37,36.746,20.887
RIC,RB,45.0,0 days 00:01:21.761000,0 days 00:00:21.241000,0 days 00:00:38.590000,0 days 00:00:21.930000,HARD,45.0,2.0,,,1,13.0,False,2024,Monaco,R,81.761,21.241,38.59,21.93
RIC,RB,46.0,0 days 00:01:17.172000,0 days 00:00:20.128000,0 days 00:00:36.366000,0 days 00:00:20.678000,HARD,46.0,2.0,,,1,13.0,False,2024,Monaco,R,77.172,20.128,36.366,20.678
RIC,RB,47.0,0 days 00:01:21.071000,0 days 00:00:21.023000,0 days 00:00:37.949000,0 days 00:00:22.099000,HARD,47.0,2.0,,,1,13.0,False,2024,Monaco,R,81.071,21.023,37.949,22.099
RIC,RB,48.0,0 days 00:01:18.282000,0 days 00:00:20.173000,0 days 00:00:36.242000,0 days 00:00:21.867000,HARD,48.0,2.0,,,1,12.0,False,2024,Monaco,R,78.282,20.173,36.242,21.867
RIC,RB,49.0,0 days 00:01:19.837000,0 days 00:00:21.326000,0 days 00:00:37.163000,0 days 00:00:21.348000,HARD,49.0,2.0,,,1,12.0,False,2024,Monaco,R,79.837,21.326,37.163,21.348
RIC,RB,50.0,0 days 00:01:19.796000,0 days 00:00:21.024000,0 days 00:00:37.197000,0 days 00:00:21.575000,HARD,50.0,2.0,,,1,12.0,False,2024,Monaco,R,79.796,21.024,37.197,21.575
RIC,RB,51.0,0 days 00:01:22.683000,0 days 00:00:20.960000,0 days 00:00:38.146000,0 days 00:00:23.577000,HARD,51.0,2.0,,,12,12.0,False,2024,Monaco,R,82.683,20.96,38.146,23.577
RIC,RB,52.0,0 days 00:01:20.696000,0 days 00:00:20.643000,0 days 00:00:38.536000,0 days 00:00:21.517000,HARD,52.0,2.0,,,21,12.0,False,2024,Monaco,R,80.696,20.643,38.536,21.517
RIC,RB,53.0,0 days 00:01:20.079000,0 days 00:00:21.237000,0 days 00:00:37.601000,0 days 00:00:21.241000,HARD,53.0,2.0,,,1,12.0,False,2024,Monaco,R,80.079,21.237,37.601,21.241
RIC,RB,54.0,0 days 00:01:19.176000,0 days 00:00:20.964000,0 days 00:00:37.136000,0 days 00:00:21.076000,HARD,54.0,2.0,,,1,12.0,False,2024,Monaco,R,79.176,20.964,37.136,21.076
RIC,RB,55.0,0 days 00:01:19.457000,0 days 00:00:21.059000,0 days 00:00:37.324000,0 days 00:00:21.074000,HARD,55.0,2.0,,,1,12.0,False,2024,Monaco,R,79.457,21.059,37.324,21.074
RIC,RB,56.0,0 days 00:01:22.007000,0 days 00:00:21.726000,0 days 00:00:37.908000,0 days 00:00:22.373000,HARD,56.0,2.0,,,1,12.0,False,2024,Monaco,R,82.007,21.726,37.908,22.373
RIC,RB,57.0,0 days 00:01:19.672000,0 days 00:00:21.529000,0 days 00:00:37.023000,0 days 00:00:21.120000,HARD,57.0,2.0,,,1,12.0,False,2024,Monaco,R,79.672,21.529,37.023,21.12
RIC,RB,58.0,0 days 00:01:19.119000,0 days 00:00:20.707000,0 days 00:00:37.181000,0 days 00:00:21.231000,HARD,58.0,2.0,,,1,12.0,False,2024,Monaco,R,79.119,20.707,37.181,21.231
RIC,RB,59.0,0 days 00:01:18.936000,0 days 00:00:20.851000,0 days 00:00:37.117000,0 days 00:00:20.968000,HARD,59.0,2.0,,,1,12.0,False,2024,Monaco,R,78.936,20.851,37.117,20.968
RIC,RB,60.0,0 days 00:01:19.230000,0 days 00:00:21.090000,0 days 00:00:37.077000,0 days 00:00:21.063000,HARD,60.0,2.0,,,1,12.0,False,2024,Monaco,R,79.23,21.09,37.077,21.063
RIC,RB,61.0,0 days 00:01:18.771000,0 days 00:00:20.756000,0 days 00:00:37.022000,0 days 00:00:20.993000,HARD,61.0,2.0,,,1,12.0,False,2024,Monaco,R,78.771,20.756,37.022,20.993
RIC,RB,62.0,0 days 00:01:18.977000,0 days 00:00:20.906000,0 days 00:00:37.002000,0 days 00:00:21.069000,HARD,62.0,2.0,,,1,12.0,False,2024,Monaco,R,78.977,20.906,37.002,21.069
RIC,RB,63.0,0 days 00:01:18.805000,0 days 00:00:20.639000,0 days 00:00:36.954000,0 days 00:00:21.212000,HARD,63.0,2.0,,,1,12.0,False,2024,Monaco,R,78.805,20.639,36.954,21.212
RIC,RB,64.0,0 days 00:01:18.637000,0 days 00:00:20.598000,0 days 00:00:37.056000,0 days 00:00:20.983000,HARD,64.0,2.0,,,1,12.0,False,2024,Monaco,R,78.637,20.598,37.056,20.983
RIC,RB,65.0,0 days 00:01:18.730000,0 days 00:00:20.594000,0 days 00:00:36.983000,0 days 00:00:21.153000,HARD,65.0,2.0,,,1,12.0,False,2024,Monaco,R,78.73,20.594,36.983,21.153
RIC,RB,66.0,0 days 00:01:18.248000,0 days 00:00:20.435000,0 days 00:00:36.938000,0 days 00:00:20.875000,HARD,66.0,2.0,,,1,12.0,False,2024,Monaco,R,78.248,20.435,36.938,20.875
RIC,RB,67.0,0 days 00:01:18.219000,0 days 00:00:20.633000,0 days 00:00:36.902000,0 days 00:00:20.684000,HARD,67.0,2.0,,,1,12.0,False,2024,Monaco,R,78.219,20.633,36.902,20.684
RIC,RB,68.0,0 days 00:01:18.116000,0 days 00:00:20.473000,0 days 00:00:36.811000,0 days 00:00:20.832000,HARD,68.0,2.0,,,1,12.0,False,2024,Monaco,R,78.116,20.473,36.811,20.832
RIC,RB,69.0,0 days 00:01:18.386000,0 days 00:00:20.405000,0 days 00:00:36.982000,0 days 00:00:20.999000,HARD,69.0,2.0,,,1,12.0,False,2024,Monaco,R,78.386,20.405,36.982,20.999
RIC,RB,70.0,0 days 00:01:18.706000,0 days 00:00:20.715000,0 days 00:00:36.965000,0 days 00:00:21.026000,HARD,70.0,2.0,,,1,12.0,False,2024,Monaco,R,78.706,20.715,36.965,21.026
RIC,RB,71.0,0 days 00:01:18.108000,0 days 00:00:20.438000,0 days 00:00:36.822000,0 days 00:00:20.848000,HARD,71.0,2.0,,,1,12.0,False,2024,Monaco,R,78.108,20.438,36.822,20.848
RIC,RB,72.0,0 days 00:01:18.068000,0 days 00:00:20.507000,0 days 00:00:36.906000,0 days 00:00:20.655000,HARD,72.0,2.0,,,1,12.0,False,2024,Monaco,R,78.068,20.507,36.906,20.655
RIC,RB,73.0,0 days 00:01:18.512000,0 days 00:00:20.501000,0 days 00:00:36.922000,0 days 00:00:21.089000,HARD,73.0,2.0,,,1,12.0,False,2024,Monaco,R,78.512,20.501,36.922,21.089
RIC,RB,74.0,0 days 00:01:20.358000,0 days 00:00:21.820000,0 days 00:00:37.370000,0 days 00:00:21.168000,HARD,74.0,2.0,,,1,12.0,False,2024,Monaco,R,80.358,21.82,37.37,21.168
RIC,RB,75.0,0 days 00:01:18.645000,0 days 00:00:20.617000,0 days 00:00:37.121000,0 days 00:00:20.907000,HARD,75.0,2.0,,,1,12.0,False,2024,Monaco,R,78.645,20.617,37.121,20.907
RIC,RB,76.0,0 days 00:01:18.930000,0 days 00:00:20.560000,0 days 00:00:37.196000,0 days 00:00:21.174000,HARD,76.0,2.0,,,1,12.0,False,2024,Monaco,R,78.93,20.56,37.196,21.174
BOT,Kick Sauber,1.0,0 days 00:42:01.748000,,0 days 00:01:03.149000,,HARD,1.0,1.0,0 days 00:57:14.608000,,1254,15.0,False,2024,Monaco,R,2521.748,,63.149,
BOT,Kick Sauber,2.0,0 days 00:01:56.358000,0 days 00:00:25.896000,0 days 00:00:38.937000,0 days 00:00:51.525000,MEDIUM,1.0,2.0,,0 days 01:37:08.441000,41,15.0,False,2024,Monaco,R,116.358,25.896,38.937,51.525
BOT,Kick Sauber,3.0,0 days 00:01:29.743000,0 days 00:00:26.404000,0 days 00:00:41.019000,0 days 00:00:22.320000,MEDIUM,2.0,2.0,,,1,14.0,False,2024,Monaco,R,89.743,26.404,41.019,22.32
BOT,Kick Sauber,4.0,0 days 00:01:23.386000,0 days 00:00:21.552000,0 days 00:00:39.408000,0 days 00:00:22.426000,MEDIUM,3.0,2.0,,,1,14.0,False,2024,Monaco,R,83.386,21.552,39.408,22.426
BOT,Kick Sauber,5.0,0 days 00:01:23.636000,0 days 00:00:22.024000,0 days 00:00:39.360000,0 days 00:00:22.252000,MEDIUM,4.0,2.0,,,1,14.0,False,2024,Monaco,R,83.636,22.024,39.36,22.252
BOT,Kick Sauber,6.0,0 days 00:01:22.868000,0 days 00:00:22.058000,0 days 00:00:38.681000,0 days 00:00:22.129000,MEDIUM,5.0,2.0,,,1,14.0,False,2024,Monaco,R,82.868,22.058,38.681,22.129
BOT,Kick Sauber,7.0,0 days 00:01:22.832000,0 days 00:00:22.041000,0 days 00:00:38.592000,0 days 00:00:22.199000,MEDIUM,6.0,2.0,,,1,14.0,False,2024,Monaco,R,82.832,22.041,38.592,22.199
BOT,Kick Sauber,8.0,0 days 00:01:22.249000,0 days 00:00:21.812000,0 days 00:00:38.218000,0 days 00:00:22.219000,MEDIUM,7.0,2.0,,,1,14.0,False,2024,Monaco,R,82.249,21.812,38.218,22.219
BOT,Kick Sauber,9.0,0 days 00:01:21.715000,0 days 00:00:21.618000,0 days 00:00:37.945000,0 days 00:00:22.152000,MEDIUM,8.0,2.0,,,1,14.0,False,2024,Monaco,R,81.715,21.618,37.945,22.152
BOT,Kick Sauber,10.0,0 days 00:01:21.947000,0 days 00:00:21.679000,0 days 00:00:38.267000,0 days 00:00:22.001000,MEDIUM,9.0,2.0,,,1,14.0,False,2024,Monaco,R,81.947,21.679,38.267,22.001
BOT,Kick Sauber,11.0,0 days 00:01:21.547000,0 days 00:00:21.731000,0 days 00:00:37.814000,0 days 00:00:22.002000,MEDIUM,10.0,2.0,,,1,14.0,False,2024,Monaco,R,81.547,21.731,37.814,22.002
BOT,Kick Sauber,12.0,0 days 00:01:21.328000,0 days 00:00:21.655000,0 days 00:00:37.769000,0 days 00:00:21.904000,MEDIUM,11.0,2.0,,,1,14.0,False,2024,Monaco,R,81.328,21.655,37.769,21.904
BOT,Kick Sauber,13.0,0 days 00:01:21.540000,0 days 00:00:21.584000,0 days 00:00:37.888000,0 days 00:00:22.068000,MEDIUM,12.0,2.0,,,1,14.0,False,2024,Monaco,R,81.54,21.584,37.888,22.068
BOT,Kick Sauber,14.0,0 days 00:01:21.221000,0 days 00:00:21.574000,0 days 00:00:37.928000,0 days 00:00:21.719000,MEDIUM,13.0,2.0,,,1,14.0,False,2024,Monaco,R,81.221,21.574,37.928,21.719
BOT,Kick Sauber,15.0,0 days 00:01:37.899000,0 days 00:00:21.517000,0 days 00:00:38.162000,0 days 00:00:38.220000,MEDIUM,14.0,2.0,0 days 01:56:52.474000,,1,16.0,False,2024,Monaco,R,97.899,21.517,38.162,38.22
BOT,Kick Sauber,16.0,0 days 00:01:20.012000,0 days 00:00:23.131000,0 days 00:00:36.402000,0 days 00:00:20.479000,HARD,2.0,3.0,,0 days 01:57:16.741000,1,16.0,False,2024,Monaco,R,80.012,23.131,36.402,20.479
BOT,Kick Sauber,17.0,0 days 00:01:16.561000,0 days 00:00:20.390000,0 days 00:00:35.884000,0 days 00:00:20.287000,HARD,3.0,3.0,,,1,16.0,False,2024,Monaco,R,76.561,20.39,35.884,20.287
BOT,Kick Sauber,18.0,0 days 00:01:16.567000,0 days 00:00:20.228000,0 days 00:00:35.938000,0 days 00:00:20.401000,HARD,4.0,3.0,,,1,16.0,False,2024,Monaco,R,76.567,20.228,35.938,20.401
BOT,Kick Sauber,19.0,0 days 00:01:17.829000,0 days 00:00:20.158000,0 days 00:00:36.855000,0 days 00:00:20.816000,HARD,5.0,3.0,,,1,16.0,True,2024,Monaco,R,77.829,20.158,36.855,20.816
BOT,Kick Sauber,20.0,0 days 00:01:19.124000,0 days 00:00:20.653000,0 days 00:00:37.120000,0 days 00:00:21.351000,HARD,6.0,3.0,,,1,16.0,False,2024,Monaco,R,79.124,20.653,37.12,21.351
BOT,Kick Sauber,21.0,0 days 00:01:20.462000,0 days 00:00:20.932000,0 days 00:00:37.656000,0 days 00:00:21.874000,HARD,7.0,3.0,,,1,16.0,False,2024,Monaco,R,80.462,20.932,37.656,21.874
BOT,Kick Sauber,22.0,0 days 00:01:21.022000,0 days 00:00:21.302000,0 days 00:00:38.132000,0 days 00:00:21.588000,HARD,8.0,3.0,,,1,16.0,False,2024,Monaco,R,81.022,21.302,38.132,21.588
BOT,Kick Sauber,23.0,0 days 00:01:20.750000,0 days 00:00:21.340000,0 days 00:00:37.860000,0 days 00:00:21.550000,HARD,9.0,3.0,,,1,16.0,False,2024,Monaco,R,80.75,21.34,37.86,21.55
BOT,Kick Sauber,24.0,0 days 00:01:20.564000,0 days 00:00:21.134000,0 days 00:00:37.742000,0 days 00:00:21.688000,HARD,10.0,3.0,,,1,16.0,False,2024,Monaco,R,80.564,21.134,37.742,21.688
BOT,Kick Sauber,25.0,0 days 00:01:20.783000,0 days 00:00:21.287000,0 days 00:00:37.715000,0 days 00:00:21.781000,HARD,11.0,3.0,,,1,16.0,False,2024,Monaco,R,80.783,21.287,37.715,21.781
BOT,Kick Sauber,26.0,0 days 00:01:20.851000,0 days 00:00:21.321000,0 days 00:00:38.060000,0 days 00:00:21.470000,HARD,12.0,3.0,,,1,16.0,False,2024,Monaco,R,80.851,21.321,38.06,21.47
BOT,Kick Sauber,27.0,0 days 00:01:21.370000,0 days 00:00:21.378000,0 days 00:00:38.235000,0 days 00:00:21.757000,HARD,13.0,3.0,,,1,16.0,False,2024,Monaco,R,81.37,21.378,38.235,21.757
BOT,Kick Sauber,28.0,0 days 00:01:21.765000,0 days 00:00:21.320000,0 days 00:00:38.759000,0 days 00:00:21.686000,HARD,14.0,3.0,,,1,16.0,False,2024,Monaco,R,81.765,21.32,38.759,21.686
BOT,Kick Sauber,29.0,0 days 00:01:20.857000,0 days 00:00:21.182000,0 days 00:00:38.157000,0 days 00:00:21.518000,HARD,15.0,3.0,,,1,16.0,False,2024,Monaco,R,80.857,21.182,38.157,21.518
BOT,Kick Sauber,30.0,0 days 00:01:21.470000,0 days 00:00:21.597000,0 days 00:00:38.180000,0 days 00:00:21.693000,HARD,16.0,3.0,,,1,16.0,False,2024,Monaco,R,81.47,21.597,38.18,21.693
BOT,Kick Sauber,31.0,0 days 00:01:20.752000,0 days 00:00:21.297000,0 days 00:00:37.990000,0 days 00:00:21.465000,HARD,17.0,3.0,,,1,16.0,False,2024,Monaco,R,80.752,21.297,37.99,21.465
BOT,Kick Sauber,32.0,0 days 00:01:20.658000,0 days 00:00:21.194000,0 days 00:00:38.049000,0 days 00:00:21.415000,HARD,18.0,3.0,,,1,16.0,False,2024,Monaco,R,80.658,21.194,38.049,21.415
BOT,Kick Sauber,33.0,0 days 00:01:20.525000,0 days 00:00:21.168000,0 days 00:00:37.732000,0 days 00:00:21.625000,HARD,19.0,3.0,,,1,16.0,False,2024,Monaco,R,80.525,21.168,37.732,21.625
BOT,Kick Sauber,34.0,0 days 00:01:20.903000,0 days 00:00:21.158000,0 days 00:00:37.737000,0 days 00:00:22.008000,HARD,20.0,3.0,,,1,16.0,False,2024,Monaco,R,80.903,21.158,37.737,22.008
BOT,Kick Sauber,35.0,0 days 00:01:20.254000,0 days 00:00:21.490000,0 days 00:00:37.533000,0 days 00:00:21.231000,HARD,21.0,3.0,,,1,16.0,False,2024,Monaco,R,80.254,21.49,37.533,21.231
BOT,Kick Sauber,36.0,0 days 00:01:21.196000,0 days 00:00:21.252000,0 days 00:00:38.201000,0 days 00:00:21.743000,HARD,22.0,3.0,,,1,16.0,False,2024,Monaco,R,81.196,21.252,38.201,21.743
BOT,Kick Sauber,37.0,0 days 00:01:21.386000,0 days 00:00:21.278000,0 days 00:00:38.735000,0 days 00:00:21.373000,HARD,23.0,3.0,,,1,16.0,False,2024,Monaco,R,81.386,21.278,38.735,21.373
BOT,Kick Sauber,38.0,0 days 00:01:20.948000,0 days 00:00:21.290000,0 days 00:00:38.072000,0 days 00:00:21.586000,HARD,24.0,3.0,,,1,16.0,False,2024,Monaco,R,80.948,21.29,38.072,21.586
BOT,Kick Sauber,39.0,0 days 00:01:23.172000,0 days 00:00:21.351000,0 days 00:00:38.707000,0 days 00:00:23.114000,HARD,25.0,3.0,,,1,16.0,False,2024,Monaco,R,83.172,21.351,38.707,23.114
BOT,Kick Sauber,40.0,0 days 00:01:23.591000,0 days 00:00:25.699000,0 days 00:00:36.982000,0 days 00:00:20.910000,HARD,26.0,3.0,,,1,16.0,False,2024,Monaco,R,83.591,25.699,36.982,20.91
BOT,Kick Sauber,41.0,0 days 00:01:20.230000,0 days 00:00:20.840000,0 days 00:00:37.609000,0 days 00:00:21.781000,HARD,27.0,3.0,,,1,16.0,False,2024,Monaco,R,80.23,20.84,37.609,21.781
BOT,Kick Sauber,42.0,0 days 00:01:22.109000,0 days 00:00:21.522000,0 days 00:00:38.992000,0 days 00:00:21.595000,HARD,28.0,3.0,,,1,16.0,False,2024,Monaco,R,82.109,21.522,38.992,21.595
BOT,Kick Sauber,43.0,0 days 00:01:20.912000,0 days 00:00:21.295000,0 days 00:00:37.891000,0 days 00:00:21.726000,HARD,29.0,3.0,,,1,16.0,False,2024,Monaco,R,80.912,21.295,37.891,21.726
BOT,Kick Sauber,44.0,0 days 00:01:19.772000,0 days 00:00:20.988000,0 days 00:00:37.634000,0 days 00:00:21.150000,HARD,30.0,3.0,,,1,16.0,False,2024,Monaco,R,79.772,20.988,37.634,21.15
BOT,Kick Sauber,45.0,0 days 00:01:20.043000,0 days 00:00:20.596000,0 days 00:00:37.595000,0 days 00:00:21.852000,HARD,31.0,3.0,,,1,16.0,False,2024,Monaco,R,80.043,20.596,37.595,21.852
BOT,Kick Sauber,46.0,0 days 00:01:20.417000,0 days 00:00:21.056000,0 days 00:00:38.040000,0 days 00:00:21.321000,HARD,32.0,3.0,,,1,16.0,False,2024,Monaco,R,80.417,21.056,38.04,21.321
BOT,Kick Sauber,47.0,0 days 00:01:22.969000,0 days 00:00:21.815000,0 days 00:00:40.364000,0 days 00:00:20.790000,HARD,33.0,3.0,,,1,16.0,False,2024,Monaco,R,82.969,21.815,40.364,20.79
BOT,Kick Sauber,48.0,0 days 00:01:20.562000,0 days 00:00:20.614000,0 days 00:00:36.907000,0 days 00:00:23.041000,HARD,34.0,3.0,,,1,15.0,False,2024,Monaco,R,80.562,20.614,36.907,23.041
BOT,Kick Sauber,49.0,0 days 00:01:20.818000,0 days 00:00:21,0 days 00:00:38.430000,0 days 00:00:21.388000,HARD,35.0,3.0,,,1,15.0,False,2024,Monaco,R,80.818,21.0,38.43,21.388
BOT,Kick Sauber,50.0,0 days 00:01:20.239000,0 days 00:00:21.110000,0 days 00:00:37.782000,0 days 00:00:21.347000,HARD,36.0,3.0,,,1,14.0,False,2024,Monaco,R,80.239,21.11,37.782,21.347
BOT,Kick Sauber,51.0,0 days 00:01:17.205000,0 days 00:00:20.383000,0 days 00:00:36.319000,0 days 00:00:20.503000,HARD,37.0,3.0,,,12,13.0,False,2024,Monaco,R,77.205,20.383,36.319,20.503
BOT,Kick Sauber,52.0,0 days 00:01:17.202000,0 days 00:00:20.149000,0 days 00:00:36.375000,0 days 00:00:20.678000,HARD,38.0,3.0,,,1,13.0,False,2024,Monaco,R,77.202,20.149,36.375,20.678
BOT,Kick Sauber,53.0,0 days 00:01:18.456000,0 days 00:00:20.365000,0 days 00:00:36.897000,0 days 00:00:21.194000,HARD,39.0,3.0,,,1,13.0,False,2024,Monaco,R,78.456,20.365,36.897,21.194
BOT,Kick Sauber,54.0,0 days 00:01:19.403000,0 days 00:00:21.010000,0 days 00:00:37.292000,0 days 00:00:21.101000,HARD,40.0,3.0,,,1,13.0,False,2024,Monaco,R,79.403,21.01,37.292,21.101
BOT,Kick Sauber,55.0,0 days 00:01:20.375000,0 days 00:00:20.934000,0 days 00:00:37.504000,0 days 00:00:21.937000,HARD,41.0,3.0,,,1,13.0,False,2024,Monaco,R,80.375,20.934,37.504,21.937
BOT,Kick Sauber,56.0,0 days 00:01:21.657000,0 days 00:00:20.934000,0 days 00:00:39.910000,0 days 00:00:20.813000,HARD,42.0,3.0,,,1,13.0,False,2024,Monaco,R,81.657,20.934,39.91,20.813
BOT,Kick Sauber,57.0,0 days 00:01:18.994000,0 days 00:00:20.852000,0 days 00:00:37.066000,0 days 00:00:21.076000,HARD,43.0,3.0,,,1,13.0,False,2024,Monaco,R,78.994,20.852,37.066,21.076
BOT,Kick Sauber,58.0,0 days 00:01:19.280000,0 days 00:00:20.765000,0 days 00:00:37.415000,0 days 00:00:21.100000,HARD,44.0,3.0,,,1,13.0,False,2024,Monaco,R,79.28,20.765,37.415,21.1
BOT,Kick Sauber,59.0,0 days 00:01:18.999000,0 days 00:00:20.786000,0 days 00:00:37.292000,0 days 00:00:20.921000,HARD,45.0,3.0,,,1,13.0,False,2024,Monaco,R,78.999,20.786,37.292,20.921
BOT,Kick Sauber,60.0,0 days 00:01:19.069000,0 days 00:00:20.849000,0 days 00:00:37.273000,0 days 00:00:20.947000,HARD,46.0,3.0,,,1,13.0,False,2024,Monaco,R,79.069,20.849,37.273,20.947
BOT,Kick Sauber,61.0,0 days 00:01:18.623000,0 days 00:00:20.646000,0 days 00:00:37.139000,0 days 00:00:20.838000,HARD,47.0,3.0,,,1,13.0,False,2024,Monaco,R,78.623,20.646,37.139,20.838
BOT,Kick Sauber,62.0,0 days 00:01:18.964000,0 days 00:00:20.844000,0 days 00:00:37.164000,0 days 00:00:20.956000,HARD,48.0,3.0,,,1,13.0,False,2024,Monaco,R,78.964,20.844,37.164,20.956
BOT,Kick Sauber,63.0,0 days 00:01:19.024000,0 days 00:00:20.788000,0 days 00:00:36.997000,0 days 00:00:21.239000,HARD,49.0,3.0,,,1,13.0,False,2024,Monaco,R,79.024,20.788,36.997,21.239
BOT,Kick Sauber,64.0,0 days 00:01:18.531000,0 days 00:00:20.483000,0 days 00:00:36.993000,0 days 00:00:21.055000,HARD,50.0,3.0,,,1,13.0,False,2024,Monaco,R,78.531,20.483,36.993,21.055
BOT,Kick Sauber,65.0,0 days 00:01:18.642000,0 days 00:00:20.564000,0 days 00:00:37.167000,0 days 00:00:20.911000,HARD,51.0,3.0,,,1,13.0,False,2024,Monaco,R,78.642,20.564,37.167,20.911
BOT,Kick Sauber,66.0,0 days 00:01:18.383000,0 days 00:00:20.511000,0 days 00:00:36.989000,0 days 00:00:20.883000,HARD,52.0,3.0,,,1,13.0,False,2024,Monaco,R,78.383,20.511,36.989,20.883
BOT,Kick Sauber,67.0,0 days 00:01:18.467000,0 days 00:00:20.673000,0 days 00:00:37.024000,0 days 00:00:20.770000,HARD,53.0,3.0,,,1,13.0,False,2024,Monaco,R,78.467,20.673,37.024,20.77
BOT,Kick Sauber,68.0,0 days 00:01:18.052000,0 days 00:00:20.418000,0 days 00:00:36.904000,0 days 00:00:20.730000,HARD,54.0,3.0,,,1,13.0,False,2024,Monaco,R,78.052,20.418,36.904,20.73
BOT,Kick Sauber,69.0,0 days 00:01:18.088000,0 days 00:00:20.388000,0 days 00:00:36.787000,0 days 00:00:20.913000,HARD,55.0,3.0,,,1,13.0,False,2024,Monaco,R,78.088,20.388,36.787,20.913
BOT,Kick Sauber,70.0,0 days 00:01:18.778000,0 days 00:00:20.810000,0 days 00:00:37.145000,0 days 00:00:20.823000,HARD,56.0,3.0,,,1,13.0,False,2024,Monaco,R,78.778,20.81,37.145,20.823
BOT,Kick Sauber,71.0,0 days 00:01:18.104000,0 days 00:00:20.559000,0 days 00:00:36.926000,0 days 00:00:20.619000,HARD,57.0,3.0,,,1,13.0,False,2024,Monaco,R,78.104,20.559,36.926,20.619
BOT,Kick Sauber,72.0,0 days 00:01:18.347000,0 days 00:00:20.615000,0 days 00:00:36.905000,0 days 00:00:20.827000,HARD,58.0,3.0,,,1,13.0,False,2024,Monaco,R,78.347,20.615,36.905,20.827
BOT,Kick Sauber,73.0,0 days 00:01:20.068000,0 days 00:00:20.643000,0 days 00:00:38.660000,0 days 00:00:20.765000,HARD,59.0,3.0,,,1,13.0,False,2024,Monaco,R,80.068,20.643,38.66,20.765
BOT,Kick Sauber,74.0,0 days 00:01:18.318000,0 days 00:00:20.309000,0 days 00:00:36.981000,0 days 00:00:21.028000,HARD,60.0,3.0,,,1,13.0,False,2024,Monaco,R,78.318,20.309,36.981,21.028
BOT,Kick Sauber,75.0,0 days 00:01:18.779000,0 days 00:00:20.906000,0 days 00:00:37.135000,0 days 00:00:20.738000,HARD,61.0,3.0,,,1,13.0,False,2024,Monaco,R,78.779,20.906,37.135,20.738
BOT,Kick Sauber,76.0,0 days 00:01:18.774000,0 days 00:00:20.593000,0 days 00:00:37.242000,0 days 00:00:20.939000,HARD,62.0,3.0,,,1,13.0,False,2024,Monaco,R,78.774,20.593,37.242,20.939
STR,Aston Martin,1.0,0 days 00:41:42.648000,,0 days 00:00:59.540000,,HARD,2.0,1.0,0 days 00:57:06.173000,,1254,11.0,False,2024,Monaco,R,2502.648,,59.54,
STR,Aston Martin,2.0,0 days 00:02:14.844000,0 days 00:00:27.146000,0 days 00:00:39.531000,0 days 00:01:08.167000,MEDIUM,2.0,2.0,,0 days 01:36:49.541000,41,11.0,False,2024,Monaco,R,134.844,27.146,39.531,68.167
STR,Aston Martin,3.0,0 days 00:01:28.303000,0 days 00:00:25.677000,0 days 00:00:40.557000,0 days 00:00:22.069000,MEDIUM,3.0,2.0,,,1,11.0,False,2024,Monaco,R,88.303,25.677,40.557,22.069
STR,Aston Martin,4.0,0 days 00:01:23.354000,0 days 00:00:22.061000,0 days 00:00:39.219000,0 days 00:00:22.074000,MEDIUM,4.0,2.0,,,1,11.0,False,2024,Monaco,R,83.354,22.061,39.219,22.074
STR,Aston Martin,5.0,0 days 00:01:23.731000,0 days 00:00:22.635000,0 days 00:00:39.111000,0 days 00:00:21.985000,MEDIUM,5.0,2.0,,,1,11.0,False,2024,Monaco,R,83.731,22.635,39.111,21.985
STR,Aston Martin,6.0,0 days 00:01:22.977000,0 days 00:00:22.270000,0 days 00:00:38.549000,0 days 00:00:22.158000,MEDIUM,6.0,2.0,,,1,11.0,False,2024,Monaco,R,82.977,22.27,38.549,22.158
STR,Aston Martin,7.0,0 days 00:01:22.634000,0 days 00:00:22.108000,0 days 00:00:38.619000,0 days 00:00:21.907000,MEDIUM,7.0,2.0,,,1,11.0,False,2024,Monaco,R,82.634,22.108,38.619,21.907
STR,Aston Martin,8.0,0 days 00:01:21.653000,0 days 00:00:21.713000,0 days 00:00:38.133000,0 days 00:00:21.807000,MEDIUM,8.0,2.0,,,1,11.0,False,2024,Monaco,R,81.653,21.713,38.133,21.807
STR,Aston Martin,9.0,0 days 00:01:22.090000,0 days 00:00:21.688000,0 days 00:00:38.358000,0 days 00:00:22.044000,MEDIUM,9.0,2.0,,,1,11.0,False,2024,Monaco,R,82.09,21.688,38.358,22.044
STR,Aston Martin,10.0,0 days 00:01:21.725000,0 days 00:00:21.646000,0 days 00:00:38.242000,0 days 00:00:21.837000,MEDIUM,10.0,2.0,,,1,11.0,False,2024,Monaco,R,81.725,21.646,38.242,21.837
STR,Aston Martin,11.0,0 days 00:01:21.517000,0 days 00:00:21.360000,0 days 00:00:38.334000,0 days 00:00:21.823000,MEDIUM,11.0,2.0,,,1,11.0,False,2024,Monaco,R,81.517,21.36,38.334,21.823
STR,Aston Martin,12.0,0 days 00:01:21.471000,0 days 00:00:21.177000,0 days 00:00:38.425000,0 days 00:00:21.869000,MEDIUM,12.0,2.0,,,1,11.0,False,2024,Monaco,R,81.471,21.177,38.425,21.869
STR,Aston Martin,13.0,0 days 00:01:21.314000,0 days 00:00:21.223000,0 days 00:00:38.017000,0 days 00:00:22.074000,MEDIUM,13.0,2.0,,,1,11.0,False,2024,Monaco,R,81.314,21.223,38.017,22.074
STR,Aston Martin,14.0,0 days 00:01:20.427000,0 days 00:00:20.801000,0 days 00:00:37.389000,0 days 00:00:22.237000,MEDIUM,14.0,2.0,,,1,11.0,False,2024,Monaco,R,80.427,20.801,37.389,22.237
STR,Aston Martin,15.0,0 days 00:01:20.781000,0 days 00:00:21.070000,0 days 00:00:37.758000,0 days 00:00:21.953000,MEDIUM,15.0,2.0,,,1,11.0,False,2024,Monaco,R,80.781,21.07,37.758,21.953
STR,Aston Martin,16.0,0 days 00:01:21.189000,0 days 00:00:21.576000,0 days 00:00:37.784000,0 days 00:00:21.829000,MEDIUM,16.0,2.0,,,1,11.0,False,2024,Monaco,R,81.189,21.576,37.784,21.829
STR,Aston Martin,17.0,0 days 00:01:21.970000,0 days 00:00:21.680000,0 days 00:00:38.423000,0 days 00:00:21.867000,MEDIUM,17.0,2.0,,,1,11.0,False,2024,Monaco,R,81.97,21.68,38.423,21.867
STR,Aston Martin,18.0,0 days 00:01:20.698000,0 days 00:00:21.328000,0 days 00:00:37.860000,0 days 00:00:21.510000,MEDIUM,18.0,2.0,,,1,11.0,False,2024,Monaco,R,80.698,21.328,37.86,21.51
STR,Aston Martin,19.0,0 days 00:01:20.353000,0 days 00:00:21.281000,0 days 00:00:37.134000,0 days 00:00:21.938000,MEDIUM,19.0,2.0,,,1,11.0,False,2024,Monaco,R,80.353,21.281,37.134,21.938
STR,Aston Martin,20.0,0 days 00:01:19.398000,0 days 00:00:20.880000,0 days 00:00:37.147000,0 days 00:00:21.371000,MEDIUM,20.0,2.0,,,1,11.0,False,2024,Monaco,R,79.398,20.88,37.147,21.371
STR,Aston Martin,21.0,0 days 00:01:19.016000,0 days 00:00:20.854000,0 days 00:00:37.059000,0 days 00:00:21.103000,MEDIUM,21.0,2.0,,,1,11.0,False,2024,Monaco,R,79.016,20.854,37.059,21.103
STR,Aston Martin,22.0,0 days 00:01:21.307000,0 days 00:00:21.677000,0 days 00:00:37.718000,0 days 00:00:21.912000,MEDIUM,22.0,2.0,,,1,11.0,False,2024,Monaco,R,81.307,21.677,37.718,21.912
STR,Aston Martin,23.0,0 days 00:01:21.188000,0 days 00:00:21.372000,0 days 00:00:38.086000,0 days 00:00:21.730000,MEDIUM,23.0,2.0,,,1,11.0,False,2024,Monaco,R,81.188,21.372,38.086,21.73
STR,Aston Martin,24.0,0 days 00:01:21.621000,0 days 00:00:21.615000,0 days 00:00:38.073000,0 days 00:00:21.933000,MEDIUM,24.0,2.0,,,1,11.0,False,2024,Monaco,R,81.621,21.615,38.073,21.933
STR,Aston Martin,25.0,0 days 00:01:20.506000,0 days 00:00:21.010000,0 days 00:00:37.970000,0 days 00:00:21.526000,MEDIUM,25.0,2.0,,,1,11.0,False,2024,Monaco,R,80.506,21.01,37.97,21.526
STR,Aston Martin,26.0,0 days 00:01:20.589000,0 days 00:00:21.064000,0 days 00:00:37.845000,0 days 00:00:21.680000,MEDIUM,26.0,2.0,,,1,11.0,False,2024,Monaco,R,80.589,21.064,37.845,21.68
STR,Aston Martin,27.0,0 days 00:01:20.307000,0 days 00:00:20.676000,0 days 00:00:37.768000,0 days 00:00:21.863000,MEDIUM,27.0,2.0,,,1,11.0,False,2024,Monaco,R,80.307,20.676,37.768,21.863
STR,Aston Martin,28.0,0 days 00:01:20.131000,0 days 00:00:21.068000,0 days 00:00:37.569000,0 days 00:00:21.494000,MEDIUM,28.0,2.0,,,1,11.0,False,2024,Monaco,R,80.131,21.068,37.569,21.494
STR,Aston Martin,29.0,0 days 00:01:19.464000,0 days 00:00:20.986000,0 days 00:00:37.085000,0 days 00:00:21.393000,MEDIUM,29.0,2.0,,,1,11.0,False,2024,Monaco,R,79.464,20.986,37.085,21.393
STR,Aston Martin,30.0,0 days 00:01:21.422000,0 days 00:00:21.242000,0 days 00:00:37.987000,0 days 00:00:22.193000,MEDIUM,30.0,2.0,,,1,11.0,False,2024,Monaco,R,81.422,21.242,37.987,22.193
STR,Aston Martin,31.0,0 days 00:01:22.535000,0 days 00:00:22.064000,0 days 00:00:38.602000,0 days 00:00:21.869000,MEDIUM,31.0,2.0,,,1,11.0,False,2024,Monaco,R,82.535,22.064,38.602,21.869
STR,Aston Martin,32.0,0 days 00:01:21.252000,0 days 00:00:21.475000,0 days 00:00:37.876000,0 days 00:00:21.901000,MEDIUM,32.0,2.0,,,1,11.0,False,2024,Monaco,R,81.252,21.475,37.876,21.901
STR,Aston Martin,33.0,0 days 00:01:20.536000,0 days 00:00:21.060000,0 days 00:00:37.742000,0 days 00:00:21.734000,MEDIUM,33.0,2.0,,,1,11.0,False,2024,Monaco,R,80.536,21.06,37.742,21.734
STR,Aston Martin,34.0,0 days 00:01:19.789000,0 days 00:00:20.814000,0 days 00:00:37.648000,0 days 00:00:21.327000,MEDIUM,34.0,2.0,,,1,11.0,False,2024,Monaco,R,79.789,20.814,37.648,21.327
STR,Aston Martin,35.0,0 days 00:01:19.497000,0 days 00:00:20.895000,0 days 00:00:37.055000,0 days 00:00:21.547000,MEDIUM,35.0,2.0,,,1,11.0,False,2024,Monaco,R,79.497,20.895,37.055,21.547
STR,Aston Martin,36.0,0 days 00:01:19.297000,0 days 00:00:20.785000,0 days 00:00:37.112000,0 days 00:00:21.400000,MEDIUM,36.0,2.0,,,1,11.0,False,2024,Monaco,R,79.297,20.785,37.112,21.4
STR,Aston Martin,37.0,0 days 00:01:19.638000,0 days 00:00:20.936000,0 days 00:00:37.247000,0 days 00:00:21.455000,MEDIUM,37.0,2.0,,,1,11.0,False,2024,Monaco,R,79.638,20.936,37.247,21.455
STR,Aston Martin,38.0,0 days 00:01:19.706000,0 days 00:00:21.191000,0 days 00:00:37.187000,0 days 00:00:21.328000,MEDIUM,38.0,2.0,,,1,11.0,False,2024,Monaco,R,79.706,21.191,37.187,21.328
STR,Aston Martin,39.0,0 days 00:01:19.867000,0 days 00:00:21.184000,0 days 00:00:37.236000,0 days 00:00:21.447000,MEDIUM,39.0,2.0,,,1,11.0,False,2024,Monaco,R,79.867,21.184,37.236,21.447
STR,Aston Martin,40.0,0 days 00:01:20.450000,0 days 00:00:21.374000,0 days 00:00:37.532000,0 days 00:00:21.544000,MEDIUM,40.0,2.0,,,1,11.0,False,2024,Monaco,R,80.45,21.374,37.532,21.544
STR,Aston Martin,41.0,0 days 00:01:20.200000,0 days 00:00:21.210000,0 days 00:00:37.513000,0 days 00:00:21.477000,MEDIUM,41.0,2.0,,,1,11.0,False,2024,Monaco,R,80.2,21.21,37.513,21.477
STR,Aston Martin,42.0,0 days 00:01:37.062000,0 days 00:00:21.187000,0 days 00:00:37.289000,0 days 00:00:38.586000,MEDIUM,42.0,2.0,0 days 02:33:01.090000,,1,11.0,False,2024,Monaco,R,97.062,21.187,37.289,38.586
STR,Aston Martin,43.0,0 days 00:01:22.775000,0 days 00:00:24.327000,0 days 00:00:37.385000,0 days 00:00:21.063000,HARD,3.0,3.0,,0 days 02:33:25.167000,1,11.0,False,2024,Monaco,R,82.775,24.327,37.385,21.063
STR,Aston Martin,44.0,0 days 00:01:18.551000,0 days 00:00:20.552000,0 days 00:00:37.005000,0 days 00:00:20.994000,HARD,4.0,3.0,,,1,11.0,False,2024,Monaco,R,78.551,20.552,37.005,20.994
STR,Aston Martin,45.0,0 days 00:01:18.806000,0 days 00:00:20.484000,0 days 00:00:37.023000,0 days 00:00:21.299000,HARD,5.0,3.0,,,1,11.0,False,2024,Monaco,R,78.806,20.484,37.023,21.299
STR,Aston Martin,46.0,0 days 00:01:18.296000,0 days 00:00:20.529000,0 days 00:00:36.671000,0 days 00:00:21.096000,HARD,6.0,3.0,,,1,11.0,False,2024,Monaco,R,78.296,20.529,36.671,21.096
STR,Aston Martin,47.0,0 days 00:01:18.062000,0 days 00:00:20.222000,0 days 00:00:36.815000,0 days 00:00:21.025000,HARD,7.0,3.0,,,1,11.0,False,2024,Monaco,R,78.062,20.222,36.815,21.025
STR,Aston Martin,48.0,0 days 00:01:49.132000,0 days 00:00:20.243000,0 days 00:00:40.645000,0 days 00:00:48.244000,HARD,8.0,3.0,0 days 02:41:22.662000,,1,16.0,True,2024,Monaco,R,109.132,20.243,40.645,48.244
STR,Aston Martin,49.0,0 days 00:01:19.089000,0 days 00:00:22.278000,0 days 00:00:35.985000,0 days 00:00:20.826000,SOFT,1.0,4.0,,0 days 02:41:50.787000,1,16.0,False,2024,Monaco,R,79.089,22.278,35.985,20.826
STR,Aston Martin,50.0,0 days 00:01:17.788000,0 days 00:00:20.305000,0 days 00:00:36.497000,0 days 00:00:20.986000,SOFT,2.0,4.0,,,1,16.0,False,2024,Monaco,R,77.788,20.305,36.497,20.986
STR,Aston Martin,51.0,0 days 00:01:16.982000,0 days 00:00:20.155000,0 days 00:00:36.191000,0 days 00:00:20.636000,SOFT,3.0,4.0,,,12,16.0,False,2024,Monaco,R,76.982,20.155,36.191,20.636
STR,Aston Martin,52.0,0 days 00:01:17.350000,0 days 00:00:20.008000,0 days 00:00:36.517000,0 days 00:00:20.825000,SOFT,4.0,4.0,,,1,16.0,False,2024,Monaco,R,77.35,20.008,36.517,20.825
STR,Aston Martin,53.0,0 days 00:01:21.547000,0 days 00:00:20.140000,0 days 00:00:38.505000,0 days 00:00:22.902000,SOFT,5.0,4.0,,,1,16.0,False,2024,Monaco,R,81.547,20.14,38.505,22.902
STR,Aston Martin,54.0,0 days 00:01:20.571000,0 days 00:00:20.602000,0 days 00:00:38.634000,0 days 00:00:21.335000,SOFT,6.0,4.0,,,1,16.0,False,2024,Monaco,R,80.571,20.602,38.634,21.335
STR,Aston Martin,55.0,0 days 00:01:19.963000,0 days 00:00:21.262000,0 days 00:00:37.584000,0 days 00:00:21.117000,SOFT,7.0,4.0,,,1,15.0,False,2024,Monaco,R,79.963,21.262,37.584,21.117
STR,Aston Martin,56.0,0 days 00:01:17.279000,0 days 00:00:20.547000,0 days 00:00:35.890000,0 days 00:00:20.842000,SOFT,8.0,4.0,,,1,14.0,False,2024,Monaco,R,77.279,20.547,35.89,20.842
STR,Aston Martin,57.0,0 days 00:01:16.914000,0 days 00:00:20.106000,0 days 00:00:35.937000,0 days 00:00:20.871000,SOFT,9.0,4.0,,,1,14.0,False,2024,Monaco,R,76.914,20.106,35.937,20.871
STR,Aston Martin,58.0,0 days 00:01:17.156000,0 days 00:00:20.193000,0 days 00:00:36.244000,0 days 00:00:20.719000,SOFT,10.0,4.0,,,1,14.0,False,2024,Monaco,R,77.156,20.193,36.244,20.719
STR,Aston Martin,59.0,0 days 00:01:16.710000,0 days 00:00:19.891000,0 days 00:00:35.991000,0 days 00:00:20.828000,SOFT,11.0,4.0,,,1,14.0,False,2024,Monaco,R,76.71,19.891,35.991,20.828
STR,Aston Martin,60.0,0 days 00:01:17.326000,0 days 00:00:20.162000,0 days 00:00:36.547000,0 days 00:00:20.617000,SOFT,12.0,4.0,,,1,14.0,False,2024,Monaco,R,77.326,20.162,36.547,20.617
STR,Aston Martin,61.0,0 days 00:01:18.298000,0 days 00:00:20.494000,0 days 00:00:36.945000,0 days 00:00:20.859000,SOFT,13.0,4.0,,,1,14.0,False,2024,Monaco,R,78.298,20.494,36.945,20.859
STR,Aston Martin,62.0,0 days 00:01:19.070000,0 days 00:00:20.936000,0 days 00:00:37.065000,0 days 00:00:21.069000,SOFT,14.0,4.0,,,1,14.0,False,2024,Monaco,R,79.07,20.936,37.065,21.069
STR,Aston Martin,63.0,0 days 00:01:19.100000,0 days 00:00:20.758000,0 days 00:00:36.950000,0 days 00:00:21.392000,SOFT,15.0,4.0,,,1,14.0,False,2024,Monaco,R,79.1,20.758,36.95,21.392
STR,Aston Martin,64.0,0 days 00:01:18.425000,0 days 00:00:20.463000,0 days 00:00:36.961000,0 days 00:00:21.001000,SOFT,16.0,4.0,,,1,14.0,False,2024,Monaco,R,78.425,20.463,36.961,21.001
STR,Aston Martin,65.0,0 days 00:01:18.732000,0 days 00:00:20.644000,0 days 00:00:37.021000,0 days 00:00:21.067000,SOFT,17.0,4.0,,,1,14.0,False,2024,Monaco,R,78.732,20.644,37.021,21.067
STR,Aston Martin,66.0,0 days 00:01:18.748000,0 days 00:00:20.611000,0 days 00:00:37.007000,0 days 00:00:21.130000,SOFT,18.0,4.0,,,1,14.0,False,2024,Monaco,R,78.748,20.611,37.007,21.13
STR,Aston Martin,67.0,0 days 00:01:18.636000,0 days 00:00:20.703000,0 days 00:00:36.929000,0 days 00:00:21.004000,SOFT,19.0,4.0,,,1,14.0,False,2024,Monaco,R,78.636,20.703,36.929,21.004
STR,Aston Martin,68.0,0 days 00:01:18.057000,0 days 00:00:20.359000,0 days 00:00:36.667000,0 days 00:00:21.031000,SOFT,20.0,4.0,,,1,14.0,False,2024,Monaco,R,78.057,20.359,36.667,21.031
STR,Aston Martin,69.0,0 days 00:01:18.275000,0 days 00:00:20.380000,0 days 00:00:36.796000,0 days 00:00:21.099000,SOFT,21.0,4.0,,,1,14.0,False,2024,Monaco,R,78.275,20.38,36.796,21.099
STR,Aston Martin,70.0,0 days 00:01:18.557000,0 days 00:00:20.529000,0 days 00:00:37.064000,0 days 00:00:20.964000,SOFT,22.0,4.0,,,1,14.0,False,2024,Monaco,R,78.557,20.529,37.064,20.964
STR,Aston Martin,71.0,0 days 00:01:18.464000,0 days 00:00:20.412000,0 days 00:00:36.958000,0 days 00:00:21.094000,SOFT,23.0,4.0,,,1,14.0,False,2024,Monaco,R,78.464,20.412,36.958,21.094
STR,Aston Martin,72.0,0 days 00:01:18.332000,0 days 00:00:20.367000,0 days 00:00:37.025000,0 days 00:00:20.940000,SOFT,24.0,4.0,,,1,14.0,False,2024,Monaco,R,78.332,20.367,37.025,20.94
STR,Aston Martin,73.0,0 days 00:01:20.709000,0 days 00:00:20.332000,0 days 00:00:39.233000,0 days 00:00:21.144000,SOFT,25.0,4.0,,,1,14.0,False,2024,Monaco,R,80.709,20.332,39.233,21.144
STR,Aston Martin,74.0,0 days 00:01:18.230000,0 days 00:00:20.371000,0 days 00:00:36.747000,0 days 00:00:21.112000,SOFT,26.0,4.0,,,1,14.0,False,2024,Monaco,R,78.23,20.371,36.747,21.112
STR,Aston Martin,75.0,0 days 00:01:18.511000,0 days 00:00:20.386000,0 days 00:00:37.011000,0 days 00:00:21.114000,SOFT,27.0,4.0,,,1,14.0,False,2024,Monaco,R,78.511,20.386,37.011,21.114
STR,Aston Martin,76.0,0 days 00:01:18.623000,0 days 00:00:20.405000,0 days 00:00:37.002000,0 days 00:00:21.216000,SOFT,28.0,4.0,,,1,14.0,False,2024,Monaco,R,78.623,20.405,37.002,21.216
SAR,Williams,1.0,0 days 00:41:56.858000,,0 days 00:01:01.643000,,HARD,1.0,1.0,0 days 00:57:12.277000,,1254,14.0,False,2024,Monaco,R,2516.858,,61.643,
SAR,Williams,2.0,0 days 00:02:01.235000,0 days 00:00:26.633000,0 days 00:00:39.728000,0 days 00:00:54.874000,HARD,2.0,2.0,,0 days 01:37:03.705000,41,14.0,False,2024,Monaco,R,121.235,26.633,39.728,54.874
SAR,Williams,3.0,0 days 00:01:30.077000,0 days 00:00:26.856000,0 days 00:00:40.929000,0 days 00:00:22.292000,HARD,3.0,2.0,,,1,15.0,False,2024,Monaco,R,90.077,26.856,40.929,22.292
SAR,Williams,4.0,0 days 00:01:23.682000,0 days 00:00:21.741000,0 days 00:00:39.183000,0 days 00:00:22.758000,HARD,4.0,2.0,,,1,15.0,False,2024,Monaco,R,83.682,21.741,39.183,22.758
SAR,Williams,5.0,0 days 00:01:23.674000,0 days 00:00:21.831000,0 days 00:00:39.228000,0 days 00:00:22.615000,HARD,5.0,2.0,,,1,15.0,False,2024,Monaco,R,83.674,21.831,39.228,22.615
SAR,Williams,6.0,0 days 00:01:22.739000,0 days 00:00:21.755000,0 days 00:00:38.678000,0 days 00:00:22.306000,HARD,6.0,2.0,,,1,15.0,False,2024,Monaco,R,82.739,21.755,38.678,22.306
SAR,Williams,7.0,0 days 00:01:22.899000,0 days 00:00:21.942000,0 days 00:00:38.540000,0 days 00:00:22.417000,HARD,7.0,2.0,,,1,15.0,False,2024,Monaco,R,82.899,21.942,38.54,22.417
SAR,Williams,8.0,0 days 00:01:22.221000,0 days 00:00:21.582000,0 days 00:00:38.156000,0 days 00:00:22.483000,HARD,8.0,2.0,,,1,15.0,False,2024,Monaco,R,82.221,21.582,38.156,22.483
SAR,Williams,9.0,0 days 00:01:21.679000,0 days 00:00:21.538000,0 days 00:00:37.874000,0 days 00:00:22.267000,HARD,9.0,2.0,,,1,15.0,False,2024,Monaco,R,81.679,21.538,37.874,22.267
SAR,Williams,10.0,0 days 00:01:21.944000,0 days 00:00:21.541000,0 days 00:00:38.354000,0 days 00:00:22.049000,HARD,10.0,2.0,,,1,15.0,False,2024,Monaco,R,81.944,21.541,38.354,22.049
SAR,Williams,11.0,0 days 00:01:21.492000,0 days 00:00:21.574000,0 days 00:00:37.832000,0 days 00:00:22.086000,HARD,11.0,2.0,,,1,15.0,False,2024,Monaco,R,81.492,21.574,37.832,22.086
SAR,Williams,12.0,0 days 00:01:21.404000,0 days 00:00:21.621000,0 days 00:00:37.875000,0 days 00:00:21.908000,HARD,12.0,2.0,,,1,15.0,False,2024,Monaco,R,81.404,21.621,37.875,21.908
SAR,Williams,13.0,0 days 00:01:21.499000,0 days 00:00:21.430000,0 days 00:00:37.879000,0 days 00:00:22.190000,HARD,13.0,2.0,,,1,15.0,False,2024,Monaco,R,81.499,21.43,37.879,22.19
SAR,Williams,14.0,0 days 00:01:21.219000,0 days 00:00:21.480000,0 days 00:00:37.897000,0 days 00:00:21.842000,HARD,14.0,2.0,,,1,15.0,False,2024,Monaco,R,81.219,21.48,37.897,21.842
SAR,Williams,15.0,0 days 00:01:21.340000,0 days 00:00:21.472000,0 days 00:00:38.159000,0 days 00:00:21.709000,HARD,15.0,2.0,,,1,14.0,False,2024,Monaco,R,81.34,21.472,38.159,21.709
SAR,Williams,16.0,0 days 00:01:20.646000,0 days 00:00:20.927000,0 days 00:00:37.890000,0 days 00:00:21.829000,HARD,16.0,2.0,,,1,14.0,False,2024,Monaco,R,80.646,20.927,37.89,21.829
SAR,Williams,17.0,0 days 00:01:21.016000,0 days 00:00:21.263000,0 days 00:00:37.825000,0 days 00:00:21.928000,HARD,17.0,2.0,,,1,14.0,False,2024,Monaco,R,81.016,21.263,37.825,21.928
SAR,Williams,18.0,0 days 00:01:21.031000,0 days 00:00:21.234000,0 days 00:00:37.936000,0 days 00:00:21.861000,HARD,18.0,2.0,,,1,14.0,False,2024,Monaco,R,81.031,21.234,37.936,21.861
SAR,Williams,19.0,0 days 00:01:21.221000,0 days 00:00:21.335000,0 days 00:00:38.020000,0 days 00:00:21.866000,HARD,19.0,2.0,,,1,14.0,False,2024,Monaco,R,81.221,21.335,38.02,21.866
SAR,Williams,20.0,0 days 00:01:20.853000,0 days 00:00:21.147000,0 days 00:00:38.153000,0 days 00:00:21.553000,HARD,20.0,2.0,,,1,14.0,False,2024,Monaco,R,80.853,21.147,38.153,21.553
SAR,Williams,21.0,0 days 00:01:20.849000,0 days 00:00:21.285000,0 days 00:00:37.812000,0 days 00:00:21.752000,HARD,21.0,2.0,,,1,14.0,False,2024,Monaco,R,80.849,21.285,37.812,21.752
SAR,Williams,22.0,0 days 00:01:20.897000,0 days 00:00:21.237000,0 days 00:00:38.089000,0 days 00:00:21.571000,HARD,22.0,2.0,,,1,14.0,False,2024,Monaco,R,80.897,21.237,38.089,21.571
SAR,Williams,23.0,0 days 00:01:20.593000,0 days 00:00:21.240000,0 days 00:00:37.907000,0 days 00:00:21.446000,HARD,23.0,2.0,,,1,14.0,False,2024,Monaco,R,80.593,21.24,37.907,21.446
SAR,Williams,24.0,0 days 00:01:20.395000,0 days 00:00:21.011000,0 days 00:00:37.720000,0 days 00:00:21.664000,HARD,24.0,2.0,,,1,14.0,False,2024,Monaco,R,80.395,21.011,37.72,21.664
SAR,Williams,25.0,0 days 00:01:20.903000,0 days 00:00:21.186000,0 days 00:00:37.918000,0 days 00:00:21.799000,HARD,25.0,2.0,,,1,14.0,False,2024,Monaco,R,80.903,21.186,37.918,21.799
SAR,Williams,26.0,0 days 00:01:20.929000,0 days 00:00:21.388000,0 days 00:00:37.795000,0 days 00:00:21.746000,HARD,26.0,2.0,,,1,14.0,False,2024,Monaco,R,80.929,21.388,37.795,21.746
SAR,Williams,27.0,0 days 00:01:21.231000,0 days 00:00:21.389000,0 days 00:00:37.969000,0 days 00:00:21.873000,HARD,27.0,2.0,,,1,14.0,False,2024,Monaco,R,81.231,21.389,37.969,21.873
SAR,Williams,28.0,0 days 00:01:21.604000,0 days 00:00:21.725000,0 days 00:00:38.047000,0 days 00:00:21.832000,HARD,28.0,2.0,,,1,14.0,False,2024,Monaco,R,81.604,21.725,38.047,21.832
SAR,Williams,29.0,0 days 00:01:21.334000,0 days 00:00:21.525000,0 days 00:00:37.905000,0 days 00:00:21.904000,HARD,29.0,2.0,,,1,14.0,False,2024,Monaco,R,81.334,21.525,37.905,21.904
SAR,Williams,30.0,0 days 00:01:20.840000,0 days 00:00:21.438000,0 days 00:00:37.701000,0 days 00:00:21.701000,HARD,30.0,2.0,,,1,14.0,False,2024,Monaco,R,80.84,21.438,37.701,21.701
SAR,Williams,31.0,0 days 00:01:20.775000,0 days 00:00:21.304000,0 days 00:00:37.708000,0 days 00:00:21.763000,HARD,31.0,2.0,,,1,14.0,False,2024,Monaco,R,80.775,21.304,37.708,21.763
SAR,Williams,32.0,0 days 00:01:20.797000,0 days 00:00:21.346000,0 days 00:00:37.737000,0 days 00:00:21.714000,HARD,32.0,2.0,,,1,14.0,False,2024,Monaco,R,80.797,21.346,37.737,21.714
SAR,Williams,33.0,0 days 00:01:20.530000,0 days 00:00:21.295000,0 days 00:00:37.569000,0 days 00:00:21.666000,HARD,33.0,2.0,,,1,14.0,False,2024,Monaco,R,80.53,21.295,37.569,21.666
SAR,Williams,34.0,0 days 00:01:20.738000,0 days 00:00:21.107000,0 days 00:00:37.635000,0 days 00:00:21.996000,HARD,34.0,2.0,,,1,14.0,False,2024,Monaco,R,80.738,21.107,37.635,21.996
SAR,Williams,35.0,0 days 00:01:20.584000,0 days 00:00:21.221000,0 days 00:00:37.600000,0 days 00:00:21.763000,HARD,35.0,2.0,,,1,14.0,False,2024,Monaco,R,80.584,21.221,37.6,21.763
SAR,Williams,36.0,0 days 00:01:21.134000,0 days 00:00:21.506000,0 days 00:00:37.834000,0 days 00:00:21.794000,HARD,36.0,2.0,,,1,14.0,False,2024,Monaco,R,81.134,21.506,37.834,21.794
SAR,Williams,37.0,0 days 00:01:21.404000,0 days 00:00:21.501000,0 days 00:00:38.001000,0 days 00:00:21.902000,HARD,37.0,2.0,,,1,14.0,False,2024,Monaco,R,81.404,21.501,38.001,21.902
SAR,Williams,38.0,0 days 00:01:21.131000,0 days 00:00:21.462000,0 days 00:00:37.841000,0 days 00:00:21.828000,HARD,38.0,2.0,,,1,14.0,False,2024,Monaco,R,81.131,21.462,37.841,21.828
SAR,Williams,39.0,0 days 00:01:21.273000,0 days 00:00:21.384000,0 days 00:00:38.043000,0 days 00:00:21.846000,HARD,39.0,2.0,,,1,14.0,False,2024,Monaco,R,81.273,21.384,38.043,21.846
SAR,Williams,40.0,0 days 00:01:21.780000,0 days 00:00:21.227000,0 days 00:00:37.878000,0 days 00:00:22.675000,HARD,40.0,2.0,,,1,14.0,False,2024,Monaco,R,81.78,21.227,37.878,22.675
SAR,Williams,41.0,0 days 00:01:24.378000,0 days 00:00:21.524000,0 days 00:00:40.940000,0 days 00:00:21.914000,HARD,41.0,2.0,,,1,14.0,False,2024,Monaco,R,84.378,21.524,40.94,21.914
SAR,Williams,42.0,0 days 00:01:21.870000,0 days 00:00:21.730000,0 days 00:00:38.385000,0 days 00:00:21.755000,HARD,42.0,2.0,,,1,14.0,False,2024,Monaco,R,81.87,21.73,38.385,21.755
SAR,Williams,43.0,0 days 00:01:20.552000,0 days 00:00:21.033000,0 days 00:00:37.794000,0 days 00:00:21.725000,HARD,43.0,2.0,,,1,14.0,False,2024,Monaco,R,80.552,21.033,37.794,21.725
SAR,Williams,44.0,0 days 00:01:19.511000,0 days 00:00:20.889000,0 days 00:00:37.323000,0 days 00:00:21.299000,HARD,44.0,2.0,,,1,14.0,False,2024,Monaco,R,79.511,20.889,37.323,21.299
SAR,Williams,45.0,0 days 00:01:20.720000,0 days 00:00:20.922000,0 days 00:00:38.046000,0 days 00:00:21.752000,HARD,45.0,2.0,,,1,14.0,False,2024,Monaco,R,80.72,20.922,38.046,21.752
SAR,Williams,46.0,0 days 00:01:20.124000,0 days 00:00:20.964000,0 days 00:00:37.598000,0 days 00:00:21.562000,HARD,46.0,2.0,,,1,14.0,False,2024,Monaco,R,80.124,20.964,37.598,21.562
SAR,Williams,47.0,0 days 00:01:19.888000,0 days 00:00:20.969000,0 days 00:00:37.668000,0 days 00:00:21.251000,HARD,47.0,2.0,,,1,14.0,False,2024,Monaco,R,79.888,20.969,37.668,21.251
SAR,Williams,48.0,0 days 00:01:20.970000,0 days 00:00:20.941000,0 days 00:00:37.593000,0 days 00:00:22.436000,HARD,48.0,2.0,,,1,13.0,False,2024,Monaco,R,80.97,20.941,37.593,22.436
SAR,Williams,49.0,0 days 00:01:23.966000,0 days 00:00:23.115000,0 days 00:00:39.299000,0 days 00:00:21.552000,HARD,49.0,2.0,,,1,13.0,False,2024,Monaco,R,83.966,23.115,39.299,21.552
SAR,Williams,50.0,0 days 00:01:20.292000,0 days 00:00:21.048000,0 days 00:00:37.750000,0 days 00:00:21.494000,HARD,50.0,2.0,,,1,13.0,False,2024,Monaco,R,80.292,21.048,37.75,21.494
SAR,Williams,51.0,0 days 00:01:21.817000,0 days 00:00:21.035000,0 days 00:00:39.022000,0 days 00:00:21.760000,HARD,51.0,2.0,,,12,14.0,False,2024,Monaco,R,81.817,21.035,39.022,21.76
SAR,Williams,52.0,0 days 00:01:20.780000,0 days 00:00:21.105000,0 days 00:00:38.055000,0 days 00:00:21.620000,HARD,52.0,2.0,,,1,14.0,False,2024,Monaco,R,80.78,21.105,38.055,21.62
SAR,Williams,53.0,0 days 00:01:21.318000,0 days 00:00:20.956000,0 days 00:00:37.797000,0 days 00:00:22.565000,HARD,53.0,2.0,,,1,14.0,False,2024,Monaco,R,81.318,20.956,37.797,22.565
SAR,Williams,54.0,0 days 00:01:22.289000,0 days 00:00:21.983000,0 days 00:00:38.675000,0 days 00:00:21.631000,HARD,54.0,2.0,,,1,14.0,False,2024,Monaco,R,82.289,21.983,38.675,21.631
SAR,Williams,55.0,0 days 00:01:20.342000,0 days 00:00:21.022000,0 days 00:00:37.718000,0 days 00:00:21.602000,HARD,55.0,2.0,,,1,14.0,False,2024,Monaco,R,80.342,21.022,37.718,21.602
SAR,Williams,56.0,0 days 00:01:21.474000,0 days 00:00:21.793000,0 days 00:00:38.053000,0 days 00:00:21.628000,HARD,56.0,2.0,,,1,15.0,False,2024,Monaco,R,81.474,21.793,38.053,21.628
SAR,Williams,57.0,0 days 00:01:37.746000,0 days 00:00:21.140000,0 days 00:00:38.317000,0 days 00:00:38.289000,HARD,57.0,2.0,0 days 02:53:38.899000,,1,16.0,False,2024,Monaco,R,97.746,21.14,38.317,38.289
SAR,Williams,58.0,0 days 00:01:19.809000,0 days 00:00:23.376000,0 days 00:00:36.212000,0 days 00:00:20.221000,MEDIUM,1.0,3.0,,0 days 02:54:03.280000,1,16.0,False,2024,Monaco,R,79.809,23.376,36.212,20.221
SAR,Williams,59.0,0 days 00:01:15.594000,0 days 00:00:19.801000,0 days 00:00:35.692000,0 days 00:00:20.101000,MEDIUM,2.0,3.0,,,1,16.0,False,2024,Monaco,R,75.594,19.801,35.692,20.101
SAR,Williams,60.0,0 days 00:01:15.580000,0 days 00:00:19.777000,0 days 00:00:35.627000,0 days 00:00:20.176000,MEDIUM,3.0,3.0,,,1,16.0,False,2024,Monaco,R,75.58,19.777,35.627,20.176
SAR,Williams,61.0,0 days 00:01:15.558000,0 days 00:00:19.890000,0 days 00:00:35.556000,0 days 00:00:20.112000,MEDIUM,4.0,3.0,,,1,16.0,False,2024,Monaco,R,75.558,19.89,35.556,20.112
SAR,Williams,62.0,0 days 00:01:15.525000,0 days 00:00:19.733000,0 days 00:00:35.631000,0 days 00:00:20.161000,MEDIUM,5.0,3.0,,,1,16.0,False,2024,Monaco,R,75.525,19.733,35.631,20.161
SAR,Williams,63.0,0 days 00:01:15.688000,0 days 00:00:19.671000,0 days 00:00:35.794000,0 days 00:00:20.223000,MEDIUM,6.0,3.0,,,1,16.0,False,2024,Monaco,R,75.688,19.671,35.794,20.223
SAR,Williams,64.0,0 days 00:01:16.895000,0 days 00:00:19.927000,0 days 00:00:35.952000,0 days 00:00:21.016000,MEDIUM,7.0,3.0,,,1,16.0,False,2024,Monaco,R,76.895,19.927,35.952,21.016
SAR,Williams,65.0,0 days 00:01:19.869000,0 days 00:00:20.922000,0 days 00:00:37.545000,0 days 00:00:21.402000,MEDIUM,8.0,3.0,,,1,16.0,False,2024,Monaco,R,79.869,20.922,37.545,21.402
SAR,Williams,66.0,0 days 00:01:20.799000,0 days 00:00:20.930000,0 days 00:00:37.695000,0 days 00:00:22.174000,MEDIUM,9.0,3.0,,,1,16.0,False,2024,Monaco,R,80.799,20.93,37.695,22.174
SAR,Williams,67.0,0 days 00:01:20.347000,0 days 00:00:20.519000,0 days 00:00:37.497000,0 days 00:00:22.331000,MEDIUM,10.0,3.0,,,1,16.0,False,2024,Monaco,R,80.347,20.519,37.497,22.331
SAR,Williams,68.0,0 days 00:01:20.004000,0 days 00:00:22.775000,0 days 00:00:36.827000,0 days 00:00:20.402000,MEDIUM,11.0,3.0,,,1,15.0,False,2024,Monaco,R,80.004,22.775,36.827,20.402
SAR,Williams,69.0,0 days 00:01:16.077000,0 days 00:00:19.786000,0 days 00:00:35.869000,0 days 00:00:20.422000,MEDIUM,12.0,3.0,,,1,15.0,False,2024,Monaco,R,76.077,19.786,35.869,20.422
SAR,Williams,70.0,0 days 00:01:16.866000,0 days 00:00:20.177000,0 days 00:00:36.262000,0 days 00:00:20.427000,MEDIUM,13.0,3.0,,,1,15.0,False,2024,Monaco,R,76.866,20.177,36.262,20.427
SAR,Williams,71.0,0 days 00:01:16.326000,0 days 00:00:19.937000,0 days 00:00:35.991000,0 days 00:00:20.398000,MEDIUM,14.0,3.0,,,1,15.0,False,2024,Monaco,R,76.326,19.937,35.991,20.398
SAR,Williams,72.0,0 days 00:01:16.402000,0 days 00:00:19.872000,0 days 00:00:36.122000,0 days 00:00:20.408000,MEDIUM,15.0,3.0,,,1,15.0,False,2024,Monaco,R,76.402,19.872,36.122,20.408
SAR,Williams,73.0,0 days 00:01:16.370000,0 days 00:00:19.871000,0 days 00:00:36.033000,0 days 00:00:20.466000,MEDIUM,16.0,3.0,,,1,15.0,False,2024,Monaco,R,76.37,19.871,36.033,20.466
SAR,Williams,74.0,0 days 00:01:16.863000,0 days 00:00:20.047000,0 days 00:00:36.521000,0 days 00:00:20.295000,MEDIUM,17.0,3.0,,,1,15.0,False,2024,Monaco,R,76.863,20.047,36.521,20.295
SAR,Williams,75.0,0 days 00:01:16.324000,0 days 00:00:19.872000,0 days 00:00:35.946000,0 days 00:00:20.506000,MEDIUM,18.0,3.0,,,1,15.0,False,2024,Monaco,R,76.324,19.872,35.946,20.506
SAR,Williams,76.0,0 days 00:01:17.197000,0 days 00:00:20.107000,0 days 00:00:36.716000,0 days 00:00:20.374000,MEDIUM,19.0,3.0,,,1,15.0,False,2024,Monaco,R,77.197,20.107,36.716,20.374
ZHO,Kick Sauber,1.0,0 days 00:42:06.253000,,0 days 00:00:49.767000,,MEDIUM,1.0,1.0,0 days 00:57:26.533000,,1254,16.0,False,2024,Monaco,R,2526.253,,49.767,
ZHO,Kick Sauber,2.0,0 days 00:01:52.131000,0 days 00:00:28.552000,0 days 00:00:39.859000,0 days 00:00:43.720000,HARD,1.0,2.0,,0 days 01:37:13.050000,41,16.0,False,2024,Monaco,R,112.131,28.552,39.859,43.72
ZHO,Kick Sauber,3.0,0 days 00:01:30.396000,0 days 00:00:26.896000,0 days 00:00:41.393000,0 days 00:00:22.107000,HARD,2.0,2.0,,,1,16.0,False,2024,Monaco,R,90.396,26.896,41.393,22.107
ZHO,Kick Sauber,4.0,0 days 00:01:23.698000,0 days 00:00:21.765000,0 days 00:00:39.055000,0 days 00:00:22.878000,HARD,3.0,2.0,,,1,16.0,False,2024,Monaco,R,83.698,21.765,39.055,22.878
ZHO,Kick Sauber,5.0,0 days 00:01:23.494000,0 days 00:00:21.829000,0 days 00:00:39.045000,0 days 00:00:22.620000,HARD,4.0,2.0,,,1,16.0,False,2024,Monaco,R,83.494,21.829,39.045,22.62
ZHO,Kick Sauber,6.0,0 days 00:01:22.649000,0 days 00:00:21.728000,0 days 00:00:38.731000,0 days 00:00:22.190000,HARD,5.0,2.0,,,1,16.0,False,2024,Monaco,R,82.649,21.728,38.731,22.19
ZHO,Kick Sauber,7.0,0 days 00:01:22.934000,0 days 00:00:22.206000,0 days 00:00:38.439000,0 days 00:00:22.289000,HARD,6.0,2.0,,,1,16.0,False,2024,Monaco,R,82.934,22.206,38.439,22.289
ZHO,Kick Sauber,8.0,0 days 00:01:22.182000,0 days 00:00:21.642000,0 days 00:00:38.286000,0 days 00:00:22.254000,HARD,7.0,2.0,,,1,16.0,False,2024,Monaco,R,82.182,21.642,38.286,22.254
ZHO,Kick Sauber,9.0,0 days 00:01:21.810000,0 days 00:00:21.629000,0 days 00:00:37.916000,0 days 00:00:22.265000,HARD,8.0,2.0,,,1,16.0,False,2024,Monaco,R,81.81,21.629,37.916,22.265
ZHO,Kick Sauber,10.0,0 days 00:01:21.944000,0 days 00:00:21.518000,0 days 00:00:38.270000,0 days 00:00:22.156000,HARD,9.0,2.0,,,1,16.0,False,2024,Monaco,R,81.944,21.518,38.27,22.156
ZHO,Kick Sauber,11.0,0 days 00:01:21.563000,0 days 00:00:21.747000,0 days 00:00:37.966000,0 days 00:00:21.850000,HARD,10.0,2.0,,,1,16.0,False,2024,Monaco,R,81.563,21.747,37.966,21.85
ZHO,Kick Sauber,12.0,0 days 00:01:21.193000,0 days 00:00:21.595000,0 days 00:00:37.756000,0 days 00:00:21.842000,HARD,11.0,2.0,,,1,16.0,False,2024,Monaco,R,81.193,21.595,37.756,21.842
ZHO,Kick Sauber,13.0,0 days 00:01:21.529000,0 days 00:00:21.767000,0 days 00:00:37.831000,0 days 00:00:21.931000,HARD,12.0,2.0,,,1,16.0,False,2024,Monaco,R,81.529,21.767,37.831,21.931
ZHO,Kick Sauber,14.0,0 days 00:01:21.264000,0 days 00:00:21.602000,0 days 00:00:37.891000,0 days 00:00:21.771000,HARD,13.0,2.0,,,1,16.0,False,2024,Monaco,R,81.264,21.602,37.891,21.771
ZHO,Kick Sauber,15.0,0 days 00:01:21.447000,0 days 00:00:21.425000,0 days 00:00:38.247000,0 days 00:00:21.775000,HARD,14.0,2.0,,,1,15.0,False,2024,Monaco,R,81.447,21.425,38.247,21.775
ZHO,Kick Sauber,16.0,0 days 00:01:20.481000,0 days 00:00:21.128000,0 days 00:00:37.569000,0 days 00:00:21.784000,HARD,15.0,2.0,,,1,15.0,False,2024,Monaco,R,80.481,21.128,37.569,21.784
ZHO,Kick Sauber,17.0,0 days 00:01:20.979000,0 days 00:00:21.477000,0 days 00:00:37.600000,0 days 00:00:21.902000,HARD,16.0,2.0,,,1,15.0,False,2024,Monaco,R,80.979,21.477,37.6,21.902
ZHO,Kick Sauber,18.0,0 days 00:01:20.911000,0 days 00:00:21.373000,0 days 00:00:37.878000,0 days 00:00:21.660000,HARD,17.0,2.0,,,1,15.0,False,2024,Monaco,R,80.911,21.373,37.878,21.66
ZHO,Kick Sauber,19.0,0 days 00:01:21.420000,0 days 00:00:21.577000,0 days 00:00:37.827000,0 days 00:00:22.016000,HARD,18.0,2.0,,,1,15.0,False,2024,Monaco,R,81.42,21.577,37.827,22.016
ZHO,Kick Sauber,20.0,0 days 00:01:20.904000,0 days 00:00:21.275000,0 days 00:00:37.894000,0 days 00:00:21.735000,HARD,19.0,2.0,,,1,15.0,False,2024,Monaco,R,80.904,21.275,37.894,21.735
ZHO,Kick Sauber,21.0,0 days 00:01:20.669000,0 days 00:00:21.235000,0 days 00:00:37.764000,0 days 00:00:21.670000,HARD,20.0,2.0,,,1,15.0,False,2024,Monaco,R,80.669,21.235,37.764,21.67
ZHO,Kick Sauber,22.0,0 days 00:01:21.083000,0 days 00:00:21.441000,0 days 00:00:37.938000,0 days 00:00:21.704000,HARD,21.0,2.0,,,1,15.0,False,2024,Monaco,R,81.083,21.441,37.938,21.704
ZHO,Kick Sauber,23.0,0 days 00:01:20.792000,0 days 00:00:21.275000,0 days 00:00:37.842000,0 days 00:00:21.675000,HARD,22.0,2.0,,,1,15.0,False,2024,Monaco,R,80.792,21.275,37.842,21.675
ZHO,Kick Sauber,24.0,0 days 00:01:20.347000,0 days 00:00:21.064000,0 days 00:00:37.587000,0 days 00:00:21.696000,HARD,23.0,2.0,,,1,15.0,False,2024,Monaco,R,80.347,21.064,37.587,21.696
ZHO,Kick Sauber,25.0,0 days 00:01:20.763000,0 days 00:00:21.130000,0 days 00:00:37.799000,0 days 00:00:21.834000,HARD,24.0,2.0,,,1,15.0,False,2024,Monaco,R,80.763,21.13,37.799,21.834
ZHO,Kick Sauber,26.0,0 days 00:01:20.869000,0 days 00:00:21.433000,0 days 00:00:37.643000,0 days 00:00:21.793000,HARD,25.0,2.0,,,1,15.0,False,2024,Monaco,R,80.869,21.433,37.643,21.793
ZHO,Kick Sauber,27.0,0 days 00:01:21.293000,0 days 00:00:21.425000,0 days 00:00:37.959000,0 days 00:00:21.909000,HARD,26.0,2.0,,,1,15.0,False,2024,Monaco,R,81.293,21.425,37.959,21.909
ZHO,Kick Sauber,28.0,0 days 00:01:21.516000,0 days 00:00:21.616000,0 days 00:00:38.121000,0 days 00:00:21.779000,HARD,27.0,2.0,,,1,15.0,False,2024,Monaco,R,81.516,21.616,38.121,21.779
ZHO,Kick Sauber,29.0,0 days 00:01:21.338000,0 days 00:00:21.519000,0 days 00:00:37.991000,0 days 00:00:21.828000,HARD,28.0,2.0,,,1,15.0,False,2024,Monaco,R,81.338,21.519,37.991,21.828
ZHO,Kick Sauber,30.0,0 days 00:01:21.044000,0 days 00:00:21.481000,0 days 00:00:37.892000,0 days 00:00:21.671000,HARD,29.0,2.0,,,1,15.0,False,2024,Monaco,R,81.044,21.481,37.892,21.671
ZHO,Kick Sauber,31.0,0 days 00:01:20.806000,0 days 00:00:21.300000,0 days 00:00:37.787000,0 days 00:00:21.719000,HARD,30.0,2.0,,,1,15.0,False,2024,Monaco,R,80.806,21.3,37.787,21.719
ZHO,Kick Sauber,32.0,0 days 00:01:20.782000,0 days 00:00:21.184000,0 days 00:00:37.828000,0 days 00:00:21.770000,HARD,31.0,2.0,,,1,15.0,False,2024,Monaco,R,80.782,21.184,37.828,21.77
ZHO,Kick Sauber,33.0,0 days 00:01:20.677000,0 days 00:00:21.200000,0 days 00:00:37.618000,0 days 00:00:21.859000,HARD,32.0,2.0,,,1,15.0,False,2024,Monaco,R,80.677,21.2,37.618,21.859
ZHO,Kick Sauber,34.0,0 days 00:01:20.736000,0 days 00:00:21.114000,0 days 00:00:37.666000,0 days 00:00:21.956000,HARD,33.0,2.0,,,1,15.0,False,2024,Monaco,R,80.736,21.114,37.666,21.956
ZHO,Kick Sauber,35.0,0 days 00:01:20.372000,0 days 00:00:21.313000,0 days 00:00:37.346000,0 days 00:00:21.713000,HARD,34.0,2.0,,,1,15.0,False,2024,Monaco,R,80.372,21.313,37.346,21.713
ZHO,Kick Sauber,36.0,0 days 00:01:20.986000,0 days 00:00:21.386000,0 days 00:00:37.814000,0 days 00:00:21.786000,HARD,35.0,2.0,,,1,15.0,False,2024,Monaco,R,80.986,21.386,37.814,21.786
ZHO,Kick Sauber,37.0,0 days 00:01:21.449000,0 days 00:00:21.447000,0 days 00:00:38.116000,0 days 00:00:21.886000,HARD,36.0,2.0,,,1,15.0,False,2024,Monaco,R,81.449,21.447,38.116,21.886
ZHO,Kick Sauber,38.0,0 days 00:01:21.090000,0 days 00:00:21.375000,0 days 00:00:37.829000,0 days 00:00:21.886000,HARD,37.0,2.0,,,1,15.0,False,2024,Monaco,R,81.09,21.375,37.829,21.886
ZHO,Kick Sauber,39.0,0 days 00:01:21.233000,0 days 00:00:21.442000,0 days 00:00:37.886000,0 days 00:00:21.905000,HARD,38.0,2.0,,,1,15.0,False,2024,Monaco,R,81.233,21.442,37.886,21.905
ZHO,Kick Sauber,40.0,0 days 00:01:24.969000,0 days 00:00:21.459000,0 days 00:00:39.432000,0 days 00:00:24.078000,HARD,39.0,2.0,,,1,15.0,False,2024,Monaco,R,84.969,21.459,39.432,24.078
ZHO,Kick Sauber,41.0,0 days 00:01:21.127000,0 days 00:00:21.806000,0 days 00:00:37.565000,0 days 00:00:21.756000,HARD,40.0,2.0,,,1,15.0,False,2024,Monaco,R,81.127,21.806,37.565,21.756
ZHO,Kick Sauber,42.0,0 days 00:01:21.957000,0 days 00:00:21.693000,0 days 00:00:38.580000,0 days 00:00:21.684000,HARD,41.0,2.0,,,1,15.0,False,2024,Monaco,R,81.957,21.693,38.58,21.684
ZHO,Kick Sauber,43.0,0 days 00:01:20.578000,0 days 00:00:21.195000,0 days 00:00:37.699000,0 days 00:00:21.684000,HARD,42.0,2.0,,,1,15.0,False,2024,Monaco,R,80.578,21.195,37.699,21.684
ZHO,Kick Sauber,44.0,0 days 00:01:19.610000,0 days 00:00:21.049000,0 days 00:00:37.220000,0 days 00:00:21.341000,HARD,43.0,2.0,,,1,15.0,False,2024,Monaco,R,79.61,21.049,37.22,21.341
ZHO,Kick Sauber,45.0,0 days 00:01:20.686000,0 days 00:00:20.876000,0 days 00:00:38.074000,0 days 00:00:21.736000,HARD,44.0,2.0,,,1,15.0,False,2024,Monaco,R,80.686,20.876,38.074,21.736
ZHO,Kick Sauber,46.0,0 days 00:01:20.146000,0 days 00:00:21.067000,0 days 00:00:37.671000,0 days 00:00:21.408000,HARD,45.0,2.0,,,1,15.0,False,2024,Monaco,R,80.146,21.067,37.671,21.408
ZHO,Kick Sauber,47.0,0 days 00:01:20.075000,0 days 00:00:21.026000,0 days 00:00:37.569000,0 days 00:00:21.480000,HARD,46.0,2.0,,,1,15.0,False,2024,Monaco,R,80.075,21.026,37.569,21.48
ZHO,Kick Sauber,48.0,0 days 00:01:22.481000,0 days 00:00:20.790000,0 days 00:00:39.009000,0 days 00:00:22.682000,HARD,47.0,2.0,,,1,14.0,False,2024,Monaco,R,82.481,20.79,39.009,22.682
ZHO,Kick Sauber,49.0,0 days 00:01:22.134000,0 days 00:00:22.503000,0 days 00:00:38.311000,0 days 00:00:21.320000,HARD,48.0,2.0,,,1,14.0,False,2024,Monaco,R,82.134,22.503,38.311,21.32
ZHO,Kick Sauber,50.0,0 days 00:01:20.946000,0 days 00:00:21.094000,0 days 00:00:37.718000,0 days 00:00:22.134000,HARD,49.0,2.0,,,1,15.0,False,2024,Monaco,R,80.946,21.094,37.718,22.134
ZHO,Kick Sauber,51.0,0 days 00:01:20.962000,0 days 00:00:20.966000,0 days 00:00:38.513000,0 days 00:00:21.483000,HARD,50.0,2.0,,,12,15.0,False,2024,Monaco,R,80.962,20.966,38.513,21.483
ZHO,Kick Sauber,52.0,0 days 00:01:20.970000,0 days 00:00:21.347000,0 days 00:00:38.108000,0 days 00:00:21.515000,HARD,51.0,2.0,,,1,15.0,False,2024,Monaco,R,80.97,21.347,38.108,21.515
ZHO,Kick Sauber,53.0,0 days 00:01:21.375000,0 days 00:00:21.048000,0 days 00:00:38.840000,0 days 00:00:21.487000,HARD,52.0,2.0,,,1,15.0,False,2024,Monaco,R,81.375,21.048,38.84,21.487
ZHO,Kick Sauber,54.0,0 days 00:01:22.153000,0 days 00:00:22,0 days 00:00:38.781000,0 days 00:00:21.372000,HARD,53.0,2.0,,,1,15.0,False,2024,Monaco,R,82.153,22.0,38.781,21.372
ZHO,Kick Sauber,55.0,0 days 00:01:21.399000,0 days 00:00:21.110000,0 days 00:00:38.647000,0 days 00:00:21.642000,HARD,54.0,2.0,,,1,16.0,False,2024,Monaco,R,81.399,21.11,38.647,21.642
ZHO,Kick Sauber,56.0,0 days 00:01:20.315000,0 days 00:00:21.051000,0 days 00:00:37.870000,0 days 00:00:21.394000,HARD,55.0,2.0,,,1,16.0,False,2024,Monaco,R,80.315,21.051,37.87,21.394
ZHO,Kick Sauber,57.0,0 days 00:01:21.119000,0 days 00:00:21.300000,0 days 00:00:38.386000,0 days 00:00:21.433000,HARD,56.0,2.0,,,1,15.0,False,2024,Monaco,R,81.119,21.3,38.386,21.433
ZHO,Kick Sauber,58.0,0 days 00:01:18.795000,0 days 00:00:20.885000,0 days 00:00:36.909000,0 days 00:00:21.001000,HARD,57.0,2.0,,,1,15.0,False,2024,Monaco,R,78.795,20.885,36.909,21.001
ZHO,Kick Sauber,59.0,0 days 00:01:17.936000,0 days 00:00:20.562000,0 days 00:00:36.428000,0 days 00:00:20.946000,HARD,58.0,2.0,,,1,15.0,False,2024,Monaco,R,77.936,20.562,36.428,20.946
ZHO,Kick Sauber,60.0,0 days 00:01:18.545000,0 days 00:00:20.685000,0 days 00:00:36.745000,0 days 00:00:21.115000,HARD,59.0,2.0,,,1,15.0,False,2024,Monaco,R,78.545,20.685,36.745,21.115
ZHO,Kick Sauber,61.0,0 days 00:01:18.707000,0 days 00:00:20.763000,0 days 00:00:36.697000,0 days 00:00:21.247000,HARD,60.0,2.0,,,1,15.0,False,2024,Monaco,R,78.707,20.763,36.697,21.247
ZHO,Kick Sauber,62.0,0 days 00:01:18.817000,0 days 00:00:20.796000,0 days 00:00:36.763000,0 days 00:00:21.258000,HARD,61.0,2.0,,,1,15.0,False,2024,Monaco,R,78.817,20.796,36.763,21.258
ZHO,Kick Sauber,63.0,0 days 00:01:18.789000,0 days 00:00:20.657000,0 days 00:00:36.919000,0 days 00:00:21.213000,HARD,62.0,2.0,,,1,15.0,False,2024,Monaco,R,78.789,20.657,36.919,21.213
ZHO,Kick Sauber,64.0,0 days 00:01:19.295000,0 days 00:00:20.765000,0 days 00:00:37.309000,0 days 00:00:21.221000,HARD,63.0,2.0,,,1,15.0,False,2024,Monaco,R,79.295,20.765,37.309,21.221
ZHO,Kick Sauber,65.0,0 days 00:01:19.719000,0 days 00:00:20.799000,0 days 00:00:37.532000,0 days 00:00:21.388000,HARD,64.0,2.0,,,1,15.0,False,2024,Monaco,R,79.719,20.799,37.532,21.388
ZHO,Kick Sauber,66.0,0 days 00:01:19.749000,0 days 00:00:20.941000,0 days 00:00:37.572000,0 days 00:00:21.236000,HARD,65.0,2.0,,,1,15.0,False,2024,Monaco,R,79.749,20.941,37.572,21.236
ZHO,Kick Sauber,67.0,0 days 00:01:20.357000,0 days 00:00:21.547000,0 days 00:00:37.546000,0 days 00:00:21.264000,HARD,66.0,2.0,,,1,15.0,False,2024,Monaco,R,80.357,21.547,37.546,21.264
ZHO,Kick Sauber,68.0,0 days 00:01:25.217000,0 days 00:00:23.989000,0 days 00:00:39.102000,0 days 00:00:22.126000,HARD,67.0,2.0,,,1,16.0,False,2024,Monaco,R,85.217,23.989,39.102,22.126
ZHO,Kick Sauber,69.0,0 days 00:01:20.484000,0 days 00:00:21.261000,0 days 00:00:37.817000,0 days 00:00:21.406000,HARD,68.0,2.0,,,1,16.0,False,2024,Monaco,R,80.484,21.261,37.817,21.406
ZHO,Kick Sauber,70.0,0 days 00:01:40.898000,0 days 00:00:21.033000,0 days 00:00:40.932000,0 days 00:00:38.933000,HARD,69.0,2.0,0 days 03:10:59.688000,,1,16.0,False,2024,Monaco,R,100.898,21.033,40.932,38.933
ZHO,Kick Sauber,71.0,0 days 00:01:25.295000,0 days 00:00:23.767000,0 days 00:00:39.983000,0 days 00:00:21.545000,SOFT,1.0,3.0,,0 days 03:11:24.136000,1,16.0,False,2024,Monaco,R,85.295,23.767,39.983,21.545
ZHO,Kick Sauber,72.0,0 days 00:01:20.585000,0 days 00:00:20.370000,0 days 00:00:36.805000,0 days 00:00:23.410000,SOFT,2.0,3.0,,,1,16.0,False,2024,Monaco,R,80.585,20.37,36.805,23.41
ZHO,Kick Sauber,73.0,0 days 00:01:15.233000,0 days 00:00:19.940000,0 days 00:00:35.135000,0 days 00:00:20.158000,SOFT,3.0,3.0,,,1,16.0,False,2024,Monaco,R,75.233,19.94,35.135,20.158
ZHO,Kick Sauber,74.0,0 days 00:01:20.473000,0 days 00:00:21.051000,0 days 00:00:37.048000,0 days 00:00:22.374000,SOFT,4.0,3.0,,,1,16.0,False,2024,Monaco,R,80.473,21.051,37.048,22.374
ZHO,Kick Sauber,75.0,0 days 00:01:14.718000,0 days 00:00:19.751000,0 days 00:00:34.990000,0 days 00:00:19.977000,SOFT,5.0,3.0,,,1,16.0,False,2024,Monaco,R,74.718,19.751,34.99,19.977
ZHO,Kick Sauber,76.0,0 days 00:01:17.173000,0 days 00:00:20.460000,0 days 00:00:35.927000,0 days 00:00:20.786000,SOFT,6.0,3.0,,,1,16.0,False,2024,Monaco,R,77.173,20.46,35.927,20.786
OCO,Alpine,1.0,,,,,HARD,1.0,1.0,,,1254,,False,2024,Monaco,R,,,,
PER,Red Bull Racing,1.0,,,,,HARD,1.0,1.0,,,1254,,False,2024,Monaco,R,,,,
HUL,Haas F1 Team,1.0,,,,,MEDIUM,1.0,1.0,,,1254,,False,2024,Monaco,R,,,,
MAG,Haas F1 Team,1.0,,,,,HARD,1.0,1.0,,,1254,,False,2024,Monaco,R,,,,
