Driver,Team,LapNumber,LapTime,Sector1Time,Sector2Time,Sector3Time,Compound,TyreLife,Stint,PitInTime,PitOutTime,TrackStatus,Position,Deleted,season,race,session_type,lap_time_seconds,sector1_seconds,sector2_seconds,sector3_seconds
VER,Red Bull Racing,1.0,0 days 00:01:27.458000,,0 days 00:00:18.462000,0 days 00:00:35.518000,MEDIUM,1.0,1.0,,,1,1.0,False,2024,Australia,R,87.458,,18.462,35.518
VER,Red Bull Racing,2.0,0 days 00:01:24.099000,0 days 00:00:29.623000,0 days 00:00:18.375000,0 days 00:00:36.101000,MEDIUM,2.0,1.0,,,1,2.0,False,2024,Australia,R,84.099,29.623,18.375,36.101
VER,Red Bull Racing,3.0,0 days 00:01:23.115000,0 days 00:00:28.793000,0 days 00:00:18.573000,0 days 00:00:35.749000,MEDIUM,3.0,1.0,,,1,2.0,False,2024,Australia,R,83.115,28.793,18.573,35.749
VER,Red Bull Racing,4.0,,0 days 00:00:28.756000,0 days 00:00:18.353000,,MEDIUM,4.0,1.0,0 days 01:04:24.613000,,1,19.0,False,2024,Australia,R,,28.756,18.353,
GAS,Alpine,1.0,0 days 00:01:37.304000,,0 days 00:00:18.854000,0 days 00:00:38.564000,MEDIUM,1.0,1.0,,,1,17.0,False,2024,Australia,R,97.304,,18.854,38.564
GAS,Alpine,2.0,0 days 00:01:24.649000,0 days 00:00:29.905000,0 days 00:00:18.241000,0 days 00:00:36.503000,MEDIUM,2.0,1.0,,,1,17.0,False,2024,Australia,R,84.649,29.905,18.241,36.503
GAS,Alpine,3.0,0 days 00:01:23.851000,0 days 00:00:29.379000,0 days 00:00:18.148000,0 days 00:00:36.324000,MEDIUM,3.0,1.0,,,1,17.0,False,2024,Australia,R,83.851,29.379,18.148,36.324
GAS,Alpine,4.0,0 days 00:01:23.700000,0 days 00:00:29.050000,0 days 00:00:18.116000,0 days 00:00:36.534000,MEDIUM,4.0,1.0,,,1,16.0,False,2024,Australia,R,83.7,29.05,18.116,36.534
GAS,Alpine,5.0,0 days 00:01:24.526000,0 days 00:00:29.693000,0 days 00:00:17.983000,0 days 00:00:36.850000,MEDIUM,5.0,1.0,,,1,16.0,False,2024,Australia,R,84.526,29.693,17.983,36.85
GAS,Alpine,6.0,0 days 00:01:23.912000,0 days 00:00:29.368000,0 days 00:00:18.107000,0 days 00:00:36.437000,MEDIUM,6.0,1.0,,,1,15.0,False,2024,Australia,R,83.912,29.368,18.107,36.437
GAS,Alpine,7.0,0 days 00:01:23.445000,0 days 00:00:29.068000,0 days 00:00:18.122000,0 days 00:00:36.255000,MEDIUM,7.0,1.0,,,1,13.0,False,2024,Australia,R,83.445,29.068,18.122,36.255
GAS,Alpine,8.0,0 days 00:01:23.879000,0 days 00:00:29.380000,0 days 00:00:18.109000,0 days 00:00:36.390000,MEDIUM,8.0,1.0,,,1,10.0,False,2024,Australia,R,83.879,29.38,18.109,36.39
GAS,Alpine,9.0,0 days 00:01:23.829000,0 days 00:00:29.349000,0 days 00:00:18.235000,0 days 00:00:36.245000,MEDIUM,9.0,1.0,,,1,8.0,False,2024,Australia,R,83.829,29.349,18.235,36.245
GAS,Alpine,10.0,0 days 00:01:23.856000,0 days 00:00:29.318000,0 days 00:00:18.150000,0 days 00:00:36.388000,MEDIUM,10.0,1.0,,,1,6.0,False,2024,Australia,R,83.856,29.318,18.15,36.388
GAS,Alpine,11.0,0 days 00:01:25.397000,0 days 00:00:29.402000,0 days 00:00:18.252000,0 days 00:00:37.743000,MEDIUM,11.0,1.0,,,1,8.0,False,2024,Australia,R,85.397,29.402,18.252,37.743
GAS,Alpine,12.0,0 days 00:01:24.625000,0 days 00:00:29.816000,0 days 00:00:18.154000,0 days 00:00:36.655000,MEDIUM,12.0,1.0,,,1,8.0,False,2024,Australia,R,84.625,29.816,18.154,36.655
GAS,Alpine,13.0,0 days 00:01:24.049000,0 days 00:00:29.379000,0 days 00:00:18.093000,0 days 00:00:36.577000,MEDIUM,13.0,1.0,,,1,8.0,False,2024,Australia,R,84.049,29.379,18.093,36.577
GAS,Alpine,14.0,0 days 00:01:24.104000,0 days 00:00:29.430000,0 days 00:00:18.090000,0 days 00:00:36.584000,MEDIUM,14.0,1.0,,,1,8.0,False,2024,Australia,R,84.104,29.43,18.09,36.584
GAS,Alpine,15.0,0 days 00:01:24.100000,0 days 00:00:29.378000,0 days 00:00:18.207000,0 days 00:00:36.515000,MEDIUM,15.0,1.0,,,1,7.0,False,2024,Australia,R,84.1,29.378,18.207,36.515
GAS,Alpine,16.0,0 days 00:01:25.367000,0 days 00:00:29.942000,0 days 00:00:18.256000,0 days 00:00:37.169000,MEDIUM,16.0,1.0,,,1,8.0,False,2024,Australia,R,85.367,29.942,18.256,37.169
GAS,Alpine,17.0,0 days 00:01:57.788000,0 days 00:00:30.269000,0 days 00:00:25.888000,0 days 00:01:01.631000,MEDIUM,17.0,1.0,0 days 01:22:49.794000,,1267,14.0,False,2024,Australia,R,117.788,30.269,25.888,61.631
GAS,Alpine,18.0,0 days 00:01:29.888000,0 days 00:00:35.202000,0 days 00:00:18.398000,0 days 00:00:36.288000,HARD,1.0,2.0,,0 days 01:23:10.039000,1,15.0,False,2024,Australia,R,89.888,35.202,18.398,36.288
GAS,Alpine,19.0,0 days 00:01:23.922000,0 days 00:00:29.141000,0 days 00:00:18.401000,0 days 00:00:36.380000,HARD,2.0,2.0,,,1,15.0,False,2024,Australia,R,83.922,29.141,18.401,36.38
GAS,Alpine,20.0,0 days 00:01:23.662000,0 days 00:00:29.060000,0 days 00:00:18.369000,0 days 00:00:36.233000,HARD,3.0,2.0,,,1,15.0,False,2024,Australia,R,83.662,29.06,18.369,36.233
GAS,Alpine,21.0,0 days 00:01:23.241000,0 days 00:00:28.904000,0 days 00:00:18.274000,0 days 00:00:36.063000,HARD,4.0,2.0,,,1,15.0,False,2024,Australia,R,83.241,28.904,18.274,36.063
GAS,Alpine,22.0,0 days 00:01:23.045000,0 days 00:00:28.793000,0 days 00:00:18.236000,0 days 00:00:36.016000,HARD,5.0,2.0,,,1,15.0,False,2024,Australia,R,83.045,28.793,18.236,36.016
GAS,Alpine,23.0,0 days 00:01:22.929000,0 days 00:00:28.898000,0 days 00:00:18.198000,0 days 00:00:35.833000,HARD,6.0,2.0,,,1,15.0,False,2024,Australia,R,82.929,28.898,18.198,35.833
GAS,Alpine,24.0,0 days 00:01:23.001000,0 days 00:00:28.729000,0 days 00:00:18.222000,0 days 00:00:36.050000,HARD,7.0,2.0,,,1,15.0,False,2024,Australia,R,83.001,28.729,18.222,36.05
GAS,Alpine,25.0,0 days 00:01:22.933000,0 days 00:00:28.803000,0 days 00:00:18.241000,0 days 00:00:35.889000,HARD,8.0,2.0,,,1,15.0,False,2024,Australia,R,82.933,28.803,18.241,35.889
GAS,Alpine,26.0,0 days 00:01:23.015000,0 days 00:00:28.851000,0 days 00:00:18.346000,0 days 00:00:35.818000,HARD,9.0,2.0,,,1,15.0,False,2024,Australia,R,83.015,28.851,18.346,35.818
GAS,Alpine,27.0,0 days 00:01:22.904000,0 days 00:00:28.749000,0 days 00:00:18.186000,0 days 00:00:35.969000,HARD,10.0,2.0,,,1,14.0,False,2024,Australia,R,82.904,28.749,18.186,35.969
GAS,Alpine,28.0,0 days 00:01:22.674000,0 days 00:00:28.974000,0 days 00:00:17.953000,0 days 00:00:35.747000,HARD,11.0,2.0,,,1,14.0,False,2024,Australia,R,82.674,28.974,17.953,35.747
GAS,Alpine,29.0,0 days 00:01:22.708000,0 days 00:00:28.988000,0 days 00:00:17.968000,0 days 00:00:35.752000,HARD,12.0,2.0,,,1,13.0,False,2024,Australia,R,82.708,28.988,17.968,35.752
GAS,Alpine,30.0,0 days 00:01:22.990000,0 days 00:00:28.857000,0 days 00:00:17.993000,0 days 00:00:36.140000,HARD,13.0,2.0,,,1,13.0,False,2024,Australia,R,82.99,28.857,17.993,36.14
GAS,Alpine,31.0,0 days 00:01:22.727000,0 days 00:00:28.855000,0 days 00:00:17.990000,0 days 00:00:35.882000,HARD,14.0,2.0,,,1,13.0,False,2024,Australia,R,82.727,28.855,17.99,35.882
GAS,Alpine,32.0,0 days 00:01:23.245000,0 days 00:00:28.996000,0 days 00:00:18.019000,0 days 00:00:36.230000,HARD,15.0,2.0,,,1,13.0,False,2024,Australia,R,83.245,28.996,18.019,36.23
GAS,Alpine,33.0,0 days 00:01:23.215000,0 days 00:00:28.788000,0 days 00:00:17.980000,0 days 00:00:36.447000,HARD,16.0,2.0,,,1,12.0,False,2024,Australia,R,83.215,28.788,17.98,36.447
GAS,Alpine,34.0,0 days 00:01:23.036000,0 days 00:00:28.986000,0 days 00:00:18.083000,0 days 00:00:35.967000,HARD,17.0,2.0,,,1,12.0,False,2024,Australia,R,83.036,28.986,18.083,35.967
GAS,Alpine,35.0,0 days 00:01:23.225000,0 days 00:00:28.898000,0 days 00:00:17.957000,0 days 00:00:36.370000,HARD,18.0,2.0,,,1,10.0,False,2024,Australia,R,83.225,28.898,17.957,36.37
GAS,Alpine,36.0,0 days 00:01:22.840000,0 days 00:00:28.631000,0 days 00:00:18.346000,0 days 00:00:35.863000,HARD,19.0,2.0,,,1,10.0,False,2024,Australia,R,82.84,28.631,18.346,35.863
GAS,Alpine,37.0,0 days 00:01:23.326000,0 days 00:00:28.965000,0 days 00:00:18.388000,0 days 00:00:35.973000,HARD,20.0,2.0,,,1,9.0,False,2024,Australia,R,83.326,28.965,18.388,35.973
GAS,Alpine,38.0,0 days 00:01:25.109000,0 days 00:00:30.199000,0 days 00:00:18.344000,0 days 00:00:36.566000,HARD,21.0,2.0,,,1,9.0,False,2024,Australia,R,85.109,30.199,18.344,36.566
GAS,Alpine,39.0,0 days 00:01:23.016000,0 days 00:00:28.723000,0 days 00:00:18.282000,0 days 00:00:36.011000,HARD,22.0,2.0,,,1,9.0,False,2024,Australia,R,83.016,28.723,18.282,36.011
GAS,Alpine,40.0,0 days 00:01:25.020000,0 days 00:00:28.917000,0 days 00:00:18.214000,0 days 00:00:37.889000,HARD,23.0,2.0,,,1,10.0,False,2024,Australia,R,85.02,28.917,18.214,37.889
GAS,Alpine,41.0,0 days 00:01:44.594000,0 days 00:00:31.987000,0 days 00:00:20.379000,0 days 00:00:52.228000,HARD,24.0,2.0,0 days 01:56:38.616000,,1,15.0,False,2024,Australia,R,104.594,31.987,20.379,52.228
GAS,Alpine,42.0,0 days 00:01:28.171000,0 days 00:00:34.671000,0 days 00:00:18.274000,0 days 00:00:35.226000,HARD,1.0,3.0,,0 days 01:56:56.191000,1,14.0,False,2024,Australia,R,88.171,34.671,18.274,35.226
GAS,Alpine,43.0,0 days 00:01:24.419000,0 days 00:00:28.467000,0 days 00:00:19.217000,0 days 00:00:36.735000,HARD,2.0,3.0,,,1,14.0,False,2024,Australia,R,84.419,28.467,19.217,36.735
GAS,Alpine,44.0,0 days 00:01:21.447000,0 days 00:00:28.348000,0 days 00:00:18.045000,0 days 00:00:35.054000,HARD,3.0,3.0,,,1,14.0,False,2024,Australia,R,81.447,28.348,18.045,35.054
GAS,Alpine,45.0,0 days 00:01:22.079000,0 days 00:00:29.395000,0 days 00:00:17.816000,0 days 00:00:34.868000,HARD,4.0,3.0,,,1,14.0,False,2024,Australia,R,82.079,29.395,17.816,34.868
GAS,Alpine,46.0,0 days 00:01:21.220000,0 days 00:00:28.209000,0 days 00:00:18.001000,0 days 00:00:35.010000,HARD,5.0,3.0,,,1,14.0,False,2024,Australia,R,81.22,28.209,18.001,35.01
GAS,Alpine,47.0,0 days 00:01:21.275000,0 days 00:00:28.128000,0 days 00:00:17.982000,0 days 00:00:35.165000,HARD,6.0,3.0,,,1,14.0,False,2024,Australia,R,81.275,28.128,17.982,35.165
GAS,Alpine,48.0,0 days 00:01:21.211000,0 days 00:00:28.320000,0 days 00:00:17.977000,0 days 00:00:34.914000,HARD,7.0,3.0,,,1,14.0,False,2024,Australia,R,81.211,28.32,17.977,34.914
GAS,Alpine,49.0,0 days 00:01:21.340000,0 days 00:00:28.468000,0 days 00:00:17.975000,0 days 00:00:34.897000,HARD,8.0,3.0,,,1,14.0,False,2024,Australia,R,81.34,28.468,17.975,34.897
GAS,Alpine,50.0,0 days 00:01:21.222000,0 days 00:00:28.249000,0 days 00:00:18.088000,0 days 00:00:34.885000,HARD,9.0,3.0,,,1,14.0,False,2024,Australia,R,81.222,28.249,18.088,34.885
GAS,Alpine,51.0,0 days 00:01:21.090000,0 days 00:00:28.224000,0 days 00:00:18.052000,0 days 00:00:34.814000,HARD,10.0,3.0,,,1,14.0,False,2024,Australia,R,81.09,28.224,18.052,34.814
GAS,Alpine,52.0,0 days 00:01:21.161000,0 days 00:00:28.228000,0 days 00:00:18.036000,0 days 00:00:34.897000,HARD,11.0,3.0,,,1,14.0,False,2024,Australia,R,81.161,28.228,18.036,34.897
GAS,Alpine,53.0,0 days 00:01:21.324000,0 days 00:00:28.293000,0 days 00:00:18.046000,0 days 00:00:34.985000,HARD,12.0,3.0,,,1,14.0,False,2024,Australia,R,81.324,28.293,18.046,34.985
GAS,Alpine,54.0,0 days 00:01:23.034000,0 days 00:00:29.613000,0 days 00:00:18.361000,0 days 00:00:35.060000,HARD,13.0,3.0,,,1,14.0,False,2024,Australia,R,83.034,29.613,18.361,35.06
GAS,Alpine,55.0,0 days 00:01:21.427000,0 days 00:00:28.115000,0 days 00:00:18.119000,0 days 00:00:35.193000,HARD,14.0,3.0,,,1,14.0,False,2024,Australia,R,81.427,28.115,18.119,35.193
GAS,Alpine,56.0,0 days 00:01:26.911000,0 days 00:00:28.394000,0 days 00:00:18.123000,0 days 00:00:40.394000,HARD,15.0,3.0,,,126,14.0,False,2024,Australia,R,86.911,28.394,18.123,40.394
GAS,Alpine,57.0,0 days 00:02:00.819000,0 days 00:00:48.810000,0 days 00:00:34.206000,0 days 00:00:37.803000,HARD,16.0,3.0,,,6,13.0,False,2024,Australia,R,120.819,48.81,34.206,37.803
PER,Red Bull Racing,1.0,0 days 00:01:32.428000,,0 days 00:00:18.273000,0 days 00:00:37.250000,MEDIUM,1.0,1.0,,,1,7.0,False,2024,Australia,R,92.428,,18.273,37.25
PER,Red Bull Racing,2.0,0 days 00:01:23.381000,0 days 00:00:29.370000,0 days 00:00:17.903000,0 days 00:00:36.108000,MEDIUM,2.0,1.0,,,1,7.0,False,2024,Australia,R,83.381,29.37,17.903,36.108
PER,Red Bull Racing,3.0,0 days 00:01:23.165000,0 days 00:00:29.005000,0 days 00:00:17.939000,0 days 00:00:36.221000,MEDIUM,3.0,1.0,,,1,7.0,False,2024,Australia,R,83.165,29.005,17.939,36.221
PER,Red Bull Racing,4.0,0 days 00:01:23.398000,0 days 00:00:28.848000,0 days 00:00:18.020000,0 days 00:00:36.530000,MEDIUM,4.0,1.0,,,1,6.0,False,2024,Australia,R,83.398,28.848,18.02,36.53
PER,Red Bull Racing,5.0,0 days 00:01:23.364000,0 days 00:00:28.964000,0 days 00:00:17.747000,0 days 00:00:36.653000,MEDIUM,5.0,1.0,,,1,6.0,False,2024,Australia,R,83.364,28.964,17.747,36.653
PER,Red Bull Racing,6.0,0 days 00:01:23.024000,0 days 00:00:28.808000,0 days 00:00:17.868000,0 days 00:00:36.348000,MEDIUM,6.0,1.0,,,1,6.0,False,2024,Australia,R,83.024,28.808,17.868,36.348
PER,Red Bull Racing,7.0,0 days 00:01:22.804000,0 days 00:00:28.962000,0 days 00:00:17.896000,0 days 00:00:35.946000,MEDIUM,7.0,1.0,,,1,6.0,False,2024,Australia,R,82.804,28.962,17.896,35.946
PER,Red Bull Racing,8.0,0 days 00:01:23.048000,0 days 00:00:28.744000,0 days 00:00:17.746000,0 days 00:00:36.558000,MEDIUM,8.0,1.0,,,1,5.0,False,2024,Australia,R,83.048,28.744,17.746,36.558
PER,Red Bull Racing,9.0,0 days 00:01:22.970000,0 days 00:00:28.758000,0 days 00:00:18.147000,0 days 00:00:36.065000,MEDIUM,9.0,1.0,,,1,3.0,False,2024,Australia,R,82.97,28.758,18.147,36.065
PER,Red Bull Racing,10.0,0 days 00:01:22.680000,0 days 00:00:28.928000,0 days 00:00:18.188000,0 days 00:00:35.564000,MEDIUM,10.0,1.0,,,1,3.0,False,2024,Australia,R,82.68,28.928,18.188,35.564
PER,Red Bull Racing,11.0,0 days 00:01:22.921000,0 days 00:00:29.025000,0 days 00:00:18.117000,0 days 00:00:35.779000,MEDIUM,11.0,1.0,,,1,3.0,False,2024,Australia,R,82.921,29.025,18.117,35.779
PER,Red Bull Racing,12.0,0 days 00:01:23.704000,0 days 00:00:29.511000,0 days 00:00:18.198000,0 days 00:00:35.995000,MEDIUM,12.0,1.0,,,1,3.0,False,2024,Australia,R,83.704,29.511,18.198,35.995
PER,Red Bull Racing,13.0,0 days 00:01:23.664000,0 days 00:00:29.259000,0 days 00:00:18.263000,0 days 00:00:36.142000,MEDIUM,13.0,1.0,,,1,3.0,False,2024,Australia,R,83.664,29.259,18.263,36.142
PER,Red Bull Racing,14.0,0 days 00:01:38.693000,0 days 00:00:29.415000,0 days 00:00:18.259000,0 days 00:00:51.019000,MEDIUM,14.0,1.0,0 days 01:18:02.904000,,1,6.0,False,2024,Australia,R,98.693,29.415,18.259,51.019
PER,Red Bull Racing,15.0,0 days 00:01:27.909000,0 days 00:00:34.380000,0 days 00:00:18.040000,0 days 00:00:35.489000,HARD,1.0,2.0,,0 days 01:18:20.864000,1,10.0,False,2024,Australia,R,87.909,34.38,18.04,35.489
PER,Red Bull Racing,16.0,0 days 00:01:24.122000,0 days 00:00:28.669000,0 days 00:00:17.803000,0 days 00:00:37.650000,HARD,2.0,2.0,,,1,10.0,False,2024,Australia,R,84.122,28.669,17.803,37.65
PER,Red Bull Racing,17.0,0 days 00:01:43.836000,0 days 00:00:29.895000,0 days 00:00:28.248000,0 days 00:00:45.693000,HARD,3.0,2.0,,,1267,8.0,False,2024,Australia,R,103.836,29.895,28.248,45.693
PER,Red Bull Racing,18.0,0 days 00:01:24.269000,0 days 00:00:31.212000,0 days 00:00:17.742000,0 days 00:00:35.315000,HARD,4.0,2.0,,,71,7.0,False,2024,Australia,R,84.269,31.212,17.742,35.315
PER,Red Bull Racing,19.0,0 days 00:01:21.840000,0 days 00:00:28.441000,0 days 00:00:17.929000,0 days 00:00:35.470000,HARD,5.0,2.0,,,1,7.0,False,2024,Australia,R,81.84,28.441,17.929,35.47
PER,Red Bull Racing,20.0,0 days 00:01:21.711000,0 days 00:00:28.353000,0 days 00:00:17.751000,0 days 00:00:35.607000,HARD,6.0,2.0,,,1,7.0,False,2024,Australia,R,81.711,28.353,17.751,35.607
PER,Red Bull Racing,21.0,0 days 00:01:22.051000,0 days 00:00:28.506000,0 days 00:00:17.651000,0 days 00:00:35.894000,HARD,7.0,2.0,,,1,6.0,False,2024,Australia,R,82.051,28.506,17.651,35.894
PER,Red Bull Racing,22.0,0 days 00:01:21.869000,0 days 00:00:28.590000,0 days 00:00:17.918000,0 days 00:00:35.361000,HARD,8.0,2.0,,,1,6.0,False,2024,Australia,R,81.869,28.59,17.918,35.361
PER,Red Bull Racing,23.0,0 days 00:01:21.849000,0 days 00:00:28.617000,0 days 00:00:18.014000,0 days 00:00:35.218000,HARD,9.0,2.0,,,1,6.0,False,2024,Australia,R,81.849,28.617,18.014,35.218
PER,Red Bull Racing,24.0,0 days 00:01:21.527000,0 days 00:00:28.583000,0 days 00:00:17.881000,0 days 00:00:35.063000,HARD,10.0,2.0,,,1,6.0,False,2024,Australia,R,81.527,28.583,17.881,35.063
PER,Red Bull Racing,25.0,0 days 00:01:21.495000,0 days 00:00:28.513000,0 days 00:00:17.809000,0 days 00:00:35.173000,HARD,11.0,2.0,,,1,6.0,False,2024,Australia,R,81.495,28.513,17.809,35.173
PER,Red Bull Racing,26.0,0 days 00:01:22.246000,0 days 00:00:28.587000,0 days 00:00:17.932000,0 days 00:00:35.727000,HARD,12.0,2.0,,,1,6.0,False,2024,Australia,R,82.246,28.587,17.932,35.727
PER,Red Bull Racing,27.0,0 days 00:01:21.557000,0 days 00:00:28.521000,0 days 00:00:17.600000,0 days 00:00:35.436000,HARD,13.0,2.0,,,1,5.0,False,2024,Australia,R,81.557,28.521,17.6,35.436
PER,Red Bull Racing,28.0,0 days 00:01:22.152000,0 days 00:00:28.742000,0 days 00:00:18.141000,0 days 00:00:35.269000,HARD,14.0,2.0,,,1,5.0,False,2024,Australia,R,82.152,28.742,18.141,35.269
PER,Red Bull Racing,29.0,0 days 00:01:22.126000,0 days 00:00:28.645000,0 days 00:00:18.042000,0 days 00:00:35.439000,HARD,15.0,2.0,,,1,5.0,False,2024,Australia,R,82.126,28.645,18.042,35.439
PER,Red Bull Racing,30.0,0 days 00:01:22.180000,0 days 00:00:28.599000,0 days 00:00:17.955000,0 days 00:00:35.626000,HARD,16.0,2.0,,,1,5.0,False,2024,Australia,R,82.18,28.599,17.955,35.626
PER,Red Bull Racing,31.0,0 days 00:01:22.359000,0 days 00:00:28.718000,0 days 00:00:18.013000,0 days 00:00:35.628000,HARD,17.0,2.0,,,1,5.0,False,2024,Australia,R,82.359,28.718,18.013,35.628
PER,Red Bull Racing,32.0,0 days 00:01:22.441000,0 days 00:00:28.807000,0 days 00:00:18.016000,0 days 00:00:35.618000,HARD,18.0,2.0,,,1,5.0,False,2024,Australia,R,82.441,28.807,18.016,35.618
PER,Red Bull Racing,33.0,0 days 00:01:22.566000,0 days 00:00:28.869000,0 days 00:00:18.127000,0 days 00:00:35.570000,HARD,19.0,2.0,,,1,5.0,False,2024,Australia,R,82.566,28.869,18.127,35.57
PER,Red Bull Racing,34.0,0 days 00:01:22.962000,0 days 00:00:28.911000,0 days 00:00:18.114000,0 days 00:00:35.937000,HARD,20.0,2.0,,,1,5.0,False,2024,Australia,R,82.962,28.911,18.114,35.937
PER,Red Bull Racing,35.0,0 days 00:01:39.440000,0 days 00:00:31.486000,0 days 00:00:18.229000,0 days 00:00:49.725000,HARD,21.0,2.0,0 days 01:47:36.252000,,1,7.0,False,2024,Australia,R,99.44,31.486,18.229,49.725
PER,Red Bull Racing,36.0,0 days 00:01:27.672000,0 days 00:00:34.252000,0 days 00:00:18.108000,0 days 00:00:35.312000,HARD,1.0,3.0,,0 days 01:47:53.442000,1,8.0,False,2024,Australia,R,87.672,34.252,18.108,35.312
PER,Red Bull Racing,37.0,0 days 00:01:21.218000,0 days 00:00:28.323000,0 days 00:00:17.862000,0 days 00:00:35.033000,HARD,2.0,3.0,,,1,7.0,False,2024,Australia,R,81.218,28.323,17.862,35.033
PER,Red Bull Racing,38.0,0 days 00:01:21.245000,0 days 00:00:28.319000,0 days 00:00:18.045000,0 days 00:00:34.881000,HARD,3.0,3.0,,,1,7.0,False,2024,Australia,R,81.245,28.319,18.045,34.881
PER,Red Bull Racing,39.0,0 days 00:01:21.448000,0 days 00:00:28.423000,0 days 00:00:17.834000,0 days 00:00:35.191000,HARD,4.0,3.0,,,1,7.0,False,2024,Australia,R,81.448,28.423,17.834,35.191
PER,Red Bull Racing,40.0,0 days 00:01:21.045000,0 days 00:00:28.400000,0 days 00:00:17.836000,0 days 00:00:34.809000,HARD,5.0,3.0,,,1,7.0,False,2024,Australia,R,81.045,28.4,17.836,34.809
PER,Red Bull Racing,41.0,0 days 00:01:20.998000,0 days 00:00:28.268000,0 days 00:00:17.817000,0 days 00:00:34.913000,HARD,6.0,3.0,,,1,6.0,False,2024,Australia,R,80.998,28.268,17.817,34.913
PER,Red Bull Racing,42.0,0 days 00:01:21.350000,0 days 00:00:28.442000,0 days 00:00:17.795000,0 days 00:00:35.113000,HARD,7.0,3.0,,,1,6.0,False,2024,Australia,R,81.35,28.442,17.795,35.113
PER,Red Bull Racing,43.0,0 days 00:01:20.798000,0 days 00:00:28.267000,0 days 00:00:17.739000,0 days 00:00:34.792000,HARD,8.0,3.0,,,1,6.0,False,2024,Australia,R,80.798,28.267,17.739,34.792
PER,Red Bull Racing,44.0,0 days 00:01:20.706000,0 days 00:00:28.222000,0 days 00:00:17.702000,0 days 00:00:34.782000,HARD,9.0,3.0,,,1,6.0,False,2024,Australia,R,80.706,28.222,17.702,34.782
PER,Red Bull Racing,45.0,0 days 00:01:20.769000,0 days 00:00:28.262000,0 days 00:00:17.736000,0 days 00:00:34.771000,HARD,10.0,3.0,,,1,5.0,False,2024,Australia,R,80.769,28.262,17.736,34.771
PER,Red Bull Racing,46.0,0 days 00:01:20.428000,0 days 00:00:28.204000,0 days 00:00:17.718000,0 days 00:00:34.506000,HARD,11.0,3.0,,,1,5.0,False,2024,Australia,R,80.428,28.204,17.718,34.506
PER,Red Bull Racing,47.0,0 days 00:01:20.388000,0 days 00:00:28.091000,0 days 00:00:17.734000,0 days 00:00:34.563000,HARD,12.0,3.0,,,1,5.0,False,2024,Australia,R,80.388,28.091,17.734,34.563
PER,Red Bull Racing,48.0,0 days 00:01:20.836000,0 days 00:00:28.191000,0 days 00:00:17.724000,0 days 00:00:34.921000,HARD,13.0,3.0,,,1,5.0,False,2024,Australia,R,80.836,28.191,17.724,34.921
PER,Red Bull Racing,49.0,0 days 00:01:20.760000,0 days 00:00:28.140000,0 days 00:00:17.803000,0 days 00:00:34.817000,HARD,14.0,3.0,,,1,5.0,False,2024,Australia,R,80.76,28.14,17.803,34.817
PER,Red Bull Racing,50.0,0 days 00:01:20.871000,0 days 00:00:28.244000,0 days 00:00:17.792000,0 days 00:00:34.835000,HARD,15.0,3.0,,,1,5.0,False,2024,Australia,R,80.871,28.244,17.792,34.835
PER,Red Bull Racing,51.0,0 days 00:01:21.038000,0 days 00:00:28.284000,0 days 00:00:17.866000,0 days 00:00:34.888000,HARD,16.0,3.0,,,1,5.0,False,2024,Australia,R,81.038,28.284,17.866,34.888
PER,Red Bull Racing,52.0,0 days 00:01:21.150000,0 days 00:00:28.380000,0 days 00:00:17.743000,0 days 00:00:35.027000,HARD,17.0,3.0,,,1,5.0,False,2024,Australia,R,81.15,28.38,17.743,35.027
PER,Red Bull Racing,53.0,0 days 00:01:21.544000,0 days 00:00:28.466000,0 days 00:00:17.814000,0 days 00:00:35.264000,HARD,18.0,3.0,,,1,5.0,False,2024,Australia,R,81.544,28.466,17.814,35.264
PER,Red Bull Racing,54.0,0 days 00:01:21.630000,0 days 00:00:28.537000,0 days 00:00:17.969000,0 days 00:00:35.124000,HARD,19.0,3.0,,,1,5.0,False,2024,Australia,R,81.63,28.537,17.969,35.124
PER,Red Bull Racing,55.0,0 days 00:01:21.616000,0 days 00:00:28.522000,0 days 00:00:17.986000,0 days 00:00:35.108000,HARD,20.0,3.0,,,1,5.0,False,2024,Australia,R,81.616,28.522,17.986,35.108
PER,Red Bull Racing,56.0,0 days 00:01:21.849000,0 days 00:00:28.564000,0 days 00:00:17.943000,0 days 00:00:35.342000,HARD,21.0,3.0,,,1,5.0,False,2024,Australia,R,81.849,28.564,17.943,35.342
PER,Red Bull Racing,57.0,0 days 00:01:30.300000,0 days 00:00:28.769000,0 days 00:00:17.883000,0 days 00:00:43.648000,HARD,22.0,3.0,,,126,5.0,False,2024,Australia,R,90.3,28.769,17.883,43.648
PER,Red Bull Racing,58.0,0 days 00:02:01.742000,0 days 00:00:42.725000,0 days 00:00:40.289000,0 days 00:00:38.728000,HARD,23.0,3.0,,,6,5.0,False,2024,Australia,R,121.742,42.725,40.289,38.728
ALO,Aston Martin,1.0,0 days 00:01:34.503000,,0 days 00:00:18.774000,0 days 00:00:37.212000,HARD,2.0,1.0,,,1,11.0,False,2024,Australia,R,94.503,,18.774,37.212
ALO,Aston Martin,2.0,0 days 00:01:24.284000,0 days 00:00:29.590000,0 days 00:00:18.419000,0 days 00:00:36.275000,HARD,3.0,1.0,,,1,11.0,False,2024,Australia,R,84.284,29.59,18.419,36.275
ALO,Aston Martin,3.0,0 days 00:01:22.978000,0 days 00:00:28.865000,0 days 00:00:18.223000,0 days 00:00:35.890000,HARD,4.0,1.0,,,1,11.0,False,2024,Australia,R,82.978,28.865,18.223,35.89
ALO,Aston Martin,4.0,0 days 00:01:23.742000,0 days 00:00:29.019000,0 days 00:00:18.082000,0 days 00:00:36.641000,HARD,5.0,1.0,,,1,10.0,False,2024,Australia,R,83.742,29.019,18.082,36.641
ALO,Aston Martin,5.0,0 days 00:01:23.294000,0 days 00:00:28.967000,0 days 00:00:18.355000,0 days 00:00:35.972000,HARD,6.0,1.0,,,1,10.0,False,2024,Australia,R,83.294,28.967,18.355,35.972
ALO,Aston Martin,6.0,0 days 00:01:23.196000,0 days 00:00:29.130000,0 days 00:00:18.130000,0 days 00:00:35.936000,HARD,7.0,1.0,,,1,10.0,False,2024,Australia,R,83.196,29.13,18.13,35.936
ALO,Aston Martin,7.0,0 days 00:01:22.795000,0 days 00:00:28.901000,0 days 00:00:18.077000,0 days 00:00:35.817000,HARD,8.0,1.0,,,1,9.0,False,2024,Australia,R,82.795,28.901,18.077,35.817
ALO,Aston Martin,8.0,0 days 00:01:22.769000,0 days 00:00:28.605000,0 days 00:00:18.317000,0 days 00:00:35.847000,HARD,9.0,1.0,,,1,7.0,False,2024,Australia,R,82.769,28.605,18.317,35.847
ALO,Aston Martin,9.0,0 days 00:01:23.345000,0 days 00:00:29.058000,0 days 00:00:18.168000,0 days 00:00:36.119000,HARD,10.0,1.0,,,1,4.0,False,2024,Australia,R,83.345,29.058,18.168,36.119
ALO,Aston Martin,10.0,0 days 00:01:22.608000,0 days 00:00:28.563000,0 days 00:00:18.363000,0 days 00:00:35.682000,HARD,11.0,1.0,,,1,4.0,False,2024,Australia,R,82.608,28.563,18.363,35.682
ALO,Aston Martin,11.0,0 days 00:01:22.939000,0 days 00:00:28.895000,0 days 00:00:18.338000,0 days 00:00:35.706000,HARD,12.0,1.0,,,1,4.0,False,2024,Australia,R,82.939,28.895,18.338,35.706
ALO,Aston Martin,12.0,0 days 00:01:22.904000,0 days 00:00:28.712000,0 days 00:00:18.340000,0 days 00:00:35.852000,HARD,13.0,1.0,,,1,4.0,False,2024,Australia,R,82.904,28.712,18.34,35.852
ALO,Aston Martin,13.0,0 days 00:01:23.187000,0 days 00:00:28.986000,0 days 00:00:18.324000,0 days 00:00:35.877000,HARD,14.0,1.0,,,1,4.0,False,2024,Australia,R,83.187,28.986,18.324,35.877
ALO,Aston Martin,14.0,0 days 00:01:23.455000,0 days 00:00:29.200000,0 days 00:00:18.278000,0 days 00:00:35.977000,HARD,15.0,1.0,,,1,2.0,False,2024,Australia,R,83.455,29.2,18.278,35.977
ALO,Aston Martin,15.0,0 days 00:01:23.138000,0 days 00:00:28.907000,0 days 00:00:18.401000,0 days 00:00:35.830000,HARD,16.0,1.0,,,1,2.0,False,2024,Australia,R,83.138,28.907,18.401,35.83
ALO,Aston Martin,16.0,0 days 00:01:23.239000,0 days 00:00:29.002000,0 days 00:00:18.450000,0 days 00:00:35.787000,HARD,17.0,1.0,,,1,2.0,False,2024,Australia,R,83.239,29.002,18.45,35.787
ALO,Aston Martin,17.0,0 days 00:01:48.609000,0 days 00:00:30.028000,0 days 00:00:18.457000,0 days 00:01:00.124000,HARD,18.0,1.0,0 days 01:22:24.439000,,126,5.0,False,2024,Australia,R,108.609,30.028,18.457,60.124
ALO,Aston Martin,18.0,0 days 00:01:30.723000,0 days 00:00:36.412000,0 days 00:00:18.223000,0 days 00:00:36.088000,MEDIUM,2.0,2.0,,0 days 01:22:42.580000,671,5.0,False,2024,Australia,R,90.723,36.412,18.223,36.088
ALO,Aston Martin,19.0,0 days 00:01:22.928000,0 days 00:00:28.883000,0 days 00:00:18.355000,0 days 00:00:35.690000,MEDIUM,3.0,2.0,,,1,5.0,False,2024,Australia,R,82.928,28.883,18.355,35.69
ALO,Aston Martin,20.0,0 days 00:01:22.831000,0 days 00:00:28.729000,0 days 00:00:18.285000,0 days 00:00:35.817000,MEDIUM,4.0,2.0,,,1,5.0,False,2024,Australia,R,82.831,28.729,18.285,35.817
ALO,Aston Martin,21.0,0 days 00:01:22.704000,0 days 00:00:28.737000,0 days 00:00:18.277000,0 days 00:00:35.690000,MEDIUM,5.0,2.0,,,1,5.0,False,2024,Australia,R,82.704,28.737,18.277,35.69
ALO,Aston Martin,22.0,0 days 00:01:22.478000,0 days 00:00:28.735000,0 days 00:00:18.288000,0 days 00:00:35.455000,MEDIUM,6.0,2.0,,,1,5.0,False,2024,Australia,R,82.478,28.735,18.288,35.455
ALO,Aston Martin,23.0,0 days 00:01:22.441000,0 days 00:00:28.625000,0 days 00:00:18.197000,0 days 00:00:35.619000,MEDIUM,7.0,2.0,,,1,5.0,False,2024,Australia,R,82.441,28.625,18.197,35.619
ALO,Aston Martin,24.0,0 days 00:01:22.287000,0 days 00:00:28.695000,0 days 00:00:18.171000,0 days 00:00:35.421000,MEDIUM,8.0,2.0,,,1,5.0,False,2024,Australia,R,82.287,28.695,18.171,35.421
ALO,Aston Martin,25.0,0 days 00:01:22.708000,0 days 00:00:28.728000,0 days 00:00:18.219000,0 days 00:00:35.761000,MEDIUM,9.0,2.0,,,1,5.0,False,2024,Australia,R,82.708,28.728,18.219,35.761
ALO,Aston Martin,26.0,0 days 00:01:22.988000,0 days 00:00:28.899000,0 days 00:00:18.353000,0 days 00:00:35.736000,MEDIUM,10.0,2.0,,,1,5.0,False,2024,Australia,R,82.988,28.899,18.353,35.736
ALO,Aston Martin,27.0,0 days 00:01:23.257000,0 days 00:00:28.790000,0 days 00:00:18.310000,0 days 00:00:36.157000,MEDIUM,11.0,2.0,,,1,6.0,False,2024,Australia,R,83.257,28.79,18.31,36.157
ALO,Aston Martin,28.0,0 days 00:01:22.259000,0 days 00:00:28.746000,0 days 00:00:17.966000,0 days 00:00:35.547000,MEDIUM,12.0,2.0,,,1,6.0,False,2024,Australia,R,82.259,28.746,17.966,35.547
ALO,Aston Martin,29.0,0 days 00:01:21.980000,0 days 00:00:28.578000,0 days 00:00:18.020000,0 days 00:00:35.382000,MEDIUM,13.0,2.0,,,1,6.0,False,2024,Australia,R,81.98,28.578,18.02,35.382
ALO,Aston Martin,30.0,0 days 00:01:22.175000,0 days 00:00:28.685000,0 days 00:00:17.887000,0 days 00:00:35.603000,MEDIUM,14.0,2.0,,,1,6.0,False,2024,Australia,R,82.175,28.685,17.887,35.603
ALO,Aston Martin,31.0,0 days 00:01:22.355000,0 days 00:00:28.794000,0 days 00:00:17.957000,0 days 00:00:35.604000,MEDIUM,15.0,2.0,,,1,6.0,False,2024,Australia,R,82.355,28.794,17.957,35.604
ALO,Aston Martin,32.0,0 days 00:01:22.491000,0 days 00:00:28.885000,0 days 00:00:17.888000,0 days 00:00:35.718000,MEDIUM,16.0,2.0,,,1,6.0,False,2024,Australia,R,82.491,28.885,17.888,35.718
ALO,Aston Martin,33.0,0 days 00:01:22.649000,0 days 00:00:28.882000,0 days 00:00:18.031000,0 days 00:00:35.736000,MEDIUM,17.0,2.0,,,1,6.0,False,2024,Australia,R,82.649,28.882,18.031,35.736
ALO,Aston Martin,34.0,0 days 00:01:22.918000,0 days 00:00:28.788000,0 days 00:00:18.042000,0 days 00:00:36.088000,MEDIUM,18.0,2.0,,,1,6.0,False,2024,Australia,R,82.918,28.788,18.042,36.088
ALO,Aston Martin,35.0,0 days 00:01:25.730000,0 days 00:00:31.068000,0 days 00:00:18.302000,0 days 00:00:36.360000,MEDIUM,19.0,2.0,,,1,5.0,False,2024,Australia,R,85.73,31.068,18.302,36.36
ALO,Aston Martin,36.0,0 days 00:01:22.714000,0 days 00:00:28.579000,0 days 00:00:18.254000,0 days 00:00:35.881000,MEDIUM,20.0,2.0,,,1,5.0,False,2024,Australia,R,82.714,28.579,18.254,35.881
ALO,Aston Martin,37.0,0 days 00:01:22.862000,0 days 00:00:28.779000,0 days 00:00:18.217000,0 days 00:00:35.866000,MEDIUM,21.0,2.0,,,1,5.0,False,2024,Australia,R,82.862,28.779,18.217,35.866
ALO,Aston Martin,38.0,0 days 00:01:22.566000,0 days 00:00:28.719000,0 days 00:00:18.232000,0 days 00:00:35.615000,MEDIUM,22.0,2.0,,,1,5.0,False,2024,Australia,R,82.566,28.719,18.232,35.615
ALO,Aston Martin,39.0,0 days 00:01:22.772000,0 days 00:00:28.724000,0 days 00:00:18.187000,0 days 00:00:35.861000,MEDIUM,23.0,2.0,,,1,5.0,False,2024,Australia,R,82.772,28.724,18.187,35.861
ALO,Aston Martin,40.0,0 days 00:01:22.714000,0 days 00:00:28.768000,0 days 00:00:18.180000,0 days 00:00:35.766000,MEDIUM,24.0,2.0,,,1,4.0,False,2024,Australia,R,82.714,28.768,18.18,35.766
ALO,Aston Martin,41.0,0 days 00:01:38.988000,0 days 00:00:28.767000,0 days 00:00:18.183000,0 days 00:00:52.038000,MEDIUM,25.0,2.0,0 days 01:55:55.327000,,1,7.0,False,2024,Australia,R,98.988,28.767,18.183,52.038
ALO,Aston Martin,42.0,0 days 00:01:27.347000,0 days 00:00:33.772000,0 days 00:00:18.354000,0 days 00:00:35.221000,HARD,2.0,3.0,,0 days 01:56:13.143000,1,7.0,False,2024,Australia,R,87.347,33.772,18.354,35.221
ALO,Aston Martin,43.0,0 days 00:01:21.724000,0 days 00:00:28.361000,0 days 00:00:18.176000,0 days 00:00:35.187000,HARD,3.0,3.0,,,1,7.0,False,2024,Australia,R,81.724,28.361,18.176,35.187
ALO,Aston Martin,44.0,0 days 00:01:21.394000,0 days 00:00:28.280000,0 days 00:00:18.160000,0 days 00:00:34.954000,HARD,4.0,3.0,,,1,7.0,False,2024,Australia,R,81.394,28.28,18.16,34.954
ALO,Aston Martin,45.0,0 days 00:01:21.454000,0 days 00:00:28.352000,0 days 00:00:18.080000,0 days 00:00:35.022000,HARD,5.0,3.0,,,1,7.0,False,2024,Australia,R,81.454,28.352,18.08,35.022
ALO,Aston Martin,46.0,0 days 00:01:21.344000,0 days 00:00:28.221000,0 days 00:00:18.170000,0 days 00:00:34.953000,HARD,6.0,3.0,,,1,6.0,False,2024,Australia,R,81.344,28.221,18.17,34.953
ALO,Aston Martin,47.0,0 days 00:01:21.183000,0 days 00:00:28.291000,0 days 00:00:18.101000,0 days 00:00:34.791000,HARD,7.0,3.0,,,1,6.0,False,2024,Australia,R,81.183,28.291,18.101,34.791
ALO,Aston Martin,48.0,0 days 00:01:21.347000,0 days 00:00:28.288000,0 days 00:00:18.181000,0 days 00:00:34.878000,HARD,8.0,3.0,,,1,6.0,False,2024,Australia,R,81.347,28.288,18.181,34.878
ALO,Aston Martin,49.0,0 days 00:01:21.122000,0 days 00:00:28.266000,0 days 00:00:18.051000,0 days 00:00:34.805000,HARD,9.0,3.0,,,1,6.0,False,2024,Australia,R,81.122,28.266,18.051,34.805
ALO,Aston Martin,50.0,0 days 00:01:20.736000,0 days 00:00:28.053000,0 days 00:00:18.004000,0 days 00:00:34.679000,HARD,10.0,3.0,,,1,6.0,False,2024,Australia,R,80.736,28.053,18.004,34.679
ALO,Aston Martin,51.0,0 days 00:01:20.938000,0 days 00:00:28.169000,0 days 00:00:18.104000,0 days 00:00:34.665000,HARD,11.0,3.0,,,1,6.0,False,2024,Australia,R,80.938,28.169,18.104,34.665
ALO,Aston Martin,52.0,0 days 00:01:20.493000,0 days 00:00:27.981000,0 days 00:00:18.004000,0 days 00:00:34.508000,HARD,12.0,3.0,,,1,6.0,False,2024,Australia,R,80.493,27.981,18.004,34.508
ALO,Aston Martin,53.0,0 days 00:01:20.867000,0 days 00:00:28.122000,0 days 00:00:18.029000,0 days 00:00:34.716000,HARD,13.0,3.0,,,1,6.0,False,2024,Australia,R,80.867,28.122,18.029,34.716
ALO,Aston Martin,54.0,0 days 00:01:21.035000,0 days 00:00:28.123000,0 days 00:00:18.064000,0 days 00:00:34.848000,HARD,14.0,3.0,,,1,6.0,False,2024,Australia,R,81.035,28.123,18.064,34.848
ALO,Aston Martin,55.0,0 days 00:01:20.952000,0 days 00:00:28.152000,0 days 00:00:18.067000,0 days 00:00:34.733000,HARD,15.0,3.0,,,1,6.0,False,2024,Australia,R,80.952,28.152,18.067,34.733
ALO,Aston Martin,56.0,0 days 00:01:20.752000,0 days 00:00:27.909000,0 days 00:00:17.991000,0 days 00:00:34.852000,HARD,16.0,3.0,,,1,6.0,False,2024,Australia,R,80.752,27.909,17.991,34.852
ALO,Aston Martin,57.0,0 days 00:01:35.183000,0 days 00:00:27.994000,0 days 00:00:18.820000,0 days 00:00:48.369000,HARD,17.0,3.0,,,126,6.0,False,2024,Australia,R,95.183,27.994,18.82,48.369
ALO,Aston Martin,58.0,0 days 00:02:08.461000,0 days 00:00:40.972000,0 days 00:00:38.589000,0 days 00:00:48.900000,HARD,18.0,3.0,,,6,6.0,False,2024,Australia,R,128.461,40.972,38.589,48.9
LEC,Ferrari,1.0,0 days 00:01:30.520000,,0 days 00:00:18.405000,0 days 00:00:36.383000,MEDIUM,1.0,1.0,,,1,4.0,False,2024,Australia,R,90.52,,18.405,36.383
LEC,Ferrari,2.0,0 days 00:01:23.014000,0 days 00:00:28.731000,0 days 00:00:17.982000,0 days 00:00:36.301000,MEDIUM,2.0,1.0,,,1,4.0,False,2024,Australia,R,83.014,28.731,17.982,36.301
LEC,Ferrari,3.0,0 days 00:01:22.776000,0 days 00:00:28.753000,0 days 00:00:17.912000,0 days 00:00:36.111000,MEDIUM,3.0,1.0,,,1,4.0,False,2024,Australia,R,82.776,28.753,17.912,36.111
LEC,Ferrari,4.0,0 days 00:01:22.519000,0 days 00:00:28.753000,0 days 00:00:18.015000,0 days 00:00:35.751000,MEDIUM,4.0,1.0,,,1,3.0,False,2024,Australia,R,82.519,28.753,18.015,35.751
LEC,Ferrari,5.0,0 days 00:01:22.632000,0 days 00:00:28.895000,0 days 00:00:17.930000,0 days 00:00:35.807000,MEDIUM,5.0,1.0,,,1,3.0,False,2024,Australia,R,82.632,28.895,17.93,35.807
LEC,Ferrari,6.0,0 days 00:01:22.673000,0 days 00:00:28.817000,0 days 00:00:17.824000,0 days 00:00:36.032000,MEDIUM,6.0,1.0,,,1,3.0,False,2024,Australia,R,82.673,28.817,17.824,36.032
LEC,Ferrari,7.0,0 days 00:01:22.684000,0 days 00:00:28.963000,0 days 00:00:17.949000,0 days 00:00:35.772000,MEDIUM,7.0,1.0,,,1,3.0,False,2024,Australia,R,82.684,28.963,17.949,35.772
LEC,Ferrari,8.0,0 days 00:01:22.983000,0 days 00:00:28.769000,0 days 00:00:17.823000,0 days 00:00:36.391000,MEDIUM,8.0,1.0,,,1,3.0,False,2024,Australia,R,82.983,28.769,17.823,36.391
LEC,Ferrari,9.0,0 days 00:01:36.036000,0 days 00:00:28.769000,0 days 00:00:17.994000,0 days 00:00:49.273000,MEDIUM,9.0,1.0,0 days 01:11:00.168000,,1,5.0,False,2024,Australia,R,96.036,28.769,17.994,49.273
LEC,Ferrari,10.0,0 days 00:01:27.861000,0 days 00:00:33.912000,0 days 00:00:18.358000,0 days 00:00:35.591000,HARD,1.0,2.0,,0 days 01:11:17.342000,1,7.0,False,2024,Australia,R,87.861,33.912,18.358,35.591
LEC,Ferrari,11.0,0 days 00:01:22.647000,0 days 00:00:28.900000,0 days 00:00:18.018000,0 days 00:00:35.729000,HARD,2.0,2.0,,,1,5.0,False,2024,Australia,R,82.647,28.9,18.018,35.729
LEC,Ferrari,12.0,0 days 00:01:21.841000,0 days 00:00:28.454000,0 days 00:00:18.244000,0 days 00:00:35.143000,HARD,3.0,2.0,,,1,5.0,False,2024,Australia,R,81.841,28.454,18.244,35.143
LEC,Ferrari,13.0,0 days 00:01:22.222000,0 days 00:00:28.716000,0 days 00:00:18.198000,0 days 00:00:35.308000,HARD,4.0,2.0,,,1,5.0,False,2024,Australia,R,82.222,28.716,18.198,35.308
LEC,Ferrari,14.0,0 days 00:01:21.952000,0 days 00:00:28.647000,0 days 00:00:18.127000,0 days 00:00:35.178000,HARD,5.0,2.0,,,1,4.0,False,2024,Australia,R,81.952,28.647,18.127,35.178
LEC,Ferrari,15.0,0 days 00:01:21.735000,0 days 00:00:28.447000,0 days 00:00:18.202000,0 days 00:00:35.086000,HARD,6.0,2.0,,,1,3.0,False,2024,Australia,R,81.735,28.447,18.202,35.086
LEC,Ferrari,16.0,0 days 00:01:22.247000,0 days 00:00:28.598000,0 days 00:00:18.349000,0 days 00:00:35.300000,HARD,7.0,2.0,,,1,3.0,False,2024,Australia,R,82.247,28.598,18.349,35.3
LEC,Ferrari,17.0,0 days 00:01:37.435000,0 days 00:00:28.508000,0 days 00:00:18.084000,0 days 00:00:50.843000,HARD,8.0,2.0,,,126,2.0,False,2024,Australia,R,97.435,28.508,18.084,50.843
LEC,Ferrari,18.0,0 days 00:01:28.896000,0 days 00:00:35.361000,0 days 00:00:18.174000,0 days 00:00:35.361000,HARD,9.0,2.0,,,671,2.0,False,2024,Australia,R,88.896,35.361,18.174,35.361
LEC,Ferrari,19.0,0 days 00:01:21.881000,0 days 00:00:28.197000,0 days 00:00:18.205000,0 days 00:00:35.479000,HARD,10.0,2.0,,,1,2.0,False,2024,Australia,R,81.881,28.197,18.205,35.479
LEC,Ferrari,20.0,0 days 00:01:21.885000,0 days 00:00:28.409000,0 days 00:00:18.110000,0 days 00:00:35.366000,HARD,11.0,2.0,,,1,2.0,False,2024,Australia,R,81.885,28.409,18.11,35.366
LEC,Ferrari,21.0,0 days 00:01:22.058000,0 days 00:00:28.477000,0 days 00:00:18.114000,0 days 00:00:35.467000,HARD,12.0,2.0,,,1,2.0,False,2024,Australia,R,82.058,28.477,18.114,35.467
LEC,Ferrari,22.0,0 days 00:01:21.722000,0 days 00:00:28.368000,0 days 00:00:18.072000,0 days 00:00:35.282000,HARD,13.0,2.0,,,1,2.0,False,2024,Australia,R,81.722,28.368,18.072,35.282
LEC,Ferrari,23.0,0 days 00:01:21.932000,0 days 00:00:28.419000,0 days 00:00:18.062000,0 days 00:00:35.451000,HARD,14.0,2.0,,,1,2.0,False,2024,Australia,R,81.932,28.419,18.062,35.451
LEC,Ferrari,24.0,0 days 00:01:21.852000,0 days 00:00:28.455000,0 days 00:00:18.042000,0 days 00:00:35.355000,HARD,15.0,2.0,,,1,2.0,False,2024,Australia,R,81.852,28.455,18.042,35.355
LEC,Ferrari,25.0,0 days 00:01:21.951000,0 days 00:00:28.587000,0 days 00:00:18.078000,0 days 00:00:35.286000,HARD,16.0,2.0,,,1,2.0,False,2024,Australia,R,81.951,28.587,18.078,35.286
LEC,Ferrari,26.0,0 days 00:01:22.042000,0 days 00:00:28.596000,0 days 00:00:18.091000,0 days 00:00:35.355000,HARD,17.0,2.0,,,1,2.0,False,2024,Australia,R,82.042,28.596,18.091,35.355
LEC,Ferrari,27.0,0 days 00:01:21.822000,0 days 00:00:28.590000,0 days 00:00:18.059000,0 days 00:00:35.173000,HARD,18.0,2.0,,,1,2.0,False,2024,Australia,R,81.822,28.59,18.059,35.173
LEC,Ferrari,28.0,0 days 00:01:21.969000,0 days 00:00:28.496000,0 days 00:00:18.164000,0 days 00:00:35.309000,HARD,19.0,2.0,,,1,2.0,False,2024,Australia,R,81.969,28.496,18.164,35.309
LEC,Ferrari,29.0,0 days 00:01:22.433000,0 days 00:00:28.845000,0 days 00:00:18.259000,0 days 00:00:35.329000,HARD,20.0,2.0,,,1,2.0,False,2024,Australia,R,82.433,28.845,18.259,35.329
LEC,Ferrari,30.0,0 days 00:01:22.284000,0 days 00:00:28.708000,0 days 00:00:18.276000,0 days 00:00:35.300000,HARD,21.0,2.0,,,1,2.0,False,2024,Australia,R,82.284,28.708,18.276,35.3
LEC,Ferrari,31.0,0 days 00:01:21.996000,0 days 00:00:28.587000,0 days 00:00:18.184000,0 days 00:00:35.225000,HARD,22.0,2.0,,,1,2.0,False,2024,Australia,R,81.996,28.587,18.184,35.225
LEC,Ferrari,32.0,0 days 00:01:21.841000,0 days 00:00:28.706000,0 days 00:00:18.130000,0 days 00:00:35.005000,HARD,23.0,2.0,,,1,2.0,False,2024,Australia,R,81.841,28.706,18.13,35.005
LEC,Ferrari,33.0,0 days 00:01:22.022000,0 days 00:00:28.743000,0 days 00:00:18.172000,0 days 00:00:35.107000,HARD,24.0,2.0,,,1,2.0,False,2024,Australia,R,82.022,28.743,18.172,35.107
LEC,Ferrari,34.0,0 days 00:01:35.962000,0 days 00:00:28.835000,0 days 00:00:18.205000,0 days 00:00:48.922000,HARD,25.0,2.0,0 days 01:45:52.771000,,1,4.0,False,2024,Australia,R,95.962,28.835,18.205,48.922
LEC,Ferrari,35.0,0 days 00:01:27.951000,0 days 00:00:34.283000,0 days 00:00:18.437000,0 days 00:00:35.231000,HARD,1.0,3.0,,0 days 01:46:09.984000,1,4.0,False,2024,Australia,R,87.951,34.283,18.437,35.231
LEC,Ferrari,36.0,0 days 00:01:21.942000,0 days 00:00:28.493000,0 days 00:00:18.231000,0 days 00:00:35.218000,HARD,2.0,3.0,,,1,4.0,False,2024,Australia,R,81.942,28.493,18.231,35.218
LEC,Ferrari,37.0,0 days 00:01:20.688000,0 days 00:00:28.238000,0 days 00:00:18.085000,0 days 00:00:34.365000,HARD,3.0,3.0,,,1,4.0,False,2024,Australia,R,80.688,28.238,18.085,34.365
LEC,Ferrari,38.0,0 days 00:01:20.949000,0 days 00:00:28.100000,0 days 00:00:17.966000,0 days 00:00:34.883000,HARD,4.0,3.0,,,1,4.0,False,2024,Australia,R,80.949,28.1,17.966,34.883
LEC,Ferrari,39.0,0 days 00:01:20.909000,0 days 00:00:28.184000,0 days 00:00:17.887000,0 days 00:00:34.838000,HARD,5.0,3.0,,,1,3.0,False,2024,Australia,R,80.909,28.184,17.887,34.838
LEC,Ferrari,40.0,0 days 00:01:20.953000,0 days 00:00:28.187000,0 days 00:00:17.895000,0 days 00:00:34.871000,HARD,6.0,3.0,,,1,3.0,False,2024,Australia,R,80.953,28.187,17.895,34.871
LEC,Ferrari,41.0,0 days 00:01:20.675000,0 days 00:00:28.107000,0 days 00:00:17.871000,0 days 00:00:34.697000,HARD,7.0,3.0,,,1,2.0,False,2024,Australia,R,80.675,28.107,17.871,34.697
LEC,Ferrari,42.0,0 days 00:01:20.849000,0 days 00:00:28.366000,0 days 00:00:17.866000,0 days 00:00:34.617000,HARD,8.0,3.0,,,1,2.0,False,2024,Australia,R,80.849,28.366,17.866,34.617
LEC,Ferrari,43.0,0 days 00:01:20.853000,0 days 00:00:28.089000,0 days 00:00:17.823000,0 days 00:00:34.941000,HARD,9.0,3.0,,,1,2.0,False,2024,Australia,R,80.853,28.089,17.823,34.941
LEC,Ferrari,44.0,0 days 00:01:20.560000,0 days 00:00:28.069000,0 days 00:00:17.861000,0 days 00:00:34.630000,HARD,10.0,3.0,,,1,2.0,False,2024,Australia,R,80.56,28.069,17.861,34.63
LEC,Ferrari,45.0,0 days 00:01:20.408000,0 days 00:00:28.110000,0 days 00:00:17.800000,0 days 00:00:34.498000,HARD,11.0,3.0,,,1,2.0,False,2024,Australia,R,80.408,28.11,17.8,34.498
LEC,Ferrari,46.0,0 days 00:01:20.760000,0 days 00:00:28.049000,0 days 00:00:18.096000,0 days 00:00:34.615000,HARD,12.0,3.0,,,1,2.0,False,2024,Australia,R,80.76,28.049,18.096,34.615
LEC,Ferrari,47.0,0 days 00:01:19.999000,0 days 00:00:27.807000,0 days 00:00:17.791000,0 days 00:00:34.401000,HARD,13.0,3.0,,,1,2.0,False,2024,Australia,R,79.999,27.807,17.791,34.401
LEC,Ferrari,48.0,0 days 00:01:20.349000,0 days 00:00:28.125000,0 days 00:00:17.844000,0 days 00:00:34.380000,HARD,14.0,3.0,,,1,2.0,False,2024,Australia,R,80.349,28.125,17.844,34.38
LEC,Ferrari,49.0,0 days 00:01:20.144000,0 days 00:00:27.919000,0 days 00:00:17.844000,0 days 00:00:34.381000,HARD,15.0,3.0,,,1,2.0,False,2024,Australia,R,80.144,27.919,17.844,34.381
LEC,Ferrari,50.0,0 days 00:01:19.925000,0 days 00:00:27.895000,0 days 00:00:17.770000,0 days 00:00:34.260000,HARD,16.0,3.0,,,1,2.0,False,2024,Australia,R,79.925,27.895,17.77,34.26
LEC,Ferrari,51.0,0 days 00:01:20.215000,0 days 00:00:27.948000,0 days 00:00:17.857000,0 days 00:00:34.410000,HARD,17.0,3.0,,,1,2.0,False,2024,Australia,R,80.215,27.948,17.857,34.41
LEC,Ferrari,52.0,0 days 00:01:20.331000,0 days 00:00:27.976000,0 days 00:00:17.865000,0 days 00:00:34.490000,HARD,18.0,3.0,,,1,2.0,False,2024,Australia,R,80.331,27.976,17.865,34.49
LEC,Ferrari,53.0,0 days 00:01:20.463000,0 days 00:00:28.073000,0 days 00:00:17.852000,0 days 00:00:34.538000,HARD,19.0,3.0,,,1,2.0,False,2024,Australia,R,80.463,28.073,17.852,34.538
LEC,Ferrari,54.0,0 days 00:01:20.320000,0 days 00:00:28.019000,0 days 00:00:17.810000,0 days 00:00:34.491000,HARD,20.0,3.0,,,1,2.0,False,2024,Australia,R,80.32,28.019,17.81,34.491
LEC,Ferrari,55.0,0 days 00:01:20.962000,0 days 00:00:28.437000,0 days 00:00:17.832000,0 days 00:00:34.693000,HARD,21.0,3.0,,,1,2.0,False,2024,Australia,R,80.962,28.437,17.832,34.693
LEC,Ferrari,56.0,0 days 00:01:19.813000,0 days 00:00:28.044000,0 days 00:00:17.572000,0 days 00:00:34.197000,HARD,22.0,3.0,,,1,2.0,False,2024,Australia,R,79.813,28.044,17.572,34.197
LEC,Ferrari,57.0,0 days 00:01:20.871000,0 days 00:00:28.062000,0 days 00:00:17.781000,0 days 00:00:35.028000,HARD,23.0,3.0,,,12,2.0,False,2024,Australia,R,80.871,28.062,17.781,35.028
LEC,Ferrari,58.0,0 days 00:01:49.995000,0 days 00:00:36.732000,0 days 00:00:29.762000,0 days 00:00:43.501000,HARD,24.0,3.0,,,26,2.0,False,2024,Australia,R,109.995,36.732,29.762,43.501
STR,Aston Martin,1.0,0 days 00:01:32.835000,,0 days 00:00:18.589000,0 days 00:00:37.079000,MEDIUM,2.0,1.0,,,1,8.0,False,2024,Australia,R,92.835,,18.589,37.079
STR,Aston Martin,2.0,0 days 00:01:23.551000,0 days 00:00:29.507000,0 days 00:00:18.117000,0 days 00:00:35.927000,MEDIUM,3.0,1.0,,,1,8.0,False,2024,Australia,R,83.551,29.507,18.117,35.927
STR,Aston Martin,3.0,0 days 00:01:23.196000,0 days 00:00:29.015000,0 days 00:00:18.169000,0 days 00:00:36.012000,MEDIUM,4.0,1.0,,,1,8.0,False,2024,Australia,R,83.196,29.015,18.169,36.012
STR,Aston Martin,4.0,0 days 00:01:23.454000,0 days 00:00:28.949000,0 days 00:00:18.130000,0 days 00:00:36.375000,MEDIUM,5.0,1.0,,,1,7.0,False,2024,Australia,R,83.454,28.949,18.13,36.375
STR,Aston Martin,5.0,0 days 00:01:23.337000,0 days 00:00:28.941000,0 days 00:00:18.062000,0 days 00:00:36.334000,MEDIUM,6.0,1.0,,,1,7.0,False,2024,Australia,R,83.337,28.941,18.062,36.334
STR,Aston Martin,6.0,0 days 00:01:23.027000,0 days 00:00:28.902000,0 days 00:00:18.106000,0 days 00:00:36.019000,MEDIUM,7.0,1.0,,,1,7.0,False,2024,Australia,R,83.027,28.902,18.106,36.019
STR,Aston Martin,7.0,0 days 00:01:23.019000,0 days 00:00:28.945000,0 days 00:00:18.021000,0 days 00:00:36.053000,MEDIUM,8.0,1.0,,,1,7.0,False,2024,Australia,R,83.019,28.945,18.021,36.053
STR,Aston Martin,8.0,0 days 00:01:37.362000,0 days 00:00:28.791000,0 days 00:00:18.042000,0 days 00:00:50.529000,MEDIUM,9.0,1.0,0 days 01:09:43.606000,,1,12.0,False,2024,Australia,R,97.362,28.791,18.042,50.529
STR,Aston Martin,9.0,0 days 00:01:27.945000,0 days 00:00:34.017000,0 days 00:00:18.371000,0 days 00:00:35.557000,HARD,2.0,2.0,,0 days 01:10:01.356000,1,11.0,False,2024,Australia,R,87.945,34.017,18.371,35.557
STR,Aston Martin,10.0,0 days 00:01:22.883000,0 days 00:00:28.763000,0 days 00:00:18.299000,0 days 00:00:35.821000,HARD,3.0,2.0,,,1,10.0,False,2024,Australia,R,82.883,28.763,18.299,35.821
STR,Aston Martin,11.0,0 days 00:01:22.718000,0 days 00:00:28.755000,0 days 00:00:18.212000,0 days 00:00:35.751000,HARD,4.0,2.0,,,1,10.0,False,2024,Australia,R,82.718,28.755,18.212,35.751
STR,Aston Martin,12.0,0 days 00:01:23.063000,0 days 00:00:28.858000,0 days 00:00:18.308000,0 days 00:00:35.897000,HARD,5.0,2.0,,,1,10.0,False,2024,Australia,R,83.063,28.858,18.308,35.897
STR,Aston Martin,13.0,0 days 00:01:23.322000,0 days 00:00:28.920000,0 days 00:00:18.278000,0 days 00:00:36.124000,HARD,6.0,2.0,,,1,10.0,False,2024,Australia,R,83.322,28.92,18.278,36.124
STR,Aston Martin,14.0,0 days 00:01:23.106000,0 days 00:00:28.867000,0 days 00:00:18.238000,0 days 00:00:36.001000,HARD,7.0,2.0,,,1,10.0,False,2024,Australia,R,83.106,28.867,18.238,36.001
STR,Aston Martin,15.0,0 days 00:01:23.450000,0 days 00:00:29.221000,0 days 00:00:18.357000,0 days 00:00:35.872000,HARD,8.0,2.0,,,1,9.0,False,2024,Australia,R,83.45,29.221,18.357,35.872
STR,Aston Martin,16.0,0 days 00:01:24.650000,0 days 00:00:29.194000,0 days 00:00:17.980000,0 days 00:00:37.476000,HARD,9.0,2.0,,,1,9.0,False,2024,Australia,R,84.65,29.194,17.98,37.476
STR,Aston Martin,17.0,0 days 00:01:43.269000,0 days 00:00:29.212000,0 days 00:00:25.841000,0 days 00:00:48.216000,HARD,10.0,2.0,,,1267,7.0,False,2024,Australia,R,103.269,29.212,25.841,48.216
STR,Aston Martin,18.0,0 days 00:01:26.001000,0 days 00:00:31.146000,0 days 00:00:18.269000,0 days 00:00:36.586000,HARD,11.0,2.0,,,71,8.0,False,2024,Australia,R,86.001,31.146,18.269,36.586
STR,Aston Martin,19.0,0 days 00:01:23.105000,0 days 00:00:28.710000,0 days 00:00:18.244000,0 days 00:00:36.151000,HARD,12.0,2.0,,,1,8.0,False,2024,Australia,R,83.105,28.71,18.244,36.151
STR,Aston Martin,20.0,0 days 00:01:22.922000,0 days 00:00:28.668000,0 days 00:00:18.233000,0 days 00:00:36.021000,HARD,13.0,2.0,,,1,8.0,False,2024,Australia,R,82.922,28.668,18.233,36.021
STR,Aston Martin,21.0,0 days 00:01:22.628000,0 days 00:00:28.674000,0 days 00:00:18.202000,0 days 00:00:35.752000,HARD,14.0,2.0,,,1,8.0,False,2024,Australia,R,82.628,28.674,18.202,35.752
STR,Aston Martin,22.0,0 days 00:01:22.905000,0 days 00:00:28.641000,0 days 00:00:18.185000,0 days 00:00:36.079000,HARD,15.0,2.0,,,1,8.0,False,2024,Australia,R,82.905,28.641,18.185,36.079
STR,Aston Martin,23.0,0 days 00:01:22.861000,0 days 00:00:28.795000,0 days 00:00:18.236000,0 days 00:00:35.830000,HARD,16.0,2.0,,,1,8.0,False,2024,Australia,R,82.861,28.795,18.236,35.83
STR,Aston Martin,24.0,0 days 00:01:22.852000,0 days 00:00:28.715000,0 days 00:00:18.159000,0 days 00:00:35.978000,HARD,17.0,2.0,,,1,8.0,False,2024,Australia,R,82.852,28.715,18.159,35.978
STR,Aston Martin,25.0,0 days 00:01:22.941000,0 days 00:00:28.821000,0 days 00:00:18.203000,0 days 00:00:35.917000,HARD,18.0,2.0,,,1,8.0,False,2024,Australia,R,82.941,28.821,18.203,35.917
STR,Aston Martin,26.0,0 days 00:01:23.294000,0 days 00:00:28.858000,0 days 00:00:18.270000,0 days 00:00:36.166000,HARD,19.0,2.0,,,1,8.0,False,2024,Australia,R,83.294,28.858,18.27,36.166
STR,Aston Martin,27.0,0 days 00:01:23.192000,0 days 00:00:28.780000,0 days 00:00:18.210000,0 days 00:00:36.202000,HARD,20.0,2.0,,,1,8.0,False,2024,Australia,R,83.192,28.78,18.21,36.202
STR,Aston Martin,28.0,0 days 00:01:23.059000,0 days 00:00:28.871000,0 days 00:00:18.249000,0 days 00:00:35.939000,HARD,21.0,2.0,,,1,8.0,False,2024,Australia,R,83.059,28.871,18.249,35.939
STR,Aston Martin,29.0,0 days 00:01:23.135000,0 days 00:00:28.955000,0 days 00:00:18.347000,0 days 00:00:35.833000,HARD,22.0,2.0,,,1,8.0,False,2024,Australia,R,83.135,28.955,18.347,35.833
STR,Aston Martin,30.0,0 days 00:01:23.124000,0 days 00:00:28.875000,0 days 00:00:18.298000,0 days 00:00:35.951000,HARD,23.0,2.0,,,1,8.0,False,2024,Australia,R,83.124,28.875,18.298,35.951
STR,Aston Martin,31.0,0 days 00:01:23.521000,0 days 00:00:29.110000,0 days 00:00:18.331000,0 days 00:00:36.080000,HARD,24.0,2.0,,,1,8.0,False,2024,Australia,R,83.521,29.11,18.331,36.08
STR,Aston Martin,32.0,0 days 00:01:23.157000,0 days 00:00:28.921000,0 days 00:00:18.262000,0 days 00:00:35.974000,HARD,25.0,2.0,,,1,8.0,False,2024,Australia,R,83.157,28.921,18.262,35.974
STR,Aston Martin,33.0,0 days 00:01:23.266000,0 days 00:00:29.001000,0 days 00:00:18.354000,0 days 00:00:35.911000,HARD,26.0,2.0,,,1,8.0,False,2024,Australia,R,83.266,29.001,18.354,35.911
STR,Aston Martin,34.0,0 days 00:01:23.114000,0 days 00:00:28.986000,0 days 00:00:18.288000,0 days 00:00:35.840000,HARD,27.0,2.0,,,1,8.0,False,2024,Australia,R,83.114,28.986,18.288,35.84
STR,Aston Martin,35.0,0 days 00:01:23.398000,0 days 00:00:29.054000,0 days 00:00:18.316000,0 days 00:00:36.028000,HARD,28.0,2.0,,,1,8.0,False,2024,Australia,R,83.398,29.054,18.316,36.028
STR,Aston Martin,36.0,0 days 00:01:23.207000,0 days 00:00:29.035000,0 days 00:00:18.282000,0 days 00:00:35.890000,HARD,29.0,2.0,,,1,7.0,False,2024,Australia,R,83.207,29.035,18.282,35.89
STR,Aston Martin,37.0,0 days 00:01:37.526000,0 days 00:00:28.958000,0 days 00:00:18.264000,0 days 00:00:50.304000,HARD,30.0,2.0,0 days 01:50:37.151000,,1,8.0,False,2024,Australia,R,97.526,28.958,18.264,50.304
STR,Aston Martin,38.0,0 days 00:01:27.847000,0 days 00:00:34.155000,0 days 00:00:18.064000,0 days 00:00:35.628000,HARD,2.0,3.0,,0 days 01:50:54.981000,1,8.0,False,2024,Australia,R,87.847,34.155,18.064,35.628
STR,Aston Martin,39.0,0 days 00:01:22.042000,0 days 00:00:28.498000,0 days 00:00:18.275000,0 days 00:00:35.269000,HARD,3.0,3.0,,,1,8.0,False,2024,Australia,R,82.042,28.498,18.275,35.269
STR,Aston Martin,40.0,0 days 00:01:22.100000,0 days 00:00:28.665000,0 days 00:00:18.230000,0 days 00:00:35.205000,HARD,4.0,3.0,,,1,8.0,False,2024,Australia,R,82.1,28.665,18.23,35.205
STR,Aston Martin,41.0,0 days 00:01:22.244000,0 days 00:00:28.417000,0 days 00:00:18.198000,0 days 00:00:35.629000,HARD,5.0,3.0,,,1,8.0,False,2024,Australia,R,82.244,28.417,18.198,35.629
STR,Aston Martin,42.0,0 days 00:01:21.829000,0 days 00:00:28.383000,0 days 00:00:18.200000,0 days 00:00:35.246000,HARD,6.0,3.0,,,1,8.0,False,2024,Australia,R,81.829,28.383,18.2,35.246
STR,Aston Martin,43.0,0 days 00:01:21.722000,0 days 00:00:28.380000,0 days 00:00:18.055000,0 days 00:00:35.287000,HARD,7.0,3.0,,,1,8.0,False,2024,Australia,R,81.722,28.38,18.055,35.287
STR,Aston Martin,44.0,0 days 00:01:21.992000,0 days 00:00:28.476000,0 days 00:00:18.074000,0 days 00:00:35.442000,HARD,8.0,3.0,,,1,8.0,False,2024,Australia,R,81.992,28.476,18.074,35.442
STR,Aston Martin,45.0,0 days 00:01:21.603000,0 days 00:00:28.270000,0 days 00:00:18.094000,0 days 00:00:35.239000,HARD,9.0,3.0,,,1,8.0,False,2024,Australia,R,81.603,28.27,18.094,35.239
STR,Aston Martin,46.0,0 days 00:01:21.431000,0 days 00:00:28.260000,0 days 00:00:18.093000,0 days 00:00:35.078000,HARD,10.0,3.0,,,1,8.0,False,2024,Australia,R,81.431,28.26,18.093,35.078
STR,Aston Martin,47.0,0 days 00:01:21.014000,0 days 00:00:28.162000,0 days 00:00:18.105000,0 days 00:00:34.747000,HARD,11.0,3.0,,,1,8.0,False,2024,Australia,R,81.014,28.162,18.105,34.747
STR,Aston Martin,48.0,0 days 00:01:21.109000,0 days 00:00:28.185000,0 days 00:00:18.076000,0 days 00:00:34.848000,HARD,12.0,3.0,,,1,8.0,False,2024,Australia,R,81.109,28.185,18.076,34.848
STR,Aston Martin,49.0,0 days 00:01:20.930000,0 days 00:00:28.058000,0 days 00:00:18.072000,0 days 00:00:34.800000,HARD,13.0,3.0,,,1,8.0,False,2024,Australia,R,80.93,28.058,18.072,34.8
STR,Aston Martin,50.0,0 days 00:01:20.991000,0 days 00:00:28.152000,0 days 00:00:18.077000,0 days 00:00:34.762000,HARD,14.0,3.0,,,1,8.0,False,2024,Australia,R,80.991,28.152,18.077,34.762
STR,Aston Martin,51.0,0 days 00:01:21.121000,0 days 00:00:28.174000,0 days 00:00:18.099000,0 days 00:00:34.848000,HARD,15.0,3.0,,,1,8.0,False,2024,Australia,R,81.121,28.174,18.099,34.848
STR,Aston Martin,52.0,0 days 00:01:21.213000,0 days 00:00:28.234000,0 days 00:00:18.166000,0 days 00:00:34.813000,HARD,16.0,3.0,,,1,8.0,False,2024,Australia,R,81.213,28.234,18.166,34.813
STR,Aston Martin,53.0,0 days 00:01:21.063000,0 days 00:00:28.121000,0 days 00:00:18.093000,0 days 00:00:34.849000,HARD,17.0,3.0,,,1,8.0,False,2024,Australia,R,81.063,28.121,18.093,34.849
STR,Aston Martin,54.0,0 days 00:01:21.130000,0 days 00:00:28.029000,0 days 00:00:18.135000,0 days 00:00:34.966000,HARD,18.0,3.0,,,1,8.0,False,2024,Australia,R,81.13,28.029,18.135,34.966
STR,Aston Martin,55.0,0 days 00:01:21.272000,0 days 00:00:28.135000,0 days 00:00:18.219000,0 days 00:00:34.918000,HARD,19.0,3.0,,,1,8.0,False,2024,Australia,R,81.272,28.135,18.219,34.918
STR,Aston Martin,56.0,0 days 00:01:21.233000,0 days 00:00:28.132000,0 days 00:00:18.185000,0 days 00:00:34.916000,HARD,20.0,3.0,,,1,8.0,False,2024,Australia,R,81.233,28.132,18.185,34.916
STR,Aston Martin,57.0,0 days 00:01:43.017000,0 days 00:00:28.051000,0 days 00:00:28.096000,0 days 00:00:46.870000,HARD,21.0,3.0,,,126,7.0,False,2024,Australia,R,103.017,28.051,28.096,46.87
STR,Aston Martin,58.0,0 days 00:01:59.767000,0 days 00:00:42.296000,0 days 00:00:31.967000,0 days 00:00:45.504000,HARD,22.0,3.0,,,6,7.0,False,2024,Australia,R,119.767,42.296,31.967,45.504
MAG,Haas F1 Team,1.0,0 days 00:01:35.467000,,0 days 00:00:18.720000,0 days 00:00:37.819000,MEDIUM,1.0,1.0,,,1,13.0,False,2024,Australia,R,95.467,,18.72,37.819
MAG,Haas F1 Team,2.0,0 days 00:01:24.248000,0 days 00:00:29.856000,0 days 00:00:18.052000,0 days 00:00:36.340000,MEDIUM,2.0,1.0,,,1,13.0,False,2024,Australia,R,84.248,29.856,18.052,36.34
MAG,Haas F1 Team,3.0,0 days 00:01:23.565000,0 days 00:00:29.255000,0 days 00:00:18.095000,0 days 00:00:36.215000,MEDIUM,3.0,1.0,,,1,13.0,False,2024,Australia,R,83.565,29.255,18.095,36.215
MAG,Haas F1 Team,4.0,0 days 00:01:23.529000,0 days 00:00:29.068000,0 days 00:00:18.018000,0 days 00:00:36.443000,MEDIUM,4.0,1.0,,,1,12.0,False,2024,Australia,R,83.529,29.068,18.018,36.443
MAG,Haas F1 Team,5.0,0 days 00:01:23.961000,0 days 00:00:29.446000,0 days 00:00:18.061000,0 days 00:00:36.454000,MEDIUM,5.0,1.0,,,1,12.0,False,2024,Australia,R,83.961,29.446,18.061,36.454
MAG,Haas F1 Team,6.0,0 days 00:01:23.954000,0 days 00:00:29.211000,0 days 00:00:18.296000,0 days 00:00:36.447000,MEDIUM,6.0,1.0,,,1,12.0,False,2024,Australia,R,83.954,29.211,18.296,36.447
MAG,Haas F1 Team,7.0,0 days 00:01:37.945000,0 days 00:00:29.198000,0 days 00:00:18.137000,0 days 00:00:50.610000,MEDIUM,7.0,1.0,0 days 01:08:26.039000,,1,15.0,False,2024,Australia,R,97.945,29.198,18.137,50.61
MAG,Haas F1 Team,8.0,0 days 00:01:29.979000,0 days 00:00:35.149000,0 days 00:00:18.717000,0 days 00:00:36.113000,HARD,1.0,2.0,,0 days 01:08:44.252000,1,15.0,False,2024,Australia,R,89.979,35.149,18.717,36.113
MAG,Haas F1 Team,9.0,0 days 00:01:23.662000,0 days 00:00:29.317000,0 days 00:00:18.413000,0 days 00:00:35.932000,HARD,2.0,2.0,,,1,15.0,False,2024,Australia,R,83.662,29.317,18.413,35.932
MAG,Haas F1 Team,10.0,0 days 00:01:23.671000,0 days 00:00:29.145000,0 days 00:00:17.985000,0 days 00:00:36.541000,HARD,3.0,2.0,,,1,15.0,False,2024,Australia,R,83.671,29.145,17.985,36.541
MAG,Haas F1 Team,11.0,0 days 00:01:23.322000,0 days 00:00:29.073000,0 days 00:00:18.025000,0 days 00:00:36.224000,HARD,4.0,2.0,,,1,15.0,False,2024,Australia,R,83.322,29.073,18.025,36.224
MAG,Haas F1 Team,12.0,0 days 00:01:23.110000,0 days 00:00:29.117000,0 days 00:00:17.971000,0 days 00:00:36.022000,HARD,5.0,2.0,,,1,15.0,False,2024,Australia,R,83.11,29.117,17.971,36.022
MAG,Haas F1 Team,13.0,0 days 00:01:23.063000,0 days 00:00:28.848000,0 days 00:00:18.030000,0 days 00:00:36.185000,HARD,6.0,2.0,,,1,15.0,False,2024,Australia,R,83.063,28.848,18.03,36.185
MAG,Haas F1 Team,14.0,0 days 00:01:22.905000,0 days 00:00:28.975000,0 days 00:00:17.955000,0 days 00:00:35.975000,HARD,7.0,2.0,,,1,15.0,False,2024,Australia,R,82.905,28.975,17.955,35.975
MAG,Haas F1 Team,15.0,0 days 00:01:23.668000,0 days 00:00:29.093000,0 days 00:00:18.303000,0 days 00:00:36.272000,HARD,8.0,2.0,,,1,15.0,False,2024,Australia,R,83.668,29.093,18.303,36.272
MAG,Haas F1 Team,16.0,0 days 00:01:23.561000,0 days 00:00:29.073000,0 days 00:00:18.228000,0 days 00:00:36.260000,HARD,9.0,2.0,,,1,13.0,False,2024,Australia,R,83.561,29.073,18.228,36.26
MAG,Haas F1 Team,17.0,0 days 00:01:44.876000,0 days 00:00:33.983000,0 days 00:00:24.021000,0 days 00:00:46.872000,HARD,10.0,2.0,,,1267,12.0,False,2024,Australia,R,104.876,33.983,24.021,46.872
MAG,Haas F1 Team,18.0,0 days 00:01:23.125000,0 days 00:00:29.280000,0 days 00:00:18.210000,0 days 00:00:35.635000,HARD,11.0,2.0,,,1,11.0,False,2024,Australia,R,83.125,29.28,18.21,35.635
MAG,Haas F1 Team,19.0,0 days 00:01:22.848000,0 days 00:00:28.691000,0 days 00:00:18.204000,0 days 00:00:35.953000,HARD,12.0,2.0,,,1,11.0,False,2024,Australia,R,82.848,28.691,18.204,35.953
MAG,Haas F1 Team,20.0,0 days 00:01:22.809000,0 days 00:00:28.859000,0 days 00:00:18.147000,0 days 00:00:35.803000,HARD,13.0,2.0,,,1,11.0,False,2024,Australia,R,82.809,28.859,18.147,35.803
MAG,Haas F1 Team,21.0,0 days 00:01:22.860000,0 days 00:00:28.817000,0 days 00:00:18.149000,0 days 00:00:35.894000,HARD,14.0,2.0,,,1,11.0,False,2024,Australia,R,82.86,28.817,18.149,35.894
MAG,Haas F1 Team,22.0,0 days 00:01:23.315000,0 days 00:00:28.881000,0 days 00:00:18.063000,0 days 00:00:36.371000,HARD,15.0,2.0,,,1,11.0,False,2024,Australia,R,83.315,28.881,18.063,36.371
MAG,Haas F1 Team,23.0,0 days 00:01:24.285000,0 days 00:00:29.063000,0 days 00:00:18.199000,0 days 00:00:37.023000,HARD,16.0,2.0,,,1,12.0,False,2024,Australia,R,84.285,29.063,18.199,37.023
MAG,Haas F1 Team,24.0,0 days 00:01:23.330000,0 days 00:00:28.960000,0 days 00:00:18.161000,0 days 00:00:36.209000,HARD,17.0,2.0,,,1,12.0,False,2024,Australia,R,83.33,28.96,18.161,36.209
MAG,Haas F1 Team,25.0,0 days 00:01:23.502000,0 days 00:00:29.113000,0 days 00:00:18.175000,0 days 00:00:36.214000,HARD,18.0,2.0,,,1,12.0,False,2024,Australia,R,83.502,29.113,18.175,36.214
MAG,Haas F1 Team,26.0,0 days 00:01:23.485000,0 days 00:00:29.057000,0 days 00:00:18.279000,0 days 00:00:36.149000,HARD,19.0,2.0,,,1,12.0,False,2024,Australia,R,83.485,29.057,18.279,36.149
MAG,Haas F1 Team,27.0,0 days 00:01:23.525000,0 days 00:00:29.057000,0 days 00:00:18.167000,0 days 00:00:36.301000,HARD,20.0,2.0,,,1,11.0,False,2024,Australia,R,83.525,29.057,18.167,36.301
MAG,Haas F1 Team,28.0,0 days 00:01:23.467000,0 days 00:00:28.881000,0 days 00:00:18.441000,0 days 00:00:36.145000,HARD,21.0,2.0,,,1,11.0,False,2024,Australia,R,83.467,28.881,18.441,36.145
MAG,Haas F1 Team,29.0,0 days 00:01:23.456000,0 days 00:00:28.996000,0 days 00:00:18.266000,0 days 00:00:36.194000,HARD,22.0,2.0,,,1,11.0,False,2024,Australia,R,83.456,28.996,18.266,36.194
MAG,Haas F1 Team,30.0,0 days 00:01:23.407000,0 days 00:00:29.082000,0 days 00:00:18.187000,0 days 00:00:36.138000,HARD,23.0,2.0,,,1,11.0,False,2024,Australia,R,83.407,29.082,18.187,36.138
MAG,Haas F1 Team,31.0,0 days 00:01:23.216000,0 days 00:00:29.001000,0 days 00:00:18.254000,0 days 00:00:35.961000,HARD,24.0,2.0,,,1,11.0,False,2024,Australia,R,83.216,29.001,18.254,35.961
MAG,Haas F1 Team,32.0,0 days 00:01:23.396000,0 days 00:00:29.113000,0 days 00:00:18.248000,0 days 00:00:36.035000,HARD,25.0,2.0,,,1,11.0,False,2024,Australia,R,83.396,29.113,18.248,36.035
MAG,Haas F1 Team,33.0,0 days 00:01:37.802000,0 days 00:00:29.137000,0 days 00:00:18.406000,0 days 00:00:50.259000,HARD,26.0,2.0,0 days 01:45:15.854000,,1,13.0,False,2024,Australia,R,97.802,29.137,18.406,50.259
MAG,Haas F1 Team,34.0,0 days 00:01:28.539000,0 days 00:00:34.484000,0 days 00:00:18.512000,0 days 00:00:35.543000,HARD,1.0,3.0,,0 days 01:45:33.932000,1,14.0,False,2024,Australia,R,88.539,34.484,18.512,35.543
MAG,Haas F1 Team,35.0,0 days 00:01:22.340000,0 days 00:00:28.467000,0 days 00:00:18.179000,0 days 00:00:35.694000,HARD,2.0,3.0,,,1,13.0,False,2024,Australia,R,82.34,28.467,18.179,35.694
MAG,Haas F1 Team,36.0,0 days 00:01:22.109000,0 days 00:00:28.474000,0 days 00:00:18.015000,0 days 00:00:35.620000,HARD,3.0,3.0,,,1,13.0,False,2024,Australia,R,82.109,28.474,18.015,35.62
MAG,Haas F1 Team,37.0,0 days 00:01:22.261000,0 days 00:00:28.640000,0 days 00:00:18.008000,0 days 00:00:35.613000,HARD,4.0,3.0,,,1,13.0,False,2024,Australia,R,82.261,28.64,18.008,35.613
MAG,Haas F1 Team,38.0,0 days 00:01:22.085000,0 days 00:00:28.649000,0 days 00:00:17.979000,0 days 00:00:35.457000,HARD,5.0,3.0,,,1,13.0,False,2024,Australia,R,82.085,28.649,17.979,35.457
MAG,Haas F1 Team,39.0,0 days 00:01:21.845000,0 days 00:00:28.582000,0 days 00:00:17.962000,0 days 00:00:35.301000,HARD,6.0,3.0,,,1,13.0,False,2024,Australia,R,81.845,28.582,17.962,35.301
MAG,Haas F1 Team,40.0,0 days 00:01:21.771000,0 days 00:00:28.346000,0 days 00:00:18.034000,0 days 00:00:35.391000,HARD,7.0,3.0,,,1,13.0,False,2024,Australia,R,81.771,28.346,18.034,35.391
MAG,Haas F1 Team,41.0,0 days 00:01:23.189000,0 days 00:00:29.007000,0 days 00:00:18.687000,0 days 00:00:35.495000,HARD,8.0,3.0,,,1,12.0,False,2024,Australia,R,83.189,29.007,18.687,35.495
MAG,Haas F1 Team,42.0,0 days 00:01:21.914000,0 days 00:00:28.450000,0 days 00:00:17.579000,0 days 00:00:35.885000,HARD,9.0,3.0,,,1,12.0,False,2024,Australia,R,81.914,28.45,17.579,35.885
MAG,Haas F1 Team,43.0,0 days 00:01:22.053000,0 days 00:00:28.314000,0 days 00:00:17.657000,0 days 00:00:36.082000,HARD,10.0,3.0,,,1,12.0,False,2024,Australia,R,82.053,28.314,17.657,36.082
MAG,Haas F1 Team,44.0,0 days 00:01:21.082000,0 days 00:00:28.418000,0 days 00:00:17.488000,0 days 00:00:35.176000,HARD,11.0,3.0,,,1,11.0,False,2024,Australia,R,81.082,28.418,17.488,35.176
MAG,Haas F1 Team,45.0,0 days 00:01:21.637000,0 days 00:00:28.428000,0 days 00:00:18.032000,0 days 00:00:35.177000,HARD,12.0,3.0,,,1,11.0,False,2024,Australia,R,81.637,28.428,18.032,35.177
MAG,Haas F1 Team,46.0,0 days 00:01:21.463000,0 days 00:00:28.385000,0 days 00:00:17.994000,0 days 00:00:35.084000,HARD,13.0,3.0,,,1,11.0,False,2024,Australia,R,81.463,28.385,17.994,35.084
MAG,Haas F1 Team,47.0,0 days 00:01:21.538000,0 days 00:00:28.307000,0 days 00:00:17.952000,0 days 00:00:35.279000,HARD,14.0,3.0,,,1,11.0,False,2024,Australia,R,81.538,28.307,17.952,35.279
MAG,Haas F1 Team,48.0,0 days 00:01:21.670000,0 days 00:00:28.410000,0 days 00:00:17.980000,0 days 00:00:35.280000,HARD,15.0,3.0,,,1,11.0,False,2024,Australia,R,81.67,28.41,17.98,35.28
MAG,Haas F1 Team,49.0,0 days 00:01:21.386000,0 days 00:00:28.312000,0 days 00:00:17.874000,0 days 00:00:35.200000,HARD,16.0,3.0,,,1,11.0,False,2024,Australia,R,81.386,28.312,17.874,35.2
MAG,Haas F1 Team,50.0,0 days 00:01:21.666000,0 days 00:00:28.432000,0 days 00:00:18.004000,0 days 00:00:35.230000,HARD,17.0,3.0,,,1,11.0,False,2024,Australia,R,81.666,28.432,18.004,35.23
MAG,Haas F1 Team,51.0,0 days 00:01:21.420000,0 days 00:00:28.391000,0 days 00:00:17.891000,0 days 00:00:35.138000,HARD,18.0,3.0,,,1,11.0,False,2024,Australia,R,81.42,28.391,17.891,35.138
MAG,Haas F1 Team,52.0,0 days 00:01:21.631000,0 days 00:00:28.441000,0 days 00:00:18.011000,0 days 00:00:35.179000,HARD,19.0,3.0,,,1,11.0,False,2024,Australia,R,81.631,28.441,18.011,35.179
MAG,Haas F1 Team,53.0,0 days 00:01:21.663000,0 days 00:00:28.371000,0 days 00:00:17.973000,0 days 00:00:35.319000,HARD,20.0,3.0,,,1,11.0,False,2024,Australia,R,81.663,28.371,17.973,35.319
MAG,Haas F1 Team,54.0,0 days 00:01:25.255000,0 days 00:00:28.606000,0 days 00:00:18.056000,0 days 00:00:38.593000,HARD,21.0,3.0,,,1,11.0,False,2024,Australia,R,85.255,28.606,18.056,38.593
MAG,Haas F1 Team,55.0,0 days 00:01:24.951000,0 days 00:00:29.244000,0 days 00:00:18.362000,0 days 00:00:37.345000,HARD,22.0,3.0,,,1,11.0,False,2024,Australia,R,84.951,29.244,18.362,37.345
MAG,Haas F1 Team,56.0,0 days 00:01:23.198000,0 days 00:00:28.619000,0 days 00:00:18.156000,0 days 00:00:36.423000,HARD,23.0,3.0,,,1,11.0,False,2024,Australia,R,83.198,28.619,18.156,36.423
MAG,Haas F1 Team,57.0,0 days 00:01:51.944000,0 days 00:00:38.574000,0 days 00:00:29.849000,0 days 00:00:43.521000,HARD,24.0,3.0,,,126,10.0,False,2024,Australia,R,111.944,38.574,29.849,43.521
TSU,RB,1.0,0 days 00:01:33.305000,,0 days 00:00:18.561000,0 days 00:00:37.078000,MEDIUM,1.0,1.0,,,1,9.0,False,2024,Australia,R,93.305,,18.561,37.078
TSU,RB,2.0,0 days 00:01:23.807000,0 days 00:00:29.709000,0 days 00:00:18.016000,0 days 00:00:36.082000,MEDIUM,2.0,1.0,,,1,9.0,False,2024,Australia,R,83.807,29.709,18.016,36.082
TSU,RB,3.0,0 days 00:01:23.203000,0 days 00:00:29.009000,0 days 00:00:18.089000,0 days 00:00:36.105000,MEDIUM,3.0,1.0,,,1,9.0,False,2024,Australia,R,83.203,29.009,18.089,36.105
TSU,RB,4.0,0 days 00:01:23.434000,0 days 00:00:29.050000,0 days 00:00:18.104000,0 days 00:00:36.280000,MEDIUM,4.0,1.0,,,1,8.0,False,2024,Australia,R,83.434,29.05,18.104,36.28
TSU,RB,5.0,0 days 00:01:23.310000,0 days 00:00:29.072000,0 days 00:00:18.048000,0 days 00:00:36.190000,MEDIUM,5.0,1.0,,,1,8.0,False,2024,Australia,R,83.31,29.072,18.048,36.19
TSU,RB,6.0,0 days 00:01:23.445000,0 days 00:00:29.026000,0 days 00:00:18.115000,0 days 00:00:36.304000,MEDIUM,6.0,1.0,,,1,8.0,False,2024,Australia,R,83.445,29.026,18.115,36.304
TSU,RB,7.0,0 days 00:01:22.864000,0 days 00:00:28.848000,0 days 00:00:17.947000,0 days 00:00:36.069000,MEDIUM,7.0,1.0,,,1,8.0,False,2024,Australia,R,82.864,28.848,17.947,36.069
TSU,RB,8.0,0 days 00:01:23.381000,0 days 00:00:28.869000,0 days 00:00:18.224000,0 days 00:00:36.288000,MEDIUM,8.0,1.0,,,1,6.0,False,2024,Australia,R,83.381,28.869,18.224,36.288
TSU,RB,9.0,0 days 00:01:38.210000,0 days 00:00:29.130000,0 days 00:00:18.328000,0 days 00:00:50.752000,MEDIUM,9.0,1.0,0 days 01:11:08.035000,,1,9.0,False,2024,Australia,R,98.21,29.13,18.328,50.752
TSU,RB,10.0,0 days 00:01:29.892000,0 days 00:00:35.218000,0 days 00:00:18.534000,0 days 00:00:36.140000,HARD,1.0,2.0,,0 days 01:11:26.560000,1,12.0,False,2024,Australia,R,89.892,35.218,18.534,36.14
TSU,RB,11.0,0 days 00:01:22.898000,0 days 00:00:28.912000,0 days 00:00:18.290000,0 days 00:00:35.696000,HARD,2.0,2.0,,,1,12.0,False,2024,Australia,R,82.898,28.912,18.29,35.696
TSU,RB,12.0,0 days 00:01:22.799000,0 days 00:00:28.776000,0 days 00:00:18.268000,0 days 00:00:35.755000,HARD,3.0,2.0,,,1,12.0,False,2024,Australia,R,82.799,28.776,18.268,35.755
TSU,RB,13.0,0 days 00:01:23.032000,0 days 00:00:28.720000,0 days 00:00:18.212000,0 days 00:00:36.100000,HARD,4.0,2.0,,,1,12.0,False,2024,Australia,R,83.032,28.72,18.212,36.1
TSU,RB,14.0,0 days 00:01:22.823000,0 days 00:00:28.795000,0 days 00:00:18.235000,0 days 00:00:35.793000,HARD,5.0,2.0,,,1,12.0,False,2024,Australia,R,82.823,28.795,18.235,35.793
TSU,RB,15.0,0 days 00:01:23.336000,0 days 00:00:29.078000,0 days 00:00:18.251000,0 days 00:00:36.007000,HARD,6.0,2.0,,,1,12.0,False,2024,Australia,R,83.336,29.078,18.251,36.007
TSU,RB,16.0,0 days 00:01:23.252000,0 days 00:00:28.921000,0 days 00:00:18.224000,0 days 00:00:36.107000,HARD,7.0,2.0,,,1,11.0,False,2024,Australia,R,83.252,28.921,18.224,36.107
TSU,RB,17.0,0 days 00:01:43.577000,0 days 00:00:29.124000,0 days 00:00:29.750000,0 days 00:00:44.703000,HARD,8.0,2.0,,,1267,9.0,False,2024,Australia,R,103.577,29.124,29.75,44.703
TSU,RB,18.0,0 days 00:01:24.892000,0 days 00:00:30.803000,0 days 00:00:18.123000,0 days 00:00:35.966000,HARD,9.0,2.0,,,71,9.0,False,2024,Australia,R,84.892,30.803,18.123,35.966
TSU,RB,19.0,0 days 00:01:22.994000,0 days 00:00:28.900000,0 days 00:00:18.234000,0 days 00:00:35.860000,HARD,10.0,2.0,,,1,9.0,False,2024,Australia,R,82.994,28.9,18.234,35.86
TSU,RB,20.0,0 days 00:01:23.048000,0 days 00:00:28.775000,0 days 00:00:18.134000,0 days 00:00:36.139000,HARD,11.0,2.0,,,1,9.0,False,2024,Australia,R,83.048,28.775,18.134,36.139
TSU,RB,21.0,0 days 00:01:22.968000,0 days 00:00:28.808000,0 days 00:00:18.250000,0 days 00:00:35.910000,HARD,12.0,2.0,,,1,9.0,False,2024,Australia,R,82.968,28.808,18.25,35.91
TSU,RB,22.0,0 days 00:01:22.673000,0 days 00:00:28.789000,0 days 00:00:18.167000,0 days 00:00:35.717000,HARD,13.0,2.0,,,1,9.0,False,2024,Australia,R,82.673,28.789,18.167,35.717
TSU,RB,23.0,0 days 00:01:22.953000,0 days 00:00:28.884000,0 days 00:00:18.167000,0 days 00:00:35.902000,HARD,14.0,2.0,,,1,9.0,False,2024,Australia,R,82.953,28.884,18.167,35.902
TSU,RB,24.0,0 days 00:01:23.026000,0 days 00:00:28.864000,0 days 00:00:18.186000,0 days 00:00:35.976000,HARD,15.0,2.0,,,1,9.0,False,2024,Australia,R,83.026,28.864,18.186,35.976
TSU,RB,25.0,0 days 00:01:23.001000,0 days 00:00:28.961000,0 days 00:00:18.230000,0 days 00:00:35.810000,HARD,16.0,2.0,,,1,9.0,False,2024,Australia,R,83.001,28.961,18.23,35.81
TSU,RB,26.0,0 days 00:01:23.302000,0 days 00:00:28.853000,0 days 00:00:18.222000,0 days 00:00:36.227000,HARD,17.0,2.0,,,1,9.0,False,2024,Australia,R,83.302,28.853,18.222,36.227
TSU,RB,27.0,0 days 00:01:23.248000,0 days 00:00:29,0 days 00:00:18.220000,0 days 00:00:36.028000,HARD,18.0,2.0,,,1,9.0,False,2024,Australia,R,83.248,29.0,18.22,36.028
TSU,RB,28.0,0 days 00:01:23.075000,0 days 00:00:28.872000,0 days 00:00:18.218000,0 days 00:00:35.985000,HARD,19.0,2.0,,,1,9.0,False,2024,Australia,R,83.075,28.872,18.218,35.985
TSU,RB,29.0,0 days 00:01:23.498000,0 days 00:00:29.078000,0 days 00:00:18.314000,0 days 00:00:36.106000,HARD,20.0,2.0,,,1,9.0,False,2024,Australia,R,83.498,29.078,18.314,36.106
TSU,RB,30.0,0 days 00:01:23.382000,0 days 00:00:28.979000,0 days 00:00:18.320000,0 days 00:00:36.083000,HARD,21.0,2.0,,,1,9.0,False,2024,Australia,R,83.382,28.979,18.32,36.083
TSU,RB,31.0,0 days 00:01:23.367000,0 days 00:00:29.068000,0 days 00:00:18.300000,0 days 00:00:35.999000,HARD,22.0,2.0,,,1,9.0,False,2024,Australia,R,83.367,29.068,18.3,35.999
TSU,RB,32.0,0 days 00:01:23.390000,0 days 00:00:29.119000,0 days 00:00:18.318000,0 days 00:00:35.953000,HARD,23.0,2.0,,,1,9.0,False,2024,Australia,R,83.39,29.119,18.318,35.953
TSU,RB,33.0,0 days 00:01:23.226000,0 days 00:00:29.053000,0 days 00:00:18.274000,0 days 00:00:35.899000,HARD,24.0,2.0,,,1,9.0,False,2024,Australia,R,83.226,29.053,18.274,35.899
TSU,RB,34.0,0 days 00:01:23.323000,0 days 00:00:29.019000,0 days 00:00:18.339000,0 days 00:00:35.965000,HARD,25.0,2.0,,,1,9.0,False,2024,Australia,R,83.323,29.019,18.339,35.965
TSU,RB,35.0,0 days 00:01:23.289000,0 days 00:00:29.056000,0 days 00:00:18.349000,0 days 00:00:35.884000,HARD,26.0,2.0,,,1,9.0,False,2024,Australia,R,83.289,29.056,18.349,35.884
TSU,RB,36.0,0 days 00:01:37.156000,0 days 00:00:29.164000,0 days 00:00:18.289000,0 days 00:00:49.703000,HARD,27.0,2.0,0 days 01:49:16.525000,,1,9.0,False,2024,Australia,R,97.156,29.164,18.289,49.703
TSU,RB,37.0,0 days 00:01:29.144000,0 days 00:00:35.017000,0 days 00:00:18.451000,0 days 00:00:35.676000,HARD,1.0,3.0,,0 days 01:49:34.003000,1,10.0,False,2024,Australia,R,89.144,35.017,18.451,35.676
TSU,RB,38.0,0 days 00:01:21.924000,0 days 00:00:28.555000,0 days 00:00:18.135000,0 days 00:00:35.234000,HARD,2.0,3.0,,,1,10.0,False,2024,Australia,R,81.924,28.555,18.135,35.234
TSU,RB,39.0,0 days 00:01:22.247000,0 days 00:00:28.595000,0 days 00:00:18.154000,0 days 00:00:35.498000,HARD,3.0,3.0,,,1,10.0,False,2024,Australia,R,82.247,28.595,18.154,35.498
TSU,RB,40.0,0 days 00:01:23.218000,0 days 00:00:28.834000,0 days 00:00:17.732000,0 days 00:00:36.652000,HARD,4.0,3.0,,,1,9.0,False,2024,Australia,R,83.218,28.834,17.732,36.652
TSU,RB,41.0,0 days 00:01:21.764000,0 days 00:00:28.515000,0 days 00:00:18.091000,0 days 00:00:35.158000,HARD,5.0,3.0,,,1,9.0,False,2024,Australia,R,81.764,28.515,18.091,35.158
TSU,RB,42.0,0 days 00:01:21.784000,0 days 00:00:28.437000,0 days 00:00:18.099000,0 days 00:00:35.248000,HARD,6.0,3.0,,,1,9.0,False,2024,Australia,R,81.784,28.437,18.099,35.248
TSU,RB,43.0,0 days 00:01:21.928000,0 days 00:00:28.484000,0 days 00:00:18.093000,0 days 00:00:35.351000,HARD,7.0,3.0,,,1,9.0,False,2024,Australia,R,81.928,28.484,18.093,35.351
TSU,RB,44.0,0 days 00:01:21.824000,0 days 00:00:28.490000,0 days 00:00:18.101000,0 days 00:00:35.233000,HARD,8.0,3.0,,,1,9.0,False,2024,Australia,R,81.824,28.49,18.101,35.233
TSU,RB,45.0,0 days 00:01:21.696000,0 days 00:00:28.467000,0 days 00:00:18.092000,0 days 00:00:35.137000,HARD,9.0,3.0,,,1,9.0,False,2024,Australia,R,81.696,28.467,18.092,35.137
TSU,RB,46.0,0 days 00:01:21.134000,0 days 00:00:28.246000,0 days 00:00:18.038000,0 days 00:00:34.850000,HARD,10.0,3.0,,,1,9.0,False,2024,Australia,R,81.134,28.246,18.038,34.85
TSU,RB,47.0,0 days 00:01:21.254000,0 days 00:00:28.261000,0 days 00:00:18.020000,0 days 00:00:34.973000,HARD,11.0,3.0,,,1,9.0,False,2024,Australia,R,81.254,28.261,18.02,34.973
TSU,RB,48.0,0 days 00:01:21.174000,0 days 00:00:28.276000,0 days 00:00:18.014000,0 days 00:00:34.884000,HARD,12.0,3.0,,,1,9.0,False,2024,Australia,R,81.174,28.276,18.014,34.884
TSU,RB,49.0,0 days 00:01:21.303000,0 days 00:00:28.282000,0 days 00:00:18.017000,0 days 00:00:35.004000,HARD,13.0,3.0,,,1,9.0,False,2024,Australia,R,81.303,28.282,18.017,35.004
TSU,RB,50.0,0 days 00:01:21.285000,0 days 00:00:28.300000,0 days 00:00:18.041000,0 days 00:00:34.944000,HARD,14.0,3.0,,,1,9.0,False,2024,Australia,R,81.285,28.3,18.041,34.944
TSU,RB,51.0,0 days 00:01:21.568000,0 days 00:00:28.220000,0 days 00:00:18.095000,0 days 00:00:35.253000,HARD,15.0,3.0,,,1,9.0,False,2024,Australia,R,81.568,28.22,18.095,35.253
TSU,RB,52.0,0 days 00:01:21.647000,0 days 00:00:28.445000,0 days 00:00:18.095000,0 days 00:00:35.107000,HARD,16.0,3.0,,,1,9.0,False,2024,Australia,R,81.647,28.445,18.095,35.107
TSU,RB,53.0,0 days 00:01:21.553000,0 days 00:00:28.270000,0 days 00:00:18.125000,0 days 00:00:35.158000,HARD,17.0,3.0,,,1,9.0,False,2024,Australia,R,81.553,28.27,18.125,35.158
TSU,RB,54.0,0 days 00:01:21.716000,0 days 00:00:28.338000,0 days 00:00:18.148000,0 days 00:00:35.230000,HARD,18.0,3.0,,,1,9.0,False,2024,Australia,R,81.716,28.338,18.148,35.23
TSU,RB,55.0,0 days 00:01:21.677000,0 days 00:00:28.368000,0 days 00:00:18.132000,0 days 00:00:35.177000,HARD,19.0,3.0,,,1,9.0,False,2024,Australia,R,81.677,28.368,18.132,35.177
TSU,RB,56.0,0 days 00:01:21.812000,0 days 00:00:28.530000,0 days 00:00:18.148000,0 days 00:00:35.134000,HARD,20.0,3.0,,,1,9.0,False,2024,Australia,R,81.812,28.53,18.148,35.134
TSU,RB,57.0,0 days 00:01:44.371000,0 days 00:00:29.129000,0 days 00:00:34.190000,0 days 00:00:41.052000,HARD,21.0,3.0,,,126,8.0,False,2024,Australia,R,104.371,29.129,34.19,41.052
TSU,RB,58.0,0 days 00:01:54.042000,0 days 00:00:40.168000,0 days 00:00:30.479000,0 days 00:00:43.395000,HARD,22.0,3.0,,,6,8.0,False,2024,Australia,R,114.042,40.168,30.479,43.395
ALB,Williams,1.0,0 days 00:01:35.752000,,0 days 00:00:18.858000,0 days 00:00:38.140000,MEDIUM,1.0,1.0,,,1,14.0,False,2024,Australia,R,95.752,,18.858,38.14
ALB,Williams,2.0,0 days 00:01:24.536000,0 days 00:00:30.021000,0 days 00:00:18.135000,0 days 00:00:36.380000,MEDIUM,2.0,1.0,,,1,14.0,False,2024,Australia,R,84.536,30.021,18.135,36.38
ALB,Williams,3.0,0 days 00:01:23.606000,0 days 00:00:29.307000,0 days 00:00:18.047000,0 days 00:00:36.252000,MEDIUM,3.0,1.0,,,1,14.0,False,2024,Australia,R,83.606,29.307,18.047,36.252
ALB,Williams,4.0,0 days 00:01:23.438000,0 days 00:00:29.061000,0 days 00:00:18.076000,0 days 00:00:36.301000,MEDIUM,4.0,1.0,,,1,13.0,False,2024,Australia,R,83.438,29.061,18.076,36.301
ALB,Williams,5.0,0 days 00:01:23.916000,0 days 00:00:29.328000,0 days 00:00:18.079000,0 days 00:00:36.509000,MEDIUM,5.0,1.0,,,1,13.0,False,2024,Australia,R,83.916,29.328,18.079,36.509
ALB,Williams,6.0,0 days 00:01:37.861000,0 days 00:00:29.299000,0 days 00:00:18.127000,0 days 00:00:50.435000,MEDIUM,6.0,1.0,0 days 01:07:03.041000,,1,16.0,False,2024,Australia,R,97.861,29.299,18.127,50.435
ALB,Williams,7.0,0 days 00:01:28.447000,0 days 00:00:34.494000,0 days 00:00:18.518000,0 days 00:00:35.435000,HARD,1.0,2.0,,0 days 01:07:20.614000,1,16.0,False,2024,Australia,R,88.447,34.494,18.518,35.435
ALB,Williams,8.0,0 days 00:01:23.720000,0 days 00:00:29.377000,0 days 00:00:18.444000,0 days 00:00:35.899000,HARD,2.0,2.0,,,1,14.0,False,2024,Australia,R,83.72,29.377,18.444,35.899
ALB,Williams,9.0,0 days 00:01:23.645000,0 days 00:00:29.274000,0 days 00:00:18.408000,0 days 00:00:35.963000,HARD,3.0,2.0,,,1,14.0,False,2024,Australia,R,83.645,29.274,18.408,35.963
ALB,Williams,10.0,0 days 00:01:23.852000,0 days 00:00:29.780000,0 days 00:00:18.253000,0 days 00:00:35.819000,HARD,4.0,2.0,,,1,13.0,False,2024,Australia,R,83.852,29.78,18.253,35.819
ALB,Williams,11.0,0 days 00:01:23.254000,0 days 00:00:29.091000,0 days 00:00:18.333000,0 days 00:00:35.830000,HARD,5.0,2.0,,,1,13.0,False,2024,Australia,R,83.254,29.091,18.333,35.83
ALB,Williams,12.0,0 days 00:01:22.767000,0 days 00:00:29.045000,0 days 00:00:18.159000,0 days 00:00:35.563000,HARD,6.0,2.0,,,1,13.0,False,2024,Australia,R,82.767,29.045,18.159,35.563
ALB,Williams,13.0,0 days 00:01:23.183000,0 days 00:00:28.991000,0 days 00:00:18.198000,0 days 00:00:35.994000,HARD,7.0,2.0,,,1,13.0,False,2024,Australia,R,83.183,28.991,18.198,35.994
ALB,Williams,14.0,0 days 00:01:22.978000,0 days 00:00:29.004000,0 days 00:00:18.190000,0 days 00:00:35.784000,HARD,8.0,2.0,,,1,13.0,False,2024,Australia,R,82.978,29.004,18.19,35.784
ALB,Williams,15.0,0 days 00:01:23.027000,0 days 00:00:28.888000,0 days 00:00:18.215000,0 days 00:00:35.924000,HARD,9.0,2.0,,,1,13.0,False,2024,Australia,R,83.027,28.888,18.215,35.924
ALB,Williams,16.0,0 days 00:01:22.963000,0 days 00:00:28.847000,0 days 00:00:18.121000,0 days 00:00:35.995000,HARD,10.0,2.0,,,1,12.0,False,2024,Australia,R,82.963,28.847,18.121,35.995
ALB,Williams,17.0,0 days 00:01:44.306000,0 days 00:00:30.905000,0 days 00:00:26.541000,0 days 00:00:46.860000,HARD,11.0,2.0,,,1267,10.0,False,2024,Australia,R,104.306,30.905,26.541,46.86
ALB,Williams,18.0,0 days 00:01:24.344000,0 days 00:00:30.085000,0 days 00:00:18.383000,0 days 00:00:35.876000,HARD,12.0,2.0,,,1,10.0,False,2024,Australia,R,84.344,30.085,18.383,35.876
ALB,Williams,19.0,0 days 00:01:23.022000,0 days 00:00:28.826000,0 days 00:00:18.266000,0 days 00:00:35.930000,HARD,13.0,2.0,,,1,10.0,False,2024,Australia,R,83.022,28.826,18.266,35.93
ALB,Williams,20.0,0 days 00:01:22.607000,0 days 00:00:28.717000,0 days 00:00:18.161000,0 days 00:00:35.729000,HARD,14.0,2.0,,,1,10.0,False,2024,Australia,R,82.607,28.717,18.161,35.729
ALB,Williams,21.0,0 days 00:01:23.066000,0 days 00:00:28.956000,0 days 00:00:18.216000,0 days 00:00:35.894000,HARD,15.0,2.0,,,1,10.0,False,2024,Australia,R,83.066,28.956,18.216,35.894
ALB,Williams,22.0,0 days 00:01:23.301000,0 days 00:00:28.925000,0 days 00:00:18.219000,0 days 00:00:36.157000,HARD,16.0,2.0,,,1,10.0,False,2024,Australia,R,83.301,28.925,18.219,36.157
ALB,Williams,23.0,0 days 00:01:23.198000,0 days 00:00:28.917000,0 days 00:00:18.205000,0 days 00:00:36.076000,HARD,17.0,2.0,,,1,10.0,False,2024,Australia,R,83.198,28.917,18.205,36.076
ALB,Williams,24.0,0 days 00:01:23.513000,0 days 00:00:28.970000,0 days 00:00:18.280000,0 days 00:00:36.263000,HARD,18.0,2.0,,,1,10.0,False,2024,Australia,R,83.513,28.97,18.28,36.263
ALB,Williams,25.0,0 days 00:01:23.671000,0 days 00:00:29.201000,0 days 00:00:18.328000,0 days 00:00:36.142000,HARD,19.0,2.0,,,1,10.0,False,2024,Australia,R,83.671,29.201,18.328,36.142
ALB,Williams,26.0,0 days 00:01:23.525000,0 days 00:00:29.159000,0 days 00:00:18.247000,0 days 00:00:36.119000,HARD,20.0,2.0,,,1,10.0,False,2024,Australia,R,83.525,29.159,18.247,36.119
ALB,Williams,27.0,0 days 00:01:37.440000,0 days 00:00:29.197000,0 days 00:00:18.247000,0 days 00:00:49.996000,HARD,21.0,2.0,0 days 01:36:52.888000,,1,15.0,False,2024,Australia,R,97.44,29.197,18.247,49.996
ALB,Williams,28.0,0 days 00:01:29.209000,0 days 00:00:34.960000,0 days 00:00:18.403000,0 days 00:00:35.846000,HARD,1.0,3.0,,0 days 01:37:10.502000,1,15.0,False,2024,Australia,R,89.209,34.96,18.403,35.846
ALB,Williams,29.0,0 days 00:01:22.792000,0 days 00:00:28.879000,0 days 00:00:18.372000,0 days 00:00:35.541000,HARD,2.0,3.0,,,1,14.0,False,2024,Australia,R,82.792,28.879,18.372,35.541
ALB,Williams,30.0,0 days 00:01:22.898000,0 days 00:00:28.864000,0 days 00:00:18.254000,0 days 00:00:35.780000,HARD,3.0,3.0,,,1,14.0,False,2024,Australia,R,82.898,28.864,18.254,35.78
ALB,Williams,31.0,0 days 00:01:22.949000,0 days 00:00:28.883000,0 days 00:00:18.264000,0 days 00:00:35.802000,HARD,4.0,3.0,,,1,14.0,False,2024,Australia,R,82.949,28.883,18.264,35.802
ALB,Williams,32.0,0 days 00:01:22.901000,0 days 00:00:28.710000,0 days 00:00:18.292000,0 days 00:00:35.899000,HARD,5.0,3.0,,,1,14.0,False,2024,Australia,R,82.901,28.71,18.292,35.899
ALB,Williams,33.0,0 days 00:01:23.188000,0 days 00:00:28.963000,0 days 00:00:18.242000,0 days 00:00:35.983000,HARD,6.0,3.0,,,1,14.0,False,2024,Australia,R,83.188,28.963,18.242,35.983
ALB,Williams,34.0,0 days 00:01:23.061000,0 days 00:00:28.857000,0 days 00:00:18.208000,0 days 00:00:35.996000,HARD,7.0,3.0,,,1,13.0,False,2024,Australia,R,83.061,28.857,18.208,35.996
ALB,Williams,35.0,0 days 00:01:23.135000,0 days 00:00:28.982000,0 days 00:00:18.222000,0 days 00:00:35.931000,HARD,8.0,3.0,,,1,12.0,False,2024,Australia,R,83.135,28.982,18.222,35.931
ALB,Williams,36.0,0 days 00:01:24.486000,0 days 00:00:29.749000,0 days 00:00:18.001000,0 days 00:00:36.736000,HARD,9.0,3.0,,,1,12.0,False,2024,Australia,R,84.486,29.749,18.001,36.736
ALB,Williams,37.0,0 days 00:01:22.918000,0 days 00:00:29.079000,0 days 00:00:18.177000,0 days 00:00:35.662000,HARD,10.0,3.0,,,1,12.0,False,2024,Australia,R,82.918,29.079,18.177,35.662
ALB,Williams,38.0,0 days 00:01:22.154000,0 days 00:00:28.612000,0 days 00:00:18.068000,0 days 00:00:35.474000,HARD,11.0,3.0,,,1,12.0,False,2024,Australia,R,82.154,28.612,18.068,35.474
ALB,Williams,39.0,0 days 00:01:22.011000,0 days 00:00:28.529000,0 days 00:00:18.079000,0 days 00:00:35.403000,HARD,12.0,3.0,,,1,12.0,False,2024,Australia,R,82.011,28.529,18.079,35.403
ALB,Williams,40.0,0 days 00:01:21.740000,0 days 00:00:28.341000,0 days 00:00:17.928000,0 days 00:00:35.471000,HARD,13.0,3.0,,,1,12.0,False,2024,Australia,R,81.74,28.341,17.928,35.471
ALB,Williams,41.0,0 days 00:01:23.574000,0 days 00:00:29.684000,0 days 00:00:18.583000,0 days 00:00:35.307000,HARD,14.0,3.0,,,1,11.0,False,2024,Australia,R,83.574,29.684,18.583,35.307
ALB,Williams,42.0,0 days 00:01:21.730000,0 days 00:00:28.438000,0 days 00:00:17.990000,0 days 00:00:35.302000,HARD,15.0,3.0,,,1,11.0,False,2024,Australia,R,81.73,28.438,17.99,35.302
ALB,Williams,43.0,0 days 00:01:22.292000,0 days 00:00:28.355000,0 days 00:00:17.984000,0 days 00:00:35.953000,HARD,16.0,3.0,,,1,11.0,False,2024,Australia,R,82.292,28.355,17.984,35.953
ALB,Williams,44.0,0 days 00:01:22.499000,0 days 00:00:28.359000,0 days 00:00:17.953000,0 days 00:00:36.187000,HARD,17.0,3.0,,,1,12.0,False,2024,Australia,R,82.499,28.359,17.953,36.187
ALB,Williams,45.0,0 days 00:01:21.907000,0 days 00:00:28.459000,0 days 00:00:17.961000,0 days 00:00:35.487000,HARD,18.0,3.0,,,1,12.0,False,2024,Australia,R,81.907,28.459,17.961,35.487
ALB,Williams,46.0,0 days 00:01:21.618000,0 days 00:00:28.449000,0 days 00:00:17.918000,0 days 00:00:35.251000,HARD,19.0,3.0,,,1,12.0,False,2024,Australia,R,81.618,28.449,17.918,35.251
ALB,Williams,47.0,0 days 00:01:21.845000,0 days 00:00:28.443000,0 days 00:00:17.962000,0 days 00:00:35.440000,HARD,20.0,3.0,,,1,12.0,False,2024,Australia,R,81.845,28.443,17.962,35.44
ALB,Williams,48.0,0 days 00:01:21.927000,0 days 00:00:28.571000,0 days 00:00:17.994000,0 days 00:00:35.362000,HARD,21.0,3.0,,,1,12.0,False,2024,Australia,R,81.927,28.571,17.994,35.362
ALB,Williams,49.0,0 days 00:01:21.918000,0 days 00:00:28.461000,0 days 00:00:17.940000,0 days 00:00:35.517000,HARD,22.0,3.0,,,1,12.0,False,2024,Australia,R,81.918,28.461,17.94,35.517
ALB,Williams,50.0,0 days 00:01:22.219000,0 days 00:00:28.659000,0 days 00:00:18.048000,0 days 00:00:35.512000,HARD,23.0,3.0,,,1,12.0,False,2024,Australia,R,82.219,28.659,18.048,35.512
ALB,Williams,51.0,0 days 00:01:22.319000,0 days 00:00:28.736000,0 days 00:00:18.093000,0 days 00:00:35.490000,HARD,24.0,3.0,,,1,12.0,False,2024,Australia,R,82.319,28.736,18.093,35.49
ALB,Williams,52.0,0 days 00:01:22.184000,0 days 00:00:28.514000,0 days 00:00:18.049000,0 days 00:00:35.621000,HARD,25.0,3.0,,,1,12.0,False,2024,Australia,R,82.184,28.514,18.049,35.621
ALB,Williams,53.0,0 days 00:01:22.399000,0 days 00:00:28.743000,0 days 00:00:18.071000,0 days 00:00:35.585000,HARD,26.0,3.0,,,1,12.0,False,2024,Australia,R,82.399,28.743,18.071,35.585
ALB,Williams,54.0,0 days 00:01:24.131000,0 days 00:00:28.682000,0 days 00:00:18.173000,0 days 00:00:37.276000,HARD,27.0,3.0,,,1,12.0,False,2024,Australia,R,84.131,28.682,18.173,37.276
ALB,Williams,55.0,0 days 00:01:22.312000,0 days 00:00:28.597000,0 days 00:00:18.128000,0 days 00:00:35.587000,HARD,28.0,3.0,,,1,12.0,False,2024,Australia,R,82.312,28.597,18.128,35.587
ALB,Williams,56.0,0 days 00:01:24.190000,0 days 00:00:30.327000,0 days 00:00:18.173000,0 days 00:00:35.690000,HARD,29.0,3.0,,,12,12.0,False,2024,Australia,R,84.19,30.327,18.173,35.69
ALB,Williams,57.0,0 days 00:01:50.408000,0 days 00:00:38.388000,0 days 00:00:29.361000,0 days 00:00:42.659000,HARD,30.0,3.0,,,26,11.0,False,2024,Australia,R,110.408,38.388,29.361,42.659
ZHO,Kick Sauber,1.0,0 days 00:01:38.691000,,0 days 00:00:18.721000,0 days 00:00:36.608000,SOFT,1.0,1.0,,0 days 00:58:37.885000,1,19.0,False,2024,Australia,R,98.691,,18.721,36.608
ZHO,Kick Sauber,2.0,0 days 00:01:24.379000,0 days 00:00:29.555000,0 days 00:00:18.148000,0 days 00:00:36.676000,SOFT,2.0,1.0,,,1,19.0,False,2024,Australia,R,84.379,29.555,18.148,36.676
ZHO,Kick Sauber,3.0,0 days 00:01:23.912000,0 days 00:00:29.466000,0 days 00:00:18.314000,0 days 00:00:36.132000,SOFT,3.0,1.0,,,1,19.0,False,2024,Australia,R,83.912,29.466,18.314,36.132
ZHO,Kick Sauber,4.0,0 days 00:01:23.948000,0 days 00:00:29.158000,0 days 00:00:18.187000,0 days 00:00:36.603000,SOFT,4.0,1.0,,,1,18.0,False,2024,Australia,R,83.948,29.158,18.187,36.603
ZHO,Kick Sauber,5.0,0 days 00:01:24.161000,0 days 00:00:29.236000,0 days 00:00:18.040000,0 days 00:00:36.885000,SOFT,5.0,1.0,,,1,17.0,False,2024,Australia,R,84.161,29.236,18.04,36.885
ZHO,Kick Sauber,6.0,0 days 00:01:38.941000,0 days 00:00:29.282000,0 days 00:00:18.206000,0 days 00:00:51.453000,SOFT,6.0,1.0,0 days 01:07:06.691000,,1,17.0,False,2024,Australia,R,98.941,29.282,18.206,51.453
ZHO,Kick Sauber,7.0,0 days 00:01:31.168000,0 days 00:00:35.188000,0 days 00:00:18.742000,0 days 00:00:37.238000,HARD,2.0,2.0,,0 days 01:07:25.636000,1,18.0,False,2024,Australia,R,91.168,35.188,18.742,37.238
ZHO,Kick Sauber,8.0,0 days 00:01:24.402000,0 days 00:00:29.497000,0 days 00:00:18.682000,0 days 00:00:36.223000,HARD,3.0,2.0,,,1,17.0,False,2024,Australia,R,84.402,29.497,18.682,36.223
ZHO,Kick Sauber,9.0,0 days 00:01:23.624000,0 days 00:00:29.129000,0 days 00:00:18.477000,0 days 00:00:36.018000,HARD,4.0,2.0,,,1,17.0,False,2024,Australia,R,83.624,29.129,18.477,36.018
ZHO,Kick Sauber,10.0,0 days 00:01:23.660000,0 days 00:00:29.197000,0 days 00:00:18.524000,0 days 00:00:35.939000,HARD,5.0,2.0,,,1,17.0,False,2024,Australia,R,83.66,29.197,18.524,35.939
ZHO,Kick Sauber,11.0,0 days 00:01:23.447000,0 days 00:00:29.027000,0 days 00:00:18.488000,0 days 00:00:35.932000,HARD,6.0,2.0,,,1,17.0,False,2024,Australia,R,83.447,29.027,18.488,35.932
ZHO,Kick Sauber,12.0,0 days 00:01:23.177000,0 days 00:00:28.869000,0 days 00:00:18.421000,0 days 00:00:35.887000,HARD,7.0,2.0,,,1,17.0,False,2024,Australia,R,83.177,28.869,18.421,35.887
ZHO,Kick Sauber,13.0,0 days 00:01:23.471000,0 days 00:00:29.107000,0 days 00:00:18.410000,0 days 00:00:35.954000,HARD,8.0,2.0,,,1,17.0,False,2024,Australia,R,83.471,29.107,18.41,35.954
ZHO,Kick Sauber,14.0,0 days 00:01:23.302000,0 days 00:00:29.086000,0 days 00:00:18.441000,0 days 00:00:35.775000,HARD,9.0,2.0,,,1,17.0,False,2024,Australia,R,83.302,29.086,18.441,35.775
ZHO,Kick Sauber,15.0,0 days 00:01:23.329000,0 days 00:00:29.070000,0 days 00:00:18.426000,0 days 00:00:35.833000,HARD,10.0,2.0,,,1,17.0,False,2024,Australia,R,83.329,29.07,18.426,35.833
ZHO,Kick Sauber,16.0,0 days 00:01:23.339000,0 days 00:00:28.996000,0 days 00:00:18.305000,0 days 00:00:36.038000,HARD,11.0,2.0,,,12,15.0,False,2024,Australia,R,83.339,28.996,18.305,36.038
ZHO,Kick Sauber,17.0,0 days 00:01:44.914000,0 days 00:00:34.287000,0 days 00:00:25.469000,0 days 00:00:45.158000,HARD,12.0,2.0,,,2671,15.0,False,2024,Australia,R,104.914,34.287,25.469,45.158
ZHO,Kick Sauber,18.0,0 days 00:01:24.958000,0 days 00:00:30.106000,0 days 00:00:18.670000,0 days 00:00:36.182000,HARD,13.0,2.0,,,1,14.0,False,2024,Australia,R,84.958,30.106,18.67,36.182
ZHO,Kick Sauber,19.0,0 days 00:01:23.537000,0 days 00:00:29.184000,0 days 00:00:18.441000,0 days 00:00:35.912000,HARD,14.0,2.0,,,1,14.0,False,2024,Australia,R,83.537,29.184,18.441,35.912
ZHO,Kick Sauber,20.0,0 days 00:01:23.069000,0 days 00:00:28.950000,0 days 00:00:18.377000,0 days 00:00:35.742000,HARD,15.0,2.0,,,1,14.0,False,2024,Australia,R,83.069,28.95,18.377,35.742
ZHO,Kick Sauber,21.0,0 days 00:01:23.473000,0 days 00:00:29.095000,0 days 00:00:18.409000,0 days 00:00:35.969000,HARD,16.0,2.0,,,1,14.0,False,2024,Australia,R,83.473,29.095,18.409,35.969
ZHO,Kick Sauber,22.0,0 days 00:01:23.431000,0 days 00:00:29.084000,0 days 00:00:18.404000,0 days 00:00:35.943000,HARD,17.0,2.0,,,1,14.0,False,2024,Australia,R,83.431,29.084,18.404,35.943
ZHO,Kick Sauber,23.0,0 days 00:01:23.264000,0 days 00:00:28.997000,0 days 00:00:18.387000,0 days 00:00:35.880000,HARD,18.0,2.0,,,1,14.0,False,2024,Australia,R,83.264,28.997,18.387,35.88
ZHO,Kick Sauber,24.0,0 days 00:01:23.196000,0 days 00:00:28.947000,0 days 00:00:18.390000,0 days 00:00:35.859000,HARD,19.0,2.0,,,1,14.0,False,2024,Australia,R,83.196,28.947,18.39,35.859
ZHO,Kick Sauber,25.0,0 days 00:01:23.031000,0 days 00:00:29.065000,0 days 00:00:18.300000,0 days 00:00:35.666000,HARD,20.0,2.0,,,1,14.0,False,2024,Australia,R,83.031,29.065,18.3,35.666
ZHO,Kick Sauber,26.0,0 days 00:01:23.062000,0 days 00:00:28.892000,0 days 00:00:18.441000,0 days 00:00:35.729000,HARD,21.0,2.0,,,1,14.0,False,2024,Australia,R,83.062,28.892,18.441,35.729
ZHO,Kick Sauber,27.0,0 days 00:01:23.097000,0 days 00:00:28.839000,0 days 00:00:18.349000,0 days 00:00:35.909000,HARD,22.0,2.0,,,1,13.0,False,2024,Australia,R,83.097,28.839,18.349,35.909
ZHO,Kick Sauber,28.0,0 days 00:01:23.023000,0 days 00:00:28.924000,0 days 00:00:18.332000,0 days 00:00:35.767000,HARD,23.0,2.0,,,1,13.0,False,2024,Australia,R,83.023,28.924,18.332,35.767
ZHO,Kick Sauber,29.0,0 days 00:01:22.602000,0 days 00:00:28.809000,0 days 00:00:18.249000,0 days 00:00:35.544000,HARD,24.0,2.0,,,1,12.0,False,2024,Australia,R,82.602,28.809,18.249,35.544
ZHO,Kick Sauber,30.0,0 days 00:01:22.989000,0 days 00:00:28.908000,0 days 00:00:18.308000,0 days 00:00:35.773000,HARD,25.0,2.0,,,1,12.0,False,2024,Australia,R,82.989,28.908,18.308,35.773
ZHO,Kick Sauber,31.0,0 days 00:01:22.826000,0 days 00:00:28.813000,0 days 00:00:18.357000,0 days 00:00:35.656000,HARD,26.0,2.0,,,1,12.0,False,2024,Australia,R,82.826,28.813,18.357,35.656
ZHO,Kick Sauber,32.0,0 days 00:01:23.170000,0 days 00:00:28.988000,0 days 00:00:18.274000,0 days 00:00:35.908000,HARD,27.0,2.0,,,1,12.0,False,2024,Australia,R,83.17,28.988,18.274,35.908
ZHO,Kick Sauber,33.0,0 days 00:01:23.246000,0 days 00:00:28.848000,0 days 00:00:18.365000,0 days 00:00:36.033000,HARD,28.0,2.0,,,1,11.0,False,2024,Australia,R,83.246,28.848,18.365,36.033
ZHO,Kick Sauber,34.0,0 days 00:01:23.068000,0 days 00:00:28.927000,0 days 00:00:18.358000,0 days 00:00:35.783000,HARD,29.0,2.0,,,1,11.0,False,2024,Australia,R,83.068,28.927,18.358,35.783
ZHO,Kick Sauber,35.0,0 days 00:01:56.595000,0 days 00:00:28.943000,0 days 00:00:18.355000,0 days 00:01:09.297000,HARD,30.0,2.0,0 days 01:48:08.338000,,1,17.0,False,2024,Australia,R,116.595,28.943,18.355,69.297
ZHO,Kick Sauber,36.0,0 days 00:01:28.570000,0 days 00:00:34.544000,0 days 00:00:18.480000,0 days 00:00:35.546000,HARD,1.0,3.0,,0 days 01:48:45.034000,1,17.0,False,2024,Australia,R,88.57,34.544,18.48,35.546
ZHO,Kick Sauber,37.0,0 days 00:01:22.598000,0 days 00:00:28.596000,0 days 00:00:18.262000,0 days 00:00:35.740000,HARD,2.0,3.0,,,1,17.0,False,2024,Australia,R,82.598,28.596,18.262,35.74
ZHO,Kick Sauber,38.0,0 days 00:01:22.430000,0 days 00:00:28.906000,0 days 00:00:18.190000,0 days 00:00:35.334000,HARD,3.0,3.0,,,1,17.0,False,2024,Australia,R,82.43,28.906,18.19,35.334
ZHO,Kick Sauber,39.0,0 days 00:01:22.008000,0 days 00:00:28.476000,0 days 00:00:18.181000,0 days 00:00:35.351000,HARD,4.0,3.0,,,1,17.0,False,2024,Australia,R,82.008,28.476,18.181,35.351
ZHO,Kick Sauber,40.0,0 days 00:01:21.908000,0 days 00:00:28.391000,0 days 00:00:18.108000,0 days 00:00:35.409000,HARD,5.0,3.0,,,1,17.0,False,2024,Australia,R,81.908,28.391,18.108,35.409
ZHO,Kick Sauber,41.0,0 days 00:01:23.999000,0 days 00:00:28.641000,0 days 00:00:18.957000,0 days 00:00:36.401000,HARD,6.0,3.0,,,1,17.0,False,2024,Australia,R,83.999,28.641,18.957,36.401
ZHO,Kick Sauber,42.0,0 days 00:01:22.195000,0 days 00:00:28.581000,0 days 00:00:18.041000,0 days 00:00:35.573000,HARD,7.0,3.0,,,1,17.0,False,2024,Australia,R,82.195,28.581,18.041,35.573
ZHO,Kick Sauber,43.0,0 days 00:01:23.827000,0 days 00:00:30.079000,0 days 00:00:18.142000,0 days 00:00:35.606000,HARD,8.0,3.0,,,1,16.0,False,2024,Australia,R,83.827,30.079,18.142,35.606
ZHO,Kick Sauber,44.0,0 days 00:01:22.147000,0 days 00:00:28.709000,0 days 00:00:18.003000,0 days 00:00:35.435000,HARD,9.0,3.0,,,1,16.0,False,2024,Australia,R,82.147,28.709,18.003,35.435
ZHO,Kick Sauber,45.0,0 days 00:01:21.609000,0 days 00:00:28.403000,0 days 00:00:18.006000,0 days 00:00:35.200000,HARD,10.0,3.0,,,1,16.0,False,2024,Australia,R,81.609,28.403,18.006,35.2
ZHO,Kick Sauber,46.0,0 days 00:01:21.663000,0 days 00:00:28.342000,0 days 00:00:17.961000,0 days 00:00:35.360000,HARD,11.0,3.0,,,1,16.0,False,2024,Australia,R,81.663,28.342,17.961,35.36
ZHO,Kick Sauber,47.0,0 days 00:01:21.776000,0 days 00:00:28.474000,0 days 00:00:18.026000,0 days 00:00:35.276000,HARD,12.0,3.0,,,1,16.0,False,2024,Australia,R,81.776,28.474,18.026,35.276
ZHO,Kick Sauber,48.0,0 days 00:01:23.135000,0 days 00:00:28.701000,0 days 00:00:18.848000,0 days 00:00:35.586000,HARD,13.0,3.0,,,1,16.0,False,2024,Australia,R,83.135,28.701,18.848,35.586
ZHO,Kick Sauber,49.0,0 days 00:01:21.327000,0 days 00:00:28.288000,0 days 00:00:17.953000,0 days 00:00:35.086000,HARD,14.0,3.0,,,1,16.0,False,2024,Australia,R,81.327,28.288,17.953,35.086
ZHO,Kick Sauber,50.0,0 days 00:01:21.831000,0 days 00:00:28.509000,0 days 00:00:18.043000,0 days 00:00:35.279000,HARD,15.0,3.0,,,1,16.0,False,2024,Australia,R,81.831,28.509,18.043,35.279
ZHO,Kick Sauber,51.0,0 days 00:01:21.830000,0 days 00:00:28.516000,0 days 00:00:18.063000,0 days 00:00:35.251000,HARD,16.0,3.0,,,1,16.0,False,2024,Australia,R,81.83,28.516,18.063,35.251
ZHO,Kick Sauber,52.0,0 days 00:01:22.060000,0 days 00:00:28.554000,0 days 00:00:18.137000,0 days 00:00:35.369000,HARD,17.0,3.0,,,1,16.0,False,2024,Australia,R,82.06,28.554,18.137,35.369
ZHO,Kick Sauber,53.0,0 days 00:01:22.184000,0 days 00:00:28.537000,0 days 00:00:18.159000,0 days 00:00:35.488000,HARD,18.0,3.0,,,1,16.0,False,2024,Australia,R,82.184,28.537,18.159,35.488
ZHO,Kick Sauber,54.0,0 days 00:01:22.067000,0 days 00:00:28.629000,0 days 00:00:18.202000,0 days 00:00:35.236000,HARD,19.0,3.0,,,1,16.0,False,2024,Australia,R,82.067,28.629,18.202,35.236
ZHO,Kick Sauber,55.0,0 days 00:01:21.798000,0 days 00:00:28.526000,0 days 00:00:18.117000,0 days 00:00:35.155000,HARD,20.0,3.0,,,1,16.0,False,2024,Australia,R,81.798,28.526,18.117,35.155
ZHO,Kick Sauber,56.0,0 days 00:01:28.058000,0 days 00:00:28.458000,0 days 00:00:18.136000,0 days 00:00:41.464000,HARD,21.0,3.0,,,126,16.0,False,2024,Australia,R,88.058,28.458,18.136,41.464
ZHO,Kick Sauber,57.0,0 days 00:01:58.614000,0 days 00:00:42.168000,0 days 00:00:38.981000,0 days 00:00:37.465000,HARD,22.0,3.0,,,6,15.0,False,2024,Australia,R,118.614,42.168,38.981,37.465
HUL,Haas F1 Team,1.0,0 days 00:01:36.920000,,0 days 00:00:18.759000,0 days 00:00:38.473000,HARD,1.0,1.0,,,1,16.0,False,2024,Australia,R,96.92,,18.759,38.473
HUL,Haas F1 Team,2.0,0 days 00:01:24.707000,0 days 00:00:29.987000,0 days 00:00:17.967000,0 days 00:00:36.753000,HARD,2.0,1.0,,,1,16.0,False,2024,Australia,R,84.707,29.987,17.967,36.753
HUL,Haas F1 Team,3.0,0 days 00:01:23.576000,0 days 00:00:29.211000,0 days 00:00:17.961000,0 days 00:00:36.404000,HARD,3.0,1.0,,,1,16.0,False,2024,Australia,R,83.576,29.211,17.961,36.404
HUL,Haas F1 Team,4.0,0 days 00:01:23.731000,0 days 00:00:29.279000,0 days 00:00:17.896000,0 days 00:00:36.556000,HARD,4.0,1.0,,,1,15.0,False,2024,Australia,R,83.731,29.279,17.896,36.556
HUL,Haas F1 Team,5.0,0 days 00:01:24.465000,0 days 00:00:29.917000,0 days 00:00:18.222000,0 days 00:00:36.326000,HARD,5.0,1.0,,,1,15.0,False,2024,Australia,R,84.465,29.917,18.222,36.326
HUL,Haas F1 Team,6.0,0 days 00:01:23.747000,0 days 00:00:29.454000,0 days 00:00:18.156000,0 days 00:00:36.137000,HARD,6.0,1.0,,,1,14.0,False,2024,Australia,R,83.747,29.454,18.156,36.137
HUL,Haas F1 Team,7.0,0 days 00:01:23.868000,0 days 00:00:29.240000,0 days 00:00:18.255000,0 days 00:00:36.373000,HARD,7.0,1.0,,,1,12.0,False,2024,Australia,R,83.868,29.24,18.255,36.373
HUL,Haas F1 Team,8.0,0 days 00:01:23.838000,0 days 00:00:29.280000,0 days 00:00:18.187000,0 days 00:00:36.371000,HARD,8.0,1.0,,,1,9.0,False,2024,Australia,R,83.838,29.28,18.187,36.371
HUL,Haas F1 Team,9.0,0 days 00:01:23.856000,0 days 00:00:29.292000,0 days 00:00:18.189000,0 days 00:00:36.375000,HARD,9.0,1.0,,,1,7.0,False,2024,Australia,R,83.856,29.292,18.189,36.375
HUL,Haas F1 Team,10.0,0 days 00:01:23.777000,0 days 00:00:29.195000,0 days 00:00:18.304000,0 days 00:00:36.278000,HARD,10.0,1.0,,,1,5.0,False,2024,Australia,R,83.777,29.195,18.304,36.278
HUL,Haas F1 Team,11.0,0 days 00:01:25.070000,0 days 00:00:29.300000,0 days 00:00:18.421000,0 days 00:00:37.349000,HARD,11.0,1.0,,,1,6.0,False,2024,Australia,R,85.07,29.3,18.421,37.349
HUL,Haas F1 Team,12.0,0 days 00:01:24.824000,0 days 00:00:30.309000,0 days 00:00:18.181000,0 days 00:00:36.334000,HARD,12.0,1.0,,,1,7.0,False,2024,Australia,R,84.824,30.309,18.181,36.334
HUL,Haas F1 Team,13.0,0 days 00:01:23.953000,0 days 00:00:29.327000,0 days 00:00:18.202000,0 days 00:00:36.424000,HARD,13.0,1.0,,,1,7.0,False,2024,Australia,R,83.953,29.327,18.202,36.424
HUL,Haas F1 Team,14.0,0 days 00:01:23.965000,0 days 00:00:29.364000,0 days 00:00:18.238000,0 days 00:00:36.363000,HARD,14.0,1.0,,,1,7.0,False,2024,Australia,R,83.965,29.364,18.238,36.363
HUL,Haas F1 Team,15.0,0 days 00:01:24.281000,0 days 00:00:29.486000,0 days 00:00:18.313000,0 days 00:00:36.482000,HARD,15.0,1.0,,,1,6.0,False,2024,Australia,R,84.281,29.486,18.313,36.482
HUL,Haas F1 Team,16.0,0 days 00:01:24.025000,0 days 00:00:29.386000,0 days 00:00:18.222000,0 days 00:00:36.417000,HARD,16.0,1.0,,,1,6.0,False,2024,Australia,R,84.025,29.386,18.222,36.417
HUL,Haas F1 Team,17.0,0 days 00:01:54.498000,0 days 00:00:29.922000,0 days 00:00:25.453000,0 days 00:00:59.123000,HARD,17.0,1.0,0 days 01:22:46.485000,,1267,11.0,False,2024,Australia,R,114.498,29.922,25.453,59.123
HUL,Haas F1 Team,18.0,0 days 00:01:27.954000,0 days 00:00:34.027000,0 days 00:00:18.275000,0 days 00:00:35.652000,MEDIUM,1.0,2.0,,0 days 01:23:04.703000,1,12.0,False,2024,Australia,R,87.954,34.027,18.275,35.652
HUL,Haas F1 Team,19.0,0 days 00:01:22.247000,0 days 00:00:28.720000,0 days 00:00:18.125000,0 days 00:00:35.402000,MEDIUM,2.0,2.0,,,1,12.0,False,2024,Australia,R,82.247,28.72,18.125,35.402
HUL,Haas F1 Team,20.0,0 days 00:01:22.406000,0 days 00:00:28.781000,0 days 00:00:18.139000,0 days 00:00:35.486000,MEDIUM,3.0,2.0,,,1,12.0,False,2024,Australia,R,82.406,28.781,18.139,35.486
HUL,Haas F1 Team,21.0,0 days 00:01:22.479000,0 days 00:00:28.710000,0 days 00:00:18.167000,0 days 00:00:35.602000,MEDIUM,4.0,2.0,,,1,12.0,False,2024,Australia,R,82.479,28.71,18.167,35.602
HUL,Haas F1 Team,22.0,0 days 00:01:22.439000,0 days 00:00:28.793000,0 days 00:00:18.007000,0 days 00:00:35.639000,MEDIUM,5.0,2.0,,,1,12.0,False,2024,Australia,R,82.439,28.793,18.007,35.639
HUL,Haas F1 Team,23.0,0 days 00:01:22.152000,0 days 00:00:28.841000,0 days 00:00:17.743000,0 days 00:00:35.568000,MEDIUM,6.0,2.0,,,1,11.0,False,2024,Australia,R,82.152,28.841,17.743,35.568
HUL,Haas F1 Team,24.0,0 days 00:01:22.528000,0 days 00:00:28.812000,0 days 00:00:18.025000,0 days 00:00:35.691000,MEDIUM,7.0,2.0,,,1,11.0,False,2024,Australia,R,82.528,28.812,18.025,35.691
HUL,Haas F1 Team,25.0,0 days 00:01:22.974000,0 days 00:00:29.021000,0 days 00:00:17.804000,0 days 00:00:36.149000,MEDIUM,8.0,2.0,,,1,11.0,False,2024,Australia,R,82.974,29.021,17.804,36.149
HUL,Haas F1 Team,26.0,0 days 00:01:23.693000,0 days 00:00:29.534000,0 days 00:00:17.873000,0 days 00:00:36.286000,MEDIUM,9.0,2.0,,,1,11.0,False,2024,Australia,R,83.693,29.534,17.873,36.286
HUL,Haas F1 Team,27.0,0 days 00:01:23.385000,0 days 00:00:29.380000,0 days 00:00:17.870000,0 days 00:00:36.135000,MEDIUM,10.0,2.0,,,1,10.0,False,2024,Australia,R,83.385,29.38,17.87,36.135
HUL,Haas F1 Team,28.0,0 days 00:01:23.338000,0 days 00:00:29.038000,0 days 00:00:18.292000,0 days 00:00:36.008000,MEDIUM,11.0,2.0,,,1,10.0,False,2024,Australia,R,83.338,29.038,18.292,36.008
HUL,Haas F1 Team,29.0,0 days 00:01:23.167000,0 days 00:00:29.023000,0 days 00:00:18.157000,0 days 00:00:35.987000,MEDIUM,12.0,2.0,,,1,10.0,False,2024,Australia,R,83.167,29.023,18.157,35.987
HUL,Haas F1 Team,30.0,0 days 00:01:23.299000,0 days 00:00:29.128000,0 days 00:00:18.180000,0 days 00:00:35.991000,MEDIUM,13.0,2.0,,,1,10.0,False,2024,Australia,R,83.299,29.128,18.18,35.991
HUL,Haas F1 Team,31.0,0 days 00:01:23.139000,0 days 00:00:29.150000,0 days 00:00:18.189000,0 days 00:00:35.800000,MEDIUM,14.0,2.0,,,1,10.0,False,2024,Australia,R,83.139,29.15,18.189,35.8
HUL,Haas F1 Team,32.0,0 days 00:01:22.892000,0 days 00:00:29.055000,0 days 00:00:18.114000,0 days 00:00:35.723000,MEDIUM,15.0,2.0,,,1,10.0,False,2024,Australia,R,82.892,29.055,18.114,35.723
HUL,Haas F1 Team,33.0,0 days 00:01:22.910000,0 days 00:00:29.039000,0 days 00:00:18.152000,0 days 00:00:35.719000,MEDIUM,16.0,2.0,,,1,10.0,False,2024,Australia,R,82.91,29.039,18.152,35.719
HUL,Haas F1 Team,34.0,0 days 00:01:23.143000,0 days 00:00:29.043000,0 days 00:00:18.128000,0 days 00:00:35.972000,MEDIUM,17.0,2.0,,,1,10.0,False,2024,Australia,R,83.143,29.043,18.128,35.972
HUL,Haas F1 Team,35.0,0 days 00:01:37.314000,0 days 00:00:29.129000,0 days 00:00:18.170000,0 days 00:00:50.015000,MEDIUM,18.0,2.0,0 days 01:47:58.093000,,1,11.0,False,2024,Australia,R,97.314,29.129,18.17,50.015
HUL,Haas F1 Team,36.0,0 days 00:01:27.300000,0 days 00:00:33.670000,0 days 00:00:18.256000,0 days 00:00:35.374000,HARD,1.0,3.0,,0 days 01:48:16.195000,1,11.0,False,2024,Australia,R,87.3,33.67,18.256,35.374
HUL,Haas F1 Team,37.0,0 days 00:01:21.630000,0 days 00:00:28.386000,0 days 00:00:18.027000,0 days 00:00:35.217000,HARD,2.0,3.0,,,1,11.0,False,2024,Australia,R,81.63,28.386,18.027,35.217
HUL,Haas F1 Team,38.0,0 days 00:01:22.025000,0 days 00:00:28.496000,0 days 00:00:18.043000,0 days 00:00:35.486000,HARD,3.0,3.0,,,1,11.0,False,2024,Australia,R,82.025,28.496,18.043,35.486
HUL,Haas F1 Team,39.0,0 days 00:01:21.896000,0 days 00:00:28.419000,0 days 00:00:17.929000,0 days 00:00:35.548000,HARD,4.0,3.0,,,1,11.0,False,2024,Australia,R,81.896,28.419,17.929,35.548
HUL,Haas F1 Team,40.0,0 days 00:01:22.823000,0 days 00:00:28.402000,0 days 00:00:17.870000,0 days 00:00:36.551000,HARD,5.0,3.0,,,1,11.0,False,2024,Australia,R,82.823,28.402,17.87,36.551
HUL,Haas F1 Team,41.0,0 days 00:01:22.016000,0 days 00:00:28.708000,0 days 00:00:17.905000,0 days 00:00:35.403000,HARD,6.0,3.0,,,1,10.0,False,2024,Australia,R,82.016,28.708,17.905,35.403
HUL,Haas F1 Team,42.0,0 days 00:01:22.173000,0 days 00:00:28.542000,0 days 00:00:17.916000,0 days 00:00:35.715000,HARD,7.0,3.0,,,1,10.0,False,2024,Australia,R,82.173,28.542,17.916,35.715
HUL,Haas F1 Team,43.0,0 days 00:01:21.909000,0 days 00:00:28.490000,0 days 00:00:17.946000,0 days 00:00:35.473000,HARD,8.0,3.0,,,1,10.0,False,2024,Australia,R,81.909,28.49,17.946,35.473
HUL,Haas F1 Team,44.0,0 days 00:01:21.730000,0 days 00:00:28.459000,0 days 00:00:17.920000,0 days 00:00:35.351000,HARD,9.0,3.0,,,1,10.0,False,2024,Australia,R,81.73,28.459,17.92,35.351
HUL,Haas F1 Team,45.0,0 days 00:01:21.532000,0 days 00:00:28.385000,0 days 00:00:17.924000,0 days 00:00:35.223000,HARD,10.0,3.0,,,1,10.0,False,2024,Australia,R,81.532,28.385,17.924,35.223
HUL,Haas F1 Team,46.0,0 days 00:01:21.145000,0 days 00:00:28.292000,0 days 00:00:17.801000,0 days 00:00:35.052000,HARD,11.0,3.0,,,1,10.0,False,2024,Australia,R,81.145,28.292,17.801,35.052
HUL,Haas F1 Team,47.0,0 days 00:01:21.629000,0 days 00:00:28.572000,0 days 00:00:17.864000,0 days 00:00:35.193000,HARD,12.0,3.0,,,1,10.0,False,2024,Australia,R,81.629,28.572,17.864,35.193
HUL,Haas F1 Team,48.0,0 days 00:01:21.602000,0 days 00:00:28.463000,0 days 00:00:17.811000,0 days 00:00:35.328000,HARD,13.0,3.0,,,1,10.0,False,2024,Australia,R,81.602,28.463,17.811,35.328
HUL,Haas F1 Team,49.0,0 days 00:01:21.728000,0 days 00:00:28.583000,0 days 00:00:17.833000,0 days 00:00:35.312000,HARD,14.0,3.0,,,1,10.0,False,2024,Australia,R,81.728,28.583,17.833,35.312
HUL,Haas F1 Team,50.0,0 days 00:01:22.102000,0 days 00:00:28.709000,0 days 00:00:17.968000,0 days 00:00:35.425000,HARD,15.0,3.0,,,1,10.0,False,2024,Australia,R,82.102,28.709,17.968,35.425
HUL,Haas F1 Team,51.0,0 days 00:01:21.730000,0 days 00:00:28.585000,0 days 00:00:17.865000,0 days 00:00:35.280000,HARD,16.0,3.0,,,1,10.0,False,2024,Australia,R,81.73,28.585,17.865,35.28
HUL,Haas F1 Team,52.0,0 days 00:01:21.781000,0 days 00:00:28.555000,0 days 00:00:17.936000,0 days 00:00:35.290000,HARD,17.0,3.0,,,1,10.0,False,2024,Australia,R,81.781,28.555,17.936,35.29
HUL,Haas F1 Team,53.0,0 days 00:01:21.758000,0 days 00:00:28.571000,0 days 00:00:17.893000,0 days 00:00:35.294000,HARD,18.0,3.0,,,1,10.0,False,2024,Australia,R,81.758,28.571,17.893,35.294
HUL,Haas F1 Team,54.0,0 days 00:01:22.021000,0 days 00:00:28.618000,0 days 00:00:17.922000,0 days 00:00:35.481000,HARD,19.0,3.0,,,1,10.0,False,2024,Australia,R,82.021,28.618,17.922,35.481
HUL,Haas F1 Team,55.0,0 days 00:01:22.697000,0 days 00:00:28.788000,0 days 00:00:17.981000,0 days 00:00:35.928000,HARD,20.0,3.0,,,1,10.0,False,2024,Australia,R,82.697,28.788,17.981,35.928
HUL,Haas F1 Team,56.0,0 days 00:01:22.274000,0 days 00:00:28.734000,0 days 00:00:18.107000,0 days 00:00:35.433000,HARD,21.0,3.0,,,1,10.0,False,2024,Australia,R,82.274,28.734,18.107,35.433
HUL,Haas F1 Team,57.0,0 days 00:01:52.103000,0 days 00:00:35.036000,0 days 00:00:38.655000,0 days 00:00:38.412000,HARD,22.0,3.0,,,126,9.0,False,2024,Australia,R,112.103,35.036,38.655,38.412
HUL,Haas F1 Team,58.0,0 days 00:01:49.232000,0 days 00:00:35.619000,0 days 00:00:33.231000,0 days 00:00:40.382000,HARD,23.0,3.0,,,6,9.0,False,2024,Australia,R,109.232,35.619,33.231,40.382
RIC,RB,1.0,0 days 00:01:37.645000,,0 days 00:00:18.660000,0 days 00:00:38.787000,SOFT,1.0,1.0,,,1,18.0,False,2024,Australia,R,97.645,,18.66,38.787
RIC,RB,2.0,0 days 00:01:24.826000,0 days 00:00:29.987000,0 days 00:00:18.107000,0 days 00:00:36.732000,SOFT,2.0,1.0,,,1,18.0,False,2024,Australia,R,84.826,29.987,18.107,36.732
RIC,RB,3.0,0 days 00:01:23.840000,0 days 00:00:29.486000,0 days 00:00:18.113000,0 days 00:00:36.241000,SOFT,3.0,1.0,,,1,18.0,False,2024,Australia,R,83.84,29.486,18.113,36.241
RIC,RB,4.0,0 days 00:01:24.095000,0 days 00:00:29.291000,0 days 00:00:18.222000,0 days 00:00:36.582000,SOFT,4.0,1.0,,,1,17.0,False,2024,Australia,R,84.095,29.291,18.222,36.582
RIC,RB,5.0,0 days 00:01:38.806000,0 days 00:00:29.233000,0 days 00:00:18.254000,0 days 00:00:51.319000,SOFT,5.0,1.0,0 days 01:05:42.642000,,1,18.0,False,2024,Australia,R,98.806,29.233,18.254,51.319
RIC,RB,6.0,0 days 00:01:30.576000,0 days 00:00:35.583000,0 days 00:00:18.737000,0 days 00:00:36.256000,HARD,1.0,2.0,,0 days 01:06:00.784000,1,18.0,False,2024,Australia,R,90.576,35.583,18.737,36.256
RIC,RB,7.0,0 days 00:01:24.040000,0 days 00:00:29.836000,0 days 00:00:18.238000,0 days 00:00:35.966000,HARD,2.0,2.0,,,1,17.0,False,2024,Australia,R,84.04,29.836,18.238,35.966
RIC,RB,8.0,0 days 00:01:23.608000,0 days 00:00:29.153000,0 days 00:00:18.481000,0 days 00:00:35.974000,HARD,3.0,2.0,,,1,16.0,False,2024,Australia,R,83.608,29.153,18.481,35.974
RIC,RB,9.0,0 days 00:01:23.491000,0 days 00:00:29.023000,0 days 00:00:18.506000,0 days 00:00:35.962000,HARD,4.0,2.0,,,1,16.0,False,2024,Australia,R,83.491,29.023,18.506,35.962
RIC,RB,10.0,0 days 00:01:23.245000,0 days 00:00:29.012000,0 days 00:00:18.394000,0 days 00:00:35.839000,HARD,5.0,2.0,,,1,16.0,False,2024,Australia,R,83.245,29.012,18.394,35.839
RIC,RB,11.0,0 days 00:01:23.083000,0 days 00:00:28.925000,0 days 00:00:18.291000,0 days 00:00:35.867000,HARD,6.0,2.0,,,1,16.0,False,2024,Australia,R,83.083,28.925,18.291,35.867
RIC,RB,12.0,0 days 00:01:23.058000,0 days 00:00:28.940000,0 days 00:00:18.339000,0 days 00:00:35.779000,HARD,7.0,2.0,,,1,16.0,False,2024,Australia,R,83.058,28.94,18.339,35.779
RIC,RB,13.0,0 days 00:01:22.904000,0 days 00:00:28.856000,0 days 00:00:18.242000,0 days 00:00:35.806000,HARD,8.0,2.0,,,1,16.0,False,2024,Australia,R,82.904,28.856,18.242,35.806
RIC,RB,14.0,0 days 00:01:22.877000,0 days 00:00:28.865000,0 days 00:00:18.292000,0 days 00:00:35.720000,HARD,9.0,2.0,,,1,16.0,False,2024,Australia,R,82.877,28.865,18.292,35.72
RIC,RB,15.0,0 days 00:01:22.830000,0 days 00:00:28.787000,0 days 00:00:18.216000,0 days 00:00:35.827000,HARD,10.0,2.0,,,1,16.0,False,2024,Australia,R,82.83,28.787,18.216,35.827
RIC,RB,16.0,0 days 00:01:23.143000,0 days 00:00:28.844000,0 days 00:00:18.294000,0 days 00:00:36.005000,HARD,11.0,2.0,,,1,14.0,False,2024,Australia,R,83.143,28.844,18.294,36.005
RIC,RB,17.0,0 days 00:01:44.906000,0 days 00:00:33.812000,0 days 00:00:26.460000,0 days 00:00:44.634000,HARD,12.0,2.0,,,1267,13.0,False,2024,Australia,R,104.906,33.812,26.46,44.634
RIC,RB,18.0,0 days 00:01:25.117000,0 days 00:00:31.019000,0 days 00:00:18.099000,0 days 00:00:35.999000,HARD,13.0,2.0,,,1,13.0,False,2024,Australia,R,85.117,31.019,18.099,35.999
RIC,RB,19.0,0 days 00:01:23.024000,0 days 00:00:28.660000,0 days 00:00:18.170000,0 days 00:00:36.194000,HARD,14.0,2.0,,,1,13.0,False,2024,Australia,R,83.024,28.66,18.17,36.194
RIC,RB,20.0,0 days 00:01:23.127000,0 days 00:00:28.883000,0 days 00:00:18.286000,0 days 00:00:35.958000,HARD,15.0,2.0,,,1,13.0,False,2024,Australia,R,83.127,28.883,18.286,35.958
RIC,RB,21.0,0 days 00:01:23.187000,0 days 00:00:28.875000,0 days 00:00:18.320000,0 days 00:00:35.992000,HARD,16.0,2.0,,,1,13.0,False,2024,Australia,R,83.187,28.875,18.32,35.992
RIC,RB,22.0,0 days 00:01:23.105000,0 days 00:00:28.810000,0 days 00:00:18.282000,0 days 00:00:36.013000,HARD,17.0,2.0,,,1,13.0,False,2024,Australia,R,83.105,28.81,18.282,36.013
RIC,RB,23.0,0 days 00:01:23.012000,0 days 00:00:28.748000,0 days 00:00:18.232000,0 days 00:00:36.032000,HARD,18.0,2.0,,,1,13.0,False,2024,Australia,R,83.012,28.748,18.232,36.032
RIC,RB,24.0,0 days 00:01:23.292000,0 days 00:00:28.906000,0 days 00:00:18.214000,0 days 00:00:36.172000,HARD,19.0,2.0,,,1,13.0,False,2024,Australia,R,83.292,28.906,18.214,36.172
RIC,RB,25.0,0 days 00:01:23.547000,0 days 00:00:28.966000,0 days 00:00:18.389000,0 days 00:00:36.192000,HARD,20.0,2.0,,,1,13.0,False,2024,Australia,R,83.547,28.966,18.389,36.192
RIC,RB,26.0,0 days 00:01:23.357000,0 days 00:00:28.941000,0 days 00:00:18.374000,0 days 00:00:36.042000,HARD,21.0,2.0,,,1,13.0,False,2024,Australia,R,83.357,28.941,18.374,36.042
RIC,RB,27.0,0 days 00:01:23.885000,0 days 00:00:29.084000,0 days 00:00:18.357000,0 days 00:00:36.444000,HARD,22.0,2.0,,,1,12.0,False,2024,Australia,R,83.885,29.084,18.357,36.444
RIC,RB,28.0,0 days 00:01:23.863000,0 days 00:00:29.169000,0 days 00:00:18.421000,0 days 00:00:36.273000,HARD,23.0,2.0,,,1,12.0,False,2024,Australia,R,83.863,29.169,18.421,36.273
RIC,RB,29.0,0 days 00:01:37.341000,0 days 00:00:29.021000,0 days 00:00:18.369000,0 days 00:00:49.951000,HARD,24.0,2.0,0 days 01:39:46.795000,,1,15.0,False,2024,Australia,R,97.341,29.021,18.369,49.951
RIC,RB,30.0,0 days 00:01:30.602000,0 days 00:00:35.785000,0 days 00:00:18.637000,0 days 00:00:36.180000,HARD,1.0,3.0,,0 days 01:40:04.395000,1,17.0,False,2024,Australia,R,90.602,35.785,18.637,36.18
RIC,RB,31.0,0 days 00:01:22.938000,0 days 00:00:28.840000,0 days 00:00:18.350000,0 days 00:00:35.748000,HARD,2.0,3.0,,,1,17.0,False,2024,Australia,R,82.938,28.84,18.35,35.748
RIC,RB,32.0,0 days 00:01:22.738000,0 days 00:00:28.592000,0 days 00:00:18.387000,0 days 00:00:35.759000,HARD,3.0,3.0,,,1,17.0,False,2024,Australia,R,82.738,28.592,18.387,35.759
RIC,RB,33.0,0 days 00:01:22.443000,0 days 00:00:28.549000,0 days 00:00:18.246000,0 days 00:00:35.648000,HARD,4.0,3.0,,,1,17.0,False,2024,Australia,R,82.443,28.549,18.246,35.648
RIC,RB,34.0,0 days 00:01:22.709000,0 days 00:00:28.674000,0 days 00:00:18.203000,0 days 00:00:35.832000,HARD,5.0,3.0,,,1,17.0,False,2024,Australia,R,82.709,28.674,18.203,35.832
RIC,RB,35.0,0 days 00:01:23.490000,0 days 00:00:29.175000,0 days 00:00:17.917000,0 days 00:00:36.398000,HARD,6.0,3.0,,,1,16.0,False,2024,Australia,R,83.49,29.175,17.917,36.398
RIC,RB,36.0,0 days 00:01:25.131000,0 days 00:00:30.883000,0 days 00:00:18.289000,0 days 00:00:35.959000,HARD,7.0,3.0,,,1,15.0,False,2024,Australia,R,85.131,30.883,18.289,35.959
RIC,RB,37.0,0 days 00:01:22.438000,0 days 00:00:28.605000,0 days 00:00:17.895000,0 days 00:00:35.938000,HARD,8.0,3.0,,,1,15.0,False,2024,Australia,R,82.438,28.605,17.895,35.938
RIC,RB,38.0,0 days 00:01:22.380000,0 days 00:00:28.792000,0 days 00:00:17.749000,0 days 00:00:35.839000,HARD,9.0,3.0,,,1,14.0,False,2024,Australia,R,82.38,28.792,17.749,35.839
RIC,RB,39.0,0 days 00:01:22.172000,0 days 00:00:28.698000,0 days 00:00:18.094000,0 days 00:00:35.380000,HARD,10.0,3.0,,,1,14.0,False,2024,Australia,R,82.172,28.698,18.094,35.38
RIC,RB,40.0,0 days 00:01:21.387000,0 days 00:00:28.280000,0 days 00:00:17.980000,0 days 00:00:35.127000,HARD,11.0,3.0,,,1,14.0,False,2024,Australia,R,81.387,28.28,17.98,35.127
RIC,RB,41.0,0 days 00:01:21.608000,0 days 00:00:28.388000,0 days 00:00:18.093000,0 days 00:00:35.127000,HARD,12.0,3.0,,,1,13.0,False,2024,Australia,R,81.608,28.388,18.093,35.127
RIC,RB,42.0,0 days 00:01:21.888000,0 days 00:00:28.421000,0 days 00:00:18.093000,0 days 00:00:35.374000,HARD,13.0,3.0,,,1,13.0,False,2024,Australia,R,81.888,28.421,18.093,35.374
RIC,RB,43.0,0 days 00:01:21.648000,0 days 00:00:28.395000,0 days 00:00:18.129000,0 days 00:00:35.124000,HARD,14.0,3.0,,,1,13.0,False,2024,Australia,R,81.648,28.395,18.129,35.124
RIC,RB,44.0,0 days 00:01:21.313000,0 days 00:00:28.202000,0 days 00:00:18.024000,0 days 00:00:35.087000,HARD,15.0,3.0,,,1,13.0,False,2024,Australia,R,81.313,28.202,18.024,35.087
RIC,RB,45.0,0 days 00:01:21.330000,0 days 00:00:28.362000,0 days 00:00:18.034000,0 days 00:00:34.934000,HARD,16.0,3.0,,,1,13.0,False,2024,Australia,R,81.33,28.362,18.034,34.934
RIC,RB,46.0,0 days 00:01:21.239000,0 days 00:00:28.318000,0 days 00:00:18.046000,0 days 00:00:34.875000,HARD,17.0,3.0,,,1,13.0,False,2024,Australia,R,81.239,28.318,18.046,34.875
RIC,RB,47.0,0 days 00:01:21.300000,0 days 00:00:28.350000,0 days 00:00:18.044000,0 days 00:00:34.906000,HARD,18.0,3.0,,,1,13.0,False,2024,Australia,R,81.3,28.35,18.044,34.906
RIC,RB,48.0,0 days 00:01:21.492000,0 days 00:00:28.441000,0 days 00:00:18.008000,0 days 00:00:35.043000,HARD,19.0,3.0,,,1,13.0,False,2024,Australia,R,81.492,28.441,18.008,35.043
RIC,RB,49.0,0 days 00:01:21.606000,0 days 00:00:28.441000,0 days 00:00:18.039000,0 days 00:00:35.126000,HARD,20.0,3.0,,,1,13.0,False,2024,Australia,R,81.606,28.441,18.039,35.126
RIC,RB,50.0,0 days 00:01:21.782000,0 days 00:00:28.525000,0 days 00:00:18.038000,0 days 00:00:35.219000,HARD,21.0,3.0,,,1,13.0,False,2024,Australia,R,81.782,28.525,18.038,35.219
RIC,RB,51.0,0 days 00:01:21.769000,0 days 00:00:28.534000,0 days 00:00:18.066000,0 days 00:00:35.169000,HARD,22.0,3.0,,,1,13.0,False,2024,Australia,R,81.769,28.534,18.066,35.169
RIC,RB,52.0,0 days 00:01:21.884000,0 days 00:00:28.406000,0 days 00:00:18.086000,0 days 00:00:35.392000,HARD,23.0,3.0,,,1,13.0,False,2024,Australia,R,81.884,28.406,18.086,35.392
RIC,RB,53.0,0 days 00:01:24.232000,0 days 00:00:28.574000,0 days 00:00:18.108000,0 days 00:00:37.550000,HARD,24.0,3.0,,,1,13.0,False,2024,Australia,R,84.232,28.574,18.108,37.55
RIC,RB,54.0,0 days 00:01:22.568000,0 days 00:00:28.907000,0 days 00:00:18.176000,0 days 00:00:35.485000,HARD,25.0,3.0,,,1,13.0,False,2024,Australia,R,82.568,28.907,18.176,35.485
RIC,RB,55.0,0 days 00:01:23.611000,0 days 00:00:28.647000,0 days 00:00:18.849000,0 days 00:00:36.115000,HARD,26.0,3.0,,,1,13.0,False,2024,Australia,R,83.611,28.647,18.849,36.115
RIC,RB,56.0,0 days 00:01:23.839000,0 days 00:00:30.316000,0 days 00:00:18.061000,0 days 00:00:35.462000,HARD,27.0,3.0,,,12,13.0,False,2024,Australia,R,83.839,30.316,18.061,35.462
RIC,RB,57.0,0 days 00:01:53.984000,0 days 00:00:40.013000,0 days 00:00:31.824000,0 days 00:00:42.147000,HARD,28.0,3.0,,,26,12.0,False,2024,Australia,R,113.984,40.013,31.824,42.147
OCO,Alpine,1.0,0 days 00:01:36.283000,,0 days 00:00:18.861000,0 days 00:00:38.167000,MEDIUM,1.0,1.0,,,1,15.0,False,2024,Australia,R,96.283,,18.861,38.167
OCO,Alpine,2.0,0 days 00:01:24.680000,0 days 00:00:30.049000,0 days 00:00:18.139000,0 days 00:00:36.492000,MEDIUM,2.0,1.0,,,1,15.0,False,2024,Australia,R,84.68,30.049,18.139,36.492
OCO,Alpine,3.0,0 days 00:01:23.577000,0 days 00:00:29.145000,0 days 00:00:18.189000,0 days 00:00:36.243000,MEDIUM,3.0,1.0,,,1,15.0,False,2024,Australia,R,83.577,29.145,18.189,36.243
OCO,Alpine,4.0,0 days 00:01:23.574000,0 days 00:00:29.067000,0 days 00:00:18.211000,0 days 00:00:36.296000,MEDIUM,4.0,1.0,,,1,14.0,False,2024,Australia,R,83.574,29.067,18.211,36.296
OCO,Alpine,5.0,0 days 00:01:23.784000,0 days 00:00:29.260000,0 days 00:00:18.166000,0 days 00:00:36.358000,MEDIUM,5.0,1.0,,,1,14.0,False,2024,Australia,R,83.784,29.26,18.166,36.358
OCO,Alpine,6.0,0 days 00:01:23.841000,0 days 00:00:29.312000,0 days 00:00:18.144000,0 days 00:00:36.385000,MEDIUM,6.0,1.0,,,1,13.0,False,2024,Australia,R,83.841,29.312,18.144,36.385
OCO,Alpine,7.0,0 days 00:01:23.198000,0 days 00:00:29.006000,0 days 00:00:18.045000,0 days 00:00:36.147000,MEDIUM,7.0,1.0,,,1,11.0,False,2024,Australia,R,83.198,29.006,18.045,36.147
OCO,Alpine,8.0,0 days 00:01:22.980000,0 days 00:00:28.720000,0 days 00:00:18.308000,0 days 00:00:35.952000,MEDIUM,8.0,1.0,,,1,8.0,False,2024,Australia,R,82.98,28.72,18.308,35.952
OCO,Alpine,9.0,0 days 00:01:37.948000,0 days 00:00:29.049000,0 days 00:00:18.286000,0 days 00:00:50.613000,MEDIUM,9.0,1.0,0 days 01:11:13.207000,,1,13.0,False,2024,Australia,R,97.948,29.049,18.286,50.613
OCO,Alpine,10.0,0 days 00:01:29.439000,0 days 00:00:35.229000,0 days 00:00:18.185000,0 days 00:00:36.025000,HARD,1.0,2.0,,0 days 01:11:31.520000,1,14.0,False,2024,Australia,R,89.439,35.229,18.185,36.025
OCO,Alpine,11.0,0 days 00:01:23.339000,0 days 00:00:29.052000,0 days 00:00:18.138000,0 days 00:00:36.149000,HARD,2.0,2.0,,,1,14.0,False,2024,Australia,R,83.339,29.052,18.138,36.149
OCO,Alpine,12.0,0 days 00:01:22.882000,0 days 00:00:29.059000,0 days 00:00:18.017000,0 days 00:00:35.806000,HARD,3.0,2.0,,,1,14.0,False,2024,Australia,R,82.882,29.059,18.017,35.806
OCO,Alpine,13.0,0 days 00:01:22.956000,0 days 00:00:29,0 days 00:00:17.950000,0 days 00:00:36.006000,HARD,4.0,2.0,,,1,14.0,False,2024,Australia,R,82.956,29.0,17.95,36.006
OCO,Alpine,14.0,0 days 00:01:23.119000,0 days 00:00:29.032000,0 days 00:00:17.992000,0 days 00:00:36.095000,HARD,5.0,2.0,,,1,14.0,False,2024,Australia,R,83.119,29.032,17.992,36.095
OCO,Alpine,15.0,0 days 00:01:23.091000,0 days 00:00:28.883000,0 days 00:00:18.132000,0 days 00:00:36.076000,HARD,6.0,2.0,,,1,14.0,False,2024,Australia,R,83.091,28.883,18.132,36.076
OCO,Alpine,16.0,0 days 00:01:50.665000,0 days 00:00:28.989000,0 days 00:00:18.004000,0 days 00:01:03.672000,HARD,7.0,2.0,0 days 01:21:16.388000,,126,16.0,False,2024,Australia,R,110.665,28.989,18.004,63.672
OCO,Alpine,17.0,0 days 00:01:47.066000,0 days 00:00:43.064000,0 days 00:00:25.261000,0 days 00:00:38.741000,HARD,1.0,3.0,,0 days 01:21:46.896000,671,17.0,False,2024,Australia,R,107.066,43.064,25.261,38.741
OCO,Alpine,18.0,0 days 00:01:22.587000,0 days 00:00:28.802000,0 days 00:00:18.118000,0 days 00:00:35.667000,HARD,2.0,3.0,,,1,17.0,False,2024,Australia,R,82.587,28.802,18.118,35.667
OCO,Alpine,19.0,0 days 00:01:22.880000,0 days 00:00:28.874000,0 days 00:00:17.974000,0 days 00:00:36.032000,HARD,3.0,3.0,,,1,17.0,False,2024,Australia,R,82.88,28.874,17.974,36.032
OCO,Alpine,20.0,0 days 00:01:22.814000,0 days 00:00:28.867000,0 days 00:00:18,0 days 00:00:35.947000,HARD,4.0,3.0,,,1,17.0,False,2024,Australia,R,82.814,28.867,18.0,35.947
OCO,Alpine,21.0,0 days 00:01:22.663000,0 days 00:00:28.765000,0 days 00:00:18.216000,0 days 00:00:35.682000,HARD,5.0,3.0,,,1,17.0,False,2024,Australia,R,82.663,28.765,18.216,35.682
OCO,Alpine,22.0,0 days 00:01:22.803000,0 days 00:00:28.775000,0 days 00:00:18.267000,0 days 00:00:35.761000,HARD,6.0,3.0,,,1,17.0,False,2024,Australia,R,82.803,28.775,18.267,35.761
OCO,Alpine,23.0,0 days 00:01:22.713000,0 days 00:00:28.865000,0 days 00:00:18.181000,0 days 00:00:35.667000,HARD,7.0,3.0,,,1,17.0,False,2024,Australia,R,82.713,28.865,18.181,35.667
OCO,Alpine,24.0,0 days 00:01:22.759000,0 days 00:00:28.786000,0 days 00:00:18.173000,0 days 00:00:35.800000,HARD,8.0,3.0,,,1,17.0,False,2024,Australia,R,82.759,28.786,18.173,35.8
OCO,Alpine,25.0,0 days 00:01:22.797000,0 days 00:00:28.949000,0 days 00:00:18.161000,0 days 00:00:35.687000,HARD,9.0,3.0,,,1,17.0,False,2024,Australia,R,82.797,28.949,18.161,35.687
OCO,Alpine,26.0,0 days 00:01:22.892000,0 days 00:00:28.887000,0 days 00:00:18.250000,0 days 00:00:35.755000,HARD,10.0,3.0,,,1,17.0,False,2024,Australia,R,82.892,28.887,18.25,35.755
OCO,Alpine,27.0,0 days 00:01:22.901000,0 days 00:00:28.822000,0 days 00:00:18.263000,0 days 00:00:35.816000,HARD,11.0,3.0,,,1,17.0,False,2024,Australia,R,82.901,28.822,18.263,35.816
OCO,Alpine,28.0,0 days 00:01:23.108000,0 days 00:00:29.033000,0 days 00:00:18.242000,0 days 00:00:35.833000,HARD,12.0,3.0,,,1,17.0,False,2024,Australia,R,83.108,29.033,18.242,35.833
OCO,Alpine,29.0,0 days 00:01:23.117000,0 days 00:00:29.026000,0 days 00:00:18.200000,0 days 00:00:35.891000,HARD,13.0,3.0,,,1,17.0,False,2024,Australia,R,83.117,29.026,18.2,35.891
OCO,Alpine,30.0,0 days 00:01:23.040000,0 days 00:00:28.846000,0 days 00:00:18.294000,0 days 00:00:35.900000,HARD,14.0,3.0,,,1,16.0,False,2024,Australia,R,83.04,28.846,18.294,35.9
OCO,Alpine,31.0,0 days 00:01:22.921000,0 days 00:00:28.916000,0 days 00:00:18.218000,0 days 00:00:35.787000,HARD,15.0,3.0,,,1,16.0,False,2024,Australia,R,82.921,28.916,18.218,35.787
OCO,Alpine,32.0,0 days 00:01:22.909000,0 days 00:00:28.954000,0 days 00:00:18.200000,0 days 00:00:35.755000,HARD,16.0,3.0,,,1,16.0,False,2024,Australia,R,82.909,28.954,18.2,35.755
OCO,Alpine,33.0,0 days 00:01:22.996000,0 days 00:00:28.880000,0 days 00:00:18.210000,0 days 00:00:35.906000,HARD,17.0,3.0,,,1,16.0,False,2024,Australia,R,82.996,28.88,18.21,35.906
OCO,Alpine,34.0,0 days 00:01:25.483000,0 days 00:00:29.603000,0 days 00:00:18.022000,0 days 00:00:37.858000,HARD,18.0,3.0,,,1,16.0,False,2024,Australia,R,85.483,29.603,18.022,37.858
OCO,Alpine,35.0,0 days 00:01:23.239000,0 days 00:00:29.090000,0 days 00:00:17.942000,0 days 00:00:36.207000,HARD,19.0,3.0,,,1,15.0,False,2024,Australia,R,83.239,29.09,17.942,36.207
OCO,Alpine,36.0,0 days 00:01:24.940000,0 days 00:00:29.138000,0 days 00:00:17.984000,0 days 00:00:37.818000,HARD,20.0,3.0,,,1,14.0,False,2024,Australia,R,84.94,29.138,17.984,37.818
OCO,Alpine,37.0,0 days 00:01:22.834000,0 days 00:00:28.899000,0 days 00:00:18.227000,0 days 00:00:35.708000,HARD,21.0,3.0,,,1,14.0,False,2024,Australia,R,82.834,28.899,18.227,35.708
OCO,Alpine,38.0,0 days 00:01:23.627000,0 days 00:00:28.734000,0 days 00:00:18.147000,0 days 00:00:36.746000,HARD,22.0,3.0,,,1,15.0,False,2024,Australia,R,83.627,28.734,18.147,36.746
OCO,Alpine,39.0,0 days 00:01:22.706000,0 days 00:00:28.807000,0 days 00:00:17.857000,0 days 00:00:36.042000,HARD,23.0,3.0,,,1,15.0,False,2024,Australia,R,82.706,28.807,17.857,36.042
OCO,Alpine,40.0,0 days 00:01:22.989000,0 days 00:00:28.867000,0 days 00:00:18.166000,0 days 00:00:35.956000,HARD,24.0,3.0,,,1,15.0,False,2024,Australia,R,82.989,28.867,18.166,35.956
OCO,Alpine,41.0,0 days 00:01:23.162000,0 days 00:00:28.965000,0 days 00:00:18.145000,0 days 00:00:36.052000,HARD,25.0,3.0,,,1,14.0,False,2024,Australia,R,83.162,28.965,18.145,36.052
OCO,Alpine,42.0,0 days 00:01:38.198000,0 days 00:00:28.991000,0 days 00:00:18.252000,0 days 00:00:50.955000,HARD,26.0,3.0,0 days 01:58:09.288000,,1,16.0,False,2024,Australia,R,98.198,28.991,18.252,50.955
OCO,Alpine,43.0,0 days 00:01:28.206000,0 days 00:00:34.613000,0 days 00:00:18.343000,0 days 00:00:35.250000,HARD,8.0,4.0,,0 days 01:58:27.082000,1,17.0,False,2024,Australia,R,88.206,34.613,18.343,35.25
OCO,Alpine,44.0,0 days 00:01:21.597000,0 days 00:00:28.464000,0 days 00:00:18.066000,0 days 00:00:35.067000,HARD,9.0,4.0,,,1,17.0,False,2024,Australia,R,81.597,28.464,18.066,35.067
OCO,Alpine,45.0,0 days 00:01:21.354000,0 days 00:00:28.306000,0 days 00:00:18.045000,0 days 00:00:35.003000,HARD,10.0,4.0,,,1,17.0,False,2024,Australia,R,81.354,28.306,18.045,35.003
OCO,Alpine,46.0,0 days 00:01:23.041000,0 days 00:00:28.332000,0 days 00:00:18.035000,0 days 00:00:36.674000,HARD,11.0,4.0,,,1,17.0,False,2024,Australia,R,83.041,28.332,18.035,36.674
OCO,Alpine,47.0,0 days 00:01:21.464000,0 days 00:00:28.349000,0 days 00:00:17.961000,0 days 00:00:35.154000,HARD,12.0,4.0,,,1,17.0,False,2024,Australia,R,81.464,28.349,17.961,35.154
OCO,Alpine,48.0,0 days 00:01:21.549000,0 days 00:00:28.342000,0 days 00:00:17.956000,0 days 00:00:35.251000,HARD,13.0,4.0,,,1,17.0,False,2024,Australia,R,81.549,28.342,17.956,35.251
OCO,Alpine,49.0,0 days 00:01:21.678000,0 days 00:00:28.478000,0 days 00:00:18.074000,0 days 00:00:35.126000,HARD,14.0,4.0,,,1,17.0,False,2024,Australia,R,81.678,28.478,18.074,35.126
OCO,Alpine,50.0,0 days 00:01:21.633000,0 days 00:00:28.521000,0 days 00:00:17.917000,0 days 00:00:35.195000,HARD,15.0,4.0,,,1,17.0,False,2024,Australia,R,81.633,28.521,17.917,35.195
OCO,Alpine,51.0,0 days 00:01:21.951000,0 days 00:00:28.499000,0 days 00:00:18.024000,0 days 00:00:35.428000,HARD,16.0,4.0,,,1,17.0,False,2024,Australia,R,81.951,28.499,18.024,35.428
OCO,Alpine,52.0,0 days 00:01:22.155000,0 days 00:00:28.631000,0 days 00:00:18.008000,0 days 00:00:35.516000,HARD,17.0,4.0,,,1,17.0,False,2024,Australia,R,82.155,28.631,18.008,35.516
OCO,Alpine,53.0,0 days 00:01:22.207000,0 days 00:00:28.556000,0 days 00:00:18.036000,0 days 00:00:35.615000,HARD,18.0,4.0,,,1,17.0,False,2024,Australia,R,82.207,28.556,18.036,35.615
OCO,Alpine,54.0,0 days 00:01:22.229000,0 days 00:00:28.646000,0 days 00:00:18.100000,0 days 00:00:35.483000,HARD,19.0,4.0,,,1,17.0,False,2024,Australia,R,82.229,28.646,18.1,35.483
OCO,Alpine,55.0,0 days 00:01:22.304000,0 days 00:00:28.627000,0 days 00:00:18.124000,0 days 00:00:35.553000,HARD,20.0,4.0,,,1,17.0,False,2024,Australia,R,82.304,28.627,18.124,35.553
OCO,Alpine,56.0,0 days 00:01:29.807000,0 days 00:00:28.631000,0 days 00:00:18.095000,0 days 00:00:43.081000,HARD,21.0,4.0,,,126,17.0,False,2024,Australia,R,89.807,28.631,18.095,43.081
OCO,Alpine,57.0,0 days 00:02:04.147000,0 days 00:00:43.734000,0 days 00:00:42.932000,0 days 00:00:37.481000,HARD,22.0,4.0,,,6,16.0,False,2024,Australia,R,124.147,43.734,42.932,37.481
NOR,McLaren,1.0,0 days 00:01:29.784000,,0 days 00:00:18.490000,0 days 00:00:36.041000,MEDIUM,1.0,1.0,,,1,3.0,False,2024,Australia,R,89.784,,18.49,36.041
NOR,McLaren,2.0,0 days 00:01:23.183000,0 days 00:00:28.814000,0 days 00:00:18.319000,0 days 00:00:36.050000,MEDIUM,2.0,1.0,,,1,3.0,False,2024,Australia,R,83.183,28.814,18.319,36.05
NOR,McLaren,3.0,0 days 00:01:22.656000,0 days 00:00:28.750000,0 days 00:00:18.204000,0 days 00:00:35.702000,MEDIUM,3.0,1.0,,,1,3.0,False,2024,Australia,R,82.656,28.75,18.204,35.702
NOR,McLaren,4.0,0 days 00:01:22.609000,0 days 00:00:28.749000,0 days 00:00:18.059000,0 days 00:00:35.801000,MEDIUM,4.0,1.0,,,1,2.0,False,2024,Australia,R,82.609,28.749,18.059,35.801
NOR,McLaren,5.0,0 days 00:01:22.685000,0 days 00:00:28.740000,0 days 00:00:18.302000,0 days 00:00:35.643000,MEDIUM,5.0,1.0,,,1,2.0,False,2024,Australia,R,82.685,28.74,18.302,35.643
NOR,McLaren,6.0,0 days 00:01:22.632000,0 days 00:00:28.717000,0 days 00:00:18.248000,0 days 00:00:35.667000,MEDIUM,6.0,1.0,,,1,2.0,False,2024,Australia,R,82.632,28.717,18.248,35.667
NOR,McLaren,7.0,0 days 00:01:22.744000,0 days 00:00:28.881000,0 days 00:00:18.232000,0 days 00:00:35.631000,MEDIUM,7.0,1.0,,,1,2.0,False,2024,Australia,R,82.744,28.881,18.232,35.631
NOR,McLaren,8.0,0 days 00:01:22.630000,0 days 00:00:28.705000,0 days 00:00:18.245000,0 days 00:00:35.680000,MEDIUM,8.0,1.0,,,1,2.0,False,2024,Australia,R,82.63,28.705,18.245,35.68
NOR,McLaren,9.0,0 days 00:01:22.727000,0 days 00:00:28.832000,0 days 00:00:18.238000,0 days 00:00:35.657000,MEDIUM,9.0,1.0,,,1,2.0,False,2024,Australia,R,82.727,28.832,18.238,35.657
NOR,McLaren,10.0,0 days 00:01:22.695000,0 days 00:00:28.756000,0 days 00:00:18.235000,0 days 00:00:35.704000,MEDIUM,10.0,1.0,,,1,2.0,False,2024,Australia,R,82.695,28.756,18.235,35.704
NOR,McLaren,11.0,0 days 00:01:22.936000,0 days 00:00:28.880000,0 days 00:00:18.277000,0 days 00:00:35.779000,MEDIUM,11.0,1.0,,,1,2.0,False,2024,Australia,R,82.936,28.88,18.277,35.779
NOR,McLaren,12.0,0 days 00:01:22.814000,0 days 00:00:28.783000,0 days 00:00:18.242000,0 days 00:00:35.789000,MEDIUM,12.0,1.0,,,1,2.0,False,2024,Australia,R,82.814,28.783,18.242,35.789
NOR,McLaren,13.0,0 days 00:01:23.153000,0 days 00:00:29.105000,0 days 00:00:18.251000,0 days 00:00:35.797000,MEDIUM,13.0,1.0,,,1,2.0,False,2024,Australia,R,83.153,29.105,18.251,35.797
NOR,McLaren,14.0,0 days 00:01:38.099000,0 days 00:00:29.257000,0 days 00:00:18.343000,0 days 00:00:50.499000,MEDIUM,14.0,1.0,0 days 01:17:55.185000,,1,3.0,False,2024,Australia,R,98.099,29.257,18.343,50.499
NOR,McLaren,15.0,0 days 00:01:28.205000,0 days 00:00:34.290000,0 days 00:00:18.252000,0 days 00:00:35.663000,HARD,2.0,2.0,,0 days 01:18:13.007000,1,5.0,False,2024,Australia,R,88.205,34.29,18.252,35.663
NOR,McLaren,16.0,0 days 00:01:21.936000,0 days 00:00:28.534000,0 days 00:00:18.177000,0 days 00:00:35.225000,HARD,3.0,2.0,,,1,5.0,False,2024,Australia,R,81.936,28.534,18.177,35.225
NOR,McLaren,17.0,0 days 00:01:38.388000,0 days 00:00:28.613000,0 days 00:00:21.284000,0 days 00:00:48.491000,HARD,4.0,2.0,,,126,4.0,False,2024,Australia,R,98.388,28.613,21.284,48.491
NOR,McLaren,18.0,0 days 00:01:27.418000,0 days 00:00:34.235000,0 days 00:00:18.091000,0 days 00:00:35.092000,HARD,5.0,2.0,,,671,4.0,False,2024,Australia,R,87.418,34.235,18.091,35.092
NOR,McLaren,19.0,0 days 00:01:22.356000,0 days 00:00:29.030000,0 days 00:00:18.133000,0 days 00:00:35.193000,HARD,6.0,2.0,,,1,4.0,False,2024,Australia,R,82.356,29.03,18.133,35.193
NOR,McLaren,20.0,0 days 00:01:21.642000,0 days 00:00:28.355000,0 days 00:00:18.023000,0 days 00:00:35.264000,HARD,7.0,2.0,,,1,4.0,False,2024,Australia,R,81.642,28.355,18.023,35.264
NOR,McLaren,21.0,0 days 00:01:21.907000,0 days 00:00:28.385000,0 days 00:00:18.033000,0 days 00:00:35.489000,HARD,8.0,2.0,,,1,4.0,False,2024,Australia,R,81.907,28.385,18.033,35.489
NOR,McLaren,22.0,0 days 00:01:21.749000,0 days 00:00:28.441000,0 days 00:00:18.106000,0 days 00:00:35.202000,HARD,9.0,2.0,,,1,4.0,False,2024,Australia,R,81.749,28.441,18.106,35.202
NOR,McLaren,23.0,0 days 00:01:21.745000,0 days 00:00:28.381000,0 days 00:00:17.980000,0 days 00:00:35.384000,HARD,10.0,2.0,,,1,4.0,False,2024,Australia,R,81.745,28.381,17.98,35.384
NOR,McLaren,24.0,0 days 00:01:21.562000,0 days 00:00:28.376000,0 days 00:00:17.989000,0 days 00:00:35.197000,HARD,11.0,2.0,,,1,4.0,False,2024,Australia,R,81.562,28.376,17.989,35.197
NOR,McLaren,25.0,0 days 00:01:21.713000,0 days 00:00:28.517000,0 days 00:00:17.950000,0 days 00:00:35.246000,HARD,12.0,2.0,,,1,4.0,False,2024,Australia,R,81.713,28.517,17.95,35.246
NOR,McLaren,26.0,0 days 00:01:21.611000,0 days 00:00:28.398000,0 days 00:00:17.959000,0 days 00:00:35.254000,HARD,13.0,2.0,,,1,4.0,False,2024,Australia,R,81.611,28.398,17.959,35.254
NOR,McLaren,27.0,0 days 00:01:21.976000,0 days 00:00:28.523000,0 days 00:00:18.045000,0 days 00:00:35.408000,HARD,14.0,2.0,,,1,4.0,False,2024,Australia,R,81.976,28.523,18.045,35.408
NOR,McLaren,28.0,0 days 00:01:21.837000,0 days 00:00:28.562000,0 days 00:00:18.040000,0 days 00:00:35.235000,HARD,15.0,2.0,,,1,4.0,False,2024,Australia,R,81.837,28.562,18.04,35.235
NOR,McLaren,29.0,0 days 00:01:21.864000,0 days 00:00:28.483000,0 days 00:00:18.029000,0 days 00:00:35.352000,HARD,16.0,2.0,,,1,3.0,False,2024,Australia,R,81.864,28.483,18.029,35.352
NOR,McLaren,30.0,0 days 00:01:21.982000,0 days 00:00:28.568000,0 days 00:00:18.058000,0 days 00:00:35.356000,HARD,17.0,2.0,,,1,3.0,False,2024,Australia,R,81.982,28.568,18.058,35.356
NOR,McLaren,31.0,0 days 00:01:21.848000,0 days 00:00:28.565000,0 days 00:00:17.981000,0 days 00:00:35.302000,HARD,18.0,2.0,,,1,3.0,False,2024,Australia,R,81.848,28.565,17.981,35.302
NOR,McLaren,32.0,0 days 00:01:21.574000,0 days 00:00:28.394000,0 days 00:00:18.012000,0 days 00:00:35.168000,HARD,19.0,2.0,,,1,3.0,False,2024,Australia,R,81.574,28.394,18.012,35.168
NOR,McLaren,33.0,0 days 00:01:21.692000,0 days 00:00:28.570000,0 days 00:00:18.002000,0 days 00:00:35.120000,HARD,20.0,2.0,,,1,3.0,False,2024,Australia,R,81.692,28.57,18.002,35.12
NOR,McLaren,34.0,0 days 00:01:21.769000,0 days 00:00:28.421000,0 days 00:00:18.062000,0 days 00:00:35.286000,HARD,21.0,2.0,,,1,2.0,False,2024,Australia,R,81.769,28.421,18.062,35.286
NOR,McLaren,35.0,0 days 00:01:21.510000,0 days 00:00:28.479000,0 days 00:00:18.089000,0 days 00:00:34.942000,HARD,22.0,2.0,,,1,2.0,False,2024,Australia,R,81.51,28.479,18.089,34.942
NOR,McLaren,36.0,0 days 00:01:21.446000,0 days 00:00:28.511000,0 days 00:00:17.999000,0 days 00:00:34.936000,HARD,23.0,2.0,,,1,2.0,False,2024,Australia,R,81.446,28.511,17.999,34.936
NOR,McLaren,37.0,0 days 00:01:21.662000,0 days 00:00:28.425000,0 days 00:00:17.983000,0 days 00:00:35.254000,HARD,24.0,2.0,,,1,2.0,False,2024,Australia,R,81.662,28.425,17.983,35.254
NOR,McLaren,38.0,0 days 00:01:21.518000,0 days 00:00:28.457000,0 days 00:00:17.950000,0 days 00:00:35.111000,HARD,25.0,2.0,,,1,2.0,False,2024,Australia,R,81.518,28.457,17.95,35.111
NOR,McLaren,39.0,0 days 00:01:21.901000,0 days 00:00:28.746000,0 days 00:00:17.982000,0 days 00:00:35.173000,HARD,26.0,2.0,,,1,2.0,False,2024,Australia,R,81.901,28.746,17.982,35.173
NOR,McLaren,40.0,0 days 00:01:36.023000,0 days 00:00:28.505000,0 days 00:00:17.974000,0 days 00:00:49.544000,HARD,27.0,2.0,0 days 01:54:04.096000,,1,2.0,False,2024,Australia,R,96.023,28.505,17.974,49.544
NOR,McLaren,41.0,0 days 00:01:26.576000,0 days 00:00:33.550000,0 days 00:00:18.013000,0 days 00:00:35.013000,HARD,2.0,3.0,,0 days 01:54:21.717000,1,3.0,False,2024,Australia,R,86.576,33.55,18.013,35.013
NOR,McLaren,42.0,0 days 00:01:21.025000,0 days 00:00:28.317000,0 days 00:00:17.944000,0 days 00:00:34.764000,HARD,3.0,3.0,,,1,3.0,False,2024,Australia,R,81.025,28.317,17.944,34.764
NOR,McLaren,43.0,0 days 00:01:20.652000,0 days 00:00:28.003000,0 days 00:00:17.820000,0 days 00:00:34.829000,HARD,4.0,3.0,,,1,3.0,False,2024,Australia,R,80.652,28.003,17.82,34.829
NOR,McLaren,44.0,0 days 00:01:20.613000,0 days 00:00:28.003000,0 days 00:00:17.820000,0 days 00:00:34.790000,HARD,5.0,3.0,,,1,3.0,False,2024,Australia,R,80.613,28.003,17.82,34.79
NOR,McLaren,45.0,0 days 00:01:20.620000,0 days 00:00:28.171000,0 days 00:00:17.820000,0 days 00:00:34.629000,HARD,6.0,3.0,,,1,3.0,False,2024,Australia,R,80.62,28.171,17.82,34.629
NOR,McLaren,46.0,0 days 00:01:19.971000,0 days 00:00:27.633000,0 days 00:00:17.752000,0 days 00:00:34.586000,HARD,7.0,3.0,,,1,3.0,False,2024,Australia,R,79.971,27.633,17.752,34.586
NOR,McLaren,47.0,0 days 00:01:20.188000,0 days 00:00:27.953000,0 days 00:00:17.790000,0 days 00:00:34.445000,HARD,8.0,3.0,,,1,3.0,False,2024,Australia,R,80.188,27.953,17.79,34.445
NOR,McLaren,48.0,0 days 00:01:20.260000,0 days 00:00:27.979000,0 days 00:00:17.763000,0 days 00:00:34.518000,HARD,9.0,3.0,,,1,3.0,False,2024,Australia,R,80.26,27.979,17.763,34.518
NOR,McLaren,49.0,0 days 00:01:19.915000,0 days 00:00:27.883000,0 days 00:00:17.762000,0 days 00:00:34.270000,HARD,10.0,3.0,,,1,3.0,False,2024,Australia,R,79.915,27.883,17.762,34.27
NOR,McLaren,50.0,0 days 00:01:20.151000,0 days 00:00:27.914000,0 days 00:00:17.768000,0 days 00:00:34.469000,HARD,11.0,3.0,,,1,3.0,False,2024,Australia,R,80.151,27.914,17.768,34.469
NOR,McLaren,51.0,0 days 00:01:20.261000,0 days 00:00:27.985000,0 days 00:00:17.769000,0 days 00:00:34.507000,HARD,12.0,3.0,,,1,3.0,False,2024,Australia,R,80.261,27.985,17.769,34.507
NOR,McLaren,52.0,0 days 00:01:19.959000,0 days 00:00:27.971000,0 days 00:00:17.717000,0 days 00:00:34.271000,HARD,13.0,3.0,,,1,3.0,False,2024,Australia,R,79.959,27.971,17.717,34.271
NOR,McLaren,53.0,0 days 00:01:20.267000,0 days 00:00:27.968000,0 days 00:00:17.810000,0 days 00:00:34.489000,HARD,14.0,3.0,,,1,3.0,False,2024,Australia,R,80.267,27.968,17.81,34.489
NOR,McLaren,54.0,0 days 00:01:20.107000,0 days 00:00:27.907000,0 days 00:00:17.750000,0 days 00:00:34.450000,HARD,15.0,3.0,,,1,3.0,False,2024,Australia,R,80.107,27.907,17.75,34.45
NOR,McLaren,55.0,0 days 00:01:20.294000,0 days 00:00:28.045000,0 days 00:00:17.782000,0 days 00:00:34.467000,HARD,16.0,3.0,,,1,3.0,False,2024,Australia,R,80.294,28.045,17.782,34.467
NOR,McLaren,56.0,0 days 00:01:20.481000,0 days 00:00:28.074000,0 days 00:00:17.779000,0 days 00:00:34.628000,HARD,17.0,3.0,,,1,3.0,False,2024,Australia,R,80.481,28.074,17.779,34.628
NOR,McLaren,57.0,0 days 00:01:20.571000,0 days 00:00:28.153000,0 days 00:00:17.810000,0 days 00:00:34.608000,HARD,18.0,3.0,,,12,3.0,False,2024,Australia,R,80.571,28.153,17.81,34.608
NOR,McLaren,58.0,0 days 00:01:50.655000,0 days 00:00:38.871000,0 days 00:00:29.801000,0 days 00:00:41.983000,HARD,19.0,3.0,,,26,3.0,False,2024,Australia,R,110.655,38.871,29.801,41.983
HAM,Mercedes,1.0,0 days 00:01:33.688000,,0 days 00:00:18.674000,0 days 00:00:36.983000,SOFT,1.0,1.0,,,1,10.0,False,2024,Australia,R,93.688,,18.674,36.983
HAM,Mercedes,2.0,0 days 00:01:24.055000,0 days 00:00:29.971000,0 days 00:00:18.028000,0 days 00:00:36.056000,SOFT,2.0,1.0,,,1,10.0,False,2024,Australia,R,84.055,29.971,18.028,36.056
HAM,Mercedes,3.0,0 days 00:01:23.070000,0 days 00:00:29.083000,0 days 00:00:18.050000,0 days 00:00:35.937000,SOFT,3.0,1.0,,,1,10.0,False,2024,Australia,R,83.07,29.083,18.05,35.937
HAM,Mercedes,4.0,0 days 00:01:23.436000,0 days 00:00:29.088000,0 days 00:00:18.015000,0 days 00:00:36.333000,SOFT,4.0,1.0,,,1,9.0,False,2024,Australia,R,83.436,29.088,18.015,36.333
HAM,Mercedes,5.0,0 days 00:01:23.556000,0 days 00:00:28.930000,0 days 00:00:18.561000,0 days 00:00:36.065000,SOFT,5.0,1.0,,,1,9.0,False,2024,Australia,R,83.556,28.93,18.561,36.065
HAM,Mercedes,6.0,0 days 00:01:23.165000,0 days 00:00:29.165000,0 days 00:00:18.154000,0 days 00:00:35.846000,SOFT,6.0,1.0,,,1,9.0,False,2024,Australia,R,83.165,29.165,18.154,35.846
HAM,Mercedes,7.0,0 days 00:01:36.858000,0 days 00:00:28.973000,0 days 00:00:17.875000,0 days 00:00:50.010000,SOFT,7.0,1.0,0 days 01:08:21.933000,,1,14.0,False,2024,Australia,R,96.858,28.973,17.875,50.01
HAM,Mercedes,8.0,0 days 00:01:28.164000,0 days 00:00:34.166000,0 days 00:00:18.449000,0 days 00:00:35.549000,HARD,1.0,2.0,,0 days 01:08:39.476000,1,13.0,False,2024,Australia,R,88.164,34.166,18.449,35.549
HAM,Mercedes,9.0,0 days 00:01:22.555000,0 days 00:00:28.842000,0 days 00:00:17.977000,0 days 00:00:35.736000,HARD,2.0,2.0,,,1,12.0,False,2024,Australia,R,82.555,28.842,17.977,35.736
HAM,Mercedes,10.0,0 days 00:01:24.295000,0 days 00:00:30.157000,0 days 00:00:18.345000,0 days 00:00:35.793000,HARD,3.0,2.0,,,1,11.0,True,2024,Australia,R,84.295,30.157,18.345,35.793
HAM,Mercedes,11.0,0 days 00:01:22.444000,0 days 00:00:28.718000,0 days 00:00:18.168000,0 days 00:00:35.558000,HARD,4.0,2.0,,,1,11.0,False,2024,Australia,R,82.444,28.718,18.168,35.558
HAM,Mercedes,12.0,0 days 00:01:23.041000,0 days 00:00:29.006000,0 days 00:00:18.193000,0 days 00:00:35.842000,HARD,5.0,2.0,,,1,11.0,False,2024,Australia,R,83.041,29.006,18.193,35.842
HAM,Mercedes,13.0,0 days 00:01:23.246000,0 days 00:00:28.911000,0 days 00:00:18.146000,0 days 00:00:36.189000,HARD,6.0,2.0,,,1,11.0,False,2024,Australia,R,83.246,28.911,18.146,36.189
HAM,Mercedes,14.0,0 days 00:01:22.712000,0 days 00:00:28.876000,0 days 00:00:18.088000,0 days 00:00:35.748000,HARD,7.0,2.0,,,1,11.0,False,2024,Australia,R,82.712,28.876,18.088,35.748
HAM,Mercedes,15.0,0 days 00:01:24.141000,0 days 00:00:29.861000,0 days 00:00:17.993000,0 days 00:00:36.287000,HARD,8.0,2.0,,,1,11.0,False,2024,Australia,R,84.141,29.861,17.993,36.287
HAM,Mercedes,16.0,,,,,HARD,9.0,2.0,,,126,,False,2024,Australia,R,,,,
SAI,Ferrari,1.0,0 days 00:01:28.375000,,0 days 00:00:18.533000,0 days 00:00:35.573000,MEDIUM,1.0,1.0,,,1,2.0,False,2024,Australia,R,88.375,,18.533,35.573
SAI,Ferrari,2.0,0 days 00:01:22.600000,0 days 00:00:29.006000,0 days 00:00:18.026000,0 days 00:00:35.568000,MEDIUM,2.0,1.0,,,1,1.0,False,2024,Australia,R,82.6,29.006,18.026,35.568
SAI,Ferrari,3.0,0 days 00:01:23.006000,0 days 00:00:29.002000,0 days 00:00:18.548000,0 days 00:00:35.456000,MEDIUM,3.0,1.0,,,1,1.0,False,2024,Australia,R,83.006,29.002,18.548,35.456
SAI,Ferrari,4.0,0 days 00:01:22.433000,0 days 00:00:28.643000,0 days 00:00:18.497000,0 days 00:00:35.293000,MEDIUM,4.0,1.0,,,1,1.0,False,2024,Australia,R,82.433,28.643,18.497,35.293
SAI,Ferrari,5.0,0 days 00:01:22.629000,0 days 00:00:28.705000,0 days 00:00:18.504000,0 days 00:00:35.420000,MEDIUM,5.0,1.0,,,1,1.0,False,2024,Australia,R,82.629,28.705,18.504,35.42
SAI,Ferrari,6.0,0 days 00:01:22.572000,0 days 00:00:28.648000,0 days 00:00:18.453000,0 days 00:00:35.471000,MEDIUM,6.0,1.0,,,1,1.0,False,2024,Australia,R,82.572,28.648,18.453,35.471
SAI,Ferrari,7.0,0 days 00:01:22.434000,0 days 00:00:28.670000,0 days 00:00:18.462000,0 days 00:00:35.302000,MEDIUM,7.0,1.0,,,1,1.0,False,2024,Australia,R,82.434,28.67,18.462,35.302
SAI,Ferrari,8.0,0 days 00:01:22.303000,0 days 00:00:28.562000,0 days 00:00:18.397000,0 days 00:00:35.344000,MEDIUM,8.0,1.0,,,1,1.0,False,2024,Australia,R,82.303,28.562,18.397,35.344
SAI,Ferrari,9.0,0 days 00:01:22.025000,0 days 00:00:28.594000,0 days 00:00:18.290000,0 days 00:00:35.141000,MEDIUM,9.0,1.0,,,1,1.0,False,2024,Australia,R,82.025,28.594,18.29,35.141
SAI,Ferrari,10.0,0 days 00:01:21.715000,0 days 00:00:28.426000,0 days 00:00:18.281000,0 days 00:00:35.008000,MEDIUM,10.0,1.0,,,1,1.0,False,2024,Australia,R,81.715,28.426,18.281,35.008
SAI,Ferrari,11.0,0 days 00:01:21.938000,0 days 00:00:28.460000,0 days 00:00:18.272000,0 days 00:00:35.206000,MEDIUM,11.0,1.0,,,1,1.0,False,2024,Australia,R,81.938,28.46,18.272,35.206
SAI,Ferrari,12.0,0 days 00:01:22.175000,0 days 00:00:28.592000,0 days 00:00:18.284000,0 days 00:00:35.299000,MEDIUM,12.0,1.0,,,1,1.0,False,2024,Australia,R,82.175,28.592,18.284,35.299
SAI,Ferrari,13.0,0 days 00:01:22.205000,0 days 00:00:28.595000,0 days 00:00:18.317000,0 days 00:00:35.293000,MEDIUM,13.0,1.0,,,1,1.0,False,2024,Australia,R,82.205,28.595,18.317,35.293
SAI,Ferrari,14.0,0 days 00:01:22.487000,0 days 00:00:28.815000,0 days 00:00:18.261000,0 days 00:00:35.411000,MEDIUM,14.0,1.0,,,1,1.0,False,2024,Australia,R,82.487,28.815,18.261,35.411
SAI,Ferrari,15.0,0 days 00:01:22.620000,0 days 00:00:28.688000,0 days 00:00:18.274000,0 days 00:00:35.658000,MEDIUM,15.0,1.0,,,1,1.0,False,2024,Australia,R,82.62,28.688,18.274,35.658
SAI,Ferrari,16.0,0 days 00:01:36.310000,0 days 00:00:28.715000,0 days 00:00:18.274000,0 days 00:00:49.321000,MEDIUM,16.0,1.0,0 days 01:20:31.925000,,1,1.0,False,2024,Australia,R,96.31,28.715,18.274,49.321
SAI,Ferrari,17.0,0 days 00:01:43.765000,0 days 00:00:34.907000,0 days 00:00:18.380000,0 days 00:00:50.478000,HARD,1.0,2.0,,0 days 01:20:49.444000,126,1.0,False,2024,Australia,R,103.765,34.907,18.38,50.478
SAI,Ferrari,18.0,0 days 00:01:29.930000,0 days 00:00:36.108000,0 days 00:00:18.529000,0 days 00:00:35.293000,HARD,2.0,2.0,,,671,1.0,False,2024,Australia,R,89.93,36.108,18.529,35.293
SAI,Ferrari,19.0,0 days 00:01:21.811000,0 days 00:00:28.284000,0 days 00:00:18.342000,0 days 00:00:35.185000,HARD,3.0,2.0,,,1,1.0,False,2024,Australia,R,81.811,28.284,18.342,35.185
SAI,Ferrari,20.0,0 days 00:01:21.602000,0 days 00:00:28.321000,0 days 00:00:18.274000,0 days 00:00:35.007000,HARD,4.0,2.0,,,1,1.0,False,2024,Australia,R,81.602,28.321,18.274,35.007
SAI,Ferrari,21.0,0 days 00:01:21.931000,0 days 00:00:28.376000,0 days 00:00:18.292000,0 days 00:00:35.263000,HARD,5.0,2.0,,,1,1.0,False,2024,Australia,R,81.931,28.376,18.292,35.263
SAI,Ferrari,22.0,0 days 00:01:21.471000,0 days 00:00:28.277000,0 days 00:00:18.216000,0 days 00:00:34.978000,HARD,6.0,2.0,,,1,1.0,False,2024,Australia,R,81.471,28.277,18.216,34.978
SAI,Ferrari,23.0,0 days 00:01:21.531000,0 days 00:00:28.345000,0 days 00:00:18.162000,0 days 00:00:35.024000,HARD,7.0,2.0,,,1,1.0,False,2024,Australia,R,81.531,28.345,18.162,35.024
SAI,Ferrari,24.0,0 days 00:01:21.458000,0 days 00:00:28.329000,0 days 00:00:18.173000,0 days 00:00:34.956000,HARD,8.0,2.0,,,1,1.0,False,2024,Australia,R,81.458,28.329,18.173,34.956
SAI,Ferrari,25.0,0 days 00:01:21.243000,0 days 00:00:28.229000,0 days 00:00:18.081000,0 days 00:00:34.933000,HARD,9.0,2.0,,,1,1.0,False,2024,Australia,R,81.243,28.229,18.081,34.933
SAI,Ferrari,26.0,0 days 00:01:21.078000,0 days 00:00:28.144000,0 days 00:00:18.086000,0 days 00:00:34.848000,HARD,10.0,2.0,,,1,1.0,False,2024,Australia,R,81.078,28.144,18.086,34.848
SAI,Ferrari,27.0,0 days 00:01:21.457000,0 days 00:00:28.388000,0 days 00:00:18.153000,0 days 00:00:34.916000,HARD,11.0,2.0,,,1,1.0,False,2024,Australia,R,81.457,28.388,18.153,34.916
SAI,Ferrari,28.0,0 days 00:01:21.440000,0 days 00:00:28.279000,0 days 00:00:18.153000,0 days 00:00:35.008000,HARD,12.0,2.0,,,1,1.0,False,2024,Australia,R,81.44,28.279,18.153,35.008
SAI,Ferrari,29.0,0 days 00:01:21.489000,0 days 00:00:28.336000,0 days 00:00:18.131000,0 days 00:00:35.022000,HARD,13.0,2.0,,,1,1.0,False,2024,Australia,R,81.489,28.336,18.131,35.022
SAI,Ferrari,30.0,0 days 00:01:21.623000,0 days 00:00:28.468000,0 days 00:00:18.196000,0 days 00:00:34.959000,HARD,14.0,2.0,,,1,1.0,False,2024,Australia,R,81.623,28.468,18.196,34.959
SAI,Ferrari,31.0,0 days 00:01:21.282000,0 days 00:00:28.215000,0 days 00:00:18.059000,0 days 00:00:35.008000,HARD,15.0,2.0,,,1,1.0,False,2024,Australia,R,81.282,28.215,18.059,35.008
SAI,Ferrari,32.0,0 days 00:01:21.205000,0 days 00:00:28.209000,0 days 00:00:18.107000,0 days 00:00:34.889000,HARD,16.0,2.0,,,1,1.0,False,2024,Australia,R,81.205,28.209,18.107,34.889
SAI,Ferrari,33.0,0 days 00:01:21.495000,0 days 00:00:28.398000,0 days 00:00:18.086000,0 days 00:00:35.011000,HARD,17.0,2.0,,,1,1.0,False,2024,Australia,R,81.495,28.398,18.086,35.011
SAI,Ferrari,34.0,0 days 00:01:21.717000,0 days 00:00:28.512000,0 days 00:00:18.103000,0 days 00:00:35.102000,HARD,18.0,2.0,,,1,1.0,False,2024,Australia,R,81.717,28.512,18.103,35.102
SAI,Ferrari,35.0,0 days 00:01:21.721000,0 days 00:00:28.432000,0 days 00:00:18.105000,0 days 00:00:35.184000,HARD,19.0,2.0,,,1,1.0,False,2024,Australia,R,81.721,28.432,18.105,35.184
SAI,Ferrari,36.0,0 days 00:01:22.018000,0 days 00:00:28.557000,0 days 00:00:18.086000,0 days 00:00:35.375000,HARD,20.0,2.0,,,1,1.0,False,2024,Australia,R,82.018,28.557,18.086,35.375
SAI,Ferrari,37.0,0 days 00:01:21.971000,0 days 00:00:28.542000,0 days 00:00:18.047000,0 days 00:00:35.382000,HARD,21.0,2.0,,,1,1.0,False,2024,Australia,R,81.971,28.542,18.047,35.382
SAI,Ferrari,38.0,0 days 00:01:21.412000,0 days 00:00:28.380000,0 days 00:00:18.048000,0 days 00:00:34.984000,HARD,22.0,2.0,,,1,1.0,False,2024,Australia,R,81.412,28.38,18.048,34.984
SAI,Ferrari,39.0,0 days 00:01:21.554000,0 days 00:00:28.367000,0 days 00:00:18.153000,0 days 00:00:35.034000,HARD,23.0,2.0,,,1,1.0,False,2024,Australia,R,81.554,28.367,18.153,35.034
SAI,Ferrari,40.0,0 days 00:01:21.443000,0 days 00:00:28.400000,0 days 00:00:18.024000,0 days 00:00:35.019000,HARD,24.0,2.0,,,1,1.0,False,2024,Australia,R,81.443,28.4,18.024,35.019
SAI,Ferrari,41.0,0 days 00:01:35.510000,0 days 00:00:28.241000,0 days 00:00:18.016000,0 days 00:00:49.253000,HARD,25.0,2.0,0 days 01:55:14.881000,,1,1.0,False,2024,Australia,R,95.51,28.241,18.016,49.253
SAI,Ferrari,42.0,0 days 00:01:27.215000,0 days 00:00:33.986000,0 days 00:00:18.315000,0 days 00:00:34.914000,HARD,1.0,3.0,,0 days 01:55:32.586000,1,1.0,False,2024,Australia,R,87.215,33.986,18.315,34.914
SAI,Ferrari,43.0,0 days 00:01:20.730000,0 days 00:00:27.993000,0 days 00:00:18.040000,0 days 00:00:34.697000,HARD,2.0,3.0,,,1,1.0,False,2024,Australia,R,80.73,27.993,18.04,34.697
SAI,Ferrari,44.0,0 days 00:01:20.767000,0 days 00:00:28.014000,0 days 00:00:18.073000,0 days 00:00:34.680000,HARD,3.0,3.0,,,1,1.0,False,2024,Australia,R,80.767,28.014,18.073,34.68
SAI,Ferrari,45.0,0 days 00:01:20.223000,0 days 00:00:27.853000,0 days 00:00:17.961000,0 days 00:00:34.409000,HARD,4.0,3.0,,,1,1.0,False,2024,Australia,R,80.223,27.853,17.961,34.409
SAI,Ferrari,46.0,0 days 00:01:20.374000,0 days 00:00:27.945000,0 days 00:00:17.998000,0 days 00:00:34.431000,HARD,5.0,3.0,,,1,1.0,False,2024,Australia,R,80.374,27.945,17.998,34.431
SAI,Ferrari,47.0,0 days 00:01:20.203000,0 days 00:00:27.870000,0 days 00:00:17.958000,0 days 00:00:34.375000,HARD,6.0,3.0,,,1,1.0,False,2024,Australia,R,80.203,27.87,17.958,34.375
SAI,Ferrari,48.0,0 days 00:01:20.031000,0 days 00:00:27.935000,0 days 00:00:17.884000,0 days 00:00:34.212000,HARD,7.0,3.0,,,1,1.0,False,2024,Australia,R,80.031,27.935,17.884,34.212
SAI,Ferrari,49.0,0 days 00:01:20.281000,0 days 00:00:28.046000,0 days 00:00:17.897000,0 days 00:00:34.338000,HARD,8.0,3.0,,,1,1.0,False,2024,Australia,R,80.281,28.046,17.897,34.338
SAI,Ferrari,50.0,0 days 00:01:20.450000,0 days 00:00:28.157000,0 days 00:00:17.919000,0 days 00:00:34.374000,HARD,9.0,3.0,,,1,1.0,False,2024,Australia,R,80.45,28.157,17.919,34.374
SAI,Ferrari,51.0,0 days 00:01:20.083000,0 days 00:00:27.905000,0 days 00:00:17.821000,0 days 00:00:34.357000,HARD,10.0,3.0,,,1,1.0,False,2024,Australia,R,80.083,27.905,17.821,34.357
SAI,Ferrari,52.0,0 days 00:01:20.209000,0 days 00:00:27.963000,0 days 00:00:17.912000,0 days 00:00:34.334000,HARD,11.0,3.0,,,1,1.0,False,2024,Australia,R,80.209,27.963,17.912,34.334
SAI,Ferrari,53.0,0 days 00:01:20.615000,0 days 00:00:27.962000,0 days 00:00:17.926000,0 days 00:00:34.727000,HARD,12.0,3.0,,,1,1.0,False,2024,Australia,R,80.615,27.962,17.926,34.727
SAI,Ferrari,54.0,0 days 00:01:20.582000,0 days 00:00:28.193000,0 days 00:00:17.922000,0 days 00:00:34.467000,HARD,13.0,3.0,,,1,1.0,False,2024,Australia,R,80.582,28.193,17.922,34.467
SAI,Ferrari,55.0,0 days 00:01:20.753000,0 days 00:00:28.132000,0 days 00:00:17.897000,0 days 00:00:34.724000,HARD,14.0,3.0,,,1,1.0,False,2024,Australia,R,80.753,28.132,17.897,34.724
SAI,Ferrari,56.0,0 days 00:01:21.098000,0 days 00:00:28.091000,0 days 00:00:18,0 days 00:00:35.007000,HARD,15.0,3.0,,,1,1.0,False,2024,Australia,R,81.098,28.091,18.0,35.007
SAI,Ferrari,57.0,0 days 00:01:20.882000,0 days 00:00:28.011000,0 days 00:00:18.062000,0 days 00:00:34.809000,HARD,16.0,3.0,,,1,1.0,False,2024,Australia,R,80.882,28.011,18.062,34.809
SAI,Ferrari,58.0,0 days 00:01:51.363000,0 days 00:00:35.021000,0 days 00:00:33.818000,0 days 00:00:42.524000,HARD,17.0,3.0,,,126,1.0,False,2024,Australia,R,111.363,35.021,33.818,42.524
RUS,Mercedes,1.0,0 days 00:01:31.910000,,0 days 00:00:18.460000,0 days 00:00:36.821000,MEDIUM,1.0,1.0,,,1,6.0,False,2024,Australia,R,91.91,,18.46,36.821
RUS,Mercedes,2.0,0 days 00:01:23.347000,0 days 00:00:29.070000,0 days 00:00:18.099000,0 days 00:00:36.178000,MEDIUM,2.0,1.0,,,1,6.0,False,2024,Australia,R,83.347,29.07,18.099,36.178
RUS,Mercedes,3.0,0 days 00:01:23.037000,0 days 00:00:28.745000,0 days 00:00:18.137000,0 days 00:00:36.155000,MEDIUM,3.0,1.0,,,1,6.0,False,2024,Australia,R,83.037,28.745,18.137,36.155
RUS,Mercedes,4.0,0 days 00:01:23.571000,0 days 00:00:28.894000,0 days 00:00:18.318000,0 days 00:00:36.359000,MEDIUM,4.0,1.0,,,1,5.0,False,2024,Australia,R,83.571,28.894,18.318,36.359
RUS,Mercedes,5.0,0 days 00:01:23.172000,0 days 00:00:28.763000,0 days 00:00:18.297000,0 days 00:00:36.112000,MEDIUM,5.0,1.0,,,1,5.0,False,2024,Australia,R,83.172,28.763,18.297,36.112
RUS,Mercedes,6.0,0 days 00:01:23.119000,0 days 00:00:28.725000,0 days 00:00:18.354000,0 days 00:00:36.040000,MEDIUM,6.0,1.0,,,1,5.0,False,2024,Australia,R,83.119,28.725,18.354,36.04
RUS,Mercedes,7.0,0 days 00:01:22.764000,0 days 00:00:28.797000,0 days 00:00:18.279000,0 days 00:00:35.688000,MEDIUM,7.0,1.0,,,1,5.0,False,2024,Australia,R,82.764,28.797,18.279,35.688
RUS,Mercedes,8.0,0 days 00:01:36.920000,0 days 00:00:28.679000,0 days 00:00:18.251000,0 days 00:00:49.990000,MEDIUM,8.0,1.0,0 days 01:09:41.471000,,1,11.0,False,2024,Australia,R,96.92,28.679,18.251,49.99
RUS,Mercedes,9.0,0 days 00:01:28.331000,0 days 00:00:34.115000,0 days 00:00:18.468000,0 days 00:00:35.748000,HARD,1.0,2.0,,0 days 01:09:59.414000,1,10.0,False,2024,Australia,R,88.331,34.115,18.468,35.748
RUS,Mercedes,10.0,0 days 00:01:22.737000,0 days 00:00:28.814000,0 days 00:00:18.308000,0 days 00:00:35.615000,HARD,2.0,2.0,,,1,9.0,False,2024,Australia,R,82.737,28.814,18.308,35.615
RUS,Mercedes,11.0,0 days 00:01:22.716000,0 days 00:00:28.731000,0 days 00:00:18.303000,0 days 00:00:35.682000,HARD,3.0,2.0,,,1,9.0,False,2024,Australia,R,82.716,28.731,18.303,35.682
RUS,Mercedes,12.0,0 days 00:01:23.022000,0 days 00:00:28.851000,0 days 00:00:18.243000,0 days 00:00:35.928000,HARD,4.0,2.0,,,1,9.0,False,2024,Australia,R,83.022,28.851,18.243,35.928
RUS,Mercedes,13.0,0 days 00:01:23.438000,0 days 00:00:28.946000,0 days 00:00:18.222000,0 days 00:00:36.270000,HARD,5.0,2.0,,,1,9.0,False,2024,Australia,R,83.438,28.946,18.222,36.27
RUS,Mercedes,14.0,0 days 00:01:23.390000,0 days 00:00:29.168000,0 days 00:00:17.923000,0 days 00:00:36.299000,HARD,6.0,2.0,,,1,9.0,False,2024,Australia,R,83.39,29.168,17.923,36.299
RUS,Mercedes,15.0,0 days 00:01:24.086000,0 days 00:00:29.392000,0 days 00:00:18.140000,0 days 00:00:36.554000,HARD,7.0,2.0,,,1,8.0,False,2024,Australia,R,84.086,29.392,18.14,36.554
RUS,Mercedes,16.0,0 days 00:01:23.366000,0 days 00:00:28.959000,0 days 00:00:17.999000,0 days 00:00:36.408000,HARD,8.0,2.0,,,1,7.0,False,2024,Australia,R,83.366,28.959,17.999,36.408
RUS,Mercedes,17.0,0 days 00:01:41.485000,0 days 00:00:28.891000,0 days 00:00:25.542000,0 days 00:00:47.052000,HARD,9.0,2.0,,,1267,6.0,False,2024,Australia,R,101.485,28.891,25.542,47.052
RUS,Mercedes,18.0,0 days 00:01:27.166000,0 days 00:00:33.098000,0 days 00:00:18.270000,0 days 00:00:35.798000,HARD,10.0,2.0,,,71,6.0,False,2024,Australia,R,87.166,33.098,18.27,35.798
RUS,Mercedes,19.0,0 days 00:01:22.400000,0 days 00:00:28.473000,0 days 00:00:18.213000,0 days 00:00:35.714000,HARD,11.0,2.0,,,1,6.0,False,2024,Australia,R,82.4,28.473,18.213,35.714
RUS,Mercedes,20.0,0 days 00:01:22.434000,0 days 00:00:28.564000,0 days 00:00:18.253000,0 days 00:00:35.617000,HARD,12.0,2.0,,,1,6.0,False,2024,Australia,R,82.434,28.564,18.253,35.617
RUS,Mercedes,21.0,0 days 00:01:23.429000,0 days 00:00:28.421000,0 days 00:00:18.160000,0 days 00:00:36.848000,HARD,13.0,2.0,,,1,7.0,False,2024,Australia,R,83.429,28.421,18.16,36.848
RUS,Mercedes,22.0,0 days 00:01:22.838000,0 days 00:00:28.819000,0 days 00:00:18.206000,0 days 00:00:35.813000,HARD,14.0,2.0,,,1,7.0,False,2024,Australia,R,82.838,28.819,18.206,35.813
RUS,Mercedes,23.0,0 days 00:01:23.012000,0 days 00:00:28.852000,0 days 00:00:18.200000,0 days 00:00:35.960000,HARD,15.0,2.0,,,1,7.0,False,2024,Australia,R,83.012,28.852,18.2,35.96
RUS,Mercedes,24.0,0 days 00:01:22.942000,0 days 00:00:28.776000,0 days 00:00:18.226000,0 days 00:00:35.940000,HARD,16.0,2.0,,,1,7.0,False,2024,Australia,R,82.942,28.776,18.226,35.94
RUS,Mercedes,25.0,0 days 00:01:22.703000,0 days 00:00:28.600000,0 days 00:00:18.194000,0 days 00:00:35.909000,HARD,17.0,2.0,,,1,7.0,False,2024,Australia,R,82.703,28.6,18.194,35.909
RUS,Mercedes,26.0,0 days 00:01:22.885000,0 days 00:00:28.744000,0 days 00:00:18.305000,0 days 00:00:35.836000,HARD,18.0,2.0,,,1,7.0,False,2024,Australia,R,82.885,28.744,18.305,35.836
RUS,Mercedes,27.0,0 days 00:01:23.138000,0 days 00:00:28.879000,0 days 00:00:18.293000,0 days 00:00:35.966000,HARD,19.0,2.0,,,1,7.0,False,2024,Australia,R,83.138,28.879,18.293,35.966
RUS,Mercedes,28.0,0 days 00:01:23.096000,0 days 00:00:28.885000,0 days 00:00:18.342000,0 days 00:00:35.869000,HARD,20.0,2.0,,,1,7.0,False,2024,Australia,R,83.096,28.885,18.342,35.869
RUS,Mercedes,29.0,0 days 00:01:22.663000,0 days 00:00:28.822000,0 days 00:00:18.238000,0 days 00:00:35.603000,HARD,21.0,2.0,,,1,7.0,False,2024,Australia,R,82.663,28.822,18.238,35.603
RUS,Mercedes,30.0,0 days 00:01:22.663000,0 days 00:00:28.614000,0 days 00:00:18.224000,0 days 00:00:35.825000,HARD,22.0,2.0,,,1,7.0,False,2024,Australia,R,82.663,28.614,18.224,35.825
RUS,Mercedes,31.0,0 days 00:01:22.515000,0 days 00:00:28.718000,0 days 00:00:18.249000,0 days 00:00:35.548000,HARD,23.0,2.0,,,1,7.0,False,2024,Australia,R,82.515,28.718,18.249,35.548
RUS,Mercedes,32.0,0 days 00:01:22.710000,0 days 00:00:28.773000,0 days 00:00:18.307000,0 days 00:00:35.630000,HARD,24.0,2.0,,,1,7.0,False,2024,Australia,R,82.71,28.773,18.307,35.63
RUS,Mercedes,33.0,0 days 00:01:22.461000,0 days 00:00:28.591000,0 days 00:00:18.249000,0 days 00:00:35.621000,HARD,25.0,2.0,,,1,7.0,False,2024,Australia,R,82.461,28.591,18.249,35.621
RUS,Mercedes,34.0,0 days 00:01:22.353000,0 days 00:00:28.601000,0 days 00:00:18.210000,0 days 00:00:35.542000,HARD,26.0,2.0,,,1,7.0,False,2024,Australia,R,82.353,28.601,18.21,35.542
RUS,Mercedes,35.0,0 days 00:01:22.591000,0 days 00:00:28.764000,0 days 00:00:18.197000,0 days 00:00:35.630000,HARD,27.0,2.0,,,1,6.0,False,2024,Australia,R,82.591,28.764,18.197,35.63
RUS,Mercedes,36.0,0 days 00:01:22.537000,0 days 00:00:28.607000,0 days 00:00:18.165000,0 days 00:00:35.765000,HARD,28.0,2.0,,,1,6.0,False,2024,Australia,R,82.537,28.607,18.165,35.765
RUS,Mercedes,37.0,0 days 00:01:22.408000,0 days 00:00:28.510000,0 days 00:00:18.147000,0 days 00:00:35.751000,HARD,29.0,2.0,,,1,6.0,False,2024,Australia,R,82.408,28.51,18.147,35.751
RUS,Mercedes,38.0,0 days 00:01:22.175000,0 days 00:00:28.493000,0 days 00:00:18.082000,0 days 00:00:35.600000,HARD,30.0,2.0,,,1,6.0,False,2024,Australia,R,82.175,28.493,18.082,35.6
RUS,Mercedes,39.0,0 days 00:01:22.167000,0 days 00:00:28.472000,0 days 00:00:18.104000,0 days 00:00:35.591000,HARD,31.0,2.0,,,1,6.0,False,2024,Australia,R,82.167,28.472,18.104,35.591
RUS,Mercedes,40.0,0 days 00:01:22.473000,0 days 00:00:28.756000,0 days 00:00:18.009000,0 days 00:00:35.708000,HARD,32.0,2.0,,,1,6.0,False,2024,Australia,R,82.473,28.756,18.009,35.708
RUS,Mercedes,41.0,0 days 00:01:22.319000,0 days 00:00:28.561000,0 days 00:00:17.981000,0 days 00:00:35.777000,HARD,33.0,2.0,,,1,5.0,False,2024,Australia,R,82.319,28.561,17.981,35.777
RUS,Mercedes,42.0,0 days 00:01:22.257000,0 days 00:00:28.651000,0 days 00:00:18.023000,0 days 00:00:35.583000,HARD,34.0,2.0,,,1,5.0,False,2024,Australia,R,82.257,28.651,18.023,35.583
RUS,Mercedes,43.0,0 days 00:01:22.111000,0 days 00:00:28.479000,0 days 00:00:18.027000,0 days 00:00:35.605000,HARD,35.0,2.0,,,1,5.0,False,2024,Australia,R,82.111,28.479,18.027,35.605
RUS,Mercedes,44.0,0 days 00:01:22.097000,0 days 00:00:28.459000,0 days 00:00:18.060000,0 days 00:00:35.578000,HARD,36.0,2.0,,,1,5.0,False,2024,Australia,R,82.097,28.459,18.06,35.578
RUS,Mercedes,45.0,0 days 00:01:36.343000,0 days 00:00:28.436000,0 days 00:00:18.042000,0 days 00:00:49.865000,HARD,37.0,2.0,0 days 02:01:25.030000,,1,6.0,False,2024,Australia,R,96.343,28.436,18.042,49.865
RUS,Mercedes,46.0,0 days 00:01:26.434000,0 days 00:00:33.556000,0 days 00:00:17.996000,0 days 00:00:34.882000,HARD,1.0,3.0,,0 days 02:01:42.825000,1,7.0,False,2024,Australia,R,86.434,33.556,17.996,34.882
RUS,Mercedes,47.0,0 days 00:01:20.326000,0 days 00:00:27.721000,0 days 00:00:17.919000,0 days 00:00:34.686000,HARD,2.0,3.0,,,1,7.0,False,2024,Australia,R,80.326,27.721,17.919,34.686
RUS,Mercedes,48.0,0 days 00:01:20.739000,0 days 00:00:27.983000,0 days 00:00:17.916000,0 days 00:00:34.840000,HARD,3.0,3.0,,,1,7.0,False,2024,Australia,R,80.739,27.983,17.916,34.84
RUS,Mercedes,49.0,0 days 00:01:20.808000,0 days 00:00:27.856000,0 days 00:00:17.993000,0 days 00:00:34.959000,HARD,4.0,3.0,,,1,7.0,False,2024,Australia,R,80.808,27.856,17.993,34.959
RUS,Mercedes,50.0,0 days 00:01:20.982000,0 days 00:00:28.097000,0 days 00:00:17.951000,0 days 00:00:34.934000,HARD,5.0,3.0,,,1,7.0,False,2024,Australia,R,80.982,28.097,17.951,34.934
RUS,Mercedes,51.0,0 days 00:01:20.695000,0 days 00:00:27.913000,0 days 00:00:17.919000,0 days 00:00:34.863000,HARD,6.0,3.0,,,1,7.0,False,2024,Australia,R,80.695,27.913,17.919,34.863
RUS,Mercedes,52.0,0 days 00:01:20.529000,0 days 00:00:27.848000,0 days 00:00:17.927000,0 days 00:00:34.754000,HARD,7.0,3.0,,,1,7.0,False,2024,Australia,R,80.529,27.848,17.927,34.754
RUS,Mercedes,53.0,0 days 00:01:20.284000,0 days 00:00:27.824000,0 days 00:00:17.716000,0 days 00:00:34.744000,HARD,8.0,3.0,,,1,7.0,False,2024,Australia,R,80.284,27.824,17.716,34.744
RUS,Mercedes,54.0,0 days 00:01:21.194000,0 days 00:00:28.025000,0 days 00:00:17.764000,0 days 00:00:35.405000,HARD,9.0,3.0,,,1,7.0,False,2024,Australia,R,81.194,28.025,17.764,35.405
RUS,Mercedes,55.0,0 days 00:01:20.791000,0 days 00:00:28.079000,0 days 00:00:17.783000,0 days 00:00:34.929000,HARD,10.0,3.0,,,1,7.0,False,2024,Australia,R,80.791,28.079,17.783,34.929
RUS,Mercedes,56.0,0 days 00:01:20.655000,0 days 00:00:27.884000,0 days 00:00:17.610000,0 days 00:00:35.161000,HARD,11.0,3.0,,,1,7.0,False,2024,Australia,R,80.655,27.884,17.61,35.161
RUS,Mercedes,57.0,,,,,HARD,12.0,3.0,,,126,,False,2024,Australia,R,,,,
BOT,Kick Sauber,1.0,0 days 00:01:34.763000,,0 days 00:00:18.782000,0 days 00:00:37.741000,MEDIUM,2.0,1.0,,,1,12.0,False,2024,Australia,R,94.763,,18.782,37.741
BOT,Kick Sauber,2.0,0 days 00:01:24.344000,0 days 00:00:29.948000,0 days 00:00:18.320000,0 days 00:00:36.076000,MEDIUM,3.0,1.0,,,1,12.0,False,2024,Australia,R,84.344,29.948,18.32,36.076
BOT,Kick Sauber,3.0,0 days 00:01:23.272000,0 days 00:00:29.099000,0 days 00:00:18.153000,0 days 00:00:36.020000,MEDIUM,4.0,1.0,,,1,12.0,False,2024,Australia,R,83.272,29.099,18.153,36.02
BOT,Kick Sauber,4.0,0 days 00:01:23.705000,0 days 00:00:29.226000,0 days 00:00:18.314000,0 days 00:00:36.165000,MEDIUM,5.0,1.0,,,1,11.0,False,2024,Australia,R,83.705,29.226,18.314,36.165
BOT,Kick Sauber,5.0,0 days 00:01:23.560000,0 days 00:00:29.365000,0 days 00:00:18.397000,0 days 00:00:35.798000,MEDIUM,6.0,1.0,,,1,11.0,False,2024,Australia,R,83.56,29.365,18.397,35.798
BOT,Kick Sauber,6.0,0 days 00:01:23.122000,0 days 00:00:29.091000,0 days 00:00:18.070000,0 days 00:00:35.961000,MEDIUM,7.0,1.0,,,1,11.0,False,2024,Australia,R,83.122,29.091,18.07,35.961
BOT,Kick Sauber,7.0,0 days 00:01:23.738000,0 days 00:00:29.154000,0 days 00:00:18.416000,0 days 00:00:36.168000,MEDIUM,8.0,1.0,,,1,10.0,False,2024,Australia,R,83.738,29.154,18.416,36.168
BOT,Kick Sauber,8.0,0 days 00:02:06.645000,0 days 00:00:28.925000,0 days 00:00:18.345000,0 days 00:01:19.375000,MEDIUM,9.0,1.0,0 days 01:09:47.841000,,1,18.0,False,2024,Australia,R,126.645,28.925,18.345,79.375
BOT,Kick Sauber,9.0,0 days 00:01:29.919000,0 days 00:00:35.107000,0 days 00:00:18.847000,0 days 00:00:35.965000,HARD,2.0,2.0,,0 days 01:10:34.759000,1,18.0,False,2024,Australia,R,89.919,35.107,18.847,35.965
BOT,Kick Sauber,10.0,0 days 00:01:23.161000,0 days 00:00:28.850000,0 days 00:00:18.575000,0 days 00:00:35.736000,HARD,3.0,2.0,,,1,18.0,False,2024,Australia,R,83.161,28.85,18.575,35.736
BOT,Kick Sauber,11.0,0 days 00:01:23.440000,0 days 00:00:28.853000,0 days 00:00:18.677000,0 days 00:00:35.910000,HARD,4.0,2.0,,,1,18.0,False,2024,Australia,R,83.44,28.853,18.677,35.91
BOT,Kick Sauber,12.0,0 days 00:01:22.976000,0 days 00:00:28.889000,0 days 00:00:18.482000,0 days 00:00:35.605000,HARD,5.0,2.0,,,1,18.0,False,2024,Australia,R,82.976,28.889,18.482,35.605
BOT,Kick Sauber,13.0,0 days 00:01:23.159000,0 days 00:00:28.879000,0 days 00:00:18.418000,0 days 00:00:35.862000,HARD,6.0,2.0,,,1,18.0,False,2024,Australia,R,83.159,28.879,18.418,35.862
BOT,Kick Sauber,14.0,0 days 00:01:23.395000,0 days 00:00:29.007000,0 days 00:00:18.558000,0 days 00:00:35.830000,HARD,7.0,2.0,,,1,18.0,False,2024,Australia,R,83.395,29.007,18.558,35.83
BOT,Kick Sauber,15.0,0 days 00:01:23.329000,0 days 00:00:28.830000,0 days 00:00:18.473000,0 days 00:00:36.026000,HARD,8.0,2.0,,,1,18.0,False,2024,Australia,R,83.329,28.83,18.473,36.026
BOT,Kick Sauber,16.0,0 days 00:01:24.119000,0 days 00:00:28.705000,0 days 00:00:18.421000,0 days 00:00:36.993000,HARD,9.0,2.0,,,126,17.0,False,2024,Australia,R,84.119,28.705,18.421,36.993
BOT,Kick Sauber,17.0,0 days 00:01:45.281000,0 days 00:00:42.408000,0 days 00:00:25.035000,0 days 00:00:37.838000,HARD,10.0,2.0,,,671,16.0,False,2024,Australia,R,105.281,42.408,25.035,37.838
BOT,Kick Sauber,18.0,0 days 00:01:22.609000,0 days 00:00:28.692000,0 days 00:00:18.311000,0 days 00:00:35.606000,HARD,11.0,2.0,,,1,16.0,False,2024,Australia,R,82.609,28.692,18.311,35.606
BOT,Kick Sauber,19.0,0 days 00:01:22.597000,0 days 00:00:28.561000,0 days 00:00:18.349000,0 days 00:00:35.687000,HARD,12.0,2.0,,,1,16.0,False,2024,Australia,R,82.597,28.561,18.349,35.687
BOT,Kick Sauber,20.0,0 days 00:01:22.694000,0 days 00:00:28.723000,0 days 00:00:18.441000,0 days 00:00:35.530000,HARD,13.0,2.0,,,1,16.0,False,2024,Australia,R,82.694,28.723,18.441,35.53
BOT,Kick Sauber,21.0,0 days 00:01:22.439000,0 days 00:00:28.649000,0 days 00:00:18.320000,0 days 00:00:35.470000,HARD,14.0,2.0,,,1,16.0,False,2024,Australia,R,82.439,28.649,18.32,35.47
BOT,Kick Sauber,22.0,0 days 00:01:22.722000,0 days 00:00:28.696000,0 days 00:00:18.373000,0 days 00:00:35.653000,HARD,15.0,2.0,,,1,16.0,False,2024,Australia,R,82.722,28.696,18.373,35.653
BOT,Kick Sauber,23.0,0 days 00:01:22.340000,0 days 00:00:28.619000,0 days 00:00:18.290000,0 days 00:00:35.431000,HARD,16.0,2.0,,,1,16.0,False,2024,Australia,R,82.34,28.619,18.29,35.431
BOT,Kick Sauber,24.0,0 days 00:01:22.910000,0 days 00:00:28.931000,0 days 00:00:18.349000,0 days 00:00:35.630000,HARD,17.0,2.0,,,1,16.0,False,2024,Australia,R,82.91,28.931,18.349,35.63
BOT,Kick Sauber,25.0,0 days 00:01:22.551000,0 days 00:00:28.758000,0 days 00:00:18.280000,0 days 00:00:35.513000,HARD,18.0,2.0,,,1,16.0,False,2024,Australia,R,82.551,28.758,18.28,35.513
BOT,Kick Sauber,26.0,0 days 00:01:23.067000,0 days 00:00:28.904000,0 days 00:00:18.384000,0 days 00:00:35.779000,HARD,19.0,2.0,,,1,16.0,False,2024,Australia,R,83.067,28.904,18.384,35.779
BOT,Kick Sauber,27.0,0 days 00:01:22.934000,0 days 00:00:28.816000,0 days 00:00:18.434000,0 days 00:00:35.684000,HARD,20.0,2.0,,,1,16.0,False,2024,Australia,R,82.934,28.816,18.434,35.684
BOT,Kick Sauber,28.0,0 days 00:01:22.948000,0 days 00:00:28.842000,0 days 00:00:18.393000,0 days 00:00:35.713000,HARD,21.0,2.0,,,1,16.0,False,2024,Australia,R,82.948,28.842,18.393,35.713
BOT,Kick Sauber,29.0,0 days 00:01:22.835000,0 days 00:00:28.797000,0 days 00:00:18.325000,0 days 00:00:35.713000,HARD,22.0,2.0,,,1,16.0,False,2024,Australia,R,82.835,28.797,18.325,35.713
BOT,Kick Sauber,30.0,0 days 00:01:22.998000,0 days 00:00:28.746000,0 days 00:00:18.429000,0 days 00:00:35.823000,HARD,23.0,2.0,,,1,15.0,False,2024,Australia,R,82.998,28.746,18.429,35.823
BOT,Kick Sauber,31.0,0 days 00:01:23.010000,0 days 00:00:28.842000,0 days 00:00:18.500000,0 days 00:00:35.668000,HARD,24.0,2.0,,,1,15.0,False,2024,Australia,R,83.01,28.842,18.5,35.668
BOT,Kick Sauber,32.0,0 days 00:01:22.897000,0 days 00:00:28.941000,0 days 00:00:18.313000,0 days 00:00:35.643000,HARD,25.0,2.0,,,1,15.0,False,2024,Australia,R,82.897,28.941,18.313,35.643
BOT,Kick Sauber,33.0,0 days 00:01:22.851000,0 days 00:00:28.880000,0 days 00:00:18.328000,0 days 00:00:35.643000,HARD,26.0,2.0,,,1,15.0,False,2024,Australia,R,82.851,28.88,18.328,35.643
BOT,Kick Sauber,34.0,0 days 00:01:26.453000,0 days 00:00:31.308000,0 days 00:00:18.233000,0 days 00:00:36.912000,HARD,27.0,2.0,,,1,15.0,False,2024,Australia,R,86.453,31.308,18.233,36.912
BOT,Kick Sauber,35.0,0 days 00:01:23.446000,0 days 00:00:29.157000,0 days 00:00:18.464000,0 days 00:00:35.825000,HARD,28.0,2.0,,,1,14.0,False,2024,Australia,R,83.446,29.157,18.464,35.825
BOT,Kick Sauber,36.0,0 days 00:01:38.523000,0 days 00:00:29.081000,0 days 00:00:18.305000,0 days 00:00:51.137000,HARD,29.0,2.0,0 days 01:49:47.534000,,1,16.0,False,2024,Australia,R,98.523,29.081,18.305,51.137
BOT,Kick Sauber,37.0,0 days 00:01:28.154000,0 days 00:00:34.499000,0 days 00:00:18.486000,0 days 00:00:35.169000,HARD,1.0,3.0,,0 days 01:50:06.404000,1,16.0,False,2024,Australia,R,88.154,34.499,18.486,35.169
BOT,Kick Sauber,38.0,0 days 00:01:21.755000,0 days 00:00:28.421000,0 days 00:00:18.251000,0 days 00:00:35.083000,HARD,2.0,3.0,,,1,16.0,False,2024,Australia,R,81.755,28.421,18.251,35.083
BOT,Kick Sauber,39.0,0 days 00:01:21.646000,0 days 00:00:28.382000,0 days 00:00:18.300000,0 days 00:00:34.964000,HARD,3.0,3.0,,,1,16.0,False,2024,Australia,R,81.646,28.382,18.3,34.964
BOT,Kick Sauber,40.0,0 days 00:01:21.533000,0 days 00:00:28.298000,0 days 00:00:18.215000,0 days 00:00:35.020000,HARD,4.0,3.0,,,1,16.0,False,2024,Australia,R,81.533,28.298,18.215,35.02
BOT,Kick Sauber,41.0,0 days 00:01:22.008000,0 days 00:00:28.575000,0 days 00:00:18.187000,0 days 00:00:35.246000,HARD,5.0,3.0,,,1,16.0,False,2024,Australia,R,82.008,28.575,18.187,35.246
BOT,Kick Sauber,42.0,0 days 00:01:25.180000,0 days 00:00:30.103000,0 days 00:00:18.136000,0 days 00:00:36.941000,HARD,6.0,3.0,,,1,15.0,False,2024,Australia,R,85.18,30.103,18.136,36.941
BOT,Kick Sauber,43.0,0 days 00:01:22.889000,0 days 00:00:28.615000,0 days 00:00:18.510000,0 days 00:00:35.764000,HARD,7.0,3.0,,,1,15.0,False,2024,Australia,R,82.889,28.615,18.51,35.764
BOT,Kick Sauber,44.0,0 days 00:01:23.241000,0 days 00:00:29.234000,0 days 00:00:18.562000,0 days 00:00:35.445000,HARD,8.0,3.0,,,1,15.0,False,2024,Australia,R,83.241,29.234,18.562,35.445
BOT,Kick Sauber,45.0,0 days 00:01:21.711000,0 days 00:00:28.591000,0 days 00:00:18.183000,0 days 00:00:34.937000,HARD,9.0,3.0,,,1,15.0,False,2024,Australia,R,81.711,28.591,18.183,34.937
BOT,Kick Sauber,46.0,0 days 00:01:21.554000,0 days 00:00:28.351000,0 days 00:00:18.097000,0 days 00:00:35.106000,HARD,10.0,3.0,,,1,15.0,False,2024,Australia,R,81.554,28.351,18.097,35.106
BOT,Kick Sauber,47.0,0 days 00:01:21.583000,0 days 00:00:28.425000,0 days 00:00:18.156000,0 days 00:00:35.002000,HARD,11.0,3.0,,,1,15.0,False,2024,Australia,R,81.583,28.425,18.156,35.002
BOT,Kick Sauber,48.0,0 days 00:01:21.422000,0 days 00:00:28.327000,0 days 00:00:18.104000,0 days 00:00:34.991000,HARD,12.0,3.0,,,1,15.0,False,2024,Australia,R,81.422,28.327,18.104,34.991
BOT,Kick Sauber,49.0,0 days 00:01:21.457000,0 days 00:00:28.314000,0 days 00:00:18.137000,0 days 00:00:35.006000,HARD,13.0,3.0,,,1,15.0,False,2024,Australia,R,81.457,28.314,18.137,35.006
BOT,Kick Sauber,50.0,0 days 00:01:23.898000,0 days 00:00:29.635000,0 days 00:00:18.731000,0 days 00:00:35.532000,HARD,14.0,3.0,,,1,15.0,False,2024,Australia,R,83.898,29.635,18.731,35.532
BOT,Kick Sauber,51.0,0 days 00:01:21.649000,0 days 00:00:28.418000,0 days 00:00:18.133000,0 days 00:00:35.098000,HARD,15.0,3.0,,,1,15.0,False,2024,Australia,R,81.649,28.418,18.133,35.098
BOT,Kick Sauber,52.0,0 days 00:01:22.056000,0 days 00:00:28.552000,0 days 00:00:18.262000,0 days 00:00:35.242000,HARD,16.0,3.0,,,1,15.0,False,2024,Australia,R,82.056,28.552,18.262,35.242
BOT,Kick Sauber,53.0,0 days 00:01:21.820000,0 days 00:00:28.427000,0 days 00:00:18.228000,0 days 00:00:35.165000,HARD,17.0,3.0,,,1,15.0,False,2024,Australia,R,81.82,28.427,18.228,35.165
BOT,Kick Sauber,54.0,0 days 00:01:22.029000,0 days 00:00:28.513000,0 days 00:00:18.274000,0 days 00:00:35.242000,HARD,18.0,3.0,,,1,15.0,False,2024,Australia,R,82.029,28.513,18.274,35.242
BOT,Kick Sauber,55.0,0 days 00:01:22.010000,0 days 00:00:28.396000,0 days 00:00:18.405000,0 days 00:00:35.209000,HARD,19.0,3.0,,,1,15.0,False,2024,Australia,R,82.01,28.396,18.405,35.209
BOT,Kick Sauber,56.0,0 days 00:01:28.050000,0 days 00:00:28.487000,0 days 00:00:18.199000,0 days 00:00:41.364000,HARD,20.0,3.0,,,126,15.0,False,2024,Australia,R,88.05,28.487,18.199,41.364
BOT,Kick Sauber,57.0,0 days 00:01:58.772000,0 days 00:00:42.735000,0 days 00:00:38.412000,0 days 00:00:37.625000,HARD,21.0,3.0,,,6,14.0,False,2024,Australia,R,118.772,42.735,38.412,37.625
PIA,McLaren,1.0,0 days 00:01:31.036000,,0 days 00:00:18.346000,0 days 00:00:36.650000,MEDIUM,1.0,1.0,,,1,5.0,False,2024,Australia,R,91.036,,18.346,36.65
PIA,McLaren,2.0,0 days 00:01:23.232000,0 days 00:00:29.201000,0 days 00:00:18.266000,0 days 00:00:35.765000,MEDIUM,2.0,1.0,,,1,5.0,False,2024,Australia,R,83.232,29.201,18.266,35.765
PIA,McLaren,3.0,0 days 00:01:22.669000,0 days 00:00:28.862000,0 days 00:00:18.065000,0 days 00:00:35.742000,MEDIUM,3.0,1.0,,,1,5.0,False,2024,Australia,R,82.669,28.862,18.065,35.742
PIA,McLaren,4.0,0 days 00:01:22.581000,0 days 00:00:28.914000,0 days 00:00:18.092000,0 days 00:00:35.575000,MEDIUM,4.0,1.0,,,1,4.0,False,2024,Australia,R,82.581,28.914,18.092,35.575
PIA,McLaren,5.0,0 days 00:01:22.594000,0 days 00:00:28.691000,0 days 00:00:17.918000,0 days 00:00:35.985000,MEDIUM,5.0,1.0,,,1,4.0,False,2024,Australia,R,82.594,28.691,17.918,35.985
PIA,McLaren,6.0,0 days 00:01:22.582000,0 days 00:00:28.860000,0 days 00:00:17.959000,0 days 00:00:35.763000,MEDIUM,6.0,1.0,,,1,4.0,False,2024,Australia,R,82.582,28.86,17.959,35.763
PIA,McLaren,7.0,0 days 00:01:22.877000,0 days 00:00:28.930000,0 days 00:00:17.931000,0 days 00:00:36.016000,MEDIUM,7.0,1.0,,,1,4.0,False,2024,Australia,R,82.877,28.93,17.931,36.016
PIA,McLaren,8.0,0 days 00:01:23.052000,0 days 00:00:28.843000,0 days 00:00:18.018000,0 days 00:00:36.191000,MEDIUM,8.0,1.0,,,1,4.0,False,2024,Australia,R,83.052,28.843,18.018,36.191
PIA,McLaren,9.0,0 days 00:01:36.501000,0 days 00:00:28.804000,0 days 00:00:17.895000,0 days 00:00:49.802000,MEDIUM,9.0,1.0,0 days 01:11:01.453000,,1,6.0,False,2024,Australia,R,96.501,28.804,17.895,49.802
PIA,McLaren,10.0,0 days 00:01:27.799000,0 days 00:00:34.020000,0 days 00:00:18.199000,0 days 00:00:35.580000,HARD,2.0,2.0,,0 days 01:11:18.727000,1,8.0,False,2024,Australia,R,87.799,34.02,18.199,35.58
PIA,McLaren,11.0,0 days 00:01:22.728000,0 days 00:00:28.662000,0 days 00:00:17.907000,0 days 00:00:36.159000,HARD,3.0,2.0,,,1,7.0,False,2024,Australia,R,82.728,28.662,17.907,36.159
PIA,McLaren,12.0,0 days 00:01:22.948000,0 days 00:00:29.063000,0 days 00:00:18.222000,0 days 00:00:35.663000,HARD,4.0,2.0,,,1,6.0,False,2024,Australia,R,82.948,29.063,18.222,35.663
PIA,McLaren,13.0,0 days 00:01:22.426000,0 days 00:00:28.766000,0 days 00:00:18.093000,0 days 00:00:35.567000,HARD,5.0,2.0,,,1,6.0,False,2024,Australia,R,82.426,28.766,18.093,35.567
PIA,McLaren,14.0,0 days 00:01:21.968000,0 days 00:00:28.644000,0 days 00:00:18.063000,0 days 00:00:35.261000,HARD,6.0,2.0,,,1,5.0,False,2024,Australia,R,81.968,28.644,18.063,35.261
PIA,McLaren,15.0,0 days 00:01:21.961000,0 days 00:00:28.588000,0 days 00:00:18.040000,0 days 00:00:35.333000,HARD,7.0,2.0,,,1,4.0,False,2024,Australia,R,81.961,28.588,18.04,35.333
PIA,McLaren,16.0,0 days 00:01:22.015000,0 days 00:00:28.640000,0 days 00:00:18.102000,0 days 00:00:35.273000,HARD,8.0,2.0,,,1,4.0,False,2024,Australia,R,82.015,28.64,18.102,35.273
PIA,McLaren,17.0,0 days 00:01:36.822000,0 days 00:00:28.639000,0 days 00:00:19.337000,0 days 00:00:48.846000,HARD,9.0,2.0,,,126,3.0,False,2024,Australia,R,96.822,28.639,19.337,48.846
PIA,McLaren,18.0,0 days 00:01:28.994000,0 days 00:00:35.702000,0 days 00:00:18.113000,0 days 00:00:35.179000,HARD,10.0,2.0,,,671,3.0,False,2024,Australia,R,88.994,35.702,18.113,35.179
PIA,McLaren,19.0,0 days 00:01:21.871000,0 days 00:00:28.272000,0 days 00:00:18.086000,0 days 00:00:35.513000,HARD,11.0,2.0,,,1,3.0,False,2024,Australia,R,81.871,28.272,18.086,35.513
PIA,McLaren,20.0,0 days 00:01:22.085000,0 days 00:00:28.580000,0 days 00:00:18.020000,0 days 00:00:35.485000,HARD,12.0,2.0,,,1,3.0,False,2024,Australia,R,82.085,28.58,18.02,35.485
PIA,McLaren,21.0,0 days 00:01:21.923000,0 days 00:00:28.477000,0 days 00:00:17.990000,0 days 00:00:35.456000,HARD,13.0,2.0,,,1,3.0,False,2024,Australia,R,81.923,28.477,17.99,35.456
PIA,McLaren,22.0,0 days 00:01:22.013000,0 days 00:00:28.607000,0 days 00:00:18.037000,0 days 00:00:35.369000,HARD,14.0,2.0,,,1,3.0,False,2024,Australia,R,82.013,28.607,18.037,35.369
PIA,McLaren,23.0,0 days 00:01:21.817000,0 days 00:00:28.496000,0 days 00:00:18.003000,0 days 00:00:35.318000,HARD,15.0,2.0,,,1,3.0,False,2024,Australia,R,81.817,28.496,18.003,35.318
PIA,McLaren,24.0,0 days 00:01:21.830000,0 days 00:00:28.553000,0 days 00:00:17.964000,0 days 00:00:35.313000,HARD,16.0,2.0,,,1,3.0,False,2024,Australia,R,81.83,28.553,17.964,35.313
PIA,McLaren,25.0,0 days 00:01:21.597000,0 days 00:00:28.380000,0 days 00:00:17.950000,0 days 00:00:35.267000,HARD,17.0,2.0,,,1,3.0,False,2024,Australia,R,81.597,28.38,17.95,35.267
PIA,McLaren,26.0,0 days 00:01:22.243000,0 days 00:00:28.631000,0 days 00:00:18.061000,0 days 00:00:35.551000,HARD,18.0,2.0,,,1,3.0,False,2024,Australia,R,82.243,28.631,18.061,35.551
PIA,McLaren,27.0,0 days 00:01:22.287000,0 days 00:00:28.693000,0 days 00:00:18.076000,0 days 00:00:35.518000,HARD,19.0,2.0,,,1,3.0,False,2024,Australia,R,82.287,28.693,18.076,35.518
PIA,McLaren,28.0,0 days 00:01:22.204000,0 days 00:00:28.654000,0 days 00:00:18.065000,0 days 00:00:35.485000,HARD,20.0,2.0,,,1,3.0,False,2024,Australia,R,82.204,28.654,18.065,35.485
PIA,McLaren,29.0,0 days 00:01:23.479000,0 days 00:00:29.906000,0 days 00:00:17.833000,0 days 00:00:35.740000,HARD,21.0,2.0,,,1,4.0,False,2024,Australia,R,83.479,29.906,17.833,35.74
PIA,McLaren,30.0,0 days 00:01:22.520000,0 days 00:00:28.702000,0 days 00:00:18.059000,0 days 00:00:35.759000,HARD,22.0,2.0,,,1,4.0,False,2024,Australia,R,82.52,28.702,18.059,35.759
PIA,McLaren,31.0,0 days 00:01:22.133000,0 days 00:00:28.797000,0 days 00:00:17.980000,0 days 00:00:35.356000,HARD,23.0,2.0,,,1,4.0,False,2024,Australia,R,82.133,28.797,17.98,35.356
PIA,McLaren,32.0,0 days 00:01:21.989000,0 days 00:00:28.664000,0 days 00:00:17.973000,0 days 00:00:35.352000,HARD,24.0,2.0,,,1,4.0,False,2024,Australia,R,81.989,28.664,17.973,35.352
PIA,McLaren,33.0,0 days 00:01:22.100000,0 days 00:00:28.724000,0 days 00:00:17.962000,0 days 00:00:35.414000,HARD,25.0,2.0,,,1,4.0,False,2024,Australia,R,82.1,28.724,17.962,35.414
PIA,McLaren,34.0,0 days 00:01:22.238000,0 days 00:00:28.728000,0 days 00:00:18.060000,0 days 00:00:35.450000,HARD,26.0,2.0,,,1,3.0,False,2024,Australia,R,82.238,28.728,18.06,35.45
PIA,McLaren,35.0,0 days 00:01:22.059000,0 days 00:00:28.716000,0 days 00:00:18.075000,0 days 00:00:35.268000,HARD,27.0,2.0,,,1,3.0,False,2024,Australia,R,82.059,28.716,18.075,35.268
PIA,McLaren,36.0,0 days 00:01:22.047000,0 days 00:00:28.779000,0 days 00:00:18.041000,0 days 00:00:35.227000,HARD,28.0,2.0,,,1,3.0,False,2024,Australia,R,82.047,28.779,18.041,35.227
PIA,McLaren,37.0,0 days 00:01:21.890000,0 days 00:00:28.614000,0 days 00:00:17.986000,0 days 00:00:35.290000,HARD,29.0,2.0,,,1,3.0,False,2024,Australia,R,81.89,28.614,17.986,35.29
PIA,McLaren,38.0,0 days 00:01:25.203000,0 days 00:00:28.686000,0 days 00:00:18,0 days 00:00:38.517000,HARD,30.0,2.0,,,1,3.0,False,2024,Australia,R,85.203,28.686,18.0,38.517
PIA,McLaren,39.0,0 days 00:01:36.781000,0 days 00:00:28.952000,0 days 00:00:18.083000,0 days 00:00:49.746000,HARD,31.0,2.0,0 days 01:52:50.253000,,1,4.0,False,2024,Australia,R,96.781,28.952,18.083,49.746
PIA,McLaren,40.0,0 days 00:01:26.930000,0 days 00:00:33.685000,0 days 00:00:18.052000,0 days 00:00:35.193000,HARD,2.0,3.0,,0 days 01:53:08.679000,1,5.0,False,2024,Australia,R,86.93,33.685,18.052,35.193
PIA,McLaren,41.0,0 days 00:01:21.424000,0 days 00:00:28.125000,0 days 00:00:17.593000,0 days 00:00:35.706000,HARD,3.0,3.0,,,1,4.0,False,2024,Australia,R,81.424,28.125,17.593,35.706
PIA,McLaren,42.0,0 days 00:01:21.080000,0 days 00:00:28.312000,0 days 00:00:17.964000,0 days 00:00:34.804000,HARD,4.0,3.0,,,1,4.0,False,2024,Australia,R,81.08,28.312,17.964,34.804
PIA,McLaren,43.0,0 days 00:01:20.485000,0 days 00:00:28.090000,0 days 00:00:17.952000,0 days 00:00:34.443000,HARD,5.0,3.0,,,1,4.0,False,2024,Australia,R,80.485,28.09,17.952,34.443
PIA,McLaren,44.0,0 days 00:01:20.395000,0 days 00:00:27.914000,0 days 00:00:17.885000,0 days 00:00:34.596000,HARD,6.0,3.0,,,1,4.0,False,2024,Australia,R,80.395,27.914,17.885,34.596
PIA,McLaren,45.0,0 days 00:01:20.223000,0 days 00:00:27.948000,0 days 00:00:17.772000,0 days 00:00:34.503000,HARD,7.0,3.0,,,1,4.0,False,2024,Australia,R,80.223,27.948,17.772,34.503
PIA,McLaren,46.0,0 days 00:01:20.615000,0 days 00:00:27.981000,0 days 00:00:17.817000,0 days 00:00:34.817000,HARD,8.0,3.0,,,1,4.0,False,2024,Australia,R,80.615,27.981,17.817,34.817
PIA,McLaren,47.0,0 days 00:01:20.682000,0 days 00:00:28.141000,0 days 00:00:17.683000,0 days 00:00:34.858000,HARD,9.0,3.0,,,1,4.0,False,2024,Australia,R,80.682,28.141,17.683,34.858
PIA,McLaren,48.0,0 days 00:01:20.588000,0 days 00:00:28.039000,0 days 00:00:17.853000,0 days 00:00:34.696000,HARD,10.0,3.0,,,1,4.0,False,2024,Australia,R,80.588,28.039,17.853,34.696
PIA,McLaren,49.0,0 days 00:01:20.352000,0 days 00:00:28.241000,0 days 00:00:17.610000,0 days 00:00:34.501000,HARD,11.0,3.0,,,1,4.0,False,2024,Australia,R,80.352,28.241,17.61,34.501
PIA,McLaren,50.0,0 days 00:01:20.496000,0 days 00:00:28.056000,0 days 00:00:17.746000,0 days 00:00:34.694000,HARD,12.0,3.0,,,1,4.0,False,2024,Australia,R,80.496,28.056,17.746,34.694
PIA,McLaren,51.0,0 days 00:01:20.718000,0 days 00:00:28.193000,0 days 00:00:18.067000,0 days 00:00:34.458000,HARD,13.0,3.0,,,1,4.0,False,2024,Australia,R,80.718,28.193,18.067,34.458
PIA,McLaren,52.0,0 days 00:01:20.295000,0 days 00:00:27.980000,0 days 00:00:17.850000,0 days 00:00:34.465000,HARD,14.0,3.0,,,1,4.0,False,2024,Australia,R,80.295,27.98,17.85,34.465
PIA,McLaren,53.0,0 days 00:01:20.308000,0 days 00:00:27.990000,0 days 00:00:17.841000,0 days 00:00:34.477000,HARD,15.0,3.0,,,1,4.0,False,2024,Australia,R,80.308,27.99,17.841,34.477
PIA,McLaren,54.0,0 days 00:01:20.199000,0 days 00:00:27.903000,0 days 00:00:17.756000,0 days 00:00:34.540000,HARD,16.0,3.0,,,1,4.0,False,2024,Australia,R,80.199,27.903,17.756,34.54
PIA,McLaren,55.0,0 days 00:01:20.754000,0 days 00:00:28.154000,0 days 00:00:17.949000,0 days 00:00:34.651000,HARD,17.0,3.0,,,1,4.0,False,2024,Australia,R,80.754,28.154,17.949,34.651
PIA,McLaren,56.0,0 days 00:01:20.357000,0 days 00:00:27.947000,0 days 00:00:17.927000,0 days 00:00:34.483000,HARD,18.0,3.0,,,1,4.0,False,2024,Australia,R,80.357,27.947,17.927,34.483
PIA,McLaren,57.0,0 days 00:01:25.255000,0 days 00:00:28.222000,0 days 00:00:18.192000,0 days 00:00:38.841000,HARD,19.0,3.0,,,126,4.0,False,2024,Australia,R,85.255,28.222,18.192,38.841
PIA,McLaren,58.0,0 days 00:02:04.363000,0 days 00:00:51.872000,0 days 00:00:33.063000,0 days 00:00:39.428000,HARD,20.0,3.0,,,6,4.0,False,2024,Australia,R,124.363,51.872,33.063,39.428
