Driver,Team,LapNumber,LapTime,Sector1Time,Sector2Time,Sector3Time,Compound,TyreLife,Stint,PitInTime,PitOutTime,TrackStatus,Position,Deleted,season,race,session_type,lap_time_seconds,sector1_seconds,sector2_seconds,sector3_seconds
VER,Red Bull Racing,1.0,0 days 00:01:22.549000,,0 days 00:00:24.494000,0 days 00:00:30.987000,MEDIUM,4.0,1.0,,,1,2.0,False,2025,Canada,R,82.549,,24.494,30.987
VER,Red Bull Racing,2.0,0 days 00:01:16.418000,0 days 00:00:21.742000,0 days 00:00:24.204000,0 days 00:00:30.472000,MEDIUM,5.0,1.0,,,1,2.0,False,2025,Canada,R,76.418,21.742,24.204,30.472
VER,Red Bull Racing,3.0,0 days 00:01:16.094000,0 days 00:00:21.507000,0 days 00:00:24.075000,0 days 00:00:30.512000,MEDIUM,6.0,1.0,,,1,2.0,False,2025,Canada,R,76.094,21.507,24.075,30.512
VER,Red Bull Racing,4.0,0 days 00:01:15.925000,0 days 00:00:21.552000,0 days 00:00:24.012000,0 days 00:00:30.361000,MEDIUM,7.0,1.0,,,1,2.0,False,2025,Canada,R,75.925,21.552,24.012,30.361
VER,Red Bull Racing,5.0,0 days 00:01:15.901000,0 days 00:00:21.429000,0 days 00:00:24.059000,0 days 00:00:30.413000,MEDIUM,8.0,1.0,,,1,2.0,False,2025,Canada,R,75.901,21.429,24.059,30.413
VER,Red Bull Racing,6.0,0 days 00:01:16.531000,0 days 00:00:21.599000,0 days 00:00:24.128000,0 days 00:00:30.804000,MEDIUM,9.0,1.0,,,1,2.0,False,2025,Canada,R,76.531,21.599,24.128,30.804
VER,Red Bull Racing,7.0,0 days 00:01:16.600000,0 days 00:00:21.560000,0 days 00:00:24.243000,0 days 00:00:30.797000,MEDIUM,10.0,1.0,,,1,2.0,False,2025,Canada,R,76.6,21.56,24.243,30.797
VER,Red Bull Racing,8.0,0 days 00:01:16.640000,0 days 00:00:21.402000,0 days 00:00:24.412000,0 days 00:00:30.826000,MEDIUM,11.0,1.0,,,1,2.0,False,2025,Canada,R,76.64,21.402,24.412,30.826
VER,Red Bull Racing,9.0,0 days 00:01:16.762000,0 days 00:00:21.484000,0 days 00:00:24.360000,0 days 00:00:30.918000,MEDIUM,12.0,1.0,,,1,2.0,False,2025,Canada,R,76.762,21.484,24.36,30.918
VER,Red Bull Racing,10.0,0 days 00:01:16.680000,0 days 00:00:21.536000,0 days 00:00:24.280000,0 days 00:00:30.864000,MEDIUM,13.0,1.0,,,1,2.0,False,2025,Canada,R,76.68,21.536,24.28,30.864
VER,Red Bull Racing,11.0,0 days 00:01:16.991000,0 days 00:00:21.570000,0 days 00:00:24.389000,0 days 00:00:31.032000,MEDIUM,14.0,1.0,,,1,2.0,False,2025,Canada,R,76.991,21.57,24.389,31.032
VER,Red Bull Racing,12.0,0 days 00:01:33.110000,0 days 00:00:21.612000,0 days 00:00:24.387000,0 days 00:00:47.111000,MEDIUM,15.0,1.0,0 days 01:13:18.038000,,1,9.0,False,2025,Canada,R,93.11,21.612,24.387,47.111
VER,Red Bull Racing,13.0,0 days 00:01:19.048000,0 days 00:00:23.971000,0 days 00:00:24.402000,0 days 00:00:30.675000,HARD,1.0,2.0,,0 days 01:13:41.716000,1,9.0,False,2025,Canada,R,79.048,23.971,24.402,30.675
VER,Red Bull Racing,14.0,0 days 00:01:15.943000,0 days 00:00:21.294000,0 days 00:00:24.047000,0 days 00:00:30.602000,HARD,2.0,2.0,,,1,8.0,False,2025,Canada,R,75.943,21.294,24.047,30.602
VER,Red Bull Racing,15.0,0 days 00:01:16.352000,0 days 00:00:21.566000,0 days 00:00:24.401000,0 days 00:00:30.385000,HARD,3.0,2.0,,,1,5.0,False,2025,Canada,R,76.352,21.566,24.401,30.385
VER,Red Bull Racing,16.0,0 days 00:01:16.004000,0 days 00:00:21.199000,0 days 00:00:24.140000,0 days 00:00:30.665000,HARD,4.0,2.0,,,1,4.0,False,2025,Canada,R,76.004,21.199,24.14,30.665
VER,Red Bull Racing,17.0,0 days 00:01:15.903000,0 days 00:00:21.216000,0 days 00:00:23.970000,0 days 00:00:30.717000,HARD,5.0,2.0,,,1,4.0,False,2025,Canada,R,75.903,21.216,23.97,30.717
VER,Red Bull Racing,18.0,0 days 00:01:16.005000,0 days 00:00:21.261000,0 days 00:00:24.079000,0 days 00:00:30.665000,HARD,6.0,2.0,,,1,4.0,False,2025,Canada,R,76.005,21.261,24.079,30.665
VER,Red Bull Racing,19.0,0 days 00:01:15.787000,0 days 00:00:21.224000,0 days 00:00:24.024000,0 days 00:00:30.539000,HARD,7.0,2.0,,,1,4.0,False,2025,Canada,R,75.787,21.224,24.024,30.539
VER,Red Bull Racing,20.0,0 days 00:01:15.769000,0 days 00:00:21.151000,0 days 00:00:24.024000,0 days 00:00:30.594000,HARD,8.0,2.0,,,1,4.0,False,2025,Canada,R,75.769,21.151,24.024,30.594
VER,Red Bull Racing,21.0,0 days 00:01:15.715000,0 days 00:00:21.054000,0 days 00:00:24.102000,0 days 00:00:30.559000,HARD,9.0,2.0,,,1,4.0,False,2025,Canada,R,75.715,21.054,24.102,30.559
VER,Red Bull Racing,22.0,0 days 00:01:15.716000,0 days 00:00:21.196000,0 days 00:00:24.001000,0 days 00:00:30.519000,HARD,10.0,2.0,,,1,4.0,False,2025,Canada,R,75.716,21.196,24.001,30.519
VER,Red Bull Racing,23.0,0 days 00:01:15.824000,0 days 00:00:21.103000,0 days 00:00:24.028000,0 days 00:00:30.693000,HARD,11.0,2.0,,,1,4.0,False,2025,Canada,R,75.824,21.103,24.028,30.693
VER,Red Bull Racing,24.0,0 days 00:01:15.774000,0 days 00:00:21.164000,0 days 00:00:24.035000,0 days 00:00:30.575000,HARD,12.0,2.0,,,1,4.0,False,2025,Canada,R,75.774,21.164,24.035,30.575
VER,Red Bull Racing,25.0,0 days 00:01:15.738000,0 days 00:00:21.113000,0 days 00:00:24.047000,0 days 00:00:30.578000,HARD,13.0,2.0,,,1,4.0,False,2025,Canada,R,75.738,21.113,24.047,30.578
VER,Red Bull Racing,26.0,0 days 00:01:15.715000,0 days 00:00:21.119000,0 days 00:00:23.950000,0 days 00:00:30.646000,HARD,14.0,2.0,,,1,4.0,False,2025,Canada,R,75.715,21.119,23.95,30.646
VER,Red Bull Racing,27.0,0 days 00:01:15.464000,0 days 00:00:21.164000,0 days 00:00:23.899000,0 days 00:00:30.401000,HARD,15.0,2.0,,,1,4.0,False,2025,Canada,R,75.464,21.164,23.899,30.401
VER,Red Bull Racing,28.0,0 days 00:01:16.168000,0 days 00:00:21.636000,0 days 00:00:24.173000,0 days 00:00:30.359000,HARD,16.0,2.0,,,1,3.0,False,2025,Canada,R,76.168,21.636,24.173,30.359
VER,Red Bull Racing,29.0,0 days 00:01:16.065000,0 days 00:00:21.247000,0 days 00:00:24.070000,0 days 00:00:30.748000,HARD,17.0,2.0,,,1,2.0,False,2025,Canada,R,76.065,21.247,24.07,30.748
VER,Red Bull Racing,30.0,0 days 00:01:16.033000,0 days 00:00:21.176000,0 days 00:00:24.108000,0 days 00:00:30.749000,HARD,18.0,2.0,,,1,2.0,False,2025,Canada,R,76.033,21.176,24.108,30.749
VER,Red Bull Racing,31.0,0 days 00:01:15.825000,0 days 00:00:21.207000,0 days 00:00:24.002000,0 days 00:00:30.616000,HARD,19.0,2.0,,,1,2.0,False,2025,Canada,R,75.825,21.207,24.002,30.616
VER,Red Bull Racing,32.0,0 days 00:01:15.845000,0 days 00:00:21.160000,0 days 00:00:24.105000,0 days 00:00:30.580000,HARD,20.0,2.0,,,1,2.0,False,2025,Canada,R,75.845,21.16,24.105,30.58
VER,Red Bull Racing,33.0,0 days 00:01:16.187000,0 days 00:00:21.329000,0 days 00:00:24.070000,0 days 00:00:30.788000,HARD,21.0,2.0,,,1,2.0,False,2025,Canada,R,76.187,21.329,24.07,30.788
VER,Red Bull Racing,34.0,0 days 00:01:16.052000,0 days 00:00:21.292000,0 days 00:00:24.046000,0 days 00:00:30.714000,HARD,22.0,2.0,,,1,2.0,False,2025,Canada,R,76.052,21.292,24.046,30.714
VER,Red Bull Racing,35.0,0 days 00:01:16.223000,0 days 00:00:21.311000,0 days 00:00:24.218000,0 days 00:00:30.694000,HARD,23.0,2.0,,,1,2.0,False,2025,Canada,R,76.223,21.311,24.218,30.694
VER,Red Bull Racing,36.0,0 days 00:01:16.123000,0 days 00:00:21.310000,0 days 00:00:24.050000,0 days 00:00:30.763000,HARD,24.0,2.0,,,1,2.0,False,2025,Canada,R,76.123,21.31,24.05,30.763
VER,Red Bull Racing,37.0,0 days 00:01:31.919000,0 days 00:00:21.298000,0 days 00:00:24.125000,0 days 00:00:46.496000,HARD,25.0,2.0,0 days 01:45:15.788000,,1,6.0,False,2025,Canada,R,91.919,21.298,24.125,46.496
VER,Red Bull Racing,38.0,0 days 00:01:18.724000,0 days 00:00:23.955000,0 days 00:00:24.191000,0 days 00:00:30.578000,HARD,1.0,3.0,,0 days 01:45:38.867000,1,6.0,False,2025,Canada,R,78.724,23.955,24.191,30.578
VER,Red Bull Racing,39.0,0 days 00:01:15.243000,0 days 00:00:20.899000,0 days 00:00:23.792000,0 days 00:00:30.552000,HARD,2.0,3.0,,,1,5.0,False,2025,Canada,R,75.243,20.899,23.792,30.552
VER,Red Bull Racing,40.0,0 days 00:01:15.451000,0 days 00:00:21.054000,0 days 00:00:23.936000,0 days 00:00:30.461000,HARD,3.0,3.0,,,1,5.0,False,2025,Canada,R,75.451,21.054,23.936,30.461
VER,Red Bull Racing,41.0,0 days 00:01:15.291000,0 days 00:00:21.010000,0 days 00:00:23.877000,0 days 00:00:30.404000,HARD,4.0,3.0,,,1,5.0,False,2025,Canada,R,75.291,21.01,23.877,30.404
VER,Red Bull Racing,42.0,0 days 00:01:15.347000,0 days 00:00:21.090000,0 days 00:00:23.799000,0 days 00:00:30.458000,HARD,5.0,3.0,,,1,5.0,False,2025,Canada,R,75.347,21.09,23.799,30.458
VER,Red Bull Racing,43.0,0 days 00:01:15.077000,0 days 00:00:20.991000,0 days 00:00:23.789000,0 days 00:00:30.297000,HARD,6.0,3.0,,,1,5.0,False,2025,Canada,R,75.077,20.991,23.789,30.297
VER,Red Bull Racing,44.0,0 days 00:01:15.399000,0 days 00:00:21.144000,0 days 00:00:23.825000,0 days 00:00:30.430000,HARD,7.0,3.0,,,1,5.0,False,2025,Canada,R,75.399,21.144,23.825,30.43
VER,Red Bull Racing,45.0,0 days 00:01:15.050000,0 days 00:00:21.034000,0 days 00:00:23.804000,0 days 00:00:30.212000,HARD,8.0,3.0,,,1,4.0,False,2025,Canada,R,75.05,21.034,23.804,30.212
VER,Red Bull Racing,46.0,0 days 00:01:15.210000,0 days 00:00:21.023000,0 days 00:00:23.822000,0 days 00:00:30.365000,HARD,9.0,3.0,,,1,4.0,False,2025,Canada,R,75.21,21.023,23.822,30.365
VER,Red Bull Racing,47.0,0 days 00:01:15.339000,0 days 00:00:21.068000,0 days 00:00:23.927000,0 days 00:00:30.344000,HARD,10.0,3.0,,,1,3.0,False,2025,Canada,R,75.339,21.068,23.927,30.344
VER,Red Bull Racing,48.0,0 days 00:01:15.334000,0 days 00:00:21.153000,0 days 00:00:23.838000,0 days 00:00:30.343000,HARD,11.0,3.0,,,12,3.0,False,2025,Canada,R,75.334,21.153,23.838,30.343
VER,Red Bull Racing,49.0,0 days 00:01:15.030000,0 days 00:00:21.058000,0 days 00:00:23.707000,0 days 00:00:30.265000,HARD,12.0,3.0,,,21,3.0,False,2025,Canada,R,75.03,21.058,23.707,30.265
VER,Red Bull Racing,50.0,0 days 00:01:15.025000,0 days 00:00:20.977000,0 days 00:00:23.821000,0 days 00:00:30.227000,HARD,13.0,3.0,,,1,3.0,False,2025,Canada,R,75.025,20.977,23.821,30.227
VER,Red Bull Racing,51.0,0 days 00:01:15.043000,0 days 00:00:20.980000,0 days 00:00:23.743000,0 days 00:00:30.320000,HARD,14.0,3.0,,,1,3.0,False,2025,Canada,R,75.043,20.98,23.743,30.32
VER,Red Bull Racing,52.0,0 days 00:01:15.113000,0 days 00:00:20.929000,0 days 00:00:23.829000,0 days 00:00:30.355000,HARD,15.0,3.0,,,1,3.0,False,2025,Canada,R,75.113,20.929,23.829,30.355
VER,Red Bull Racing,53.0,0 days 00:01:15.119000,0 days 00:00:20.919000,0 days 00:00:23.838000,0 days 00:00:30.362000,HARD,16.0,3.0,,,1,2.0,False,2025,Canada,R,75.119,20.919,23.838,30.362
VER,Red Bull Racing,54.0,0 days 00:01:14.878000,0 days 00:00:20.866000,0 days 00:00:23.686000,0 days 00:00:30.326000,HARD,17.0,3.0,,,1,2.0,False,2025,Canada,R,74.878,20.866,23.686,30.326
VER,Red Bull Racing,55.0,0 days 00:01:14.747000,0 days 00:00:20.909000,0 days 00:00:23.668000,0 days 00:00:30.170000,HARD,18.0,3.0,,,1,2.0,False,2025,Canada,R,74.747,20.909,23.668,30.17
VER,Red Bull Racing,56.0,0 days 00:01:14.432000,0 days 00:00:20.888000,0 days 00:00:23.805000,0 days 00:00:29.739000,HARD,19.0,3.0,,,1,2.0,False,2025,Canada,R,74.432,20.888,23.805,29.739
VER,Red Bull Racing,57.0,0 days 00:01:14.557000,0 days 00:00:20.871000,0 days 00:00:23.800000,0 days 00:00:29.886000,HARD,20.0,3.0,,,1,2.0,False,2025,Canada,R,74.557,20.871,23.8,29.886
VER,Red Bull Racing,58.0,0 days 00:01:14.953000,0 days 00:00:20.949000,0 days 00:00:23.789000,0 days 00:00:30.215000,HARD,21.0,3.0,,,1,2.0,False,2025,Canada,R,74.953,20.949,23.789,30.215
VER,Red Bull Racing,59.0,0 days 00:01:14.734000,0 days 00:00:20.839000,0 days 00:00:23.739000,0 days 00:00:30.156000,HARD,22.0,3.0,,,1,2.0,False,2025,Canada,R,74.734,20.839,23.739,30.156
VER,Red Bull Racing,60.0,0 days 00:01:14.686000,0 days 00:00:20.842000,0 days 00:00:23.703000,0 days 00:00:30.141000,HARD,23.0,3.0,,,1,2.0,False,2025,Canada,R,74.686,20.842,23.703,30.141
VER,Red Bull Racing,61.0,0 days 00:01:14.491000,0 days 00:00:20.789000,0 days 00:00:23.632000,0 days 00:00:30.070000,HARD,24.0,3.0,,,1,2.0,False,2025,Canada,R,74.491,20.789,23.632,30.07
VER,Red Bull Racing,62.0,0 days 00:01:14.287000,0 days 00:00:20.744000,0 days 00:00:23.535000,0 days 00:00:30.008000,HARD,25.0,3.0,,,1,2.0,False,2025,Canada,R,74.287,20.744,23.535,30.008
VER,Red Bull Racing,63.0,0 days 00:01:14.353000,0 days 00:00:20.727000,0 days 00:00:23.591000,0 days 00:00:30.035000,HARD,26.0,3.0,,,1,2.0,False,2025,Canada,R,74.353,20.727,23.591,30.035
VER,Red Bull Racing,64.0,0 days 00:01:14.404000,0 days 00:00:20.770000,0 days 00:00:23.558000,0 days 00:00:30.076000,HARD,27.0,3.0,,,1,2.0,False,2025,Canada,R,74.404,20.77,23.558,30.076
VER,Red Bull Racing,65.0,0 days 00:01:14.625000,0 days 00:00:20.809000,0 days 00:00:23.647000,0 days 00:00:30.169000,HARD,28.0,3.0,,,1,2.0,False,2025,Canada,R,74.625,20.809,23.647,30.169
VER,Red Bull Racing,66.0,0 days 00:01:14.394000,0 days 00:00:20.699000,0 days 00:00:23.494000,0 days 00:00:30.201000,HARD,29.0,3.0,,,1,2.0,False,2025,Canada,R,74.394,20.699,23.494,30.201
VER,Red Bull Racing,67.0,0 days 00:01:43.478000,0 days 00:00:20.816000,0 days 00:00:31.604000,0 days 00:00:51.058000,HARD,30.0,3.0,0 days 02:23:20.428000,,124,2.0,False,2025,Canada,R,103.478,20.816,31.604,51.058
VER,Red Bull Racing,68.0,0 days 00:02:05.276000,0 days 00:00:29.937000,0 days 00:00:32.750000,0 days 00:01:02.589000,HARD,31.0,4.0,0 days 02:25:24.736000,0 days 02:23:38.616000,4,2.0,False,2025,Canada,R,125.276,29.937,32.75,62.589
VER,Red Bull Racing,69.0,0 days 00:02:03.745000,0 days 00:00:34.370000,0 days 00:00:35.780000,0 days 00:00:53.595000,HARD,32.0,5.0,0 days 02:27:29.424000,0 days 02:25:43.895000,4,2.0,False,2025,Canada,R,123.745,34.37,35.78,53.595
VER,Red Bull Racing,70.0,0 days 00:02:06.683000,0 days 00:00:33.449000,0 days 00:00:36.998000,0 days 00:00:56.236000,HARD,33.0,6.0,,0 days 02:27:47.612000,4,2.0,False,2025,Canada,R,126.683,33.449,36.998,56.236
GAS,Alpine,1.0,0 days 00:01:34.327000,,0 days 00:00:25.475000,0 days 00:00:31.760000,HARD,1.0,1.0,,0 days 00:58:13.190000,1,20.0,False,2025,Canada,R,94.327,,25.475,31.76
GAS,Alpine,2.0,0 days 00:01:19.336000,0 days 00:00:22.563000,0 days 00:00:25.352000,0 days 00:00:31.421000,HARD,2.0,1.0,,,1,20.0,False,2025,Canada,R,79.336,22.563,25.352,31.421
GAS,Alpine,3.0,0 days 00:01:18.835000,0 days 00:00:22.540000,0 days 00:00:24.968000,0 days 00:00:31.327000,HARD,3.0,1.0,,,1,20.0,False,2025,Canada,R,78.835,22.54,24.968,31.327
GAS,Alpine,4.0,0 days 00:01:18.711000,0 days 00:00:22.300000,0 days 00:00:25.008000,0 days 00:00:31.403000,HARD,4.0,1.0,,,1,20.0,False,2025,Canada,R,78.711,22.3,25.008,31.403
GAS,Alpine,5.0,0 days 00:01:18.187000,0 days 00:00:21.970000,0 days 00:00:24.949000,0 days 00:00:31.268000,HARD,5.0,1.0,,,1,20.0,False,2025,Canada,R,78.187,21.97,24.949,31.268
GAS,Alpine,6.0,0 days 00:01:17.860000,0 days 00:00:21.851000,0 days 00:00:24.814000,0 days 00:00:31.195000,HARD,6.0,1.0,,,1,20.0,False,2025,Canada,R,77.86,21.851,24.814,31.195
GAS,Alpine,7.0,0 days 00:01:17.763000,0 days 00:00:21.829000,0 days 00:00:24.655000,0 days 00:00:31.279000,HARD,7.0,1.0,,,1,20.0,False,2025,Canada,R,77.763,21.829,24.655,31.279
GAS,Alpine,8.0,0 days 00:01:17.699000,0 days 00:00:21.714000,0 days 00:00:24.633000,0 days 00:00:31.352000,HARD,8.0,1.0,,,1,20.0,False,2025,Canada,R,77.699,21.714,24.633,31.352
GAS,Alpine,9.0,0 days 00:01:17.827000,0 days 00:00:21.869000,0 days 00:00:24.653000,0 days 00:00:31.305000,HARD,9.0,1.0,,,1,20.0,False,2025,Canada,R,77.827,21.869,24.653,31.305
GAS,Alpine,10.0,0 days 00:01:17.772000,0 days 00:00:21.964000,0 days 00:00:24.584000,0 days 00:00:31.224000,HARD,10.0,1.0,,,1,20.0,False,2025,Canada,R,77.772,21.964,24.584,31.224
GAS,Alpine,11.0,0 days 00:01:17.565000,0 days 00:00:21.759000,0 days 00:00:24.641000,0 days 00:00:31.165000,HARD,11.0,1.0,,,1,20.0,False,2025,Canada,R,77.565,21.759,24.641,31.165
GAS,Alpine,12.0,0 days 00:01:17.584000,0 days 00:00:21.769000,0 days 00:00:24.588000,0 days 00:00:31.227000,HARD,12.0,1.0,,,1,20.0,False,2025,Canada,R,77.584,21.769,24.588,31.227
GAS,Alpine,13.0,0 days 00:01:17.900000,0 days 00:00:21.877000,0 days 00:00:24.586000,0 days 00:00:31.437000,HARD,13.0,1.0,,,1,19.0,False,2025,Canada,R,77.9,21.877,24.586,31.437
GAS,Alpine,14.0,0 days 00:01:18.075000,0 days 00:00:22.057000,0 days 00:00:24.721000,0 days 00:00:31.297000,HARD,14.0,1.0,,,1,18.0,False,2025,Canada,R,78.075,22.057,24.721,31.297
GAS,Alpine,15.0,0 days 00:01:17.851000,0 days 00:00:21.750000,0 days 00:00:24.722000,0 days 00:00:31.379000,HARD,15.0,1.0,,,1,18.0,False,2025,Canada,R,77.851,21.75,24.722,31.379
GAS,Alpine,16.0,0 days 00:01:18.040000,0 days 00:00:21.978000,0 days 00:00:24.816000,0 days 00:00:31.246000,HARD,16.0,1.0,,,1,17.0,False,2025,Canada,R,78.04,21.978,24.816,31.246
GAS,Alpine,17.0,0 days 00:01:17.727000,0 days 00:00:21.934000,0 days 00:00:24.643000,0 days 00:00:31.150000,HARD,17.0,1.0,,,1,17.0,False,2025,Canada,R,77.727,21.934,24.643,31.15
GAS,Alpine,18.0,0 days 00:01:17.145000,0 days 00:00:21.866000,0 days 00:00:24.571000,0 days 00:00:30.708000,HARD,18.0,1.0,,,1,16.0,False,2025,Canada,R,77.145,21.866,24.571,30.708
GAS,Alpine,19.0,0 days 00:01:18.269000,0 days 00:00:21.963000,0 days 00:00:24.664000,0 days 00:00:31.642000,HARD,19.0,1.0,,,1,16.0,False,2025,Canada,R,78.269,21.963,24.664,31.642
GAS,Alpine,20.0,0 days 00:01:17.802000,0 days 00:00:22.073000,0 days 00:00:24.756000,0 days 00:00:30.973000,HARD,20.0,1.0,,,1,16.0,False,2025,Canada,R,77.802,22.073,24.756,30.973
GAS,Alpine,21.0,0 days 00:01:18.890000,0 days 00:00:22.757000,0 days 00:00:24.911000,0 days 00:00:31.222000,HARD,21.0,1.0,,,1,16.0,False,2025,Canada,R,78.89,22.757,24.911,31.222
GAS,Alpine,22.0,0 days 00:01:18.066000,0 days 00:00:22.314000,0 days 00:00:24.713000,0 days 00:00:31.039000,HARD,22.0,1.0,,,1,16.0,False,2025,Canada,R,78.066,22.314,24.713,31.039
GAS,Alpine,23.0,0 days 00:01:18.444000,0 days 00:00:22.213000,0 days 00:00:24.830000,0 days 00:00:31.401000,HARD,23.0,1.0,,,1,15.0,False,2025,Canada,R,78.444,22.213,24.83,31.401
GAS,Alpine,24.0,0 days 00:01:18.001000,0 days 00:00:22.205000,0 days 00:00:24.714000,0 days 00:00:31.082000,HARD,24.0,1.0,,,1,14.0,False,2025,Canada,R,78.001,22.205,24.714,31.082
GAS,Alpine,25.0,0 days 00:01:17.219000,0 days 00:00:21.599000,0 days 00:00:24.458000,0 days 00:00:31.162000,HARD,25.0,1.0,,,1,14.0,False,2025,Canada,R,77.219,21.599,24.458,31.162
GAS,Alpine,26.0,0 days 00:01:17.451000,0 days 00:00:21.948000,0 days 00:00:24.477000,0 days 00:00:31.026000,HARD,26.0,1.0,,,1,14.0,False,2025,Canada,R,77.451,21.948,24.477,31.026
GAS,Alpine,27.0,0 days 00:01:17.610000,0 days 00:00:21.940000,0 days 00:00:24.764000,0 days 00:00:30.906000,HARD,27.0,1.0,,,1,14.0,False,2025,Canada,R,77.61,21.94,24.764,30.906
GAS,Alpine,28.0,0 days 00:01:17.678000,0 days 00:00:21.952000,0 days 00:00:24.649000,0 days 00:00:31.077000,HARD,28.0,1.0,,,1,14.0,False,2025,Canada,R,77.678,21.952,24.649,31.077
GAS,Alpine,29.0,0 days 00:01:17.877000,0 days 00:00:21.925000,0 days 00:00:24.823000,0 days 00:00:31.129000,HARD,29.0,1.0,,,1,14.0,False,2025,Canada,R,77.877,21.925,24.823,31.129
GAS,Alpine,30.0,0 days 00:01:17.687000,0 days 00:00:21.908000,0 days 00:00:24.730000,0 days 00:00:31.049000,HARD,30.0,1.0,,,1,14.0,False,2025,Canada,R,77.687,21.908,24.73,31.049
GAS,Alpine,31.0,0 days 00:01:17.578000,0 days 00:00:21.905000,0 days 00:00:24.580000,0 days 00:00:31.093000,HARD,31.0,1.0,,,1,14.0,False,2025,Canada,R,77.578,21.905,24.58,31.093
GAS,Alpine,32.0,0 days 00:01:17.980000,0 days 00:00:22.065000,0 days 00:00:24.724000,0 days 00:00:31.191000,HARD,32.0,1.0,,,1,14.0,False,2025,Canada,R,77.98,22.065,24.724,31.191
GAS,Alpine,33.0,0 days 00:01:17.504000,0 days 00:00:21.777000,0 days 00:00:24.563000,0 days 00:00:31.164000,HARD,33.0,1.0,,,1,14.0,False,2025,Canada,R,77.504,21.777,24.563,31.164
GAS,Alpine,34.0,0 days 00:01:17.923000,0 days 00:00:21.851000,0 days 00:00:24.625000,0 days 00:00:31.447000,HARD,34.0,1.0,,,1,15.0,False,2025,Canada,R,77.923,21.851,24.625,31.447
GAS,Alpine,35.0,0 days 00:01:18.614000,0 days 00:00:22.072000,0 days 00:00:24.685000,0 days 00:00:31.857000,HARD,35.0,1.0,,,1,16.0,False,2025,Canada,R,78.614,22.072,24.685,31.857
GAS,Alpine,36.0,0 days 00:01:17.242000,0 days 00:00:22.025000,0 days 00:00:24.350000,0 days 00:00:30.867000,HARD,36.0,1.0,,,1,16.0,False,2025,Canada,R,77.242,22.025,24.35,30.867
GAS,Alpine,37.0,0 days 00:01:17.580000,0 days 00:00:22,0 days 00:00:24.479000,0 days 00:00:31.101000,HARD,37.0,1.0,,,1,16.0,False,2025,Canada,R,77.58,22.0,24.479,31.101
GAS,Alpine,38.0,0 days 00:01:18.104000,0 days 00:00:22.229000,0 days 00:00:24.712000,0 days 00:00:31.163000,HARD,38.0,1.0,,,1,15.0,False,2025,Canada,R,78.104,22.229,24.712,31.163
GAS,Alpine,39.0,0 days 00:01:17.082000,0 days 00:00:21.701000,0 days 00:00:24.274000,0 days 00:00:31.107000,HARD,39.0,1.0,,,1,15.0,False,2025,Canada,R,77.082,21.701,24.274,31.107
GAS,Alpine,40.0,0 days 00:01:17.046000,0 days 00:00:21.649000,0 days 00:00:24.312000,0 days 00:00:31.085000,HARD,40.0,1.0,,,1,15.0,False,2025,Canada,R,77.046,21.649,24.312,31.085
GAS,Alpine,41.0,0 days 00:01:17.138000,0 days 00:00:21.615000,0 days 00:00:24.252000,0 days 00:00:31.271000,HARD,41.0,1.0,,,1,15.0,False,2025,Canada,R,77.138,21.615,24.252,31.271
GAS,Alpine,42.0,0 days 00:01:17.399000,0 days 00:00:21.567000,0 days 00:00:24.425000,0 days 00:00:31.407000,HARD,42.0,1.0,,,1,16.0,False,2025,Canada,R,77.399,21.567,24.425,31.407
GAS,Alpine,43.0,0 days 00:01:17.752000,0 days 00:00:22.022000,0 days 00:00:24.677000,0 days 00:00:31.053000,HARD,43.0,1.0,,,1,17.0,False,2025,Canada,R,77.752,22.022,24.677,31.053
GAS,Alpine,44.0,0 days 00:01:18.503000,0 days 00:00:22.245000,0 days 00:00:24.634000,0 days 00:00:31.624000,HARD,44.0,1.0,,,1,18.0,True,2025,Canada,R,78.503,22.245,24.634,31.624
GAS,Alpine,45.0,0 days 00:01:18.296000,0 days 00:00:22.088000,0 days 00:00:24.488000,0 days 00:00:31.720000,HARD,45.0,1.0,,,1,19.0,False,2025,Canada,R,78.296,22.088,24.488,31.72
GAS,Alpine,46.0,0 days 00:01:17.699000,0 days 00:00:21.968000,0 days 00:00:24.571000,0 days 00:00:31.160000,HARD,46.0,1.0,,,1,18.0,False,2025,Canada,R,77.699,21.968,24.571,31.16
GAS,Alpine,47.0,0 days 00:01:17.224000,0 days 00:00:21.613000,0 days 00:00:24.465000,0 days 00:00:31.146000,HARD,47.0,1.0,,,1,18.0,False,2025,Canada,R,77.224,21.613,24.465,31.146
GAS,Alpine,48.0,0 days 00:01:17.012000,0 days 00:00:21.780000,0 days 00:00:24.611000,0 days 00:00:30.621000,HARD,48.0,1.0,,,12,18.0,False,2025,Canada,R,77.012,21.78,24.611,30.621
GAS,Alpine,49.0,0 days 00:01:16.709000,0 days 00:00:21.738000,0 days 00:00:24.403000,0 days 00:00:30.568000,HARD,49.0,1.0,,,1,17.0,False,2025,Canada,R,76.709,21.738,24.403,30.568
GAS,Alpine,50.0,0 days 00:01:16.504000,0 days 00:00:21.608000,0 days 00:00:24.330000,0 days 00:00:30.566000,HARD,50.0,1.0,,,1,17.0,False,2025,Canada,R,76.504,21.608,24.33,30.566
GAS,Alpine,51.0,0 days 00:01:16.409000,0 days 00:00:21.533000,0 days 00:00:24.257000,0 days 00:00:30.619000,HARD,51.0,1.0,,,1,16.0,False,2025,Canada,R,76.409,21.533,24.257,30.619
GAS,Alpine,52.0,0 days 00:01:16.540000,0 days 00:00:21.302000,0 days 00:00:24.225000,0 days 00:00:31.013000,HARD,52.0,1.0,,,1,16.0,False,2025,Canada,R,76.54,21.302,24.225,31.013
GAS,Alpine,53.0,0 days 00:01:33.243000,0 days 00:00:21.546000,0 days 00:00:24.363000,0 days 00:00:47.334000,HARD,53.0,1.0,0 days 02:06:49.789000,,1,17.0,False,2025,Canada,R,93.243,21.546,24.363,47.334
GAS,Alpine,54.0,0 days 00:01:19.080000,0 days 00:00:23.603000,0 days 00:00:25.048000,0 days 00:00:30.429000,MEDIUM,1.0,2.0,,0 days 02:07:13.774000,1,17.0,False,2025,Canada,R,79.08,23.603,25.048,30.429
GAS,Alpine,55.0,0 days 00:01:15.332000,0 days 00:00:21.022000,0 days 00:00:23.809000,0 days 00:00:30.501000,MEDIUM,2.0,2.0,,,1,17.0,False,2025,Canada,R,75.332,21.022,23.809,30.501
GAS,Alpine,56.0,0 days 00:01:15.536000,0 days 00:00:21.018000,0 days 00:00:23.948000,0 days 00:00:30.570000,MEDIUM,3.0,2.0,,,1,17.0,False,2025,Canada,R,75.536,21.018,23.948,30.57
GAS,Alpine,57.0,0 days 00:01:15.526000,0 days 00:00:20.973000,0 days 00:00:23.965000,0 days 00:00:30.588000,MEDIUM,4.0,2.0,,,1,17.0,False,2025,Canada,R,75.526,20.973,23.965,30.588
GAS,Alpine,58.0,0 days 00:01:15.469000,0 days 00:00:21.056000,0 days 00:00:23.911000,0 days 00:00:30.502000,MEDIUM,5.0,2.0,,,1,17.0,False,2025,Canada,R,75.469,21.056,23.911,30.502
GAS,Alpine,59.0,0 days 00:01:15.121000,0 days 00:00:20.890000,0 days 00:00:23.809000,0 days 00:00:30.422000,MEDIUM,6.0,2.0,,,1,17.0,False,2025,Canada,R,75.121,20.89,23.809,30.422
GAS,Alpine,60.0,0 days 00:01:15.131000,0 days 00:00:20.926000,0 days 00:00:23.831000,0 days 00:00:30.374000,MEDIUM,7.0,2.0,,,1,17.0,False,2025,Canada,R,75.131,20.926,23.831,30.374
GAS,Alpine,61.0,0 days 00:01:15.104000,0 days 00:00:20.953000,0 days 00:00:23.870000,0 days 00:00:30.281000,MEDIUM,8.0,2.0,,,1,17.0,False,2025,Canada,R,75.104,20.953,23.87,30.281
GAS,Alpine,62.0,0 days 00:01:15.434000,0 days 00:00:20.947000,0 days 00:00:23.992000,0 days 00:00:30.495000,MEDIUM,9.0,2.0,,,1,17.0,False,2025,Canada,R,75.434,20.947,23.992,30.495
GAS,Alpine,63.0,0 days 00:01:14.993000,0 days 00:00:21.112000,0 days 00:00:23.700000,0 days 00:00:30.181000,MEDIUM,10.0,2.0,,,1,17.0,False,2025,Canada,R,74.993,21.112,23.7,30.181
GAS,Alpine,64.0,0 days 00:01:17.794000,0 days 00:00:21.907000,0 days 00:00:25.097000,0 days 00:00:30.790000,MEDIUM,11.0,2.0,,,1,17.0,False,2025,Canada,R,77.794,21.907,25.097,30.79
GAS,Alpine,65.0,0 days 00:01:16.207000,0 days 00:00:21.460000,0 days 00:00:24.094000,0 days 00:00:30.653000,MEDIUM,12.0,2.0,,,12,16.0,False,2025,Canada,R,76.207,21.46,24.094,30.653
GAS,Alpine,66.0,0 days 00:01:56.515000,0 days 00:00:34.095000,0 days 00:00:29.958000,0 days 00:00:52.462000,MEDIUM,13.0,2.0,0 days 02:24:02.772000,,24,16.0,False,2025,Canada,R,116.515,34.095,29.958,52.462
GAS,Alpine,67.0,0 days 00:01:55.427000,0 days 00:00:30.992000,0 days 00:00:34.660000,0 days 00:00:49.775000,MEDIUM,14.0,3.0,0 days 02:25:58.223000,0 days 02:24:20.976000,4,15.0,False,2025,Canada,R,115.427,30.992,34.66,49.775
GAS,Alpine,68.0,0 days 00:01:46.730000,0 days 00:00:31.549000,0 days 00:00:26.773000,0 days 00:00:48.408000,MEDIUM,15.0,4.0,0 days 02:27:44.940000,0 days 02:26:16.438000,4,15.0,False,2025,Canada,R,106.73,31.549,26.773,48.408
GAS,Alpine,69.0,0 days 00:01:58.960000,0 days 00:00:31.456000,0 days 00:00:33.109000,0 days 00:00:54.395000,MEDIUM,16.0,5.0,,0 days 02:28:03.065000,4,15.0,False,2025,Canada,R,118.96,31.456,33.109,54.395
ANT,Mercedes,1.0,0 days 00:01:23.319000,,0 days 00:00:24.897000,0 days 00:00:30.891000,MEDIUM,7.0,1.0,,,1,3.0,False,2025,Canada,R,83.319,,24.897,30.891
ANT,Mercedes,2.0,0 days 00:01:16.584000,0 days 00:00:21.887000,0 days 00:00:24.289000,0 days 00:00:30.408000,MEDIUM,8.0,1.0,,,1,3.0,False,2025,Canada,R,76.584,21.887,24.289,30.408
ANT,Mercedes,3.0,0 days 00:01:16.878000,0 days 00:00:21.641000,0 days 00:00:24.372000,0 days 00:00:30.865000,MEDIUM,9.0,1.0,,,1,3.0,True,2025,Canada,R,76.878,21.641,24.372,30.865
ANT,Mercedes,4.0,0 days 00:01:16.357000,0 days 00:00:21.512000,0 days 00:00:24.210000,0 days 00:00:30.635000,MEDIUM,10.0,1.0,,,1,3.0,False,2025,Canada,R,76.357,21.512,24.21,30.635
ANT,Mercedes,5.0,0 days 00:01:16.186000,0 days 00:00:21.290000,0 days 00:00:24.224000,0 days 00:00:30.672000,MEDIUM,11.0,1.0,,,1,3.0,False,2025,Canada,R,76.186,21.29,24.224,30.672
ANT,Mercedes,6.0,0 days 00:01:16.159000,0 days 00:00:21.314000,0 days 00:00:24.167000,0 days 00:00:30.678000,MEDIUM,12.0,1.0,,,1,3.0,False,2025,Canada,R,76.159,21.314,24.167,30.678
ANT,Mercedes,7.0,0 days 00:01:16.295000,0 days 00:00:21.340000,0 days 00:00:24.272000,0 days 00:00:30.683000,MEDIUM,13.0,1.0,,,1,3.0,False,2025,Canada,R,76.295,21.34,24.272,30.683
ANT,Mercedes,8.0,0 days 00:01:16.436000,0 days 00:00:21.342000,0 days 00:00:24.315000,0 days 00:00:30.779000,MEDIUM,14.0,1.0,,,1,3.0,False,2025,Canada,R,76.436,21.342,24.315,30.779
ANT,Mercedes,9.0,0 days 00:01:16.439000,0 days 00:00:21.368000,0 days 00:00:24.347000,0 days 00:00:30.724000,MEDIUM,15.0,1.0,,,1,3.0,False,2025,Canada,R,76.439,21.368,24.347,30.724
ANT,Mercedes,10.0,0 days 00:01:16.562000,0 days 00:00:21.399000,0 days 00:00:24.340000,0 days 00:00:30.823000,MEDIUM,16.0,1.0,,,1,3.0,False,2025,Canada,R,76.562,21.399,24.34,30.823
ANT,Mercedes,11.0,0 days 00:01:16.327000,0 days 00:00:21.398000,0 days 00:00:24.230000,0 days 00:00:30.699000,MEDIUM,17.0,1.0,,,1,3.0,False,2025,Canada,R,76.327,21.398,24.23,30.699
ANT,Mercedes,12.0,0 days 00:01:16.990000,0 days 00:00:21.617000,0 days 00:00:24.519000,0 days 00:00:30.854000,MEDIUM,18.0,1.0,,,1,2.0,False,2025,Canada,R,76.99,21.617,24.519,30.854
ANT,Mercedes,13.0,0 days 00:01:17.730000,0 days 00:00:21.622000,0 days 00:00:24.665000,0 days 00:00:31.443000,MEDIUM,19.0,1.0,,,1,1.0,False,2025,Canada,R,77.73,21.622,24.665,31.443
ANT,Mercedes,14.0,0 days 00:01:33.110000,0 days 00:00:21.829000,0 days 00:00:24.604000,0 days 00:00:46.677000,MEDIUM,20.0,1.0,0 days 01:15:53.561000,,1,9.0,False,2025,Canada,R,93.11,21.829,24.604,46.677
ANT,Mercedes,15.0,0 days 00:01:19.756000,0 days 00:00:24.290000,0 days 00:00:24.657000,0 days 00:00:30.809000,HARD,2.0,2.0,,0 days 01:16:16.796000,1,7.0,False,2025,Canada,R,79.756,24.29,24.657,30.809
ANT,Mercedes,16.0,0 days 00:01:15.989000,0 days 00:00:21.334000,0 days 00:00:24.123000,0 days 00:00:30.532000,HARD,3.0,2.0,,,1,6.0,False,2025,Canada,R,75.989,21.334,24.123,30.532
ANT,Mercedes,17.0,0 days 00:01:16.902000,0 days 00:00:21.475000,0 days 00:00:24.582000,0 days 00:00:30.845000,HARD,4.0,2.0,,,1,5.0,False,2025,Canada,R,76.902,21.475,24.582,30.845
ANT,Mercedes,18.0,0 days 00:01:16.140000,0 days 00:00:21.357000,0 days 00:00:24.161000,0 days 00:00:30.622000,HARD,5.0,2.0,,,1,5.0,False,2025,Canada,R,76.14,21.357,24.161,30.622
ANT,Mercedes,19.0,0 days 00:01:16.032000,0 days 00:00:21.339000,0 days 00:00:24.051000,0 days 00:00:30.642000,HARD,6.0,2.0,,,1,5.0,False,2025,Canada,R,76.032,21.339,24.051,30.642
ANT,Mercedes,20.0,0 days 00:01:15.936000,0 days 00:00:21.241000,0 days 00:00:24.031000,0 days 00:00:30.664000,HARD,7.0,2.0,,,1,5.0,False,2025,Canada,R,75.936,21.241,24.031,30.664
ANT,Mercedes,21.0,0 days 00:01:15.774000,0 days 00:00:21.163000,0 days 00:00:24.108000,0 days 00:00:30.503000,HARD,8.0,2.0,,,1,5.0,False,2025,Canada,R,75.774,21.163,24.108,30.503
ANT,Mercedes,22.0,0 days 00:01:15.941000,0 days 00:00:21.142000,0 days 00:00:24.133000,0 days 00:00:30.666000,HARD,9.0,2.0,,,1,5.0,False,2025,Canada,R,75.941,21.142,24.133,30.666
ANT,Mercedes,23.0,0 days 00:01:16.149000,0 days 00:00:21.226000,0 days 00:00:24.119000,0 days 00:00:30.804000,HARD,10.0,2.0,,,1,5.0,False,2025,Canada,R,76.149,21.226,24.119,30.804
ANT,Mercedes,24.0,0 days 00:01:15.895000,0 days 00:00:21.199000,0 days 00:00:24.046000,0 days 00:00:30.650000,HARD,11.0,2.0,,,1,5.0,False,2025,Canada,R,75.895,21.199,24.046,30.65
ANT,Mercedes,25.0,0 days 00:01:16.245000,0 days 00:00:21.250000,0 days 00:00:24.157000,0 days 00:00:30.838000,HARD,12.0,2.0,,,1,5.0,False,2025,Canada,R,76.245,21.25,24.157,30.838
ANT,Mercedes,26.0,0 days 00:01:15.729000,0 days 00:00:21.201000,0 days 00:00:23.973000,0 days 00:00:30.555000,HARD,13.0,2.0,,,1,5.0,False,2025,Canada,R,75.729,21.201,23.973,30.555
ANT,Mercedes,27.0,0 days 00:01:15.665000,0 days 00:00:21.040000,0 days 00:00:23.954000,0 days 00:00:30.671000,HARD,14.0,2.0,,,1,5.0,False,2025,Canada,R,75.665,21.04,23.954,30.671
ANT,Mercedes,28.0,0 days 00:01:15.602000,0 days 00:00:21.130000,0 days 00:00:23.931000,0 days 00:00:30.541000,HARD,15.0,2.0,,,1,4.0,False,2025,Canada,R,75.602,21.13,23.931,30.541
ANT,Mercedes,29.0,0 days 00:01:15.690000,0 days 00:00:21.066000,0 days 00:00:23.979000,0 days 00:00:30.645000,HARD,16.0,2.0,,,1,3.0,False,2025,Canada,R,75.69,21.066,23.979,30.645
ANT,Mercedes,30.0,0 days 00:01:15.405000,0 days 00:00:21.083000,0 days 00:00:23.924000,0 days 00:00:30.398000,HARD,17.0,2.0,,,1,3.0,False,2025,Canada,R,75.405,21.083,23.924,30.398
ANT,Mercedes,31.0,0 days 00:01:15.604000,0 days 00:00:21.220000,0 days 00:00:23.957000,0 days 00:00:30.427000,HARD,18.0,2.0,,,1,3.0,False,2025,Canada,R,75.604,21.22,23.957,30.427
ANT,Mercedes,32.0,0 days 00:01:15.394000,0 days 00:00:21.005000,0 days 00:00:23.931000,0 days 00:00:30.458000,HARD,19.0,2.0,,,1,3.0,False,2025,Canada,R,75.394,21.005,23.931,30.458
ANT,Mercedes,33.0,0 days 00:01:15.426000,0 days 00:00:21.017000,0 days 00:00:23.898000,0 days 00:00:30.511000,HARD,20.0,2.0,,,1,3.0,False,2025,Canada,R,75.426,21.017,23.898,30.511
ANT,Mercedes,34.0,0 days 00:01:15.449000,0 days 00:00:21.039000,0 days 00:00:23.989000,0 days 00:00:30.421000,HARD,21.0,2.0,,,1,3.0,False,2025,Canada,R,75.449,21.039,23.989,30.421
ANT,Mercedes,35.0,0 days 00:01:15.362000,0 days 00:00:21.024000,0 days 00:00:23.993000,0 days 00:00:30.345000,HARD,22.0,2.0,,,1,3.0,False,2025,Canada,R,75.362,21.024,23.993,30.345
ANT,Mercedes,36.0,0 days 00:01:15.445000,0 days 00:00:21.072000,0 days 00:00:23.911000,0 days 00:00:30.462000,HARD,23.0,2.0,,,1,3.0,False,2025,Canada,R,75.445,21.072,23.911,30.462
ANT,Mercedes,37.0,0 days 00:01:15.619000,0 days 00:00:21.093000,0 days 00:00:23.982000,0 days 00:00:30.544000,HARD,24.0,2.0,,,1,2.0,False,2025,Canada,R,75.619,21.093,23.982,30.544
ANT,Mercedes,38.0,0 days 00:01:31.064000,0 days 00:00:21.113000,0 days 00:00:23.857000,0 days 00:00:46.094000,HARD,25.0,2.0,0 days 01:46:31.523000,,1,5.0,False,2025,Canada,R,91.064,21.113,23.857,46.094
ANT,Mercedes,39.0,0 days 00:01:19.108000,0 days 00:00:24.316000,0 days 00:00:24.217000,0 days 00:00:30.575000,HARD,1.0,3.0,,0 days 01:46:55.070000,1,6.0,False,2025,Canada,R,79.108,24.316,24.217,30.575
ANT,Mercedes,40.0,0 days 00:01:15.340000,0 days 00:00:21.150000,0 days 00:00:23.824000,0 days 00:00:30.366000,HARD,2.0,3.0,,,1,6.0,False,2025,Canada,R,75.34,21.15,23.824,30.366
ANT,Mercedes,41.0,0 days 00:01:15.510000,0 days 00:00:21.212000,0 days 00:00:23.956000,0 days 00:00:30.342000,HARD,3.0,3.0,,,1,6.0,False,2025,Canada,R,75.51,21.212,23.956,30.342
ANT,Mercedes,42.0,0 days 00:01:15.473000,0 days 00:00:21.077000,0 days 00:00:23.915000,0 days 00:00:30.481000,HARD,4.0,3.0,,,1,6.0,False,2025,Canada,R,75.473,21.077,23.915,30.481
ANT,Mercedes,43.0,0 days 00:01:15.674000,0 days 00:00:21.253000,0 days 00:00:23.855000,0 days 00:00:30.566000,HARD,5.0,3.0,,,1,6.0,False,2025,Canada,R,75.674,21.253,23.855,30.566
ANT,Mercedes,44.0,0 days 00:01:15.211000,0 days 00:00:21.033000,0 days 00:00:23.873000,0 days 00:00:30.305000,HARD,6.0,3.0,,,1,6.0,False,2025,Canada,R,75.211,21.033,23.873,30.305
ANT,Mercedes,45.0,0 days 00:01:15.172000,0 days 00:00:21.054000,0 days 00:00:23.855000,0 days 00:00:30.263000,HARD,7.0,3.0,,,1,6.0,False,2025,Canada,R,75.172,21.054,23.855,30.263
ANT,Mercedes,46.0,0 days 00:01:15.110000,0 days 00:00:21.088000,0 days 00:00:23.815000,0 days 00:00:30.207000,HARD,8.0,3.0,,,1,5.0,False,2025,Canada,R,75.11,21.088,23.815,30.207
ANT,Mercedes,47.0,0 days 00:01:15.229000,0 days 00:00:21.050000,0 days 00:00:24.149000,0 days 00:00:30.030000,HARD,9.0,3.0,,,1,4.0,False,2025,Canada,R,75.229,21.05,24.149,30.03
ANT,Mercedes,48.0,0 days 00:01:15.167000,0 days 00:00:21.043000,0 days 00:00:23.871000,0 days 00:00:30.253000,HARD,10.0,3.0,,,12,4.0,False,2025,Canada,R,75.167,21.043,23.871,30.253
ANT,Mercedes,49.0,0 days 00:01:15.019000,0 days 00:00:20.985000,0 days 00:00:23.850000,0 days 00:00:30.184000,HARD,11.0,3.0,,,21,4.0,False,2025,Canada,R,75.019,20.985,23.85,30.184
ANT,Mercedes,50.0,0 days 00:01:15.001000,0 days 00:00:21.013000,0 days 00:00:23.860000,0 days 00:00:30.128000,HARD,12.0,3.0,,,1,4.0,False,2025,Canada,R,75.001,21.013,23.86,30.128
ANT,Mercedes,51.0,0 days 00:01:15.123000,0 days 00:00:21.034000,0 days 00:00:23.739000,0 days 00:00:30.350000,HARD,13.0,3.0,,,1,4.0,False,2025,Canada,R,75.123,21.034,23.739,30.35
ANT,Mercedes,52.0,0 days 00:01:15.152000,0 days 00:00:21.065000,0 days 00:00:23.809000,0 days 00:00:30.278000,HARD,14.0,3.0,,,1,4.0,False,2025,Canada,R,75.152,21.065,23.809,30.278
ANT,Mercedes,53.0,0 days 00:01:14.750000,0 days 00:00:20.915000,0 days 00:00:23.693000,0 days 00:00:30.142000,HARD,15.0,3.0,,,1,3.0,False,2025,Canada,R,74.75,20.915,23.693,30.142
ANT,Mercedes,54.0,0 days 00:01:14.817000,0 days 00:00:20.921000,0 days 00:00:23.729000,0 days 00:00:30.167000,HARD,16.0,3.0,,,1,3.0,False,2025,Canada,R,74.817,20.921,23.729,30.167
ANT,Mercedes,55.0,0 days 00:01:14.778000,0 days 00:00:20.936000,0 days 00:00:23.689000,0 days 00:00:30.153000,HARD,17.0,3.0,,,1,3.0,False,2025,Canada,R,74.778,20.936,23.689,30.153
ANT,Mercedes,56.0,0 days 00:01:14.860000,0 days 00:00:21.041000,0 days 00:00:23.678000,0 days 00:00:30.141000,HARD,18.0,3.0,,,1,3.0,False,2025,Canada,R,74.86,21.041,23.678,30.141
ANT,Mercedes,57.0,0 days 00:01:14.583000,0 days 00:00:20.882000,0 days 00:00:23.651000,0 days 00:00:30.050000,HARD,19.0,3.0,,,1,3.0,False,2025,Canada,R,74.583,20.882,23.651,30.05
ANT,Mercedes,58.0,0 days 00:01:14.992000,0 days 00:00:21.081000,0 days 00:00:23.649000,0 days 00:00:30.262000,HARD,20.0,3.0,,,1,3.0,False,2025,Canada,R,74.992,21.081,23.649,30.262
ANT,Mercedes,59.0,0 days 00:01:14.641000,0 days 00:00:20.847000,0 days 00:00:23.614000,0 days 00:00:30.180000,HARD,21.0,3.0,,,1,3.0,False,2025,Canada,R,74.641,20.847,23.614,30.18
ANT,Mercedes,60.0,0 days 00:01:14.455000,0 days 00:00:20.736000,0 days 00:00:23.698000,0 days 00:00:30.021000,HARD,22.0,3.0,,,1,3.0,False,2025,Canada,R,74.455,20.736,23.698,30.021
ANT,Mercedes,61.0,0 days 00:01:14.519000,0 days 00:00:20.765000,0 days 00:00:23.669000,0 days 00:00:30.085000,HARD,23.0,3.0,,,1,3.0,False,2025,Canada,R,74.519,20.765,23.669,30.085
ANT,Mercedes,62.0,0 days 00:01:14.484000,0 days 00:00:20.786000,0 days 00:00:23.602000,0 days 00:00:30.096000,HARD,24.0,3.0,,,1,3.0,False,2025,Canada,R,74.484,20.786,23.602,30.096
ANT,Mercedes,63.0,0 days 00:01:14.642000,0 days 00:00:20.804000,0 days 00:00:23.635000,0 days 00:00:30.203000,HARD,25.0,3.0,,,1,3.0,False,2025,Canada,R,74.642,20.804,23.635,30.203
ANT,Mercedes,64.0,0 days 00:01:14.564000,0 days 00:00:20.779000,0 days 00:00:23.632000,0 days 00:00:30.153000,HARD,26.0,3.0,,,1,3.0,False,2025,Canada,R,74.564,20.779,23.632,30.153
ANT,Mercedes,65.0,0 days 00:01:14.538000,0 days 00:00:20.771000,0 days 00:00:23.594000,0 days 00:00:30.173000,HARD,27.0,3.0,,,1,3.0,False,2025,Canada,R,74.538,20.771,23.594,30.173
ANT,Mercedes,66.0,0 days 00:01:14.653000,0 days 00:00:20.950000,0 days 00:00:23.514000,0 days 00:00:30.189000,HARD,28.0,3.0,,,1,3.0,False,2025,Canada,R,74.653,20.95,23.514,30.189
ANT,Mercedes,67.0,0 days 00:01:44.172000,0 days 00:00:20.882000,0 days 00:00:31.781000,0 days 00:00:51.509000,HARD,29.0,3.0,0 days 02:23:23.475000,,124,3.0,False,2025,Canada,R,104.172,20.882,31.781,51.509
ANT,Mercedes,68.0,0 days 00:02:03.303000,0 days 00:00:30.541000,0 days 00:00:32.085000,0 days 00:01:00.677000,HARD,30.0,4.0,0 days 02:25:26.109000,0 days 02:23:41.725000,4,3.0,False,2025,Canada,R,123.303,30.541,32.085,60.677
ANT,Mercedes,69.0,0 days 00:02:03.706000,0 days 00:00:33.894000,0 days 00:00:35.999000,0 days 00:00:53.813000,HARD,31.0,5.0,0 days 02:27:30.534000,0 days 02:25:45.036000,4,3.0,False,2025,Canada,R,123.706,33.894,35.999,53.813
ANT,Mercedes,70.0,0 days 00:02:06.371000,0 days 00:00:33.072000,0 days 00:00:36.850000,0 days 00:00:56.449000,HARD,32.0,6.0,,0 days 02:27:48.799000,4,3.0,False,2025,Canada,R,126.371,33.072,36.85,56.449
ALO,Aston Martin,1.0,0 days 00:01:25.331000,,0 days 00:00:25.305000,0 days 00:00:31.593000,MEDIUM,5.0,1.0,,,1,6.0,False,2025,Canada,R,85.331,,25.305,31.593
ALO,Aston Martin,2.0,0 days 00:01:17.402000,0 days 00:00:21.918000,0 days 00:00:24.579000,0 days 00:00:30.905000,MEDIUM,6.0,1.0,,,1,6.0,False,2025,Canada,R,77.402,21.918,24.579,30.905
ALO,Aston Martin,3.0,0 days 00:01:17.113000,0 days 00:00:21.820000,0 days 00:00:24.524000,0 days 00:00:30.769000,MEDIUM,7.0,1.0,,,1,6.0,False,2025,Canada,R,77.113,21.82,24.524,30.769
ALO,Aston Martin,4.0,0 days 00:01:16.677000,0 days 00:00:21.424000,0 days 00:00:24.298000,0 days 00:00:30.955000,MEDIUM,8.0,1.0,,,1,6.0,False,2025,Canada,R,76.677,21.424,24.298,30.955
ALO,Aston Martin,5.0,0 days 00:01:16.669000,0 days 00:00:21.586000,0 days 00:00:24.174000,0 days 00:00:30.909000,MEDIUM,9.0,1.0,,,1,6.0,False,2025,Canada,R,76.669,21.586,24.174,30.909
ALO,Aston Martin,6.0,0 days 00:01:16.510000,0 days 00:00:21.399000,0 days 00:00:24.261000,0 days 00:00:30.850000,MEDIUM,10.0,1.0,,,1,6.0,False,2025,Canada,R,76.51,21.399,24.261,30.85
ALO,Aston Martin,7.0,0 days 00:01:16.552000,0 days 00:00:21.483000,0 days 00:00:24.233000,0 days 00:00:30.836000,MEDIUM,11.0,1.0,,,1,6.0,False,2025,Canada,R,76.552,21.483,24.233,30.836
ALO,Aston Martin,8.0,0 days 00:01:16.369000,0 days 00:00:21.361000,0 days 00:00:24.240000,0 days 00:00:30.768000,MEDIUM,12.0,1.0,,,1,6.0,False,2025,Canada,R,76.369,21.361,24.24,30.768
ALO,Aston Martin,9.0,0 days 00:01:17.208000,0 days 00:00:21.558000,0 days 00:00:24.507000,0 days 00:00:31.143000,MEDIUM,13.0,1.0,,,1,6.0,False,2025,Canada,R,77.208,21.558,24.507,31.143
ALO,Aston Martin,10.0,0 days 00:01:17.921000,0 days 00:00:21.778000,0 days 00:00:24.685000,0 days 00:00:31.458000,MEDIUM,14.0,1.0,,,1,6.0,False,2025,Canada,R,77.921,21.778,24.685,31.458
ALO,Aston Martin,11.0,0 days 00:01:18.334000,0 days 00:00:21.923000,0 days 00:00:24.868000,0 days 00:00:31.543000,MEDIUM,15.0,1.0,,,1,7.0,False,2025,Canada,R,78.334,21.923,24.868,31.543
ALO,Aston Martin,12.0,0 days 00:01:18.250000,0 days 00:00:21.891000,0 days 00:00:24.714000,0 days 00:00:31.645000,MEDIUM,16.0,1.0,,,1,6.0,False,2025,Canada,R,78.25,21.891,24.714,31.645
ALO,Aston Martin,13.0,0 days 00:01:18.550000,0 days 00:00:21.941000,0 days 00:00:24.859000,0 days 00:00:31.750000,MEDIUM,17.0,1.0,,,1,6.0,False,2025,Canada,R,78.55,21.941,24.859,31.75
ALO,Aston Martin,14.0,0 days 00:01:18.790000,0 days 00:00:22.088000,0 days 00:00:25.050000,0 days 00:00:31.652000,MEDIUM,18.0,1.0,,,1,5.0,False,2025,Canada,R,78.79,22.088,25.05,31.652
ALO,Aston Martin,15.0,0 days 00:01:35.382000,0 days 00:00:22.250000,0 days 00:00:25.506000,0 days 00:00:47.626000,MEDIUM,19.0,1.0,0 days 01:17:24.467000,,1,17.0,False,2025,Canada,R,95.382,22.25,25.506,47.626
ALO,Aston Martin,16.0,0 days 00:01:19.841000,0 days 00:00:24,0 days 00:00:24.707000,0 days 00:00:31.134000,HARD,2.0,2.0,,0 days 01:17:48.472000,1,18.0,False,2025,Canada,R,79.841,24.0,24.707,31.134
ALO,Aston Martin,17.0,0 days 00:01:16.490000,0 days 00:00:21.623000,0 days 00:00:24.204000,0 days 00:00:30.663000,HARD,3.0,2.0,,,1,18.0,False,2025,Canada,R,76.49,21.623,24.204,30.663
ALO,Aston Martin,18.0,0 days 00:01:17.229000,0 days 00:00:21.989000,0 days 00:00:24.526000,0 days 00:00:30.714000,HARD,4.0,2.0,,,1,17.0,False,2025,Canada,R,77.229,21.989,24.526,30.714
ALO,Aston Martin,19.0,0 days 00:01:17.070000,0 days 00:00:21.959000,0 days 00:00:24.396000,0 days 00:00:30.715000,HARD,5.0,2.0,,,1,15.0,False,2025,Canada,R,77.07,21.959,24.396,30.715
ALO,Aston Martin,20.0,0 days 00:01:17.714000,0 days 00:00:22.160000,0 days 00:00:24.582000,0 days 00:00:30.972000,HARD,6.0,2.0,,,1,14.0,False,2025,Canada,R,77.714,22.16,24.582,30.972
ALO,Aston Martin,21.0,0 days 00:01:17.765000,0 days 00:00:21.918000,0 days 00:00:24.633000,0 days 00:00:31.214000,HARD,7.0,2.0,,,1,13.0,False,2025,Canada,R,77.765,21.918,24.633,31.214
ALO,Aston Martin,22.0,0 days 00:01:17.288000,0 days 00:00:21.688000,0 days 00:00:24.534000,0 days 00:00:31.066000,HARD,8.0,2.0,,,1,13.0,False,2025,Canada,R,77.288,21.688,24.534,31.066
ALO,Aston Martin,23.0,0 days 00:01:16.792000,0 days 00:00:21.808000,0 days 00:00:24.372000,0 days 00:00:30.612000,HARD,9.0,2.0,,,1,11.0,False,2025,Canada,R,76.792,21.808,24.372,30.612
ALO,Aston Martin,24.0,0 days 00:01:17.132000,0 days 00:00:21.497000,0 days 00:00:24.462000,0 days 00:00:31.173000,HARD,10.0,2.0,,,1,11.0,False,2025,Canada,R,77.132,21.497,24.462,31.173
ALO,Aston Martin,25.0,0 days 00:01:16.688000,0 days 00:00:21.445000,0 days 00:00:24.264000,0 days 00:00:30.979000,HARD,11.0,2.0,,,1,11.0,False,2025,Canada,R,76.688,21.445,24.264,30.979
ALO,Aston Martin,26.0,0 days 00:01:16.653000,0 days 00:00:21.484000,0 days 00:00:24.322000,0 days 00:00:30.847000,HARD,12.0,2.0,,,1,11.0,False,2025,Canada,R,76.653,21.484,24.322,30.847
ALO,Aston Martin,27.0,0 days 00:01:16.949000,0 days 00:00:21.539000,0 days 00:00:24.260000,0 days 00:00:31.150000,HARD,13.0,2.0,,,1,11.0,False,2025,Canada,R,76.949,21.539,24.26,31.15
ALO,Aston Martin,28.0,0 days 00:01:17.163000,0 days 00:00:22.209000,0 days 00:00:24.283000,0 days 00:00:30.671000,HARD,14.0,2.0,,,1,10.0,False,2025,Canada,R,77.163,22.209,24.283,30.671
ALO,Aston Martin,29.0,0 days 00:01:17.482000,0 days 00:00:21.612000,0 days 00:00:24.599000,0 days 00:00:31.271000,HARD,15.0,2.0,,,1,10.0,False,2025,Canada,R,77.482,21.612,24.599,31.271
ALO,Aston Martin,30.0,0 days 00:01:16.480000,0 days 00:00:21.290000,0 days 00:00:24.312000,0 days 00:00:30.878000,HARD,16.0,2.0,,,1,10.0,False,2025,Canada,R,76.48,21.29,24.312,30.878
ALO,Aston Martin,31.0,0 days 00:01:16.486000,0 days 00:00:21.426000,0 days 00:00:24.155000,0 days 00:00:30.905000,HARD,17.0,2.0,,,1,10.0,False,2025,Canada,R,76.486,21.426,24.155,30.905
ALO,Aston Martin,32.0,0 days 00:01:16.499000,0 days 00:00:21.371000,0 days 00:00:24.326000,0 days 00:00:30.802000,HARD,18.0,2.0,,,1,10.0,False,2025,Canada,R,76.499,21.371,24.326,30.802
ALO,Aston Martin,33.0,0 days 00:01:17.149000,0 days 00:00:21.775000,0 days 00:00:24.473000,0 days 00:00:30.901000,HARD,19.0,2.0,,,1,9.0,False,2025,Canada,R,77.149,21.775,24.473,30.901
ALO,Aston Martin,34.0,0 days 00:01:17.092000,0 days 00:00:21.505000,0 days 00:00:24.507000,0 days 00:00:31.080000,HARD,20.0,2.0,,,1,9.0,False,2025,Canada,R,77.092,21.505,24.507,31.08
ALO,Aston Martin,35.0,0 days 00:01:16.580000,0 days 00:00:21.284000,0 days 00:00:24.399000,0 days 00:00:30.897000,HARD,21.0,2.0,,,1,9.0,False,2025,Canada,R,76.58,21.284,24.399,30.897
ALO,Aston Martin,36.0,0 days 00:01:16.433000,0 days 00:00:21.375000,0 days 00:00:24.299000,0 days 00:00:30.759000,HARD,22.0,2.0,,,1,9.0,False,2025,Canada,R,76.433,21.375,24.299,30.759
ALO,Aston Martin,37.0,0 days 00:01:16.791000,0 days 00:00:21.628000,0 days 00:00:24.439000,0 days 00:00:30.724000,HARD,23.0,2.0,,,1,8.0,False,2025,Canada,R,76.791,21.628,24.439,30.724
ALO,Aston Martin,38.0,0 days 00:01:16.679000,0 days 00:00:21.290000,0 days 00:00:24.396000,0 days 00:00:30.993000,HARD,24.0,2.0,,,1,8.0,False,2025,Canada,R,76.679,21.29,24.396,30.993
ALO,Aston Martin,39.0,0 days 00:01:16.365000,0 days 00:00:21.301000,0 days 00:00:24.143000,0 days 00:00:30.921000,HARD,25.0,2.0,,,1,8.0,False,2025,Canada,R,76.365,21.301,24.143,30.921
ALO,Aston Martin,40.0,0 days 00:01:16.344000,0 days 00:00:21.275000,0 days 00:00:24.226000,0 days 00:00:30.843000,HARD,26.0,2.0,,,1,8.0,False,2025,Canada,R,76.344,21.275,24.226,30.843
ALO,Aston Martin,41.0,0 days 00:01:16.195000,0 days 00:00:21.224000,0 days 00:00:24.169000,0 days 00:00:30.802000,HARD,27.0,2.0,,,1,8.0,False,2025,Canada,R,76.195,21.224,24.169,30.802
ALO,Aston Martin,42.0,0 days 00:01:15.931000,0 days 00:00:21.165000,0 days 00:00:23.972000,0 days 00:00:30.794000,HARD,28.0,2.0,,,1,8.0,False,2025,Canada,R,75.931,21.165,23.972,30.794
ALO,Aston Martin,43.0,0 days 00:01:16.007000,0 days 00:00:21.179000,0 days 00:00:24.054000,0 days 00:00:30.774000,HARD,29.0,2.0,,,1,8.0,False,2025,Canada,R,76.007,21.179,24.054,30.774
ALO,Aston Martin,44.0,0 days 00:01:16.141000,0 days 00:00:21.230000,0 days 00:00:24.115000,0 days 00:00:30.796000,HARD,30.0,2.0,,,1,8.0,False,2025,Canada,R,76.141,21.23,24.115,30.796
ALO,Aston Martin,45.0,0 days 00:01:16.119000,0 days 00:00:21.241000,0 days 00:00:24.031000,0 days 00:00:30.847000,HARD,31.0,2.0,,,1,8.0,False,2025,Canada,R,76.119,21.241,24.031,30.847
ALO,Aston Martin,46.0,0 days 00:01:16.365000,0 days 00:00:21.424000,0 days 00:00:24.221000,0 days 00:00:30.720000,HARD,32.0,2.0,,,1,8.0,False,2025,Canada,R,76.365,21.424,24.221,30.72
ALO,Aston Martin,47.0,0 days 00:01:16.946000,0 days 00:00:21.326000,0 days 00:00:24.414000,0 days 00:00:31.206000,HARD,33.0,2.0,,,1,8.0,False,2025,Canada,R,76.946,21.326,24.414,31.206
ALO,Aston Martin,48.0,0 days 00:01:17.525000,0 days 00:00:21.422000,0 days 00:00:24.702000,0 days 00:00:31.401000,HARD,34.0,2.0,,,12,8.0,False,2025,Canada,R,77.525,21.422,24.702,31.401
ALO,Aston Martin,49.0,0 days 00:01:16.958000,0 days 00:00:21.605000,0 days 00:00:24.300000,0 days 00:00:31.053000,HARD,35.0,2.0,,,1,8.0,False,2025,Canada,R,76.958,21.605,24.3,31.053
ALO,Aston Martin,50.0,0 days 00:01:32.749000,0 days 00:00:21.414000,0 days 00:00:24.305000,0 days 00:00:47.030000,HARD,36.0,2.0,0 days 02:02:31.159000,,1,12.0,False,2025,Canada,R,92.749,21.414,24.305,47.03
ALO,Aston Martin,51.0,0 days 00:01:18.393000,0 days 00:00:23.644000,0 days 00:00:24.184000,0 days 00:00:30.565000,HARD,2.0,3.0,,0 days 02:02:54.678000,1,12.0,False,2025,Canada,R,78.393,23.644,24.184,30.565
ALO,Aston Martin,52.0,0 days 00:01:15.621000,0 days 00:00:21.070000,0 days 00:00:23.870000,0 days 00:00:30.681000,HARD,3.0,3.0,,,1,12.0,False,2025,Canada,R,75.621,21.07,23.87,30.681
ALO,Aston Martin,53.0,0 days 00:01:15.071000,0 days 00:00:21.066000,0 days 00:00:23.953000,0 days 00:00:30.052000,HARD,4.0,3.0,,,1,11.0,False,2025,Canada,R,75.071,21.066,23.953,30.052
ALO,Aston Martin,54.0,0 days 00:01:15.176000,0 days 00:00:20.814000,0 days 00:00:23.703000,0 days 00:00:30.659000,HARD,5.0,3.0,,,1,11.0,False,2025,Canada,R,75.176,20.814,23.703,30.659
ALO,Aston Martin,55.0,0 days 00:01:15.407000,0 days 00:00:21.002000,0 days 00:00:23.886000,0 days 00:00:30.519000,HARD,6.0,3.0,,,1,11.0,False,2025,Canada,R,75.407,21.002,23.886,30.519
ALO,Aston Martin,56.0,0 days 00:01:15.880000,0 days 00:00:21.173000,0 days 00:00:24.076000,0 days 00:00:30.631000,HARD,7.0,3.0,,,1,11.0,False,2025,Canada,R,75.88,21.173,24.076,30.631
ALO,Aston Martin,57.0,0 days 00:01:15.275000,0 days 00:00:21.120000,0 days 00:00:23.933000,0 days 00:00:30.222000,HARD,8.0,3.0,,,1,9.0,False,2025,Canada,R,75.275,21.12,23.933,30.222
ALO,Aston Martin,58.0,0 days 00:01:15.024000,0 days 00:00:20.892000,0 days 00:00:23.786000,0 days 00:00:30.346000,HARD,9.0,3.0,,,1,9.0,False,2025,Canada,R,75.024,20.892,23.786,30.346
ALO,Aston Martin,59.0,0 days 00:01:15.694000,0 days 00:00:21.178000,0 days 00:00:23.846000,0 days 00:00:30.670000,HARD,10.0,3.0,,,1,9.0,False,2025,Canada,R,75.694,21.178,23.846,30.67
ALO,Aston Martin,60.0,0 days 00:01:16.197000,0 days 00:00:21.411000,0 days 00:00:24.045000,0 days 00:00:30.741000,HARD,11.0,3.0,,,1,9.0,False,2025,Canada,R,76.197,21.411,24.045,30.741
ALO,Aston Martin,61.0,0 days 00:01:15.643000,0 days 00:00:21.171000,0 days 00:00:23.884000,0 days 00:00:30.588000,HARD,12.0,3.0,,,1,8.0,False,2025,Canada,R,75.643,21.171,23.884,30.588
ALO,Aston Martin,62.0,0 days 00:01:15.590000,0 days 00:00:21.100000,0 days 00:00:23.855000,0 days 00:00:30.635000,HARD,13.0,3.0,,,1,8.0,False,2025,Canada,R,75.59,21.1,23.855,30.635
ALO,Aston Martin,63.0,0 days 00:01:15.024000,0 days 00:00:20.814000,0 days 00:00:23.678000,0 days 00:00:30.532000,HARD,14.0,3.0,,,1,8.0,False,2025,Canada,R,75.024,20.814,23.678,30.532
ALO,Aston Martin,64.0,0 days 00:01:15.026000,0 days 00:00:20.846000,0 days 00:00:23.653000,0 days 00:00:30.527000,HARD,15.0,3.0,,,1,8.0,False,2025,Canada,R,75.026,20.846,23.653,30.527
ALO,Aston Martin,65.0,0 days 00:01:15.219000,0 days 00:00:20.881000,0 days 00:00:23.698000,0 days 00:00:30.640000,HARD,16.0,3.0,,,1,8.0,False,2025,Canada,R,75.219,20.881,23.698,30.64
ALO,Aston Martin,66.0,0 days 00:01:39.524000,0 days 00:00:21.007000,0 days 00:00:28.690000,0 days 00:00:49.827000,HARD,17.0,3.0,0 days 02:23:10.069000,,124,8.0,False,2025,Canada,R,99.524,21.007,28.69,49.827
ALO,Aston Martin,67.0,0 days 00:01:53.748000,0 days 00:00:29.313000,0 days 00:00:34.222000,0 days 00:00:50.213000,HARD,18.0,4.0,0 days 02:25:03.867000,0 days 02:23:28.382000,4,7.0,False,2025,Canada,R,113.748,29.313,34.222,50.213
ALO,Aston Martin,68.0,0 days 00:01:39.322000,0 days 00:00:29.532000,0 days 00:00:25.763000,0 days 00:00:44.027000,HARD,19.0,5.0,0 days 02:26:43.158000,0 days 02:25:22.095000,4,7.0,False,2025,Canada,R,99.322,29.532,25.763,44.027
ALO,Aston Martin,69.0,0 days 00:01:36.570000,0 days 00:00:29.329000,0 days 00:00:24.739000,0 days 00:00:42.502000,HARD,20.0,6.0,0 days 02:28:19.831000,0 days 02:27:01.471000,4,7.0,False,2025,Canada,R,96.57,29.329,24.739,42.502
ALO,Aston Martin,70.0,0 days 00:01:27.108000,0 days 00:00:27.535000,0 days 00:00:24.114000,0 days 00:00:35.459000,HARD,21.0,7.0,,0 days 02:28:38.065000,4,7.0,False,2025,Canada,R,87.108,27.535,24.114,35.459
LEC,Ferrari,1.0,0 days 00:01:26.330000,,0 days 00:00:25.593000,0 days 00:00:31.605000,HARD,1.0,1.0,,,1,8.0,False,2025,Canada,R,86.33,,25.593,31.605
LEC,Ferrari,2.0,0 days 00:01:17.784000,0 days 00:00:22.401000,0 days 00:00:24.527000,0 days 00:00:30.856000,HARD,2.0,1.0,,,1,8.0,False,2025,Canada,R,77.784,22.401,24.527,30.856
LEC,Ferrari,3.0,0 days 00:01:17.953000,0 days 00:00:22.212000,0 days 00:00:24.554000,0 days 00:00:31.187000,HARD,3.0,1.0,,,1,8.0,False,2025,Canada,R,77.953,22.212,24.554,31.187
LEC,Ferrari,4.0,0 days 00:01:17.884000,0 days 00:00:21.984000,0 days 00:00:24.708000,0 days 00:00:31.192000,HARD,4.0,1.0,,,1,8.0,False,2025,Canada,R,77.884,21.984,24.708,31.192
LEC,Ferrari,5.0,0 days 00:01:17.574000,0 days 00:00:22.009000,0 days 00:00:24.577000,0 days 00:00:30.988000,HARD,5.0,1.0,,,1,8.0,False,2025,Canada,R,77.574,22.009,24.577,30.988
LEC,Ferrari,6.0,0 days 00:01:16.808000,0 days 00:00:21.593000,0 days 00:00:24.348000,0 days 00:00:30.867000,HARD,6.0,1.0,,,1,8.0,False,2025,Canada,R,76.808,21.593,24.348,30.867
LEC,Ferrari,7.0,0 days 00:01:17.314000,0 days 00:00:21.688000,0 days 00:00:24.541000,0 days 00:00:31.085000,HARD,7.0,1.0,,,1,8.0,False,2025,Canada,R,77.314,21.688,24.541,31.085
LEC,Ferrari,8.0,0 days 00:01:16.430000,0 days 00:00:21.531000,0 days 00:00:24.235000,0 days 00:00:30.664000,HARD,8.0,1.0,,,1,8.0,False,2025,Canada,R,76.43,21.531,24.235,30.664
LEC,Ferrari,9.0,0 days 00:01:16.860000,0 days 00:00:21.636000,0 days 00:00:24.355000,0 days 00:00:30.869000,HARD,9.0,1.0,,,1,8.0,False,2025,Canada,R,76.86,21.636,24.355,30.869
LEC,Ferrari,10.0,0 days 00:01:17.088000,0 days 00:00:21.735000,0 days 00:00:24.399000,0 days 00:00:30.954000,HARD,10.0,1.0,,,1,8.0,False,2025,Canada,R,77.088,21.735,24.399,30.954
LEC,Ferrari,11.0,0 days 00:01:16.674000,0 days 00:00:21.485000,0 days 00:00:24.299000,0 days 00:00:30.890000,HARD,11.0,1.0,,,1,8.0,False,2025,Canada,R,76.674,21.485,24.299,30.89
LEC,Ferrari,12.0,0 days 00:01:16.998000,0 days 00:00:21.568000,0 days 00:00:24.402000,0 days 00:00:31.028000,HARD,12.0,1.0,,,1,7.0,False,2025,Canada,R,76.998,21.568,24.402,31.028
LEC,Ferrari,13.0,0 days 00:01:16.660000,0 days 00:00:21.710000,0 days 00:00:24.412000,0 days 00:00:30.538000,HARD,13.0,1.0,,,1,5.0,False,2025,Canada,R,76.66,21.71,24.412,30.538
LEC,Ferrari,14.0,0 days 00:01:16.727000,0 days 00:00:21.592000,0 days 00:00:24.318000,0 days 00:00:30.817000,HARD,14.0,1.0,,,1,4.0,False,2025,Canada,R,76.727,21.592,24.318,30.817
LEC,Ferrari,15.0,0 days 00:01:16.357000,0 days 00:00:21.443000,0 days 00:00:24.205000,0 days 00:00:30.709000,HARD,15.0,1.0,,,1,3.0,False,2025,Canada,R,76.357,21.443,24.205,30.709
LEC,Ferrari,16.0,0 days 00:01:16.587000,0 days 00:00:21.511000,0 days 00:00:24.279000,0 days 00:00:30.797000,HARD,16.0,1.0,,,1,2.0,False,2025,Canada,R,76.587,21.511,24.279,30.797
LEC,Ferrari,17.0,0 days 00:01:16.041000,0 days 00:00:21.304000,0 days 00:00:24.143000,0 days 00:00:30.594000,HARD,17.0,1.0,,,1,2.0,False,2025,Canada,R,76.041,21.304,24.143,30.594
LEC,Ferrari,18.0,0 days 00:01:16.121000,0 days 00:00:21.342000,0 days 00:00:24.090000,0 days 00:00:30.689000,HARD,18.0,1.0,,,1,2.0,False,2025,Canada,R,76.121,21.342,24.09,30.689
LEC,Ferrari,19.0,0 days 00:01:16.220000,0 days 00:00:21.438000,0 days 00:00:24.082000,0 days 00:00:30.700000,HARD,19.0,1.0,,,1,2.0,False,2025,Canada,R,76.22,21.438,24.082,30.7
LEC,Ferrari,20.0,0 days 00:01:16.108000,0 days 00:00:21.367000,0 days 00:00:24.042000,0 days 00:00:30.699000,HARD,20.0,1.0,,,1,2.0,False,2025,Canada,R,76.108,21.367,24.042,30.699
LEC,Ferrari,21.0,0 days 00:01:16.240000,0 days 00:00:21.366000,0 days 00:00:24.131000,0 days 00:00:30.743000,HARD,21.0,1.0,,,1,2.0,False,2025,Canada,R,76.24,21.366,24.131,30.743
LEC,Ferrari,22.0,0 days 00:01:16.493000,0 days 00:00:21.452000,0 days 00:00:24.275000,0 days 00:00:30.766000,HARD,22.0,1.0,,,1,2.0,False,2025,Canada,R,76.493,21.452,24.275,30.766
LEC,Ferrari,23.0,0 days 00:01:16.153000,0 days 00:00:21.338000,0 days 00:00:24.040000,0 days 00:00:30.775000,HARD,23.0,1.0,,,1,2.0,False,2025,Canada,R,76.153,21.338,24.04,30.775
LEC,Ferrari,24.0,0 days 00:01:16.130000,0 days 00:00:21.321000,0 days 00:00:24.168000,0 days 00:00:30.641000,HARD,24.0,1.0,,,1,2.0,False,2025,Canada,R,76.13,21.321,24.168,30.641
LEC,Ferrari,25.0,0 days 00:01:16.019000,0 days 00:00:21.172000,0 days 00:00:24.206000,0 days 00:00:30.641000,HARD,25.0,1.0,,,1,2.0,False,2025,Canada,R,76.019,21.172,24.206,30.641
LEC,Ferrari,26.0,0 days 00:01:16.541000,0 days 00:00:21.310000,0 days 00:00:24.102000,0 days 00:00:31.129000,HARD,26.0,1.0,,,1,3.0,False,2025,Canada,R,76.541,21.31,24.102,31.129
LEC,Ferrari,27.0,0 days 00:01:16.492000,0 days 00:00:21.606000,0 days 00:00:24.192000,0 days 00:00:30.694000,HARD,27.0,1.0,,,1,3.0,False,2025,Canada,R,76.492,21.606,24.192,30.694
LEC,Ferrari,28.0,0 days 00:01:31.967000,0 days 00:00:21.431000,0 days 00:00:24.252000,0 days 00:00:46.284000,HARD,28.0,1.0,0 days 01:33:50.589000,,1,6.0,False,2025,Canada,R,91.967,21.431,24.252,46.284
LEC,Ferrari,29.0,0 days 00:01:19.002000,0 days 00:00:23.883000,0 days 00:00:24.326000,0 days 00:00:30.793000,HARD,1.0,2.0,,0 days 01:34:14.077000,1,6.0,False,2025,Canada,R,79.002,23.883,24.326,30.793
LEC,Ferrari,30.0,0 days 00:01:15.675000,0 days 00:00:21.177000,0 days 00:00:23.892000,0 days 00:00:30.606000,HARD,2.0,2.0,,,1,6.0,False,2025,Canada,R,75.675,21.177,23.892,30.606
LEC,Ferrari,31.0,0 days 00:01:15.491000,0 days 00:00:21.156000,0 days 00:00:23.901000,0 days 00:00:30.434000,HARD,3.0,2.0,,,1,6.0,False,2025,Canada,R,75.491,21.156,23.901,30.434
LEC,Ferrari,32.0,0 days 00:01:15.335000,0 days 00:00:21.070000,0 days 00:00:23.878000,0 days 00:00:30.387000,HARD,4.0,2.0,,,1,6.0,False,2025,Canada,R,75.335,21.07,23.878,30.387
LEC,Ferrari,33.0,0 days 00:01:15.298000,0 days 00:00:20.971000,0 days 00:00:23.967000,0 days 00:00:30.360000,HARD,5.0,2.0,,,1,6.0,False,2025,Canada,R,75.298,20.971,23.967,30.36
LEC,Ferrari,34.0,0 days 00:01:15.361000,0 days 00:00:20.940000,0 days 00:00:23.974000,0 days 00:00:30.447000,HARD,6.0,2.0,,,1,6.0,False,2025,Canada,R,75.361,20.94,23.974,30.447
LEC,Ferrari,35.0,0 days 00:01:15.333000,0 days 00:00:21.059000,0 days 00:00:23.866000,0 days 00:00:30.408000,HARD,7.0,2.0,,,1,6.0,False,2025,Canada,R,75.333,21.059,23.866,30.408
LEC,Ferrari,36.0,0 days 00:01:15.525000,0 days 00:00:21.015000,0 days 00:00:24.036000,0 days 00:00:30.474000,HARD,8.0,2.0,,,1,6.0,False,2025,Canada,R,75.525,21.015,24.036,30.474
LEC,Ferrari,37.0,0 days 00:01:15.053000,0 days 00:00:21.014000,0 days 00:00:23.822000,0 days 00:00:30.217000,HARD,9.0,2.0,,,1,5.0,False,2025,Canada,R,75.053,21.014,23.822,30.217
LEC,Ferrari,38.0,0 days 00:01:15.092000,0 days 00:00:21.094000,0 days 00:00:23.777000,0 days 00:00:30.221000,HARD,10.0,2.0,,,1,4.0,False,2025,Canada,R,75.092,21.094,23.777,30.221
LEC,Ferrari,39.0,0 days 00:01:14.971000,0 days 00:00:20.931000,0 days 00:00:23.656000,0 days 00:00:30.384000,HARD,11.0,2.0,,,1,4.0,False,2025,Canada,R,74.971,20.931,23.656,30.384
LEC,Ferrari,40.0,0 days 00:01:15.226000,0 days 00:00:20.982000,0 days 00:00:23.723000,0 days 00:00:30.521000,HARD,12.0,2.0,,,1,4.0,False,2025,Canada,R,75.226,20.982,23.723,30.521
LEC,Ferrari,41.0,0 days 00:01:15.252000,0 days 00:00:20.977000,0 days 00:00:23.893000,0 days 00:00:30.382000,HARD,13.0,2.0,,,1,4.0,False,2025,Canada,R,75.252,20.977,23.893,30.382
LEC,Ferrari,42.0,0 days 00:01:15.319000,0 days 00:00:20.988000,0 days 00:00:23.903000,0 days 00:00:30.428000,HARD,14.0,2.0,,,1,3.0,False,2025,Canada,R,75.319,20.988,23.903,30.428
LEC,Ferrari,43.0,0 days 00:01:15.375000,0 days 00:00:21.115000,0 days 00:00:23.922000,0 days 00:00:30.338000,HARD,15.0,2.0,,,1,3.0,False,2025,Canada,R,75.375,21.115,23.922,30.338
LEC,Ferrari,44.0,0 days 00:01:15.087000,0 days 00:00:20.977000,0 days 00:00:23.805000,0 days 00:00:30.305000,HARD,16.0,2.0,,,1,3.0,False,2025,Canada,R,75.087,20.977,23.805,30.305
LEC,Ferrari,45.0,0 days 00:01:16.168000,0 days 00:00:21.072000,0 days 00:00:24.441000,0 days 00:00:30.655000,HARD,17.0,2.0,,,1,2.0,False,2025,Canada,R,76.168,21.072,24.441,30.655
LEC,Ferrari,46.0,0 days 00:01:15.216000,0 days 00:00:21.046000,0 days 00:00:23.871000,0 days 00:00:30.299000,HARD,18.0,2.0,,,1,2.0,False,2025,Canada,R,75.216,21.046,23.871,30.299
LEC,Ferrari,47.0,0 days 00:01:15.433000,0 days 00:00:21.061000,0 days 00:00:23.908000,0 days 00:00:30.464000,HARD,19.0,2.0,,,1,1.0,False,2025,Canada,R,75.433,21.061,23.908,30.464
LEC,Ferrari,48.0,0 days 00:01:15.169000,0 days 00:00:21.092000,0 days 00:00:23.803000,0 days 00:00:30.274000,HARD,20.0,2.0,,,12,1.0,False,2025,Canada,R,75.169,21.092,23.803,30.274
LEC,Ferrari,49.0,0 days 00:01:16.146000,0 days 00:00:21.009000,0 days 00:00:24.682000,0 days 00:00:30.455000,HARD,21.0,2.0,,,21,1.0,False,2025,Canada,R,76.146,21.009,24.682,30.455
LEC,Ferrari,50.0,0 days 00:01:15.462000,0 days 00:00:21.118000,0 days 00:00:23.975000,0 days 00:00:30.369000,HARD,22.0,2.0,,,1,1.0,False,2025,Canada,R,75.462,21.118,23.975,30.369
LEC,Ferrari,51.0,0 days 00:01:15.490000,0 days 00:00:21.108000,0 days 00:00:23.975000,0 days 00:00:30.407000,HARD,23.0,2.0,,,1,1.0,False,2025,Canada,R,75.49,21.108,23.975,30.407
LEC,Ferrari,52.0,0 days 00:01:15.061000,0 days 00:00:20.973000,0 days 00:00:23.826000,0 days 00:00:30.262000,HARD,24.0,2.0,,,1,1.0,False,2025,Canada,R,75.061,20.973,23.826,30.262
LEC,Ferrari,53.0,0 days 00:01:31.576000,0 days 00:00:21.045000,0 days 00:00:23.889000,0 days 00:00:46.642000,HARD,25.0,2.0,0 days 02:05:34.226000,,1,6.0,False,2025,Canada,R,91.576,21.045,23.889,46.642
LEC,Ferrari,54.0,0 days 00:01:18.603000,0 days 00:00:24.060000,0 days 00:00:24.325000,0 days 00:00:30.218000,MEDIUM,1.0,3.0,,0 days 02:05:58.101000,1,6.0,False,2025,Canada,R,78.603,24.06,24.325,30.218
LEC,Ferrari,55.0,0 days 00:01:15.179000,0 days 00:00:21.133000,0 days 00:00:23.842000,0 days 00:00:30.204000,MEDIUM,2.0,3.0,,,1,6.0,False,2025,Canada,R,75.179,21.133,23.842,30.204
LEC,Ferrari,56.0,0 days 00:01:14.579000,0 days 00:00:20.806000,0 days 00:00:23.689000,0 days 00:00:30.084000,MEDIUM,3.0,3.0,,,1,6.0,False,2025,Canada,R,74.579,20.806,23.689,30.084
LEC,Ferrari,57.0,0 days 00:01:14.261000,0 days 00:00:20.663000,0 days 00:00:23.594000,0 days 00:00:30.004000,MEDIUM,4.0,3.0,,,1,6.0,False,2025,Canada,R,74.261,20.663,23.594,30.004
LEC,Ferrari,58.0,0 days 00:01:14.396000,0 days 00:00:20.763000,0 days 00:00:23.623000,0 days 00:00:30.010000,MEDIUM,5.0,3.0,,,1,6.0,False,2025,Canada,R,74.396,20.763,23.623,30.01
LEC,Ferrari,59.0,0 days 00:01:14.798000,0 days 00:00:20.883000,0 days 00:00:23.763000,0 days 00:00:30.152000,MEDIUM,6.0,3.0,,,1,6.0,False,2025,Canada,R,74.798,20.883,23.763,30.152
LEC,Ferrari,60.0,0 days 00:01:15.232000,0 days 00:00:20.861000,0 days 00:00:24.187000,0 days 00:00:30.184000,MEDIUM,7.0,3.0,,,1,6.0,False,2025,Canada,R,75.232,20.861,24.187,30.184
LEC,Ferrari,61.0,0 days 00:01:14.717000,0 days 00:00:20.898000,0 days 00:00:23.719000,0 days 00:00:30.100000,MEDIUM,8.0,3.0,,,1,6.0,False,2025,Canada,R,74.717,20.898,23.719,30.1
LEC,Ferrari,62.0,0 days 00:01:15.781000,0 days 00:00:21.354000,0 days 00:00:24.140000,0 days 00:00:30.287000,MEDIUM,9.0,3.0,,,1,6.0,False,2025,Canada,R,75.781,21.354,24.14,30.287
LEC,Ferrari,63.0,0 days 00:01:15.715000,0 days 00:00:21.182000,0 days 00:00:24.023000,0 days 00:00:30.510000,MEDIUM,10.0,3.0,,,1,6.0,False,2025,Canada,R,75.715,21.182,24.023,30.51
LEC,Ferrari,64.0,0 days 00:01:14.284000,0 days 00:00:20.681000,0 days 00:00:23.617000,0 days 00:00:29.986000,MEDIUM,11.0,3.0,,,1,6.0,False,2025,Canada,R,74.284,20.681,23.617,29.986
LEC,Ferrari,65.0,0 days 00:01:15.338000,0 days 00:00:20.651000,0 days 00:00:23.498000,0 days 00:00:31.189000,MEDIUM,12.0,3.0,,,1,6.0,True,2025,Canada,R,75.338,20.651,23.498,31.189
LEC,Ferrari,66.0,0 days 00:01:15.343000,0 days 00:00:21.101000,0 days 00:00:23.895000,0 days 00:00:30.347000,MEDIUM,13.0,3.0,,,12,6.0,False,2025,Canada,R,75.343,21.101,23.895,30.347
LEC,Ferrari,67.0,0 days 00:01:52.504000,0 days 00:00:27.808000,0 days 00:00:33.456000,0 days 00:00:51.240000,MEDIUM,14.0,3.0,0 days 02:23:50.538000,,24,5.0,False,2025,Canada,R,112.504,27.808,33.456,51.24
LEC,Ferrari,68.0,0 days 00:01:54.938000,0 days 00:00:30.569000,0 days 00:00:33.440000,0 days 00:00:50.929000,MEDIUM,15.0,4.0,0 days 02:25:45.567000,0 days 02:24:08.835000,4,5.0,False,2025,Canada,R,114.938,30.569,33.44,50.929
LEC,Ferrari,69.0,0 days 00:01:50.800000,0 days 00:00:28.003000,0 days 00:00:29.232000,0 days 00:00:53.565000,MEDIUM,16.0,5.0,0 days 02:27:36.331000,0 days 02:26:03.817000,4,5.0,False,2025,Canada,R,110.8,28.003,29.232,53.565
LEC,Ferrari,70.0,0 days 00:02:02.993000,0 days 00:00:32.095000,0 days 00:00:35.168000,0 days 00:00:55.730000,MEDIUM,17.0,6.0,,0 days 02:27:54.534000,4,5.0,False,2025,Canada,R,122.993,32.095,35.168,55.73
STR,Aston Martin,1.0,0 days 00:01:31.602000,,0 days 00:00:26.575000,0 days 00:00:32.764000,HARD,2.0,1.0,,,1,18.0,False,2025,Canada,R,91.602,,26.575,32.764
STR,Aston Martin,2.0,0 days 00:01:20.175000,0 days 00:00:23.349000,0 days 00:00:25.353000,0 days 00:00:31.473000,HARD,3.0,1.0,,,1,18.0,False,2025,Canada,R,80.175,23.349,25.353,31.473
STR,Aston Martin,3.0,0 days 00:01:18.838000,0 days 00:00:22.448000,0 days 00:00:25.255000,0 days 00:00:31.135000,HARD,4.0,1.0,,,1,18.0,False,2025,Canada,R,78.838,22.448,25.255,31.135
STR,Aston Martin,4.0,0 days 00:01:18.142000,0 days 00:00:22.232000,0 days 00:00:24.622000,0 days 00:00:31.288000,HARD,5.0,1.0,,,1,18.0,False,2025,Canada,R,78.142,22.232,24.622,31.288
STR,Aston Martin,5.0,0 days 00:01:17.878000,0 days 00:00:22.049000,0 days 00:00:24.641000,0 days 00:00:31.188000,HARD,6.0,1.0,,,1,18.0,False,2025,Canada,R,77.878,22.049,24.641,31.188
STR,Aston Martin,6.0,0 days 00:01:17.596000,0 days 00:00:21.863000,0 days 00:00:24.616000,0 days 00:00:31.117000,HARD,7.0,1.0,,,1,18.0,False,2025,Canada,R,77.596,21.863,24.616,31.117
STR,Aston Martin,7.0,0 days 00:01:17.476000,0 days 00:00:21.795000,0 days 00:00:24.617000,0 days 00:00:31.064000,HARD,8.0,1.0,,,1,18.0,False,2025,Canada,R,77.476,21.795,24.617,31.064
STR,Aston Martin,8.0,0 days 00:01:17.636000,0 days 00:00:21.818000,0 days 00:00:24.685000,0 days 00:00:31.133000,HARD,9.0,1.0,,,1,18.0,False,2025,Canada,R,77.636,21.818,24.685,31.133
STR,Aston Martin,9.0,0 days 00:01:17.657000,0 days 00:00:21.860000,0 days 00:00:24.667000,0 days 00:00:31.130000,HARD,10.0,1.0,,,1,18.0,False,2025,Canada,R,77.657,21.86,24.667,31.13
STR,Aston Martin,10.0,0 days 00:01:17.481000,0 days 00:00:21.816000,0 days 00:00:24.675000,0 days 00:00:30.990000,HARD,11.0,1.0,,,1,18.0,False,2025,Canada,R,77.481,21.816,24.675,30.99
STR,Aston Martin,11.0,0 days 00:01:17.394000,0 days 00:00:21.686000,0 days 00:00:24.613000,0 days 00:00:31.095000,HARD,12.0,1.0,,,1,18.0,False,2025,Canada,R,77.394,21.686,24.613,31.095
STR,Aston Martin,12.0,0 days 00:01:17.804000,0 days 00:00:21.957000,0 days 00:00:24.628000,0 days 00:00:31.219000,HARD,13.0,1.0,,,1,18.0,False,2025,Canada,R,77.804,21.957,24.628,31.219
STR,Aston Martin,13.0,0 days 00:01:18.110000,0 days 00:00:21.787000,0 days 00:00:24.711000,0 days 00:00:31.612000,HARD,14.0,1.0,,,1,17.0,False,2025,Canada,R,78.11,21.787,24.711,31.612
STR,Aston Martin,14.0,0 days 00:01:18.362000,0 days 00:00:22.218000,0 days 00:00:24.827000,0 days 00:00:31.317000,HARD,15.0,1.0,,,1,16.0,False,2025,Canada,R,78.362,22.218,24.827,31.317
STR,Aston Martin,15.0,0 days 00:01:18.574000,0 days 00:00:22.303000,0 days 00:00:24.704000,0 days 00:00:31.567000,HARD,16.0,1.0,,,1,15.0,False,2025,Canada,R,78.574,22.303,24.704,31.567
STR,Aston Martin,16.0,0 days 00:01:18.285000,0 days 00:00:22.057000,0 days 00:00:24.789000,0 days 00:00:31.439000,HARD,17.0,1.0,,,1,15.0,False,2025,Canada,R,78.285,22.057,24.789,31.439
STR,Aston Martin,17.0,0 days 00:01:17.896000,0 days 00:00:22.071000,0 days 00:00:24.674000,0 days 00:00:31.151000,HARD,18.0,1.0,,,1,15.0,False,2025,Canada,R,77.896,22.071,24.674,31.151
STR,Aston Martin,18.0,0 days 00:01:17.968000,0 days 00:00:22.110000,0 days 00:00:24.889000,0 days 00:00:30.969000,HARD,19.0,1.0,,,1,14.0,False,2025,Canada,R,77.968,22.11,24.889,30.969
STR,Aston Martin,19.0,0 days 00:01:17.828000,0 days 00:00:22.062000,0 days 00:00:24.718000,0 days 00:00:31.048000,HARD,20.0,1.0,,,1,13.0,False,2025,Canada,R,77.828,22.062,24.718,31.048
STR,Aston Martin,20.0,0 days 00:01:17.933000,0 days 00:00:22.038000,0 days 00:00:24.613000,0 days 00:00:31.282000,HARD,21.0,1.0,,,1,13.0,False,2025,Canada,R,77.933,22.038,24.613,31.282
STR,Aston Martin,21.0,0 days 00:01:19.329000,0 days 00:00:22.059000,0 days 00:00:25.869000,0 days 00:00:31.401000,HARD,22.0,1.0,,,1,14.0,False,2025,Canada,R,79.329,22.059,25.869,31.401
STR,Aston Martin,22.0,0 days 00:01:17.955000,0 days 00:00:22.061000,0 days 00:00:24.638000,0 days 00:00:31.256000,HARD,23.0,1.0,,,1,14.0,False,2025,Canada,R,77.955,22.061,24.638,31.256
STR,Aston Martin,23.0,0 days 00:01:18.552000,0 days 00:00:22.091000,0 days 00:00:25.258000,0 days 00:00:31.203000,HARD,24.0,1.0,,,1,13.0,False,2025,Canada,R,78.552,22.091,25.258,31.203
STR,Aston Martin,24.0,0 days 00:01:33.814000,0 days 00:00:21.834000,0 days 00:00:24.744000,0 days 00:00:47.236000,HARD,25.0,1.0,0 days 01:29:22.003000,,1,19.0,False,2025,Canada,R,93.814,21.834,24.744,47.236
STR,Aston Martin,25.0,0 days 00:01:19.619000,0 days 00:00:24.088000,0 days 00:00:24.414000,0 days 00:00:31.117000,HARD,2.0,2.0,,0 days 01:29:45.659000,1,19.0,False,2025,Canada,R,79.619,24.088,24.414,31.117
STR,Aston Martin,26.0,0 days 00:01:16.577000,0 days 00:00:21.430000,0 days 00:00:24.104000,0 days 00:00:31.043000,HARD,3.0,2.0,,,1,19.0,False,2025,Canada,R,76.577,21.43,24.104,31.043
STR,Aston Martin,27.0,0 days 00:01:16.717000,0 days 00:00:21.472000,0 days 00:00:24.299000,0 days 00:00:30.946000,HARD,4.0,2.0,,,1,19.0,False,2025,Canada,R,76.717,21.472,24.299,30.946
STR,Aston Martin,28.0,0 days 00:01:16.329000,0 days 00:00:21.340000,0 days 00:00:24.098000,0 days 00:00:30.891000,HARD,5.0,2.0,,,1,19.0,False,2025,Canada,R,76.329,21.34,24.098,30.891
STR,Aston Martin,29.0,0 days 00:01:16.653000,0 days 00:00:21.477000,0 days 00:00:24.169000,0 days 00:00:31.007000,HARD,6.0,2.0,,,1,19.0,False,2025,Canada,R,76.653,21.477,24.169,31.007
STR,Aston Martin,30.0,0 days 00:01:16.514000,0 days 00:00:21.517000,0 days 00:00:24.114000,0 days 00:00:30.883000,HARD,7.0,2.0,,,1,19.0,False,2025,Canada,R,76.514,21.517,24.114,30.883
STR,Aston Martin,31.0,0 days 00:01:16.319000,0 days 00:00:21.400000,0 days 00:00:24.167000,0 days 00:00:30.752000,HARD,8.0,2.0,,,1,19.0,False,2025,Canada,R,76.319,21.4,24.167,30.752
STR,Aston Martin,32.0,0 days 00:01:16.360000,0 days 00:00:21.330000,0 days 00:00:24.113000,0 days 00:00:30.917000,HARD,9.0,2.0,,,1,19.0,False,2025,Canada,R,76.36,21.33,24.113,30.917
STR,Aston Martin,33.0,0 days 00:01:16.338000,0 days 00:00:21.420000,0 days 00:00:24.094000,0 days 00:00:30.824000,HARD,10.0,2.0,,,1,19.0,False,2025,Canada,R,76.338,21.42,24.094,30.824
STR,Aston Martin,34.0,0 days 00:01:16.274000,0 days 00:00:21.474000,0 days 00:00:24.071000,0 days 00:00:30.729000,HARD,11.0,2.0,,,1,19.0,False,2025,Canada,R,76.274,21.474,24.071,30.729
STR,Aston Martin,35.0,0 days 00:01:16.217000,0 days 00:00:21.338000,0 days 00:00:24.152000,0 days 00:00:30.727000,HARD,12.0,2.0,,,1,19.0,False,2025,Canada,R,76.217,21.338,24.152,30.727
STR,Aston Martin,36.0,0 days 00:01:16.390000,0 days 00:00:21.550000,0 days 00:00:24.097000,0 days 00:00:30.743000,HARD,13.0,2.0,,,1,19.0,False,2025,Canada,R,76.39,21.55,24.097,30.743
STR,Aston Martin,37.0,0 days 00:01:16.428000,0 days 00:00:21.581000,0 days 00:00:24.110000,0 days 00:00:30.737000,HARD,14.0,2.0,,,1,19.0,False,2025,Canada,R,76.428,21.581,24.11,30.737
STR,Aston Martin,38.0,0 days 00:01:18.042000,0 days 00:00:22.016000,0 days 00:00:24.655000,0 days 00:00:31.371000,HARD,15.0,2.0,,,1,18.0,False,2025,Canada,R,78.042,22.016,24.655,31.371
STR,Aston Martin,39.0,0 days 00:01:17.220000,0 days 00:00:22.010000,0 days 00:00:24.342000,0 days 00:00:30.868000,HARD,16.0,2.0,,,1,18.0,False,2025,Canada,R,77.22,22.01,24.342,30.868
STR,Aston Martin,40.0,0 days 00:01:16.962000,0 days 00:00:21.851000,0 days 00:00:24.367000,0 days 00:00:30.744000,HARD,17.0,2.0,,,1,18.0,False,2025,Canada,R,76.962,21.851,24.367,30.744
STR,Aston Martin,41.0,0 days 00:01:16.765000,0 days 00:00:21.959000,0 days 00:00:24.251000,0 days 00:00:30.555000,HARD,18.0,2.0,,,1,18.0,False,2025,Canada,R,76.765,21.959,24.251,30.555
STR,Aston Martin,42.0,0 days 00:01:17.432000,0 days 00:00:22.464000,0 days 00:00:24.386000,0 days 00:00:30.582000,HARD,19.0,2.0,,,1,18.0,False,2025,Canada,R,77.432,22.464,24.386,30.582
STR,Aston Martin,43.0,0 days 00:01:17.336000,0 days 00:00:21.955000,0 days 00:00:24.421000,0 days 00:00:30.960000,HARD,20.0,2.0,,,1,18.0,False,2025,Canada,R,77.336,21.955,24.421,30.96
STR,Aston Martin,44.0,0 days 00:01:17.512000,0 days 00:00:22.003000,0 days 00:00:24.460000,0 days 00:00:31.049000,HARD,21.0,2.0,,,1,17.0,False,2025,Canada,R,77.512,22.003,24.46,31.049
STR,Aston Martin,45.0,0 days 00:01:16.881000,0 days 00:00:21.659000,0 days 00:00:24.247000,0 days 00:00:30.975000,HARD,22.0,2.0,,,1,17.0,False,2025,Canada,R,76.881,21.659,24.247,30.975
STR,Aston Martin,46.0,0 days 00:01:17.704000,0 days 00:00:22.290000,0 days 00:00:24.505000,0 days 00:00:30.909000,HARD,23.0,2.0,,,1,17.0,False,2025,Canada,R,77.704,22.29,24.505,30.909
STR,Aston Martin,47.0,0 days 00:01:17.613000,0 days 00:00:22.286000,0 days 00:00:24.334000,0 days 00:00:30.993000,HARD,24.0,2.0,,,1,17.0,False,2025,Canada,R,77.613,22.286,24.334,30.993
STR,Aston Martin,48.0,0 days 00:01:17.658000,0 days 00:00:22.456000,0 days 00:00:24.512000,0 days 00:00:30.690000,HARD,25.0,2.0,,,12,17.0,False,2025,Canada,R,77.658,22.456,24.512,30.69
STR,Aston Martin,49.0,0 days 00:01:16.591000,0 days 00:00:21.734000,0 days 00:00:24.256000,0 days 00:00:30.601000,HARD,26.0,2.0,,,1,16.0,False,2025,Canada,R,76.591,21.734,24.256,30.601
STR,Aston Martin,50.0,0 days 00:01:16.496000,0 days 00:00:21.729000,0 days 00:00:24.148000,0 days 00:00:30.619000,HARD,27.0,2.0,,,1,16.0,False,2025,Canada,R,76.496,21.729,24.148,30.619
STR,Aston Martin,51.0,0 days 00:01:43.588000,0 days 00:00:21.649000,0 days 00:00:24.070000,0 days 00:00:57.869000,HARD,28.0,2.0,0 days 02:04:15.569000,,1,19.0,False,2025,Canada,R,103.588,21.649,24.07,57.869
STR,Aston Martin,52.0,0 days 00:01:18.926000,0 days 00:00:23.734000,0 days 00:00:24.191000,0 days 00:00:31.001000,MEDIUM,1.0,3.0,,0 days 02:04:50.351000,1,19.0,False,2025,Canada,R,78.926,23.734,24.191,31.001
STR,Aston Martin,53.0,0 days 00:01:15.244000,0 days 00:00:20.995000,0 days 00:00:23.710000,0 days 00:00:30.539000,MEDIUM,2.0,3.0,,,1,19.0,False,2025,Canada,R,75.244,20.995,23.71,30.539
STR,Aston Martin,54.0,0 days 00:01:15.298000,0 days 00:00:21.056000,0 days 00:00:23.772000,0 days 00:00:30.470000,MEDIUM,3.0,3.0,,,1,18.0,False,2025,Canada,R,75.298,21.056,23.772,30.47
STR,Aston Martin,55.0,0 days 00:01:14.943000,0 days 00:00:20.950000,0 days 00:00:23.621000,0 days 00:00:30.372000,MEDIUM,4.0,3.0,,,1,18.0,False,2025,Canada,R,74.943,20.95,23.621,30.372
STR,Aston Martin,56.0,0 days 00:01:14.912000,0 days 00:00:20.862000,0 days 00:00:23.694000,0 days 00:00:30.356000,MEDIUM,5.0,3.0,,,1,18.0,False,2025,Canada,R,74.912,20.862,23.694,30.356
STR,Aston Martin,57.0,0 days 00:01:14.902000,0 days 00:00:20.901000,0 days 00:00:23.715000,0 days 00:00:30.286000,MEDIUM,6.0,3.0,,,1,18.0,False,2025,Canada,R,74.902,20.901,23.715,30.286
STR,Aston Martin,58.0,0 days 00:01:15.062000,0 days 00:00:21.029000,0 days 00:00:23.622000,0 days 00:00:30.411000,MEDIUM,7.0,3.0,,,1,18.0,False,2025,Canada,R,75.062,21.029,23.622,30.411
STR,Aston Martin,59.0,0 days 00:01:15.025000,0 days 00:00:20.877000,0 days 00:00:23.748000,0 days 00:00:30.400000,MEDIUM,8.0,3.0,,,1,18.0,False,2025,Canada,R,75.025,20.877,23.748,30.4
STR,Aston Martin,60.0,0 days 00:01:14.958000,0 days 00:00:21.110000,0 days 00:00:23.602000,0 days 00:00:30.246000,MEDIUM,9.0,3.0,,,1,18.0,False,2025,Canada,R,74.958,21.11,23.602,30.246
STR,Aston Martin,61.0,0 days 00:01:14.911000,0 days 00:00:20.987000,0 days 00:00:23.638000,0 days 00:00:30.286000,MEDIUM,10.0,3.0,,,1,18.0,False,2025,Canada,R,74.911,20.987,23.638,30.286
STR,Aston Martin,62.0,0 days 00:01:15.091000,0 days 00:00:21.121000,0 days 00:00:23.677000,0 days 00:00:30.293000,MEDIUM,11.0,3.0,,,1,18.0,False,2025,Canada,R,75.091,21.121,23.677,30.293
STR,Aston Martin,63.0,0 days 00:01:15.147000,0 days 00:00:20.991000,0 days 00:00:23.672000,0 days 00:00:30.484000,MEDIUM,12.0,3.0,,,1,18.0,False,2025,Canada,R,75.147,20.991,23.672,30.484
STR,Aston Martin,64.0,0 days 00:01:15.344000,0 days 00:00:21.032000,0 days 00:00:23.871000,0 days 00:00:30.441000,MEDIUM,13.0,3.0,,,1,18.0,False,2025,Canada,R,75.344,21.032,23.871,30.441
STR,Aston Martin,65.0,0 days 00:01:16.510000,0 days 00:00:21.264000,0 days 00:00:24.495000,0 days 00:00:30.751000,MEDIUM,14.0,3.0,,,12,18.0,False,2025,Canada,R,76.51,21.264,24.495,30.751
STR,Aston Martin,66.0,0 days 00:02:03.386000,0 days 00:00:36.315000,0 days 00:00:30.379000,0 days 00:00:56.692000,MEDIUM,15.0,3.0,0 days 02:24:06.116000,,24,18.0,False,2025,Canada,R,123.386,36.315,30.379,56.692
STR,Aston Martin,67.0,0 days 00:01:55.934000,0 days 00:00:32.424000,0 days 00:00:32.160000,0 days 00:00:51.350000,SOFT,1.0,4.0,0 days 02:26:07.598000,0 days 02:24:29.937000,4,17.0,False,2025,Canada,R,115.934,32.424,32.16,51.35
STR,Aston Martin,68.0,0 days 00:01:41.811000,0 days 00:00:32.126000,0 days 00:00:25.509000,0 days 00:00:44.176000,SOFT,2.0,5.0,0 days 02:27:49.487000,0 days 02:26:25.908000,4,17.0,False,2025,Canada,R,101.811,32.126,25.509,44.176
STR,Aston Martin,69.0,0 days 00:01:55.527000,0 days 00:00:31.029000,0 days 00:00:31.496000,0 days 00:00:53.002000,SOFT,3.0,6.0,,0 days 02:28:07.846000,4,17.0,False,2025,Canada,R,115.527,31.029,31.496,53.002
TSU,Red Bull Racing,1.0,0 days 00:01:31.334000,,0 days 00:00:26.598000,0 days 00:00:32.884000,HARD,1.0,1.0,,,1,17.0,False,2025,Canada,R,91.334,,26.598,32.884
TSU,Red Bull Racing,2.0,0 days 00:01:20.040000,0 days 00:00:23.345000,0 days 00:00:25.010000,0 days 00:00:31.685000,HARD,2.0,1.0,,,1,17.0,False,2025,Canada,R,80.04,23.345,25.01,31.685
TSU,Red Bull Racing,3.0,0 days 00:01:18.366000,0 days 00:00:22.248000,0 days 00:00:24.801000,0 days 00:00:31.317000,HARD,3.0,1.0,,,1,17.0,False,2025,Canada,R,78.366,22.248,24.801,31.317
TSU,Red Bull Racing,4.0,0 days 00:01:17.777000,0 days 00:00:21.995000,0 days 00:00:24.627000,0 days 00:00:31.155000,HARD,4.0,1.0,,,1,17.0,False,2025,Canada,R,77.777,21.995,24.627,31.155
TSU,Red Bull Racing,5.0,0 days 00:01:17.394000,0 days 00:00:21.757000,0 days 00:00:24.646000,0 days 00:00:30.991000,HARD,5.0,1.0,,,1,17.0,False,2025,Canada,R,77.394,21.757,24.646,30.991
TSU,Red Bull Racing,6.0,0 days 00:01:17.357000,0 days 00:00:21.748000,0 days 00:00:24.636000,0 days 00:00:30.973000,HARD,6.0,1.0,,,1,17.0,False,2025,Canada,R,77.357,21.748,24.636,30.973
TSU,Red Bull Racing,7.0,0 days 00:01:17.516000,0 days 00:00:21.865000,0 days 00:00:24.572000,0 days 00:00:31.079000,HARD,7.0,1.0,,,1,17.0,False,2025,Canada,R,77.516,21.865,24.572,31.079
TSU,Red Bull Racing,8.0,0 days 00:01:17.570000,0 days 00:00:21.809000,0 days 00:00:24.681000,0 days 00:00:31.080000,HARD,8.0,1.0,,,1,17.0,False,2025,Canada,R,77.57,21.809,24.681,31.08
TSU,Red Bull Racing,9.0,0 days 00:01:17.445000,0 days 00:00:21.875000,0 days 00:00:24.536000,0 days 00:00:31.034000,HARD,9.0,1.0,,,1,17.0,False,2025,Canada,R,77.445,21.875,24.536,31.034
TSU,Red Bull Racing,10.0,0 days 00:01:17.091000,0 days 00:00:21.731000,0 days 00:00:24.406000,0 days 00:00:30.954000,HARD,10.0,1.0,,,1,17.0,False,2025,Canada,R,77.091,21.731,24.406,30.954
TSU,Red Bull Racing,11.0,0 days 00:01:17.362000,0 days 00:00:21.811000,0 days 00:00:24.425000,0 days 00:00:31.126000,HARD,11.0,1.0,,,1,17.0,False,2025,Canada,R,77.362,21.811,24.425,31.126
TSU,Red Bull Racing,12.0,0 days 00:01:18.050000,0 days 00:00:22.017000,0 days 00:00:24.636000,0 days 00:00:31.397000,HARD,12.0,1.0,,,1,17.0,False,2025,Canada,R,78.05,22.017,24.636,31.397
TSU,Red Bull Racing,13.0,0 days 00:01:19.240000,0 days 00:00:22.516000,0 days 00:00:25.163000,0 days 00:00:31.561000,HARD,13.0,1.0,,,1,16.0,False,2025,Canada,R,79.24,22.516,25.163,31.561
TSU,Red Bull Racing,14.0,0 days 00:01:18.861000,0 days 00:00:22.800000,0 days 00:00:24.680000,0 days 00:00:31.381000,HARD,14.0,1.0,,,1,15.0,False,2025,Canada,R,78.861,22.8,24.68,31.381
TSU,Red Bull Racing,15.0,0 days 00:01:17.894000,0 days 00:00:22.053000,0 days 00:00:24.591000,0 days 00:00:31.250000,HARD,15.0,1.0,,,1,14.0,False,2025,Canada,R,77.894,22.053,24.591,31.25
TSU,Red Bull Racing,16.0,0 days 00:01:17.929000,0 days 00:00:22.184000,0 days 00:00:24.604000,0 days 00:00:31.141000,HARD,16.0,1.0,,,1,13.0,False,2025,Canada,R,77.929,22.184,24.604,31.141
TSU,Red Bull Racing,17.0,0 days 00:01:17.804000,0 days 00:00:21.986000,0 days 00:00:24.626000,0 days 00:00:31.192000,HARD,17.0,1.0,,,1,13.0,False,2025,Canada,R,77.804,21.986,24.626,31.192
TSU,Red Bull Racing,18.0,0 days 00:01:17.901000,0 days 00:00:22.411000,0 days 00:00:24.527000,0 days 00:00:30.963000,HARD,18.0,1.0,,,1,12.0,False,2025,Canada,R,77.901,22.411,24.527,30.963
TSU,Red Bull Racing,19.0,0 days 00:01:17.531000,0 days 00:00:21.865000,0 days 00:00:24.474000,0 days 00:00:31.192000,HARD,19.0,1.0,,,1,11.0,False,2025,Canada,R,77.531,21.865,24.474,31.192
TSU,Red Bull Racing,20.0,0 days 00:01:17.673000,0 days 00:00:21.829000,0 days 00:00:24.660000,0 days 00:00:31.184000,HARD,20.0,1.0,,,1,11.0,False,2025,Canada,R,77.673,21.829,24.66,31.184
TSU,Red Bull Racing,21.0,0 days 00:01:18.248000,0 days 00:00:22.201000,0 days 00:00:24.644000,0 days 00:00:31.403000,HARD,21.0,1.0,,,1,10.0,False,2025,Canada,R,78.248,22.201,24.644,31.403
TSU,Red Bull Racing,22.0,0 days 00:01:17.730000,0 days 00:00:21.810000,0 days 00:00:24.491000,0 days 00:00:31.429000,HARD,22.0,1.0,,,1,10.0,False,2025,Canada,R,77.73,21.81,24.491,31.429
TSU,Red Bull Racing,23.0,0 days 00:01:17.434000,0 days 00:00:21.735000,0 days 00:00:24.418000,0 days 00:00:31.281000,HARD,23.0,1.0,,,1,10.0,False,2025,Canada,R,77.434,21.735,24.418,31.281
TSU,Red Bull Racing,24.0,0 days 00:01:17.135000,0 days 00:00:21.632000,0 days 00:00:24.396000,0 days 00:00:31.107000,HARD,24.0,1.0,,,1,10.0,False,2025,Canada,R,77.135,21.632,24.396,31.107
TSU,Red Bull Racing,25.0,0 days 00:01:17.129000,0 days 00:00:21.534000,0 days 00:00:24.350000,0 days 00:00:31.245000,HARD,25.0,1.0,,,1,10.0,False,2025,Canada,R,77.129,21.534,24.35,31.245
TSU,Red Bull Racing,26.0,0 days 00:01:17.265000,0 days 00:00:21.665000,0 days 00:00:24.428000,0 days 00:00:31.172000,HARD,26.0,1.0,,,1,10.0,False,2025,Canada,R,77.265,21.665,24.428,31.172
TSU,Red Bull Racing,27.0,0 days 00:01:17.427000,0 days 00:00:21.674000,0 days 00:00:24.386000,0 days 00:00:31.367000,HARD,27.0,1.0,,,1,10.0,False,2025,Canada,R,77.427,21.674,24.386,31.367
TSU,Red Bull Racing,28.0,0 days 00:01:17.880000,0 days 00:00:21.982000,0 days 00:00:24.375000,0 days 00:00:31.523000,HARD,28.0,1.0,,,1,11.0,False,2025,Canada,R,77.88,21.982,24.375,31.523
TSU,Red Bull Racing,29.0,0 days 00:01:17.845000,0 days 00:00:22.039000,0 days 00:00:24.604000,0 days 00:00:31.202000,HARD,29.0,1.0,,,1,11.0,False,2025,Canada,R,77.845,22.039,24.604,31.202
TSU,Red Bull Racing,30.0,0 days 00:01:17.902000,0 days 00:00:21.983000,0 days 00:00:24.497000,0 days 00:00:31.422000,HARD,30.0,1.0,,,1,11.0,False,2025,Canada,R,77.902,21.983,24.497,31.422
TSU,Red Bull Racing,31.0,0 days 00:01:17.507000,0 days 00:00:21.769000,0 days 00:00:24.464000,0 days 00:00:31.274000,HARD,31.0,1.0,,,1,11.0,False,2025,Canada,R,77.507,21.769,24.464,31.274
TSU,Red Bull Racing,32.0,0 days 00:01:17.208000,0 days 00:00:21.697000,0 days 00:00:24.398000,0 days 00:00:31.113000,HARD,32.0,1.0,,,1,11.0,False,2025,Canada,R,77.208,21.697,24.398,31.113
TSU,Red Bull Racing,33.0,0 days 00:01:17.225000,0 days 00:00:21.685000,0 days 00:00:24.425000,0 days 00:00:31.115000,HARD,33.0,1.0,,,1,11.0,False,2025,Canada,R,77.225,21.685,24.425,31.115
TSU,Red Bull Racing,34.0,0 days 00:01:17.470000,0 days 00:00:21.771000,0 days 00:00:24.419000,0 days 00:00:31.280000,HARD,34.0,1.0,,,1,11.0,False,2025,Canada,R,77.47,21.771,24.419,31.28
TSU,Red Bull Racing,35.0,0 days 00:01:17.491000,0 days 00:00:21.740000,0 days 00:00:24.504000,0 days 00:00:31.247000,HARD,35.0,1.0,,,1,11.0,False,2025,Canada,R,77.491,21.74,24.504,31.247
TSU,Red Bull Racing,36.0,0 days 00:01:17.469000,0 days 00:00:21.820000,0 days 00:00:24.427000,0 days 00:00:31.222000,HARD,36.0,1.0,,,1,11.0,False,2025,Canada,R,77.469,21.82,24.427,31.222
TSU,Red Bull Racing,37.0,0 days 00:01:17.393000,0 days 00:00:21.766000,0 days 00:00:24.521000,0 days 00:00:31.106000,HARD,37.0,1.0,,,1,11.0,False,2025,Canada,R,77.393,21.766,24.521,31.106
TSU,Red Bull Racing,38.0,0 days 00:01:17.407000,0 days 00:00:21.790000,0 days 00:00:24.480000,0 days 00:00:31.137000,HARD,38.0,1.0,,,1,11.0,False,2025,Canada,R,77.407,21.79,24.48,31.137
TSU,Red Bull Racing,39.0,0 days 00:01:17.345000,0 days 00:00:21.725000,0 days 00:00:24.467000,0 days 00:00:31.153000,HARD,39.0,1.0,,,1,11.0,False,2025,Canada,R,77.345,21.725,24.467,31.153
TSU,Red Bull Racing,40.0,0 days 00:01:17.322000,0 days 00:00:21.780000,0 days 00:00:24.456000,0 days 00:00:31.086000,HARD,40.0,1.0,,,1,11.0,False,2025,Canada,R,77.322,21.78,24.456,31.086
TSU,Red Bull Racing,41.0,0 days 00:01:17.208000,0 days 00:00:21.626000,0 days 00:00:24.492000,0 days 00:00:31.090000,HARD,41.0,1.0,,,1,11.0,False,2025,Canada,R,77.208,21.626,24.492,31.09
TSU,Red Bull Racing,42.0,0 days 00:01:17.026000,0 days 00:00:21.625000,0 days 00:00:24.322000,0 days 00:00:31.079000,HARD,42.0,1.0,,,1,11.0,False,2025,Canada,R,77.026,21.625,24.322,31.079
TSU,Red Bull Racing,43.0,0 days 00:01:16.942000,0 days 00:00:21.592000,0 days 00:00:24.294000,0 days 00:00:31.056000,HARD,43.0,1.0,,,1,11.0,False,2025,Canada,R,76.942,21.592,24.294,31.056
TSU,Red Bull Racing,44.0,0 days 00:01:16.971000,0 days 00:00:21.569000,0 days 00:00:24.330000,0 days 00:00:31.072000,HARD,44.0,1.0,,,1,11.0,False,2025,Canada,R,76.971,21.569,24.33,31.072
TSU,Red Bull Racing,45.0,0 days 00:01:17.006000,0 days 00:00:21.600000,0 days 00:00:24.331000,0 days 00:00:31.075000,HARD,45.0,1.0,,,1,11.0,False,2025,Canada,R,77.006,21.6,24.331,31.075
TSU,Red Bull Racing,46.0,0 days 00:01:16.972000,0 days 00:00:21.523000,0 days 00:00:24.266000,0 days 00:00:31.183000,HARD,46.0,1.0,,,1,11.0,False,2025,Canada,R,76.972,21.523,24.266,31.183
TSU,Red Bull Racing,47.0,0 days 00:01:16.950000,0 days 00:00:21.689000,0 days 00:00:24.264000,0 days 00:00:30.997000,HARD,47.0,1.0,,,1,11.0,False,2025,Canada,R,76.95,21.689,24.264,30.997
TSU,Red Bull Racing,48.0,0 days 00:01:16.995000,0 days 00:00:21.483000,0 days 00:00:24.217000,0 days 00:00:31.295000,HARD,48.0,1.0,,,12,12.0,False,2025,Canada,R,76.995,21.483,24.217,31.295
TSU,Red Bull Racing,49.0,0 days 00:01:17.323000,0 days 00:00:21.811000,0 days 00:00:24.487000,0 days 00:00:31.025000,HARD,49.0,1.0,,,1,12.0,False,2025,Canada,R,77.323,21.811,24.487,31.025
TSU,Red Bull Racing,50.0,0 days 00:01:16.934000,0 days 00:00:21.605000,0 days 00:00:24.296000,0 days 00:00:31.033000,HARD,50.0,1.0,,,1,11.0,False,2025,Canada,R,76.934,21.605,24.296,31.033
TSU,Red Bull Racing,51.0,0 days 00:01:16.733000,0 days 00:00:21.494000,0 days 00:00:24.347000,0 days 00:00:30.892000,HARD,51.0,1.0,,,1,11.0,False,2025,Canada,R,76.733,21.494,24.347,30.892
TSU,Red Bull Racing,52.0,0 days 00:01:16.904000,0 days 00:00:21.487000,0 days 00:00:24.387000,0 days 00:00:31.030000,HARD,52.0,1.0,,,1,11.0,False,2025,Canada,R,76.904,21.487,24.387,31.03
TSU,Red Bull Racing,53.0,0 days 00:01:17.197000,0 days 00:00:21.569000,0 days 00:00:24.258000,0 days 00:00:31.370000,HARD,53.0,1.0,,,1,12.0,False,2025,Canada,R,77.197,21.569,24.258,31.37
TSU,Red Bull Racing,54.0,0 days 00:01:16.861000,0 days 00:00:21.716000,0 days 00:00:24.250000,0 days 00:00:30.895000,HARD,54.0,1.0,,,1,12.0,False,2025,Canada,R,76.861,21.716,24.25,30.895
TSU,Red Bull Racing,55.0,0 days 00:01:16.557000,0 days 00:00:21.572000,0 days 00:00:24.138000,0 days 00:00:30.847000,HARD,55.0,1.0,,,1,12.0,False,2025,Canada,R,76.557,21.572,24.138,30.847
TSU,Red Bull Racing,56.0,0 days 00:01:34.420000,0 days 00:00:21.447000,0 days 00:00:24.282000,0 days 00:00:48.691000,HARD,56.0,1.0,0 days 02:10:27.400000,,1,15.0,False,2025,Canada,R,94.42,21.447,24.282,48.691
TSU,Red Bull Racing,57.0,0 days 00:01:19.644000,0 days 00:00:24.492000,0 days 00:00:24.407000,0 days 00:00:30.745000,MEDIUM,1.0,2.0,,0 days 02:10:52.463000,1,15.0,False,2025,Canada,R,79.644,24.492,24.407,30.745
TSU,Red Bull Racing,58.0,0 days 00:01:15.427000,0 days 00:00:21.073000,0 days 00:00:23.728000,0 days 00:00:30.626000,MEDIUM,2.0,2.0,,,1,15.0,False,2025,Canada,R,75.427,21.073,23.728,30.626
TSU,Red Bull Racing,59.0,0 days 00:01:15.358000,0 days 00:00:20.979000,0 days 00:00:23.852000,0 days 00:00:30.527000,MEDIUM,3.0,2.0,,,1,15.0,False,2025,Canada,R,75.358,20.979,23.852,30.527
TSU,Red Bull Racing,60.0,0 days 00:01:15.510000,0 days 00:00:21.187000,0 days 00:00:24.028000,0 days 00:00:30.295000,MEDIUM,4.0,2.0,,,1,15.0,False,2025,Canada,R,75.51,21.187,24.028,30.295
TSU,Red Bull Racing,61.0,0 days 00:01:18.159000,0 days 00:00:21.693000,0 days 00:00:24.183000,0 days 00:00:32.283000,MEDIUM,5.0,2.0,,,1,15.0,False,2025,Canada,R,78.159,21.693,24.183,32.283
TSU,Red Bull Racing,62.0,0 days 00:01:16.313000,0 days 00:00:21.319000,0 days 00:00:24.368000,0 days 00:00:30.626000,MEDIUM,6.0,2.0,,,1,14.0,False,2025,Canada,R,76.313,21.319,24.368,30.626
TSU,Red Bull Racing,63.0,0 days 00:01:16.318000,0 days 00:00:21.453000,0 days 00:00:23.970000,0 days 00:00:30.895000,MEDIUM,7.0,2.0,,,1,14.0,False,2025,Canada,R,76.318,21.453,23.97,30.895
TSU,Red Bull Racing,64.0,0 days 00:01:15.910000,0 days 00:00:21.649000,0 days 00:00:23.906000,0 days 00:00:30.355000,MEDIUM,8.0,2.0,,,1,13.0,False,2025,Canada,R,75.91,21.649,23.906,30.355
TSU,Red Bull Racing,65.0,0 days 00:01:15.845000,0 days 00:00:21.193000,0 days 00:00:23.993000,0 days 00:00:30.659000,MEDIUM,9.0,2.0,,,12,13.0,False,2025,Canada,R,75.845,21.193,23.993,30.659
TSU,Red Bull Racing,66.0,0 days 00:01:53.199000,0 days 00:00:29.823000,0 days 00:00:32.134000,0 days 00:00:51.242000,MEDIUM,10.0,2.0,0 days 02:23:55.772000,,24,13.0,False,2025,Canada,R,113.199,29.823,32.134,51.242
TSU,Red Bull Racing,67.0,0 days 00:01:57.242000,0 days 00:00:31.721000,0 days 00:00:33.383000,0 days 00:00:52.138000,MEDIUM,11.0,3.0,0 days 02:25:53.130000,0 days 02:24:14.022000,4,12.0,False,2025,Canada,R,117.242,31.721,33.383,52.138
TSU,Red Bull Racing,68.0,0 days 00:01:46.349000,0 days 00:00:28.871000,0 days 00:00:26.533000,0 days 00:00:50.945000,MEDIUM,12.0,4.0,0 days 02:27:39.424000,0 days 02:26:11.377000,4,12.0,False,2025,Canada,R,106.349,28.871,26.533,50.945
TSU,Red Bull Racing,69.0,0 days 00:02:01.904000,0 days 00:00:31.047000,0 days 00:00:35.669000,0 days 00:00:55.188000,MEDIUM,13.0,5.0,,0 days 02:27:57.674000,4,12.0,False,2025,Canada,R,121.904,31.047,35.669,55.188
ALB,Williams,1.0,0 days 00:01:29.443000,,0 days 00:00:26.720000,0 days 00:00:32.806000,MEDIUM,5.0,1.0,,,1,12.0,False,2025,Canada,R,89.443,,26.72,32.806
ALB,Williams,2.0,0 days 00:01:18.730000,0 days 00:00:22.801000,0 days 00:00:24.854000,0 days 00:00:31.075000,MEDIUM,6.0,1.0,,,1,12.0,False,2025,Canada,R,78.73,22.801,24.854,31.075
ALB,Williams,3.0,0 days 00:01:18.131000,0 days 00:00:22.373000,0 days 00:00:24.779000,0 days 00:00:30.979000,MEDIUM,7.0,1.0,,,1,12.0,False,2025,Canada,R,78.131,22.373,24.779,30.979
ALB,Williams,4.0,0 days 00:01:17.476000,0 days 00:00:21.885000,0 days 00:00:24.701000,0 days 00:00:30.890000,MEDIUM,8.0,1.0,,,1,12.0,False,2025,Canada,R,77.476,21.885,24.701,30.89
ALB,Williams,5.0,0 days 00:01:17.509000,0 days 00:00:21.936000,0 days 00:00:24.776000,0 days 00:00:30.797000,MEDIUM,9.0,1.0,,,1,12.0,False,2025,Canada,R,77.509,21.936,24.776,30.797
ALB,Williams,6.0,0 days 00:01:17.302000,0 days 00:00:21.774000,0 days 00:00:24.670000,0 days 00:00:30.858000,MEDIUM,10.0,1.0,,,1,12.0,False,2025,Canada,R,77.302,21.774,24.67,30.858
ALB,Williams,7.0,0 days 00:01:17.312000,0 days 00:00:21.869000,0 days 00:00:24.617000,0 days 00:00:30.826000,MEDIUM,11.0,1.0,,,1,12.0,False,2025,Canada,R,77.312,21.869,24.617,30.826
ALB,Williams,8.0,0 days 00:01:17.500000,0 days 00:00:21.858000,0 days 00:00:24.711000,0 days 00:00:30.931000,MEDIUM,12.0,1.0,,,1,12.0,False,2025,Canada,R,77.5,21.858,24.711,30.931
ALB,Williams,9.0,0 days 00:01:17.275000,0 days 00:00:21.817000,0 days 00:00:24.606000,0 days 00:00:30.852000,MEDIUM,13.0,1.0,,,1,12.0,False,2025,Canada,R,77.275,21.817,24.606,30.852
ALB,Williams,10.0,0 days 00:01:17.407000,0 days 00:00:21.779000,0 days 00:00:24.545000,0 days 00:00:31.083000,MEDIUM,14.0,1.0,,,1,12.0,False,2025,Canada,R,77.407,21.779,24.545,31.083
ALB,Williams,11.0,0 days 00:01:18.023000,0 days 00:00:22.117000,0 days 00:00:24.742000,0 days 00:00:31.164000,MEDIUM,15.0,1.0,,,1,12.0,False,2025,Canada,R,78.023,22.117,24.742,31.164
ALB,Williams,12.0,0 days 00:01:18.350000,0 days 00:00:22.199000,0 days 00:00:24.910000,0 days 00:00:31.241000,MEDIUM,16.0,1.0,,,1,11.0,False,2025,Canada,R,78.35,22.199,24.91,31.241
ALB,Williams,13.0,0 days 00:01:17.885000,0 days 00:00:21.734000,0 days 00:00:24.756000,0 days 00:00:31.395000,MEDIUM,17.0,1.0,,,1,11.0,False,2025,Canada,R,77.885,21.734,24.756,31.395
ALB,Williams,14.0,0 days 00:01:17.910000,0 days 00:00:21.915000,0 days 00:00:24.748000,0 days 00:00:31.247000,MEDIUM,18.0,1.0,,,1,10.0,False,2025,Canada,R,77.91,21.915,24.748,31.247
ALB,Williams,15.0,0 days 00:01:18.097000,0 days 00:00:21.936000,0 days 00:00:24.825000,0 days 00:00:31.336000,MEDIUM,19.0,1.0,,,1,8.0,False,2025,Canada,R,78.097,21.936,24.825,31.336
ALB,Williams,16.0,0 days 00:01:18.040000,0 days 00:00:21.908000,0 days 00:00:24.854000,0 days 00:00:31.278000,MEDIUM,20.0,1.0,,,1,8.0,False,2025,Canada,R,78.04,21.908,24.854,31.278
ALB,Williams,17.0,0 days 00:01:18.153000,0 days 00:00:21.891000,0 days 00:00:24.870000,0 days 00:00:31.392000,MEDIUM,21.0,1.0,,,1,8.0,False,2025,Canada,R,78.153,21.891,24.87,31.392
ALB,Williams,18.0,0 days 00:01:18.090000,0 days 00:00:21.870000,0 days 00:00:24.726000,0 days 00:00:31.494000,MEDIUM,22.0,1.0,,,1,8.0,False,2025,Canada,R,78.09,21.87,24.726,31.494
ALB,Williams,19.0,0 days 00:01:18.857000,0 days 00:00:22.026000,0 days 00:00:24.842000,0 days 00:00:31.989000,MEDIUM,23.0,1.0,,,1,8.0,False,2025,Canada,R,78.857,22.026,24.842,31.989
ALB,Williams,20.0,0 days 00:01:20.082000,0 days 00:00:23.362000,0 days 00:00:25.234000,0 days 00:00:31.486000,MEDIUM,24.0,1.0,,,1,10.0,False,2025,Canada,R,80.082,23.362,25.234,31.486
ALB,Williams,21.0,0 days 00:01:19.244000,0 days 00:00:22.215000,0 days 00:00:24.967000,0 days 00:00:32.062000,MEDIUM,25.0,1.0,,,1,11.0,False,2025,Canada,R,79.244,22.215,24.967,32.062
ALB,Williams,22.0,0 days 00:01:19.463000,0 days 00:00:22.322000,0 days 00:00:25.004000,0 days 00:00:32.137000,MEDIUM,26.0,1.0,,,1,12.0,False,2025,Canada,R,79.463,22.322,25.004,32.137
ALB,Williams,23.0,0 days 00:01:37.229000,0 days 00:00:23.253000,0 days 00:00:25.322000,0 days 00:00:48.654000,MEDIUM,27.0,1.0,0 days 01:28:05.116000,,1,20.0,False,2025,Canada,R,97.229,23.253,25.322,48.654
ALB,Williams,24.0,0 days 00:01:20.839000,0 days 00:00:24.929000,0 days 00:00:24.845000,0 days 00:00:31.065000,HARD,1.0,2.0,,0 days 01:28:28.913000,1,20.0,False,2025,Canada,R,80.839,24.929,24.845,31.065
ALB,Williams,25.0,0 days 00:01:16.667000,0 days 00:00:21.221000,0 days 00:00:24.371000,0 days 00:00:31.075000,HARD,2.0,2.0,,,1,20.0,False,2025,Canada,R,76.667,21.221,24.371,31.075
ALB,Williams,26.0,0 days 00:01:16.734000,0 days 00:00:21.543000,0 days 00:00:24.322000,0 days 00:00:30.869000,HARD,3.0,2.0,,,1,20.0,False,2025,Canada,R,76.734,21.543,24.322,30.869
ALB,Williams,27.0,0 days 00:01:16.512000,0 days 00:00:21.537000,0 days 00:00:24.185000,0 days 00:00:30.790000,HARD,4.0,2.0,,,1,20.0,False,2025,Canada,R,76.512,21.537,24.185,30.79
ALB,Williams,28.0,0 days 00:01:16.689000,0 days 00:00:21.466000,0 days 00:00:24.280000,0 days 00:00:30.943000,HARD,5.0,2.0,,,1,20.0,False,2025,Canada,R,76.689,21.466,24.28,30.943
ALB,Williams,29.0,0 days 00:01:16.633000,0 days 00:00:21.428000,0 days 00:00:24.367000,0 days 00:00:30.838000,HARD,6.0,2.0,,,1,20.0,False,2025,Canada,R,76.633,21.428,24.367,30.838
ALB,Williams,30.0,0 days 00:01:16.486000,0 days 00:00:21.520000,0 days 00:00:24.175000,0 days 00:00:30.791000,HARD,7.0,2.0,,,1,20.0,False,2025,Canada,R,76.486,21.52,24.175,30.791
ALB,Williams,31.0,0 days 00:01:16.197000,0 days 00:00:21.316000,0 days 00:00:24.124000,0 days 00:00:30.757000,HARD,8.0,2.0,,,1,20.0,False,2025,Canada,R,76.197,21.316,24.124,30.757
ALB,Williams,32.0,0 days 00:01:16.402000,0 days 00:00:21.445000,0 days 00:00:24.168000,0 days 00:00:30.789000,HARD,9.0,2.0,,,1,20.0,False,2025,Canada,R,76.402,21.445,24.168,30.789
ALB,Williams,33.0,0 days 00:01:16.225000,0 days 00:00:21.348000,0 days 00:00:24.176000,0 days 00:00:30.701000,HARD,10.0,2.0,,,1,20.0,False,2025,Canada,R,76.225,21.348,24.176,30.701
ALB,Williams,34.0,0 days 00:01:16.241000,0 days 00:00:21.375000,0 days 00:00:24.137000,0 days 00:00:30.729000,HARD,11.0,2.0,,,1,20.0,False,2025,Canada,R,76.241,21.375,24.137,30.729
ALB,Williams,35.0,0 days 00:01:16.564000,0 days 00:00:21.466000,0 days 00:00:24.294000,0 days 00:00:30.804000,HARD,12.0,2.0,,,1,20.0,False,2025,Canada,R,76.564,21.466,24.294,30.804
ALB,Williams,36.0,0 days 00:01:16.325000,0 days 00:00:21.464000,0 days 00:00:24.161000,0 days 00:00:30.700000,HARD,13.0,2.0,,,1,20.0,False,2025,Canada,R,76.325,21.464,24.161,30.7
ALB,Williams,37.0,0 days 00:01:16.415000,0 days 00:00:21.478000,0 days 00:00:24.202000,0 days 00:00:30.735000,HARD,14.0,2.0,,,1,20.0,False,2025,Canada,R,76.415,21.478,24.202,30.735
ALB,Williams,38.0,0 days 00:01:17.003000,0 days 00:00:21.661000,0 days 00:00:24.411000,0 days 00:00:30.931000,HARD,15.0,2.0,,,1,19.0,False,2025,Canada,R,77.003,21.661,24.411,30.931
ALB,Williams,39.0,0 days 00:01:17.268000,0 days 00:00:22.083000,0 days 00:00:24.404000,0 days 00:00:30.781000,HARD,16.0,2.0,,,1,19.0,False,2025,Canada,R,77.268,22.083,24.404,30.781
ALB,Williams,40.0,0 days 00:01:17.140000,0 days 00:00:21.885000,0 days 00:00:24.399000,0 days 00:00:30.856000,HARD,17.0,2.0,,,1,19.0,False,2025,Canada,R,77.14,21.885,24.399,30.856
ALB,Williams,41.0,0 days 00:01:16.857000,0 days 00:00:21.791000,0 days 00:00:24.325000,0 days 00:00:30.741000,HARD,18.0,2.0,,,1,19.0,False,2025,Canada,R,76.857,21.791,24.325,30.741
ALB,Williams,42.0,0 days 00:01:18.411000,0 days 00:00:22.094000,0 days 00:00:25.211000,0 days 00:00:31.106000,HARD,19.0,2.0,,,1,19.0,False,2025,Canada,R,78.411,22.094,25.211,31.106
ALB,Williams,43.0,0 days 00:01:16.474000,0 days 00:00:21.485000,0 days 00:00:24.292000,0 days 00:00:30.697000,HARD,20.0,2.0,,,1,19.0,False,2025,Canada,R,76.474,21.485,24.292,30.697
ALB,Williams,44.0,0 days 00:01:18.237000,0 days 00:00:21.740000,0 days 00:00:25.385000,0 days 00:00:31.112000,HARD,21.0,2.0,,,1,19.0,False,2025,Canada,R,78.237,21.74,25.385,31.112
ALB,Williams,45.0,0 days 00:01:17.075000,0 days 00:00:21.655000,0 days 00:00:24.216000,0 days 00:00:31.204000,HARD,22.0,2.0,,,1,18.0,False,2025,Canada,R,77.075,21.655,24.216,31.204
ALB,Williams,46.0,0 days 00:01:22.178000,0 days 00:00:23.506000,0 days 00:00:25.393000,0 days 00:00:33.279000,HARD,23.0,2.0,,,1,19.0,False,2025,Canada,R,82.178,23.506,25.393,33.279
ALB,Williams,47.0,,,,,HARD,24.0,2.0,,,12,,False,2025,Canada,R,,,,
HUL,Kick Sauber,1.0,0 days 00:01:27.961000,,0 days 00:00:26.200000,0 days 00:00:31.569000,MEDIUM,1.0,1.0,,,1,9.0,False,2025,Canada,R,87.961,,26.2,31.569
HUL,Kick Sauber,2.0,0 days 00:01:17.872000,0 days 00:00:22.230000,0 days 00:00:24.535000,0 days 00:00:31.107000,MEDIUM,2.0,1.0,,,1,9.0,False,2025,Canada,R,77.872,22.23,24.535,31.107
HUL,Kick Sauber,3.0,0 days 00:01:17.854000,0 days 00:00:22.057000,0 days 00:00:24.513000,0 days 00:00:31.284000,MEDIUM,3.0,1.0,,,1,9.0,False,2025,Canada,R,77.854,22.057,24.513,31.284
HUL,Kick Sauber,4.0,0 days 00:01:17.895000,0 days 00:00:22.118000,0 days 00:00:24.652000,0 days 00:00:31.125000,MEDIUM,4.0,1.0,,,1,9.0,False,2025,Canada,R,77.895,22.118,24.652,31.125
HUL,Kick Sauber,5.0,0 days 00:01:17.345000,0 days 00:00:21.754000,0 days 00:00:24.613000,0 days 00:00:30.978000,MEDIUM,5.0,1.0,,,1,9.0,False,2025,Canada,R,77.345,21.754,24.613,30.978
HUL,Kick Sauber,6.0,0 days 00:01:17.295000,0 days 00:00:21.673000,0 days 00:00:24.538000,0 days 00:00:31.084000,MEDIUM,6.0,1.0,,,1,9.0,False,2025,Canada,R,77.295,21.673,24.538,31.084
HUL,Kick Sauber,7.0,0 days 00:01:16.987000,0 days 00:00:21.438000,0 days 00:00:24.608000,0 days 00:00:30.941000,MEDIUM,7.0,1.0,,,1,9.0,False,2025,Canada,R,76.987,21.438,24.608,30.941
HUL,Kick Sauber,8.0,0 days 00:01:17.350000,0 days 00:00:21.624000,0 days 00:00:24.541000,0 days 00:00:31.185000,MEDIUM,8.0,1.0,,,1,9.0,False,2025,Canada,R,77.35,21.624,24.541,31.185
HUL,Kick Sauber,9.0,0 days 00:01:17.046000,0 days 00:00:21.492000,0 days 00:00:24.433000,0 days 00:00:31.121000,MEDIUM,9.0,1.0,,,1,9.0,False,2025,Canada,R,77.046,21.492,24.433,31.121
HUL,Kick Sauber,10.0,0 days 00:01:17.232000,0 days 00:00:21.670000,0 days 00:00:24.517000,0 days 00:00:31.045000,MEDIUM,10.0,1.0,,,1,9.0,False,2025,Canada,R,77.232,21.67,24.517,31.045
HUL,Kick Sauber,11.0,0 days 00:01:17.513000,0 days 00:00:21.686000,0 days 00:00:24.668000,0 days 00:00:31.159000,MEDIUM,11.0,1.0,,,1,9.0,False,2025,Canada,R,77.513,21.686,24.668,31.159
HUL,Kick Sauber,12.0,0 days 00:01:17.137000,0 days 00:00:21.546000,0 days 00:00:24.404000,0 days 00:00:31.187000,MEDIUM,12.0,1.0,,,1,8.0,False,2025,Canada,R,77.137,21.546,24.404,31.187
HUL,Kick Sauber,13.0,0 days 00:01:17.234000,0 days 00:00:21.528000,0 days 00:00:24.539000,0 days 00:00:31.167000,MEDIUM,13.0,1.0,,,1,8.0,False,2025,Canada,R,77.234,21.528,24.539,31.167
HUL,Kick Sauber,14.0,0 days 00:01:17.737000,0 days 00:00:21.905000,0 days 00:00:24.740000,0 days 00:00:31.092000,MEDIUM,14.0,1.0,,,1,7.0,False,2025,Canada,R,77.737,21.905,24.74,31.092
HUL,Kick Sauber,15.0,0 days 00:01:17.939000,0 days 00:00:21.745000,0 days 00:00:24.561000,0 days 00:00:31.633000,MEDIUM,15.0,1.0,,,1,6.0,False,2025,Canada,R,77.939,21.745,24.561,31.633
HUL,Kick Sauber,16.0,0 days 00:01:18.142000,0 days 00:00:21.950000,0 days 00:00:24.733000,0 days 00:00:31.459000,MEDIUM,16.0,1.0,,,1,5.0,False,2025,Canada,R,78.142,21.95,24.733,31.459
HUL,Kick Sauber,17.0,0 days 00:01:18.208000,0 days 00:00:21.659000,0 days 00:00:25.314000,0 days 00:00:31.235000,MEDIUM,17.0,1.0,,,1,6.0,False,2025,Canada,R,78.208,21.659,25.314,31.235
HUL,Kick Sauber,18.0,0 days 00:01:18.540000,0 days 00:00:22.057000,0 days 00:00:24.749000,0 days 00:00:31.734000,MEDIUM,18.0,1.0,,,1,7.0,False,2025,Canada,R,78.54,22.057,24.749,31.734
HUL,Kick Sauber,19.0,0 days 00:01:34.418000,0 days 00:00:22.097000,0 days 00:00:25.013000,0 days 00:00:47.308000,MEDIUM,19.0,1.0,0 days 01:22:39.677000,,1,17.0,False,2025,Canada,R,94.418,22.097,25.013,47.308
HUL,Kick Sauber,20.0,0 days 00:01:20.241000,0 days 00:00:24.312000,0 days 00:00:24.819000,0 days 00:00:31.110000,HARD,1.0,2.0,,0 days 01:23:03.099000,1,17.0,False,2025,Canada,R,80.241,24.312,24.819,31.11
HUL,Kick Sauber,21.0,0 days 00:01:17.437000,0 days 00:00:21.588000,0 days 00:00:24.645000,0 days 00:00:31.204000,HARD,2.0,2.0,,,1,17.0,False,2025,Canada,R,77.437,21.588,24.645,31.204
HUL,Kick Sauber,22.0,0 days 00:01:17.743000,0 days 00:00:21.841000,0 days 00:00:24.785000,0 days 00:00:31.117000,HARD,3.0,2.0,,,1,17.0,False,2025,Canada,R,77.743,21.841,24.785,31.117
HUL,Kick Sauber,23.0,0 days 00:01:17.576000,0 days 00:00:21.646000,0 days 00:00:24.716000,0 days 00:00:31.214000,HARD,4.0,2.0,,,1,16.0,False,2025,Canada,R,77.576,21.646,24.716,31.214
HUL,Kick Sauber,24.0,0 days 00:01:17.186000,0 days 00:00:21.648000,0 days 00:00:24.643000,0 days 00:00:30.895000,HARD,5.0,2.0,,,1,15.0,False,2025,Canada,R,77.186,21.648,24.643,30.895
HUL,Kick Sauber,25.0,0 days 00:01:17.358000,0 days 00:00:21.631000,0 days 00:00:24.677000,0 days 00:00:31.050000,HARD,6.0,2.0,,,1,15.0,False,2025,Canada,R,77.358,21.631,24.677,31.05
HUL,Kick Sauber,26.0,0 days 00:01:17.459000,0 days 00:00:21.864000,0 days 00:00:24.613000,0 days 00:00:30.982000,HARD,7.0,2.0,,,1,15.0,False,2025,Canada,R,77.459,21.864,24.613,30.982
HUL,Kick Sauber,27.0,0 days 00:01:17.465000,0 days 00:00:21.877000,0 days 00:00:24.608000,0 days 00:00:30.980000,HARD,8.0,2.0,,,1,15.0,False,2025,Canada,R,77.465,21.877,24.608,30.98
HUL,Kick Sauber,28.0,0 days 00:01:17.289000,0 days 00:00:21.787000,0 days 00:00:24.494000,0 days 00:00:31.008000,HARD,9.0,2.0,,,1,15.0,False,2025,Canada,R,77.289,21.787,24.494,31.008
HUL,Kick Sauber,29.0,0 days 00:01:17.298000,0 days 00:00:21.696000,0 days 00:00:24.688000,0 days 00:00:30.914000,HARD,10.0,2.0,,,1,15.0,False,2025,Canada,R,77.298,21.696,24.688,30.914
HUL,Kick Sauber,30.0,0 days 00:01:17.053000,0 days 00:00:21.711000,0 days 00:00:24.528000,0 days 00:00:30.814000,HARD,11.0,2.0,,,1,15.0,False,2025,Canada,R,77.053,21.711,24.528,30.814
HUL,Kick Sauber,31.0,0 days 00:01:17.503000,0 days 00:00:21.984000,0 days 00:00:24.519000,0 days 00:00:31,HARD,12.0,2.0,,,1,15.0,False,2025,Canada,R,77.503,21.984,24.519,31.0
HUL,Kick Sauber,32.0,0 days 00:01:17.839000,0 days 00:00:22.137000,0 days 00:00:24.558000,0 days 00:00:31.144000,HARD,13.0,2.0,,,1,15.0,False,2025,Canada,R,77.839,22.137,24.558,31.144
HUL,Kick Sauber,33.0,0 days 00:01:17.416000,0 days 00:00:21.970000,0 days 00:00:24.366000,0 days 00:00:31.080000,HARD,14.0,2.0,,,1,15.0,False,2025,Canada,R,77.416,21.97,24.366,31.08
HUL,Kick Sauber,34.0,0 days 00:01:17.128000,0 days 00:00:22.113000,0 days 00:00:24.459000,0 days 00:00:30.556000,HARD,15.0,2.0,,,1,14.0,False,2025,Canada,R,77.128,22.113,24.459,30.556
HUL,Kick Sauber,35.0,0 days 00:01:17.067000,0 days 00:00:21.996000,0 days 00:00:24.558000,0 days 00:00:30.513000,HARD,16.0,2.0,,,1,13.0,False,2025,Canada,R,77.067,21.996,24.558,30.513
HUL,Kick Sauber,36.0,0 days 00:01:16.421000,0 days 00:00:21.571000,0 days 00:00:24.309000,0 days 00:00:30.541000,HARD,17.0,2.0,,,1,13.0,False,2025,Canada,R,76.421,21.571,24.309,30.541
HUL,Kick Sauber,37.0,0 days 00:01:17.137000,0 days 00:00:21.964000,0 days 00:00:24.677000,0 days 00:00:30.496000,HARD,18.0,2.0,,,1,12.0,False,2025,Canada,R,77.137,21.964,24.677,30.496
HUL,Kick Sauber,38.0,0 days 00:01:16.677000,0 days 00:00:21.423000,0 days 00:00:24.343000,0 days 00:00:30.911000,HARD,19.0,2.0,,,1,12.0,False,2025,Canada,R,76.677,21.423,24.343,30.911
HUL,Kick Sauber,39.0,0 days 00:01:16.824000,0 days 00:00:21.511000,0 days 00:00:24.344000,0 days 00:00:30.969000,HARD,20.0,2.0,,,1,12.0,False,2025,Canada,R,76.824,21.511,24.344,30.969
HUL,Kick Sauber,40.0,0 days 00:01:16.536000,0 days 00:00:21.410000,0 days 00:00:24.304000,0 days 00:00:30.822000,HARD,21.0,2.0,,,1,12.0,False,2025,Canada,R,76.536,21.41,24.304,30.822
HUL,Kick Sauber,41.0,0 days 00:01:16.338000,0 days 00:00:21.348000,0 days 00:00:24.310000,0 days 00:00:30.680000,HARD,22.0,2.0,,,1,12.0,False,2025,Canada,R,76.338,21.348,24.31,30.68
HUL,Kick Sauber,42.0,0 days 00:01:16.226000,0 days 00:00:21.382000,0 days 00:00:24.207000,0 days 00:00:30.637000,HARD,23.0,2.0,,,1,12.0,False,2025,Canada,R,76.226,21.382,24.207,30.637
HUL,Kick Sauber,43.0,0 days 00:01:16.175000,0 days 00:00:21.397000,0 days 00:00:24.236000,0 days 00:00:30.542000,HARD,24.0,2.0,,,1,12.0,False,2025,Canada,R,76.175,21.397,24.236,30.542
HUL,Kick Sauber,44.0,0 days 00:01:16.389000,0 days 00:00:21.300000,0 days 00:00:24.384000,0 days 00:00:30.705000,HARD,25.0,2.0,,,1,12.0,False,2025,Canada,R,76.389,21.3,24.384,30.705
HUL,Kick Sauber,45.0,0 days 00:01:16.477000,0 days 00:00:21.494000,0 days 00:00:24.279000,0 days 00:00:30.704000,HARD,26.0,2.0,,,1,12.0,False,2025,Canada,R,76.477,21.494,24.279,30.704
HUL,Kick Sauber,46.0,0 days 00:01:16.304000,0 days 00:00:21.402000,0 days 00:00:24.085000,0 days 00:00:30.817000,HARD,27.0,2.0,,,1,12.0,False,2025,Canada,R,76.304,21.402,24.085,30.817
HUL,Kick Sauber,47.0,0 days 00:01:17.141000,0 days 00:00:22.158000,0 days 00:00:24.192000,0 days 00:00:30.791000,HARD,28.0,2.0,,,1,12.0,False,2025,Canada,R,77.141,22.158,24.192,30.791
HUL,Kick Sauber,48.0,0 days 00:01:15.869000,0 days 00:00:21.649000,0 days 00:00:24.160000,0 days 00:00:30.060000,HARD,29.0,2.0,,,12,11.0,False,2025,Canada,R,75.869,21.649,24.16,30.06
HUL,Kick Sauber,49.0,0 days 00:01:15.799000,0 days 00:00:21.181000,0 days 00:00:23.989000,0 days 00:00:30.629000,HARD,30.0,2.0,,,1,11.0,False,2025,Canada,R,75.799,21.181,23.989,30.629
HUL,Kick Sauber,50.0,0 days 00:01:15.960000,0 days 00:00:21.273000,0 days 00:00:24.018000,0 days 00:00:30.669000,HARD,31.0,2.0,,,1,10.0,False,2025,Canada,R,75.96,21.273,24.018,30.669
HUL,Kick Sauber,51.0,0 days 00:01:15.978000,0 days 00:00:21.098000,0 days 00:00:24.144000,0 days 00:00:30.736000,HARD,32.0,2.0,,,1,10.0,False,2025,Canada,R,75.978,21.098,24.144,30.736
HUL,Kick Sauber,52.0,0 days 00:01:15.891000,0 days 00:00:21.093000,0 days 00:00:24.069000,0 days 00:00:30.729000,HARD,33.0,2.0,,,1,10.0,False,2025,Canada,R,75.891,21.093,24.069,30.729
HUL,Kick Sauber,53.0,0 days 00:01:15.669000,0 days 00:00:21.159000,0 days 00:00:24.130000,0 days 00:00:30.380000,HARD,34.0,2.0,,,1,10.0,False,2025,Canada,R,75.669,21.159,24.13,30.38
HUL,Kick Sauber,54.0,0 days 00:01:16.574000,0 days 00:00:21.493000,0 days 00:00:24.242000,0 days 00:00:30.839000,HARD,35.0,2.0,,,1,10.0,False,2025,Canada,R,76.574,21.493,24.242,30.839
HUL,Kick Sauber,55.0,0 days 00:01:16.780000,0 days 00:00:21.714000,0 days 00:00:24.230000,0 days 00:00:30.836000,HARD,36.0,2.0,,,1,10.0,False,2025,Canada,R,76.78,21.714,24.23,30.836
HUL,Kick Sauber,56.0,0 days 00:01:16.914000,0 days 00:00:21.976000,0 days 00:00:24.515000,0 days 00:00:30.423000,HARD,37.0,2.0,,,1,9.0,False,2025,Canada,R,76.914,21.976,24.515,30.423
HUL,Kick Sauber,57.0,0 days 00:01:15.892000,0 days 00:00:21.272000,0 days 00:00:23.951000,0 days 00:00:30.669000,HARD,38.0,2.0,,,1,8.0,False,2025,Canada,R,75.892,21.272,23.951,30.669
HUL,Kick Sauber,58.0,0 days 00:01:15.688000,0 days 00:00:21.045000,0 days 00:00:23.996000,0 days 00:00:30.647000,HARD,39.0,2.0,,,1,8.0,False,2025,Canada,R,75.688,21.045,23.996,30.647
HUL,Kick Sauber,59.0,0 days 00:01:15.984000,0 days 00:00:21.195000,0 days 00:00:23.906000,0 days 00:00:30.883000,HARD,40.0,2.0,,,1,8.0,False,2025,Canada,R,75.984,21.195,23.906,30.883
HUL,Kick Sauber,60.0,0 days 00:01:16.016000,0 days 00:00:21.248000,0 days 00:00:24.116000,0 days 00:00:30.652000,HARD,41.0,2.0,,,1,8.0,False,2025,Canada,R,76.016,21.248,24.116,30.652
HUL,Kick Sauber,61.0,0 days 00:01:16.192000,0 days 00:00:21.147000,0 days 00:00:23.853000,0 days 00:00:31.192000,HARD,42.0,2.0,,,1,9.0,False,2025,Canada,R,76.192,21.147,23.853,31.192
HUL,Kick Sauber,62.0,0 days 00:01:16.240000,0 days 00:00:21.670000,0 days 00:00:23.953000,0 days 00:00:30.617000,HARD,43.0,2.0,,,1,9.0,False,2025,Canada,R,76.24,21.67,23.953,30.617
HUL,Kick Sauber,63.0,0 days 00:01:15.510000,0 days 00:00:21.029000,0 days 00:00:23.820000,0 days 00:00:30.661000,HARD,44.0,2.0,,,1,9.0,False,2025,Canada,R,75.51,21.029,23.82,30.661
HUL,Kick Sauber,64.0,0 days 00:01:15.540000,0 days 00:00:21.155000,0 days 00:00:23.904000,0 days 00:00:30.481000,HARD,45.0,2.0,,,1,9.0,False,2025,Canada,R,75.54,21.155,23.904,30.481
HUL,Kick Sauber,65.0,0 days 00:01:15.372000,0 days 00:00:21.026000,0 days 00:00:23.797000,0 days 00:00:30.549000,HARD,46.0,2.0,,,1,9.0,False,2025,Canada,R,75.372,21.026,23.797,30.549
HUL,Kick Sauber,66.0,0 days 00:01:41.808000,0 days 00:00:21.116000,0 days 00:00:29.189000,0 days 00:00:51.503000,HARD,47.0,2.0,0 days 02:23:14.178000,,124,9.0,False,2025,Canada,R,101.808,21.116,29.189,51.503
HUL,Kick Sauber,67.0,0 days 00:01:52.362000,0 days 00:00:27.936000,0 days 00:00:33.053000,0 days 00:00:51.373000,HARD,48.0,3.0,0 days 02:25:06.621000,0 days 02:23:32.538000,4,8.0,False,2025,Canada,R,112.362,27.936,33.053,51.373
HUL,Kick Sauber,68.0,0 days 00:01:39.180000,0 days 00:00:28.663000,0 days 00:00:26.717000,0 days 00:00:43.800000,HARD,49.0,4.0,0 days 02:26:45.690000,0 days 02:25:24.880000,4,8.0,False,2025,Canada,R,99.18,28.663,26.717,43.8
HUL,Kick Sauber,69.0,0 days 00:01:36.855000,0 days 00:00:27.998000,0 days 00:00:25.648000,0 days 00:00:43.209000,HARD,50.0,5.0,0 days 02:28:22.597000,0 days 02:27:04.096000,4,8.0,False,2025,Canada,R,96.855,27.998,25.648,43.209
HUL,Kick Sauber,70.0,0 days 00:01:28.571000,0 days 00:00:27.796000,0 days 00:00:27.025000,0 days 00:00:33.750000,HARD,51.0,6.0,,0 days 02:28:40.956000,4,8.0,False,2025,Canada,R,88.571,27.796,27.025,33.75
LAW,Racing Bulls,1.0,0 days 00:01:33.298000,,0 days 00:00:25.378000,0 days 00:00:31.652000,HARD,2.0,1.0,,0 days 00:58:12.190000,1,19.0,False,2025,Canada,R,93.298,,25.378,31.652
LAW,Racing Bulls,2.0,0 days 00:01:19.524000,0 days 00:00:22.605000,0 days 00:00:25.431000,0 days 00:00:31.488000,HARD,3.0,1.0,,,1,19.0,False,2025,Canada,R,79.524,22.605,25.431,31.488
LAW,Racing Bulls,3.0,0 days 00:01:18.482000,0 days 00:00:22.285000,0 days 00:00:24.945000,0 days 00:00:31.252000,HARD,4.0,1.0,,,1,19.0,False,2025,Canada,R,78.482,22.285,24.945,31.252
LAW,Racing Bulls,4.0,0 days 00:01:18.602000,0 days 00:00:22.325000,0 days 00:00:24.947000,0 days 00:00:31.330000,HARD,5.0,1.0,,,1,19.0,False,2025,Canada,R,78.602,22.325,24.947,31.33
LAW,Racing Bulls,5.0,0 days 00:01:17.997000,0 days 00:00:22.047000,0 days 00:00:24.975000,0 days 00:00:30.975000,HARD,6.0,1.0,,,1,19.0,False,2025,Canada,R,77.997,22.047,24.975,30.975
LAW,Racing Bulls,6.0,0 days 00:01:17.679000,0 days 00:00:21.783000,0 days 00:00:24.845000,0 days 00:00:31.051000,HARD,7.0,1.0,,,1,19.0,False,2025,Canada,R,77.679,21.783,24.845,31.051
LAW,Racing Bulls,7.0,0 days 00:01:17.633000,0 days 00:00:21.803000,0 days 00:00:24.879000,0 days 00:00:30.951000,HARD,8.0,1.0,,,1,19.0,False,2025,Canada,R,77.633,21.803,24.879,30.951
LAW,Racing Bulls,8.0,0 days 00:01:17.517000,0 days 00:00:21.674000,0 days 00:00:24.776000,0 days 00:00:31.067000,HARD,9.0,1.0,,,1,19.0,False,2025,Canada,R,77.517,21.674,24.776,31.067
LAW,Racing Bulls,9.0,0 days 00:01:17.988000,0 days 00:00:22.011000,0 days 00:00:24.815000,0 days 00:00:31.162000,HARD,10.0,1.0,,,1,19.0,False,2025,Canada,R,77.988,22.011,24.815,31.162
LAW,Racing Bulls,10.0,0 days 00:01:17.352000,0 days 00:00:21.651000,0 days 00:00:24.682000,0 days 00:00:31.019000,HARD,11.0,1.0,,,1,19.0,False,2025,Canada,R,77.352,21.651,24.682,31.019
LAW,Racing Bulls,11.0,0 days 00:01:17.370000,0 days 00:00:21.715000,0 days 00:00:24.674000,0 days 00:00:30.981000,HARD,12.0,1.0,,,1,19.0,False,2025,Canada,R,77.37,21.715,24.674,30.981
LAW,Racing Bulls,12.0,0 days 00:01:17.681000,0 days 00:00:21.700000,0 days 00:00:24.851000,0 days 00:00:31.130000,HARD,13.0,1.0,,,1,19.0,False,2025,Canada,R,77.681,21.7,24.851,31.13
LAW,Racing Bulls,13.0,0 days 00:01:18.103000,0 days 00:00:21.926000,0 days 00:00:24.853000,0 days 00:00:31.324000,HARD,14.0,1.0,,,1,18.0,False,2025,Canada,R,78.103,21.926,24.853,31.324
LAW,Racing Bulls,14.0,0 days 00:01:18.304000,0 days 00:00:22.023000,0 days 00:00:25.001000,0 days 00:00:31.280000,HARD,15.0,1.0,,,1,17.0,False,2025,Canada,R,78.304,22.023,25.001,31.28
LAW,Racing Bulls,15.0,0 days 00:01:18.361000,0 days 00:00:22.061000,0 days 00:00:25.054000,0 days 00:00:31.246000,HARD,16.0,1.0,,,1,16.0,False,2025,Canada,R,78.361,22.061,25.054,31.246
LAW,Racing Bulls,16.0,0 days 00:01:18.208000,0 days 00:00:22.093000,0 days 00:00:24.913000,0 days 00:00:31.202000,HARD,17.0,1.0,,,1,16.0,False,2025,Canada,R,78.208,22.093,24.913,31.202
LAW,Racing Bulls,17.0,0 days 00:01:17.885000,0 days 00:00:21.976000,0 days 00:00:24.708000,0 days 00:00:31.201000,HARD,18.0,1.0,,,1,16.0,False,2025,Canada,R,77.885,21.976,24.708,31.201
LAW,Racing Bulls,18.0,0 days 00:01:17.707000,0 days 00:00:21.911000,0 days 00:00:24.867000,0 days 00:00:30.929000,HARD,19.0,1.0,,,1,15.0,False,2025,Canada,R,77.707,21.911,24.867,30.929
LAW,Racing Bulls,19.0,0 days 00:01:17.728000,0 days 00:00:22.033000,0 days 00:00:24.637000,0 days 00:00:31.058000,HARD,20.0,1.0,,,1,14.0,False,2025,Canada,R,77.728,22.033,24.637,31.058
LAW,Racing Bulls,20.0,0 days 00:01:18.791000,0 days 00:00:22.082000,0 days 00:00:24.819000,0 days 00:00:31.890000,HARD,21.0,1.0,,,1,15.0,False,2025,Canada,R,78.791,22.082,24.819,31.89
LAW,Racing Bulls,21.0,0 days 00:01:18.520000,0 days 00:00:22.372000,0 days 00:00:24.876000,0 days 00:00:31.272000,HARD,22.0,1.0,,,1,15.0,False,2025,Canada,R,78.52,22.372,24.876,31.272
LAW,Racing Bulls,22.0,0 days 00:01:18.026000,0 days 00:00:22.184000,0 days 00:00:24.695000,0 days 00:00:31.147000,HARD,23.0,1.0,,,1,15.0,False,2025,Canada,R,78.026,22.184,24.695,31.147
LAW,Racing Bulls,23.0,0 days 00:01:18.597000,0 days 00:00:22.103000,0 days 00:00:24.947000,0 days 00:00:31.547000,HARD,24.0,1.0,,,1,14.0,False,2025,Canada,R,78.597,22.103,24.947,31.547
LAW,Racing Bulls,24.0,0 days 00:01:17.608000,0 days 00:00:21.952000,0 days 00:00:24.623000,0 days 00:00:31.033000,HARD,25.0,1.0,,,1,13.0,False,2025,Canada,R,77.608,21.952,24.623,31.033
LAW,Racing Bulls,25.0,0 days 00:01:17.519000,0 days 00:00:21.689000,0 days 00:00:24.653000,0 days 00:00:31.177000,HARD,26.0,1.0,,,1,13.0,False,2025,Canada,R,77.519,21.689,24.653,31.177
LAW,Racing Bulls,26.0,0 days 00:01:17.540000,0 days 00:00:21.639000,0 days 00:00:24.652000,0 days 00:00:31.249000,HARD,27.0,1.0,,,1,13.0,False,2025,Canada,R,77.54,21.639,24.652,31.249
LAW,Racing Bulls,27.0,0 days 00:01:17.562000,0 days 00:00:21.735000,0 days 00:00:24.792000,0 days 00:00:31.035000,HARD,28.0,1.0,,,1,13.0,False,2025,Canada,R,77.562,21.735,24.792,31.035
LAW,Racing Bulls,28.0,0 days 00:01:17.643000,0 days 00:00:21.823000,0 days 00:00:24.689000,0 days 00:00:31.131000,HARD,29.0,1.0,,,1,13.0,False,2025,Canada,R,77.643,21.823,24.689,31.131
LAW,Racing Bulls,29.0,0 days 00:01:17.898000,0 days 00:00:21.824000,0 days 00:00:24.749000,0 days 00:00:31.325000,HARD,30.0,1.0,,,1,13.0,False,2025,Canada,R,77.898,21.824,24.749,31.325
LAW,Racing Bulls,30.0,0 days 00:01:17.605000,0 days 00:00:21.630000,0 days 00:00:24.734000,0 days 00:00:31.241000,HARD,31.0,1.0,,,1,13.0,False,2025,Canada,R,77.605,21.63,24.734,31.241
LAW,Racing Bulls,31.0,0 days 00:01:17.662000,0 days 00:00:21.740000,0 days 00:00:24.729000,0 days 00:00:31.193000,HARD,32.0,1.0,,,1,13.0,False,2025,Canada,R,77.662,21.74,24.729,31.193
LAW,Racing Bulls,32.0,0 days 00:01:17.729000,0 days 00:00:21.900000,0 days 00:00:24.675000,0 days 00:00:31.154000,HARD,33.0,1.0,,,1,13.0,False,2025,Canada,R,77.729,21.9,24.675,31.154
LAW,Racing Bulls,33.0,0 days 00:01:17.554000,0 days 00:00:21.730000,0 days 00:00:24.669000,0 days 00:00:31.155000,HARD,34.0,1.0,,,1,13.0,False,2025,Canada,R,77.554,21.73,24.669,31.155
LAW,Racing Bulls,34.0,0 days 00:01:17.770000,0 days 00:00:21.740000,0 days 00:00:24.760000,0 days 00:00:31.270000,HARD,35.0,1.0,,,1,13.0,False,2025,Canada,R,77.77,21.74,24.76,31.27
LAW,Racing Bulls,35.0,0 days 00:01:17.822000,0 days 00:00:21.774000,0 days 00:00:24.629000,0 days 00:00:31.419000,HARD,36.0,1.0,,,1,14.0,False,2025,Canada,R,77.822,21.774,24.629,31.419
LAW,Racing Bulls,36.0,0 days 00:01:17.750000,0 days 00:00:22.054000,0 days 00:00:24.644000,0 days 00:00:31.052000,HARD,37.0,1.0,,,1,14.0,False,2025,Canada,R,77.75,22.054,24.644,31.052
LAW,Racing Bulls,37.0,0 days 00:01:18.193000,0 days 00:00:21.807000,0 days 00:00:24.650000,0 days 00:00:31.736000,HARD,38.0,1.0,,,1,15.0,False,2025,Canada,R,78.193,21.807,24.65,31.736
LAW,Racing Bulls,38.0,0 days 00:01:33.990000,0 days 00:00:22.137000,0 days 00:00:24.823000,0 days 00:00:47.030000,HARD,39.0,1.0,0 days 01:47:31.321000,,1,20.0,False,2025,Canada,R,93.99,22.137,24.823,47.03
LAW,Racing Bulls,39.0,0 days 00:01:20.771000,0 days 00:00:24.915000,0 days 00:00:24.863000,0 days 00:00:30.993000,MEDIUM,1.0,2.0,,0 days 01:47:54.604000,1,20.0,False,2025,Canada,R,80.771,24.915,24.863,30.993
LAW,Racing Bulls,40.0,0 days 00:01:17.791000,0 days 00:00:21.456000,0 days 00:00:25.556000,0 days 00:00:30.779000,MEDIUM,2.0,2.0,,,1,20.0,False,2025,Canada,R,77.791,21.456,25.556,30.779
LAW,Racing Bulls,41.0,0 days 00:01:16.991000,0 days 00:00:21.705000,0 days 00:00:24.473000,0 days 00:00:30.813000,MEDIUM,3.0,2.0,,,1,20.0,False,2025,Canada,R,76.991,21.705,24.473,30.813
LAW,Racing Bulls,42.0,0 days 00:01:17.227000,0 days 00:00:21.540000,0 days 00:00:24.421000,0 days 00:00:31.266000,MEDIUM,4.0,2.0,,,1,20.0,False,2025,Canada,R,77.227,21.54,24.421,31.266
LAW,Racing Bulls,43.0,0 days 00:01:17.327000,0 days 00:00:22.087000,0 days 00:00:24.500000,0 days 00:00:30.740000,MEDIUM,5.0,2.0,,,1,20.0,False,2025,Canada,R,77.327,22.087,24.5,30.74
LAW,Racing Bulls,44.0,0 days 00:01:17.706000,0 days 00:00:21.358000,0 days 00:00:24.733000,0 days 00:00:31.615000,MEDIUM,6.0,2.0,,,1,20.0,False,2025,Canada,R,77.706,21.358,24.733,31.615
LAW,Racing Bulls,45.0,0 days 00:01:17.228000,0 days 00:00:21.464000,0 days 00:00:24.332000,0 days 00:00:31.432000,MEDIUM,7.0,2.0,,,1,20.0,False,2025,Canada,R,77.228,21.464,24.332,31.432
LAW,Racing Bulls,46.0,0 days 00:01:18.625000,0 days 00:00:22.214000,0 days 00:00:24.701000,0 days 00:00:31.710000,MEDIUM,8.0,2.0,,,1,20.0,False,2025,Canada,R,78.625,22.214,24.701,31.71
LAW,Racing Bulls,47.0,0 days 00:01:17.648000,0 days 00:00:21.421000,0 days 00:00:25.326000,0 days 00:00:30.901000,MEDIUM,9.0,2.0,,,12,19.0,False,2025,Canada,R,77.648,21.421,25.326,30.901
LAW,Racing Bulls,48.0,0 days 00:01:17.299000,0 days 00:00:21.550000,0 days 00:00:24.295000,0 days 00:00:31.454000,MEDIUM,10.0,2.0,,,21,19.0,False,2025,Canada,R,77.299,21.55,24.295,31.454
LAW,Racing Bulls,49.0,0 days 00:01:17.481000,0 days 00:00:22.201000,0 days 00:00:24.506000,0 days 00:00:30.774000,MEDIUM,11.0,2.0,,,1,19.0,False,2025,Canada,R,77.481,22.201,24.506,30.774
LAW,Racing Bulls,50.0,0 days 00:01:16.333000,0 days 00:00:21.278000,0 days 00:00:24.310000,0 days 00:00:30.745000,MEDIUM,12.0,2.0,,,1,19.0,False,2025,Canada,R,76.333,21.278,24.31,30.745
LAW,Racing Bulls,51.0,0 days 00:01:16.436000,0 days 00:00:21.335000,0 days 00:00:24.274000,0 days 00:00:30.827000,MEDIUM,13.0,2.0,,,1,18.0,False,2025,Canada,R,76.436,21.335,24.274,30.827
LAW,Racing Bulls,52.0,0 days 00:01:16.320000,0 days 00:00:21.213000,0 days 00:00:24.451000,0 days 00:00:30.656000,MEDIUM,14.0,2.0,,,1,18.0,False,2025,Canada,R,76.32,21.213,24.451,30.656
LAW,Racing Bulls,53.0,0 days 00:01:17.891000,0 days 00:00:21.352000,0 days 00:00:24.408000,0 days 00:00:32.131000,MEDIUM,15.0,2.0,,,1,18.0,False,2025,Canada,R,77.891,21.352,24.408,32.131
LAW,Racing Bulls,54.0,,0 days 00:00:21.604000,0 days 00:00:24.456000,,MEDIUM,16.0,2.0,0 days 02:08:45.587000,,1,19.0,False,2025,Canada,R,,21.604,24.456,
OCO,Haas F1 Team,1.0,0 days 00:01:30.156000,,0 days 00:00:26.562000,0 days 00:00:32.713000,HARD,1.0,1.0,,,1,14.0,False,2025,Canada,R,90.156,,26.562,32.713
OCO,Haas F1 Team,2.0,0 days 00:01:19.243000,0 days 00:00:22.950000,0 days 00:00:25.028000,0 days 00:00:31.265000,HARD,2.0,1.0,,,1,14.0,False,2025,Canada,R,79.243,22.95,25.028,31.265
OCO,Haas F1 Team,3.0,0 days 00:01:18.014000,0 days 00:00:22.215000,0 days 00:00:24.763000,0 days 00:00:31.036000,HARD,3.0,1.0,,,1,14.0,False,2025,Canada,R,78.014,22.215,24.763,31.036
OCO,Haas F1 Team,4.0,0 days 00:01:17.581000,0 days 00:00:22.031000,0 days 00:00:24.617000,0 days 00:00:30.933000,HARD,4.0,1.0,,,1,14.0,False,2025,Canada,R,77.581,22.031,24.617,30.933
OCO,Haas F1 Team,5.0,0 days 00:01:17.493000,0 days 00:00:22.145000,0 days 00:00:24.550000,0 days 00:00:30.798000,HARD,5.0,1.0,,,1,14.0,False,2025,Canada,R,77.493,22.145,24.55,30.798
OCO,Haas F1 Team,6.0,0 days 00:01:17.359000,0 days 00:00:22.038000,0 days 00:00:24.507000,0 days 00:00:30.814000,HARD,6.0,1.0,,,1,14.0,False,2025,Canada,R,77.359,22.038,24.507,30.814
OCO,Haas F1 Team,7.0,0 days 00:01:17.410000,0 days 00:00:21.904000,0 days 00:00:24.726000,0 days 00:00:30.780000,HARD,7.0,1.0,,,1,14.0,False,2025,Canada,R,77.41,21.904,24.726,30.78
OCO,Haas F1 Team,8.0,0 days 00:01:17.497000,0 days 00:00:22.062000,0 days 00:00:24.616000,0 days 00:00:30.819000,HARD,8.0,1.0,,,1,14.0,False,2025,Canada,R,77.497,22.062,24.616,30.819
OCO,Haas F1 Team,9.0,0 days 00:01:17.410000,0 days 00:00:21.980000,0 days 00:00:24.644000,0 days 00:00:30.786000,HARD,9.0,1.0,,,1,14.0,False,2025,Canada,R,77.41,21.98,24.644,30.786
OCO,Haas F1 Team,10.0,0 days 00:01:17.279000,0 days 00:00:21.937000,0 days 00:00:24.578000,0 days 00:00:30.764000,HARD,10.0,1.0,,,1,14.0,False,2025,Canada,R,77.279,21.937,24.578,30.764
OCO,Haas F1 Team,11.0,0 days 00:01:17.729000,0 days 00:00:22.060000,0 days 00:00:24.648000,0 days 00:00:31.021000,HARD,11.0,1.0,,,1,14.0,False,2025,Canada,R,77.729,22.06,24.648,31.021
OCO,Haas F1 Team,12.0,0 days 00:01:18.295000,0 days 00:00:22.314000,0 days 00:00:24.644000,0 days 00:00:31.337000,HARD,12.0,1.0,,,1,14.0,False,2025,Canada,R,78.295,22.314,24.644,31.337
OCO,Haas F1 Team,13.0,0 days 00:01:18.764000,0 days 00:00:22.489000,0 days 00:00:24.866000,0 days 00:00:31.409000,HARD,13.0,1.0,,,1,12.0,False,2025,Canada,R,78.764,22.489,24.866,31.409
OCO,Haas F1 Team,14.0,0 days 00:01:17.905000,0 days 00:00:21.993000,0 days 00:00:24.645000,0 days 00:00:31.267000,HARD,14.0,1.0,,,1,11.0,False,2025,Canada,R,77.905,21.993,24.645,31.267
OCO,Haas F1 Team,15.0,0 days 00:01:17.964000,0 days 00:00:21.947000,0 days 00:00:24.727000,0 days 00:00:31.290000,HARD,15.0,1.0,,,1,10.0,False,2025,Canada,R,77.964,21.947,24.727,31.29
OCO,Haas F1 Team,16.0,0 days 00:01:17.697000,0 days 00:00:21.772000,0 days 00:00:24.687000,0 days 00:00:31.238000,HARD,16.0,1.0,,,1,9.0,False,2025,Canada,R,77.697,21.772,24.687,31.238
OCO,Haas F1 Team,17.0,0 days 00:01:17.731000,0 days 00:00:21.988000,0 days 00:00:24.640000,0 days 00:00:31.103000,HARD,17.0,1.0,,,1,9.0,False,2025,Canada,R,77.731,21.988,24.64,31.103
OCO,Haas F1 Team,18.0,0 days 00:01:17.582000,0 days 00:00:21.987000,0 days 00:00:24.557000,0 days 00:00:31.038000,HARD,18.0,1.0,,,1,9.0,False,2025,Canada,R,77.582,21.987,24.557,31.038
OCO,Haas F1 Team,19.0,0 days 00:01:17.725000,0 days 00:00:22.162000,0 days 00:00:24.805000,0 days 00:00:30.758000,HARD,19.0,1.0,,,1,7.0,False,2025,Canada,R,77.725,22.162,24.805,30.758
OCO,Haas F1 Team,20.0,0 days 00:01:18.235000,0 days 00:00:21.800000,0 days 00:00:24.554000,0 days 00:00:31.881000,HARD,20.0,1.0,,,1,8.0,False,2025,Canada,R,78.235,21.8,24.554,31.881
OCO,Haas F1 Team,21.0,0 days 00:01:17.502000,0 days 00:00:21.974000,0 days 00:00:24.366000,0 days 00:00:31.162000,HARD,21.0,1.0,,,1,8.0,False,2025,Canada,R,77.502,21.974,24.366,31.162
OCO,Haas F1 Team,22.0,0 days 00:01:17.156000,0 days 00:00:21.691000,0 days 00:00:24.464000,0 days 00:00:31.001000,HARD,22.0,1.0,,,1,8.0,False,2025,Canada,R,77.156,21.691,24.464,31.001
OCO,Haas F1 Team,23.0,0 days 00:01:17.011000,0 days 00:00:21.575000,0 days 00:00:24.461000,0 days 00:00:30.975000,HARD,23.0,1.0,,,1,8.0,False,2025,Canada,R,77.011,21.575,24.461,30.975
OCO,Haas F1 Team,24.0,0 days 00:01:17.125000,0 days 00:00:21.629000,0 days 00:00:24.508000,0 days 00:00:30.988000,HARD,24.0,1.0,,,1,8.0,False,2025,Canada,R,77.125,21.629,24.508,30.988
OCO,Haas F1 Team,25.0,0 days 00:01:17.237000,0 days 00:00:21.639000,0 days 00:00:24.509000,0 days 00:00:31.089000,HARD,25.0,1.0,,,1,8.0,False,2025,Canada,R,77.237,21.639,24.509,31.089
OCO,Haas F1 Team,26.0,0 days 00:01:17.616000,0 days 00:00:21.702000,0 days 00:00:24.627000,0 days 00:00:31.287000,HARD,26.0,1.0,,,1,8.0,False,2025,Canada,R,77.616,21.702,24.627,31.287
OCO,Haas F1 Team,27.0,0 days 00:01:17.340000,0 days 00:00:21.772000,0 days 00:00:24.503000,0 days 00:00:31.065000,HARD,27.0,1.0,,,1,8.0,False,2025,Canada,R,77.34,21.772,24.503,31.065
OCO,Haas F1 Team,28.0,0 days 00:01:17.299000,0 days 00:00:21.706000,0 days 00:00:24.430000,0 days 00:00:31.163000,HARD,28.0,1.0,,,1,8.0,False,2025,Canada,R,77.299,21.706,24.43,31.163
OCO,Haas F1 Team,29.0,0 days 00:01:17.284000,0 days 00:00:21.648000,0 days 00:00:24.430000,0 days 00:00:31.206000,HARD,29.0,1.0,,,1,8.0,False,2025,Canada,R,77.284,21.648,24.43,31.206
OCO,Haas F1 Team,30.0,0 days 00:01:17.331000,0 days 00:00:21.706000,0 days 00:00:24.546000,0 days 00:00:31.079000,HARD,30.0,1.0,,,1,8.0,False,2025,Canada,R,77.331,21.706,24.546,31.079
OCO,Haas F1 Team,31.0,0 days 00:01:17.179000,0 days 00:00:21.714000,0 days 00:00:24.461000,0 days 00:00:31.004000,HARD,31.0,1.0,,,1,8.0,False,2025,Canada,R,77.179,21.714,24.461,31.004
OCO,Haas F1 Team,32.0,0 days 00:01:17.239000,0 days 00:00:21.616000,0 days 00:00:24.557000,0 days 00:00:31.066000,HARD,32.0,1.0,,,1,8.0,False,2025,Canada,R,77.239,21.616,24.557,31.066
OCO,Haas F1 Team,33.0,0 days 00:01:17.201000,0 days 00:00:21.658000,0 days 00:00:24.551000,0 days 00:00:30.992000,HARD,33.0,1.0,,,1,8.0,False,2025,Canada,R,77.201,21.658,24.551,30.992
OCO,Haas F1 Team,34.0,0 days 00:01:17.419000,0 days 00:00:21.779000,0 days 00:00:24.511000,0 days 00:00:31.129000,HARD,34.0,1.0,,,1,8.0,False,2025,Canada,R,77.419,21.779,24.511,31.129
OCO,Haas F1 Team,35.0,0 days 00:01:17.340000,0 days 00:00:21.782000,0 days 00:00:24.463000,0 days 00:00:31.095000,HARD,35.0,1.0,,,1,8.0,False,2025,Canada,R,77.34,21.782,24.463,31.095
OCO,Haas F1 Team,36.0,0 days 00:01:17.152000,0 days 00:00:21.742000,0 days 00:00:24.384000,0 days 00:00:31.026000,HARD,36.0,1.0,,,1,8.0,False,2025,Canada,R,77.152,21.742,24.384,31.026
OCO,Haas F1 Team,37.0,0 days 00:01:17.790000,0 days 00:00:21.753000,0 days 00:00:24.511000,0 days 00:00:31.526000,HARD,37.0,1.0,,,1,9.0,False,2025,Canada,R,77.79,21.753,24.511,31.526
OCO,Haas F1 Team,38.0,0 days 00:01:17.917000,0 days 00:00:22.209000,0 days 00:00:24.588000,0 days 00:00:31.120000,HARD,38.0,1.0,,,1,9.0,False,2025,Canada,R,77.917,22.209,24.588,31.12
OCO,Haas F1 Team,39.0,0 days 00:01:17.035000,0 days 00:00:21.669000,0 days 00:00:24.350000,0 days 00:00:31.016000,HARD,39.0,1.0,,,1,9.0,False,2025,Canada,R,77.035,21.669,24.35,31.016
OCO,Haas F1 Team,40.0,0 days 00:01:16.969000,0 days 00:00:21.730000,0 days 00:00:24.344000,0 days 00:00:30.895000,HARD,40.0,1.0,,,1,9.0,False,2025,Canada,R,76.969,21.73,24.344,30.895
OCO,Haas F1 Team,41.0,0 days 00:01:16.905000,0 days 00:00:21.566000,0 days 00:00:24.426000,0 days 00:00:30.913000,HARD,41.0,1.0,,,1,9.0,False,2025,Canada,R,76.905,21.566,24.426,30.913
OCO,Haas F1 Team,42.0,0 days 00:01:16.995000,0 days 00:00:21.662000,0 days 00:00:24.421000,0 days 00:00:30.912000,HARD,42.0,1.0,,,1,9.0,False,2025,Canada,R,76.995,21.662,24.421,30.912
OCO,Haas F1 Team,43.0,0 days 00:01:16.739000,0 days 00:00:21.533000,0 days 00:00:24.329000,0 days 00:00:30.877000,HARD,43.0,1.0,,,1,9.0,False,2025,Canada,R,76.739,21.533,24.329,30.877
OCO,Haas F1 Team,44.0,0 days 00:01:16.880000,0 days 00:00:21.594000,0 days 00:00:24.288000,0 days 00:00:30.998000,HARD,44.0,1.0,,,1,9.0,False,2025,Canada,R,76.88,21.594,24.288,30.998
OCO,Haas F1 Team,45.0,0 days 00:01:16.690000,0 days 00:00:21.413000,0 days 00:00:24.334000,0 days 00:00:30.943000,HARD,45.0,1.0,,,1,9.0,False,2025,Canada,R,76.69,21.413,24.334,30.943
OCO,Haas F1 Team,46.0,0 days 00:01:16.821000,0 days 00:00:21.515000,0 days 00:00:24.280000,0 days 00:00:31.026000,HARD,46.0,1.0,,,1,9.0,False,2025,Canada,R,76.821,21.515,24.28,31.026
OCO,Haas F1 Team,47.0,0 days 00:01:16.840000,0 days 00:00:21.661000,0 days 00:00:24.338000,0 days 00:00:30.841000,HARD,47.0,1.0,,,1,9.0,False,2025,Canada,R,76.84,21.661,24.338,30.841
OCO,Haas F1 Team,48.0,0 days 00:01:17.256000,0 days 00:00:21.432000,0 days 00:00:24.844000,0 days 00:00:30.980000,HARD,48.0,1.0,,,12,9.0,False,2025,Canada,R,77.256,21.432,24.844,30.98
OCO,Haas F1 Team,49.0,0 days 00:01:16.677000,0 days 00:00:21.450000,0 days 00:00:24.343000,0 days 00:00:30.884000,HARD,49.0,1.0,,,1,9.0,False,2025,Canada,R,76.677,21.45,24.343,30.884
OCO,Haas F1 Team,50.0,0 days 00:01:16.832000,0 days 00:00:21.451000,0 days 00:00:24.331000,0 days 00:00:31.050000,HARD,50.0,1.0,,,1,8.0,False,2025,Canada,R,76.832,21.451,24.331,31.05
OCO,Haas F1 Team,51.0,0 days 00:01:16.614000,0 days 00:00:21.513000,0 days 00:00:24.224000,0 days 00:00:30.877000,HARD,51.0,1.0,,,1,8.0,False,2025,Canada,R,76.614,21.513,24.224,30.877
OCO,Haas F1 Team,52.0,0 days 00:01:16.384000,0 days 00:00:21.396000,0 days 00:00:24.184000,0 days 00:00:30.804000,HARD,52.0,1.0,,,1,8.0,False,2025,Canada,R,76.384,21.396,24.184,30.804
OCO,Haas F1 Team,53.0,0 days 00:01:16.477000,0 days 00:00:21.412000,0 days 00:00:24.245000,0 days 00:00:30.820000,HARD,53.0,1.0,,,1,8.0,False,2025,Canada,R,76.477,21.412,24.245,30.82
OCO,Haas F1 Team,54.0,0 days 00:01:16.426000,0 days 00:00:21.444000,0 days 00:00:24.111000,0 days 00:00:30.871000,HARD,54.0,1.0,,,1,8.0,False,2025,Canada,R,76.426,21.444,24.111,30.871
OCO,Haas F1 Team,55.0,0 days 00:01:16.586000,0 days 00:00:21.433000,0 days 00:00:24.263000,0 days 00:00:30.890000,HARD,55.0,1.0,,,1,8.0,False,2025,Canada,R,76.586,21.433,24.263,30.89
OCO,Haas F1 Team,56.0,0 days 00:01:16.510000,0 days 00:00:21.382000,0 days 00:00:24.275000,0 days 00:00:30.853000,HARD,56.0,1.0,,,1,8.0,False,2025,Canada,R,76.51,21.382,24.275,30.853
OCO,Haas F1 Team,57.0,0 days 00:01:33.711000,0 days 00:00:21.425000,0 days 00:00:24.261000,0 days 00:00:48.025000,HARD,57.0,1.0,0 days 02:11:33.613000,,1,10.0,False,2025,Canada,R,93.711,21.425,24.261,48.025
OCO,Haas F1 Team,58.0,0 days 00:01:21.264000,0 days 00:00:25.237000,0 days 00:00:25.748000,0 days 00:00:30.279000,MEDIUM,1.0,2.0,,0 days 02:11:58.066000,1,10.0,False,2025,Canada,R,81.264,25.237,25.748,30.279
OCO,Haas F1 Team,59.0,0 days 00:01:15.185000,0 days 00:00:21.162000,0 days 00:00:23.825000,0 days 00:00:30.198000,MEDIUM,2.0,2.0,,,1,10.0,False,2025,Canada,R,75.185,21.162,23.825,30.198
OCO,Haas F1 Team,60.0,0 days 00:01:14.596000,0 days 00:00:20.921000,0 days 00:00:23.628000,0 days 00:00:30.047000,MEDIUM,3.0,2.0,,,1,10.0,False,2025,Canada,R,74.596,20.921,23.628,30.047
OCO,Haas F1 Team,61.0,0 days 00:01:14.593000,0 days 00:00:20.754000,0 days 00:00:23.630000,0 days 00:00:30.209000,MEDIUM,4.0,2.0,,,1,10.0,False,2025,Canada,R,74.593,20.754,23.63,30.209
OCO,Haas F1 Team,62.0,0 days 00:01:14.996000,0 days 00:00:20.990000,0 days 00:00:23.687000,0 days 00:00:30.319000,MEDIUM,5.0,2.0,,,1,10.0,False,2025,Canada,R,74.996,20.99,23.687,30.319
OCO,Haas F1 Team,63.0,0 days 00:01:14.982000,0 days 00:00:20.900000,0 days 00:00:23.767000,0 days 00:00:30.315000,MEDIUM,6.0,2.0,,,1,10.0,False,2025,Canada,R,74.982,20.9,23.767,30.315
OCO,Haas F1 Team,64.0,0 days 00:01:14.938000,0 days 00:00:21.034000,0 days 00:00:23.704000,0 days 00:00:30.200000,MEDIUM,7.0,2.0,,,1,10.0,False,2025,Canada,R,74.938,21.034,23.704,30.2
OCO,Haas F1 Team,65.0,0 days 00:01:14.782000,0 days 00:00:20.886000,0 days 00:00:23.595000,0 days 00:00:30.301000,MEDIUM,8.0,2.0,,,12,10.0,False,2025,Canada,R,74.782,20.886,23.595,30.301
OCO,Haas F1 Team,66.0,0 days 00:01:46.256000,0 days 00:00:21.791000,0 days 00:00:34.010000,0 days 00:00:50.455000,MEDIUM,9.0,2.0,0 days 02:23:31.335000,,24,10.0,False,2025,Canada,R,106.256,21.791,34.01,50.455
OCO,Haas F1 Team,67.0,0 days 00:01:57.088000,0 days 00:00:30.699000,0 days 00:00:32.597000,0 days 00:00:53.792000,MEDIUM,10.0,3.0,0 days 02:25:28.401000,0 days 02:23:49.522000,4,9.0,False,2025,Canada,R,117.088,30.699,32.597,53.792
OCO,Haas F1 Team,68.0,0 days 00:02:03.241000,0 days 00:00:33.273000,0 days 00:00:35.833000,0 days 00:00:54.135000,MEDIUM,11.0,4.0,0 days 02:27:31.752000,0 days 02:25:46.630000,4,9.0,False,2025,Canada,R,123.241,33.273,35.833,54.135
OCO,Haas F1 Team,69.0,0 days 00:02:05.686000,0 days 00:00:33.010000,0 days 00:00:36.531000,0 days 00:00:56.145000,MEDIUM,12.0,5.0,,0 days 02:27:49.909000,4,9.0,False,2025,Canada,R,125.686,33.01,36.531,56.145
NOR,McLaren,1.0,0 days 00:01:25.741000,,0 days 00:00:25.474000,0 days 00:00:31.474000,HARD,1.0,1.0,,,1,7.0,False,2025,Canada,R,85.741,,25.474,31.474
NOR,McLaren,2.0,0 days 00:01:17.686000,0 days 00:00:22.136000,0 days 00:00:24.607000,0 days 00:00:30.943000,HARD,2.0,1.0,,,1,7.0,False,2025,Canada,R,77.686,22.136,24.607,30.943
NOR,McLaren,3.0,0 days 00:01:17.355000,0 days 00:00:22.023000,0 days 00:00:24.415000,0 days 00:00:30.917000,HARD,3.0,1.0,,,1,7.0,False,2025,Canada,R,77.355,22.023,24.415,30.917
NOR,McLaren,4.0,0 days 00:01:17.066000,0 days 00:00:21.727000,0 days 00:00:24.512000,0 days 00:00:30.827000,HARD,4.0,1.0,,,1,7.0,False,2025,Canada,R,77.066,21.727,24.512,30.827
NOR,McLaren,5.0,0 days 00:01:16.896000,0 days 00:00:21.604000,0 days 00:00:24.461000,0 days 00:00:30.831000,HARD,5.0,1.0,,,1,7.0,False,2025,Canada,R,76.896,21.604,24.461,30.831
NOR,McLaren,6.0,0 days 00:01:16.657000,0 days 00:00:21.389000,0 days 00:00:24.470000,0 days 00:00:30.798000,HARD,6.0,1.0,,,1,7.0,False,2025,Canada,R,76.657,21.389,24.47,30.798
NOR,McLaren,7.0,0 days 00:01:16.666000,0 days 00:00:21.393000,0 days 00:00:24.468000,0 days 00:00:30.805000,HARD,7.0,1.0,,,1,7.0,False,2025,Canada,R,76.666,21.393,24.468,30.805
NOR,McLaren,8.0,0 days 00:01:16.488000,0 days 00:00:21.349000,0 days 00:00:24.426000,0 days 00:00:30.713000,HARD,8.0,1.0,,,1,7.0,False,2025,Canada,R,76.488,21.349,24.426,30.713
NOR,McLaren,9.0,0 days 00:01:16.704000,0 days 00:00:21.475000,0 days 00:00:24.328000,0 days 00:00:30.901000,HARD,9.0,1.0,,,1,7.0,False,2025,Canada,R,76.704,21.475,24.328,30.901
NOR,McLaren,10.0,0 days 00:01:16.778000,0 days 00:00:21.386000,0 days 00:00:24.500000,0 days 00:00:30.892000,HARD,10.0,1.0,,,1,7.0,False,2025,Canada,R,76.778,21.386,24.5,30.892
NOR,McLaren,11.0,0 days 00:01:17.282000,0 days 00:00:22.070000,0 days 00:00:24.707000,0 days 00:00:30.505000,HARD,11.0,1.0,,,1,6.0,False,2025,Canada,R,77.282,22.07,24.707,30.505
NOR,McLaren,12.0,0 days 00:01:16.711000,0 days 00:00:21.462000,0 days 00:00:24.462000,0 days 00:00:30.787000,HARD,12.0,1.0,,,1,5.0,False,2025,Canada,R,76.711,21.462,24.462,30.787
NOR,McLaren,13.0,0 days 00:01:16.376000,0 days 00:00:21.279000,0 days 00:00:24.309000,0 days 00:00:30.788000,HARD,13.0,1.0,,,1,4.0,False,2025,Canada,R,76.376,21.279,24.309,30.788
NOR,McLaren,14.0,0 days 00:01:16.457000,0 days 00:00:21.256000,0 days 00:00:24.432000,0 days 00:00:30.769000,HARD,14.0,1.0,,,1,3.0,False,2025,Canada,R,76.457,21.256,24.432,30.769
NOR,McLaren,15.0,0 days 00:01:17.096000,0 days 00:00:21.549000,0 days 00:00:24.607000,0 days 00:00:30.940000,HARD,15.0,1.0,,,1,2.0,False,2025,Canada,R,77.096,21.549,24.607,30.94
NOR,McLaren,16.0,0 days 00:01:16.587000,0 days 00:00:21.409000,0 days 00:00:24.424000,0 days 00:00:30.754000,HARD,16.0,1.0,,,1,1.0,False,2025,Canada,R,76.587,21.409,24.424,30.754
NOR,McLaren,17.0,0 days 00:01:16.280000,0 days 00:00:21.162000,0 days 00:00:24.369000,0 days 00:00:30.749000,HARD,17.0,1.0,,,1,1.0,False,2025,Canada,R,76.28,21.162,24.369,30.749
NOR,McLaren,18.0,0 days 00:01:16.185000,0 days 00:00:21.175000,0 days 00:00:24.271000,0 days 00:00:30.739000,HARD,18.0,1.0,,,1,1.0,False,2025,Canada,R,76.185,21.175,24.271,30.739
NOR,McLaren,19.0,0 days 00:01:16.300000,0 days 00:00:21.266000,0 days 00:00:24.342000,0 days 00:00:30.692000,HARD,19.0,1.0,,,1,1.0,False,2025,Canada,R,76.3,21.266,24.342,30.692
NOR,McLaren,20.0,0 days 00:01:16.368000,0 days 00:00:21.216000,0 days 00:00:24.383000,0 days 00:00:30.769000,HARD,20.0,1.0,,,1,1.0,False,2025,Canada,R,76.368,21.216,24.383,30.769
NOR,McLaren,21.0,0 days 00:01:16.186000,0 days 00:00:21.188000,0 days 00:00:24.288000,0 days 00:00:30.710000,HARD,21.0,1.0,,,1,1.0,False,2025,Canada,R,76.186,21.188,24.288,30.71
NOR,McLaren,22.0,0 days 00:01:16.336000,0 days 00:00:21.284000,0 days 00:00:24.234000,0 days 00:00:30.818000,HARD,22.0,1.0,,,1,1.0,False,2025,Canada,R,76.336,21.284,24.234,30.818
NOR,McLaren,23.0,0 days 00:01:16.141000,0 days 00:00:21.198000,0 days 00:00:24.214000,0 days 00:00:30.729000,HARD,23.0,1.0,,,1,1.0,False,2025,Canada,R,76.141,21.198,24.214,30.729
NOR,McLaren,24.0,0 days 00:01:16.158000,0 days 00:00:21.251000,0 days 00:00:24.191000,0 days 00:00:30.716000,HARD,24.0,1.0,,,1,1.0,False,2025,Canada,R,76.158,21.251,24.191,30.716
NOR,McLaren,25.0,0 days 00:01:16.465000,0 days 00:00:21.230000,0 days 00:00:24.252000,0 days 00:00:30.983000,HARD,25.0,1.0,,,1,1.0,False,2025,Canada,R,76.465,21.23,24.252,30.983
NOR,McLaren,26.0,0 days 00:01:16.354000,0 days 00:00:21.271000,0 days 00:00:24.213000,0 days 00:00:30.870000,HARD,26.0,1.0,,,1,1.0,False,2025,Canada,R,76.354,21.271,24.213,30.87
NOR,McLaren,27.0,0 days 00:01:16.321000,0 days 00:00:21.325000,0 days 00:00:24.201000,0 days 00:00:30.795000,HARD,27.0,1.0,,,1,1.0,False,2025,Canada,R,76.321,21.325,24.201,30.795
NOR,McLaren,28.0,0 days 00:01:16.184000,0 days 00:00:21.286000,0 days 00:00:24.144000,0 days 00:00:30.754000,HARD,28.0,1.0,,,1,1.0,False,2025,Canada,R,76.184,21.286,24.144,30.754
NOR,McLaren,29.0,0 days 00:01:32.211000,0 days 00:00:21.259000,0 days 00:00:24.112000,0 days 00:00:46.840000,HARD,29.0,1.0,0 days 01:35:04.240000,,1,5.0,False,2025,Canada,R,92.211,21.259,24.112,46.84
NOR,McLaren,30.0,0 days 00:01:18.172000,0 days 00:00:23.591000,0 days 00:00:24.185000,0 days 00:00:30.396000,MEDIUM,1.0,2.0,,0 days 01:35:27.503000,1,5.0,False,2025,Canada,R,78.172,23.591,24.185,30.396
NOR,McLaren,31.0,0 days 00:01:15.255000,0 days 00:00:21.035000,0 days 00:00:23.913000,0 days 00:00:30.307000,MEDIUM,2.0,2.0,,,1,5.0,False,2025,Canada,R,75.255,21.035,23.913,30.307
NOR,McLaren,32.0,0 days 00:01:15.277000,0 days 00:00:21.007000,0 days 00:00:23.965000,0 days 00:00:30.305000,MEDIUM,3.0,2.0,,,1,5.0,False,2025,Canada,R,75.277,21.007,23.965,30.305
NOR,McLaren,33.0,0 days 00:01:15.185000,0 days 00:00:21.028000,0 days 00:00:23.904000,0 days 00:00:30.253000,MEDIUM,4.0,2.0,,,1,5.0,False,2025,Canada,R,75.185,21.028,23.904,30.253
NOR,McLaren,34.0,0 days 00:01:15.002000,0 days 00:00:20.908000,0 days 00:00:23.843000,0 days 00:00:30.251000,MEDIUM,5.0,2.0,,,1,5.0,False,2025,Canada,R,75.002,20.908,23.843,30.251
NOR,McLaren,35.0,0 days 00:01:14.966000,0 days 00:00:20.911000,0 days 00:00:23.868000,0 days 00:00:30.187000,MEDIUM,6.0,2.0,,,1,5.0,False,2025,Canada,R,74.966,20.911,23.868,30.187
NOR,McLaren,36.0,0 days 00:01:15.213000,0 days 00:00:21.004000,0 days 00:00:23.979000,0 days 00:00:30.230000,MEDIUM,7.0,2.0,,,1,5.0,False,2025,Canada,R,75.213,21.004,23.979,30.23
NOR,McLaren,37.0,0 days 00:01:15.248000,0 days 00:00:21.030000,0 days 00:00:23.804000,0 days 00:00:30.414000,MEDIUM,8.0,2.0,,,1,4.0,False,2025,Canada,R,75.248,21.03,23.804,30.414
NOR,McLaren,38.0,0 days 00:01:15.163000,0 days 00:00:21.014000,0 days 00:00:23.924000,0 days 00:00:30.225000,MEDIUM,9.0,2.0,,,1,3.0,False,2025,Canada,R,75.163,21.014,23.924,30.225
NOR,McLaren,39.0,0 days 00:01:14.725000,0 days 00:00:20.814000,0 days 00:00:23.737000,0 days 00:00:30.174000,MEDIUM,10.0,2.0,,,1,3.0,False,2025,Canada,R,74.725,20.814,23.737,30.174
NOR,McLaren,40.0,0 days 00:01:14.839000,0 days 00:00:20.840000,0 days 00:00:23.815000,0 days 00:00:30.184000,MEDIUM,11.0,2.0,,,1,3.0,False,2025,Canada,R,74.839,20.84,23.815,30.184
NOR,McLaren,41.0,0 days 00:01:15.115000,0 days 00:00:20.995000,0 days 00:00:23.921000,0 days 00:00:30.199000,MEDIUM,12.0,2.0,,,1,3.0,False,2025,Canada,R,75.115,20.995,23.921,30.199
NOR,McLaren,42.0,0 days 00:01:15.027000,0 days 00:00:20.917000,0 days 00:00:23.814000,0 days 00:00:30.296000,MEDIUM,13.0,2.0,,,1,2.0,False,2025,Canada,R,75.027,20.917,23.814,30.296
NOR,McLaren,43.0,0 days 00:01:15.297000,0 days 00:00:20.981000,0 days 00:00:23.941000,0 days 00:00:30.375000,MEDIUM,14.0,2.0,,,1,2.0,False,2025,Canada,R,75.297,20.981,23.941,30.375
NOR,McLaren,44.0,0 days 00:01:15.761000,0 days 00:00:21.177000,0 days 00:00:24.130000,0 days 00:00:30.454000,MEDIUM,15.0,2.0,,,1,2.0,False,2025,Canada,R,75.761,21.177,24.13,30.454
NOR,McLaren,45.0,0 days 00:01:15.608000,0 days 00:00:21.109000,0 days 00:00:24.028000,0 days 00:00:30.471000,MEDIUM,16.0,2.0,,,1,1.0,False,2025,Canada,R,75.608,21.109,24.028,30.471
NOR,McLaren,46.0,0 days 00:01:15.505000,0 days 00:00:21.116000,0 days 00:00:23.964000,0 days 00:00:30.425000,MEDIUM,17.0,2.0,,,1,1.0,False,2025,Canada,R,75.505,21.116,23.964,30.425
NOR,McLaren,47.0,0 days 00:01:31.610000,0 days 00:00:21.055000,0 days 00:00:23.977000,0 days 00:00:46.578000,MEDIUM,18.0,2.0,0 days 01:57:57.048000,,1,6.0,False,2025,Canada,R,91.61,21.055,23.977,46.578
NOR,McLaren,48.0,0 days 00:01:17.984000,0 days 00:00:23.421000,0 days 00:00:24.144000,0 days 00:00:30.419000,HARD,1.0,3.0,,0 days 01:58:20.376000,12,6.0,False,2025,Canada,R,77.984,23.421,24.144,30.419
NOR,McLaren,49.0,0 days 00:01:14.832000,0 days 00:00:20.968000,0 days 00:00:23.707000,0 days 00:00:30.157000,HARD,2.0,3.0,,,1,6.0,False,2025,Canada,R,74.832,20.968,23.707,30.157
NOR,McLaren,50.0,0 days 00:01:14.494000,0 days 00:00:20.839000,0 days 00:00:23.613000,0 days 00:00:30.042000,HARD,3.0,3.0,,,1,6.0,False,2025,Canada,R,74.494,20.839,23.613,30.042
NOR,McLaren,51.0,0 days 00:01:14.313000,0 days 00:00:20.963000,0 days 00:00:23.752000,0 days 00:00:29.598000,HARD,4.0,3.0,,,1,6.0,False,2025,Canada,R,74.313,20.963,23.752,29.598
NOR,McLaren,52.0,0 days 00:01:14.681000,0 days 00:00:20.903000,0 days 00:00:23.746000,0 days 00:00:30.032000,HARD,5.0,3.0,,,1,6.0,False,2025,Canada,R,74.681,20.903,23.746,30.032
NOR,McLaren,53.0,0 days 00:01:14.375000,0 days 00:00:20.771000,0 days 00:00:23.586000,0 days 00:00:30.018000,HARD,6.0,3.0,,,1,5.0,False,2025,Canada,R,74.375,20.771,23.586,30.018
NOR,McLaren,54.0,0 days 00:01:14.341000,0 days 00:00:20.757000,0 days 00:00:23.665000,0 days 00:00:29.919000,HARD,7.0,3.0,,,1,5.0,False,2025,Canada,R,74.341,20.757,23.665,29.919
NOR,McLaren,55.0,0 days 00:01:14.239000,0 days 00:00:20.692000,0 days 00:00:23.645000,0 days 00:00:29.902000,HARD,8.0,3.0,,,1,5.0,False,2025,Canada,R,74.239,20.692,23.645,29.902
NOR,McLaren,56.0,0 days 00:01:14.617000,0 days 00:00:20.964000,0 days 00:00:23.650000,0 days 00:00:30.003000,HARD,9.0,3.0,,,1,5.0,False,2025,Canada,R,74.617,20.964,23.65,30.003
NOR,McLaren,57.0,0 days 00:01:14.390000,0 days 00:00:20.815000,0 days 00:00:23.502000,0 days 00:00:30.073000,HARD,10.0,3.0,,,1,5.0,False,2025,Canada,R,74.39,20.815,23.502,30.073
NOR,McLaren,58.0,0 days 00:01:14.665000,0 days 00:00:20.752000,0 days 00:00:23.786000,0 days 00:00:30.127000,HARD,11.0,3.0,,,1,5.0,False,2025,Canada,R,74.665,20.752,23.786,30.127
NOR,McLaren,59.0,0 days 00:01:14.524000,0 days 00:00:20.897000,0 days 00:00:23.792000,0 days 00:00:29.835000,HARD,12.0,3.0,,,1,5.0,False,2025,Canada,R,74.524,20.897,23.792,29.835
NOR,McLaren,60.0,0 days 00:01:14.300000,0 days 00:00:21.028000,0 days 00:00:23.561000,0 days 00:00:29.711000,HARD,13.0,3.0,,,1,5.0,False,2025,Canada,R,74.3,21.028,23.561,29.711
NOR,McLaren,61.0,0 days 00:01:14.251000,0 days 00:00:21.016000,0 days 00:00:23.527000,0 days 00:00:29.708000,HARD,14.0,3.0,,,1,5.0,False,2025,Canada,R,74.251,21.016,23.527,29.708
NOR,McLaren,62.0,0 days 00:01:14.301000,0 days 00:00:21.024000,0 days 00:00:23.520000,0 days 00:00:29.757000,HARD,15.0,3.0,,,1,5.0,False,2025,Canada,R,74.301,21.024,23.52,29.757
NOR,McLaren,63.0,0 days 00:01:14.419000,0 days 00:00:21.137000,0 days 00:00:23.464000,0 days 00:00:29.818000,HARD,16.0,3.0,,,1,5.0,False,2025,Canada,R,74.419,21.137,23.464,29.818
NOR,McLaren,64.0,0 days 00:01:14.285000,0 days 00:00:21.004000,0 days 00:00:23.519000,0 days 00:00:29.762000,HARD,17.0,3.0,,,1,5.0,False,2025,Canada,R,74.285,21.004,23.519,29.762
NOR,McLaren,65.0,0 days 00:01:14.229000,0 days 00:00:21.028000,0 days 00:00:23.532000,0 days 00:00:29.669000,HARD,18.0,3.0,,,1,5.0,False,2025,Canada,R,74.229,21.028,23.532,29.669
NOR,McLaren,66.0,0 days 00:01:15.227000,0 days 00:00:21.319000,0 days 00:00:23.539000,0 days 00:00:30.369000,HARD,19.0,3.0,,,1,5.0,False,2025,Canada,R,75.227,21.319,23.539,30.369
NOR,McLaren,67.0,,,,,HARD,20.0,3.0,,,124,,False,2025,Canada,R,,,,
COL,Alpine,1.0,0 days 00:01:28.837000,,0 days 00:00:26.820000,0 days 00:00:32.331000,MEDIUM,6.0,1.0,,,1,10.0,False,2025,Canada,R,88.837,,26.82,32.331
COL,Alpine,2.0,0 days 00:01:18.477000,0 days 00:00:22.294000,0 days 00:00:24.724000,0 days 00:00:31.459000,MEDIUM,7.0,1.0,,,1,10.0,False,2025,Canada,R,78.477,22.294,24.724,31.459
COL,Alpine,3.0,0 days 00:01:17.700000,0 days 00:00:21.921000,0 days 00:00:24.555000,0 days 00:00:31.224000,MEDIUM,8.0,1.0,,,1,10.0,False,2025,Canada,R,77.7,21.921,24.555,31.224
COL,Alpine,4.0,0 days 00:01:17.551000,0 days 00:00:21.777000,0 days 00:00:24.649000,0 days 00:00:31.125000,MEDIUM,9.0,1.0,,,1,10.0,False,2025,Canada,R,77.551,21.777,24.649,31.125
COL,Alpine,5.0,0 days 00:01:17.306000,0 days 00:00:21.832000,0 days 00:00:24.568000,0 days 00:00:30.906000,MEDIUM,10.0,1.0,,,1,10.0,False,2025,Canada,R,77.306,21.832,24.568,30.906
COL,Alpine,6.0,0 days 00:01:17.402000,0 days 00:00:21.783000,0 days 00:00:24.464000,0 days 00:00:31.155000,MEDIUM,11.0,1.0,,,1,10.0,False,2025,Canada,R,77.402,21.783,24.464,31.155
COL,Alpine,7.0,0 days 00:01:17.446000,0 days 00:00:21.592000,0 days 00:00:24.479000,0 days 00:00:31.375000,MEDIUM,12.0,1.0,,,1,10.0,False,2025,Canada,R,77.446,21.592,24.479,31.375
COL,Alpine,8.0,0 days 00:01:17.262000,0 days 00:00:21.641000,0 days 00:00:24.442000,0 days 00:00:31.179000,MEDIUM,13.0,1.0,,,1,10.0,False,2025,Canada,R,77.262,21.641,24.442,31.179
COL,Alpine,9.0,0 days 00:01:17.405000,0 days 00:00:21.675000,0 days 00:00:24.493000,0 days 00:00:31.237000,MEDIUM,14.0,1.0,,,1,10.0,False,2025,Canada,R,77.405,21.675,24.493,31.237
COL,Alpine,10.0,0 days 00:01:17.636000,0 days 00:00:21.700000,0 days 00:00:24.486000,0 days 00:00:31.450000,MEDIUM,15.0,1.0,,,1,10.0,False,2025,Canada,R,77.636,21.7,24.486,31.45
COL,Alpine,11.0,0 days 00:01:17.653000,0 days 00:00:21.698000,0 days 00:00:24.461000,0 days 00:00:31.494000,MEDIUM,16.0,1.0,,,1,10.0,False,2025,Canada,R,77.653,21.698,24.461,31.494
COL,Alpine,12.0,0 days 00:01:18.210000,0 days 00:00:21.896000,0 days 00:00:24.718000,0 days 00:00:31.596000,MEDIUM,17.0,1.0,,,1,10.0,False,2025,Canada,R,78.21,21.896,24.718,31.596
COL,Alpine,13.0,0 days 00:01:17.880000,0 days 00:00:22.070000,0 days 00:00:24.623000,0 days 00:00:31.187000,MEDIUM,18.0,1.0,,,1,10.0,False,2025,Canada,R,77.88,22.07,24.623,31.187
COL,Alpine,14.0,0 days 00:01:35.104000,0 days 00:00:21.899000,0 days 00:00:24.593000,0 days 00:00:48.612000,MEDIUM,19.0,1.0,0 days 01:16:12.702000,,1,19.0,False,2025,Canada,R,95.104,21.899,24.593,48.612
COL,Alpine,15.0,0 days 00:01:20.790000,0 days 00:00:24.491000,0 days 00:00:24.809000,0 days 00:00:31.490000,HARD,1.0,2.0,,0 days 01:16:37.249000,1,19.0,False,2025,Canada,R,80.79,24.491,24.809,31.49
COL,Alpine,16.0,0 days 00:01:17.702000,0 days 00:00:21.894000,0 days 00:00:24.558000,0 days 00:00:31.250000,HARD,2.0,2.0,,,1,19.0,False,2025,Canada,R,77.702,21.894,24.558,31.25
COL,Alpine,17.0,0 days 00:01:17.456000,0 days 00:00:21.730000,0 days 00:00:24.411000,0 days 00:00:31.315000,HARD,3.0,2.0,,,1,19.0,False,2025,Canada,R,77.456,21.73,24.411,31.315
COL,Alpine,18.0,0 days 00:01:17.359000,0 days 00:00:21.826000,0 days 00:00:24.375000,0 days 00:00:31.158000,HARD,4.0,2.0,,,1,18.0,False,2025,Canada,R,77.359,21.826,24.375,31.158
COL,Alpine,19.0,0 days 00:01:17.159000,0 days 00:00:21.623000,0 days 00:00:24.373000,0 days 00:00:31.163000,HARD,5.0,2.0,,,1,18.0,False,2025,Canada,R,77.159,21.623,24.373,31.163
COL,Alpine,20.0,0 days 00:01:17.504000,0 days 00:00:21.722000,0 days 00:00:24.493000,0 days 00:00:31.289000,HARD,6.0,2.0,,,1,18.0,False,2025,Canada,R,77.504,21.722,24.493,31.289
COL,Alpine,21.0,0 days 00:01:17.444000,0 days 00:00:21.675000,0 days 00:00:24.513000,0 days 00:00:31.256000,HARD,7.0,2.0,,,1,18.0,False,2025,Canada,R,77.444,21.675,24.513,31.256
COL,Alpine,22.0,0 days 00:01:17.750000,0 days 00:00:21.788000,0 days 00:00:24.717000,0 days 00:00:31.245000,HARD,8.0,2.0,,,1,18.0,False,2025,Canada,R,77.75,21.788,24.717,31.245
COL,Alpine,23.0,0 days 00:01:17.622000,0 days 00:00:21.829000,0 days 00:00:24.522000,0 days 00:00:31.271000,HARD,9.0,2.0,,,1,17.0,False,2025,Canada,R,77.622,21.829,24.522,31.271
COL,Alpine,24.0,0 days 00:01:17.520000,0 days 00:00:21.641000,0 days 00:00:24.347000,0 days 00:00:31.532000,HARD,10.0,2.0,,,1,16.0,False,2025,Canada,R,77.52,21.641,24.347,31.532
COL,Alpine,25.0,0 days 00:01:17.108000,0 days 00:00:21.627000,0 days 00:00:24.311000,0 days 00:00:31.170000,HARD,11.0,2.0,,,1,16.0,False,2025,Canada,R,77.108,21.627,24.311,31.17
COL,Alpine,26.0,0 days 00:01:17.397000,0 days 00:00:21.589000,0 days 00:00:24.439000,0 days 00:00:31.369000,HARD,12.0,2.0,,,1,16.0,False,2025,Canada,R,77.397,21.589,24.439,31.369
COL,Alpine,27.0,0 days 00:01:17.317000,0 days 00:00:21.579000,0 days 00:00:24.530000,0 days 00:00:31.208000,HARD,13.0,2.0,,,1,16.0,False,2025,Canada,R,77.317,21.579,24.53,31.208
COL,Alpine,28.0,0 days 00:01:17.179000,0 days 00:00:21.660000,0 days 00:00:24.391000,0 days 00:00:31.128000,HARD,14.0,2.0,,,1,16.0,False,2025,Canada,R,77.179,21.66,24.391,31.128
COL,Alpine,29.0,0 days 00:01:17.214000,0 days 00:00:21.578000,0 days 00:00:24.414000,0 days 00:00:31.222000,HARD,15.0,2.0,,,1,16.0,False,2025,Canada,R,77.214,21.578,24.414,31.222
COL,Alpine,30.0,0 days 00:01:16.970000,0 days 00:00:21.522000,0 days 00:00:24.258000,0 days 00:00:31.190000,HARD,16.0,2.0,,,1,16.0,False,2025,Canada,R,76.97,21.522,24.258,31.19
COL,Alpine,31.0,0 days 00:01:16.762000,0 days 00:00:21.577000,0 days 00:00:24.368000,0 days 00:00:30.817000,HARD,17.0,2.0,,,1,16.0,False,2025,Canada,R,76.762,21.577,24.368,30.817
COL,Alpine,32.0,0 days 00:01:17.577000,0 days 00:00:22.086000,0 days 00:00:24.474000,0 days 00:00:31.017000,HARD,18.0,2.0,,,1,16.0,False,2025,Canada,R,77.577,22.086,24.474,31.017
COL,Alpine,33.0,0 days 00:01:17.666000,0 days 00:00:22.124000,0 days 00:00:24.478000,0 days 00:00:31.064000,HARD,19.0,2.0,,,1,16.0,False,2025,Canada,R,77.666,22.124,24.478,31.064
COL,Alpine,34.0,0 days 00:01:17.450000,0 days 00:00:22.040000,0 days 00:00:24.513000,0 days 00:00:30.897000,HARD,20.0,2.0,,,1,16.0,False,2025,Canada,R,77.45,22.04,24.513,30.897
COL,Alpine,35.0,0 days 00:01:17.548000,0 days 00:00:22.065000,0 days 00:00:24.579000,0 days 00:00:30.904000,HARD,21.0,2.0,,,1,15.0,False,2025,Canada,R,77.548,22.065,24.579,30.904
COL,Alpine,36.0,0 days 00:01:17.077000,0 days 00:00:21.831000,0 days 00:00:24.277000,0 days 00:00:30.969000,HARD,22.0,2.0,,,1,15.0,False,2025,Canada,R,77.077,21.831,24.277,30.969
COL,Alpine,37.0,0 days 00:01:17.138000,0 days 00:00:21.872000,0 days 00:00:24.512000,0 days 00:00:30.754000,HARD,23.0,2.0,,,1,14.0,False,2025,Canada,R,77.138,21.872,24.512,30.754
COL,Alpine,38.0,0 days 00:01:18,0 days 00:00:21.907000,0 days 00:00:24.680000,0 days 00:00:31.413000,HARD,24.0,2.0,,,1,14.0,False,2025,Canada,R,78.0,21.907,24.68,31.413
COL,Alpine,39.0,0 days 00:01:16.225000,0 days 00:00:21.555000,0 days 00:00:24.171000,0 days 00:00:30.499000,HARD,25.0,2.0,,,1,14.0,False,2025,Canada,R,76.225,21.555,24.171,30.499
COL,Alpine,40.0,0 days 00:01:17.134000,0 days 00:00:21.797000,0 days 00:00:24.433000,0 days 00:00:30.904000,HARD,26.0,2.0,,,1,14.0,False,2025,Canada,R,77.134,21.797,24.433,30.904
COL,Alpine,41.0,0 days 00:01:17.670000,0 days 00:00:21.968000,0 days 00:00:24.471000,0 days 00:00:31.231000,HARD,27.0,2.0,,,1,14.0,False,2025,Canada,R,77.67,21.968,24.471,31.231
COL,Alpine,42.0,0 days 00:01:17.146000,0 days 00:00:21.675000,0 days 00:00:24.477000,0 days 00:00:30.994000,HARD,28.0,2.0,,,1,14.0,False,2025,Canada,R,77.146,21.675,24.477,30.994
COL,Alpine,43.0,0 days 00:01:17.985000,0 days 00:00:22.149000,0 days 00:00:24.663000,0 days 00:00:31.173000,HARD,29.0,2.0,,,1,14.0,False,2025,Canada,R,77.985,22.149,24.663,31.173
COL,Alpine,44.0,0 days 00:01:17.026000,0 days 00:00:21.759000,0 days 00:00:24.285000,0 days 00:00:30.982000,HARD,30.0,2.0,,,1,14.0,False,2025,Canada,R,77.026,21.759,24.285,30.982
COL,Alpine,45.0,0 days 00:01:17.045000,0 days 00:00:21.826000,0 days 00:00:24.302000,0 days 00:00:30.917000,HARD,31.0,2.0,,,1,14.0,False,2025,Canada,R,77.045,21.826,24.302,30.917
COL,Alpine,46.0,0 days 00:01:16.779000,0 days 00:00:21.634000,0 days 00:00:24.251000,0 days 00:00:30.894000,HARD,32.0,2.0,,,1,14.0,False,2025,Canada,R,76.779,21.634,24.251,30.894
COL,Alpine,47.0,0 days 00:01:16.831000,0 days 00:00:21.716000,0 days 00:00:24.279000,0 days 00:00:30.836000,HARD,33.0,2.0,,,1,14.0,False,2025,Canada,R,76.831,21.716,24.279,30.836
COL,Alpine,48.0,0 days 00:01:17.340000,0 days 00:00:21.969000,0 days 00:00:24.548000,0 days 00:00:30.823000,HARD,34.0,2.0,,,12,14.0,False,2025,Canada,R,77.34,21.969,24.548,30.823
COL,Alpine,49.0,0 days 00:01:17.520000,0 days 00:00:21.802000,0 days 00:00:24.574000,0 days 00:00:31.144000,HARD,35.0,2.0,,,1,13.0,False,2025,Canada,R,77.52,21.802,24.574,31.144
COL,Alpine,50.0,0 days 00:01:16.919000,0 days 00:00:21.500000,0 days 00:00:24.279000,0 days 00:00:31.140000,HARD,36.0,2.0,,,1,13.0,False,2025,Canada,R,76.919,21.5,24.279,31.14
COL,Alpine,51.0,0 days 00:01:16.484000,0 days 00:00:21.203000,0 days 00:00:24.108000,0 days 00:00:31.173000,HARD,37.0,2.0,,,1,13.0,False,2025,Canada,R,76.484,21.203,24.108,31.173
COL,Alpine,52.0,0 days 00:01:16.366000,0 days 00:00:21.212000,0 days 00:00:24.160000,0 days 00:00:30.994000,HARD,38.0,2.0,,,1,13.0,False,2025,Canada,R,76.366,21.212,24.16,30.994
COL,Alpine,53.0,0 days 00:01:16.076000,0 days 00:00:21.241000,0 days 00:00:23.970000,0 days 00:00:30.865000,HARD,39.0,2.0,,,1,13.0,False,2025,Canada,R,76.076,21.241,23.97,30.865
COL,Alpine,54.0,0 days 00:01:16.269000,0 days 00:00:21.219000,0 days 00:00:24.148000,0 days 00:00:30.902000,HARD,40.0,2.0,,,1,13.0,False,2025,Canada,R,76.269,21.219,24.148,30.902
COL,Alpine,55.0,0 days 00:01:16.840000,0 days 00:00:21.331000,0 days 00:00:24.110000,0 days 00:00:31.399000,HARD,41.0,2.0,,,1,13.0,False,2025,Canada,R,76.84,21.331,24.11,31.399
COL,Alpine,56.0,0 days 00:01:18.526000,0 days 00:00:21.632000,0 days 00:00:24.227000,0 days 00:00:32.667000,HARD,42.0,2.0,,,1,12.0,False,2025,Canada,R,78.526,21.632,24.227,32.667
COL,Alpine,57.0,0 days 00:01:19.271000,0 days 00:00:22.058000,0 days 00:00:25.277000,0 days 00:00:31.936000,HARD,43.0,2.0,,,1,12.0,False,2025,Canada,R,79.271,22.058,25.277,31.936
COL,Alpine,58.0,0 days 00:01:17.998000,0 days 00:00:22.180000,0 days 00:00:24.370000,0 days 00:00:31.448000,HARD,44.0,2.0,,,1,12.0,False,2025,Canada,R,77.998,22.18,24.37,31.448
COL,Alpine,59.0,0 days 00:01:18.745000,0 days 00:00:21.602000,0 days 00:00:24.331000,0 days 00:00:32.812000,HARD,45.0,2.0,,,1,13.0,False,2025,Canada,R,78.745,21.602,24.331,32.812
COL,Alpine,60.0,0 days 00:01:17.161000,0 days 00:00:21.835000,0 days 00:00:24.374000,0 days 00:00:30.952000,HARD,46.0,2.0,,,1,13.0,False,2025,Canada,R,77.161,21.835,24.374,30.952
COL,Alpine,61.0,0 days 00:01:16.617000,0 days 00:00:21.546000,0 days 00:00:24.045000,0 days 00:00:31.026000,HARD,47.0,2.0,,,1,13.0,False,2025,Canada,R,76.617,21.546,24.045,31.026
COL,Alpine,62.0,0 days 00:01:18.147000,0 days 00:00:21.402000,0 days 00:00:24.215000,0 days 00:00:32.530000,HARD,48.0,2.0,,,1,13.0,False,2025,Canada,R,78.147,21.402,24.215,32.53
COL,Alpine,63.0,0 days 00:01:16.622000,0 days 00:00:21.414000,0 days 00:00:24.147000,0 days 00:00:31.061000,HARD,49.0,2.0,,,1,13.0,False,2025,Canada,R,76.622,21.414,24.147,31.061
COL,Alpine,64.0,0 days 00:01:16.826000,0 days 00:00:21.384000,0 days 00:00:23.889000,0 days 00:00:31.553000,HARD,50.0,2.0,,,1,14.0,False,2025,Canada,R,76.826,21.384,23.889,31.553
COL,Alpine,65.0,0 days 00:01:16.279000,0 days 00:00:21.561000,0 days 00:00:23.953000,0 days 00:00:30.765000,HARD,51.0,2.0,,,12,14.0,False,2025,Canada,R,76.279,21.561,23.953,30.765
COL,Alpine,66.0,0 days 00:01:54.740000,0 days 00:00:32.150000,0 days 00:00:30.773000,0 days 00:00:51.817000,HARD,52.0,2.0,0 days 02:23:58.429000,,24,14.0,False,2025,Canada,R,114.74,32.15,30.773,51.817
COL,Alpine,67.0,0 days 00:01:56.920000,0 days 00:00:31.454000,0 days 00:00:33.513000,0 days 00:00:51.953000,HARD,53.0,3.0,0 days 02:25:55.364000,0 days 02:24:16.616000,4,13.0,False,2025,Canada,R,116.92,31.454,33.513,51.953
COL,Alpine,68.0,0 days 00:01:45.834000,0 days 00:00:31.154000,0 days 00:00:26.299000,0 days 00:00:48.381000,HARD,54.0,4.0,0 days 02:27:41.206000,0 days 02:26:13.533000,4,13.0,False,2025,Canada,R,105.834,31.154,26.299,48.381
COL,Alpine,69.0,0 days 00:02:01.787000,0 days 00:00:32.166000,0 days 00:00:33.810000,0 days 00:00:55.811000,HARD,55.0,5.0,,0 days 02:27:59.393000,4,13.0,False,2025,Canada,R,121.787,32.166,33.81,55.811
HAM,Ferrari,1.0,0 days 00:01:24.695000,,0 days 00:00:25.117000,0 days 00:00:31.434000,MEDIUM,1.0,1.0,,,1,5.0,False,2025,Canada,R,84.695,,25.117,31.434
HAM,Ferrari,2.0,0 days 00:01:17.320000,0 days 00:00:22.135000,0 days 00:00:24.335000,0 days 00:00:30.850000,MEDIUM,2.0,1.0,,,1,5.0,False,2025,Canada,R,77.32,22.135,24.335,30.85
HAM,Ferrari,3.0,0 days 00:01:16.867000,0 days 00:00:21.964000,0 days 00:00:24.229000,0 days 00:00:30.674000,MEDIUM,3.0,1.0,,,1,5.0,False,2025,Canada,R,76.867,21.964,24.229,30.674
HAM,Ferrari,4.0,0 days 00:01:16.982000,0 days 00:00:21.746000,0 days 00:00:24.263000,0 days 00:00:30.973000,MEDIUM,4.0,1.0,,,1,5.0,False,2025,Canada,R,76.982,21.746,24.263,30.973
HAM,Ferrari,5.0,0 days 00:01:16.507000,0 days 00:00:21.472000,0 days 00:00:24.104000,0 days 00:00:30.931000,MEDIUM,5.0,1.0,,,1,5.0,False,2025,Canada,R,76.507,21.472,24.104,30.931
HAM,Ferrari,6.0,0 days 00:01:16.506000,0 days 00:00:21.455000,0 days 00:00:24.154000,0 days 00:00:30.897000,MEDIUM,6.0,1.0,,,1,5.0,False,2025,Canada,R,76.506,21.455,24.154,30.897
HAM,Ferrari,7.0,0 days 00:01:16.498000,0 days 00:00:21.429000,0 days 00:00:24.153000,0 days 00:00:30.916000,MEDIUM,7.0,1.0,,,1,5.0,False,2025,Canada,R,76.498,21.429,24.153,30.916
HAM,Ferrari,8.0,0 days 00:01:16.433000,0 days 00:00:21.413000,0 days 00:00:24.126000,0 days 00:00:30.894000,MEDIUM,8.0,1.0,,,1,5.0,False,2025,Canada,R,76.433,21.413,24.126,30.894
HAM,Ferrari,9.0,0 days 00:01:16.657000,0 days 00:00:21.576000,0 days 00:00:24.202000,0 days 00:00:30.879000,MEDIUM,9.0,1.0,,,1,5.0,False,2025,Canada,R,76.657,21.576,24.202,30.879
HAM,Ferrari,10.0,0 days 00:01:16.710000,0 days 00:00:21.542000,0 days 00:00:24.159000,0 days 00:00:31.009000,MEDIUM,10.0,1.0,,,1,5.0,False,2025,Canada,R,76.71,21.542,24.159,31.009
HAM,Ferrari,11.0,0 days 00:01:16.726000,0 days 00:00:21.422000,0 days 00:00:24.243000,0 days 00:00:31.061000,MEDIUM,11.0,1.0,,,1,5.0,False,2025,Canada,R,76.726,21.422,24.243,31.061
HAM,Ferrari,12.0,0 days 00:01:17.339000,0 days 00:00:21.619000,0 days 00:00:24.320000,0 days 00:00:31.400000,MEDIUM,12.0,1.0,,,1,4.0,False,2025,Canada,R,77.339,21.619,24.32,31.4
HAM,Ferrari,13.0,0 days 00:01:17.208000,0 days 00:00:21.648000,0 days 00:00:24.443000,0 days 00:00:31.117000,MEDIUM,13.0,1.0,,,1,3.0,False,2025,Canada,R,77.208,21.648,24.443,31.117
HAM,Ferrari,14.0,0 days 00:01:17.486000,0 days 00:00:21.710000,0 days 00:00:24.565000,0 days 00:00:31.211000,MEDIUM,14.0,1.0,,,1,2.0,False,2025,Canada,R,77.486,21.71,24.565,31.211
HAM,Ferrari,15.0,0 days 00:01:34.965000,0 days 00:00:21.906000,0 days 00:00:24.783000,0 days 00:00:48.276000,MEDIUM,15.0,1.0,0 days 01:17:16.765000,,1,9.0,False,2025,Canada,R,94.965,21.906,24.783,48.276
HAM,Ferrari,16.0,0 days 00:01:20.186000,0 days 00:00:24.306000,0 days 00:00:24.733000,0 days 00:00:31.147000,HARD,1.0,2.0,,0 days 01:17:40.378000,1,10.0,False,2025,Canada,R,80.186,24.306,24.733,31.147
HAM,Ferrari,17.0,0 days 00:01:17.560000,0 days 00:00:21.883000,0 days 00:00:24.652000,0 days 00:00:31.025000,HARD,2.0,2.0,,,1,10.0,False,2025,Canada,R,77.56,21.883,24.652,31.025
HAM,Ferrari,18.0,0 days 00:01:16.858000,0 days 00:00:21.766000,0 days 00:00:24.355000,0 days 00:00:30.737000,HARD,3.0,2.0,,,1,10.0,False,2025,Canada,R,76.858,21.766,24.355,30.737
HAM,Ferrari,19.0,0 days 00:01:18.007000,0 days 00:00:22.162000,0 days 00:00:24.676000,0 days 00:00:31.169000,HARD,4.0,2.0,,,1,9.0,False,2025,Canada,R,78.007,22.162,24.676,31.169
HAM,Ferrari,20.0,0 days 00:01:17.105000,0 days 00:00:21.803000,0 days 00:00:24.370000,0 days 00:00:30.932000,HARD,5.0,2.0,,,1,7.0,False,2025,Canada,R,77.105,21.803,24.37,30.932
HAM,Ferrari,21.0,0 days 00:01:16.648000,0 days 00:00:21.476000,0 days 00:00:24.229000,0 days 00:00:30.943000,HARD,6.0,2.0,,,1,7.0,False,2025,Canada,R,76.648,21.476,24.229,30.943
HAM,Ferrari,22.0,0 days 00:01:16.598000,0 days 00:00:21.398000,0 days 00:00:24.191000,0 days 00:00:31.009000,HARD,7.0,2.0,,,1,7.0,False,2025,Canada,R,76.598,21.398,24.191,31.009
HAM,Ferrari,23.0,0 days 00:01:16.429000,0 days 00:00:21.193000,0 days 00:00:24.225000,0 days 00:00:31.011000,HARD,8.0,2.0,,,1,7.0,False,2025,Canada,R,76.429,21.193,24.225,31.011
HAM,Ferrari,24.0,0 days 00:01:16.215000,0 days 00:00:21.177000,0 days 00:00:24.129000,0 days 00:00:30.909000,HARD,9.0,2.0,,,1,7.0,False,2025,Canada,R,76.215,21.177,24.129,30.909
HAM,Ferrari,25.0,0 days 00:01:16.589000,0 days 00:00:21.454000,0 days 00:00:24.117000,0 days 00:00:31.018000,HARD,10.0,2.0,,,1,7.0,False,2025,Canada,R,76.589,21.454,24.117,31.018
HAM,Ferrari,26.0,0 days 00:01:16.229000,0 days 00:00:21.381000,0 days 00:00:24.041000,0 days 00:00:30.807000,HARD,11.0,2.0,,,1,7.0,False,2025,Canada,R,76.229,21.381,24.041,30.807
HAM,Ferrari,27.0,0 days 00:01:15.883000,0 days 00:00:21.147000,0 days 00:00:24.041000,0 days 00:00:30.695000,HARD,12.0,2.0,,,1,7.0,False,2025,Canada,R,75.883,21.147,24.041,30.695
HAM,Ferrari,28.0,0 days 00:01:16.129000,0 days 00:00:21.235000,0 days 00:00:23.980000,0 days 00:00:30.914000,HARD,13.0,2.0,,,1,7.0,False,2025,Canada,R,76.129,21.235,23.98,30.914
HAM,Ferrari,29.0,0 days 00:01:16.217000,0 days 00:00:21.445000,0 days 00:00:24.014000,0 days 00:00:30.758000,HARD,14.0,2.0,,,1,7.0,False,2025,Canada,R,76.217,21.445,24.014,30.758
HAM,Ferrari,30.0,0 days 00:01:16.263000,0 days 00:00:21.262000,0 days 00:00:24.042000,0 days 00:00:30.959000,HARD,15.0,2.0,,,1,7.0,False,2025,Canada,R,76.263,21.262,24.042,30.959
HAM,Ferrari,31.0,0 days 00:01:16.185000,0 days 00:00:21.320000,0 days 00:00:24.070000,0 days 00:00:30.795000,HARD,16.0,2.0,,,1,7.0,False,2025,Canada,R,76.185,21.32,24.07,30.795
HAM,Ferrari,32.0,0 days 00:01:15.803000,0 days 00:00:21.234000,0 days 00:00:23.926000,0 days 00:00:30.643000,HARD,17.0,2.0,,,1,7.0,False,2025,Canada,R,75.803,21.234,23.926,30.643
HAM,Ferrari,33.0,0 days 00:01:15.877000,0 days 00:00:21.228000,0 days 00:00:23.971000,0 days 00:00:30.678000,HARD,18.0,2.0,,,1,7.0,False,2025,Canada,R,75.877,21.228,23.971,30.678
HAM,Ferrari,34.0,0 days 00:01:15.872000,0 days 00:00:21.328000,0 days 00:00:23.967000,0 days 00:00:30.577000,HARD,19.0,2.0,,,1,7.0,False,2025,Canada,R,75.872,21.328,23.967,30.577
HAM,Ferrari,35.0,0 days 00:01:15.828000,0 days 00:00:21.233000,0 days 00:00:23.932000,0 days 00:00:30.663000,HARD,20.0,2.0,,,1,7.0,False,2025,Canada,R,75.828,21.233,23.932,30.663
HAM,Ferrari,36.0,0 days 00:01:15.951000,0 days 00:00:21.217000,0 days 00:00:24.040000,0 days 00:00:30.694000,HARD,21.0,2.0,,,1,7.0,False,2025,Canada,R,75.951,21.217,24.04,30.694
HAM,Ferrari,37.0,0 days 00:01:16.027000,0 days 00:00:21.257000,0 days 00:00:24.079000,0 days 00:00:30.691000,HARD,22.0,2.0,,,1,7.0,False,2025,Canada,R,76.027,21.257,24.079,30.691
HAM,Ferrari,38.0,0 days 00:01:15.748000,0 days 00:00:21.206000,0 days 00:00:23.966000,0 days 00:00:30.576000,HARD,23.0,2.0,,,1,7.0,False,2025,Canada,R,75.748,21.206,23.966,30.576
HAM,Ferrari,39.0,0 days 00:01:15.997000,0 days 00:00:21.193000,0 days 00:00:24.062000,0 days 00:00:30.742000,HARD,24.0,2.0,,,1,7.0,False,2025,Canada,R,75.997,21.193,24.062,30.742
HAM,Ferrari,40.0,0 days 00:01:16.080000,0 days 00:00:21.311000,0 days 00:00:23.955000,0 days 00:00:30.814000,HARD,25.0,2.0,,,1,7.0,False,2025,Canada,R,76.08,21.311,23.955,30.814
HAM,Ferrari,41.0,0 days 00:01:16.223000,0 days 00:00:21.349000,0 days 00:00:24.071000,0 days 00:00:30.803000,HARD,26.0,2.0,,,1,7.0,False,2025,Canada,R,76.223,21.349,24.071,30.803
HAM,Ferrari,42.0,0 days 00:01:16.591000,0 days 00:00:21.352000,0 days 00:00:24.240000,0 days 00:00:30.999000,HARD,27.0,2.0,,,1,7.0,False,2025,Canada,R,76.591,21.352,24.24,30.999
HAM,Ferrari,43.0,0 days 00:01:16.582000,0 days 00:00:21.458000,0 days 00:00:24.077000,0 days 00:00:31.047000,HARD,28.0,2.0,,,1,7.0,False,2025,Canada,R,76.582,21.458,24.077,31.047
HAM,Ferrari,44.0,0 days 00:01:16.789000,0 days 00:00:21.562000,0 days 00:00:24.257000,0 days 00:00:30.970000,HARD,29.0,2.0,,,1,7.0,False,2025,Canada,R,76.789,21.562,24.257,30.97
HAM,Ferrari,45.0,0 days 00:01:32.121000,0 days 00:00:21.307000,0 days 00:00:24.110000,0 days 00:00:46.704000,HARD,30.0,2.0,0 days 01:55:47.543000,,1,7.0,False,2025,Canada,R,92.121,21.307,24.11,46.704
HAM,Ferrari,46.0,0 days 00:01:18.649000,0 days 00:00:23.784000,0 days 00:00:24.028000,0 days 00:00:30.837000,HARD,1.0,3.0,,0 days 01:56:10.903000,1,7.0,False,2025,Canada,R,78.649,23.784,24.028,30.837
HAM,Ferrari,47.0,0 days 00:01:15.728000,0 days 00:00:21.043000,0 days 00:00:23.922000,0 days 00:00:30.763000,HARD,2.0,3.0,,,1,7.0,False,2025,Canada,R,75.728,21.043,23.922,30.763
HAM,Ferrari,48.0,0 days 00:01:16.825000,0 days 00:00:21.392000,0 days 00:00:24.247000,0 days 00:00:31.186000,HARD,3.0,3.0,,,12,7.0,False,2025,Canada,R,76.825,21.392,24.247,31.186
HAM,Ferrari,49.0,0 days 00:01:15.688000,0 days 00:00:21.202000,0 days 00:00:23.956000,0 days 00:00:30.530000,HARD,4.0,3.0,,,1,7.0,False,2025,Canada,R,75.688,21.202,23.956,30.53
HAM,Ferrari,50.0,0 days 00:01:15.536000,0 days 00:00:21.095000,0 days 00:00:23.723000,0 days 00:00:30.718000,HARD,5.0,3.0,,,1,7.0,False,2025,Canada,R,75.536,21.095,23.723,30.718
HAM,Ferrari,51.0,0 days 00:01:15.707000,0 days 00:00:20.982000,0 days 00:00:23.937000,0 days 00:00:30.788000,HARD,6.0,3.0,,,1,7.0,False,2025,Canada,R,75.707,20.982,23.937,30.788
HAM,Ferrari,52.0,0 days 00:01:15.668000,0 days 00:00:21.069000,0 days 00:00:23.924000,0 days 00:00:30.675000,HARD,7.0,3.0,,,1,7.0,False,2025,Canada,R,75.668,21.069,23.924,30.675
HAM,Ferrari,53.0,0 days 00:01:15.296000,0 days 00:00:21.050000,0 days 00:00:23.665000,0 days 00:00:30.581000,HARD,8.0,3.0,,,1,7.0,False,2025,Canada,R,75.296,21.05,23.665,30.581
HAM,Ferrari,54.0,0 days 00:01:15.417000,0 days 00:00:21.049000,0 days 00:00:23.814000,0 days 00:00:30.554000,HARD,9.0,3.0,,,1,7.0,False,2025,Canada,R,75.417,21.049,23.814,30.554
HAM,Ferrari,55.0,0 days 00:01:14.981000,0 days 00:00:20.904000,0 days 00:00:23.713000,0 days 00:00:30.364000,HARD,10.0,3.0,,,1,7.0,False,2025,Canada,R,74.981,20.904,23.713,30.364
HAM,Ferrari,56.0,0 days 00:01:15.068000,0 days 00:00:20.955000,0 days 00:00:23.712000,0 days 00:00:30.401000,HARD,11.0,3.0,,,1,7.0,False,2025,Canada,R,75.068,20.955,23.712,30.401
HAM,Ferrari,57.0,0 days 00:01:15.409000,0 days 00:00:20.993000,0 days 00:00:23.795000,0 days 00:00:30.621000,HARD,12.0,3.0,,,1,7.0,False,2025,Canada,R,75.409,20.993,23.795,30.621
HAM,Ferrari,58.0,0 days 00:01:15.167000,0 days 00:00:20.957000,0 days 00:00:23.731000,0 days 00:00:30.479000,HARD,13.0,3.0,,,1,7.0,False,2025,Canada,R,75.167,20.957,23.731,30.479
HAM,Ferrari,59.0,0 days 00:01:15.269000,0 days 00:00:21.022000,0 days 00:00:23.776000,0 days 00:00:30.471000,HARD,14.0,3.0,,,1,7.0,False,2025,Canada,R,75.269,21.022,23.776,30.471
HAM,Ferrari,60.0,0 days 00:01:15.227000,0 days 00:00:21.007000,0 days 00:00:23.801000,0 days 00:00:30.419000,HARD,15.0,3.0,,,1,7.0,False,2025,Canada,R,75.227,21.007,23.801,30.419
HAM,Ferrari,61.0,0 days 00:01:15.928000,0 days 00:00:20.954000,0 days 00:00:24.445000,0 days 00:00:30.529000,HARD,16.0,3.0,,,1,7.0,False,2025,Canada,R,75.928,20.954,24.445,30.529
HAM,Ferrari,62.0,0 days 00:01:14.961000,0 days 00:00:20.915000,0 days 00:00:23.730000,0 days 00:00:30.316000,HARD,17.0,3.0,,,1,7.0,False,2025,Canada,R,74.961,20.915,23.73,30.316
HAM,Ferrari,63.0,0 days 00:01:15.173000,0 days 00:00:20.954000,0 days 00:00:23.768000,0 days 00:00:30.451000,HARD,18.0,3.0,,,1,7.0,False,2025,Canada,R,75.173,20.954,23.768,30.451
HAM,Ferrari,64.0,0 days 00:01:14.805000,0 days 00:00:20.831000,0 days 00:00:23.632000,0 days 00:00:30.342000,HARD,19.0,3.0,,,1,7.0,False,2025,Canada,R,74.805,20.831,23.632,30.342
HAM,Ferrari,65.0,0 days 00:01:15.179000,0 days 00:00:20.943000,0 days 00:00:23.643000,0 days 00:00:30.593000,HARD,20.0,3.0,,,1,7.0,False,2025,Canada,R,75.179,20.943,23.643,30.593
HAM,Ferrari,66.0,0 days 00:01:22.408000,0 days 00:00:20.922000,0 days 00:00:23.688000,0 days 00:00:37.798000,HARD,21.0,3.0,,,124,7.0,False,2025,Canada,R,82.408,20.922,23.688,37.798
HAM,Ferrari,67.0,0 days 00:01:55.724000,0 days 00:00:37.809000,0 days 00:00:31.271000,0 days 00:00:46.644000,HARD,22.0,3.0,0 days 02:24:22.413000,,4,6.0,False,2025,Canada,R,115.724,37.809,31.271,46.644
HAM,Ferrari,68.0,0 days 00:01:50.618000,0 days 00:00:29.372000,0 days 00:00:30.597000,0 days 00:00:50.649000,HARD,23.0,4.0,0 days 02:26:13.122000,0 days 02:24:40.745000,4,6.0,False,2025,Canada,R,110.618,29.372,30.597,50.649
HAM,Ferrari,69.0,0 days 00:01:37.731000,0 days 00:00:27.282000,0 days 00:00:26.156000,0 days 00:00:44.293000,HARD,24.0,5.0,0 days 02:27:50.909000,0 days 02:26:31.377000,4,6.0,False,2025,Canada,R,97.731,27.282,26.156,44.293
HAM,Ferrari,70.0,0 days 00:01:55.750000,0 days 00:00:30.432000,0 days 00:00:31.347000,0 days 00:00:53.971000,HARD,25.0,6.0,,0 days 02:28:09.081000,4,6.0,False,2025,Canada,R,115.75,30.432,31.347,53.971
BOR,Kick Sauber,1.0,0 days 00:01:30.643000,,0 days 00:00:26.773000,0 days 00:00:32.442000,HARD,1.0,1.0,,,1,15.0,False,2025,Canada,R,90.643,,26.773,32.442
BOR,Kick Sauber,2.0,0 days 00:01:19.187000,0 days 00:00:22.856000,0 days 00:00:25.008000,0 days 00:00:31.323000,HARD,2.0,1.0,,,1,15.0,False,2025,Canada,R,79.187,22.856,25.008,31.323
BOR,Kick Sauber,3.0,0 days 00:01:18.174000,0 days 00:00:22.310000,0 days 00:00:24.886000,0 days 00:00:30.978000,HARD,3.0,1.0,,,1,15.0,False,2025,Canada,R,78.174,22.31,24.886,30.978
BOR,Kick Sauber,4.0,0 days 00:01:17.507000,0 days 00:00:22.155000,0 days 00:00:24.530000,0 days 00:00:30.822000,HARD,4.0,1.0,,,1,15.0,False,2025,Canada,R,77.507,22.155,24.53,30.822
BOR,Kick Sauber,5.0,0 days 00:01:17.589000,0 days 00:00:22.182000,0 days 00:00:24.732000,0 days 00:00:30.675000,HARD,5.0,1.0,,,1,15.0,False,2025,Canada,R,77.589,22.182,24.732,30.675
BOR,Kick Sauber,6.0,0 days 00:01:17.249000,0 days 00:00:21.857000,0 days 00:00:24.606000,0 days 00:00:30.786000,HARD,6.0,1.0,,,1,15.0,False,2025,Canada,R,77.249,21.857,24.606,30.786
BOR,Kick Sauber,7.0,0 days 00:01:17.551000,0 days 00:00:22.021000,0 days 00:00:24.713000,0 days 00:00:30.817000,HARD,7.0,1.0,,,1,15.0,False,2025,Canada,R,77.551,22.021,24.713,30.817
BOR,Kick Sauber,8.0,0 days 00:01:17.572000,0 days 00:00:21.992000,0 days 00:00:24.794000,0 days 00:00:30.786000,HARD,8.0,1.0,,,1,15.0,False,2025,Canada,R,77.572,21.992,24.794,30.786
BOR,Kick Sauber,9.0,0 days 00:01:17.463000,0 days 00:00:21.966000,0 days 00:00:24.715000,0 days 00:00:30.782000,HARD,9.0,1.0,,,1,15.0,False,2025,Canada,R,77.463,21.966,24.715,30.782
BOR,Kick Sauber,10.0,0 days 00:01:17.191000,0 days 00:00:21.845000,0 days 00:00:24.669000,0 days 00:00:30.677000,HARD,10.0,1.0,,,1,15.0,False,2025,Canada,R,77.191,21.845,24.669,30.677
BOR,Kick Sauber,11.0,0 days 00:01:17.590000,0 days 00:00:21.962000,0 days 00:00:24.749000,0 days 00:00:30.879000,HARD,11.0,1.0,,,1,15.0,False,2025,Canada,R,77.59,21.962,24.749,30.879
BOR,Kick Sauber,12.0,0 days 00:01:18.232000,0 days 00:00:22.226000,0 days 00:00:24.858000,0 days 00:00:31.148000,HARD,12.0,1.0,,,1,15.0,False,2025,Canada,R,78.232,22.226,24.858,31.148
BOR,Kick Sauber,13.0,0 days 00:01:19.602000,0 days 00:00:22.786000,0 days 00:00:25.263000,0 days 00:00:31.553000,HARD,13.0,1.0,,,1,14.0,False,2025,Canada,R,79.602,22.786,25.263,31.553
BOR,Kick Sauber,14.0,0 days 00:01:18.195000,0 days 00:00:22.276000,0 days 00:00:24.800000,0 days 00:00:31.119000,HARD,14.0,1.0,,,1,13.0,False,2025,Canada,R,78.195,22.276,24.8,31.119
BOR,Kick Sauber,15.0,0 days 00:01:18.078000,0 days 00:00:22.339000,0 days 00:00:24.703000,0 days 00:00:31.036000,HARD,15.0,1.0,,,1,12.0,False,2025,Canada,R,78.078,22.339,24.703,31.036
BOR,Kick Sauber,16.0,0 days 00:01:19.725000,0 days 00:00:22.199000,0 days 00:00:25.102000,0 days 00:00:32.424000,HARD,16.0,1.0,,,1,14.0,False,2025,Canada,R,79.725,22.199,25.102,32.424
BOR,Kick Sauber,17.0,0 days 00:01:18.198000,0 days 00:00:22.425000,0 days 00:00:24.838000,0 days 00:00:30.935000,HARD,17.0,1.0,,,1,14.0,False,2025,Canada,R,78.198,22.425,24.838,30.935
BOR,Kick Sauber,18.0,0 days 00:01:18.191000,0 days 00:00:22.230000,0 days 00:00:24.941000,0 days 00:00:31.020000,HARD,18.0,1.0,,,1,13.0,False,2025,Canada,R,78.191,22.23,24.941,31.02
BOR,Kick Sauber,19.0,0 days 00:01:18.025000,0 days 00:00:22.062000,0 days 00:00:24.776000,0 days 00:00:31.187000,HARD,19.0,1.0,,,1,12.0,False,2025,Canada,R,78.025,22.062,24.776,31.187
BOR,Kick Sauber,20.0,0 days 00:01:17.625000,0 days 00:00:21.913000,0 days 00:00:24.673000,0 days 00:00:31.039000,HARD,20.0,1.0,,,1,12.0,False,2025,Canada,R,77.625,21.913,24.673,31.039
BOR,Kick Sauber,21.0,0 days 00:01:18.231000,0 days 00:00:22.208000,0 days 00:00:24.784000,0 days 00:00:31.239000,HARD,21.0,1.0,,,1,12.0,False,2025,Canada,R,78.231,22.208,24.784,31.239
BOR,Kick Sauber,22.0,0 days 00:01:17.867000,0 days 00:00:22.091000,0 days 00:00:24.779000,0 days 00:00:30.997000,HARD,22.0,1.0,,,1,11.0,False,2025,Canada,R,77.867,22.091,24.779,30.997
BOR,Kick Sauber,23.0,0 days 00:01:18.135000,0 days 00:00:21.967000,0 days 00:00:24.688000,0 days 00:00:31.480000,HARD,23.0,1.0,,,1,12.0,False,2025,Canada,R,78.135,21.967,24.688,31.48
BOR,Kick Sauber,24.0,0 days 00:01:18.433000,0 days 00:00:22.148000,0 days 00:00:24.913000,0 days 00:00:31.372000,HARD,24.0,1.0,,,1,12.0,False,2025,Canada,R,78.433,22.148,24.913,31.372
BOR,Kick Sauber,25.0,0 days 00:01:18.116000,0 days 00:00:22.104000,0 days 00:00:24.771000,0 days 00:00:31.241000,HARD,25.0,1.0,,,1,12.0,False,2025,Canada,R,78.116,22.104,24.771,31.241
BOR,Kick Sauber,26.0,0 days 00:01:17.937000,0 days 00:00:22.031000,0 days 00:00:24.676000,0 days 00:00:31.230000,HARD,26.0,1.0,,,1,12.0,False,2025,Canada,R,77.937,22.031,24.676,31.23
BOR,Kick Sauber,27.0,0 days 00:01:17.875000,0 days 00:00:22.011000,0 days 00:00:24.634000,0 days 00:00:31.230000,HARD,27.0,1.0,,,1,12.0,False,2025,Canada,R,77.875,22.011,24.634,31.23
BOR,Kick Sauber,28.0,0 days 00:01:17.602000,0 days 00:00:21.955000,0 days 00:00:24.502000,0 days 00:00:31.145000,HARD,28.0,1.0,,,1,12.0,False,2025,Canada,R,77.602,21.955,24.502,31.145
BOR,Kick Sauber,29.0,0 days 00:01:17.789000,0 days 00:00:21.845000,0 days 00:00:24.624000,0 days 00:00:31.320000,HARD,29.0,1.0,,,1,12.0,False,2025,Canada,R,77.789,21.845,24.624,31.32
BOR,Kick Sauber,30.0,0 days 00:01:17.530000,0 days 00:00:21.879000,0 days 00:00:24.555000,0 days 00:00:31.096000,HARD,30.0,1.0,,,1,12.0,False,2025,Canada,R,77.53,21.879,24.555,31.096
BOR,Kick Sauber,31.0,0 days 00:01:17.545000,0 days 00:00:21.824000,0 days 00:00:24.598000,0 days 00:00:31.123000,HARD,31.0,1.0,,,1,12.0,False,2025,Canada,R,77.545,21.824,24.598,31.123
BOR,Kick Sauber,32.0,0 days 00:01:17.701000,0 days 00:00:21.936000,0 days 00:00:24.573000,0 days 00:00:31.192000,HARD,32.0,1.0,,,1,12.0,False,2025,Canada,R,77.701,21.936,24.573,31.192
BOR,Kick Sauber,33.0,0 days 00:01:17.525000,0 days 00:00:21.789000,0 days 00:00:24.589000,0 days 00:00:31.147000,HARD,33.0,1.0,,,1,12.0,False,2025,Canada,R,77.525,21.789,24.589,31.147
BOR,Kick Sauber,34.0,0 days 00:01:17.762000,0 days 00:00:21.909000,0 days 00:00:24.744000,0 days 00:00:31.109000,HARD,34.0,1.0,,,1,12.0,False,2025,Canada,R,77.762,21.909,24.744,31.109
BOR,Kick Sauber,35.0,0 days 00:01:17.613000,0 days 00:00:21.846000,0 days 00:00:24.654000,0 days 00:00:31.113000,HARD,35.0,1.0,,,1,12.0,False,2025,Canada,R,77.613,21.846,24.654,31.113
BOR,Kick Sauber,36.0,0 days 00:01:17.567000,0 days 00:00:21.917000,0 days 00:00:24.553000,0 days 00:00:31.097000,HARD,36.0,1.0,,,1,12.0,False,2025,Canada,R,77.567,21.917,24.553,31.097
BOR,Kick Sauber,37.0,0 days 00:01:18.337000,0 days 00:00:21.921000,0 days 00:00:24.818000,0 days 00:00:31.598000,HARD,37.0,1.0,,,1,13.0,False,2025,Canada,R,78.337,21.921,24.818,31.598
BOR,Kick Sauber,38.0,0 days 00:01:17.879000,0 days 00:00:22.126000,0 days 00:00:24.666000,0 days 00:00:31.087000,HARD,38.0,1.0,,,1,13.0,False,2025,Canada,R,77.879,22.126,24.666,31.087
BOR,Kick Sauber,39.0,0 days 00:01:17.265000,0 days 00:00:21.715000,0 days 00:00:24.553000,0 days 00:00:30.997000,HARD,39.0,1.0,,,1,13.0,False,2025,Canada,R,77.265,21.715,24.553,30.997
BOR,Kick Sauber,40.0,0 days 00:01:17.194000,0 days 00:00:21.706000,0 days 00:00:24.541000,0 days 00:00:30.947000,HARD,40.0,1.0,,,1,13.0,False,2025,Canada,R,77.194,21.706,24.541,30.947
BOR,Kick Sauber,41.0,0 days 00:01:17.284000,0 days 00:00:21.844000,0 days 00:00:24.457000,0 days 00:00:30.983000,HARD,41.0,1.0,,,1,13.0,False,2025,Canada,R,77.284,21.844,24.457,30.983
BOR,Kick Sauber,42.0,0 days 00:01:17.562000,0 days 00:00:22.009000,0 days 00:00:24.516000,0 days 00:00:31.037000,HARD,42.0,1.0,,,1,13.0,False,2025,Canada,R,77.562,22.009,24.516,31.037
BOR,Kick Sauber,43.0,0 days 00:01:17.497000,0 days 00:00:21.882000,0 days 00:00:24.572000,0 days 00:00:31.043000,HARD,43.0,1.0,,,1,13.0,False,2025,Canada,R,77.497,21.882,24.572,31.043
BOR,Kick Sauber,44.0,0 days 00:01:17.201000,0 days 00:00:21.786000,0 days 00:00:24.403000,0 days 00:00:31.012000,HARD,44.0,1.0,,,1,13.0,False,2025,Canada,R,77.201,21.786,24.403,31.012
BOR,Kick Sauber,45.0,0 days 00:01:17.048000,0 days 00:00:21.751000,0 days 00:00:24.383000,0 days 00:00:30.914000,HARD,45.0,1.0,,,1,13.0,False,2025,Canada,R,77.048,21.751,24.383,30.914
BOR,Kick Sauber,46.0,0 days 00:01:16.911000,0 days 00:00:21.713000,0 days 00:00:24.395000,0 days 00:00:30.803000,HARD,46.0,1.0,,,1,13.0,False,2025,Canada,R,76.911,21.713,24.395,30.803
BOR,Kick Sauber,47.0,0 days 00:01:17.082000,0 days 00:00:21.775000,0 days 00:00:24.318000,0 days 00:00:30.989000,HARD,47.0,1.0,,,1,13.0,False,2025,Canada,R,77.082,21.775,24.318,30.989
BOR,Kick Sauber,48.0,0 days 00:01:17.249000,0 days 00:00:21.801000,0 days 00:00:24.550000,0 days 00:00:30.898000,HARD,48.0,1.0,,,12,13.0,False,2025,Canada,R,77.249,21.801,24.55,30.898
BOR,Kick Sauber,49.0,0 days 00:01:33.551000,0 days 00:00:21.828000,0 days 00:00:24.687000,0 days 00:00:47.036000,HARD,49.0,1.0,0 days 02:01:38.612000,,1,18.0,False,2025,Canada,R,93.551,21.828,24.687,47.036
BOR,Kick Sauber,50.0,0 days 00:01:20.850000,0 days 00:00:24.878000,0 days 00:00:24.424000,0 days 00:00:31.548000,MEDIUM,1.0,2.0,,0 days 02:02:02.440000,1,18.0,False,2025,Canada,R,80.85,24.878,24.424,31.548
BOR,Kick Sauber,51.0,0 days 00:01:15.978000,0 days 00:00:21.346000,0 days 00:00:24.141000,0 days 00:00:30.491000,MEDIUM,2.0,2.0,,,1,17.0,False,2025,Canada,R,75.978,21.346,24.141,30.491
BOR,Kick Sauber,52.0,0 days 00:01:15.618000,0 days 00:00:21.199000,0 days 00:00:24.060000,0 days 00:00:30.359000,MEDIUM,3.0,2.0,,,1,17.0,False,2025,Canada,R,75.618,21.199,24.06,30.359
BOR,Kick Sauber,53.0,0 days 00:01:15.641000,0 days 00:00:21.127000,0 days 00:00:24.113000,0 days 00:00:30.401000,MEDIUM,4.0,2.0,,,1,16.0,False,2025,Canada,R,75.641,21.127,24.113,30.401
BOR,Kick Sauber,54.0,0 days 00:01:15.666000,0 days 00:00:21.166000,0 days 00:00:24.122000,0 days 00:00:30.378000,MEDIUM,5.0,2.0,,,1,16.0,False,2025,Canada,R,75.666,21.166,24.122,30.378
BOR,Kick Sauber,55.0,0 days 00:01:15.515000,0 days 00:00:21.151000,0 days 00:00:24.005000,0 days 00:00:30.359000,MEDIUM,6.0,2.0,,,1,16.0,False,2025,Canada,R,75.515,21.151,24.005,30.359
BOR,Kick Sauber,56.0,0 days 00:01:15.414000,0 days 00:00:21.116000,0 days 00:00:23.975000,0 days 00:00:30.323000,MEDIUM,7.0,2.0,,,1,16.0,False,2025,Canada,R,75.414,21.116,23.975,30.323
BOR,Kick Sauber,57.0,0 days 00:01:16.041000,0 days 00:00:21.247000,0 days 00:00:24.231000,0 days 00:00:30.563000,MEDIUM,8.0,2.0,,,1,16.0,False,2025,Canada,R,76.041,21.247,24.231,30.563
BOR,Kick Sauber,58.0,0 days 00:01:16.297000,0 days 00:00:21.432000,0 days 00:00:24.140000,0 days 00:00:30.725000,MEDIUM,9.0,2.0,,,1,16.0,False,2025,Canada,R,76.297,21.432,24.14,30.725
BOR,Kick Sauber,59.0,0 days 00:01:17.176000,0 days 00:00:22.582000,0 days 00:00:24.281000,0 days 00:00:30.313000,MEDIUM,10.0,2.0,,,1,16.0,False,2025,Canada,R,77.176,22.582,24.281,30.313
BOR,Kick Sauber,60.0,0 days 00:01:15.891000,0 days 00:00:21.382000,0 days 00:00:24.147000,0 days 00:00:30.362000,MEDIUM,11.0,2.0,,,1,16.0,False,2025,Canada,R,75.891,21.382,24.147,30.362
BOR,Kick Sauber,61.0,0 days 00:01:15.575000,0 days 00:00:21.167000,0 days 00:00:24.012000,0 days 00:00:30.396000,MEDIUM,12.0,2.0,,,1,16.0,False,2025,Canada,R,75.575,21.167,24.012,30.396
BOR,Kick Sauber,62.0,0 days 00:01:16.055000,0 days 00:00:21.387000,0 days 00:00:24.128000,0 days 00:00:30.540000,MEDIUM,13.0,2.0,,,1,16.0,False,2025,Canada,R,76.055,21.387,24.128,30.54
BOR,Kick Sauber,63.0,0 days 00:01:16.028000,0 days 00:00:21.594000,0 days 00:00:24.166000,0 days 00:00:30.268000,MEDIUM,14.0,2.0,,,1,16.0,False,2025,Canada,R,76.028,21.594,24.166,30.268
BOR,Kick Sauber,64.0,0 days 00:01:17.665000,0 days 00:00:22.074000,0 days 00:00:25.015000,0 days 00:00:30.576000,MEDIUM,15.0,2.0,,,1,15.0,False,2025,Canada,R,77.665,22.074,25.015,30.576
BOR,Kick Sauber,65.0,0 days 00:01:16.037000,0 days 00:00:21.473000,0 days 00:00:24.147000,0 days 00:00:30.417000,MEDIUM,16.0,2.0,,,12,15.0,False,2025,Canada,R,76.037,21.473,24.147,30.417
BOR,Kick Sauber,66.0,0 days 00:01:53.764000,0 days 00:00:32.533000,0 days 00:00:30.085000,0 days 00:00:51.146000,MEDIUM,17.0,2.0,0 days 02:23:59.319000,,24,15.0,False,2025,Canada,R,113.764,32.533,30.085,51.146
BOR,Kick Sauber,67.0,0 days 00:01:57.562000,0 days 00:00:32.004000,0 days 00:00:34.424000,0 days 00:00:51.134000,MEDIUM,18.0,3.0,0 days 02:25:56.926000,0 days 02:24:17.585000,4,14.0,False,2025,Canada,R,117.562,32.004,34.424,51.134
BOR,Kick Sauber,68.0,0 days 00:01:46.030000,0 days 00:00:31.233000,0 days 00:00:27.513000,0 days 00:00:47.284000,MEDIUM,19.0,4.0,0 days 02:27:42.831000,0 days 02:26:15.264000,4,14.0,False,2025,Canada,R,106.03,31.233,27.513,47.284
BOR,Kick Sauber,69.0,0 days 00:02:00.889000,0 days 00:00:32.021000,0 days 00:00:32.847000,0 days 00:00:56.021000,MEDIUM,20.0,5.0,,0 days 02:28:01.143000,4,14.0,False,2025,Canada,R,120.889,32.021,32.847,56.021
SAI,Williams,1.0,0 days 00:01:30.973000,,0 days 00:00:26.769000,0 days 00:00:32.971000,HARD,1.0,1.0,,,1,16.0,False,2025,Canada,R,90.973,,26.769,32.971
SAI,Williams,2.0,0 days 00:01:19.473000,0 days 00:00:22.980000,0 days 00:00:25.104000,0 days 00:00:31.389000,HARD,2.0,1.0,,,1,16.0,False,2025,Canada,R,79.473,22.98,25.104,31.389
SAI,Williams,3.0,0 days 00:01:18.399000,0 days 00:00:22.361000,0 days 00:00:24.852000,0 days 00:00:31.186000,HARD,3.0,1.0,,,1,16.0,False,2025,Canada,R,78.399,22.361,24.852,31.186
SAI,Williams,4.0,0 days 00:01:17.511000,0 days 00:00:21.987000,0 days 00:00:24.714000,0 days 00:00:30.810000,HARD,4.0,1.0,,,1,16.0,False,2025,Canada,R,77.511,21.987,24.714,30.81
SAI,Williams,5.0,0 days 00:01:17.317000,0 days 00:00:21.964000,0 days 00:00:24.572000,0 days 00:00:30.781000,HARD,5.0,1.0,,,1,16.0,False,2025,Canada,R,77.317,21.964,24.572,30.781
SAI,Williams,6.0,0 days 00:01:17.611000,0 days 00:00:21.918000,0 days 00:00:24.788000,0 days 00:00:30.905000,HARD,6.0,1.0,,,1,16.0,False,2025,Canada,R,77.611,21.918,24.788,30.905
SAI,Williams,7.0,0 days 00:01:17.634000,0 days 00:00:21.833000,0 days 00:00:24.725000,0 days 00:00:31.076000,HARD,7.0,1.0,,,1,16.0,False,2025,Canada,R,77.634,21.833,24.725,31.076
SAI,Williams,8.0,0 days 00:01:17.280000,0 days 00:00:21.791000,0 days 00:00:24.674000,0 days 00:00:30.815000,HARD,8.0,1.0,,,1,16.0,False,2025,Canada,R,77.28,21.791,24.674,30.815
SAI,Williams,9.0,0 days 00:01:17.233000,0 days 00:00:21.947000,0 days 00:00:24.548000,0 days 00:00:30.738000,HARD,9.0,1.0,,,1,16.0,False,2025,Canada,R,77.233,21.947,24.548,30.738
SAI,Williams,10.0,0 days 00:01:17.501000,0 days 00:00:21.844000,0 days 00:00:24.847000,0 days 00:00:30.810000,HARD,10.0,1.0,,,1,16.0,False,2025,Canada,R,77.501,21.844,24.847,30.81
SAI,Williams,11.0,0 days 00:01:17.298000,0 days 00:00:21.786000,0 days 00:00:24.569000,0 days 00:00:30.943000,HARD,11.0,1.0,,,1,16.0,False,2025,Canada,R,77.298,21.786,24.569,30.943
SAI,Williams,12.0,0 days 00:01:18.238000,0 days 00:00:22.208000,0 days 00:00:24.736000,0 days 00:00:31.294000,HARD,12.0,1.0,,,1,16.0,False,2025,Canada,R,78.238,22.208,24.736,31.294
SAI,Williams,13.0,0 days 00:01:19.482000,0 days 00:00:22.492000,0 days 00:00:25.300000,0 days 00:00:31.690000,HARD,13.0,1.0,,,1,15.0,False,2025,Canada,R,79.482,22.492,25.3,31.69
SAI,Williams,14.0,0 days 00:01:18.750000,0 days 00:00:22.244000,0 days 00:00:25.292000,0 days 00:00:31.214000,HARD,14.0,1.0,,,1,14.0,False,2025,Canada,R,78.75,22.244,25.292,31.214
SAI,Williams,15.0,0 days 00:01:17.863000,0 days 00:00:21.997000,0 days 00:00:24.857000,0 days 00:00:31.009000,HARD,15.0,1.0,,,1,13.0,False,2025,Canada,R,77.863,21.997,24.857,31.009
SAI,Williams,16.0,0 days 00:01:17.836000,0 days 00:00:22.056000,0 days 00:00:24.739000,0 days 00:00:31.041000,HARD,16.0,1.0,,,1,12.0,False,2025,Canada,R,77.836,22.056,24.739,31.041
SAI,Williams,17.0,0 days 00:01:17.446000,0 days 00:00:22.025000,0 days 00:00:24.729000,0 days 00:00:30.692000,HARD,17.0,1.0,,,1,11.0,False,2025,Canada,R,77.446,22.025,24.729,30.692
SAI,Williams,18.0,0 days 00:01:17.196000,0 days 00:00:21.848000,0 days 00:00:24.516000,0 days 00:00:30.832000,HARD,18.0,1.0,,,1,11.0,False,2025,Canada,R,77.196,21.848,24.516,30.832
SAI,Williams,19.0,0 days 00:01:17.077000,0 days 00:00:21.633000,0 days 00:00:24.468000,0 days 00:00:30.976000,HARD,19.0,1.0,,,1,10.0,False,2025,Canada,R,77.077,21.633,24.468,30.976
SAI,Williams,20.0,0 days 00:01:18.229000,0 days 00:00:22.350000,0 days 00:00:24.674000,0 days 00:00:31.205000,HARD,20.0,1.0,,,1,9.0,False,2025,Canada,R,78.229,22.35,24.674,31.205
SAI,Williams,21.0,0 days 00:01:17.196000,0 days 00:00:21.748000,0 days 00:00:24.463000,0 days 00:00:30.985000,HARD,21.0,1.0,,,1,9.0,False,2025,Canada,R,77.196,21.748,24.463,30.985
SAI,Williams,22.0,0 days 00:01:17.247000,0 days 00:00:21.786000,0 days 00:00:24.460000,0 days 00:00:31.001000,HARD,22.0,1.0,,,1,9.0,False,2025,Canada,R,77.247,21.786,24.46,31.001
SAI,Williams,23.0,0 days 00:01:17.292000,0 days 00:00:21.582000,0 days 00:00:24.581000,0 days 00:00:31.129000,HARD,23.0,1.0,,,1,9.0,False,2025,Canada,R,77.292,21.582,24.581,31.129
SAI,Williams,24.0,0 days 00:01:17.297000,0 days 00:00:21.695000,0 days 00:00:24.457000,0 days 00:00:31.145000,HARD,24.0,1.0,,,1,9.0,False,2025,Canada,R,77.297,21.695,24.457,31.145
SAI,Williams,25.0,0 days 00:01:17.394000,0 days 00:00:21.625000,0 days 00:00:24.535000,0 days 00:00:31.234000,HARD,25.0,1.0,,,1,9.0,False,2025,Canada,R,77.394,21.625,24.535,31.234
SAI,Williams,26.0,0 days 00:01:17.291000,0 days 00:00:21.672000,0 days 00:00:24.484000,0 days 00:00:31.135000,HARD,26.0,1.0,,,1,9.0,False,2025,Canada,R,77.291,21.672,24.484,31.135
SAI,Williams,27.0,0 days 00:01:17.300000,0 days 00:00:21.673000,0 days 00:00:24.491000,0 days 00:00:31.136000,HARD,27.0,1.0,,,1,9.0,False,2025,Canada,R,77.3,21.673,24.491,31.136
SAI,Williams,28.0,0 days 00:01:18.029000,0 days 00:00:21.713000,0 days 00:00:24.481000,0 days 00:00:31.835000,HARD,28.0,1.0,,,1,9.0,False,2025,Canada,R,78.029,21.713,24.481,31.835
SAI,Williams,29.0,0 days 00:01:17.491000,0 days 00:00:21.936000,0 days 00:00:24.477000,0 days 00:00:31.078000,HARD,29.0,1.0,,,1,9.0,False,2025,Canada,R,77.491,21.936,24.477,31.078
SAI,Williams,30.0,0 days 00:01:17.382000,0 days 00:00:21.775000,0 days 00:00:24.442000,0 days 00:00:31.165000,HARD,30.0,1.0,,,1,9.0,False,2025,Canada,R,77.382,21.775,24.442,31.165
SAI,Williams,31.0,0 days 00:01:16.955000,0 days 00:00:21.555000,0 days 00:00:24.332000,0 days 00:00:31.068000,HARD,31.0,1.0,,,1,9.0,False,2025,Canada,R,76.955,21.555,24.332,31.068
SAI,Williams,32.0,0 days 00:01:17.118000,0 days 00:00:21.615000,0 days 00:00:24.391000,0 days 00:00:31.112000,HARD,32.0,1.0,,,1,9.0,False,2025,Canada,R,77.118,21.615,24.391,31.112
SAI,Williams,33.0,0 days 00:01:18.138000,0 days 00:00:21.806000,0 days 00:00:24.417000,0 days 00:00:31.915000,HARD,33.0,1.0,,,1,10.0,False,2025,Canada,R,78.138,21.806,24.417,31.915
SAI,Williams,34.0,0 days 00:01:17.385000,0 days 00:00:21.894000,0 days 00:00:24.551000,0 days 00:00:30.940000,HARD,34.0,1.0,,,1,10.0,False,2025,Canada,R,77.385,21.894,24.551,30.94
SAI,Williams,35.0,0 days 00:01:17.911000,0 days 00:00:21.935000,0 days 00:00:24.717000,0 days 00:00:31.259000,HARD,35.0,1.0,,,1,10.0,False,2025,Canada,R,77.911,21.935,24.717,31.259
SAI,Williams,36.0,0 days 00:01:17.398000,0 days 00:00:21.692000,0 days 00:00:24.668000,0 days 00:00:31.038000,HARD,36.0,1.0,,,1,10.0,False,2025,Canada,R,77.398,21.692,24.668,31.038
SAI,Williams,37.0,0 days 00:01:17.263000,0 days 00:00:21.669000,0 days 00:00:24.454000,0 days 00:00:31.140000,HARD,37.0,1.0,,,1,10.0,False,2025,Canada,R,77.263,21.669,24.454,31.14
SAI,Williams,38.0,0 days 00:01:17.333000,0 days 00:00:21.670000,0 days 00:00:24.538000,0 days 00:00:31.125000,HARD,38.0,1.0,,,1,10.0,False,2025,Canada,R,77.333,21.67,24.538,31.125
SAI,Williams,39.0,0 days 00:01:17.227000,0 days 00:00:21.597000,0 days 00:00:24.554000,0 days 00:00:31.076000,HARD,39.0,1.0,,,1,10.0,False,2025,Canada,R,77.227,21.597,24.554,31.076
SAI,Williams,40.0,0 days 00:01:17.130000,0 days 00:00:21.567000,0 days 00:00:24.390000,0 days 00:00:31.173000,HARD,40.0,1.0,,,1,10.0,False,2025,Canada,R,77.13,21.567,24.39,31.173
SAI,Williams,41.0,0 days 00:01:16.760000,0 days 00:00:21.495000,0 days 00:00:24.300000,0 days 00:00:30.965000,HARD,41.0,1.0,,,1,10.0,False,2025,Canada,R,76.76,21.495,24.3,30.965
SAI,Williams,42.0,0 days 00:01:16.915000,0 days 00:00:21.475000,0 days 00:00:24.408000,0 days 00:00:31.032000,HARD,42.0,1.0,,,1,10.0,False,2025,Canada,R,76.915,21.475,24.408,31.032
SAI,Williams,43.0,0 days 00:01:17.124000,0 days 00:00:21.652000,0 days 00:00:24.466000,0 days 00:00:31.006000,HARD,43.0,1.0,,,1,10.0,False,2025,Canada,R,77.124,21.652,24.466,31.006
SAI,Williams,44.0,0 days 00:01:16.863000,0 days 00:00:21.516000,0 days 00:00:24.366000,0 days 00:00:30.981000,HARD,44.0,1.0,,,1,10.0,False,2025,Canada,R,76.863,21.516,24.366,30.981
SAI,Williams,45.0,0 days 00:01:16.835000,0 days 00:00:21.437000,0 days 00:00:24.393000,0 days 00:00:31.005000,HARD,45.0,1.0,,,1,10.0,False,2025,Canada,R,76.835,21.437,24.393,31.005
SAI,Williams,46.0,0 days 00:01:16.894000,0 days 00:00:21.537000,0 days 00:00:24.358000,0 days 00:00:30.999000,HARD,46.0,1.0,,,1,10.0,False,2025,Canada,R,76.894,21.537,24.358,30.999
SAI,Williams,47.0,0 days 00:01:16.786000,0 days 00:00:21.488000,0 days 00:00:24.338000,0 days 00:00:30.960000,HARD,47.0,1.0,,,1,10.0,False,2025,Canada,R,76.786,21.488,24.338,30.96
SAI,Williams,48.0,0 days 00:01:16.656000,0 days 00:00:21.368000,0 days 00:00:24.378000,0 days 00:00:30.910000,HARD,48.0,1.0,,,12,10.0,False,2025,Canada,R,76.656,21.368,24.378,30.91
SAI,Williams,49.0,0 days 00:01:16.880000,0 days 00:00:21.476000,0 days 00:00:24.373000,0 days 00:00:31.031000,HARD,49.0,1.0,,,1,10.0,False,2025,Canada,R,76.88,21.476,24.373,31.031
SAI,Williams,50.0,0 days 00:01:16.685000,0 days 00:00:21.435000,0 days 00:00:24.327000,0 days 00:00:30.923000,HARD,50.0,1.0,,,1,9.0,False,2025,Canada,R,76.685,21.435,24.327,30.923
SAI,Williams,51.0,0 days 00:01:16.555000,0 days 00:00:21.335000,0 days 00:00:24.344000,0 days 00:00:30.876000,HARD,51.0,1.0,,,1,9.0,False,2025,Canada,R,76.555,21.335,24.344,30.876
SAI,Williams,52.0,0 days 00:01:16.426000,0 days 00:00:21.442000,0 days 00:00:24.251000,0 days 00:00:30.733000,HARD,52.0,1.0,,,1,9.0,False,2025,Canada,R,76.426,21.442,24.251,30.733
SAI,Williams,53.0,0 days 00:01:16.678000,0 days 00:00:21.370000,0 days 00:00:24.322000,0 days 00:00:30.986000,HARD,53.0,1.0,,,1,9.0,False,2025,Canada,R,76.678,21.37,24.322,30.986
SAI,Williams,54.0,0 days 00:01:16.687000,0 days 00:00:21.425000,0 days 00:00:24.351000,0 days 00:00:30.911000,HARD,54.0,1.0,,,1,9.0,False,2025,Canada,R,76.687,21.425,24.351,30.911
SAI,Williams,55.0,0 days 00:01:16.846000,0 days 00:00:21.460000,0 days 00:00:24.489000,0 days 00:00:30.897000,HARD,55.0,1.0,,,1,9.0,False,2025,Canada,R,76.846,21.46,24.489,30.897
SAI,Williams,56.0,0 days 00:01:17.283000,0 days 00:00:21.751000,0 days 00:00:24.557000,0 days 00:00:30.975000,HARD,56.0,1.0,,,1,10.0,True,2025,Canada,R,77.283,21.751,24.557,30.975
SAI,Williams,57.0,0 days 00:01:33.451000,0 days 00:00:22.027000,0 days 00:00:24.412000,0 days 00:00:47.012000,HARD,57.0,1.0,0 days 02:11:38.582000,,1,11.0,False,2025,Canada,R,93.451,22.027,24.412,47.012
SAI,Williams,58.0,0 days 00:01:18.678000,0 days 00:00:24.165000,0 days 00:00:24.380000,0 days 00:00:30.133000,MEDIUM,1.0,2.0,,0 days 02:12:01.848000,1,11.0,False,2025,Canada,R,78.678,24.165,24.38,30.133
SAI,Williams,59.0,0 days 00:01:14.389000,0 days 00:00:20.754000,0 days 00:00:23.612000,0 days 00:00:30.023000,MEDIUM,2.0,2.0,,,1,11.0,False,2025,Canada,R,74.389,20.754,23.612,30.023
SAI,Williams,60.0,0 days 00:01:14.783000,0 days 00:00:21.021000,0 days 00:00:23.753000,0 days 00:00:30.009000,MEDIUM,3.0,2.0,,,1,11.0,False,2025,Canada,R,74.783,21.021,23.753,30.009
SAI,Williams,61.0,0 days 00:01:15.299000,0 days 00:00:20.978000,0 days 00:00:23.825000,0 days 00:00:30.496000,MEDIUM,4.0,2.0,,,1,11.0,False,2025,Canada,R,75.299,20.978,23.825,30.496
SAI,Williams,62.0,0 days 00:01:15.162000,0 days 00:00:20.914000,0 days 00:00:24.002000,0 days 00:00:30.246000,MEDIUM,5.0,2.0,,,1,11.0,False,2025,Canada,R,75.162,20.914,24.002,30.246
SAI,Williams,63.0,0 days 00:01:15.081000,0 days 00:00:20.987000,0 days 00:00:23.798000,0 days 00:00:30.296000,MEDIUM,6.0,2.0,,,1,11.0,False,2025,Canada,R,75.081,20.987,23.798,30.296
SAI,Williams,64.0,0 days 00:01:14.452000,0 days 00:00:20.799000,0 days 00:00:23.570000,0 days 00:00:30.083000,MEDIUM,7.0,2.0,,,1,11.0,False,2025,Canada,R,74.452,20.799,23.57,30.083
SAI,Williams,65.0,0 days 00:01:14.459000,0 days 00:00:20.712000,0 days 00:00:23.559000,0 days 00:00:30.188000,MEDIUM,8.0,2.0,,,12,11.0,False,2025,Canada,R,74.459,20.712,23.559,30.188
SAI,Williams,66.0,0 days 00:01:45.951000,0 days 00:00:21.527000,0 days 00:00:34.095000,0 days 00:00:50.329000,MEDIUM,9.0,2.0,0 days 02:23:31.897000,,24,11.0,False,2025,Canada,R,105.951,21.527,34.095,50.329
SAI,Williams,67.0,0 days 00:01:57.479000,0 days 00:00:31.491000,0 days 00:00:31.969000,0 days 00:00:54.019000,MEDIUM,10.0,3.0,0 days 02:25:29.378000,0 days 02:23:50.163000,4,10.0,False,2025,Canada,R,117.479,31.491,31.969,54.019
SAI,Williams,68.0,0 days 00:02:03.540000,0 days 00:00:33.051000,0 days 00:00:36.086000,0 days 00:00:54.403000,MEDIUM,11.0,4.0,0 days 02:27:33.018000,0 days 02:25:47.630000,4,10.0,False,2025,Canada,R,123.54,33.051,36.086,54.403
SAI,Williams,69.0,0 days 00:02:04.853000,0 days 00:00:32.458000,0 days 00:00:36.779000,0 days 00:00:55.616000,MEDIUM,12.0,5.0,,0 days 02:27:51.159000,4,10.0,False,2025,Canada,R,124.853,32.458,36.779,55.616
HAD,Racing Bulls,1.0,0 days 00:01:29.263000,,0 days 00:00:26.200000,0 days 00:00:32.610000,MEDIUM,1.0,1.0,,,1,11.0,False,2025,Canada,R,89.263,,26.2,32.61
HAD,Racing Bulls,2.0,0 days 00:01:18.419000,0 days 00:00:22.656000,0 days 00:00:24.604000,0 days 00:00:31.159000,MEDIUM,2.0,1.0,,,1,11.0,False,2025,Canada,R,78.419,22.656,24.604,31.159
HAD,Racing Bulls,3.0,0 days 00:01:17.597000,0 days 00:00:22.237000,0 days 00:00:24.522000,0 days 00:00:30.838000,MEDIUM,3.0,1.0,,,1,11.0,False,2025,Canada,R,77.597,22.237,24.522,30.838
HAD,Racing Bulls,4.0,0 days 00:01:17.880000,0 days 00:00:22.302000,0 days 00:00:24.746000,0 days 00:00:30.832000,MEDIUM,4.0,1.0,,,1,11.0,False,2025,Canada,R,77.88,22.302,24.746,30.832
HAD,Racing Bulls,5.0,0 days 00:01:17.198000,0 days 00:00:22.054000,0 days 00:00:24.462000,0 days 00:00:30.682000,MEDIUM,5.0,1.0,,,1,11.0,False,2025,Canada,R,77.198,22.054,24.462,30.682
HAD,Racing Bulls,6.0,0 days 00:01:17.462000,0 days 00:00:22.054000,0 days 00:00:24.597000,0 days 00:00:30.811000,MEDIUM,6.0,1.0,,,1,11.0,False,2025,Canada,R,77.462,22.054,24.597,30.811
HAD,Racing Bulls,7.0,0 days 00:01:17.412000,0 days 00:00:21.846000,0 days 00:00:24.564000,0 days 00:00:31.002000,MEDIUM,7.0,1.0,,,1,11.0,False,2025,Canada,R,77.412,21.846,24.564,31.002
HAD,Racing Bulls,8.0,0 days 00:01:17.301000,0 days 00:00:21.858000,0 days 00:00:24.572000,0 days 00:00:30.871000,MEDIUM,8.0,1.0,,,1,11.0,False,2025,Canada,R,77.301,21.858,24.572,30.871
HAD,Racing Bulls,9.0,0 days 00:01:17.381000,0 days 00:00:21.844000,0 days 00:00:24.568000,0 days 00:00:30.969000,MEDIUM,9.0,1.0,,,1,11.0,False,2025,Canada,R,77.381,21.844,24.568,30.969
HAD,Racing Bulls,10.0,0 days 00:01:17.705000,0 days 00:00:21.944000,0 days 00:00:24.632000,0 days 00:00:31.129000,MEDIUM,10.0,1.0,,,1,11.0,False,2025,Canada,R,77.705,21.944,24.632,31.129
HAD,Racing Bulls,11.0,0 days 00:01:18.216000,0 days 00:00:22.032000,0 days 00:00:24.778000,0 days 00:00:31.406000,MEDIUM,11.0,1.0,,,1,11.0,False,2025,Canada,R,78.216,22.032,24.778,31.406
HAD,Racing Bulls,12.0,0 days 00:01:19.153000,0 days 00:00:22.061000,0 days 00:00:25.070000,0 days 00:00:32.022000,MEDIUM,12.0,1.0,,,1,12.0,False,2025,Canada,R,79.153,22.061,25.07,32.022
HAD,Racing Bulls,13.0,0 days 00:01:36.665000,0 days 00:00:22.299000,0 days 00:00:26.039000,0 days 00:00:48.327000,MEDIUM,13.0,1.0,0 days 01:14:58.967000,,1,20.0,False,2025,Canada,R,96.665,22.299,26.039,48.327
HAD,Racing Bulls,14.0,0 days 00:01:20.296000,0 days 00:00:24.256000,0 days 00:00:24.711000,0 days 00:00:31.329000,HARD,2.0,2.0,,0 days 01:15:23.030000,1,20.0,False,2025,Canada,R,80.296,24.256,24.711,31.329
HAD,Racing Bulls,15.0,0 days 00:01:17.530000,0 days 00:00:21.655000,0 days 00:00:24.787000,0 days 00:00:31.088000,HARD,3.0,2.0,,,1,20.0,False,2025,Canada,R,77.53,21.655,24.787,31.088
HAD,Racing Bulls,16.0,0 days 00:01:17.439000,0 days 00:00:21.687000,0 days 00:00:24.598000,0 days 00:00:31.154000,HARD,4.0,2.0,,,1,20.0,False,2025,Canada,R,77.439,21.687,24.598,31.154
HAD,Racing Bulls,17.0,0 days 00:01:17.340000,0 days 00:00:21.793000,0 days 00:00:24.593000,0 days 00:00:30.954000,HARD,5.0,2.0,,,1,20.0,False,2025,Canada,R,77.34,21.793,24.593,30.954
HAD,Racing Bulls,18.0,0 days 00:01:17.375000,0 days 00:00:21.847000,0 days 00:00:24.641000,0 days 00:00:30.887000,HARD,6.0,2.0,,,1,19.0,False,2025,Canada,R,77.375,21.847,24.641,30.887
HAD,Racing Bulls,19.0,0 days 00:01:17.344000,0 days 00:00:21.849000,0 days 00:00:24.539000,0 days 00:00:30.956000,HARD,7.0,2.0,,,1,19.0,False,2025,Canada,R,77.344,21.849,24.539,30.956
HAD,Racing Bulls,20.0,0 days 00:01:17.199000,0 days 00:00:21.830000,0 days 00:00:24.480000,0 days 00:00:30.889000,HARD,8.0,2.0,,,1,19.0,False,2025,Canada,R,77.199,21.83,24.48,30.889
HAD,Racing Bulls,21.0,0 days 00:01:17.068000,0 days 00:00:21.636000,0 days 00:00:24.488000,0 days 00:00:30.944000,HARD,9.0,2.0,,,1,19.0,False,2025,Canada,R,77.068,21.636,24.488,30.944
HAD,Racing Bulls,22.0,0 days 00:01:17.152000,0 days 00:00:21.750000,0 days 00:00:24.480000,0 days 00:00:30.922000,HARD,10.0,2.0,,,1,19.0,False,2025,Canada,R,77.152,21.75,24.48,30.922
HAD,Racing Bulls,23.0,0 days 00:01:17.622000,0 days 00:00:21.834000,0 days 00:00:24.639000,0 days 00:00:31.149000,HARD,11.0,2.0,,,1,18.0,False,2025,Canada,R,77.622,21.834,24.639,31.149
HAD,Racing Bulls,24.0,0 days 00:01:17.424000,0 days 00:00:21.835000,0 days 00:00:24.398000,0 days 00:00:31.191000,HARD,12.0,2.0,,,1,17.0,False,2025,Canada,R,77.424,21.835,24.398,31.191
HAD,Racing Bulls,25.0,0 days 00:01:17.085000,0 days 00:00:21.766000,0 days 00:00:24.317000,0 days 00:00:31.002000,HARD,13.0,2.0,,,1,17.0,False,2025,Canada,R,77.085,21.766,24.317,31.002
HAD,Racing Bulls,26.0,0 days 00:01:16.956000,0 days 00:00:21.690000,0 days 00:00:24.382000,0 days 00:00:30.884000,HARD,14.0,2.0,,,1,17.0,False,2025,Canada,R,76.956,21.69,24.382,30.884
HAD,Racing Bulls,27.0,0 days 00:01:17.313000,0 days 00:00:21.812000,0 days 00:00:24.479000,0 days 00:00:31.022000,HARD,15.0,2.0,,,1,17.0,False,2025,Canada,R,77.313,21.812,24.479,31.022
HAD,Racing Bulls,28.0,0 days 00:01:16.906000,0 days 00:00:21.830000,0 days 00:00:24.321000,0 days 00:00:30.755000,HARD,16.0,2.0,,,1,17.0,False,2025,Canada,R,76.906,21.83,24.321,30.755
HAD,Racing Bulls,29.0,0 days 00:01:17.147000,0 days 00:00:21.941000,0 days 00:00:24.395000,0 days 00:00:30.811000,HARD,17.0,2.0,,,1,17.0,False,2025,Canada,R,77.147,21.941,24.395,30.811
HAD,Racing Bulls,30.0,0 days 00:01:16.842000,0 days 00:00:21.827000,0 days 00:00:24.376000,0 days 00:00:30.639000,HARD,18.0,2.0,,,1,17.0,False,2025,Canada,R,76.842,21.827,24.376,30.639
HAD,Racing Bulls,31.0,0 days 00:01:17.124000,0 days 00:00:21.945000,0 days 00:00:24.586000,0 days 00:00:30.593000,HARD,19.0,2.0,,,1,17.0,False,2025,Canada,R,77.124,21.945,24.586,30.593
HAD,Racing Bulls,32.0,0 days 00:01:17.449000,0 days 00:00:21.946000,0 days 00:00:24.531000,0 days 00:00:30.972000,HARD,20.0,2.0,,,1,17.0,False,2025,Canada,R,77.449,21.946,24.531,30.972
HAD,Racing Bulls,33.0,0 days 00:01:17.480000,0 days 00:00:22.136000,0 days 00:00:24.570000,0 days 00:00:30.774000,HARD,21.0,2.0,,,1,17.0,False,2025,Canada,R,77.48,22.136,24.57,30.774
HAD,Racing Bulls,34.0,0 days 00:01:17.405000,0 days 00:00:22.191000,0 days 00:00:24.625000,0 days 00:00:30.589000,HARD,22.0,2.0,,,1,17.0,False,2025,Canada,R,77.405,22.191,24.625,30.589
HAD,Racing Bulls,35.0,0 days 00:01:17.922000,0 days 00:00:22.204000,0 days 00:00:24.596000,0 days 00:00:31.122000,HARD,23.0,2.0,,,1,17.0,False,2025,Canada,R,77.922,22.204,24.596,31.122
HAD,Racing Bulls,36.0,0 days 00:01:17.335000,0 days 00:00:22.296000,0 days 00:00:24.474000,0 days 00:00:30.565000,HARD,24.0,2.0,,,1,17.0,False,2025,Canada,R,77.335,22.296,24.474,30.565
HAD,Racing Bulls,37.0,0 days 00:01:17.575000,0 days 00:00:22.111000,0 days 00:00:24.651000,0 days 00:00:30.813000,HARD,25.0,2.0,,,1,17.0,False,2025,Canada,R,77.575,22.111,24.651,30.813
HAD,Racing Bulls,38.0,0 days 00:01:18.126000,0 days 00:00:22.391000,0 days 00:00:24.706000,0 days 00:00:31.029000,HARD,26.0,2.0,,,1,16.0,False,2025,Canada,R,78.126,22.391,24.706,31.029
HAD,Racing Bulls,39.0,0 days 00:01:17.169000,0 days 00:00:22,0 days 00:00:24.439000,0 days 00:00:30.730000,HARD,27.0,2.0,,,1,16.0,False,2025,Canada,R,77.169,22.0,24.439,30.73
HAD,Racing Bulls,40.0,0 days 00:01:17.003000,0 days 00:00:21.902000,0 days 00:00:24.415000,0 days 00:00:30.686000,HARD,28.0,2.0,,,1,16.0,False,2025,Canada,R,77.003,21.902,24.415,30.686
HAD,Racing Bulls,41.0,0 days 00:01:17.029000,0 days 00:00:21.784000,0 days 00:00:24.309000,0 days 00:00:30.936000,HARD,29.0,2.0,,,1,16.0,False,2025,Canada,R,77.029,21.784,24.309,30.936
HAD,Racing Bulls,42.0,0 days 00:01:16.905000,0 days 00:00:21.925000,0 days 00:00:24.331000,0 days 00:00:30.649000,HARD,30.0,2.0,,,1,15.0,False,2025,Canada,R,76.905,21.925,24.331,30.649
HAD,Racing Bulls,43.0,0 days 00:01:17.065000,0 days 00:00:21.837000,0 days 00:00:24.486000,0 days 00:00:30.742000,HARD,31.0,2.0,,,1,15.0,False,2025,Canada,R,77.065,21.837,24.486,30.742
HAD,Racing Bulls,44.0,0 days 00:01:17.093000,0 days 00:00:22.017000,0 days 00:00:24.431000,0 days 00:00:30.645000,HARD,32.0,2.0,,,1,15.0,False,2025,Canada,R,77.093,22.017,24.431,30.645
HAD,Racing Bulls,45.0,0 days 00:01:18.101000,0 days 00:00:21.843000,0 days 00:00:24.397000,0 days 00:00:31.861000,HARD,33.0,2.0,,,1,15.0,True,2025,Canada,R,78.101,21.843,24.397,31.861
HAD,Racing Bulls,46.0,0 days 00:01:17.881000,0 days 00:00:22.597000,0 days 00:00:24.513000,0 days 00:00:30.771000,HARD,34.0,2.0,,,1,16.0,False,2025,Canada,R,77.881,22.597,24.513,30.771
HAD,Racing Bulls,47.0,0 days 00:01:17.795000,0 days 00:00:22.280000,0 days 00:00:24.444000,0 days 00:00:31.071000,HARD,35.0,2.0,,,1,16.0,True,2025,Canada,R,77.795,22.28,24.444,31.071
HAD,Racing Bulls,48.0,0 days 00:01:17.440000,0 days 00:00:22.414000,0 days 00:00:24.463000,0 days 00:00:30.563000,HARD,36.0,2.0,,,12,16.0,False,2025,Canada,R,77.44,22.414,24.463,30.563
HAD,Racing Bulls,49.0,0 days 00:01:16.409000,0 days 00:00:21.481000,0 days 00:00:24.301000,0 days 00:00:30.627000,HARD,37.0,2.0,,,1,15.0,False,2025,Canada,R,76.409,21.481,24.301,30.627
HAD,Racing Bulls,50.0,0 days 00:01:16.432000,0 days 00:00:21.564000,0 days 00:00:24.234000,0 days 00:00:30.634000,HARD,38.0,2.0,,,1,15.0,False,2025,Canada,R,76.432,21.564,24.234,30.634
HAD,Racing Bulls,51.0,0 days 00:01:16.292000,0 days 00:00:21.518000,0 days 00:00:24.157000,0 days 00:00:30.617000,HARD,39.0,2.0,,,1,15.0,False,2025,Canada,R,76.292,21.518,24.157,30.617
HAD,Racing Bulls,52.0,0 days 00:01:16.556000,0 days 00:00:21.489000,0 days 00:00:24.179000,0 days 00:00:30.888000,HARD,40.0,2.0,,,1,15.0,False,2025,Canada,R,76.556,21.489,24.179,30.888
HAD,Racing Bulls,53.0,0 days 00:01:16.740000,0 days 00:00:21.497000,0 days 00:00:24.397000,0 days 00:00:30.846000,HARD,41.0,2.0,,,1,15.0,False,2025,Canada,R,76.74,21.497,24.397,30.846
HAD,Racing Bulls,54.0,0 days 00:01:16.563000,0 days 00:00:21.406000,0 days 00:00:24.267000,0 days 00:00:30.890000,HARD,42.0,2.0,,,1,15.0,False,2025,Canada,R,76.563,21.406,24.267,30.89
HAD,Racing Bulls,55.0,0 days 00:01:20.447000,0 days 00:00:22.873000,0 days 00:00:24.466000,0 days 00:00:33.108000,HARD,43.0,2.0,,,1,15.0,False,2025,Canada,R,80.447,22.873,24.466,33.108
HAD,Racing Bulls,56.0,0 days 00:01:18.685000,0 days 00:00:22.300000,0 days 00:00:25.513000,0 days 00:00:30.872000,HARD,44.0,2.0,,,1,14.0,False,2025,Canada,R,78.685,22.3,25.513,30.872
HAD,Racing Bulls,57.0,0 days 00:01:16.440000,0 days 00:00:21.473000,0 days 00:00:24.319000,0 days 00:00:30.648000,HARD,45.0,2.0,,,1,14.0,False,2025,Canada,R,76.44,21.473,24.319,30.648
HAD,Racing Bulls,58.0,0 days 00:01:16.569000,0 days 00:00:21.417000,0 days 00:00:24.359000,0 days 00:00:30.793000,HARD,46.0,2.0,,,1,14.0,False,2025,Canada,R,76.569,21.417,24.359,30.793
HAD,Racing Bulls,59.0,0 days 00:01:16.333000,0 days 00:00:21.392000,0 days 00:00:24.193000,0 days 00:00:30.748000,HARD,47.0,2.0,,,1,14.0,False,2025,Canada,R,76.333,21.392,24.193,30.748
HAD,Racing Bulls,60.0,0 days 00:01:17.362000,0 days 00:00:22.077000,0 days 00:00:24.515000,0 days 00:00:30.770000,HARD,48.0,2.0,,,1,14.0,False,2025,Canada,R,77.362,22.077,24.515,30.77
HAD,Racing Bulls,61.0,0 days 00:01:16.472000,0 days 00:00:21.730000,0 days 00:00:24.194000,0 days 00:00:30.548000,HARD,49.0,2.0,,,1,14.0,False,2025,Canada,R,76.472,21.73,24.194,30.548
HAD,Racing Bulls,62.0,0 days 00:01:18.983000,0 days 00:00:22.684000,0 days 00:00:24.943000,0 days 00:00:31.356000,HARD,50.0,2.0,,,1,15.0,False,2025,Canada,R,78.983,22.684,24.943,31.356
HAD,Racing Bulls,63.0,0 days 00:01:16.313000,0 days 00:00:21.730000,0 days 00:00:24.164000,0 days 00:00:30.419000,HARD,51.0,2.0,,,1,15.0,False,2025,Canada,R,76.313,21.73,24.164,30.419
HAD,Racing Bulls,64.0,0 days 00:01:18.567000,0 days 00:00:22.370000,0 days 00:00:24.962000,0 days 00:00:31.235000,HARD,52.0,2.0,,,1,16.0,False,2025,Canada,R,78.567,22.37,24.962,31.235
HAD,Racing Bulls,65.0,0 days 00:01:17.538000,0 days 00:00:22.466000,0 days 00:00:24.299000,0 days 00:00:30.773000,HARD,53.0,2.0,,,12,17.0,False,2025,Canada,R,77.538,22.466,24.299,30.773
HAD,Racing Bulls,66.0,0 days 00:02:01.476000,0 days 00:00:35.226000,0 days 00:00:29.505000,0 days 00:00:56.745000,HARD,54.0,2.0,0 days 02:24:03.491000,,24,17.0,False,2025,Canada,R,121.476,35.226,29.505,56.745
HAD,Racing Bulls,67.0,0 days 00:01:55.651000,0 days 00:00:32.329000,0 days 00:00:33.557000,0 days 00:00:49.765000,SOFT,4.0,3.0,0 days 02:26:04.505000,0 days 02:24:27.172000,4,16.0,False,2025,Canada,R,115.651,32.329,33.557,49.765
HAD,Racing Bulls,68.0,0 days 00:01:42.898000,0 days 00:00:31.413000,0 days 00:00:25.378000,0 days 00:00:46.107000,SOFT,5.0,4.0,0 days 02:27:47.503000,0 days 02:26:22.830000,4,16.0,False,2025,Canada,R,102.898,31.413,25.378,46.107
HAD,Racing Bulls,69.0,0 days 00:01:57.112000,0 days 00:00:30.589000,0 days 00:00:32.831000,0 days 00:00:53.692000,SOFT,6.0,5.0,,0 days 02:28:05.800000,4,16.0,False,2025,Canada,R,117.112,30.589,32.831,53.692
RUS,Mercedes,1.0,0 days 00:01:21.852000,,0 days 00:00:24.278000,0 days 00:00:31.076000,MEDIUM,4.0,1.0,,,1,1.0,False,2025,Canada,R,81.852,,24.278,31.076
RUS,Mercedes,2.0,0 days 00:01:16.437000,0 days 00:00:21.478000,0 days 00:00:24.203000,0 days 00:00:30.756000,MEDIUM,5.0,1.0,,,1,1.0,False,2025,Canada,R,76.437,21.478,24.203,30.756
RUS,Mercedes,3.0,0 days 00:01:16.253000,0 days 00:00:21.332000,0 days 00:00:24.190000,0 days 00:00:30.731000,MEDIUM,6.0,1.0,,,1,1.0,False,2025,Canada,R,76.253,21.332,24.19,30.731
RUS,Mercedes,4.0,0 days 00:01:15.986000,0 days 00:00:21.298000,0 days 00:00:24.026000,0 days 00:00:30.662000,MEDIUM,7.0,1.0,,,1,1.0,False,2025,Canada,R,75.986,21.298,24.026,30.662
RUS,Mercedes,5.0,0 days 00:01:15.808000,0 days 00:00:21.283000,0 days 00:00:23.963000,0 days 00:00:30.562000,MEDIUM,8.0,1.0,,,1,1.0,False,2025,Canada,R,75.808,21.283,23.963,30.562
RUS,Mercedes,6.0,0 days 00:01:15.984000,0 days 00:00:21.239000,0 days 00:00:23.965000,0 days 00:00:30.780000,MEDIUM,9.0,1.0,,,1,1.0,False,2025,Canada,R,75.984,21.239,23.965,30.78
RUS,Mercedes,7.0,0 days 00:01:16.384000,0 days 00:00:21.373000,0 days 00:00:24.161000,0 days 00:00:30.850000,MEDIUM,10.0,1.0,,,1,1.0,False,2025,Canada,R,76.384,21.373,24.161,30.85
RUS,Mercedes,8.0,0 days 00:01:16.413000,0 days 00:00:21.470000,0 days 00:00:24.177000,0 days 00:00:30.766000,MEDIUM,11.0,1.0,,,1,1.0,False,2025,Canada,R,76.413,21.47,24.177,30.766
RUS,Mercedes,9.0,0 days 00:01:16.608000,0 days 00:00:21.440000,0 days 00:00:24.282000,0 days 00:00:30.886000,MEDIUM,12.0,1.0,,,1,1.0,False,2025,Canada,R,76.608,21.44,24.282,30.886
RUS,Mercedes,10.0,0 days 00:01:16.538000,0 days 00:00:21.417000,0 days 00:00:24.176000,0 days 00:00:30.945000,MEDIUM,13.0,1.0,,,1,1.0,False,2025,Canada,R,76.538,21.417,24.176,30.945
RUS,Mercedes,11.0,0 days 00:01:16.558000,0 days 00:00:21.405000,0 days 00:00:24.283000,0 days 00:00:30.870000,MEDIUM,14.0,1.0,,,1,1.0,False,2025,Canada,R,76.558,21.405,24.283,30.87
RUS,Mercedes,12.0,0 days 00:01:16.715000,0 days 00:00:21.455000,0 days 00:00:24.372000,0 days 00:00:30.888000,MEDIUM,15.0,1.0,,,1,1.0,False,2025,Canada,R,76.715,21.455,24.372,30.888
RUS,Mercedes,13.0,0 days 00:01:32.351000,0 days 00:00:21.314000,0 days 00:00:24.358000,0 days 00:00:46.679000,MEDIUM,16.0,1.0,0 days 01:14:32.061000,,1,7.0,False,2025,Canada,R,92.351,21.314,24.358,46.679
RUS,Mercedes,14.0,0 days 00:01:18.756000,0 days 00:00:23.959000,0 days 00:00:24.269000,0 days 00:00:30.528000,HARD,2.0,2.0,,0 days 01:14:55.405000,1,6.0,False,2025,Canada,R,78.756,23.959,24.269,30.528
RUS,Mercedes,15.0,0 days 00:01:16.816000,0 days 00:00:21.696000,0 days 00:00:24.463000,0 days 00:00:30.657000,HARD,3.0,2.0,,,1,4.0,False,2025,Canada,R,76.816,21.696,24.463,30.657
RUS,Mercedes,16.0,0 days 00:01:15.866000,0 days 00:00:21.199000,0 days 00:00:24.040000,0 days 00:00:30.627000,HARD,4.0,2.0,,,1,3.0,False,2025,Canada,R,75.866,21.199,24.04,30.627
RUS,Mercedes,17.0,0 days 00:01:15.817000,0 days 00:00:21.238000,0 days 00:00:23.999000,0 days 00:00:30.580000,HARD,5.0,2.0,,,1,3.0,False,2025,Canada,R,75.817,21.238,23.999,30.58
RUS,Mercedes,18.0,0 days 00:01:15.914000,0 days 00:00:21.246000,0 days 00:00:24.091000,0 days 00:00:30.577000,HARD,6.0,2.0,,,1,3.0,False,2025,Canada,R,75.914,21.246,24.091,30.577
RUS,Mercedes,19.0,0 days 00:01:15.890000,0 days 00:00:21.339000,0 days 00:00:24.065000,0 days 00:00:30.486000,HARD,7.0,2.0,,,1,3.0,False,2025,Canada,R,75.89,21.339,24.065,30.486
RUS,Mercedes,20.0,0 days 00:01:15.872000,0 days 00:00:21.249000,0 days 00:00:24.009000,0 days 00:00:30.614000,HARD,8.0,2.0,,,1,3.0,False,2025,Canada,R,75.872,21.249,24.009,30.614
RUS,Mercedes,21.0,0 days 00:01:16.013000,0 days 00:00:21.313000,0 days 00:00:24.103000,0 days 00:00:30.597000,HARD,9.0,2.0,,,1,3.0,False,2025,Canada,R,76.013,21.313,24.103,30.597
RUS,Mercedes,22.0,0 days 00:01:16.089000,0 days 00:00:21.259000,0 days 00:00:24.216000,0 days 00:00:30.614000,HARD,10.0,2.0,,,1,3.0,False,2025,Canada,R,76.089,21.259,24.216,30.614
RUS,Mercedes,23.0,0 days 00:01:15.993000,0 days 00:00:21.346000,0 days 00:00:24.033000,0 days 00:00:30.614000,HARD,11.0,2.0,,,1,3.0,False,2025,Canada,R,75.993,21.346,24.033,30.614
RUS,Mercedes,24.0,0 days 00:01:15.735000,0 days 00:00:21.259000,0 days 00:00:23.975000,0 days 00:00:30.501000,HARD,12.0,2.0,,,1,3.0,False,2025,Canada,R,75.735,21.259,23.975,30.501
RUS,Mercedes,25.0,0 days 00:01:15.563000,0 days 00:00:21.185000,0 days 00:00:23.989000,0 days 00:00:30.389000,HARD,13.0,2.0,,,1,3.0,False,2025,Canada,R,75.563,21.185,23.989,30.389
RUS,Mercedes,26.0,0 days 00:01:15.299000,0 days 00:00:21.239000,0 days 00:00:23.855000,0 days 00:00:30.205000,HARD,14.0,2.0,,,1,2.0,False,2025,Canada,R,75.299,21.239,23.855,30.205
RUS,Mercedes,27.0,0 days 00:01:16.043000,0 days 00:00:21.358000,0 days 00:00:24,0 days 00:00:30.685000,HARD,15.0,2.0,,,1,2.0,False,2025,Canada,R,76.043,21.358,24.0,30.685
RUS,Mercedes,28.0,0 days 00:01:15.759000,0 days 00:00:21.181000,0 days 00:00:24.002000,0 days 00:00:30.576000,HARD,16.0,2.0,,,1,2.0,False,2025,Canada,R,75.759,21.181,24.002,30.576
RUS,Mercedes,29.0,0 days 00:01:15.986000,0 days 00:00:21.266000,0 days 00:00:24.113000,0 days 00:00:30.607000,HARD,17.0,2.0,,,1,1.0,False,2025,Canada,R,75.986,21.266,24.113,30.607
RUS,Mercedes,30.0,0 days 00:01:15.648000,0 days 00:00:21.170000,0 days 00:00:23.916000,0 days 00:00:30.562000,HARD,18.0,2.0,,,1,1.0,False,2025,Canada,R,75.648,21.17,23.916,30.562
RUS,Mercedes,31.0,0 days 00:01:15.564000,0 days 00:00:21.269000,0 days 00:00:23.939000,0 days 00:00:30.356000,HARD,19.0,2.0,,,1,1.0,False,2025,Canada,R,75.564,21.269,23.939,30.356
RUS,Mercedes,32.0,0 days 00:01:15.422000,0 days 00:00:21.061000,0 days 00:00:23.930000,0 days 00:00:30.431000,HARD,20.0,2.0,,,1,1.0,False,2025,Canada,R,75.422,21.061,23.93,30.431
RUS,Mercedes,33.0,0 days 00:01:15.588000,0 days 00:00:21.140000,0 days 00:00:23.947000,0 days 00:00:30.501000,HARD,21.0,2.0,,,1,1.0,False,2025,Canada,R,75.588,21.14,23.947,30.501
RUS,Mercedes,34.0,0 days 00:01:15.551000,0 days 00:00:21.139000,0 days 00:00:23.929000,0 days 00:00:30.483000,HARD,22.0,2.0,,,1,1.0,False,2025,Canada,R,75.551,21.139,23.929,30.483
RUS,Mercedes,35.0,0 days 00:01:15.578000,0 days 00:00:21.162000,0 days 00:00:23.982000,0 days 00:00:30.434000,HARD,23.0,2.0,,,1,1.0,False,2025,Canada,R,75.578,21.162,23.982,30.434
RUS,Mercedes,36.0,0 days 00:01:15.573000,0 days 00:00:21.197000,0 days 00:00:23.930000,0 days 00:00:30.446000,HARD,24.0,2.0,,,1,1.0,False,2025,Canada,R,75.573,21.197,23.93,30.446
RUS,Mercedes,37.0,0 days 00:01:15.536000,0 days 00:00:21.177000,0 days 00:00:23.986000,0 days 00:00:30.373000,HARD,25.0,2.0,,,1,1.0,False,2025,Canada,R,75.536,21.177,23.986,30.373
RUS,Mercedes,38.0,0 days 00:01:15.570000,0 days 00:00:21.215000,0 days 00:00:23.904000,0 days 00:00:30.451000,HARD,26.0,2.0,,,1,1.0,False,2025,Canada,R,75.57,21.215,23.904,30.451
RUS,Mercedes,39.0,0 days 00:01:15.766000,0 days 00:00:21.189000,0 days 00:00:24.084000,0 days 00:00:30.493000,HARD,27.0,2.0,,,1,1.0,False,2025,Canada,R,75.766,21.189,24.084,30.493
RUS,Mercedes,40.0,0 days 00:01:15.701000,0 days 00:00:21.336000,0 days 00:00:23.948000,0 days 00:00:30.417000,HARD,28.0,2.0,,,1,1.0,False,2025,Canada,R,75.701,21.336,23.948,30.417
RUS,Mercedes,41.0,0 days 00:01:15.477000,0 days 00:00:21.116000,0 days 00:00:23.961000,0 days 00:00:30.400000,HARD,29.0,2.0,,,1,1.0,False,2025,Canada,R,75.477,21.116,23.961,30.4
RUS,Mercedes,42.0,0 days 00:01:32.340000,0 days 00:00:21.163000,0 days 00:00:23.915000,0 days 00:00:47.262000,HARD,30.0,2.0,0 days 01:51:27.898000,,1,4.0,False,2025,Canada,R,92.34,21.163,23.915,47.262
RUS,Mercedes,43.0,0 days 00:01:18.490000,0 days 00:00:24.081000,0 days 00:00:24.029000,0 days 00:00:30.380000,HARD,1.0,3.0,,0 days 01:51:52.210000,1,4.0,False,2025,Canada,R,78.49,24.081,24.029,30.38
RUS,Mercedes,44.0,0 days 00:01:15.283000,0 days 00:00:21.065000,0 days 00:00:23.869000,0 days 00:00:30.349000,HARD,2.0,3.0,,,1,4.0,False,2025,Canada,R,75.283,21.065,23.869,30.349
RUS,Mercedes,45.0,0 days 00:01:15.295000,0 days 00:00:21.097000,0 days 00:00:24.105000,0 days 00:00:30.093000,HARD,3.0,3.0,,,1,3.0,False,2025,Canada,R,75.295,21.097,24.105,30.093
RUS,Mercedes,46.0,0 days 00:01:15.320000,0 days 00:00:21.074000,0 days 00:00:23.885000,0 days 00:00:30.361000,HARD,4.0,3.0,,,1,3.0,False,2025,Canada,R,75.32,21.074,23.885,30.361
RUS,Mercedes,47.0,0 days 00:01:15.337000,0 days 00:00:21.077000,0 days 00:00:23.921000,0 days 00:00:30.339000,HARD,5.0,3.0,,,1,2.0,False,2025,Canada,R,75.337,21.077,23.921,30.339
RUS,Mercedes,48.0,0 days 00:01:15.186000,0 days 00:00:21.009000,0 days 00:00:23.874000,0 days 00:00:30.303000,HARD,6.0,3.0,,,12,2.0,False,2025,Canada,R,75.186,21.009,23.874,30.303
RUS,Mercedes,49.0,0 days 00:01:15.314000,0 days 00:00:21.050000,0 days 00:00:23.854000,0 days 00:00:30.410000,HARD,7.0,3.0,,,21,2.0,False,2025,Canada,R,75.314,21.05,23.854,30.41
RUS,Mercedes,50.0,0 days 00:01:15.203000,0 days 00:00:21.074000,0 days 00:00:23.809000,0 days 00:00:30.320000,HARD,8.0,3.0,,,1,2.0,False,2025,Canada,R,75.203,21.074,23.809,30.32
RUS,Mercedes,51.0,0 days 00:01:15.374000,0 days 00:00:21.183000,0 days 00:00:23.782000,0 days 00:00:30.409000,HARD,9.0,3.0,,,1,2.0,False,2025,Canada,R,75.374,21.183,23.782,30.409
RUS,Mercedes,52.0,0 days 00:01:15.257000,0 days 00:00:21.098000,0 days 00:00:23.839000,0 days 00:00:30.320000,HARD,10.0,3.0,,,1,2.0,False,2025,Canada,R,75.257,21.098,23.839,30.32
RUS,Mercedes,53.0,0 days 00:01:15.221000,0 days 00:00:20.974000,0 days 00:00:23.827000,0 days 00:00:30.420000,HARD,11.0,3.0,,,1,1.0,False,2025,Canada,R,75.221,20.974,23.827,30.42
RUS,Mercedes,54.0,0 days 00:01:14.869000,0 days 00:00:20.850000,0 days 00:00:23.828000,0 days 00:00:30.191000,HARD,12.0,3.0,,,1,1.0,False,2025,Canada,R,74.869,20.85,23.828,30.191
RUS,Mercedes,55.0,0 days 00:01:14.849000,0 days 00:00:20.923000,0 days 00:00:23.657000,0 days 00:00:30.269000,HARD,13.0,3.0,,,1,1.0,False,2025,Canada,R,74.849,20.923,23.657,30.269
RUS,Mercedes,56.0,0 days 00:01:14.896000,0 days 00:00:21.057000,0 days 00:00:23.661000,0 days 00:00:30.178000,HARD,14.0,3.0,,,1,1.0,False,2025,Canada,R,74.896,21.057,23.661,30.178
RUS,Mercedes,57.0,0 days 00:01:15.102000,0 days 00:00:21.035000,0 days 00:00:23.822000,0 days 00:00:30.245000,HARD,15.0,3.0,,,1,1.0,False,2025,Canada,R,75.102,21.035,23.822,30.245
RUS,Mercedes,58.0,0 days 00:01:14.525000,0 days 00:00:20.760000,0 days 00:00:23.569000,0 days 00:00:30.196000,HARD,16.0,3.0,,,1,1.0,False,2025,Canada,R,74.525,20.76,23.569,30.196
RUS,Mercedes,59.0,0 days 00:01:14.466000,0 days 00:00:20.722000,0 days 00:00:23.598000,0 days 00:00:30.146000,HARD,17.0,3.0,,,1,1.0,False,2025,Canada,R,74.466,20.722,23.598,30.146
RUS,Mercedes,60.0,0 days 00:01:14.490000,0 days 00:00:20.694000,0 days 00:00:23.674000,0 days 00:00:30.122000,HARD,18.0,3.0,,,1,1.0,False,2025,Canada,R,74.49,20.694,23.674,30.122
RUS,Mercedes,61.0,0 days 00:01:14.357000,0 days 00:00:20.638000,0 days 00:00:23.645000,0 days 00:00:30.074000,HARD,19.0,3.0,,,1,1.0,False,2025,Canada,R,74.357,20.638,23.645,30.074
RUS,Mercedes,62.0,0 days 00:01:14.306000,0 days 00:00:20.691000,0 days 00:00:23.593000,0 days 00:00:30.022000,HARD,20.0,3.0,,,1,1.0,False,2025,Canada,R,74.306,20.691,23.593,30.022
RUS,Mercedes,63.0,0 days 00:01:14.119000,0 days 00:00:20.624000,0 days 00:00:23.410000,0 days 00:00:30.085000,HARD,21.0,3.0,,,1,1.0,False,2025,Canada,R,74.119,20.624,23.41,30.085
RUS,Mercedes,64.0,0 days 00:01:14.301000,0 days 00:00:20.635000,0 days 00:00:23.560000,0 days 00:00:30.106000,HARD,22.0,3.0,,,1,1.0,False,2025,Canada,R,74.301,20.635,23.56,30.106
RUS,Mercedes,65.0,0 days 00:01:14.364000,0 days 00:00:20.719000,0 days 00:00:23.566000,0 days 00:00:30.079000,HARD,23.0,3.0,,,1,1.0,False,2025,Canada,R,74.364,20.719,23.566,30.079
RUS,Mercedes,66.0,0 days 00:01:14.530000,0 days 00:00:20.766000,0 days 00:00:23.661000,0 days 00:00:30.103000,HARD,24.0,3.0,,,1,1.0,False,2025,Canada,R,74.53,20.766,23.661,30.103
RUS,Mercedes,67.0,0 days 00:01:43.500000,0 days 00:00:20.757000,0 days 00:00:30.538000,0 days 00:00:52.205000,HARD,25.0,3.0,0 days 02:23:17.819000,,124,1.0,False,2025,Canada,R,103.5,20.757,30.538,52.205
RUS,Mercedes,68.0,0 days 00:02:06.769000,0 days 00:00:30.445000,0 days 00:00:31.384000,0 days 00:01:04.940000,HARD,26.0,4.0,0 days 02:25:23.600000,0 days 02:23:36.053000,4,1.0,False,2025,Canada,R,126.769,30.445,31.384,64.94
RUS,Mercedes,69.0,0 days 00:02:03.817000,0 days 00:00:35.051000,0 days 00:00:35.243000,0 days 00:00:53.523000,HARD,27.0,5.0,0 days 02:27:28.393000,0 days 02:25:42.942000,4,1.0,False,2025,Canada,R,123.817,35.051,35.243,53.523
RUS,Mercedes,70.0,0 days 00:02:07.536000,0 days 00:00:33.947000,0 days 00:00:36.857000,0 days 00:00:56.732000,HARD,28.0,6.0,,0 days 02:27:46.581000,4,1.0,False,2025,Canada,R,127.536,33.947,36.857,56.732
PIA,McLaren,1.0,0 days 00:01:23.939000,,0 days 00:00:25.016000,0 days 00:00:31.133000,MEDIUM,1.0,1.0,,,1,4.0,False,2025,Canada,R,83.939,,25.016,31.133
PIA,McLaren,2.0,0 days 00:01:17.510000,0 days 00:00:22.049000,0 days 00:00:24.570000,0 days 00:00:30.891000,MEDIUM,2.0,1.0,,,1,4.0,False,2025,Canada,R,77.51,22.049,24.57,30.891
PIA,McLaren,3.0,0 days 00:01:16.714000,0 days 00:00:21.594000,0 days 00:00:24.328000,0 days 00:00:30.792000,MEDIUM,3.0,1.0,,,1,4.0,False,2025,Canada,R,76.714,21.594,24.328,30.792
PIA,McLaren,4.0,0 days 00:01:16.537000,0 days 00:00:21.416000,0 days 00:00:24.162000,0 days 00:00:30.959000,MEDIUM,4.0,1.0,,,1,4.0,False,2025,Canada,R,76.537,21.416,24.162,30.959
PIA,McLaren,5.0,0 days 00:01:16.397000,0 days 00:00:21.535000,0 days 00:00:24.127000,0 days 00:00:30.735000,MEDIUM,5.0,1.0,,,1,4.0,False,2025,Canada,R,76.397,21.535,24.127,30.735
PIA,McLaren,6.0,0 days 00:01:16.209000,0 days 00:00:21.338000,0 days 00:00:24.145000,0 days 00:00:30.726000,MEDIUM,6.0,1.0,,,1,4.0,False,2025,Canada,R,76.209,21.338,24.145,30.726
PIA,McLaren,7.0,0 days 00:01:16.456000,0 days 00:00:21.362000,0 days 00:00:24.208000,0 days 00:00:30.886000,MEDIUM,7.0,1.0,,,1,4.0,False,2025,Canada,R,76.456,21.362,24.208,30.886
PIA,McLaren,8.0,0 days 00:01:16.381000,0 days 00:00:21.373000,0 days 00:00:24.227000,0 days 00:00:30.781000,MEDIUM,8.0,1.0,,,1,4.0,False,2025,Canada,R,76.381,21.373,24.227,30.781
PIA,McLaren,9.0,0 days 00:01:16.714000,0 days 00:00:21.353000,0 days 00:00:24.211000,0 days 00:00:31.150000,MEDIUM,9.0,1.0,,,1,4.0,False,2025,Canada,R,76.714,21.353,24.211,31.15
PIA,McLaren,10.0,0 days 00:01:16.775000,0 days 00:00:21.489000,0 days 00:00:24.327000,0 days 00:00:30.959000,MEDIUM,10.0,1.0,,,1,4.0,False,2025,Canada,R,76.775,21.489,24.327,30.959
PIA,McLaren,11.0,0 days 00:01:16.599000,0 days 00:00:21.438000,0 days 00:00:24.240000,0 days 00:00:30.921000,MEDIUM,11.0,1.0,,,1,4.0,False,2025,Canada,R,76.599,21.438,24.24,30.921
PIA,McLaren,12.0,0 days 00:01:16.937000,0 days 00:00:21.581000,0 days 00:00:24.324000,0 days 00:00:31.032000,MEDIUM,12.0,1.0,,,1,3.0,False,2025,Canada,R,76.937,21.581,24.324,31.032
PIA,McLaren,13.0,0 days 00:01:16.974000,0 days 00:00:21.561000,0 days 00:00:24.343000,0 days 00:00:31.070000,MEDIUM,13.0,1.0,,,1,2.0,False,2025,Canada,R,76.974,21.561,24.343,31.07
PIA,McLaren,14.0,0 days 00:01:17.023000,0 days 00:00:21.584000,0 days 00:00:24.447000,0 days 00:00:30.992000,MEDIUM,14.0,1.0,,,1,1.0,False,2025,Canada,R,77.023,21.584,24.447,30.992
PIA,McLaren,15.0,0 days 00:01:17.185000,0 days 00:00:21.594000,0 days 00:00:24.411000,0 days 00:00:31.180000,MEDIUM,15.0,1.0,,,1,1.0,False,2025,Canada,R,77.185,21.594,24.411,31.18
PIA,McLaren,16.0,0 days 00:01:32.816000,0 days 00:00:21.740000,0 days 00:00:24.503000,0 days 00:00:46.573000,MEDIUM,16.0,1.0,0 days 01:18:29.425000,,1,7.0,False,2025,Canada,R,92.816,21.74,24.503,46.573
PIA,McLaren,17.0,0 days 00:01:19.713000,0 days 00:00:24.070000,0 days 00:00:24.644000,0 days 00:00:30.999000,HARD,1.0,2.0,,0 days 01:18:52.644000,1,7.0,False,2025,Canada,R,79.713,24.07,24.644,30.999
PIA,McLaren,18.0,0 days 00:01:15.570000,0 days 00:00:21.387000,0 days 00:00:24.105000,0 days 00:00:30.078000,HARD,2.0,2.0,,,1,6.0,False,2025,Canada,R,75.57,21.387,24.105,30.078
PIA,McLaren,19.0,0 days 00:01:16.705000,0 days 00:00:21.412000,0 days 00:00:24.383000,0 days 00:00:30.910000,HARD,3.0,2.0,,,1,6.0,False,2025,Canada,R,76.705,21.412,24.383,30.91
PIA,McLaren,20.0,0 days 00:01:15.886000,0 days 00:00:21.183000,0 days 00:00:23.999000,0 days 00:00:30.704000,HARD,4.0,2.0,,,1,6.0,False,2025,Canada,R,75.886,21.183,23.999,30.704
PIA,McLaren,21.0,0 days 00:01:15.826000,0 days 00:00:21.231000,0 days 00:00:23.897000,0 days 00:00:30.698000,HARD,5.0,2.0,,,1,6.0,False,2025,Canada,R,75.826,21.231,23.897,30.698
PIA,McLaren,22.0,0 days 00:01:16.049000,0 days 00:00:21.235000,0 days 00:00:24.180000,0 days 00:00:30.634000,HARD,6.0,2.0,,,1,6.0,False,2025,Canada,R,76.049,21.235,24.18,30.634
PIA,McLaren,23.0,0 days 00:01:15.950000,0 days 00:00:21.284000,0 days 00:00:24.105000,0 days 00:00:30.561000,HARD,7.0,2.0,,,1,6.0,False,2025,Canada,R,75.95,21.284,24.105,30.561
PIA,McLaren,24.0,0 days 00:01:15.775000,0 days 00:00:21.113000,0 days 00:00:24.039000,0 days 00:00:30.623000,HARD,8.0,2.0,,,1,6.0,False,2025,Canada,R,75.775,21.113,24.039,30.623
PIA,McLaren,25.0,0 days 00:01:15.903000,0 days 00:00:21.226000,0 days 00:00:24.016000,0 days 00:00:30.661000,HARD,9.0,2.0,,,1,6.0,False,2025,Canada,R,75.903,21.226,24.016,30.661
PIA,McLaren,26.0,0 days 00:01:15.764000,0 days 00:00:21.247000,0 days 00:00:23.964000,0 days 00:00:30.553000,HARD,10.0,2.0,,,1,6.0,False,2025,Canada,R,75.764,21.247,23.964,30.553
PIA,McLaren,27.0,0 days 00:01:15.694000,0 days 00:00:21.171000,0 days 00:00:23.979000,0 days 00:00:30.544000,HARD,11.0,2.0,,,1,6.0,False,2025,Canada,R,75.694,21.171,23.979,30.544
PIA,McLaren,28.0,0 days 00:01:15.582000,0 days 00:00:21.172000,0 days 00:00:23.973000,0 days 00:00:30.437000,HARD,12.0,2.0,,,1,5.0,False,2025,Canada,R,75.582,21.172,23.973,30.437
PIA,McLaren,29.0,0 days 00:01:15.739000,0 days 00:00:21.175000,0 days 00:00:24.025000,0 days 00:00:30.539000,HARD,13.0,2.0,,,1,4.0,False,2025,Canada,R,75.739,21.175,24.025,30.539
PIA,McLaren,30.0,0 days 00:01:15.272000,0 days 00:00:20.991000,0 days 00:00:23.870000,0 days 00:00:30.411000,HARD,14.0,2.0,,,1,4.0,False,2025,Canada,R,75.272,20.991,23.87,30.411
PIA,McLaren,31.0,0 days 00:01:15.373000,0 days 00:00:21.075000,0 days 00:00:23.910000,0 days 00:00:30.388000,HARD,15.0,2.0,,,1,4.0,False,2025,Canada,R,75.373,21.075,23.91,30.388
PIA,McLaren,32.0,0 days 00:01:15.415000,0 days 00:00:21.109000,0 days 00:00:23.999000,0 days 00:00:30.307000,HARD,16.0,2.0,,,1,4.0,False,2025,Canada,R,75.415,21.109,23.999,30.307
PIA,McLaren,33.0,0 days 00:01:15.438000,0 days 00:00:21.005000,0 days 00:00:24.053000,0 days 00:00:30.380000,HARD,17.0,2.0,,,1,4.0,False,2025,Canada,R,75.438,21.005,24.053,30.38
PIA,McLaren,34.0,0 days 00:01:15.323000,0 days 00:00:21.054000,0 days 00:00:23.950000,0 days 00:00:30.319000,HARD,18.0,2.0,,,1,4.0,False,2025,Canada,R,75.323,21.054,23.95,30.319
PIA,McLaren,35.0,0 days 00:01:15.444000,0 days 00:00:20.983000,0 days 00:00:23.987000,0 days 00:00:30.474000,HARD,19.0,2.0,,,1,4.0,False,2025,Canada,R,75.444,20.983,23.987,30.474
PIA,McLaren,36.0,0 days 00:01:15.717000,0 days 00:00:21.153000,0 days 00:00:24.049000,0 days 00:00:30.515000,HARD,20.0,2.0,,,1,4.0,False,2025,Canada,R,75.717,21.153,24.049,30.515
PIA,McLaren,37.0,0 days 00:01:15.255000,0 days 00:00:21.036000,0 days 00:00:23.938000,0 days 00:00:30.281000,HARD,21.0,2.0,,,1,3.0,False,2025,Canada,R,75.255,21.036,23.938,30.281
PIA,McLaren,38.0,0 days 00:01:15.203000,0 days 00:00:20.954000,0 days 00:00:23.887000,0 days 00:00:30.362000,HARD,22.0,2.0,,,1,2.0,False,2025,Canada,R,75.203,20.954,23.887,30.362
PIA,McLaren,39.0,0 days 00:01:15.662000,0 days 00:00:21.138000,0 days 00:00:24.011000,0 days 00:00:30.513000,HARD,23.0,2.0,,,1,2.0,False,2025,Canada,R,75.662,21.138,24.011,30.513
PIA,McLaren,40.0,0 days 00:01:15.761000,0 days 00:00:21.168000,0 days 00:00:24.028000,0 days 00:00:30.565000,HARD,24.0,2.0,,,1,2.0,False,2025,Canada,R,75.761,21.168,24.028,30.565
PIA,McLaren,41.0,0 days 00:01:15.417000,0 days 00:00:21.140000,0 days 00:00:23.910000,0 days 00:00:30.367000,HARD,25.0,2.0,,,1,2.0,False,2025,Canada,R,75.417,21.14,23.91,30.367
PIA,McLaren,42.0,0 days 00:01:15.441000,0 days 00:00:21.077000,0 days 00:00:23.874000,0 days 00:00:30.490000,HARD,26.0,2.0,,,1,1.0,False,2025,Canada,R,75.441,21.077,23.874,30.49
PIA,McLaren,43.0,0 days 00:01:15.653000,0 days 00:00:21.043000,0 days 00:00:23.975000,0 days 00:00:30.635000,HARD,27.0,2.0,,,1,1.0,False,2025,Canada,R,75.653,21.043,23.975,30.635
PIA,McLaren,44.0,0 days 00:01:15.723000,0 days 00:00:21.127000,0 days 00:00:24.117000,0 days 00:00:30.479000,HARD,28.0,2.0,,,1,1.0,False,2025,Canada,R,75.723,21.127,24.117,30.479
PIA,McLaren,45.0,0 days 00:01:31.172000,0 days 00:00:21.100000,0 days 00:00:23.927000,0 days 00:00:46.145000,HARD,29.0,2.0,0 days 01:55:22.981000,,1,5.0,False,2025,Canada,R,91.172,21.1,23.927,46.145
PIA,McLaren,46.0,0 days 00:01:18.078000,0 days 00:00:23.517000,0 days 00:00:24.207000,0 days 00:00:30.354000,HARD,1.0,3.0,,0 days 01:55:46.028000,1,6.0,False,2025,Canada,R,78.078,23.517,24.207,30.354
PIA,McLaren,47.0,0 days 00:01:14.896000,0 days 00:00:20.992000,0 days 00:00:23.798000,0 days 00:00:30.106000,HARD,2.0,3.0,,,1,5.0,False,2025,Canada,R,74.896,20.992,23.798,30.106
PIA,McLaren,48.0,0 days 00:01:15.207000,0 days 00:00:21.066000,0 days 00:00:24.002000,0 days 00:00:30.139000,HARD,3.0,3.0,,,12,5.0,False,2025,Canada,R,75.207,21.066,24.002,30.139
PIA,McLaren,49.0,0 days 00:01:14.736000,0 days 00:00:20.954000,0 days 00:00:23.677000,0 days 00:00:30.105000,HARD,4.0,3.0,,,21,5.0,False,2025,Canada,R,74.736,20.954,23.677,30.105
PIA,McLaren,50.0,0 days 00:01:14.531000,0 days 00:00:20.851000,0 days 00:00:23.612000,0 days 00:00:30.068000,HARD,5.0,3.0,,,1,5.0,False,2025,Canada,R,74.531,20.851,23.612,30.068
PIA,McLaren,51.0,0 days 00:01:14.719000,0 days 00:00:20.831000,0 days 00:00:23.811000,0 days 00:00:30.077000,HARD,6.0,3.0,,,1,5.0,False,2025,Canada,R,74.719,20.831,23.811,30.077
PIA,McLaren,52.0,0 days 00:01:14.584000,0 days 00:00:20.964000,0 days 00:00:23.794000,0 days 00:00:29.826000,HARD,7.0,3.0,,,1,5.0,False,2025,Canada,R,74.584,20.964,23.794,29.826
PIA,McLaren,53.0,0 days 00:01:14.643000,0 days 00:00:21.133000,0 days 00:00:23.689000,0 days 00:00:29.821000,HARD,8.0,3.0,,,1,4.0,False,2025,Canada,R,74.643,21.133,23.689,29.821
PIA,McLaren,54.0,0 days 00:01:14.989000,0 days 00:00:21.279000,0 days 00:00:23.801000,0 days 00:00:29.909000,HARD,9.0,3.0,,,1,4.0,False,2025,Canada,R,74.989,21.279,23.801,29.909
PIA,McLaren,55.0,0 days 00:01:14.497000,0 days 00:00:21.039000,0 days 00:00:23.697000,0 days 00:00:29.761000,HARD,10.0,3.0,,,1,4.0,False,2025,Canada,R,74.497,21.039,23.697,29.761
PIA,McLaren,56.0,0 days 00:01:15.526000,0 days 00:00:21.584000,0 days 00:00:23.756000,0 days 00:00:30.186000,HARD,11.0,3.0,,,1,4.0,False,2025,Canada,R,75.526,21.584,23.756,30.186
PIA,McLaren,57.0,0 days 00:01:14.366000,0 days 00:00:20.912000,0 days 00:00:23.623000,0 days 00:00:29.831000,HARD,12.0,3.0,,,1,4.0,False,2025,Canada,R,74.366,20.912,23.623,29.831
PIA,McLaren,58.0,0 days 00:01:15.324000,0 days 00:00:21.127000,0 days 00:00:24.239000,0 days 00:00:29.958000,HARD,13.0,3.0,,,1,4.0,False,2025,Canada,R,75.324,21.127,24.239,29.958
PIA,McLaren,59.0,0 days 00:01:15.104000,0 days 00:00:21.208000,0 days 00:00:23.888000,0 days 00:00:30.008000,HARD,14.0,3.0,,,1,4.0,False,2025,Canada,R,75.104,21.208,23.888,30.008
PIA,McLaren,60.0,0 days 00:01:14.498000,0 days 00:00:20.825000,0 days 00:00:23.652000,0 days 00:00:30.021000,HARD,15.0,3.0,,,1,4.0,False,2025,Canada,R,74.498,20.825,23.652,30.021
PIA,McLaren,61.0,0 days 00:01:14.368000,0 days 00:00:20.690000,0 days 00:00:23.651000,0 days 00:00:30.027000,HARD,16.0,3.0,,,1,4.0,False,2025,Canada,R,74.368,20.69,23.651,30.027
PIA,McLaren,62.0,0 days 00:01:14.268000,0 days 00:00:20.724000,0 days 00:00:23.650000,0 days 00:00:29.894000,HARD,17.0,3.0,,,1,4.0,False,2025,Canada,R,74.268,20.724,23.65,29.894
PIA,McLaren,63.0,0 days 00:01:14.363000,0 days 00:00:20.825000,0 days 00:00:23.516000,0 days 00:00:30.022000,HARD,18.0,3.0,,,1,4.0,False,2025,Canada,R,74.363,20.825,23.516,30.022
PIA,McLaren,64.0,0 days 00:01:14.255000,0 days 00:00:20.843000,0 days 00:00:23.548000,0 days 00:00:29.864000,HARD,19.0,3.0,,,1,4.0,False,2025,Canada,R,74.255,20.843,23.548,29.864
PIA,McLaren,65.0,0 days 00:01:14.409000,0 days 00:00:20.895000,0 days 00:00:23.579000,0 days 00:00:29.935000,HARD,20.0,3.0,,,1,4.0,False,2025,Canada,R,74.409,20.895,23.579,29.935
PIA,McLaren,66.0,0 days 00:01:15.441000,0 days 00:00:21.163000,0 days 00:00:23.656000,0 days 00:00:30.622000,HARD,21.0,3.0,,,1,4.0,False,2025,Canada,R,75.441,21.163,23.656,30.622
PIA,McLaren,67.0,0 days 00:01:51.532000,0 days 00:00:21.248000,0 days 00:00:33.977000,0 days 00:00:56.307000,HARD,22.0,3.0,0 days 02:23:24.428000,,124,4.0,False,2025,Canada,R,111.532,21.248,33.977,56.307
PIA,McLaren,68.0,0 days 00:01:58.447000,0 days 00:00:32.991000,0 days 00:00:32.022000,0 days 00:00:53.434000,SOFT,4.0,4.0,0 days 02:25:30.537000,0 days 02:23:50.882000,4,4.0,False,2025,Canada,R,118.447,32.991,32.022,53.434
PIA,McLaren,69.0,0 days 00:02:03.935000,0 days 00:00:33.300000,0 days 00:00:36.143000,0 days 00:00:54.492000,SOFT,5.0,5.0,0 days 02:27:34.549000,0 days 02:25:48.880000,4,4.0,False,2025,Canada,R,123.935,33.3,36.143,54.492
PIA,McLaren,70.0,0 days 00:02:03.490000,0 days 00:00:31.670000,0 days 00:00:36.829000,0 days 00:00:54.991000,SOFT,6.0,6.0,,0 days 02:27:52.737000,4,4.0,False,2025,Canada,R,123.49,31.67,36.829,54.991
BEA,Haas F1 Team,1.0,0 days 00:01:29.938000,,0 days 00:00:26.477000,0 days 00:00:32.788000,MEDIUM,1.0,1.0,,,1,13.0,False,2025,Canada,R,89.938,,26.477,32.788
BEA,Haas F1 Team,2.0,0 days 00:01:18.823000,0 days 00:00:22.755000,0 days 00:00:24.979000,0 days 00:00:31.089000,MEDIUM,2.0,1.0,,,1,13.0,False,2025,Canada,R,78.823,22.755,24.979,31.089
BEA,Haas F1 Team,3.0,0 days 00:01:18.008000,0 days 00:00:22.371000,0 days 00:00:24.733000,0 days 00:00:30.904000,MEDIUM,3.0,1.0,,,1,13.0,False,2025,Canada,R,78.008,22.371,24.733,30.904
BEA,Haas F1 Team,4.0,0 days 00:01:17.716000,0 days 00:00:22.040000,0 days 00:00:24.675000,0 days 00:00:31.001000,MEDIUM,4.0,1.0,,,1,13.0,False,2025,Canada,R,77.716,22.04,24.675,31.001
BEA,Haas F1 Team,5.0,0 days 00:01:17.359000,0 days 00:00:21.958000,0 days 00:00:24.548000,0 days 00:00:30.853000,MEDIUM,5.0,1.0,,,1,13.0,False,2025,Canada,R,77.359,21.958,24.548,30.853
BEA,Haas F1 Team,6.0,0 days 00:01:17.390000,0 days 00:00:22.072000,0 days 00:00:24.577000,0 days 00:00:30.741000,MEDIUM,6.0,1.0,,,1,13.0,False,2025,Canada,R,77.39,22.072,24.577,30.741
BEA,Haas F1 Team,7.0,0 days 00:01:17.297000,0 days 00:00:21.940000,0 days 00:00:24.602000,0 days 00:00:30.755000,MEDIUM,7.0,1.0,,,1,13.0,False,2025,Canada,R,77.297,21.94,24.602,30.755
BEA,Haas F1 Team,8.0,0 days 00:01:17.491000,0 days 00:00:22.036000,0 days 00:00:24.602000,0 days 00:00:30.853000,MEDIUM,8.0,1.0,,,1,13.0,False,2025,Canada,R,77.491,22.036,24.602,30.853
BEA,Haas F1 Team,9.0,0 days 00:01:17.299000,0 days 00:00:22.023000,0 days 00:00:24.468000,0 days 00:00:30.808000,MEDIUM,9.0,1.0,,,1,13.0,False,2025,Canada,R,77.299,22.023,24.468,30.808
BEA,Haas F1 Team,10.0,0 days 00:01:17.379000,0 days 00:00:22.040000,0 days 00:00:24.519000,0 days 00:00:30.820000,MEDIUM,10.0,1.0,,,1,13.0,False,2025,Canada,R,77.379,22.04,24.519,30.82
BEA,Haas F1 Team,11.0,0 days 00:01:18.058000,0 days 00:00:22.191000,0 days 00:00:24.788000,0 days 00:00:31.079000,MEDIUM,11.0,1.0,,,1,13.0,False,2025,Canada,R,78.058,22.191,24.788,31.079
BEA,Haas F1 Team,12.0,0 days 00:01:18.628000,0 days 00:00:22.286000,0 days 00:00:24.775000,0 days 00:00:31.567000,MEDIUM,12.0,1.0,,,1,13.0,False,2025,Canada,R,78.628,22.286,24.775,31.567
BEA,Haas F1 Team,13.0,0 days 00:01:19.717000,0 days 00:00:23.087000,0 days 00:00:25.116000,0 days 00:00:31.514000,MEDIUM,13.0,1.0,,,1,13.0,False,2025,Canada,R,79.717,23.087,25.116,31.514
BEA,Haas F1 Team,14.0,0 days 00:01:18.446000,0 days 00:00:22.224000,0 days 00:00:24.757000,0 days 00:00:31.465000,MEDIUM,14.0,1.0,,,1,12.0,False,2025,Canada,R,78.446,22.224,24.757,31.465
BEA,Haas F1 Team,15.0,0 days 00:01:17.882000,0 days 00:00:22.009000,0 days 00:00:24.624000,0 days 00:00:31.249000,MEDIUM,15.0,1.0,,,1,11.0,False,2025,Canada,R,77.882,22.009,24.624,31.249
BEA,Haas F1 Team,16.0,0 days 00:01:18.484000,0 days 00:00:22.071000,0 days 00:00:25.139000,0 days 00:00:31.274000,MEDIUM,16.0,1.0,,,1,11.0,False,2025,Canada,R,78.484,22.071,25.139,31.274
BEA,Haas F1 Team,17.0,0 days 00:01:18.656000,0 days 00:00:22.052000,0 days 00:00:24.766000,0 days 00:00:31.838000,MEDIUM,17.0,1.0,,,1,12.0,False,2025,Canada,R,78.656,22.052,24.766,31.838
BEA,Haas F1 Team,18.0,0 days 00:01:35.065000,0 days 00:00:22.245000,0 days 00:00:24.748000,0 days 00:00:48.072000,MEDIUM,18.0,1.0,0 days 01:21:31.473000,,1,20.0,False,2025,Canada,R,95.065,22.245,24.748,48.072
BEA,Haas F1 Team,19.0,0 days 00:01:20.046000,0 days 00:00:24.220000,0 days 00:00:24.808000,0 days 00:00:31.018000,HARD,1.0,2.0,,0 days 01:21:55.099000,1,20.0,False,2025,Canada,R,80.046,24.22,24.808,31.018
BEA,Haas F1 Team,20.0,0 days 00:01:16.535000,0 days 00:00:21.625000,0 days 00:00:24.191000,0 days 00:00:30.719000,HARD,2.0,2.0,,,1,20.0,False,2025,Canada,R,76.535,21.625,24.191,30.719
BEA,Haas F1 Team,21.0,0 days 00:01:17.183000,0 days 00:00:21.809000,0 days 00:00:24.310000,0 days 00:00:31.064000,HARD,3.0,2.0,,,1,20.0,False,2025,Canada,R,77.183,21.809,24.31,31.064
BEA,Haas F1 Team,22.0,0 days 00:01:16.903000,0 days 00:00:21.679000,0 days 00:00:24.273000,0 days 00:00:30.951000,HARD,4.0,2.0,,,1,20.0,False,2025,Canada,R,76.903,21.679,24.273,30.951
BEA,Haas F1 Team,23.0,0 days 00:01:16.686000,0 days 00:00:21.665000,0 days 00:00:24.097000,0 days 00:00:30.924000,HARD,5.0,2.0,,,1,19.0,False,2025,Canada,R,76.686,21.665,24.097,30.924
BEA,Haas F1 Team,24.0,0 days 00:01:16.668000,0 days 00:00:21.531000,0 days 00:00:24.141000,0 days 00:00:30.996000,HARD,6.0,2.0,,,1,18.0,False,2025,Canada,R,76.668,21.531,24.141,30.996
BEA,Haas F1 Team,25.0,0 days 00:01:16.800000,0 days 00:00:21.587000,0 days 00:00:24.280000,0 days 00:00:30.933000,HARD,7.0,2.0,,,1,18.0,False,2025,Canada,R,76.8,21.587,24.28,30.933
BEA,Haas F1 Team,26.0,0 days 00:01:16.541000,0 days 00:00:21.606000,0 days 00:00:24.189000,0 days 00:00:30.746000,HARD,8.0,2.0,,,1,18.0,False,2025,Canada,R,76.541,21.606,24.189,30.746
BEA,Haas F1 Team,27.0,0 days 00:01:16.708000,0 days 00:00:21.596000,0 days 00:00:24.228000,0 days 00:00:30.884000,HARD,9.0,2.0,,,1,18.0,False,2025,Canada,R,76.708,21.596,24.228,30.884
BEA,Haas F1 Team,28.0,0 days 00:01:16.479000,0 days 00:00:21.776000,0 days 00:00:24.169000,0 days 00:00:30.534000,HARD,10.0,2.0,,,1,18.0,False,2025,Canada,R,76.479,21.776,24.169,30.534
BEA,Haas F1 Team,29.0,0 days 00:01:17.059000,0 days 00:00:21.972000,0 days 00:00:24.314000,0 days 00:00:30.773000,HARD,11.0,2.0,,,1,18.0,False,2025,Canada,R,77.059,21.972,24.314,30.773
BEA,Haas F1 Team,30.0,0 days 00:01:17.169000,0 days 00:00:22.090000,0 days 00:00:24.309000,0 days 00:00:30.770000,HARD,12.0,2.0,,,1,18.0,False,2025,Canada,R,77.169,22.09,24.309,30.77
BEA,Haas F1 Team,31.0,0 days 00:01:16.848000,0 days 00:00:21.940000,0 days 00:00:24.409000,0 days 00:00:30.499000,HARD,13.0,2.0,,,1,18.0,False,2025,Canada,R,76.848,21.94,24.409,30.499
BEA,Haas F1 Team,32.0,0 days 00:01:19.709000,0 days 00:00:22.064000,0 days 00:00:26.007000,0 days 00:00:31.638000,HARD,14.0,2.0,,,1,18.0,False,2025,Canada,R,79.709,22.064,26.007,31.638
BEA,Haas F1 Team,33.0,0 days 00:01:17.403000,0 days 00:00:21.901000,0 days 00:00:24.559000,0 days 00:00:30.943000,HARD,15.0,2.0,,,1,18.0,False,2025,Canada,R,77.403,21.901,24.559,30.943
BEA,Haas F1 Team,34.0,0 days 00:01:16.640000,0 days 00:00:21.508000,0 days 00:00:24.265000,0 days 00:00:30.867000,HARD,16.0,2.0,,,1,18.0,False,2025,Canada,R,76.64,21.508,24.265,30.867
BEA,Haas F1 Team,35.0,0 days 00:01:16.960000,0 days 00:00:21.647000,0 days 00:00:24.371000,0 days 00:00:30.942000,HARD,17.0,2.0,,,1,18.0,False,2025,Canada,R,76.96,21.647,24.371,30.942
BEA,Haas F1 Team,36.0,0 days 00:01:17.123000,0 days 00:00:22.147000,0 days 00:00:24.477000,0 days 00:00:30.499000,HARD,18.0,2.0,,,1,18.0,False,2025,Canada,R,77.123,22.147,24.477,30.499
BEA,Haas F1 Team,37.0,0 days 00:01:17.212000,0 days 00:00:22.039000,0 days 00:00:24.330000,0 days 00:00:30.843000,HARD,19.0,2.0,,,1,18.0,False,2025,Canada,R,77.212,22.039,24.33,30.843
BEA,Haas F1 Team,38.0,0 days 00:01:18.286000,0 days 00:00:22.348000,0 days 00:00:24.898000,0 days 00:00:31.040000,HARD,20.0,2.0,,,1,17.0,False,2025,Canada,R,78.286,22.348,24.898,31.04
BEA,Haas F1 Team,39.0,0 days 00:01:17.027000,0 days 00:00:22.035000,0 days 00:00:24.381000,0 days 00:00:30.611000,HARD,21.0,2.0,,,1,17.0,False,2025,Canada,R,77.027,22.035,24.381,30.611
BEA,Haas F1 Team,40.0,0 days 00:01:17.060000,0 days 00:00:22.101000,0 days 00:00:24.374000,0 days 00:00:30.585000,HARD,22.0,2.0,,,1,17.0,False,2025,Canada,R,77.06,22.101,24.374,30.585
BEA,Haas F1 Team,41.0,0 days 00:01:16.813000,0 days 00:00:22.058000,0 days 00:00:24.174000,0 days 00:00:30.581000,HARD,23.0,2.0,,,1,17.0,True,2025,Canada,R,76.813,22.058,24.174,30.581
BEA,Haas F1 Team,42.0,0 days 00:01:17.275000,0 days 00:00:22.589000,0 days 00:00:24.165000,0 days 00:00:30.521000,HARD,24.0,2.0,,,1,17.0,False,2025,Canada,R,77.275,22.589,24.165,30.521
BEA,Haas F1 Team,43.0,0 days 00:01:17.077000,0 days 00:00:22.149000,0 days 00:00:24.412000,0 days 00:00:30.516000,HARD,25.0,2.0,,,1,16.0,False,2025,Canada,R,77.077,22.149,24.412,30.516
BEA,Haas F1 Team,44.0,0 days 00:01:16.814000,0 days 00:00:22.024000,0 days 00:00:24.257000,0 days 00:00:30.533000,HARD,26.0,2.0,,,1,16.0,False,2025,Canada,R,76.814,22.024,24.257,30.533
BEA,Haas F1 Team,45.0,0 days 00:01:17.830000,0 days 00:00:21.982000,0 days 00:00:24.509000,0 days 00:00:31.339000,HARD,27.0,2.0,,,1,16.0,False,2025,Canada,R,77.83,21.982,24.509,31.339
BEA,Haas F1 Team,46.0,0 days 00:01:17.621000,0 days 00:00:22.062000,0 days 00:00:24.240000,0 days 00:00:31.319000,HARD,28.0,2.0,,,1,15.0,False,2025,Canada,R,77.621,22.062,24.24,31.319
BEA,Haas F1 Team,47.0,0 days 00:01:17.889000,0 days 00:00:22.087000,0 days 00:00:24.451000,0 days 00:00:31.351000,HARD,29.0,2.0,,,1,15.0,True,2025,Canada,R,77.889,22.087,24.451,31.351
BEA,Haas F1 Team,48.0,0 days 00:01:17.064000,0 days 00:00:22.025000,0 days 00:00:24.220000,0 days 00:00:30.819000,HARD,30.0,2.0,,,12,15.0,False,2025,Canada,R,77.064,22.025,24.22,30.819
BEA,Haas F1 Team,49.0,0 days 00:01:16.475000,0 days 00:00:21.535000,0 days 00:00:24.036000,0 days 00:00:30.904000,HARD,31.0,2.0,,,1,14.0,False,2025,Canada,R,76.475,21.535,24.036,30.904
BEA,Haas F1 Team,50.0,0 days 00:01:16.386000,0 days 00:00:21.406000,0 days 00:00:24.146000,0 days 00:00:30.834000,HARD,32.0,2.0,,,1,14.0,False,2025,Canada,R,76.386,21.406,24.146,30.834
BEA,Haas F1 Team,51.0,0 days 00:01:16.022000,0 days 00:00:21.169000,0 days 00:00:24.019000,0 days 00:00:30.834000,HARD,33.0,2.0,,,1,14.0,False,2025,Canada,R,76.022,21.169,24.019,30.834
BEA,Haas F1 Team,52.0,0 days 00:01:16.151000,0 days 00:00:21.308000,0 days 00:00:24.075000,0 days 00:00:30.768000,HARD,34.0,2.0,,,1,14.0,False,2025,Canada,R,76.151,21.308,24.075,30.768
BEA,Haas F1 Team,53.0,0 days 00:01:15.947000,0 days 00:00:21.222000,0 days 00:00:24.048000,0 days 00:00:30.677000,HARD,35.0,2.0,,,1,14.0,False,2025,Canada,R,75.947,21.222,24.048,30.677
BEA,Haas F1 Team,54.0,0 days 00:01:15.643000,0 days 00:00:21.216000,0 days 00:00:23.946000,0 days 00:00:30.481000,HARD,36.0,2.0,,,1,14.0,False,2025,Canada,R,75.643,21.216,23.946,30.481
BEA,Haas F1 Team,55.0,0 days 00:01:16.646000,0 days 00:00:21.666000,0 days 00:00:24.079000,0 days 00:00:30.901000,HARD,37.0,2.0,,,1,14.0,True,2025,Canada,R,76.646,21.666,24.079,30.901
BEA,Haas F1 Team,56.0,0 days 00:01:19.137000,0 days 00:00:22.382000,0 days 00:00:25.352000,0 days 00:00:31.403000,HARD,38.0,2.0,,,1,13.0,False,2025,Canada,R,79.137,22.382,25.352,31.403
BEA,Haas F1 Team,57.0,0 days 00:01:18.924000,0 days 00:00:21.871000,0 days 00:00:26.013000,0 days 00:00:31.040000,HARD,39.0,2.0,,,1,13.0,False,2025,Canada,R,78.924,21.871,26.013,31.04
BEA,Haas F1 Team,58.0,0 days 00:01:18.076000,0 days 00:00:22.463000,0 days 00:00:24.778000,0 days 00:00:30.835000,HARD,40.0,2.0,,,1,13.0,False,2025,Canada,R,78.076,22.463,24.778,30.835
BEA,Haas F1 Team,59.0,0 days 00:01:17.427000,0 days 00:00:21.864000,0 days 00:00:24.112000,0 days 00:00:31.451000,HARD,41.0,2.0,,,1,12.0,False,2025,Canada,R,77.427,21.864,24.112,31.451
BEA,Haas F1 Team,60.0,0 days 00:01:16.145000,0 days 00:00:21.350000,0 days 00:00:24.033000,0 days 00:00:30.762000,HARD,42.0,2.0,,,1,12.0,False,2025,Canada,R,76.145,21.35,24.033,30.762
BEA,Haas F1 Team,61.0,0 days 00:01:15.646000,0 days 00:00:21.109000,0 days 00:00:23.924000,0 days 00:00:30.613000,HARD,43.0,2.0,,,1,12.0,False,2025,Canada,R,75.646,21.109,23.924,30.613
BEA,Haas F1 Team,62.0,0 days 00:01:15.397000,0 days 00:00:20.899000,0 days 00:00:23.942000,0 days 00:00:30.556000,HARD,44.0,2.0,,,1,12.0,False,2025,Canada,R,75.397,20.899,23.942,30.556
BEA,Haas F1 Team,63.0,0 days 00:01:15.455000,0 days 00:00:21.018000,0 days 00:00:23.809000,0 days 00:00:30.628000,HARD,45.0,2.0,,,1,12.0,False,2025,Canada,R,75.455,21.018,23.809,30.628
BEA,Haas F1 Team,64.0,0 days 00:01:15.403000,0 days 00:00:21.048000,0 days 00:00:23.792000,0 days 00:00:30.563000,HARD,46.0,2.0,,,1,12.0,False,2025,Canada,R,75.403,21.048,23.792,30.563
BEA,Haas F1 Team,65.0,0 days 00:01:15.476000,0 days 00:00:21.034000,0 days 00:00:23.813000,0 days 00:00:30.629000,HARD,47.0,2.0,,,12,12.0,False,2025,Canada,R,75.476,21.034,23.813,30.629
BEA,Haas F1 Team,66.0,0 days 00:01:58.863000,0 days 00:00:26.852000,0 days 00:00:32.728000,0 days 00:00:59.283000,HARD,48.0,2.0,0 days 02:23:43.804000,,24,12.0,False,2025,Canada,R,118.863,26.852,32.728,59.283
BEA,Haas F1 Team,67.0,0 days 00:01:56.832000,0 days 00:00:31.324000,0 days 00:00:34.649000,0 days 00:00:50.859000,SOFT,1.0,3.0,0 days 02:25:50.301000,0 days 02:24:11.741000,4,11.0,False,2025,Canada,R,116.832,31.324,34.649,50.859
BEA,Haas F1 Team,68.0,0 days 00:01:47.065000,0 days 00:00:29.283000,0 days 00:00:25.581000,0 days 00:00:52.201000,SOFT,2.0,4.0,0 days 02:27:37.362000,0 days 02:26:08.505000,4,11.0,False,2025,Canada,R,107.065,29.283,25.581,52.201
BEA,Haas F1 Team,69.0,0 days 00:02:02.225000,0 days 00:00:31.481000,0 days 00:00:36.457000,0 days 00:00:54.287000,SOFT,3.0,5.0,,0 days 02:27:55.534000,4,11.0,False,2025,Canada,R,122.225,31.481,36.457,54.287
