Driver,Team,LapNumber,LapTime,Sector1Time,Sector2Time,Sector3Time,Compound,TyreLife,Stint,PitInTime,PitOutTime,TrackStatus,Position,Deleted,season,race,session_type,lap_time_seconds,sector1_seconds,sector2_seconds,sector3_seconds
VER,Red Bull Racing,1.0,0 days 00:01:35.669000,,0 days 00:00:34.681000,0 days 00:00:26.310000,nan,,,,,12,1.0,False,2025,Miami,R,95.669,,34.681,26.31
VER,Red Bull Racing,2.0,0 days 00:01:51.128000,0 days 00:00:31.426000,0 days 00:00:47.940000,0 days 00:00:31.762000,nan,,,,,126,1.0,False,2025,Miami,R,111.128,31.426,47.94,31.762
VER,Red Bull Racing,3.0,0 days 00:02:05.946000,0 days 00:00:43.901000,0 days 00:00:48.777000,0 days 00:00:33.268000,nan,,,,,671,1.0,False,2025,Miami,R,125.946,43.901,48.777,33.268
VER,Red Bull Racing,4.0,0 days 00:01:32.569000,0 days 00:00:31.185000,0 days 00:00:35.126000,0 days 00:00:26.258000,nan,,,,,1,1.0,False,2025,Miami,R,92.569,31.185,35.126,26.258
VER,Red Bull Racing,5.0,0 days 00:01:32.133000,0 days 00:00:31.182000,0 days 00:00:34.799000,0 days 00:00:26.152000,nan,,,,,1,1.0,False,2025,Miami,R,92.133,31.182,34.799,26.152
VER,Red Bull Racing,6.0,0 days 00:01:32.096000,0 days 00:00:31.075000,0 days 00:00:34.815000,0 days 00:00:26.206000,nan,,,,,1,1.0,False,2025,Miami,R,92.096,31.075,34.815,26.206
VER,Red Bull Racing,7.0,0 days 00:01:32.083000,0 days 00:00:31.076000,0 days 00:00:34.867000,0 days 00:00:26.140000,nan,,,,,1,1.0,False,2025,Miami,R,92.083,31.076,34.867,26.14
VER,Red Bull Racing,8.0,0 days 00:01:32.583000,0 days 00:00:31.420000,0 days 00:00:35.021000,0 days 00:00:26.142000,nan,,,,,1,1.0,False,2025,Miami,R,92.583,31.42,35.021,26.142
VER,Red Bull Racing,9.0,0 days 00:01:32.406000,0 days 00:00:31.176000,0 days 00:00:34.998000,0 days 00:00:26.232000,nan,,,,,1,1.0,False,2025,Miami,R,92.406,31.176,34.998,26.232
VER,Red Bull Racing,10.0,0 days 00:01:32.392000,0 days 00:00:30.922000,0 days 00:00:35.089000,0 days 00:00:26.381000,nan,,,,,1,1.0,False,2025,Miami,R,92.392,30.922,35.089,26.381
VER,Red Bull Racing,11.0,0 days 00:01:32.595000,0 days 00:00:31.315000,0 days 00:00:35.014000,0 days 00:00:26.266000,nan,,,,,1,1.0,False,2025,Miami,R,92.595,31.315,35.014,26.266
VER,Red Bull Racing,12.0,0 days 00:01:32.236000,0 days 00:00:30.879000,0 days 00:00:35.080000,0 days 00:00:26.277000,nan,,,,,1,1.0,False,2025,Miami,R,92.236,30.879,35.08,26.277
VER,Red Bull Racing,13.0,0 days 00:01:32.272000,0 days 00:00:30.973000,0 days 00:00:35.031000,0 days 00:00:26.268000,nan,,,,,1,1.0,False,2025,Miami,R,92.272,30.973,35.031,26.268
VER,Red Bull Racing,14.0,0 days 00:01:34.727000,0 days 00:00:33.180000,0 days 00:00:35.275000,0 days 00:00:26.272000,nan,,,,,1,2.0,False,2025,Miami,R,94.727,33.18,35.275,26.272
VER,Red Bull Racing,15.0,0 days 00:01:33.736000,0 days 00:00:32.111000,0 days 00:00:35.324000,0 days 00:00:26.301000,nan,,,,,1,2.0,False,2025,Miami,R,93.736,32.111,35.324,26.301
VER,Red Bull Racing,16.0,0 days 00:01:33.178000,0 days 00:00:31.413000,0 days 00:00:35.507000,0 days 00:00:26.258000,nan,,,,,1,2.0,False,2025,Miami,R,93.178,31.413,35.507,26.258
VER,Red Bull Racing,17.0,0 days 00:01:34.857000,0 days 00:00:31.316000,0 days 00:00:37.421000,0 days 00:00:26.120000,nan,,,,,1,2.0,True,2025,Miami,R,94.857,31.316,37.421,26.12
VER,Red Bull Racing,18.0,0 days 00:01:33.253000,0 days 00:00:31.311000,0 days 00:00:36.003000,0 days 00:00:25.939000,nan,,,,,1,3.0,False,2025,Miami,R,93.253,31.311,36.003,25.939
VER,Red Bull Racing,19.0,0 days 00:01:32.824000,0 days 00:00:31.438000,0 days 00:00:35.239000,0 days 00:00:26.147000,nan,,,,,1,3.0,False,2025,Miami,R,92.824,31.438,35.239,26.147
VER,Red Bull Racing,20.0,0 days 00:01:33.284000,0 days 00:00:31.207000,0 days 00:00:35.936000,0 days 00:00:26.141000,nan,,,,,1,3.0,False,2025,Miami,R,93.284,31.207,35.936,26.141
VER,Red Bull Racing,21.0,0 days 00:01:32.693000,0 days 00:00:31.131000,0 days 00:00:35.377000,0 days 00:00:26.185000,nan,,,,,1,3.0,False,2025,Miami,R,92.693,31.131,35.377,26.185
VER,Red Bull Racing,22.0,0 days 00:01:32.472000,0 days 00:00:31.083000,0 days 00:00:35.251000,0 days 00:00:26.138000,nan,,,,,1,3.0,False,2025,Miami,R,92.472,31.083,35.251,26.138
VER,Red Bull Racing,23.0,0 days 00:01:32.636000,0 days 00:00:31.056000,0 days 00:00:35.499000,0 days 00:00:26.081000,nan,,,,,1,3.0,False,2025,Miami,R,92.636,31.056,35.499,26.081
VER,Red Bull Racing,24.0,0 days 00:01:32.440000,0 days 00:00:31.003000,0 days 00:00:35.288000,0 days 00:00:26.149000,nan,,,,,1,3.0,False,2025,Miami,R,92.44,31.003,35.288,26.149
VER,Red Bull Racing,25.0,0 days 00:01:32.523000,0 days 00:00:30.940000,0 days 00:00:35.338000,0 days 00:00:26.245000,MEDIUM,1.0,1.0,,,1,3.0,False,2025,Miami,R,92.523,30.94,35.338,26.245
VER,Red Bull Racing,26.0,0 days 00:01:36.935000,0 days 00:00:30.974000,0 days 00:00:35.241000,0 days 00:00:30.720000,MEDIUM,2.0,1.0,0 days 01:38:21.934000,,1,4.0,False,2025,Miami,R,96.935,30.974,35.241,30.72
VER,Red Bull Racing,27.0,0 days 00:01:45.511000,0 days 00:00:45.272000,0 days 00:00:34.872000,0 days 00:00:25.367000,MEDIUM,3.0,1.0,,0 days 01:38:44.374000,1,5.0,False,2025,Miami,R,105.511,45.272,34.872,25.367
VER,Red Bull Racing,28.0,0 days 00:01:36.612000,0 days 00:00:30.252000,0 days 00:00:34.876000,0 days 00:00:31.484000,MEDIUM,4.0,1.0,,,16,5.0,False,2025,Miami,R,96.612,30.252,34.876,31.484
VER,Red Bull Racing,29.0,0 days 00:02:04.704000,0 days 00:00:40.474000,0 days 00:00:48.161000,0 days 00:00:36.069000,MEDIUM,5.0,1.0,,,67,5.0,False,2025,Miami,R,124.704,40.474,48.161,36.069
VER,Red Bull Racing,30.0,0 days 00:01:31.899000,0 days 00:00:31.616000,0 days 00:00:34.486000,0 days 00:00:25.797000,MEDIUM,6.0,1.0,,,71,4.0,False,2025,Miami,R,91.899,31.616,34.486,25.797
VER,Red Bull Racing,31.0,0 days 00:01:31.025000,0 days 00:00:30.488000,0 days 00:00:34.641000,0 days 00:00:25.896000,MEDIUM,7.0,1.0,,,1,4.0,False,2025,Miami,R,91.025,30.488,34.641,25.896
VER,Red Bull Racing,32.0,0 days 00:01:31.781000,0 days 00:00:30.464000,0 days 00:00:34.720000,0 days 00:00:26.597000,MEDIUM,8.0,1.0,,,1,4.0,False,2025,Miami,R,91.781,30.464,34.72,26.597
VER,Red Bull Racing,33.0,0 days 00:01:59.077000,0 days 00:00:39.579000,0 days 00:00:46.708000,0 days 00:00:32.790000,HARD,1.0,2.0,,,167,4.0,False,2025,Miami,R,119.077,39.579,46.708,32.79
VER,Red Bull Racing,34.0,0 days 00:01:30.879000,0 days 00:00:30.357000,0 days 00:00:34.612000,0 days 00:00:25.910000,HARD,2.0,2.0,,,1,4.0,False,2025,Miami,R,90.879,30.357,34.612,25.91
VER,Red Bull Racing,35.0,0 days 00:01:30.680000,0 days 00:00:30.323000,0 days 00:00:34.643000,0 days 00:00:25.714000,HARD,3.0,2.0,,,1,4.0,False,2025,Miami,R,90.68,30.323,34.643,25.714
VER,Red Bull Racing,36.0,0 days 00:01:30.829000,0 days 00:00:30.253000,0 days 00:00:34.733000,0 days 00:00:25.843000,HARD,4.0,2.0,,,1,4.0,False,2025,Miami,R,90.829,30.253,34.733,25.843
VER,Red Bull Racing,37.0,0 days 00:01:30.751000,0 days 00:00:30.171000,0 days 00:00:34.707000,0 days 00:00:25.873000,HARD,5.0,2.0,,,1,4.0,False,2025,Miami,R,90.751,30.171,34.707,25.873
VER,Red Bull Racing,38.0,0 days 00:01:30.992000,0 days 00:00:30.344000,0 days 00:00:34.765000,0 days 00:00:25.883000,HARD,6.0,2.0,,,1,4.0,False,2025,Miami,R,90.992,30.344,34.765,25.883
VER,Red Bull Racing,39.0,0 days 00:01:30.793000,0 days 00:00:30.241000,0 days 00:00:34.755000,0 days 00:00:25.797000,HARD,7.0,2.0,,,1,4.0,False,2025,Miami,R,90.793,30.241,34.755,25.797
VER,Red Bull Racing,40.0,0 days 00:01:30.743000,0 days 00:00:30.307000,0 days 00:00:34.600000,0 days 00:00:25.836000,HARD,8.0,2.0,,,1,4.0,False,2025,Miami,R,90.743,30.307,34.6,25.836
VER,Red Bull Racing,41.0,0 days 00:01:30.466000,0 days 00:00:30.085000,0 days 00:00:34.649000,0 days 00:00:25.732000,HARD,9.0,2.0,,,1,4.0,False,2025,Miami,R,90.466,30.085,34.649,25.732
VER,Red Bull Racing,42.0,0 days 00:01:30.685000,0 days 00:00:30.149000,0 days 00:00:34.729000,0 days 00:00:25.807000,HARD,10.0,2.0,,,1,4.0,False,2025,Miami,R,90.685,30.149,34.729,25.807
VER,Red Bull Racing,43.0,0 days 00:01:30.775000,0 days 00:00:30.232000,0 days 00:00:34.767000,0 days 00:00:25.776000,HARD,11.0,2.0,,,1,4.0,False,2025,Miami,R,90.775,30.232,34.767,25.776
VER,Red Bull Racing,44.0,0 days 00:01:30.822000,0 days 00:00:30.192000,0 days 00:00:34.800000,0 days 00:00:25.830000,HARD,12.0,2.0,,,1,4.0,False,2025,Miami,R,90.822,30.192,34.8,25.83
VER,Red Bull Racing,45.0,0 days 00:01:30.643000,0 days 00:00:30.260000,0 days 00:00:34.591000,0 days 00:00:25.792000,HARD,13.0,2.0,,,1,4.0,False,2025,Miami,R,90.643,30.26,34.591,25.792
VER,Red Bull Racing,46.0,0 days 00:01:30.977000,0 days 00:00:30.322000,0 days 00:00:34.829000,0 days 00:00:25.826000,HARD,14.0,2.0,,,1,4.0,False,2025,Miami,R,90.977,30.322,34.829,25.826
VER,Red Bull Racing,47.0,0 days 00:01:31.136000,0 days 00:00:30.383000,0 days 00:00:34.962000,0 days 00:00:25.791000,HARD,15.0,2.0,,,1,4.0,False,2025,Miami,R,91.136,30.383,34.962,25.791
VER,Red Bull Racing,48.0,0 days 00:01:30.879000,0 days 00:00:30.367000,0 days 00:00:34.789000,0 days 00:00:25.723000,HARD,16.0,2.0,,,1,4.0,False,2025,Miami,R,90.879,30.367,34.789,25.723
VER,Red Bull Racing,49.0,0 days 00:01:30.590000,0 days 00:00:30.325000,0 days 00:00:34.553000,0 days 00:00:25.712000,HARD,17.0,2.0,,,1,4.0,False,2025,Miami,R,90.59,30.325,34.553,25.712
VER,Red Bull Racing,50.0,0 days 00:01:30.668000,0 days 00:00:30.311000,0 days 00:00:34.567000,0 days 00:00:25.790000,HARD,18.0,2.0,,,1,4.0,False,2025,Miami,R,90.668,30.311,34.567,25.79
VER,Red Bull Racing,51.0,0 days 00:01:30.534000,0 days 00:00:30.166000,0 days 00:00:34.602000,0 days 00:00:25.766000,HARD,19.0,2.0,,,1,4.0,False,2025,Miami,R,90.534,30.166,34.602,25.766
VER,Red Bull Racing,52.0,0 days 00:01:30.773000,0 days 00:00:30.293000,0 days 00:00:34.719000,0 days 00:00:25.761000,HARD,20.0,2.0,,,1,4.0,False,2025,Miami,R,90.773,30.293,34.719,25.761
VER,Red Bull Racing,53.0,0 days 00:01:30.887000,0 days 00:00:30.271000,0 days 00:00:34.757000,0 days 00:00:25.859000,HARD,21.0,2.0,,,1,4.0,False,2025,Miami,R,90.887,30.271,34.757,25.859
VER,Red Bull Racing,54.0,0 days 00:01:31.606000,0 days 00:00:30.530000,0 days 00:00:35.198000,0 days 00:00:25.878000,HARD,22.0,2.0,,,1,4.0,False,2025,Miami,R,91.606,30.53,35.198,25.878
VER,Red Bull Racing,55.0,0 days 00:01:30.523000,0 days 00:00:30.075000,0 days 00:00:34.666000,0 days 00:00:25.782000,HARD,23.0,2.0,,,1,4.0,False,2025,Miami,R,90.523,30.075,34.666,25.782
VER,Red Bull Racing,56.0,0 days 00:01:30.651000,0 days 00:00:30.119000,0 days 00:00:34.738000,0 days 00:00:25.794000,HARD,24.0,2.0,,,1,4.0,False,2025,Miami,R,90.651,30.119,34.738,25.794
VER,Red Bull Racing,57.0,0 days 00:01:30.986000,0 days 00:00:30.348000,0 days 00:00:34.758000,0 days 00:00:25.880000,HARD,25.0,2.0,,,1,4.0,False,2025,Miami,R,90.986,30.348,34.758,25.88
GAS,Alpine,1.0,0 days 00:01:45.474000,,0 days 00:00:37.740000,0 days 00:00:26.452000,nan,,,,0 days 00:57:24.733000,12,18.0,False,2025,Miami,R,105.474,,37.74,26.452
GAS,Alpine,2.0,0 days 00:02:05.704000,0 days 00:00:32.570000,0 days 00:01:04.410000,0 days 00:00:28.724000,nan,,,,,126,18.0,False,2025,Miami,R,125.704,32.57,64.41,28.724
GAS,Alpine,3.0,0 days 00:01:55.733000,0 days 00:00:35.373000,0 days 00:00:53.919000,0 days 00:00:26.441000,nan,,,,,671,18.0,False,2025,Miami,R,115.733,35.373,53.919,26.441
GAS,Alpine,4.0,0 days 00:01:34.054000,0 days 00:00:32.079000,0 days 00:00:35.807000,0 days 00:00:26.168000,nan,,,,,1,18.0,False,2025,Miami,R,94.054,32.079,35.807,26.168
GAS,Alpine,5.0,0 days 00:01:34.123000,0 days 00:00:32.212000,0 days 00:00:35.731000,0 days 00:00:26.180000,nan,,,,,1,18.0,False,2025,Miami,R,94.123,32.212,35.731,26.18
GAS,Alpine,6.0,0 days 00:01:34.295000,0 days 00:00:32.308000,0 days 00:00:35.670000,0 days 00:00:26.317000,nan,,,,,1,18.0,False,2025,Miami,R,94.295,32.308,35.67,26.317
GAS,Alpine,7.0,0 days 00:01:34.019000,0 days 00:00:32.019000,0 days 00:00:35.772000,0 days 00:00:26.228000,nan,,,,,1,18.0,False,2025,Miami,R,94.019,32.019,35.772,26.228
GAS,Alpine,8.0,0 days 00:01:34.087000,0 days 00:00:32.167000,0 days 00:00:35.634000,0 days 00:00:26.286000,nan,,,,,1,18.0,False,2025,Miami,R,94.087,32.167,35.634,26.286
GAS,Alpine,9.0,0 days 00:01:33.727000,0 days 00:00:31.934000,0 days 00:00:35.524000,0 days 00:00:26.269000,nan,,,,,1,17.0,False,2025,Miami,R,93.727,31.934,35.524,26.269
GAS,Alpine,10.0,0 days 00:01:33.430000,0 days 00:00:31.735000,0 days 00:00:35.545000,0 days 00:00:26.150000,nan,,,,,1,17.0,False,2025,Miami,R,93.43,31.735,35.545,26.15
GAS,Alpine,11.0,0 days 00:01:33.253000,0 days 00:00:31.623000,0 days 00:00:35.411000,0 days 00:00:26.219000,nan,,,,,1,17.0,False,2025,Miami,R,93.253,31.623,35.411,26.219
GAS,Alpine,12.0,0 days 00:01:33.244000,0 days 00:00:31.675000,0 days 00:00:35.419000,0 days 00:00:26.150000,nan,,,,,1,17.0,False,2025,Miami,R,93.244,31.675,35.419,26.15
GAS,Alpine,13.0,0 days 00:01:33.113000,0 days 00:00:31.513000,0 days 00:00:35.514000,0 days 00:00:26.086000,nan,,,,,1,17.0,False,2025,Miami,R,93.113,31.513,35.514,26.086
GAS,Alpine,14.0,0 days 00:01:33.309000,0 days 00:00:31.687000,0 days 00:00:35.525000,0 days 00:00:26.097000,nan,,,,,1,17.0,False,2025,Miami,R,93.309,31.687,35.525,26.097
GAS,Alpine,15.0,0 days 00:01:33.775000,0 days 00:00:31.755000,0 days 00:00:35.880000,0 days 00:00:26.140000,nan,,,,,1,17.0,False,2025,Miami,R,93.775,31.755,35.88,26.14
GAS,Alpine,16.0,0 days 00:01:33.390000,0 days 00:00:31.750000,0 days 00:00:35.520000,0 days 00:00:26.120000,nan,,,,,1,17.0,False,2025,Miami,R,93.39,31.75,35.52,26.12
GAS,Alpine,17.0,0 days 00:01:33.478000,0 days 00:00:31.720000,0 days 00:00:35.666000,0 days 00:00:26.092000,nan,,,,,1,17.0,False,2025,Miami,R,93.478,31.72,35.666,26.092
GAS,Alpine,18.0,0 days 00:01:33.528000,0 days 00:00:31.798000,0 days 00:00:35.606000,0 days 00:00:26.124000,nan,,,,,1,17.0,False,2025,Miami,R,93.528,31.798,35.606,26.124
GAS,Alpine,19.0,0 days 00:01:33.563000,0 days 00:00:31.882000,0 days 00:00:35.673000,0 days 00:00:26.008000,nan,,,,,1,17.0,False,2025,Miami,R,93.563,31.882,35.673,26.008
GAS,Alpine,20.0,0 days 00:01:33.441000,0 days 00:00:31.782000,0 days 00:00:35.628000,0 days 00:00:26.031000,nan,,,,,1,15.0,False,2025,Miami,R,93.441,31.782,35.628,26.031
GAS,Alpine,21.0,0 days 00:01:33.143000,0 days 00:00:31.396000,0 days 00:00:35.688000,0 days 00:00:26.059000,nan,,,,,1,15.0,False,2025,Miami,R,93.143,31.396,35.688,26.059
GAS,Alpine,22.0,0 days 00:01:33.025000,0 days 00:00:31.483000,0 days 00:00:35.522000,0 days 00:00:26.020000,nan,,,,,1,15.0,False,2025,Miami,R,93.025,31.483,35.522,26.02
GAS,Alpine,23.0,0 days 00:01:32.798000,0 days 00:00:31.495000,0 days 00:00:35.424000,0 days 00:00:25.879000,nan,,,,,1,14.0,False,2025,Miami,R,92.798,31.495,35.424,25.879
GAS,Alpine,24.0,0 days 00:01:32.831000,0 days 00:00:31.513000,0 days 00:00:35.390000,0 days 00:00:25.928000,HARD,1.0,1.0,,,1,13.0,False,2025,Miami,R,92.831,31.513,35.39,25.928
GAS,Alpine,25.0,0 days 00:01:32.853000,0 days 00:00:31.206000,0 days 00:00:35.831000,0 days 00:00:25.816000,HARD,2.0,1.0,,,1,13.0,False,2025,Miami,R,92.853,31.206,35.831,25.816
GAS,Alpine,26.0,0 days 00:01:34.359000,0 days 00:00:32.634000,0 days 00:00:35.633000,0 days 00:00:26.092000,HARD,3.0,1.0,,,1,13.0,False,2025,Miami,R,94.359,32.634,35.633,26.092
GAS,Alpine,27.0,0 days 00:01:32.770000,0 days 00:00:31.432000,0 days 00:00:35.366000,0 days 00:00:25.972000,HARD,4.0,1.0,,,1,12.0,False,2025,Miami,R,92.77,31.432,35.366,25.972
GAS,Alpine,28.0,0 days 00:01:41.231000,0 days 00:00:31.242000,0 days 00:00:35.767000,0 days 00:00:34.222000,HARD,5.0,1.0,,,16,11.0,False,2025,Miami,R,101.231,31.242,35.767,34.222
GAS,Alpine,29.0,0 days 00:02:02.824000,0 days 00:00:43.596000,0 days 00:00:48.045000,0 days 00:00:31.183000,HARD,6.0,1.0,,,671,11.0,False,2025,Miami,R,122.824,43.596,48.045,31.183
GAS,Alpine,30.0,0 days 00:01:33.172000,0 days 00:00:31.247000,0 days 00:00:35.987000,0 days 00:00:25.938000,HARD,7.0,1.0,,,1,12.0,False,2025,Miami,R,93.172,31.247,35.987,25.938
GAS,Alpine,31.0,0 days 00:01:32.523000,0 days 00:00:31.225000,0 days 00:00:35.260000,0 days 00:00:26.038000,HARD,8.0,1.0,,,1,12.0,False,2025,Miami,R,92.523,31.225,35.26,26.038
GAS,Alpine,32.0,0 days 00:01:38.570000,0 days 00:00:31.123000,0 days 00:00:35.328000,0 days 00:00:32.119000,HARD,9.0,1.0,0 days 01:48:49.016000,,16,13.0,False,2025,Miami,R,98.57,31.123,35.328,32.119
GAS,Alpine,33.0,0 days 00:02:03.372000,0 days 00:00:55.004000,0 days 00:00:42.574000,0 days 00:00:25.794000,MEDIUM,1.0,2.0,,0 days 01:49:11.105000,671,14.0,False,2025,Miami,R,123.372,55.004,42.574,25.794
GAS,Alpine,34.0,0 days 00:01:31.372000,0 days 00:00:30.625000,0 days 00:00:34.920000,0 days 00:00:25.827000,MEDIUM,2.0,2.0,,,1,14.0,False,2025,Miami,R,91.372,30.625,34.92,25.827
GAS,Alpine,35.0,0 days 00:01:31.159000,0 days 00:00:30.516000,0 days 00:00:34.861000,0 days 00:00:25.782000,MEDIUM,3.0,2.0,,,1,14.0,False,2025,Miami,R,91.159,30.516,34.861,25.782
GAS,Alpine,36.0,0 days 00:01:31.533000,0 days 00:00:30.593000,0 days 00:00:34.996000,0 days 00:00:25.944000,MEDIUM,4.0,2.0,,,1,14.0,False,2025,Miami,R,91.533,30.593,34.996,25.944
GAS,Alpine,37.0,0 days 00:01:31.682000,0 days 00:00:30.634000,0 days 00:00:35.053000,0 days 00:00:25.995000,MEDIUM,5.0,2.0,,,1,13.0,False,2025,Miami,R,91.682,30.634,35.053,25.995
GAS,Alpine,38.0,0 days 00:01:31.642000,0 days 00:00:30.594000,0 days 00:00:35.087000,0 days 00:00:25.961000,MEDIUM,6.0,2.0,,,1,13.0,False,2025,Miami,R,91.642,30.594,35.087,25.961
GAS,Alpine,39.0,0 days 00:01:31.602000,0 days 00:00:30.595000,0 days 00:00:35.033000,0 days 00:00:25.974000,MEDIUM,7.0,2.0,,,1,13.0,False,2025,Miami,R,91.602,30.595,35.033,25.974
GAS,Alpine,40.0,0 days 00:01:31.455000,0 days 00:00:30.566000,0 days 00:00:35.004000,0 days 00:00:25.885000,MEDIUM,8.0,2.0,,,1,13.0,False,2025,Miami,R,91.455,30.566,35.004,25.885
GAS,Alpine,41.0,0 days 00:01:31.637000,0 days 00:00:30.551000,0 days 00:00:35.122000,0 days 00:00:25.964000,MEDIUM,9.0,2.0,,,1,13.0,False,2025,Miami,R,91.637,30.551,35.122,25.964
GAS,Alpine,42.0,0 days 00:01:31.528000,0 days 00:00:30.492000,0 days 00:00:35.053000,0 days 00:00:25.983000,MEDIUM,10.0,2.0,,,1,13.0,False,2025,Miami,R,91.528,30.492,35.053,25.983
GAS,Alpine,43.0,0 days 00:01:31.511000,0 days 00:00:30.495000,0 days 00:00:35.071000,0 days 00:00:25.945000,MEDIUM,11.0,2.0,,,1,13.0,False,2025,Miami,R,91.511,30.495,35.071,25.945
GAS,Alpine,44.0,0 days 00:01:31.443000,0 days 00:00:30.488000,0 days 00:00:35.058000,0 days 00:00:25.897000,MEDIUM,12.0,2.0,,,1,13.0,False,2025,Miami,R,91.443,30.488,35.058,25.897
GAS,Alpine,45.0,0 days 00:01:32.445000,0 days 00:00:31.023000,0 days 00:00:35.447000,0 days 00:00:25.975000,MEDIUM,13.0,2.0,,,1,13.0,False,2025,Miami,R,92.445,31.023,35.447,25.975
GAS,Alpine,46.0,0 days 00:01:31.913000,0 days 00:00:30.845000,0 days 00:00:35.103000,0 days 00:00:25.965000,MEDIUM,14.0,2.0,,,1,13.0,False,2025,Miami,R,91.913,30.845,35.103,25.965
GAS,Alpine,47.0,0 days 00:01:31.438000,0 days 00:00:30.489000,0 days 00:00:35.033000,0 days 00:00:25.916000,MEDIUM,15.0,2.0,,,1,13.0,False,2025,Miami,R,91.438,30.489,35.033,25.916
GAS,Alpine,48.0,0 days 00:01:31.327000,0 days 00:00:30.480000,0 days 00:00:34.993000,0 days 00:00:25.854000,MEDIUM,16.0,2.0,,,1,13.0,False,2025,Miami,R,91.327,30.48,34.993,25.854
GAS,Alpine,49.0,0 days 00:01:31.304000,0 days 00:00:30.566000,0 days 00:00:34.817000,0 days 00:00:25.921000,MEDIUM,17.0,2.0,,,1,13.0,False,2025,Miami,R,91.304,30.566,34.817,25.921
GAS,Alpine,50.0,0 days 00:01:31.391000,0 days 00:00:30.446000,0 days 00:00:35.031000,0 days 00:00:25.914000,MEDIUM,18.0,2.0,,,1,13.0,False,2025,Miami,R,91.391,30.446,35.031,25.914
GAS,Alpine,51.0,0 days 00:01:31.497000,0 days 00:00:30.579000,0 days 00:00:34.949000,0 days 00:00:25.969000,MEDIUM,19.0,2.0,,,1,13.0,False,2025,Miami,R,91.497,30.579,34.949,25.969
GAS,Alpine,52.0,0 days 00:01:32.090000,0 days 00:00:30.635000,0 days 00:00:35.419000,0 days 00:00:26.036000,MEDIUM,20.0,2.0,,,1,13.0,False,2025,Miami,R,92.09,30.635,35.419,26.036
GAS,Alpine,53.0,0 days 00:01:31.948000,0 days 00:00:30.785000,0 days 00:00:35.192000,0 days 00:00:25.971000,MEDIUM,21.0,2.0,,,1,13.0,False,2025,Miami,R,91.948,30.785,35.192,25.971
GAS,Alpine,54.0,0 days 00:01:31.937000,0 days 00:00:30.752000,0 days 00:00:35.169000,0 days 00:00:26.016000,MEDIUM,22.0,2.0,,,1,13.0,False,2025,Miami,R,91.937,30.752,35.169,26.016
GAS,Alpine,55.0,0 days 00:01:31.574000,0 days 00:00:30.492000,0 days 00:00:35.101000,0 days 00:00:25.981000,MEDIUM,23.0,2.0,,,1,13.0,False,2025,Miami,R,91.574,30.492,35.101,25.981
GAS,Alpine,56.0,0 days 00:01:31.519000,0 days 00:00:30.511000,0 days 00:00:35.063000,0 days 00:00:25.945000,MEDIUM,24.0,2.0,,,1,13.0,False,2025,Miami,R,91.519,30.511,35.063,25.945
GAS,Alpine,57.0,0 days 00:01:32.874000,0 days 00:00:30.910000,0 days 00:00:35.375000,0 days 00:00:26.589000,MEDIUM,25.0,2.0,,,1,13.0,False,2025,Miami,R,92.874,30.91,35.375,26.589
ANT,Mercedes,1.0,0 days 00:01:36.850000,,0 days 00:00:35.389000,0 days 00:00:26.219000,nan,,,,,12,2.0,False,2025,Miami,R,96.85,,35.389,26.219
ANT,Mercedes,2.0,0 days 00:01:52.276000,0 days 00:00:31.837000,0 days 00:00:47.990000,0 days 00:00:32.449000,nan,,,,,126,2.0,False,2025,Miami,R,112.276,31.837,47.99,32.449
ANT,Mercedes,3.0,0 days 00:02:04.905000,0 days 00:00:43.447000,0 days 00:00:49.061000,0 days 00:00:32.397000,nan,,,,,671,2.0,False,2025,Miami,R,124.905,43.447,49.061,32.397
ANT,Mercedes,4.0,0 days 00:01:33.016000,0 days 00:00:31.385000,0 days 00:00:35.730000,0 days 00:00:25.901000,nan,,,,,1,3.0,False,2025,Miami,R,93.016,31.385,35.73,25.901
ANT,Mercedes,5.0,0 days 00:01:32.859000,0 days 00:00:31.587000,0 days 00:00:35.216000,0 days 00:00:26.056000,nan,,,,,1,3.0,False,2025,Miami,R,92.859,31.587,35.216,26.056
ANT,Mercedes,6.0,0 days 00:01:32.883000,0 days 00:00:31.428000,0 days 00:00:35.276000,0 days 00:00:26.179000,nan,,,,,1,3.0,False,2025,Miami,R,92.883,31.428,35.276,26.179
ANT,Mercedes,7.0,0 days 00:01:33.029000,0 days 00:00:31.467000,0 days 00:00:35.391000,0 days 00:00:26.171000,nan,,,,,1,3.0,False,2025,Miami,R,93.029,31.467,35.391,26.171
ANT,Mercedes,8.0,0 days 00:01:32.945000,0 days 00:00:31.534000,0 days 00:00:35.278000,0 days 00:00:26.133000,nan,,,,,1,3.0,False,2025,Miami,R,92.945,31.534,35.278,26.133
ANT,Mercedes,9.0,0 days 00:01:33.684000,0 days 00:00:31.466000,0 days 00:00:36.056000,0 days 00:00:26.162000,nan,,,,,1,4.0,False,2025,Miami,R,93.684,31.466,36.056,26.162
ANT,Mercedes,10.0,0 days 00:01:33.004000,0 days 00:00:31.519000,0 days 00:00:35.285000,0 days 00:00:26.200000,nan,,,,,1,4.0,False,2025,Miami,R,93.004,31.519,35.285,26.2
ANT,Mercedes,11.0,0 days 00:01:32.790000,0 days 00:00:31.515000,0 days 00:00:35.098000,0 days 00:00:26.177000,nan,,,,,1,4.0,False,2025,Miami,R,92.79,31.515,35.098,26.177
ANT,Mercedes,12.0,0 days 00:01:32.725000,0 days 00:00:31.312000,0 days 00:00:35.206000,0 days 00:00:26.207000,nan,,,,,1,4.0,False,2025,Miami,R,92.725,31.312,35.206,26.207
ANT,Mercedes,13.0,0 days 00:01:32.745000,0 days 00:00:31.467000,0 days 00:00:35.105000,0 days 00:00:26.173000,nan,,,,,1,4.0,False,2025,Miami,R,92.745,31.467,35.105,26.173
ANT,Mercedes,14.0,0 days 00:01:32.692000,0 days 00:00:31.517000,0 days 00:00:35.038000,0 days 00:00:26.137000,nan,,,,,1,4.0,False,2025,Miami,R,92.692,31.517,35.038,26.137
ANT,Mercedes,15.0,0 days 00:01:32.902000,0 days 00:00:31.430000,0 days 00:00:35.278000,0 days 00:00:26.194000,nan,,,,,1,4.0,False,2025,Miami,R,92.902,31.43,35.278,26.194
ANT,Mercedes,16.0,0 days 00:01:32.878000,0 days 00:00:31.309000,0 days 00:00:35.422000,0 days 00:00:26.147000,nan,,,,,1,4.0,False,2025,Miami,R,92.878,31.309,35.422,26.147
ANT,Mercedes,17.0,0 days 00:01:32.734000,0 days 00:00:31.293000,0 days 00:00:35.355000,0 days 00:00:26.086000,nan,,,,,1,4.0,False,2025,Miami,R,92.734,31.293,35.355,26.086
ANT,Mercedes,18.0,0 days 00:01:33.014000,0 days 00:00:31.471000,0 days 00:00:35.380000,0 days 00:00:26.163000,nan,,,,,1,4.0,False,2025,Miami,R,93.014,31.471,35.38,26.163
ANT,Mercedes,19.0,0 days 00:01:33.113000,0 days 00:00:31.459000,0 days 00:00:35.432000,0 days 00:00:26.222000,nan,,,,,1,4.0,False,2025,Miami,R,93.113,31.459,35.432,26.222
ANT,Mercedes,20.0,0 days 00:01:32.901000,0 days 00:00:31.358000,0 days 00:00:35.385000,0 days 00:00:26.158000,nan,,,,,1,4.0,False,2025,Miami,R,92.901,31.358,35.385,26.158
ANT,Mercedes,21.0,0 days 00:01:32.781000,0 days 00:00:31.343000,0 days 00:00:35.340000,0 days 00:00:26.098000,nan,,,,,1,4.0,False,2025,Miami,R,92.781,31.343,35.34,26.098
ANT,Mercedes,22.0,0 days 00:01:32.710000,0 days 00:00:31.278000,0 days 00:00:35.325000,0 days 00:00:26.107000,nan,,,,,1,4.0,False,2025,Miami,R,92.71,31.278,35.325,26.107
ANT,Mercedes,23.0,0 days 00:01:32.400000,0 days 00:00:31.140000,0 days 00:00:35.288000,0 days 00:00:25.972000,nan,,,,,1,4.0,False,2025,Miami,R,92.4,31.14,35.288,25.972
ANT,Mercedes,24.0,0 days 00:01:32.500000,0 days 00:00:31.171000,0 days 00:00:35.258000,0 days 00:00:26.071000,nan,,,,,1,4.0,False,2025,Miami,R,92.5,31.171,35.258,26.071
ANT,Mercedes,25.0,0 days 00:01:37.258000,0 days 00:00:31.087000,0 days 00:00:35.379000,0 days 00:00:30.792000,MEDIUM,1.0,1.0,0 days 01:36:51.811000,,1,6.0,False,2025,Miami,R,97.258,31.087,35.379,30.792
ANT,Mercedes,26.0,0 days 00:01:48.147000,0 days 00:00:47.764000,0 days 00:00:34.639000,0 days 00:00:25.744000,MEDIUM,2.0,1.0,,0 days 01:37:16.241000,1,9.0,False,2025,Miami,R,108.147,47.764,34.639,25.744
ANT,Mercedes,27.0,0 days 00:01:30.795000,0 days 00:00:30.265000,0 days 00:00:34.701000,0 days 00:00:25.829000,MEDIUM,3.0,1.0,,,1,8.0,False,2025,Miami,R,90.795,30.265,34.701,25.829
ANT,Mercedes,28.0,0 days 00:01:37.710000,0 days 00:00:30.580000,0 days 00:00:34.995000,0 days 00:00:32.135000,MEDIUM,4.0,1.0,,,16,7.0,False,2025,Miami,R,97.71,30.58,34.995,32.135
ANT,Mercedes,29.0,0 days 00:02:04.850000,0 days 00:00:41.317000,0 days 00:00:48.906000,0 days 00:00:34.627000,MEDIUM,5.0,1.0,,,671,6.0,False,2025,Miami,R,124.85,41.317,48.906,34.627
ANT,Mercedes,30.0,0 days 00:01:31.786000,0 days 00:00:31.088000,0 days 00:00:34.695000,0 days 00:00:26.003000,MEDIUM,6.0,1.0,,,1,5.0,False,2025,Miami,R,91.786,31.088,34.695,26.003
ANT,Mercedes,31.0,0 days 00:01:32.717000,0 days 00:00:31.783000,0 days 00:00:35.070000,0 days 00:00:25.864000,MEDIUM,7.0,1.0,,,1,6.0,False,2025,Miami,R,92.717,31.783,35.07,25.864
ANT,Mercedes,32.0,0 days 00:01:31.967000,0 days 00:00:30.998000,0 days 00:00:34.980000,0 days 00:00:25.989000,MEDIUM,8.0,1.0,,,1,6.0,False,2025,Miami,R,91.967,30.998,34.98,25.989
ANT,Mercedes,33.0,0 days 00:01:59.776000,0 days 00:00:41.226000,0 days 00:00:48.688000,0 days 00:00:29.862000,HARD,1.0,2.0,,,167,6.0,False,2025,Miami,R,119.776,41.226,48.688,29.862
ANT,Mercedes,34.0,0 days 00:01:30.845000,0 days 00:00:30.434000,0 days 00:00:34.608000,0 days 00:00:25.803000,HARD,2.0,2.0,,,1,6.0,False,2025,Miami,R,90.845,30.434,34.608,25.803
ANT,Mercedes,35.0,0 days 00:01:30.807000,0 days 00:00:30.328000,0 days 00:00:34.762000,0 days 00:00:25.717000,HARD,3.0,2.0,,,1,6.0,False,2025,Miami,R,90.807,30.328,34.762,25.717
ANT,Mercedes,36.0,0 days 00:01:30.948000,0 days 00:00:30.419000,0 days 00:00:34.798000,0 days 00:00:25.731000,HARD,4.0,2.0,,,1,6.0,False,2025,Miami,R,90.948,30.419,34.798,25.731
ANT,Mercedes,37.0,0 days 00:01:31.352000,0 days 00:00:30.445000,0 days 00:00:35.032000,0 days 00:00:25.875000,HARD,5.0,2.0,,,1,6.0,False,2025,Miami,R,91.352,30.445,35.032,25.875
ANT,Mercedes,38.0,0 days 00:01:31.086000,0 days 00:00:30.413000,0 days 00:00:34.804000,0 days 00:00:25.869000,HARD,6.0,2.0,,,1,6.0,False,2025,Miami,R,91.086,30.413,34.804,25.869
ANT,Mercedes,39.0,0 days 00:01:31.188000,0 days 00:00:30.440000,0 days 00:00:34.900000,0 days 00:00:25.848000,HARD,7.0,2.0,,,1,6.0,False,2025,Miami,R,91.188,30.44,34.9,25.848
ANT,Mercedes,40.0,0 days 00:01:31.288000,0 days 00:00:30.505000,0 days 00:00:34.965000,0 days 00:00:25.818000,HARD,8.0,2.0,,,1,6.0,False,2025,Miami,R,91.288,30.505,34.965,25.818
ANT,Mercedes,41.0,0 days 00:01:31.725000,0 days 00:00:30.567000,0 days 00:00:35.269000,0 days 00:00:25.889000,HARD,9.0,2.0,,,1,6.0,False,2025,Miami,R,91.725,30.567,35.269,25.889
ANT,Mercedes,42.0,0 days 00:01:31.580000,0 days 00:00:30.706000,0 days 00:00:34.998000,0 days 00:00:25.876000,HARD,10.0,2.0,,,1,6.0,False,2025,Miami,R,91.58,30.706,34.998,25.876
ANT,Mercedes,43.0,0 days 00:01:31.616000,0 days 00:00:30.666000,0 days 00:00:35.119000,0 days 00:00:25.831000,HARD,11.0,2.0,,,1,6.0,False,2025,Miami,R,91.616,30.666,35.119,25.831
ANT,Mercedes,44.0,0 days 00:01:31.187000,0 days 00:00:30.470000,0 days 00:00:34.892000,0 days 00:00:25.825000,HARD,12.0,2.0,,,1,6.0,False,2025,Miami,R,91.187,30.47,34.892,25.825
ANT,Mercedes,45.0,0 days 00:01:31.426000,0 days 00:00:30.583000,0 days 00:00:35.017000,0 days 00:00:25.826000,HARD,13.0,2.0,,,1,6.0,False,2025,Miami,R,91.426,30.583,35.017,25.826
ANT,Mercedes,46.0,0 days 00:01:31.572000,0 days 00:00:30.799000,0 days 00:00:34.933000,0 days 00:00:25.840000,HARD,14.0,2.0,,,1,6.0,False,2025,Miami,R,91.572,30.799,34.933,25.84
ANT,Mercedes,47.0,0 days 00:01:31.375000,0 days 00:00:30.588000,0 days 00:00:34.941000,0 days 00:00:25.846000,HARD,15.0,2.0,,,1,6.0,False,2025,Miami,R,91.375,30.588,34.941,25.846
ANT,Mercedes,48.0,0 days 00:01:31.072000,0 days 00:00:30.452000,0 days 00:00:34.925000,0 days 00:00:25.695000,HARD,16.0,2.0,,,1,6.0,False,2025,Miami,R,91.072,30.452,34.925,25.695
ANT,Mercedes,49.0,0 days 00:01:31.131000,0 days 00:00:30.554000,0 days 00:00:34.819000,0 days 00:00:25.758000,HARD,17.0,2.0,,,1,6.0,False,2025,Miami,R,91.131,30.554,34.819,25.758
ANT,Mercedes,50.0,0 days 00:01:30.946000,0 days 00:00:30.369000,0 days 00:00:34.815000,0 days 00:00:25.762000,HARD,18.0,2.0,,,1,6.0,False,2025,Miami,R,90.946,30.369,34.815,25.762
ANT,Mercedes,51.0,0 days 00:01:30.965000,0 days 00:00:30.366000,0 days 00:00:34.841000,0 days 00:00:25.758000,HARD,19.0,2.0,,,1,6.0,False,2025,Miami,R,90.965,30.366,34.841,25.758
ANT,Mercedes,52.0,0 days 00:01:30.973000,0 days 00:00:30.432000,0 days 00:00:34.726000,0 days 00:00:25.815000,HARD,20.0,2.0,,,1,6.0,False,2025,Miami,R,90.973,30.432,34.726,25.815
ANT,Mercedes,53.0,0 days 00:01:30.988000,0 days 00:00:30.307000,0 days 00:00:34.885000,0 days 00:00:25.796000,HARD,21.0,2.0,,,1,6.0,False,2025,Miami,R,90.988,30.307,34.885,25.796
ANT,Mercedes,54.0,0 days 00:01:30.912000,0 days 00:00:30.244000,0 days 00:00:34.894000,0 days 00:00:25.774000,HARD,22.0,2.0,,,1,6.0,False,2025,Miami,R,90.912,30.244,34.894,25.774
ANT,Mercedes,55.0,0 days 00:01:30.829000,0 days 00:00:30.274000,0 days 00:00:34.846000,0 days 00:00:25.709000,HARD,23.0,2.0,,,1,6.0,False,2025,Miami,R,90.829,30.274,34.846,25.709
ANT,Mercedes,56.0,0 days 00:01:30.937000,0 days 00:00:30.270000,0 days 00:00:34.893000,0 days 00:00:25.774000,HARD,24.0,2.0,,,1,6.0,False,2025,Miami,R,90.937,30.27,34.893,25.774
ANT,Mercedes,57.0,0 days 00:01:30.999000,0 days 00:00:30.299000,0 days 00:00:34.955000,0 days 00:00:25.745000,HARD,25.0,2.0,,,1,6.0,False,2025,Miami,R,90.999,30.299,34.955,25.745
ALO,Aston Martin,1.0,0 days 00:01:44.913000,,0 days 00:00:37.633000,0 days 00:00:26.346000,nan,,,,,12,17.0,False,2025,Miami,R,104.913,,37.633,26.346
ALO,Aston Martin,2.0,0 days 00:02:05.043000,0 days 00:00:32.457000,0 days 00:01:03.523000,0 days 00:00:29.063000,nan,,,,,126,17.0,False,2025,Miami,R,125.043,32.457,63.523,29.063
ALO,Aston Martin,3.0,0 days 00:01:55.758000,0 days 00:00:35.791000,0 days 00:00:53.954000,0 days 00:00:26.013000,nan,,,,,671,17.0,False,2025,Miami,R,115.758,35.791,53.954,26.013
ALO,Aston Martin,4.0,0 days 00:01:33.693000,0 days 00:00:32.222000,0 days 00:00:35.543000,0 days 00:00:25.928000,nan,,,,,1,17.0,False,2025,Miami,R,93.693,32.222,35.543,25.928
ALO,Aston Martin,5.0,0 days 00:01:34.064000,0 days 00:00:32.409000,0 days 00:00:35.579000,0 days 00:00:26.076000,nan,,,,,1,17.0,False,2025,Miami,R,94.064,32.409,35.579,26.076
ALO,Aston Martin,6.0,0 days 00:01:33.695000,0 days 00:00:32.251000,0 days 00:00:35.443000,0 days 00:00:26.001000,nan,,,,,1,17.0,False,2025,Miami,R,93.695,32.251,35.443,26.001
ALO,Aston Martin,7.0,0 days 00:01:33.485000,0 days 00:00:31.820000,0 days 00:00:35.669000,0 days 00:00:25.996000,nan,,,,,1,17.0,False,2025,Miami,R,93.485,31.82,35.669,25.996
ALO,Aston Martin,8.0,0 days 00:01:33.387000,0 days 00:00:31.809000,0 days 00:00:35.579000,0 days 00:00:25.999000,nan,,,,,1,17.0,False,2025,Miami,R,93.387,31.809,35.579,25.999
ALO,Aston Martin,9.0,0 days 00:01:41.044000,0 days 00:00:31.805000,0 days 00:00:42.854000,0 days 00:00:26.385000,nan,,,,,1,18.0,False,2025,Miami,R,101.044,31.805,42.854,26.385
ALO,Aston Martin,10.0,0 days 00:01:33.184000,0 days 00:00:31.537000,0 days 00:00:35.478000,0 days 00:00:26.169000,nan,,,,,1,18.0,False,2025,Miami,R,93.184,31.537,35.478,26.169
ALO,Aston Martin,11.0,0 days 00:01:33.184000,0 days 00:00:31.676000,0 days 00:00:35.344000,0 days 00:00:26.164000,nan,,,,,1,18.0,False,2025,Miami,R,93.184,31.676,35.344,26.164
ALO,Aston Martin,12.0,0 days 00:01:32.548000,0 days 00:00:31.205000,0 days 00:00:35.279000,0 days 00:00:26.064000,nan,,,,,1,18.0,False,2025,Miami,R,92.548,31.205,35.279,26.064
ALO,Aston Martin,13.0,0 days 00:01:32.982000,0 days 00:00:31.419000,0 days 00:00:35.581000,0 days 00:00:25.982000,nan,,,,,1,18.0,False,2025,Miami,R,92.982,31.419,35.581,25.982
ALO,Aston Martin,14.0,0 days 00:01:33.132000,0 days 00:00:31.609000,0 days 00:00:35.511000,0 days 00:00:26.012000,nan,,,,,1,18.0,False,2025,Miami,R,93.132,31.609,35.511,26.012
ALO,Aston Martin,15.0,0 days 00:01:33.290000,0 days 00:00:31.480000,0 days 00:00:35.713000,0 days 00:00:26.097000,nan,,,,,1,18.0,False,2025,Miami,R,93.29,31.48,35.713,26.097
ALO,Aston Martin,16.0,0 days 00:01:33.246000,0 days 00:00:31.532000,0 days 00:00:35.611000,0 days 00:00:26.103000,nan,,,,,1,18.0,False,2025,Miami,R,93.246,31.532,35.611,26.103
ALO,Aston Martin,17.0,0 days 00:01:33.477000,0 days 00:00:31.542000,0 days 00:00:35.794000,0 days 00:00:26.141000,nan,,,,,1,18.0,False,2025,Miami,R,93.477,31.542,35.794,26.141
ALO,Aston Martin,18.0,0 days 00:01:33.313000,0 days 00:00:31.564000,0 days 00:00:35.553000,0 days 00:00:26.196000,nan,,,,,1,18.0,False,2025,Miami,R,93.313,31.564,35.553,26.196
ALO,Aston Martin,19.0,0 days 00:01:33.239000,0 days 00:00:31.475000,0 days 00:00:35.621000,0 days 00:00:26.143000,nan,,,,,1,18.0,False,2025,Miami,R,93.239,31.475,35.621,26.143
ALO,Aston Martin,20.0,0 days 00:01:33.190000,0 days 00:00:31.547000,0 days 00:00:35.599000,0 days 00:00:26.044000,nan,,,,,1,16.0,False,2025,Miami,R,93.19,31.547,35.599,26.044
ALO,Aston Martin,21.0,0 days 00:01:33.521000,0 days 00:00:31.508000,0 days 00:00:35.756000,0 days 00:00:26.257000,nan,,,,,1,16.0,False,2025,Miami,R,93.521,31.508,35.756,26.257
ALO,Aston Martin,22.0,0 days 00:01:33.504000,0 days 00:00:31.747000,0 days 00:00:35.670000,0 days 00:00:26.087000,nan,,,,,1,16.0,False,2025,Miami,R,93.504,31.747,35.67,26.087
ALO,Aston Martin,23.0,0 days 00:01:33.461000,0 days 00:00:31.632000,0 days 00:00:35.739000,0 days 00:00:26.090000,nan,,,,,1,15.0,False,2025,Miami,R,93.461,31.632,35.739,26.09
ALO,Aston Martin,24.0,0 days 00:01:33.165000,0 days 00:00:31.426000,0 days 00:00:35.647000,0 days 00:00:26.092000,HARD,2.0,1.0,,,1,14.0,False,2025,Miami,R,93.165,31.426,35.647,26.092
ALO,Aston Martin,25.0,0 days 00:01:33.268000,0 days 00:00:31.345000,0 days 00:00:35.905000,0 days 00:00:26.018000,HARD,3.0,1.0,,,1,14.0,False,2025,Miami,R,93.268,31.345,35.905,26.018
ALO,Aston Martin,26.0,0 days 00:01:33.205000,0 days 00:00:31.499000,0 days 00:00:35.652000,0 days 00:00:26.054000,HARD,4.0,1.0,,,1,14.0,False,2025,Miami,R,93.205,31.499,35.652,26.054
ALO,Aston Martin,27.0,0 days 00:01:33.003000,0 days 00:00:31.393000,0 days 00:00:35.491000,0 days 00:00:26.119000,HARD,5.0,1.0,,,1,14.0,False,2025,Miami,R,93.003,31.393,35.491,26.119
ALO,Aston Martin,28.0,0 days 00:01:48.651000,0 days 00:00:31.661000,0 days 00:00:35.910000,0 days 00:00:41.080000,HARD,6.0,1.0,0 days 01:42:11.888000,,16,15.0,False,2025,Miami,R,108.651,31.661,35.91,41.08
ALO,Aston Martin,29.0,0 days 00:02:08.730000,0 days 00:00:54.730000,0 days 00:00:46.459000,0 days 00:00:27.541000,HARD,7.0,1.0,,0 days 01:42:35.377000,671,16.0,False,2025,Miami,R,128.73,54.73,46.459,27.541
ALO,Aston Martin,30.0,0 days 00:01:32.823000,0 days 00:00:31.384000,0 days 00:00:35.288000,0 days 00:00:26.151000,HARD,8.0,1.0,,,1,15.0,False,2025,Miami,R,92.823,31.384,35.288,26.151
ALO,Aston Martin,31.0,0 days 00:01:32.855000,0 days 00:00:31.093000,0 days 00:00:35.535000,0 days 00:00:26.227000,HARD,9.0,1.0,,,1,15.0,False,2025,Miami,R,92.855,31.093,35.535,26.227
ALO,Aston Martin,32.0,0 days 00:01:41.254000,0 days 00:00:31.173000,0 days 00:00:35.618000,0 days 00:00:34.463000,HARD,10.0,1.0,,,16,15.0,False,2025,Miami,R,101.254,31.173,35.618,34.463
ALO,Aston Martin,33.0,0 days 00:01:51.086000,0 days 00:00:44.621000,0 days 00:00:40.490000,0 days 00:00:25.975000,MEDIUM,2.0,2.0,,,671,15.0,False,2025,Miami,R,111.086,44.621,40.49,25.975
ALO,Aston Martin,34.0,0 days 00:01:32.364000,0 days 00:00:30.901000,0 days 00:00:35.435000,0 days 00:00:26.028000,MEDIUM,3.0,2.0,,,1,15.0,False,2025,Miami,R,92.364,30.901,35.435,26.028
ALO,Aston Martin,35.0,0 days 00:01:32.440000,0 days 00:00:31.068000,0 days 00:00:35.361000,0 days 00:00:26.011000,MEDIUM,4.0,2.0,,,1,15.0,False,2025,Miami,R,92.44,31.068,35.361,26.011
ALO,Aston Martin,36.0,0 days 00:01:32.227000,0 days 00:00:30.976000,0 days 00:00:35.239000,0 days 00:00:26.012000,MEDIUM,5.0,2.0,,,1,15.0,False,2025,Miami,R,92.227,30.976,35.239,26.012
ALO,Aston Martin,37.0,0 days 00:01:32.641000,0 days 00:00:30.952000,0 days 00:00:35.816000,0 days 00:00:25.873000,MEDIUM,6.0,2.0,,,1,15.0,False,2025,Miami,R,92.641,30.952,35.816,25.873
ALO,Aston Martin,38.0,0 days 00:01:31.287000,0 days 00:00:30.523000,0 days 00:00:34.918000,0 days 00:00:25.846000,MEDIUM,7.0,2.0,,,1,15.0,False,2025,Miami,R,91.287,30.523,34.918,25.846
ALO,Aston Martin,39.0,0 days 00:01:32.011000,0 days 00:00:30.683000,0 days 00:00:35.400000,0 days 00:00:25.928000,MEDIUM,8.0,2.0,,,1,15.0,False,2025,Miami,R,92.011,30.683,35.4,25.928
ALO,Aston Martin,40.0,0 days 00:01:32.077000,0 days 00:00:30.915000,0 days 00:00:35.247000,0 days 00:00:25.915000,MEDIUM,9.0,2.0,,,1,15.0,False,2025,Miami,R,92.077,30.915,35.247,25.915
ALO,Aston Martin,41.0,0 days 00:01:32.121000,0 days 00:00:30.866000,0 days 00:00:35.326000,0 days 00:00:25.929000,MEDIUM,10.0,2.0,,,1,15.0,False,2025,Miami,R,92.121,30.866,35.326,25.929
ALO,Aston Martin,42.0,0 days 00:01:32.246000,0 days 00:00:30.961000,0 days 00:00:35.254000,0 days 00:00:26.031000,MEDIUM,11.0,2.0,,,1,15.0,False,2025,Miami,R,92.246,30.961,35.254,26.031
ALO,Aston Martin,43.0,0 days 00:01:31.947000,0 days 00:00:30.795000,0 days 00:00:35.212000,0 days 00:00:25.940000,MEDIUM,12.0,2.0,,,1,15.0,False,2025,Miami,R,91.947,30.795,35.212,25.94
ALO,Aston Martin,44.0,0 days 00:01:31.960000,0 days 00:00:30.765000,0 days 00:00:35.301000,0 days 00:00:25.894000,MEDIUM,13.0,2.0,,,1,15.0,False,2025,Miami,R,91.96,30.765,35.301,25.894
ALO,Aston Martin,45.0,0 days 00:01:31.928000,0 days 00:00:30.700000,0 days 00:00:35.244000,0 days 00:00:25.984000,MEDIUM,14.0,2.0,,,1,15.0,False,2025,Miami,R,91.928,30.7,35.244,25.984
ALO,Aston Martin,46.0,0 days 00:01:32.259000,0 days 00:00:30.830000,0 days 00:00:35.400000,0 days 00:00:26.029000,MEDIUM,15.0,2.0,,,1,15.0,False,2025,Miami,R,92.259,30.83,35.4,26.029
ALO,Aston Martin,47.0,0 days 00:01:33.466000,0 days 00:00:31.184000,0 days 00:00:36.583000,0 days 00:00:25.699000,MEDIUM,16.0,2.0,,,1,15.0,False,2025,Miami,R,93.466,31.184,36.583,25.699
ALO,Aston Martin,48.0,0 days 00:01:32.556000,0 days 00:00:31.047000,0 days 00:00:35.421000,0 days 00:00:26.088000,MEDIUM,17.0,2.0,,,1,15.0,False,2025,Miami,R,92.556,31.047,35.421,26.088
ALO,Aston Martin,49.0,0 days 00:01:33.964000,0 days 00:00:32.266000,0 days 00:00:35.606000,0 days 00:00:26.092000,MEDIUM,18.0,2.0,,,1,15.0,False,2025,Miami,R,93.964,32.266,35.606,26.092
ALO,Aston Martin,50.0,0 days 00:01:32.935000,0 days 00:00:31.294000,0 days 00:00:35.470000,0 days 00:00:26.171000,MEDIUM,19.0,2.0,,,1,15.0,False,2025,Miami,R,92.935,31.294,35.47,26.171
ALO,Aston Martin,51.0,0 days 00:01:32.227000,0 days 00:00:30.766000,0 days 00:00:35.640000,0 days 00:00:25.821000,MEDIUM,20.0,2.0,,,1,15.0,False,2025,Miami,R,92.227,30.766,35.64,25.821
ALO,Aston Martin,52.0,0 days 00:01:31.981000,0 days 00:00:30.515000,0 days 00:00:35.392000,0 days 00:00:26.074000,MEDIUM,21.0,2.0,,,1,15.0,False,2025,Miami,R,91.981,30.515,35.392,26.074
ALO,Aston Martin,53.0,0 days 00:01:32.609000,0 days 00:00:30.861000,0 days 00:00:35.644000,0 days 00:00:26.104000,MEDIUM,22.0,2.0,,,1,15.0,False,2025,Miami,R,92.609,30.861,35.644,26.104
ALO,Aston Martin,54.0,0 days 00:01:32.495000,0 days 00:00:30.962000,0 days 00:00:35.546000,0 days 00:00:25.987000,MEDIUM,23.0,2.0,,,1,15.0,False,2025,Miami,R,92.495,30.962,35.546,25.987
ALO,Aston Martin,55.0,0 days 00:01:32.155000,0 days 00:00:30.667000,0 days 00:00:35.489000,0 days 00:00:25.999000,MEDIUM,24.0,2.0,,,1,15.0,False,2025,Miami,R,92.155,30.667,35.489,25.999
ALO,Aston Martin,56.0,0 days 00:01:32.277000,0 days 00:00:30.514000,0 days 00:00:35.569000,0 days 00:00:26.194000,MEDIUM,25.0,2.0,,,1,15.0,False,2025,Miami,R,92.277,30.514,35.569,26.194
LEC,Ferrari,1.0,0 days 00:01:40.561000,,0 days 00:00:35.795000,0 days 00:00:26.379000,nan,,,,,12,8.0,False,2025,Miami,R,100.561,,35.795,26.379
LEC,Ferrari,2.0,0 days 00:01:56.383000,0 days 00:00:32.099000,0 days 00:00:53.059000,0 days 00:00:31.225000,nan,,,,,126,8.0,False,2025,Miami,R,116.383,32.099,53.059,31.225
LEC,Ferrari,3.0,0 days 00:02:01.385000,0 days 00:00:42.759000,0 days 00:00:51.625000,0 days 00:00:27.001000,nan,,,,,671,8.0,False,2025,Miami,R,121.385,42.759,51.625,27.001
LEC,Ferrari,4.0,0 days 00:01:32.763000,0 days 00:00:31.521000,0 days 00:00:35.221000,0 days 00:00:26.021000,nan,,,,,1,8.0,False,2025,Miami,R,92.763,31.521,35.221,26.021
LEC,Ferrari,5.0,0 days 00:01:32.509000,0 days 00:00:31.396000,0 days 00:00:35.250000,0 days 00:00:25.863000,nan,,,,,1,8.0,False,2025,Miami,R,92.509,31.396,35.25,25.863
LEC,Ferrari,6.0,0 days 00:01:33.363000,0 days 00:00:31.854000,0 days 00:00:35.541000,0 days 00:00:25.968000,nan,,,,,1,8.0,False,2025,Miami,R,93.363,31.854,35.541,25.968
LEC,Ferrari,7.0,0 days 00:01:33.047000,0 days 00:00:31.760000,0 days 00:00:35.329000,0 days 00:00:25.958000,nan,,,,,1,8.0,False,2025,Miami,R,93.047,31.76,35.329,25.958
LEC,Ferrari,8.0,0 days 00:01:33.415000,0 days 00:00:31.818000,0 days 00:00:35.555000,0 days 00:00:26.042000,nan,,,,,1,8.0,False,2025,Miami,R,93.415,31.818,35.555,26.042
LEC,Ferrari,9.0,0 days 00:01:33.033000,0 days 00:00:31.803000,0 days 00:00:35.257000,0 days 00:00:25.973000,nan,,,,,1,8.0,False,2025,Miami,R,93.033,31.803,35.257,25.973
LEC,Ferrari,10.0,0 days 00:01:32.850000,0 days 00:00:31.603000,0 days 00:00:35.183000,0 days 00:00:26.064000,nan,,,,,1,8.0,False,2025,Miami,R,92.85,31.603,35.183,26.064
LEC,Ferrari,11.0,0 days 00:01:33.558000,0 days 00:00:31.963000,0 days 00:00:35.429000,0 days 00:00:26.166000,nan,,,,,1,8.0,False,2025,Miami,R,93.558,31.963,35.429,26.166
LEC,Ferrari,12.0,0 days 00:01:33.096000,0 days 00:00:31.792000,0 days 00:00:35.379000,0 days 00:00:25.925000,nan,,,,,1,8.0,False,2025,Miami,R,93.096,31.792,35.379,25.925
LEC,Ferrari,13.0,0 days 00:01:33.112000,0 days 00:00:31.906000,0 days 00:00:35.356000,0 days 00:00:25.850000,nan,,,,,1,8.0,False,2025,Miami,R,93.112,31.906,35.356,25.85
LEC,Ferrari,14.0,0 days 00:01:33.600000,0 days 00:00:32.061000,0 days 00:00:35.511000,0 days 00:00:26.028000,nan,,,,,1,8.0,False,2025,Miami,R,93.6,32.061,35.511,26.028
LEC,Ferrari,15.0,0 days 00:01:33.409000,0 days 00:00:31.873000,0 days 00:00:35.496000,0 days 00:00:26.040000,nan,,,,,1,8.0,False,2025,Miami,R,93.409,31.873,35.496,26.04
LEC,Ferrari,16.0,0 days 00:01:33.207000,0 days 00:00:31.610000,0 days 00:00:35.585000,0 days 00:00:26.012000,nan,,,,,1,8.0,False,2025,Miami,R,93.207,31.61,35.585,26.012
LEC,Ferrari,17.0,0 days 00:01:33.050000,0 days 00:00:31.544000,0 days 00:00:35.455000,0 days 00:00:26.051000,nan,,,,,1,8.0,False,2025,Miami,R,93.05,31.544,35.455,26.051
LEC,Ferrari,18.0,0 days 00:01:33.269000,0 days 00:00:31.559000,0 days 00:00:35.582000,0 days 00:00:26.128000,nan,,,,,1,8.0,False,2025,Miami,R,93.269,31.559,35.582,26.128
LEC,Ferrari,19.0,0 days 00:01:32.610000,0 days 00:00:31.309000,0 days 00:00:35.320000,0 days 00:00:25.981000,nan,,,,,1,8.0,False,2025,Miami,R,92.61,31.309,35.32,25.981
LEC,Ferrari,20.0,0 days 00:01:32.671000,0 days 00:00:31.269000,0 days 00:00:35.348000,0 days 00:00:26.054000,nan,,,,,1,8.0,False,2025,Miami,R,92.671,31.269,35.348,26.054
LEC,Ferrari,21.0,0 days 00:01:32.673000,0 days 00:00:31.281000,0 days 00:00:35.369000,0 days 00:00:26.023000,nan,,,,,1,8.0,False,2025,Miami,R,92.673,31.281,35.369,26.023
LEC,Ferrari,22.0,0 days 00:01:32.735000,0 days 00:00:31.458000,0 days 00:00:35.368000,0 days 00:00:25.909000,nan,,,,,1,8.0,False,2025,Miami,R,92.735,31.458,35.368,25.909
LEC,Ferrari,23.0,0 days 00:01:32.685000,0 days 00:00:31.311000,0 days 00:00:35.390000,0 days 00:00:25.984000,nan,,,,,1,8.0,False,2025,Miami,R,92.685,31.311,35.39,25.984
LEC,Ferrari,24.0,0 days 00:01:32.858000,0 days 00:00:31.549000,0 days 00:00:35.334000,0 days 00:00:25.975000,nan,,,,,1,8.0,False,2025,Miami,R,92.858,31.549,35.334,25.975
LEC,Ferrari,25.0,0 days 00:01:32.417000,0 days 00:00:31.257000,0 days 00:00:35.230000,0 days 00:00:25.930000,MEDIUM,1.0,1.0,,,1,7.0,False,2025,Miami,R,92.417,31.257,35.23,25.93
LEC,Ferrari,26.0,0 days 00:01:32.749000,0 days 00:00:31.250000,0 days 00:00:35.484000,0 days 00:00:26.015000,MEDIUM,2.0,1.0,,,1,6.0,False,2025,Miami,R,92.749,31.25,35.484,26.015
LEC,Ferrari,27.0,0 days 00:01:32.452000,0 days 00:00:30.933000,0 days 00:00:35.514000,0 days 00:00:26.005000,MEDIUM,3.0,1.0,,,1,4.0,False,2025,Miami,R,92.452,30.933,35.514,26.005
LEC,Ferrari,28.0,0 days 00:01:32.228000,0 days 00:00:30.797000,0 days 00:00:35.320000,0 days 00:00:26.111000,MEDIUM,4.0,1.0,,,1,4.0,False,2025,Miami,R,92.228,30.797,35.32,26.111
LEC,Ferrari,29.0,0 days 00:02:11.178000,0 days 00:00:43.777000,0 days 00:00:47.708000,0 days 00:00:39.693000,MEDIUM,5.0,1.0,0 days 01:43:43.052000,,167,4.0,False,2025,Miami,R,131.178,43.777,47.708,39.693
LEC,Ferrari,30.0,0 days 00:01:46.616000,0 days 00:00:45.823000,0 days 00:00:34.730000,0 days 00:00:26.063000,MEDIUM,6.0,1.0,,0 days 01:44:05.210000,71,7.0,False,2025,Miami,R,106.616,45.823,34.73,26.063
LEC,Ferrari,31.0,0 days 00:01:33.623000,0 days 00:00:32.614000,0 days 00:00:35.343000,0 days 00:00:25.666000,MEDIUM,7.0,1.0,,,1,8.0,False,2025,Miami,R,93.623,32.614,35.343,25.666
LEC,Ferrari,32.0,0 days 00:01:31.641000,0 days 00:00:30.948000,0 days 00:00:35.003000,0 days 00:00:25.690000,MEDIUM,8.0,1.0,,,1,8.0,False,2025,Miami,R,91.641,30.948,35.003,25.69
LEC,Ferrari,33.0,0 days 00:02:00.821000,0 days 00:00:44.845000,0 days 00:00:46.837000,0 days 00:00:29.139000,HARD,1.0,2.0,,,167,8.0,False,2025,Miami,R,120.821,44.845,46.837,29.139
LEC,Ferrari,34.0,0 days 00:01:30.813000,0 days 00:00:30.464000,0 days 00:00:34.612000,0 days 00:00:25.737000,HARD,2.0,2.0,,,1,7.0,False,2025,Miami,R,90.813,30.464,34.612,25.737
LEC,Ferrari,35.0,0 days 00:01:30.461000,0 days 00:00:30.054000,0 days 00:00:34.734000,0 days 00:00:25.673000,HARD,3.0,2.0,,,1,7.0,False,2025,Miami,R,90.461,30.054,34.734,25.673
LEC,Ferrari,36.0,0 days 00:01:30.724000,0 days 00:00:30.175000,0 days 00:00:34.855000,0 days 00:00:25.694000,HARD,4.0,2.0,,,1,7.0,False,2025,Miami,R,90.724,30.175,34.855,25.694
LEC,Ferrari,37.0,0 days 00:01:30.970000,0 days 00:00:30.202000,0 days 00:00:35.056000,0 days 00:00:25.712000,HARD,5.0,2.0,,,1,7.0,False,2025,Miami,R,90.97,30.202,35.056,25.712
LEC,Ferrari,38.0,0 days 00:01:32.290000,0 days 00:00:30.344000,0 days 00:00:34.787000,0 days 00:00:27.159000,HARD,6.0,2.0,,,1,8.0,False,2025,Miami,R,92.29,30.344,34.787,27.159
LEC,Ferrari,39.0,0 days 00:01:31.324000,0 days 00:00:30.704000,0 days 00:00:34.818000,0 days 00:00:25.802000,HARD,7.0,2.0,,,1,8.0,False,2025,Miami,R,91.324,30.704,34.818,25.802
LEC,Ferrari,40.0,0 days 00:01:31.022000,0 days 00:00:30.424000,0 days 00:00:34.849000,0 days 00:00:25.749000,HARD,8.0,2.0,,,1,8.0,False,2025,Miami,R,91.022,30.424,34.849,25.749
LEC,Ferrari,41.0,0 days 00:01:31.236000,0 days 00:00:30.428000,0 days 00:00:35.073000,0 days 00:00:25.735000,HARD,9.0,2.0,,,1,8.0,False,2025,Miami,R,91.236,30.428,35.073,25.735
LEC,Ferrari,42.0,0 days 00:01:31.097000,0 days 00:00:30.429000,0 days 00:00:34.928000,0 days 00:00:25.740000,HARD,10.0,2.0,,,1,8.0,False,2025,Miami,R,91.097,30.429,34.928,25.74
LEC,Ferrari,43.0,0 days 00:01:31.258000,0 days 00:00:30.492000,0 days 00:00:35.063000,0 days 00:00:25.703000,HARD,11.0,2.0,,,1,8.0,False,2025,Miami,R,91.258,30.492,35.063,25.703
LEC,Ferrari,44.0,0 days 00:01:31.057000,0 days 00:00:30.566000,0 days 00:00:34.880000,0 days 00:00:25.611000,HARD,12.0,2.0,,,1,8.0,False,2025,Miami,R,91.057,30.566,34.88,25.611
LEC,Ferrari,45.0,0 days 00:01:31.167000,0 days 00:00:30.720000,0 days 00:00:34.900000,0 days 00:00:25.547000,HARD,13.0,2.0,,,1,8.0,False,2025,Miami,R,91.167,30.72,34.9,25.547
LEC,Ferrari,46.0,0 days 00:01:31.334000,0 days 00:00:30.697000,0 days 00:00:34.905000,0 days 00:00:25.732000,HARD,14.0,2.0,,,1,8.0,False,2025,Miami,R,91.334,30.697,34.905,25.732
LEC,Ferrari,47.0,0 days 00:01:30.984000,0 days 00:00:30.639000,0 days 00:00:34.811000,0 days 00:00:25.534000,HARD,15.0,2.0,,,1,8.0,False,2025,Miami,R,90.984,30.639,34.811,25.534
LEC,Ferrari,48.0,0 days 00:01:30.888000,0 days 00:00:30.521000,0 days 00:00:34.863000,0 days 00:00:25.504000,HARD,16.0,2.0,,,1,8.0,False,2025,Miami,R,90.888,30.521,34.863,25.504
LEC,Ferrari,49.0,0 days 00:01:30.849000,0 days 00:00:30.590000,0 days 00:00:34.693000,0 days 00:00:25.566000,HARD,17.0,2.0,,,1,8.0,False,2025,Miami,R,90.849,30.59,34.693,25.566
LEC,Ferrari,50.0,0 days 00:01:30.828000,0 days 00:00:30.526000,0 days 00:00:34.723000,0 days 00:00:25.579000,HARD,18.0,2.0,,,1,8.0,False,2025,Miami,R,90.828,30.526,34.723,25.579
LEC,Ferrari,51.0,0 days 00:01:30.557000,0 days 00:00:30.401000,0 days 00:00:34.687000,0 days 00:00:25.469000,HARD,19.0,2.0,,,1,8.0,False,2025,Miami,R,90.557,30.401,34.687,25.469
LEC,Ferrari,52.0,0 days 00:01:30.975000,0 days 00:00:30.591000,0 days 00:00:34.634000,0 days 00:00:25.750000,HARD,20.0,2.0,,,1,7.0,False,2025,Miami,R,90.975,30.591,34.634,25.75
LEC,Ferrari,53.0,0 days 00:01:30.551000,0 days 00:00:30.220000,0 days 00:00:34.669000,0 days 00:00:25.662000,HARD,21.0,2.0,,,1,7.0,False,2025,Miami,R,90.551,30.22,34.669,25.662
LEC,Ferrari,54.0,0 days 00:01:30.496000,0 days 00:00:30.082000,0 days 00:00:34.705000,0 days 00:00:25.709000,HARD,22.0,2.0,,,1,7.0,False,2025,Miami,R,90.496,30.082,34.705,25.709
LEC,Ferrari,55.0,0 days 00:01:30.601000,0 days 00:00:30.247000,0 days 00:00:34.695000,0 days 00:00:25.659000,HARD,23.0,2.0,,,1,7.0,False,2025,Miami,R,90.601,30.247,34.695,25.659
LEC,Ferrari,56.0,0 days 00:01:30.707000,0 days 00:00:30.247000,0 days 00:00:34.852000,0 days 00:00:25.608000,HARD,24.0,2.0,,,1,7.0,False,2025,Miami,R,90.707,30.247,34.852,25.608
LEC,Ferrari,57.0,0 days 00:01:30.867000,0 days 00:00:30.330000,0 days 00:00:34.819000,0 days 00:00:25.718000,HARD,25.0,2.0,,,1,7.0,False,2025,Miami,R,90.867,30.33,34.819,25.718
STR,Aston Martin,1.0,0 days 00:01:43.734000,,0 days 00:00:37.280000,0 days 00:00:26.235000,nan,,,,,12,15.0,False,2025,Miami,R,103.734,,37.28,26.235
STR,Aston Martin,2.0,0 days 00:02:04.499000,0 days 00:00:32.845000,0 days 00:01:02.080000,0 days 00:00:29.574000,nan,,,,,126,15.0,False,2025,Miami,R,124.499,32.845,62.08,29.574
STR,Aston Martin,3.0,0 days 00:01:56.297000,0 days 00:00:36.570000,0 days 00:00:53.665000,0 days 00:00:26.062000,nan,,,,,671,15.0,False,2025,Miami,R,116.297,36.57,53.665,26.062
STR,Aston Martin,4.0,0 days 00:01:33.892000,0 days 00:00:32.362000,0 days 00:00:35.610000,0 days 00:00:25.920000,nan,,,,,1,15.0,False,2025,Miami,R,93.892,32.362,35.61,25.92
STR,Aston Martin,5.0,0 days 00:01:33.896000,0 days 00:00:32.508000,0 days 00:00:35.392000,0 days 00:00:25.996000,nan,,,,,1,15.0,False,2025,Miami,R,93.896,32.508,35.392,25.996
STR,Aston Martin,6.0,0 days 00:01:33.212000,0 days 00:00:32.027000,0 days 00:00:35.215000,0 days 00:00:25.970000,nan,,,,,1,15.0,False,2025,Miami,R,93.212,32.027,35.215,25.97
STR,Aston Martin,7.0,0 days 00:01:33.581000,0 days 00:00:32.133000,0 days 00:00:35.454000,0 days 00:00:25.994000,nan,,,,,1,15.0,False,2025,Miami,R,93.581,32.133,35.454,25.994
STR,Aston Martin,8.0,0 days 00:01:33.469000,0 days 00:00:32.180000,0 days 00:00:35.421000,0 days 00:00:25.868000,nan,,,,,1,15.0,False,2025,Miami,R,93.469,32.18,35.421,25.868
STR,Aston Martin,9.0,0 days 00:01:33.621000,0 days 00:00:32.171000,0 days 00:00:35.537000,0 days 00:00:25.913000,nan,,,,,1,15.0,False,2025,Miami,R,93.621,32.171,35.537,25.913
STR,Aston Martin,10.0,0 days 00:01:33.843000,0 days 00:00:32.089000,0 days 00:00:35.679000,0 days 00:00:26.075000,nan,,,,,1,15.0,False,2025,Miami,R,93.843,32.089,35.679,26.075
STR,Aston Martin,11.0,0 days 00:01:33.678000,0 days 00:00:31.916000,0 days 00:00:35.630000,0 days 00:00:26.132000,nan,,,,,1,15.0,False,2025,Miami,R,93.678,31.916,35.63,26.132
STR,Aston Martin,12.0,0 days 00:01:33.547000,0 days 00:00:31.869000,0 days 00:00:35.611000,0 days 00:00:26.067000,nan,,,,,1,15.0,False,2025,Miami,R,93.547,31.869,35.611,26.067
STR,Aston Martin,13.0,0 days 00:01:33.825000,0 days 00:00:31.973000,0 days 00:00:35.739000,0 days 00:00:26.113000,nan,,,,,1,15.0,False,2025,Miami,R,93.825,31.973,35.739,26.113
STR,Aston Martin,14.0,0 days 00:01:34.221000,0 days 00:00:32.510000,0 days 00:00:35.684000,0 days 00:00:26.027000,nan,,,,,1,15.0,False,2025,Miami,R,94.221,32.51,35.684,26.027
STR,Aston Martin,15.0,0 days 00:01:33.694000,0 days 00:00:31.788000,0 days 00:00:35.830000,0 days 00:00:26.076000,nan,,,,,1,15.0,False,2025,Miami,R,93.694,31.788,35.83,26.076
STR,Aston Martin,16.0,0 days 00:01:33.913000,0 days 00:00:31.910000,0 days 00:00:35.885000,0 days 00:00:26.118000,nan,,,,,1,15.0,False,2025,Miami,R,93.913,31.91,35.885,26.118
STR,Aston Martin,17.0,0 days 00:01:33.859000,0 days 00:00:31.916000,0 days 00:00:35.766000,0 days 00:00:26.177000,nan,,,,,1,15.0,False,2025,Miami,R,93.859,31.916,35.766,26.177
STR,Aston Martin,18.0,0 days 00:01:33.590000,0 days 00:00:31.739000,0 days 00:00:35.710000,0 days 00:00:26.141000,nan,,,,,1,15.0,False,2025,Miami,R,93.59,31.739,35.71,26.141
STR,Aston Martin,19.0,0 days 00:01:33.545000,0 days 00:00:31.732000,0 days 00:00:35.665000,0 days 00:00:26.148000,nan,,,,,1,14.0,False,2025,Miami,R,93.545,31.732,35.665,26.148
STR,Aston Martin,20.0,0 days 00:01:38.388000,0 days 00:00:31.624000,0 days 00:00:35.727000,0 days 00:00:31.037000,nan,,,0 days 01:29:32.515000,,1,17.0,False,2025,Miami,R,98.388,31.624,35.727,31.037
STR,Aston Martin,21.0,0 days 00:01:46.462000,0 days 00:00:45.373000,0 days 00:00:35.015000,0 days 00:00:26.074000,nan,,,,0 days 01:29:54.798000,1,18.0,False,2025,Miami,R,106.462,45.373,35.015,26.074
STR,Aston Martin,22.0,0 days 00:01:32.538000,0 days 00:00:31.285000,0 days 00:00:35.302000,0 days 00:00:25.951000,nan,,,,,1,18.0,False,2025,Miami,R,92.538,31.285,35.302,25.951
STR,Aston Martin,23.0,0 days 00:01:33.019000,0 days 00:00:31.521000,0 days 00:00:35.513000,0 days 00:00:25.985000,nan,,,,,1,18.0,False,2025,Miami,R,93.019,31.521,35.513,25.985
STR,Aston Martin,24.0,0 days 00:01:33.004000,0 days 00:00:31.567000,0 days 00:00:35.468000,0 days 00:00:25.969000,HARD,2.0,1.0,,,1,18.0,False,2025,Miami,R,93.004,31.567,35.468,25.969
STR,Aston Martin,25.0,0 days 00:01:32.687000,0 days 00:00:31.244000,0 days 00:00:35.442000,0 days 00:00:26.001000,HARD,3.0,1.0,,,1,18.0,False,2025,Miami,R,92.687,31.244,35.442,26.001
STR,Aston Martin,26.0,0 days 00:01:32.634000,0 days 00:00:31.202000,0 days 00:00:35.415000,0 days 00:00:26.017000,HARD,4.0,1.0,,,1,18.0,False,2025,Miami,R,92.634,31.202,35.415,26.017
STR,Aston Martin,27.0,0 days 00:01:32.527000,0 days 00:00:31.211000,0 days 00:00:35.419000,0 days 00:00:25.897000,HARD,5.0,1.0,,,1,18.0,False,2025,Miami,R,92.527,31.211,35.419,25.897
STR,Aston Martin,28.0,0 days 00:01:46.250000,0 days 00:00:31.420000,0 days 00:00:39.053000,0 days 00:00:35.777000,HARD,6.0,1.0,,,16,17.0,False,2025,Miami,R,106.25,31.42,39.053,35.777
STR,Aston Martin,29.0,0 days 00:02:00.032000,0 days 00:00:44.474000,0 days 00:00:46.296000,0 days 00:00:29.262000,HARD,7.0,1.0,,,671,17.0,False,2025,Miami,R,120.032,44.474,46.296,29.262
STR,Aston Martin,30.0,0 days 00:01:32.804000,0 days 00:00:31.734000,0 days 00:00:35.314000,0 days 00:00:25.756000,HARD,8.0,1.0,,,1,16.0,False,2025,Miami,R,92.804,31.734,35.314,25.756
STR,Aston Martin,31.0,0 days 00:01:32.974000,0 days 00:00:31.577000,0 days 00:00:35.502000,0 days 00:00:25.895000,HARD,9.0,1.0,,,1,16.0,False,2025,Miami,R,92.974,31.577,35.502,25.895
STR,Aston Martin,32.0,0 days 00:01:42.783000,0 days 00:00:31.388000,0 days 00:00:35.492000,0 days 00:00:35.903000,HARD,10.0,1.0,,,16,16.0,False,2025,Miami,R,102.783,31.388,35.492,35.903
STR,Aston Martin,33.0,0 days 00:01:49.780000,0 days 00:00:43.702000,0 days 00:00:40.379000,0 days 00:00:25.699000,HARD,11.0,1.0,,,671,16.0,False,2025,Miami,R,109.78,43.702,40.379,25.699
STR,Aston Martin,34.0,0 days 00:01:32.189000,0 days 00:00:31.113000,0 days 00:00:35.247000,0 days 00:00:25.829000,HARD,12.0,1.0,,,1,16.0,False,2025,Miami,R,92.189,31.113,35.247,25.829
STR,Aston Martin,35.0,0 days 00:01:32.333000,0 days 00:00:31.166000,0 days 00:00:35.359000,0 days 00:00:25.808000,HARD,13.0,1.0,,,1,16.0,False,2025,Miami,R,92.333,31.166,35.359,25.808
STR,Aston Martin,36.0,0 days 00:01:32.387000,0 days 00:00:31.246000,0 days 00:00:35.371000,0 days 00:00:25.770000,HARD,14.0,1.0,,,1,16.0,False,2025,Miami,R,92.387,31.246,35.371,25.77
STR,Aston Martin,37.0,0 days 00:01:32.999000,0 days 00:00:31.521000,0 days 00:00:35.542000,0 days 00:00:25.936000,HARD,15.0,1.0,,,1,16.0,False,2025,Miami,R,92.999,31.521,35.542,25.936
STR,Aston Martin,38.0,0 days 00:01:32.298000,0 days 00:00:31.097000,0 days 00:00:35.313000,0 days 00:00:25.888000,HARD,16.0,1.0,,,1,16.0,False,2025,Miami,R,92.298,31.097,35.313,25.888
STR,Aston Martin,39.0,0 days 00:01:32.237000,0 days 00:00:31.137000,0 days 00:00:35.294000,0 days 00:00:25.806000,HARD,17.0,1.0,,,1,16.0,False,2025,Miami,R,92.237,31.137,35.294,25.806
STR,Aston Martin,40.0,0 days 00:01:32.166000,0 days 00:00:31.006000,0 days 00:00:35.298000,0 days 00:00:25.862000,HARD,18.0,1.0,,,1,16.0,False,2025,Miami,R,92.166,31.006,35.298,25.862
STR,Aston Martin,41.0,0 days 00:01:32.181000,0 days 00:00:30.826000,0 days 00:00:35.433000,0 days 00:00:25.922000,HARD,19.0,1.0,,,1,16.0,False,2025,Miami,R,92.181,30.826,35.433,25.922
STR,Aston Martin,42.0,0 days 00:01:32.205000,0 days 00:00:30.958000,0 days 00:00:35.404000,0 days 00:00:25.843000,HARD,20.0,1.0,,,1,16.0,False,2025,Miami,R,92.205,30.958,35.404,25.843
STR,Aston Martin,43.0,0 days 00:01:32.190000,0 days 00:00:30.872000,0 days 00:00:35.445000,0 days 00:00:25.873000,HARD,21.0,1.0,,,1,16.0,False,2025,Miami,R,92.19,30.872,35.445,25.873
STR,Aston Martin,44.0,0 days 00:01:32.353000,0 days 00:00:30.960000,0 days 00:00:35.482000,0 days 00:00:25.911000,HARD,22.0,1.0,,,1,16.0,False,2025,Miami,R,92.353,30.96,35.482,25.911
STR,Aston Martin,45.0,0 days 00:01:34.538000,0 days 00:00:30.858000,0 days 00:00:37.703000,0 days 00:00:25.977000,HARD,23.0,1.0,,,1,16.0,False,2025,Miami,R,94.538,30.858,37.703,25.977
STR,Aston Martin,46.0,0 days 00:01:34.595000,0 days 00:00:31.272000,0 days 00:00:37.368000,0 days 00:00:25.955000,HARD,24.0,1.0,,,1,16.0,False,2025,Miami,R,94.595,31.272,37.368,25.955
STR,Aston Martin,47.0,0 days 00:01:32.662000,0 days 00:00:31.273000,0 days 00:00:35.385000,0 days 00:00:26.004000,HARD,25.0,1.0,,,1,16.0,False,2025,Miami,R,92.662,31.273,35.385,26.004
STR,Aston Martin,48.0,0 days 00:01:32.521000,0 days 00:00:31.012000,0 days 00:00:35.535000,0 days 00:00:25.974000,HARD,26.0,1.0,,,1,16.0,False,2025,Miami,R,92.521,31.012,35.535,25.974
STR,Aston Martin,49.0,0 days 00:01:32.044000,0 days 00:00:30.825000,0 days 00:00:35.340000,0 days 00:00:25.879000,HARD,27.0,1.0,,,1,16.0,False,2025,Miami,R,92.044,30.825,35.34,25.879
STR,Aston Martin,50.0,0 days 00:01:31.769000,0 days 00:00:30.626000,0 days 00:00:35.285000,0 days 00:00:25.858000,HARD,28.0,1.0,,,1,16.0,False,2025,Miami,R,91.769,30.626,35.285,25.858
STR,Aston Martin,51.0,0 days 00:01:32.029000,0 days 00:00:30.804000,0 days 00:00:35.360000,0 days 00:00:25.865000,HARD,29.0,1.0,,,1,16.0,False,2025,Miami,R,92.029,30.804,35.36,25.865
STR,Aston Martin,52.0,0 days 00:01:32.280000,0 days 00:00:30.962000,0 days 00:00:35.380000,0 days 00:00:25.938000,HARD,30.0,1.0,,,1,16.0,False,2025,Miami,R,92.28,30.962,35.38,25.938
STR,Aston Martin,53.0,0 days 00:01:32.266000,0 days 00:00:30.827000,0 days 00:00:35.573000,0 days 00:00:25.866000,HARD,31.0,1.0,,,1,16.0,False,2025,Miami,R,92.266,30.827,35.573,25.866
STR,Aston Martin,54.0,0 days 00:01:32.186000,0 days 00:00:30.798000,0 days 00:00:35.470000,0 days 00:00:25.918000,HARD,32.0,1.0,,,1,16.0,False,2025,Miami,R,92.186,30.798,35.47,25.918
STR,Aston Martin,55.0,0 days 00:01:32.076000,0 days 00:00:30.832000,0 days 00:00:35.344000,0 days 00:00:25.900000,HARD,33.0,1.0,,,1,16.0,False,2025,Miami,R,92.076,30.832,35.344,25.9
STR,Aston Martin,56.0,0 days 00:01:32.447000,0 days 00:00:30.903000,0 days 00:00:35.616000,0 days 00:00:25.928000,HARD,34.0,1.0,,,1,16.0,False,2025,Miami,R,92.447,30.903,35.616,25.928
TSU,Red Bull Racing,1.0,0 days 00:01:41.207000,,0 days 00:00:36.127000,0 days 00:00:26.369000,nan,,,,,12,9.0,False,2025,Miami,R,101.207,,36.127,26.369
TSU,Red Bull Racing,2.0,0 days 00:01:56.508000,0 days 00:00:32.103000,0 days 00:00:53.872000,0 days 00:00:30.533000,nan,,,,,126,9.0,False,2025,Miami,R,116.508,32.103,53.872,30.533
TSU,Red Bull Racing,3.0,0 days 00:02:01.976000,0 days 00:00:42.639000,0 days 00:00:52.260000,0 days 00:00:27.077000,nan,,,,,671,9.0,False,2025,Miami,R,121.976,42.639,52.26,27.077
TSU,Red Bull Racing,4.0,0 days 00:01:32.955000,0 days 00:00:31.511000,0 days 00:00:35.372000,0 days 00:00:26.072000,nan,,,,,1,9.0,False,2025,Miami,R,92.955,31.511,35.372,26.072
TSU,Red Bull Racing,5.0,0 days 00:01:32.945000,0 days 00:00:31.408000,0 days 00:00:35.372000,0 days 00:00:26.165000,nan,,,,,1,9.0,False,2025,Miami,R,92.945,31.408,35.372,26.165
TSU,Red Bull Racing,6.0,0 days 00:01:33.036000,0 days 00:00:31.403000,0 days 00:00:35.445000,0 days 00:00:26.188000,nan,,,,,1,9.0,False,2025,Miami,R,93.036,31.403,35.445,26.188
TSU,Red Bull Racing,7.0,0 days 00:01:33.076000,0 days 00:00:31.509000,0 days 00:00:35.381000,0 days 00:00:26.186000,nan,,,,,1,9.0,False,2025,Miami,R,93.076,31.509,35.381,26.186
TSU,Red Bull Racing,8.0,0 days 00:01:33.187000,0 days 00:00:31.606000,0 days 00:00:35.479000,0 days 00:00:26.102000,nan,,,,,1,9.0,False,2025,Miami,R,93.187,31.606,35.479,26.102
TSU,Red Bull Racing,9.0,0 days 00:01:33.272000,0 days 00:00:31.673000,0 days 00:00:35.403000,0 days 00:00:26.196000,nan,,,,,1,9.0,False,2025,Miami,R,93.272,31.673,35.403,26.196
TSU,Red Bull Racing,10.0,0 days 00:01:33.145000,0 days 00:00:31.513000,0 days 00:00:35.497000,0 days 00:00:26.135000,nan,,,,,1,9.0,False,2025,Miami,R,93.145,31.513,35.497,26.135
TSU,Red Bull Racing,11.0,0 days 00:01:33.219000,0 days 00:00:31.689000,0 days 00:00:35.284000,0 days 00:00:26.246000,nan,,,,,1,9.0,False,2025,Miami,R,93.219,31.689,35.284,26.246
TSU,Red Bull Racing,12.0,0 days 00:01:33.239000,0 days 00:00:31.587000,0 days 00:00:35.518000,0 days 00:00:26.134000,nan,,,,,1,9.0,False,2025,Miami,R,93.239,31.587,35.518,26.134
TSU,Red Bull Racing,13.0,0 days 00:01:33.225000,0 days 00:00:31.659000,0 days 00:00:35.405000,0 days 00:00:26.161000,nan,,,,,1,9.0,False,2025,Miami,R,93.225,31.659,35.405,26.161
TSU,Red Bull Racing,14.0,0 days 00:01:33.105000,0 days 00:00:31.561000,0 days 00:00:35.455000,0 days 00:00:26.089000,nan,,,,,1,9.0,False,2025,Miami,R,93.105,31.561,35.455,26.089
TSU,Red Bull Racing,15.0,0 days 00:01:33.489000,0 days 00:00:31.669000,0 days 00:00:35.611000,0 days 00:00:26.209000,nan,,,,,1,9.0,False,2025,Miami,R,93.489,31.669,35.611,26.209
TSU,Red Bull Racing,16.0,0 days 00:01:33.366000,0 days 00:00:31.553000,0 days 00:00:35.641000,0 days 00:00:26.172000,nan,,,,,1,9.0,False,2025,Miami,R,93.366,31.553,35.641,26.172
TSU,Red Bull Racing,17.0,0 days 00:01:33.213000,0 days 00:00:31.513000,0 days 00:00:35.543000,0 days 00:00:26.157000,nan,,,,,1,9.0,False,2025,Miami,R,93.213,31.513,35.543,26.157
TSU,Red Bull Racing,18.0,0 days 00:01:33.325000,0 days 00:00:31.456000,0 days 00:00:35.615000,0 days 00:00:26.254000,nan,,,,,1,9.0,False,2025,Miami,R,93.325,31.456,35.615,26.254
TSU,Red Bull Racing,19.0,0 days 00:01:33.148000,0 days 00:00:31.417000,0 days 00:00:35.568000,0 days 00:00:26.163000,nan,,,,,1,9.0,False,2025,Miami,R,93.148,31.417,35.568,26.163
TSU,Red Bull Racing,20.0,0 days 00:01:33.150000,0 days 00:00:31.377000,0 days 00:00:35.574000,0 days 00:00:26.199000,nan,,,,,1,9.0,False,2025,Miami,R,93.15,31.377,35.574,26.199
TSU,Red Bull Racing,21.0,0 days 00:01:32.758000,0 days 00:00:31.276000,0 days 00:00:35.279000,0 days 00:00:26.203000,nan,,,,,1,9.0,False,2025,Miami,R,92.758,31.276,35.279,26.203
TSU,Red Bull Racing,22.0,0 days 00:01:32.829000,0 days 00:00:31.310000,0 days 00:00:35.430000,0 days 00:00:26.089000,nan,,,,,1,9.0,False,2025,Miami,R,92.829,31.31,35.43,26.089
TSU,Red Bull Racing,23.0,0 days 00:01:32.855000,0 days 00:00:31.225000,0 days 00:00:35.525000,0 days 00:00:26.105000,nan,,,,,1,9.0,False,2025,Miami,R,92.855,31.225,35.525,26.105
TSU,Red Bull Racing,24.0,0 days 00:01:32.673000,0 days 00:00:31.228000,0 days 00:00:35.372000,0 days 00:00:26.073000,nan,,,,,1,9.0,False,2025,Miami,R,92.673,31.228,35.372,26.073
TSU,Red Bull Racing,25.0,0 days 00:01:32.528000,0 days 00:00:31.146000,0 days 00:00:35.305000,0 days 00:00:26.077000,MEDIUM,1.0,1.0,,,1,8.0,False,2025,Miami,R,92.528,31.146,35.305,26.077
TSU,Red Bull Racing,26.0,0 days 00:01:32.634000,0 days 00:00:31.154000,0 days 00:00:35.409000,0 days 00:00:26.071000,MEDIUM,2.0,1.0,,,1,7.0,False,2025,Miami,R,92.634,31.154,35.409,26.071
TSU,Red Bull Racing,27.0,0 days 00:01:37.380000,0 days 00:00:31.062000,0 days 00:00:35.401000,0 days 00:00:30.917000,MEDIUM,3.0,1.0,0 days 01:40:07.133000,,1,6.0,False,2025,Miami,R,97.38,31.062,35.401,30.917
TSU,Red Bull Racing,28.0,0 days 00:01:55.106000,0 days 00:00:45.702000,0 days 00:00:34.836000,0 days 00:00:34.568000,MEDIUM,4.0,1.0,,0 days 01:40:29.714000,16,12.0,False,2025,Miami,R,115.106,45.702,34.836,34.568
TSU,Red Bull Racing,29.0,0 days 00:02:02.748000,0 days 00:00:43.617000,0 days 00:00:48.077000,0 days 00:00:31.054000,MEDIUM,5.0,1.0,,,671,12.0,False,2025,Miami,R,122.748,43.617,48.077,31.054
TSU,Red Bull Racing,30.0,0 days 00:01:31.531000,0 days 00:00:30.941000,0 days 00:00:34.736000,0 days 00:00:25.854000,MEDIUM,6.0,1.0,,,1,11.0,False,2025,Miami,R,91.531,30.941,34.736,25.854
TSU,Red Bull Racing,31.0,0 days 00:01:31.698000,0 days 00:00:30.683000,0 days 00:00:35.089000,0 days 00:00:25.926000,MEDIUM,7.0,1.0,,,1,11.0,False,2025,Miami,R,91.698,30.683,35.089,25.926
TSU,Red Bull Racing,32.0,0 days 00:01:33.002000,0 days 00:00:30.963000,0 days 00:00:35.276000,0 days 00:00:26.763000,MEDIUM,8.0,1.0,,,16,11.0,False,2025,Miami,R,93.002,30.963,35.276,26.763
TSU,Red Bull Racing,33.0,0 days 00:01:58.586000,0 days 00:00:44.726000,0 days 00:00:47.845000,0 days 00:00:26.015000,HARD,1.0,2.0,,,671,11.0,False,2025,Miami,R,118.586,44.726,47.845,26.015
TSU,Red Bull Racing,34.0,0 days 00:01:31.393000,0 days 00:00:30.662000,0 days 00:00:34.789000,0 days 00:00:25.942000,HARD,2.0,2.0,,,1,10.0,False,2025,Miami,R,91.393,30.662,34.789,25.942
TSU,Red Bull Racing,35.0,0 days 00:01:31.410000,0 days 00:00:30.560000,0 days 00:00:35.073000,0 days 00:00:25.777000,HARD,3.0,2.0,,,1,10.0,False,2025,Miami,R,91.41,30.56,35.073,25.777
TSU,Red Bull Racing,36.0,0 days 00:01:31.287000,0 days 00:00:30.321000,0 days 00:00:35.081000,0 days 00:00:25.885000,HARD,4.0,2.0,,,1,10.0,False,2025,Miami,R,91.287,30.321,35.081,25.885
TSU,Red Bull Racing,37.0,0 days 00:01:31.495000,0 days 00:00:30.453000,0 days 00:00:35.141000,0 days 00:00:25.901000,HARD,5.0,2.0,,,1,10.0,False,2025,Miami,R,91.495,30.453,35.141,25.901
TSU,Red Bull Racing,38.0,0 days 00:01:31.199000,0 days 00:00:30.437000,0 days 00:00:34.822000,0 days 00:00:25.940000,HARD,6.0,2.0,,,1,10.0,False,2025,Miami,R,91.199,30.437,34.822,25.94
TSU,Red Bull Racing,39.0,0 days 00:01:31.557000,0 days 00:00:30.522000,0 days 00:00:35.088000,0 days 00:00:25.947000,HARD,7.0,2.0,,,1,10.0,False,2025,Miami,R,91.557,30.522,35.088,25.947
TSU,Red Bull Racing,40.0,0 days 00:01:31.328000,0 days 00:00:30.407000,0 days 00:00:35.011000,0 days 00:00:25.910000,HARD,8.0,2.0,,,1,10.0,False,2025,Miami,R,91.328,30.407,35.011,25.91
TSU,Red Bull Racing,41.0,0 days 00:01:31.345000,0 days 00:00:30.323000,0 days 00:00:35.129000,0 days 00:00:25.893000,HARD,9.0,2.0,,,1,10.0,False,2025,Miami,R,91.345,30.323,35.129,25.893
TSU,Red Bull Racing,42.0,0 days 00:01:31.211000,0 days 00:00:30.251000,0 days 00:00:35.126000,0 days 00:00:25.834000,HARD,10.0,2.0,,,1,10.0,False,2025,Miami,R,91.211,30.251,35.126,25.834
TSU,Red Bull Racing,43.0,0 days 00:01:31.229000,0 days 00:00:30.338000,0 days 00:00:34.968000,0 days 00:00:25.923000,HARD,11.0,2.0,,,1,10.0,False,2025,Miami,R,91.229,30.338,34.968,25.923
TSU,Red Bull Racing,44.0,0 days 00:01:31.183000,0 days 00:00:30.312000,0 days 00:00:34.971000,0 days 00:00:25.900000,HARD,12.0,2.0,,,1,10.0,False,2025,Miami,R,91.183,30.312,34.971,25.9
TSU,Red Bull Racing,45.0,0 days 00:01:31.335000,0 days 00:00:30.416000,0 days 00:00:35.029000,0 days 00:00:25.890000,HARD,13.0,2.0,,,1,10.0,False,2025,Miami,R,91.335,30.416,35.029,25.89
TSU,Red Bull Racing,46.0,0 days 00:01:31.427000,0 days 00:00:30.469000,0 days 00:00:35.079000,0 days 00:00:25.879000,HARD,14.0,2.0,,,1,10.0,False,2025,Miami,R,91.427,30.469,35.079,25.879
TSU,Red Bull Racing,47.0,0 days 00:01:31.046000,0 days 00:00:30.342000,0 days 00:00:34.883000,0 days 00:00:25.821000,HARD,15.0,2.0,,,1,10.0,False,2025,Miami,R,91.046,30.342,34.883,25.821
TSU,Red Bull Racing,48.0,0 days 00:01:31.528000,0 days 00:00:30.447000,0 days 00:00:35.184000,0 days 00:00:25.897000,HARD,16.0,2.0,,,1,10.0,False,2025,Miami,R,91.528,30.447,35.184,25.897
TSU,Red Bull Racing,49.0,0 days 00:01:31.131000,0 days 00:00:30.391000,0 days 00:00:34.888000,0 days 00:00:25.852000,HARD,17.0,2.0,,,1,10.0,False,2025,Miami,R,91.131,30.391,34.888,25.852
TSU,Red Bull Racing,50.0,0 days 00:01:31.363000,0 days 00:00:30.423000,0 days 00:00:35.013000,0 days 00:00:25.927000,HARD,18.0,2.0,,,1,10.0,False,2025,Miami,R,91.363,30.423,35.013,25.927
TSU,Red Bull Racing,51.0,0 days 00:01:31.179000,0 days 00:00:30.356000,0 days 00:00:34.944000,0 days 00:00:25.879000,HARD,19.0,2.0,,,1,10.0,False,2025,Miami,R,91.179,30.356,34.944,25.879
TSU,Red Bull Racing,52.0,0 days 00:01:31.237000,0 days 00:00:30.414000,0 days 00:00:34.937000,0 days 00:00:25.886000,HARD,20.0,2.0,,,1,10.0,False,2025,Miami,R,91.237,30.414,34.937,25.886
TSU,Red Bull Racing,53.0,0 days 00:01:31.267000,0 days 00:00:30.364000,0 days 00:00:34.985000,0 days 00:00:25.918000,HARD,21.0,2.0,,,1,10.0,False,2025,Miami,R,91.267,30.364,34.985,25.918
TSU,Red Bull Racing,54.0,0 days 00:01:31.341000,0 days 00:00:30.216000,0 days 00:00:35.221000,0 days 00:00:25.904000,HARD,22.0,2.0,,,1,10.0,False,2025,Miami,R,91.341,30.216,35.221,25.904
TSU,Red Bull Racing,55.0,0 days 00:01:30.964000,0 days 00:00:30.093000,0 days 00:00:34.985000,0 days 00:00:25.886000,HARD,23.0,2.0,,,1,10.0,False,2025,Miami,R,90.964,30.093,34.985,25.886
TSU,Red Bull Racing,56.0,0 days 00:01:31.401000,0 days 00:00:30.300000,0 days 00:00:35.179000,0 days 00:00:25.922000,HARD,24.0,2.0,,,1,10.0,False,2025,Miami,R,91.401,30.3,35.179,25.922
TSU,Red Bull Racing,57.0,0 days 00:01:31.051000,0 days 00:00:30.192000,0 days 00:00:34.980000,0 days 00:00:25.879000,HARD,25.0,2.0,,,1,10.0,False,2025,Miami,R,91.051,30.192,34.98,25.879
ALB,Williams,1.0,0 days 00:01:38.782000,,0 days 00:00:35.605000,0 days 00:00:26.293000,nan,,,,,12,5.0,False,2025,Miami,R,98.782,,35.605,26.293
ALB,Williams,2.0,0 days 00:01:53.640000,0 days 00:00:32.216000,0 days 00:00:48.993000,0 days 00:00:32.431000,nan,,,,,126,5.0,False,2025,Miami,R,113.64,32.216,48.993,32.431
ALB,Williams,3.0,0 days 00:02:03.540000,0 days 00:00:43.407000,0 days 00:00:49.929000,0 days 00:00:30.204000,nan,,,,,671,5.0,False,2025,Miami,R,123.54,43.407,49.929,30.204
ALB,Williams,4.0,0 days 00:01:33.079000,0 days 00:00:31.543000,0 days 00:00:35.543000,0 days 00:00:25.993000,nan,,,,,1,6.0,False,2025,Miami,R,93.079,31.543,35.543,25.993
ALB,Williams,5.0,0 days 00:01:33.836000,0 days 00:00:32.120000,0 days 00:00:35.883000,0 days 00:00:25.833000,nan,,,,,1,7.0,False,2025,Miami,R,93.836,32.12,35.883,25.833
ALB,Williams,6.0,0 days 00:01:33.206000,0 days 00:00:31.905000,0 days 00:00:35.236000,0 days 00:00:26.065000,nan,,,,,1,7.0,False,2025,Miami,R,93.206,31.905,35.236,26.065
ALB,Williams,7.0,0 days 00:01:32.982000,0 days 00:00:31.891000,0 days 00:00:35.159000,0 days 00:00:25.932000,nan,,,,,1,7.0,False,2025,Miami,R,92.982,31.891,35.159,25.932
ALB,Williams,8.0,0 days 00:01:33.117000,0 days 00:00:32.060000,0 days 00:00:35.217000,0 days 00:00:25.840000,nan,,,,,1,7.0,False,2025,Miami,R,93.117,32.06,35.217,25.84
ALB,Williams,9.0,0 days 00:01:33.014000,0 days 00:00:32.176000,0 days 00:00:35.046000,0 days 00:00:25.792000,nan,,,,,1,7.0,False,2025,Miami,R,93.014,32.176,35.046,25.792
ALB,Williams,10.0,0 days 00:01:32.834000,0 days 00:00:31.880000,0 days 00:00:35.097000,0 days 00:00:25.857000,nan,,,,,1,7.0,False,2025,Miami,R,92.834,31.88,35.097,25.857
ALB,Williams,11.0,0 days 00:01:33.569000,0 days 00:00:32.148000,0 days 00:00:35.443000,0 days 00:00:25.978000,nan,,,,,1,7.0,False,2025,Miami,R,93.569,32.148,35.443,25.978
ALB,Williams,12.0,0 days 00:01:33.515000,0 days 00:00:31.922000,0 days 00:00:35.733000,0 days 00:00:25.860000,nan,,,,,1,7.0,False,2025,Miami,R,93.515,31.922,35.733,25.86
ALB,Williams,13.0,0 days 00:01:33.031000,0 days 00:00:31.919000,0 days 00:00:35.226000,0 days 00:00:25.886000,nan,,,,,1,7.0,False,2025,Miami,R,93.031,31.919,35.226,25.886
ALB,Williams,14.0,0 days 00:01:32.701000,0 days 00:00:31.716000,0 days 00:00:35.028000,0 days 00:00:25.957000,nan,,,,,1,6.0,False,2025,Miami,R,92.701,31.716,35.028,25.957
ALB,Williams,15.0,0 days 00:01:32.968000,0 days 00:00:31.753000,0 days 00:00:35.325000,0 days 00:00:25.890000,nan,,,,,1,6.0,False,2025,Miami,R,92.968,31.753,35.325,25.89
ALB,Williams,16.0,0 days 00:01:32.612000,0 days 00:00:31.539000,0 days 00:00:35.106000,0 days 00:00:25.967000,nan,,,,,1,6.0,False,2025,Miami,R,92.612,31.539,35.106,25.967
ALB,Williams,17.0,0 days 00:01:32.506000,0 days 00:00:31.540000,0 days 00:00:35.010000,0 days 00:00:25.956000,nan,,,,,1,6.0,False,2025,Miami,R,92.506,31.54,35.01,25.956
ALB,Williams,18.0,0 days 00:01:32.648000,0 days 00:00:31.453000,0 days 00:00:35.214000,0 days 00:00:25.981000,nan,,,,,1,6.0,False,2025,Miami,R,92.648,31.453,35.214,25.981
ALB,Williams,19.0,0 days 00:01:32.736000,0 days 00:00:31.527000,0 days 00:00:35.204000,0 days 00:00:26.005000,nan,,,,,1,6.0,False,2025,Miami,R,92.736,31.527,35.204,26.005
ALB,Williams,20.0,0 days 00:01:32.601000,0 days 00:00:31.463000,0 days 00:00:35.183000,0 days 00:00:25.955000,nan,,,,,1,6.0,False,2025,Miami,R,92.601,31.463,35.183,25.955
ALB,Williams,21.0,0 days 00:01:32.551000,0 days 00:00:31.463000,0 days 00:00:35.096000,0 days 00:00:25.992000,nan,,,,,1,6.0,False,2025,Miami,R,92.551,31.463,35.096,25.992
ALB,Williams,22.0,0 days 00:01:32.390000,0 days 00:00:31.455000,0 days 00:00:35.143000,0 days 00:00:25.792000,nan,,,,,1,6.0,False,2025,Miami,R,92.39,31.455,35.143,25.792
ALB,Williams,23.0,0 days 00:01:32.397000,0 days 00:00:31.485000,0 days 00:00:35.094000,0 days 00:00:25.818000,nan,,,,,1,6.0,False,2025,Miami,R,92.397,31.485,35.094,25.818
ALB,Williams,24.0,0 days 00:01:32.430000,0 days 00:00:31.406000,0 days 00:00:35.167000,0 days 00:00:25.857000,nan,,,,,1,6.0,False,2025,Miami,R,92.43,31.406,35.167,25.857
ALB,Williams,25.0,0 days 00:01:32.076000,0 days 00:00:31.323000,0 days 00:00:35.056000,0 days 00:00:25.697000,MEDIUM,1.0,1.0,,,1,5.0,False,2025,Miami,R,92.076,31.323,35.056,25.697
ALB,Williams,26.0,0 days 00:01:37.279000,0 days 00:00:31.375000,0 days 00:00:35.200000,0 days 00:00:30.704000,MEDIUM,2.0,1.0,0 days 01:38:26.177000,,1,5.0,False,2025,Miami,R,97.279,31.375,35.2,30.704
ALB,Williams,27.0,0 days 00:01:45.269000,0 days 00:00:45.272000,0 days 00:00:34.516000,0 days 00:00:25.481000,MEDIUM,3.0,1.0,,0 days 01:38:48.149000,1,9.0,False,2025,Miami,R,105.269,45.272,34.516,25.481
ALB,Williams,28.0,0 days 00:01:38.254000,0 days 00:00:30.954000,0 days 00:00:34.782000,0 days 00:00:32.518000,MEDIUM,4.0,1.0,,,16,8.0,False,2025,Miami,R,98.254,30.954,34.782,32.518
ALB,Williams,29.0,0 days 00:02:04.258000,0 days 00:00:41.145000,0 days 00:00:49.050000,0 days 00:00:34.063000,MEDIUM,5.0,1.0,,,671,7.0,False,2025,Miami,R,124.258,41.145,49.05,34.063
ALB,Williams,30.0,0 days 00:01:31.203000,0 days 00:00:31.274000,0 days 00:00:34.422000,0 days 00:00:25.507000,MEDIUM,6.0,1.0,,,1,6.0,False,2025,Miami,R,91.203,31.274,34.422,25.507
ALB,Williams,31.0,0 days 00:01:31.071000,0 days 00:00:30.555000,0 days 00:00:34.786000,0 days 00:00:25.730000,MEDIUM,7.0,1.0,,,1,5.0,False,2025,Miami,R,91.071,30.555,34.786,25.73
ALB,Williams,32.0,0 days 00:01:31.514000,0 days 00:00:30.927000,0 days 00:00:34.703000,0 days 00:00:25.884000,MEDIUM,8.0,1.0,,,1,5.0,False,2025,Miami,R,91.514,30.927,34.703,25.884
ALB,Williams,33.0,0 days 00:01:59.283000,0 days 00:00:41.022000,0 days 00:00:48.222000,0 days 00:00:30.039000,HARD,1.0,2.0,,,167,5.0,False,2025,Miami,R,119.283,41.022,48.222,30.039
ALB,Williams,34.0,0 days 00:01:30.608000,0 days 00:00:30.687000,0 days 00:00:34.381000,0 days 00:00:25.540000,HARD,2.0,2.0,,,1,5.0,False,2025,Miami,R,90.608,30.687,34.381,25.54
ALB,Williams,35.0,0 days 00:01:31.143000,0 days 00:00:30.875000,0 days 00:00:34.679000,0 days 00:00:25.589000,HARD,3.0,2.0,,,1,5.0,False,2025,Miami,R,91.143,30.875,34.679,25.589
ALB,Williams,36.0,0 days 00:01:30.799000,0 days 00:00:30.642000,0 days 00:00:34.531000,0 days 00:00:25.626000,HARD,4.0,2.0,,,1,5.0,False,2025,Miami,R,90.799,30.642,34.531,25.626
ALB,Williams,37.0,0 days 00:01:31.111000,0 days 00:00:30.777000,0 days 00:00:34.680000,0 days 00:00:25.654000,HARD,5.0,2.0,,,1,5.0,False,2025,Miami,R,91.111,30.777,34.68,25.654
ALB,Williams,38.0,0 days 00:01:31.363000,0 days 00:00:30.941000,0 days 00:00:34.730000,0 days 00:00:25.692000,HARD,6.0,2.0,,,1,5.0,False,2025,Miami,R,91.363,30.941,34.73,25.692
ALB,Williams,39.0,0 days 00:01:31.351000,0 days 00:00:30.986000,0 days 00:00:34.745000,0 days 00:00:25.620000,HARD,7.0,2.0,,,1,5.0,False,2025,Miami,R,91.351,30.986,34.745,25.62
ALB,Williams,40.0,0 days 00:01:31.181000,0 days 00:00:30.830000,0 days 00:00:34.690000,0 days 00:00:25.661000,HARD,8.0,2.0,,,1,5.0,False,2025,Miami,R,91.181,30.83,34.69,25.661
ALB,Williams,41.0,0 days 00:01:30.975000,0 days 00:00:30.568000,0 days 00:00:34.751000,0 days 00:00:25.656000,HARD,9.0,2.0,,,1,5.0,False,2025,Miami,R,90.975,30.568,34.751,25.656
ALB,Williams,42.0,0 days 00:01:31.389000,0 days 00:00:30.812000,0 days 00:00:34.851000,0 days 00:00:25.726000,HARD,10.0,2.0,,,1,5.0,False,2025,Miami,R,91.389,30.812,34.851,25.726
ALB,Williams,43.0,0 days 00:01:31.172000,0 days 00:00:30.767000,0 days 00:00:34.727000,0 days 00:00:25.678000,HARD,11.0,2.0,,,1,5.0,False,2025,Miami,R,91.172,30.767,34.727,25.678
ALB,Williams,44.0,0 days 00:01:31.169000,0 days 00:00:30.661000,0 days 00:00:34.798000,0 days 00:00:25.710000,HARD,12.0,2.0,,,1,5.0,False,2025,Miami,R,91.169,30.661,34.798,25.71
ALB,Williams,45.0,0 days 00:01:31.122000,0 days 00:00:30.691000,0 days 00:00:34.776000,0 days 00:00:25.655000,HARD,13.0,2.0,,,1,5.0,False,2025,Miami,R,91.122,30.691,34.776,25.655
ALB,Williams,46.0,0 days 00:01:31.073000,0 days 00:00:30.741000,0 days 00:00:34.674000,0 days 00:00:25.658000,HARD,14.0,2.0,,,1,5.0,False,2025,Miami,R,91.073,30.741,34.674,25.658
ALB,Williams,47.0,0 days 00:01:31.012000,0 days 00:00:30.633000,0 days 00:00:34.729000,0 days 00:00:25.650000,HARD,15.0,2.0,,,1,5.0,False,2025,Miami,R,91.012,30.633,34.729,25.65
ALB,Williams,48.0,0 days 00:01:31.055000,0 days 00:00:30.742000,0 days 00:00:34.680000,0 days 00:00:25.633000,HARD,16.0,2.0,,,1,5.0,False,2025,Miami,R,91.055,30.742,34.68,25.633
ALB,Williams,49.0,0 days 00:01:30.839000,0 days 00:00:30.546000,0 days 00:00:34.655000,0 days 00:00:25.638000,HARD,17.0,2.0,,,1,5.0,False,2025,Miami,R,90.839,30.546,34.655,25.638
ALB,Williams,50.0,0 days 00:01:30.950000,0 days 00:00:30.514000,0 days 00:00:34.738000,0 days 00:00:25.698000,HARD,18.0,2.0,,,1,5.0,False,2025,Miami,R,90.95,30.514,34.738,25.698
ALB,Williams,51.0,0 days 00:01:30.687000,0 days 00:00:30.422000,0 days 00:00:34.613000,0 days 00:00:25.652000,HARD,19.0,2.0,,,1,5.0,False,2025,Miami,R,90.687,30.422,34.613,25.652
ALB,Williams,52.0,0 days 00:01:30.684000,0 days 00:00:30.417000,0 days 00:00:34.641000,0 days 00:00:25.626000,HARD,20.0,2.0,,,1,5.0,False,2025,Miami,R,90.684,30.417,34.641,25.626
ALB,Williams,53.0,0 days 00:01:30.688000,0 days 00:00:30.313000,0 days 00:00:34.679000,0 days 00:00:25.696000,HARD,21.0,2.0,,,1,5.0,False,2025,Miami,R,90.688,30.313,34.679,25.696
ALB,Williams,54.0,0 days 00:01:30.657000,0 days 00:00:30.261000,0 days 00:00:34.689000,0 days 00:00:25.707000,HARD,22.0,2.0,,,1,5.0,False,2025,Miami,R,90.657,30.261,34.689,25.707
ALB,Williams,55.0,0 days 00:01:30.482000,0 days 00:00:30.251000,0 days 00:00:34.618000,0 days 00:00:25.613000,HARD,23.0,2.0,,,1,5.0,False,2025,Miami,R,90.482,30.251,34.618,25.613
ALB,Williams,56.0,0 days 00:01:30.675000,0 days 00:00:30.296000,0 days 00:00:34.711000,0 days 00:00:25.668000,HARD,24.0,2.0,,,1,5.0,False,2025,Miami,R,90.675,30.296,34.711,25.668
ALB,Williams,57.0,0 days 00:01:30.577000,0 days 00:00:30.351000,0 days 00:00:34.636000,0 days 00:00:25.590000,HARD,25.0,2.0,,,1,5.0,False,2025,Miami,R,90.577,30.351,34.636,25.59
HUL,Kick Sauber,1.0,0 days 00:01:43.306000,,0 days 00:00:36.996000,0 days 00:00:26.299000,nan,,,,,12,14.0,False,2025,Miami,R,103.306,,36.996,26.299
HUL,Kick Sauber,2.0,0 days 00:02:02.663000,0 days 00:00:32.766000,0 days 00:01:00.624000,0 days 00:00:29.273000,nan,,,,,126,14.0,False,2025,Miami,R,122.663,32.766,60.624,29.273
HUL,Kick Sauber,3.0,0 days 00:01:57.784000,0 days 00:00:37.866000,0 days 00:00:53.282000,0 days 00:00:26.636000,nan,,,,,671,14.0,False,2025,Miami,R,117.784,37.866,53.282,26.636
HUL,Kick Sauber,4.0,0 days 00:01:34.181000,0 days 00:00:32.495000,0 days 00:00:35.648000,0 days 00:00:26.038000,nan,,,,,1,14.0,False,2025,Miami,R,94.181,32.495,35.648,26.038
HUL,Kick Sauber,5.0,0 days 00:01:33.552000,0 days 00:00:32.235000,0 days 00:00:35.377000,0 days 00:00:25.940000,nan,,,,,1,14.0,False,2025,Miami,R,93.552,32.235,35.377,25.94
HUL,Kick Sauber,6.0,0 days 00:01:33.311000,0 days 00:00:32.076000,0 days 00:00:35.188000,0 days 00:00:26.047000,nan,,,,,1,14.0,False,2025,Miami,R,93.311,32.076,35.188,26.047
HUL,Kick Sauber,7.0,0 days 00:01:33.576000,0 days 00:00:32.092000,0 days 00:00:35.514000,0 days 00:00:25.970000,nan,,,,,1,14.0,False,2025,Miami,R,93.576,32.092,35.514,25.97
HUL,Kick Sauber,8.0,0 days 00:01:33.415000,0 days 00:00:31.998000,0 days 00:00:35.479000,0 days 00:00:25.938000,nan,,,,,1,14.0,False,2025,Miami,R,93.415,31.998,35.479,25.938
HUL,Kick Sauber,9.0,0 days 00:01:33.517000,0 days 00:00:32.159000,0 days 00:00:35.446000,0 days 00:00:25.912000,nan,,,,,1,14.0,False,2025,Miami,R,93.517,32.159,35.446,25.912
HUL,Kick Sauber,10.0,0 days 00:01:33.584000,0 days 00:00:31.835000,0 days 00:00:35.718000,0 days 00:00:26.031000,nan,,,,,1,14.0,False,2025,Miami,R,93.584,31.835,35.718,26.031
HUL,Kick Sauber,11.0,0 days 00:01:33.736000,0 days 00:00:32.010000,0 days 00:00:35.546000,0 days 00:00:26.180000,nan,,,,,1,14.0,False,2025,Miami,R,93.736,32.01,35.546,26.18
HUL,Kick Sauber,12.0,0 days 00:01:33.441000,0 days 00:00:31.804000,0 days 00:00:35.570000,0 days 00:00:26.067000,nan,,,,,1,14.0,False,2025,Miami,R,93.441,31.804,35.57,26.067
HUL,Kick Sauber,13.0,0 days 00:01:33.390000,0 days 00:00:31.796000,0 days 00:00:35.576000,0 days 00:00:26.018000,nan,,,,,1,14.0,False,2025,Miami,R,93.39,31.796,35.576,26.018
HUL,Kick Sauber,14.0,0 days 00:01:33.560000,0 days 00:00:31.951000,0 days 00:00:35.547000,0 days 00:00:26.062000,nan,,,,,1,14.0,False,2025,Miami,R,93.56,31.951,35.547,26.062
HUL,Kick Sauber,15.0,0 days 00:01:33.743000,0 days 00:00:31.753000,0 days 00:00:35.896000,0 days 00:00:26.094000,nan,,,,,1,14.0,False,2025,Miami,R,93.743,31.753,35.896,26.094
HUL,Kick Sauber,16.0,0 days 00:01:33.591000,0 days 00:00:31.715000,0 days 00:00:35.790000,0 days 00:00:26.086000,nan,,,,,1,14.0,False,2025,Miami,R,93.591,31.715,35.79,26.086
HUL,Kick Sauber,17.0,0 days 00:01:33.607000,0 days 00:00:31.594000,0 days 00:00:35.837000,0 days 00:00:26.176000,nan,,,,,1,14.0,False,2025,Miami,R,93.607,31.594,35.837,26.176
HUL,Kick Sauber,18.0,0 days 00:01:33.621000,0 days 00:00:31.695000,0 days 00:00:35.760000,0 days 00:00:26.166000,nan,,,,,1,14.0,False,2025,Miami,R,93.621,31.695,35.76,26.166
HUL,Kick Sauber,19.0,0 days 00:01:33.461000,0 days 00:00:31.627000,0 days 00:00:35.748000,0 days 00:00:26.086000,nan,,,,,1,13.0,False,2025,Miami,R,93.461,31.627,35.748,26.086
HUL,Kick Sauber,20.0,0 days 00:01:33.252000,0 days 00:00:31.396000,0 days 00:00:35.712000,0 days 00:00:26.144000,nan,,,,,1,13.0,False,2025,Miami,R,93.252,31.396,35.712,26.144
HUL,Kick Sauber,21.0,0 days 00:01:33.282000,0 days 00:00:31.265000,0 days 00:00:35.793000,0 days 00:00:26.224000,nan,,,,,1,13.0,False,2025,Miami,R,93.282,31.265,35.793,26.224
HUL,Kick Sauber,22.0,0 days 00:01:33.272000,0 days 00:00:31.530000,0 days 00:00:35.622000,0 days 00:00:26.120000,nan,,,,,1,12.0,False,2025,Miami,R,93.272,31.53,35.622,26.12
HUL,Kick Sauber,23.0,0 days 00:01:32.881000,0 days 00:00:31.219000,0 days 00:00:35.599000,0 days 00:00:26.063000,nan,,,,,1,12.0,False,2025,Miami,R,92.881,31.219,35.599,26.063
HUL,Kick Sauber,24.0,0 days 00:01:32.738000,0 days 00:00:31.105000,0 days 00:00:35.571000,0 days 00:00:26.062000,HARD,1.0,1.0,,,1,11.0,False,2025,Miami,R,92.738,31.105,35.571,26.062
HUL,Kick Sauber,25.0,0 days 00:01:32.441000,0 days 00:00:30.960000,0 days 00:00:35.396000,0 days 00:00:26.085000,HARD,2.0,1.0,,,1,11.0,False,2025,Miami,R,92.441,30.96,35.396,26.085
HUL,Kick Sauber,26.0,0 days 00:01:33.266000,0 days 00:00:31.525000,0 days 00:00:35.681000,0 days 00:00:26.060000,HARD,3.0,1.0,,,1,10.0,False,2025,Miami,R,93.266,31.525,35.681,26.06
HUL,Kick Sauber,27.0,0 days 00:01:33.274000,0 days 00:00:31.208000,0 days 00:00:35.594000,0 days 00:00:26.472000,HARD,4.0,1.0,,,1,11.0,False,2025,Miami,R,93.274,31.208,35.594,26.472
HUL,Kick Sauber,28.0,0 days 00:01:40.580000,0 days 00:00:31.546000,0 days 00:00:36.009000,0 days 00:00:33.025000,HARD,5.0,1.0,,,16,10.0,False,2025,Miami,R,100.58,31.546,36.009,33.025
HUL,Kick Sauber,29.0,0 days 00:02:05.176000,0 days 00:00:42.876000,0 days 00:00:48.592000,0 days 00:00:33.708000,HARD,6.0,1.0,,,671,9.0,False,2025,Miami,R,125.176,42.876,48.592,33.708
HUL,Kick Sauber,30.0,0 days 00:01:32.735000,0 days 00:00:31.198000,0 days 00:00:35.297000,0 days 00:00:26.240000,HARD,7.0,1.0,,,1,10.0,False,2025,Miami,R,92.735,31.198,35.297,26.24
HUL,Kick Sauber,31.0,0 days 00:01:33.128000,0 days 00:00:31.392000,0 days 00:00:35.612000,0 days 00:00:26.124000,HARD,8.0,1.0,,,1,10.0,False,2025,Miami,R,93.128,31.392,35.612,26.124
HUL,Kick Sauber,32.0,0 days 00:01:33.230000,0 days 00:00:31.055000,0 days 00:00:35.449000,0 days 00:00:26.726000,HARD,9.0,1.0,,,16,10.0,False,2025,Miami,R,93.23,31.055,35.449,26.726
HUL,Kick Sauber,33.0,0 days 00:01:59.066000,0 days 00:00:44.793000,0 days 00:00:48.031000,0 days 00:00:26.242000,HARD,10.0,1.0,,,671,10.0,False,2025,Miami,R,119.066,44.793,48.031,26.242
HUL,Kick Sauber,34.0,0 days 00:01:32.815000,0 days 00:00:30.873000,0 days 00:00:36.171000,0 days 00:00:25.771000,HARD,11.0,1.0,,,1,11.0,False,2025,Miami,R,92.815,30.873,36.171,25.771
HUL,Kick Sauber,35.0,0 days 00:01:32.655000,0 days 00:00:31.142000,0 days 00:00:35.500000,0 days 00:00:26.013000,HARD,12.0,1.0,,,1,11.0,False,2025,Miami,R,92.655,31.142,35.5,26.013
HUL,Kick Sauber,36.0,0 days 00:01:37.202000,0 days 00:00:30.827000,0 days 00:00:35.547000,0 days 00:00:30.828000,HARD,13.0,1.0,0 days 01:55:22.202000,,1,13.0,False,2025,Miami,R,97.202,30.827,35.547,30.828
HUL,Kick Sauber,37.0,0 days 00:01:44.964000,0 days 00:00:44.767000,0 days 00:00:34.361000,0 days 00:00:25.836000,MEDIUM,1.0,2.0,,0 days 01:55:44.362000,1,14.0,False,2025,Miami,R,104.964,44.767,34.361,25.836
HUL,Kick Sauber,38.0,0 days 00:01:31.365000,0 days 00:00:30.697000,0 days 00:00:34.786000,0 days 00:00:25.882000,MEDIUM,2.0,2.0,,,1,14.0,False,2025,Miami,R,91.365,30.697,34.786,25.882
HUL,Kick Sauber,39.0,0 days 00:01:31.044000,0 days 00:00:30.339000,0 days 00:00:34.890000,0 days 00:00:25.815000,MEDIUM,3.0,2.0,,,1,14.0,False,2025,Miami,R,91.044,30.339,34.89,25.815
HUL,Kick Sauber,40.0,0 days 00:01:31.491000,0 days 00:00:30.629000,0 days 00:00:34.948000,0 days 00:00:25.914000,MEDIUM,4.0,2.0,,,1,14.0,False,2025,Miami,R,91.491,30.629,34.948,25.914
HUL,Kick Sauber,41.0,0 days 00:01:31.203000,0 days 00:00:30.408000,0 days 00:00:34.943000,0 days 00:00:25.852000,MEDIUM,5.0,2.0,,,1,14.0,False,2025,Miami,R,91.203,30.408,34.943,25.852
HUL,Kick Sauber,42.0,0 days 00:01:31.330000,0 days 00:00:30.305000,0 days 00:00:35.125000,0 days 00:00:25.900000,MEDIUM,6.0,2.0,,,1,14.0,False,2025,Miami,R,91.33,30.305,35.125,25.9
HUL,Kick Sauber,43.0,0 days 00:01:31.015000,0 days 00:00:30.364000,0 days 00:00:34.814000,0 days 00:00:25.837000,MEDIUM,7.0,2.0,,,1,14.0,False,2025,Miami,R,91.015,30.364,34.814,25.837
HUL,Kick Sauber,44.0,0 days 00:01:31.108000,0 days 00:00:30.305000,0 days 00:00:34.946000,0 days 00:00:25.857000,MEDIUM,8.0,2.0,,,1,14.0,False,2025,Miami,R,91.108,30.305,34.946,25.857
HUL,Kick Sauber,45.0,0 days 00:01:31.321000,0 days 00:00:30.458000,0 days 00:00:34.992000,0 days 00:00:25.871000,MEDIUM,9.0,2.0,,,1,14.0,False,2025,Miami,R,91.321,30.458,34.992,25.871
HUL,Kick Sauber,46.0,0 days 00:01:31.053000,0 days 00:00:30.355000,0 days 00:00:34.851000,0 days 00:00:25.847000,MEDIUM,10.0,2.0,,,1,14.0,False,2025,Miami,R,91.053,30.355,34.851,25.847
HUL,Kick Sauber,47.0,0 days 00:01:31.052000,0 days 00:00:30.323000,0 days 00:00:34.874000,0 days 00:00:25.855000,MEDIUM,11.0,2.0,,,1,14.0,False,2025,Miami,R,91.052,30.323,34.874,25.855
HUL,Kick Sauber,48.0,0 days 00:01:31.124000,0 days 00:00:30.352000,0 days 00:00:34.890000,0 days 00:00:25.882000,MEDIUM,12.0,2.0,,,1,14.0,False,2025,Miami,R,91.124,30.352,34.89,25.882
HUL,Kick Sauber,49.0,0 days 00:01:31.154000,0 days 00:00:30.216000,0 days 00:00:34.959000,0 days 00:00:25.979000,MEDIUM,13.0,2.0,,,1,14.0,False,2025,Miami,R,91.154,30.216,34.959,25.979
HUL,Kick Sauber,50.0,0 days 00:01:31.227000,0 days 00:00:30.335000,0 days 00:00:35.011000,0 days 00:00:25.881000,MEDIUM,14.0,2.0,,,1,14.0,False,2025,Miami,R,91.227,30.335,35.011,25.881
HUL,Kick Sauber,51.0,0 days 00:01:31.363000,0 days 00:00:30.438000,0 days 00:00:35.107000,0 days 00:00:25.818000,MEDIUM,15.0,2.0,,,1,14.0,False,2025,Miami,R,91.363,30.438,35.107,25.818
HUL,Kick Sauber,52.0,0 days 00:01:31.767000,0 days 00:00:30.653000,0 days 00:00:35.138000,0 days 00:00:25.976000,MEDIUM,16.0,2.0,,,1,14.0,False,2025,Miami,R,91.767,30.653,35.138,25.976
HUL,Kick Sauber,53.0,0 days 00:01:31.419000,0 days 00:00:30.490000,0 days 00:00:35.083000,0 days 00:00:25.846000,MEDIUM,17.0,2.0,,,1,14.0,False,2025,Miami,R,91.419,30.49,35.083,25.846
HUL,Kick Sauber,54.0,0 days 00:01:31.137000,0 days 00:00:30.268000,0 days 00:00:35.029000,0 days 00:00:25.840000,MEDIUM,18.0,2.0,,,1,14.0,False,2025,Miami,R,91.137,30.268,35.029,25.84
HUL,Kick Sauber,55.0,0 days 00:01:31.156000,0 days 00:00:30.355000,0 days 00:00:35.003000,0 days 00:00:25.798000,MEDIUM,19.0,2.0,,,1,14.0,False,2025,Miami,R,91.156,30.355,35.003,25.798
HUL,Kick Sauber,56.0,0 days 00:01:33.417000,0 days 00:00:30.542000,0 days 00:00:35.362000,0 days 00:00:27.513000,MEDIUM,20.0,2.0,,,1,14.0,False,2025,Miami,R,93.417,30.542,35.362,27.513
LAW,Racing Bulls,1.0,0 days 00:01:55.964000,,0 days 00:00:35.427000,0 days 00:00:26.007000,nan,,,,,12,19.0,False,2025,Miami,R,115.964,,35.427,26.007
LAW,Racing Bulls,2.0,0 days 00:02:01.748000,0 days 00:00:39.820000,0 days 00:00:51.149000,0 days 00:00:30.779000,nan,,,,,126,19.0,False,2025,Miami,R,121.748,39.82,51.149,30.779
LAW,Racing Bulls,3.0,0 days 00:01:57.913000,0 days 00:00:43.789000,0 days 00:00:48.044000,0 days 00:00:26.080000,nan,,,,,671,19.0,False,2025,Miami,R,117.913,43.789,48.044,26.08
LAW,Racing Bulls,4.0,0 days 00:01:33.315000,0 days 00:00:31.972000,0 days 00:00:35.319000,0 days 00:00:26.024000,nan,,,,,1,19.0,False,2025,Miami,R,93.315,31.972,35.319,26.024
LAW,Racing Bulls,5.0,0 days 00:01:34.526000,0 days 00:00:32.646000,0 days 00:00:35.667000,0 days 00:00:26.213000,nan,,,,,1,19.0,False,2025,Miami,R,94.526,32.646,35.667,26.213
LAW,Racing Bulls,6.0,0 days 00:01:34.334000,0 days 00:00:32.337000,0 days 00:00:35.751000,0 days 00:00:26.246000,nan,,,,,1,19.0,False,2025,Miami,R,94.334,32.337,35.751,26.246
LAW,Racing Bulls,7.0,0 days 00:01:34.046000,0 days 00:00:32.155000,0 days 00:00:35.632000,0 days 00:00:26.259000,nan,,,,,1,19.0,False,2025,Miami,R,94.046,32.155,35.632,26.259
LAW,Racing Bulls,8.0,0 days 00:01:34.137000,0 days 00:00:32.170000,0 days 00:00:35.752000,0 days 00:00:26.215000,nan,,,,,1,19.0,False,2025,Miami,R,94.137,32.17,35.752,26.215
LAW,Racing Bulls,9.0,0 days 00:01:34.094000,0 days 00:00:32.120000,0 days 00:00:35.592000,0 days 00:00:26.382000,nan,,,,,1,19.0,False,2025,Miami,R,94.094,32.12,35.592,26.382
LAW,Racing Bulls,10.0,0 days 00:01:34.204000,0 days 00:00:32.191000,0 days 00:00:35.739000,0 days 00:00:26.274000,nan,,,,,1,19.0,False,2025,Miami,R,94.204,32.191,35.739,26.274
LAW,Racing Bulls,11.0,0 days 00:01:33.990000,0 days 00:00:32.062000,0 days 00:00:35.603000,0 days 00:00:26.325000,nan,,,,,1,19.0,False,2025,Miami,R,93.99,32.062,35.603,26.325
LAW,Racing Bulls,12.0,0 days 00:01:34.087000,0 days 00:00:32.065000,0 days 00:00:35.736000,0 days 00:00:26.286000,nan,,,,,1,19.0,False,2025,Miami,R,94.087,32.065,35.736,26.286
LAW,Racing Bulls,13.0,0 days 00:01:34.351000,0 days 00:00:32.201000,0 days 00:00:35.899000,0 days 00:00:26.251000,nan,,,,,1,19.0,False,2025,Miami,R,94.351,32.201,35.899,26.251
LAW,Racing Bulls,14.0,0 days 00:01:34.598000,0 days 00:00:32.371000,0 days 00:00:35.980000,0 days 00:00:26.247000,nan,,,,,1,19.0,False,2025,Miami,R,94.598,32.371,35.98,26.247
LAW,Racing Bulls,15.0,0 days 00:01:34.692000,0 days 00:00:32.335000,0 days 00:00:36.179000,0 days 00:00:26.178000,nan,,,,,1,19.0,False,2025,Miami,R,94.692,32.335,36.179,26.178
LAW,Racing Bulls,16.0,0 days 00:01:34.401000,0 days 00:00:32.109000,0 days 00:00:36.063000,0 days 00:00:26.229000,nan,,,,,1,19.0,False,2025,Miami,R,94.401,32.109,36.063,26.229
LAW,Racing Bulls,17.0,0 days 00:01:34.820000,0 days 00:00:32.125000,0 days 00:00:36.200000,0 days 00:00:26.495000,nan,,,,,1,19.0,False,2025,Miami,R,94.82,32.125,36.2,26.495
LAW,Racing Bulls,18.0,0 days 00:01:34.722000,0 days 00:00:32.117000,0 days 00:00:36.169000,0 days 00:00:26.436000,nan,,,,,1,19.0,False,2025,Miami,R,94.722,32.117,36.169,26.436
LAW,Racing Bulls,19.0,0 days 00:01:34.501000,0 days 00:00:32.109000,0 days 00:00:36.125000,0 days 00:00:26.267000,nan,,,,,1,19.0,False,2025,Miami,R,94.501,32.109,36.125,26.267
LAW,Racing Bulls,20.0,0 days 00:01:34.448000,0 days 00:00:31.996000,0 days 00:00:36.165000,0 days 00:00:26.287000,nan,,,,,1,19.0,False,2025,Miami,R,94.448,31.996,36.165,26.287
LAW,Racing Bulls,21.0,0 days 00:01:34.492000,0 days 00:00:32.277000,0 days 00:00:35.921000,0 days 00:00:26.294000,nan,,,,,1,19.0,False,2025,Miami,R,94.492,32.277,35.921,26.294
LAW,Racing Bulls,22.0,0 days 00:01:34.433000,0 days 00:00:32.179000,0 days 00:00:35.992000,0 days 00:00:26.262000,nan,,,,,1,19.0,False,2025,Miami,R,94.433,32.179,35.992,26.262
LAW,Racing Bulls,23.0,0 days 00:01:34.530000,0 days 00:00:32.124000,0 days 00:00:36.209000,0 days 00:00:26.197000,nan,,,,,1,19.0,False,2025,Miami,R,94.53,32.124,36.209,26.197
LAW,Racing Bulls,24.0,0 days 00:01:34.337000,0 days 00:00:32.136000,0 days 00:00:35.998000,0 days 00:00:26.203000,HARD,1.0,1.0,,,1,19.0,False,2025,Miami,R,94.337,32.136,35.998,26.203
LAW,Racing Bulls,25.0,0 days 00:01:34.094000,0 days 00:00:31.998000,0 days 00:00:35.874000,0 days 00:00:26.222000,HARD,2.0,1.0,,,1,19.0,False,2025,Miami,R,94.094,31.998,35.874,26.222
LAW,Racing Bulls,26.0,0 days 00:01:34.112000,0 days 00:00:31.862000,0 days 00:00:36.063000,0 days 00:00:26.187000,HARD,3.0,1.0,,,1,19.0,False,2025,Miami,R,94.112,31.862,36.063,26.187
LAW,Racing Bulls,27.0,0 days 00:01:34.372000,0 days 00:00:31.915000,0 days 00:00:36.193000,0 days 00:00:26.264000,HARD,4.0,1.0,,,1,19.0,False,2025,Miami,R,94.372,31.915,36.193,26.264
LAW,Racing Bulls,28.0,0 days 00:01:58.141000,0 days 00:00:32.221000,0 days 00:00:44.697000,0 days 00:00:41.223000,HARD,5.0,1.0,0 days 01:42:47.596000,,16,18.0,False,2025,Miami,R,118.141,32.221,44.697,41.223
LAW,Racing Bulls,29.0,0 days 00:01:58.646000,0 days 00:00:53.285000,0 days 00:00:39.367000,0 days 00:00:25.994000,HARD,6.0,1.0,,0 days 01:43:09.972000,671,18.0,False,2025,Miami,R,118.646,53.285,39.367,25.994
LAW,Racing Bulls,30.0,0 days 00:01:31.770000,0 days 00:00:31.034000,0 days 00:00:34.949000,0 days 00:00:25.787000,HARD,7.0,1.0,,,1,18.0,False,2025,Miami,R,91.77,31.034,34.949,25.787
LAW,Racing Bulls,31.0,0 days 00:01:32.361000,0 days 00:00:31.238000,0 days 00:00:35.127000,0 days 00:00:25.996000,HARD,8.0,1.0,,,1,17.0,False,2025,Miami,R,92.361,31.238,35.127,25.996
LAW,Racing Bulls,32.0,0 days 00:01:51.905000,0 days 00:00:31.015000,0 days 00:00:42.585000,0 days 00:00:38.305000,MEDIUM,1.0,2.0,,,16,17.0,False,2025,Miami,R,111.905,31.015,42.585,38.305
LAW,Racing Bulls,33.0,0 days 00:01:39.589000,0 days 00:00:38.374000,0 days 00:00:35.270000,0 days 00:00:25.945000,MEDIUM,2.0,2.0,,,671,17.0,False,2025,Miami,R,99.589,38.374,35.27,25.945
LAW,Racing Bulls,34.0,0 days 00:01:34.513000,0 days 00:00:31.228000,0 days 00:00:37.123000,0 days 00:00:26.162000,MEDIUM,3.0,2.0,,,1,17.0,False,2025,Miami,R,94.513,31.228,37.123,26.162
LAW,Racing Bulls,35.0,0 days 00:01:32.855000,0 days 00:00:31.418000,0 days 00:00:35.380000,0 days 00:00:26.057000,MEDIUM,4.0,2.0,,,1,17.0,False,2025,Miami,R,92.855,31.418,35.38,26.057
LAW,Racing Bulls,36.0,0 days 00:01:47.470000,0 days 00:00:31.600000,0 days 00:00:37.345000,0 days 00:00:38.525000,MEDIUM,5.0,2.0,0 days 01:56:15.428000,,1,17.0,False,2025,Miami,R,107.47,31.6,37.345,38.525
OCO,Haas F1 Team,1.0,0 days 00:01:41.555000,,0 days 00:00:36.416000,0 days 00:00:26.190000,nan,,,,,12,10.0,False,2025,Miami,R,101.555,,36.416,26.19
OCO,Haas F1 Team,2.0,0 days 00:01:57.623000,0 days 00:00:32.294000,0 days 00:00:54.789000,0 days 00:00:30.540000,nan,,,,,126,10.0,False,2025,Miami,R,117.623,32.294,54.789,30.54
OCO,Haas F1 Team,3.0,0 days 00:02:01.586000,0 days 00:00:41.891000,0 days 00:00:52.733000,0 days 00:00:26.962000,nan,,,,,671,10.0,False,2025,Miami,R,121.586,41.891,52.733,26.962
OCO,Haas F1 Team,4.0,0 days 00:01:32.670000,0 days 00:00:31.470000,0 days 00:00:35.332000,0 days 00:00:25.868000,nan,,,,,1,10.0,False,2025,Miami,R,92.67,31.47,35.332,25.868
OCO,Haas F1 Team,5.0,0 days 00:01:32.756000,0 days 00:00:31.550000,0 days 00:00:35.236000,0 days 00:00:25.970000,nan,,,,,1,10.0,False,2025,Miami,R,92.756,31.55,35.236,25.97
OCO,Haas F1 Team,6.0,0 days 00:01:33.113000,0 days 00:00:31.647000,0 days 00:00:35.398000,0 days 00:00:26.068000,nan,,,,,1,10.0,False,2025,Miami,R,93.113,31.647,35.398,26.068
OCO,Haas F1 Team,7.0,0 days 00:01:33.054000,0 days 00:00:31.795000,0 days 00:00:35.216000,0 days 00:00:26.043000,nan,,,,,1,10.0,False,2025,Miami,R,93.054,31.795,35.216,26.043
OCO,Haas F1 Team,8.0,0 days 00:01:33.145000,0 days 00:00:31.792000,0 days 00:00:35.404000,0 days 00:00:25.949000,nan,,,,,1,10.0,False,2025,Miami,R,93.145,31.792,35.404,25.949
OCO,Haas F1 Team,9.0,0 days 00:01:34.012000,0 days 00:00:32.448000,0 days 00:00:35.395000,0 days 00:00:26.169000,nan,,,,,1,10.0,False,2025,Miami,R,94.012,32.448,35.395,26.169
OCO,Haas F1 Team,10.0,0 days 00:01:33.278000,0 days 00:00:31.653000,0 days 00:00:35.460000,0 days 00:00:26.165000,nan,,,,,1,10.0,False,2025,Miami,R,93.278,31.653,35.46,26.165
OCO,Haas F1 Team,11.0,0 days 00:01:33.257000,0 days 00:00:31.583000,0 days 00:00:35.461000,0 days 00:00:26.213000,nan,,,,,1,10.0,False,2025,Miami,R,93.257,31.583,35.461,26.213
OCO,Haas F1 Team,12.0,0 days 00:01:33.153000,0 days 00:00:31.542000,0 days 00:00:35.471000,0 days 00:00:26.140000,nan,,,,,1,10.0,False,2025,Miami,R,93.153,31.542,35.471,26.14
OCO,Haas F1 Team,13.0,0 days 00:01:33.061000,0 days 00:00:31.561000,0 days 00:00:35.441000,0 days 00:00:26.059000,nan,,,,,1,10.0,False,2025,Miami,R,93.061,31.561,35.441,26.059
OCO,Haas F1 Team,14.0,0 days 00:01:33.214000,0 days 00:00:31.687000,0 days 00:00:35.420000,0 days 00:00:26.107000,nan,,,,,1,10.0,False,2025,Miami,R,93.214,31.687,35.42,26.107
OCO,Haas F1 Team,15.0,0 days 00:01:33.377000,0 days 00:00:31.684000,0 days 00:00:35.603000,0 days 00:00:26.090000,nan,,,,,1,10.0,False,2025,Miami,R,93.377,31.684,35.603,26.09
OCO,Haas F1 Team,16.0,0 days 00:01:33.697000,0 days 00:00:31.690000,0 days 00:00:35.885000,0 days 00:00:26.122000,nan,,,,,1,10.0,False,2025,Miami,R,93.697,31.69,35.885,26.122
OCO,Haas F1 Team,17.0,0 days 00:01:33.186000,0 days 00:00:31.546000,0 days 00:00:35.483000,0 days 00:00:26.157000,nan,,,,,1,10.0,False,2025,Miami,R,93.186,31.546,35.483,26.157
OCO,Haas F1 Team,18.0,0 days 00:01:33.610000,0 days 00:00:31.648000,0 days 00:00:35.684000,0 days 00:00:26.278000,nan,,,,,1,10.0,False,2025,Miami,R,93.61,31.648,35.684,26.278
OCO,Haas F1 Team,19.0,0 days 00:01:33.406000,0 days 00:00:31.458000,0 days 00:00:35.795000,0 days 00:00:26.153000,nan,,,,,1,10.0,False,2025,Miami,R,93.406,31.458,35.795,26.153
OCO,Haas F1 Team,20.0,0 days 00:01:32.989000,0 days 00:00:31.324000,0 days 00:00:35.640000,0 days 00:00:26.025000,nan,,,,,1,10.0,False,2025,Miami,R,92.989,31.324,35.64,26.025
OCO,Haas F1 Team,21.0,0 days 00:01:33.479000,0 days 00:00:31.471000,0 days 00:00:35.658000,0 days 00:00:26.350000,nan,,,,,1,10.0,False,2025,Miami,R,93.479,31.471,35.658,26.35
OCO,Haas F1 Team,22.0,0 days 00:01:35.102000,0 days 00:00:31.641000,0 days 00:00:36.862000,0 days 00:00:26.599000,nan,,,,,1,11.0,False,2025,Miami,R,95.102,31.641,36.862,26.599
OCO,Haas F1 Team,23.0,0 days 00:01:38.825000,0 days 00:00:31.949000,0 days 00:00:35.741000,0 days 00:00:31.135000,nan,,,0 days 01:34:03.409000,,1,11.0,False,2025,Miami,R,98.825,31.949,35.741,31.135
OCO,Haas F1 Team,24.0,0 days 00:01:46.766000,0 days 00:00:46.191000,0 days 00:00:34.819000,0 days 00:00:25.756000,HARD,1.0,1.0,,0 days 01:34:26.483000,1,16.0,False,2025,Miami,R,106.766,46.191,34.819,25.756
OCO,Haas F1 Team,25.0,0 days 00:01:31.358000,0 days 00:00:30.765000,0 days 00:00:34.874000,0 days 00:00:25.719000,HARD,2.0,1.0,,,1,16.0,False,2025,Miami,R,91.358,30.765,34.874,25.719
OCO,Haas F1 Team,26.0,0 days 00:01:31.463000,0 days 00:00:30.945000,0 days 00:00:34.892000,0 days 00:00:25.626000,HARD,3.0,1.0,,,1,16.0,False,2025,Miami,R,91.463,30.945,34.892,25.626
OCO,Haas F1 Team,27.0,0 days 00:01:31.960000,0 days 00:00:31.125000,0 days 00:00:35.119000,0 days 00:00:25.716000,HARD,4.0,1.0,,,1,16.0,False,2025,Miami,R,91.96,31.125,35.119,25.716
OCO,Haas F1 Team,28.0,0 days 00:01:43.701000,0 days 00:00:31.311000,0 days 00:00:35.548000,0 days 00:00:36.842000,HARD,5.0,1.0,,,16,14.0,False,2025,Miami,R,103.701,31.311,35.548,36.842
OCO,Haas F1 Team,29.0,0 days 00:02:00.870000,0 days 00:00:42.766000,0 days 00:00:48.338000,0 days 00:00:29.766000,HARD,6.0,1.0,,,671,14.0,False,2025,Miami,R,120.87,42.766,48.338,29.766
OCO,Haas F1 Team,30.0,0 days 00:01:31.122000,0 days 00:00:30.856000,0 days 00:00:34.696000,0 days 00:00:25.570000,HARD,7.0,1.0,,,1,14.0,False,2025,Miami,R,91.122,30.856,34.696,25.57
OCO,Haas F1 Team,31.0,0 days 00:01:31.877000,0 days 00:00:31.052000,0 days 00:00:35.128000,0 days 00:00:25.697000,HARD,8.0,1.0,,,1,14.0,False,2025,Miami,R,91.877,31.052,35.128,25.697
OCO,Haas F1 Team,32.0,0 days 00:01:37.165000,0 days 00:00:31.041000,0 days 00:00:35.141000,0 days 00:00:30.983000,HARD,9.0,1.0,,,16,14.0,False,2025,Miami,R,97.165,31.041,35.141,30.983
OCO,Haas F1 Team,33.0,0 days 00:01:54.247000,0 days 00:00:42.322000,0 days 00:00:46.080000,0 days 00:00:25.845000,HARD,10.0,1.0,,,671,13.0,False,2025,Miami,R,114.247,42.322,46.08,25.845
OCO,Haas F1 Team,34.0,0 days 00:01:31.330000,0 days 00:00:30.859000,0 days 00:00:34.824000,0 days 00:00:25.647000,HARD,11.0,1.0,,,1,13.0,False,2025,Miami,R,91.33,30.859,34.824,25.647
OCO,Haas F1 Team,35.0,0 days 00:01:31.511000,0 days 00:00:30.896000,0 days 00:00:35.011000,0 days 00:00:25.604000,HARD,12.0,1.0,,,1,13.0,False,2025,Miami,R,91.511,30.896,35.011,25.604
OCO,Haas F1 Team,36.0,0 days 00:01:31.650000,0 days 00:00:30.982000,0 days 00:00:34.965000,0 days 00:00:25.703000,HARD,13.0,1.0,,,1,12.0,False,2025,Miami,R,91.65,30.982,34.965,25.703
OCO,Haas F1 Team,37.0,0 days 00:01:31.747000,0 days 00:00:30.967000,0 days 00:00:35.022000,0 days 00:00:25.758000,HARD,14.0,1.0,,,1,12.0,False,2025,Miami,R,91.747,30.967,35.022,25.758
OCO,Haas F1 Team,38.0,0 days 00:01:31.603000,0 days 00:00:30.876000,0 days 00:00:35.007000,0 days 00:00:25.720000,HARD,15.0,1.0,,,1,12.0,False,2025,Miami,R,91.603,30.876,35.007,25.72
OCO,Haas F1 Team,39.0,0 days 00:01:31.553000,0 days 00:00:30.940000,0 days 00:00:34.950000,0 days 00:00:25.663000,HARD,16.0,1.0,,,1,12.0,False,2025,Miami,R,91.553,30.94,34.95,25.663
OCO,Haas F1 Team,40.0,0 days 00:01:31.562000,0 days 00:00:30.863000,0 days 00:00:35.038000,0 days 00:00:25.661000,HARD,17.0,1.0,,,1,12.0,False,2025,Miami,R,91.562,30.863,35.038,25.661
OCO,Haas F1 Team,41.0,0 days 00:01:31.339000,0 days 00:00:30.781000,0 days 00:00:34.977000,0 days 00:00:25.581000,HARD,18.0,1.0,,,1,12.0,False,2025,Miami,R,91.339,30.781,34.977,25.581
OCO,Haas F1 Team,42.0,0 days 00:01:31.542000,0 days 00:00:30.873000,0 days 00:00:35.027000,0 days 00:00:25.642000,HARD,19.0,1.0,,,1,12.0,False,2025,Miami,R,91.542,30.873,35.027,25.642
OCO,Haas F1 Team,43.0,0 days 00:01:31.670000,0 days 00:00:30.824000,0 days 00:00:35.155000,0 days 00:00:25.691000,HARD,20.0,1.0,,,1,12.0,False,2025,Miami,R,91.67,30.824,35.155,25.691
OCO,Haas F1 Team,44.0,0 days 00:01:31.836000,0 days 00:00:30.807000,0 days 00:00:35.010000,0 days 00:00:26.019000,HARD,21.0,1.0,,,1,12.0,False,2025,Miami,R,91.836,30.807,35.01,26.019
OCO,Haas F1 Team,45.0,0 days 00:01:32.099000,0 days 00:00:30.821000,0 days 00:00:35.343000,0 days 00:00:25.935000,HARD,22.0,1.0,,,1,12.0,False,2025,Miami,R,92.099,30.821,35.343,25.935
OCO,Haas F1 Team,46.0,0 days 00:01:31.838000,0 days 00:00:30.820000,0 days 00:00:35.149000,0 days 00:00:25.869000,HARD,23.0,1.0,,,1,12.0,False,2025,Miami,R,91.838,30.82,35.149,25.869
OCO,Haas F1 Team,47.0,0 days 00:01:31.662000,0 days 00:00:30.635000,0 days 00:00:35.213000,0 days 00:00:25.814000,HARD,24.0,1.0,,,1,12.0,False,2025,Miami,R,91.662,30.635,35.213,25.814
OCO,Haas F1 Team,48.0,0 days 00:01:31.533000,0 days 00:00:30.596000,0 days 00:00:35.153000,0 days 00:00:25.784000,HARD,25.0,1.0,,,1,12.0,False,2025,Miami,R,91.533,30.596,35.153,25.784
OCO,Haas F1 Team,49.0,0 days 00:01:31.924000,0 days 00:00:30.657000,0 days 00:00:35.305000,0 days 00:00:25.962000,HARD,26.0,1.0,,,1,12.0,False,2025,Miami,R,91.924,30.657,35.305,25.962
OCO,Haas F1 Team,50.0,0 days 00:01:31.642000,0 days 00:00:30.647000,0 days 00:00:35.059000,0 days 00:00:25.936000,HARD,27.0,1.0,,,1,12.0,False,2025,Miami,R,91.642,30.647,35.059,25.936
OCO,Haas F1 Team,51.0,0 days 00:01:31.586000,0 days 00:00:30.479000,0 days 00:00:35.273000,0 days 00:00:25.834000,HARD,28.0,1.0,,,1,12.0,False,2025,Miami,R,91.586,30.479,35.273,25.834
OCO,Haas F1 Team,52.0,0 days 00:01:31.766000,0 days 00:00:30.617000,0 days 00:00:35.232000,0 days 00:00:25.917000,HARD,29.0,1.0,,,1,12.0,False,2025,Miami,R,91.766,30.617,35.232,25.917
OCO,Haas F1 Team,53.0,0 days 00:01:31.815000,0 days 00:00:30.659000,0 days 00:00:35.310000,0 days 00:00:25.846000,HARD,30.0,1.0,,,1,12.0,False,2025,Miami,R,91.815,30.659,35.31,25.846
OCO,Haas F1 Team,54.0,0 days 00:01:31.794000,0 days 00:00:30.635000,0 days 00:00:35.247000,0 days 00:00:25.912000,HARD,31.0,1.0,,,1,12.0,False,2025,Miami,R,91.794,30.635,35.247,25.912
OCO,Haas F1 Team,55.0,0 days 00:01:31.586000,0 days 00:00:30.371000,0 days 00:00:35.350000,0 days 00:00:25.865000,HARD,32.0,1.0,,,1,12.0,False,2025,Miami,R,91.586,30.371,35.35,25.865
OCO,Haas F1 Team,56.0,0 days 00:01:31.482000,0 days 00:00:30.432000,0 days 00:00:35.234000,0 days 00:00:25.816000,HARD,33.0,1.0,,,1,12.0,False,2025,Miami,R,91.482,30.432,35.234,25.816
OCO,Haas F1 Team,57.0,0 days 00:01:31.846000,0 days 00:00:30.596000,0 days 00:00:35.340000,0 days 00:00:25.910000,HARD,34.0,1.0,,,1,12.0,False,2025,Miami,R,91.846,30.596,35.34,25.91
NOR,McLaren,1.0,0 days 00:01:39.277000,,0 days 00:00:35.741000,0 days 00:00:26.186000,nan,,,,,12,6.0,False,2025,Miami,R,99.277,,35.741,26.186
NOR,McLaren,2.0,0 days 00:01:55.086000,0 days 00:00:32.078000,0 days 00:00:51.397000,0 days 00:00:31.611000,nan,,,,,126,6.0,False,2025,Miami,R,115.086,32.078,51.397,31.611
NOR,McLaren,3.0,0 days 00:02:02.001000,0 days 00:00:42.736000,0 days 00:00:51.191000,0 days 00:00:28.074000,nan,,,,,671,6.0,False,2025,Miami,R,122.001,42.736,51.191,28.074
NOR,McLaren,4.0,0 days 00:01:32.128000,0 days 00:00:31.467000,0 days 00:00:34.674000,0 days 00:00:25.987000,nan,,,,,1,5.0,False,2025,Miami,R,92.128,31.467,34.674,25.987
NOR,McLaren,5.0,0 days 00:01:32.639000,0 days 00:00:31.302000,0 days 00:00:35.441000,0 days 00:00:25.896000,nan,,,,,1,5.0,False,2025,Miami,R,92.639,31.302,35.441,25.896
NOR,McLaren,6.0,0 days 00:01:32.634000,0 days 00:00:31.301000,0 days 00:00:35.455000,0 days 00:00:25.878000,nan,,,,,1,5.0,False,2025,Miami,R,92.634,31.301,35.455,25.878
NOR,McLaren,7.0,0 days 00:01:33.008000,0 days 00:00:31.715000,0 days 00:00:35.213000,0 days 00:00:26.080000,nan,,,,,1,4.0,False,2025,Miami,R,93.008,31.715,35.213,26.08
NOR,McLaren,8.0,0 days 00:01:32.427000,0 days 00:00:31.408000,0 days 00:00:35.162000,0 days 00:00:25.857000,nan,,,,,1,4.0,False,2025,Miami,R,92.427,31.408,35.162,25.857
NOR,McLaren,9.0,0 days 00:01:32.146000,0 days 00:00:31.498000,0 days 00:00:34.681000,0 days 00:00:25.967000,nan,,,,,1,3.0,False,2025,Miami,R,92.146,31.498,34.681,25.967
NOR,McLaren,10.0,0 days 00:01:31.901000,0 days 00:00:30.998000,0 days 00:00:34.894000,0 days 00:00:26.009000,nan,,,,,1,3.0,False,2025,Miami,R,91.901,30.998,34.894,26.009
NOR,McLaren,11.0,0 days 00:01:31.700000,0 days 00:00:30.997000,0 days 00:00:34.809000,0 days 00:00:25.894000,nan,,,,,1,3.0,False,2025,Miami,R,91.7,30.997,34.809,25.894
NOR,McLaren,12.0,0 days 00:01:31.905000,0 days 00:00:31.123000,0 days 00:00:34.890000,0 days 00:00:25.892000,nan,,,,,1,3.0,False,2025,Miami,R,91.905,31.123,34.89,25.892
NOR,McLaren,13.0,0 days 00:01:31.745000,0 days 00:00:30.993000,0 days 00:00:34.798000,0 days 00:00:25.954000,nan,,,,,1,3.0,False,2025,Miami,R,91.745,30.993,34.798,25.954
NOR,McLaren,14.0,0 days 00:01:32.333000,0 days 00:00:31.426000,0 days 00:00:35.060000,0 days 00:00:25.847000,nan,,,,,1,3.0,False,2025,Miami,R,92.333,31.426,35.06,25.847
NOR,McLaren,15.0,0 days 00:01:33.943000,0 days 00:00:32.749000,0 days 00:00:35.196000,0 days 00:00:25.998000,nan,,,,,1,3.0,False,2025,Miami,R,93.943,32.749,35.196,25.998
NOR,McLaren,16.0,0 days 00:01:33.099000,0 days 00:00:31.708000,0 days 00:00:35.511000,0 days 00:00:25.880000,nan,,,,,1,3.0,False,2025,Miami,R,93.099,31.708,35.511,25.88
NOR,McLaren,17.0,0 days 00:01:34.855000,0 days 00:00:31.598000,0 days 00:00:36.295000,0 days 00:00:26.962000,nan,,,,,1,3.0,True,2025,Miami,R,94.855,31.598,36.295,26.962
NOR,McLaren,18.0,0 days 00:01:32.384000,0 days 00:00:31.526000,0 days 00:00:34.842000,0 days 00:00:26.016000,nan,,,,,1,2.0,False,2025,Miami,R,92.384,31.526,34.842,26.016
NOR,McLaren,19.0,0 days 00:01:32.038000,0 days 00:00:30.930000,0 days 00:00:35.115000,0 days 00:00:25.993000,nan,,,,,1,2.0,False,2025,Miami,R,92.038,30.93,35.115,25.993
NOR,McLaren,20.0,0 days 00:01:31.884000,0 days 00:00:30.767000,0 days 00:00:35.153000,0 days 00:00:25.964000,nan,,,,,1,2.0,False,2025,Miami,R,91.884,30.767,35.153,25.964
NOR,McLaren,21.0,0 days 00:01:31.555000,0 days 00:00:30.708000,0 days 00:00:34.940000,0 days 00:00:25.907000,nan,,,,,1,2.0,False,2025,Miami,R,91.555,30.708,34.94,25.907
NOR,McLaren,22.0,0 days 00:01:31.537000,0 days 00:00:30.621000,0 days 00:00:35.008000,0 days 00:00:25.908000,nan,,,,,1,2.0,False,2025,Miami,R,91.537,30.621,35.008,25.908
NOR,McLaren,23.0,0 days 00:01:31.478000,0 days 00:00:30.660000,0 days 00:00:34.957000,0 days 00:00:25.861000,nan,,,,,1,2.0,False,2025,Miami,R,91.478,30.66,34.957,25.861
NOR,McLaren,24.0,0 days 00:01:31.312000,0 days 00:00:30.531000,0 days 00:00:34.988000,0 days 00:00:25.793000,nan,,,,,1,2.0,False,2025,Miami,R,91.312,30.531,34.988,25.793
NOR,McLaren,25.0,0 days 00:01:31.453000,0 days 00:00:30.409000,0 days 00:00:35.202000,0 days 00:00:25.842000,MEDIUM,1.0,1.0,,,1,2.0,False,2025,Miami,R,91.453,30.409,35.202,25.842
NOR,McLaren,26.0,0 days 00:01:31.277000,0 days 00:00:30.424000,0 days 00:00:35.018000,0 days 00:00:25.835000,MEDIUM,2.0,1.0,,,1,2.0,False,2025,Miami,R,91.277,30.424,35.018,25.835
NOR,McLaren,27.0,0 days 00:01:31.612000,0 days 00:00:30.527000,0 days 00:00:35.160000,0 days 00:00:25.925000,MEDIUM,3.0,1.0,,,1,2.0,False,2025,Miami,R,91.612,30.527,35.16,25.925
NOR,McLaren,28.0,0 days 00:01:31.786000,0 days 00:00:30.527000,0 days 00:00:35.061000,0 days 00:00:26.198000,MEDIUM,4.0,1.0,,,1,2.0,False,2025,Miami,R,91.786,30.527,35.061,26.198
NOR,McLaren,29.0,0 days 00:02:01.886000,0 days 00:00:35.038000,0 days 00:00:47.782000,0 days 00:00:39.066000,MEDIUM,5.0,1.0,0 days 01:43:13.197000,,16,2.0,False,2025,Miami,R,121.886,35.038,47.782,39.066
NOR,McLaren,30.0,0 days 00:01:49.289000,0 days 00:00:49.689000,0 days 00:00:34.065000,0 days 00:00:25.535000,MEDIUM,6.0,1.0,,0 days 01:43:35.201000,671,2.0,False,2025,Miami,R,109.289,49.689,34.065,25.535
NOR,McLaren,31.0,0 days 00:01:30.375000,0 days 00:00:30.722000,0 days 00:00:34.124000,0 days 00:00:25.529000,MEDIUM,7.0,1.0,,,1,2.0,False,2025,Miami,R,90.375,30.722,34.124,25.529
NOR,McLaren,32.0,0 days 00:01:30.414000,0 days 00:00:30.353000,0 days 00:00:34.422000,0 days 00:00:25.639000,MEDIUM,8.0,1.0,,,1,2.0,False,2025,Miami,R,90.414,30.353,34.422,25.639
NOR,McLaren,33.0,0 days 00:01:53.913000,0 days 00:00:30.282000,0 days 00:00:47.714000,0 days 00:00:35.917000,HARD,1.0,2.0,,,16,2.0,False,2025,Miami,R,113.913,30.282,47.714,35.917
NOR,McLaren,34.0,0 days 00:01:34.624000,0 days 00:00:34.693000,0 days 00:00:34.377000,0 days 00:00:25.554000,HARD,2.0,2.0,,,671,2.0,False,2025,Miami,R,94.624,34.693,34.377,25.554
NOR,McLaren,35.0,0 days 00:01:29.834000,0 days 00:00:29.833000,0 days 00:00:34.527000,0 days 00:00:25.474000,HARD,3.0,2.0,,,1,2.0,False,2025,Miami,R,89.834,29.833,34.527,25.474
NOR,McLaren,36.0,0 days 00:01:29.746000,0 days 00:00:29.908000,0 days 00:00:34.344000,0 days 00:00:25.494000,HARD,4.0,2.0,,,1,2.0,False,2025,Miami,R,89.746,29.908,34.344,25.494
NOR,McLaren,37.0,0 days 00:01:29.975000,0 days 00:00:30.045000,0 days 00:00:34.320000,0 days 00:00:25.610000,HARD,5.0,2.0,,,1,2.0,False,2025,Miami,R,89.975,30.045,34.32,25.61
NOR,McLaren,38.0,0 days 00:01:30.196000,0 days 00:00:29.989000,0 days 00:00:34.596000,0 days 00:00:25.611000,HARD,6.0,2.0,,,1,2.0,False,2025,Miami,R,90.196,29.989,34.596,25.611
NOR,McLaren,39.0,0 days 00:01:30.168000,0 days 00:00:29.982000,0 days 00:00:34.556000,0 days 00:00:25.630000,HARD,7.0,2.0,,,1,2.0,False,2025,Miami,R,90.168,29.982,34.556,25.63
NOR,McLaren,40.0,0 days 00:01:30.117000,0 days 00:00:30.015000,0 days 00:00:34.469000,0 days 00:00:25.633000,HARD,8.0,2.0,,,1,2.0,False,2025,Miami,R,90.117,30.015,34.469,25.633
NOR,McLaren,41.0,0 days 00:01:30.168000,0 days 00:00:29.987000,0 days 00:00:34.617000,0 days 00:00:25.564000,HARD,9.0,2.0,,,1,2.0,False,2025,Miami,R,90.168,29.987,34.617,25.564
NOR,McLaren,42.0,0 days 00:01:30.163000,0 days 00:00:29.916000,0 days 00:00:34.630000,0 days 00:00:25.617000,HARD,10.0,2.0,,,1,2.0,False,2025,Miami,R,90.163,29.916,34.63,25.617
NOR,McLaren,43.0,0 days 00:01:30.144000,0 days 00:00:29.926000,0 days 00:00:34.583000,0 days 00:00:25.635000,HARD,11.0,2.0,,,1,2.0,False,2025,Miami,R,90.144,29.926,34.583,25.635
NOR,McLaren,44.0,0 days 00:01:30.024000,0 days 00:00:29.850000,0 days 00:00:34.530000,0 days 00:00:25.644000,HARD,12.0,2.0,,,1,2.0,False,2025,Miami,R,90.024,29.85,34.53,25.644
NOR,McLaren,45.0,0 days 00:01:30.095000,0 days 00:00:29.876000,0 days 00:00:34.646000,0 days 00:00:25.573000,HARD,13.0,2.0,,,1,2.0,False,2025,Miami,R,90.095,29.876,34.646,25.573
NOR,McLaren,46.0,0 days 00:01:29.982000,0 days 00:00:29.969000,0 days 00:00:34.472000,0 days 00:00:25.541000,HARD,14.0,2.0,,,1,2.0,False,2025,Miami,R,89.982,29.969,34.472,25.541
NOR,McLaren,47.0,0 days 00:01:30.055000,0 days 00:00:30.028000,0 days 00:00:34.432000,0 days 00:00:25.595000,HARD,15.0,2.0,,,1,2.0,False,2025,Miami,R,90.055,30.028,34.432,25.595
NOR,McLaren,48.0,0 days 00:01:30.110000,0 days 00:00:30.052000,0 days 00:00:34.571000,0 days 00:00:25.487000,HARD,16.0,2.0,,,1,2.0,False,2025,Miami,R,90.11,30.052,34.571,25.487
NOR,McLaren,49.0,0 days 00:01:30.211000,0 days 00:00:30.120000,0 days 00:00:34.554000,0 days 00:00:25.537000,HARD,17.0,2.0,,,1,2.0,False,2025,Miami,R,90.211,30.12,34.554,25.537
NOR,McLaren,50.0,0 days 00:01:29.791000,0 days 00:00:29.860000,0 days 00:00:34.379000,0 days 00:00:25.552000,HARD,18.0,2.0,,,1,2.0,False,2025,Miami,R,89.791,29.86,34.379,25.552
NOR,McLaren,51.0,0 days 00:01:29.900000,0 days 00:00:29.849000,0 days 00:00:34.517000,0 days 00:00:25.534000,HARD,19.0,2.0,,,1,2.0,False,2025,Miami,R,89.9,29.849,34.517,25.534
NOR,McLaren,52.0,0 days 00:01:30.398000,0 days 00:00:29.940000,0 days 00:00:34.778000,0 days 00:00:25.680000,HARD,20.0,2.0,,,1,2.0,False,2025,Miami,R,90.398,29.94,34.778,25.68
NOR,McLaren,53.0,0 days 00:01:30.540000,0 days 00:00:30.272000,0 days 00:00:34.654000,0 days 00:00:25.614000,HARD,21.0,2.0,,,1,2.0,False,2025,Miami,R,90.54,30.272,34.654,25.614
NOR,McLaren,54.0,0 days 00:01:30.475000,0 days 00:00:29.926000,0 days 00:00:34.874000,0 days 00:00:25.675000,HARD,22.0,2.0,,,1,2.0,False,2025,Miami,R,90.475,29.926,34.874,25.675
NOR,McLaren,55.0,0 days 00:01:30.764000,0 days 00:00:30.179000,0 days 00:00:34.880000,0 days 00:00:25.705000,HARD,23.0,2.0,,,1,2.0,False,2025,Miami,R,90.764,30.179,34.88,25.705
NOR,McLaren,56.0,0 days 00:01:30.732000,0 days 00:00:30.184000,0 days 00:00:34.844000,0 days 00:00:25.704000,HARD,24.0,2.0,,,1,2.0,False,2025,Miami,R,90.732,30.184,34.844,25.704
NOR,McLaren,57.0,0 days 00:01:30.985000,0 days 00:00:30.230000,0 days 00:00:35.135000,0 days 00:00:25.620000,HARD,25.0,2.0,,,1,2.0,False,2025,Miami,R,90.985,30.23,35.135,25.62
HAM,Ferrari,1.0,0 days 00:01:42.517000,,0 days 00:00:36.424000,0 days 00:00:26.318000,nan,,,,,12,12.0,False,2025,Miami,R,102.517,,36.424,26.318
HAM,Ferrari,2.0,0 days 00:01:59.324000,0 days 00:00:32.444000,0 days 00:00:57.772000,0 days 00:00:29.108000,nan,,,,,126,12.0,False,2025,Miami,R,119.324,32.444,57.772,29.108
HAM,Ferrari,3.0,0 days 00:02:00.931000,0 days 00:00:40.193000,0 days 00:00:54.068000,0 days 00:00:26.670000,nan,,,,,671,12.0,False,2025,Miami,R,120.931,40.193,54.068,26.67
HAM,Ferrari,4.0,0 days 00:01:32.412000,0 days 00:00:31.296000,0 days 00:00:35.135000,0 days 00:00:25.981000,nan,,,,,1,11.0,False,2025,Miami,R,92.412,31.296,35.135,25.981
HAM,Ferrari,5.0,0 days 00:01:32.899000,0 days 00:00:31.579000,0 days 00:00:35.276000,0 days 00:00:26.044000,nan,,,,,1,11.0,False,2025,Miami,R,92.899,31.579,35.276,26.044
HAM,Ferrari,6.0,0 days 00:01:33.410000,0 days 00:00:32.012000,0 days 00:00:35.274000,0 days 00:00:26.124000,nan,,,,,1,11.0,False,2025,Miami,R,93.41,32.012,35.274,26.124
HAM,Ferrari,7.0,0 days 00:01:32.960000,0 days 00:00:31.611000,0 days 00:00:35.366000,0 days 00:00:25.983000,nan,,,,,1,11.0,False,2025,Miami,R,92.96,31.611,35.366,25.983
HAM,Ferrari,8.0,0 days 00:01:33.229000,0 days 00:00:31.731000,0 days 00:00:35.470000,0 days 00:00:26.028000,nan,,,,,1,11.0,False,2025,Miami,R,93.229,31.731,35.47,26.028
HAM,Ferrari,9.0,0 days 00:01:33.164000,0 days 00:00:31.673000,0 days 00:00:35.398000,0 days 00:00:26.093000,nan,,,,,1,11.0,False,2025,Miami,R,93.164,31.673,35.398,26.093
HAM,Ferrari,10.0,0 days 00:01:32.876000,0 days 00:00:31.526000,0 days 00:00:35.303000,0 days 00:00:26.047000,nan,,,,,1,11.0,False,2025,Miami,R,92.876,31.526,35.303,26.047
HAM,Ferrari,11.0,0 days 00:01:33.328000,0 days 00:00:31.683000,0 days 00:00:35.445000,0 days 00:00:26.200000,nan,,,,,1,11.0,False,2025,Miami,R,93.328,31.683,35.445,26.2
HAM,Ferrari,12.0,0 days 00:01:33.039000,0 days 00:00:31.584000,0 days 00:00:35.421000,0 days 00:00:26.034000,nan,,,,,1,11.0,False,2025,Miami,R,93.039,31.584,35.421,26.034
HAM,Ferrari,13.0,0 days 00:01:32.844000,0 days 00:00:31.660000,0 days 00:00:35.204000,0 days 00:00:25.980000,nan,,,,,1,11.0,False,2025,Miami,R,92.844,31.66,35.204,25.98
HAM,Ferrari,14.0,0 days 00:01:33.067000,0 days 00:00:31.736000,0 days 00:00:35.316000,0 days 00:00:26.015000,nan,,,,,1,11.0,False,2025,Miami,R,93.067,31.736,35.316,26.015
HAM,Ferrari,15.0,0 days 00:01:33.369000,0 days 00:00:31.807000,0 days 00:00:35.518000,0 days 00:00:26.044000,nan,,,,,1,11.0,False,2025,Miami,R,93.369,31.807,35.518,26.044
HAM,Ferrari,16.0,0 days 00:01:33.513000,0 days 00:00:31.771000,0 days 00:00:35.794000,0 days 00:00:25.948000,nan,,,,,1,11.0,False,2025,Miami,R,93.513,31.771,35.794,25.948
HAM,Ferrari,17.0,0 days 00:01:33.399000,0 days 00:00:31.852000,0 days 00:00:35.482000,0 days 00:00:26.065000,nan,,,,,1,11.0,False,2025,Miami,R,93.399,31.852,35.482,26.065
HAM,Ferrari,18.0,0 days 00:01:33.440000,0 days 00:00:31.785000,0 days 00:00:35.575000,0 days 00:00:26.080000,nan,,,,,1,11.0,False,2025,Miami,R,93.44,31.785,35.575,26.08
HAM,Ferrari,19.0,0 days 00:01:33.444000,0 days 00:00:31.782000,0 days 00:00:35.684000,0 days 00:00:25.978000,nan,,,,,1,11.0,False,2025,Miami,R,93.444,31.782,35.684,25.978
HAM,Ferrari,20.0,0 days 00:01:32.965000,0 days 00:00:31.600000,0 days 00:00:35.489000,0 days 00:00:25.876000,nan,,,,,1,11.0,False,2025,Miami,R,92.965,31.6,35.489,25.876
HAM,Ferrari,21.0,0 days 00:01:33.329000,0 days 00:00:31.642000,0 days 00:00:35.508000,0 days 00:00:26.179000,nan,,,,,1,11.0,False,2025,Miami,R,93.329,31.642,35.508,26.179
HAM,Ferrari,22.0,0 days 00:01:34.369000,0 days 00:00:31.964000,0 days 00:00:36.657000,0 days 00:00:25.748000,nan,,,,,1,10.0,False,2025,Miami,R,94.369,31.964,36.657,25.748
HAM,Ferrari,23.0,0 days 00:01:33.387000,0 days 00:00:31.451000,0 days 00:00:35.785000,0 days 00:00:26.151000,nan,,,,,1,10.0,False,2025,Miami,R,93.387,31.451,35.785,26.151
HAM,Ferrari,24.0,0 days 00:01:32.636000,0 days 00:00:31.111000,0 days 00:00:35.486000,0 days 00:00:26.039000,HARD,1.0,1.0,,,1,10.0,False,2025,Miami,R,92.636,31.111,35.486,26.039
HAM,Ferrari,25.0,0 days 00:01:32.674000,0 days 00:00:31.076000,0 days 00:00:35.575000,0 days 00:00:26.023000,HARD,2.0,1.0,,,1,10.0,False,2025,Miami,R,92.674,31.076,35.575,26.023
HAM,Ferrari,26.0,0 days 00:01:32.503000,0 days 00:00:31.007000,0 days 00:00:35.501000,0 days 00:00:25.995000,HARD,3.0,1.0,,,1,8.0,False,2025,Miami,R,92.503,31.007,35.501,25.995
HAM,Ferrari,27.0,0 days 00:01:32.824000,0 days 00:00:31.102000,0 days 00:00:35.396000,0 days 00:00:26.326000,HARD,4.0,1.0,,,1,7.0,False,2025,Miami,R,92.824,31.102,35.396,26.326
HAM,Ferrari,28.0,0 days 00:01:39.786000,0 days 00:00:31.062000,0 days 00:00:35.380000,0 days 00:00:33.344000,HARD,5.0,1.0,0 days 01:41:47.873000,,16,6.0,False,2025,Miami,R,99.786,31.062,35.38,33.344
HAM,Ferrari,29.0,0 days 00:02:15.146000,0 days 00:00:54.625000,0 days 00:00:48.492000,0 days 00:00:32.029000,HARD,6.0,1.0,,0 days 01:42:11.023000,671,10.0,False,2025,Miami,R,135.146,54.625,48.492,32.029
HAM,Ferrari,30.0,0 days 00:01:30.620000,0 days 00:00:30.584000,0 days 00:00:34.701000,0 days 00:00:25.335000,HARD,7.0,1.0,,,1,9.0,False,2025,Miami,R,90.62,30.584,34.701,25.335
HAM,Ferrari,31.0,0 days 00:01:31.139000,0 days 00:00:30.502000,0 days 00:00:34.976000,0 days 00:00:25.661000,HARD,8.0,1.0,,,1,9.0,False,2025,Miami,R,91.139,30.502,34.976,25.661
HAM,Ferrari,32.0,0 days 00:01:31.221000,0 days 00:00:30.595000,0 days 00:00:34.969000,0 days 00:00:25.657000,HARD,9.0,1.0,,,1,9.0,False,2025,Miami,R,91.221,30.595,34.969,25.657
HAM,Ferrari,33.0,0 days 00:02:00.171000,0 days 00:00:44.394000,0 days 00:00:47.479000,0 days 00:00:28.298000,MEDIUM,1.0,2.0,,,167,9.0,False,2025,Miami,R,120.171,44.394,47.479,28.298
HAM,Ferrari,34.0,0 days 00:01:30.922000,0 days 00:00:30.773000,0 days 00:00:34.664000,0 days 00:00:25.485000,MEDIUM,2.0,2.0,,,1,8.0,False,2025,Miami,R,90.922,30.773,34.664,25.485
HAM,Ferrari,35.0,0 days 00:01:30.562000,0 days 00:00:30.455000,0 days 00:00:34.662000,0 days 00:00:25.445000,MEDIUM,3.0,2.0,,,1,8.0,False,2025,Miami,R,90.562,30.455,34.662,25.445
HAM,Ferrari,36.0,0 days 00:01:30.723000,0 days 00:00:30.366000,0 days 00:00:34.858000,0 days 00:00:25.499000,MEDIUM,4.0,2.0,,,1,8.0,False,2025,Miami,R,90.723,30.366,34.858,25.499
HAM,Ferrari,37.0,0 days 00:01:30.856000,0 days 00:00:30.397000,0 days 00:00:34.927000,0 days 00:00:25.532000,MEDIUM,5.0,2.0,,,1,8.0,False,2025,Miami,R,90.856,30.397,34.927,25.532
HAM,Ferrari,38.0,0 days 00:01:30.822000,0 days 00:00:30.663000,0 days 00:00:34.720000,0 days 00:00:25.439000,MEDIUM,6.0,2.0,,,1,7.0,False,2025,Miami,R,90.822,30.663,34.72,25.439
HAM,Ferrari,39.0,0 days 00:01:30.961000,0 days 00:00:30.244000,0 days 00:00:34.883000,0 days 00:00:25.834000,MEDIUM,7.0,2.0,,,1,7.0,False,2025,Miami,R,90.961,30.244,34.883,25.834
HAM,Ferrari,40.0,0 days 00:01:31.047000,0 days 00:00:30.348000,0 days 00:00:34.875000,0 days 00:00:25.824000,MEDIUM,8.0,2.0,,,1,7.0,False,2025,Miami,R,91.047,30.348,34.875,25.824
HAM,Ferrari,41.0,0 days 00:01:31.289000,0 days 00:00:30.327000,0 days 00:00:35.167000,0 days 00:00:25.795000,MEDIUM,9.0,2.0,,,1,7.0,False,2025,Miami,R,91.289,30.327,35.167,25.795
HAM,Ferrari,42.0,0 days 00:01:31.209000,0 days 00:00:30.310000,0 days 00:00:35.133000,0 days 00:00:25.766000,MEDIUM,10.0,2.0,,,1,7.0,False,2025,Miami,R,91.209,30.31,35.133,25.766
HAM,Ferrari,43.0,0 days 00:01:31.522000,0 days 00:00:30.399000,0 days 00:00:35.292000,0 days 00:00:25.831000,MEDIUM,11.0,2.0,,,1,7.0,False,2025,Miami,R,91.522,30.399,35.292,25.831
HAM,Ferrari,44.0,0 days 00:01:31.274000,0 days 00:00:30.420000,0 days 00:00:34.972000,0 days 00:00:25.882000,MEDIUM,12.0,2.0,,,1,7.0,False,2025,Miami,R,91.274,30.42,34.972,25.882
HAM,Ferrari,45.0,0 days 00:01:31.046000,0 days 00:00:30.397000,0 days 00:00:34.906000,0 days 00:00:25.743000,MEDIUM,13.0,2.0,,,1,7.0,False,2025,Miami,R,91.046,30.397,34.906,25.743
HAM,Ferrari,46.0,0 days 00:01:31.010000,0 days 00:00:30.415000,0 days 00:00:34.852000,0 days 00:00:25.743000,MEDIUM,14.0,2.0,,,1,7.0,False,2025,Miami,R,91.01,30.415,34.852,25.743
HAM,Ferrari,47.0,0 days 00:01:31.473000,0 days 00:00:30.996000,0 days 00:00:34.799000,0 days 00:00:25.678000,MEDIUM,15.0,2.0,,,1,7.0,False,2025,Miami,R,91.473,30.996,34.799,25.678
HAM,Ferrari,48.0,0 days 00:01:30.891000,0 days 00:00:30.380000,0 days 00:00:34.852000,0 days 00:00:25.659000,MEDIUM,16.0,2.0,,,1,7.0,False,2025,Miami,R,90.891,30.38,34.852,25.659
HAM,Ferrari,49.0,0 days 00:01:30.886000,0 days 00:00:30.334000,0 days 00:00:34.878000,0 days 00:00:25.674000,MEDIUM,17.0,2.0,,,1,7.0,False,2025,Miami,R,90.886,30.334,34.878,25.674
HAM,Ferrari,50.0,0 days 00:01:30.673000,0 days 00:00:30.268000,0 days 00:00:34.770000,0 days 00:00:25.635000,MEDIUM,18.0,2.0,,,1,7.0,False,2025,Miami,R,90.673,30.268,34.77,25.635
HAM,Ferrari,51.0,0 days 00:01:30.756000,0 days 00:00:30.282000,0 days 00:00:34.794000,0 days 00:00:25.680000,MEDIUM,19.0,2.0,,,1,7.0,False,2025,Miami,R,90.756,30.282,34.794,25.68
HAM,Ferrari,52.0,0 days 00:01:32.162000,0 days 00:00:30.301000,0 days 00:00:36.229000,0 days 00:00:25.632000,MEDIUM,20.0,2.0,,,1,8.0,False,2025,Miami,R,92.162,30.301,36.229,25.632
HAM,Ferrari,53.0,0 days 00:01:30.779000,0 days 00:00:30.506000,0 days 00:00:34.678000,0 days 00:00:25.595000,MEDIUM,21.0,2.0,,,1,8.0,False,2025,Miami,R,90.779,30.506,34.678,25.595
HAM,Ferrari,54.0,0 days 00:01:30.993000,0 days 00:00:30.382000,0 days 00:00:34.865000,0 days 00:00:25.746000,MEDIUM,22.0,2.0,,,1,8.0,False,2025,Miami,R,90.993,30.382,34.865,25.746
HAM,Ferrari,55.0,0 days 00:01:30.999000,0 days 00:00:30.431000,0 days 00:00:34.818000,0 days 00:00:25.750000,MEDIUM,23.0,2.0,,,1,8.0,False,2025,Miami,R,90.999,30.431,34.818,25.75
HAM,Ferrari,56.0,0 days 00:01:31.025000,0 days 00:00:30.356000,0 days 00:00:34.879000,0 days 00:00:25.790000,MEDIUM,24.0,2.0,,,1,8.0,False,2025,Miami,R,91.025,30.356,34.879,25.79
HAM,Ferrari,57.0,0 days 00:01:31.958000,0 days 00:00:30.517000,0 days 00:00:35.068000,0 days 00:00:26.373000,MEDIUM,25.0,2.0,,,1,8.0,False,2025,Miami,R,91.958,30.517,35.068,26.373
BOR,Kick Sauber,1.0,0 days 00:01:43.084000,,0 days 00:00:37.110000,0 days 00:00:26.427000,nan,,,,,12,13.0,False,2025,Miami,R,103.084,,37.11,26.427
BOR,Kick Sauber,2.0,0 days 00:02:01.110000,0 days 00:00:32.681000,0 days 00:00:58.727000,0 days 00:00:29.702000,nan,,,,,126,13.0,False,2025,Miami,R,121.11,32.681,58.727,29.702
BOR,Kick Sauber,3.0,0 days 00:01:58.970000,0 days 00:00:38.508000,0 days 00:00:53.788000,0 days 00:00:26.674000,nan,,,,,671,13.0,False,2025,Miami,R,118.97,38.508,53.788,26.674
BOR,Kick Sauber,4.0,0 days 00:01:34.522000,0 days 00:00:32.693000,0 days 00:00:35.580000,0 days 00:00:26.249000,nan,,,,,1,13.0,False,2025,Miami,R,94.522,32.693,35.58,26.249
BOR,Kick Sauber,5.0,0 days 00:01:33.194000,0 days 00:00:31.849000,0 days 00:00:35.346000,0 days 00:00:25.999000,nan,,,,,1,13.0,False,2025,Miami,R,93.194,31.849,35.346,25.999
BOR,Kick Sauber,6.0,0 days 00:01:33.134000,0 days 00:00:31.821000,0 days 00:00:35.392000,0 days 00:00:25.921000,nan,,,,,1,13.0,False,2025,Miami,R,93.134,31.821,35.392,25.921
BOR,Kick Sauber,7.0,0 days 00:01:33.607000,0 days 00:00:32.134000,0 days 00:00:35.444000,0 days 00:00:26.029000,nan,,,,,1,13.0,False,2025,Miami,R,93.607,32.134,35.444,26.029
BOR,Kick Sauber,8.0,0 days 00:01:33.594000,0 days 00:00:31.769000,0 days 00:00:35.690000,0 days 00:00:26.135000,nan,,,,,1,13.0,False,2025,Miami,R,93.594,31.769,35.69,26.135
BOR,Kick Sauber,9.0,0 days 00:01:33.269000,0 days 00:00:31.851000,0 days 00:00:35.329000,0 days 00:00:26.089000,nan,,,,,1,13.0,False,2025,Miami,R,93.269,31.851,35.329,26.089
BOR,Kick Sauber,10.0,0 days 00:01:33.439000,0 days 00:00:31.632000,0 days 00:00:35.609000,0 days 00:00:26.198000,nan,,,,,1,13.0,False,2025,Miami,R,93.439,31.632,35.609,26.198
BOR,Kick Sauber,11.0,0 days 00:01:33.561000,0 days 00:00:31.719000,0 days 00:00:35.580000,0 days 00:00:26.262000,nan,,,,,1,13.0,False,2025,Miami,R,93.561,31.719,35.58,26.262
BOR,Kick Sauber,12.0,0 days 00:01:33.381000,0 days 00:00:31.599000,0 days 00:00:35.542000,0 days 00:00:26.240000,nan,,,,,1,13.0,False,2025,Miami,R,93.381,31.599,35.542,26.24
BOR,Kick Sauber,13.0,0 days 00:01:33.402000,0 days 00:00:31.695000,0 days 00:00:35.411000,0 days 00:00:26.296000,nan,,,,,1,13.0,False,2025,Miami,R,93.402,31.695,35.411,26.296
BOR,Kick Sauber,14.0,0 days 00:01:33.203000,0 days 00:00:31.599000,0 days 00:00:35.504000,0 days 00:00:26.100000,nan,,,,,1,13.0,False,2025,Miami,R,93.203,31.599,35.504,26.1
BOR,Kick Sauber,15.0,0 days 00:01:33.547000,0 days 00:00:31.658000,0 days 00:00:35.745000,0 days 00:00:26.144000,nan,,,,,1,13.0,False,2025,Miami,R,93.547,31.658,35.745,26.144
BOR,Kick Sauber,16.0,0 days 00:01:33.778000,0 days 00:00:31.652000,0 days 00:00:35.960000,0 days 00:00:26.166000,nan,,,,,1,13.0,False,2025,Miami,R,93.778,31.652,35.96,26.166
BOR,Kick Sauber,17.0,0 days 00:01:33.581000,0 days 00:00:31.615000,0 days 00:00:35.709000,0 days 00:00:26.257000,nan,,,,,1,13.0,False,2025,Miami,R,93.581,31.615,35.709,26.257
BOR,Kick Sauber,18.0,0 days 00:01:33.890000,0 days 00:00:31.615000,0 days 00:00:35.959000,0 days 00:00:26.316000,nan,,,,,1,13.0,False,2025,Miami,R,93.89,31.615,35.959,26.316
BOR,Kick Sauber,19.0,0 days 00:01:38.410000,0 days 00:00:31.530000,0 days 00:00:35.744000,0 days 00:00:31.136000,nan,,,0 days 01:27:54.870000,,1,16.0,False,2025,Miami,R,98.41,31.53,35.744,31.136
BOR,Kick Sauber,20.0,0 days 00:01:46.558000,0 days 00:00:45.688000,0 days 00:00:34.930000,0 days 00:00:25.940000,nan,,,,0 days 01:28:17.069000,1,18.0,False,2025,Miami,R,106.558,45.688,34.93,25.94
BOR,Kick Sauber,21.0,0 days 00:01:32.328000,0 days 00:00:30.895000,0 days 00:00:35.340000,0 days 00:00:26.093000,nan,,,,,1,17.0,False,2025,Miami,R,92.328,30.895,35.34,26.093
BOR,Kick Sauber,22.0,0 days 00:01:32.414000,0 days 00:00:31.162000,0 days 00:00:35.304000,0 days 00:00:25.948000,nan,,,,,1,17.0,False,2025,Miami,R,92.414,31.162,35.304,25.948
BOR,Kick Sauber,23.0,0 days 00:01:32.423000,0 days 00:00:31.131000,0 days 00:00:35.280000,0 days 00:00:26.012000,nan,,,,,1,17.0,False,2025,Miami,R,92.423,31.131,35.28,26.012
BOR,Kick Sauber,24.0,0 days 00:01:33.275000,0 days 00:00:31.800000,0 days 00:00:35.413000,0 days 00:00:26.062000,HARD,1.0,1.0,,,1,17.0,False,2025,Miami,R,93.275,31.8,35.413,26.062
BOR,Kick Sauber,25.0,0 days 00:01:33.162000,0 days 00:00:31.370000,0 days 00:00:35.584000,0 days 00:00:26.208000,HARD,2.0,1.0,,,1,17.0,False,2025,Miami,R,93.162,31.37,35.584,26.208
BOR,Kick Sauber,26.0,0 days 00:01:32.822000,0 days 00:00:31.229000,0 days 00:00:35.563000,0 days 00:00:26.030000,HARD,3.0,1.0,,,1,17.0,False,2025,Miami,R,92.822,31.229,35.563,26.03
BOR,Kick Sauber,27.0,0 days 00:01:32.420000,0 days 00:00:30.942000,0 days 00:00:35.377000,0 days 00:00:26.101000,HARD,4.0,1.0,,,1,17.0,False,2025,Miami,R,92.42,30.942,35.377,26.101
BOR,Kick Sauber,28.0,0 days 00:01:44.735000,0 days 00:00:31.124000,0 days 00:00:36.391000,0 days 00:00:37.220000,HARD,5.0,1.0,,,16,16.0,False,2025,Miami,R,104.735,31.124,36.391,37.22
BOR,Kick Sauber,29.0,0 days 00:02:01.597000,0 days 00:00:43.023000,0 days 00:00:48.471000,0 days 00:00:30.103000,HARD,6.0,1.0,,,671,15.0,False,2025,Miami,R,121.597,43.023,48.471,30.103
BOR,Kick Sauber,30.0,0 days 00:01:57.049000,0 days 00:00:38.098000,0 days 00:00:43.279000,0 days 00:00:35.672000,HARD,7.0,1.0,,,1,17.0,True,2025,Miami,R,117.049,38.098,43.279,35.672
BOR,Kick Sauber,31.0,,,,,HARD,8.0,1.0,,,16,,False,2025,Miami,R,,,,
SAI,Williams,1.0,0 days 00:01:39.731000,,0 days 00:00:35.616000,0 days 00:00:26.190000,nan,,,,,12,7.0,False,2025,Miami,R,99.731,,35.616,26.19
SAI,Williams,2.0,0 days 00:01:55.407000,0 days 00:00:32.480000,0 days 00:00:51.705000,0 days 00:00:31.222000,nan,,,,,126,7.0,False,2025,Miami,R,115.407,32.48,51.705,31.222
SAI,Williams,3.0,0 days 00:02:01.936000,0 days 00:00:43.365000,0 days 00:00:51.096000,0 days 00:00:27.475000,nan,,,,,671,7.0,False,2025,Miami,R,121.936,43.365,51.096,27.475
SAI,Williams,4.0,0 days 00:01:32.521000,0 days 00:00:31.809000,0 days 00:00:34.925000,0 days 00:00:25.787000,nan,,,,,1,7.0,False,2025,Miami,R,92.521,31.809,34.925,25.787
SAI,Williams,5.0,0 days 00:01:32.332000,0 days 00:00:31.915000,0 days 00:00:34.600000,0 days 00:00:25.817000,nan,,,,,1,6.0,False,2025,Miami,R,92.332,31.915,34.6,25.817
SAI,Williams,6.0,0 days 00:01:33.317000,0 days 00:00:32.042000,0 days 00:00:35.214000,0 days 00:00:26.061000,nan,,,,,1,6.0,False,2025,Miami,R,93.317,32.042,35.214,26.061
SAI,Williams,7.0,0 days 00:01:33.029000,0 days 00:00:31.847000,0 days 00:00:35.302000,0 days 00:00:25.880000,nan,,,,,1,6.0,False,2025,Miami,R,93.029,31.847,35.302,25.88
SAI,Williams,8.0,0 days 00:01:33.230000,0 days 00:00:32.219000,0 days 00:00:35.213000,0 days 00:00:25.798000,nan,,,,,1,6.0,False,2025,Miami,R,93.23,32.219,35.213,25.798
SAI,Williams,9.0,0 days 00:01:33.100000,0 days 00:00:32.057000,0 days 00:00:35.191000,0 days 00:00:25.852000,nan,,,,,1,6.0,False,2025,Miami,R,93.1,32.057,35.191,25.852
SAI,Williams,10.0,0 days 00:01:32.906000,0 days 00:00:31.785000,0 days 00:00:35.077000,0 days 00:00:26.044000,nan,,,,,1,6.0,False,2025,Miami,R,92.906,31.785,35.077,26.044
SAI,Williams,11.0,0 days 00:01:33.652000,0 days 00:00:32.131000,0 days 00:00:35.402000,0 days 00:00:26.119000,nan,,,,,1,6.0,False,2025,Miami,R,93.652,32.131,35.402,26.119
SAI,Williams,12.0,0 days 00:01:33.379000,0 days 00:00:31.761000,0 days 00:00:35.480000,0 days 00:00:26.138000,nan,,,,,1,6.0,False,2025,Miami,R,93.379,31.761,35.48,26.138
SAI,Williams,13.0,0 days 00:01:33.044000,0 days 00:00:31.755000,0 days 00:00:35.274000,0 days 00:00:26.015000,nan,,,,,1,6.0,False,2025,Miami,R,93.044,31.755,35.274,26.015
SAI,Williams,14.0,0 days 00:01:33.614000,0 days 00:00:31.769000,0 days 00:00:36.128000,0 days 00:00:25.717000,nan,,,,,1,7.0,False,2025,Miami,R,93.614,31.769,36.128,25.717
SAI,Williams,15.0,0 days 00:01:33.538000,0 days 00:00:32.329000,0 days 00:00:35.410000,0 days 00:00:25.799000,nan,,,,,1,7.0,False,2025,Miami,R,93.538,32.329,35.41,25.799
SAI,Williams,16.0,0 days 00:01:32.915000,0 days 00:00:31.794000,0 days 00:00:35.040000,0 days 00:00:26.081000,nan,,,,,1,7.0,True,2025,Miami,R,92.915,31.794,35.04,26.081
SAI,Williams,17.0,0 days 00:01:32.857000,0 days 00:00:31.776000,0 days 00:00:35.119000,0 days 00:00:25.962000,nan,,,,,1,7.0,False,2025,Miami,R,92.857,31.776,35.119,25.962
SAI,Williams,18.0,0 days 00:01:33.257000,0 days 00:00:31.574000,0 days 00:00:35.730000,0 days 00:00:25.953000,nan,,,,,1,7.0,False,2025,Miami,R,93.257,31.574,35.73,25.953
SAI,Williams,19.0,0 days 00:01:32.546000,0 days 00:00:31.548000,0 days 00:00:35.135000,0 days 00:00:25.863000,nan,,,,,1,7.0,False,2025,Miami,R,92.546,31.548,35.135,25.863
SAI,Williams,20.0,0 days 00:01:32.658000,0 days 00:00:31.616000,0 days 00:00:35.121000,0 days 00:00:25.921000,nan,,,,,1,7.0,False,2025,Miami,R,92.658,31.616,35.121,25.921
SAI,Williams,21.0,0 days 00:01:33.213000,0 days 00:00:31.616000,0 days 00:00:35.627000,0 days 00:00:25.970000,nan,,,,,1,7.0,False,2025,Miami,R,93.213,31.616,35.627,25.97
SAI,Williams,22.0,0 days 00:01:32.858000,0 days 00:00:31.517000,0 days 00:00:35.455000,0 days 00:00:25.886000,nan,,,,,1,7.0,False,2025,Miami,R,92.858,31.517,35.455,25.886
SAI,Williams,23.0,0 days 00:01:32.557000,0 days 00:00:31.452000,0 days 00:00:35.203000,0 days 00:00:25.902000,nan,,,,,1,7.0,False,2025,Miami,R,92.557,31.452,35.203,25.902
SAI,Williams,24.0,0 days 00:01:32.846000,0 days 00:00:31.590000,0 days 00:00:35.361000,0 days 00:00:25.895000,nan,,,,,1,7.0,False,2025,Miami,R,92.846,31.59,35.361,25.895
SAI,Williams,25.0,0 days 00:01:37.333000,0 days 00:00:31.462000,0 days 00:00:35.174000,0 days 00:00:30.697000,MEDIUM,7.0,1.0,0 days 01:36:57.932000,,1,9.0,False,2025,Miami,R,97.333,31.462,35.174,30.697
SAI,Williams,26.0,0 days 00:01:45.727000,0 days 00:00:45.520000,0 days 00:00:34.539000,0 days 00:00:25.668000,MEDIUM,8.0,1.0,,0 days 01:37:20.457000,1,11.0,False,2025,Miami,R,105.727,45.52,34.539,25.668
SAI,Williams,27.0,0 days 00:01:31.198000,0 days 00:00:30.793000,0 days 00:00:34.978000,0 days 00:00:25.427000,MEDIUM,9.0,1.0,,,1,10.0,False,2025,Miami,R,91.198,30.793,34.978,25.427
SAI,Williams,28.0,0 days 00:01:38.091000,0 days 00:00:31.102000,0 days 00:00:34.907000,0 days 00:00:32.082000,MEDIUM,10.0,1.0,,,16,9.0,False,2025,Miami,R,98.091,31.102,34.907,32.082
SAI,Williams,29.0,0 days 00:02:05.347000,0 days 00:00:43.271000,0 days 00:00:48.529000,0 days 00:00:33.547000,MEDIUM,11.0,1.0,,,671,8.0,False,2025,Miami,R,125.347,43.271,48.529,33.547
SAI,Williams,30.0,0 days 00:01:31.546000,0 days 00:00:31.135000,0 days 00:00:34.709000,0 days 00:00:25.702000,MEDIUM,12.0,1.0,,,1,8.0,False,2025,Miami,R,91.546,31.135,34.709,25.702
SAI,Williams,31.0,0 days 00:01:32.773000,0 days 00:00:31.828000,0 days 00:00:35.197000,0 days 00:00:25.748000,MEDIUM,13.0,1.0,,,1,7.0,False,2025,Miami,R,92.773,31.828,35.197,25.748
SAI,Williams,32.0,0 days 00:01:31.597000,0 days 00:00:30.968000,0 days 00:00:34.799000,0 days 00:00:25.830000,MEDIUM,14.0,1.0,,,1,7.0,False,2025,Miami,R,91.597,30.968,34.799,25.83
SAI,Williams,33.0,0 days 00:02:01.453000,0 days 00:00:44.208000,0 days 00:00:47.510000,0 days 00:00:29.735000,HARD,1.0,2.0,,,167,7.0,False,2025,Miami,R,121.453,44.208,47.51,29.735
SAI,Williams,34.0,0 days 00:01:31.979000,0 days 00:00:32.051000,0 days 00:00:34.482000,0 days 00:00:25.446000,HARD,2.0,2.0,,,1,9.0,False,2025,Miami,R,91.979,32.051,34.482,25.446
SAI,Williams,35.0,0 days 00:01:30.703000,0 days 00:00:30.771000,0 days 00:00:34.504000,0 days 00:00:25.428000,HARD,3.0,2.0,,,1,9.0,False,2025,Miami,R,90.703,30.771,34.504,25.428
SAI,Williams,36.0,0 days 00:01:31.132000,0 days 00:00:30.717000,0 days 00:00:34.887000,0 days 00:00:25.528000,HARD,4.0,2.0,,,1,9.0,False,2025,Miami,R,91.132,30.717,34.887,25.528
SAI,Williams,37.0,0 days 00:01:31,0 days 00:00:30.694000,0 days 00:00:34.717000,0 days 00:00:25.589000,HARD,5.0,2.0,,,1,9.0,False,2025,Miami,R,91.0,30.694,34.717,25.589
SAI,Williams,38.0,0 days 00:01:31.414000,0 days 00:00:30.902000,0 days 00:00:34.796000,0 days 00:00:25.716000,HARD,6.0,2.0,,,1,9.0,False,2025,Miami,R,91.414,30.902,34.796,25.716
SAI,Williams,39.0,0 days 00:01:31.285000,0 days 00:00:30.870000,0 days 00:00:34.762000,0 days 00:00:25.653000,HARD,7.0,2.0,,,1,9.0,False,2025,Miami,R,91.285,30.87,34.762,25.653
SAI,Williams,40.0,0 days 00:01:31.558000,0 days 00:00:30.926000,0 days 00:00:34.951000,0 days 00:00:25.681000,HARD,8.0,2.0,,,1,9.0,False,2025,Miami,R,91.558,30.926,34.951,25.681
SAI,Williams,41.0,0 days 00:01:31.210000,0 days 00:00:30.757000,0 days 00:00:34.847000,0 days 00:00:25.606000,HARD,9.0,2.0,,,1,9.0,False,2025,Miami,R,91.21,30.757,34.847,25.606
SAI,Williams,42.0,0 days 00:01:31.159000,0 days 00:00:30.790000,0 days 00:00:34.833000,0 days 00:00:25.536000,HARD,10.0,2.0,,,1,9.0,False,2025,Miami,R,91.159,30.79,34.833,25.536
SAI,Williams,43.0,0 days 00:01:31.248000,0 days 00:00:30.782000,0 days 00:00:34.860000,0 days 00:00:25.606000,HARD,11.0,2.0,,,1,9.0,False,2025,Miami,R,91.248,30.782,34.86,25.606
SAI,Williams,44.0,0 days 00:01:31.157000,0 days 00:00:30.817000,0 days 00:00:34.723000,0 days 00:00:25.617000,HARD,12.0,2.0,,,1,9.0,False,2025,Miami,R,91.157,30.817,34.723,25.617
SAI,Williams,45.0,0 days 00:01:31.288000,0 days 00:00:30.764000,0 days 00:00:34.929000,0 days 00:00:25.595000,HARD,13.0,2.0,,,1,9.0,False,2025,Miami,R,91.288,30.764,34.929,25.595
SAI,Williams,46.0,0 days 00:01:31.038000,0 days 00:00:30.791000,0 days 00:00:34.694000,0 days 00:00:25.553000,HARD,14.0,2.0,,,1,9.0,False,2025,Miami,R,91.038,30.791,34.694,25.553
SAI,Williams,47.0,0 days 00:01:31.128000,0 days 00:00:30.836000,0 days 00:00:34.762000,0 days 00:00:25.530000,HARD,15.0,2.0,,,1,9.0,False,2025,Miami,R,91.128,30.836,34.762,25.53
SAI,Williams,48.0,0 days 00:01:30.933000,0 days 00:00:30.810000,0 days 00:00:34.590000,0 days 00:00:25.533000,HARD,16.0,2.0,,,1,9.0,False,2025,Miami,R,90.933,30.81,34.59,25.533
SAI,Williams,49.0,0 days 00:01:30.849000,0 days 00:00:30.804000,0 days 00:00:34.560000,0 days 00:00:25.485000,HARD,17.0,2.0,,,1,9.0,False,2025,Miami,R,90.849,30.804,34.56,25.485
SAI,Williams,50.0,0 days 00:01:30.980000,0 days 00:00:30.735000,0 days 00:00:34.743000,0 days 00:00:25.502000,HARD,18.0,2.0,,,1,9.0,False,2025,Miami,R,90.98,30.735,34.743,25.502
SAI,Williams,51.0,0 days 00:01:30.813000,0 days 00:00:30.718000,0 days 00:00:34.541000,0 days 00:00:25.554000,HARD,19.0,2.0,,,1,9.0,False,2025,Miami,R,90.813,30.718,34.541,25.554
SAI,Williams,52.0,0 days 00:01:30.763000,0 days 00:00:30.640000,0 days 00:00:34.601000,0 days 00:00:25.522000,HARD,20.0,2.0,,,1,9.0,False,2025,Miami,R,90.763,30.64,34.601,25.522
SAI,Williams,53.0,0 days 00:01:30.877000,0 days 00:00:30.912000,0 days 00:00:34.464000,0 days 00:00:25.501000,HARD,21.0,2.0,,,1,9.0,False,2025,Miami,R,90.877,30.912,34.464,25.501
SAI,Williams,54.0,0 days 00:01:30.904000,0 days 00:00:30.693000,0 days 00:00:34.624000,0 days 00:00:25.587000,HARD,22.0,2.0,,,1,9.0,False,2025,Miami,R,90.904,30.693,34.624,25.587
SAI,Williams,55.0,0 days 00:01:30.801000,0 days 00:00:30.665000,0 days 00:00:34.601000,0 days 00:00:25.535000,HARD,23.0,2.0,,,1,9.0,False,2025,Miami,R,90.801,30.665,34.601,25.535
SAI,Williams,56.0,0 days 00:01:31.178000,0 days 00:00:30.744000,0 days 00:00:34.718000,0 days 00:00:25.716000,HARD,24.0,2.0,,,1,9.0,False,2025,Miami,R,91.178,30.744,34.718,25.716
SAI,Williams,57.0,0 days 00:01:31.259000,0 days 00:00:30.641000,0 days 00:00:34.518000,0 days 00:00:26.100000,HARD,25.0,2.0,,,1,9.0,False,2025,Miami,R,91.259,30.641,34.518,26.1
HAD,Racing Bulls,1.0,0 days 00:01:42.125000,,0 days 00:00:36.707000,0 days 00:00:26.301000,nan,,,,,12,11.0,False,2025,Miami,R,102.125,,36.707,26.301
HAD,Racing Bulls,2.0,0 days 00:01:59.426000,0 days 00:00:32.287000,0 days 00:00:57.581000,0 days 00:00:29.558000,nan,,,,,126,11.0,False,2025,Miami,R,119.426,32.287,57.581,29.558
HAD,Racing Bulls,3.0,0 days 00:02:01.095000,0 days 00:00:39.913000,0 days 00:00:53.979000,0 days 00:00:27.203000,nan,,,,,671,11.0,False,2025,Miami,R,121.095,39.913,53.979,27.203
HAD,Racing Bulls,4.0,0 days 00:01:34.546000,0 days 00:00:32.714000,0 days 00:00:35.552000,0 days 00:00:26.280000,nan,,,,,1,12.0,False,2025,Miami,R,94.546,32.714,35.552,26.28
HAD,Racing Bulls,5.0,0 days 00:01:32.963000,0 days 00:00:31.473000,0 days 00:00:35.252000,0 days 00:00:26.238000,nan,,,,,1,12.0,False,2025,Miami,R,92.963,31.473,35.252,26.238
HAD,Racing Bulls,6.0,0 days 00:01:33.291000,0 days 00:00:31.599000,0 days 00:00:35.443000,0 days 00:00:26.249000,nan,,,,,1,12.0,False,2025,Miami,R,93.291,31.599,35.443,26.249
HAD,Racing Bulls,7.0,0 days 00:01:33.114000,0 days 00:00:31.600000,0 days 00:00:35.338000,0 days 00:00:26.176000,nan,,,,,1,12.0,False,2025,Miami,R,93.114,31.6,35.338,26.176
HAD,Racing Bulls,8.0,0 days 00:01:33.342000,0 days 00:00:31.670000,0 days 00:00:35.372000,0 days 00:00:26.300000,nan,,,,,1,12.0,False,2025,Miami,R,93.342,31.67,35.372,26.3
HAD,Racing Bulls,9.0,0 days 00:01:33.399000,0 days 00:00:31.831000,0 days 00:00:35.390000,0 days 00:00:26.178000,nan,,,,,1,12.0,False,2025,Miami,R,93.399,31.831,35.39,26.178
HAD,Racing Bulls,10.0,0 days 00:01:33.205000,0 days 00:00:31.544000,0 days 00:00:35.375000,0 days 00:00:26.286000,nan,,,,,1,12.0,False,2025,Miami,R,93.205,31.544,35.375,26.286
HAD,Racing Bulls,11.0,0 days 00:01:33.095000,0 days 00:00:31.587000,0 days 00:00:35.172000,0 days 00:00:26.336000,nan,,,,,1,12.0,False,2025,Miami,R,93.095,31.587,35.172,26.336
HAD,Racing Bulls,12.0,0 days 00:01:33.235000,0 days 00:00:31.624000,0 days 00:00:35.391000,0 days 00:00:26.220000,nan,,,,,1,12.0,False,2025,Miami,R,93.235,31.624,35.391,26.22
HAD,Racing Bulls,13.0,0 days 00:01:33.145000,0 days 00:00:31.695000,0 days 00:00:35.296000,0 days 00:00:26.154000,nan,,,,,1,12.0,False,2025,Miami,R,93.145,31.695,35.296,26.154
HAD,Racing Bulls,14.0,0 days 00:01:33.641000,0 days 00:00:32.115000,0 days 00:00:35.293000,0 days 00:00:26.233000,nan,,,,,1,12.0,False,2025,Miami,R,93.641,32.115,35.293,26.233
HAD,Racing Bulls,15.0,0 days 00:01:33.241000,0 days 00:00:31.658000,0 days 00:00:35.374000,0 days 00:00:26.209000,nan,,,,,1,12.0,False,2025,Miami,R,93.241,31.658,35.374,26.209
HAD,Racing Bulls,16.0,0 days 00:01:33.151000,0 days 00:00:31.527000,0 days 00:00:35.421000,0 days 00:00:26.203000,nan,,,,,1,12.0,False,2025,Miami,R,93.151,31.527,35.421,26.203
HAD,Racing Bulls,17.0,0 days 00:01:33.366000,0 days 00:00:31.658000,0 days 00:00:35.451000,0 days 00:00:26.257000,nan,,,,,1,12.0,False,2025,Miami,R,93.366,31.658,35.451,26.257
HAD,Racing Bulls,18.0,0 days 00:01:33.330000,0 days 00:00:31.601000,0 days 00:00:35.529000,0 days 00:00:26.200000,nan,,,,,1,12.0,False,2025,Miami,R,93.33,31.601,35.529,26.2
HAD,Racing Bulls,19.0,0 days 00:01:33.365000,0 days 00:00:31.588000,0 days 00:00:35.490000,0 days 00:00:26.287000,nan,,,,,1,12.0,False,2025,Miami,R,93.365,31.588,35.49,26.287
HAD,Racing Bulls,20.0,0 days 00:01:33.290000,0 days 00:00:31.554000,0 days 00:00:35.465000,0 days 00:00:26.271000,nan,,,,,1,12.0,False,2025,Miami,R,93.29,31.554,35.465,26.271
HAD,Racing Bulls,21.0,0 days 00:01:33.069000,0 days 00:00:31.457000,0 days 00:00:35.333000,0 days 00:00:26.279000,nan,,,,,1,12.0,False,2025,Miami,R,93.069,31.457,35.333,26.279
HAD,Racing Bulls,22.0,0 days 00:01:38.581000,0 days 00:00:31.546000,0 days 00:00:35.564000,0 days 00:00:31.471000,nan,,,0 days 01:32:31.168000,,1,13.0,False,2025,Miami,R,98.581,31.546,35.564,31.471
HAD,Racing Bulls,23.0,0 days 00:01:45.757000,0 days 00:00:45.083000,0 days 00:00:34.709000,0 days 00:00:25.965000,nan,,,,0 days 01:32:53.367000,1,16.0,False,2025,Miami,R,105.757,45.083,34.709,25.965
HAD,Racing Bulls,24.0,0 days 00:01:32.032000,0 days 00:00:31.017000,0 days 00:00:35.037000,0 days 00:00:25.978000,HARD,1.0,1.0,,,1,15.0,False,2025,Miami,R,92.032,31.017,35.037,25.978
HAD,Racing Bulls,25.0,0 days 00:01:31.644000,0 days 00:00:30.803000,0 days 00:00:34.835000,0 days 00:00:26.006000,HARD,2.0,1.0,,,1,15.0,False,2025,Miami,R,91.644,30.803,34.835,26.006
HAD,Racing Bulls,26.0,0 days 00:01:31.853000,0 days 00:00:30.871000,0 days 00:00:35.016000,0 days 00:00:25.966000,HARD,3.0,1.0,,,1,15.0,False,2025,Miami,R,91.853,30.871,35.016,25.966
HAD,Racing Bulls,27.0,0 days 00:01:31.902000,0 days 00:00:30.815000,0 days 00:00:35.139000,0 days 00:00:25.948000,HARD,4.0,1.0,,,1,15.0,False,2025,Miami,R,91.902,30.815,35.139,25.948
HAD,Racing Bulls,28.0,0 days 00:01:43.810000,0 days 00:00:31.206000,0 days 00:00:35.640000,0 days 00:00:36.964000,HARD,5.0,1.0,,,16,13.0,False,2025,Miami,R,103.81,31.206,35.64,36.964
HAD,Racing Bulls,29.0,0 days 00:02:00.719000,0 days 00:00:41.819000,0 days 00:00:48.259000,0 days 00:00:30.641000,HARD,6.0,1.0,,,671,13.0,False,2025,Miami,R,120.719,41.819,48.259,30.641
HAD,Racing Bulls,30.0,0 days 00:01:31.233000,0 days 00:00:30.560000,0 days 00:00:34.783000,0 days 00:00:25.890000,HARD,7.0,1.0,,,1,13.0,False,2025,Miami,R,91.233,30.56,34.783,25.89
HAD,Racing Bulls,31.0,0 days 00:01:31.671000,0 days 00:00:30.679000,0 days 00:00:35.007000,0 days 00:00:25.985000,HARD,8.0,1.0,,,1,13.0,False,2025,Miami,R,91.671,30.679,35.007,25.985
HAD,Racing Bulls,32.0,0 days 00:01:36.020000,0 days 00:00:30.939000,0 days 00:00:35.058000,0 days 00:00:30.023000,HARD,9.0,1.0,,,16,12.0,False,2025,Miami,R,96.02,30.939,35.058,30.023
HAD,Racing Bulls,33.0,0 days 00:01:55.478000,0 days 00:00:42.588000,0 days 00:00:46.821000,0 days 00:00:26.069000,HARD,10.0,1.0,,,671,12.0,False,2025,Miami,R,115.478,42.588,46.821,26.069
HAD,Racing Bulls,34.0,0 days 00:01:31.309000,0 days 00:00:30.606000,0 days 00:00:34.833000,0 days 00:00:25.870000,HARD,11.0,1.0,,,1,12.0,False,2025,Miami,R,91.309,30.606,34.833,25.87
HAD,Racing Bulls,35.0,0 days 00:01:31.488000,0 days 00:00:30.663000,0 days 00:00:34.975000,0 days 00:00:25.850000,HARD,12.0,1.0,,,1,12.0,False,2025,Miami,R,91.488,30.663,34.975,25.85
HAD,Racing Bulls,36.0,0 days 00:01:31.730000,0 days 00:00:30.729000,0 days 00:00:35.066000,0 days 00:00:25.935000,HARD,13.0,1.0,,,1,11.0,False,2025,Miami,R,91.73,30.729,35.066,25.935
HAD,Racing Bulls,37.0,0 days 00:01:31.747000,0 days 00:00:30.687000,0 days 00:00:35.056000,0 days 00:00:26.004000,HARD,14.0,1.0,,,1,11.0,False,2025,Miami,R,91.747,30.687,35.056,26.004
HAD,Racing Bulls,38.0,0 days 00:01:31.452000,0 days 00:00:30.547000,0 days 00:00:34.927000,0 days 00:00:25.978000,HARD,15.0,1.0,,,1,11.0,False,2025,Miami,R,91.452,30.547,34.927,25.978
HAD,Racing Bulls,39.0,0 days 00:01:31.507000,0 days 00:00:30.686000,0 days 00:00:34.867000,0 days 00:00:25.954000,HARD,16.0,1.0,,,1,11.0,False,2025,Miami,R,91.507,30.686,34.867,25.954
HAD,Racing Bulls,40.0,0 days 00:01:31.544000,0 days 00:00:30.724000,0 days 00:00:34.886000,0 days 00:00:25.934000,HARD,17.0,1.0,,,1,11.0,False,2025,Miami,R,91.544,30.724,34.886,25.934
HAD,Racing Bulls,41.0,0 days 00:01:31.573000,0 days 00:00:30.604000,0 days 00:00:35.053000,0 days 00:00:25.916000,HARD,18.0,1.0,,,1,11.0,False,2025,Miami,R,91.573,30.604,35.053,25.916
HAD,Racing Bulls,42.0,0 days 00:01:31.481000,0 days 00:00:30.590000,0 days 00:00:34.978000,0 days 00:00:25.913000,HARD,19.0,1.0,,,1,11.0,False,2025,Miami,R,91.481,30.59,34.978,25.913
HAD,Racing Bulls,43.0,0 days 00:01:31.438000,0 days 00:00:30.549000,0 days 00:00:34.964000,0 days 00:00:25.925000,HARD,20.0,1.0,,,1,11.0,False,2025,Miami,R,91.438,30.549,34.964,25.925
HAD,Racing Bulls,44.0,0 days 00:01:31.459000,0 days 00:00:30.615000,0 days 00:00:34.914000,0 days 00:00:25.930000,HARD,21.0,1.0,,,1,11.0,False,2025,Miami,R,91.459,30.615,34.914,25.93
HAD,Racing Bulls,45.0,0 days 00:01:31.512000,0 days 00:00:30.644000,0 days 00:00:34.933000,0 days 00:00:25.935000,HARD,22.0,1.0,,,1,11.0,False,2025,Miami,R,91.512,30.644,34.933,25.935
HAD,Racing Bulls,46.0,0 days 00:01:31.530000,0 days 00:00:30.751000,0 days 00:00:34.852000,0 days 00:00:25.927000,HARD,23.0,1.0,,,1,11.0,False,2025,Miami,R,91.53,30.751,34.852,25.927
HAD,Racing Bulls,47.0,0 days 00:01:31.572000,0 days 00:00:30.578000,0 days 00:00:35.104000,0 days 00:00:25.890000,HARD,24.0,1.0,,,1,11.0,False,2025,Miami,R,91.572,30.578,35.104,25.89
HAD,Racing Bulls,48.0,0 days 00:01:31.172000,0 days 00:00:30.564000,0 days 00:00:34.744000,0 days 00:00:25.864000,HARD,25.0,1.0,,,1,11.0,False,2025,Miami,R,91.172,30.564,34.744,25.864
HAD,Racing Bulls,49.0,0 days 00:01:31.042000,0 days 00:00:30.481000,0 days 00:00:34.689000,0 days 00:00:25.872000,HARD,26.0,1.0,,,1,11.0,False,2025,Miami,R,91.042,30.481,34.689,25.872
HAD,Racing Bulls,50.0,0 days 00:01:30.997000,0 days 00:00:30.467000,0 days 00:00:34.707000,0 days 00:00:25.823000,HARD,27.0,1.0,,,1,11.0,False,2025,Miami,R,90.997,30.467,34.707,25.823
HAD,Racing Bulls,51.0,0 days 00:01:30.971000,0 days 00:00:30.393000,0 days 00:00:34.720000,0 days 00:00:25.858000,HARD,28.0,1.0,,,1,11.0,False,2025,Miami,R,90.971,30.393,34.72,25.858
HAD,Racing Bulls,52.0,0 days 00:01:31.228000,0 days 00:00:30.498000,0 days 00:00:34.783000,0 days 00:00:25.947000,HARD,29.0,1.0,,,1,11.0,False,2025,Miami,R,91.228,30.498,34.783,25.947
HAD,Racing Bulls,53.0,0 days 00:01:31.309000,0 days 00:00:30.559000,0 days 00:00:34.878000,0 days 00:00:25.872000,HARD,30.0,1.0,,,1,11.0,False,2025,Miami,R,91.309,30.559,34.878,25.872
HAD,Racing Bulls,54.0,0 days 00:01:31.217000,0 days 00:00:30.336000,0 days 00:00:34.970000,0 days 00:00:25.911000,HARD,31.0,1.0,,,1,11.0,False,2025,Miami,R,91.217,30.336,34.97,25.911
HAD,Racing Bulls,55.0,0 days 00:01:31.128000,0 days 00:00:30.374000,0 days 00:00:34.879000,0 days 00:00:25.875000,HARD,32.0,1.0,,,1,11.0,False,2025,Miami,R,91.128,30.374,34.879,25.875
HAD,Racing Bulls,56.0,0 days 00:01:31.336000,0 days 00:00:30.441000,0 days 00:00:35.030000,0 days 00:00:25.865000,HARD,33.0,1.0,,,1,11.0,False,2025,Miami,R,91.336,30.441,35.03,25.865
HAD,Racing Bulls,57.0,0 days 00:01:31.313000,0 days 00:00:30.578000,0 days 00:00:34.855000,0 days 00:00:25.880000,HARD,34.0,1.0,,,1,11.0,False,2025,Miami,R,91.313,30.578,34.855,25.88
RUS,Mercedes,1.0,0 days 00:01:38.178000,,0 days 00:00:35.704000,0 days 00:00:26.329000,nan,,,,,12,4.0,False,2025,Miami,R,98.178,,35.704,26.329
RUS,Mercedes,2.0,0 days 00:01:52.831000,0 days 00:00:31.940000,0 days 00:00:48.138000,0 days 00:00:32.753000,nan,,,,,126,4.0,False,2025,Miami,R,112.831,31.94,48.138,32.753
RUS,Mercedes,3.0,0 days 00:02:04.090000,0 days 00:00:43.671000,0 days 00:00:49.087000,0 days 00:00:31.332000,nan,,,,,671,4.0,False,2025,Miami,R,124.09,43.671,49.087,31.332
RUS,Mercedes,4.0,0 days 00:01:32.646000,0 days 00:00:31.480000,0 days 00:00:35.224000,0 days 00:00:25.942000,nan,,,,,1,4.0,False,2025,Miami,R,92.646,31.48,35.224,25.942
RUS,Mercedes,5.0,0 days 00:01:32.779000,0 days 00:00:31.580000,0 days 00:00:35.190000,0 days 00:00:26.009000,nan,,,,,1,4.0,False,2025,Miami,R,92.779,31.58,35.19,26.009
RUS,Mercedes,6.0,0 days 00:01:33.036000,0 days 00:00:31.423000,0 days 00:00:35.469000,0 days 00:00:26.144000,nan,,,,,1,4.0,False,2025,Miami,R,93.036,31.423,35.469,26.144
RUS,Mercedes,7.0,0 days 00:01:34.362000,0 days 00:00:32.601000,0 days 00:00:35.612000,0 days 00:00:26.149000,nan,,,,,1,5.0,False,2025,Miami,R,94.362,32.601,35.612,26.149
RUS,Mercedes,8.0,0 days 00:01:33.136000,0 days 00:00:31.678000,0 days 00:00:35.346000,0 days 00:00:26.112000,nan,,,,,1,5.0,False,2025,Miami,R,93.136,31.678,35.346,26.112
RUS,Mercedes,9.0,0 days 00:01:32.951000,0 days 00:00:31.529000,0 days 00:00:35.372000,0 days 00:00:26.050000,nan,,,,,1,5.0,False,2025,Miami,R,92.951,31.529,35.372,26.05
RUS,Mercedes,10.0,0 days 00:01:33.161000,0 days 00:00:31.483000,0 days 00:00:35.414000,0 days 00:00:26.264000,nan,,,,,1,5.0,False,2025,Miami,R,93.161,31.483,35.414,26.264
RUS,Mercedes,11.0,0 days 00:01:32.670000,0 days 00:00:31.448000,0 days 00:00:35.085000,0 days 00:00:26.137000,nan,,,,,1,5.0,False,2025,Miami,R,92.67,31.448,35.085,26.137
RUS,Mercedes,12.0,0 days 00:01:32.836000,0 days 00:00:31.529000,0 days 00:00:35.167000,0 days 00:00:26.140000,nan,,,,,1,5.0,False,2025,Miami,R,92.836,31.529,35.167,26.14
RUS,Mercedes,13.0,0 days 00:01:32.829000,0 days 00:00:31.434000,0 days 00:00:35.299000,0 days 00:00:26.096000,nan,,,,,1,5.0,False,2025,Miami,R,92.829,31.434,35.299,26.096
RUS,Mercedes,14.0,0 days 00:01:32.719000,0 days 00:00:31.430000,0 days 00:00:35.251000,0 days 00:00:26.038000,nan,,,,,1,5.0,False,2025,Miami,R,92.719,31.43,35.251,26.038
RUS,Mercedes,15.0,0 days 00:01:32.755000,0 days 00:00:31.446000,0 days 00:00:35.251000,0 days 00:00:26.058000,nan,,,,,1,5.0,False,2025,Miami,R,92.755,31.446,35.251,26.058
RUS,Mercedes,16.0,0 days 00:01:32.886000,0 days 00:00:31.440000,0 days 00:00:35.408000,0 days 00:00:26.038000,nan,,,,,1,5.0,False,2025,Miami,R,92.886,31.44,35.408,26.038
RUS,Mercedes,17.0,0 days 00:01:32.690000,0 days 00:00:31.326000,0 days 00:00:35.343000,0 days 00:00:26.021000,nan,,,,,1,5.0,False,2025,Miami,R,92.69,31.326,35.343,26.021
RUS,Mercedes,18.0,0 days 00:01:33.100000,0 days 00:00:31.459000,0 days 00:00:35.563000,0 days 00:00:26.078000,nan,,,,,1,5.0,False,2025,Miami,R,93.1,31.459,35.563,26.078
RUS,Mercedes,19.0,0 days 00:01:32.858000,0 days 00:00:31.373000,0 days 00:00:35.482000,0 days 00:00:26.003000,nan,,,,,1,5.0,False,2025,Miami,R,92.858,31.373,35.482,26.003
RUS,Mercedes,20.0,0 days 00:01:32.751000,0 days 00:00:31.416000,0 days 00:00:35.334000,0 days 00:00:26.001000,nan,,,,,1,5.0,False,2025,Miami,R,92.751,31.416,35.334,26.001
RUS,Mercedes,21.0,0 days 00:01:32.820000,0 days 00:00:31.461000,0 days 00:00:35.381000,0 days 00:00:25.978000,nan,,,,,1,5.0,False,2025,Miami,R,92.82,31.461,35.381,25.978
RUS,Mercedes,22.0,0 days 00:01:32.592000,0 days 00:00:31.237000,0 days 00:00:35.359000,0 days 00:00:25.996000,nan,,,,,1,5.0,False,2025,Miami,R,92.592,31.237,35.359,25.996
RUS,Mercedes,23.0,0 days 00:01:32.432000,0 days 00:00:31.176000,0 days 00:00:35.363000,0 days 00:00:25.893000,nan,,,,,1,5.0,False,2025,Miami,R,92.432,31.176,35.363,25.893
RUS,Mercedes,24.0,0 days 00:01:32.540000,0 days 00:00:31.217000,0 days 00:00:35.403000,0 days 00:00:25.920000,nan,,,,,1,5.0,False,2025,Miami,R,92.54,31.217,35.403,25.92
RUS,Mercedes,25.0,0 days 00:01:32.356000,0 days 00:00:31.111000,0 days 00:00:35.349000,0 days 00:00:25.896000,HARD,1.0,1.0,,,1,4.0,False,2025,Miami,R,92.356,31.111,35.349,25.896
RUS,Mercedes,26.0,0 days 00:01:32.020000,0 days 00:00:30.870000,0 days 00:00:35.247000,0 days 00:00:25.903000,HARD,2.0,1.0,,,1,3.0,False,2025,Miami,R,92.02,30.87,35.247,25.903
RUS,Mercedes,27.0,0 days 00:01:32.164000,0 days 00:00:30.861000,0 days 00:00:35.371000,0 days 00:00:25.932000,HARD,3.0,1.0,,,1,3.0,False,2025,Miami,R,92.164,30.861,35.371,25.932
RUS,Mercedes,28.0,0 days 00:01:32.391000,0 days 00:00:30.769000,0 days 00:00:35.365000,0 days 00:00:26.257000,HARD,4.0,1.0,,,1,3.0,False,2025,Miami,R,92.391,30.769,35.365,26.257
RUS,Mercedes,29.0,0 days 00:02:08.381000,0 days 00:00:41.391000,0 days 00:00:47.835000,0 days 00:00:39.155000,HARD,5.0,1.0,0 days 01:43:33.026000,,16,3.0,False,2025,Miami,R,128.381,41.391,47.835,39.155
RUS,Mercedes,30.0,0 days 00:01:45.845000,0 days 00:00:46.040000,0 days 00:00:34.209000,0 days 00:00:25.596000,HARD,6.0,1.0,,0 days 01:43:57.234000,671,3.0,False,2025,Miami,R,105.845,46.04,34.209,25.596
RUS,Mercedes,31.0,0 days 00:01:30.318000,0 days 00:00:30.102000,0 days 00:00:34.570000,0 days 00:00:25.646000,HARD,7.0,1.0,,,1,3.0,False,2025,Miami,R,90.318,30.102,34.57,25.646
RUS,Mercedes,32.0,0 days 00:01:31.208000,0 days 00:00:30.209000,0 days 00:00:34.970000,0 days 00:00:26.029000,HARD,8.0,1.0,,,1,3.0,False,2025,Miami,R,91.208,30.209,34.97,26.029
RUS,Mercedes,33.0,0 days 00:01:58.663000,0 days 00:00:38.246000,0 days 00:00:47.145000,0 days 00:00:33.272000,MEDIUM,1.0,2.0,,,167,3.0,False,2025,Miami,R,118.663,38.246,47.145,33.272
RUS,Mercedes,34.0,0 days 00:01:30.826000,0 days 00:00:30.357000,0 days 00:00:34.736000,0 days 00:00:25.733000,MEDIUM,2.0,2.0,,,1,3.0,False,2025,Miami,R,90.826,30.357,34.736,25.733
RUS,Mercedes,35.0,0 days 00:01:30.856000,0 days 00:00:30.327000,0 days 00:00:34.820000,0 days 00:00:25.709000,MEDIUM,3.0,2.0,,,1,3.0,False,2025,Miami,R,90.856,30.327,34.82,25.709
RUS,Mercedes,36.0,0 days 00:01:31.119000,0 days 00:00:30.419000,0 days 00:00:34.851000,0 days 00:00:25.849000,MEDIUM,4.0,2.0,,,1,3.0,False,2025,Miami,R,91.119,30.419,34.851,25.849
RUS,Mercedes,37.0,0 days 00:01:31.197000,0 days 00:00:30.416000,0 days 00:00:34.951000,0 days 00:00:25.830000,MEDIUM,5.0,2.0,,,1,3.0,False,2025,Miami,R,91.197,30.416,34.951,25.83
RUS,Mercedes,38.0,0 days 00:01:30.859000,0 days 00:00:30.202000,0 days 00:00:34.839000,0 days 00:00:25.818000,MEDIUM,6.0,2.0,,,1,3.0,False,2025,Miami,R,90.859,30.202,34.839,25.818
RUS,Mercedes,39.0,0 days 00:01:31,0 days 00:00:30.272000,0 days 00:00:34.908000,0 days 00:00:25.820000,MEDIUM,7.0,2.0,,,1,3.0,False,2025,Miami,R,91.0,30.272,34.908,25.82
RUS,Mercedes,40.0,0 days 00:01:30.903000,0 days 00:00:30.201000,0 days 00:00:34.895000,0 days 00:00:25.807000,MEDIUM,8.0,2.0,,,1,3.0,False,2025,Miami,R,90.903,30.201,34.895,25.807
RUS,Mercedes,41.0,0 days 00:01:30.848000,0 days 00:00:30.198000,0 days 00:00:34.915000,0 days 00:00:25.735000,MEDIUM,9.0,2.0,,,1,3.0,False,2025,Miami,R,90.848,30.198,34.915,25.735
RUS,Mercedes,42.0,0 days 00:01:30.755000,0 days 00:00:30.082000,0 days 00:00:34.867000,0 days 00:00:25.806000,MEDIUM,10.0,2.0,,,1,3.0,False,2025,Miami,R,90.755,30.082,34.867,25.806
RUS,Mercedes,43.0,0 days 00:01:30.960000,0 days 00:00:30.116000,0 days 00:00:35.035000,0 days 00:00:25.809000,MEDIUM,11.0,2.0,,,1,3.0,False,2025,Miami,R,90.96,30.116,35.035,25.809
RUS,Mercedes,44.0,0 days 00:01:30.795000,0 days 00:00:30.109000,0 days 00:00:34.904000,0 days 00:00:25.782000,MEDIUM,12.0,2.0,,,1,3.0,False,2025,Miami,R,90.795,30.109,34.904,25.782
RUS,Mercedes,45.0,0 days 00:01:30.837000,0 days 00:00:30.161000,0 days 00:00:34.916000,0 days 00:00:25.760000,MEDIUM,13.0,2.0,,,1,3.0,False,2025,Miami,R,90.837,30.161,34.916,25.76
RUS,Mercedes,46.0,0 days 00:01:30.778000,0 days 00:00:30.145000,0 days 00:00:34.837000,0 days 00:00:25.796000,MEDIUM,14.0,2.0,,,1,3.0,False,2025,Miami,R,90.778,30.145,34.837,25.796
RUS,Mercedes,47.0,0 days 00:01:30.879000,0 days 00:00:30.224000,0 days 00:00:34.884000,0 days 00:00:25.771000,MEDIUM,15.0,2.0,,,1,3.0,False,2025,Miami,R,90.879,30.224,34.884,25.771
RUS,Mercedes,48.0,0 days 00:01:30.821000,0 days 00:00:30.211000,0 days 00:00:34.846000,0 days 00:00:25.764000,MEDIUM,16.0,2.0,,,1,3.0,False,2025,Miami,R,90.821,30.211,34.846,25.764
RUS,Mercedes,49.0,0 days 00:01:30.942000,0 days 00:00:30.212000,0 days 00:00:34.999000,0 days 00:00:25.731000,MEDIUM,17.0,2.0,,,1,3.0,False,2025,Miami,R,90.942,30.212,34.999,25.731
RUS,Mercedes,50.0,0 days 00:01:30.752000,0 days 00:00:30.173000,0 days 00:00:34.797000,0 days 00:00:25.782000,MEDIUM,18.0,2.0,,,1,3.0,False,2025,Miami,R,90.752,30.173,34.797,25.782
RUS,Mercedes,51.0,0 days 00:01:30.644000,0 days 00:00:30.093000,0 days 00:00:34.846000,0 days 00:00:25.705000,MEDIUM,19.0,2.0,,,1,3.0,False,2025,Miami,R,90.644,30.093,34.846,25.705
RUS,Mercedes,52.0,0 days 00:01:30.637000,0 days 00:00:30.065000,0 days 00:00:34.810000,0 days 00:00:25.762000,MEDIUM,20.0,2.0,,,1,3.0,False,2025,Miami,R,90.637,30.065,34.81,25.762
RUS,Mercedes,53.0,0 days 00:01:30.518000,0 days 00:00:30.048000,0 days 00:00:34.700000,0 days 00:00:25.770000,MEDIUM,21.0,2.0,,,1,3.0,False,2025,Miami,R,90.518,30.048,34.7,25.77
RUS,Mercedes,54.0,0 days 00:01:30.516000,0 days 00:00:29.877000,0 days 00:00:34.924000,0 days 00:00:25.715000,MEDIUM,22.0,2.0,,,1,3.0,False,2025,Miami,R,90.516,29.877,34.924,25.715
RUS,Mercedes,55.0,0 days 00:01:30.789000,0 days 00:00:30.054000,0 days 00:00:34.941000,0 days 00:00:25.794000,MEDIUM,23.0,2.0,,,1,3.0,False,2025,Miami,R,90.789,30.054,34.941,25.794
RUS,Mercedes,56.0,0 days 00:01:31.001000,0 days 00:00:30.071000,0 days 00:00:35.199000,0 days 00:00:25.731000,MEDIUM,24.0,2.0,,,1,3.0,False,2025,Miami,R,91.001,30.071,35.199,25.731
RUS,Mercedes,57.0,0 days 00:01:31.005000,0 days 00:00:30.205000,0 days 00:00:35.031000,0 days 00:00:25.769000,MEDIUM,25.0,2.0,,,1,3.0,False,2025,Miami,R,91.005,30.205,35.031,25.769
DOO,Alpine,1.0,,,,,MEDIUM,1.0,1.0,,,12,,False,2025,Miami,R,,,,
PIA,McLaren,1.0,0 days 00:01:37.135000,,0 days 00:00:35.461000,0 days 00:00:26.010000,nan,,,,,12,3.0,False,2025,Miami,R,97.135,,35.461,26.01
PIA,McLaren,2.0,0 days 00:01:52.677000,0 days 00:00:32.129000,0 days 00:00:48.571000,0 days 00:00:31.977000,nan,,,,,126,3.0,False,2025,Miami,R,112.677,32.129,48.571,31.977
PIA,McLaren,3.0,0 days 00:02:04.620000,0 days 00:00:43.533000,0 days 00:00:50.031000,0 days 00:00:31.056000,nan,,,,,671,3.0,False,2025,Miami,R,124.62,43.533,50.031,31.056
PIA,McLaren,4.0,0 days 00:01:31.920000,0 days 00:00:31.339000,0 days 00:00:34.520000,0 days 00:00:26.061000,nan,,,,,1,2.0,False,2025,Miami,R,91.92,31.339,34.52,26.061
PIA,McLaren,5.0,0 days 00:01:32.282000,0 days 00:00:31.194000,0 days 00:00:35.139000,0 days 00:00:25.949000,nan,,,,,1,2.0,False,2025,Miami,R,92.282,31.194,35.139,25.949
PIA,McLaren,6.0,0 days 00:01:32.047000,0 days 00:00:31.005000,0 days 00:00:35.063000,0 days 00:00:25.979000,nan,,,,,1,2.0,False,2025,Miami,R,92.047,31.005,35.063,25.979
PIA,McLaren,7.0,0 days 00:01:32.197000,0 days 00:00:31.278000,0 days 00:00:35.052000,0 days 00:00:25.867000,nan,,,,,1,2.0,False,2025,Miami,R,92.197,31.278,35.052,25.867
PIA,McLaren,8.0,0 days 00:01:31.985000,0 days 00:00:31.214000,0 days 00:00:34.980000,0 days 00:00:25.791000,nan,,,,,1,2.0,False,2025,Miami,R,91.985,31.214,34.98,25.791
PIA,McLaren,9.0,0 days 00:01:32.236000,0 days 00:00:31.253000,0 days 00:00:35.121000,0 days 00:00:25.862000,nan,,,,,1,2.0,False,2025,Miami,R,92.236,31.253,35.121,25.862
PIA,McLaren,10.0,0 days 00:01:32.076000,0 days 00:00:31.178000,0 days 00:00:35.017000,0 days 00:00:25.881000,nan,,,,,1,2.0,False,2025,Miami,R,92.076,31.178,35.017,25.881
PIA,McLaren,11.0,0 days 00:01:32.900000,0 days 00:00:31.676000,0 days 00:00:35.254000,0 days 00:00:25.970000,nan,,,,,1,2.0,False,2025,Miami,R,92.9,31.676,35.254,25.97
PIA,McLaren,12.0,0 days 00:01:32.253000,0 days 00:00:31.469000,0 days 00:00:34.911000,0 days 00:00:25.873000,nan,,,,,1,2.0,False,2025,Miami,R,92.253,31.469,34.911,25.873
PIA,McLaren,13.0,0 days 00:01:31.879000,0 days 00:00:31.196000,0 days 00:00:35,0 days 00:00:25.683000,nan,,,,,1,2.0,False,2025,Miami,R,91.879,31.196,35.0,25.683
PIA,McLaren,14.0,0 days 00:01:32.986000,0 days 00:00:32.016000,0 days 00:00:34.981000,0 days 00:00:25.989000,nan,,,,,1,1.0,False,2025,Miami,R,92.986,32.016,34.981,25.989
PIA,McLaren,15.0,0 days 00:01:31.816000,0 days 00:00:30.799000,0 days 00:00:35.034000,0 days 00:00:25.983000,nan,,,,,1,1.0,False,2025,Miami,R,91.816,30.799,35.034,25.983
PIA,McLaren,16.0,0 days 00:01:31.687000,0 days 00:00:30.729000,0 days 00:00:35.011000,0 days 00:00:25.947000,nan,,,,,1,1.0,False,2025,Miami,R,91.687,30.729,35.011,25.947
PIA,McLaren,17.0,0 days 00:01:31.793000,0 days 00:00:30.752000,0 days 00:00:35.076000,0 days 00:00:25.965000,nan,,,,,1,1.0,False,2025,Miami,R,91.793,30.752,35.076,25.965
PIA,McLaren,18.0,0 days 00:01:31.954000,0 days 00:00:30.722000,0 days 00:00:35.238000,0 days 00:00:25.994000,nan,,,,,1,1.0,False,2025,Miami,R,91.954,30.722,35.238,25.994
PIA,McLaren,19.0,0 days 00:01:31.662000,0 days 00:00:30.613000,0 days 00:00:35.097000,0 days 00:00:25.952000,nan,,,,,1,1.0,False,2025,Miami,R,91.662,30.613,35.097,25.952
PIA,McLaren,20.0,0 days 00:01:31.711000,0 days 00:00:30.673000,0 days 00:00:35.108000,0 days 00:00:25.930000,nan,,,,,1,1.0,False,2025,Miami,R,91.711,30.673,35.108,25.93
PIA,McLaren,21.0,0 days 00:01:31.822000,0 days 00:00:30.780000,0 days 00:00:35.048000,0 days 00:00:25.994000,nan,,,,,1,1.0,False,2025,Miami,R,91.822,30.78,35.048,25.994
PIA,McLaren,22.0,0 days 00:01:31.843000,0 days 00:00:30.620000,0 days 00:00:35.214000,0 days 00:00:26.009000,nan,,,,,1,1.0,False,2025,Miami,R,91.843,30.62,35.214,26.009
PIA,McLaren,23.0,0 days 00:01:31.465000,0 days 00:00:30.575000,0 days 00:00:35,0 days 00:00:25.890000,nan,,,,,1,1.0,False,2025,Miami,R,91.465,30.575,35.0,25.89
PIA,McLaren,24.0,0 days 00:01:31.429000,0 days 00:00:30.508000,0 days 00:00:35.064000,0 days 00:00:25.857000,nan,,,,,1,1.0,False,2025,Miami,R,91.429,30.508,35.064,25.857
PIA,McLaren,25.0,0 days 00:01:31.392000,0 days 00:00:30.490000,0 days 00:00:34.991000,0 days 00:00:25.911000,MEDIUM,1.0,1.0,,,1,1.0,False,2025,Miami,R,91.392,30.49,34.991,25.911
PIA,McLaren,26.0,0 days 00:01:31.507000,0 days 00:00:30.463000,0 days 00:00:35.218000,0 days 00:00:25.826000,MEDIUM,2.0,1.0,,,1,1.0,False,2025,Miami,R,91.507,30.463,35.218,25.826
PIA,McLaren,27.0,0 days 00:01:31.432000,0 days 00:00:30.387000,0 days 00:00:35.168000,0 days 00:00:25.877000,MEDIUM,3.0,1.0,,,1,1.0,False,2025,Miami,R,91.432,30.387,35.168,25.877
PIA,McLaren,28.0,0 days 00:01:31.718000,0 days 00:00:30.425000,0 days 00:00:35.125000,0 days 00:00:26.168000,MEDIUM,4.0,1.0,,,1,1.0,False,2025,Miami,R,91.718,30.425,35.125,26.168
PIA,McLaren,29.0,0 days 00:01:59.118000,0 days 00:00:30.585000,0 days 00:00:49.070000,0 days 00:00:39.463000,MEDIUM,5.0,1.0,0 days 01:43:01.690000,,16,1.0,False,2025,Miami,R,119.118,30.585,49.07,39.463
PIA,McLaren,30.0,0 days 00:01:53.761000,0 days 00:00:53.255000,0 days 00:00:34.877000,0 days 00:00:25.629000,MEDIUM,6.0,1.0,,0 days 01:43:23.785000,671,1.0,False,2025,Miami,R,113.761,53.255,34.877,25.629
PIA,McLaren,31.0,0 days 00:01:30.170000,0 days 00:00:30.318000,0 days 00:00:34.295000,0 days 00:00:25.557000,MEDIUM,7.0,1.0,,,1,1.0,False,2025,Miami,R,90.17,30.318,34.295,25.557
PIA,McLaren,32.0,0 days 00:01:30.211000,0 days 00:00:30.088000,0 days 00:00:34.578000,0 days 00:00:25.545000,MEDIUM,8.0,1.0,,,1,1.0,False,2025,Miami,R,90.211,30.088,34.578,25.545
PIA,McLaren,33.0,0 days 00:01:50.583000,0 days 00:00:30.084000,0 days 00:00:46.126000,0 days 00:00:34.373000,HARD,1.0,2.0,,,16,1.0,False,2025,Miami,R,110.583,30.084,46.126,34.373
PIA,McLaren,34.0,0 days 00:01:38.046000,0 days 00:00:37.959000,0 days 00:00:34.531000,0 days 00:00:25.556000,HARD,2.0,2.0,,,671,1.0,False,2025,Miami,R,98.046,37.959,34.531,25.556
PIA,McLaren,35.0,0 days 00:01:29.822000,0 days 00:00:29.889000,0 days 00:00:34.351000,0 days 00:00:25.582000,HARD,3.0,2.0,,,1,1.0,False,2025,Miami,R,89.822,29.889,34.351,25.582
PIA,McLaren,36.0,0 days 00:01:30.201000,0 days 00:00:29.971000,0 days 00:00:34.565000,0 days 00:00:25.665000,HARD,4.0,2.0,,,1,1.0,False,2025,Miami,R,90.201,29.971,34.565,25.665
PIA,McLaren,37.0,0 days 00:01:30.070000,0 days 00:00:29.945000,0 days 00:00:34.527000,0 days 00:00:25.598000,HARD,5.0,2.0,,,1,1.0,False,2025,Miami,R,90.07,29.945,34.527,25.598
PIA,McLaren,38.0,0 days 00:01:30.167000,0 days 00:00:29.897000,0 days 00:00:34.681000,0 days 00:00:25.589000,HARD,6.0,2.0,,,1,1.0,False,2025,Miami,R,90.167,29.897,34.681,25.589
PIA,McLaren,39.0,0 days 00:01:30.194000,0 days 00:00:30.041000,0 days 00:00:34.488000,0 days 00:00:25.665000,HARD,7.0,2.0,,,1,1.0,False,2025,Miami,R,90.194,30.041,34.488,25.665
PIA,McLaren,40.0,0 days 00:01:30.236000,0 days 00:00:30.047000,0 days 00:00:34.527000,0 days 00:00:25.662000,HARD,8.0,2.0,,,1,1.0,False,2025,Miami,R,90.236,30.047,34.527,25.662
PIA,McLaren,41.0,0 days 00:01:30.370000,0 days 00:00:30.023000,0 days 00:00:34.701000,0 days 00:00:25.646000,HARD,9.0,2.0,,,1,1.0,False,2025,Miami,R,90.37,30.023,34.701,25.646
PIA,McLaren,42.0,0 days 00:01:30.307000,0 days 00:00:30.018000,0 days 00:00:34.629000,0 days 00:00:25.660000,HARD,10.0,2.0,,,1,1.0,False,2025,Miami,R,90.307,30.018,34.629,25.66
PIA,McLaren,43.0,0 days 00:01:30.413000,0 days 00:00:30.077000,0 days 00:00:34.669000,0 days 00:00:25.667000,HARD,11.0,2.0,,,1,1.0,False,2025,Miami,R,90.413,30.077,34.669,25.667
PIA,McLaren,44.0,0 days 00:01:30.137000,0 days 00:00:29.999000,0 days 00:00:34.500000,0 days 00:00:25.638000,HARD,12.0,2.0,,,1,1.0,False,2025,Miami,R,90.137,29.999,34.5,25.638
PIA,McLaren,45.0,0 days 00:01:30.589000,0 days 00:00:30.292000,0 days 00:00:34.682000,0 days 00:00:25.615000,HARD,13.0,2.0,,,1,1.0,False,2025,Miami,R,90.589,30.292,34.682,25.615
PIA,McLaren,46.0,0 days 00:01:30.653000,0 days 00:00:30.562000,0 days 00:00:34.517000,0 days 00:00:25.574000,HARD,14.0,2.0,,,1,1.0,False,2025,Miami,R,90.653,30.562,34.517,25.574
PIA,McLaren,47.0,0 days 00:01:30.372000,0 days 00:00:30.279000,0 days 00:00:34.590000,0 days 00:00:25.503000,HARD,15.0,2.0,,,1,1.0,False,2025,Miami,R,90.372,30.279,34.59,25.503
PIA,McLaren,48.0,0 days 00:01:30.559000,0 days 00:00:30.395000,0 days 00:00:34.580000,0 days 00:00:25.584000,HARD,16.0,2.0,,,1,1.0,False,2025,Miami,R,90.559,30.395,34.58,25.584
PIA,McLaren,49.0,0 days 00:01:29.992000,0 days 00:00:29.980000,0 days 00:00:34.404000,0 days 00:00:25.608000,HARD,17.0,2.0,,,1,1.0,False,2025,Miami,R,89.992,29.98,34.404,25.608
PIA,McLaren,50.0,0 days 00:01:30.136000,0 days 00:00:29.978000,0 days 00:00:34.486000,0 days 00:00:25.672000,HARD,18.0,2.0,,,1,1.0,False,2025,Miami,R,90.136,29.978,34.486,25.672
PIA,McLaren,51.0,0 days 00:01:30.103000,0 days 00:00:30.076000,0 days 00:00:34.451000,0 days 00:00:25.576000,HARD,19.0,2.0,,,1,1.0,False,2025,Miami,R,90.103,30.076,34.451,25.576
PIA,McLaren,52.0,0 days 00:01:30.245000,0 days 00:00:30.194000,0 days 00:00:34.446000,0 days 00:00:25.605000,HARD,20.0,2.0,,,1,1.0,False,2025,Miami,R,90.245,30.194,34.446,25.605
PIA,McLaren,53.0,0 days 00:01:30.658000,0 days 00:00:30.205000,0 days 00:00:34.727000,0 days 00:00:25.726000,HARD,21.0,2.0,,,1,1.0,False,2025,Miami,R,90.658,30.205,34.727,25.726
PIA,McLaren,54.0,0 days 00:01:30.269000,0 days 00:00:30.113000,0 days 00:00:34.520000,0 days 00:00:25.636000,HARD,22.0,2.0,,,1,1.0,False,2025,Miami,R,90.269,30.113,34.52,25.636
PIA,McLaren,55.0,0 days 00:01:30.761000,0 days 00:00:30.212000,0 days 00:00:34.859000,0 days 00:00:25.690000,HARD,23.0,2.0,,,1,1.0,False,2025,Miami,R,90.761,30.212,34.859,25.69
PIA,McLaren,56.0,0 days 00:01:30.579000,0 days 00:00:30.313000,0 days 00:00:34.558000,0 days 00:00:25.708000,HARD,24.0,2.0,,,1,1.0,False,2025,Miami,R,90.579,30.313,34.558,25.708
PIA,McLaren,57.0,0 days 00:01:30.441000,0 days 00:00:30.373000,0 days 00:00:34.666000,0 days 00:00:25.402000,HARD,25.0,2.0,,,1,1.0,False,2025,Miami,R,90.441,30.373,34.666,25.402
BEA,Haas F1 Team,1.0,0 days 00:01:44.650000,,0 days 00:00:37.559000,0 days 00:00:26.600000,nan,,,,,12,16.0,False,2025,Miami,R,104.65,,37.559,26.6
BEA,Haas F1 Team,2.0,0 days 00:02:04.627000,0 days 00:00:32.470000,0 days 00:01:02.535000,0 days 00:00:29.622000,nan,,,,,126,16.0,False,2025,Miami,R,124.627,32.47,62.535,29.622
BEA,Haas F1 Team,3.0,0 days 00:01:56.005000,0 days 00:00:35.914000,0 days 00:00:53.814000,0 days 00:00:26.277000,nan,,,,,671,16.0,False,2025,Miami,R,116.005,35.914,53.814,26.277
BEA,Haas F1 Team,4.0,0 days 00:01:33.844000,0 days 00:00:32.125000,0 days 00:00:35.690000,0 days 00:00:26.029000,nan,,,,,1,16.0,False,2025,Miami,R,93.844,32.125,35.69,26.029
BEA,Haas F1 Team,5.0,0 days 00:01:33.888000,0 days 00:00:32.362000,0 days 00:00:35.542000,0 days 00:00:25.984000,nan,,,,,1,16.0,False,2025,Miami,R,93.888,32.362,35.542,25.984
BEA,Haas F1 Team,6.0,0 days 00:01:33.489000,0 days 00:00:32.028000,0 days 00:00:35.410000,0 days 00:00:26.051000,nan,,,,,1,16.0,False,2025,Miami,R,93.489,32.028,35.41,26.051
BEA,Haas F1 Team,7.0,0 days 00:01:33.424000,0 days 00:00:31.842000,0 days 00:00:35.495000,0 days 00:00:26.087000,nan,,,,,1,16.0,False,2025,Miami,R,93.424,31.842,35.495,26.087
BEA,Haas F1 Team,8.0,0 days 00:01:33.550000,0 days 00:00:32.080000,0 days 00:00:35.501000,0 days 00:00:25.969000,nan,,,,,1,16.0,False,2025,Miami,R,93.55,32.08,35.501,25.969
BEA,Haas F1 Team,9.0,0 days 00:01:33.626000,0 days 00:00:31.978000,0 days 00:00:35.608000,0 days 00:00:26.040000,nan,,,,,1,16.0,False,2025,Miami,R,93.626,31.978,35.608,26.04
BEA,Haas F1 Team,10.0,0 days 00:01:33.757000,0 days 00:00:31.986000,0 days 00:00:35.675000,0 days 00:00:26.096000,nan,,,,,1,16.0,False,2025,Miami,R,93.757,31.986,35.675,26.096
BEA,Haas F1 Team,11.0,0 days 00:01:33.726000,0 days 00:00:31.857000,0 days 00:00:35.671000,0 days 00:00:26.198000,nan,,,,,1,16.0,False,2025,Miami,R,93.726,31.857,35.671,26.198
BEA,Haas F1 Team,12.0,0 days 00:01:33.360000,0 days 00:00:31.810000,0 days 00:00:35.499000,0 days 00:00:26.051000,nan,,,,,1,16.0,False,2025,Miami,R,93.36,31.81,35.499,26.051
BEA,Haas F1 Team,13.0,0 days 00:01:33.637000,0 days 00:00:31.941000,0 days 00:00:35.703000,0 days 00:00:25.993000,nan,,,,,1,16.0,False,2025,Miami,R,93.637,31.941,35.703,25.993
BEA,Haas F1 Team,14.0,0 days 00:01:34.268000,0 days 00:00:32.465000,0 days 00:00:35.828000,0 days 00:00:25.975000,nan,,,,,1,16.0,False,2025,Miami,R,94.268,32.465,35.828,25.975
BEA,Haas F1 Team,15.0,0 days 00:01:33.878000,0 days 00:00:32.032000,0 days 00:00:35.765000,0 days 00:00:26.081000,nan,,,,,1,16.0,False,2025,Miami,R,93.878,32.032,35.765,26.081
BEA,Haas F1 Team,16.0,0 days 00:01:33.584000,0 days 00:00:31.912000,0 days 00:00:35.756000,0 days 00:00:25.916000,nan,,,,,1,16.0,False,2025,Miami,R,93.584,31.912,35.756,25.916
BEA,Haas F1 Team,17.0,0 days 00:01:33.997000,0 days 00:00:32.053000,0 days 00:00:35.803000,0 days 00:00:26.141000,nan,,,,,1,16.0,False,2025,Miami,R,93.997,32.053,35.803,26.141
BEA,Haas F1 Team,18.0,0 days 00:01:33.693000,0 days 00:00:31.890000,0 days 00:00:35.716000,0 days 00:00:26.087000,nan,,,,,1,16.0,False,2025,Miami,R,93.693,31.89,35.716,26.087
BEA,Haas F1 Team,19.0,0 days 00:01:33.533000,0 days 00:00:31.811000,0 days 00:00:35.700000,0 days 00:00:26.022000,nan,,,,,1,15.0,False,2025,Miami,R,93.533,31.811,35.7,26.022
BEA,Haas F1 Team,20.0,0 days 00:01:33.613000,0 days 00:00:31.818000,0 days 00:00:35.777000,0 days 00:00:26.018000,nan,,,,,1,14.0,False,2025,Miami,R,93.613,31.818,35.777,26.018
BEA,Haas F1 Team,21.0,0 days 00:01:33.087000,0 days 00:00:31.326000,0 days 00:00:35.575000,0 days 00:00:26.186000,nan,,,,,1,14.0,False,2025,Miami,R,93.087,31.326,35.575,26.186
BEA,Haas F1 Team,22.0,0 days 00:01:32.971000,0 days 00:00:31.295000,0 days 00:00:35.527000,0 days 00:00:26.149000,nan,,,,,1,14.0,False,2025,Miami,R,92.971,31.295,35.527,26.149
BEA,Haas F1 Team,23.0,0 days 00:01:33.088000,0 days 00:00:31.179000,0 days 00:00:35.510000,0 days 00:00:26.399000,nan,,,,,1,13.0,False,2025,Miami,R,93.088,31.179,35.51,26.399
BEA,Haas F1 Team,24.0,0 days 00:01:32.680000,0 days 00:00:31.083000,0 days 00:00:35.480000,0 days 00:00:26.117000,HARD,1.0,1.0,,,1,12.0,False,2025,Miami,R,92.68,31.083,35.48,26.117
BEA,Haas F1 Team,25.0,0 days 00:01:33.054000,0 days 00:00:31.073000,0 days 00:00:35.848000,0 days 00:00:26.133000,HARD,2.0,1.0,,,1,12.0,False,2025,Miami,R,93.054,31.073,35.848,26.133
BEA,Haas F1 Team,26.0,0 days 00:01:34.140000,0 days 00:00:32.323000,0 days 00:00:35.617000,0 days 00:00:26.200000,HARD,3.0,1.0,,,1,12.0,False,2025,Miami,R,94.14,32.323,35.617,26.2
BEA,Haas F1 Team,27.0,0 days 00:01:33.604000,0 days 00:00:31.130000,0 days 00:00:35.590000,0 days 00:00:26.884000,HARD,4.0,1.0,,,1,13.0,False,2025,Miami,R,93.604,31.13,35.59,26.884
BEA,Haas F1 Team,28.0,,,,,HARD,5.0,1.0,,,16,,False,2025,Miami,R,,,,
