Driver,Team,LapNumber,LapTime,Sector1Time,Sector2Time,Sector3Time,Compound,TyreLife,Stint,PitInTime,PitOutTime,TrackStatus,Position,Deleted,season,race,session_type,lap_time_seconds,sector1_seconds,sector2_seconds,sector3_seconds
VER,Red Bull Racing,1.0,0 days 00:01:59.392000,,0 days 00:00:20.705000,0 days 00:00:55.250000,INTERMEDIATE,1.0,1.0,,,124,2.0,False,2025,Australia,R,119.392,,20.705,55.25
VER,Red Bull Racing,2.0,,0 days 00:00:58.141000,0 days 00:00:37.976000,0 days 00:01:13.205000,INTERMEDIATE,2.0,1.0,0 days 01:15:38.205000,,4,2.0,False,2025,Australia,R,,58.141,37.976,73.205
VER,Red Bull Racing,3.0,,0 days 00:00:56.230000,0 days 00:00:33.683000,0 days 00:01:12.232000,INTERMEDIATE,3.0,2.0,0 days 01:18:20.223000,0 days 01:15:51.658000,4,2.0,False,2025,Australia,R,,56.23,33.683,72.232
VER,Red Bull Racing,4.0,,0 days 00:00:54.351000,0 days 00:00:32.712000,0 days 00:01:08.712000,INTERMEDIATE,4.0,3.0,0 days 01:20:56.543000,0 days 01:18:34.029000,4,2.0,False,2025,Australia,R,,54.351,32.712,68.712
VER,Red Bull Racing,5.0,0 days 00:02:23.609000,0 days 00:00:53.513000,0 days 00:00:32.627000,0 days 00:00:57.469000,INTERMEDIATE,5.0,4.0,,0 days 01:21:09.534000,4,2.0,False,2025,Australia,R,143.609,53.513,32.627,57.469
VER,Red Bull Racing,6.0,0 days 00:02:19.654000,0 days 00:00:47.887000,0 days 00:00:33.228000,0 days 00:00:58.539000,INTERMEDIATE,6.0,4.0,,,4,2.0,False,2025,Australia,R,139.654,47.887,33.228,58.539
VER,Red Bull Racing,7.0,0 days 00:02:16.447000,0 days 00:00:45.898000,0 days 00:00:29.735000,0 days 00:01:00.814000,INTERMEDIATE,7.0,4.0,,,41,2.0,False,2025,Australia,R,136.447,45.898,29.735,60.814
VER,Red Bull Racing,8.0,0 days 00:01:36.830000,0 days 00:00:35.249000,0 days 00:00:20.145000,0 days 00:00:41.436000,INTERMEDIATE,8.0,4.0,,,1,2.0,False,2025,Australia,R,96.83,35.249,20.145,41.436
VER,Red Bull Racing,9.0,0 days 00:01:34.315000,0 days 00:00:33.850000,0 days 00:00:19.608000,0 days 00:00:40.857000,INTERMEDIATE,9.0,4.0,,,1,2.0,False,2025,Australia,R,94.315,33.85,19.608,40.857
VER,Red Bull Racing,10.0,0 days 00:01:32.650000,0 days 00:00:33.117000,0 days 00:00:19.414000,0 days 00:00:40.119000,INTERMEDIATE,10.0,4.0,,,1,2.0,False,2025,Australia,R,92.65,33.117,19.414,40.119
VER,Red Bull Racing,11.0,0 days 00:01:32.453000,0 days 00:00:33.017000,0 days 00:00:19.392000,0 days 00:00:40.044000,INTERMEDIATE,11.0,4.0,,,1,2.0,False,2025,Australia,R,92.453,33.017,19.392,40.044
VER,Red Bull Racing,12.0,0 days 00:01:31.591000,0 days 00:00:32.767000,0 days 00:00:19.302000,0 days 00:00:39.522000,INTERMEDIATE,12.0,4.0,,,1,2.0,False,2025,Australia,R,91.591,32.767,19.302,39.522
VER,Red Bull Racing,13.0,0 days 00:01:31.271000,0 days 00:00:32.572000,0 days 00:00:19.292000,0 days 00:00:39.407000,INTERMEDIATE,13.0,4.0,,,1,2.0,False,2025,Australia,R,91.271,32.572,19.292,39.407
VER,Red Bull Racing,14.0,0 days 00:01:30.639000,0 days 00:00:32.137000,0 days 00:00:19.124000,0 days 00:00:39.378000,INTERMEDIATE,14.0,4.0,,,1,2.0,False,2025,Australia,R,90.639,32.137,19.124,39.378
VER,Red Bull Racing,15.0,0 days 00:01:30.328000,0 days 00:00:31.945000,0 days 00:00:18.879000,0 days 00:00:39.504000,INTERMEDIATE,15.0,4.0,,,1,2.0,False,2025,Australia,R,90.328,31.945,18.879,39.504
VER,Red Bull Racing,16.0,0 days 00:01:30.592000,0 days 00:00:31.921000,0 days 00:00:19.071000,0 days 00:00:39.600000,INTERMEDIATE,16.0,4.0,,,1,2.0,False,2025,Australia,R,90.592,31.921,19.071,39.6
VER,Red Bull Racing,17.0,0 days 00:01:33.392000,0 days 00:00:32.432000,0 days 00:00:19.003000,0 days 00:00:41.957000,INTERMEDIATE,17.0,4.0,,,1,3.0,False,2025,Australia,R,93.392,32.432,19.003,41.957
VER,Red Bull Racing,18.0,0 days 00:01:32.169000,0 days 00:00:32.550000,0 days 00:00:18.956000,0 days 00:00:40.663000,INTERMEDIATE,18.0,4.0,,,1,3.0,False,2025,Australia,R,92.169,32.55,18.956,40.663
VER,Red Bull Racing,19.0,0 days 00:01:31.939000,0 days 00:00:32.547000,0 days 00:00:19.002000,0 days 00:00:40.390000,INTERMEDIATE,19.0,4.0,,,1,3.0,False,2025,Australia,R,91.939,32.547,19.002,40.39
VER,Red Bull Racing,20.0,0 days 00:01:31.598000,0 days 00:00:32.354000,0 days 00:00:19.009000,0 days 00:00:40.235000,INTERMEDIATE,20.0,4.0,,,1,3.0,False,2025,Australia,R,91.598,32.354,19.009,40.235
VER,Red Bull Racing,21.0,0 days 00:01:31.177000,0 days 00:00:32.272000,0 days 00:00:18.898000,0 days 00:00:40.007000,INTERMEDIATE,21.0,4.0,,,1,3.0,False,2025,Australia,R,91.177,32.272,18.898,40.007
VER,Red Bull Racing,22.0,0 days 00:01:31.040000,0 days 00:00:32.480000,0 days 00:00:18.943000,0 days 00:00:39.617000,INTERMEDIATE,22.0,4.0,,,1,3.0,False,2025,Australia,R,91.04,32.48,18.943,39.617
VER,Red Bull Racing,23.0,0 days 00:01:30.686000,0 days 00:00:32.099000,0 days 00:00:18.912000,0 days 00:00:39.675000,INTERMEDIATE,23.0,4.0,,,1,3.0,False,2025,Australia,R,90.686,32.099,18.912,39.675
VER,Red Bull Racing,24.0,0 days 00:01:30.978000,0 days 00:00:32.243000,0 days 00:00:18.994000,0 days 00:00:39.741000,INTERMEDIATE,24.0,4.0,,,1,3.0,False,2025,Australia,R,90.978,32.243,18.994,39.741
VER,Red Bull Racing,25.0,0 days 00:01:30.845000,0 days 00:00:32.279000,0 days 00:00:18.911000,0 days 00:00:39.655000,INTERMEDIATE,25.0,4.0,,,1,3.0,False,2025,Australia,R,90.845,32.279,18.911,39.655
VER,Red Bull Racing,26.0,0 days 00:01:30.293000,0 days 00:00:32.159000,0 days 00:00:18.938000,0 days 00:00:39.196000,INTERMEDIATE,26.0,4.0,,,1,3.0,False,2025,Australia,R,90.293,32.159,18.938,39.196
VER,Red Bull Racing,27.0,0 days 00:01:29.731000,0 days 00:00:31.904000,0 days 00:00:18.868000,0 days 00:00:38.959000,INTERMEDIATE,27.0,4.0,,,1,3.0,False,2025,Australia,R,89.731,31.904,18.868,38.959
VER,Red Bull Racing,28.0,0 days 00:01:29.411000,0 days 00:00:31.769000,0 days 00:00:18.848000,0 days 00:00:38.794000,INTERMEDIATE,28.0,4.0,,,1,3.0,False,2025,Australia,R,89.411,31.769,18.848,38.794
VER,Red Bull Racing,29.0,0 days 00:01:29.043000,0 days 00:00:31.543000,0 days 00:00:18.815000,0 days 00:00:38.685000,INTERMEDIATE,29.0,4.0,,,1,3.0,False,2025,Australia,R,89.043,31.543,18.815,38.685
VER,Red Bull Racing,30.0,0 days 00:01:28.237000,0 days 00:00:31.103000,0 days 00:00:18.635000,0 days 00:00:38.499000,INTERMEDIATE,30.0,4.0,,,1,3.0,False,2025,Australia,R,88.237,31.103,18.635,38.499
VER,Red Bull Racing,31.0,0 days 00:01:28.127000,0 days 00:00:31.123000,0 days 00:00:18.741000,0 days 00:00:38.263000,INTERMEDIATE,31.0,4.0,,,1,3.0,False,2025,Australia,R,88.127,31.123,18.741,38.263
VER,Red Bull Racing,32.0,0 days 00:01:28.208000,0 days 00:00:30.905000,0 days 00:00:18.890000,0 days 00:00:38.413000,INTERMEDIATE,32.0,4.0,,,1,3.0,False,2025,Australia,R,88.208,30.905,18.89,38.413
VER,Red Bull Racing,33.0,0 days 00:01:28.046000,0 days 00:00:30.905000,0 days 00:00:18.810000,0 days 00:00:38.331000,INTERMEDIATE,33.0,4.0,,,12,3.0,False,2025,Australia,R,88.046,30.905,18.81,38.331
VER,Red Bull Racing,34.0,0 days 00:02:08.598000,0 days 00:00:38.569000,0 days 00:00:29.499000,0 days 00:01:00.530000,INTERMEDIATE,34.0,4.0,0 days 02:09:24.559000,,24,3.0,False,2025,Australia,R,128.598,38.569,29.499,60.53
VER,Red Bull Racing,35.0,0 days 00:02:04.508000,0 days 00:00:46.794000,0 days 00:00:27.330000,0 days 00:00:50.384000,MEDIUM,1.0,5.0,,0 days 02:09:43.218000,4,3.0,False,2025,Australia,R,124.508,46.794,27.33,50.384
VER,Red Bull Racing,36.0,0 days 00:01:56.334000,0 days 00:00:33.284000,0 days 00:00:30.201000,0 days 00:00:52.849000,MEDIUM,2.0,5.0,,,4,3.0,False,2025,Australia,R,116.334,33.284,30.201,52.849
VER,Red Bull Racing,37.0,,0 days 00:00:46.632000,0 days 00:00:40.725000,0 days 00:01:15.519000,MEDIUM,3.0,5.0,,,4,3.0,False,2025,Australia,R,,46.632,40.725,75.519
VER,Red Bull Racing,38.0,0 days 00:02:17.910000,0 days 00:00:40.652000,0 days 00:00:41.364000,0 days 00:00:55.894000,MEDIUM,4.0,5.0,,,4,3.0,False,2025,Australia,R,137.91,40.652,41.364,55.894
VER,Red Bull Racing,39.0,0 days 00:02:12.714000,0 days 00:00:42.699000,0 days 00:00:36.267000,0 days 00:00:53.748000,MEDIUM,5.0,5.0,,,4,3.0,False,2025,Australia,R,132.714,42.699,36.267,53.748
VER,Red Bull Racing,40.0,0 days 00:02:11.498000,0 days 00:00:43.488000,0 days 00:00:33.721000,0 days 00:00:54.289000,MEDIUM,6.0,5.0,,,4,3.0,False,2025,Australia,R,131.498,43.488,33.721,54.289
VER,Red Bull Racing,41.0,0 days 00:02:12.004000,0 days 00:00:44.791000,0 days 00:00:29.249000,0 days 00:00:57.964000,MEDIUM,7.0,5.0,,,41,3.0,False,2025,Australia,R,132.004,44.791,29.249,57.964
VER,Red Bull Racing,42.0,0 days 00:01:25.317000,0 days 00:00:30.288000,0 days 00:00:18.886000,0 days 00:00:36.143000,MEDIUM,8.0,5.0,,,1,3.0,False,2025,Australia,R,85.317,30.288,18.886,36.143
VER,Red Bull Racing,43.0,0 days 00:01:23.081000,0 days 00:00:28.878000,0 days 00:00:18.569000,0 days 00:00:35.634000,MEDIUM,9.0,5.0,,,1,3.0,False,2025,Australia,R,83.081,28.878,18.569,35.634
VER,Red Bull Racing,44.0,0 days 00:01:26.789000,0 days 00:00:28.766000,0 days 00:00:18.154000,0 days 00:00:39.869000,MEDIUM,10.0,5.0,,,12,1.0,False,2025,Australia,R,86.789,28.766,18.154,39.869
VER,Red Bull Racing,45.0,0 days 00:01:32.874000,0 days 00:00:29.993000,0 days 00:00:18.865000,0 days 00:00:44.016000,MEDIUM,11.0,5.0,,,21,1.0,False,2025,Australia,R,92.874,29.993,18.865,44.016
VER,Red Bull Racing,46.0,0 days 00:01:52.606000,0 days 00:00:31.037000,0 days 00:00:19.186000,0 days 00:01:02.383000,MEDIUM,12.0,5.0,0 days 02:32:42.968000,,1,5.0,False,2025,Australia,R,112.606,31.037,19.186,62.383
VER,Red Bull Racing,47.0,0 days 00:02:07.213000,0 days 00:00:40.700000,0 days 00:00:31.560000,0 days 00:00:54.953000,INTERMEDIATE,1.0,6.0,,0 days 02:33:01.788000,124,2.0,False,2025,Australia,R,127.213,40.7,31.56,54.953
VER,Red Bull Racing,48.0,0 days 00:02:02.406000,0 days 00:00:38.909000,0 days 00:00:23.850000,0 days 00:00:59.647000,INTERMEDIATE,2.0,6.0,,,4,2.0,False,2025,Australia,R,122.406,38.909,23.85,59.647
VER,Red Bull Racing,49.0,0 days 00:02:24.892000,0 days 00:00:51.981000,0 days 00:00:32.432000,0 days 00:01:00.479000,INTERMEDIATE,3.0,6.0,,,4,2.0,False,2025,Australia,R,144.892,51.981,32.432,60.479
VER,Red Bull Racing,50.0,0 days 00:02:22.085000,0 days 00:00:52.682000,0 days 00:00:32.177000,0 days 00:00:57.226000,INTERMEDIATE,4.0,6.0,,,4,2.0,False,2025,Australia,R,142.085,52.682,32.177,57.226
VER,Red Bull Racing,51.0,0 days 00:02:13.879000,0 days 00:00:47.272000,0 days 00:00:29.576000,0 days 00:00:57.031000,INTERMEDIATE,5.0,6.0,,,41,2.0,False,2025,Australia,R,133.879,47.272,29.576,57.031
VER,Red Bull Racing,52.0,0 days 00:01:33.864000,0 days 00:00:34.079000,0 days 00:00:19.408000,0 days 00:00:40.377000,INTERMEDIATE,6.0,6.0,,,1,2.0,False,2025,Australia,R,93.864,34.079,19.408,40.377
VER,Red Bull Racing,53.0,0 days 00:01:30.859000,0 days 00:00:32.113000,0 days 00:00:19.031000,0 days 00:00:39.715000,INTERMEDIATE,7.0,6.0,,,1,2.0,False,2025,Australia,R,90.859,32.113,19.031,39.715
VER,Red Bull Racing,54.0,0 days 00:01:29.100000,0 days 00:00:31.437000,0 days 00:00:18.688000,0 days 00:00:38.975000,INTERMEDIATE,8.0,6.0,,,1,2.0,False,2025,Australia,R,89.1,31.437,18.688,38.975
VER,Red Bull Racing,55.0,0 days 00:01:28.538000,0 days 00:00:30.812000,0 days 00:00:18.798000,0 days 00:00:38.928000,INTERMEDIATE,9.0,6.0,,,1,2.0,False,2025,Australia,R,88.538,30.812,18.798,38.928
VER,Red Bull Racing,56.0,0 days 00:01:27.921000,0 days 00:00:30.695000,0 days 00:00:18.320000,0 days 00:00:38.906000,INTERMEDIATE,10.0,6.0,,,1,2.0,False,2025,Australia,R,87.921,30.695,18.32,38.906
VER,Red Bull Racing,57.0,0 days 00:01:27.400000,0 days 00:00:30.421000,0 days 00:00:18.285000,0 days 00:00:38.694000,INTERMEDIATE,11.0,6.0,,,1,2.0,False,2025,Australia,R,87.4,30.421,18.285,38.694
GAS,Alpine,1.0,0 days 00:02:14.132000,,0 days 00:00:21.554000,0 days 00:01:05.755000,INTERMEDIATE,1.0,1.0,,,124,9.0,False,2025,Australia,R,134.132,,21.554,65.755
GAS,Alpine,2.0,,0 days 00:00:55.855000,0 days 00:00:35.135000,0 days 00:01:20.320000,INTERMEDIATE,2.0,1.0,0 days 01:15:53.611000,,4,9.0,False,2025,Australia,R,,55.855,35.135,80.32
GAS,Alpine,3.0,,0 days 00:00:50.510000,0 days 00:00:36.049000,0 days 00:01:16.333000,INTERMEDIATE,3.0,2.0,0 days 01:18:36.076000,0 days 01:16:08.591000,4,9.0,False,2025,Australia,R,,50.51,36.049,76.333
GAS,Alpine,4.0,,0 days 00:00:50.360000,0 days 00:00:32.205000,0 days 00:01:12.024000,INTERMEDIATE,4.0,3.0,0 days 01:21:12.398000,0 days 01:18:51.914000,4,9.0,False,2025,Australia,R,,50.36,32.205,72.024
GAS,Alpine,5.0,0 days 00:02:21.360000,0 days 00:00:51.180000,0 days 00:00:30.446000,0 days 00:00:59.734000,INTERMEDIATE,5.0,4.0,,0 days 01:21:27.130000,4,9.0,False,2025,Australia,R,141.36,51.18,30.446,59.734
GAS,Alpine,6.0,0 days 00:02:19.952000,0 days 00:00:43.258000,0 days 00:00:34.952000,0 days 00:01:01.742000,INTERMEDIATE,6.0,4.0,,,4,9.0,False,2025,Australia,R,139.952,43.258,34.952,61.742
GAS,Alpine,7.0,0 days 00:02:06.733000,0 days 00:00:42.713000,0 days 00:00:29.764000,0 days 00:00:54.256000,INTERMEDIATE,7.0,4.0,,,41,9.0,False,2025,Australia,R,126.733,42.713,29.764,54.256
GAS,Alpine,8.0,0 days 00:01:38.441000,0 days 00:00:35.761000,0 days 00:00:20.439000,0 days 00:00:42.241000,INTERMEDIATE,8.0,4.0,,,1,9.0,False,2025,Australia,R,98.441,35.761,20.439,42.241
GAS,Alpine,9.0,0 days 00:01:36.062000,0 days 00:00:34.775000,0 days 00:00:19.939000,0 days 00:00:41.348000,INTERMEDIATE,9.0,4.0,,,1,9.0,False,2025,Australia,R,96.062,34.775,19.939,41.348
GAS,Alpine,10.0,0 days 00:01:35.527000,0 days 00:00:34.369000,0 days 00:00:19.784000,0 days 00:00:41.374000,INTERMEDIATE,10.0,4.0,,,1,9.0,False,2025,Australia,R,95.527,34.369,19.784,41.374
GAS,Alpine,11.0,0 days 00:01:34.702000,0 days 00:00:33.715000,0 days 00:00:19.771000,0 days 00:00:41.216000,INTERMEDIATE,11.0,4.0,,,1,9.0,False,2025,Australia,R,94.702,33.715,19.771,41.216
GAS,Alpine,12.0,0 days 00:01:34.227000,0 days 00:00:33.480000,0 days 00:00:19.640000,0 days 00:00:41.107000,INTERMEDIATE,12.0,4.0,,,1,9.0,False,2025,Australia,R,94.227,33.48,19.64,41.107
GAS,Alpine,13.0,0 days 00:01:33.275000,0 days 00:00:33.245000,0 days 00:00:19.662000,0 days 00:00:40.368000,INTERMEDIATE,13.0,4.0,,,1,9.0,False,2025,Australia,R,93.275,33.245,19.662,40.368
GAS,Alpine,14.0,0 days 00:01:32.859000,0 days 00:00:32.923000,0 days 00:00:19.508000,0 days 00:00:40.428000,INTERMEDIATE,14.0,4.0,,,1,9.0,False,2025,Australia,R,92.859,32.923,19.508,40.428
GAS,Alpine,15.0,0 days 00:01:32.744000,0 days 00:00:33.106000,0 days 00:00:19.515000,0 days 00:00:40.123000,INTERMEDIATE,15.0,4.0,,,1,9.0,False,2025,Australia,R,92.744,33.106,19.515,40.123
GAS,Alpine,16.0,0 days 00:01:32.445000,0 days 00:00:32.952000,0 days 00:00:19.527000,0 days 00:00:39.966000,INTERMEDIATE,16.0,4.0,,,1,9.0,False,2025,Australia,R,92.445,32.952,19.527,39.966
GAS,Alpine,17.0,0 days 00:01:32.795000,0 days 00:00:32.773000,0 days 00:00:19.338000,0 days 00:00:40.684000,INTERMEDIATE,17.0,4.0,,,1,9.0,False,2025,Australia,R,92.795,32.773,19.338,40.684
GAS,Alpine,18.0,0 days 00:01:33.124000,0 days 00:00:32.863000,0 days 00:00:19.329000,0 days 00:00:40.932000,INTERMEDIATE,18.0,4.0,,,1,9.0,False,2025,Australia,R,93.124,32.863,19.329,40.932
GAS,Alpine,19.0,0 days 00:01:32.462000,0 days 00:00:32.918000,0 days 00:00:19.141000,0 days 00:00:40.403000,INTERMEDIATE,19.0,4.0,,,1,9.0,False,2025,Australia,R,92.462,32.918,19.141,40.403
GAS,Alpine,20.0,0 days 00:01:32.327000,0 days 00:00:32.703000,0 days 00:00:19.090000,0 days 00:00:40.534000,INTERMEDIATE,20.0,4.0,,,1,9.0,False,2025,Australia,R,92.327,32.703,19.09,40.534
GAS,Alpine,21.0,0 days 00:01:32.323000,0 days 00:00:32.860000,0 days 00:00:19.181000,0 days 00:00:40.282000,INTERMEDIATE,21.0,4.0,,,1,9.0,False,2025,Australia,R,92.323,32.86,19.181,40.282
GAS,Alpine,22.0,0 days 00:01:32.355000,0 days 00:00:32.630000,0 days 00:00:19.183000,0 days 00:00:40.542000,INTERMEDIATE,22.0,4.0,,,1,9.0,False,2025,Australia,R,92.355,32.63,19.183,40.542
GAS,Alpine,23.0,0 days 00:01:32.438000,0 days 00:00:32.769000,0 days 00:00:19.180000,0 days 00:00:40.489000,INTERMEDIATE,23.0,4.0,,,1,9.0,False,2025,Australia,R,92.438,32.769,19.18,40.489
GAS,Alpine,24.0,0 days 00:01:32.035000,0 days 00:00:32.624000,0 days 00:00:19.219000,0 days 00:00:40.192000,INTERMEDIATE,24.0,4.0,,,1,9.0,False,2025,Australia,R,92.035,32.624,19.219,40.192
GAS,Alpine,25.0,0 days 00:01:31.622000,0 days 00:00:32.743000,0 days 00:00:19.120000,0 days 00:00:39.759000,INTERMEDIATE,25.0,4.0,,,1,9.0,False,2025,Australia,R,91.622,32.743,19.12,39.759
GAS,Alpine,26.0,0 days 00:01:30.928000,0 days 00:00:32.305000,0 days 00:00:19.052000,0 days 00:00:39.571000,INTERMEDIATE,26.0,4.0,,,1,9.0,False,2025,Australia,R,90.928,32.305,19.052,39.571
GAS,Alpine,27.0,0 days 00:01:30.635000,0 days 00:00:32.169000,0 days 00:00:19.002000,0 days 00:00:39.464000,INTERMEDIATE,27.0,4.0,,,1,9.0,False,2025,Australia,R,90.635,32.169,19.002,39.464
GAS,Alpine,28.0,0 days 00:01:30.382000,0 days 00:00:32.019000,0 days 00:00:18.955000,0 days 00:00:39.408000,INTERMEDIATE,28.0,4.0,,,1,9.0,False,2025,Australia,R,90.382,32.019,18.955,39.408
GAS,Alpine,29.0,0 days 00:01:30.051000,0 days 00:00:31.855000,0 days 00:00:18.938000,0 days 00:00:39.258000,INTERMEDIATE,29.0,4.0,,,1,9.0,False,2025,Australia,R,90.051,31.855,18.938,39.258
GAS,Alpine,30.0,0 days 00:01:30.124000,0 days 00:00:31.654000,0 days 00:00:18.998000,0 days 00:00:39.472000,INTERMEDIATE,30.0,4.0,,,1,9.0,False,2025,Australia,R,90.124,31.654,18.998,39.472
GAS,Alpine,31.0,0 days 00:01:29.299000,0 days 00:00:31.513000,0 days 00:00:18.869000,0 days 00:00:38.917000,INTERMEDIATE,31.0,4.0,,,1,9.0,False,2025,Australia,R,89.299,31.513,18.869,38.917
GAS,Alpine,32.0,0 days 00:01:29.383000,0 days 00:00:31.618000,0 days 00:00:18.850000,0 days 00:00:38.915000,INTERMEDIATE,32.0,4.0,,,1,9.0,False,2025,Australia,R,89.383,31.618,18.85,38.915
GAS,Alpine,33.0,0 days 00:01:51.300000,0 days 00:00:31.296000,0 days 00:00:18.975000,0 days 00:01:01.029000,INTERMEDIATE,33.0,4.0,0 days 02:08:17.990000,,124,9.0,False,2025,Australia,R,111.3,31.296,18.975,61.029
GAS,Alpine,34.0,0 days 00:02:25.049000,0 days 00:00:53.338000,0 days 00:00:42.356000,0 days 00:00:49.355000,HARD,1.0,5.0,,0 days 02:08:37.599000,4,9.0,False,2025,Australia,R,145.049,53.338,42.356,49.355
GAS,Alpine,35.0,0 days 00:01:45.531000,0 days 00:00:35.632000,0 days 00:00:28.822000,0 days 00:00:41.077000,HARD,2.0,5.0,,,4,9.0,False,2025,Australia,R,105.531,35.632,28.822,41.077
GAS,Alpine,36.0,0 days 00:01:41.620000,0 days 00:00:32.286000,0 days 00:00:29.596000,0 days 00:00:39.738000,HARD,3.0,5.0,,,4,9.0,False,2025,Australia,R,101.62,32.286,29.596,39.738
GAS,Alpine,37.0,0 days 00:02:07.218000,0 days 00:00:31.629000,0 days 00:00:29.727000,0 days 00:01:05.862000,HARD,4.0,5.0,,,4,9.0,False,2025,Australia,R,127.218,31.629,29.727,65.862
GAS,Alpine,38.0,0 days 00:02:19.376000,0 days 00:00:38.274000,0 days 00:00:39.552000,0 days 00:01:01.550000,HARD,5.0,5.0,,,4,9.0,False,2025,Australia,R,139.376,38.274,39.552,61.55
GAS,Alpine,39.0,0 days 00:02:11.226000,0 days 00:00:38.456000,0 days 00:00:36.070000,0 days 00:00:56.700000,HARD,6.0,5.0,,,4,9.0,False,2025,Australia,R,131.226,38.456,36.07,56.7
GAS,Alpine,40.0,0 days 00:02:10.476000,0 days 00:00:40.824000,0 days 00:00:35.543000,0 days 00:00:54.109000,HARD,7.0,5.0,,,4,9.0,False,2025,Australia,R,130.476,40.824,35.543,54.109
GAS,Alpine,41.0,0 days 00:02:06.368000,0 days 00:00:43.945000,0 days 00:00:29.012000,0 days 00:00:53.411000,HARD,8.0,5.0,,,41,9.0,False,2025,Australia,R,126.368,43.945,29.012,53.411
GAS,Alpine,42.0,0 days 00:01:27.942000,0 days 00:00:31.318000,0 days 00:00:18.881000,0 days 00:00:37.743000,HARD,9.0,5.0,,,1,9.0,False,2025,Australia,R,87.942,31.318,18.881,37.743
GAS,Alpine,43.0,0 days 00:01:25.020000,0 days 00:00:29.787000,0 days 00:00:18.627000,0 days 00:00:36.606000,HARD,10.0,5.0,,,1,9.0,False,2025,Australia,R,85.02,29.787,18.627,36.606
GAS,Alpine,44.0,0 days 00:01:28.332000,0 days 00:00:29.467000,0 days 00:00:18.594000,0 days 00:00:40.271000,HARD,11.0,5.0,,,12,4.0,False,2025,Australia,R,88.332,29.467,18.594,40.271
GAS,Alpine,45.0,0 days 00:01:32.969000,0 days 00:00:30.352000,0 days 00:00:18.899000,0 days 00:00:43.718000,HARD,12.0,5.0,,,21,4.0,False,2025,Australia,R,92.969,30.352,18.899,43.718
GAS,Alpine,46.0,0 days 00:01:56.069000,0 days 00:00:33.157000,0 days 00:00:18.982000,0 days 00:01:03.930000,HARD,13.0,5.0,0 days 02:32:55.194000,,1,11.0,False,2025,Australia,R,116.069,33.157,18.982,63.93
GAS,Alpine,47.0,0 days 00:02:06.740000,0 days 00:00:45.479000,0 days 00:00:24.021000,0 days 00:00:57.240000,INTERMEDIATE,1.0,6.0,,0 days 02:33:14.929000,124,8.0,False,2025,Australia,R,126.74,45.479,24.021,57.24
GAS,Alpine,48.0,0 days 00:02:01.785000,0 days 00:00:41.932000,0 days 00:00:22.835000,0 days 00:00:57.018000,INTERMEDIATE,2.0,6.0,,,4,8.0,False,2025,Australia,R,121.785,41.932,22.835,57.018
GAS,Alpine,49.0,0 days 00:02:24.669000,0 days 00:00:48.264000,0 days 00:00:32.422000,0 days 00:01:03.983000,INTERMEDIATE,3.0,6.0,,,4,8.0,False,2025,Australia,R,144.669,48.264,32.422,63.983
GAS,Alpine,50.0,0 days 00:02:17.754000,0 days 00:00:49.575000,0 days 00:00:30.790000,0 days 00:00:57.389000,INTERMEDIATE,4.0,6.0,,,4,8.0,False,2025,Australia,R,137.754,49.575,30.79,57.389
GAS,Alpine,51.0,0 days 00:02:11.745000,0 days 00:00:46.466000,0 days 00:00:28.377000,0 days 00:00:56.902000,INTERMEDIATE,5.0,6.0,,,41,8.0,False,2025,Australia,R,131.745,46.466,28.377,56.902
GAS,Alpine,52.0,0 days 00:01:36.326000,0 days 00:00:35.475000,0 days 00:00:19.500000,0 days 00:00:41.351000,INTERMEDIATE,6.0,6.0,,,1,8.0,False,2025,Australia,R,96.326,35.475,19.5,41.351
GAS,Alpine,53.0,0 days 00:01:32.297000,0 days 00:00:32.856000,0 days 00:00:19.045000,0 days 00:00:40.396000,INTERMEDIATE,7.0,6.0,,,1,8.0,False,2025,Australia,R,92.297,32.856,19.045,40.396
GAS,Alpine,54.0,0 days 00:01:34.967000,0 days 00:00:35.345000,0 days 00:00:19.237000,0 days 00:00:40.385000,INTERMEDIATE,8.0,6.0,,,1,10.0,True,2025,Australia,R,94.967,35.345,19.237,40.385
GAS,Alpine,55.0,0 days 00:01:32.316000,0 days 00:00:33.195000,0 days 00:00:19.199000,0 days 00:00:39.922000,INTERMEDIATE,9.0,6.0,,,1,11.0,False,2025,Australia,R,92.316,33.195,19.199,39.922
GAS,Alpine,56.0,0 days 00:01:30.866000,0 days 00:00:31.867000,0 days 00:00:19.159000,0 days 00:00:39.840000,INTERMEDIATE,10.0,6.0,,,1,11.0,False,2025,Australia,R,90.866,31.867,19.159,39.84
GAS,Alpine,57.0,0 days 00:01:31.312000,0 days 00:00:31.774000,0 days 00:00:19.075000,0 days 00:00:40.463000,INTERMEDIATE,11.0,6.0,,,1,11.0,False,2025,Australia,R,91.312,31.774,19.075,40.463
ANT,Mercedes,1.0,0 days 00:02:22.352000,,0 days 00:00:22.829000,0 days 00:01:09.366000,INTERMEDIATE,1.0,1.0,,,124,13.0,False,2025,Australia,R,142.352,,22.829,69.366
ANT,Mercedes,2.0,,0 days 00:00:55.459000,0 days 00:00:32.481000,0 days 00:01:21.860000,INTERMEDIATE,2.0,1.0,0 days 01:16:01.429000,,4,13.0,False,2025,Australia,R,,55.459,32.481,81.86
ANT,Mercedes,3.0,,0 days 00:00:51.498000,0 days 00:00:33.080000,0 days 00:01:20.177000,INTERMEDIATE,3.0,2.0,0 days 01:18:43.529000,0 days 01:16:16.265000,4,13.0,False,2025,Australia,R,,51.498,33.08,80.177
ANT,Mercedes,4.0,,0 days 00:00:49.814000,0 days 00:00:32.851000,0 days 00:01:11.933000,INTERMEDIATE,4.0,3.0,0 days 01:21:21.148000,0 days 01:18:59.964000,4,13.0,False,2025,Australia,R,,49.814,32.851,71.933
ANT,Mercedes,5.0,0 days 00:02:19.163000,0 days 00:00:49.979000,0 days 00:00:30.052000,0 days 00:00:59.132000,INTERMEDIATE,5.0,4.0,,0 days 01:21:35.283000,4,13.0,False,2025,Australia,R,139.163,49.979,30.052,59.132
ANT,Mercedes,6.0,0 days 00:02:21.111000,0 days 00:00:42.289000,0 days 00:00:35.787000,0 days 00:01:03.035000,INTERMEDIATE,6.0,4.0,,,4,13.0,False,2025,Australia,R,141.111,42.289,35.787,63.035
ANT,Mercedes,7.0,0 days 00:02:03.412000,0 days 00:00:41.182000,0 days 00:00:30.645000,0 days 00:00:51.585000,INTERMEDIATE,7.0,4.0,,,41,13.0,False,2025,Australia,R,123.412,41.182,30.645,51.585
ANT,Mercedes,8.0,0 days 00:01:38.729000,0 days 00:00:35.912000,0 days 00:00:20.482000,0 days 00:00:42.335000,INTERMEDIATE,8.0,4.0,,,1,13.0,False,2025,Australia,R,98.729,35.912,20.482,42.335
ANT,Mercedes,9.0,0 days 00:01:36.312000,0 days 00:00:34.903000,0 days 00:00:19.945000,0 days 00:00:41.464000,INTERMEDIATE,9.0,4.0,,,1,13.0,False,2025,Australia,R,96.312,34.903,19.945,41.464
ANT,Mercedes,10.0,0 days 00:01:35.270000,0 days 00:00:34.187000,0 days 00:00:19.577000,0 days 00:00:41.506000,INTERMEDIATE,10.0,4.0,,,1,13.0,False,2025,Australia,R,95.27,34.187,19.577,41.506
ANT,Mercedes,11.0,0 days 00:01:34.678000,0 days 00:00:33.964000,0 days 00:00:19.627000,0 days 00:00:41.087000,INTERMEDIATE,11.0,4.0,,,1,13.0,False,2025,Australia,R,94.678,33.964,19.627,41.087
ANT,Mercedes,12.0,0 days 00:01:35.385000,0 days 00:00:34.180000,0 days 00:00:19.476000,0 days 00:00:41.729000,INTERMEDIATE,12.0,4.0,,,1,13.0,False,2025,Australia,R,95.385,34.18,19.476,41.729
ANT,Mercedes,13.0,0 days 00:01:33.697000,0 days 00:00:33.611000,0 days 00:00:19.396000,0 days 00:00:40.690000,INTERMEDIATE,13.0,4.0,,,1,13.0,False,2025,Australia,R,93.697,33.611,19.396,40.69
ANT,Mercedes,14.0,0 days 00:01:33.802000,0 days 00:00:33.699000,0 days 00:00:19.470000,0 days 00:00:40.633000,INTERMEDIATE,14.0,4.0,,,1,12.0,False,2025,Australia,R,93.802,33.699,19.47,40.633
ANT,Mercedes,15.0,0 days 00:01:32.212000,0 days 00:00:33.126000,0 days 00:00:19.420000,0 days 00:00:39.666000,INTERMEDIATE,15.0,4.0,,,1,12.0,False,2025,Australia,R,92.212,33.126,19.42,39.666
ANT,Mercedes,16.0,0 days 00:01:37.326000,0 days 00:00:37.533000,0 days 00:00:19.464000,0 days 00:00:40.329000,INTERMEDIATE,16.0,4.0,,,1,13.0,True,2025,Australia,R,97.326,37.533,19.464,40.329
ANT,Mercedes,17.0,0 days 00:01:32.312000,0 days 00:00:33.045000,0 days 00:00:19.059000,0 days 00:00:40.208000,INTERMEDIATE,17.0,4.0,,,1,12.0,False,2025,Australia,R,92.312,33.045,19.059,40.208
ANT,Mercedes,18.0,0 days 00:01:32.181000,0 days 00:00:32.902000,0 days 00:00:19.203000,0 days 00:00:40.076000,INTERMEDIATE,18.0,4.0,,,1,12.0,False,2025,Australia,R,92.181,32.902,19.203,40.076
ANT,Mercedes,19.0,0 days 00:01:31.942000,0 days 00:00:32.822000,0 days 00:00:19.108000,0 days 00:00:40.012000,INTERMEDIATE,19.0,4.0,,,1,12.0,False,2025,Australia,R,91.942,32.822,19.108,40.012
ANT,Mercedes,20.0,0 days 00:01:31.319000,0 days 00:00:32.598000,0 days 00:00:19.093000,0 days 00:00:39.628000,INTERMEDIATE,20.0,4.0,,,1,12.0,False,2025,Australia,R,91.319,32.598,19.093,39.628
ANT,Mercedes,21.0,0 days 00:01:31.042000,0 days 00:00:32.385000,0 days 00:00:18.992000,0 days 00:00:39.665000,INTERMEDIATE,21.0,4.0,,,1,12.0,False,2025,Australia,R,91.042,32.385,18.992,39.665
ANT,Mercedes,22.0,0 days 00:01:31.887000,0 days 00:00:32.452000,0 days 00:00:18.953000,0 days 00:00:40.482000,INTERMEDIATE,22.0,4.0,,,1,11.0,False,2025,Australia,R,91.887,32.452,18.953,40.482
ANT,Mercedes,23.0,0 days 00:01:31.324000,0 days 00:00:32.454000,0 days 00:00:19.041000,0 days 00:00:39.829000,INTERMEDIATE,23.0,4.0,,,1,11.0,False,2025,Australia,R,91.324,32.454,19.041,39.829
ANT,Mercedes,24.0,0 days 00:01:30.822000,0 days 00:00:32.330000,0 days 00:00:18.978000,0 days 00:00:39.514000,INTERMEDIATE,24.0,4.0,,,1,11.0,False,2025,Australia,R,90.822,32.33,18.978,39.514
ANT,Mercedes,25.0,0 days 00:01:30.706000,0 days 00:00:32.088000,0 days 00:00:19.045000,0 days 00:00:39.573000,INTERMEDIATE,25.0,4.0,,,1,11.0,False,2025,Australia,R,90.706,32.088,19.045,39.573
ANT,Mercedes,26.0,0 days 00:01:31.299000,0 days 00:00:32.940000,0 days 00:00:18.942000,0 days 00:00:39.417000,INTERMEDIATE,26.0,4.0,,,1,11.0,False,2025,Australia,R,91.299,32.94,18.942,39.417
ANT,Mercedes,27.0,0 days 00:01:30.463000,0 days 00:00:32.082000,0 days 00:00:18.871000,0 days 00:00:39.510000,INTERMEDIATE,27.0,4.0,,,1,11.0,False,2025,Australia,R,90.463,32.082,18.871,39.51
ANT,Mercedes,28.0,0 days 00:01:30.716000,0 days 00:00:32.111000,0 days 00:00:18.504000,0 days 00:00:40.101000,INTERMEDIATE,28.0,4.0,,,1,11.0,False,2025,Australia,R,90.716,32.111,18.504,40.101
ANT,Mercedes,29.0,0 days 00:01:29.919000,0 days 00:00:31.785000,0 days 00:00:18.794000,0 days 00:00:39.340000,INTERMEDIATE,29.0,4.0,,,1,11.0,False,2025,Australia,R,89.919,31.785,18.794,39.34
ANT,Mercedes,30.0,0 days 00:01:29.794000,0 days 00:00:31.823000,0 days 00:00:18.759000,0 days 00:00:39.212000,INTERMEDIATE,30.0,4.0,,,1,11.0,False,2025,Australia,R,89.794,31.823,18.759,39.212
ANT,Mercedes,31.0,0 days 00:01:29.245000,0 days 00:00:31.583000,0 days 00:00:18.748000,0 days 00:00:38.914000,INTERMEDIATE,31.0,4.0,,,1,11.0,False,2025,Australia,R,89.245,31.583,18.748,38.914
ANT,Mercedes,32.0,0 days 00:01:29.032000,0 days 00:00:31.369000,0 days 00:00:18.773000,0 days 00:00:38.890000,INTERMEDIATE,32.0,4.0,,,1,11.0,False,2025,Australia,R,89.032,31.369,18.773,38.89
ANT,Mercedes,33.0,0 days 00:01:52.635000,0 days 00:00:31.156000,0 days 00:00:19.488000,0 days 00:01:01.991000,INTERMEDIATE,33.0,4.0,0 days 02:08:23.095000,,124,10.0,False,2025,Australia,R,112.635,31.156,19.488,61.991
ANT,Mercedes,34.0,0 days 00:02:22.596000,0 days 00:00:50.260000,0 days 00:00:41.918000,0 days 00:00:50.418000,HARD,1.0,5.0,,0 days 02:08:42.155000,4,10.0,False,2025,Australia,R,142.596,50.26,41.918,50.418
ANT,Mercedes,35.0,0 days 00:01:44.670000,0 days 00:00:35.474000,0 days 00:00:28.102000,0 days 00:00:41.094000,HARD,2.0,5.0,,,4,10.0,False,2025,Australia,R,104.67,35.474,28.102,41.094
ANT,Mercedes,36.0,0 days 00:01:41.655000,0 days 00:00:32.604000,0 days 00:00:29.457000,0 days 00:00:39.594000,HARD,3.0,5.0,,,4,10.0,False,2025,Australia,R,101.655,32.604,29.457,39.594
ANT,Mercedes,37.0,0 days 00:02:07.298000,0 days 00:00:31.948000,0 days 00:00:30.640000,0 days 00:01:04.710000,HARD,4.0,5.0,,,4,10.0,False,2025,Australia,R,127.298,31.948,30.64,64.71
ANT,Mercedes,38.0,0 days 00:02:19.681000,0 days 00:00:38.143000,0 days 00:00:39.653000,0 days 00:01:01.885000,HARD,5.0,5.0,,,4,10.0,False,2025,Australia,R,139.681,38.143,39.653,61.885
ANT,Mercedes,39.0,0 days 00:02:11.642000,0 days 00:00:38.950000,0 days 00:00:35.025000,0 days 00:00:57.667000,HARD,6.0,5.0,,,4,10.0,False,2025,Australia,R,131.642,38.95,35.025,57.667
ANT,Mercedes,40.0,0 days 00:02:09.615000,0 days 00:00:39.633000,0 days 00:00:35.891000,0 days 00:00:54.091000,HARD,7.0,5.0,,,4,10.0,False,2025,Australia,R,129.615,39.633,35.891,54.091
ANT,Mercedes,41.0,0 days 00:02:06.220000,0 days 00:00:44.333000,0 days 00:00:28.681000,0 days 00:00:53.206000,HARD,8.0,5.0,,,41,10.0,False,2025,Australia,R,126.22,44.333,28.681,53.206
ANT,Mercedes,42.0,0 days 00:01:27.505000,0 days 00:00:30.908000,0 days 00:00:19.021000,0 days 00:00:37.576000,HARD,9.0,5.0,,,1,10.0,False,2025,Australia,R,87.505,30.908,19.021,37.576
ANT,Mercedes,43.0,0 days 00:01:24.901000,0 days 00:00:29.606000,0 days 00:00:18.461000,0 days 00:00:36.834000,HARD,10.0,5.0,,,1,10.0,False,2025,Australia,R,84.901,29.606,18.461,36.834
ANT,Mercedes,44.0,0 days 00:01:48.276000,0 days 00:00:29.991000,0 days 00:00:18.732000,0 days 00:00:59.553000,HARD,11.0,5.0,0 days 02:29:44.044000,,12,11.0,False,2025,Australia,R,108.276,29.991,18.732,59.553
ANT,Mercedes,45.0,0 days 00:01:35.593000,0 days 00:00:37.157000,0 days 00:00:19.091000,0 days 00:00:39.345000,INTERMEDIATE,1.0,6.0,,0 days 02:30:06.012000,21,11.0,False,2025,Australia,R,95.593,37.157,19.091,39.345
ANT,Mercedes,46.0,0 days 00:01:30.780000,0 days 00:00:31.827000,0 days 00:00:18.635000,0 days 00:00:40.318000,INTERMEDIATE,2.0,6.0,,,1,8.0,False,2025,Australia,R,90.78,31.827,18.635,40.318
ANT,Mercedes,47.0,0 days 00:02:05.750000,0 days 00:00:34.497000,0 days 00:00:33.267000,0 days 00:00:57.986000,INTERMEDIATE,3.0,6.0,,,124,5.0,False,2025,Australia,R,125.75,34.497,33.267,57.986
ANT,Mercedes,48.0,0 days 00:01:58.429000,0 days 00:00:40.189000,0 days 00:00:21.083000,0 days 00:00:57.157000,INTERMEDIATE,4.0,6.0,,,4,5.0,False,2025,Australia,R,118.429,40.189,21.083,57.157
ANT,Mercedes,49.0,0 days 00:02:24.964000,0 days 00:00:51.540000,0 days 00:00:31.716000,0 days 00:01:01.708000,INTERMEDIATE,5.0,6.0,,,4,5.0,False,2025,Australia,R,144.964,51.54,31.716,61.708
ANT,Mercedes,50.0,0 days 00:02:20.284000,0 days 00:00:51.512000,0 days 00:00:30.864000,0 days 00:00:57.908000,INTERMEDIATE,6.0,6.0,,,4,5.0,False,2025,Australia,R,140.284,51.512,30.864,57.908
ANT,Mercedes,51.0,0 days 00:02:12.971000,0 days 00:00:46.897000,0 days 00:00:29.666000,0 days 00:00:56.408000,INTERMEDIATE,7.0,6.0,,,41,5.0,False,2025,Australia,R,132.971,46.897,29.666,56.408
ANT,Mercedes,52.0,0 days 00:01:35.008000,0 days 00:00:34.277000,0 days 00:00:19.530000,0 days 00:00:41.201000,INTERMEDIATE,8.0,6.0,,,1,5.0,False,2025,Australia,R,95.008,34.277,19.53,41.201
ANT,Mercedes,53.0,0 days 00:01:31.398000,0 days 00:00:32.679000,0 days 00:00:19.001000,0 days 00:00:39.718000,INTERMEDIATE,9.0,6.0,,,1,5.0,False,2025,Australia,R,91.398,32.679,19.001,39.718
ANT,Mercedes,54.0,0 days 00:01:30.562000,0 days 00:00:32.258000,0 days 00:00:18.783000,0 days 00:00:39.521000,INTERMEDIATE,10.0,6.0,,,1,5.0,False,2025,Australia,R,90.562,32.258,18.783,39.521
ANT,Mercedes,55.0,0 days 00:01:30.602000,0 days 00:00:31.970000,0 days 00:00:18.490000,0 days 00:00:40.142000,INTERMEDIATE,11.0,6.0,,,1,5.0,False,2025,Australia,R,90.602,31.97,18.49,40.142
ANT,Mercedes,56.0,0 days 00:01:28.149000,0 days 00:00:31.023000,0 days 00:00:18.341000,0 days 00:00:38.785000,INTERMEDIATE,12.0,6.0,,,1,4.0,False,2025,Australia,R,88.149,31.023,18.341,38.785
ANT,Mercedes,57.0,0 days 00:01:28.650000,0 days 00:00:31.048000,0 days 00:00:18.709000,0 days 00:00:38.893000,INTERMEDIATE,13.0,6.0,,,1,4.0,False,2025,Australia,R,88.65,31.048,18.709,38.893
ALO,Aston Martin,1.0,0 days 00:02:17.178000,,0 days 00:00:22.171000,0 days 00:01:07.034000,INTERMEDIATE,1.0,1.0,,,124,10.0,False,2025,Australia,R,137.178,,22.171,67.034
ALO,Aston Martin,2.0,,0 days 00:00:55.076000,0 days 00:00:34.640000,0 days 00:01:19.692000,INTERMEDIATE,2.0,1.0,0 days 01:15:54.830000,,4,10.0,False,2025,Australia,R,,55.076,34.64,79.692
ALO,Aston Martin,3.0,,0 days 00:00:52.882000,0 days 00:00:33.441000,0 days 00:01:17.022000,INTERMEDIATE,3.0,2.0,0 days 01:18:37.191000,0 days 01:16:10.400000,4,10.0,False,2025,Australia,R,,52.882,33.441,77.022
ALO,Aston Martin,4.0,,0 days 00:00:52.331000,0 days 00:00:32.068000,0 days 00:01:10.307000,INTERMEDIATE,4.0,3.0,0 days 01:21:13.968000,0 days 01:18:53.529000,4,10.0,False,2025,Australia,R,,52.331,32.068,70.307
ALO,Aston Martin,5.0,0 days 00:02:22.181000,0 days 00:00:52.318000,0 days 00:00:29.721000,0 days 00:01:00.142000,INTERMEDIATE,5.0,4.0,,0 days 01:21:29.030000,4,10.0,False,2025,Australia,R,142.181,52.318,29.721,60.142
ALO,Aston Martin,6.0,0 days 00:02:19.493000,0 days 00:00:42.673000,0 days 00:00:35.332000,0 days 00:01:01.488000,INTERMEDIATE,6.0,4.0,,,4,10.0,False,2025,Australia,R,139.493,42.673,35.332,61.488
ALO,Aston Martin,7.0,0 days 00:02:05.594000,0 days 00:00:42.237000,0 days 00:00:31.103000,0 days 00:00:52.254000,INTERMEDIATE,7.0,4.0,,,41,10.0,False,2025,Australia,R,125.594,42.237,31.103,52.254
ALO,Aston Martin,8.0,0 days 00:01:38.354000,0 days 00:00:35.634000,0 days 00:00:20.573000,0 days 00:00:42.147000,INTERMEDIATE,8.0,4.0,,,1,10.0,False,2025,Australia,R,98.354,35.634,20.573,42.147
ALO,Aston Martin,9.0,0 days 00:01:36.267000,0 days 00:00:34.756000,0 days 00:00:20.098000,0 days 00:00:41.413000,INTERMEDIATE,9.0,4.0,,,1,10.0,False,2025,Australia,R,96.267,34.756,20.098,41.413
ALO,Aston Martin,10.0,0 days 00:01:35.569000,0 days 00:00:34.310000,0 days 00:00:19.907000,0 days 00:00:41.352000,INTERMEDIATE,10.0,4.0,,,1,10.0,False,2025,Australia,R,95.569,34.31,19.907,41.352
ALO,Aston Martin,11.0,0 days 00:01:35.300000,0 days 00:00:34.107000,0 days 00:00:19.760000,0 days 00:00:41.433000,INTERMEDIATE,11.0,4.0,,,1,10.0,False,2025,Australia,R,95.3,34.107,19.76,41.433
ALO,Aston Martin,12.0,0 days 00:01:34.076000,0 days 00:00:33.625000,0 days 00:00:19.675000,0 days 00:00:40.776000,INTERMEDIATE,12.0,4.0,,,1,10.0,False,2025,Australia,R,94.076,33.625,19.675,40.776
ALO,Aston Martin,13.0,0 days 00:01:33.515000,0 days 00:00:33.419000,0 days 00:00:19.468000,0 days 00:00:40.628000,INTERMEDIATE,13.0,4.0,,,1,10.0,False,2025,Australia,R,93.515,33.419,19.468,40.628
ALO,Aston Martin,14.0,0 days 00:01:32.664000,0 days 00:00:32.924000,0 days 00:00:19.455000,0 days 00:00:40.285000,INTERMEDIATE,14.0,4.0,,,1,10.0,False,2025,Australia,R,92.664,32.924,19.455,40.285
ALO,Aston Martin,15.0,0 days 00:01:32.324000,0 days 00:00:32.913000,0 days 00:00:19.374000,0 days 00:00:40.037000,INTERMEDIATE,15.0,4.0,,,1,10.0,False,2025,Australia,R,92.324,32.913,19.374,40.037
ALO,Aston Martin,16.0,0 days 00:01:32.521000,0 days 00:00:32.518000,0 days 00:00:18.922000,0 days 00:00:41.081000,INTERMEDIATE,16.0,4.0,,,1,10.0,False,2025,Australia,R,92.521,32.518,18.922,41.081
ALO,Aston Martin,17.0,0 days 00:01:32.966000,0 days 00:00:32.745000,0 days 00:00:19.316000,0 days 00:00:40.905000,INTERMEDIATE,17.0,4.0,,,1,10.0,False,2025,Australia,R,92.966,32.745,19.316,40.905
ALO,Aston Martin,18.0,0 days 00:01:32.698000,0 days 00:00:32.791000,0 days 00:00:19.169000,0 days 00:00:40.738000,INTERMEDIATE,18.0,4.0,,,1,10.0,False,2025,Australia,R,92.698,32.791,19.169,40.738
ALO,Aston Martin,19.0,0 days 00:01:32.280000,0 days 00:00:32.507000,0 days 00:00:18.762000,0 days 00:00:41.011000,INTERMEDIATE,19.0,4.0,,,1,10.0,False,2025,Australia,R,92.28,32.507,18.762,41.011
ALO,Aston Martin,20.0,0 days 00:01:32.610000,0 days 00:00:32.675000,0 days 00:00:18.901000,0 days 00:00:41.034000,INTERMEDIATE,20.0,4.0,,,1,10.0,False,2025,Australia,R,92.61,32.675,18.901,41.034
ALO,Aston Martin,21.0,0 days 00:01:32.545000,0 days 00:00:32.459000,0 days 00:00:18.616000,0 days 00:00:41.470000,INTERMEDIATE,21.0,4.0,,,1,10.0,False,2025,Australia,R,92.545,32.459,18.616,41.47
ALO,Aston Martin,22.0,0 days 00:01:33.282000,0 days 00:00:32.923000,0 days 00:00:19.602000,0 days 00:00:40.757000,INTERMEDIATE,22.0,4.0,,,1,10.0,False,2025,Australia,R,93.282,32.923,19.602,40.757
ALO,Aston Martin,23.0,0 days 00:01:32.510000,0 days 00:00:32.738000,0 days 00:00:19.251000,0 days 00:00:40.521000,INTERMEDIATE,23.0,4.0,,,1,10.0,False,2025,Australia,R,92.51,32.738,19.251,40.521
ALO,Aston Martin,24.0,0 days 00:01:31.665000,0 days 00:00:32.237000,0 days 00:00:19.253000,0 days 00:00:40.175000,INTERMEDIATE,24.0,4.0,,,1,10.0,False,2025,Australia,R,91.665,32.237,19.253,40.175
ALO,Aston Martin,25.0,0 days 00:01:31.761000,0 days 00:00:32.200000,0 days 00:00:19.134000,0 days 00:00:40.427000,INTERMEDIATE,25.0,4.0,,,1,10.0,False,2025,Australia,R,91.761,32.2,19.134,40.427
ALO,Aston Martin,26.0,0 days 00:01:31.343000,0 days 00:00:32.324000,0 days 00:00:19.170000,0 days 00:00:39.849000,INTERMEDIATE,26.0,4.0,,,1,10.0,False,2025,Australia,R,91.343,32.324,19.17,39.849
ALO,Aston Martin,27.0,0 days 00:01:30.895000,0 days 00:00:32.032000,0 days 00:00:19.001000,0 days 00:00:39.862000,INTERMEDIATE,27.0,4.0,,,1,10.0,False,2025,Australia,R,90.895,32.032,19.001,39.862
ALO,Aston Martin,28.0,0 days 00:01:30.652000,0 days 00:00:32.030000,0 days 00:00:19.067000,0 days 00:00:39.555000,INTERMEDIATE,28.0,4.0,,,1,10.0,False,2025,Australia,R,90.652,32.03,19.067,39.555
ALO,Aston Martin,29.0,0 days 00:01:29.718000,0 days 00:00:31.491000,0 days 00:00:18.976000,0 days 00:00:39.251000,INTERMEDIATE,29.0,4.0,,,1,10.0,False,2025,Australia,R,89.718,31.491,18.976,39.251
ALO,Aston Martin,30.0,0 days 00:01:29.374000,0 days 00:00:31.387000,0 days 00:00:18.884000,0 days 00:00:39.103000,INTERMEDIATE,30.0,4.0,,,1,10.0,False,2025,Australia,R,89.374,31.387,18.884,39.103
ALO,Aston Martin,31.0,0 days 00:01:28.850000,0 days 00:00:31.446000,0 days 00:00:18.830000,0 days 00:00:38.574000,INTERMEDIATE,31.0,4.0,,,1,10.0,False,2025,Australia,R,88.85,31.446,18.83,38.574
ALO,Aston Martin,32.0,0 days 00:01:28.819000,0 days 00:00:31.156000,0 days 00:00:19.014000,0 days 00:00:38.649000,INTERMEDIATE,32.0,4.0,,,1,10.0,False,2025,Australia,R,88.819,31.156,19.014,38.649
ALO,Aston Martin,33.0,,,,,INTERMEDIATE,33.0,4.0,,,124,,False,2025,Australia,R,,,,
LEC,Ferrari,1.0,0 days 00:02:08.480000,,0 days 00:00:20.690000,0 days 00:01:02.574000,INTERMEDIATE,1.0,1.0,,,124,5.0,False,2025,Australia,R,128.48,,20.69,62.574
LEC,Ferrari,2.0,,0 days 00:00:55.101000,0 days 00:00:36.092000,0 days 00:01:16.040000,INTERMEDIATE,2.0,1.0,0 days 01:15:44.366000,,4,5.0,False,2025,Australia,R,,55.101,36.092,76.04
LEC,Ferrari,3.0,,0 days 00:00:54.771000,0 days 00:00:32.738000,0 days 00:01:14.652000,INTERMEDIATE,3.0,2.0,0 days 01:18:26.003000,0 days 01:15:58.544000,4,5.0,False,2025,Australia,R,,54.771,32.738,74.652
LEC,Ferrari,4.0,,0 days 00:00:52.602000,0 days 00:00:32.053000,0 days 00:01:11.147000,INTERMEDIATE,4.0,3.0,0 days 01:21:02.246000,0 days 01:18:40.624000,4,5.0,False,2025,Australia,R,,52.602,32.053,71.147
LEC,Ferrari,5.0,0 days 00:02:22.597000,0 days 00:00:51.208000,0 days 00:00:31.916000,0 days 00:00:59.473000,INTERMEDIATE,5.0,4.0,,0 days 01:21:16.471000,4,5.0,False,2025,Australia,R,142.597,51.208,31.916,59.473
LEC,Ferrari,6.0,0 days 00:02:18.850000,0 days 00:00:45.966000,0 days 00:00:33.553000,0 days 00:00:59.331000,INTERMEDIATE,6.0,4.0,,,4,5.0,False,2025,Australia,R,138.85,45.966,33.553,59.331
LEC,Ferrari,7.0,0 days 00:02:13.209000,0 days 00:00:45.283000,0 days 00:00:30.724000,0 days 00:00:57.202000,INTERMEDIATE,7.0,4.0,,,41,5.0,False,2025,Australia,R,133.209,45.283,30.724,57.202
LEC,Ferrari,8.0,0 days 00:01:38.190000,0 days 00:00:35.371000,0 days 00:00:20.374000,0 days 00:00:42.445000,INTERMEDIATE,8.0,4.0,,,1,5.0,False,2025,Australia,R,98.19,35.371,20.374,42.445
LEC,Ferrari,9.0,0 days 00:01:34.933000,0 days 00:00:33.915000,0 days 00:00:19.833000,0 days 00:00:41.185000,INTERMEDIATE,9.0,4.0,,,1,5.0,False,2025,Australia,R,94.933,33.915,19.833,41.185
LEC,Ferrari,10.0,0 days 00:01:33.539000,0 days 00:00:33.253000,0 days 00:00:19.497000,0 days 00:00:40.789000,INTERMEDIATE,10.0,4.0,,,1,5.0,False,2025,Australia,R,93.539,33.253,19.497,40.789
LEC,Ferrari,11.0,0 days 00:01:34.251000,0 days 00:00:33.495000,0 days 00:00:19.791000,0 days 00:00:40.965000,INTERMEDIATE,11.0,4.0,,,1,5.0,False,2025,Australia,R,94.251,33.495,19.791,40.965
LEC,Ferrari,12.0,0 days 00:01:33.536000,0 days 00:00:33.168000,0 days 00:00:19.953000,0 days 00:00:40.415000,INTERMEDIATE,12.0,4.0,,,1,5.0,False,2025,Australia,R,93.536,33.168,19.953,40.415
LEC,Ferrari,13.0,0 days 00:01:32.198000,0 days 00:00:32.808000,0 days 00:00:19.510000,0 days 00:00:39.880000,INTERMEDIATE,13.0,4.0,,,1,5.0,False,2025,Australia,R,92.198,32.808,19.51,39.88
LEC,Ferrari,14.0,0 days 00:01:32.448000,0 days 00:00:32.779000,0 days 00:00:19.371000,0 days 00:00:40.298000,INTERMEDIATE,14.0,4.0,,,1,5.0,False,2025,Australia,R,92.448,32.779,19.371,40.298
LEC,Ferrari,15.0,0 days 00:01:31.846000,0 days 00:00:32.501000,0 days 00:00:19.473000,0 days 00:00:39.872000,INTERMEDIATE,15.0,4.0,,,1,5.0,False,2025,Australia,R,91.846,32.501,19.473,39.872
LEC,Ferrari,16.0,0 days 00:01:31.832000,0 days 00:00:32.449000,0 days 00:00:19.424000,0 days 00:00:39.959000,INTERMEDIATE,16.0,4.0,,,1,5.0,False,2025,Australia,R,91.832,32.449,19.424,39.959
LEC,Ferrari,17.0,0 days 00:01:32.502000,0 days 00:00:32.353000,0 days 00:00:19.305000,0 days 00:00:40.844000,INTERMEDIATE,17.0,4.0,,,1,5.0,False,2025,Australia,R,92.502,32.353,19.305,40.844
LEC,Ferrari,18.0,0 days 00:01:32.614000,0 days 00:00:32.366000,0 days 00:00:19.295000,0 days 00:00:40.953000,INTERMEDIATE,18.0,4.0,,,1,5.0,False,2025,Australia,R,92.614,32.366,19.295,40.953
LEC,Ferrari,19.0,0 days 00:01:31.861000,0 days 00:00:32.446000,0 days 00:00:19.130000,0 days 00:00:40.285000,INTERMEDIATE,19.0,4.0,,,1,5.0,False,2025,Australia,R,91.861,32.446,19.13,40.285
LEC,Ferrari,20.0,0 days 00:01:31.756000,0 days 00:00:32.640000,0 days 00:00:19.249000,0 days 00:00:39.867000,INTERMEDIATE,20.0,4.0,,,1,5.0,False,2025,Australia,R,91.756,32.64,19.249,39.867
LEC,Ferrari,21.0,0 days 00:01:31.159000,0 days 00:00:32.503000,0 days 00:00:19.048000,0 days 00:00:39.608000,INTERMEDIATE,21.0,4.0,,,1,5.0,False,2025,Australia,R,91.159,32.503,19.048,39.608
LEC,Ferrari,22.0,0 days 00:01:30.695000,0 days 00:00:32.110000,0 days 00:00:19.024000,0 days 00:00:39.561000,INTERMEDIATE,22.0,4.0,,,1,5.0,False,2025,Australia,R,90.695,32.11,19.024,39.561
LEC,Ferrari,23.0,0 days 00:01:31.551000,0 days 00:00:32.450000,0 days 00:00:19.025000,0 days 00:00:40.076000,INTERMEDIATE,23.0,4.0,,,1,5.0,False,2025,Australia,R,91.551,32.45,19.025,40.076
LEC,Ferrari,24.0,0 days 00:01:30.732000,0 days 00:00:32.099000,0 days 00:00:19.026000,0 days 00:00:39.607000,INTERMEDIATE,24.0,4.0,,,1,5.0,False,2025,Australia,R,90.732,32.099,19.026,39.607
LEC,Ferrari,25.0,0 days 00:01:30.251000,0 days 00:00:31.754000,0 days 00:00:18.940000,0 days 00:00:39.557000,INTERMEDIATE,25.0,4.0,,,1,5.0,False,2025,Australia,R,90.251,31.754,18.94,39.557
LEC,Ferrari,26.0,0 days 00:01:30.340000,0 days 00:00:31.933000,0 days 00:00:19.002000,0 days 00:00:39.405000,INTERMEDIATE,26.0,4.0,,,1,5.0,False,2025,Australia,R,90.34,31.933,19.002,39.405
LEC,Ferrari,27.0,0 days 00:01:30.563000,0 days 00:00:32.068000,0 days 00:00:19.011000,0 days 00:00:39.484000,INTERMEDIATE,27.0,4.0,,,1,5.0,False,2025,Australia,R,90.563,32.068,19.011,39.484
LEC,Ferrari,28.0,0 days 00:01:29.723000,0 days 00:00:31.671000,0 days 00:00:18.863000,0 days 00:00:39.189000,INTERMEDIATE,28.0,4.0,,,1,5.0,False,2025,Australia,R,89.723,31.671,18.863,39.189
LEC,Ferrari,29.0,0 days 00:01:29.492000,0 days 00:00:31.588000,0 days 00:00:18.944000,0 days 00:00:38.960000,INTERMEDIATE,29.0,4.0,,,1,5.0,False,2025,Australia,R,89.492,31.588,18.944,38.96
LEC,Ferrari,30.0,0 days 00:01:29.367000,0 days 00:00:31.248000,0 days 00:00:18.963000,0 days 00:00:39.156000,INTERMEDIATE,30.0,4.0,,,1,5.0,False,2025,Australia,R,89.367,31.248,18.963,39.156
LEC,Ferrari,31.0,0 days 00:01:29.546000,0 days 00:00:31.524000,0 days 00:00:18.867000,0 days 00:00:39.155000,INTERMEDIATE,31.0,4.0,,,1,5.0,False,2025,Australia,R,89.546,31.524,18.867,39.155
LEC,Ferrari,32.0,0 days 00:01:29.337000,0 days 00:00:31.356000,0 days 00:00:18.945000,0 days 00:00:39.036000,INTERMEDIATE,32.0,4.0,,,1,5.0,False,2025,Australia,R,89.337,31.356,18.945,39.036
LEC,Ferrari,33.0,0 days 00:01:33.966000,0 days 00:00:31.801000,0 days 00:00:19.053000,0 days 00:00:43.112000,INTERMEDIATE,33.0,4.0,,,124,5.0,False,2025,Australia,R,93.966,31.801,19.053,43.112
LEC,Ferrari,34.0,0 days 00:02:13.905000,0 days 00:00:41.463000,0 days 00:00:27.483000,0 days 00:01:04.959000,INTERMEDIATE,34.0,4.0,0 days 02:09:55.018000,,4,5.0,False,2025,Australia,R,133.905,41.463,27.483,64.959
LEC,Ferrari,35.0,0 days 00:02:06.872000,0 days 00:00:47.333000,0 days 00:00:29.541000,0 days 00:00:49.998000,HARD,2.0,5.0,,0 days 02:10:13.161000,4,5.0,False,2025,Australia,R,126.872,47.333,29.541,49.998
LEC,Ferrari,36.0,0 days 00:01:42.406000,0 days 00:00:32.141000,0 days 00:00:25.374000,0 days 00:00:44.891000,HARD,3.0,5.0,,,4,5.0,False,2025,Australia,R,102.406,32.141,25.374,44.891
LEC,Ferrari,37.0,0 days 00:02:28.223000,0 days 00:00:33.250000,0 days 00:00:38.962000,0 days 00:01:16.011000,HARD,4.0,5.0,,,4,5.0,False,2025,Australia,R,148.223,33.25,38.962,76.011
LEC,Ferrari,38.0,0 days 00:02:19.475000,0 days 00:00:39.579000,0 days 00:00:40.983000,0 days 00:00:58.913000,HARD,5.0,5.0,,,4,5.0,False,2025,Australia,R,139.475,39.579,40.983,58.913
LEC,Ferrari,39.0,0 days 00:02:11.723000,0 days 00:00:40.103000,0 days 00:00:35.960000,0 days 00:00:55.660000,HARD,6.0,5.0,,,4,5.0,False,2025,Australia,R,131.723,40.103,35.96,55.66
LEC,Ferrari,40.0,0 days 00:02:11.985000,0 days 00:00:41.463000,0 days 00:00:34.386000,0 days 00:00:56.136000,HARD,7.0,5.0,,,4,5.0,False,2025,Australia,R,131.985,41.463,34.386,56.136
LEC,Ferrari,41.0,0 days 00:02:08.829000,0 days 00:00:43.051000,0 days 00:00:28.891000,0 days 00:00:56.887000,HARD,8.0,5.0,,,41,5.0,False,2025,Australia,R,128.829,43.051,28.891,56.887
LEC,Ferrari,42.0,0 days 00:01:26.831000,0 days 00:00:30.927000,0 days 00:00:18.992000,0 days 00:00:36.912000,HARD,9.0,5.0,,,1,5.0,False,2025,Australia,R,86.831,30.927,18.992,36.912
LEC,Ferrari,43.0,0 days 00:01:25.271000,0 days 00:00:29.433000,0 days 00:00:18.459000,0 days 00:00:37.379000,HARD,10.0,5.0,,,1,6.0,False,2025,Australia,R,85.271,29.433,18.459,37.379
LEC,Ferrari,44.0,0 days 00:01:36.363000,0 days 00:00:29.953000,0 days 00:00:18.038000,0 days 00:00:48.372000,HARD,11.0,5.0,,,12,5.0,False,2025,Australia,R,96.363,29.953,18.038,48.372
LEC,Ferrari,45.0,0 days 00:01:31.269000,0 days 00:00:29.782000,0 days 00:00:18.516000,0 days 00:00:42.971000,HARD,12.0,5.0,,,21,5.0,False,2025,Australia,R,91.269,29.782,18.516,42.971
LEC,Ferrari,46.0,0 days 00:01:36.429000,0 days 00:00:31.136000,0 days 00:00:17.831000,0 days 00:00:47.462000,HARD,13.0,5.0,,,1,2.0,False,2025,Australia,R,96.429,31.136,17.831,47.462
LEC,Ferrari,47.0,,0 days 00:00:41.619000,0 days 00:00:31.863000,0 days 00:01:18.975000,HARD,14.0,5.0,0 days 02:35:06.901000,,124,10.0,False,2025,Australia,R,,41.619,31.863,78.975
LEC,Ferrari,48.0,0 days 00:01:56.044000,0 days 00:00:42.860000,0 days 00:00:21.823000,0 days 00:00:51.361000,INTERMEDIATE,1.0,6.0,,0 days 02:35:31.368000,4,10.0,False,2025,Australia,R,116.044,42.86,21.823,51.361
LEC,Ferrari,49.0,0 days 00:02:22.777000,0 days 00:00:45.441000,0 days 00:00:32.690000,0 days 00:01:04.646000,INTERMEDIATE,2.0,6.0,,,4,10.0,False,2025,Australia,R,142.777,45.441,32.69,64.646
LEC,Ferrari,50.0,0 days 00:02:19.782000,0 days 00:00:50.079000,0 days 00:00:29.365000,0 days 00:01:00.338000,INTERMEDIATE,3.0,6.0,,,4,10.0,False,2025,Australia,R,139.782,50.079,29.365,60.338
LEC,Ferrari,51.0,0 days 00:02:07.996000,0 days 00:00:46.891000,0 days 00:00:25.694000,0 days 00:00:55.411000,INTERMEDIATE,4.0,6.0,,,41,10.0,False,2025,Australia,R,127.996,46.891,25.694,55.411
LEC,Ferrari,52.0,0 days 00:01:36.380000,0 days 00:00:35.427000,0 days 00:00:19.167000,0 days 00:00:41.786000,INTERMEDIATE,5.0,6.0,,,1,9.0,False,2025,Australia,R,96.38,35.427,19.167,41.786
LEC,Ferrari,53.0,0 days 00:01:32.731000,0 days 00:00:32.685000,0 days 00:00:18.763000,0 days 00:00:41.283000,INTERMEDIATE,6.0,6.0,,,1,9.0,False,2025,Australia,R,92.731,32.685,18.763,41.283
LEC,Ferrari,54.0,0 days 00:01:31.082000,0 days 00:00:32.942000,0 days 00:00:18.901000,0 days 00:00:39.239000,INTERMEDIATE,7.0,6.0,,,1,8.0,False,2025,Australia,R,91.082,32.942,18.901,39.239
LEC,Ferrari,55.0,0 days 00:01:29.975000,0 days 00:00:31.892000,0 days 00:00:18.590000,0 days 00:00:39.493000,INTERMEDIATE,8.0,6.0,,,1,8.0,False,2025,Australia,R,89.975,31.892,18.59,39.493
LEC,Ferrari,56.0,0 days 00:01:29.801000,0 days 00:00:31.380000,0 days 00:00:18.561000,0 days 00:00:39.860000,INTERMEDIATE,9.0,6.0,,,1,8.0,False,2025,Australia,R,89.801,31.38,18.561,39.86
LEC,Ferrari,57.0,0 days 00:01:30.964000,0 days 00:00:31.616000,0 days 00:00:18.907000,0 days 00:00:40.441000,INTERMEDIATE,10.0,6.0,,,1,8.0,False,2025,Australia,R,90.964,31.616,18.907,40.441
STR,Aston Martin,1.0,0 days 00:02:19.485000,,0 days 00:00:22.125000,0 days 00:01:08.489000,INTERMEDIATE,1.0,1.0,,,124,11.0,False,2025,Australia,R,139.485,,22.125,68.489
STR,Aston Martin,2.0,,0 days 00:00:54.693000,0 days 00:00:34.276000,0 days 00:01:20.512000,INTERMEDIATE,2.0,1.0,0 days 01:15:57.307000,,4,11.0,False,2025,Australia,R,,54.693,34.276,80.512
STR,Aston Martin,3.0,,0 days 00:00:51.700000,0 days 00:00:33.597000,0 days 00:01:18.641000,INTERMEDIATE,1.0,2.0,0 days 01:18:40.020000,0 days 01:16:13.028000,4,11.0,False,2025,Australia,R,,51.7,33.597,78.641
STR,Aston Martin,4.0,,0 days 00:00:50.522000,0 days 00:00:33.100000,0 days 00:01:11.249000,INTERMEDIATE,1.0,3.0,0 days 01:21:17.105000,0 days 01:18:56.155000,4,11.0,False,2025,Australia,R,,50.522,33.1,71.249
STR,Aston Martin,5.0,0 days 00:02:20.409000,0 days 00:00:50.391000,0 days 00:00:31.168000,0 days 00:00:58.850000,INTERMEDIATE,1.0,4.0,,0 days 01:21:31.574000,4,11.0,False,2025,Australia,R,140.409,50.391,31.168,58.85
STR,Aston Martin,6.0,0 days 00:02:20.973000,0 days 00:00:42.942000,0 days 00:00:35.542000,0 days 00:01:02.489000,INTERMEDIATE,2.0,4.0,,,4,11.0,False,2025,Australia,R,140.973,42.942,35.542,62.489
STR,Aston Martin,7.0,0 days 00:02:04.687000,0 days 00:00:40.835000,0 days 00:00:31.170000,0 days 00:00:52.682000,INTERMEDIATE,3.0,4.0,,,41,11.0,False,2025,Australia,R,124.687,40.835,31.17,52.682
STR,Aston Martin,8.0,0 days 00:01:38.664000,0 days 00:00:36.070000,0 days 00:00:20.699000,0 days 00:00:41.895000,INTERMEDIATE,4.0,4.0,,,1,11.0,False,2025,Australia,R,98.664,36.07,20.699,41.895
STR,Aston Martin,9.0,0 days 00:01:36.253000,0 days 00:00:34.815000,0 days 00:00:20.356000,0 days 00:00:41.082000,INTERMEDIATE,5.0,4.0,,,1,11.0,False,2025,Australia,R,96.253,34.815,20.356,41.082
STR,Aston Martin,10.0,0 days 00:01:35.140000,0 days 00:00:34.318000,0 days 00:00:20.098000,0 days 00:00:40.724000,INTERMEDIATE,6.0,4.0,,,1,11.0,False,2025,Australia,R,95.14,34.318,20.098,40.724
STR,Aston Martin,11.0,0 days 00:01:34.972000,0 days 00:00:34.256000,0 days 00:00:19.813000,0 days 00:00:40.903000,INTERMEDIATE,7.0,4.0,,,1,11.0,False,2025,Australia,R,94.972,34.256,19.813,40.903
STR,Aston Martin,12.0,0 days 00:01:34.426000,0 days 00:00:34.054000,0 days 00:00:19.952000,0 days 00:00:40.420000,INTERMEDIATE,8.0,4.0,,,1,11.0,False,2025,Australia,R,94.426,34.054,19.952,40.42
STR,Aston Martin,13.0,0 days 00:01:33.899000,0 days 00:00:33.728000,0 days 00:00:19.743000,0 days 00:00:40.428000,INTERMEDIATE,9.0,4.0,,,1,11.0,False,2025,Australia,R,93.899,33.728,19.743,40.428
STR,Aston Martin,14.0,0 days 00:01:33.097000,0 days 00:00:33.480000,0 days 00:00:19.638000,0 days 00:00:39.979000,INTERMEDIATE,10.0,4.0,,,1,11.0,False,2025,Australia,R,93.097,33.48,19.638,39.979
STR,Aston Martin,15.0,0 days 00:01:32.382000,0 days 00:00:33.172000,0 days 00:00:19.573000,0 days 00:00:39.637000,INTERMEDIATE,11.0,4.0,,,1,11.0,False,2025,Australia,R,92.382,33.172,19.573,39.637
STR,Aston Martin,16.0,0 days 00:01:32.554000,0 days 00:00:33.147000,0 days 00:00:19.518000,0 days 00:00:39.889000,INTERMEDIATE,12.0,4.0,,,1,11.0,False,2025,Australia,R,92.554,33.147,19.518,39.889
STR,Aston Martin,17.0,0 days 00:01:33.388000,0 days 00:00:33.382000,0 days 00:00:19.490000,0 days 00:00:40.516000,INTERMEDIATE,13.0,4.0,,,1,11.0,False,2025,Australia,R,93.388,33.382,19.49,40.516
STR,Aston Martin,18.0,0 days 00:01:33.631000,0 days 00:00:33.579000,0 days 00:00:19.552000,0 days 00:00:40.500000,INTERMEDIATE,14.0,4.0,,,1,11.0,False,2025,Australia,R,93.631,33.579,19.552,40.5
STR,Aston Martin,19.0,0 days 00:01:32.684000,0 days 00:00:33.070000,0 days 00:00:19.430000,0 days 00:00:40.184000,INTERMEDIATE,15.0,4.0,,,1,11.0,False,2025,Australia,R,92.684,33.07,19.43,40.184
STR,Aston Martin,20.0,0 days 00:01:32.580000,0 days 00:00:33.039000,0 days 00:00:19.371000,0 days 00:00:40.170000,INTERMEDIATE,16.0,4.0,,,1,11.0,False,2025,Australia,R,92.58,33.039,19.371,40.17
STR,Aston Martin,21.0,0 days 00:01:32.429000,0 days 00:00:33.022000,0 days 00:00:19.304000,0 days 00:00:40.103000,INTERMEDIATE,17.0,4.0,,,1,11.0,False,2025,Australia,R,92.429,33.022,19.304,40.103
STR,Aston Martin,22.0,0 days 00:01:34.269000,0 days 00:00:32.986000,0 days 00:00:19.452000,0 days 00:00:41.831000,INTERMEDIATE,18.0,4.0,,,1,12.0,False,2025,Australia,R,94.269,32.986,19.452,41.831
STR,Aston Martin,23.0,0 days 00:01:32.643000,0 days 00:00:33.110000,0 days 00:00:19.277000,0 days 00:00:40.256000,INTERMEDIATE,19.0,4.0,,,1,12.0,False,2025,Australia,R,92.643,33.11,19.277,40.256
STR,Aston Martin,24.0,0 days 00:01:32.102000,0 days 00:00:32.976000,0 days 00:00:19.283000,0 days 00:00:39.843000,INTERMEDIATE,20.0,4.0,,,1,12.0,False,2025,Australia,R,92.102,32.976,19.283,39.843
STR,Aston Martin,25.0,0 days 00:01:32.092000,0 days 00:00:32.667000,0 days 00:00:19.190000,0 days 00:00:40.235000,INTERMEDIATE,21.0,4.0,,,1,12.0,False,2025,Australia,R,92.092,32.667,19.19,40.235
STR,Aston Martin,26.0,0 days 00:01:31.547000,0 days 00:00:32.676000,0 days 00:00:19.358000,0 days 00:00:39.513000,INTERMEDIATE,22.0,4.0,,,1,12.0,False,2025,Australia,R,91.547,32.676,19.358,39.513
STR,Aston Martin,27.0,0 days 00:01:31.408000,0 days 00:00:32.397000,0 days 00:00:19.166000,0 days 00:00:39.845000,INTERMEDIATE,23.0,4.0,,,1,12.0,False,2025,Australia,R,91.408,32.397,19.166,39.845
STR,Aston Martin,28.0,0 days 00:01:30.725000,0 days 00:00:32.017000,0 days 00:00:19.156000,0 days 00:00:39.552000,INTERMEDIATE,24.0,4.0,,,1,12.0,False,2025,Australia,R,90.725,32.017,19.156,39.552
STR,Aston Martin,29.0,0 days 00:01:30.935000,0 days 00:00:32.319000,0 days 00:00:19.146000,0 days 00:00:39.470000,INTERMEDIATE,25.0,4.0,,,1,12.0,False,2025,Australia,R,90.935,32.319,19.146,39.47
STR,Aston Martin,30.0,0 days 00:01:30.853000,0 days 00:00:32.460000,0 days 00:00:19.033000,0 days 00:00:39.360000,INTERMEDIATE,26.0,4.0,,,1,12.0,False,2025,Australia,R,90.853,32.46,19.033,39.36
STR,Aston Martin,31.0,0 days 00:01:31.077000,0 days 00:00:32.533000,0 days 00:00:19.147000,0 days 00:00:39.397000,INTERMEDIATE,27.0,4.0,,,1,12.0,False,2025,Australia,R,91.077,32.533,19.147,39.397
STR,Aston Martin,32.0,0 days 00:01:30.657000,0 days 00:00:32.003000,0 days 00:00:19.469000,0 days 00:00:39.185000,INTERMEDIATE,28.0,4.0,,,1,12.0,False,2025,Australia,R,90.657,32.003,19.469,39.185
STR,Aston Martin,33.0,0 days 00:02:02.766000,0 days 00:00:32.155000,0 days 00:00:25.972000,0 days 00:01:04.639000,INTERMEDIATE,29.0,4.0,0 days 02:08:44.912000,,124,11.0,False,2025,Australia,R,122.766,32.155,25.972,64.639
STR,Aston Martin,34.0,0 days 00:02:04.993000,0 days 00:00:47.742000,0 days 00:00:26.264000,0 days 00:00:50.987000,HARD,2.0,5.0,,0 days 02:09:03.663000,4,11.0,False,2025,Australia,R,124.993,47.742,26.264,50.987
STR,Aston Martin,35.0,0 days 00:01:45.462000,0 days 00:00:35.760000,0 days 00:00:26.217000,0 days 00:00:43.485000,HARD,3.0,5.0,,,4,11.0,False,2025,Australia,R,105.462,35.76,26.217,43.485
STR,Aston Martin,36.0,0 days 00:01:39.850000,0 days 00:00:32.683000,0 days 00:00:27.967000,0 days 00:00:39.200000,HARD,4.0,5.0,,,4,11.0,False,2025,Australia,R,99.85,32.683,27.967,39.2
STR,Aston Martin,37.0,0 days 00:02:06.301000,0 days 00:00:33.203000,0 days 00:00:29.445000,0 days 00:01:03.653000,HARD,5.0,5.0,,,4,11.0,False,2025,Australia,R,126.301,33.203,29.445,63.653
STR,Aston Martin,38.0,0 days 00:02:20.070000,0 days 00:00:38.003000,0 days 00:00:39.484000,0 days 00:01:02.583000,HARD,6.0,5.0,,,4,11.0,False,2025,Australia,R,140.07,38.003,39.484,62.583
STR,Aston Martin,39.0,0 days 00:02:11.900000,0 days 00:00:37.918000,0 days 00:00:35.259000,0 days 00:00:58.723000,HARD,7.0,5.0,,,4,11.0,False,2025,Australia,R,131.9,37.918,35.259,58.723
STR,Aston Martin,40.0,0 days 00:02:09.900000,0 days 00:00:38.748000,0 days 00:00:35.471000,0 days 00:00:55.681000,HARD,8.0,5.0,,,4,11.0,False,2025,Australia,R,129.9,38.748,35.471,55.681
STR,Aston Martin,41.0,0 days 00:02:04.101000,0 days 00:00:42.904000,0 days 00:00:28.804000,0 days 00:00:52.393000,HARD,9.0,5.0,,,41,11.0,False,2025,Australia,R,124.101,42.904,28.804,52.393
STR,Aston Martin,42.0,0 days 00:01:27.301000,0 days 00:00:30.923000,0 days 00:00:19.001000,0 days 00:00:37.377000,HARD,10.0,5.0,,,1,11.0,False,2025,Australia,R,87.301,30.923,19.001,37.377
STR,Aston Martin,43.0,0 days 00:01:25.538000,0 days 00:00:29.780000,0 days 00:00:18.445000,0 days 00:00:37.313000,HARD,11.0,5.0,,,1,11.0,False,2025,Australia,R,85.538,29.78,18.445,37.313
STR,Aston Martin,44.0,0 days 00:01:44.738000,0 days 00:00:29.501000,0 days 00:00:18.324000,0 days 00:00:56.913000,HARD,12.0,5.0,0 days 02:29:44.983000,,12,10.0,False,2025,Australia,R,104.738,29.501,18.324,56.913
STR,Aston Martin,45.0,0 days 00:01:37.256000,0 days 00:00:37.854000,0 days 00:00:19.421000,0 days 00:00:39.981000,INTERMEDIATE,1.0,6.0,,0 days 02:30:03.907000,21,10.0,False,2025,Australia,R,97.256,37.854,19.421,39.981
STR,Aston Martin,46.0,0 days 00:01:32.361000,0 days 00:00:31.718000,0 days 00:00:19.199000,0 days 00:00:41.444000,INTERMEDIATE,2.0,6.0,,,1,10.0,False,2025,Australia,R,92.361,31.718,19.199,41.444
STR,Aston Martin,47.0,0 days 00:02:05.678000,0 days 00:00:34.890000,0 days 00:00:33.105000,0 days 00:00:57.683000,INTERMEDIATE,3.0,6.0,,,124,6.0,False,2025,Australia,R,125.678,34.89,33.105,57.683
STR,Aston Martin,48.0,0 days 00:01:59.297000,0 days 00:00:40.496000,0 days 00:00:21.252000,0 days 00:00:57.549000,INTERMEDIATE,4.0,6.0,,,4,6.0,False,2025,Australia,R,119.297,40.496,21.252,57.549
STR,Aston Martin,49.0,0 days 00:02:25.123000,0 days 00:00:50.928000,0 days 00:00:32.514000,0 days 00:01:01.681000,INTERMEDIATE,5.0,6.0,,,4,6.0,False,2025,Australia,R,145.123,50.928,32.514,61.681
STR,Aston Martin,50.0,0 days 00:02:19.570000,0 days 00:00:50.984000,0 days 00:00:31.146000,0 days 00:00:57.440000,INTERMEDIATE,6.0,6.0,,,4,6.0,False,2025,Australia,R,139.57,50.984,31.146,57.44
STR,Aston Martin,51.0,0 days 00:02:13.847000,0 days 00:00:46.450000,0 days 00:00:29.796000,0 days 00:00:57.601000,INTERMEDIATE,7.0,6.0,,,41,6.0,False,2025,Australia,R,133.847,46.45,29.796,57.601
STR,Aston Martin,52.0,0 days 00:01:35.395000,0 days 00:00:34.809000,0 days 00:00:19.564000,0 days 00:00:41.022000,INTERMEDIATE,8.0,6.0,,,1,6.0,False,2025,Australia,R,95.395,34.809,19.564,41.022
STR,Aston Martin,53.0,0 days 00:01:31.558000,0 days 00:00:32.677000,0 days 00:00:19.155000,0 days 00:00:39.726000,INTERMEDIATE,9.0,6.0,,,1,6.0,False,2025,Australia,R,91.558,32.677,19.155,39.726
STR,Aston Martin,54.0,0 days 00:01:30.794000,0 days 00:00:32.101000,0 days 00:00:19.054000,0 days 00:00:39.639000,INTERMEDIATE,10.0,6.0,,,1,6.0,False,2025,Australia,R,90.794,32.101,19.054,39.639
STR,Aston Martin,55.0,0 days 00:01:30.387000,0 days 00:00:31.722000,0 days 00:00:19.151000,0 days 00:00:39.514000,INTERMEDIATE,11.0,6.0,,,1,6.0,False,2025,Australia,R,90.387,31.722,19.151,39.514
STR,Aston Martin,56.0,0 days 00:01:30.323000,0 days 00:00:31.618000,0 days 00:00:19.170000,0 days 00:00:39.535000,INTERMEDIATE,12.0,6.0,,,1,6.0,False,2025,Australia,R,90.323,31.618,19.17,39.535
STR,Aston Martin,57.0,0 days 00:01:30.957000,0 days 00:00:31.819000,0 days 00:00:19.209000,0 days 00:00:39.929000,INTERMEDIATE,13.0,6.0,,,1,6.0,False,2025,Australia,R,90.957,31.819,19.209,39.929
TSU,Racing Bulls,1.0,0 days 00:02:10.655000,,0 days 00:00:21.598000,0 days 00:01:03.680000,INTERMEDIATE,1.0,1.0,,,124,6.0,False,2025,Australia,R,130.655,,21.598,63.68
TSU,Racing Bulls,2.0,,0 days 00:00:54.848000,0 days 00:00:35.961000,0 days 00:01:17.410000,INTERMEDIATE,2.0,1.0,0 days 01:15:46.618000,,4,6.0,False,2025,Australia,R,,54.848,35.961,77.41
TSU,Racing Bulls,3.0,,0 days 00:00:52.547000,0 days 00:00:33.756000,0 days 00:01:16.617000,INTERMEDIATE,3.0,2.0,0 days 01:18:29.345000,0 days 01:16:01.530000,4,6.0,False,2025,Australia,R,,52.547,33.756,76.617
TSU,Racing Bulls,4.0,,0 days 00:00:50.759000,0 days 00:00:33.109000,0 days 00:01:11.327000,INTERMEDIATE,4.0,3.0,0 days 01:21:06.137000,0 days 01:18:44.490000,4,6.0,False,2025,Australia,R,,50.759,33.109,71.327
TSU,Racing Bulls,5.0,0 days 00:02:21.441000,0 days 00:00:49.721000,0 days 00:00:33.012000,0 days 00:00:58.708000,INTERMEDIATE,5.0,4.0,,0 days 01:21:19.691000,4,6.0,False,2025,Australia,R,141.441,49.721,33.012,58.708
TSU,Racing Bulls,6.0,0 days 00:02:19.381000,0 days 00:00:45.567000,0 days 00:00:33.684000,0 days 00:01:00.130000,INTERMEDIATE,6.0,4.0,,,4,6.0,False,2025,Australia,R,139.381,45.567,33.684,60.13
TSU,Racing Bulls,7.0,0 days 00:02:11.451000,0 days 00:00:45.020000,0 days 00:00:30.751000,0 days 00:00:55.680000,INTERMEDIATE,7.0,4.0,,,41,6.0,False,2025,Australia,R,131.451,45.02,30.751,55.68
TSU,Racing Bulls,8.0,0 days 00:01:38.464000,0 days 00:00:35.395000,0 days 00:00:20.314000,0 days 00:00:42.755000,INTERMEDIATE,8.0,4.0,,,1,6.0,False,2025,Australia,R,98.464,35.395,20.314,42.755
TSU,Racing Bulls,9.0,0 days 00:01:35.409000,0 days 00:00:34.269000,0 days 00:00:19.974000,0 days 00:00:41.166000,INTERMEDIATE,9.0,4.0,,,1,6.0,False,2025,Australia,R,95.409,34.269,19.974,41.166
TSU,Racing Bulls,10.0,0 days 00:01:34.433000,0 days 00:00:33.907000,0 days 00:00:19.654000,0 days 00:00:40.872000,INTERMEDIATE,10.0,4.0,,,1,6.0,False,2025,Australia,R,94.433,33.907,19.654,40.872
TSU,Racing Bulls,11.0,0 days 00:01:34.136000,0 days 00:00:33.605000,0 days 00:00:19.643000,0 days 00:00:40.888000,INTERMEDIATE,11.0,4.0,,,1,6.0,False,2025,Australia,R,94.136,33.605,19.643,40.888
TSU,Racing Bulls,12.0,0 days 00:01:33.273000,0 days 00:00:33.212000,0 days 00:00:19.544000,0 days 00:00:40.517000,INTERMEDIATE,12.0,4.0,,,1,6.0,False,2025,Australia,R,93.273,33.212,19.544,40.517
TSU,Racing Bulls,13.0,0 days 00:01:32.762000,0 days 00:00:33.017000,0 days 00:00:19.482000,0 days 00:00:40.263000,INTERMEDIATE,13.0,4.0,,,1,6.0,False,2025,Australia,R,92.762,33.017,19.482,40.263
TSU,Racing Bulls,14.0,0 days 00:01:32.434000,0 days 00:00:32.690000,0 days 00:00:19.503000,0 days 00:00:40.241000,INTERMEDIATE,14.0,4.0,,,1,6.0,False,2025,Australia,R,92.434,32.69,19.503,40.241
TSU,Racing Bulls,15.0,0 days 00:01:32.545000,0 days 00:00:32.593000,0 days 00:00:19.583000,0 days 00:00:40.369000,INTERMEDIATE,15.0,4.0,,,1,6.0,False,2025,Australia,R,92.545,32.593,19.583,40.369
TSU,Racing Bulls,16.0,0 days 00:01:32.133000,0 days 00:00:32.705000,0 days 00:00:19.327000,0 days 00:00:40.101000,INTERMEDIATE,16.0,4.0,,,1,6.0,False,2025,Australia,R,92.133,32.705,19.327,40.101
TSU,Racing Bulls,17.0,0 days 00:01:32.645000,0 days 00:00:32.462000,0 days 00:00:19.350000,0 days 00:00:40.833000,INTERMEDIATE,17.0,4.0,,,1,6.0,False,2025,Australia,R,92.645,32.462,19.35,40.833
TSU,Racing Bulls,18.0,0 days 00:01:33.444000,0 days 00:00:33.166000,0 days 00:00:19.472000,0 days 00:00:40.806000,INTERMEDIATE,18.0,4.0,,,1,6.0,False,2025,Australia,R,93.444,33.166,19.472,40.806
TSU,Racing Bulls,19.0,0 days 00:01:33.496000,0 days 00:00:33.282000,0 days 00:00:19.371000,0 days 00:00:40.843000,INTERMEDIATE,19.0,4.0,,,1,6.0,False,2025,Australia,R,93.496,33.282,19.371,40.843
TSU,Racing Bulls,20.0,0 days 00:01:32.549000,0 days 00:00:33.081000,0 days 00:00:19.254000,0 days 00:00:40.214000,INTERMEDIATE,20.0,4.0,,,1,6.0,False,2025,Australia,R,92.549,33.081,19.254,40.214
TSU,Racing Bulls,21.0,0 days 00:01:32.012000,0 days 00:00:32.671000,0 days 00:00:19.306000,0 days 00:00:40.035000,INTERMEDIATE,21.0,4.0,,,1,6.0,False,2025,Australia,R,92.012,32.671,19.306,40.035
TSU,Racing Bulls,22.0,0 days 00:01:31.567000,0 days 00:00:32.422000,0 days 00:00:19.246000,0 days 00:00:39.899000,INTERMEDIATE,22.0,4.0,,,1,6.0,False,2025,Australia,R,91.567,32.422,19.246,39.899
TSU,Racing Bulls,23.0,0 days 00:01:31.793000,0 days 00:00:32.506000,0 days 00:00:19.206000,0 days 00:00:40.081000,INTERMEDIATE,23.0,4.0,,,1,6.0,False,2025,Australia,R,91.793,32.506,19.206,40.081
TSU,Racing Bulls,24.0,0 days 00:01:31.380000,0 days 00:00:32.366000,0 days 00:00:19.163000,0 days 00:00:39.851000,INTERMEDIATE,24.0,4.0,,,1,6.0,False,2025,Australia,R,91.38,32.366,19.163,39.851
TSU,Racing Bulls,25.0,0 days 00:01:31.380000,0 days 00:00:32.277000,0 days 00:00:19.314000,0 days 00:00:39.789000,INTERMEDIATE,25.0,4.0,,,1,6.0,False,2025,Australia,R,91.38,32.277,19.314,39.789
TSU,Racing Bulls,26.0,0 days 00:01:31.205000,0 days 00:00:32.232000,0 days 00:00:19.055000,0 days 00:00:39.918000,INTERMEDIATE,26.0,4.0,,,1,6.0,False,2025,Australia,R,91.205,32.232,19.055,39.918
TSU,Racing Bulls,27.0,0 days 00:01:31.066000,0 days 00:00:32.239000,0 days 00:00:19.137000,0 days 00:00:39.690000,INTERMEDIATE,27.0,4.0,,,1,6.0,False,2025,Australia,R,91.066,32.239,19.137,39.69
TSU,Racing Bulls,28.0,0 days 00:01:30.709000,0 days 00:00:32.024000,0 days 00:00:19.006000,0 days 00:00:39.679000,INTERMEDIATE,28.0,4.0,,,1,6.0,False,2025,Australia,R,90.709,32.024,19.006,39.679
TSU,Racing Bulls,29.0,0 days 00:01:30.031000,0 days 00:00:31.920000,0 days 00:00:18.945000,0 days 00:00:39.166000,INTERMEDIATE,29.0,4.0,,,1,6.0,False,2025,Australia,R,90.031,31.92,18.945,39.166
TSU,Racing Bulls,30.0,0 days 00:01:30.184000,0 days 00:00:31.554000,0 days 00:00:18.929000,0 days 00:00:39.701000,INTERMEDIATE,30.0,4.0,,,1,6.0,False,2025,Australia,R,90.184,31.554,18.929,39.701
TSU,Racing Bulls,31.0,0 days 00:01:30.082000,0 days 00:00:31.678000,0 days 00:00:19.021000,0 days 00:00:39.383000,INTERMEDIATE,31.0,4.0,,,1,6.0,False,2025,Australia,R,90.082,31.678,19.021,39.383
TSU,Racing Bulls,32.0,0 days 00:01:30.492000,0 days 00:00:31.845000,0 days 00:00:19.051000,0 days 00:00:39.596000,INTERMEDIATE,32.0,4.0,,,1,6.0,False,2025,Australia,R,90.492,31.845,19.051,39.596
TSU,Racing Bulls,33.0,0 days 00:01:50.651000,0 days 00:00:31.860000,0 days 00:00:19.027000,0 days 00:00:59.764000,INTERMEDIATE,33.0,4.0,0 days 02:08:13.310000,,124,6.0,False,2025,Australia,R,110.651,31.86,19.027,59.764
TSU,Racing Bulls,34.0,0 days 00:02:26.811000,0 days 00:00:55.104000,0 days 00:00:43.265000,0 days 00:00:48.442000,MEDIUM,1.0,5.0,,0 days 02:08:32.258000,4,6.0,False,2025,Australia,R,146.811,55.104,43.265,48.442
TSU,Racing Bulls,35.0,0 days 00:01:42.362000,0 days 00:00:35.888000,0 days 00:00:24.675000,0 days 00:00:41.799000,MEDIUM,2.0,5.0,,,4,6.0,False,2025,Australia,R,102.362,35.888,24.675,41.799
TSU,Racing Bulls,36.0,0 days 00:01:39.366000,0 days 00:00:33.064000,0 days 00:00:26.558000,0 days 00:00:39.744000,MEDIUM,3.0,5.0,,,4,6.0,False,2025,Australia,R,99.366,33.064,26.558,39.744
TSU,Racing Bulls,37.0,0 days 00:02:11.741000,0 days 00:00:32.244000,0 days 00:00:28.343000,0 days 00:01:11.154000,MEDIUM,4.0,5.0,,,4,6.0,False,2025,Australia,R,131.741,32.244,28.343,71.154
TSU,Racing Bulls,38.0,0 days 00:02:19.231000,0 days 00:00:39.051000,0 days 00:00:41.233000,0 days 00:00:58.947000,MEDIUM,5.0,5.0,,,4,6.0,False,2025,Australia,R,139.231,39.051,41.233,58.947
TSU,Racing Bulls,39.0,0 days 00:02:11.980000,0 days 00:00:40.191000,0 days 00:00:35.729000,0 days 00:00:56.060000,MEDIUM,6.0,5.0,,,4,6.0,False,2025,Australia,R,131.98,40.191,35.729,56.06
TSU,Racing Bulls,40.0,0 days 00:02:11.829000,0 days 00:00:40.940000,0 days 00:00:34.971000,0 days 00:00:55.918000,MEDIUM,7.0,5.0,,,4,6.0,False,2025,Australia,R,131.829,40.94,34.971,55.918
TSU,Racing Bulls,41.0,0 days 00:02:07.526000,0 days 00:00:42.467000,0 days 00:00:30.028000,0 days 00:00:55.031000,MEDIUM,8.0,5.0,,,41,6.0,False,2025,Australia,R,127.526,42.467,30.028,55.031
TSU,Racing Bulls,42.0,0 days 00:01:27.146000,0 days 00:00:31.474000,0 days 00:00:18.800000,0 days 00:00:36.872000,MEDIUM,9.0,5.0,,,1,6.0,False,2025,Australia,R,87.146,31.474,18.8,36.872
TSU,Racing Bulls,43.0,0 days 00:01:24.194000,0 days 00:00:29.553000,0 days 00:00:18.100000,0 days 00:00:36.541000,MEDIUM,10.0,5.0,,,1,5.0,False,2025,Australia,R,84.194,29.553,18.1,36.541
TSU,Racing Bulls,44.0,0 days 00:01:28.252000,0 days 00:00:29.703000,0 days 00:00:18.442000,0 days 00:00:40.107000,MEDIUM,11.0,5.0,,,12,2.0,False,2025,Australia,R,88.252,29.703,18.442,40.107
TSU,Racing Bulls,45.0,0 days 00:01:35.983000,0 days 00:00:30.480000,0 days 00:00:18.605000,0 days 00:00:46.898000,MEDIUM,12.0,5.0,,,21,3.0,True,2025,Australia,R,95.983,30.48,18.605,46.898
TSU,Racing Bulls,46.0,0 days 00:01:40.978000,0 days 00:00:34.153000,0 days 00:00:18.442000,0 days 00:00:48.383000,MEDIUM,13.0,5.0,,,1,4.0,False,2025,Australia,R,100.978,34.153,18.442,48.383
TSU,Racing Bulls,47.0,,0 days 00:00:44.638000,0 days 00:00:33.072000,0 days 00:01:15.602000,MEDIUM,14.0,5.0,0 days 02:35:13.664000,,124,11.0,False,2025,Australia,R,,44.638,33.072,75.602
TSU,Racing Bulls,48.0,0 days 00:01:56.286000,0 days 00:00:44.076000,0 days 00:00:21.954000,0 days 00:00:50.256000,INTERMEDIATE,1.0,6.0,,0 days 02:35:32.932000,4,11.0,False,2025,Australia,R,116.286,44.076,21.954,50.256
TSU,Racing Bulls,49.0,0 days 00:02:22.564000,0 days 00:00:45.095000,0 days 00:00:32.615000,0 days 00:01:04.854000,INTERMEDIATE,2.0,6.0,,,4,11.0,False,2025,Australia,R,142.564,45.095,32.615,64.854
TSU,Racing Bulls,50.0,0 days 00:02:20.101000,0 days 00:00:49.609000,0 days 00:00:29.727000,0 days 00:01:00.765000,INTERMEDIATE,3.0,6.0,,,4,11.0,False,2025,Australia,R,140.101,49.609,29.727,60.765
TSU,Racing Bulls,51.0,0 days 00:02:07.055000,0 days 00:00:45.712000,0 days 00:00:26.251000,0 days 00:00:55.092000,INTERMEDIATE,4.0,6.0,,,41,11.0,False,2025,Australia,R,127.055,45.712,26.251,55.092
TSU,Racing Bulls,52.0,0 days 00:01:37.809000,0 days 00:00:35.918000,0 days 00:00:19.545000,0 days 00:00:42.346000,INTERMEDIATE,5.0,6.0,,,1,11.0,False,2025,Australia,R,97.809,35.918,19.545,42.346
TSU,Racing Bulls,53.0,0 days 00:01:34.836000,0 days 00:00:34.723000,0 days 00:00:19.010000,0 days 00:00:41.103000,INTERMEDIATE,6.0,6.0,,,1,12.0,False,2025,Australia,R,94.836,34.723,19.01,41.103
TSU,Racing Bulls,54.0,0 days 00:01:32.363000,0 days 00:00:32.730000,0 days 00:00:18.917000,0 days 00:00:40.716000,INTERMEDIATE,7.0,6.0,,,1,12.0,False,2025,Australia,R,92.363,32.73,18.917,40.716
TSU,Racing Bulls,55.0,0 days 00:01:31.891000,0 days 00:00:32.220000,0 days 00:00:18.926000,0 days 00:00:40.745000,INTERMEDIATE,8.0,6.0,,,1,12.0,False,2025,Australia,R,91.891,32.22,18.926,40.745
TSU,Racing Bulls,56.0,0 days 00:01:31.524000,0 days 00:00:32.151000,0 days 00:00:18.970000,0 days 00:00:40.403000,INTERMEDIATE,9.0,6.0,,,1,12.0,False,2025,Australia,R,91.524,32.151,18.97,40.403
TSU,Racing Bulls,57.0,0 days 00:01:31.511000,0 days 00:00:31.959000,0 days 00:00:19.035000,0 days 00:00:40.517000,INTERMEDIATE,10.0,6.0,,,1,12.0,False,2025,Australia,R,91.511,31.959,19.035,40.517
ALB,Williams,1.0,0 days 00:02:12.195000,,0 days 00:00:21.334000,0 days 00:01:05.027000,INTERMEDIATE,1.0,1.0,,,124,7.0,False,2025,Australia,R,132.195,,21.334,65.027
ALB,Williams,2.0,,0 days 00:00:54.638000,0 days 00:00:35.482000,0 days 00:01:18.744000,INTERMEDIATE,2.0,1.0,0 days 01:15:48.835000,,4,7.0,False,2025,Australia,R,,54.638,35.482,78.744
ALB,Williams,3.0,,0 days 00:00:51.460000,0 days 00:00:35.308000,0 days 00:01:16.855000,INTERMEDIATE,1.0,2.0,0 days 01:18:31.238000,0 days 01:16:03.745000,4,7.0,False,2025,Australia,R,,51.46,35.308,76.855
ALB,Williams,4.0,,0 days 00:00:50.009000,0 days 00:00:33.111000,0 days 00:01:11.161000,INTERMEDIATE,2.0,3.0,0 days 01:21:07.775000,0 days 01:18:48.304000,4,7.0,False,2025,Australia,R,,50.009,33.111,71.161
ALB,Williams,5.0,0 days 00:02:22.084000,0 days 00:00:51.338000,0 days 00:00:30.169000,0 days 00:01:00.577000,INTERMEDIATE,3.0,4.0,,0 days 01:21:22.068000,4,7.0,False,2025,Australia,R,142.084,51.338,30.169,60.577
ALB,Williams,6.0,0 days 00:02:19.612000,0 days 00:00:44.267000,0 days 00:00:34.013000,0 days 00:01:01.332000,INTERMEDIATE,4.0,4.0,,,4,7.0,False,2025,Australia,R,139.612,44.267,34.013,61.332
ALB,Williams,7.0,0 days 00:02:09.065000,0 days 00:00:43.840000,0 days 00:00:29.976000,0 days 00:00:55.249000,INTERMEDIATE,5.0,4.0,,,41,7.0,False,2025,Australia,R,129.065,43.84,29.976,55.249
ALB,Williams,8.0,0 days 00:01:38.281000,0 days 00:00:35.515000,0 days 00:00:20.233000,0 days 00:00:42.533000,INTERMEDIATE,6.0,4.0,,,1,7.0,False,2025,Australia,R,98.281,35.515,20.233,42.533
ALB,Williams,9.0,0 days 00:01:36.300000,0 days 00:00:34.639000,0 days 00:00:19.865000,0 days 00:00:41.796000,INTERMEDIATE,7.0,4.0,,,1,7.0,False,2025,Australia,R,96.3,34.639,19.865,41.796
ALB,Williams,10.0,0 days 00:01:34.494000,0 days 00:00:33.776000,0 days 00:00:19.742000,0 days 00:00:40.976000,INTERMEDIATE,8.0,4.0,,,1,7.0,False,2025,Australia,R,94.494,33.776,19.742,40.976
ALB,Williams,11.0,0 days 00:01:34.206000,0 days 00:00:33.540000,0 days 00:00:19.704000,0 days 00:00:40.962000,INTERMEDIATE,9.0,4.0,,,1,7.0,False,2025,Australia,R,94.206,33.54,19.704,40.962
ALB,Williams,12.0,0 days 00:01:33.713000,0 days 00:00:33.608000,0 days 00:00:19.618000,0 days 00:00:40.487000,INTERMEDIATE,10.0,4.0,,,1,7.0,False,2025,Australia,R,93.713,33.608,19.618,40.487
ALB,Williams,13.0,0 days 00:01:33.153000,0 days 00:00:32.977000,0 days 00:00:19.626000,0 days 00:00:40.550000,INTERMEDIATE,11.0,4.0,,,1,7.0,False,2025,Australia,R,93.153,32.977,19.626,40.55
ALB,Williams,14.0,0 days 00:01:32.717000,0 days 00:00:32.616000,0 days 00:00:19.518000,0 days 00:00:40.583000,INTERMEDIATE,12.0,4.0,,,1,7.0,False,2025,Australia,R,92.717,32.616,19.518,40.583
ALB,Williams,15.0,0 days 00:01:32.733000,0 days 00:00:32.697000,0 days 00:00:19.708000,0 days 00:00:40.328000,INTERMEDIATE,13.0,4.0,,,1,7.0,False,2025,Australia,R,92.733,32.697,19.708,40.328
ALB,Williams,16.0,0 days 00:01:32.464000,0 days 00:00:32.739000,0 days 00:00:19.550000,0 days 00:00:40.175000,INTERMEDIATE,14.0,4.0,,,1,7.0,False,2025,Australia,R,92.464,32.739,19.55,40.175
ALB,Williams,17.0,0 days 00:01:33.088000,0 days 00:00:32.561000,0 days 00:00:19.584000,0 days 00:00:40.943000,INTERMEDIATE,15.0,4.0,,,1,7.0,False,2025,Australia,R,93.088,32.561,19.584,40.943
ALB,Williams,18.0,0 days 00:01:32.981000,0 days 00:00:32.835000,0 days 00:00:19.417000,0 days 00:00:40.729000,INTERMEDIATE,16.0,4.0,,,1,7.0,False,2025,Australia,R,92.981,32.835,19.417,40.729
ALB,Williams,19.0,0 days 00:01:33.051000,0 days 00:00:33.147000,0 days 00:00:19.406000,0 days 00:00:40.498000,INTERMEDIATE,17.0,4.0,,,1,7.0,False,2025,Australia,R,93.051,33.147,19.406,40.498
ALB,Williams,20.0,0 days 00:01:32.356000,0 days 00:00:32.781000,0 days 00:00:19.214000,0 days 00:00:40.361000,INTERMEDIATE,18.0,4.0,,,1,7.0,False,2025,Australia,R,92.356,32.781,19.214,40.361
ALB,Williams,21.0,0 days 00:01:32.036000,0 days 00:00:32.606000,0 days 00:00:19.344000,0 days 00:00:40.086000,INTERMEDIATE,19.0,4.0,,,1,7.0,False,2025,Australia,R,92.036,32.606,19.344,40.086
ALB,Williams,22.0,0 days 00:01:32.053000,0 days 00:00:32.520000,0 days 00:00:19.255000,0 days 00:00:40.278000,INTERMEDIATE,20.0,4.0,,,1,7.0,False,2025,Australia,R,92.053,32.52,19.255,40.278
ALB,Williams,23.0,0 days 00:01:31.750000,0 days 00:00:32.667000,0 days 00:00:19.169000,0 days 00:00:39.914000,INTERMEDIATE,21.0,4.0,,,1,7.0,False,2025,Australia,R,91.75,32.667,19.169,39.914
ALB,Williams,24.0,0 days 00:01:31.868000,0 days 00:00:32.559000,0 days 00:00:19.139000,0 days 00:00:40.170000,INTERMEDIATE,22.0,4.0,,,1,7.0,False,2025,Australia,R,91.868,32.559,19.139,40.17
ALB,Williams,25.0,0 days 00:01:31.014000,0 days 00:00:32.264000,0 days 00:00:19.137000,0 days 00:00:39.613000,INTERMEDIATE,23.0,4.0,,,1,7.0,False,2025,Australia,R,91.014,32.264,19.137,39.613
ALB,Williams,26.0,0 days 00:01:31.309000,0 days 00:00:32.562000,0 days 00:00:19.127000,0 days 00:00:39.620000,INTERMEDIATE,24.0,4.0,,,1,7.0,False,2025,Australia,R,91.309,32.562,19.127,39.62
ALB,Williams,27.0,0 days 00:01:30.452000,0 days 00:00:32.063000,0 days 00:00:19.107000,0 days 00:00:39.282000,INTERMEDIATE,25.0,4.0,,,1,7.0,False,2025,Australia,R,90.452,32.063,19.107,39.282
ALB,Williams,28.0,0 days 00:01:30.332000,0 days 00:00:32.112000,0 days 00:00:19.035000,0 days 00:00:39.185000,INTERMEDIATE,26.0,4.0,,,1,7.0,False,2025,Australia,R,90.332,32.112,19.035,39.185
ALB,Williams,29.0,0 days 00:01:30.023000,0 days 00:00:31.760000,0 days 00:00:19.016000,0 days 00:00:39.247000,INTERMEDIATE,27.0,4.0,,,1,7.0,False,2025,Australia,R,90.023,31.76,19.016,39.247
ALB,Williams,30.0,0 days 00:01:29.628000,0 days 00:00:31.511000,0 days 00:00:18.876000,0 days 00:00:39.241000,INTERMEDIATE,28.0,4.0,,,1,7.0,False,2025,Australia,R,89.628,31.511,18.876,39.241
ALB,Williams,31.0,0 days 00:01:30.053000,0 days 00:00:31.829000,0 days 00:00:19.026000,0 days 00:00:39.198000,INTERMEDIATE,29.0,4.0,,,1,7.0,False,2025,Australia,R,90.053,31.829,19.026,39.198
ALB,Williams,32.0,0 days 00:01:30.186000,0 days 00:00:32,0 days 00:00:19.029000,0 days 00:00:39.157000,INTERMEDIATE,30.0,4.0,,,1,7.0,False,2025,Australia,R,90.186,32.0,19.029,39.157
ALB,Williams,33.0,0 days 00:01:50.179000,0 days 00:00:31.780000,0 days 00:00:18.934000,0 days 00:00:59.465000,INTERMEDIATE,31.0,4.0,0 days 02:08:14.228000,,124,7.0,False,2025,Australia,R,110.179,31.78,18.934,59.465
ALB,Williams,34.0,0 days 00:02:27.472000,0 days 00:00:55.333000,0 days 00:00:43.059000,0 days 00:00:49.080000,MEDIUM,1.0,5.0,,0 days 02:08:32.903000,4,7.0,False,2025,Australia,R,147.472,55.333,43.059,49.08
ALB,Williams,35.0,0 days 00:01:42.979000,0 days 00:00:35.361000,0 days 00:00:26.965000,0 days 00:00:40.653000,MEDIUM,2.0,5.0,,,4,7.0,False,2025,Australia,R,102.979,35.361,26.965,40.653
ALB,Williams,36.0,0 days 00:01:42.745000,0 days 00:00:32.857000,0 days 00:00:31.340000,0 days 00:00:38.548000,MEDIUM,3.0,5.0,,,4,7.0,False,2025,Australia,R,102.745,32.857,31.34,38.548
ALB,Williams,37.0,0 days 00:02:07.286000,0 days 00:00:33.338000,0 days 00:00:29.122000,0 days 00:01:04.826000,MEDIUM,4.0,5.0,,,4,7.0,False,2025,Australia,R,127.286,33.338,29.122,64.826
ALB,Williams,38.0,0 days 00:02:19.137000,0 days 00:00:39.774000,0 days 00:00:40.390000,0 days 00:00:58.973000,MEDIUM,5.0,5.0,,,4,7.0,False,2025,Australia,R,139.137,39.774,40.39,58.973
ALB,Williams,39.0,0 days 00:02:12.043000,0 days 00:00:40.189000,0 days 00:00:35.829000,0 days 00:00:56.025000,MEDIUM,6.0,5.0,,,4,7.0,False,2025,Australia,R,132.043,40.189,35.829,56.025
ALB,Williams,40.0,0 days 00:02:11.839000,0 days 00:00:41.658000,0 days 00:00:34.413000,0 days 00:00:55.768000,MEDIUM,7.0,5.0,,,4,7.0,False,2025,Australia,R,131.839,41.658,34.413,55.768
ALB,Williams,41.0,0 days 00:02:07.143000,0 days 00:00:42.976000,0 days 00:00:29.357000,0 days 00:00:54.810000,MEDIUM,8.0,5.0,,,41,7.0,False,2025,Australia,R,127.143,42.976,29.357,54.81
ALB,Williams,42.0,0 days 00:01:27.127000,0 days 00:00:31.343000,0 days 00:00:18.776000,0 days 00:00:37.008000,MEDIUM,9.0,5.0,,,1,7.0,False,2025,Australia,R,87.127,31.343,18.776,37.008
ALB,Williams,43.0,0 days 00:01:24.597000,0 days 00:00:29.496000,0 days 00:00:18.200000,0 days 00:00:36.901000,MEDIUM,10.0,5.0,,,1,7.0,False,2025,Australia,R,84.597,29.496,18.2,36.901
ALB,Williams,44.0,0 days 00:01:45.335000,0 days 00:00:29.876000,0 days 00:00:18.171000,0 days 00:00:57.288000,MEDIUM,11.0,5.0,0 days 02:29:41.637000,,12,9.0,False,2025,Australia,R,105.335,29.876,18.171,57.288
ALB,Williams,45.0,0 days 00:01:36.573000,0 days 00:00:37.246000,0 days 00:00:18.881000,0 days 00:00:40.446000,INTERMEDIATE,1.0,6.0,,0 days 02:30:00.469000,21,9.0,False,2025,Australia,R,96.573,37.246,18.881,40.446
ALB,Williams,46.0,0 days 00:01:32.795000,0 days 00:00:31.869000,0 days 00:00:18.953000,0 days 00:00:41.973000,INTERMEDIATE,2.0,6.0,,,1,7.0,False,2025,Australia,R,92.795,31.869,18.953,41.973
ALB,Williams,47.0,0 days 00:02:05.490000,0 days 00:00:35.865000,0 days 00:00:32.418000,0 days 00:00:57.207000,INTERMEDIATE,3.0,6.0,,,124,4.0,False,2025,Australia,R,125.49,35.865,32.418,57.207
ALB,Williams,48.0,0 days 00:01:59.008000,0 days 00:00:39.533000,0 days 00:00:21.649000,0 days 00:00:57.826000,INTERMEDIATE,4.0,6.0,,,4,4.0,False,2025,Australia,R,119.008,39.533,21.649,57.826
ALB,Williams,49.0,0 days 00:02:24.662000,0 days 00:00:51.770000,0 days 00:00:32.102000,0 days 00:01:00.790000,INTERMEDIATE,5.0,6.0,,,4,4.0,False,2025,Australia,R,144.662,51.77,32.102,60.79
ALB,Williams,50.0,0 days 00:02:21.482000,0 days 00:00:52.815000,0 days 00:00:31.260000,0 days 00:00:57.407000,INTERMEDIATE,6.0,6.0,,,4,4.0,False,2025,Australia,R,141.482,52.815,31.26,57.407
ALB,Williams,51.0,0 days 00:02:13.177000,0 days 00:00:47.246000,0 days 00:00:29.759000,0 days 00:00:56.172000,INTERMEDIATE,7.0,6.0,,,41,4.0,False,2025,Australia,R,133.177,47.246,29.759,56.172
ALB,Williams,52.0,0 days 00:01:34.996000,0 days 00:00:34.191000,0 days 00:00:19.708000,0 days 00:00:41.097000,INTERMEDIATE,8.0,6.0,,,1,4.0,False,2025,Australia,R,94.996,34.191,19.708,41.097
ALB,Williams,53.0,0 days 00:01:31.917000,0 days 00:00:32.586000,0 days 00:00:19.108000,0 days 00:00:40.223000,INTERMEDIATE,9.0,6.0,,,1,4.0,False,2025,Australia,R,91.917,32.586,19.108,40.223
ALB,Williams,54.0,0 days 00:01:30.587000,0 days 00:00:32.122000,0 days 00:00:19.072000,0 days 00:00:39.393000,INTERMEDIATE,10.0,6.0,,,1,4.0,False,2025,Australia,R,90.587,32.122,19.072,39.393
ALB,Williams,55.0,0 days 00:01:30.301000,0 days 00:00:31.820000,0 days 00:00:19.049000,0 days 00:00:39.432000,INTERMEDIATE,11.0,6.0,,,1,4.0,False,2025,Australia,R,90.301,31.82,19.049,39.432
ALB,Williams,56.0,0 days 00:01:30.298000,0 days 00:00:31.241000,0 days 00:00:18.867000,0 days 00:00:40.190000,INTERMEDIATE,12.0,6.0,,,1,5.0,False,2025,Australia,R,90.298,31.241,18.867,40.19
ALB,Williams,57.0,0 days 00:01:29.944000,0 days 00:00:31.494000,0 days 00:00:18.857000,0 days 00:00:39.593000,INTERMEDIATE,13.0,6.0,,,1,5.0,False,2025,Australia,R,89.944,31.494,18.857,39.593
HUL,Kick Sauber,1.0,0 days 00:02:21.221000,,0 days 00:00:22.276000,0 days 00:01:08.947000,INTERMEDIATE,1.0,1.0,,,124,12.0,False,2025,Australia,R,141.221,,22.276,68.947
HUL,Kick Sauber,2.0,,0 days 00:00:54.941000,0 days 00:00:32.858000,0 days 00:01:21.599000,INTERMEDIATE,2.0,1.0,0 days 01:15:59.421000,,4,12.0,False,2025,Australia,R,,54.941,32.858,81.599
HUL,Kick Sauber,3.0,,0 days 00:00:51.306000,0 days 00:00:33.479000,0 days 00:01:19.438000,INTERMEDIATE,3.0,2.0,0 days 01:18:41.760000,0 days 01:16:14.730000,4,12.0,False,2025,Australia,R,,51.306,33.479,79.438
HUL,Kick Sauber,4.0,,0 days 00:00:50.322000,0 days 00:00:32.589000,0 days 00:01:12.226000,INTERMEDIATE,4.0,3.0,0 days 01:21:19.330000,0 days 01:18:57.772000,4,12.0,False,2025,Australia,R,,50.322,32.589,72.226
HUL,Kick Sauber,5.0,0 days 00:02:19.058000,0 days 00:00:49.793000,0 days 00:00:30.263000,0 days 00:00:59.002000,INTERMEDIATE,5.0,4.0,,0 days 01:21:33.532000,4,12.0,False,2025,Australia,R,139.058,49.793,30.263,59.002
HUL,Kick Sauber,6.0,0 days 00:02:21.111000,0 days 00:00:42.669000,0 days 00:00:35.545000,0 days 00:01:02.897000,INTERMEDIATE,6.0,4.0,,,4,12.0,False,2025,Australia,R,141.111,42.669,35.545,62.897
HUL,Kick Sauber,7.0,0 days 00:02:04.116000,0 days 00:00:41.833000,0 days 00:00:30.290000,0 days 00:00:51.993000,INTERMEDIATE,7.0,4.0,,,41,12.0,False,2025,Australia,R,124.116,41.833,30.29,51.993
HUL,Kick Sauber,8.0,0 days 00:01:38.959000,0 days 00:00:36.183000,0 days 00:00:20.258000,0 days 00:00:42.518000,INTERMEDIATE,8.0,4.0,,,1,12.0,False,2025,Australia,R,98.959,36.183,20.258,42.518
HUL,Kick Sauber,9.0,0 days 00:01:36.510000,0 days 00:00:34.846000,0 days 00:00:20.162000,0 days 00:00:41.502000,INTERMEDIATE,9.0,4.0,,,1,12.0,False,2025,Australia,R,96.51,34.846,20.162,41.502
HUL,Kick Sauber,10.0,0 days 00:01:35.044000,0 days 00:00:34.233000,0 days 00:00:19.802000,0 days 00:00:41.009000,INTERMEDIATE,10.0,4.0,,,1,12.0,False,2025,Australia,R,95.044,34.233,19.802,41.009
HUL,Kick Sauber,11.0,0 days 00:01:34.990000,0 days 00:00:34.126000,0 days 00:00:19.628000,0 days 00:00:41.236000,INTERMEDIATE,11.0,4.0,,,1,12.0,False,2025,Australia,R,94.99,34.126,19.628,41.236
HUL,Kick Sauber,12.0,0 days 00:01:34.989000,0 days 00:00:34.111000,0 days 00:00:19.638000,0 days 00:00:41.240000,INTERMEDIATE,12.0,4.0,,,1,12.0,False,2025,Australia,R,94.989,34.111,19.638,41.24
HUL,Kick Sauber,13.0,0 days 00:01:34.064000,0 days 00:00:33.860000,0 days 00:00:19.630000,0 days 00:00:40.574000,INTERMEDIATE,13.0,4.0,,,1,12.0,False,2025,Australia,R,94.064,33.86,19.63,40.574
HUL,Kick Sauber,14.0,0 days 00:01:35.018000,0 days 00:00:33.672000,0 days 00:00:19.689000,0 days 00:00:41.657000,INTERMEDIATE,14.0,4.0,,,1,13.0,False,2025,Australia,R,95.018,33.672,19.689,41.657
HUL,Kick Sauber,15.0,0 days 00:01:33.611000,0 days 00:00:33.546000,0 days 00:00:19.562000,0 days 00:00:40.503000,INTERMEDIATE,15.0,4.0,,,1,13.0,False,2025,Australia,R,93.611,33.546,19.562,40.503
HUL,Kick Sauber,16.0,0 days 00:01:33.856000,0 days 00:00:33.705000,0 days 00:00:19.438000,0 days 00:00:40.713000,INTERMEDIATE,16.0,4.0,,,1,12.0,False,2025,Australia,R,93.856,33.705,19.438,40.713
HUL,Kick Sauber,17.0,0 days 00:01:34.817000,0 days 00:00:33.248000,0 days 00:00:19.522000,0 days 00:00:42.047000,INTERMEDIATE,17.0,4.0,,,1,13.0,False,2025,Australia,R,94.817,33.248,19.522,42.047
HUL,Kick Sauber,18.0,0 days 00:01:33.796000,0 days 00:00:33.341000,0 days 00:00:19.377000,0 days 00:00:41.078000,INTERMEDIATE,18.0,4.0,,,1,13.0,False,2025,Australia,R,93.796,33.341,19.377,41.078
HUL,Kick Sauber,19.0,0 days 00:01:33.520000,0 days 00:00:33.281000,0 days 00:00:19.410000,0 days 00:00:40.829000,INTERMEDIATE,19.0,4.0,,,1,13.0,False,2025,Australia,R,93.52,33.281,19.41,40.829
HUL,Kick Sauber,20.0,0 days 00:01:33.867000,0 days 00:00:32.992000,0 days 00:00:19.306000,0 days 00:00:41.569000,INTERMEDIATE,20.0,4.0,,,1,13.0,False,2025,Australia,R,93.867,32.992,19.306,41.569
HUL,Kick Sauber,21.0,0 days 00:01:33.220000,0 days 00:00:33.160000,0 days 00:00:19.336000,0 days 00:00:40.724000,INTERMEDIATE,21.0,4.0,,,1,13.0,False,2025,Australia,R,93.22,33.16,19.336,40.724
HUL,Kick Sauber,22.0,0 days 00:01:33.185000,0 days 00:00:33.304000,0 days 00:00:19.367000,0 days 00:00:40.514000,INTERMEDIATE,22.0,4.0,,,1,13.0,False,2025,Australia,R,93.185,33.304,19.367,40.514
HUL,Kick Sauber,23.0,0 days 00:01:32.765000,0 days 00:00:32.799000,0 days 00:00:19.247000,0 days 00:00:40.719000,INTERMEDIATE,23.0,4.0,,,1,13.0,False,2025,Australia,R,92.765,32.799,19.247,40.719
HUL,Kick Sauber,24.0,0 days 00:01:32.469000,0 days 00:00:32.825000,0 days 00:00:19.345000,0 days 00:00:40.299000,INTERMEDIATE,24.0,4.0,,,1,13.0,False,2025,Australia,R,92.469,32.825,19.345,40.299
HUL,Kick Sauber,25.0,0 days 00:01:31.975000,0 days 00:00:32.628000,0 days 00:00:19.271000,0 days 00:00:40.076000,INTERMEDIATE,25.0,4.0,,,1,13.0,False,2025,Australia,R,91.975,32.628,19.271,40.076
HUL,Kick Sauber,26.0,0 days 00:01:31.810000,0 days 00:00:32.653000,0 days 00:00:19.338000,0 days 00:00:39.819000,INTERMEDIATE,26.0,4.0,,,1,13.0,False,2025,Australia,R,91.81,32.653,19.338,39.819
HUL,Kick Sauber,27.0,0 days 00:01:31.118000,0 days 00:00:32.379000,0 days 00:00:19.173000,0 days 00:00:39.566000,INTERMEDIATE,27.0,4.0,,,1,13.0,False,2025,Australia,R,91.118,32.379,19.173,39.566
HUL,Kick Sauber,28.0,0 days 00:01:30.801000,0 days 00:00:32.247000,0 days 00:00:19.196000,0 days 00:00:39.358000,INTERMEDIATE,28.0,4.0,,,1,13.0,False,2025,Australia,R,90.801,32.247,19.196,39.358
HUL,Kick Sauber,29.0,0 days 00:01:30.378000,0 days 00:00:32.112000,0 days 00:00:19.125000,0 days 00:00:39.141000,INTERMEDIATE,29.0,4.0,,,1,13.0,False,2025,Australia,R,90.378,32.112,19.125,39.141
HUL,Kick Sauber,30.0,0 days 00:01:30.691000,0 days 00:00:32.048000,0 days 00:00:19.285000,0 days 00:00:39.358000,INTERMEDIATE,30.0,4.0,,,1,13.0,False,2025,Australia,R,90.691,32.048,19.285,39.358
HUL,Kick Sauber,31.0,0 days 00:01:30.071000,0 days 00:00:31.864000,0 days 00:00:19.060000,0 days 00:00:39.147000,INTERMEDIATE,31.0,4.0,,,1,13.0,False,2025,Australia,R,90.071,31.864,19.06,39.147
HUL,Kick Sauber,32.0,0 days 00:01:30.109000,0 days 00:00:32.056000,0 days 00:00:19.242000,0 days 00:00:38.811000,INTERMEDIATE,32.0,4.0,,,1,13.0,False,2025,Australia,R,90.109,32.056,19.242,38.811
HUL,Kick Sauber,33.0,0 days 00:02:05.643000,0 days 00:00:31.748000,0 days 00:00:27.040000,0 days 00:01:06.855000,INTERMEDIATE,33.0,4.0,0 days 02:08:53.146000,,124,12.0,False,2025,Australia,R,125.643,31.748,27.04,66.855
HUL,Kick Sauber,34.0,0 days 00:02:04.547000,0 days 00:00:47.723000,0 days 00:00:29.614000,0 days 00:00:47.210000,MEDIUM,1.0,5.0,,0 days 02:09:14.269000,4,12.0,False,2025,Australia,R,124.547,47.723,29.614,47.21
HUL,Kick Sauber,35.0,0 days 00:01:43.738000,0 days 00:00:36.092000,0 days 00:00:26.746000,0 days 00:00:40.900000,MEDIUM,2.0,5.0,,,4,12.0,False,2025,Australia,R,103.738,36.092,26.746,40.9
HUL,Kick Sauber,36.0,0 days 00:01:39.268000,0 days 00:00:32.729000,0 days 00:00:27.808000,0 days 00:00:38.731000,MEDIUM,3.0,5.0,,,4,12.0,False,2025,Australia,R,99.268,32.729,27.808,38.731
HUL,Kick Sauber,37.0,0 days 00:02:00.019000,0 days 00:00:31.433000,0 days 00:00:28.144000,0 days 00:01:00.442000,MEDIUM,4.0,5.0,,,4,12.0,False,2025,Australia,R,120.019,31.433,28.144,60.442
HUL,Kick Sauber,38.0,0 days 00:02:19.971000,0 days 00:00:38.060000,0 days 00:00:38.725000,0 days 00:01:03.186000,MEDIUM,5.0,5.0,,,4,12.0,False,2025,Australia,R,139.971,38.06,38.725,63.186
HUL,Kick Sauber,39.0,0 days 00:02:11.714000,0 days 00:00:38.204000,0 days 00:00:34.474000,0 days 00:00:59.036000,MEDIUM,6.0,5.0,,,4,12.0,False,2025,Australia,R,131.714,38.204,34.474,59.036
HUL,Kick Sauber,40.0,0 days 00:02:10.024000,0 days 00:00:38.773000,0 days 00:00:35.573000,0 days 00:00:55.678000,MEDIUM,7.0,5.0,,,4,12.0,False,2025,Australia,R,130.024,38.773,35.573,55.678
HUL,Kick Sauber,41.0,0 days 00:02:03.528000,0 days 00:00:43.382000,0 days 00:00:27.686000,0 days 00:00:52.460000,MEDIUM,8.0,5.0,,,41,12.0,False,2025,Australia,R,123.528,43.382,27.686,52.46
HUL,Kick Sauber,42.0,0 days 00:01:27.472000,0 days 00:00:31.081000,0 days 00:00:19.257000,0 days 00:00:37.134000,MEDIUM,9.0,5.0,,,1,12.0,False,2025,Australia,R,87.472,31.081,19.257,37.134
HUL,Kick Sauber,43.0,0 days 00:01:25.243000,0 days 00:00:30.039000,0 days 00:00:18.732000,0 days 00:00:36.472000,MEDIUM,10.0,5.0,,,1,12.0,False,2025,Australia,R,85.243,30.039,18.732,36.472
HUL,Kick Sauber,44.0,0 days 00:01:46.696000,0 days 00:00:30.497000,0 days 00:00:18.959000,0 days 00:00:57.240000,MEDIUM,11.0,5.0,0 days 02:29:46.305000,,12,12.0,False,2025,Australia,R,106.696,30.497,18.959,57.24
HUL,Kick Sauber,45.0,0 days 00:01:37.137000,0 days 00:00:37.709000,0 days 00:00:19.258000,0 days 00:00:40.170000,INTERMEDIATE,1.0,6.0,,0 days 02:30:06.468000,21,12.0,False,2025,Australia,R,97.137,37.709,19.258,40.17
HUL,Kick Sauber,46.0,0 days 00:01:31.210000,0 days 00:00:31.335000,0 days 00:00:19.143000,0 days 00:00:40.732000,INTERMEDIATE,2.0,6.0,,,1,12.0,False,2025,Australia,R,91.21,31.335,19.143,40.732
HUL,Kick Sauber,47.0,0 days 00:02:05.179000,0 days 00:00:38.914000,0 days 00:00:29.037000,0 days 00:00:57.228000,INTERMEDIATE,3.0,6.0,,,124,7.0,False,2025,Australia,R,125.179,38.914,29.037,57.228
HUL,Kick Sauber,48.0,0 days 00:02:00.075000,0 days 00:00:41.960000,0 days 00:00:21.517000,0 days 00:00:56.598000,INTERMEDIATE,4.0,6.0,,,4,7.0,False,2025,Australia,R,120.075,41.96,21.517,56.598
HUL,Kick Sauber,49.0,0 days 00:02:24.804000,0 days 00:00:50.498000,0 days 00:00:32.115000,0 days 00:01:02.191000,INTERMEDIATE,5.0,6.0,,,4,7.0,False,2025,Australia,R,144.804,50.498,32.115,62.191
HUL,Kick Sauber,50.0,0 days 00:02:19.444000,0 days 00:00:51.223000,0 days 00:00:30.682000,0 days 00:00:57.539000,INTERMEDIATE,6.0,6.0,,,4,7.0,False,2025,Australia,R,139.444,51.223,30.682,57.539
HUL,Kick Sauber,51.0,0 days 00:02:12.717000,0 days 00:00:46.370000,0 days 00:00:29.224000,0 days 00:00:57.123000,INTERMEDIATE,7.0,6.0,,,41,7.0,False,2025,Australia,R,132.717,46.37,29.224,57.123
HUL,Kick Sauber,52.0,0 days 00:01:35.935000,0 days 00:00:35.346000,0 days 00:00:19.500000,0 days 00:00:41.089000,INTERMEDIATE,8.0,6.0,,,1,7.0,False,2025,Australia,R,95.935,35.346,19.5,41.089
HUL,Kick Sauber,53.0,0 days 00:01:31.815000,0 days 00:00:32.726000,0 days 00:00:19.124000,0 days 00:00:39.965000,INTERMEDIATE,9.0,6.0,,,1,7.0,False,2025,Australia,R,91.815,32.726,19.124,39.965
HUL,Kick Sauber,54.0,0 days 00:01:30.994000,0 days 00:00:32.446000,0 days 00:00:19.070000,0 days 00:00:39.478000,INTERMEDIATE,10.0,6.0,,,1,7.0,False,2025,Australia,R,90.994,32.446,19.07,39.478
HUL,Kick Sauber,55.0,0 days 00:01:30.437000,0 days 00:00:31.527000,0 days 00:00:18.830000,0 days 00:00:40.080000,INTERMEDIATE,11.0,6.0,,,1,7.0,False,2025,Australia,R,90.437,31.527,18.83,40.08
HUL,Kick Sauber,56.0,0 days 00:01:30.360000,0 days 00:00:31.692000,0 days 00:00:18.902000,0 days 00:00:39.766000,INTERMEDIATE,12.0,6.0,,,1,7.0,False,2025,Australia,R,90.36,31.692,18.902,39.766
HUL,Kick Sauber,57.0,0 days 00:01:30.860000,0 days 00:00:31.739000,0 days 00:00:19.048000,0 days 00:00:40.073000,INTERMEDIATE,13.0,6.0,,,1,7.0,False,2025,Australia,R,90.86,31.739,19.048,40.073
LAW,Red Bull Racing,1.0,0 days 00:02:28.795000,,0 days 00:00:30.971000,0 days 00:01:04.122000,INTERMEDIATE,1.0,1.0,,0 days 01:11:10.858000,124,16.0,False,2025,Australia,R,148.795,,30.971,64.122
LAW,Red Bull Racing,2.0,,0 days 00:00:55.833000,0 days 00:00:30.350000,0 days 00:01:23.116000,INTERMEDIATE,2.0,1.0,0 days 01:16:07.402000,,4,16.0,False,2025,Australia,R,,55.833,30.35,83.116
LAW,Red Bull Racing,3.0,,0 days 00:00:50.966000,0 days 00:00:32.077000,0 days 00:01:22.298000,INTERMEDIATE,3.0,2.0,0 days 01:18:50.242000,0 days 01:16:22.171000,4,16.0,False,2025,Australia,R,,50.966,32.077,82.298
LAW,Red Bull Racing,4.0,,0 days 00:00:50.211000,0 days 00:00:29.835000,0 days 00:01:20.347000,INTERMEDIATE,1.0,3.0,0 days 01:21:27.905000,0 days 01:19:06.403000,4,16.0,False,2025,Australia,R,,50.211,29.835,80.347
LAW,Red Bull Racing,5.0,0 days 00:02:11.293000,0 days 00:00:49.874000,0 days 00:00:23.666000,0 days 00:00:57.753000,INTERMEDIATE,4.0,4.0,,0 days 01:21:46.674000,4,16.0,False,2025,Australia,R,131.293,49.874,23.666,57.753
LAW,Red Bull Racing,6.0,0 days 00:02:21.609000,0 days 00:00:41.250000,0 days 00:00:36.661000,0 days 00:01:03.698000,INTERMEDIATE,5.0,4.0,,,4,16.0,False,2025,Australia,R,141.609,41.25,36.661,63.698
LAW,Red Bull Racing,7.0,0 days 00:02:02.216000,0 days 00:00:40.083000,0 days 00:00:30.379000,0 days 00:00:51.754000,INTERMEDIATE,6.0,4.0,,,41,16.0,False,2025,Australia,R,122.216,40.083,30.379,51.754
LAW,Red Bull Racing,8.0,0 days 00:01:40.582000,0 days 00:00:36.302000,0 days 00:00:20.823000,0 days 00:00:43.457000,INTERMEDIATE,7.0,4.0,,,1,16.0,False,2025,Australia,R,100.582,36.302,20.823,43.457
LAW,Red Bull Racing,9.0,0 days 00:01:38.439000,0 days 00:00:35.232000,0 days 00:00:20.720000,0 days 00:00:42.487000,INTERMEDIATE,8.0,4.0,,,1,16.0,False,2025,Australia,R,98.439,35.232,20.72,42.487
LAW,Red Bull Racing,10.0,0 days 00:01:36.614000,0 days 00:00:34.497000,0 days 00:00:20.047000,0 days 00:00:42.070000,INTERMEDIATE,9.0,4.0,,,1,16.0,False,2025,Australia,R,96.614,34.497,20.047,42.07
LAW,Red Bull Racing,11.0,0 days 00:01:35.174000,0 days 00:00:33.498000,0 days 00:00:20.106000,0 days 00:00:41.570000,INTERMEDIATE,10.0,4.0,,,1,16.0,False,2025,Australia,R,95.174,33.498,20.106,41.57
LAW,Red Bull Racing,12.0,0 days 00:01:34.064000,0 days 00:00:33.347000,0 days 00:00:19.571000,0 days 00:00:41.146000,INTERMEDIATE,11.0,4.0,,,1,16.0,False,2025,Australia,R,94.064,33.347,19.571,41.146
LAW,Red Bull Racing,13.0,0 days 00:01:34.316000,0 days 00:00:33.359000,0 days 00:00:19.473000,0 days 00:00:41.484000,INTERMEDIATE,12.0,4.0,,,1,16.0,False,2025,Australia,R,94.316,33.359,19.473,41.484
LAW,Red Bull Racing,14.0,0 days 00:01:33.617000,0 days 00:00:33.356000,0 days 00:00:19.690000,0 days 00:00:40.571000,INTERMEDIATE,13.0,4.0,,,1,16.0,False,2025,Australia,R,93.617,33.356,19.69,40.571
LAW,Red Bull Racing,15.0,0 days 00:01:33.502000,0 days 00:00:33.265000,0 days 00:00:19.495000,0 days 00:00:40.742000,INTERMEDIATE,14.0,4.0,,,1,16.0,False,2025,Australia,R,93.502,33.265,19.495,40.742
LAW,Red Bull Racing,16.0,0 days 00:01:33.915000,0 days 00:00:33.178000,0 days 00:00:19.237000,0 days 00:00:41.500000,INTERMEDIATE,15.0,4.0,,,1,16.0,False,2025,Australia,R,93.915,33.178,19.237,41.5
LAW,Red Bull Racing,17.0,0 days 00:01:34.575000,0 days 00:00:33.857000,0 days 00:00:19.442000,0 days 00:00:41.276000,INTERMEDIATE,16.0,4.0,,,1,16.0,False,2025,Australia,R,94.575,33.857,19.442,41.276
LAW,Red Bull Racing,18.0,0 days 00:01:35.002000,0 days 00:00:33.297000,0 days 00:00:19.167000,0 days 00:00:42.538000,INTERMEDIATE,17.0,4.0,,,1,16.0,False,2025,Australia,R,95.002,33.297,19.167,42.538
LAW,Red Bull Racing,19.0,0 days 00:01:34.695000,0 days 00:00:33.159000,0 days 00:00:19.007000,0 days 00:00:42.529000,INTERMEDIATE,18.0,4.0,,,1,15.0,False,2025,Australia,R,94.695,33.159,19.007,42.529
LAW,Red Bull Racing,20.0,0 days 00:01:33.497000,0 days 00:00:33.285000,0 days 00:00:19.399000,0 days 00:00:40.813000,INTERMEDIATE,19.0,4.0,,,1,15.0,False,2025,Australia,R,93.497,33.285,19.399,40.813
LAW,Red Bull Racing,21.0,0 days 00:01:32.883000,0 days 00:00:32.994000,0 days 00:00:19.257000,0 days 00:00:40.632000,INTERMEDIATE,20.0,4.0,,,1,15.0,False,2025,Australia,R,92.883,32.994,19.257,40.632
LAW,Red Bull Racing,22.0,0 days 00:01:32.080000,0 days 00:00:32.584000,0 days 00:00:19.345000,0 days 00:00:40.151000,INTERMEDIATE,21.0,4.0,,,1,15.0,False,2025,Australia,R,92.08,32.584,19.345,40.151
LAW,Red Bull Racing,23.0,0 days 00:01:32.622000,0 days 00:00:32.984000,0 days 00:00:19.307000,0 days 00:00:40.331000,INTERMEDIATE,22.0,4.0,,,1,15.0,False,2025,Australia,R,92.622,32.984,19.307,40.331
LAW,Red Bull Racing,24.0,0 days 00:01:32.155000,0 days 00:00:32.524000,0 days 00:00:19.394000,0 days 00:00:40.237000,INTERMEDIATE,23.0,4.0,,,1,15.0,False,2025,Australia,R,92.155,32.524,19.394,40.237
LAW,Red Bull Racing,25.0,0 days 00:01:31.959000,0 days 00:00:32.698000,0 days 00:00:19.163000,0 days 00:00:40.098000,INTERMEDIATE,24.0,4.0,,,1,15.0,False,2025,Australia,R,91.959,32.698,19.163,40.098
LAW,Red Bull Racing,26.0,0 days 00:01:31.129000,0 days 00:00:32.146000,0 days 00:00:19.066000,0 days 00:00:39.917000,INTERMEDIATE,25.0,4.0,,,1,15.0,False,2025,Australia,R,91.129,32.146,19.066,39.917
LAW,Red Bull Racing,27.0,0 days 00:01:31.094000,0 days 00:00:32.249000,0 days 00:00:19.096000,0 days 00:00:39.749000,INTERMEDIATE,26.0,4.0,,,1,15.0,False,2025,Australia,R,91.094,32.249,19.096,39.749
LAW,Red Bull Racing,28.0,0 days 00:01:31.084000,0 days 00:00:31.836000,0 days 00:00:19.568000,0 days 00:00:39.680000,INTERMEDIATE,27.0,4.0,,,1,15.0,True,2025,Australia,R,91.084,31.836,19.568,39.68
LAW,Red Bull Racing,29.0,0 days 00:01:30.803000,0 days 00:00:32.139000,0 days 00:00:19.191000,0 days 00:00:39.473000,INTERMEDIATE,28.0,4.0,,,1,15.0,False,2025,Australia,R,90.803,32.139,19.191,39.473
LAW,Red Bull Racing,30.0,0 days 00:01:31.312000,0 days 00:00:32.176000,0 days 00:00:19.287000,0 days 00:00:39.849000,INTERMEDIATE,29.0,4.0,,,1,15.0,False,2025,Australia,R,91.312,32.176,19.287,39.849
LAW,Red Bull Racing,31.0,0 days 00:01:31.649000,0 days 00:00:32.217000,0 days 00:00:19.208000,0 days 00:00:40.224000,INTERMEDIATE,30.0,4.0,,,1,15.0,False,2025,Australia,R,91.649,32.217,19.208,40.224
LAW,Red Bull Racing,32.0,0 days 00:01:33.760000,0 days 00:00:33.259000,0 days 00:00:20.172000,0 days 00:00:40.329000,INTERMEDIATE,31.0,4.0,,,1,15.0,False,2025,Australia,R,93.76,33.259,20.172,40.329
LAW,Red Bull Racing,33.0,0 days 00:02:08.342000,0 days 00:00:33.470000,0 days 00:00:30.518000,0 days 00:01:04.354000,INTERMEDIATE,32.0,4.0,0 days 02:09:10.507000,,124,15.0,False,2025,Australia,R,128.342,33.47,30.518,64.354
LAW,Red Bull Racing,34.0,0 days 00:02:04.275000,0 days 00:00:46.181000,0 days 00:00:29.653000,0 days 00:00:48.441000,MEDIUM,1.0,5.0,,0 days 02:09:30.536000,4,16.0,False,2025,Australia,R,124.275,46.181,29.653,48.441
LAW,Red Bull Racing,35.0,0 days 00:02:08.710000,0 days 00:00:40.793000,0 days 00:00:33.852000,0 days 00:00:54.065000,MEDIUM,2.0,5.0,,,4,16.0,False,2025,Australia,R,128.71,40.793,33.852,54.065
LAW,Red Bull Racing,36.0,,0 days 00:00:46.136000,0 days 00:00:40.897000,0 days 00:01:14.778000,MEDIUM,3.0,5.0,,,4,16.0,False,2025,Australia,R,,46.136,40.897,74.778
LAW,Red Bull Racing,37.0,0 days 00:02:17.760000,0 days 00:00:40.914000,0 days 00:00:42.012000,0 days 00:00:54.834000,MEDIUM,4.0,5.0,,,4,16.0,False,2025,Australia,R,137.76,40.914,42.012,54.834
LAW,Red Bull Racing,38.0,0 days 00:02:13.353000,0 days 00:00:43.569000,0 days 00:00:34.894000,0 days 00:00:54.890000,MEDIUM,5.0,5.0,,,4,16.0,False,2025,Australia,R,133.353,43.569,34.894,54.89
LAW,Red Bull Racing,39.0,0 days 00:01:48.534000,0 days 00:00:42.936000,0 days 00:00:25.015000,0 days 00:00:40.583000,MEDIUM,6.0,5.0,,,4,14.0,False,2025,Australia,R,108.534,42.936,25.015,40.583
LAW,Red Bull Racing,40.0,0 days 00:01:31.050000,0 days 00:00:31.869000,0 days 00:00:21.143000,0 days 00:00:38.038000,MEDIUM,7.0,5.0,,,4,14.0,False,2025,Australia,R,91.05,31.869,21.143,38.038
LAW,Red Bull Racing,41.0,0 days 00:01:26.446000,0 days 00:00:30.467000,0 days 00:00:19.372000,0 days 00:00:36.607000,MEDIUM,8.0,5.0,,,41,14.0,False,2025,Australia,R,86.446,30.467,19.372,36.607
LAW,Red Bull Racing,42.0,0 days 00:01:24.098000,0 days 00:00:29.498000,0 days 00:00:18.790000,0 days 00:00:35.810000,MEDIUM,9.0,5.0,,,1,14.0,False,2025,Australia,R,84.098,29.498,18.79,35.81
LAW,Red Bull Racing,43.0,0 days 00:01:22.970000,0 days 00:00:28.841000,0 days 00:00:18.234000,0 days 00:00:35.895000,MEDIUM,10.0,5.0,,,1,14.0,False,2025,Australia,R,82.97,28.841,18.234,35.895
LAW,Red Bull Racing,44.0,0 days 00:01:26.332000,0 days 00:00:28.698000,0 days 00:00:18.777000,0 days 00:00:38.857000,MEDIUM,11.0,5.0,,,12,7.0,False,2025,Australia,R,86.332,28.698,18.777,38.857
LAW,Red Bull Racing,45.0,0 days 00:01:37.844000,0 days 00:00:31.402000,0 days 00:00:18.773000,0 days 00:00:47.669000,MEDIUM,12.0,5.0,,,21,7.0,False,2025,Australia,R,97.844,31.402,18.773,47.669
LAW,Red Bull Racing,46.0,0 days 00:01:39.457000,0 days 00:00:32.773000,0 days 00:00:19.003000,0 days 00:00:47.681000,MEDIUM,13.0,5.0,,,1,9.0,False,2025,Australia,R,99.457,32.773,19.003,47.681
LAW,Red Bull Racing,47.0,,,,,MEDIUM,14.0,5.0,,,124,,False,2025,Australia,R,,,,
OCO,Haas F1 Team,1.0,0 days 00:02:25.769000,,0 days 00:00:26.460000,0 days 00:01:07.938000,INTERMEDIATE,1.0,1.0,,,124,15.0,False,2025,Australia,R,145.769,,26.46,67.938
OCO,Haas F1 Team,2.0,,0 days 00:00:55.831000,0 days 00:00:31.695000,0 days 00:01:22.393000,INTERMEDIATE,2.0,1.0,0 days 01:16:05.054000,,4,15.0,False,2025,Australia,R,,55.831,31.695,82.393
OCO,Haas F1 Team,3.0,,0 days 00:00:51.532000,0 days 00:00:32.008000,0 days 00:01:21.531000,INTERMEDIATE,3.0,2.0,0 days 01:18:47.469000,0 days 01:16:19.513000,4,15.0,False,2025,Australia,R,,51.532,32.008,81.531
OCO,Haas F1 Team,4.0,,0 days 00:00:50.497000,0 days 00:00:30.586000,0 days 00:01:21.109000,INTERMEDIATE,4.0,3.0,0 days 01:21:25.943000,0 days 01:19:04.029000,4,15.0,False,2025,Australia,R,,50.497,30.586,81.109
OCO,Haas F1 Team,5.0,0 days 00:02:10.528000,0 days 00:00:48.221000,0 days 00:00:25.144000,0 days 00:00:57.163000,INTERMEDIATE,1.0,4.0,,0 days 01:21:45.607000,4,15.0,False,2025,Australia,R,130.528,48.221,25.144,57.163
OCO,Haas F1 Team,6.0,0 days 00:02:20.986000,0 days 00:00:41.743000,0 days 00:00:35.534000,0 days 00:01:03.709000,INTERMEDIATE,2.0,4.0,,,4,15.0,False,2025,Australia,R,140.986,41.743,35.534,63.709
OCO,Haas F1 Team,7.0,0 days 00:02:03.018000,0 days 00:00:40.716000,0 days 00:00:30.837000,0 days 00:00:51.465000,INTERMEDIATE,3.0,4.0,,,41,15.0,False,2025,Australia,R,123.018,40.716,30.837,51.465
OCO,Haas F1 Team,8.0,0 days 00:01:40.522000,0 days 00:00:36.515000,0 days 00:00:20.724000,0 days 00:00:43.283000,INTERMEDIATE,4.0,4.0,,,1,15.0,False,2025,Australia,R,100.522,36.515,20.724,43.283
OCO,Haas F1 Team,9.0,0 days 00:01:38.049000,0 days 00:00:35.372000,0 days 00:00:20.303000,0 days 00:00:42.374000,INTERMEDIATE,5.0,4.0,,,1,15.0,False,2025,Australia,R,98.049,35.372,20.303,42.374
OCO,Haas F1 Team,10.0,0 days 00:01:36.474000,0 days 00:00:34.541000,0 days 00:00:20.181000,0 days 00:00:41.752000,INTERMEDIATE,6.0,4.0,,,1,15.0,False,2025,Australia,R,96.474,34.541,20.181,41.752
OCO,Haas F1 Team,11.0,0 days 00:01:35.696000,0 days 00:00:34.533000,0 days 00:00:19.996000,0 days 00:00:41.167000,INTERMEDIATE,7.0,4.0,,,1,15.0,False,2025,Australia,R,95.696,34.533,19.996,41.167
OCO,Haas F1 Team,12.0,0 days 00:01:34.577000,0 days 00:00:34.184000,0 days 00:00:19.885000,0 days 00:00:40.508000,INTERMEDIATE,8.0,4.0,,,1,15.0,False,2025,Australia,R,94.577,34.184,19.885,40.508
OCO,Haas F1 Team,13.0,0 days 00:01:33.936000,0 days 00:00:33.814000,0 days 00:00:19.760000,0 days 00:00:40.362000,INTERMEDIATE,9.0,4.0,,,1,15.0,False,2025,Australia,R,93.936,33.814,19.76,40.362
OCO,Haas F1 Team,14.0,0 days 00:01:33.526000,0 days 00:00:33.676000,0 days 00:00:19.492000,0 days 00:00:40.358000,INTERMEDIATE,10.0,4.0,,,1,15.0,False,2025,Australia,R,93.526,33.676,19.492,40.358
OCO,Haas F1 Team,15.0,0 days 00:01:33.703000,0 days 00:00:33.827000,0 days 00:00:19.464000,0 days 00:00:40.412000,INTERMEDIATE,11.0,4.0,,,1,15.0,False,2025,Australia,R,93.703,33.827,19.464,40.412
OCO,Haas F1 Team,16.0,0 days 00:01:33.951000,0 days 00:00:33.729000,0 days 00:00:19.438000,0 days 00:00:40.784000,INTERMEDIATE,12.0,4.0,,,1,15.0,False,2025,Australia,R,93.951,33.729,19.438,40.784
OCO,Haas F1 Team,17.0,0 days 00:01:34.737000,0 days 00:00:33.862000,0 days 00:00:19.472000,0 days 00:00:41.403000,INTERMEDIATE,13.0,4.0,,,1,15.0,False,2025,Australia,R,94.737,33.862,19.472,41.403
OCO,Haas F1 Team,18.0,0 days 00:01:35.309000,0 days 00:00:33.567000,0 days 00:00:19.470000,0 days 00:00:42.272000,INTERMEDIATE,14.0,4.0,,,1,15.0,False,2025,Australia,R,95.309,33.567,19.47,42.272
OCO,Haas F1 Team,19.0,0 days 00:01:36.266000,0 days 00:00:33.414000,0 days 00:00:19.397000,0 days 00:00:43.455000,INTERMEDIATE,15.0,4.0,,,1,16.0,False,2025,Australia,R,96.266,33.414,19.397,43.455
OCO,Haas F1 Team,20.0,0 days 00:01:34.392000,0 days 00:00:33.915000,0 days 00:00:19.385000,0 days 00:00:41.092000,INTERMEDIATE,16.0,4.0,,,1,16.0,False,2025,Australia,R,94.392,33.915,19.385,41.092
OCO,Haas F1 Team,21.0,0 days 00:01:33.391000,0 days 00:00:33.421000,0 days 00:00:19.169000,0 days 00:00:40.801000,INTERMEDIATE,17.0,4.0,,,1,16.0,False,2025,Australia,R,93.391,33.421,19.169,40.801
OCO,Haas F1 Team,22.0,0 days 00:01:33.533000,0 days 00:00:33.389000,0 days 00:00:19.224000,0 days 00:00:40.920000,INTERMEDIATE,18.0,4.0,,,1,16.0,False,2025,Australia,R,93.533,33.389,19.224,40.92
OCO,Haas F1 Team,23.0,0 days 00:01:33.338000,0 days 00:00:33.216000,0 days 00:00:19.337000,0 days 00:00:40.785000,INTERMEDIATE,19.0,4.0,,,1,16.0,False,2025,Australia,R,93.338,33.216,19.337,40.785
OCO,Haas F1 Team,24.0,0 days 00:01:33.048000,0 days 00:00:33.089000,0 days 00:00:19.269000,0 days 00:00:40.690000,INTERMEDIATE,20.0,4.0,,,1,16.0,False,2025,Australia,R,93.048,33.089,19.269,40.69
OCO,Haas F1 Team,25.0,0 days 00:01:32.538000,0 days 00:00:32.968000,0 days 00:00:19.225000,0 days 00:00:40.345000,INTERMEDIATE,21.0,4.0,,,1,16.0,False,2025,Australia,R,92.538,32.968,19.225,40.345
OCO,Haas F1 Team,26.0,0 days 00:01:32.540000,0 days 00:00:32.870000,0 days 00:00:19.322000,0 days 00:00:40.348000,INTERMEDIATE,22.0,4.0,,,1,16.0,False,2025,Australia,R,92.54,32.87,19.322,40.348
OCO,Haas F1 Team,27.0,0 days 00:01:32.302000,0 days 00:00:32.778000,0 days 00:00:19.238000,0 days 00:00:40.286000,INTERMEDIATE,23.0,4.0,,,1,16.0,False,2025,Australia,R,92.302,32.778,19.238,40.286
OCO,Haas F1 Team,28.0,0 days 00:01:32.210000,0 days 00:00:32.499000,0 days 00:00:19.286000,0 days 00:00:40.425000,INTERMEDIATE,24.0,4.0,,,1,16.0,False,2025,Australia,R,92.21,32.499,19.286,40.425
OCO,Haas F1 Team,29.0,0 days 00:01:33.743000,0 days 00:00:34.667000,0 days 00:00:19.133000,0 days 00:00:39.943000,INTERMEDIATE,25.0,4.0,,,1,16.0,False,2025,Australia,R,93.743,34.667,19.133,39.943
OCO,Haas F1 Team,30.0,0 days 00:01:31.501000,0 days 00:00:32.641000,0 days 00:00:19.103000,0 days 00:00:39.757000,INTERMEDIATE,26.0,4.0,,,1,16.0,False,2025,Australia,R,91.501,32.641,19.103,39.757
OCO,Haas F1 Team,31.0,0 days 00:01:31.624000,0 days 00:00:32.297000,0 days 00:00:19.419000,0 days 00:00:39.908000,INTERMEDIATE,27.0,4.0,,,1,16.0,False,2025,Australia,R,91.624,32.297,19.419,39.908
OCO,Haas F1 Team,32.0,0 days 00:01:31.155000,0 days 00:00:31.940000,0 days 00:00:20.057000,0 days 00:00:39.158000,INTERMEDIATE,28.0,4.0,,,12,16.0,False,2025,Australia,R,91.155,31.94,20.057,39.158
OCO,Haas F1 Team,33.0,0 days 00:01:55.932000,0 days 00:00:38.852000,0 days 00:00:29.562000,0 days 00:00:47.518000,INTERMEDIATE,29.0,4.0,,,24,14.0,False,2025,Australia,R,115.932,38.852,29.562,47.518
OCO,Haas F1 Team,34.0,0 days 00:02:00.551000,0 days 00:00:42.972000,0 days 00:00:31.576000,0 days 00:00:46.003000,INTERMEDIATE,30.0,4.0,,,4,14.0,False,2025,Australia,R,120.551,42.972,31.576,46.003
OCO,Haas F1 Team,35.0,0 days 00:02:12.165000,0 days 00:00:42.151000,0 days 00:00:35.341000,0 days 00:00:54.673000,INTERMEDIATE,31.0,4.0,,,4,14.0,False,2025,Australia,R,132.165,42.151,35.341,54.673
OCO,Haas F1 Team,36.0,,0 days 00:00:45.039000,0 days 00:00:41.403000,0 days 00:01:11.860000,INTERMEDIATE,32.0,4.0,,,4,14.0,False,2025,Australia,R,,45.039,41.403,71.86
OCO,Haas F1 Team,37.0,0 days 00:02:20.137000,0 days 00:00:44.210000,0 days 00:00:41.090000,0 days 00:00:54.837000,INTERMEDIATE,33.0,4.0,,,4,14.0,False,2025,Australia,R,140.137,44.21,41.09,54.837
OCO,Haas F1 Team,38.0,0 days 00:02:12.933000,0 days 00:00:43.583000,0 days 00:00:34.325000,0 days 00:00:55.025000,INTERMEDIATE,34.0,4.0,,,4,14.0,False,2025,Australia,R,132.933,43.583,34.325,55.025
OCO,Haas F1 Team,39.0,0 days 00:02:04.201000,0 days 00:00:42.286000,0 days 00:00:21.998000,0 days 00:00:59.917000,INTERMEDIATE,35.0,4.0,0 days 02:22:37.662000,,4,15.0,False,2025,Australia,R,124.201,42.286,21.998,59.917
OCO,Haas F1 Team,40.0,0 days 00:01:42.035000,0 days 00:00:42.369000,0 days 00:00:20.285000,0 days 00:00:39.381000,MEDIUM,1.0,5.0,,0 days 02:22:56.609000,4,15.0,False,2025,Australia,R,102.035,42.369,20.285,39.381
OCO,Haas F1 Team,41.0,0 days 00:01:29.339000,0 days 00:00:32.041000,0 days 00:00:19.341000,0 days 00:00:37.957000,MEDIUM,2.0,5.0,,,41,15.0,False,2025,Australia,R,89.339,32.041,19.341,37.957
OCO,Haas F1 Team,42.0,0 days 00:01:26.764000,0 days 00:00:30.261000,0 days 00:00:19.144000,0 days 00:00:37.359000,MEDIUM,3.0,5.0,,,1,15.0,False,2025,Australia,R,86.764,30.261,19.144,37.359
OCO,Haas F1 Team,43.0,0 days 00:01:28.505000,0 days 00:00:30.027000,0 days 00:00:18.897000,0 days 00:00:39.581000,MEDIUM,4.0,5.0,,,1,15.0,False,2025,Australia,R,88.505,30.027,18.897,39.581
OCO,Haas F1 Team,44.0,0 days 00:01:33.574000,0 days 00:00:30.003000,0 days 00:00:18.857000,0 days 00:00:44.714000,MEDIUM,5.0,5.0,,,12,14.0,False,2025,Australia,R,93.574,30.003,18.857,44.714
OCO,Haas F1 Team,45.0,0 days 00:01:36.259000,0 days 00:00:30.740000,0 days 00:00:18.823000,0 days 00:00:46.696000,MEDIUM,6.0,5.0,,,21,14.0,False,2025,Australia,R,96.259,30.74,18.823,46.696
OCO,Haas F1 Team,46.0,0 days 00:02:21.745000,0 days 00:00:40.828000,0 days 00:00:23.639000,0 days 00:01:17.278000,MEDIUM,7.0,5.0,0 days 02:34:14.801000,,124,13.0,False,2025,Australia,R,141.745,40.828,23.639,77.278
OCO,Haas F1 Team,47.0,0 days 00:02:07.226000,0 days 00:00:52.325000,0 days 00:00:26.250000,0 days 00:00:48.651000,INTERMEDIATE,1.0,6.0,,0 days 02:34:34.762000,4,12.0,False,2025,Australia,R,127.226,52.325,26.25,48.651
OCO,Haas F1 Team,48.0,0 days 00:01:46.416000,0 days 00:00:40.046000,0 days 00:00:20.638000,0 days 00:00:45.732000,INTERMEDIATE,2.0,6.0,,,4,12.0,False,2025,Australia,R,106.416,40.046,20.638,45.732
OCO,Haas F1 Team,49.0,0 days 00:01:41.743000,0 days 00:00:38.787000,0 days 00:00:20.242000,0 days 00:00:42.714000,INTERMEDIATE,3.0,6.0,,,4,12.0,False,2025,Australia,R,101.743,38.787,20.242,42.714
OCO,Haas F1 Team,50.0,0 days 00:02:02.853000,0 days 00:00:35.793000,0 days 00:00:26.509000,0 days 00:01:00.551000,INTERMEDIATE,4.0,6.0,,,4,12.0,False,2025,Australia,R,122.853,35.793,26.509,60.551
OCO,Haas F1 Team,51.0,0 days 00:02:07.663000,0 days 00:00:45.866000,0 days 00:00:26.039000,0 days 00:00:55.758000,INTERMEDIATE,5.0,6.0,,,41,13.0,False,2025,Australia,R,127.663,45.866,26.039,55.758
OCO,Haas F1 Team,52.0,0 days 00:01:38.747000,0 days 00:00:35.981000,0 days 00:00:19.771000,0 days 00:00:42.995000,INTERMEDIATE,6.0,6.0,,,1,13.0,False,2025,Australia,R,98.747,35.981,19.771,42.995
OCO,Haas F1 Team,53.0,0 days 00:01:34.582000,0 days 00:00:34.133000,0 days 00:00:19.343000,0 days 00:00:41.106000,INTERMEDIATE,7.0,6.0,,,1,13.0,False,2025,Australia,R,94.582,34.133,19.343,41.106
OCO,Haas F1 Team,54.0,0 days 00:01:33.152000,0 days 00:00:32.927000,0 days 00:00:19.345000,0 days 00:00:40.880000,INTERMEDIATE,8.0,6.0,,,1,13.0,False,2025,Australia,R,93.152,32.927,19.345,40.88
OCO,Haas F1 Team,55.0,0 days 00:01:32.260000,0 days 00:00:32.690000,0 days 00:00:19.264000,0 days 00:00:40.306000,INTERMEDIATE,9.0,6.0,,,1,13.0,False,2025,Australia,R,92.26,32.69,19.264,40.306
OCO,Haas F1 Team,56.0,0 days 00:01:31.913000,0 days 00:00:32.451000,0 days 00:00:19.168000,0 days 00:00:40.294000,INTERMEDIATE,10.0,6.0,,,1,13.0,False,2025,Australia,R,91.913,32.451,19.168,40.294
OCO,Haas F1 Team,57.0,0 days 00:01:30.924000,0 days 00:00:32.076000,0 days 00:00:19.022000,0 days 00:00:39.826000,INTERMEDIATE,11.0,6.0,,,1,13.0,False,2025,Australia,R,90.924,32.076,19.022,39.826
NOR,McLaren,1.0,0 days 00:01:57.099000,,0 days 00:00:20.913000,0 days 00:00:54.007000,INTERMEDIATE,1.0,1.0,,,124,1.0,False,2025,Australia,R,117.099,,20.913,54.007
NOR,McLaren,2.0,,0 days 00:00:58.907000,0 days 00:00:38.076000,0 days 00:01:12.905000,INTERMEDIATE,2.0,1.0,0 days 01:15:36.644000,,4,1.0,False,2025,Australia,R,,58.907,38.076,72.905
NOR,McLaren,3.0,,0 days 00:00:56.498000,0 days 00:00:34.215000,0 days 00:01:11.010000,INTERMEDIATE,3.0,2.0,0 days 01:18:18.691000,0 days 01:15:50.143000,4,1.0,False,2025,Australia,R,,56.498,34.215,71.01
NOR,McLaren,4.0,,0 days 00:00:55.356000,0 days 00:00:32.664000,0 days 00:01:08.033000,INTERMEDIATE,4.0,3.0,0 days 01:20:54.690000,0 days 01:18:31.544000,4,1.0,False,2025,Australia,R,,55.356,32.664,68.033
NOR,McLaren,5.0,0 days 00:02:23.648000,0 days 00:00:53.992000,0 days 00:00:31.669000,0 days 00:00:57.987000,INTERMEDIATE,5.0,4.0,,0 days 01:21:07.473000,4,1.0,False,2025,Australia,R,143.648,53.992,31.669,57.987
NOR,McLaren,6.0,0 days 00:02:20.423000,0 days 00:00:48.236000,0 days 00:00:33.814000,0 days 00:00:58.373000,INTERMEDIATE,6.0,4.0,,,4,1.0,False,2025,Australia,R,140.423,48.236,33.814,58.373
NOR,McLaren,7.0,0 days 00:02:17.108000,0 days 00:00:46.009000,0 days 00:00:30.022000,0 days 00:01:01.077000,INTERMEDIATE,7.0,4.0,,,41,1.0,False,2025,Australia,R,137.108,46.009,30.022,61.077
NOR,McLaren,8.0,0 days 00:01:36.278000,0 days 00:00:34.845000,0 days 00:00:20.542000,0 days 00:00:40.891000,INTERMEDIATE,8.0,4.0,,,1,1.0,False,2025,Australia,R,96.278,34.845,20.542,40.891
NOR,McLaren,9.0,0 days 00:01:34.638000,0 days 00:00:34.182000,0 days 00:00:19.932000,0 days 00:00:40.524000,INTERMEDIATE,9.0,4.0,,,1,1.0,False,2025,Australia,R,94.638,34.182,19.932,40.524
NOR,McLaren,10.0,0 days 00:01:32.130000,0 days 00:00:32.775000,0 days 00:00:19.521000,0 days 00:00:39.834000,INTERMEDIATE,10.0,4.0,,,1,1.0,False,2025,Australia,R,92.13,32.775,19.521,39.834
NOR,McLaren,11.0,0 days 00:01:32.189000,0 days 00:00:32.971000,0 days 00:00:19.542000,0 days 00:00:39.676000,INTERMEDIATE,11.0,4.0,,,1,1.0,False,2025,Australia,R,92.189,32.971,19.542,39.676
NOR,McLaren,12.0,0 days 00:01:31.778000,0 days 00:00:33.041000,0 days 00:00:19.428000,0 days 00:00:39.309000,INTERMEDIATE,12.0,4.0,,,1,1.0,False,2025,Australia,R,91.778,33.041,19.428,39.309
NOR,McLaren,13.0,0 days 00:01:31.318000,0 days 00:00:32.701000,0 days 00:00:19.369000,0 days 00:00:39.248000,INTERMEDIATE,13.0,4.0,,,1,1.0,False,2025,Australia,R,91.318,32.701,19.369,39.248
NOR,McLaren,14.0,0 days 00:01:30.795000,0 days 00:00:32.293000,0 days 00:00:19.273000,0 days 00:00:39.229000,INTERMEDIATE,14.0,4.0,,,1,1.0,False,2025,Australia,R,90.795,32.293,19.273,39.229
NOR,McLaren,15.0,0 days 00:01:30.226000,0 days 00:00:32.127000,0 days 00:00:19.243000,0 days 00:00:38.856000,INTERMEDIATE,15.0,4.0,,,1,1.0,False,2025,Australia,R,90.226,32.127,19.243,38.856
NOR,McLaren,16.0,0 days 00:01:29.952000,0 days 00:00:31.957000,0 days 00:00:19.167000,0 days 00:00:38.828000,INTERMEDIATE,16.0,4.0,,,1,1.0,False,2025,Australia,R,89.952,31.957,19.167,38.828
NOR,McLaren,17.0,0 days 00:01:30.264000,0 days 00:00:31.990000,0 days 00:00:19.045000,0 days 00:00:39.229000,INTERMEDIATE,17.0,4.0,,,1,1.0,False,2025,Australia,R,90.264,31.99,19.045,39.229
NOR,McLaren,18.0,0 days 00:01:30.146000,0 days 00:00:31.867000,0 days 00:00:18.988000,0 days 00:00:39.291000,INTERMEDIATE,18.0,4.0,,,1,1.0,False,2025,Australia,R,90.146,31.867,18.988,39.291
NOR,McLaren,19.0,0 days 00:01:30.551000,0 days 00:00:31.922000,0 days 00:00:19.008000,0 days 00:00:39.621000,INTERMEDIATE,19.0,4.0,,,1,1.0,False,2025,Australia,R,90.551,31.922,19.008,39.621
NOR,McLaren,20.0,0 days 00:01:30.710000,0 days 00:00:32.482000,0 days 00:00:19.053000,0 days 00:00:39.175000,INTERMEDIATE,20.0,4.0,,,1,1.0,False,2025,Australia,R,90.71,32.482,19.053,39.175
NOR,McLaren,21.0,0 days 00:01:30.234000,0 days 00:00:31.839000,0 days 00:00:18.967000,0 days 00:00:39.428000,INTERMEDIATE,21.0,4.0,,,1,1.0,False,2025,Australia,R,90.234,31.839,18.967,39.428
NOR,McLaren,22.0,0 days 00:01:30.300000,0 days 00:00:31.922000,0 days 00:00:18.944000,0 days 00:00:39.434000,INTERMEDIATE,22.0,4.0,,,1,1.0,False,2025,Australia,R,90.3,31.922,18.944,39.434
NOR,McLaren,23.0,0 days 00:01:29.922000,0 days 00:00:31.865000,0 days 00:00:18.917000,0 days 00:00:39.140000,INTERMEDIATE,23.0,4.0,,,1,1.0,False,2025,Australia,R,89.922,31.865,18.917,39.14
NOR,McLaren,24.0,0 days 00:01:29.687000,0 days 00:00:31.717000,0 days 00:00:18.812000,0 days 00:00:39.158000,INTERMEDIATE,24.0,4.0,,,1,1.0,False,2025,Australia,R,89.687,31.717,18.812,39.158
NOR,McLaren,25.0,0 days 00:01:29.601000,0 days 00:00:31.927000,0 days 00:00:18.809000,0 days 00:00:38.865000,INTERMEDIATE,25.0,4.0,,,1,1.0,False,2025,Australia,R,89.601,31.927,18.809,38.865
NOR,McLaren,26.0,0 days 00:01:29.160000,0 days 00:00:31.638000,0 days 00:00:18.793000,0 days 00:00:38.729000,INTERMEDIATE,26.0,4.0,,,1,1.0,False,2025,Australia,R,89.16,31.638,18.793,38.729
NOR,McLaren,27.0,0 days 00:01:29.250000,0 days 00:00:31.708000,0 days 00:00:18.743000,0 days 00:00:38.799000,INTERMEDIATE,27.0,4.0,,,1,1.0,False,2025,Australia,R,89.25,31.708,18.743,38.799
NOR,McLaren,28.0,0 days 00:01:29.097000,0 days 00:00:31.595000,0 days 00:00:18.795000,0 days 00:00:38.707000,INTERMEDIATE,28.0,4.0,,,1,1.0,False,2025,Australia,R,89.097,31.595,18.795,38.707
NOR,McLaren,29.0,0 days 00:01:28.357000,0 days 00:00:31.183000,0 days 00:00:18.556000,0 days 00:00:38.618000,INTERMEDIATE,29.0,4.0,,,1,1.0,False,2025,Australia,R,88.357,31.183,18.556,38.618
NOR,McLaren,30.0,0 days 00:01:28.032000,0 days 00:00:31.395000,0 days 00:00:18.641000,0 days 00:00:37.996000,INTERMEDIATE,30.0,4.0,,,1,1.0,False,2025,Australia,R,88.032,31.395,18.641,37.996
NOR,McLaren,31.0,0 days 00:01:27.695000,0 days 00:00:31.136000,0 days 00:00:18.747000,0 days 00:00:37.812000,INTERMEDIATE,31.0,4.0,,,1,1.0,False,2025,Australia,R,87.695,31.136,18.747,37.812
NOR,McLaren,32.0,0 days 00:01:27.800000,0 days 00:00:31.021000,0 days 00:00:18.717000,0 days 00:00:38.062000,INTERMEDIATE,32.0,4.0,,,1,1.0,False,2025,Australia,R,87.8,31.021,18.717,38.062
NOR,McLaren,33.0,0 days 00:01:27.495000,0 days 00:00:31.193000,0 days 00:00:18.769000,0 days 00:00:37.533000,INTERMEDIATE,33.0,4.0,,,1,1.0,False,2025,Australia,R,87.495,31.193,18.769,37.533
NOR,McLaren,34.0,0 days 00:02:02.273000,0 days 00:00:30.897000,0 days 00:00:28.566000,0 days 00:01:02.810000,INTERMEDIATE,34.0,4.0,0 days 02:09:00.096000,,124,1.0,False,2025,Australia,R,122.273,30.897,28.566,62.81
NOR,McLaren,35.0,0 days 00:02:03.448000,0 days 00:00:46.512000,0 days 00:00:32.868000,0 days 00:00:44.068000,HARD,2.0,5.0,,0 days 02:09:18.613000,4,1.0,False,2025,Australia,R,123.448,46.512,32.868,44.068
NOR,McLaren,36.0,0 days 00:02:16.883000,0 days 00:00:47.119000,0 days 00:00:35.095000,0 days 00:00:54.669000,HARD,3.0,5.0,,,4,1.0,False,2025,Australia,R,136.883,47.119,35.095,54.669
NOR,McLaren,37.0,,0 days 00:00:44.919000,0 days 00:00:41.079000,0 days 00:01:10.942000,HARD,4.0,5.0,,,4,1.0,False,2025,Australia,R,,44.919,41.079,70.942
NOR,McLaren,38.0,0 days 00:02:21.020000,0 days 00:00:45.763000,0 days 00:00:41.277000,0 days 00:00:53.980000,HARD,5.0,5.0,,,4,1.0,False,2025,Australia,R,141.02,45.763,41.277,53.98
NOR,McLaren,39.0,0 days 00:02:13.694000,0 days 00:00:44.586000,0 days 00:00:34.303000,0 days 00:00:54.805000,HARD,6.0,5.0,,,4,1.0,False,2025,Australia,R,133.694,44.586,34.303,54.805
NOR,McLaren,40.0,0 days 00:02:15.337000,0 days 00:00:47.795000,0 days 00:00:33.656000,0 days 00:00:53.886000,HARD,7.0,5.0,,,4,1.0,False,2025,Australia,R,135.337,47.795,33.656,53.886
NOR,McLaren,41.0,0 days 00:02:13.937000,0 days 00:00:44.793000,0 days 00:00:29.454000,0 days 00:00:59.690000,HARD,8.0,5.0,,,41,1.0,False,2025,Australia,R,133.937,44.793,29.454,59.69
NOR,McLaren,42.0,0 days 00:01:23.797000,0 days 00:00:30.016000,0 days 00:00:18.891000,0 days 00:00:34.890000,HARD,9.0,5.0,,,1,1.0,False,2025,Australia,R,83.797,30.016,18.891,34.89
NOR,McLaren,43.0,0 days 00:01:22.167000,0 days 00:00:28.553000,0 days 00:00:18.537000,0 days 00:00:35.077000,HARD,10.0,5.0,,,1,1.0,False,2025,Australia,R,82.167,28.553,18.537,35.077
NOR,McLaren,44.0,0 days 00:01:45.587000,0 days 00:00:28.841000,0 days 00:00:18.581000,0 days 00:00:58.165000,HARD,11.0,5.0,0 days 02:29:33.442000,,12,6.0,True,2025,Australia,R,105.587,28.841,18.581,58.165
NOR,McLaren,45.0,0 days 00:01:36.407000,0 days 00:00:37.170000,0 days 00:00:18.913000,0 days 00:00:40.324000,INTERMEDIATE,1.0,6.0,,0 days 02:29:51.347000,21,6.0,False,2025,Australia,R,96.407,37.17,18.913,40.324
NOR,McLaren,46.0,0 days 00:01:31.567000,0 days 00:00:31.083000,0 days 00:00:19.028000,0 days 00:00:41.456000,INTERMEDIATE,2.0,6.0,,,1,3.0,False,2025,Australia,R,91.567,31.083,19.028,41.456
NOR,McLaren,47.0,0 days 00:01:53.728000,0 days 00:00:36.023000,0 days 00:00:26.573000,0 days 00:00:51.132000,INTERMEDIATE,3.0,6.0,,,124,1.0,False,2025,Australia,R,113.728,36.023,26.573,51.132
NOR,McLaren,48.0,0 days 00:02:16.995000,0 days 00:00:42.091000,0 days 00:00:29.643000,0 days 00:01:05.261000,INTERMEDIATE,4.0,6.0,,,4,1.0,False,2025,Australia,R,136.995,42.091,29.643,65.261
NOR,McLaren,49.0,0 days 00:02:24.979000,0 days 00:00:52.528000,0 days 00:00:32.458000,0 days 00:00:59.993000,INTERMEDIATE,5.0,6.0,,,4,1.0,False,2025,Australia,R,144.979,52.528,32.458,59.993
NOR,McLaren,50.0,0 days 00:02:22.395000,0 days 00:00:53.654000,0 days 00:00:31.089000,0 days 00:00:57.652000,INTERMEDIATE,6.0,6.0,,,4,1.0,False,2025,Australia,R,142.395,53.654,31.089,57.652
NOR,McLaren,51.0,0 days 00:02:14.178000,0 days 00:00:46.614000,0 days 00:00:29.935000,0 days 00:00:57.629000,INTERMEDIATE,7.0,6.0,,,41,1.0,False,2025,Australia,R,134.178,46.614,29.935,57.629
NOR,McLaren,52.0,0 days 00:01:33.198000,0 days 00:00:33.533000,0 days 00:00:19.490000,0 days 00:00:40.175000,INTERMEDIATE,8.0,6.0,,,1,1.0,False,2025,Australia,R,93.198,33.533,19.49,40.175
NOR,McLaren,53.0,0 days 00:01:30.482000,0 days 00:00:32.025000,0 days 00:00:19.219000,0 days 00:00:39.238000,INTERMEDIATE,9.0,6.0,,,1,1.0,False,2025,Australia,R,90.482,32.025,19.219,39.238
NOR,McLaren,54.0,0 days 00:01:29.428000,0 days 00:00:31.710000,0 days 00:00:18.906000,0 days 00:00:38.812000,INTERMEDIATE,10.0,6.0,,,1,1.0,False,2025,Australia,R,89.428,31.71,18.906,38.812
NOR,McLaren,55.0,0 days 00:01:29.195000,0 days 00:00:30.994000,0 days 00:00:19.466000,0 days 00:00:38.735000,INTERMEDIATE,11.0,6.0,,,1,1.0,False,2025,Australia,R,89.195,30.994,19.466,38.735
NOR,McLaren,56.0,0 days 00:01:27.996000,0 days 00:00:30.804000,0 days 00:00:18.717000,0 days 00:00:38.475000,INTERMEDIATE,12.0,6.0,,,1,1.0,False,2025,Australia,R,87.996,30.804,18.717,38.475
NOR,McLaren,57.0,0 days 00:01:27.126000,0 days 00:00:30.396000,0 days 00:00:18.664000,0 days 00:00:38.066000,INTERMEDIATE,13.0,6.0,,,1,1.0,False,2025,Australia,R,87.126,30.396,18.664,38.066
HAM,Ferrari,1.0,0 days 00:02:12.883000,,0 days 00:00:21.082000,0 days 00:01:05.193000,INTERMEDIATE,1.0,1.0,,,124,8.0,False,2025,Australia,R,132.883,,21.082,65.193
HAM,Ferrari,2.0,,0 days 00:00:55.534000,0 days 00:00:35.740000,0 days 00:01:18.634000,INTERMEDIATE,2.0,1.0,0 days 01:15:51.246000,,4,8.0,False,2025,Australia,R,,55.534,35.74,78.634
HAM,Ferrari,3.0,,0 days 00:00:50.598000,0 days 00:00:35.108000,0 days 00:01:18.107000,INTERMEDIATE,3.0,2.0,0 days 01:18:33.930000,0 days 01:16:05.978000,4,8.0,False,2025,Australia,R,,50.598,35.108,78.107
HAM,Ferrari,4.0,,0 days 00:00:49.775000,0 days 00:00:32.493000,0 days 00:01:11.832000,INTERMEDIATE,4.0,3.0,0 days 01:21:09.633000,0 days 01:18:50.272000,4,8.0,False,2025,Australia,R,,49.775,32.493,71.832
HAM,Ferrari,5.0,0 days 00:02:21.772000,0 days 00:00:51.182000,0 days 00:00:31.506000,0 days 00:00:59.084000,INTERMEDIATE,5.0,4.0,,0 days 01:21:24.483000,4,8.0,False,2025,Australia,R,141.772,51.182,31.506,59.084
HAM,Ferrari,6.0,0 days 00:02:20.418000,0 days 00:00:43.910000,0 days 00:00:34.755000,0 days 00:01:01.753000,INTERMEDIATE,6.0,4.0,,,4,8.0,False,2025,Australia,R,140.418,43.91,34.755,61.753
HAM,Ferrari,7.0,0 days 00:02:07.498000,0 days 00:00:42.591000,0 days 00:00:30.377000,0 days 00:00:54.530000,INTERMEDIATE,7.0,4.0,,,41,8.0,False,2025,Australia,R,127.498,42.591,30.377,54.53
HAM,Ferrari,8.0,0 days 00:01:38.311000,0 days 00:00:35.572000,0 days 00:00:20.255000,0 days 00:00:42.484000,INTERMEDIATE,8.0,4.0,,,1,8.0,False,2025,Australia,R,98.311,35.572,20.255,42.484
HAM,Ferrari,9.0,0 days 00:01:36.242000,0 days 00:00:34.554000,0 days 00:00:19.882000,0 days 00:00:41.806000,INTERMEDIATE,9.0,4.0,,,1,8.0,False,2025,Australia,R,96.242,34.554,19.882,41.806
HAM,Ferrari,10.0,0 days 00:01:35.107000,0 days 00:00:33.954000,0 days 00:00:19.890000,0 days 00:00:41.263000,INTERMEDIATE,10.0,4.0,,,1,8.0,False,2025,Australia,R,95.107,33.954,19.89,41.263
HAM,Ferrari,11.0,0 days 00:01:34.299000,0 days 00:00:33.496000,0 days 00:00:19.828000,0 days 00:00:40.975000,INTERMEDIATE,11.0,4.0,,,1,8.0,False,2025,Australia,R,94.299,33.496,19.828,40.975
HAM,Ferrari,12.0,0 days 00:01:33.255000,0 days 00:00:33.410000,0 days 00:00:19.708000,0 days 00:00:40.137000,INTERMEDIATE,12.0,4.0,,,1,8.0,False,2025,Australia,R,93.255,33.41,19.708,40.137
HAM,Ferrari,13.0,0 days 00:01:33.017000,0 days 00:00:33.163000,0 days 00:00:19.171000,0 days 00:00:40.683000,INTERMEDIATE,13.0,4.0,,,1,8.0,False,2025,Australia,R,93.017,33.163,19.171,40.683
HAM,Ferrari,14.0,0 days 00:01:32.992000,0 days 00:00:33.133000,0 days 00:00:19.416000,0 days 00:00:40.443000,INTERMEDIATE,14.0,4.0,,,1,8.0,False,2025,Australia,R,92.992,33.133,19.416,40.443
HAM,Ferrari,15.0,0 days 00:01:32.763000,0 days 00:00:32.838000,0 days 00:00:19.117000,0 days 00:00:40.808000,INTERMEDIATE,15.0,4.0,,,1,8.0,False,2025,Australia,R,92.763,32.838,19.117,40.808
HAM,Ferrari,16.0,0 days 00:01:32.749000,0 days 00:00:32.938000,0 days 00:00:19.400000,0 days 00:00:40.411000,INTERMEDIATE,16.0,4.0,,,1,8.0,False,2025,Australia,R,92.749,32.938,19.4,40.411
HAM,Ferrari,17.0,0 days 00:01:32.830000,0 days 00:00:32.880000,0 days 00:00:19.229000,0 days 00:00:40.721000,INTERMEDIATE,17.0,4.0,,,1,8.0,False,2025,Australia,R,92.83,32.88,19.229,40.721
HAM,Ferrari,18.0,0 days 00:01:32.877000,0 days 00:00:32.739000,0 days 00:00:18.926000,0 days 00:00:41.212000,INTERMEDIATE,18.0,4.0,,,1,8.0,False,2025,Australia,R,92.877,32.739,18.926,41.212
HAM,Ferrari,19.0,0 days 00:01:32.914000,0 days 00:00:33.121000,0 days 00:00:18.861000,0 days 00:00:40.932000,INTERMEDIATE,19.0,4.0,,,1,8.0,False,2025,Australia,R,92.914,33.121,18.861,40.932
HAM,Ferrari,20.0,0 days 00:01:32.341000,0 days 00:00:33.025000,0 days 00:00:18.909000,0 days 00:00:40.407000,INTERMEDIATE,20.0,4.0,,,1,8.0,False,2025,Australia,R,92.341,33.025,18.909,40.407
HAM,Ferrari,21.0,0 days 00:01:32.079000,0 days 00:00:32.861000,0 days 00:00:18.776000,0 days 00:00:40.442000,INTERMEDIATE,21.0,4.0,,,1,8.0,False,2025,Australia,R,92.079,32.861,18.776,40.442
HAM,Ferrari,22.0,0 days 00:01:32.041000,0 days 00:00:32.551000,0 days 00:00:18.800000,0 days 00:00:40.690000,INTERMEDIATE,22.0,4.0,,,1,8.0,False,2025,Australia,R,92.041,32.551,18.8,40.69
HAM,Ferrari,23.0,0 days 00:01:31.771000,0 days 00:00:32.677000,0 days 00:00:18.806000,0 days 00:00:40.288000,INTERMEDIATE,23.0,4.0,,,1,8.0,False,2025,Australia,R,91.771,32.677,18.806,40.288
HAM,Ferrari,24.0,0 days 00:01:31.852000,0 days 00:00:32.592000,0 days 00:00:18.648000,0 days 00:00:40.612000,INTERMEDIATE,24.0,4.0,,,1,8.0,False,2025,Australia,R,91.852,32.592,18.648,40.612
HAM,Ferrari,25.0,0 days 00:01:30.860000,0 days 00:00:32.254000,0 days 00:00:18.764000,0 days 00:00:39.842000,INTERMEDIATE,25.0,4.0,,,1,8.0,False,2025,Australia,R,90.86,32.254,18.764,39.842
HAM,Ferrari,26.0,0 days 00:01:31.302000,0 days 00:00:32.531000,0 days 00:00:18.781000,0 days 00:00:39.990000,INTERMEDIATE,26.0,4.0,,,1,8.0,False,2025,Australia,R,91.302,32.531,18.781,39.99
HAM,Ferrari,27.0,0 days 00:01:30.755000,0 days 00:00:32.184000,0 days 00:00:18.685000,0 days 00:00:39.886000,INTERMEDIATE,27.0,4.0,,,1,8.0,False,2025,Australia,R,90.755,32.184,18.685,39.886
HAM,Ferrari,28.0,0 days 00:01:30.143000,0 days 00:00:31.957000,0 days 00:00:18.498000,0 days 00:00:39.688000,INTERMEDIATE,28.0,4.0,,,1,8.0,False,2025,Australia,R,90.143,31.957,18.498,39.688
HAM,Ferrari,29.0,0 days 00:01:30.127000,0 days 00:00:31.912000,0 days 00:00:18.584000,0 days 00:00:39.631000,INTERMEDIATE,29.0,4.0,,,1,8.0,False,2025,Australia,R,90.127,31.912,18.584,39.631
HAM,Ferrari,30.0,0 days 00:01:29.737000,0 days 00:00:31.564000,0 days 00:00:18.460000,0 days 00:00:39.713000,INTERMEDIATE,30.0,4.0,,,1,8.0,False,2025,Australia,R,89.737,31.564,18.46,39.713
HAM,Ferrari,31.0,0 days 00:01:30.422000,0 days 00:00:32.276000,0 days 00:00:18.942000,0 days 00:00:39.204000,INTERMEDIATE,31.0,4.0,,,1,8.0,False,2025,Australia,R,90.422,32.276,18.942,39.204
HAM,Ferrari,32.0,0 days 00:01:30.234000,0 days 00:00:31.898000,0 days 00:00:19.330000,0 days 00:00:39.006000,INTERMEDIATE,32.0,4.0,,,1,8.0,False,2025,Australia,R,90.234,31.898,19.33,39.006
HAM,Ferrari,33.0,0 days 00:01:50.479000,0 days 00:00:31.722000,0 days 00:00:19.152000,0 days 00:00:59.605000,INTERMEDIATE,33.0,4.0,0 days 02:08:16.061000,,124,8.0,False,2025,Australia,R,110.479,31.722,19.152,59.605
HAM,Ferrari,34.0,0 days 00:02:26.885000,0 days 00:00:54.802000,0 days 00:00:42.626000,0 days 00:00:49.457000,HARD,2.0,5.0,,0 days 02:08:34.670000,4,8.0,False,2025,Australia,R,146.885,54.802,42.626,49.457
HAM,Ferrari,35.0,0 days 00:01:43.401000,0 days 00:00:34.992000,0 days 00:00:28.283000,0 days 00:00:40.126000,HARD,3.0,5.0,,,4,8.0,False,2025,Australia,R,103.401,34.992,28.283,40.126
HAM,Ferrari,36.0,0 days 00:01:42.431000,0 days 00:00:33.507000,0 days 00:00:30.249000,0 days 00:00:38.675000,HARD,4.0,5.0,,,4,8.0,False,2025,Australia,R,102.431,33.507,30.249,38.675
HAM,Ferrari,37.0,0 days 00:02:08.079000,0 days 00:00:32.779000,0 days 00:00:30.772000,0 days 00:01:04.528000,HARD,5.0,5.0,,,4,8.0,False,2025,Australia,R,128.079,32.779,30.772,64.528
HAM,Ferrari,38.0,0 days 00:02:18.415000,0 days 00:00:38.810000,0 days 00:00:40.044000,0 days 00:00:59.561000,HARD,6.0,5.0,,,4,8.0,False,2025,Australia,R,138.415,38.81,40.044,59.561
HAM,Ferrari,39.0,0 days 00:02:12.085000,0 days 00:00:39.677000,0 days 00:00:36.230000,0 days 00:00:56.178000,HARD,7.0,5.0,,,4,8.0,False,2025,Australia,R,132.085,39.677,36.23,56.178
HAM,Ferrari,40.0,0 days 00:02:11.407000,0 days 00:00:41.408000,0 days 00:00:35.213000,0 days 00:00:54.786000,HARD,8.0,5.0,,,4,8.0,False,2025,Australia,R,131.407,41.408,35.213,54.786
HAM,Ferrari,41.0,0 days 00:02:06.607000,0 days 00:00:43.723000,0 days 00:00:28.691000,0 days 00:00:54.193000,HARD,9.0,5.0,,,41,8.0,False,2025,Australia,R,126.607,43.723,28.691,54.193
HAM,Ferrari,42.0,0 days 00:01:27.508000,0 days 00:00:31.531000,0 days 00:00:19.059000,0 days 00:00:36.918000,HARD,10.0,5.0,,,1,8.0,False,2025,Australia,R,87.508,31.531,19.059,36.918
HAM,Ferrari,43.0,0 days 00:01:24.218000,0 days 00:00:29.552000,0 days 00:00:18.475000,0 days 00:00:36.191000,HARD,11.0,5.0,,,1,8.0,False,2025,Australia,R,84.218,29.552,18.475,36.191
HAM,Ferrari,44.0,0 days 00:01:29.454000,0 days 00:00:29.929000,0 days 00:00:18.440000,0 days 00:00:41.085000,HARD,12.0,5.0,,,12,3.0,False,2025,Australia,R,89.454,29.929,18.44,41.085
HAM,Ferrari,45.0,0 days 00:01:33.045000,0 days 00:00:29.877000,0 days 00:00:18.836000,0 days 00:00:44.332000,HARD,13.0,5.0,,,21,2.0,False,2025,Australia,R,93.045,29.877,18.836,44.332
HAM,Ferrari,46.0,0 days 00:01:36.714000,0 days 00:00:30.967000,0 days 00:00:19.082000,0 days 00:00:46.665000,HARD,14.0,5.0,,,1,1.0,False,2025,Australia,R,96.714,30.967,19.082,46.665
HAM,Ferrari,47.0,,0 days 00:00:43.851000,0 days 00:00:29.959000,0 days 00:01:16.885000,HARD,15.0,5.0,0 days 02:35:04.708000,,124,9.0,False,2025,Australia,R,,43.851,29.959,76.885
HAM,Ferrari,48.0,0 days 00:01:59.219000,0 days 00:00:44.112000,0 days 00:00:22.186000,0 days 00:00:52.921000,INTERMEDIATE,1.0,6.0,,0 days 02:35:25.627000,4,9.0,False,2025,Australia,R,119.219,44.112,22.186,52.921
HAM,Ferrari,49.0,0 days 00:02:24.575000,0 days 00:00:47.408000,0 days 00:00:32.622000,0 days 00:01:04.545000,INTERMEDIATE,2.0,6.0,,,4,9.0,False,2025,Australia,R,144.575,47.408,32.622,64.545
HAM,Ferrari,50.0,0 days 00:02:17.095000,0 days 00:00:49.800000,0 days 00:00:29.673000,0 days 00:00:57.622000,INTERMEDIATE,3.0,6.0,,,4,9.0,False,2025,Australia,R,137.095,49.8,29.673,57.622
HAM,Ferrari,51.0,0 days 00:02:11.311000,0 days 00:00:49.266000,0 days 00:00:25.650000,0 days 00:00:56.395000,INTERMEDIATE,4.0,6.0,,,41,9.0,False,2025,Australia,R,131.311,49.266,25.65,56.395
HAM,Ferrari,52.0,0 days 00:01:37.051000,0 days 00:00:36.302000,0 days 00:00:19.305000,0 days 00:00:41.444000,INTERMEDIATE,5.0,6.0,,,1,10.0,False,2025,Australia,R,97.051,36.302,19.305,41.444
HAM,Ferrari,53.0,0 days 00:01:33.039000,0 days 00:00:32.860000,0 days 00:00:18.860000,0 days 00:00:41.319000,INTERMEDIATE,6.0,6.0,,,1,10.0,False,2025,Australia,R,93.039,32.86,18.86,41.319
HAM,Ferrari,54.0,0 days 00:01:31.265000,0 days 00:00:32.770000,0 days 00:00:18.803000,0 days 00:00:39.692000,INTERMEDIATE,7.0,6.0,,,1,9.0,False,2025,Australia,R,91.265,32.77,18.803,39.692
HAM,Ferrari,55.0,0 days 00:01:29.874000,0 days 00:00:31.410000,0 days 00:00:18.451000,0 days 00:00:40.013000,INTERMEDIATE,8.0,6.0,,,1,9.0,False,2025,Australia,R,89.874,31.41,18.451,40.013
HAM,Ferrari,56.0,0 days 00:01:30.095000,0 days 00:00:31.448000,0 days 00:00:18.823000,0 days 00:00:39.824000,INTERMEDIATE,9.0,6.0,,,1,9.0,False,2025,Australia,R,90.095,31.448,18.823,39.824
HAM,Ferrari,57.0,0 days 00:01:32.418000,0 days 00:00:31.658000,0 days 00:00:18.758000,0 days 00:00:42.002000,INTERMEDIATE,10.0,6.0,,,1,10.0,False,2025,Australia,R,92.418,31.658,18.758,42.002
BOR,Kick Sauber,1.0,0 days 00:02:24.063000,,0 days 00:00:23.185000,0 days 00:01:10.345000,INTERMEDIATE,1.0,1.0,,,124,14.0,False,2025,Australia,R,144.063,,23.185,70.345
BOR,Kick Sauber,2.0,,0 days 00:00:55.049000,0 days 00:00:32.292000,0 days 00:01:22.231000,INTERMEDIATE,2.0,1.0,0 days 01:16:03.063000,,4,14.0,False,2025,Australia,R,,55.049,32.292,82.231
BOR,Kick Sauber,3.0,,0 days 00:00:51.090000,0 days 00:00:32.707000,0 days 00:01:21.420000,INTERMEDIATE,3.0,2.0,0 days 01:18:45.520000,0 days 01:16:17.705000,4,14.0,False,2025,Australia,R,,51.09,32.707,81.42
BOR,Kick Sauber,4.0,,0 days 00:00:49.090000,0 days 00:00:32.645000,0 days 00:01:13.087000,INTERMEDIATE,4.0,3.0,0 days 01:21:23.257000,0 days 01:19:01.883000,4,14.0,False,2025,Australia,R,,49.09,32.645,73.087
BOR,Kick Sauber,5.0,0 days 00:02:18.316000,0 days 00:00:49.203000,0 days 00:00:29.928000,0 days 00:00:59.185000,INTERMEDIATE,5.0,4.0,,0 days 01:21:37.664000,4,14.0,False,2025,Australia,R,138.316,49.203,29.928,59.185
BOR,Kick Sauber,6.0,0 days 00:02:20.976000,0 days 00:00:41.946000,0 days 00:00:35.519000,0 days 00:01:03.511000,INTERMEDIATE,6.0,4.0,,,4,14.0,False,2025,Australia,R,140.976,41.946,35.519,63.511
BOR,Kick Sauber,7.0,0 days 00:02:03.467000,0 days 00:00:41.213000,0 days 00:00:30.785000,0 days 00:00:51.469000,INTERMEDIATE,7.0,4.0,,,41,14.0,False,2025,Australia,R,123.467,41.213,30.785,51.469
BOR,Kick Sauber,8.0,0 days 00:01:40.265000,0 days 00:00:36.126000,0 days 00:00:20.871000,0 days 00:00:43.268000,INTERMEDIATE,8.0,4.0,,,1,14.0,False,2025,Australia,R,100.265,36.126,20.871,43.268
BOR,Kick Sauber,9.0,0 days 00:01:36.663000,0 days 00:00:34.582000,0 days 00:00:20.079000,0 days 00:00:42.002000,INTERMEDIATE,9.0,4.0,,,1,14.0,False,2025,Australia,R,96.663,34.582,20.079,42.002
BOR,Kick Sauber,10.0,0 days 00:01:35.625000,0 days 00:00:33.964000,0 days 00:00:20.030000,0 days 00:00:41.631000,INTERMEDIATE,10.0,4.0,,,1,14.0,False,2025,Australia,R,95.625,33.964,20.03,41.631
BOR,Kick Sauber,11.0,0 days 00:01:34.655000,0 days 00:00:33.762000,0 days 00:00:19.755000,0 days 00:00:41.138000,INTERMEDIATE,11.0,4.0,,,1,14.0,False,2025,Australia,R,94.655,33.762,19.755,41.138
BOR,Kick Sauber,12.0,0 days 00:01:34.382000,0 days 00:00:33.593000,0 days 00:00:19.666000,0 days 00:00:41.123000,INTERMEDIATE,12.0,4.0,,,1,14.0,False,2025,Australia,R,94.382,33.593,19.666,41.123
BOR,Kick Sauber,13.0,0 days 00:01:34.383000,0 days 00:00:33.907000,0 days 00:00:19.633000,0 days 00:00:40.843000,INTERMEDIATE,13.0,4.0,,,1,14.0,False,2025,Australia,R,94.383,33.907,19.633,40.843
BOR,Kick Sauber,14.0,0 days 00:01:34.102000,0 days 00:00:33.309000,0 days 00:00:19.414000,0 days 00:00:41.379000,INTERMEDIATE,14.0,4.0,,,1,14.0,False,2025,Australia,R,94.102,33.309,19.414,41.379
BOR,Kick Sauber,15.0,0 days 00:01:33.692000,0 days 00:00:33.416000,0 days 00:00:19.392000,0 days 00:00:40.884000,INTERMEDIATE,15.0,4.0,,,1,14.0,False,2025,Australia,R,93.692,33.416,19.392,40.884
BOR,Kick Sauber,16.0,0 days 00:01:34.111000,0 days 00:00:33.534000,0 days 00:00:19.498000,0 days 00:00:41.079000,INTERMEDIATE,16.0,4.0,,,1,14.0,False,2025,Australia,R,94.111,33.534,19.498,41.079
BOR,Kick Sauber,17.0,0 days 00:01:34.756000,0 days 00:00:33.665000,0 days 00:00:19.336000,0 days 00:00:41.755000,INTERMEDIATE,17.0,4.0,,,1,14.0,False,2025,Australia,R,94.756,33.665,19.336,41.755
BOR,Kick Sauber,18.0,0 days 00:01:33.892000,0 days 00:00:33.401000,0 days 00:00:19.278000,0 days 00:00:41.213000,INTERMEDIATE,18.0,4.0,,,1,14.0,False,2025,Australia,R,93.892,33.401,19.278,41.213
BOR,Kick Sauber,19.0,0 days 00:01:33.906000,0 days 00:00:33.356000,0 days 00:00:19.242000,0 days 00:00:41.308000,INTERMEDIATE,19.0,4.0,,,1,14.0,False,2025,Australia,R,93.906,33.356,19.242,41.308
BOR,Kick Sauber,20.0,0 days 00:01:33.328000,0 days 00:00:33.261000,0 days 00:00:19.150000,0 days 00:00:40.917000,INTERMEDIATE,20.0,4.0,,,1,14.0,False,2025,Australia,R,93.328,33.261,19.15,40.917
BOR,Kick Sauber,21.0,0 days 00:01:33.350000,0 days 00:00:33.170000,0 days 00:00:19.132000,0 days 00:00:41.048000,INTERMEDIATE,21.0,4.0,,,1,14.0,False,2025,Australia,R,93.35,33.17,19.132,41.048
BOR,Kick Sauber,22.0,0 days 00:01:32.734000,0 days 00:00:32.833000,0 days 00:00:19.204000,0 days 00:00:40.697000,INTERMEDIATE,22.0,4.0,,,1,14.0,False,2025,Australia,R,92.734,32.833,19.204,40.697
BOR,Kick Sauber,23.0,0 days 00:01:32.966000,0 days 00:00:32.882000,0 days 00:00:19.178000,0 days 00:00:40.906000,INTERMEDIATE,23.0,4.0,,,1,14.0,False,2025,Australia,R,92.966,32.882,19.178,40.906
BOR,Kick Sauber,24.0,0 days 00:01:32.369000,0 days 00:00:32.738000,0 days 00:00:19.157000,0 days 00:00:40.474000,INTERMEDIATE,24.0,4.0,,,1,14.0,False,2025,Australia,R,92.369,32.738,19.157,40.474
BOR,Kick Sauber,25.0,0 days 00:01:32.235000,0 days 00:00:32.743000,0 days 00:00:19.145000,0 days 00:00:40.347000,INTERMEDIATE,25.0,4.0,,,1,14.0,False,2025,Australia,R,92.235,32.743,19.145,40.347
BOR,Kick Sauber,26.0,0 days 00:01:31.425000,0 days 00:00:32.394000,0 days 00:00:19.048000,0 days 00:00:39.983000,INTERMEDIATE,26.0,4.0,,,1,14.0,False,2025,Australia,R,91.425,32.394,19.048,39.983
BOR,Kick Sauber,27.0,0 days 00:01:31.406000,0 days 00:00:32.440000,0 days 00:00:19.001000,0 days 00:00:39.965000,INTERMEDIATE,27.0,4.0,,,1,14.0,False,2025,Australia,R,91.406,32.44,19.001,39.965
BOR,Kick Sauber,28.0,0 days 00:01:30.755000,0 days 00:00:32.268000,0 days 00:00:18.908000,0 days 00:00:39.579000,INTERMEDIATE,28.0,4.0,,,1,14.0,False,2025,Australia,R,90.755,32.268,18.908,39.579
BOR,Kick Sauber,29.0,0 days 00:01:31.329000,0 days 00:00:32.451000,0 days 00:00:19.079000,0 days 00:00:39.799000,INTERMEDIATE,29.0,4.0,,,1,14.0,False,2025,Australia,R,91.329,32.451,19.079,39.799
BOR,Kick Sauber,30.0,0 days 00:01:31.146000,0 days 00:00:32.456000,0 days 00:00:19.054000,0 days 00:00:39.636000,INTERMEDIATE,30.0,4.0,,,1,14.0,False,2025,Australia,R,91.146,32.456,19.054,39.636
BOR,Kick Sauber,31.0,0 days 00:01:30.446000,0 days 00:00:32.239000,0 days 00:00:18.913000,0 days 00:00:39.294000,INTERMEDIATE,31.0,4.0,,,1,14.0,False,2025,Australia,R,90.446,32.239,18.913,39.294
BOR,Kick Sauber,32.0,0 days 00:01:29.830000,0 days 00:00:31.969000,0 days 00:00:18.924000,0 days 00:00:38.937000,INTERMEDIATE,32.0,4.0,,,1,14.0,False,2025,Australia,R,89.83,31.969,18.924,38.937
BOR,Kick Sauber,33.0,0 days 00:02:10.326000,0 days 00:00:32.229000,0 days 00:00:26.932000,0 days 00:01:11.165000,INTERMEDIATE,33.0,4.0,0 days 02:08:59.204000,,124,13.0,False,2025,Australia,R,130.326,32.229,26.932,71.165
BOR,Kick Sauber,34.0,0 days 00:02:04.556000,0 days 00:00:46.489000,0 days 00:00:29.834000,0 days 00:00:48.233000,MEDIUM,1.0,5.0,,0 days 02:09:23.220000,4,13.0,False,2025,Australia,R,124.556,46.489,29.834,48.233
BOR,Kick Sauber,35.0,0 days 00:02:12.146000,0 days 00:00:42.282000,0 days 00:00:34.853000,0 days 00:00:55.011000,MEDIUM,2.0,5.0,,,4,13.0,False,2025,Australia,R,132.146,42.282,34.853,55.011
BOR,Kick Sauber,36.0,,0 days 00:00:44.902000,0 days 00:00:41.233000,0 days 00:01:11.005000,MEDIUM,3.0,5.0,,,4,13.0,False,2025,Australia,R,,44.902,41.233,71.005
BOR,Kick Sauber,37.0,0 days 00:02:20.921000,0 days 00:00:45.391000,0 days 00:00:40.838000,0 days 00:00:54.692000,MEDIUM,4.0,5.0,,,4,13.0,False,2025,Australia,R,140.921,45.391,40.838,54.692
BOR,Kick Sauber,38.0,0 days 00:02:13.374000,0 days 00:00:44.094000,0 days 00:00:34.435000,0 days 00:00:54.845000,MEDIUM,5.0,5.0,,,4,13.0,False,2025,Australia,R,133.374,44.094,34.435,54.845
BOR,Kick Sauber,39.0,0 days 00:01:48.623000,0 days 00:00:41.886000,0 days 00:00:22.879000,0 days 00:00:43.858000,MEDIUM,6.0,5.0,,,4,13.0,False,2025,Australia,R,108.623,41.886,22.879,43.858
BOR,Kick Sauber,40.0,0 days 00:01:32.438000,0 days 00:00:33.855000,0 days 00:00:19.731000,0 days 00:00:38.852000,MEDIUM,7.0,5.0,,,4,13.0,False,2025,Australia,R,92.438,33.855,19.731,38.852
BOR,Kick Sauber,41.0,0 days 00:01:28.125000,0 days 00:00:31.898000,0 days 00:00:19.169000,0 days 00:00:37.058000,MEDIUM,8.0,5.0,,,41,13.0,False,2025,Australia,R,88.125,31.898,19.169,37.058
BOR,Kick Sauber,42.0,0 days 00:01:24.770000,0 days 00:00:30.071000,0 days 00:00:18.781000,0 days 00:00:35.918000,MEDIUM,9.0,5.0,,,1,13.0,False,2025,Australia,R,84.77,30.071,18.781,35.918
BOR,Kick Sauber,43.0,0 days 00:01:24.192000,0 days 00:00:29.066000,0 days 00:00:18.822000,0 days 00:00:36.304000,MEDIUM,10.0,5.0,,,1,13.0,False,2025,Australia,R,84.192,29.066,18.822,36.304
BOR,Kick Sauber,44.0,0 days 00:01:52.582000,0 days 00:00:30.251000,0 days 00:00:18.627000,0 days 00:01:03.704000,MEDIUM,11.0,5.0,0 days 02:29:55.899000,,12,13.0,False,2025,Australia,R,112.582,30.251,18.627,63.704
BOR,Kick Sauber,45.0,0 days 00:01:36.255000,0 days 00:00:37.176000,0 days 00:00:19.099000,0 days 00:00:39.980000,INTERMEDIATE,1.0,6.0,,0 days 02:30:21.968000,21,13.0,False,2025,Australia,R,96.255,37.176,19.099,39.98
BOR,Kick Sauber,46.0,,,,,INTERMEDIATE,2.0,6.0,,,124,,False,2025,Australia,R,,,,
SAI,Williams,1.0,,,,,INTERMEDIATE,1.0,1.0,,,124,,False,2025,Australia,R,,,,
HAD,Racing Bulls,1.0,,,,,INTERMEDIATE,1.0,1.0,,,124,,False,2025,Australia,R,,,,
RUS,Mercedes,1.0,0 days 00:02:04.644000,,0 days 00:00:21.030000,0 days 00:00:58.930000,INTERMEDIATE,1.0,1.0,,,124,4.0,False,2025,Australia,R,124.644,,21.03,58.93
RUS,Mercedes,2.0,,0 days 00:00:57.443000,0 days 00:00:36.070000,0 days 00:01:14.613000,INTERMEDIATE,2.0,1.0,0 days 01:15:41.818000,,4,4.0,False,2025,Australia,R,,57.443,36.07,74.613
RUS,Mercedes,3.0,,0 days 00:00:55.842000,0 days 00:00:33.693000,0 days 00:01:12.902000,INTERMEDIATE,3.0,2.0,0 days 01:18:23.749000,0 days 01:15:55.644000,4,4.0,False,2025,Australia,R,,55.842,33.693,72.902
RUS,Mercedes,4.0,,0 days 00:00:53.578000,0 days 00:00:32.777000,0 days 00:01:10.152000,INTERMEDIATE,4.0,3.0,0 days 01:21:00.668000,0 days 01:18:37.950000,4,4.0,False,2025,Australia,R,,53.578,32.777,70.152
RUS,Mercedes,5.0,0 days 00:02:21.712000,0 days 00:00:51.373000,0 days 00:00:31.913000,0 days 00:00:58.426000,INTERMEDIATE,5.0,4.0,,0 days 01:21:14.431000,4,4.0,False,2025,Australia,R,141.712,51.373,31.913,58.426
RUS,Mercedes,6.0,0 days 00:02:19.485000,0 days 00:00:47.746000,0 days 00:00:33.735000,0 days 00:00:58.004000,INTERMEDIATE,6.0,4.0,,,4,4.0,False,2025,Australia,R,139.485,47.746,33.735,58.004
RUS,Mercedes,7.0,0 days 00:02:14.684000,0 days 00:00:45.565000,0 days 00:00:31.759000,0 days 00:00:57.360000,INTERMEDIATE,7.0,4.0,,,41,4.0,False,2025,Australia,R,134.684,45.565,31.759,57.36
RUS,Mercedes,8.0,0 days 00:01:37.824000,0 days 00:00:35.549000,0 days 00:00:20.248000,0 days 00:00:42.027000,INTERMEDIATE,8.0,4.0,,,1,4.0,False,2025,Australia,R,97.824,35.549,20.248,42.027
RUS,Mercedes,9.0,0 days 00:01:34.873000,0 days 00:00:34.074000,0 days 00:00:19.847000,0 days 00:00:40.952000,INTERMEDIATE,9.0,4.0,,,1,4.0,False,2025,Australia,R,94.873,34.074,19.847,40.952
RUS,Mercedes,10.0,0 days 00:01:33.587000,0 days 00:00:33.442000,0 days 00:00:19.662000,0 days 00:00:40.483000,INTERMEDIATE,10.0,4.0,,,1,4.0,False,2025,Australia,R,93.587,33.442,19.662,40.483
RUS,Mercedes,11.0,0 days 00:01:33.347000,0 days 00:00:33.297000,0 days 00:00:19.554000,0 days 00:00:40.496000,INTERMEDIATE,11.0,4.0,,,1,4.0,False,2025,Australia,R,93.347,33.297,19.554,40.496
RUS,Mercedes,12.0,0 days 00:01:32.803000,0 days 00:00:33.269000,0 days 00:00:19.534000,0 days 00:00:40,INTERMEDIATE,12.0,4.0,,,1,4.0,False,2025,Australia,R,92.803,33.269,19.534,40.0
RUS,Mercedes,13.0,0 days 00:01:32.364000,0 days 00:00:33.147000,0 days 00:00:19.431000,0 days 00:00:39.786000,INTERMEDIATE,13.0,4.0,,,1,4.0,False,2025,Australia,R,92.364,33.147,19.431,39.786
RUS,Mercedes,14.0,0 days 00:01:31.856000,0 days 00:00:32.788000,0 days 00:00:19.377000,0 days 00:00:39.691000,INTERMEDIATE,14.0,4.0,,,1,4.0,False,2025,Australia,R,91.856,32.788,19.377,39.691
RUS,Mercedes,15.0,0 days 00:01:31.885000,0 days 00:00:32.609000,0 days 00:00:19.336000,0 days 00:00:39.940000,INTERMEDIATE,15.0,4.0,,,1,4.0,False,2025,Australia,R,91.885,32.609,19.336,39.94
RUS,Mercedes,16.0,0 days 00:01:31.739000,0 days 00:00:32.718000,0 days 00:00:19.364000,0 days 00:00:39.657000,INTERMEDIATE,16.0,4.0,,,1,4.0,False,2025,Australia,R,91.739,32.718,19.364,39.657
RUS,Mercedes,17.0,0 days 00:01:31.597000,0 days 00:00:32.426000,0 days 00:00:19.226000,0 days 00:00:39.945000,INTERMEDIATE,17.0,4.0,,,1,4.0,False,2025,Australia,R,91.597,32.426,19.226,39.945
RUS,Mercedes,18.0,0 days 00:01:31.740000,0 days 00:00:32.524000,0 days 00:00:19.143000,0 days 00:00:40.073000,INTERMEDIATE,18.0,4.0,,,1,4.0,False,2025,Australia,R,91.74,32.524,19.143,40.073
RUS,Mercedes,19.0,0 days 00:01:32.189000,0 days 00:00:32.910000,0 days 00:00:19.139000,0 days 00:00:40.140000,INTERMEDIATE,19.0,4.0,,,1,4.0,False,2025,Australia,R,92.189,32.91,19.139,40.14
RUS,Mercedes,20.0,0 days 00:01:31.315000,0 days 00:00:32.420000,0 days 00:00:19.147000,0 days 00:00:39.748000,INTERMEDIATE,20.0,4.0,,,1,4.0,False,2025,Australia,R,91.315,32.42,19.147,39.748
RUS,Mercedes,21.0,0 days 00:01:31.127000,0 days 00:00:32.447000,0 days 00:00:19.026000,0 days 00:00:39.654000,INTERMEDIATE,21.0,4.0,,,1,4.0,False,2025,Australia,R,91.127,32.447,19.026,39.654
RUS,Mercedes,22.0,0 days 00:01:31.029000,0 days 00:00:32.528000,0 days 00:00:19.123000,0 days 00:00:39.378000,INTERMEDIATE,22.0,4.0,,,1,4.0,False,2025,Australia,R,91.029,32.528,19.123,39.378
RUS,Mercedes,23.0,0 days 00:01:30.975000,0 days 00:00:32.370000,0 days 00:00:19.106000,0 days 00:00:39.499000,INTERMEDIATE,23.0,4.0,,,1,4.0,False,2025,Australia,R,90.975,32.37,19.106,39.499
RUS,Mercedes,24.0,0 days 00:01:30.673000,0 days 00:00:32.023000,0 days 00:00:19.104000,0 days 00:00:39.546000,INTERMEDIATE,24.0,4.0,,,1,4.0,False,2025,Australia,R,90.673,32.023,19.104,39.546
RUS,Mercedes,25.0,0 days 00:01:30.488000,0 days 00:00:32.021000,0 days 00:00:19.014000,0 days 00:00:39.453000,INTERMEDIATE,25.0,4.0,,,1,4.0,False,2025,Australia,R,90.488,32.021,19.014,39.453
RUS,Mercedes,26.0,0 days 00:01:30.111000,0 days 00:00:31.996000,0 days 00:00:18.996000,0 days 00:00:39.119000,INTERMEDIATE,26.0,4.0,,,1,4.0,False,2025,Australia,R,90.111,31.996,18.996,39.119
RUS,Mercedes,27.0,0 days 00:01:29.863000,0 days 00:00:31.797000,0 days 00:00:18.898000,0 days 00:00:39.168000,INTERMEDIATE,27.0,4.0,,,1,4.0,False,2025,Australia,R,89.863,31.797,18.898,39.168
RUS,Mercedes,28.0,0 days 00:01:29.696000,0 days 00:00:31.673000,0 days 00:00:18.841000,0 days 00:00:39.182000,INTERMEDIATE,28.0,4.0,,,1,4.0,False,2025,Australia,R,89.696,31.673,18.841,39.182
RUS,Mercedes,29.0,0 days 00:01:29.488000,0 days 00:00:31.568000,0 days 00:00:18.860000,0 days 00:00:39.060000,INTERMEDIATE,29.0,4.0,,,1,4.0,False,2025,Australia,R,89.488,31.568,18.86,39.06
RUS,Mercedes,30.0,0 days 00:01:29.789000,0 days 00:00:31.712000,0 days 00:00:18.860000,0 days 00:00:39.217000,INTERMEDIATE,30.0,4.0,,,1,4.0,False,2025,Australia,R,89.789,31.712,18.86,39.217
RUS,Mercedes,31.0,0 days 00:01:29.041000,0 days 00:00:31.561000,0 days 00:00:18.875000,0 days 00:00:38.605000,INTERMEDIATE,31.0,4.0,,,1,4.0,False,2025,Australia,R,89.041,31.561,18.875,38.605
RUS,Mercedes,32.0,0 days 00:01:29.361000,0 days 00:00:31.492000,0 days 00:00:18.922000,0 days 00:00:38.947000,INTERMEDIATE,32.0,4.0,,,1,4.0,False,2025,Australia,R,89.361,31.492,18.922,38.947
RUS,Mercedes,33.0,0 days 00:01:30.553000,0 days 00:00:32.067000,0 days 00:00:19.118000,0 days 00:00:39.368000,INTERMEDIATE,33.0,4.0,,,124,4.0,False,2025,Australia,R,90.553,32.067,19.118,39.368
RUS,Mercedes,34.0,0 days 00:02:15.518000,0 days 00:00:42.826000,0 days 00:00:28.443000,0 days 00:01:04.249000,INTERMEDIATE,34.0,4.0,0 days 02:09:45.950000,,4,4.0,False,2025,Australia,R,135.518,42.826,28.443,64.249
RUS,Mercedes,35.0,0 days 00:02:05.981000,0 days 00:00:49.054000,0 days 00:00:30.229000,0 days 00:00:46.698000,HARD,1.0,5.0,,0 days 02:10:05.197000,4,4.0,False,2025,Australia,R,125.981,49.054,30.229,46.698
RUS,Mercedes,36.0,0 days 00:01:44.906000,0 days 00:00:34.859000,0 days 00:00:28.574000,0 days 00:00:41.473000,HARD,2.0,5.0,,,4,4.0,False,2025,Australia,R,104.906,34.859,28.574,41.473
RUS,Mercedes,37.0,,0 days 00:00:36.791000,0 days 00:00:40.841000,0 days 00:01:14.707000,HARD,3.0,5.0,,,4,4.0,False,2025,Australia,R,,36.791,40.841,74.707
RUS,Mercedes,38.0,0 days 00:02:18.272000,0 days 00:00:40.496000,0 days 00:00:41.465000,0 days 00:00:56.311000,HARD,4.0,5.0,,,4,4.0,False,2025,Australia,R,138.272,40.496,41.465,56.311
RUS,Mercedes,39.0,0 days 00:02:12.784000,0 days 00:00:42.704000,0 days 00:00:35.771000,0 days 00:00:54.309000,HARD,5.0,5.0,,,4,4.0,False,2025,Australia,R,132.784,42.704,35.771,54.309
RUS,Mercedes,40.0,0 days 00:02:11.368000,0 days 00:00:43.127000,0 days 00:00:34.370000,0 days 00:00:53.871000,HARD,6.0,5.0,,,4,4.0,False,2025,Australia,R,131.368,43.127,34.37,53.871
RUS,Mercedes,41.0,0 days 00:02:11.214000,0 days 00:00:44.501000,0 days 00:00:29.287000,0 days 00:00:57.426000,HARD,7.0,5.0,,,41,4.0,False,2025,Australia,R,131.214,44.501,29.287,57.426
RUS,Mercedes,42.0,0 days 00:01:26.239000,0 days 00:00:30.615000,0 days 00:00:18.828000,0 days 00:00:36.796000,HARD,8.0,5.0,,,1,4.0,False,2025,Australia,R,86.239,30.615,18.828,36.796
RUS,Mercedes,43.0,0 days 00:01:25.065000,0 days 00:00:29.511000,0 days 00:00:18.617000,0 days 00:00:36.937000,HARD,9.0,5.0,,,1,4.0,False,2025,Australia,R,85.065,29.511,18.617,36.937
RUS,Mercedes,44.0,0 days 00:01:46.238000,0 days 00:00:29.685000,0 days 00:00:18.585000,0 days 00:00:57.968000,HARD,10.0,5.0,0 days 02:29:40.154000,,12,8.0,False,2025,Australia,R,106.238,29.685,18.585,57.968
RUS,Mercedes,45.0,0 days 00:01:36.330000,0 days 00:00:37.662000,0 days 00:00:18.989000,0 days 00:00:39.679000,INTERMEDIATE,1.0,6.0,,0 days 02:29:59.594000,21,8.0,False,2025,Australia,R,96.33,37.662,18.989,39.679
RUS,Mercedes,46.0,0 days 00:01:31.870000,0 days 00:00:31.808000,0 days 00:00:18.881000,0 days 00:00:41.181000,INTERMEDIATE,2.0,6.0,,,1,6.0,False,2025,Australia,R,91.87,31.808,18.881,41.181
RUS,Mercedes,47.0,0 days 00:02:02.439000,0 days 00:00:35.488000,0 days 00:00:31.352000,0 days 00:00:55.599000,INTERMEDIATE,3.0,6.0,,,124,3.0,False,2025,Australia,R,122.439,35.488,31.352,55.599
RUS,Mercedes,48.0,0 days 00:02:03.129000,0 days 00:00:40.318000,0 days 00:00:24.087000,0 days 00:00:58.724000,INTERMEDIATE,4.0,6.0,,,4,3.0,False,2025,Australia,R,123.129,40.318,24.087,58.724
RUS,Mercedes,49.0,0 days 00:02:24.163000,0 days 00:00:52.027000,0 days 00:00:31.920000,0 days 00:01:00.216000,INTERMEDIATE,5.0,6.0,,,4,3.0,False,2025,Australia,R,144.163,52.027,31.92,60.216
RUS,Mercedes,50.0,0 days 00:02:22.305000,0 days 00:00:53.048000,0 days 00:00:31.690000,0 days 00:00:57.567000,INTERMEDIATE,6.0,6.0,,,4,3.0,False,2025,Australia,R,142.305,53.048,31.69,57.567
RUS,Mercedes,51.0,0 days 00:02:13.149000,0 days 00:00:47.256000,0 days 00:00:29.530000,0 days 00:00:56.363000,INTERMEDIATE,7.0,6.0,,,41,3.0,False,2025,Australia,R,133.149,47.256,29.53,56.363
RUS,Mercedes,52.0,0 days 00:01:34.334000,0 days 00:00:33.990000,0 days 00:00:19.388000,0 days 00:00:40.956000,INTERMEDIATE,8.0,6.0,,,1,3.0,False,2025,Australia,R,94.334,33.99,19.388,40.956
RUS,Mercedes,53.0,0 days 00:01:31.177000,0 days 00:00:32.409000,0 days 00:00:19.021000,0 days 00:00:39.747000,INTERMEDIATE,9.0,6.0,,,1,3.0,False,2025,Australia,R,91.177,32.409,19.021,39.747
RUS,Mercedes,54.0,0 days 00:01:30.410000,0 days 00:00:32.048000,0 days 00:00:18.908000,0 days 00:00:39.454000,INTERMEDIATE,10.0,6.0,,,1,3.0,False,2025,Australia,R,90.41,32.048,18.908,39.454
RUS,Mercedes,55.0,0 days 00:01:30.076000,0 days 00:00:31.595000,0 days 00:00:18.924000,0 days 00:00:39.557000,INTERMEDIATE,11.0,6.0,,,1,3.0,False,2025,Australia,R,90.076,31.595,18.924,39.557
RUS,Mercedes,56.0,0 days 00:01:29.454000,0 days 00:00:31.449000,0 days 00:00:18.852000,0 days 00:00:39.153000,INTERMEDIATE,12.0,6.0,,,1,3.0,False,2025,Australia,R,89.454,31.449,18.852,39.153
RUS,Mercedes,57.0,0 days 00:01:29.117000,0 days 00:00:31.356000,0 days 00:00:18.721000,0 days 00:00:39.040000,INTERMEDIATE,13.0,6.0,,,1,3.0,False,2025,Australia,R,89.117,31.356,18.721,39.04
DOO,Alpine,1.0,,,,,INTERMEDIATE,1.0,1.0,,,124,,False,2025,Australia,R,,,,
PIA,McLaren,1.0,0 days 00:02:00.807000,,0 days 00:00:20.844000,0 days 00:00:56.056000,INTERMEDIATE,1.0,1.0,,,124,3.0,False,2025,Australia,R,120.807,,20.844,56.056
PIA,McLaren,2.0,,0 days 00:00:58.462000,0 days 00:00:37.621000,0 days 00:01:13.460000,INTERMEDIATE,2.0,1.0,0 days 01:15:40.060000,,4,3.0,False,2025,Australia,R,,58.462,37.621,73.46
PIA,McLaren,3.0,,0 days 00:00:56.776000,0 days 00:00:33.402000,0 days 00:01:12.129000,INTERMEDIATE,3.0,2.0,0 days 01:18:21.675000,0 days 01:15:53.106000,4,3.0,False,2025,Australia,R,,56.776,33.402,72.129
PIA,McLaren,4.0,,0 days 00:00:54.050000,0 days 00:00:33.430000,0 days 00:01:08.245000,INTERMEDIATE,4.0,3.0,0 days 01:20:58.263000,0 days 01:18:35.632000,4,3.0,False,2025,Australia,R,,54.05,33.43,68.245
PIA,McLaren,5.0,0 days 00:02:23.155000,0 days 00:00:53.433000,0 days 00:00:32.176000,0 days 00:00:57.546000,INTERMEDIATE,5.0,4.0,,0 days 01:21:11.064000,4,3.0,False,2025,Australia,R,143.155,53.433,32.176,57.546
PIA,McLaren,6.0,0 days 00:02:19.873000,0 days 00:00:48.116000,0 days 00:00:33.226000,0 days 00:00:58.531000,INTERMEDIATE,6.0,4.0,,,4,3.0,False,2025,Australia,R,139.873,48.116,33.226,58.531
PIA,McLaren,7.0,0 days 00:02:15.569000,0 days 00:00:45.770000,0 days 00:00:30.859000,0 days 00:00:58.940000,INTERMEDIATE,7.0,4.0,,,41,3.0,False,2025,Australia,R,135.569,45.77,30.859,58.94
PIA,McLaren,8.0,0 days 00:01:37.251000,0 days 00:00:35.144000,0 days 00:00:20.025000,0 days 00:00:42.082000,INTERMEDIATE,8.0,4.0,,,1,3.0,False,2025,Australia,R,97.251,35.144,20.025,42.082
PIA,McLaren,9.0,0 days 00:01:34.578000,0 days 00:00:34.085000,0 days 00:00:19.805000,0 days 00:00:40.688000,INTERMEDIATE,9.0,4.0,,,1,3.0,False,2025,Australia,R,94.578,34.085,19.805,40.688
PIA,McLaren,10.0,0 days 00:01:32.672000,0 days 00:00:33.169000,0 days 00:00:19.497000,0 days 00:00:40.006000,INTERMEDIATE,10.0,4.0,,,1,3.0,False,2025,Australia,R,92.672,33.169,19.497,40.006
PIA,McLaren,11.0,0 days 00:01:31.959000,0 days 00:00:32.814000,0 days 00:00:19.223000,0 days 00:00:39.922000,INTERMEDIATE,11.0,4.0,,,1,3.0,False,2025,Australia,R,91.959,32.814,19.223,39.922
PIA,McLaren,12.0,0 days 00:01:31.290000,0 days 00:00:32.660000,0 days 00:00:18.929000,0 days 00:00:39.701000,INTERMEDIATE,12.0,4.0,,,1,3.0,False,2025,Australia,R,91.29,32.66,18.929,39.701
PIA,McLaren,13.0,0 days 00:01:31.377000,0 days 00:00:32.680000,0 days 00:00:18.981000,0 days 00:00:39.716000,INTERMEDIATE,13.0,4.0,,,1,3.0,False,2025,Australia,R,91.377,32.68,18.981,39.716
PIA,McLaren,14.0,0 days 00:01:30.555000,0 days 00:00:32.338000,0 days 00:00:18.899000,0 days 00:00:39.318000,INTERMEDIATE,14.0,4.0,,,1,3.0,False,2025,Australia,R,90.555,32.338,18.899,39.318
PIA,McLaren,15.0,0 days 00:01:30.343000,0 days 00:00:32.263000,0 days 00:00:18.681000,0 days 00:00:39.399000,INTERMEDIATE,15.0,4.0,,,1,3.0,False,2025,Australia,R,90.343,32.263,18.681,39.399
PIA,McLaren,16.0,0 days 00:01:30.722000,0 days 00:00:32.097000,0 days 00:00:18.694000,0 days 00:00:39.931000,INTERMEDIATE,16.0,4.0,,,1,3.0,False,2025,Australia,R,90.722,32.097,18.694,39.931
PIA,McLaren,17.0,0 days 00:01:30.696000,0 days 00:00:32.231000,0 days 00:00:18.692000,0 days 00:00:39.773000,INTERMEDIATE,17.0,4.0,,,1,2.0,False,2025,Australia,R,90.696,32.231,18.692,39.773
PIA,McLaren,18.0,0 days 00:01:30.143000,0 days 00:00:31.770000,0 days 00:00:18.987000,0 days 00:00:39.386000,INTERMEDIATE,18.0,4.0,,,1,2.0,False,2025,Australia,R,90.143,31.77,18.987,39.386
PIA,McLaren,19.0,0 days 00:01:30.816000,0 days 00:00:32.011000,0 days 00:00:18.926000,0 days 00:00:39.879000,INTERMEDIATE,19.0,4.0,,,1,2.0,False,2025,Australia,R,90.816,32.011,18.926,39.879
PIA,McLaren,20.0,0 days 00:01:30.159000,0 days 00:00:31.769000,0 days 00:00:18.968000,0 days 00:00:39.422000,INTERMEDIATE,20.0,4.0,,,1,2.0,False,2025,Australia,R,90.159,31.769,18.968,39.422
PIA,McLaren,21.0,0 days 00:01:29.727000,0 days 00:00:31.622000,0 days 00:00:18.849000,0 days 00:00:39.256000,INTERMEDIATE,21.0,4.0,,,1,2.0,False,2025,Australia,R,89.727,31.622,18.849,39.256
PIA,McLaren,22.0,0 days 00:01:30.214000,0 days 00:00:32.012000,0 days 00:00:18.884000,0 days 00:00:39.318000,INTERMEDIATE,22.0,4.0,,,1,2.0,False,2025,Australia,R,90.214,32.012,18.884,39.318
PIA,McLaren,23.0,0 days 00:01:29.739000,0 days 00:00:31.686000,0 days 00:00:18.880000,0 days 00:00:39.173000,INTERMEDIATE,23.0,4.0,,,1,2.0,False,2025,Australia,R,89.739,31.686,18.88,39.173
PIA,McLaren,24.0,0 days 00:01:29.626000,0 days 00:00:31.595000,0 days 00:00:18.958000,0 days 00:00:39.073000,INTERMEDIATE,24.0,4.0,,,1,2.0,False,2025,Australia,R,89.626,31.595,18.958,39.073
PIA,McLaren,25.0,0 days 00:01:29.295000,0 days 00:00:31.593000,0 days 00:00:18.778000,0 days 00:00:38.924000,INTERMEDIATE,25.0,4.0,,,1,2.0,False,2025,Australia,R,89.295,31.593,18.778,38.924
PIA,McLaren,26.0,0 days 00:01:29.133000,0 days 00:00:31.668000,0 days 00:00:18.835000,0 days 00:00:38.630000,INTERMEDIATE,26.0,4.0,,,1,2.0,False,2025,Australia,R,89.133,31.668,18.835,38.63
PIA,McLaren,27.0,0 days 00:01:29.037000,0 days 00:00:31.514000,0 days 00:00:18.857000,0 days 00:00:38.666000,INTERMEDIATE,27.0,4.0,,,1,2.0,False,2025,Australia,R,89.037,31.514,18.857,38.666
PIA,McLaren,28.0,0 days 00:01:28.629000,0 days 00:00:31.511000,0 days 00:00:18.640000,0 days 00:00:38.478000,INTERMEDIATE,28.0,4.0,,,1,2.0,False,2025,Australia,R,88.629,31.511,18.64,38.478
PIA,McLaren,29.0,0 days 00:01:28.188000,0 days 00:00:31.358000,0 days 00:00:18.343000,0 days 00:00:38.487000,INTERMEDIATE,29.0,4.0,,,1,2.0,False,2025,Australia,R,88.188,31.358,18.343,38.487
PIA,McLaren,30.0,0 days 00:01:28.331000,0 days 00:00:31.431000,0 days 00:00:18.388000,0 days 00:00:38.512000,INTERMEDIATE,30.0,4.0,,,1,2.0,False,2025,Australia,R,88.331,31.431,18.388,38.512
PIA,McLaren,31.0,0 days 00:01:27.916000,0 days 00:00:31.235000,0 days 00:00:18.319000,0 days 00:00:38.362000,INTERMEDIATE,31.0,4.0,,,1,2.0,False,2025,Australia,R,87.916,31.235,18.319,38.362
PIA,McLaren,32.0,0 days 00:01:29.379000,0 days 00:00:31.377000,0 days 00:00:19.491000,0 days 00:00:38.511000,INTERMEDIATE,32.0,4.0,,,1,2.0,True,2025,Australia,R,89.379,31.377,19.491,38.511
PIA,McLaren,33.0,0 days 00:01:28.226000,0 days 00:00:31.020000,0 days 00:00:18.951000,0 days 00:00:38.255000,INTERMEDIATE,33.0,4.0,,,1,2.0,False,2025,Australia,R,88.226,31.02,18.951,38.255
PIA,McLaren,34.0,0 days 00:02:07.025000,0 days 00:00:31.271000,0 days 00:00:30.119000,0 days 00:01:05.635000,INTERMEDIATE,34.0,4.0,0 days 02:09:07.101000,,124,2.0,False,2025,Australia,R,127.025,31.271,30.119,65.635
PIA,McLaren,35.0,0 days 00:02:03.781000,0 days 00:00:46.738000,0 days 00:00:30.477000,0 days 00:00:46.566000,HARD,2.0,5.0,,0 days 02:09:26.718000,4,2.0,False,2025,Australia,R,123.781,46.738,30.477,46.566
PIA,McLaren,36.0,0 days 00:02:11.212000,0 days 00:00:41.431000,0 days 00:00:35.359000,0 days 00:00:54.422000,HARD,3.0,5.0,,,4,2.0,False,2025,Australia,R,131.212,41.431,35.359,54.422
PIA,McLaren,37.0,,0 days 00:00:45.192000,0 days 00:00:41.406000,0 days 00:01:13.105000,HARD,4.0,5.0,,,4,2.0,False,2025,Australia,R,,45.192,41.406,73.105
PIA,McLaren,38.0,0 days 00:02:18.892000,0 days 00:00:42.993000,0 days 00:00:41.293000,0 days 00:00:54.606000,HARD,5.0,5.0,,,4,2.0,False,2025,Australia,R,138.892,42.993,41.293,54.606
PIA,McLaren,39.0,0 days 00:02:13.780000,0 days 00:00:43.940000,0 days 00:00:34.284000,0 days 00:00:55.556000,HARD,6.0,5.0,,,4,2.0,False,2025,Australia,R,133.78,43.94,34.284,55.556
PIA,McLaren,40.0,0 days 00:02:13.016000,0 days 00:00:45.907000,0 days 00:00:33.189000,0 days 00:00:53.920000,HARD,7.0,5.0,,,4,2.0,False,2025,Australia,R,133.016,45.907,33.189,53.92
PIA,McLaren,41.0,0 days 00:02:13.553000,0 days 00:00:44.925000,0 days 00:00:29.037000,0 days 00:00:59.591000,HARD,8.0,5.0,,,41,2.0,False,2025,Australia,R,133.553,44.925,29.037,59.591
PIA,McLaren,42.0,0 days 00:01:24.583000,0 days 00:00:30.119000,0 days 00:00:18.793000,0 days 00:00:35.671000,HARD,9.0,5.0,,,1,2.0,False,2025,Australia,R,84.583,30.119,18.793,35.671
PIA,McLaren,43.0,0 days 00:01:23.242000,0 days 00:00:28.966000,0 days 00:00:18.613000,0 days 00:00:35.663000,HARD,10.0,5.0,,,1,2.0,False,2025,Australia,R,83.242,28.966,18.613,35.663
PIA,McLaren,44.0,,0 days 00:00:28.917000,0 days 00:00:18.393000,,HARD,11.0,5.0,0 days 02:30:59.848000,,12,15.0,False,2025,Australia,R,,28.917,18.393,
PIA,McLaren,45.0,0 days 00:01:38.184000,0 days 00:00:36.775000,0 days 00:00:19.084000,0 days 00:00:42.325000,INTERMEDIATE,1.0,6.0,,0 days 02:31:19.599000,1,15.0,False,2025,Australia,R,98.184,36.775,19.084,42.325
PIA,McLaren,46.0,0 days 00:01:51.022000,0 days 00:00:34.707000,0 days 00:00:25.856000,0 days 00:00:50.459000,INTERMEDIATE,2.0,6.0,,,124,14.0,False,2025,Australia,R,111.022,34.707,25.856,50.459
PIA,McLaren,47.0,0 days 00:02:00.170000,0 days 00:00:41.299000,0 days 00:00:28.610000,0 days 00:00:50.261000,INTERMEDIATE,3.0,6.0,,,4,13.0,False,2025,Australia,R,120.17,41.299,28.61,50.261
PIA,McLaren,48.0,0 days 00:01:42.413000,0 days 00:00:37.344000,0 days 00:00:20.296000,0 days 00:00:44.773000,INTERMEDIATE,4.0,6.0,,,4,13.0,False,2025,Australia,R,102.413,37.344,20.296,44.773
PIA,McLaren,49.0,0 days 00:01:40.440000,0 days 00:00:37.630000,0 days 00:00:20.249000,0 days 00:00:42.561000,INTERMEDIATE,5.0,6.0,,,4,13.0,False,2025,Australia,R,100.44,37.63,20.249,42.561
PIA,McLaren,50.0,0 days 00:02:03.732000,0 days 00:00:34.861000,0 days 00:00:26.734000,0 days 00:01:02.137000,INTERMEDIATE,6.0,6.0,,,4,13.0,False,2025,Australia,R,123.732,34.861,26.734,62.137
PIA,McLaren,51.0,0 days 00:02:04.275000,0 days 00:00:44.202000,0 days 00:00:26.208000,0 days 00:00:53.865000,INTERMEDIATE,7.0,6.0,,,41,12.0,False,2025,Australia,R,124.275,44.202,26.208,53.865
PIA,McLaren,52.0,0 days 00:01:37.224000,0 days 00:00:36.897000,0 days 00:00:19.713000,0 days 00:00:40.614000,INTERMEDIATE,8.0,6.0,,,1,12.0,False,2025,Australia,R,97.224,36.897,19.713,40.614
PIA,McLaren,53.0,0 days 00:01:31.809000,0 days 00:00:32.931000,0 days 00:00:19.045000,0 days 00:00:39.833000,INTERMEDIATE,9.0,6.0,,,1,11.0,False,2025,Australia,R,91.809,32.931,19.045,39.833
PIA,McLaren,54.0,0 days 00:01:32.507000,0 days 00:00:32.689000,0 days 00:00:19.188000,0 days 00:00:40.630000,INTERMEDIATE,10.0,6.0,,,1,11.0,False,2025,Australia,R,92.507,32.689,19.188,40.63
PIA,McLaren,55.0,0 days 00:01:30.051000,0 days 00:00:31.795000,0 days 00:00:18.949000,0 days 00:00:39.307000,INTERMEDIATE,11.0,6.0,,,1,10.0,False,2025,Australia,R,90.051,31.795,18.949,39.307
PIA,McLaren,56.0,0 days 00:01:28.559000,0 days 00:00:30.605000,0 days 00:00:18.722000,0 days 00:00:39.232000,INTERMEDIATE,12.0,6.0,,,1,10.0,False,2025,Australia,R,88.559,30.605,18.722,39.232
PIA,McLaren,57.0,0 days 00:01:29.517000,0 days 00:00:31.475000,0 days 00:00:18.119000,0 days 00:00:39.923000,INTERMEDIATE,13.0,6.0,,,1,9.0,False,2025,Australia,R,89.517,31.475,18.119,39.923
BEA,Haas F1 Team,1.0,0 days 00:02:29.413000,,0 days 00:00:32.850000,0 days 00:01:01.402000,INTERMEDIATE,1.0,1.0,,0 days 01:11:12.042000,124,17.0,False,2025,Australia,R,149.413,,32.85,61.402
BEA,Haas F1 Team,2.0,,0 days 00:00:56.636000,0 days 00:00:30.377000,0 days 00:01:22.785000,INTERMEDIATE,2.0,1.0,0 days 01:16:08.478000,,4,17.0,False,2025,Australia,R,,56.636,30.377,82.785
BEA,Haas F1 Team,3.0,,0 days 00:00:51.619000,0 days 00:00:31.436000,0 days 00:01:22.324000,INTERMEDIATE,3.0,2.0,0 days 01:18:51.042000,0 days 01:16:23.180000,4,17.0,False,2025,Australia,R,,51.619,31.436,82.324
BEA,Haas F1 Team,4.0,,0 days 00:00:50.200000,0 days 00:00:29.524000,0 days 00:01:26.020000,INTERMEDIATE,4.0,3.0,0 days 01:21:30.664000,0 days 01:19:07.407000,4,17.0,False,2025,Australia,R,,50.2,29.524,86.02
BEA,Haas F1 Team,5.0,0 days 00:02:05.412000,0 days 00:00:45.526000,0 days 00:00:23.469000,0 days 00:00:56.417000,INTERMEDIATE,1.0,4.0,,0 days 01:21:52.962000,4,17.0,False,2025,Australia,R,125.412,45.526,23.469,56.417
BEA,Haas F1 Team,6.0,0 days 00:02:22.075000,0 days 00:00:41.852000,0 days 00:00:35.990000,0 days 00:01:04.233000,INTERMEDIATE,2.0,4.0,,,4,17.0,False,2025,Australia,R,142.075,41.852,35.99,64.233
BEA,Haas F1 Team,7.0,0 days 00:02:02.192000,0 days 00:00:40.310000,0 days 00:00:30.271000,0 days 00:00:51.611000,INTERMEDIATE,3.0,4.0,,,41,17.0,False,2025,Australia,R,122.192,40.31,30.271,51.611
BEA,Haas F1 Team,8.0,0 days 00:01:42.054000,0 days 00:00:36.361000,0 days 00:00:21.757000,0 days 00:00:43.936000,INTERMEDIATE,4.0,4.0,,,1,17.0,False,2025,Australia,R,102.054,36.361,21.757,43.936
BEA,Haas F1 Team,9.0,0 days 00:01:38.564000,0 days 00:00:35.336000,0 days 00:00:20.785000,0 days 00:00:42.443000,INTERMEDIATE,5.0,4.0,,,1,17.0,False,2025,Australia,R,98.564,35.336,20.785,42.443
BEA,Haas F1 Team,10.0,0 days 00:01:36.411000,0 days 00:00:34.465000,0 days 00:00:20.346000,0 days 00:00:41.600000,INTERMEDIATE,6.0,4.0,,,1,17.0,False,2025,Australia,R,96.411,34.465,20.346,41.6
BEA,Haas F1 Team,11.0,0 days 00:01:35.416000,0 days 00:00:34.048000,0 days 00:00:20.123000,0 days 00:00:41.245000,INTERMEDIATE,7.0,4.0,,,1,17.0,False,2025,Australia,R,95.416,34.048,20.123,41.245
BEA,Haas F1 Team,12.0,0 days 00:01:35.002000,0 days 00:00:33.750000,0 days 00:00:20.201000,0 days 00:00:41.051000,INTERMEDIATE,8.0,4.0,,,1,17.0,False,2025,Australia,R,95.002,33.75,20.201,41.051
BEA,Haas F1 Team,13.0,0 days 00:01:34.250000,0 days 00:00:33.681000,0 days 00:00:20.049000,0 days 00:00:40.520000,INTERMEDIATE,9.0,4.0,,,1,17.0,False,2025,Australia,R,94.25,33.681,20.049,40.52
BEA,Haas F1 Team,14.0,0 days 00:01:33.732000,0 days 00:00:33.539000,0 days 00:00:19.874000,0 days 00:00:40.319000,INTERMEDIATE,10.0,4.0,,,1,17.0,False,2025,Australia,R,93.732,33.539,19.874,40.319
BEA,Haas F1 Team,15.0,0 days 00:01:33.885000,0 days 00:00:33.606000,0 days 00:00:19.939000,0 days 00:00:40.340000,INTERMEDIATE,11.0,4.0,,,1,17.0,False,2025,Australia,R,93.885,33.606,19.939,40.34
BEA,Haas F1 Team,16.0,0 days 00:01:33.395000,0 days 00:00:33.143000,0 days 00:00:19.852000,0 days 00:00:40.400000,INTERMEDIATE,12.0,4.0,,,1,17.0,False,2025,Australia,R,93.395,33.143,19.852,40.4
BEA,Haas F1 Team,17.0,0 days 00:01:34.527000,0 days 00:00:33.939000,0 days 00:00:19.628000,0 days 00:00:40.960000,INTERMEDIATE,13.0,4.0,,,1,17.0,False,2025,Australia,R,94.527,33.939,19.628,40.96
BEA,Haas F1 Team,18.0,0 days 00:01:34.527000,0 days 00:00:33.613000,0 days 00:00:19.513000,0 days 00:00:41.401000,INTERMEDIATE,14.0,4.0,,,1,17.0,False,2025,Australia,R,94.527,33.613,19.513,41.401
BEA,Haas F1 Team,19.0,0 days 00:01:34.065000,0 days 00:00:33.454000,0 days 00:00:19.435000,0 days 00:00:41.176000,INTERMEDIATE,15.0,4.0,,,1,17.0,False,2025,Australia,R,94.065,33.454,19.435,41.176
BEA,Haas F1 Team,20.0,0 days 00:01:34.094000,0 days 00:00:33.365000,0 days 00:00:19.419000,0 days 00:00:41.310000,INTERMEDIATE,16.0,4.0,,,1,17.0,False,2025,Australia,R,94.094,33.365,19.419,41.31
BEA,Haas F1 Team,21.0,0 days 00:01:33.818000,0 days 00:00:33.390000,0 days 00:00:19.467000,0 days 00:00:40.961000,INTERMEDIATE,17.0,4.0,,,1,17.0,False,2025,Australia,R,93.818,33.39,19.467,40.961
BEA,Haas F1 Team,22.0,0 days 00:01:33.590000,0 days 00:00:33.526000,0 days 00:00:19.348000,0 days 00:00:40.716000,INTERMEDIATE,18.0,4.0,,,1,17.0,False,2025,Australia,R,93.59,33.526,19.348,40.716
BEA,Haas F1 Team,23.0,0 days 00:01:33.342000,0 days 00:00:33.184000,0 days 00:00:19.371000,0 days 00:00:40.787000,INTERMEDIATE,19.0,4.0,,,1,17.0,False,2025,Australia,R,93.342,33.184,19.371,40.787
BEA,Haas F1 Team,24.0,0 days 00:01:33.042000,0 days 00:00:33.076000,0 days 00:00:19.422000,0 days 00:00:40.544000,INTERMEDIATE,20.0,4.0,,,1,17.0,False,2025,Australia,R,93.042,33.076,19.422,40.544
BEA,Haas F1 Team,25.0,0 days 00:01:32.613000,0 days 00:00:32.813000,0 days 00:00:19.274000,0 days 00:00:40.526000,INTERMEDIATE,21.0,4.0,,,1,17.0,False,2025,Australia,R,92.613,32.813,19.274,40.526
BEA,Haas F1 Team,26.0,0 days 00:01:32.577000,0 days 00:00:32.854000,0 days 00:00:19.376000,0 days 00:00:40.347000,INTERMEDIATE,22.0,4.0,,,1,17.0,False,2025,Australia,R,92.577,32.854,19.376,40.347
BEA,Haas F1 Team,27.0,0 days 00:01:32.507000,0 days 00:00:32.949000,0 days 00:00:19.382000,0 days 00:00:40.176000,INTERMEDIATE,23.0,4.0,,,1,17.0,False,2025,Australia,R,92.507,32.949,19.382,40.176
BEA,Haas F1 Team,28.0,0 days 00:01:34.505000,0 days 00:00:32.809000,0 days 00:00:20.948000,0 days 00:00:40.748000,INTERMEDIATE,24.0,4.0,,,1,17.0,False,2025,Australia,R,94.505,32.809,20.948,40.748
BEA,Haas F1 Team,29.0,0 days 00:01:31.267000,0 days 00:00:32.417000,0 days 00:00:19.130000,0 days 00:00:39.720000,INTERMEDIATE,25.0,4.0,,,1,17.0,False,2025,Australia,R,91.267,32.417,19.13,39.72
BEA,Haas F1 Team,30.0,0 days 00:01:31.377000,0 days 00:00:32.569000,0 days 00:00:19.124000,0 days 00:00:39.684000,INTERMEDIATE,26.0,4.0,,,1,17.0,False,2025,Australia,R,91.377,32.569,19.124,39.684
BEA,Haas F1 Team,31.0,0 days 00:01:31.257000,0 days 00:00:32.206000,0 days 00:00:19.268000,0 days 00:00:39.783000,INTERMEDIATE,27.0,4.0,,,1,17.0,False,2025,Australia,R,91.257,32.206,19.268,39.783
BEA,Haas F1 Team,32.0,0 days 00:01:31.300000,0 days 00:00:31.996000,0 days 00:00:19.536000,0 days 00:00:39.768000,INTERMEDIATE,28.0,4.0,,,12,17.0,False,2025,Australia,R,91.3,31.996,19.536,39.768
BEA,Haas F1 Team,33.0,0 days 00:01:57.148000,0 days 00:00:39.982000,0 days 00:00:29.769000,0 days 00:00:47.397000,INTERMEDIATE,29.0,4.0,,,24,16.0,False,2025,Australia,R,117.148,39.982,29.769,47.397
BEA,Haas F1 Team,34.0,0 days 00:02:00.646000,0 days 00:00:43.016000,0 days 00:00:30.748000,0 days 00:00:46.882000,INTERMEDIATE,30.0,4.0,,,4,15.0,False,2025,Australia,R,120.646,43.016,30.748,46.882
BEA,Haas F1 Team,35.0,0 days 00:02:11.067000,0 days 00:00:41.364000,0 days 00:00:35.359000,0 days 00:00:54.344000,INTERMEDIATE,31.0,4.0,,,4,15.0,False,2025,Australia,R,131.067,41.364,35.359,54.344
BEA,Haas F1 Team,36.0,,0 days 00:00:45.390000,0 days 00:00:41.367000,0 days 00:01:13.863000,INTERMEDIATE,32.0,4.0,,,4,15.0,False,2025,Australia,R,,45.39,41.367,73.863
BEA,Haas F1 Team,37.0,0 days 00:02:18.672000,0 days 00:00:42.101000,0 days 00:00:41.701000,0 days 00:00:54.870000,INTERMEDIATE,33.0,4.0,,,4,15.0,False,2025,Australia,R,138.672,42.101,41.701,54.87
BEA,Haas F1 Team,38.0,0 days 00:02:12.858000,0 days 00:00:43.636000,0 days 00:00:33.780000,0 days 00:00:55.442000,INTERMEDIATE,34.0,4.0,,,4,15.0,False,2025,Australia,R,132.858,43.636,33.78,55.442
BEA,Haas F1 Team,39.0,0 days 00:02:10.476000,0 days 00:00:43.905000,0 days 00:00:23.897000,0 days 00:01:02.674000,INTERMEDIATE,35.0,4.0,0 days 02:22:42.794000,,4,16.0,False,2025,Australia,R,130.476,43.905,23.897,62.674
BEA,Haas F1 Team,40.0,0 days 00:01:53.822000,0 days 00:00:47.593000,0 days 00:00:25.942000,0 days 00:00:40.287000,MEDIUM,,5.0,,0 days 02:23:05.453000,4,16.0,False,2025,Australia,R,113.822,47.593,25.942,40.287
BEA,Haas F1 Team,41.0,0 days 00:01:29.149000,0 days 00:00:31.306000,0 days 00:00:19.948000,0 days 00:00:37.895000,MEDIUM,,5.0,,,41,16.0,False,2025,Australia,R,89.149,31.306,19.948,37.895
BEA,Haas F1 Team,42.0,0 days 00:01:27.603000,0 days 00:00:30.422000,0 days 00:00:19.362000,0 days 00:00:37.819000,MEDIUM,,5.0,,,1,16.0,False,2025,Australia,R,87.603,30.422,19.362,37.819
BEA,Haas F1 Team,43.0,0 days 00:01:31.057000,0 days 00:00:30.290000,0 days 00:00:19.299000,0 days 00:00:41.468000,MEDIUM,,5.0,,,1,16.0,False,2025,Australia,R,91.057,30.29,19.299,41.468
BEA,Haas F1 Team,44.0,0 days 00:02:02.961000,0 days 00:00:30.419000,0 days 00:00:19.282000,0 days 00:01:13.260000,MEDIUM,,5.0,0 days 02:31:10.506000,,12,16.0,False,2025,Australia,R,122.961,30.419,19.282,73.26
BEA,Haas F1 Team,45.0,0 days 00:01:41.777000,0 days 00:00:38.459000,0 days 00:00:19.274000,0 days 00:00:44.044000,INTERMEDIATE,1.0,6.0,,0 days 02:31:29.994000,1,16.0,False,2025,Australia,R,101.777,38.459,19.274,44.044
BEA,Haas F1 Team,46.0,0 days 00:02:05.498000,0 days 00:00:35.080000,0 days 00:00:32.355000,0 days 00:00:58.063000,INTERMEDIATE,2.0,6.0,,,124,15.0,False,2025,Australia,R,125.498,35.08,32.355,58.063
BEA,Haas F1 Team,47.0,0 days 00:01:58.594000,0 days 00:00:39.315000,0 days 00:00:22.038000,0 days 00:00:57.241000,INTERMEDIATE,3.0,6.0,,,4,14.0,False,2025,Australia,R,118.594,39.315,22.038,57.241
BEA,Haas F1 Team,48.0,0 days 00:02:24.788000,0 days 00:00:51.700000,0 days 00:00:31.711000,0 days 00:01:01.377000,INTERMEDIATE,4.0,6.0,,,4,14.0,False,2025,Australia,R,144.788,51.7,31.711,61.377
BEA,Haas F1 Team,49.0,0 days 00:01:50.488000,0 days 00:00:45.915000,0 days 00:00:21.257000,0 days 00:00:43.316000,INTERMEDIATE,5.0,6.0,,,4,14.0,False,2025,Australia,R,110.488,45.915,21.257,43.316
BEA,Haas F1 Team,50.0,0 days 00:01:36.187000,0 days 00:00:33.885000,0 days 00:00:20.099000,0 days 00:00:42.203000,INTERMEDIATE,6.0,6.0,,,4,14.0,False,2025,Australia,R,96.187,33.885,20.099,42.203
BEA,Haas F1 Team,51.0,0 days 00:01:34.937000,0 days 00:00:33.549000,0 days 00:00:19.959000,0 days 00:00:41.429000,INTERMEDIATE,7.0,6.0,,,41,14.0,False,2025,Australia,R,94.937,33.549,19.959,41.429
BEA,Haas F1 Team,52.0,0 days 00:01:33.258000,0 days 00:00:32.933000,0 days 00:00:19.588000,0 days 00:00:40.737000,INTERMEDIATE,8.0,6.0,,,1,14.0,False,2025,Australia,R,93.258,32.933,19.588,40.737
BEA,Haas F1 Team,53.0,0 days 00:01:31.366000,0 days 00:00:31.993000,0 days 00:00:19.286000,0 days 00:00:40.087000,INTERMEDIATE,9.0,6.0,,,1,14.0,False,2025,Australia,R,91.366,31.993,19.286,40.087
BEA,Haas F1 Team,54.0,0 days 00:01:30.490000,0 days 00:00:31.429000,0 days 00:00:19.147000,0 days 00:00:39.914000,INTERMEDIATE,10.0,6.0,,,1,14.0,False,2025,Australia,R,90.49,31.429,19.147,39.914
BEA,Haas F1 Team,55.0,0 days 00:01:31.284000,0 days 00:00:31.538000,0 days 00:00:19.483000,0 days 00:00:40.263000,INTERMEDIATE,11.0,6.0,,,1,14.0,False,2025,Australia,R,91.284,31.538,19.483,40.263
BEA,Haas F1 Team,56.0,0 days 00:01:30.226000,0 days 00:00:31.349000,0 days 00:00:19.207000,0 days 00:00:39.670000,INTERMEDIATE,12.0,6.0,,,1,14.0,False,2025,Australia,R,90.226,31.349,19.207,39.67
BEA,Haas F1 Team,57.0,0 days 00:01:30.553000,0 days 00:00:31.384000,0 days 00:00:19.175000,0 days 00:00:39.994000,INTERMEDIATE,13.0,6.0,,,1,14.0,False,2025,Australia,R,90.553,31.384,19.175,39.994
