Driver,Team,LapNumber,LapTime,Sector1Time,Sector2Time,Sector3Time,Compound,TyreLife,Stint,PitInTime,PitOutTime,TrackStatus,Position,Deleted,season,race,session_type,lap_time_seconds,sector1_seconds,sector2_seconds,sector3_seconds
VER,Red Bull Racing,1.0,0 days 00:01:27.020000,,0 days 00:00:38.394000,0 days 00:00:21.759000,HARD,1.0,1.0,,,12,4.0,False,2025,Monaco,R,87.02,,38.394,21.759
VER,Red Bull Racing,2.0,0 days 00:01:46.318000,0 days 00:00:34.949000,0 days 00:00:45.145000,0 days 00:00:26.224000,HARD,2.0,1.0,,,16,4.0,False,2025,Monaco,R,106.318,34.949,45.145,26.224
VER,Red Bull Racing,3.0,0 days 00:01:48.815000,0 days 00:00:32.110000,0 days 00:00:47.430000,0 days 00:00:29.275000,HARD,3.0,1.0,,,6,4.0,False,2025,Monaco,R,108.815,32.11,47.43,29.275
VER,Red Bull Racing,4.0,0 days 00:01:40.290000,0 days 00:00:31.006000,0 days 00:00:47.889000,0 days 00:00:21.395000,HARD,4.0,1.0,,,671,4.0,False,2025,Monaco,R,100.29,31.006,47.889,21.395
VER,Red Bull Racing,5.0,0 days 00:01:20.800000,0 days 00:00:21.744000,0 days 00:00:37.485000,0 days 00:00:21.571000,HARD,5.0,1.0,,,1,4.0,False,2025,Monaco,R,80.8,21.744,37.485,21.571
VER,Red Bull Racing,6.0,0 days 00:01:20.011000,0 days 00:00:21.370000,0 days 00:00:37.325000,0 days 00:00:21.316000,HARD,6.0,1.0,,,1,4.0,False,2025,Monaco,R,80.011,21.37,37.325,21.316
VER,Red Bull Racing,7.0,0 days 00:01:18.968000,0 days 00:00:21.250000,0 days 00:00:37.105000,0 days 00:00:20.613000,HARD,7.0,1.0,,,1,4.0,False,2025,Monaco,R,78.968,21.25,37.105,20.613
VER,Red Bull Racing,8.0,0 days 00:01:17.714000,0 days 00:00:20.467000,0 days 00:00:36.796000,0 days 00:00:20.451000,HARD,8.0,1.0,,,12,4.0,False,2025,Monaco,R,77.714,20.467,36.796,20.451
VER,Red Bull Racing,9.0,0 days 00:01:21.205000,0 days 00:00:20.277000,0 days 00:00:39.989000,0 days 00:00:20.939000,HARD,9.0,1.0,,,2,4.0,False,2025,Monaco,R,81.205,20.277,39.989,20.939
VER,Red Bull Racing,10.0,0 days 00:01:19.169000,0 days 00:00:20.440000,0 days 00:00:38.145000,0 days 00:00:20.584000,HARD,10.0,1.0,,,2,4.0,False,2025,Monaco,R,79.169,20.44,38.145,20.584
VER,Red Bull Racing,11.0,0 days 00:01:17.481000,0 days 00:00:20.295000,0 days 00:00:36.676000,0 days 00:00:20.510000,HARD,11.0,1.0,,,21,4.0,False,2025,Monaco,R,77.481,20.295,36.676,20.51
VER,Red Bull Racing,12.0,0 days 00:01:18.128000,0 days 00:00:20.612000,0 days 00:00:37.001000,0 days 00:00:20.515000,HARD,12.0,1.0,,,1,4.0,False,2025,Monaco,R,78.128,20.612,37.001,20.515
VER,Red Bull Racing,13.0,0 days 00:01:17.122000,0 days 00:00:20.309000,0 days 00:00:36.424000,0 days 00:00:20.389000,HARD,13.0,1.0,,,1,4.0,False,2025,Monaco,R,77.122,20.309,36.424,20.389
VER,Red Bull Racing,14.0,0 days 00:01:16.810000,0 days 00:00:20.267000,0 days 00:00:36.267000,0 days 00:00:20.276000,HARD,14.0,1.0,,,1,4.0,False,2025,Monaco,R,76.81,20.267,36.267,20.276
VER,Red Bull Racing,15.0,0 days 00:01:16.380000,0 days 00:00:20.364000,0 days 00:00:35.859000,0 days 00:00:20.157000,HARD,15.0,1.0,,,1,4.0,False,2025,Monaco,R,76.38,20.364,35.859,20.157
VER,Red Bull Racing,16.0,0 days 00:01:15.392000,0 days 00:00:19.731000,0 days 00:00:35.563000,0 days 00:00:20.098000,HARD,16.0,1.0,,,1,4.0,False,2025,Monaco,R,75.392,19.731,35.563,20.098
VER,Red Bull Racing,17.0,0 days 00:01:15.131000,0 days 00:00:19.685000,0 days 00:00:35.563000,0 days 00:00:19.883000,HARD,17.0,1.0,,,1,4.0,False,2025,Monaco,R,75.131,19.685,35.563,19.883
VER,Red Bull Racing,18.0,0 days 00:01:15.035000,0 days 00:00:19.671000,0 days 00:00:35.457000,0 days 00:00:19.907000,HARD,18.0,1.0,,,1,4.0,False,2025,Monaco,R,75.035,19.671,35.457,19.907
VER,Red Bull Racing,19.0,0 days 00:01:15.413000,0 days 00:00:19.780000,0 days 00:00:35.664000,0 days 00:00:19.969000,HARD,19.0,1.0,,,1,3.0,False,2025,Monaco,R,75.413,19.78,35.664,19.969
VER,Red Bull Racing,20.0,0 days 00:01:15.233000,0 days 00:00:19.782000,0 days 00:00:35.584000,0 days 00:00:19.867000,HARD,20.0,1.0,,,1,2.0,False,2025,Monaco,R,75.233,19.782,35.584,19.867
VER,Red Bull Racing,21.0,0 days 00:01:15.248000,0 days 00:00:19.689000,0 days 00:00:35.577000,0 days 00:00:19.982000,HARD,21.0,1.0,,,1,2.0,False,2025,Monaco,R,75.248,19.689,35.577,19.982
VER,Red Bull Racing,22.0,0 days 00:01:15.291000,0 days 00:00:19.708000,0 days 00:00:35.680000,0 days 00:00:19.903000,HARD,22.0,1.0,,,1,1.0,False,2025,Monaco,R,75.291,19.708,35.68,19.903
VER,Red Bull Racing,23.0,0 days 00:01:15.254000,0 days 00:00:19.733000,0 days 00:00:35.652000,0 days 00:00:19.869000,HARD,23.0,1.0,,,1,1.0,False,2025,Monaco,R,75.254,19.733,35.652,19.869
VER,Red Bull Racing,24.0,0 days 00:01:15.181000,0 days 00:00:19.692000,0 days 00:00:35.626000,0 days 00:00:19.863000,HARD,24.0,1.0,,,1,1.0,False,2025,Monaco,R,75.181,19.692,35.626,19.863
VER,Red Bull Racing,25.0,0 days 00:01:15.175000,0 days 00:00:19.654000,0 days 00:00:35.602000,0 days 00:00:19.919000,HARD,25.0,1.0,,,1,1.0,False,2025,Monaco,R,75.175,19.654,35.602,19.919
VER,Red Bull Racing,26.0,0 days 00:01:16.288000,0 days 00:00:20.045000,0 days 00:00:36.058000,0 days 00:00:20.185000,HARD,26.0,1.0,,,1,1.0,False,2025,Monaco,R,76.288,20.045,36.058,20.185
VER,Red Bull Racing,27.0,0 days 00:01:16.323000,0 days 00:00:20.056000,0 days 00:00:35.969000,0 days 00:00:20.298000,HARD,27.0,1.0,,,1,1.0,False,2025,Monaco,R,76.323,20.056,35.969,20.298
VER,Red Bull Racing,28.0,0 days 00:01:32.651000,0 days 00:00:19.666000,0 days 00:00:35.884000,0 days 00:00:37.101000,HARD,28.0,1.0,0 days 01:33:29.565000,,1,4.0,False,2025,Monaco,R,92.651,19.666,35.884,37.101
VER,Red Bull Racing,29.0,0 days 00:01:18.571000,0 days 00:00:22.400000,0 days 00:00:36.001000,0 days 00:00:20.170000,MEDIUM,1.0,2.0,,0 days 01:33:53.706000,1,4.0,False,2025,Monaco,R,78.571,22.4,36.001,20.17
VER,Red Bull Racing,30.0,0 days 00:01:15.074000,0 days 00:00:19.719000,0 days 00:00:35.517000,0 days 00:00:19.838000,MEDIUM,2.0,2.0,,,1,4.0,False,2025,Monaco,R,75.074,19.719,35.517,19.838
VER,Red Bull Racing,31.0,0 days 00:01:15.133000,0 days 00:00:19.737000,0 days 00:00:35.377000,0 days 00:00:20.019000,MEDIUM,3.0,2.0,,,1,4.0,False,2025,Monaco,R,75.133,19.737,35.377,20.019
VER,Red Bull Racing,32.0,0 days 00:01:15.424000,0 days 00:00:19.687000,0 days 00:00:35.603000,0 days 00:00:20.134000,MEDIUM,4.0,2.0,,,1,4.0,False,2025,Monaco,R,75.424,19.687,35.603,20.134
VER,Red Bull Racing,33.0,0 days 00:01:16.213000,0 days 00:00:20.137000,0 days 00:00:35.965000,0 days 00:00:20.111000,MEDIUM,5.0,2.0,,,1,4.0,False,2025,Monaco,R,76.213,20.137,35.965,20.111
VER,Red Bull Racing,34.0,0 days 00:01:15.800000,0 days 00:00:19.875000,0 days 00:00:35.765000,0 days 00:00:20.160000,MEDIUM,6.0,2.0,,,1,4.0,False,2025,Monaco,R,75.8,19.875,35.765,20.16
VER,Red Bull Racing,35.0,0 days 00:01:15.330000,0 days 00:00:19.747000,0 days 00:00:35.817000,0 days 00:00:19.766000,MEDIUM,7.0,2.0,,,1,4.0,False,2025,Monaco,R,75.33,19.747,35.817,19.766
VER,Red Bull Racing,36.0,0 days 00:01:14.976000,0 days 00:00:19.598000,0 days 00:00:35.487000,0 days 00:00:19.891000,MEDIUM,8.0,2.0,,,1,4.0,False,2025,Monaco,R,74.976,19.598,35.487,19.891
VER,Red Bull Racing,37.0,0 days 00:01:15.025000,0 days 00:00:19.696000,0 days 00:00:35.480000,0 days 00:00:19.849000,MEDIUM,9.0,2.0,,,1,4.0,False,2025,Monaco,R,75.025,19.696,35.48,19.849
VER,Red Bull Racing,38.0,0 days 00:01:14.677000,0 days 00:00:19.623000,0 days 00:00:35.174000,0 days 00:00:19.880000,MEDIUM,10.0,2.0,,,12,4.0,False,2025,Monaco,R,74.677,19.623,35.174,19.88
VER,Red Bull Racing,39.0,0 days 00:01:14.785000,0 days 00:00:19.649000,0 days 00:00:35.315000,0 days 00:00:19.821000,MEDIUM,11.0,2.0,,,1,4.0,False,2025,Monaco,R,74.785,19.649,35.315,19.821
VER,Red Bull Racing,40.0,0 days 00:01:14.421000,0 days 00:00:19.394000,0 days 00:00:35.181000,0 days 00:00:19.846000,MEDIUM,12.0,2.0,,,1,4.0,False,2025,Monaco,R,74.421,19.394,35.181,19.846
VER,Red Bull Racing,41.0,0 days 00:01:14.390000,0 days 00:00:19.417000,0 days 00:00:35.304000,0 days 00:00:19.669000,MEDIUM,13.0,2.0,,,1,4.0,False,2025,Monaco,R,74.39,19.417,35.304,19.669
VER,Red Bull Racing,42.0,0 days 00:01:14.456000,0 days 00:00:19.417000,0 days 00:00:35.224000,0 days 00:00:19.815000,MEDIUM,14.0,2.0,,,1,4.0,False,2025,Monaco,R,74.456,19.417,35.224,19.815
VER,Red Bull Racing,43.0,0 days 00:01:14.567000,0 days 00:00:19.481000,0 days 00:00:35.255000,0 days 00:00:19.831000,MEDIUM,15.0,2.0,,,1,4.0,False,2025,Monaco,R,74.567,19.481,35.255,19.831
VER,Red Bull Racing,44.0,0 days 00:01:14.380000,0 days 00:00:19.606000,0 days 00:00:35.103000,0 days 00:00:19.671000,MEDIUM,16.0,2.0,,,1,4.0,False,2025,Monaco,R,74.38,19.606,35.103,19.671
VER,Red Bull Racing,45.0,0 days 00:01:14.230000,0 days 00:00:19.363000,0 days 00:00:35.111000,0 days 00:00:19.756000,MEDIUM,17.0,2.0,,,1,4.0,False,2025,Monaco,R,74.23,19.363,35.111,19.756
VER,Red Bull Racing,46.0,0 days 00:01:14.897000,0 days 00:00:19.768000,0 days 00:00:35.294000,0 days 00:00:19.835000,MEDIUM,18.0,2.0,,,1,4.0,False,2025,Monaco,R,74.897,19.768,35.294,19.835
VER,Red Bull Racing,47.0,0 days 00:01:14.859000,0 days 00:00:19.698000,0 days 00:00:35.394000,0 days 00:00:19.767000,MEDIUM,19.0,2.0,,,1,4.0,False,2025,Monaco,R,74.859,19.698,35.394,19.767
VER,Red Bull Racing,48.0,0 days 00:01:14.538000,0 days 00:00:19.396000,0 days 00:00:35.389000,0 days 00:00:19.753000,MEDIUM,20.0,2.0,,,1,3.0,False,2025,Monaco,R,74.538,19.396,35.389,19.753
VER,Red Bull Racing,49.0,0 days 00:01:14.261000,0 days 00:00:19.233000,0 days 00:00:35.294000,0 days 00:00:19.734000,MEDIUM,21.0,2.0,,,1,2.0,False,2025,Monaco,R,74.261,19.233,35.294,19.734
VER,Red Bull Racing,50.0,0 days 00:01:14.426000,0 days 00:00:19.400000,0 days 00:00:35.341000,0 days 00:00:19.685000,MEDIUM,22.0,2.0,,,1,1.0,False,2025,Monaco,R,74.426,19.4,35.341,19.685
VER,Red Bull Racing,51.0,0 days 00:01:15.165000,0 days 00:00:19.475000,0 days 00:00:35.782000,0 days 00:00:19.908000,MEDIUM,23.0,2.0,,,1,1.0,False,2025,Monaco,R,75.165,19.475,35.782,19.908
VER,Red Bull Racing,52.0,0 days 00:01:16.328000,0 days 00:00:19.804000,0 days 00:00:36.130000,0 days 00:00:20.394000,MEDIUM,24.0,2.0,,,1,1.0,False,2025,Monaco,R,76.328,19.804,36.13,20.394
VER,Red Bull Racing,53.0,0 days 00:01:17.547000,0 days 00:00:19.853000,0 days 00:00:37.060000,0 days 00:00:20.634000,MEDIUM,25.0,2.0,,,1,1.0,True,2025,Monaco,R,77.547,19.853,37.06,20.634
VER,Red Bull Racing,54.0,0 days 00:01:15.872000,0 days 00:00:19.944000,0 days 00:00:36.007000,0 days 00:00:19.921000,MEDIUM,26.0,2.0,,,1,1.0,False,2025,Monaco,R,75.872,19.944,36.007,19.921
VER,Red Bull Racing,55.0,0 days 00:01:15.620000,0 days 00:00:19.683000,0 days 00:00:36.003000,0 days 00:00:19.934000,MEDIUM,27.0,2.0,,,1,1.0,False,2025,Monaco,R,75.62,19.683,36.003,19.934
VER,Red Bull Racing,56.0,0 days 00:01:15.330000,0 days 00:00:19.636000,0 days 00:00:35.810000,0 days 00:00:19.884000,MEDIUM,28.0,2.0,,,1,1.0,False,2025,Monaco,R,75.33,19.636,35.81,19.884
VER,Red Bull Racing,57.0,0 days 00:01:15.418000,0 days 00:00:19.747000,0 days 00:00:35.825000,0 days 00:00:19.846000,MEDIUM,29.0,2.0,,,1,1.0,False,2025,Monaco,R,75.418,19.747,35.825,19.846
VER,Red Bull Racing,58.0,0 days 00:01:15.247000,0 days 00:00:19.544000,0 days 00:00:35.890000,0 days 00:00:19.813000,MEDIUM,30.0,2.0,,,1,1.0,False,2025,Monaco,R,75.247,19.544,35.89,19.813
VER,Red Bull Racing,59.0,0 days 00:01:15.350000,0 days 00:00:19.588000,0 days 00:00:35.921000,0 days 00:00:19.841000,MEDIUM,31.0,2.0,,,1,1.0,False,2025,Monaco,R,75.35,19.588,35.921,19.841
VER,Red Bull Racing,60.0,0 days 00:01:15.088000,0 days 00:00:19.610000,0 days 00:00:35.657000,0 days 00:00:19.821000,MEDIUM,32.0,2.0,,,1,1.0,False,2025,Monaco,R,75.088,19.61,35.657,19.821
VER,Red Bull Racing,61.0,0 days 00:01:15.064000,0 days 00:00:19.641000,0 days 00:00:35.644000,0 days 00:00:19.779000,MEDIUM,33.0,2.0,,,1,1.0,False,2025,Monaco,R,75.064,19.641,35.644,19.779
VER,Red Bull Racing,62.0,0 days 00:01:15.130000,0 days 00:00:19.451000,0 days 00:00:35.860000,0 days 00:00:19.819000,MEDIUM,34.0,2.0,,,1,1.0,False,2025,Monaco,R,75.13,19.451,35.86,19.819
VER,Red Bull Racing,63.0,0 days 00:01:15.088000,0 days 00:00:19.516000,0 days 00:00:35.850000,0 days 00:00:19.722000,MEDIUM,35.0,2.0,,,1,1.0,False,2025,Monaco,R,75.088,19.516,35.85,19.722
VER,Red Bull Racing,64.0,0 days 00:01:15.240000,0 days 00:00:19.466000,0 days 00:00:36.021000,0 days 00:00:19.753000,MEDIUM,36.0,2.0,,,1,1.0,False,2025,Monaco,R,75.24,19.466,36.021,19.753
VER,Red Bull Racing,65.0,0 days 00:01:15.122000,0 days 00:00:19.503000,0 days 00:00:35.887000,0 days 00:00:19.732000,MEDIUM,37.0,2.0,,,1,1.0,False,2025,Monaco,R,75.122,19.503,35.887,19.732
VER,Red Bull Racing,66.0,0 days 00:01:15.214000,0 days 00:00:19.485000,0 days 00:00:35.975000,0 days 00:00:19.754000,MEDIUM,38.0,2.0,,,1,1.0,False,2025,Monaco,R,75.214,19.485,35.975,19.754
VER,Red Bull Racing,67.0,0 days 00:01:15.551000,0 days 00:00:19.662000,0 days 00:00:35.956000,0 days 00:00:19.933000,MEDIUM,39.0,2.0,,,1,1.0,False,2025,Monaco,R,75.551,19.662,35.956,19.933
VER,Red Bull Racing,68.0,0 days 00:01:16.273000,0 days 00:00:19.739000,0 days 00:00:36.508000,0 days 00:00:20.026000,MEDIUM,40.0,2.0,,,1,1.0,False,2025,Monaco,R,76.273,19.739,36.508,20.026
VER,Red Bull Racing,69.0,0 days 00:01:16.063000,0 days 00:00:19.746000,0 days 00:00:36.449000,0 days 00:00:19.868000,MEDIUM,41.0,2.0,,,1,1.0,False,2025,Monaco,R,76.063,19.746,36.449,19.868
VER,Red Bull Racing,70.0,0 days 00:01:15.812000,0 days 00:00:19.745000,0 days 00:00:36.327000,0 days 00:00:19.740000,MEDIUM,42.0,2.0,,,1,1.0,False,2025,Monaco,R,75.812,19.745,36.327,19.74
VER,Red Bull Racing,71.0,0 days 00:01:16.058000,0 days 00:00:19.778000,0 days 00:00:36.396000,0 days 00:00:19.884000,MEDIUM,43.0,2.0,,,1,1.0,False,2025,Monaco,R,76.058,19.778,36.396,19.884
VER,Red Bull Racing,72.0,0 days 00:01:16.072000,0 days 00:00:19.879000,0 days 00:00:36.242000,0 days 00:00:19.951000,MEDIUM,44.0,2.0,,,1,1.0,False,2025,Monaco,R,76.072,19.879,36.242,19.951
VER,Red Bull Racing,73.0,0 days 00:01:16.221000,0 days 00:00:19.818000,0 days 00:00:36.413000,0 days 00:00:19.990000,MEDIUM,45.0,2.0,,,1,1.0,False,2025,Monaco,R,76.221,19.818,36.413,19.99
VER,Red Bull Racing,74.0,0 days 00:01:16.349000,0 days 00:00:20.007000,0 days 00:00:36.387000,0 days 00:00:19.955000,MEDIUM,46.0,2.0,,,1,1.0,False,2025,Monaco,R,76.349,20.007,36.387,19.955
VER,Red Bull Racing,75.0,0 days 00:01:16.344000,0 days 00:00:19.870000,0 days 00:00:36.434000,0 days 00:00:20.040000,MEDIUM,47.0,2.0,,,1,1.0,False,2025,Monaco,R,76.344,19.87,36.434,20.04
VER,Red Bull Racing,76.0,0 days 00:01:16.468000,0 days 00:00:19.865000,0 days 00:00:36.470000,0 days 00:00:20.133000,MEDIUM,48.0,2.0,,,1,1.0,False,2025,Monaco,R,76.468,19.865,36.47,20.133
VER,Red Bull Racing,77.0,0 days 00:01:33.332000,0 days 00:00:19.910000,0 days 00:00:36.656000,0 days 00:00:36.766000,MEDIUM,49.0,2.0,0 days 02:35:22.869000,,1,4.0,False,2025,Monaco,R,93.332,19.91,36.656,36.766
VER,Red Bull Racing,78.0,0 days 00:01:17.770000,0 days 00:00:22.061000,0 days 00:00:35.599000,0 days 00:00:20.110000,SOFT,4.0,3.0,,0 days 02:35:46.459000,1,4.0,False,2025,Monaco,R,77.77,22.061,35.599,20.11
GAS,Alpine,1.0,0 days 00:01:52.223000,,0 days 00:00:40.955000,0 days 00:00:39.268000,MEDIUM,7.0,1.0,0 days 00:57:37.624000,,126,18.0,False,2025,Monaco,R,112.223,,40.955,39.268
GAS,Alpine,2.0,0 days 00:01:48.974000,0 days 00:00:31.384000,0 days 00:00:48.802000,0 days 00:00:28.788000,MEDIUM,1.0,2.0,,0 days 00:58:01.973000,6,18.0,False,2025,Monaco,R,108.974,31.384,48.802,28.788
GAS,Alpine,3.0,0 days 00:01:48.723000,0 days 00:00:30.810000,0 days 00:00:48.939000,0 days 00:00:28.974000,MEDIUM,2.0,2.0,,,6,18.0,False,2025,Monaco,R,108.723,30.81,48.939,28.974
GAS,Alpine,4.0,0 days 00:01:31.509000,0 days 00:00:31.667000,0 days 00:00:39.044000,0 days 00:00:20.798000,MEDIUM,3.0,2.0,,,671,18.0,False,2025,Monaco,R,91.509,31.667,39.044,20.798
GAS,Alpine,5.0,0 days 00:01:18.864000,0 days 00:00:21.094000,0 days 00:00:37.068000,0 days 00:00:20.702000,MEDIUM,4.0,2.0,,,1,18.0,False,2025,Monaco,R,78.864,21.094,37.068,20.702
GAS,Alpine,6.0,0 days 00:01:18.054000,0 days 00:00:20.587000,0 days 00:00:36.799000,0 days 00:00:20.668000,MEDIUM,5.0,2.0,,,1,18.0,False,2025,Monaco,R,78.054,20.587,36.799,20.668
GAS,Alpine,7.0,0 days 00:01:19.262000,0 days 00:00:20.844000,0 days 00:00:37.141000,0 days 00:00:21.277000,MEDIUM,6.0,2.0,,,1,18.0,False,2025,Monaco,R,79.262,20.844,37.141,21.277
GAS,Alpine,8.0,,0 days 00:00:20.865000,0 days 00:00:40.814000,,MEDIUM,7.0,2.0,0 days 01:08:39.977000,,12,19.0,False,2025,Monaco,R,,20.865,40.814,
ANT,Mercedes,1.0,0 days 00:01:34.721000,,0 days 00:00:40.866000,0 days 00:00:22.426000,HARD,1.0,1.0,,,126,14.0,False,2025,Monaco,R,94.721,,40.866,22.426
ANT,Mercedes,2.0,0 days 00:01:51.408000,0 days 00:00:39.052000,0 days 00:00:48.171000,0 days 00:00:24.185000,HARD,2.0,1.0,,,6,14.0,False,2025,Monaco,R,111.408,39.052,48.171,24.185
ANT,Mercedes,3.0,0 days 00:01:48.871000,0 days 00:00:31.739000,0 days 00:00:47.910000,0 days 00:00:29.222000,HARD,3.0,1.0,,,6,14.0,False,2025,Monaco,R,108.871,31.739,47.91,29.222
ANT,Mercedes,4.0,0 days 00:01:36.575000,0 days 00:00:30.840000,0 days 00:00:44.027000,0 days 00:00:21.708000,HARD,4.0,1.0,,,671,14.0,False,2025,Monaco,R,96.575,30.84,44.027,21.708
ANT,Mercedes,5.0,0 days 00:01:20.377000,0 days 00:00:21.314000,0 days 00:00:37.578000,0 days 00:00:21.485000,HARD,5.0,1.0,,,1,14.0,False,2025,Monaco,R,80.377,21.314,37.578,21.485
ANT,Mercedes,6.0,0 days 00:01:20.757000,0 days 00:00:21.476000,0 days 00:00:37.739000,0 days 00:00:21.542000,HARD,6.0,1.0,,,1,14.0,False,2025,Monaco,R,80.757,21.476,37.739,21.542
ANT,Mercedes,7.0,0 days 00:01:21.194000,0 days 00:00:21.573000,0 days 00:00:37.746000,0 days 00:00:21.875000,HARD,7.0,1.0,,,1,14.0,False,2025,Monaco,R,81.194,21.573,37.746,21.875
ANT,Mercedes,8.0,0 days 00:01:20.877000,0 days 00:00:21.393000,0 days 00:00:37.795000,0 days 00:00:21.689000,HARD,8.0,1.0,,,12,14.0,False,2025,Monaco,R,80.877,21.393,37.795,21.689
ANT,Mercedes,9.0,0 days 00:01:23.326000,0 days 00:00:20.970000,0 days 00:00:40.050000,0 days 00:00:22.306000,HARD,9.0,1.0,,,2,14.0,False,2025,Monaco,R,83.326,20.97,40.05,22.306
ANT,Mercedes,10.0,0 days 00:01:21.523000,0 days 00:00:21.258000,0 days 00:00:38.634000,0 days 00:00:21.631000,HARD,10.0,1.0,,,2,14.0,False,2025,Monaco,R,81.523,21.258,38.634,21.631
ANT,Mercedes,11.0,0 days 00:01:19.894000,0 days 00:00:21.213000,0 days 00:00:37.509000,0 days 00:00:21.172000,HARD,11.0,1.0,,,21,14.0,False,2025,Monaco,R,79.894,21.213,37.509,21.172
ANT,Mercedes,12.0,0 days 00:01:19.788000,0 days 00:00:20.978000,0 days 00:00:37.394000,0 days 00:00:21.416000,HARD,12.0,1.0,,,1,13.0,False,2025,Monaco,R,79.788,20.978,37.394,21.416
ANT,Mercedes,13.0,0 days 00:01:18.868000,0 days 00:00:20.856000,0 days 00:00:36.970000,0 days 00:00:21.042000,HARD,13.0,1.0,,,1,13.0,False,2025,Monaco,R,78.868,20.856,36.97,21.042
ANT,Mercedes,14.0,0 days 00:01:19.075000,0 days 00:00:20.941000,0 days 00:00:37.250000,0 days 00:00:20.884000,HARD,14.0,1.0,,,1,13.0,False,2025,Monaco,R,79.075,20.941,37.25,20.884
ANT,Mercedes,15.0,0 days 00:01:19.858000,0 days 00:00:21.196000,0 days 00:00:37.149000,0 days 00:00:21.513000,HARD,15.0,1.0,,,1,13.0,False,2025,Monaco,R,79.858,21.196,37.149,21.513
ANT,Mercedes,16.0,0 days 00:01:20.745000,0 days 00:00:21.282000,0 days 00:00:37.630000,0 days 00:00:21.833000,HARD,16.0,1.0,,,1,13.0,False,2025,Monaco,R,80.745,21.282,37.63,21.833
ANT,Mercedes,17.0,0 days 00:01:21.182000,0 days 00:00:21.379000,0 days 00:00:38.201000,0 days 00:00:21.602000,HARD,17.0,1.0,,,1,13.0,False,2025,Monaco,R,81.182,21.379,38.201,21.602
ANT,Mercedes,18.0,0 days 00:01:20.136000,0 days 00:00:21.209000,0 days 00:00:37.516000,0 days 00:00:21.411000,HARD,18.0,1.0,,,1,13.0,False,2025,Monaco,R,80.136,21.209,37.516,21.411
ANT,Mercedes,19.0,0 days 00:01:19.624000,0 days 00:00:21.185000,0 days 00:00:37.413000,0 days 00:00:21.026000,HARD,19.0,1.0,,,1,13.0,False,2025,Monaco,R,79.624,21.185,37.413,21.026
ANT,Mercedes,20.0,0 days 00:01:18.842000,0 days 00:00:21.039000,0 days 00:00:37.139000,0 days 00:00:20.664000,HARD,20.0,1.0,,,1,13.0,False,2025,Monaco,R,78.842,21.039,37.139,20.664
ANT,Mercedes,21.0,0 days 00:01:17.914000,0 days 00:00:20.697000,0 days 00:00:36.624000,0 days 00:00:20.593000,HARD,21.0,1.0,,,1,13.0,False,2025,Monaco,R,77.914,20.697,36.624,20.593
ANT,Mercedes,22.0,0 days 00:01:17.273000,0 days 00:00:20.267000,0 days 00:00:36.522000,0 days 00:00:20.484000,HARD,22.0,1.0,,,1,13.0,False,2025,Monaco,R,77.273,20.267,36.522,20.484
ANT,Mercedes,23.0,0 days 00:01:16.973000,0 days 00:00:20.207000,0 days 00:00:36.409000,0 days 00:00:20.357000,HARD,23.0,1.0,,,1,13.0,False,2025,Monaco,R,76.973,20.207,36.409,20.357
ANT,Mercedes,24.0,0 days 00:01:16.939000,0 days 00:00:20.121000,0 days 00:00:36.475000,0 days 00:00:20.343000,HARD,24.0,1.0,,,1,13.0,False,2025,Monaco,R,76.939,20.121,36.475,20.343
ANT,Mercedes,25.0,0 days 00:01:18.777000,0 days 00:00:20.214000,0 days 00:00:37.279000,0 days 00:00:21.284000,HARD,25.0,1.0,,,1,13.0,False,2025,Monaco,R,78.777,20.214,37.279,21.284
ANT,Mercedes,26.0,0 days 00:01:19.479000,0 days 00:00:20.996000,0 days 00:00:37.076000,0 days 00:00:21.407000,HARD,26.0,1.0,,,1,13.0,False,2025,Monaco,R,79.479,20.996,37.076,21.407
ANT,Mercedes,27.0,0 days 00:01:19.446000,0 days 00:00:20.948000,0 days 00:00:37.236000,0 days 00:00:21.262000,HARD,27.0,1.0,,,1,13.0,False,2025,Monaco,R,79.446,20.948,37.236,21.262
ANT,Mercedes,28.0,0 days 00:01:19.910000,0 days 00:00:21.114000,0 days 00:00:37.371000,0 days 00:00:21.425000,HARD,28.0,1.0,,,1,13.0,False,2025,Monaco,R,79.91,21.114,37.371,21.425
ANT,Mercedes,29.0,0 days 00:01:19.074000,0 days 00:00:20.758000,0 days 00:00:37.135000,0 days 00:00:21.181000,HARD,29.0,1.0,,,1,13.0,False,2025,Monaco,R,79.074,20.758,37.135,21.181
ANT,Mercedes,30.0,0 days 00:01:20.406000,0 days 00:00:20.671000,0 days 00:00:38.489000,0 days 00:00:21.246000,HARD,30.0,1.0,,,1,13.0,False,2025,Monaco,R,80.406,20.671,38.489,21.246
ANT,Mercedes,31.0,0 days 00:01:19.809000,0 days 00:00:20.787000,0 days 00:00:38.307000,0 days 00:00:20.715000,HARD,31.0,1.0,,,1,13.0,False,2025,Monaco,R,79.809,20.787,38.307,20.715
ANT,Mercedes,32.0,0 days 00:01:19.689000,0 days 00:00:20.573000,0 days 00:00:38.474000,0 days 00:00:20.642000,HARD,32.0,1.0,,,1,13.0,False,2025,Monaco,R,79.689,20.573,38.474,20.642
ANT,Mercedes,33.0,0 days 00:01:19.344000,0 days 00:00:21.751000,0 days 00:00:36.692000,0 days 00:00:20.901000,HARD,33.0,1.0,,,1,13.0,False,2025,Monaco,R,79.344,21.751,36.692,20.901
ANT,Mercedes,34.0,0 days 00:01:18.763000,0 days 00:00:20.539000,0 days 00:00:37.141000,0 days 00:00:21.083000,HARD,34.0,1.0,,,1,13.0,False,2025,Monaco,R,78.763,20.539,37.141,21.083
ANT,Mercedes,35.0,0 days 00:01:19.458000,0 days 00:00:20.790000,0 days 00:00:37.287000,0 days 00:00:21.381000,HARD,35.0,1.0,,,1,13.0,False,2025,Monaco,R,79.458,20.79,37.287,21.381
ANT,Mercedes,36.0,0 days 00:01:19.869000,0 days 00:00:21.743000,0 days 00:00:37.315000,0 days 00:00:20.811000,HARD,36.0,1.0,,,1,13.0,False,2025,Monaco,R,79.869,21.743,37.315,20.811
ANT,Mercedes,37.0,0 days 00:01:18.870000,0 days 00:00:20.664000,0 days 00:00:37.192000,0 days 00:00:21.014000,HARD,37.0,1.0,,,12,12.0,False,2025,Monaco,R,78.87,20.664,37.192,21.014
ANT,Mercedes,38.0,0 days 00:01:18.381000,0 days 00:00:20.420000,0 days 00:00:36.824000,0 days 00:00:21.137000,HARD,38.0,1.0,,,1,12.0,False,2025,Monaco,R,78.381,20.42,36.824,21.137
ANT,Mercedes,39.0,0 days 00:01:18.721000,0 days 00:00:20.541000,0 days 00:00:37.138000,0 days 00:00:21.042000,HARD,39.0,1.0,,,1,12.0,False,2025,Monaco,R,78.721,20.541,37.138,21.042
ANT,Mercedes,40.0,0 days 00:01:18.950000,0 days 00:00:20.619000,0 days 00:00:36.977000,0 days 00:00:21.354000,HARD,40.0,1.0,,,1,12.0,False,2025,Monaco,R,78.95,20.619,36.977,21.354
ANT,Mercedes,41.0,0 days 00:01:18.060000,0 days 00:00:20.508000,0 days 00:00:37.053000,0 days 00:00:20.499000,HARD,41.0,1.0,,,1,12.0,True,2025,Monaco,R,78.06,20.508,37.053,20.499
ANT,Mercedes,42.0,0 days 00:01:17.120000,0 days 00:00:19.908000,0 days 00:00:36.563000,0 days 00:00:20.649000,HARD,42.0,1.0,,,1,12.0,False,2025,Monaco,R,77.12,19.908,36.563,20.649
ANT,Mercedes,43.0,0 days 00:01:18.310000,0 days 00:00:20.302000,0 days 00:00:37.134000,0 days 00:00:20.874000,HARD,43.0,1.0,,,1,12.0,False,2025,Monaco,R,78.31,20.302,37.134,20.874
ANT,Mercedes,44.0,0 days 00:01:18.885000,0 days 00:00:20.499000,0 days 00:00:37.336000,0 days 00:00:21.050000,HARD,44.0,1.0,,,1,12.0,False,2025,Monaco,R,78.885,20.499,37.336,21.05
ANT,Mercedes,45.0,0 days 00:01:19.251000,0 days 00:00:20.606000,0 days 00:00:37.764000,0 days 00:00:20.881000,HARD,45.0,1.0,,,1,12.0,False,2025,Monaco,R,79.251,20.606,37.764,20.881
ANT,Mercedes,46.0,0 days 00:01:19.265000,0 days 00:00:20.771000,0 days 00:00:37.538000,0 days 00:00:20.956000,HARD,46.0,1.0,,,1,12.0,False,2025,Monaco,R,79.265,20.771,37.538,20.956
ANT,Mercedes,47.0,0 days 00:01:20.131000,0 days 00:00:20.815000,0 days 00:00:37.708000,0 days 00:00:21.608000,HARD,47.0,1.0,,,1,12.0,False,2025,Monaco,R,80.131,20.815,37.708,21.608
ANT,Mercedes,48.0,0 days 00:01:18.844000,0 days 00:00:20.868000,0 days 00:00:37.126000,0 days 00:00:20.850000,HARD,48.0,1.0,,,1,12.0,False,2025,Monaco,R,78.844,20.868,37.126,20.85
ANT,Mercedes,49.0,0 days 00:01:18.328000,0 days 00:00:20.305000,0 days 00:00:37.143000,0 days 00:00:20.880000,HARD,49.0,1.0,,,1,12.0,False,2025,Monaco,R,78.328,20.305,37.143,20.88
ANT,Mercedes,50.0,0 days 00:01:19.093000,0 days 00:00:20.512000,0 days 00:00:37.647000,0 days 00:00:20.934000,HARD,50.0,1.0,,,1,12.0,False,2025,Monaco,R,79.093,20.512,37.647,20.934
ANT,Mercedes,51.0,0 days 00:01:20.341000,0 days 00:00:20.229000,0 days 00:00:37.040000,0 days 00:00:23.072000,HARD,51.0,1.0,,,1,12.0,True,2025,Monaco,R,80.341,20.229,37.04,23.072
ANT,Mercedes,52.0,0 days 00:01:21.962000,0 days 00:00:20.907000,0 days 00:00:38.990000,0 days 00:00:22.065000,HARD,52.0,1.0,,,1,12.0,False,2025,Monaco,R,81.962,20.907,38.99,22.065
ANT,Mercedes,53.0,0 days 00:01:19.263000,0 days 00:00:20.832000,0 days 00:00:37.707000,0 days 00:00:20.724000,HARD,53.0,1.0,,,1,12.0,False,2025,Monaco,R,79.263,20.832,37.707,20.724
ANT,Mercedes,54.0,0 days 00:01:19.603000,0 days 00:00:20.688000,0 days 00:00:38.191000,0 days 00:00:20.724000,HARD,54.0,1.0,,,1,12.0,False,2025,Monaco,R,79.603,20.688,38.191,20.724
ANT,Mercedes,55.0,0 days 00:01:18.966000,0 days 00:00:20.677000,0 days 00:00:37.527000,0 days 00:00:20.762000,HARD,55.0,1.0,,,1,12.0,False,2025,Monaco,R,78.966,20.677,37.527,20.762
ANT,Mercedes,56.0,0 days 00:01:18.296000,0 days 00:00:20.473000,0 days 00:00:37.243000,0 days 00:00:20.580000,HARD,56.0,1.0,,,1,12.0,False,2025,Monaco,R,78.296,20.473,37.243,20.58
ANT,Mercedes,57.0,0 days 00:01:18.511000,0 days 00:00:20.627000,0 days 00:00:37.248000,0 days 00:00:20.636000,HARD,57.0,1.0,,,1,12.0,False,2025,Monaco,R,78.511,20.627,37.248,20.636
ANT,Mercedes,58.0,0 days 00:01:18.393000,0 days 00:00:20.159000,0 days 00:00:37.398000,0 days 00:00:20.836000,HARD,58.0,1.0,,,1,12.0,False,2025,Monaco,R,78.393,20.159,37.398,20.836
ANT,Mercedes,59.0,0 days 00:01:19.056000,0 days 00:00:20.727000,0 days 00:00:37.674000,0 days 00:00:20.655000,HARD,59.0,1.0,,,1,12.0,False,2025,Monaco,R,79.056,20.727,37.674,20.655
ANT,Mercedes,60.0,0 days 00:01:18.697000,0 days 00:00:20.506000,0 days 00:00:37.512000,0 days 00:00:20.679000,HARD,60.0,1.0,,,1,12.0,False,2025,Monaco,R,78.697,20.506,37.512,20.679
ANT,Mercedes,61.0,0 days 00:01:18.590000,0 days 00:00:20.360000,0 days 00:00:37.429000,0 days 00:00:20.801000,HARD,61.0,1.0,,,1,12.0,False,2025,Monaco,R,78.59,20.36,37.429,20.801
ANT,Mercedes,62.0,0 days 00:01:18.448000,0 days 00:00:20.225000,0 days 00:00:37.461000,0 days 00:00:20.762000,HARD,62.0,1.0,,,1,12.0,False,2025,Monaco,R,78.448,20.225,37.461,20.762
ANT,Mercedes,63.0,0 days 00:01:18.884000,0 days 00:00:20.595000,0 days 00:00:37.367000,0 days 00:00:20.922000,HARD,63.0,1.0,,,1,12.0,False,2025,Monaco,R,78.884,20.595,37.367,20.922
ANT,Mercedes,64.0,0 days 00:01:18.457000,0 days 00:00:20.502000,0 days 00:00:37.262000,0 days 00:00:20.693000,HARD,64.0,1.0,,,1,12.0,False,2025,Monaco,R,78.457,20.502,37.262,20.693
ANT,Mercedes,65.0,0 days 00:01:17.696000,0 days 00:00:19.753000,0 days 00:00:37.437000,0 days 00:00:20.506000,HARD,65.0,1.0,,,1,12.0,False,2025,Monaco,R,77.696,19.753,37.437,20.506
ANT,Mercedes,66.0,0 days 00:01:17.398000,0 days 00:00:20.053000,0 days 00:00:37.230000,0 days 00:00:20.115000,HARD,66.0,1.0,,,1,12.0,False,2025,Monaco,R,77.398,20.053,37.23,20.115
ANT,Mercedes,67.0,0 days 00:01:15.551000,0 days 00:00:19.626000,0 days 00:00:36.005000,0 days 00:00:19.920000,HARD,67.0,1.0,,,1,12.0,False,2025,Monaco,R,75.551,19.626,36.005,19.92
ANT,Mercedes,68.0,0 days 00:01:15.019000,0 days 00:00:19.471000,0 days 00:00:35.837000,0 days 00:00:19.711000,HARD,68.0,1.0,,,1,12.0,False,2025,Monaco,R,75.019,19.471,35.837,19.711
ANT,Mercedes,69.0,0 days 00:01:34.121000,0 days 00:00:19.786000,0 days 00:00:36.682000,0 days 00:00:37.653000,HARD,69.0,1.0,0 days 02:28:35.673000,,1,18.0,False,2025,Monaco,R,94.121,19.786,36.682,37.653
ANT,Mercedes,70.0,0 days 00:01:19.503000,0 days 00:00:23.648000,0 days 00:00:36.183000,0 days 00:00:19.672000,MEDIUM,1.0,2.0,,0 days 02:29:00.047000,1,18.0,False,2025,Monaco,R,79.503,23.648,36.183,19.672
ANT,Mercedes,71.0,0 days 00:01:31.512000,0 days 00:00:19.316000,0 days 00:00:34.860000,0 days 00:00:37.336000,MEDIUM,2.0,2.0,0 days 02:31:26.292000,,1,18.0,False,2025,Monaco,R,91.512,19.316,34.86,37.336
ANT,Mercedes,72.0,0 days 00:01:19.009000,0 days 00:00:22.866000,0 days 00:00:35.872000,0 days 00:00:20.271000,HARD,1.0,3.0,,0 days 02:31:51.023000,1,18.0,False,2025,Monaco,R,79.009,22.866,35.872,20.271
ANT,Mercedes,73.0,0 days 00:01:13.651000,0 days 00:00:19.330000,0 days 00:00:34.832000,0 days 00:00:19.489000,HARD,2.0,3.0,,,1,18.0,False,2025,Monaco,R,73.651,19.33,34.832,19.489
ANT,Mercedes,74.0,0 days 00:01:13.518000,0 days 00:00:19.187000,0 days 00:00:34.864000,0 days 00:00:19.467000,HARD,3.0,3.0,,,1,18.0,False,2025,Monaco,R,73.518,19.187,34.864,19.467
ANT,Mercedes,75.0,0 days 00:01:14.834000,0 days 00:00:19.390000,0 days 00:00:35.555000,0 days 00:00:19.889000,HARD,4.0,3.0,,,1,18.0,False,2025,Monaco,R,74.834,19.39,35.555,19.889
ALO,Aston Martin,1.0,0 days 00:01:28.332000,,0 days 00:00:38.958000,0 days 00:00:21.505000,HARD,2.0,1.0,,,12,6.0,False,2025,Monaco,R,88.332,,38.958,21.505
ALO,Aston Martin,2.0,0 days 00:01:47.072000,0 days 00:00:36.339000,0 days 00:00:45.880000,0 days 00:00:24.853000,HARD,3.0,1.0,,,16,6.0,False,2025,Monaco,R,107.072,36.339,45.88,24.853
ALO,Aston Martin,3.0,0 days 00:01:49.211000,0 days 00:00:32.549000,0 days 00:00:47.333000,0 days 00:00:29.329000,HARD,4.0,1.0,,,6,6.0,False,2025,Monaco,R,109.211,32.549,47.333,29.329
ALO,Aston Martin,4.0,0 days 00:01:39.675000,0 days 00:00:31.606000,0 days 00:00:46.693000,0 days 00:00:21.376000,HARD,5.0,1.0,,,671,6.0,False,2025,Monaco,R,99.675,31.606,46.693,21.376
ALO,Aston Martin,5.0,0 days 00:01:20.940000,0 days 00:00:21.215000,0 days 00:00:38.446000,0 days 00:00:21.279000,HARD,6.0,1.0,,,1,6.0,False,2025,Monaco,R,80.94,21.215,38.446,21.279
ALO,Aston Martin,6.0,0 days 00:01:20.424000,0 days 00:00:21.360000,0 days 00:00:38.050000,0 days 00:00:21.014000,HARD,7.0,1.0,,,1,6.0,False,2025,Monaco,R,80.424,21.36,38.05,21.014
ALO,Aston Martin,7.0,0 days 00:01:20.222000,0 days 00:00:21.210000,0 days 00:00:37.915000,0 days 00:00:21.097000,HARD,8.0,1.0,,,1,6.0,False,2025,Monaco,R,80.222,21.21,37.915,21.097
ALO,Aston Martin,8.0,0 days 00:01:19.105000,0 days 00:00:20.807000,0 days 00:00:37.418000,0 days 00:00:20.880000,HARD,9.0,1.0,,,12,6.0,False,2025,Monaco,R,79.105,20.807,37.418,20.88
ALO,Aston Martin,9.0,0 days 00:01:22.183000,0 days 00:00:20.318000,0 days 00:00:40.954000,0 days 00:00:20.911000,HARD,10.0,1.0,,,2,6.0,False,2025,Monaco,R,82.183,20.318,40.954,20.911
ALO,Aston Martin,10.0,0 days 00:01:20.167000,0 days 00:00:20.298000,0 days 00:00:39.123000,0 days 00:00:20.746000,HARD,11.0,1.0,,,2,6.0,False,2025,Monaco,R,80.167,20.298,39.123,20.746
ALO,Aston Martin,11.0,0 days 00:01:17.469000,0 days 00:00:20.465000,0 days 00:00:36.583000,0 days 00:00:20.421000,HARD,12.0,1.0,,,21,6.0,False,2025,Monaco,R,77.469,20.465,36.583,20.421
ALO,Aston Martin,12.0,0 days 00:01:17.319000,0 days 00:00:20.378000,0 days 00:00:36.539000,0 days 00:00:20.402000,HARD,13.0,1.0,,,1,6.0,False,2025,Monaco,R,77.319,20.378,36.539,20.402
ALO,Aston Martin,13.0,0 days 00:01:16.411000,0 days 00:00:20.107000,0 days 00:00:36.105000,0 days 00:00:20.199000,HARD,14.0,1.0,,,1,6.0,False,2025,Monaco,R,76.411,20.107,36.105,20.199
ALO,Aston Martin,14.0,0 days 00:01:16.295000,0 days 00:00:20.050000,0 days 00:00:35.994000,0 days 00:00:20.251000,HARD,15.0,1.0,,,1,5.0,False,2025,Monaco,R,76.295,20.05,35.994,20.251
ALO,Aston Martin,15.0,0 days 00:01:15.593000,0 days 00:00:19.849000,0 days 00:00:35.665000,0 days 00:00:20.079000,HARD,16.0,1.0,,,1,5.0,False,2025,Monaco,R,75.593,19.849,35.665,20.079
ALO,Aston Martin,16.0,0 days 00:01:34.168000,0 days 00:00:20.009000,0 days 00:00:35.857000,0 days 00:00:38.302000,HARD,17.0,1.0,0 days 01:18:29.008000,,1,6.0,False,2025,Monaco,R,94.168,20.009,35.857,38.302
ALO,Aston Martin,17.0,0 days 00:01:20.283000,0 days 00:00:22.958000,0 days 00:00:37.053000,0 days 00:00:20.272000,HARD,2.0,2.0,,0 days 01:18:54.476000,1,7.0,False,2025,Monaco,R,80.283,22.958,37.053,20.272
ALO,Aston Martin,18.0,0 days 00:01:16.840000,0 days 00:00:20.136000,0 days 00:00:36.258000,0 days 00:00:20.446000,HARD,3.0,2.0,,,1,7.0,False,2025,Monaco,R,76.84,20.136,36.258,20.446
ALO,Aston Martin,19.0,0 days 00:01:17.226000,0 days 00:00:20.330000,0 days 00:00:36.465000,0 days 00:00:20.431000,HARD,4.0,2.0,,,1,6.0,False,2025,Monaco,R,77.226,20.33,36.465,20.431
ALO,Aston Martin,20.0,0 days 00:01:17.267000,0 days 00:00:20.228000,0 days 00:00:36.520000,0 days 00:00:20.519000,HARD,5.0,2.0,,,1,6.0,False,2025,Monaco,R,77.267,20.228,36.52,20.519
ALO,Aston Martin,21.0,0 days 00:01:17.921000,0 days 00:00:20.283000,0 days 00:00:36.918000,0 days 00:00:20.720000,HARD,6.0,2.0,,,1,6.0,False,2025,Monaco,R,77.921,20.283,36.918,20.72
ALO,Aston Martin,22.0,0 days 00:01:18.938000,0 days 00:00:20.880000,0 days 00:00:37.036000,0 days 00:00:21.022000,HARD,7.0,2.0,,,1,6.0,False,2025,Monaco,R,78.938,20.88,37.036,21.022
ALO,Aston Martin,23.0,0 days 00:01:17.947000,0 days 00:00:20.610000,0 days 00:00:36.735000,0 days 00:00:20.602000,HARD,8.0,2.0,,,1,6.0,False,2025,Monaco,R,77.947,20.61,36.735,20.602
ALO,Aston Martin,24.0,0 days 00:01:17.748000,0 days 00:00:20.681000,0 days 00:00:36.586000,0 days 00:00:20.481000,HARD,9.0,2.0,,,1,6.0,False,2025,Monaco,R,77.748,20.681,36.586,20.481
ALO,Aston Martin,25.0,0 days 00:01:17.685000,0 days 00:00:20.514000,0 days 00:00:36.740000,0 days 00:00:20.431000,HARD,10.0,2.0,,,1,6.0,False,2025,Monaco,R,77.685,20.514,36.74,20.431
ALO,Aston Martin,26.0,0 days 00:01:16.293000,0 days 00:00:19.940000,0 days 00:00:36.112000,0 days 00:00:20.241000,HARD,11.0,2.0,,,1,6.0,False,2025,Monaco,R,76.293,19.94,36.112,20.241
ALO,Aston Martin,27.0,0 days 00:01:16.744000,0 days 00:00:20.041000,0 days 00:00:36.452000,0 days 00:00:20.251000,HARD,12.0,2.0,,,1,6.0,False,2025,Monaco,R,76.744,20.041,36.452,20.251
ALO,Aston Martin,28.0,0 days 00:01:16.414000,0 days 00:00:20.113000,0 days 00:00:36.177000,0 days 00:00:20.124000,HARD,13.0,2.0,,,1,6.0,False,2025,Monaco,R,76.414,20.113,36.177,20.124
ALO,Aston Martin,29.0,0 days 00:01:16.279000,0 days 00:00:20.058000,0 days 00:00:36.094000,0 days 00:00:20.127000,HARD,14.0,2.0,,,1,6.0,False,2025,Monaco,R,76.279,20.058,36.094,20.127
ALO,Aston Martin,30.0,0 days 00:01:17.307000,0 days 00:00:20.460000,0 days 00:00:36.170000,0 days 00:00:20.677000,HARD,15.0,2.0,,,1,6.0,False,2025,Monaco,R,77.307,20.46,36.17,20.677
ALO,Aston Martin,31.0,0 days 00:01:16.142000,0 days 00:00:20.187000,0 days 00:00:35.973000,0 days 00:00:19.982000,HARD,16.0,2.0,,,1,6.0,False,2025,Monaco,R,76.142,20.187,35.973,19.982
ALO,Aston Martin,32.0,0 days 00:01:16.088000,0 days 00:00:19.874000,0 days 00:00:35.834000,0 days 00:00:20.380000,HARD,17.0,2.0,,,1,6.0,False,2025,Monaco,R,76.088,19.874,35.834,20.38
ALO,Aston Martin,33.0,0 days 00:01:15.823000,0 days 00:00:19.827000,0 days 00:00:35.918000,0 days 00:00:20.078000,HARD,18.0,2.0,,,1,6.0,False,2025,Monaco,R,75.823,19.827,35.918,20.078
ALO,Aston Martin,34.0,0 days 00:01:17.347000,0 days 00:00:21.152000,0 days 00:00:36.128000,0 days 00:00:20.067000,HARD,19.0,2.0,,,1,6.0,False,2025,Monaco,R,77.347,21.152,36.128,20.067
ALO,Aston Martin,35.0,0 days 00:01:16.024000,0 days 00:00:19.912000,0 days 00:00:35.979000,0 days 00:00:20.133000,HARD,20.0,2.0,,,1,6.0,False,2025,Monaco,R,76.024,19.912,35.979,20.133
ALO,Aston Martin,36.0,0 days 00:01:16.200000,0 days 00:00:19.973000,0 days 00:00:36.032000,0 days 00:00:20.195000,HARD,21.0,2.0,,,1,6.0,False,2025,Monaco,R,76.2,19.973,36.032,20.195
ALO,Aston Martin,37.0,,,,,HARD,22.0,2.0,,,12,,False,2025,Monaco,R,,,,
LEC,Ferrari,1.0,0 days 00:01:24.481000,,0 days 00:00:37.212000,0 days 00:00:21.765000,MEDIUM,1.0,1.0,,,12,2.0,False,2025,Monaco,R,84.481,,37.212,21.765
LEC,Ferrari,2.0,0 days 00:01:44.769000,0 days 00:00:34.191000,0 days 00:00:44.995000,0 days 00:00:25.583000,MEDIUM,2.0,1.0,,,16,2.0,False,2025,Monaco,R,104.769,34.191,44.995,25.583
LEC,Ferrari,3.0,0 days 00:01:48.805000,0 days 00:00:31.019000,0 days 00:00:49.594000,0 days 00:00:28.192000,MEDIUM,3.0,1.0,,,6,2.0,False,2025,Monaco,R,108.805,31.019,49.594,28.192
LEC,Ferrari,4.0,0 days 00:01:41.248000,0 days 00:00:31.076000,0 days 00:00:48.358000,0 days 00:00:21.814000,MEDIUM,4.0,1.0,,,671,2.0,False,2025,Monaco,R,101.248,31.076,48.358,21.814
LEC,Ferrari,5.0,0 days 00:01:18.801000,0 days 00:00:20.597000,0 days 00:00:37.317000,0 days 00:00:20.887000,MEDIUM,5.0,1.0,,,1,2.0,False,2025,Monaco,R,78.801,20.597,37.317,20.887
LEC,Ferrari,6.0,0 days 00:01:19.267000,0 days 00:00:20.621000,0 days 00:00:37.804000,0 days 00:00:20.842000,MEDIUM,6.0,1.0,,,1,2.0,False,2025,Monaco,R,79.267,20.621,37.804,20.842
LEC,Ferrari,7.0,0 days 00:01:18.656000,0 days 00:00:20.633000,0 days 00:00:37.281000,0 days 00:00:20.742000,MEDIUM,7.0,1.0,,,1,2.0,False,2025,Monaco,R,78.656,20.633,37.281,20.742
LEC,Ferrari,8.0,0 days 00:01:17.990000,0 days 00:00:20.357000,0 days 00:00:36.978000,0 days 00:00:20.655000,MEDIUM,8.0,1.0,,,12,2.0,False,2025,Monaco,R,77.99,20.357,36.978,20.655
LEC,Ferrari,9.0,0 days 00:01:21.212000,0 days 00:00:20.351000,0 days 00:00:39.971000,0 days 00:00:20.890000,MEDIUM,9.0,1.0,,,2,2.0,False,2025,Monaco,R,81.212,20.351,39.971,20.89
LEC,Ferrari,10.0,0 days 00:01:19.912000,0 days 00:00:20.059000,0 days 00:00:38.874000,0 days 00:00:20.979000,MEDIUM,10.0,1.0,,,2,2.0,False,2025,Monaco,R,79.912,20.059,38.874,20.979
LEC,Ferrari,11.0,0 days 00:01:19.890000,0 days 00:00:20.125000,0 days 00:00:39.049000,0 days 00:00:20.716000,MEDIUM,11.0,1.0,,,21,2.0,False,2025,Monaco,R,79.89,20.125,39.049,20.716
LEC,Ferrari,12.0,0 days 00:01:16.439000,0 days 00:00:20.313000,0 days 00:00:35.908000,0 days 00:00:20.218000,MEDIUM,12.0,1.0,,,1,2.0,False,2025,Monaco,R,76.439,20.313,35.908,20.218
LEC,Ferrari,13.0,0 days 00:01:16.207000,0 days 00:00:19.961000,0 days 00:00:36.049000,0 days 00:00:20.197000,MEDIUM,13.0,1.0,,,1,2.0,False,2025,Monaco,R,76.207,19.961,36.049,20.197
LEC,Ferrari,14.0,0 days 00:01:16.630000,0 days 00:00:20.011000,0 days 00:00:36.164000,0 days 00:00:20.455000,MEDIUM,14.0,1.0,,,1,2.0,False,2025,Monaco,R,76.63,20.011,36.164,20.455
LEC,Ferrari,15.0,0 days 00:01:16.042000,0 days 00:00:19.885000,0 days 00:00:35.894000,0 days 00:00:20.263000,MEDIUM,15.0,1.0,,,1,2.0,False,2025,Monaco,R,76.042,19.885,35.894,20.263
LEC,Ferrari,16.0,0 days 00:01:15.743000,0 days 00:00:19.822000,0 days 00:00:35.824000,0 days 00:00:20.097000,MEDIUM,16.0,1.0,,,1,2.0,False,2025,Monaco,R,75.743,19.822,35.824,20.097
LEC,Ferrari,17.0,0 days 00:01:15.268000,0 days 00:00:19.763000,0 days 00:00:35.624000,0 days 00:00:19.881000,MEDIUM,17.0,1.0,,,1,2.0,False,2025,Monaco,R,75.268,19.763,35.624,19.881
LEC,Ferrari,18.0,0 days 00:01:14.821000,0 days 00:00:19.559000,0 days 00:00:35.385000,0 days 00:00:19.877000,MEDIUM,18.0,1.0,,,1,2.0,False,2025,Monaco,R,74.821,19.559,35.385,19.877
LEC,Ferrari,19.0,0 days 00:01:15.516000,0 days 00:00:19.547000,0 days 00:00:35.916000,0 days 00:00:20.053000,MEDIUM,19.0,1.0,,,1,1.0,False,2025,Monaco,R,75.516,19.547,35.916,20.053
LEC,Ferrari,20.0,0 days 00:01:14.807000,0 days 00:00:19.437000,0 days 00:00:35.334000,0 days 00:00:20.036000,MEDIUM,20.0,1.0,,,1,1.0,False,2025,Monaco,R,74.807,19.437,35.334,20.036
LEC,Ferrari,21.0,0 days 00:01:15.782000,0 days 00:00:19.631000,0 days 00:00:36.113000,0 days 00:00:20.038000,MEDIUM,21.0,1.0,,,1,1.0,True,2025,Monaco,R,75.782,19.631,36.113,20.038
LEC,Ferrari,22.0,0 days 00:01:32.412000,0 days 00:00:19.607000,0 days 00:00:36.094000,0 days 00:00:36.711000,MEDIUM,22.0,1.0,0 days 01:25:50.970000,,1,3.0,False,2025,Monaco,R,92.412,19.607,36.094,36.711
LEC,Ferrari,23.0,0 days 00:01:20.099000,0 days 00:00:23.227000,0 days 00:00:36.554000,0 days 00:00:20.318000,HARD,1.0,2.0,,0 days 01:26:14.501000,1,3.0,False,2025,Monaco,R,80.099,23.227,36.554,20.318
LEC,Ferrari,24.0,0 days 00:01:16.020000,0 days 00:00:19.794000,0 days 00:00:36.084000,0 days 00:00:20.142000,HARD,2.0,2.0,,,1,3.0,False,2025,Monaco,R,76.02,19.794,36.084,20.142
LEC,Ferrari,25.0,0 days 00:01:14.618000,0 days 00:00:19.451000,0 days 00:00:35.251000,0 days 00:00:19.916000,HARD,3.0,2.0,,,1,3.0,False,2025,Monaco,R,74.618,19.451,35.251,19.916
LEC,Ferrari,26.0,0 days 00:01:14.714000,0 days 00:00:19.421000,0 days 00:00:35.402000,0 days 00:00:19.891000,HARD,4.0,2.0,,,1,3.0,False,2025,Monaco,R,74.714,19.421,35.402,19.891
LEC,Ferrari,27.0,0 days 00:01:14.819000,0 days 00:00:19.384000,0 days 00:00:35.463000,0 days 00:00:19.972000,HARD,5.0,2.0,,,1,3.0,False,2025,Monaco,R,74.819,19.384,35.463,19.972
LEC,Ferrari,28.0,0 days 00:01:14.849000,0 days 00:00:19.425000,0 days 00:00:35.519000,0 days 00:00:19.905000,HARD,6.0,2.0,,,1,2.0,False,2025,Monaco,R,74.849,19.425,35.519,19.905
LEC,Ferrari,29.0,0 days 00:01:14.205000,0 days 00:00:19.391000,0 days 00:00:35.168000,0 days 00:00:19.646000,HARD,7.0,2.0,,,1,2.0,False,2025,Monaco,R,74.205,19.391,35.168,19.646
LEC,Ferrari,30.0,0 days 00:01:15.131000,0 days 00:00:19.432000,0 days 00:00:35.598000,0 days 00:00:20.101000,HARD,8.0,2.0,,,1,2.0,False,2025,Monaco,R,75.131,19.432,35.598,20.101
LEC,Ferrari,31.0,0 days 00:01:16.773000,0 days 00:00:19.539000,0 days 00:00:36.835000,0 days 00:00:20.399000,HARD,9.0,2.0,,,1,2.0,False,2025,Monaco,R,76.773,19.539,36.835,20.399
LEC,Ferrari,32.0,0 days 00:01:16.418000,0 days 00:00:19.948000,0 days 00:00:36.351000,0 days 00:00:20.119000,HARD,10.0,2.0,,,1,2.0,False,2025,Monaco,R,76.418,19.948,36.351,20.119
LEC,Ferrari,33.0,0 days 00:01:15.515000,0 days 00:00:19.733000,0 days 00:00:35.914000,0 days 00:00:19.868000,HARD,11.0,2.0,,,1,2.0,False,2025,Monaco,R,75.515,19.733,35.914,19.868
LEC,Ferrari,34.0,0 days 00:01:14.980000,0 days 00:00:19.548000,0 days 00:00:35.618000,0 days 00:00:19.814000,HARD,12.0,2.0,,,1,2.0,False,2025,Monaco,R,74.98,19.548,35.618,19.814
LEC,Ferrari,35.0,0 days 00:01:14.349000,0 days 00:00:19.304000,0 days 00:00:35.311000,0 days 00:00:19.734000,HARD,13.0,2.0,,,1,2.0,False,2025,Monaco,R,74.349,19.304,35.311,19.734
LEC,Ferrari,36.0,0 days 00:01:14.055000,0 days 00:00:19.337000,0 days 00:00:35.063000,0 days 00:00:19.655000,HARD,14.0,2.0,,,1,2.0,False,2025,Monaco,R,74.055,19.337,35.063,19.655
LEC,Ferrari,37.0,0 days 00:01:14.105000,0 days 00:00:19.251000,0 days 00:00:35.202000,0 days 00:00:19.652000,HARD,15.0,2.0,,,1,2.0,False,2025,Monaco,R,74.105,19.251,35.202,19.652
LEC,Ferrari,38.0,0 days 00:01:14.570000,0 days 00:00:19.364000,0 days 00:00:35.376000,0 days 00:00:19.830000,HARD,16.0,2.0,,,12,2.0,False,2025,Monaco,R,74.57,19.364,35.376,19.83
LEC,Ferrari,39.0,0 days 00:01:14.140000,0 days 00:00:19.278000,0 days 00:00:35.190000,0 days 00:00:19.672000,HARD,17.0,2.0,,,1,2.0,False,2025,Monaco,R,74.14,19.278,35.19,19.672
LEC,Ferrari,40.0,0 days 00:01:14.056000,0 days 00:00:19.219000,0 days 00:00:35.094000,0 days 00:00:19.743000,HARD,18.0,2.0,,,1,2.0,False,2025,Monaco,R,74.056,19.219,35.094,19.743
LEC,Ferrari,41.0,0 days 00:01:14.835000,0 days 00:00:19.418000,0 days 00:00:35.406000,0 days 00:00:20.011000,HARD,19.0,2.0,,,1,2.0,False,2025,Monaco,R,74.835,19.418,35.406,20.011
LEC,Ferrari,42.0,0 days 00:01:15.133000,0 days 00:00:19.694000,0 days 00:00:35.573000,0 days 00:00:19.866000,HARD,20.0,2.0,,,1,2.0,False,2025,Monaco,R,75.133,19.694,35.573,19.866
LEC,Ferrari,43.0,0 days 00:01:14.556000,0 days 00:00:19.410000,0 days 00:00:35.327000,0 days 00:00:19.819000,HARD,21.0,2.0,,,1,2.0,False,2025,Monaco,R,74.556,19.41,35.327,19.819
LEC,Ferrari,44.0,0 days 00:01:14.265000,0 days 00:00:19.419000,0 days 00:00:35.154000,0 days 00:00:19.692000,HARD,22.0,2.0,,,1,2.0,False,2025,Monaco,R,74.265,19.419,35.154,19.692
LEC,Ferrari,45.0,0 days 00:01:14.210000,0 days 00:00:19.302000,0 days 00:00:35.232000,0 days 00:00:19.676000,HARD,23.0,2.0,,,1,2.0,False,2025,Monaco,R,74.21,19.302,35.232,19.676
LEC,Ferrari,46.0,0 days 00:01:14.339000,0 days 00:00:19.390000,0 days 00:00:35.275000,0 days 00:00:19.674000,HARD,24.0,2.0,,,1,2.0,False,2025,Monaco,R,74.339,19.39,35.275,19.674
LEC,Ferrari,47.0,0 days 00:01:14.534000,0 days 00:00:19.397000,0 days 00:00:35.357000,0 days 00:00:19.780000,HARD,25.0,2.0,,,1,2.0,False,2025,Monaco,R,74.534,19.397,35.357,19.78
LEC,Ferrari,48.0,0 days 00:01:14.731000,0 days 00:00:19.359000,0 days 00:00:35.489000,0 days 00:00:19.883000,HARD,26.0,2.0,,,1,2.0,False,2025,Monaco,R,74.731,19.359,35.489,19.883
LEC,Ferrari,49.0,0 days 00:01:31.977000,0 days 00:00:19.562000,0 days 00:00:35.663000,0 days 00:00:36.752000,HARD,27.0,2.0,0 days 01:59:52.894000,,1,3.0,False,2025,Monaco,R,91.977,19.562,35.663,36.752
LEC,Ferrari,50.0,0 days 00:01:17.100000,0 days 00:00:22.255000,0 days 00:00:35.258000,0 days 00:00:19.587000,MEDIUM,4.0,3.0,,0 days 02:00:16.472000,1,3.0,False,2025,Monaco,R,77.1,22.255,35.258,19.587
LEC,Ferrari,51.0,0 days 00:01:14.368000,0 days 00:00:19.521000,0 days 00:00:35.290000,0 days 00:00:19.557000,MEDIUM,5.0,3.0,,,1,3.0,False,2025,Monaco,R,74.368,19.521,35.29,19.557
LEC,Ferrari,52.0,0 days 00:01:14.421000,0 days 00:00:19.356000,0 days 00:00:35.143000,0 days 00:00:19.922000,MEDIUM,6.0,3.0,,,1,3.0,False,2025,Monaco,R,74.421,19.356,35.143,19.922
LEC,Ferrari,53.0,0 days 00:01:15.407000,0 days 00:00:19.479000,0 days 00:00:35.548000,0 days 00:00:20.380000,MEDIUM,7.0,3.0,,,1,3.0,False,2025,Monaco,R,75.407,19.479,35.548,20.38
LEC,Ferrari,54.0,0 days 00:01:17.108000,0 days 00:00:19.712000,0 days 00:00:37.217000,0 days 00:00:20.179000,MEDIUM,8.0,3.0,,,1,3.0,False,2025,Monaco,R,77.108,19.712,37.217,20.179
LEC,Ferrari,55.0,0 days 00:01:14.497000,0 days 00:00:19.395000,0 days 00:00:35.412000,0 days 00:00:19.690000,MEDIUM,9.0,3.0,,,1,3.0,False,2025,Monaco,R,74.497,19.395,35.412,19.69
LEC,Ferrari,56.0,0 days 00:01:14.342000,0 days 00:00:19.516000,0 days 00:00:35.049000,0 days 00:00:19.777000,MEDIUM,10.0,3.0,,,1,3.0,False,2025,Monaco,R,74.342,19.516,35.049,19.777
LEC,Ferrari,57.0,0 days 00:01:14.442000,0 days 00:00:19.432000,0 days 00:00:35.253000,0 days 00:00:19.757000,MEDIUM,11.0,3.0,,,1,3.0,False,2025,Monaco,R,74.442,19.432,35.253,19.757
LEC,Ferrari,58.0,0 days 00:01:14.566000,0 days 00:00:19.382000,0 days 00:00:35.370000,0 days 00:00:19.814000,MEDIUM,12.0,3.0,,,1,3.0,False,2025,Monaco,R,74.566,19.382,35.37,19.814
LEC,Ferrari,59.0,0 days 00:01:14.707000,0 days 00:00:19.482000,0 days 00:00:35.396000,0 days 00:00:19.829000,MEDIUM,13.0,3.0,,,1,3.0,False,2025,Monaco,R,74.707,19.482,35.396,19.829
LEC,Ferrari,60.0,0 days 00:01:15.441000,0 days 00:00:19.586000,0 days 00:00:35.761000,0 days 00:00:20.094000,MEDIUM,14.0,3.0,,,1,3.0,False,2025,Monaco,R,75.441,19.586,35.761,20.094
LEC,Ferrari,61.0,0 days 00:01:15.405000,0 days 00:00:19.841000,0 days 00:00:35.716000,0 days 00:00:19.848000,MEDIUM,15.0,3.0,,,1,3.0,False,2025,Monaco,R,75.405,19.841,35.716,19.848
LEC,Ferrari,62.0,0 days 00:01:15.646000,0 days 00:00:19.728000,0 days 00:00:35.895000,0 days 00:00:20.023000,MEDIUM,16.0,3.0,,,1,3.0,False,2025,Monaco,R,75.646,19.728,35.895,20.023
LEC,Ferrari,63.0,0 days 00:01:15.365000,0 days 00:00:19.608000,0 days 00:00:35.805000,0 days 00:00:19.952000,MEDIUM,17.0,3.0,,,1,3.0,False,2025,Monaco,R,75.365,19.608,35.805,19.952
LEC,Ferrari,64.0,0 days 00:01:15.269000,0 days 00:00:19.472000,0 days 00:00:35.768000,0 days 00:00:20.029000,MEDIUM,18.0,3.0,,,1,3.0,False,2025,Monaco,R,75.269,19.472,35.768,20.029
LEC,Ferrari,65.0,0 days 00:01:15.395000,0 days 00:00:19.567000,0 days 00:00:35.972000,0 days 00:00:19.856000,MEDIUM,19.0,3.0,,,1,3.0,False,2025,Monaco,R,75.395,19.567,35.972,19.856
LEC,Ferrari,66.0,0 days 00:01:14.915000,0 days 00:00:19.627000,0 days 00:00:35.498000,0 days 00:00:19.790000,MEDIUM,20.0,3.0,,,1,3.0,False,2025,Monaco,R,74.915,19.627,35.498,19.79
LEC,Ferrari,67.0,0 days 00:01:14.925000,0 days 00:00:19.537000,0 days 00:00:35.464000,0 days 00:00:19.924000,MEDIUM,21.0,3.0,,,1,3.0,False,2025,Monaco,R,74.925,19.537,35.464,19.924
LEC,Ferrari,68.0,0 days 00:01:15.636000,0 days 00:00:19.577000,0 days 00:00:35.956000,0 days 00:00:20.103000,MEDIUM,22.0,3.0,,,1,3.0,False,2025,Monaco,R,75.636,19.577,35.956,20.103
LEC,Ferrari,69.0,0 days 00:01:16.104000,0 days 00:00:19.867000,0 days 00:00:36.076000,0 days 00:00:20.161000,MEDIUM,23.0,3.0,,,1,3.0,False,2025,Monaco,R,76.104,19.867,36.076,20.161
LEC,Ferrari,70.0,0 days 00:01:16.050000,0 days 00:00:19.699000,0 days 00:00:36.094000,0 days 00:00:20.257000,MEDIUM,24.0,3.0,,,1,3.0,False,2025,Monaco,R,76.05,19.699,36.094,20.257
LEC,Ferrari,71.0,0 days 00:01:16.310000,0 days 00:00:19.751000,0 days 00:00:36.139000,0 days 00:00:20.420000,MEDIUM,25.0,3.0,,,1,3.0,False,2025,Monaco,R,76.31,19.751,36.139,20.42
LEC,Ferrari,72.0,0 days 00:01:16.479000,0 days 00:00:19.908000,0 days 00:00:36.334000,0 days 00:00:20.237000,MEDIUM,26.0,3.0,,,1,3.0,False,2025,Monaco,R,76.479,19.908,36.334,20.237
LEC,Ferrari,73.0,0 days 00:01:16.349000,0 days 00:00:19.900000,0 days 00:00:36.260000,0 days 00:00:20.189000,MEDIUM,27.0,3.0,,,1,3.0,False,2025,Monaco,R,76.349,19.9,36.26,20.189
LEC,Ferrari,74.0,0 days 00:01:16.248000,0 days 00:00:19.738000,0 days 00:00:36.264000,0 days 00:00:20.246000,MEDIUM,28.0,3.0,,,1,3.0,False,2025,Monaco,R,76.248,19.738,36.264,20.246
LEC,Ferrari,75.0,0 days 00:01:16.343000,0 days 00:00:19.854000,0 days 00:00:36.252000,0 days 00:00:20.237000,MEDIUM,29.0,3.0,,,1,3.0,False,2025,Monaco,R,76.343,19.854,36.252,20.237
LEC,Ferrari,76.0,0 days 00:01:15.963000,0 days 00:00:19.602000,0 days 00:00:36.078000,0 days 00:00:20.283000,MEDIUM,30.0,3.0,,,1,3.0,False,2025,Monaco,R,75.963,19.602,36.078,20.283
LEC,Ferrari,77.0,0 days 00:01:16.110000,0 days 00:00:19.785000,0 days 00:00:36.111000,0 days 00:00:20.214000,MEDIUM,31.0,3.0,,,1,2.0,False,2025,Monaco,R,76.11,19.785,36.111,20.214
LEC,Ferrari,78.0,0 days 00:01:15.369000,0 days 00:00:19.466000,0 days 00:00:35.723000,0 days 00:00:20.180000,MEDIUM,32.0,3.0,,,1,2.0,False,2025,Monaco,R,75.369,19.466,35.723,20.18
STR,Aston Martin,1.0,0 days 00:01:38.018000,,0 days 00:00:42.088000,0 days 00:00:23.312000,HARD,2.0,1.0,,,126,16.0,False,2025,Monaco,R,98.018,,42.088,23.312
STR,Aston Martin,2.0,0 days 00:01:49.806000,0 days 00:00:38.104000,0 days 00:00:48.427000,0 days 00:00:23.275000,HARD,3.0,1.0,,,6,16.0,False,2025,Monaco,R,109.806,38.104,48.427,23.275
STR,Aston Martin,3.0,0 days 00:01:49.353000,0 days 00:00:32.616000,0 days 00:00:47.590000,0 days 00:00:29.147000,HARD,4.0,1.0,,,6,16.0,False,2025,Monaco,R,109.353,32.616,47.59,29.147
STR,Aston Martin,4.0,0 days 00:01:36.353000,0 days 00:00:30.374000,0 days 00:00:44.702000,0 days 00:00:21.277000,HARD,5.0,1.0,,,671,16.0,False,2025,Monaco,R,96.353,30.374,44.702,21.277
STR,Aston Martin,5.0,0 days 00:01:20.285000,0 days 00:00:21.136000,0 days 00:00:37.834000,0 days 00:00:21.315000,HARD,6.0,1.0,,,1,16.0,False,2025,Monaco,R,80.285,21.136,37.834,21.315
STR,Aston Martin,6.0,0 days 00:01:20.306000,0 days 00:00:21.107000,0 days 00:00:37.773000,0 days 00:00:21.426000,HARD,7.0,1.0,,,1,16.0,False,2025,Monaco,R,80.306,21.107,37.773,21.426
STR,Aston Martin,7.0,0 days 00:01:21.196000,0 days 00:00:21.189000,0 days 00:00:38.295000,0 days 00:00:21.712000,HARD,8.0,1.0,,,1,16.0,False,2025,Monaco,R,81.196,21.189,38.295,21.712
STR,Aston Martin,8.0,0 days 00:01:21.663000,0 days 00:00:21.185000,0 days 00:00:39.151000,0 days 00:00:21.327000,HARD,9.0,1.0,,,12,16.0,False,2025,Monaco,R,81.663,21.185,39.151,21.327
STR,Aston Martin,9.0,0 days 00:01:22.321000,0 days 00:00:20.895000,0 days 00:00:39.290000,0 days 00:00:22.136000,HARD,10.0,1.0,,,2,16.0,False,2025,Monaco,R,82.321,20.895,39.29,22.136
STR,Aston Martin,10.0,0 days 00:01:21.708000,0 days 00:00:21.199000,0 days 00:00:38.782000,0 days 00:00:21.727000,HARD,11.0,1.0,,,2,16.0,False,2025,Monaco,R,81.708,21.199,38.782,21.727
STR,Aston Martin,11.0,0 days 00:01:20.118000,0 days 00:00:20.998000,0 days 00:00:37.856000,0 days 00:00:21.264000,HARD,12.0,1.0,,,21,16.0,False,2025,Monaco,R,80.118,20.998,37.856,21.264
STR,Aston Martin,12.0,0 days 00:01:19.565000,0 days 00:00:20.816000,0 days 00:00:37.483000,0 days 00:00:21.266000,HARD,13.0,1.0,,,1,15.0,False,2025,Monaco,R,79.565,20.816,37.483,21.266
STR,Aston Martin,13.0,0 days 00:01:19.387000,0 days 00:00:20.858000,0 days 00:00:37.526000,0 days 00:00:21.003000,HARD,14.0,1.0,,,1,14.0,False,2025,Monaco,R,79.387,20.858,37.526,21.003
STR,Aston Martin,14.0,0 days 00:01:18.472000,0 days 00:00:20.429000,0 days 00:00:37.070000,0 days 00:00:20.973000,HARD,15.0,1.0,,,1,14.0,False,2025,Monaco,R,78.472,20.429,37.07,20.973
STR,Aston Martin,15.0,0 days 00:01:19.347000,0 days 00:00:20.875000,0 days 00:00:37.163000,0 days 00:00:21.309000,HARD,16.0,1.0,,,1,14.0,False,2025,Monaco,R,79.347,20.875,37.163,21.309
STR,Aston Martin,16.0,0 days 00:01:20.446000,0 days 00:00:21.046000,0 days 00:00:37.741000,0 days 00:00:21.659000,HARD,17.0,1.0,,,1,14.0,False,2025,Monaco,R,80.446,21.046,37.741,21.659
STR,Aston Martin,17.0,0 days 00:01:37.825000,0 days 00:00:21.311000,0 days 00:00:38.216000,0 days 00:00:38.298000,HARD,18.0,1.0,0 days 01:20:22.010000,,1,18.0,False,2025,Monaco,R,97.825,21.311,38.216,38.298
STR,Aston Martin,18.0,0 days 00:01:19.563000,0 days 00:00:23.073000,0 days 00:00:36.169000,0 days 00:00:20.321000,HARD,2.0,2.0,,0 days 01:20:45.968000,1,18.0,False,2025,Monaco,R,79.563,23.073,36.169,20.321
STR,Aston Martin,19.0,0 days 00:01:16.581000,0 days 00:00:20.209000,0 days 00:00:35.999000,0 days 00:00:20.373000,HARD,3.0,2.0,,,1,18.0,False,2025,Monaco,R,76.581,20.209,35.999,20.373
STR,Aston Martin,20.0,0 days 00:01:16.433000,0 days 00:00:20.176000,0 days 00:00:35.820000,0 days 00:00:20.437000,HARD,4.0,2.0,,,1,18.0,False,2025,Monaco,R,76.433,20.176,35.82,20.437
STR,Aston Martin,21.0,0 days 00:01:16.907000,0 days 00:00:20.400000,0 days 00:00:36.010000,0 days 00:00:20.497000,HARD,5.0,2.0,,,1,18.0,False,2025,Monaco,R,76.907,20.4,36.01,20.497
STR,Aston Martin,22.0,0 days 00:01:16.673000,0 days 00:00:20.102000,0 days 00:00:36.126000,0 days 00:00:20.445000,HARD,6.0,2.0,,,1,18.0,False,2025,Monaco,R,76.673,20.102,36.126,20.445
STR,Aston Martin,23.0,0 days 00:01:16.579000,0 days 00:00:20.038000,0 days 00:00:35.934000,0 days 00:00:20.607000,HARD,7.0,2.0,,,1,18.0,False,2025,Monaco,R,76.579,20.038,35.934,20.607
STR,Aston Martin,24.0,0 days 00:01:17.042000,0 days 00:00:20.183000,0 days 00:00:36.423000,0 days 00:00:20.436000,HARD,8.0,2.0,,,1,18.0,False,2025,Monaco,R,77.042,20.183,36.423,20.436
STR,Aston Martin,25.0,0 days 00:01:17.241000,0 days 00:00:20.033000,0 days 00:00:36.404000,0 days 00:00:20.804000,HARD,9.0,2.0,,,1,18.0,False,2025,Monaco,R,77.241,20.033,36.404,20.804
STR,Aston Martin,26.0,0 days 00:01:18.901000,0 days 00:00:20.279000,0 days 00:00:36.541000,0 days 00:00:22.081000,HARD,10.0,2.0,,,1,16.0,False,2025,Monaco,R,78.901,20.279,36.541,22.081
STR,Aston Martin,27.0,0 days 00:01:17.027000,0 days 00:00:20.267000,0 days 00:00:36.353000,0 days 00:00:20.407000,HARD,11.0,2.0,,,1,16.0,False,2025,Monaco,R,77.027,20.267,36.353,20.407
STR,Aston Martin,28.0,0 days 00:01:17.272000,0 days 00:00:19.992000,0 days 00:00:36.526000,0 days 00:00:20.754000,HARD,12.0,2.0,,,1,16.0,False,2025,Monaco,R,77.272,19.992,36.526,20.754
STR,Aston Martin,29.0,0 days 00:01:20.119000,0 days 00:00:20.789000,0 days 00:00:38.482000,0 days 00:00:20.848000,HARD,13.0,2.0,,,1,16.0,False,2025,Monaco,R,80.119,20.789,38.482,20.848
STR,Aston Martin,30.0,0 days 00:01:20.246000,0 days 00:00:20.663000,0 days 00:00:38.818000,0 days 00:00:20.765000,HARD,14.0,2.0,,,1,16.0,False,2025,Monaco,R,80.246,20.663,38.818,20.765
STR,Aston Martin,31.0,0 days 00:01:19.721000,0 days 00:00:20.934000,0 days 00:00:38.171000,0 days 00:00:20.616000,HARD,15.0,2.0,,,1,16.0,False,2025,Monaco,R,79.721,20.934,38.171,20.616
STR,Aston Martin,32.0,0 days 00:01:20.498000,0 days 00:00:21.639000,0 days 00:00:37.764000,0 days 00:00:21.095000,HARD,16.0,2.0,,,1,16.0,False,2025,Monaco,R,80.498,21.639,37.764,21.095
STR,Aston Martin,33.0,0 days 00:01:18.230000,0 days 00:00:20.483000,0 days 00:00:36.848000,0 days 00:00:20.899000,HARD,17.0,2.0,,,1,16.0,False,2025,Monaco,R,78.23,20.483,36.848,20.899
STR,Aston Martin,34.0,0 days 00:01:20.199000,0 days 00:00:20.533000,0 days 00:00:38.933000,0 days 00:00:20.733000,HARD,18.0,2.0,,,1,16.0,False,2025,Monaco,R,80.199,20.533,38.933,20.733
STR,Aston Martin,35.0,0 days 00:01:18.217000,0 days 00:00:20.499000,0 days 00:00:36.731000,0 days 00:00:20.987000,HARD,19.0,2.0,,,1,16.0,False,2025,Monaco,R,78.217,20.499,36.731,20.987
STR,Aston Martin,36.0,0 days 00:01:18.912000,0 days 00:00:20.626000,0 days 00:00:37.419000,0 days 00:00:20.867000,HARD,20.0,2.0,,,1,16.0,False,2025,Monaco,R,78.912,20.626,37.419,20.867
STR,Aston Martin,37.0,0 days 00:01:18.946000,0 days 00:00:20.597000,0 days 00:00:37.362000,0 days 00:00:20.987000,HARD,21.0,2.0,,,12,15.0,False,2025,Monaco,R,78.946,20.597,37.362,20.987
STR,Aston Martin,38.0,0 days 00:01:18.252000,0 days 00:00:20.484000,0 days 00:00:36.930000,0 days 00:00:20.838000,HARD,22.0,2.0,,,1,15.0,False,2025,Monaco,R,78.252,20.484,36.93,20.838
STR,Aston Martin,39.0,0 days 00:01:18.805000,0 days 00:00:20.643000,0 days 00:00:37.281000,0 days 00:00:20.881000,HARD,23.0,2.0,,,1,15.0,False,2025,Monaco,R,78.805,20.643,37.281,20.881
STR,Aston Martin,40.0,0 days 00:01:18.785000,0 days 00:00:20.603000,0 days 00:00:37.370000,0 days 00:00:20.812000,HARD,24.0,2.0,,,1,15.0,False,2025,Monaco,R,78.785,20.603,37.37,20.812
STR,Aston Martin,41.0,0 days 00:01:18.701000,0 days 00:00:20.613000,0 days 00:00:37.203000,0 days 00:00:20.885000,HARD,25.0,2.0,,,1,15.0,False,2025,Monaco,R,78.701,20.613,37.203,20.885
STR,Aston Martin,42.0,0 days 00:01:17.363000,0 days 00:00:20.237000,0 days 00:00:36.682000,0 days 00:00:20.444000,HARD,26.0,2.0,,,1,15.0,False,2025,Monaco,R,77.363,20.237,36.682,20.444
STR,Aston Martin,43.0,0 days 00:01:17.762000,0 days 00:00:20.266000,0 days 00:00:36.767000,0 days 00:00:20.729000,HARD,27.0,2.0,,,1,15.0,False,2025,Monaco,R,77.762,20.266,36.767,20.729
STR,Aston Martin,44.0,0 days 00:01:18.615000,0 days 00:00:20.473000,0 days 00:00:37.227000,0 days 00:00:20.915000,HARD,28.0,2.0,,,1,14.0,False,2025,Monaco,R,78.615,20.473,37.227,20.915
STR,Aston Martin,45.0,0 days 00:01:19.045000,0 days 00:00:20.501000,0 days 00:00:37.547000,0 days 00:00:20.997000,HARD,29.0,2.0,,,1,14.0,False,2025,Monaco,R,79.045,20.501,37.547,20.997
STR,Aston Martin,46.0,0 days 00:01:19.020000,0 days 00:00:20.615000,0 days 00:00:37.482000,0 days 00:00:20.923000,HARD,30.0,2.0,,,1,14.0,False,2025,Monaco,R,79.02,20.615,37.482,20.923
STR,Aston Martin,47.0,0 days 00:01:20.384000,0 days 00:00:21.282000,0 days 00:00:38.120000,0 days 00:00:20.982000,HARD,31.0,2.0,,,1,14.0,False,2025,Monaco,R,80.384,21.282,38.12,20.982
STR,Aston Martin,48.0,0 days 00:01:18.618000,0 days 00:00:20.584000,0 days 00:00:37.342000,0 days 00:00:20.692000,HARD,32.0,2.0,,,1,14.0,False,2025,Monaco,R,78.618,20.584,37.342,20.692
STR,Aston Martin,49.0,0 days 00:01:18.251000,0 days 00:00:20.708000,0 days 00:00:36.868000,0 days 00:00:20.675000,HARD,33.0,2.0,,,1,14.0,False,2025,Monaco,R,78.251,20.708,36.868,20.675
STR,Aston Martin,50.0,0 days 00:01:19.001000,0 days 00:00:20.586000,0 days 00:00:37.524000,0 days 00:00:20.891000,HARD,34.0,2.0,,,1,14.0,False,2025,Monaco,R,79.001,20.586,37.524,20.891
STR,Aston Martin,51.0,0 days 00:01:20.289000,0 days 00:00:20.504000,0 days 00:00:38.746000,0 days 00:00:21.039000,HARD,35.0,2.0,,,1,14.0,False,2025,Monaco,R,80.289,20.504,38.746,21.039
STR,Aston Martin,52.0,0 days 00:01:22.255000,0 days 00:00:21.675000,0 days 00:00:39.791000,0 days 00:00:20.789000,HARD,36.0,2.0,,,1,14.0,False,2025,Monaco,R,82.255,21.675,39.791,20.789
STR,Aston Martin,53.0,0 days 00:01:18.963000,0 days 00:00:20.651000,0 days 00:00:37.193000,0 days 00:00:21.119000,HARD,37.0,2.0,,,1,14.0,False,2025,Monaco,R,78.963,20.651,37.193,21.119
STR,Aston Martin,54.0,0 days 00:01:19.793000,0 days 00:00:21.430000,0 days 00:00:37.317000,0 days 00:00:21.046000,HARD,38.0,2.0,,,1,14.0,False,2025,Monaco,R,79.793,21.43,37.317,21.046
STR,Aston Martin,55.0,0 days 00:01:18.805000,0 days 00:00:20.538000,0 days 00:00:37.249000,0 days 00:00:21.018000,HARD,39.0,2.0,,,1,14.0,False,2025,Monaco,R,78.805,20.538,37.249,21.018
STR,Aston Martin,56.0,0 days 00:01:18.365000,0 days 00:00:20.513000,0 days 00:00:36.976000,0 days 00:00:20.876000,HARD,40.0,2.0,,,1,14.0,False,2025,Monaco,R,78.365,20.513,36.976,20.876
STR,Aston Martin,57.0,0 days 00:01:18.494000,0 days 00:00:20.624000,0 days 00:00:36.940000,0 days 00:00:20.930000,HARD,41.0,2.0,,,1,14.0,False,2025,Monaco,R,78.494,20.624,36.94,20.93
STR,Aston Martin,58.0,0 days 00:01:18.116000,0 days 00:00:20.326000,0 days 00:00:36.895000,0 days 00:00:20.895000,HARD,42.0,2.0,,,1,14.0,False,2025,Monaco,R,78.116,20.326,36.895,20.895
STR,Aston Martin,59.0,0 days 00:01:19.183000,0 days 00:00:20.789000,0 days 00:00:37.427000,0 days 00:00:20.967000,HARD,43.0,2.0,,,1,14.0,False,2025,Monaco,R,79.183,20.789,37.427,20.967
STR,Aston Martin,60.0,0 days 00:01:18.580000,0 days 00:00:20.536000,0 days 00:00:37.253000,0 days 00:00:20.791000,HARD,44.0,2.0,,,1,14.0,False,2025,Monaco,R,78.58,20.536,37.253,20.791
STR,Aston Martin,61.0,0 days 00:01:18.751000,0 days 00:00:20.603000,0 days 00:00:37.071000,0 days 00:00:21.077000,HARD,45.0,2.0,,,1,14.0,False,2025,Monaco,R,78.751,20.603,37.071,21.077
STR,Aston Martin,62.0,0 days 00:01:18.282000,0 days 00:00:20.257000,0 days 00:00:37.032000,0 days 00:00:20.993000,HARD,46.0,2.0,,,1,14.0,False,2025,Monaco,R,78.282,20.257,37.032,20.993
STR,Aston Martin,63.0,0 days 00:01:18.974000,0 days 00:00:20.602000,0 days 00:00:37.086000,0 days 00:00:21.286000,HARD,47.0,2.0,,,1,14.0,False,2025,Monaco,R,78.974,20.602,37.086,21.286
STR,Aston Martin,64.0,0 days 00:01:37.177000,0 days 00:00:20.516000,0 days 00:00:37.060000,0 days 00:00:39.601000,HARD,48.0,2.0,0 days 02:22:14.083000,,1,18.0,False,2025,Monaco,R,97.177,20.516,37.06,39.601
STR,Aston Martin,65.0,0 days 00:01:17.944000,0 days 00:00:22.153000,0 days 00:00:35.691000,0 days 00:00:20.100000,MEDIUM,2.0,3.0,,0 days 02:22:39.958000,1,18.0,False,2025,Monaco,R,77.944,22.153,35.691,20.1
STR,Aston Martin,66.0,0 days 00:01:14.886000,0 days 00:00:19.467000,0 days 00:00:35.490000,0 days 00:00:19.929000,MEDIUM,3.0,3.0,,,1,18.0,False,2025,Monaco,R,74.886,19.467,35.49,19.929
STR,Aston Martin,67.0,0 days 00:01:14.877000,0 days 00:00:19.652000,0 days 00:00:35.303000,0 days 00:00:19.922000,MEDIUM,4.0,3.0,,,1,18.0,False,2025,Monaco,R,74.877,19.652,35.303,19.922
STR,Aston Martin,68.0,0 days 00:01:15.326000,0 days 00:00:19.389000,0 days 00:00:35.599000,0 days 00:00:20.338000,MEDIUM,5.0,3.0,,,1,18.0,False,2025,Monaco,R,75.326,19.389,35.599,20.338
STR,Aston Martin,69.0,0 days 00:01:15.247000,0 days 00:00:19.555000,0 days 00:00:35.425000,0 days 00:00:20.267000,MEDIUM,6.0,3.0,,,1,17.0,False,2025,Monaco,R,75.247,19.555,35.425,20.267
STR,Aston Martin,70.0,0 days 00:01:16.215000,0 days 00:00:19.819000,0 days 00:00:36.204000,0 days 00:00:20.192000,MEDIUM,7.0,3.0,,,1,17.0,False,2025,Monaco,R,76.215,19.819,36.204,20.192
STR,Aston Martin,71.0,0 days 00:01:16.555000,0 days 00:00:19.910000,0 days 00:00:36.118000,0 days 00:00:20.527000,MEDIUM,8.0,3.0,,,1,17.0,False,2025,Monaco,R,76.555,19.91,36.118,20.527
STR,Aston Martin,72.0,0 days 00:01:16.161000,0 days 00:00:19.651000,0 days 00:00:35.924000,0 days 00:00:20.586000,MEDIUM,9.0,3.0,,,1,17.0,False,2025,Monaco,R,76.161,19.651,35.924,20.586
STR,Aston Martin,73.0,0 days 00:01:15.952000,0 days 00:00:19.627000,0 days 00:00:36.078000,0 days 00:00:20.247000,MEDIUM,10.0,3.0,,,1,16.0,False,2025,Monaco,R,75.952,19.627,36.078,20.247
STR,Aston Martin,74.0,0 days 00:01:17.061000,0 days 00:00:19.810000,0 days 00:00:37.098000,0 days 00:00:20.153000,MEDIUM,11.0,3.0,,,1,16.0,True,2025,Monaco,R,77.061,19.81,37.098,20.153
STR,Aston Martin,75.0,0 days 00:01:16.313000,0 days 00:00:19.870000,0 days 00:00:36.305000,0 days 00:00:20.138000,MEDIUM,12.0,3.0,,,1,16.0,False,2025,Monaco,R,76.313,19.87,36.305,20.138
STR,Aston Martin,76.0,0 days 00:01:17.596000,0 days 00:00:20.154000,0 days 00:00:36.818000,0 days 00:00:20.624000,MEDIUM,13.0,3.0,,,1,15.0,False,2025,Monaco,R,77.596,20.154,36.818,20.624
TSU,Red Bull Racing,1.0,0 days 00:01:50.476000,,0 days 00:00:40.335000,0 days 00:00:39.397000,SOFT,1.0,1.0,0 days 00:57:35.742000,,126,17.0,False,2025,Monaco,R,110.476,,40.335,39.397
TSU,Red Bull Racing,2.0,0 days 00:01:48.876000,0 days 00:00:31.845000,0 days 00:00:47.901000,0 days 00:00:29.130000,HARD,1.0,2.0,,0 days 00:58:00.228000,6,17.0,False,2025,Monaco,R,108.876,31.845,47.901,29.13
TSU,Red Bull Racing,3.0,0 days 00:01:48.545000,0 days 00:00:30.346000,0 days 00:00:50.636000,0 days 00:00:27.563000,HARD,2.0,2.0,,,6,17.0,False,2025,Monaco,R,108.545,30.346,50.636,27.563
TSU,Red Bull Racing,4.0,0 days 00:01:33.097000,0 days 00:00:30.659000,0 days 00:00:41.483000,0 days 00:00:20.955000,HARD,3.0,2.0,,,671,17.0,False,2025,Monaco,R,93.097,30.659,41.483,20.955
TSU,Red Bull Racing,5.0,0 days 00:01:18.663000,0 days 00:00:21.055000,0 days 00:00:36.977000,0 days 00:00:20.631000,HARD,4.0,2.0,,,1,17.0,False,2025,Monaco,R,78.663,21.055,36.977,20.631
TSU,Red Bull Racing,6.0,0 days 00:01:18.281000,0 days 00:00:20.891000,0 days 00:00:36.667000,0 days 00:00:20.723000,HARD,5.0,2.0,,,1,17.0,False,2025,Monaco,R,78.281,20.891,36.667,20.723
TSU,Red Bull Racing,7.0,0 days 00:01:19.157000,0 days 00:00:20.886000,0 days 00:00:37.098000,0 days 00:00:21.173000,HARD,6.0,2.0,,,1,17.0,False,2025,Monaco,R,79.157,20.886,37.098,21.173
TSU,Red Bull Racing,8.0,0 days 00:01:23.351000,0 days 00:00:21.096000,0 days 00:00:40.024000,0 days 00:00:22.231000,HARD,7.0,2.0,,,12,17.0,True,2025,Monaco,R,83.351,21.096,40.024,22.231
TSU,Red Bull Racing,9.0,0 days 00:01:19.611000,0 days 00:00:20.404000,0 days 00:00:37.584000,0 days 00:00:21.623000,HARD,8.0,2.0,,,2,17.0,False,2025,Monaco,R,79.611,20.404,37.584,21.623
TSU,Red Bull Racing,10.0,0 days 00:01:21.823000,0 days 00:00:21.099000,0 days 00:00:38.939000,0 days 00:00:21.785000,HARD,9.0,2.0,,,2,17.0,False,2025,Monaco,R,81.823,21.099,38.939,21.785
TSU,Red Bull Racing,11.0,0 days 00:01:20.088000,0 days 00:00:20.929000,0 days 00:00:37.890000,0 days 00:00:21.269000,HARD,10.0,2.0,,,21,17.0,False,2025,Monaco,R,80.088,20.929,37.89,21.269
TSU,Red Bull Racing,12.0,0 days 00:01:19.637000,0 days 00:00:20.862000,0 days 00:00:37.540000,0 days 00:00:21.235000,HARD,11.0,2.0,,,1,16.0,False,2025,Monaco,R,79.637,20.862,37.54,21.235
TSU,Red Bull Racing,13.0,0 days 00:01:19.301000,0 days 00:00:20.856000,0 days 00:00:37.714000,0 days 00:00:20.731000,HARD,12.0,2.0,,,1,15.0,False,2025,Monaco,R,79.301,20.856,37.714,20.731
TSU,Red Bull Racing,14.0,0 days 00:01:18.775000,0 days 00:00:20.772000,0 days 00:00:37.026000,0 days 00:00:20.977000,HARD,13.0,2.0,,,1,15.0,False,2025,Monaco,R,78.775,20.772,37.026,20.977
TSU,Red Bull Racing,15.0,0 days 00:01:19.086000,0 days 00:00:20.680000,0 days 00:00:37.202000,0 days 00:00:21.204000,HARD,14.0,2.0,,,1,15.0,False,2025,Monaco,R,79.086,20.68,37.202,21.204
TSU,Red Bull Racing,16.0,0 days 00:01:20.444000,0 days 00:00:20.925000,0 days 00:00:37.780000,0 days 00:00:21.739000,HARD,15.0,2.0,,,1,15.0,False,2025,Monaco,R,80.444,20.925,37.78,21.739
TSU,Red Bull Racing,17.0,0 days 00:01:21.081000,0 days 00:00:21.183000,0 days 00:00:38.321000,0 days 00:00:21.577000,HARD,16.0,2.0,,,1,14.0,False,2025,Monaco,R,81.081,21.183,38.321,21.577
TSU,Red Bull Racing,18.0,0 days 00:01:19.608000,0 days 00:00:20.927000,0 days 00:00:37.480000,0 days 00:00:21.201000,HARD,17.0,2.0,,,1,14.0,False,2025,Monaco,R,79.608,20.927,37.48,21.201
TSU,Red Bull Racing,19.0,0 days 00:01:19.752000,0 days 00:00:21.070000,0 days 00:00:37.720000,0 days 00:00:20.962000,HARD,18.0,2.0,,,1,14.0,False,2025,Monaco,R,79.752,21.07,37.72,20.962
TSU,Red Bull Racing,20.0,0 days 00:01:18.896000,0 days 00:00:20.827000,0 days 00:00:37.430000,0 days 00:00:20.639000,HARD,19.0,2.0,,,1,14.0,False,2025,Monaco,R,78.896,20.827,37.43,20.639
TSU,Red Bull Racing,21.0,0 days 00:01:17.885000,0 days 00:00:20.562000,0 days 00:00:36.776000,0 days 00:00:20.547000,HARD,20.0,2.0,,,1,14.0,False,2025,Monaco,R,77.885,20.562,36.776,20.547
TSU,Red Bull Racing,22.0,0 days 00:01:17.395000,0 days 00:00:20.332000,0 days 00:00:36.546000,0 days 00:00:20.517000,HARD,21.0,2.0,,,1,14.0,False,2025,Monaco,R,77.395,20.332,36.546,20.517
TSU,Red Bull Racing,23.0,0 days 00:01:16.933000,0 days 00:00:20.268000,0 days 00:00:36.241000,0 days 00:00:20.424000,HARD,22.0,2.0,,,1,14.0,False,2025,Monaco,R,76.933,20.268,36.241,20.424
TSU,Red Bull Racing,24.0,0 days 00:01:17.026000,0 days 00:00:20.125000,0 days 00:00:36.485000,0 days 00:00:20.416000,HARD,23.0,2.0,,,1,14.0,False,2025,Monaco,R,77.026,20.125,36.485,20.416
TSU,Red Bull Racing,25.0,0 days 00:01:18.413000,0 days 00:00:20.113000,0 days 00:00:36.980000,0 days 00:00:21.320000,HARD,24.0,2.0,,,1,14.0,False,2025,Monaco,R,78.413,20.113,36.98,21.32
TSU,Red Bull Racing,26.0,0 days 00:01:19.530000,0 days 00:00:21.007000,0 days 00:00:37.213000,0 days 00:00:21.310000,HARD,25.0,2.0,,,1,14.0,False,2025,Monaco,R,79.53,21.007,37.213,21.31
TSU,Red Bull Racing,27.0,0 days 00:01:19.565000,0 days 00:00:20.804000,0 days 00:00:37.494000,0 days 00:00:21.267000,HARD,26.0,2.0,,,1,14.0,False,2025,Monaco,R,79.565,20.804,37.494,21.267
TSU,Red Bull Racing,28.0,0 days 00:01:19.786000,0 days 00:00:20.978000,0 days 00:00:37.380000,0 days 00:00:21.428000,HARD,27.0,2.0,,,1,14.0,False,2025,Monaco,R,79.786,20.978,37.38,21.428
TSU,Red Bull Racing,29.0,0 days 00:01:19.313000,0 days 00:00:20.802000,0 days 00:00:37.243000,0 days 00:00:21.268000,HARD,28.0,2.0,,,1,14.0,False,2025,Monaco,R,79.313,20.802,37.243,21.268
TSU,Red Bull Racing,30.0,0 days 00:01:20.165000,0 days 00:00:21.304000,0 days 00:00:37.579000,0 days 00:00:21.282000,HARD,29.0,2.0,,,1,14.0,False,2025,Monaco,R,80.165,21.304,37.579,21.282
TSU,Red Bull Racing,31.0,0 days 00:01:20.088000,0 days 00:00:21.495000,0 days 00:00:37.505000,0 days 00:00:21.088000,HARD,30.0,2.0,,,1,14.0,False,2025,Monaco,R,80.088,21.495,37.505,21.088
TSU,Red Bull Racing,32.0,0 days 00:01:20.951000,0 days 00:00:21.563000,0 days 00:00:38.655000,0 days 00:00:20.733000,HARD,31.0,2.0,,,1,14.0,False,2025,Monaco,R,80.951,21.563,38.655,20.733
TSU,Red Bull Racing,33.0,0 days 00:01:18.035000,0 days 00:00:20.354000,0 days 00:00:36.853000,0 days 00:00:20.828000,HARD,32.0,2.0,,,1,14.0,False,2025,Monaco,R,78.035,20.354,36.853,20.828
TSU,Red Bull Racing,34.0,0 days 00:01:18.623000,0 days 00:00:20.607000,0 days 00:00:37.058000,0 days 00:00:20.958000,HARD,33.0,2.0,,,1,14.0,False,2025,Monaco,R,78.623,20.607,37.058,20.958
TSU,Red Bull Racing,35.0,0 days 00:01:20.269000,0 days 00:00:20.798000,0 days 00:00:37.443000,0 days 00:00:22.028000,HARD,34.0,2.0,,,1,14.0,False,2025,Monaco,R,80.269,20.798,37.443,22.028
TSU,Red Bull Racing,36.0,0 days 00:01:18.945000,0 days 00:00:20.810000,0 days 00:00:37.254000,0 days 00:00:20.881000,HARD,35.0,2.0,,,1,14.0,False,2025,Monaco,R,78.945,20.81,37.254,20.881
TSU,Red Bull Racing,37.0,0 days 00:01:18.933000,0 days 00:00:20.681000,0 days 00:00:37.202000,0 days 00:00:21.050000,HARD,36.0,2.0,,,12,13.0,False,2025,Monaco,R,78.933,20.681,37.202,21.05
TSU,Red Bull Racing,38.0,0 days 00:01:18.168000,0 days 00:00:20.426000,0 days 00:00:36.964000,0 days 00:00:20.778000,HARD,37.0,2.0,,,1,13.0,False,2025,Monaco,R,78.168,20.426,36.964,20.778
TSU,Red Bull Racing,39.0,0 days 00:01:18.879000,0 days 00:00:20.667000,0 days 00:00:37.289000,0 days 00:00:20.923000,HARD,38.0,2.0,,,1,13.0,False,2025,Monaco,R,78.879,20.667,37.289,20.923
TSU,Red Bull Racing,40.0,0 days 00:01:18.913000,0 days 00:00:20.591000,0 days 00:00:37.253000,0 days 00:00:21.069000,HARD,39.0,2.0,,,1,13.0,False,2025,Monaco,R,78.913,20.591,37.253,21.069
TSU,Red Bull Racing,41.0,0 days 00:01:18.272000,0 days 00:00:20.474000,0 days 00:00:37.090000,0 days 00:00:20.708000,HARD,40.0,2.0,,,1,13.0,False,2025,Monaco,R,78.272,20.474,37.09,20.708
TSU,Red Bull Racing,42.0,0 days 00:01:17.292000,0 days 00:00:20.098000,0 days 00:00:36.551000,0 days 00:00:20.643000,HARD,41.0,2.0,,,1,13.0,False,2025,Monaco,R,77.292,20.098,36.551,20.643
TSU,Red Bull Racing,43.0,0 days 00:01:18.050000,0 days 00:00:20.261000,0 days 00:00:37.014000,0 days 00:00:20.775000,HARD,42.0,2.0,,,1,13.0,False,2025,Monaco,R,78.05,20.261,37.014,20.775
TSU,Red Bull Racing,44.0,0 days 00:01:18.827000,0 days 00:00:20.596000,0 days 00:00:37.078000,0 days 00:00:21.153000,HARD,43.0,2.0,,,1,13.0,False,2025,Monaco,R,78.827,20.596,37.078,21.153
TSU,Red Bull Racing,45.0,0 days 00:01:19.266000,0 days 00:00:20.609000,0 days 00:00:37.751000,0 days 00:00:20.906000,HARD,44.0,2.0,,,1,13.0,False,2025,Monaco,R,79.266,20.609,37.751,20.906
TSU,Red Bull Racing,46.0,0 days 00:01:19.246000,0 days 00:00:20.706000,0 days 00:00:37.582000,0 days 00:00:20.958000,HARD,45.0,2.0,,,1,13.0,False,2025,Monaco,R,79.246,20.706,37.582,20.958
TSU,Red Bull Racing,47.0,0 days 00:01:20.203000,0 days 00:00:20.676000,0 days 00:00:38.516000,0 days 00:00:21.011000,HARD,46.0,2.0,,,1,13.0,False,2025,Monaco,R,80.203,20.676,38.516,21.011
TSU,Red Bull Racing,48.0,0 days 00:01:18.979000,0 days 00:00:20.724000,0 days 00:00:37.437000,0 days 00:00:20.818000,HARD,47.0,2.0,,,1,13.0,False,2025,Monaco,R,78.979,20.724,37.437,20.818
TSU,Red Bull Racing,49.0,0 days 00:01:17.998000,0 days 00:00:20.189000,0 days 00:00:36.962000,0 days 00:00:20.847000,HARD,48.0,2.0,,,1,13.0,False,2025,Monaco,R,77.998,20.189,36.962,20.847
TSU,Red Bull Racing,50.0,0 days 00:01:19.205000,0 days 00:00:20.616000,0 days 00:00:37.502000,0 days 00:00:21.087000,HARD,49.0,2.0,,,1,13.0,False,2025,Monaco,R,79.205,20.616,37.502,21.087
TSU,Red Bull Racing,51.0,0 days 00:01:20.267000,0 days 00:00:20.423000,0 days 00:00:37.604000,0 days 00:00:22.240000,HARD,50.0,2.0,,,1,13.0,False,2025,Monaco,R,80.267,20.423,37.604,22.24
TSU,Red Bull Racing,52.0,0 days 00:01:21.891000,0 days 00:00:20.923000,0 days 00:00:38.889000,0 days 00:00:22.079000,HARD,51.0,2.0,,,1,13.0,False,2025,Monaco,R,81.891,20.923,38.889,22.079
TSU,Red Bull Racing,53.0,0 days 00:01:19.395000,0 days 00:00:20.861000,0 days 00:00:37.350000,0 days 00:00:21.184000,HARD,52.0,2.0,,,1,13.0,False,2025,Monaco,R,79.395,20.861,37.35,21.184
TSU,Red Bull Racing,54.0,0 days 00:01:19.566000,0 days 00:00:20.993000,0 days 00:00:37.495000,0 days 00:00:21.078000,HARD,53.0,2.0,,,1,13.0,False,2025,Monaco,R,79.566,20.993,37.495,21.078
TSU,Red Bull Racing,55.0,0 days 00:01:18.811000,0 days 00:00:20.522000,0 days 00:00:37.290000,0 days 00:00:20.999000,HARD,54.0,2.0,,,1,13.0,False,2025,Monaco,R,78.811,20.522,37.29,20.999
TSU,Red Bull Racing,56.0,0 days 00:01:18.408000,0 days 00:00:20.499000,0 days 00:00:37.026000,0 days 00:00:20.883000,HARD,55.0,2.0,,,1,13.0,False,2025,Monaco,R,78.408,20.499,37.026,20.883
TSU,Red Bull Racing,57.0,0 days 00:01:18.497000,0 days 00:00:20.449000,0 days 00:00:37.102000,0 days 00:00:20.946000,HARD,56.0,2.0,,,1,13.0,False,2025,Monaco,R,78.497,20.449,37.102,20.946
TSU,Red Bull Racing,58.0,0 days 00:01:18.253000,0 days 00:00:20.183000,0 days 00:00:37.071000,0 days 00:00:20.999000,HARD,57.0,2.0,,,1,13.0,False,2025,Monaco,R,78.253,20.183,37.071,20.999
TSU,Red Bull Racing,59.0,0 days 00:01:19.028000,0 days 00:00:20.736000,0 days 00:00:37.412000,0 days 00:00:20.880000,HARD,58.0,2.0,,,1,13.0,False,2025,Monaco,R,79.028,20.736,37.412,20.88
TSU,Red Bull Racing,60.0,0 days 00:01:18.810000,0 days 00:00:20.485000,0 days 00:00:37.386000,0 days 00:00:20.939000,HARD,59.0,2.0,,,1,13.0,False,2025,Monaco,R,78.81,20.485,37.386,20.939
TSU,Red Bull Racing,61.0,0 days 00:01:18.547000,0 days 00:00:20.249000,0 days 00:00:37.332000,0 days 00:00:20.966000,HARD,60.0,2.0,,,1,13.0,False,2025,Monaco,R,78.547,20.249,37.332,20.966
TSU,Red Bull Racing,62.0,0 days 00:01:18.430000,0 days 00:00:20.205000,0 days 00:00:37.246000,0 days 00:00:20.979000,HARD,61.0,2.0,,,1,13.0,False,2025,Monaco,R,78.43,20.205,37.246,20.979
TSU,Red Bull Racing,63.0,0 days 00:01:18.923000,0 days 00:00:20.500000,0 days 00:00:37.194000,0 days 00:00:21.229000,HARD,62.0,2.0,,,1,13.0,False,2025,Monaco,R,78.923,20.5,37.194,21.229
TSU,Red Bull Racing,64.0,0 days 00:01:18.512000,0 days 00:00:20.460000,0 days 00:00:37.080000,0 days 00:00:20.972000,HARD,63.0,2.0,,,1,13.0,False,2025,Monaco,R,78.512,20.46,37.08,20.972
TSU,Red Bull Racing,65.0,0 days 00:01:17.611000,0 days 00:00:20.035000,0 days 00:00:36.828000,0 days 00:00:20.748000,HARD,64.0,2.0,,,1,13.0,False,2025,Monaco,R,77.611,20.035,36.828,20.748
TSU,Red Bull Racing,66.0,0 days 00:01:17.610000,0 days 00:00:20.104000,0 days 00:00:37.102000,0 days 00:00:20.404000,HARD,65.0,2.0,,,1,13.0,False,2025,Monaco,R,77.61,20.104,37.102,20.404
TSU,Red Bull Racing,67.0,0 days 00:01:15.969000,0 days 00:00:19.904000,0 days 00:00:35.962000,0 days 00:00:20.103000,HARD,66.0,2.0,,,1,13.0,False,2025,Monaco,R,75.969,19.904,35.962,20.103
TSU,Red Bull Racing,68.0,0 days 00:01:15.966000,0 days 00:00:19.717000,0 days 00:00:36.084000,0 days 00:00:20.165000,HARD,67.0,2.0,,,1,13.0,False,2025,Monaco,R,75.966,19.717,36.084,20.165
TSU,Red Bull Racing,69.0,0 days 00:01:18.332000,0 days 00:00:19.727000,0 days 00:00:38.085000,0 days 00:00:20.520000,HARD,68.0,2.0,,,1,12.0,False,2025,Monaco,R,78.332,19.727,38.085,20.52
TSU,Red Bull Racing,70.0,0 days 00:01:16.046000,0 days 00:00:19.803000,0 days 00:00:36.101000,0 days 00:00:20.142000,HARD,69.0,2.0,,,1,12.0,False,2025,Monaco,R,76.046,19.803,36.101,20.142
TSU,Red Bull Racing,71.0,0 days 00:01:15.607000,0 days 00:00:19.779000,0 days 00:00:35.830000,0 days 00:00:19.998000,HARD,70.0,2.0,,,1,12.0,False,2025,Monaco,R,75.607,19.779,35.83,19.998
TSU,Red Bull Racing,72.0,0 days 00:01:15.320000,0 days 00:00:19.713000,0 days 00:00:35.682000,0 days 00:00:19.925000,HARD,71.0,2.0,,,1,12.0,False,2025,Monaco,R,75.32,19.713,35.682,19.925
TSU,Red Bull Racing,73.0,0 days 00:01:31.926000,0 days 00:00:19.623000,0 days 00:00:35.537000,0 days 00:00:36.766000,HARD,72.0,2.0,0 days 02:33:41.231000,,1,17.0,False,2025,Monaco,R,91.926,19.623,35.537,36.766
TSU,Red Bull Racing,74.0,0 days 00:01:19.467000,0 days 00:00:23.105000,0 days 00:00:36.228000,0 days 00:00:20.134000,MEDIUM,1.0,3.0,,0 days 02:34:05.123000,1,17.0,False,2025,Monaco,R,79.467,23.105,36.228,20.134
TSU,Red Bull Racing,75.0,0 days 00:01:14.913000,0 days 00:00:19.624000,0 days 00:00:35.388000,0 days 00:00:19.901000,MEDIUM,2.0,3.0,,,1,17.0,False,2025,Monaco,R,74.913,19.624,35.388,19.901
TSU,Red Bull Racing,76.0,0 days 00:01:15.886000,0 days 00:00:19.262000,0 days 00:00:35.731000,0 days 00:00:20.893000,MEDIUM,3.0,3.0,,,1,17.0,False,2025,Monaco,R,75.886,19.262,35.731,20.893
ALB,Williams,1.0,0 days 00:01:31.479000,,0 days 00:00:40.146000,0 days 00:00:22.030000,MEDIUM,5.0,1.0,,,12,10.0,False,2025,Monaco,R,91.479,,40.146,22.03
ALB,Williams,2.0,0 days 00:01:52.152000,0 days 00:00:38.401000,0 days 00:00:47.108000,0 days 00:00:26.643000,MEDIUM,6.0,1.0,,,16,10.0,False,2025,Monaco,R,112.152,38.401,47.108,26.643
ALB,Williams,3.0,0 days 00:01:48.346000,0 days 00:00:30.845000,0 days 00:00:48.338000,0 days 00:00:29.163000,MEDIUM,7.0,1.0,,,6,10.0,False,2025,Monaco,R,108.346,30.845,48.338,29.163
ALB,Williams,4.0,0 days 00:01:36.006000,0 days 00:00:29.942000,0 days 00:00:44.769000,0 days 00:00:21.295000,MEDIUM,8.0,1.0,,,671,10.0,False,2025,Monaco,R,96.006,29.942,44.769,21.295
ALB,Williams,5.0,0 days 00:01:20.465000,0 days 00:00:21.014000,0 days 00:00:38.074000,0 days 00:00:21.377000,MEDIUM,9.0,1.0,,,1,10.0,False,2025,Monaco,R,80.465,21.014,38.074,21.377
ALB,Williams,6.0,0 days 00:01:21.426000,0 days 00:00:21.354000,0 days 00:00:38.432000,0 days 00:00:21.640000,MEDIUM,10.0,1.0,,,1,10.0,False,2025,Monaco,R,81.426,21.354,38.432,21.64
ALB,Williams,7.0,0 days 00:01:21.287000,0 days 00:00:21.272000,0 days 00:00:38.715000,0 days 00:00:21.300000,MEDIUM,11.0,1.0,,,1,10.0,False,2025,Monaco,R,81.287,21.272,38.715,21.3
ALB,Williams,8.0,0 days 00:01:20.471000,0 days 00:00:21.348000,0 days 00:00:37.673000,0 days 00:00:21.450000,MEDIUM,12.0,1.0,,,12,10.0,False,2025,Monaco,R,80.471,21.348,37.673,21.45
ALB,Williams,9.0,0 days 00:01:24.151000,0 days 00:00:21.405000,0 days 00:00:40.877000,0 days 00:00:21.869000,MEDIUM,13.0,1.0,,,2,10.0,False,2025,Monaco,R,84.151,21.405,40.877,21.869
ALB,Williams,10.0,0 days 00:01:21.528000,0 days 00:00:21.435000,0 days 00:00:38.773000,0 days 00:00:21.320000,MEDIUM,14.0,1.0,,,2,10.0,False,2025,Monaco,R,81.528,21.435,38.773,21.32
ALB,Williams,11.0,0 days 00:01:19.447000,0 days 00:00:21.057000,0 days 00:00:37.217000,0 days 00:00:21.173000,MEDIUM,15.0,1.0,,,21,10.0,False,2025,Monaco,R,79.447,21.057,37.217,21.173
ALB,Williams,12.0,0 days 00:01:19.660000,0 days 00:00:21.127000,0 days 00:00:37.603000,0 days 00:00:20.930000,MEDIUM,16.0,1.0,,,1,10.0,False,2025,Monaco,R,79.66,21.127,37.603,20.93
ALB,Williams,13.0,0 days 00:01:19.244000,0 days 00:00:21.144000,0 days 00:00:37.200000,0 days 00:00:20.900000,MEDIUM,17.0,1.0,,,1,10.0,False,2025,Monaco,R,79.244,21.144,37.2,20.9
ALB,Williams,14.0,0 days 00:01:19.817000,0 days 00:00:21.334000,0 days 00:00:37.341000,0 days 00:00:21.142000,MEDIUM,18.0,1.0,,,1,10.0,False,2025,Monaco,R,79.817,21.334,37.341,21.142
ALB,Williams,15.0,0 days 00:01:20.143000,0 days 00:00:20.872000,0 days 00:00:37.708000,0 days 00:00:21.563000,MEDIUM,19.0,1.0,,,1,10.0,False,2025,Monaco,R,80.143,20.872,37.708,21.563
ALB,Williams,16.0,0 days 00:01:20.692000,0 days 00:00:21.145000,0 days 00:00:38.161000,0 days 00:00:21.386000,MEDIUM,20.0,1.0,,,1,10.0,False,2025,Monaco,R,80.692,21.145,38.161,21.386
ALB,Williams,17.0,0 days 00:01:20.978000,0 days 00:00:21.574000,0 days 00:00:38.014000,0 days 00:00:21.390000,MEDIUM,21.0,1.0,,,1,10.0,False,2025,Monaco,R,80.978,21.574,38.014,21.39
ALB,Williams,18.0,0 days 00:01:20.235000,0 days 00:00:21.198000,0 days 00:00:37.628000,0 days 00:00:21.409000,MEDIUM,22.0,1.0,,,1,10.0,False,2025,Monaco,R,80.235,21.198,37.628,21.409
ALB,Williams,19.0,0 days 00:01:19.279000,0 days 00:00:21.045000,0 days 00:00:37.003000,0 days 00:00:21.231000,MEDIUM,23.0,1.0,,,1,10.0,False,2025,Monaco,R,79.279,21.045,37.003,21.231
ALB,Williams,20.0,0 days 00:01:17.928000,0 days 00:00:20.723000,0 days 00:00:36.668000,0 days 00:00:20.537000,MEDIUM,24.0,1.0,,,1,10.0,False,2025,Monaco,R,77.928,20.723,36.668,20.537
ALB,Williams,21.0,0 days 00:01:17.096000,0 days 00:00:20.289000,0 days 00:00:36.265000,0 days 00:00:20.542000,MEDIUM,25.0,1.0,,,1,10.0,False,2025,Monaco,R,77.096,20.289,36.265,20.542
ALB,Williams,22.0,0 days 00:01:17.001000,0 days 00:00:20.270000,0 days 00:00:36.252000,0 days 00:00:20.479000,MEDIUM,26.0,1.0,,,1,10.0,False,2025,Monaco,R,77.001,20.27,36.252,20.479
ALB,Williams,23.0,0 days 00:01:16.556000,0 days 00:00:20.223000,0 days 00:00:36.046000,0 days 00:00:20.287000,MEDIUM,27.0,1.0,,,1,10.0,False,2025,Monaco,R,76.556,20.223,36.046,20.287
ALB,Williams,24.0,0 days 00:01:16.954000,0 days 00:00:20.329000,0 days 00:00:36.173000,0 days 00:00:20.452000,MEDIUM,28.0,1.0,,,1,10.0,False,2025,Monaco,R,76.954,20.329,36.173,20.452
ALB,Williams,25.0,0 days 00:01:17.653000,0 days 00:00:20.319000,0 days 00:00:36.620000,0 days 00:00:20.714000,MEDIUM,29.0,1.0,,,1,10.0,False,2025,Monaco,R,77.653,20.319,36.62,20.714
ALB,Williams,26.0,0 days 00:01:17.264000,0 days 00:00:20.321000,0 days 00:00:36.319000,0 days 00:00:20.624000,MEDIUM,30.0,1.0,,,1,10.0,False,2025,Monaco,R,77.264,20.321,36.319,20.624
ALB,Williams,27.0,0 days 00:01:17.185000,0 days 00:00:20.491000,0 days 00:00:36.250000,0 days 00:00:20.444000,MEDIUM,31.0,1.0,,,1,10.0,False,2025,Monaco,R,77.185,20.491,36.25,20.444
ALB,Williams,28.0,0 days 00:01:16.701000,0 days 00:00:20.151000,0 days 00:00:36.150000,0 days 00:00:20.400000,MEDIUM,32.0,1.0,,,1,9.0,False,2025,Monaco,R,76.701,20.151,36.15,20.4
ALB,Williams,29.0,0 days 00:01:16.969000,0 days 00:00:20.264000,0 days 00:00:36.280000,0 days 00:00:20.425000,MEDIUM,33.0,1.0,,,1,9.0,False,2025,Monaco,R,76.969,20.264,36.28,20.425
ALB,Williams,30.0,0 days 00:01:16.888000,0 days 00:00:20.317000,0 days 00:00:36.201000,0 days 00:00:20.370000,MEDIUM,34.0,1.0,,,1,9.0,False,2025,Monaco,R,76.888,20.317,36.201,20.37
ALB,Williams,31.0,0 days 00:01:16.870000,0 days 00:00:20.215000,0 days 00:00:36.160000,0 days 00:00:20.495000,MEDIUM,35.0,1.0,,,1,8.0,False,2025,Monaco,R,76.87,20.215,36.16,20.495
ALB,Williams,32.0,0 days 00:01:32.994000,0 days 00:00:20.118000,0 days 00:00:35.999000,0 days 00:00:36.877000,MEDIUM,36.0,1.0,0 days 01:39:40.820000,,1,9.0,False,2025,Monaco,R,92.994,20.118,35.999,36.877
ALB,Williams,33.0,0 days 00:01:22.236000,0 days 00:00:24.385000,0 days 00:00:37.059000,0 days 00:00:20.792000,MEDIUM,9.0,2.0,,0 days 01:40:04.702000,1,10.0,False,2025,Monaco,R,82.236,24.385,37.059,20.792
ALB,Williams,34.0,0 days 00:01:20.232000,0 days 00:00:21.639000,0 days 00:00:38.239000,0 days 00:00:20.354000,MEDIUM,10.0,2.0,,,1,10.0,False,2025,Monaco,R,80.232,21.639,38.239,20.354
ALB,Williams,35.0,0 days 00:01:16.381000,0 days 00:00:20.045000,0 days 00:00:35.979000,0 days 00:00:20.357000,MEDIUM,11.0,2.0,,,1,10.0,False,2025,Monaco,R,76.381,20.045,35.979,20.357
ALB,Williams,36.0,0 days 00:01:16.185000,0 days 00:00:20.043000,0 days 00:00:35.854000,0 days 00:00:20.288000,MEDIUM,12.0,2.0,,,1,10.0,False,2025,Monaco,R,76.185,20.043,35.854,20.288
ALB,Williams,37.0,0 days 00:01:16.153000,0 days 00:00:20.065000,0 days 00:00:35.843000,0 days 00:00:20.245000,MEDIUM,13.0,2.0,,,12,9.0,False,2025,Monaco,R,76.153,20.065,35.843,20.245
ALB,Williams,38.0,0 days 00:01:15.529000,0 days 00:00:19.849000,0 days 00:00:35.636000,0 days 00:00:20.044000,MEDIUM,14.0,2.0,,,1,9.0,False,2025,Monaco,R,75.529,19.849,35.636,20.044
ALB,Williams,39.0,0 days 00:01:15.303000,0 days 00:00:19.878000,0 days 00:00:35.511000,0 days 00:00:19.914000,MEDIUM,15.0,2.0,,,1,9.0,False,2025,Monaco,R,75.303,19.878,35.511,19.914
ALB,Williams,40.0,0 days 00:01:32.156000,0 days 00:00:19.670000,0 days 00:00:35.565000,0 days 00:00:36.921000,MEDIUM,16.0,2.0,0 days 01:50:14.937000,,1,9.0,False,2025,Monaco,R,92.156,19.67,35.565,36.921
ALB,Williams,41.0,0 days 00:01:21.398000,0 days 00:00:23.718000,0 days 00:00:37.051000,0 days 00:00:20.629000,HARD,1.0,3.0,,0 days 01:50:38.922000,1,9.0,False,2025,Monaco,R,81.398,23.718,37.051,20.629
ALB,Williams,42.0,0 days 00:01:18.819000,0 days 00:00:20.163000,0 days 00:00:38.224000,0 days 00:00:20.432000,HARD,2.0,3.0,,,1,10.0,False,2025,Monaco,R,78.819,20.163,38.224,20.432
ALB,Williams,43.0,0 days 00:01:18.638000,0 days 00:00:20.484000,0 days 00:00:37.232000,0 days 00:00:20.922000,HARD,3.0,3.0,,,1,10.0,False,2025,Monaco,R,78.638,20.484,37.232,20.922
ALB,Williams,44.0,0 days 00:01:19.225000,0 days 00:00:20.384000,0 days 00:00:37.633000,0 days 00:00:21.208000,HARD,4.0,3.0,,,1,10.0,False,2025,Monaco,R,79.225,20.384,37.633,21.208
ALB,Williams,45.0,0 days 00:01:19.224000,0 days 00:00:20.454000,0 days 00:00:37.614000,0 days 00:00:21.156000,HARD,5.0,3.0,,,1,10.0,False,2025,Monaco,R,79.224,20.454,37.614,21.156
ALB,Williams,46.0,0 days 00:01:19.332000,0 days 00:00:20.746000,0 days 00:00:37.549000,0 days 00:00:21.037000,HARD,6.0,3.0,,,1,10.0,False,2025,Monaco,R,79.332,20.746,37.549,21.037
ALB,Williams,47.0,0 days 00:01:19.173000,0 days 00:00:20.762000,0 days 00:00:37.595000,0 days 00:00:20.816000,HARD,7.0,3.0,,,1,10.0,False,2025,Monaco,R,79.173,20.762,37.595,20.816
ALB,Williams,48.0,0 days 00:01:20.193000,0 days 00:00:21.133000,0 days 00:00:38.049000,0 days 00:00:21.011000,HARD,8.0,3.0,,,1,11.0,False,2025,Monaco,R,80.193,21.133,38.049,21.011
ALB,Williams,49.0,0 days 00:01:18.234000,0 days 00:00:20.281000,0 days 00:00:37.284000,0 days 00:00:20.669000,HARD,9.0,3.0,,,1,11.0,False,2025,Monaco,R,78.234,20.281,37.284,20.669
ALB,Williams,50.0,0 days 00:01:19.166000,0 days 00:00:20.683000,0 days 00:00:37.742000,0 days 00:00:20.741000,HARD,10.0,3.0,,,1,11.0,False,2025,Monaco,R,79.166,20.683,37.742,20.741
ALB,Williams,51.0,0 days 00:01:19.828000,0 days 00:00:20.371000,0 days 00:00:38.125000,0 days 00:00:21.332000,HARD,11.0,3.0,,,1,11.0,False,2025,Monaco,R,79.828,20.371,38.125,21.332
ALB,Williams,52.0,0 days 00:01:20.130000,0 days 00:00:21.241000,0 days 00:00:37.434000,0 days 00:00:21.455000,HARD,12.0,3.0,,,1,11.0,False,2025,Monaco,R,80.13,21.241,37.434,21.455
ALB,Williams,53.0,0 days 00:01:19.403000,0 days 00:00:20.534000,0 days 00:00:38.232000,0 days 00:00:20.637000,HARD,13.0,3.0,,,1,11.0,False,2025,Monaco,R,79.403,20.534,38.232,20.637
ALB,Williams,54.0,0 days 00:01:17.389000,0 days 00:00:20.284000,0 days 00:00:36.770000,0 days 00:00:20.335000,HARD,14.0,3.0,,,1,11.0,False,2025,Monaco,R,77.389,20.284,36.77,20.335
ALB,Williams,55.0,0 days 00:01:17.086000,0 days 00:00:19.954000,0 days 00:00:36.167000,0 days 00:00:20.965000,HARD,15.0,3.0,,,1,11.0,False,2025,Monaco,R,77.086,19.954,36.167,20.965
ALB,Williams,56.0,0 days 00:01:19.159000,0 days 00:00:20.769000,0 days 00:00:37.237000,0 days 00:00:21.153000,HARD,16.0,3.0,,,1,11.0,False,2025,Monaco,R,79.159,20.769,37.237,21.153
ALB,Williams,57.0,0 days 00:01:16.136000,0 days 00:00:20.201000,0 days 00:00:35.774000,0 days 00:00:20.161000,HARD,17.0,3.0,,,1,11.0,False,2025,Monaco,R,76.136,20.201,35.774,20.161
ALB,Williams,58.0,0 days 00:01:15.795000,0 days 00:00:19.882000,0 days 00:00:35.922000,0 days 00:00:19.991000,HARD,18.0,3.0,,,1,11.0,False,2025,Monaco,R,75.795,19.882,35.922,19.991
ALB,Williams,59.0,0 days 00:01:15.509000,0 days 00:00:19.804000,0 days 00:00:35.693000,0 days 00:00:20.012000,HARD,19.0,3.0,,,1,11.0,False,2025,Monaco,R,75.509,19.804,35.693,20.012
ALB,Williams,60.0,0 days 00:01:15.726000,0 days 00:00:19.751000,0 days 00:00:35.816000,0 days 00:00:20.159000,HARD,20.0,3.0,,,1,11.0,False,2025,Monaco,R,75.726,19.751,35.816,20.159
ALB,Williams,61.0,0 days 00:01:16.046000,0 days 00:00:19.846000,0 days 00:00:36.049000,0 days 00:00:20.151000,HARD,21.0,3.0,,,1,11.0,False,2025,Monaco,R,76.046,19.846,36.049,20.151
ALB,Williams,62.0,0 days 00:01:16.370000,0 days 00:00:19.869000,0 days 00:00:36.111000,0 days 00:00:20.390000,HARD,22.0,3.0,,,1,10.0,False,2025,Monaco,R,76.37,19.869,36.111,20.39
ALB,Williams,63.0,0 days 00:01:15.082000,0 days 00:00:19.698000,0 days 00:00:35.392000,0 days 00:00:19.992000,HARD,23.0,3.0,,,1,10.0,False,2025,Monaco,R,75.082,19.698,35.392,19.992
ALB,Williams,64.0,0 days 00:01:16.228000,0 days 00:00:19.935000,0 days 00:00:36.166000,0 days 00:00:20.127000,HARD,24.0,3.0,,,1,9.0,False,2025,Monaco,R,76.228,19.935,36.166,20.127
ALB,Williams,65.0,0 days 00:01:15.156000,0 days 00:00:19.780000,0 days 00:00:35.529000,0 days 00:00:19.847000,HARD,25.0,3.0,,,1,9.0,False,2025,Monaco,R,75.156,19.78,35.529,19.847
ALB,Williams,66.0,0 days 00:01:14.870000,0 days 00:00:19.750000,0 days 00:00:35.383000,0 days 00:00:19.737000,HARD,26.0,3.0,,,1,9.0,False,2025,Monaco,R,74.87,19.75,35.383,19.737
ALB,Williams,67.0,0 days 00:01:14.928000,0 days 00:00:19.653000,0 days 00:00:35.443000,0 days 00:00:19.832000,HARD,27.0,3.0,,,1,9.0,False,2025,Monaco,R,74.928,19.653,35.443,19.832
ALB,Williams,68.0,0 days 00:01:14.885000,0 days 00:00:19.623000,0 days 00:00:35.498000,0 days 00:00:19.764000,HARD,28.0,3.0,,,1,9.0,False,2025,Monaco,R,74.885,19.623,35.498,19.764
ALB,Williams,69.0,0 days 00:01:16.790000,0 days 00:00:19.819000,0 days 00:00:36.448000,0 days 00:00:20.523000,HARD,29.0,3.0,,,1,9.0,False,2025,Monaco,R,76.79,19.819,36.448,20.523
ALB,Williams,70.0,0 days 00:01:16.010000,0 days 00:00:20.001000,0 days 00:00:35.800000,0 days 00:00:20.209000,HARD,30.0,3.0,,,1,9.0,False,2025,Monaco,R,76.01,20.001,35.8,20.209
ALB,Williams,71.0,0 days 00:01:15.751000,0 days 00:00:19.777000,0 days 00:00:35.793000,0 days 00:00:20.181000,HARD,31.0,3.0,,,1,9.0,False,2025,Monaco,R,75.751,19.777,35.793,20.181
ALB,Williams,72.0,0 days 00:01:15.870000,0 days 00:00:19.934000,0 days 00:00:35.768000,0 days 00:00:20.168000,HARD,32.0,3.0,,,1,9.0,False,2025,Monaco,R,75.87,19.934,35.768,20.168
ALB,Williams,73.0,0 days 00:01:15.150000,0 days 00:00:19.815000,0 days 00:00:35.545000,0 days 00:00:19.790000,HARD,33.0,3.0,,,1,9.0,False,2025,Monaco,R,75.15,19.815,35.545,19.79
ALB,Williams,74.0,0 days 00:01:14.597000,0 days 00:00:19.592000,0 days 00:00:35.332000,0 days 00:00:19.673000,HARD,34.0,3.0,,,1,9.0,False,2025,Monaco,R,74.597,19.592,35.332,19.673
ALB,Williams,75.0,0 days 00:01:14.600000,0 days 00:00:19.565000,0 days 00:00:35.364000,0 days 00:00:19.671000,HARD,35.0,3.0,,,1,9.0,False,2025,Monaco,R,74.6,19.565,35.364,19.671
ALB,Williams,76.0,0 days 00:01:14.776000,0 days 00:00:19.564000,0 days 00:00:35.374000,0 days 00:00:19.838000,HARD,36.0,3.0,,,1,9.0,False,2025,Monaco,R,74.776,19.564,35.374,19.838
HUL,Kick Sauber,1.0,0 days 00:01:32.788000,,0 days 00:00:40.324000,0 days 00:00:22.118000,MEDIUM,1.0,1.0,,,12,12.0,False,2025,Monaco,R,92.788,,40.324,22.118
HUL,Kick Sauber,2.0,0 days 00:01:52.404000,0 days 00:00:39.508000,0 days 00:00:47.565000,0 days 00:00:25.331000,MEDIUM,2.0,1.0,,,16,12.0,False,2025,Monaco,R,112.404,39.508,47.565,25.331
HUL,Kick Sauber,3.0,0 days 00:01:48.106000,0 days 00:00:31.084000,0 days 00:00:48.213000,0 days 00:00:28.809000,MEDIUM,3.0,1.0,,,6,12.0,False,2025,Monaco,R,108.106,31.084,48.213,28.809
HUL,Kick Sauber,4.0,0 days 00:01:36.696000,0 days 00:00:30.734000,0 days 00:00:44.625000,0 days 00:00:21.337000,MEDIUM,4.0,1.0,,,671,12.0,False,2025,Monaco,R,96.696,30.734,44.625,21.337
HUL,Kick Sauber,5.0,0 days 00:01:20.475000,0 days 00:00:21.179000,0 days 00:00:37.573000,0 days 00:00:21.723000,MEDIUM,5.0,1.0,,,1,12.0,False,2025,Monaco,R,80.475,21.179,37.573,21.723
HUL,Kick Sauber,6.0,0 days 00:01:20.974000,0 days 00:00:21.301000,0 days 00:00:37.833000,0 days 00:00:21.840000,MEDIUM,6.0,1.0,,,1,12.0,False,2025,Monaco,R,80.974,21.301,37.833,21.84
HUL,Kick Sauber,7.0,0 days 00:01:21.264000,0 days 00:00:21.405000,0 days 00:00:38.176000,0 days 00:00:21.683000,MEDIUM,7.0,1.0,,,1,12.0,False,2025,Monaco,R,81.264,21.405,38.176,21.683
HUL,Kick Sauber,8.0,0 days 00:01:20.300000,0 days 00:00:21.160000,0 days 00:00:37.853000,0 days 00:00:21.287000,MEDIUM,8.0,1.0,,,12,12.0,False,2025,Monaco,R,80.3,21.16,37.853,21.287
HUL,Kick Sauber,9.0,0 days 00:01:24.031000,0 days 00:00:21.082000,0 days 00:00:41.050000,0 days 00:00:21.899000,MEDIUM,9.0,1.0,,,2,12.0,False,2025,Monaco,R,84.031,21.082,41.05,21.899
HUL,Kick Sauber,10.0,0 days 00:01:21.507000,0 days 00:00:21.142000,0 days 00:00:38.955000,0 days 00:00:21.410000,MEDIUM,10.0,1.0,,,2,12.0,False,2025,Monaco,R,81.507,21.142,38.955,21.41
HUL,Kick Sauber,11.0,0 days 00:01:19.404000,0 days 00:00:20.899000,0 days 00:00:37.338000,0 days 00:00:21.167000,MEDIUM,11.0,1.0,,,21,12.0,False,2025,Monaco,R,79.404,20.899,37.338,21.167
HUL,Kick Sauber,12.0,0 days 00:01:36.743000,0 days 00:00:21.116000,0 days 00:00:37.719000,0 days 00:00:37.908000,MEDIUM,12.0,1.0,0 days 01:13:40.488000,,1,19.0,False,2025,Monaco,R,96.743,21.116,37.719,37.908
HUL,Kick Sauber,13.0,0 days 00:01:18.279000,0 days 00:00:22.322000,0 days 00:00:35.879000,0 days 00:00:20.078000,HARD,1.0,2.0,,0 days 01:14:04.463000,1,18.0,False,2025,Monaco,R,78.279,22.322,35.879,20.078
HUL,Kick Sauber,14.0,0 days 00:01:16.106000,0 days 00:00:20.278000,0 days 00:00:35.598000,0 days 00:00:20.230000,HARD,2.0,2.0,,,1,18.0,False,2025,Monaco,R,76.106,20.278,35.598,20.23
HUL,Kick Sauber,15.0,0 days 00:01:16.553000,0 days 00:00:20.234000,0 days 00:00:35.781000,0 days 00:00:20.538000,HARD,3.0,2.0,,,1,18.0,False,2025,Monaco,R,76.553,20.234,35.781,20.538
HUL,Kick Sauber,16.0,0 days 00:01:18.317000,0 days 00:00:20.418000,0 days 00:00:36.555000,0 days 00:00:21.344000,HARD,4.0,2.0,,,1,18.0,False,2025,Monaco,R,78.317,20.418,36.555,21.344
HUL,Kick Sauber,17.0,0 days 00:01:19.969000,0 days 00:00:21.133000,0 days 00:00:37.720000,0 days 00:00:21.116000,HARD,5.0,2.0,,,1,16.0,False,2025,Monaco,R,79.969,21.133,37.72,21.116
HUL,Kick Sauber,18.0,0 days 00:01:18.044000,0 days 00:00:20.535000,0 days 00:00:36.604000,0 days 00:00:20.905000,HARD,6.0,2.0,,,1,16.0,False,2025,Monaco,R,78.044,20.535,36.604,20.905
HUL,Kick Sauber,19.0,0 days 00:01:19.058000,0 days 00:00:20.794000,0 days 00:00:37.368000,0 days 00:00:20.896000,HARD,7.0,2.0,,,1,16.0,False,2025,Monaco,R,79.058,20.794,37.368,20.896
HUL,Kick Sauber,20.0,0 days 00:01:19.381000,0 days 00:00:20.840000,0 days 00:00:37.388000,0 days 00:00:21.153000,HARD,8.0,2.0,,,1,16.0,False,2025,Monaco,R,79.381,20.84,37.388,21.153
HUL,Kick Sauber,21.0,0 days 00:01:18.150000,0 days 00:00:20.547000,0 days 00:00:36.837000,0 days 00:00:20.766000,HARD,9.0,2.0,,,1,16.0,False,2025,Monaco,R,78.15,20.547,36.837,20.766
HUL,Kick Sauber,22.0,0 days 00:01:17.509000,0 days 00:00:20.326000,0 days 00:00:36.551000,0 days 00:00:20.632000,HARD,10.0,2.0,,,1,16.0,False,2025,Monaco,R,77.509,20.326,36.551,20.632
HUL,Kick Sauber,23.0,0 days 00:01:17.557000,0 days 00:00:20.432000,0 days 00:00:36.453000,0 days 00:00:20.672000,HARD,11.0,2.0,,,1,16.0,False,2025,Monaco,R,77.557,20.432,36.453,20.672
HUL,Kick Sauber,24.0,0 days 00:01:17.055000,0 days 00:00:20.271000,0 days 00:00:36.348000,0 days 00:00:20.436000,HARD,12.0,2.0,,,1,16.0,False,2025,Monaco,R,77.055,20.271,36.348,20.436
HUL,Kick Sauber,25.0,0 days 00:01:17.538000,0 days 00:00:20.238000,0 days 00:00:36.493000,0 days 00:00:20.807000,HARD,13.0,2.0,,,1,16.0,False,2025,Monaco,R,77.538,20.238,36.493,20.807
HUL,Kick Sauber,26.0,0 days 00:01:18.724000,0 days 00:00:20.551000,0 days 00:00:37.246000,0 days 00:00:20.927000,HARD,14.0,2.0,,,1,15.0,False,2025,Monaco,R,78.724,20.551,37.246,20.927
HUL,Kick Sauber,27.0,0 days 00:01:19.472000,0 days 00:00:20.449000,0 days 00:00:37.594000,0 days 00:00:21.429000,HARD,15.0,2.0,,,1,15.0,False,2025,Monaco,R,79.472,20.449,37.594,21.429
HUL,Kick Sauber,28.0,0 days 00:01:19.264000,0 days 00:00:20.775000,0 days 00:00:37.455000,0 days 00:00:21.034000,HARD,16.0,2.0,,,1,15.0,False,2025,Monaco,R,79.264,20.775,37.455,21.034
HUL,Kick Sauber,29.0,0 days 00:01:19.749000,0 days 00:00:20.750000,0 days 00:00:37.678000,0 days 00:00:21.321000,HARD,17.0,2.0,,,1,15.0,False,2025,Monaco,R,79.749,20.75,37.678,21.321
HUL,Kick Sauber,30.0,0 days 00:01:20.392000,0 days 00:00:21.069000,0 days 00:00:37.297000,0 days 00:00:22.026000,HARD,18.0,2.0,,,1,15.0,False,2025,Monaco,R,80.392,21.069,37.297,22.026
HUL,Kick Sauber,31.0,0 days 00:01:19.889000,0 days 00:00:21.016000,0 days 00:00:37.201000,0 days 00:00:21.672000,HARD,19.0,2.0,,,1,15.0,False,2025,Monaco,R,79.889,21.016,37.201,21.672
HUL,Kick Sauber,32.0,0 days 00:01:20.602000,0 days 00:00:21.130000,0 days 00:00:38.579000,0 days 00:00:20.893000,HARD,20.0,2.0,,,1,15.0,False,2025,Monaco,R,80.602,21.13,38.579,20.893
HUL,Kick Sauber,33.0,0 days 00:01:17.840000,0 days 00:00:20.205000,0 days 00:00:36.923000,0 days 00:00:20.712000,HARD,21.0,2.0,,,1,15.0,False,2025,Monaco,R,77.84,20.205,36.923,20.712
HUL,Kick Sauber,34.0,0 days 00:01:18.400000,0 days 00:00:20.679000,0 days 00:00:37.037000,0 days 00:00:20.684000,HARD,22.0,2.0,,,1,15.0,False,2025,Monaco,R,78.4,20.679,37.037,20.684
HUL,Kick Sauber,35.0,0 days 00:01:20.594000,0 days 00:00:21.263000,0 days 00:00:38.423000,0 days 00:00:20.908000,HARD,23.0,2.0,,,1,15.0,False,2025,Monaco,R,80.594,21.263,38.423,20.908
HUL,Kick Sauber,36.0,0 days 00:01:18.642000,0 days 00:00:20.560000,0 days 00:00:37.336000,0 days 00:00:20.746000,HARD,24.0,2.0,,,1,15.0,False,2025,Monaco,R,78.642,20.56,37.336,20.746
HUL,Kick Sauber,37.0,0 days 00:01:18.904000,0 days 00:00:20.712000,0 days 00:00:37.251000,0 days 00:00:20.941000,HARD,25.0,2.0,,,12,14.0,False,2025,Monaco,R,78.904,20.712,37.251,20.941
HUL,Kick Sauber,38.0,0 days 00:01:18.272000,0 days 00:00:20.613000,0 days 00:00:36.903000,0 days 00:00:20.756000,HARD,26.0,2.0,,,1,14.0,False,2025,Monaco,R,78.272,20.613,36.903,20.756
HUL,Kick Sauber,39.0,0 days 00:01:18.876000,0 days 00:00:20.745000,0 days 00:00:37.331000,0 days 00:00:20.800000,HARD,27.0,2.0,,,1,14.0,False,2025,Monaco,R,78.876,20.745,37.331,20.8
HUL,Kick Sauber,40.0,0 days 00:01:18.804000,0 days 00:00:20.641000,0 days 00:00:37.252000,0 days 00:00:20.911000,HARD,28.0,2.0,,,1,14.0,False,2025,Monaco,R,78.804,20.641,37.252,20.911
HUL,Kick Sauber,41.0,0 days 00:01:18.575000,0 days 00:00:20.621000,0 days 00:00:37.222000,0 days 00:00:20.732000,HARD,29.0,2.0,,,1,14.0,False,2025,Monaco,R,78.575,20.621,37.222,20.732
HUL,Kick Sauber,42.0,0 days 00:01:17.315000,0 days 00:00:20.294000,0 days 00:00:36.582000,0 days 00:00:20.439000,HARD,30.0,2.0,,,1,14.0,False,2025,Monaco,R,77.315,20.294,36.582,20.439
HUL,Kick Sauber,43.0,0 days 00:01:17.929000,0 days 00:00:20.324000,0 days 00:00:36.761000,0 days 00:00:20.844000,HARD,31.0,2.0,,,1,14.0,False,2025,Monaco,R,77.929,20.324,36.761,20.844
HUL,Kick Sauber,44.0,0 days 00:01:35.627000,0 days 00:00:20.541000,0 days 00:00:37.081000,0 days 00:00:38.005000,HARD,32.0,2.0,0 days 01:55:51.467000,,1,18.0,False,2025,Monaco,R,95.627,20.541,37.081,38.005
HUL,Kick Sauber,45.0,0 days 00:01:19.068000,0 days 00:00:22.798000,0 days 00:00:36.085000,0 days 00:00:20.185000,SOFT,1.0,3.0,,0 days 01:56:15.957000,1,18.0,False,2025,Monaco,R,79.068,22.798,36.085,20.185
HUL,Kick Sauber,46.0,0 days 00:01:15.909000,0 days 00:00:20.095000,0 days 00:00:35.808000,0 days 00:00:20.006000,SOFT,2.0,3.0,,,1,18.0,False,2025,Monaco,R,75.909,20.095,35.808,20.006
HUL,Kick Sauber,47.0,0 days 00:01:15.223000,0 days 00:00:19.847000,0 days 00:00:35.445000,0 days 00:00:19.931000,SOFT,3.0,3.0,,,1,18.0,False,2025,Monaco,R,75.223,19.847,35.445,19.931
HUL,Kick Sauber,48.0,0 days 00:01:16.246000,0 days 00:00:19.803000,0 days 00:00:35.795000,0 days 00:00:20.648000,SOFT,4.0,3.0,,,1,18.0,False,2025,Monaco,R,76.246,19.803,35.795,20.648
HUL,Kick Sauber,49.0,0 days 00:01:18.676000,0 days 00:00:20.245000,0 days 00:00:38.125000,0 days 00:00:20.306000,SOFT,5.0,3.0,,,1,18.0,False,2025,Monaco,R,78.676,20.245,38.125,20.306
HUL,Kick Sauber,50.0,0 days 00:01:16.425000,0 days 00:00:19.973000,0 days 00:00:36.019000,0 days 00:00:20.433000,SOFT,6.0,3.0,,,1,18.0,False,2025,Monaco,R,76.425,19.973,36.019,20.433
HUL,Kick Sauber,51.0,0 days 00:01:21.177000,0 days 00:00:20.784000,0 days 00:00:38.477000,0 days 00:00:21.916000,SOFT,7.0,3.0,,,1,18.0,False,2025,Monaco,R,81.177,20.784,38.477,21.916
HUL,Kick Sauber,52.0,0 days 00:01:20.376000,0 days 00:00:20.922000,0 days 00:00:38.242000,0 days 00:00:21.212000,SOFT,8.0,3.0,,,1,18.0,True,2025,Monaco,R,80.376,20.922,38.242,21.212
HUL,Kick Sauber,53.0,0 days 00:01:19.628000,0 days 00:00:22.092000,0 days 00:00:36.792000,0 days 00:00:20.744000,SOFT,9.0,3.0,,,1,18.0,False,2025,Monaco,R,79.628,22.092,36.792,20.744
HUL,Kick Sauber,54.0,0 days 00:01:18.841000,0 days 00:00:20.644000,0 days 00:00:37.121000,0 days 00:00:21.076000,SOFT,10.0,3.0,,,1,18.0,False,2025,Monaco,R,78.841,20.644,37.121,21.076
HUL,Kick Sauber,55.0,0 days 00:01:19.155000,0 days 00:00:20.854000,0 days 00:00:37.045000,0 days 00:00:21.256000,SOFT,11.0,3.0,,,1,18.0,False,2025,Monaco,R,79.155,20.854,37.045,21.256
HUL,Kick Sauber,56.0,0 days 00:01:17.976000,0 days 00:00:20.379000,0 days 00:00:37.013000,0 days 00:00:20.584000,SOFT,12.0,3.0,,,1,18.0,False,2025,Monaco,R,77.976,20.379,37.013,20.584
HUL,Kick Sauber,57.0,0 days 00:01:18.661000,0 days 00:00:20.495000,0 days 00:00:37.364000,0 days 00:00:20.802000,SOFT,13.0,3.0,,,1,18.0,False,2025,Monaco,R,78.661,20.495,37.364,20.802
HUL,Kick Sauber,58.0,0 days 00:01:17.942000,0 days 00:00:20.228000,0 days 00:00:36.833000,0 days 00:00:20.881000,SOFT,14.0,3.0,,,1,18.0,False,2025,Monaco,R,77.942,20.228,36.833,20.881
HUL,Kick Sauber,59.0,0 days 00:01:19.287000,0 days 00:00:20.549000,0 days 00:00:37.670000,0 days 00:00:21.068000,SOFT,15.0,3.0,,,1,18.0,False,2025,Monaco,R,79.287,20.549,37.67,21.068
HUL,Kick Sauber,60.0,0 days 00:01:18.508000,0 days 00:00:20.506000,0 days 00:00:37.023000,0 days 00:00:20.979000,SOFT,16.0,3.0,,,1,18.0,False,2025,Monaco,R,78.508,20.506,37.023,20.979
HUL,Kick Sauber,61.0,0 days 00:01:19.041000,0 days 00:00:20.753000,0 days 00:00:37.138000,0 days 00:00:21.150000,SOFT,17.0,3.0,,,1,18.0,False,2025,Monaco,R,79.041,20.753,37.138,21.15
HUL,Kick Sauber,62.0,0 days 00:01:21.565000,0 days 00:00:21.286000,0 days 00:00:39.825000,0 days 00:00:20.454000,SOFT,18.0,3.0,,,1,18.0,False,2025,Monaco,R,81.565,21.286,39.825,20.454
HUL,Kick Sauber,63.0,0 days 00:01:19.206000,0 days 00:00:20.165000,0 days 00:00:37.041000,0 days 00:00:22,SOFT,19.0,3.0,,,1,18.0,False,2025,Monaco,R,79.206,20.165,37.041,22.0
HUL,Kick Sauber,64.0,0 days 00:01:20.147000,0 days 00:00:22.377000,0 days 00:00:37.180000,0 days 00:00:20.590000,SOFT,20.0,3.0,,,1,17.0,True,2025,Monaco,R,80.147,22.377,37.18,20.59
HUL,Kick Sauber,65.0,0 days 00:01:17.571000,0 days 00:00:20.102000,0 days 00:00:36.833000,0 days 00:00:20.636000,SOFT,21.0,3.0,,,1,17.0,False,2025,Monaco,R,77.571,20.102,36.833,20.636
HUL,Kick Sauber,66.0,0 days 00:01:16.934000,0 days 00:00:20.041000,0 days 00:00:36.400000,0 days 00:00:20.493000,SOFT,22.0,3.0,,,1,17.0,False,2025,Monaco,R,76.934,20.041,36.4,20.493
HUL,Kick Sauber,67.0,0 days 00:01:17.445000,0 days 00:00:20.239000,0 days 00:00:36.586000,0 days 00:00:20.620000,SOFT,23.0,3.0,,,1,17.0,False,2025,Monaco,R,77.445,20.239,36.586,20.62
HUL,Kick Sauber,68.0,0 days 00:01:17.717000,0 days 00:00:20.337000,0 days 00:00:36.838000,0 days 00:00:20.542000,SOFT,24.0,3.0,,,1,17.0,False,2025,Monaco,R,77.717,20.337,36.838,20.542
HUL,Kick Sauber,69.0,0 days 00:01:16.974000,0 days 00:00:20.096000,0 days 00:00:36.552000,0 days 00:00:20.326000,SOFT,25.0,3.0,,,1,16.0,False,2025,Monaco,R,76.974,20.096,36.552,20.326
HUL,Kick Sauber,70.0,0 days 00:01:16.741000,0 days 00:00:19.901000,0 days 00:00:36.471000,0 days 00:00:20.369000,SOFT,26.0,3.0,,,1,16.0,False,2025,Monaco,R,76.741,19.901,36.471,20.369
HUL,Kick Sauber,71.0,0 days 00:01:16.602000,0 days 00:00:19.984000,0 days 00:00:36.394000,0 days 00:00:20.224000,SOFT,27.0,3.0,,,1,16.0,False,2025,Monaco,R,76.602,19.984,36.394,20.224
HUL,Kick Sauber,72.0,0 days 00:01:16.682000,0 days 00:00:19.880000,0 days 00:00:36.477000,0 days 00:00:20.325000,SOFT,28.0,3.0,,,1,16.0,False,2025,Monaco,R,76.682,19.88,36.477,20.325
HUL,Kick Sauber,73.0,0 days 00:01:16.717000,0 days 00:00:19.775000,0 days 00:00:36.564000,0 days 00:00:20.378000,SOFT,29.0,3.0,,,1,15.0,False,2025,Monaco,R,76.717,19.775,36.564,20.378
HUL,Kick Sauber,74.0,0 days 00:01:17.411000,0 days 00:00:20.161000,0 days 00:00:36.998000,0 days 00:00:20.252000,SOFT,30.0,3.0,,,1,15.0,False,2025,Monaco,R,77.411,20.161,36.998,20.252
HUL,Kick Sauber,75.0,0 days 00:01:16.504000,0 days 00:00:19.817000,0 days 00:00:36.349000,0 days 00:00:20.338000,SOFT,31.0,3.0,,,1,15.0,False,2025,Monaco,R,76.504,19.817,36.349,20.338
HUL,Kick Sauber,76.0,0 days 00:01:18.954000,0 days 00:00:19.883000,0 days 00:00:38.005000,0 days 00:00:21.066000,SOFT,32.0,3.0,,,1,16.0,False,2025,Monaco,R,78.954,19.883,38.005,21.066
LAW,Racing Bulls,1.0,0 days 00:01:30.523000,,0 days 00:00:39.544000,0 days 00:00:21.909000,MEDIUM,1.0,1.0,,,12,9.0,False,2025,Monaco,R,90.523,,39.544,21.909
LAW,Racing Bulls,2.0,0 days 00:01:52.308000,0 days 00:00:38.001000,0 days 00:00:46.718000,0 days 00:00:27.589000,MEDIUM,2.0,1.0,,,16,9.0,False,2025,Monaco,R,112.308,38.001,46.718,27.589
LAW,Racing Bulls,3.0,0 days 00:01:48.504000,0 days 00:00:30.768000,0 days 00:00:48.630000,0 days 00:00:29.106000,MEDIUM,3.0,1.0,,,6,9.0,False,2025,Monaco,R,108.504,30.768,48.63,29.106
LAW,Racing Bulls,4.0,0 days 00:01:35.354000,0 days 00:00:29.548000,0 days 00:00:44.631000,0 days 00:00:21.175000,MEDIUM,4.0,1.0,,,671,9.0,False,2025,Monaco,R,95.354,29.548,44.631,21.175
LAW,Racing Bulls,5.0,0 days 00:01:20.766000,0 days 00:00:21.045000,0 days 00:00:38.201000,0 days 00:00:21.520000,MEDIUM,5.0,1.0,,,1,9.0,False,2025,Monaco,R,80.766,21.045,38.201,21.52
LAW,Racing Bulls,6.0,0 days 00:01:21.542000,0 days 00:00:21.104000,0 days 00:00:38.602000,0 days 00:00:21.836000,MEDIUM,6.0,1.0,,,1,9.0,False,2025,Monaco,R,81.542,21.104,38.602,21.836
LAW,Racing Bulls,7.0,0 days 00:01:21.507000,0 days 00:00:21.289000,0 days 00:00:38.596000,0 days 00:00:21.622000,MEDIUM,7.0,1.0,,,1,9.0,False,2025,Monaco,R,81.507,21.289,38.596,21.622
LAW,Racing Bulls,8.0,0 days 00:01:20.351000,0 days 00:00:21.281000,0 days 00:00:37.907000,0 days 00:00:21.163000,MEDIUM,8.0,1.0,,,12,9.0,False,2025,Monaco,R,80.351,21.281,37.907,21.163
LAW,Racing Bulls,9.0,0 days 00:01:24.550000,0 days 00:00:21.422000,0 days 00:00:40.956000,0 days 00:00:22.172000,MEDIUM,9.0,1.0,,,2,9.0,True,2025,Monaco,R,84.55,21.422,40.956,22.172
LAW,Racing Bulls,10.0,0 days 00:01:21.421000,0 days 00:00:21,0 days 00:00:38.952000,0 days 00:00:21.469000,MEDIUM,10.0,1.0,,,2,9.0,False,2025,Monaco,R,81.421,21.0,38.952,21.469
LAW,Racing Bulls,11.0,0 days 00:01:19.348000,0 days 00:00:21.014000,0 days 00:00:37.097000,0 days 00:00:21.237000,MEDIUM,11.0,1.0,,,21,9.0,False,2025,Monaco,R,79.348,21.014,37.097,21.237
LAW,Racing Bulls,12.0,0 days 00:01:19.771000,0 days 00:00:21.106000,0 days 00:00:37.574000,0 days 00:00:21.091000,MEDIUM,12.0,1.0,,,1,9.0,False,2025,Monaco,R,79.771,21.106,37.574,21.091
LAW,Racing Bulls,13.0,0 days 00:01:19.391000,0 days 00:00:21.022000,0 days 00:00:37.144000,0 days 00:00:21.225000,MEDIUM,13.0,1.0,,,1,9.0,False,2025,Monaco,R,79.391,21.022,37.144,21.225
LAW,Racing Bulls,14.0,0 days 00:01:19.572000,0 days 00:00:21.009000,0 days 00:00:37.429000,0 days 00:00:21.134000,MEDIUM,14.0,1.0,,,1,9.0,False,2025,Monaco,R,79.572,21.009,37.429,21.134
LAW,Racing Bulls,15.0,0 days 00:01:20.161000,0 days 00:00:20.998000,0 days 00:00:37.569000,0 days 00:00:21.594000,MEDIUM,15.0,1.0,,,1,9.0,False,2025,Monaco,R,80.161,20.998,37.569,21.594
LAW,Racing Bulls,16.0,0 days 00:01:20.692000,0 days 00:00:21.167000,0 days 00:00:37.979000,0 days 00:00:21.546000,MEDIUM,16.0,1.0,,,1,9.0,False,2025,Monaco,R,80.692,21.167,37.979,21.546
LAW,Racing Bulls,17.0,0 days 00:01:20.979000,0 days 00:00:21.431000,0 days 00:00:38.098000,0 days 00:00:21.450000,MEDIUM,17.0,1.0,,,1,9.0,False,2025,Monaco,R,80.979,21.431,38.098,21.45
LAW,Racing Bulls,18.0,0 days 00:01:20.225000,0 days 00:00:21.222000,0 days 00:00:37.553000,0 days 00:00:21.450000,MEDIUM,18.0,1.0,,,1,9.0,False,2025,Monaco,R,80.225,21.222,37.553,21.45
LAW,Racing Bulls,19.0,0 days 00:01:19.333000,0 days 00:00:21.081000,0 days 00:00:37.175000,0 days 00:00:21.077000,MEDIUM,19.0,1.0,,,1,9.0,False,2025,Monaco,R,79.333,21.081,37.175,21.077
LAW,Racing Bulls,20.0,0 days 00:01:17.398000,0 days 00:00:20.294000,0 days 00:00:36.493000,0 days 00:00:20.611000,MEDIUM,20.0,1.0,,,1,9.0,False,2025,Monaco,R,77.398,20.294,36.493,20.611
LAW,Racing Bulls,21.0,0 days 00:01:17.057000,0 days 00:00:20.061000,0 days 00:00:36.296000,0 days 00:00:20.700000,MEDIUM,21.0,1.0,,,1,9.0,False,2025,Monaco,R,77.057,20.061,36.296,20.7
LAW,Racing Bulls,22.0,0 days 00:01:16.734000,0 days 00:00:19.919000,0 days 00:00:36.276000,0 days 00:00:20.539000,MEDIUM,22.0,1.0,,,1,9.0,False,2025,Monaco,R,76.734,19.919,36.276,20.539
LAW,Racing Bulls,23.0,0 days 00:01:16.784000,0 days 00:00:19.996000,0 days 00:00:36.201000,0 days 00:00:20.587000,MEDIUM,23.0,1.0,,,1,9.0,False,2025,Monaco,R,76.784,19.996,36.201,20.587
LAW,Racing Bulls,24.0,0 days 00:01:16.712000,0 days 00:00:19.929000,0 days 00:00:36.257000,0 days 00:00:20.526000,MEDIUM,24.0,1.0,,,1,9.0,False,2025,Monaco,R,76.712,19.929,36.257,20.526
LAW,Racing Bulls,25.0,0 days 00:01:17.590000,0 days 00:00:20.165000,0 days 00:00:36.565000,0 days 00:00:20.860000,MEDIUM,25.0,1.0,,,1,9.0,False,2025,Monaco,R,77.59,20.165,36.565,20.86
LAW,Racing Bulls,26.0,0 days 00:01:17.456000,0 days 00:00:20.130000,0 days 00:00:36.570000,0 days 00:00:20.756000,MEDIUM,26.0,1.0,,,1,9.0,False,2025,Monaco,R,77.456,20.13,36.57,20.756
LAW,Racing Bulls,27.0,0 days 00:01:17.040000,0 days 00:00:20.094000,0 days 00:00:36.398000,0 days 00:00:20.548000,MEDIUM,27.0,1.0,,,1,9.0,False,2025,Monaco,R,77.04,20.094,36.398,20.548
LAW,Racing Bulls,28.0,0 days 00:01:16.902000,0 days 00:00:19.869000,0 days 00:00:36.507000,0 days 00:00:20.526000,MEDIUM,28.0,1.0,,,1,8.0,False,2025,Monaco,R,76.902,19.869,36.507,20.526
LAW,Racing Bulls,29.0,0 days 00:01:16.740000,0 days 00:00:19.992000,0 days 00:00:36.181000,0 days 00:00:20.567000,MEDIUM,29.0,1.0,,,1,8.0,False,2025,Monaco,R,76.74,19.992,36.181,20.567
LAW,Racing Bulls,30.0,0 days 00:01:16.607000,0 days 00:00:19.968000,0 days 00:00:36.144000,0 days 00:00:20.495000,MEDIUM,30.0,1.0,,,1,8.0,False,2025,Monaco,R,76.607,19.968,36.144,20.495
LAW,Racing Bulls,31.0,0 days 00:01:33.531000,0 days 00:00:19.934000,0 days 00:00:36.323000,0 days 00:00:37.274000,MEDIUM,31.0,1.0,0 days 01:38:22.830000,,1,10.0,False,2025,Monaco,R,93.531,19.934,36.323,37.274
LAW,Racing Bulls,32.0,0 days 00:01:19.201000,0 days 00:00:22.999000,0 days 00:00:36.211000,0 days 00:00:19.991000,SOFT,4.0,2.0,,0 days 01:38:46.736000,1,10.0,False,2025,Monaco,R,79.201,22.999,36.211,19.991
LAW,Racing Bulls,33.0,0 days 00:01:18.285000,0 days 00:00:19.969000,0 days 00:00:37.759000,0 days 00:00:20.557000,SOFT,5.0,2.0,,,1,9.0,False,2025,Monaco,R,78.285,19.969,37.759,20.557
LAW,Racing Bulls,34.0,0 days 00:01:16.425000,0 days 00:00:19.918000,0 days 00:00:36.008000,0 days 00:00:20.499000,SOFT,6.0,2.0,,,1,9.0,False,2025,Monaco,R,76.425,19.918,36.008,20.499
LAW,Racing Bulls,35.0,0 days 00:01:15.942000,0 days 00:00:19.921000,0 days 00:00:35.851000,0 days 00:00:20.170000,SOFT,7.0,2.0,,,1,9.0,False,2025,Monaco,R,75.942,19.921,35.851,20.17
LAW,Racing Bulls,36.0,0 days 00:01:20.271000,0 days 00:00:20.002000,0 days 00:00:39.629000,0 days 00:00:20.640000,SOFT,8.0,2.0,,,1,9.0,False,2025,Monaco,R,80.271,20.002,39.629,20.64
LAW,Racing Bulls,37.0,0 days 00:01:15.890000,0 days 00:00:19.855000,0 days 00:00:35.845000,0 days 00:00:20.190000,SOFT,9.0,2.0,,,12,8.0,False,2025,Monaco,R,75.89,19.855,35.845,20.19
LAW,Racing Bulls,38.0,0 days 00:01:15.964000,0 days 00:00:19.821000,0 days 00:00:35.828000,0 days 00:00:20.315000,SOFT,10.0,2.0,,,1,8.0,False,2025,Monaco,R,75.964,19.821,35.828,20.315
LAW,Racing Bulls,39.0,0 days 00:01:15.800000,0 days 00:00:19.752000,0 days 00:00:35.808000,0 days 00:00:20.240000,SOFT,11.0,2.0,,,1,8.0,False,2025,Monaco,R,75.8,19.752,35.808,20.24
LAW,Racing Bulls,40.0,0 days 00:01:32.467000,0 days 00:00:19.821000,0 days 00:00:35.595000,0 days 00:00:37.051000,SOFT,12.0,2.0,0 days 01:50:12.953000,,1,8.0,False,2025,Monaco,R,92.467,19.821,35.595,37.051
LAW,Racing Bulls,41.0,0 days 00:01:20.883000,0 days 00:00:23.241000,0 days 00:00:36.970000,0 days 00:00:20.672000,HARD,2.0,3.0,,0 days 01:50:37,1,8.0,False,2025,Monaco,R,80.883,23.241,36.97,20.672
LAW,Racing Bulls,42.0,0 days 00:01:16.743000,0 days 00:00:20.172000,0 days 00:00:36.194000,0 days 00:00:20.377000,HARD,3.0,3.0,,,1,8.0,False,2025,Monaco,R,76.743,20.172,36.194,20.377
LAW,Racing Bulls,43.0,0 days 00:01:15.931000,0 days 00:00:20.005000,0 days 00:00:35.849000,0 days 00:00:20.077000,HARD,4.0,3.0,,,1,8.0,False,2025,Monaco,R,75.931,20.005,35.849,20.077
LAW,Racing Bulls,44.0,0 days 00:01:15.958000,0 days 00:00:19.907000,0 days 00:00:35.887000,0 days 00:00:20.164000,HARD,5.0,3.0,,,1,8.0,False,2025,Monaco,R,75.958,19.907,35.887,20.164
LAW,Racing Bulls,45.0,0 days 00:01:15.605000,0 days 00:00:19.843000,0 days 00:00:35.712000,0 days 00:00:20.050000,HARD,6.0,3.0,,,1,8.0,False,2025,Monaco,R,75.605,19.843,35.712,20.05
LAW,Racing Bulls,46.0,0 days 00:01:15.476000,0 days 00:00:19.708000,0 days 00:00:35.676000,0 days 00:00:20.092000,HARD,7.0,3.0,,,1,8.0,False,2025,Monaco,R,75.476,19.708,35.676,20.092
LAW,Racing Bulls,47.0,0 days 00:01:15.461000,0 days 00:00:19.782000,0 days 00:00:35.669000,0 days 00:00:20.010000,HARD,8.0,3.0,,,1,8.0,False,2025,Monaco,R,75.461,19.782,35.669,20.01
LAW,Racing Bulls,48.0,0 days 00:01:15.418000,0 days 00:00:19.703000,0 days 00:00:35.667000,0 days 00:00:20.048000,HARD,9.0,3.0,,,1,8.0,False,2025,Monaco,R,75.418,19.703,35.667,20.048
LAW,Racing Bulls,49.0,0 days 00:01:15.567000,0 days 00:00:19.721000,0 days 00:00:35.776000,0 days 00:00:20.070000,HARD,10.0,3.0,,,1,8.0,False,2025,Monaco,R,75.567,19.721,35.776,20.07
LAW,Racing Bulls,50.0,0 days 00:01:15.479000,0 days 00:00:19.727000,0 days 00:00:35.700000,0 days 00:00:20.052000,HARD,11.0,3.0,,,1,8.0,False,2025,Monaco,R,75.479,19.727,35.7,20.052
LAW,Racing Bulls,51.0,0 days 00:01:15.399000,0 days 00:00:19.658000,0 days 00:00:35.669000,0 days 00:00:20.072000,HARD,12.0,3.0,,,1,8.0,False,2025,Monaco,R,75.399,19.658,35.669,20.072
LAW,Racing Bulls,52.0,0 days 00:01:15.377000,0 days 00:00:19.641000,0 days 00:00:35.684000,0 days 00:00:20.052000,HARD,13.0,3.0,,,1,8.0,False,2025,Monaco,R,75.377,19.641,35.684,20.052
LAW,Racing Bulls,53.0,0 days 00:01:15.356000,0 days 00:00:19.614000,0 days 00:00:35.723000,0 days 00:00:20.019000,HARD,14.0,3.0,,,1,8.0,False,2025,Monaco,R,75.356,19.614,35.723,20.019
LAW,Racing Bulls,54.0,0 days 00:01:15.321000,0 days 00:00:19.595000,0 days 00:00:35.608000,0 days 00:00:20.118000,HARD,15.0,3.0,,,1,8.0,False,2025,Monaco,R,75.321,19.595,35.608,20.118
LAW,Racing Bulls,55.0,0 days 00:01:15.597000,0 days 00:00:19.775000,0 days 00:00:35.737000,0 days 00:00:20.085000,HARD,16.0,3.0,,,1,8.0,False,2025,Monaco,R,75.597,19.775,35.737,20.085
LAW,Racing Bulls,56.0,0 days 00:01:16.960000,0 days 00:00:20.045000,0 days 00:00:36.329000,0 days 00:00:20.586000,HARD,17.0,3.0,,,1,8.0,False,2025,Monaco,R,76.96,20.045,36.329,20.586
LAW,Racing Bulls,57.0,0 days 00:01:16.583000,0 days 00:00:19.978000,0 days 00:00:36.270000,0 days 00:00:20.335000,HARD,18.0,3.0,,,1,8.0,False,2025,Monaco,R,76.583,19.978,36.27,20.335
LAW,Racing Bulls,58.0,0 days 00:01:17.684000,0 days 00:00:20.181000,0 days 00:00:36.889000,0 days 00:00:20.614000,HARD,19.0,3.0,,,1,8.0,False,2025,Monaco,R,77.684,20.181,36.889,20.614
LAW,Racing Bulls,59.0,0 days 00:01:16.772000,0 days 00:00:19.898000,0 days 00:00:36.409000,0 days 00:00:20.465000,HARD,20.0,3.0,,,1,8.0,False,2025,Monaco,R,76.772,19.898,36.409,20.465
LAW,Racing Bulls,60.0,0 days 00:01:16.672000,0 days 00:00:20.039000,0 days 00:00:36.163000,0 days 00:00:20.470000,HARD,21.0,3.0,,,1,8.0,False,2025,Monaco,R,76.672,20.039,36.163,20.47
LAW,Racing Bulls,61.0,0 days 00:01:16.173000,0 days 00:00:19.729000,0 days 00:00:36.154000,0 days 00:00:20.290000,HARD,22.0,3.0,,,1,8.0,False,2025,Monaco,R,76.173,19.729,36.154,20.29
LAW,Racing Bulls,62.0,0 days 00:01:16.864000,0 days 00:00:20.054000,0 days 00:00:36.317000,0 days 00:00:20.493000,HARD,23.0,3.0,,,1,8.0,False,2025,Monaco,R,76.864,20.054,36.317,20.493
LAW,Racing Bulls,63.0,0 days 00:01:17.611000,0 days 00:00:20.422000,0 days 00:00:36.715000,0 days 00:00:20.474000,HARD,24.0,3.0,,,1,8.0,False,2025,Monaco,R,77.611,20.422,36.715,20.474
LAW,Racing Bulls,64.0,0 days 00:01:17.155000,0 days 00:00:19.925000,0 days 00:00:36.440000,0 days 00:00:20.790000,HARD,25.0,3.0,,,1,8.0,False,2025,Monaco,R,77.155,19.925,36.44,20.79
LAW,Racing Bulls,65.0,0 days 00:01:19.159000,0 days 00:00:20.151000,0 days 00:00:38.513000,0 days 00:00:20.495000,HARD,26.0,3.0,,,1,8.0,False,2025,Monaco,R,79.159,20.151,38.513,20.495
LAW,Racing Bulls,66.0,0 days 00:01:16.955000,0 days 00:00:20.110000,0 days 00:00:36.410000,0 days 00:00:20.435000,HARD,27.0,3.0,,,1,8.0,False,2025,Monaco,R,76.955,20.11,36.41,20.435
LAW,Racing Bulls,67.0,0 days 00:01:17.409000,0 days 00:00:19.962000,0 days 00:00:36.708000,0 days 00:00:20.739000,HARD,28.0,3.0,,,1,8.0,False,2025,Monaco,R,77.409,19.962,36.708,20.739
LAW,Racing Bulls,68.0,0 days 00:01:17.363000,0 days 00:00:20.038000,0 days 00:00:36.728000,0 days 00:00:20.597000,HARD,29.0,3.0,,,1,8.0,False,2025,Monaco,R,77.363,20.038,36.728,20.597
LAW,Racing Bulls,69.0,0 days 00:01:17.136000,0 days 00:00:20.175000,0 days 00:00:36.461000,0 days 00:00:20.500000,HARD,30.0,3.0,,,1,8.0,False,2025,Monaco,R,77.136,20.175,36.461,20.5
LAW,Racing Bulls,70.0,0 days 00:01:16.905000,0 days 00:00:19.995000,0 days 00:00:36.432000,0 days 00:00:20.478000,HARD,31.0,3.0,,,1,8.0,False,2025,Monaco,R,76.905,19.995,36.432,20.478
LAW,Racing Bulls,71.0,0 days 00:01:17.053000,0 days 00:00:20.087000,0 days 00:00:36.603000,0 days 00:00:20.363000,HARD,32.0,3.0,,,1,8.0,False,2025,Monaco,R,77.053,20.087,36.603,20.363
LAW,Racing Bulls,72.0,0 days 00:01:16.392000,0 days 00:00:19.828000,0 days 00:00:36.395000,0 days 00:00:20.169000,HARD,33.0,3.0,,,1,8.0,False,2025,Monaco,R,76.392,19.828,36.395,20.169
LAW,Racing Bulls,73.0,0 days 00:01:16.597000,0 days 00:00:19.964000,0 days 00:00:36.373000,0 days 00:00:20.260000,HARD,34.0,3.0,,,1,8.0,False,2025,Monaco,R,76.597,19.964,36.373,20.26
LAW,Racing Bulls,74.0,0 days 00:01:17.066000,0 days 00:00:19.933000,0 days 00:00:36.603000,0 days 00:00:20.530000,HARD,35.0,3.0,,,1,8.0,False,2025,Monaco,R,77.066,19.933,36.603,20.53
LAW,Racing Bulls,75.0,0 days 00:01:16.757000,0 days 00:00:20.085000,0 days 00:00:36.347000,0 days 00:00:20.325000,HARD,36.0,3.0,,,1,8.0,False,2025,Monaco,R,76.757,20.085,36.347,20.325
LAW,Racing Bulls,76.0,0 days 00:01:16.028000,0 days 00:00:19.792000,0 days 00:00:36.049000,0 days 00:00:20.187000,HARD,37.0,3.0,,,1,8.0,False,2025,Monaco,R,76.028,19.792,36.049,20.187
LAW,Racing Bulls,77.0,0 days 00:01:16.630000,0 days 00:00:19.908000,0 days 00:00:36.206000,0 days 00:00:20.516000,HARD,38.0,3.0,,,1,8.0,False,2025,Monaco,R,76.63,19.908,36.206,20.516
OCO,Haas F1 Team,1.0,0 days 00:01:29.926000,,0 days 00:00:39.394000,0 days 00:00:21.910000,MEDIUM,1.0,1.0,,,12,8.0,False,2025,Monaco,R,89.926,,39.394,21.91
OCO,Haas F1 Team,2.0,0 days 00:01:51.527000,0 days 00:00:37.166000,0 days 00:00:46.832000,0 days 00:00:27.529000,MEDIUM,2.0,1.0,,,16,8.0,False,2025,Monaco,R,111.527,37.166,46.832,27.529
OCO,Haas F1 Team,3.0,0 days 00:01:49.187000,0 days 00:00:30.865000,0 days 00:00:48.909000,0 days 00:00:29.413000,MEDIUM,3.0,1.0,,,6,8.0,False,2025,Monaco,R,109.187,30.865,48.909,29.413
OCO,Haas F1 Team,4.0,0 days 00:01:35.230000,0 days 00:00:28.787000,0 days 00:00:45.184000,0 days 00:00:21.259000,MEDIUM,4.0,1.0,,,671,8.0,False,2025,Monaco,R,95.23,28.787,45.184,21.259
OCO,Haas F1 Team,5.0,0 days 00:01:20.666000,0 days 00:00:21.232000,0 days 00:00:38.039000,0 days 00:00:21.395000,MEDIUM,5.0,1.0,,,1,8.0,False,2025,Monaco,R,80.666,21.232,38.039,21.395
OCO,Haas F1 Team,6.0,0 days 00:01:20.506000,0 days 00:00:21.421000,0 days 00:00:37.785000,0 days 00:00:21.300000,MEDIUM,6.0,1.0,,,1,8.0,False,2025,Monaco,R,80.506,21.421,37.785,21.3
OCO,Haas F1 Team,7.0,0 days 00:01:20.545000,0 days 00:00:21.553000,0 days 00:00:37.696000,0 days 00:00:21.296000,MEDIUM,7.0,1.0,,,1,8.0,False,2025,Monaco,R,80.545,21.553,37.696,21.296
OCO,Haas F1 Team,8.0,0 days 00:01:19.207000,0 days 00:00:21.235000,0 days 00:00:37.131000,0 days 00:00:20.841000,MEDIUM,8.0,1.0,,,12,8.0,False,2025,Monaco,R,79.207,21.235,37.131,20.841
OCO,Haas F1 Team,9.0,0 days 00:01:22.712000,0 days 00:00:20.818000,0 days 00:00:40.656000,0 days 00:00:21.238000,MEDIUM,9.0,1.0,,,2,8.0,False,2025,Monaco,R,82.712,20.818,40.656,21.238
OCO,Haas F1 Team,10.0,0 days 00:01:20.330000,0 days 00:00:20.367000,0 days 00:00:39.100000,0 days 00:00:20.863000,MEDIUM,10.0,1.0,,,2,8.0,False,2025,Monaco,R,80.33,20.367,39.1,20.863
OCO,Haas F1 Team,11.0,0 days 00:01:17.319000,0 days 00:00:20.474000,0 days 00:00:36.288000,0 days 00:00:20.557000,MEDIUM,11.0,1.0,,,21,8.0,False,2025,Monaco,R,77.319,20.474,36.288,20.557
OCO,Haas F1 Team,12.0,0 days 00:01:17.358000,0 days 00:00:20.435000,0 days 00:00:36.337000,0 days 00:00:20.586000,MEDIUM,12.0,1.0,,,1,8.0,False,2025,Monaco,R,77.358,20.435,36.337,20.586
OCO,Haas F1 Team,13.0,0 days 00:01:17.241000,0 days 00:00:20.454000,0 days 00:00:36.265000,0 days 00:00:20.522000,MEDIUM,13.0,1.0,,,1,8.0,False,2025,Monaco,R,77.241,20.454,36.265,20.522
OCO,Haas F1 Team,14.0,0 days 00:01:16.453000,0 days 00:00:20.265000,0 days 00:00:35.920000,0 days 00:00:20.268000,MEDIUM,14.0,1.0,,,1,7.0,False,2025,Monaco,R,76.453,20.265,35.92,20.268
OCO,Haas F1 Team,15.0,0 days 00:01:16.577000,0 days 00:00:20.254000,0 days 00:00:36.008000,0 days 00:00:20.315000,MEDIUM,15.0,1.0,,,1,7.0,False,2025,Monaco,R,76.577,20.254,36.008,20.315
OCO,Haas F1 Team,16.0,0 days 00:01:34.940000,0 days 00:00:20.242000,0 days 00:00:35.992000,0 days 00:00:38.706000,MEDIUM,16.0,1.0,0 days 01:18:33.961000,,1,8.0,False,2025,Monaco,R,94.94,20.242,35.992,38.706
OCO,Haas F1 Team,17.0,0 days 00:01:18.801000,0 days 00:00:23.085000,0 days 00:00:35.915000,0 days 00:00:19.801000,MEDIUM,5.0,2.0,,0 days 01:18:59.601000,1,8.0,False,2025,Monaco,R,78.801,23.085,35.915,19.801
OCO,Haas F1 Team,18.0,0 days 00:01:15.774000,0 days 00:00:20.058000,0 days 00:00:35.619000,0 days 00:00:20.097000,MEDIUM,6.0,2.0,,,1,8.0,False,2025,Monaco,R,75.774,20.058,35.619,20.097
OCO,Haas F1 Team,19.0,0 days 00:01:16.740000,0 days 00:00:20.229000,0 days 00:00:36.185000,0 days 00:00:20.326000,MEDIUM,7.0,2.0,,,1,7.0,False,2025,Monaco,R,76.74,20.229,36.185,20.326
OCO,Haas F1 Team,20.0,0 days 00:01:16.599000,0 days 00:00:20.106000,0 days 00:00:36.050000,0 days 00:00:20.443000,MEDIUM,8.0,2.0,,,1,7.0,False,2025,Monaco,R,76.599,20.106,36.05,20.443
OCO,Haas F1 Team,21.0,0 days 00:01:17.503000,0 days 00:00:20.353000,0 days 00:00:36.552000,0 days 00:00:20.598000,MEDIUM,9.0,2.0,,,1,7.0,False,2025,Monaco,R,77.503,20.353,36.552,20.598
OCO,Haas F1 Team,22.0,0 days 00:01:18.500000,0 days 00:00:20.915000,0 days 00:00:36.690000,0 days 00:00:20.895000,MEDIUM,10.0,2.0,,,1,7.0,False,2025,Monaco,R,78.5,20.915,36.69,20.895
OCO,Haas F1 Team,23.0,0 days 00:01:18.075000,0 days 00:00:20.876000,0 days 00:00:36.624000,0 days 00:00:20.575000,MEDIUM,11.0,2.0,,,1,7.0,False,2025,Monaco,R,78.075,20.876,36.624,20.575
OCO,Haas F1 Team,24.0,0 days 00:01:17.911000,0 days 00:00:20.890000,0 days 00:00:36.443000,0 days 00:00:20.578000,MEDIUM,12.0,2.0,,,1,7.0,False,2025,Monaco,R,77.911,20.89,36.443,20.578
OCO,Haas F1 Team,25.0,0 days 00:01:17.720000,0 days 00:00:20.780000,0 days 00:00:36.314000,0 days 00:00:20.626000,MEDIUM,13.0,2.0,,,1,7.0,False,2025,Monaco,R,77.72,20.78,36.314,20.626
OCO,Haas F1 Team,26.0,0 days 00:01:16.527000,0 days 00:00:20.253000,0 days 00:00:35.875000,0 days 00:00:20.399000,MEDIUM,14.0,2.0,,,1,7.0,False,2025,Monaco,R,76.527,20.253,35.875,20.399
OCO,Haas F1 Team,27.0,0 days 00:01:16.705000,0 days 00:00:20.106000,0 days 00:00:36.304000,0 days 00:00:20.295000,MEDIUM,15.0,2.0,,,1,7.0,False,2025,Monaco,R,76.705,20.106,36.304,20.295
OCO,Haas F1 Team,28.0,0 days 00:01:34.005000,0 days 00:00:20.171000,0 days 00:00:35.989000,0 days 00:00:37.845000,MEDIUM,16.0,2.0,0 days 01:34:19.654000,,1,10.0,False,2025,Monaco,R,94.005,20.171,35.989,37.845
OCO,Haas F1 Team,29.0,0 days 00:01:19.488000,0 days 00:00:23.141000,0 days 00:00:36.162000,0 days 00:00:20.185000,HARD,1.0,3.0,,0 days 01:34:44.406000,1,10.0,False,2025,Monaco,R,79.488,23.141,36.162,20.185
OCO,Haas F1 Team,30.0,0 days 00:01:15.796000,0 days 00:00:20.146000,0 days 00:00:35.695000,0 days 00:00:19.955000,HARD,2.0,3.0,,,1,10.0,False,2025,Monaco,R,75.796,20.146,35.695,19.955
OCO,Haas F1 Team,31.0,0 days 00:01:15.430000,0 days 00:00:19.890000,0 days 00:00:35.659000,0 days 00:00:19.881000,HARD,3.0,3.0,,,1,9.0,False,2025,Monaco,R,75.43,19.89,35.659,19.881
OCO,Haas F1 Team,32.0,0 days 00:01:15.503000,0 days 00:00:19.884000,0 days 00:00:35.614000,0 days 00:00:20.005000,HARD,4.0,3.0,,,1,8.0,False,2025,Monaco,R,75.503,19.884,35.614,20.005
OCO,Haas F1 Team,33.0,0 days 00:01:15.220000,0 days 00:00:19.813000,0 days 00:00:35.529000,0 days 00:00:19.878000,HARD,5.0,3.0,,,1,8.0,False,2025,Monaco,R,75.22,19.813,35.529,19.878
OCO,Haas F1 Team,34.0,0 days 00:01:15.157000,0 days 00:00:19.852000,0 days 00:00:35.503000,0 days 00:00:19.802000,HARD,6.0,3.0,,,1,8.0,False,2025,Monaco,R,75.157,19.852,35.503,19.802
OCO,Haas F1 Team,35.0,0 days 00:01:15.846000,0 days 00:00:19.915000,0 days 00:00:35.854000,0 days 00:00:20.077000,HARD,7.0,3.0,,,1,8.0,False,2025,Monaco,R,75.846,19.915,35.854,20.077
OCO,Haas F1 Team,36.0,0 days 00:01:16.149000,0 days 00:00:20.031000,0 days 00:00:35.933000,0 days 00:00:20.185000,HARD,8.0,3.0,,,1,8.0,False,2025,Monaco,R,76.149,20.031,35.933,20.185
OCO,Haas F1 Team,37.0,0 days 00:01:17.197000,0 days 00:00:19.982000,0 days 00:00:35.819000,0 days 00:00:21.396000,HARD,9.0,3.0,,,12,7.0,False,2025,Monaco,R,77.197,19.982,35.819,21.396
OCO,Haas F1 Team,38.0,0 days 00:01:16.298000,0 days 00:00:20.164000,0 days 00:00:35.949000,0 days 00:00:20.185000,HARD,10.0,3.0,,,1,7.0,False,2025,Monaco,R,76.298,20.164,35.949,20.185
OCO,Haas F1 Team,39.0,0 days 00:01:18.410000,0 days 00:00:20.025000,0 days 00:00:36.375000,0 days 00:00:22.010000,HARD,11.0,3.0,,,1,7.0,False,2025,Monaco,R,78.41,20.025,36.375,22.01
OCO,Haas F1 Team,40.0,0 days 00:01:16.525000,0 days 00:00:20.242000,0 days 00:00:36.050000,0 days 00:00:20.233000,HARD,12.0,3.0,,,1,7.0,False,2025,Monaco,R,76.525,20.242,36.05,20.233
OCO,Haas F1 Team,41.0,0 days 00:01:18.126000,0 days 00:00:21.236000,0 days 00:00:36.587000,0 days 00:00:20.303000,HARD,13.0,3.0,,,1,7.0,False,2025,Monaco,R,78.126,21.236,36.587,20.303
OCO,Haas F1 Team,42.0,0 days 00:01:16.240000,0 days 00:00:20.027000,0 days 00:00:36.054000,0 days 00:00:20.159000,HARD,14.0,3.0,,,1,7.0,False,2025,Monaco,R,76.24,20.027,36.054,20.159
OCO,Haas F1 Team,43.0,0 days 00:01:16.584000,0 days 00:00:20.091000,0 days 00:00:36.128000,0 days 00:00:20.365000,HARD,15.0,3.0,,,1,7.0,False,2025,Monaco,R,76.584,20.091,36.128,20.365
OCO,Haas F1 Team,44.0,0 days 00:01:17.324000,0 days 00:00:20.059000,0 days 00:00:36.137000,0 days 00:00:21.128000,HARD,16.0,3.0,,,1,7.0,False,2025,Monaco,R,77.324,20.059,36.137,21.128
OCO,Haas F1 Team,45.0,0 days 00:01:18.452000,0 days 00:00:22.247000,0 days 00:00:36.095000,0 days 00:00:20.110000,HARD,17.0,3.0,,,1,7.0,False,2025,Monaco,R,78.452,22.247,36.095,20.11
OCO,Haas F1 Team,46.0,0 days 00:01:17.007000,0 days 00:00:20.133000,0 days 00:00:36.480000,0 days 00:00:20.394000,HARD,18.0,3.0,,,1,7.0,False,2025,Monaco,R,77.007,20.133,36.48,20.394
OCO,Haas F1 Team,47.0,0 days 00:01:17.341000,0 days 00:00:20.376000,0 days 00:00:36.612000,0 days 00:00:20.353000,HARD,19.0,3.0,,,1,7.0,False,2025,Monaco,R,77.341,20.376,36.612,20.353
OCO,Haas F1 Team,48.0,0 days 00:01:18.068000,0 days 00:00:20.280000,0 days 00:00:36.707000,0 days 00:00:21.081000,HARD,20.0,3.0,,,1,7.0,False,2025,Monaco,R,78.068,20.28,36.707,21.081
OCO,Haas F1 Team,49.0,0 days 00:01:18.235000,0 days 00:00:20.418000,0 days 00:00:36.994000,0 days 00:00:20.823000,HARD,21.0,3.0,,,1,7.0,False,2025,Monaco,R,78.235,20.418,36.994,20.823
OCO,Haas F1 Team,50.0,0 days 00:01:17.902000,0 days 00:00:20.286000,0 days 00:00:36.528000,0 days 00:00:21.088000,HARD,22.0,3.0,,,1,7.0,False,2025,Monaco,R,77.902,20.286,36.528,21.088
OCO,Haas F1 Team,51.0,0 days 00:01:18.424000,0 days 00:00:21.578000,0 days 00:00:36.361000,0 days 00:00:20.485000,HARD,23.0,3.0,,,1,7.0,False,2025,Monaco,R,78.424,21.578,36.361,20.485
OCO,Haas F1 Team,52.0,0 days 00:01:17.450000,0 days 00:00:20.285000,0 days 00:00:36.589000,0 days 00:00:20.576000,HARD,24.0,3.0,,,1,7.0,False,2025,Monaco,R,77.45,20.285,36.589,20.576
OCO,Haas F1 Team,53.0,0 days 00:01:19.133000,0 days 00:00:20.263000,0 days 00:00:38.469000,0 days 00:00:20.401000,HARD,25.0,3.0,,,1,7.0,False,2025,Monaco,R,79.133,20.263,38.469,20.401
OCO,Haas F1 Team,54.0,0 days 00:01:17.744000,0 days 00:00:20.137000,0 days 00:00:36.643000,0 days 00:00:20.964000,HARD,26.0,3.0,,,1,7.0,False,2025,Monaco,R,77.744,20.137,36.643,20.964
OCO,Haas F1 Team,55.0,0 days 00:01:18.492000,0 days 00:00:20.727000,0 days 00:00:36.891000,0 days 00:00:20.874000,HARD,27.0,3.0,,,1,7.0,False,2025,Monaco,R,78.492,20.727,36.891,20.874
OCO,Haas F1 Team,56.0,0 days 00:01:17.541000,0 days 00:00:20.291000,0 days 00:00:36.624000,0 days 00:00:20.626000,HARD,28.0,3.0,,,1,7.0,False,2025,Monaco,R,77.541,20.291,36.624,20.626
OCO,Haas F1 Team,57.0,0 days 00:01:17.871000,0 days 00:00:20.587000,0 days 00:00:36.501000,0 days 00:00:20.783000,HARD,29.0,3.0,,,1,7.0,False,2025,Monaco,R,77.871,20.587,36.501,20.783
OCO,Haas F1 Team,58.0,0 days 00:01:17.184000,0 days 00:00:20.496000,0 days 00:00:36.266000,0 days 00:00:20.422000,HARD,30.0,3.0,,,1,7.0,False,2025,Monaco,R,77.184,20.496,36.266,20.422
OCO,Haas F1 Team,59.0,0 days 00:01:17.137000,0 days 00:00:20.175000,0 days 00:00:36.346000,0 days 00:00:20.616000,HARD,31.0,3.0,,,1,7.0,False,2025,Monaco,R,77.137,20.175,36.346,20.616
OCO,Haas F1 Team,60.0,0 days 00:01:17.606000,0 days 00:00:20.497000,0 days 00:00:36.507000,0 days 00:00:20.602000,HARD,32.0,3.0,,,1,7.0,False,2025,Monaco,R,77.606,20.497,36.507,20.602
OCO,Haas F1 Team,61.0,0 days 00:01:17.644000,0 days 00:00:20.395000,0 days 00:00:36.533000,0 days 00:00:20.716000,HARD,33.0,3.0,,,1,7.0,False,2025,Monaco,R,77.644,20.395,36.533,20.716
OCO,Haas F1 Team,62.0,0 days 00:01:17.670000,0 days 00:00:20.410000,0 days 00:00:36.623000,0 days 00:00:20.637000,HARD,34.0,3.0,,,1,7.0,False,2025,Monaco,R,77.67,20.41,36.623,20.637
OCO,Haas F1 Team,63.0,0 days 00:01:18.295000,0 days 00:00:20.590000,0 days 00:00:37.060000,0 days 00:00:20.645000,HARD,35.0,3.0,,,1,7.0,False,2025,Monaco,R,78.295,20.59,37.06,20.645
OCO,Haas F1 Team,64.0,0 days 00:01:17.903000,0 days 00:00:20.366000,0 days 00:00:36.832000,0 days 00:00:20.705000,HARD,36.0,3.0,,,1,7.0,False,2025,Monaco,R,77.903,20.366,36.832,20.705
OCO,Haas F1 Team,65.0,0 days 00:01:18.271000,0 days 00:00:20.534000,0 days 00:00:37.137000,0 days 00:00:20.600000,HARD,37.0,3.0,,,1,7.0,False,2025,Monaco,R,78.271,20.534,37.137,20.6
OCO,Haas F1 Team,66.0,0 days 00:01:18.810000,0 days 00:00:20.307000,0 days 00:00:38.148000,0 days 00:00:20.355000,HARD,38.0,3.0,,,1,7.0,False,2025,Monaco,R,78.81,20.307,38.148,20.355
OCO,Haas F1 Team,67.0,0 days 00:01:17.401000,0 days 00:00:20.107000,0 days 00:00:36.907000,0 days 00:00:20.387000,HARD,39.0,3.0,,,1,7.0,False,2025,Monaco,R,77.401,20.107,36.907,20.387
OCO,Haas F1 Team,68.0,0 days 00:01:17.467000,0 days 00:00:20.331000,0 days 00:00:36.674000,0 days 00:00:20.462000,HARD,40.0,3.0,,,1,7.0,False,2025,Monaco,R,77.467,20.331,36.674,20.462
OCO,Haas F1 Team,69.0,0 days 00:01:16.985000,0 days 00:00:20.258000,0 days 00:00:36.407000,0 days 00:00:20.320000,HARD,41.0,3.0,,,1,7.0,False,2025,Monaco,R,76.985,20.258,36.407,20.32
OCO,Haas F1 Team,70.0,0 days 00:01:17.069000,0 days 00:00:20.208000,0 days 00:00:36.472000,0 days 00:00:20.389000,HARD,42.0,3.0,,,1,7.0,False,2025,Monaco,R,77.069,20.208,36.472,20.389
OCO,Haas F1 Team,71.0,0 days 00:01:16.828000,0 days 00:00:20.077000,0 days 00:00:36.416000,0 days 00:00:20.335000,HARD,43.0,3.0,,,1,7.0,False,2025,Monaco,R,76.828,20.077,36.416,20.335
OCO,Haas F1 Team,72.0,0 days 00:01:16.768000,0 days 00:00:20.136000,0 days 00:00:36.239000,0 days 00:00:20.393000,HARD,44.0,3.0,,,1,7.0,False,2025,Monaco,R,76.768,20.136,36.239,20.393
OCO,Haas F1 Team,73.0,0 days 00:01:16.652000,0 days 00:00:20.063000,0 days 00:00:36.313000,0 days 00:00:20.276000,HARD,45.0,3.0,,,1,7.0,False,2025,Monaco,R,76.652,20.063,36.313,20.276
OCO,Haas F1 Team,74.0,0 days 00:01:16.580000,0 days 00:00:20.025000,0 days 00:00:36.237000,0 days 00:00:20.318000,HARD,46.0,3.0,,,1,7.0,False,2025,Monaco,R,76.58,20.025,36.237,20.318
OCO,Haas F1 Team,75.0,0 days 00:01:16.714000,0 days 00:00:20.114000,0 days 00:00:36.237000,0 days 00:00:20.363000,HARD,47.0,3.0,,,1,7.0,False,2025,Monaco,R,76.714,20.114,36.237,20.363
OCO,Haas F1 Team,76.0,0 days 00:01:16.604000,0 days 00:00:20.093000,0 days 00:00:36.305000,0 days 00:00:20.206000,HARD,48.0,3.0,,,1,7.0,False,2025,Monaco,R,76.604,20.093,36.305,20.206
OCO,Haas F1 Team,77.0,0 days 00:01:16.747000,0 days 00:00:19.953000,0 days 00:00:36.322000,0 days 00:00:20.472000,HARD,49.0,3.0,,,1,7.0,False,2025,Monaco,R,76.747,19.953,36.322,20.472
NOR,McLaren,1.0,0 days 00:01:23.340000,,0 days 00:00:37.264000,0 days 00:00:21.219000,MEDIUM,1.0,1.0,,,12,1.0,False,2025,Monaco,R,83.34,,37.264,21.219
NOR,McLaren,2.0,0 days 00:01:44.634000,0 days 00:00:34.072000,0 days 00:00:44.185000,0 days 00:00:26.377000,MEDIUM,2.0,1.0,,,16,1.0,False,2025,Monaco,R,104.634,34.072,44.185,26.377
NOR,McLaren,3.0,0 days 00:01:49.015000,0 days 00:00:30.118000,0 days 00:00:49.715000,0 days 00:00:29.182000,MEDIUM,3.0,1.0,,,6,1.0,False,2025,Monaco,R,109.015,30.118,49.715,29.182
NOR,McLaren,4.0,0 days 00:01:41.564000,0 days 00:00:31.321000,0 days 00:00:47.988000,0 days 00:00:22.255000,MEDIUM,4.0,1.0,,,671,1.0,False,2025,Monaco,R,101.564,31.321,47.988,22.255
NOR,McLaren,5.0,0 days 00:01:18.050000,0 days 00:00:20.559000,0 days 00:00:36.559000,0 days 00:00:20.932000,MEDIUM,5.0,1.0,,,1,1.0,False,2025,Monaco,R,78.05,20.559,36.559,20.932
NOR,McLaren,6.0,0 days 00:01:19.172000,0 days 00:00:20.643000,0 days 00:00:37.367000,0 days 00:00:21.162000,MEDIUM,6.0,1.0,,,1,1.0,False,2025,Monaco,R,79.172,20.643,37.367,21.162
NOR,McLaren,7.0,0 days 00:01:18.470000,0 days 00:00:20.536000,0 days 00:00:37.171000,0 days 00:00:20.763000,MEDIUM,7.0,1.0,,,1,1.0,False,2025,Monaco,R,78.47,20.536,37.171,20.763
NOR,McLaren,8.0,0 days 00:01:17.626000,0 days 00:00:20.324000,0 days 00:00:36.551000,0 days 00:00:20.751000,MEDIUM,8.0,1.0,,,12,1.0,False,2025,Monaco,R,77.626,20.324,36.551,20.751
NOR,McLaren,9.0,0 days 00:01:22.148000,0 days 00:00:20.524000,0 days 00:00:40.374000,0 days 00:00:21.250000,MEDIUM,9.0,1.0,,,2,1.0,False,2025,Monaco,R,82.148,20.524,40.374,21.25
NOR,McLaren,10.0,0 days 00:01:20.385000,0 days 00:00:20.486000,0 days 00:00:38.781000,0 days 00:00:21.118000,MEDIUM,10.0,1.0,,,2,1.0,False,2025,Monaco,R,80.385,20.486,38.781,21.118
NOR,McLaren,11.0,0 days 00:01:19.771000,0 days 00:00:20.086000,0 days 00:00:38.999000,0 days 00:00:20.686000,MEDIUM,11.0,1.0,,,21,1.0,False,2025,Monaco,R,79.771,20.086,38.999,20.686
NOR,McLaren,12.0,0 days 00:01:16.300000,0 days 00:00:20.126000,0 days 00:00:35.936000,0 days 00:00:20.238000,MEDIUM,12.0,1.0,,,1,1.0,False,2025,Monaco,R,76.3,20.126,35.936,20.238
NOR,McLaren,13.0,0 days 00:01:15.988000,0 days 00:00:20.017000,0 days 00:00:35.712000,0 days 00:00:20.259000,MEDIUM,13.0,1.0,,,1,1.0,False,2025,Monaco,R,75.988,20.017,35.712,20.259
NOR,McLaren,14.0,0 days 00:01:16.122000,0 days 00:00:19.931000,0 days 00:00:35.991000,0 days 00:00:20.200000,MEDIUM,14.0,1.0,,,1,1.0,False,2025,Monaco,R,76.122,19.931,35.991,20.2
NOR,McLaren,15.0,0 days 00:01:15.673000,0 days 00:00:19.875000,0 days 00:00:35.541000,0 days 00:00:20.257000,MEDIUM,15.0,1.0,,,1,1.0,False,2025,Monaco,R,75.673,19.875,35.541,20.257
NOR,McLaren,16.0,0 days 00:01:14.914000,0 days 00:00:19.840000,0 days 00:00:35.192000,0 days 00:00:19.882000,MEDIUM,16.0,1.0,,,1,1.0,False,2025,Monaco,R,74.914,19.84,35.192,19.882
NOR,McLaren,17.0,0 days 00:01:14.659000,0 days 00:00:19.718000,0 days 00:00:35.035000,0 days 00:00:19.906000,MEDIUM,17.0,1.0,,,1,1.0,False,2025,Monaco,R,74.659,19.718,35.035,19.906
NOR,McLaren,18.0,0 days 00:01:15.280000,0 days 00:00:19.776000,0 days 00:00:35.567000,0 days 00:00:19.937000,MEDIUM,18.0,1.0,,,1,1.0,False,2025,Monaco,R,75.28,19.776,35.567,19.937
NOR,McLaren,19.0,0 days 00:01:32.254000,0 days 00:00:19.653000,0 days 00:00:35.366000,0 days 00:00:37.235000,MEDIUM,19.0,1.0,0 days 01:22:00.706000,,1,4.0,False,2025,Monaco,R,92.254,19.653,35.366,37.235
NOR,McLaren,20.0,0 days 00:01:18.033000,0 days 00:00:22.708000,0 days 00:00:35.363000,0 days 00:00:19.962000,HARD,1.0,2.0,,0 days 01:22:25.221000,1,3.0,False,2025,Monaco,R,78.033,22.708,35.363,19.962
NOR,McLaren,21.0,0 days 00:01:15.259000,0 days 00:00:20.210000,0 days 00:00:35.375000,0 days 00:00:19.674000,HARD,2.0,2.0,,,1,3.0,False,2025,Monaco,R,75.259,20.21,35.375,19.674
NOR,McLaren,22.0,0 days 00:01:14.846000,0 days 00:00:19.655000,0 days 00:00:35.312000,0 days 00:00:19.879000,HARD,3.0,2.0,,,1,2.0,False,2025,Monaco,R,74.846,19.655,35.312,19.879
NOR,McLaren,23.0,0 days 00:01:15.315000,0 days 00:00:20.066000,0 days 00:00:35.223000,0 days 00:00:20.026000,HARD,4.0,2.0,,,1,2.0,False,2025,Monaco,R,75.315,20.066,35.223,20.026
NOR,McLaren,24.0,0 days 00:01:15.220000,0 days 00:00:19.870000,0 days 00:00:35.356000,0 days 00:00:19.994000,HARD,5.0,2.0,,,1,2.0,False,2025,Monaco,R,75.22,19.87,35.356,19.994
NOR,McLaren,25.0,0 days 00:01:14.400000,0 days 00:00:19.578000,0 days 00:00:34.961000,0 days 00:00:19.861000,HARD,6.0,2.0,,,1,2.0,False,2025,Monaco,R,74.4,19.578,34.961,19.861
NOR,McLaren,26.0,0 days 00:01:14.727000,0 days 00:00:19.749000,0 days 00:00:35.153000,0 days 00:00:19.825000,HARD,7.0,2.0,,,1,2.0,False,2025,Monaco,R,74.727,19.749,35.153,19.825
NOR,McLaren,27.0,0 days 00:01:14.622000,0 days 00:00:19.588000,0 days 00:00:35.171000,0 days 00:00:19.863000,HARD,8.0,2.0,,,1,2.0,False,2025,Monaco,R,74.622,19.588,35.171,19.863
NOR,McLaren,28.0,0 days 00:01:14.618000,0 days 00:00:19.508000,0 days 00:00:35.151000,0 days 00:00:19.959000,HARD,9.0,2.0,,,1,1.0,False,2025,Monaco,R,74.618,19.508,35.151,19.959
NOR,McLaren,29.0,0 days 00:01:15.777000,0 days 00:00:19.716000,0 days 00:00:35.834000,0 days 00:00:20.227000,HARD,10.0,2.0,,,1,1.0,False,2025,Monaco,R,75.777,19.716,35.834,20.227
NOR,McLaren,30.0,0 days 00:01:17.259000,0 days 00:00:19.932000,0 days 00:00:36.898000,0 days 00:00:20.429000,HARD,11.0,2.0,,,1,1.0,False,2025,Monaco,R,77.259,19.932,36.898,20.429
NOR,McLaren,31.0,0 days 00:01:16.797000,0 days 00:00:20.029000,0 days 00:00:36.233000,0 days 00:00:20.535000,HARD,12.0,2.0,,,1,1.0,False,2025,Monaco,R,76.797,20.029,36.233,20.535
NOR,McLaren,32.0,0 days 00:01:14.711000,0 days 00:00:19.694000,0 days 00:00:35.206000,0 days 00:00:19.811000,HARD,13.0,2.0,,,1,1.0,False,2025,Monaco,R,74.711,19.694,35.206,19.811
NOR,McLaren,33.0,0 days 00:01:14.642000,0 days 00:00:19.740000,0 days 00:00:35.193000,0 days 00:00:19.709000,HARD,14.0,2.0,,,1,1.0,False,2025,Monaco,R,74.642,19.74,35.193,19.709
NOR,McLaren,34.0,0 days 00:01:14.689000,0 days 00:00:19.550000,0 days 00:00:35.351000,0 days 00:00:19.788000,HARD,15.0,2.0,,,1,1.0,False,2025,Monaco,R,74.689,19.55,35.351,19.788
NOR,McLaren,35.0,0 days 00:01:14.184000,0 days 00:00:19.497000,0 days 00:00:34.985000,0 days 00:00:19.702000,HARD,16.0,2.0,,,1,1.0,False,2025,Monaco,R,74.184,19.497,34.985,19.702
NOR,McLaren,36.0,0 days 00:01:14.785000,0 days 00:00:19.705000,0 days 00:00:35.261000,0 days 00:00:19.819000,HARD,17.0,2.0,,,1,1.0,False,2025,Monaco,R,74.785,19.705,35.261,19.819
NOR,McLaren,37.0,0 days 00:01:14.670000,0 days 00:00:19.654000,0 days 00:00:35.272000,0 days 00:00:19.744000,HARD,18.0,2.0,,,1,1.0,False,2025,Monaco,R,74.67,19.654,35.272,19.744
NOR,McLaren,38.0,0 days 00:01:14.907000,0 days 00:00:19.606000,0 days 00:00:35.094000,0 days 00:00:20.207000,HARD,19.0,2.0,,,12,1.0,False,2025,Monaco,R,74.907,19.606,35.094,20.207
NOR,McLaren,39.0,0 days 00:01:14.141000,0 days 00:00:19.465000,0 days 00:00:34.981000,0 days 00:00:19.695000,HARD,20.0,2.0,,,1,1.0,False,2025,Monaco,R,74.141,19.465,34.981,19.695
NOR,McLaren,40.0,0 days 00:01:15.237000,0 days 00:00:19.396000,0 days 00:00:35.370000,0 days 00:00:20.471000,HARD,21.0,2.0,,,1,1.0,False,2025,Monaco,R,75.237,19.396,35.37,20.471
NOR,McLaren,41.0,0 days 00:01:14.026000,0 days 00:00:19.379000,0 days 00:00:34.994000,0 days 00:00:19.653000,HARD,22.0,2.0,,,1,1.0,False,2025,Monaco,R,74.026,19.379,34.994,19.653
NOR,McLaren,42.0,0 days 00:01:14.419000,0 days 00:00:19.533000,0 days 00:00:35.114000,0 days 00:00:19.772000,HARD,23.0,2.0,,,1,1.0,False,2025,Monaco,R,74.419,19.533,35.114,19.772
NOR,McLaren,43.0,0 days 00:01:14.174000,0 days 00:00:19.567000,0 days 00:00:34.939000,0 days 00:00:19.668000,HARD,24.0,2.0,,,1,1.0,False,2025,Monaco,R,74.174,19.567,34.939,19.668
NOR,McLaren,44.0,0 days 00:01:13.872000,0 days 00:00:19.349000,0 days 00:00:34.852000,0 days 00:00:19.671000,HARD,25.0,2.0,,,1,1.0,False,2025,Monaco,R,73.872,19.349,34.852,19.671
NOR,McLaren,45.0,0 days 00:01:14.384000,0 days 00:00:19.439000,0 days 00:00:35.214000,0 days 00:00:19.731000,HARD,26.0,2.0,,,1,1.0,False,2025,Monaco,R,74.384,19.439,35.214,19.731
NOR,McLaren,46.0,0 days 00:01:14.177000,0 days 00:00:19.377000,0 days 00:00:35.149000,0 days 00:00:19.651000,HARD,27.0,2.0,,,1,1.0,False,2025,Monaco,R,74.177,19.377,35.149,19.651
NOR,McLaren,47.0,0 days 00:01:14.357000,0 days 00:00:19.352000,0 days 00:00:35.102000,0 days 00:00:19.903000,HARD,28.0,2.0,,,1,1.0,False,2025,Monaco,R,74.357,19.352,35.102,19.903
NOR,McLaren,48.0,0 days 00:01:15.701000,0 days 00:00:19.519000,0 days 00:00:35.861000,0 days 00:00:20.321000,HARD,29.0,2.0,,,1,1.0,False,2025,Monaco,R,75.701,19.519,35.861,20.321
NOR,McLaren,49.0,0 days 00:01:16.684000,0 days 00:00:19.777000,0 days 00:00:36.452000,0 days 00:00:20.455000,HARD,30.0,2.0,,,1,1.0,False,2025,Monaco,R,76.684,19.777,36.452,20.455
NOR,McLaren,50.0,0 days 00:01:30.893000,0 days 00:00:19.674000,0 days 00:00:35.075000,0 days 00:00:36.144000,HARD,31.0,2.0,0 days 02:01:03.269000,,1,2.0,False,2025,Monaco,R,90.893,19.674,35.075,36.144
NOR,McLaren,51.0,0 days 00:01:18.237000,0 days 00:00:22.407000,0 days 00:00:35.760000,0 days 00:00:20.070000,HARD,1.0,3.0,,0 days 02:01:26.738000,1,2.0,False,2025,Monaco,R,78.237,22.407,35.76,20.07
NOR,McLaren,52.0,0 days 00:01:15.039000,0 days 00:00:19.648000,0 days 00:00:35.496000,0 days 00:00:19.895000,HARD,2.0,3.0,,,1,2.0,False,2025,Monaco,R,75.039,19.648,35.496,19.895
NOR,McLaren,53.0,0 days 00:01:15.848000,0 days 00:00:19.664000,0 days 00:00:35.818000,0 days 00:00:20.366000,HARD,3.0,3.0,,,1,2.0,False,2025,Monaco,R,75.848,19.664,35.818,20.366
NOR,McLaren,54.0,0 days 00:01:16.308000,0 days 00:00:19.850000,0 days 00:00:36.381000,0 days 00:00:20.077000,HARD,4.0,3.0,,,1,2.0,False,2025,Monaco,R,76.308,19.85,36.381,20.077
NOR,McLaren,55.0,0 days 00:01:14.993000,0 days 00:00:19.387000,0 days 00:00:35.797000,0 days 00:00:19.809000,HARD,5.0,3.0,,,1,2.0,False,2025,Monaco,R,74.993,19.387,35.797,19.809
NOR,McLaren,56.0,0 days 00:01:14.821000,0 days 00:00:19.646000,0 days 00:00:35.539000,0 days 00:00:19.636000,HARD,6.0,3.0,,,1,2.0,False,2025,Monaco,R,74.821,19.646,35.539,19.636
NOR,McLaren,57.0,0 days 00:01:14.676000,0 days 00:00:19.504000,0 days 00:00:35.314000,0 days 00:00:19.858000,HARD,7.0,3.0,,,1,2.0,False,2025,Monaco,R,74.676,19.504,35.314,19.858
NOR,McLaren,58.0,0 days 00:01:15.159000,0 days 00:00:19.635000,0 days 00:00:35.533000,0 days 00:00:19.991000,HARD,8.0,3.0,,,1,2.0,False,2025,Monaco,R,75.159,19.635,35.533,19.991
NOR,McLaren,59.0,0 days 00:01:15.107000,0 days 00:00:19.534000,0 days 00:00:35.685000,0 days 00:00:19.888000,HARD,9.0,3.0,,,1,2.0,False,2025,Monaco,R,75.107,19.534,35.685,19.888
NOR,McLaren,60.0,0 days 00:01:15.584000,0 days 00:00:19.631000,0 days 00:00:35.807000,0 days 00:00:20.146000,HARD,10.0,3.0,,,1,2.0,False,2025,Monaco,R,75.584,19.631,35.807,20.146
NOR,McLaren,61.0,0 days 00:01:15.199000,0 days 00:00:19.730000,0 days 00:00:35.603000,0 days 00:00:19.866000,HARD,11.0,3.0,,,1,2.0,False,2025,Monaco,R,75.199,19.73,35.603,19.866
NOR,McLaren,62.0,0 days 00:01:15.514000,0 days 00:00:19.577000,0 days 00:00:36.059000,0 days 00:00:19.878000,HARD,12.0,3.0,,,1,2.0,False,2025,Monaco,R,75.514,19.577,36.059,19.878
NOR,McLaren,63.0,0 days 00:01:15.301000,0 days 00:00:19.599000,0 days 00:00:35.715000,0 days 00:00:19.987000,HARD,13.0,3.0,,,1,2.0,False,2025,Monaco,R,75.301,19.599,35.715,19.987
NOR,McLaren,64.0,0 days 00:01:15.313000,0 days 00:00:19.584000,0 days 00:00:35.823000,0 days 00:00:19.906000,HARD,14.0,3.0,,,1,2.0,False,2025,Monaco,R,75.313,19.584,35.823,19.906
NOR,McLaren,65.0,0 days 00:01:15.478000,0 days 00:00:19.616000,0 days 00:00:36.060000,0 days 00:00:19.802000,HARD,15.0,3.0,,,1,2.0,False,2025,Monaco,R,75.478,19.616,36.06,19.802
NOR,McLaren,66.0,0 days 00:01:14.968000,0 days 00:00:19.627000,0 days 00:00:35.617000,0 days 00:00:19.724000,HARD,16.0,3.0,,,1,2.0,False,2025,Monaco,R,74.968,19.627,35.617,19.724
NOR,McLaren,67.0,0 days 00:01:15.007000,0 days 00:00:19.644000,0 days 00:00:35.656000,0 days 00:00:19.707000,HARD,17.0,3.0,,,1,2.0,False,2025,Monaco,R,75.007,19.644,35.656,19.707
NOR,McLaren,68.0,0 days 00:01:15.615000,0 days 00:00:19.611000,0 days 00:00:36.066000,0 days 00:00:19.938000,HARD,18.0,3.0,,,1,2.0,False,2025,Monaco,R,75.615,19.611,36.066,19.938
NOR,McLaren,69.0,0 days 00:01:15.984000,0 days 00:00:19.952000,0 days 00:00:36.223000,0 days 00:00:19.809000,HARD,19.0,3.0,,,1,2.0,False,2025,Monaco,R,75.984,19.952,36.223,19.809
NOR,McLaren,70.0,0 days 00:01:16.238000,0 days 00:00:19.813000,0 days 00:00:36.392000,0 days 00:00:20.033000,HARD,20.0,3.0,,,1,2.0,False,2025,Monaco,R,76.238,19.813,36.392,20.033
NOR,McLaren,71.0,0 days 00:01:16.362000,0 days 00:00:19.809000,0 days 00:00:36.315000,0 days 00:00:20.238000,HARD,21.0,3.0,,,1,2.0,False,2025,Monaco,R,76.362,19.809,36.315,20.238
NOR,McLaren,72.0,0 days 00:01:16.380000,0 days 00:00:19.796000,0 days 00:00:36.583000,0 days 00:00:20.001000,HARD,22.0,3.0,,,1,2.0,False,2025,Monaco,R,76.38,19.796,36.583,20.001
NOR,McLaren,73.0,0 days 00:01:16.355000,0 days 00:00:19.899000,0 days 00:00:36.501000,0 days 00:00:19.955000,HARD,23.0,3.0,,,1,2.0,False,2025,Monaco,R,76.355,19.899,36.501,19.955
NOR,McLaren,74.0,0 days 00:01:16.287000,0 days 00:00:19.624000,0 days 00:00:36.630000,0 days 00:00:20.033000,HARD,24.0,3.0,,,1,2.0,False,2025,Monaco,R,76.287,19.624,36.63,20.033
NOR,McLaren,75.0,0 days 00:01:16.405000,0 days 00:00:19.720000,0 days 00:00:36.667000,0 days 00:00:20.018000,HARD,25.0,3.0,,,1,2.0,False,2025,Monaco,R,76.405,19.72,36.667,20.018
NOR,McLaren,76.0,0 days 00:01:15.836000,0 days 00:00:19.502000,0 days 00:00:36.260000,0 days 00:00:20.074000,HARD,26.0,3.0,,,1,2.0,False,2025,Monaco,R,75.836,19.502,36.26,20.074
NOR,McLaren,77.0,0 days 00:01:15.717000,0 days 00:00:19.726000,0 days 00:00:36.279000,0 days 00:00:19.712000,HARD,27.0,3.0,,,1,1.0,False,2025,Monaco,R,75.717,19.726,36.279,19.712
NOR,McLaren,78.0,0 days 00:01:13.221000,0 days 00:00:19.145000,0 days 00:00:34.697000,0 days 00:00:19.379000,HARD,28.0,3.0,,,1,1.0,False,2025,Monaco,R,73.221,19.145,34.697,19.379
COL,Alpine,1.0,0 days 00:01:36.577000,,0 days 00:00:41.290000,0 days 00:00:22.860000,HARD,1.0,1.0,,,126,15.0,False,2025,Monaco,R,96.577,,41.29,22.86
COL,Alpine,2.0,0 days 00:01:50.894000,0 days 00:00:37.987000,0 days 00:00:48.498000,0 days 00:00:24.409000,HARD,2.0,1.0,,,6,15.0,False,2025,Monaco,R,110.894,37.987,48.498,24.409
COL,Alpine,3.0,0 days 00:01:48.913000,0 days 00:00:31.865000,0 days 00:00:47.462000,0 days 00:00:29.586000,HARD,3.0,1.0,,,6,15.0,False,2025,Monaco,R,108.913,31.865,47.462,29.586
COL,Alpine,4.0,0 days 00:01:36.476000,0 days 00:00:30.548000,0 days 00:00:44.583000,0 days 00:00:21.345000,HARD,4.0,1.0,,,671,15.0,False,2025,Monaco,R,96.476,30.548,44.583,21.345
COL,Alpine,5.0,0 days 00:01:19.999000,0 days 00:00:20.959000,0 days 00:00:37.709000,0 days 00:00:21.331000,HARD,5.0,1.0,,,1,15.0,False,2025,Monaco,R,79.999,20.959,37.709,21.331
COL,Alpine,6.0,0 days 00:01:20.746000,0 days 00:00:21.187000,0 days 00:00:37.873000,0 days 00:00:21.686000,HARD,6.0,1.0,,,1,15.0,False,2025,Monaco,R,80.746,21.187,37.873,21.686
COL,Alpine,7.0,0 days 00:01:20.915000,0 days 00:00:21.251000,0 days 00:00:37.801000,0 days 00:00:21.863000,HARD,7.0,1.0,,,1,15.0,False,2025,Monaco,R,80.915,21.251,37.801,21.863
COL,Alpine,8.0,0 days 00:01:20.987000,0 days 00:00:21.260000,0 days 00:00:38.026000,0 days 00:00:21.701000,HARD,8.0,1.0,,,12,15.0,False,2025,Monaco,R,80.987,21.26,38.026,21.701
COL,Alpine,9.0,0 days 00:01:23.197000,0 days 00:00:21.020000,0 days 00:00:39.914000,0 days 00:00:22.263000,HARD,9.0,1.0,,,2,15.0,False,2025,Monaco,R,83.197,21.02,39.914,22.263
COL,Alpine,10.0,0 days 00:01:21.709000,0 days 00:00:21.163000,0 days 00:00:38.877000,0 days 00:00:21.669000,HARD,10.0,1.0,,,2,15.0,False,2025,Monaco,R,81.709,21.163,38.877,21.669
COL,Alpine,11.0,0 days 00:01:19.851000,0 days 00:00:20.995000,0 days 00:00:37.590000,0 days 00:00:21.266000,HARD,11.0,1.0,,,21,15.0,False,2025,Monaco,R,79.851,20.995,37.59,21.266
COL,Alpine,12.0,0 days 00:01:19.827000,0 days 00:00:21.071000,0 days 00:00:37.383000,0 days 00:00:21.373000,HARD,12.0,1.0,,,1,14.0,False,2025,Monaco,R,79.827,21.071,37.383,21.373
COL,Alpine,13.0,0 days 00:01:35.917000,0 days 00:00:20.886000,0 days 00:00:37.175000,0 days 00:00:37.856000,HARD,13.0,1.0,0 days 01:15:01.421000,,1,19.0,False,2025,Monaco,R,95.917,20.886,37.175,37.856
COL,Alpine,14.0,0 days 00:01:20.062000,0 days 00:00:23.649000,0 days 00:00:36.345000,0 days 00:00:20.068000,MEDIUM,8.0,2.0,,0 days 01:15:25.791000,1,19.0,False,2025,Monaco,R,80.062,23.649,36.345,20.068
COL,Alpine,15.0,0 days 00:01:15.509000,0 days 00:00:20.031000,0 days 00:00:35.484000,0 days 00:00:19.994000,MEDIUM,9.0,2.0,,,1,19.0,False,2025,Monaco,R,75.509,20.031,35.484,19.994
COL,Alpine,16.0,0 days 00:01:15.435000,0 days 00:00:19.967000,0 days 00:00:35.484000,0 days 00:00:19.984000,MEDIUM,10.0,2.0,,,1,19.0,False,2025,Monaco,R,75.435,19.967,35.484,19.984
COL,Alpine,17.0,0 days 00:01:17.547000,0 days 00:00:20.025000,0 days 00:00:36.508000,0 days 00:00:21.014000,MEDIUM,11.0,2.0,,,1,17.0,False,2025,Monaco,R,77.547,20.025,36.508,21.014
COL,Alpine,18.0,0 days 00:01:18.351000,0 days 00:00:20.569000,0 days 00:00:37.021000,0 days 00:00:20.761000,MEDIUM,12.0,2.0,,,1,17.0,False,2025,Monaco,R,78.351,20.569,37.021,20.761
COL,Alpine,19.0,0 days 00:01:18.851000,0 days 00:00:20.572000,0 days 00:00:37.322000,0 days 00:00:20.957000,MEDIUM,13.0,2.0,,,1,17.0,False,2025,Monaco,R,78.851,20.572,37.322,20.957
COL,Alpine,20.0,0 days 00:01:19.296000,0 days 00:00:20.775000,0 days 00:00:37.347000,0 days 00:00:21.174000,MEDIUM,14.0,2.0,,,1,17.0,False,2025,Monaco,R,79.296,20.775,37.347,21.174
COL,Alpine,21.0,0 days 00:01:18.214000,0 days 00:00:20.526000,0 days 00:00:36.855000,0 days 00:00:20.833000,MEDIUM,15.0,2.0,,,1,17.0,False,2025,Monaco,R,78.214,20.526,36.855,20.833
COL,Alpine,22.0,0 days 00:01:17.808000,0 days 00:00:20.295000,0 days 00:00:36.786000,0 days 00:00:20.727000,MEDIUM,16.0,2.0,,,1,17.0,False,2025,Monaco,R,77.808,20.295,36.786,20.727
COL,Alpine,23.0,0 days 00:01:17.626000,0 days 00:00:20.352000,0 days 00:00:36.630000,0 days 00:00:20.644000,MEDIUM,17.0,2.0,,,1,17.0,False,2025,Monaco,R,77.626,20.352,36.63,20.644
COL,Alpine,24.0,0 days 00:01:17.233000,0 days 00:00:20.226000,0 days 00:00:36.489000,0 days 00:00:20.518000,MEDIUM,18.0,2.0,,,1,17.0,False,2025,Monaco,R,77.233,20.226,36.489,20.518
COL,Alpine,25.0,0 days 00:01:17.209000,0 days 00:00:20.032000,0 days 00:00:36.647000,0 days 00:00:20.530000,MEDIUM,19.0,2.0,,,1,17.0,False,2025,Monaco,R,77.209,20.032,36.647,20.53
COL,Alpine,26.0,0 days 00:01:35.572000,0 days 00:00:20.336000,0 days 00:00:37.145000,0 days 00:00:38.091000,MEDIUM,20.0,2.0,0 days 01:32:09.986000,,1,19.0,False,2025,Monaco,R,95.572,20.336,37.145,38.091
COL,Alpine,27.0,0 days 00:01:20.237000,0 days 00:00:24.137000,0 days 00:00:36.107000,0 days 00:00:19.993000,MEDIUM,1.0,3.0,,0 days 01:32:34.627000,1,19.0,False,2025,Monaco,R,80.237,24.137,36.107,19.993
COL,Alpine,28.0,0 days 00:01:18.135000,0 days 00:00:21.354000,0 days 00:00:36.628000,0 days 00:00:20.153000,MEDIUM,2.0,3.0,,,1,19.0,False,2025,Monaco,R,78.135,21.354,36.628,20.153
COL,Alpine,29.0,0 days 00:01:15.914000,0 days 00:00:20.094000,0 days 00:00:35.638000,0 days 00:00:20.182000,MEDIUM,3.0,3.0,,,1,19.0,False,2025,Monaco,R,75.914,20.094,35.638,20.182
COL,Alpine,30.0,0 days 00:01:15.298000,0 days 00:00:19.799000,0 days 00:00:35.484000,0 days 00:00:20.015000,MEDIUM,4.0,3.0,,,1,19.0,False,2025,Monaco,R,75.298,19.799,35.484,20.015
COL,Alpine,31.0,0 days 00:01:16.007000,0 days 00:00:19.843000,0 days 00:00:35.877000,0 days 00:00:20.287000,MEDIUM,5.0,3.0,,,1,19.0,False,2025,Monaco,R,76.007,19.843,35.877,20.287
COL,Alpine,32.0,0 days 00:01:19.845000,0 days 00:00:20.397000,0 days 00:00:38.726000,0 days 00:00:20.722000,MEDIUM,6.0,3.0,,,1,19.0,False,2025,Monaco,R,79.845,20.397,38.726,20.722
COL,Alpine,33.0,0 days 00:01:18.528000,0 days 00:00:20.710000,0 days 00:00:37.195000,0 days 00:00:20.623000,MEDIUM,7.0,3.0,,,1,19.0,False,2025,Monaco,R,78.528,20.71,37.195,20.623
COL,Alpine,34.0,0 days 00:01:18.704000,0 days 00:00:20.551000,0 days 00:00:37.100000,0 days 00:00:21.053000,MEDIUM,8.0,3.0,,,1,19.0,False,2025,Monaco,R,78.704,20.551,37.1,21.053
COL,Alpine,35.0,0 days 00:01:18.670000,0 days 00:00:20.490000,0 days 00:00:37.253000,0 days 00:00:20.927000,MEDIUM,9.0,3.0,,,1,18.0,False,2025,Monaco,R,78.67,20.49,37.253,20.927
COL,Alpine,36.0,0 days 00:01:17.955000,0 days 00:00:20.375000,0 days 00:00:36.766000,0 days 00:00:20.814000,MEDIUM,10.0,3.0,,,1,18.0,False,2025,Monaco,R,77.955,20.375,36.766,20.814
COL,Alpine,37.0,0 days 00:01:18.660000,0 days 00:00:20.584000,0 days 00:00:37.231000,0 days 00:00:20.845000,MEDIUM,11.0,3.0,,,12,17.0,False,2025,Monaco,R,78.66,20.584,37.231,20.845
COL,Alpine,38.0,0 days 00:01:18.728000,0 days 00:00:20.702000,0 days 00:00:37.114000,0 days 00:00:20.912000,MEDIUM,12.0,3.0,,,1,17.0,False,2025,Monaco,R,78.728,20.702,37.114,20.912
COL,Alpine,39.0,0 days 00:01:18.889000,0 days 00:00:20.455000,0 days 00:00:37.386000,0 days 00:00:21.048000,MEDIUM,13.0,3.0,,,1,17.0,False,2025,Monaco,R,78.889,20.455,37.386,21.048
COL,Alpine,40.0,0 days 00:01:18.443000,0 days 00:00:20.743000,0 days 00:00:36.950000,0 days 00:00:20.750000,MEDIUM,14.0,3.0,,,1,17.0,False,2025,Monaco,R,78.443,20.743,36.95,20.75
COL,Alpine,41.0,0 days 00:01:18.866000,0 days 00:00:20.596000,0 days 00:00:37.437000,0 days 00:00:20.833000,MEDIUM,15.0,3.0,,,1,17.0,False,2025,Monaco,R,78.866,20.596,37.437,20.833
COL,Alpine,42.0,0 days 00:01:17.798000,0 days 00:00:20.430000,0 days 00:00:36.752000,0 days 00:00:20.616000,MEDIUM,16.0,3.0,,,1,17.0,False,2025,Monaco,R,77.798,20.43,36.752,20.616
COL,Alpine,43.0,0 days 00:01:17.541000,0 days 00:00:20.286000,0 days 00:00:36.504000,0 days 00:00:20.751000,MEDIUM,17.0,3.0,,,1,17.0,False,2025,Monaco,R,77.541,20.286,36.504,20.751
COL,Alpine,44.0,0 days 00:01:18.439000,0 days 00:00:20.488000,0 days 00:00:37.187000,0 days 00:00:20.764000,MEDIUM,18.0,3.0,,,1,16.0,False,2025,Monaco,R,78.439,20.488,37.187,20.764
COL,Alpine,45.0,0 days 00:01:18.710000,0 days 00:00:20.474000,0 days 00:00:37.271000,0 days 00:00:20.965000,MEDIUM,19.0,3.0,,,1,16.0,False,2025,Monaco,R,78.71,20.474,37.271,20.965
COL,Alpine,46.0,0 days 00:01:20.190000,0 days 00:00:20.537000,0 days 00:00:37.455000,0 days 00:00:22.198000,MEDIUM,20.0,3.0,,,1,16.0,False,2025,Monaco,R,80.19,20.537,37.455,22.198
COL,Alpine,47.0,0 days 00:01:19.889000,0 days 00:00:20.566000,0 days 00:00:37.486000,0 days 00:00:21.837000,MEDIUM,21.0,3.0,,,1,16.0,False,2025,Monaco,R,79.889,20.566,37.486,21.837
COL,Alpine,48.0,0 days 00:01:18.240000,0 days 00:00:20.033000,0 days 00:00:37.186000,0 days 00:00:21.021000,MEDIUM,22.0,3.0,,,1,16.0,False,2025,Monaco,R,78.24,20.033,37.186,21.021
COL,Alpine,49.0,0 days 00:01:18.159000,0 days 00:00:20.421000,0 days 00:00:37.070000,0 days 00:00:20.668000,MEDIUM,23.0,3.0,,,1,16.0,False,2025,Monaco,R,78.159,20.421,37.07,20.668
COL,Alpine,50.0,0 days 00:01:19.965000,0 days 00:00:20.398000,0 days 00:00:37.535000,0 days 00:00:22.032000,MEDIUM,24.0,3.0,,,1,16.0,False,2025,Monaco,R,79.965,20.398,37.535,22.032
COL,Alpine,51.0,0 days 00:01:20.722000,0 days 00:00:20.480000,0 days 00:00:37.985000,0 days 00:00:22.257000,MEDIUM,25.0,3.0,,,1,16.0,False,2025,Monaco,R,80.722,20.48,37.985,22.257
COL,Alpine,52.0,0 days 00:01:20.423000,0 days 00:00:21.726000,0 days 00:00:37.785000,0 days 00:00:20.912000,MEDIUM,26.0,3.0,,,1,16.0,False,2025,Monaco,R,80.423,21.726,37.785,20.912
COL,Alpine,53.0,0 days 00:01:20.255000,0 days 00:00:20.508000,0 days 00:00:38.835000,0 days 00:00:20.912000,MEDIUM,27.0,3.0,,,1,16.0,False,2025,Monaco,R,80.255,20.508,38.835,20.912
COL,Alpine,54.0,0 days 00:01:18.710000,0 days 00:00:20.523000,0 days 00:00:37.008000,0 days 00:00:21.179000,MEDIUM,28.0,3.0,,,1,16.0,False,2025,Monaco,R,78.71,20.523,37.008,21.179
COL,Alpine,55.0,0 days 00:01:18.692000,0 days 00:00:20.798000,0 days 00:00:37.034000,0 days 00:00:20.860000,MEDIUM,29.0,3.0,,,1,16.0,False,2025,Monaco,R,78.692,20.798,37.034,20.86
COL,Alpine,56.0,0 days 00:01:18.489000,0 days 00:00:20.514000,0 days 00:00:37.121000,0 days 00:00:20.854000,MEDIUM,30.0,3.0,,,1,16.0,False,2025,Monaco,R,78.489,20.514,37.121,20.854
COL,Alpine,57.0,0 days 00:01:18.426000,0 days 00:00:20.291000,0 days 00:00:37.248000,0 days 00:00:20.887000,MEDIUM,31.0,3.0,,,1,16.0,False,2025,Monaco,R,78.426,20.291,37.248,20.887
COL,Alpine,58.0,0 days 00:01:18.249000,0 days 00:00:20.376000,0 days 00:00:37.079000,0 days 00:00:20.794000,MEDIUM,32.0,3.0,,,1,16.0,False,2025,Monaco,R,78.249,20.376,37.079,20.794
COL,Alpine,59.0,0 days 00:01:19.063000,0 days 00:00:20.283000,0 days 00:00:37.604000,0 days 00:00:21.176000,MEDIUM,33.0,3.0,,,1,16.0,False,2025,Monaco,R,79.063,20.283,37.604,21.176
COL,Alpine,60.0,0 days 00:01:18.687000,0 days 00:00:20.341000,0 days 00:00:37.201000,0 days 00:00:21.145000,MEDIUM,34.0,3.0,,,1,16.0,False,2025,Monaco,R,78.687,20.341,37.201,21.145
COL,Alpine,61.0,0 days 00:01:18.878000,0 days 00:00:20.091000,0 days 00:00:37.658000,0 days 00:00:21.129000,MEDIUM,35.0,3.0,,,1,16.0,False,2025,Monaco,R,78.878,20.091,37.658,21.129
COL,Alpine,62.0,0 days 00:01:18.214000,0 days 00:00:20.102000,0 days 00:00:37.143000,0 days 00:00:20.969000,MEDIUM,36.0,3.0,,,1,16.0,False,2025,Monaco,R,78.214,20.102,37.143,20.969
COL,Alpine,63.0,0 days 00:01:18.877000,0 days 00:00:20.129000,0 days 00:00:37.292000,0 days 00:00:21.456000,MEDIUM,37.0,3.0,,,1,16.0,False,2025,Monaco,R,78.877,20.129,37.292,21.456
COL,Alpine,64.0,0 days 00:01:18.379000,0 days 00:00:20.421000,0 days 00:00:37.089000,0 days 00:00:20.869000,MEDIUM,38.0,3.0,,,1,15.0,False,2025,Monaco,R,78.379,20.421,37.089,20.869
COL,Alpine,65.0,0 days 00:01:17.338000,0 days 00:00:19.855000,0 days 00:00:36.917000,0 days 00:00:20.566000,MEDIUM,39.0,3.0,,,1,15.0,False,2025,Monaco,R,77.338,19.855,36.917,20.566
COL,Alpine,66.0,0 days 00:01:17.517000,0 days 00:00:20.069000,0 days 00:00:36.800000,0 days 00:00:20.648000,MEDIUM,40.0,3.0,,,1,15.0,False,2025,Monaco,R,77.517,20.069,36.8,20.648
COL,Alpine,67.0,0 days 00:01:18.018000,0 days 00:00:19.948000,0 days 00:00:37.817000,0 days 00:00:20.253000,MEDIUM,41.0,3.0,,,1,15.0,False,2025,Monaco,R,78.018,19.948,37.817,20.253
COL,Alpine,68.0,0 days 00:01:17.100000,0 days 00:00:19.669000,0 days 00:00:36.818000,0 days 00:00:20.613000,MEDIUM,42.0,3.0,,,1,15.0,False,2025,Monaco,R,77.1,19.669,36.818,20.613
COL,Alpine,69.0,0 days 00:01:16.703000,0 days 00:00:19.802000,0 days 00:00:36.610000,0 days 00:00:20.291000,MEDIUM,43.0,3.0,,,1,14.0,False,2025,Monaco,R,76.703,19.802,36.61,20.291
COL,Alpine,70.0,0 days 00:01:16.707000,0 days 00:00:19.773000,0 days 00:00:36.702000,0 days 00:00:20.232000,MEDIUM,44.0,3.0,,,1,14.0,False,2025,Monaco,R,76.707,19.773,36.702,20.232
COL,Alpine,71.0,0 days 00:01:16.256000,0 days 00:00:19.673000,0 days 00:00:36.385000,0 days 00:00:20.198000,MEDIUM,45.0,3.0,,,1,14.0,False,2025,Monaco,R,76.256,19.673,36.385,20.198
COL,Alpine,72.0,0 days 00:01:16.135000,0 days 00:00:19.762000,0 days 00:00:36.313000,0 days 00:00:20.060000,MEDIUM,46.0,3.0,,,1,14.0,False,2025,Monaco,R,76.135,19.762,36.313,20.06
COL,Alpine,73.0,0 days 00:01:15.669000,0 days 00:00:19.485000,0 days 00:00:36.107000,0 days 00:00:20.077000,MEDIUM,47.0,3.0,,,1,13.0,False,2025,Monaco,R,75.669,19.485,36.107,20.077
COL,Alpine,74.0,0 days 00:01:15.564000,0 days 00:00:19.558000,0 days 00:00:36.073000,0 days 00:00:19.933000,MEDIUM,48.0,3.0,,,1,13.0,False,2025,Monaco,R,75.564,19.558,36.073,19.933
COL,Alpine,75.0,0 days 00:01:15.920000,0 days 00:00:19.573000,0 days 00:00:36.350000,0 days 00:00:19.997000,MEDIUM,49.0,3.0,,,1,13.0,False,2025,Monaco,R,75.92,19.573,36.35,19.997
COL,Alpine,76.0,0 days 00:01:15.435000,0 days 00:00:19.512000,0 days 00:00:36.009000,0 days 00:00:19.914000,MEDIUM,50.0,3.0,,,1,13.0,False,2025,Monaco,R,75.435,19.512,36.009,19.914
HAM,Ferrari,1.0,0 days 00:01:29.406000,,0 days 00:00:39.263000,0 days 00:00:21.925000,HARD,1.0,1.0,,,12,7.0,False,2025,Monaco,R,89.406,,39.263,21.925
HAM,Ferrari,2.0,0 days 00:01:51.437000,0 days 00:00:36.513000,0 days 00:00:46.842000,0 days 00:00:28.082000,HARD,2.0,1.0,,,16,7.0,False,2025,Monaco,R,111.437,36.513,46.842,28.082
HAM,Ferrari,3.0,0 days 00:01:49.212000,0 days 00:00:30.578000,0 days 00:00:49.224000,0 days 00:00:29.410000,HARD,3.0,1.0,,,6,7.0,False,2025,Monaco,R,109.212,30.578,49.224,29.41
HAM,Ferrari,4.0,0 days 00:01:34.730000,0 days 00:00:27.939000,0 days 00:00:45.562000,0 days 00:00:21.229000,HARD,4.0,1.0,,,671,7.0,False,2025,Monaco,R,94.73,27.939,45.562,21.229
HAM,Ferrari,5.0,0 days 00:01:21.057000,0 days 00:00:21.429000,0 days 00:00:38.341000,0 days 00:00:21.287000,HARD,5.0,1.0,,,1,7.0,False,2025,Monaco,R,81.057,21.429,38.341,21.287
HAM,Ferrari,6.0,0 days 00:01:20.225000,0 days 00:00:21.356000,0 days 00:00:37.870000,0 days 00:00:20.999000,HARD,6.0,1.0,,,1,7.0,False,2025,Monaco,R,80.225,21.356,37.87,20.999
HAM,Ferrari,7.0,0 days 00:01:20.931000,0 days 00:00:21.656000,0 days 00:00:37.924000,0 days 00:00:21.351000,HARD,7.0,1.0,,,1,7.0,False,2025,Monaco,R,80.931,21.656,37.924,21.351
HAM,Ferrari,8.0,0 days 00:01:19.039000,0 days 00:00:21.005000,0 days 00:00:37.058000,0 days 00:00:20.976000,HARD,8.0,1.0,,,12,7.0,False,2025,Monaco,R,79.039,21.005,37.058,20.976
HAM,Ferrari,9.0,0 days 00:01:22.018000,0 days 00:00:20.362000,0 days 00:00:40.703000,0 days 00:00:20.953000,HARD,9.0,1.0,,,2,7.0,False,2025,Monaco,R,82.018,20.362,40.703,20.953
HAM,Ferrari,10.0,0 days 00:01:20.528000,0 days 00:00:20.252000,0 days 00:00:39.411000,0 days 00:00:20.865000,HARD,10.0,1.0,,,2,7.0,False,2025,Monaco,R,80.528,20.252,39.411,20.865
HAM,Ferrari,11.0,0 days 00:01:17.120000,0 days 00:00:20.216000,0 days 00:00:36.509000,0 days 00:00:20.395000,HARD,11.0,1.0,,,21,7.0,False,2025,Monaco,R,77.12,20.216,36.509,20.395
HAM,Ferrari,12.0,0 days 00:01:17.530000,0 days 00:00:20.524000,0 days 00:00:36.457000,0 days 00:00:20.549000,HARD,12.0,1.0,,,1,7.0,False,2025,Monaco,R,77.53,20.524,36.457,20.549
HAM,Ferrari,13.0,0 days 00:01:16.799000,0 days 00:00:20.185000,0 days 00:00:36.352000,0 days 00:00:20.262000,HARD,13.0,1.0,,,1,7.0,False,2025,Monaco,R,76.799,20.185,36.352,20.262
HAM,Ferrari,14.0,0 days 00:01:16.151000,0 days 00:00:19.982000,0 days 00:00:35.936000,0 days 00:00:20.233000,HARD,14.0,1.0,,,1,6.0,False,2025,Monaco,R,76.151,19.982,35.936,20.233
HAM,Ferrari,15.0,0 days 00:01:15.991000,0 days 00:00:19.869000,0 days 00:00:35.944000,0 days 00:00:20.178000,HARD,15.0,1.0,,,1,6.0,False,2025,Monaco,R,75.991,19.869,35.944,20.178
HAM,Ferrari,16.0,0 days 00:01:15.941000,0 days 00:00:19.798000,0 days 00:00:35.920000,0 days 00:00:20.223000,HARD,16.0,1.0,,,1,5.0,False,2025,Monaco,R,75.941,19.798,35.92,20.223
HAM,Ferrari,17.0,0 days 00:01:14.977000,0 days 00:00:19.740000,0 days 00:00:35.316000,0 days 00:00:19.921000,HARD,17.0,1.0,,,1,5.0,False,2025,Monaco,R,74.977,19.74,35.316,19.921
HAM,Ferrari,18.0,0 days 00:01:31.862000,0 days 00:00:19.705000,0 days 00:00:35.837000,0 days 00:00:36.320000,HARD,18.0,1.0,0 days 01:21:01.299000,,1,5.0,False,2025,Monaco,R,91.862,19.705,35.837,36.32
HAM,Ferrari,19.0,0 days 00:01:18.042000,0 days 00:00:22.287000,0 days 00:00:35.664000,0 days 00:00:20.091000,HARD,2.0,2.0,,0 days 01:21:24.815000,1,5.0,False,2025,Monaco,R,78.042,22.287,35.664,20.091
HAM,Ferrari,20.0,0 days 00:01:15.065000,0 days 00:00:19.671000,0 days 00:00:35.370000,0 days 00:00:20.024000,HARD,3.0,2.0,,,1,5.0,False,2025,Monaco,R,75.065,19.671,35.37,20.024
HAM,Ferrari,21.0,0 days 00:01:15.750000,0 days 00:00:19.882000,0 days 00:00:35.758000,0 days 00:00:20.110000,HARD,4.0,2.0,,,1,5.0,False,2025,Monaco,R,75.75,19.882,35.758,20.11
HAM,Ferrari,22.0,0 days 00:01:15.003000,0 days 00:00:19.655000,0 days 00:00:35.418000,0 days 00:00:19.930000,HARD,5.0,2.0,,,1,5.0,False,2025,Monaco,R,75.003,19.655,35.418,19.93
HAM,Ferrari,23.0,0 days 00:01:15.012000,0 days 00:00:19.570000,0 days 00:00:35.517000,0 days 00:00:19.925000,HARD,6.0,2.0,,,1,5.0,False,2025,Monaco,R,75.012,19.57,35.517,19.925
HAM,Ferrari,24.0,0 days 00:01:15.212000,0 days 00:00:19.816000,0 days 00:00:35.570000,0 days 00:00:19.826000,HARD,7.0,2.0,,,1,5.0,False,2025,Monaco,R,75.212,19.816,35.57,19.826
HAM,Ferrari,25.0,0 days 00:01:14.698000,0 days 00:00:19.489000,0 days 00:00:35.388000,0 days 00:00:19.821000,HARD,8.0,2.0,,,1,5.0,False,2025,Monaco,R,74.698,19.489,35.388,19.821
HAM,Ferrari,26.0,0 days 00:01:14.804000,0 days 00:00:19.527000,0 days 00:00:35.451000,0 days 00:00:19.826000,HARD,9.0,2.0,,,1,5.0,False,2025,Monaco,R,74.804,19.527,35.451,19.826
HAM,Ferrari,27.0,0 days 00:01:14.533000,0 days 00:00:19.391000,0 days 00:00:35.365000,0 days 00:00:19.777000,HARD,10.0,2.0,,,1,5.0,False,2025,Monaco,R,74.533,19.391,35.365,19.777
HAM,Ferrari,28.0,0 days 00:01:15.420000,0 days 00:00:19.455000,0 days 00:00:35.732000,0 days 00:00:20.233000,HARD,11.0,2.0,,,1,5.0,False,2025,Monaco,R,75.42,19.455,35.732,20.233
HAM,Ferrari,29.0,0 days 00:01:16.810000,0 days 00:00:20.314000,0 days 00:00:36.205000,0 days 00:00:20.291000,HARD,12.0,2.0,,,1,5.0,False,2025,Monaco,R,76.81,20.314,36.205,20.291
HAM,Ferrari,30.0,0 days 00:01:15.884000,0 days 00:00:19.801000,0 days 00:00:35.919000,0 days 00:00:20.164000,HARD,13.0,2.0,,,1,5.0,False,2025,Monaco,R,75.884,19.801,35.919,20.164
HAM,Ferrari,31.0,0 days 00:01:15.648000,0 days 00:00:19.912000,0 days 00:00:35.752000,0 days 00:00:19.984000,HARD,14.0,2.0,,,1,5.0,False,2025,Monaco,R,75.648,19.912,35.752,19.984
HAM,Ferrari,32.0,0 days 00:01:15.676000,0 days 00:00:19.715000,0 days 00:00:35.824000,0 days 00:00:20.137000,HARD,15.0,2.0,,,1,5.0,False,2025,Monaco,R,75.676,19.715,35.824,20.137
HAM,Ferrari,33.0,0 days 00:01:16.536000,0 days 00:00:19.759000,0 days 00:00:36.165000,0 days 00:00:20.612000,HARD,16.0,2.0,,,1,5.0,False,2025,Monaco,R,76.536,19.759,36.165,20.612
HAM,Ferrari,34.0,0 days 00:01:17.566000,0 days 00:00:20.517000,0 days 00:00:36.458000,0 days 00:00:20.591000,HARD,17.0,2.0,,,1,5.0,False,2025,Monaco,R,77.566,20.517,36.458,20.591
HAM,Ferrari,35.0,0 days 00:01:17.826000,0 days 00:00:20.193000,0 days 00:00:37.076000,0 days 00:00:20.557000,HARD,18.0,2.0,,,1,5.0,True,2025,Monaco,R,77.826,20.193,37.076,20.557
HAM,Ferrari,36.0,0 days 00:01:17.218000,0 days 00:00:20.209000,0 days 00:00:36.625000,0 days 00:00:20.384000,HARD,19.0,2.0,,,1,5.0,False,2025,Monaco,R,77.218,20.209,36.625,20.384
HAM,Ferrari,37.0,0 days 00:01:17.288000,0 days 00:00:20.131000,0 days 00:00:36.659000,0 days 00:00:20.498000,HARD,20.0,2.0,,,1,5.0,False,2025,Monaco,R,77.288,20.131,36.659,20.498
HAM,Ferrari,38.0,0 days 00:01:15.938000,0 days 00:00:19.928000,0 days 00:00:35.905000,0 days 00:00:20.105000,HARD,21.0,2.0,,,12,5.0,False,2025,Monaco,R,75.938,19.928,35.905,20.105
HAM,Ferrari,39.0,0 days 00:01:15.446000,0 days 00:00:19.841000,0 days 00:00:35.592000,0 days 00:00:20.013000,HARD,22.0,2.0,,,1,5.0,False,2025,Monaco,R,75.446,19.841,35.592,20.013
HAM,Ferrari,40.0,0 days 00:01:14.951000,0 days 00:00:19.584000,0 days 00:00:35.421000,0 days 00:00:19.946000,HARD,23.0,2.0,,,1,5.0,False,2025,Monaco,R,74.951,19.584,35.421,19.946
HAM,Ferrari,41.0,0 days 00:01:15.111000,0 days 00:00:19.770000,0 days 00:00:35.512000,0 days 00:00:19.829000,HARD,24.0,2.0,,,1,5.0,False,2025,Monaco,R,75.111,19.77,35.512,19.829
HAM,Ferrari,42.0,0 days 00:01:14.984000,0 days 00:00:19.619000,0 days 00:00:35.530000,0 days 00:00:19.835000,HARD,25.0,2.0,,,1,5.0,False,2025,Monaco,R,74.984,19.619,35.53,19.835
HAM,Ferrari,43.0,0 days 00:01:14.854000,0 days 00:00:19.655000,0 days 00:00:35.424000,0 days 00:00:19.775000,HARD,26.0,2.0,,,1,5.0,False,2025,Monaco,R,74.854,19.655,35.424,19.775
HAM,Ferrari,44.0,0 days 00:01:14.686000,0 days 00:00:19.570000,0 days 00:00:35.362000,0 days 00:00:19.754000,HARD,27.0,2.0,,,1,5.0,False,2025,Monaco,R,74.686,19.57,35.362,19.754
HAM,Ferrari,45.0,0 days 00:01:14.849000,0 days 00:00:19.555000,0 days 00:00:35.439000,0 days 00:00:19.855000,HARD,28.0,2.0,,,1,5.0,False,2025,Monaco,R,74.849,19.555,35.439,19.855
HAM,Ferrari,46.0,0 days 00:01:15.323000,0 days 00:00:19.592000,0 days 00:00:35.853000,0 days 00:00:19.878000,HARD,29.0,2.0,,,1,5.0,False,2025,Monaco,R,75.323,19.592,35.853,19.878
HAM,Ferrari,47.0,0 days 00:01:15.703000,0 days 00:00:19.797000,0 days 00:00:35.900000,0 days 00:00:20.006000,HARD,30.0,2.0,,,1,5.0,False,2025,Monaco,R,75.703,19.797,35.9,20.006
HAM,Ferrari,48.0,0 days 00:01:15.113000,0 days 00:00:19.552000,0 days 00:00:35.752000,0 days 00:00:19.809000,HARD,31.0,2.0,,,1,5.0,False,2025,Monaco,R,75.113,19.552,35.752,19.809
HAM,Ferrari,49.0,0 days 00:01:15.569000,0 days 00:00:19.765000,0 days 00:00:35.782000,0 days 00:00:20.022000,HARD,32.0,2.0,,,1,5.0,False,2025,Monaco,R,75.569,19.765,35.782,20.022
HAM,Ferrari,50.0,0 days 00:01:15.694000,0 days 00:00:19.834000,0 days 00:00:35.879000,0 days 00:00:19.981000,HARD,33.0,2.0,,,1,5.0,False,2025,Monaco,R,75.694,19.834,35.879,19.981
HAM,Ferrari,51.0,0 days 00:01:15.559000,0 days 00:00:19.808000,0 days 00:00:35.739000,0 days 00:00:20.012000,HARD,34.0,2.0,,,1,5.0,False,2025,Monaco,R,75.559,19.808,35.739,20.012
HAM,Ferrari,52.0,0 days 00:01:15.494000,0 days 00:00:19.599000,0 days 00:00:35.827000,0 days 00:00:20.068000,HARD,35.0,2.0,,,1,5.0,False,2025,Monaco,R,75.494,19.599,35.827,20.068
HAM,Ferrari,53.0,0 days 00:01:16.185000,0 days 00:00:19.757000,0 days 00:00:36.216000,0 days 00:00:20.212000,HARD,36.0,2.0,,,1,5.0,False,2025,Monaco,R,76.185,19.757,36.216,20.212
HAM,Ferrari,54.0,0 days 00:01:16.217000,0 days 00:00:19.791000,0 days 00:00:36.234000,0 days 00:00:20.192000,HARD,37.0,2.0,,,1,5.0,False,2025,Monaco,R,76.217,19.791,36.234,20.192
HAM,Ferrari,55.0,0 days 00:01:16.657000,0 days 00:00:19.882000,0 days 00:00:36.482000,0 days 00:00:20.293000,HARD,38.0,2.0,,,1,5.0,False,2025,Monaco,R,76.657,19.882,36.482,20.293
HAM,Ferrari,56.0,0 days 00:01:33.566000,0 days 00:00:19.953000,0 days 00:00:36.254000,0 days 00:00:37.359000,HARD,39.0,2.0,0 days 02:09:16.665000,,1,5.0,False,2025,Monaco,R,93.566,19.953,36.254,37.359
HAM,Ferrari,57.0,0 days 00:01:21.468000,0 days 00:00:23.190000,0 days 00:00:37.238000,0 days 00:00:21.040000,MEDIUM,4.0,3.0,,0 days 02:09:40.706000,1,5.0,False,2025,Monaco,R,81.468,23.19,37.238,21.04
HAM,Ferrari,58.0,0 days 00:01:18.349000,0 days 00:00:20.878000,0 days 00:00:36.850000,0 days 00:00:20.621000,MEDIUM,5.0,3.0,,,1,5.0,False,2025,Monaco,R,78.349,20.878,36.85,20.621
HAM,Ferrari,59.0,0 days 00:01:16.686000,0 days 00:00:20.387000,0 days 00:00:36.289000,0 days 00:00:20.010000,MEDIUM,6.0,3.0,,,1,5.0,False,2025,Monaco,R,76.686,20.387,36.289,20.01
HAM,Ferrari,60.0,0 days 00:01:15.767000,0 days 00:00:19.808000,0 days 00:00:35.796000,0 days 00:00:20.163000,MEDIUM,7.0,3.0,,,1,5.0,False,2025,Monaco,R,75.767,19.808,35.796,20.163
HAM,Ferrari,61.0,0 days 00:01:15.431000,0 days 00:00:19.785000,0 days 00:00:35.611000,0 days 00:00:20.035000,MEDIUM,8.0,3.0,,,1,5.0,False,2025,Monaco,R,75.431,19.785,35.611,20.035
HAM,Ferrari,62.0,0 days 00:01:14.916000,0 days 00:00:19.741000,0 days 00:00:35.469000,0 days 00:00:19.706000,MEDIUM,9.0,3.0,,,1,5.0,False,2025,Monaco,R,74.916,19.741,35.469,19.706
HAM,Ferrari,63.0,0 days 00:01:14.193000,0 days 00:00:19.356000,0 days 00:00:35.230000,0 days 00:00:19.607000,MEDIUM,10.0,3.0,,,1,5.0,False,2025,Monaco,R,74.193,19.356,35.23,19.607
HAM,Ferrari,64.0,0 days 00:01:16.306000,0 days 00:00:19.910000,0 days 00:00:36.092000,0 days 00:00:20.304000,MEDIUM,11.0,3.0,,,1,5.0,False,2025,Monaco,R,76.306,19.91,36.092,20.304
HAM,Ferrari,65.0,0 days 00:01:16.238000,0 days 00:00:19.955000,0 days 00:00:36.087000,0 days 00:00:20.196000,MEDIUM,12.0,3.0,,,1,5.0,False,2025,Monaco,R,76.238,19.955,36.087,20.196
HAM,Ferrari,66.0,0 days 00:01:16.659000,0 days 00:00:20.336000,0 days 00:00:36.083000,0 days 00:00:20.240000,MEDIUM,13.0,3.0,,,1,5.0,False,2025,Monaco,R,76.659,20.336,36.083,20.24
HAM,Ferrari,67.0,0 days 00:01:16.016000,0 days 00:00:19.962000,0 days 00:00:35.918000,0 days 00:00:20.136000,MEDIUM,14.0,3.0,,,1,5.0,False,2025,Monaco,R,76.016,19.962,35.918,20.136
HAM,Ferrari,68.0,0 days 00:01:15.861000,0 days 00:00:19.845000,0 days 00:00:35.721000,0 days 00:00:20.295000,MEDIUM,15.0,3.0,,,1,5.0,False,2025,Monaco,R,75.861,19.845,35.721,20.295
HAM,Ferrari,69.0,0 days 00:01:15.585000,0 days 00:00:19.902000,0 days 00:00:35.738000,0 days 00:00:19.945000,MEDIUM,16.0,3.0,,,1,5.0,False,2025,Monaco,R,75.585,19.902,35.738,19.945
HAM,Ferrari,70.0,0 days 00:01:15.257000,0 days 00:00:19.713000,0 days 00:00:35.619000,0 days 00:00:19.925000,MEDIUM,17.0,3.0,,,1,5.0,False,2025,Monaco,R,75.257,19.713,35.619,19.925
HAM,Ferrari,71.0,0 days 00:01:15.088000,0 days 00:00:19.603000,0 days 00:00:35.686000,0 days 00:00:19.799000,MEDIUM,18.0,3.0,,,1,5.0,False,2025,Monaco,R,75.088,19.603,35.686,19.799
HAM,Ferrari,72.0,0 days 00:01:14.273000,0 days 00:00:19.468000,0 days 00:00:35.182000,0 days 00:00:19.623000,MEDIUM,19.0,3.0,,,1,5.0,False,2025,Monaco,R,74.273,19.468,35.182,19.623
HAM,Ferrari,73.0,0 days 00:01:14.090000,0 days 00:00:19.375000,0 days 00:00:35.138000,0 days 00:00:19.577000,MEDIUM,20.0,3.0,,,1,5.0,False,2025,Monaco,R,74.09,19.375,35.138,19.577
HAM,Ferrari,74.0,0 days 00:01:15.388000,0 days 00:00:19.942000,0 days 00:00:35.506000,0 days 00:00:19.940000,MEDIUM,21.0,3.0,,,1,5.0,False,2025,Monaco,R,75.388,19.942,35.506,19.94
HAM,Ferrari,75.0,0 days 00:01:16.317000,0 days 00:00:20.032000,0 days 00:00:36.072000,0 days 00:00:20.213000,MEDIUM,22.0,3.0,,,1,5.0,False,2025,Monaco,R,76.317,20.032,36.072,20.213
HAM,Ferrari,76.0,0 days 00:01:16.537000,0 days 00:00:20.237000,0 days 00:00:35.895000,0 days 00:00:20.405000,MEDIUM,23.0,3.0,,,1,5.0,False,2025,Monaco,R,76.537,20.237,35.895,20.405
HAM,Ferrari,77.0,0 days 00:01:16.522000,0 days 00:00:20.474000,0 days 00:00:35.824000,0 days 00:00:20.224000,MEDIUM,24.0,3.0,,,1,5.0,False,2025,Monaco,R,76.522,20.474,35.824,20.224
HAM,Ferrari,78.0,0 days 00:01:17.439000,0 days 00:00:20.498000,0 days 00:00:36.035000,0 days 00:00:20.906000,MEDIUM,25.0,3.0,,,1,5.0,False,2025,Monaco,R,77.439,20.498,36.035,20.906
BOR,Kick Sauber,1.0,0 days 00:02:25.564000,,0 days 00:00:58.901000,0 days 00:00:54.994000,MEDIUM,1.0,1.0,0 days 00:57:58.119000,,126,20.0,False,2025,Monaco,R,145.564,,58.901,54.994
BOR,Kick Sauber,2.0,0 days 00:01:49.746000,0 days 00:00:31.568000,0 days 00:00:48.667000,0 days 00:00:29.511000,HARD,1.0,2.0,,0 days 00:58:35.435000,6,20.0,False,2025,Monaco,R,109.746,31.568,48.667,29.511
BOR,Kick Sauber,3.0,0 days 00:01:49.362000,0 days 00:00:30.442000,0 days 00:00:47.534000,0 days 00:00:31.386000,HARD,2.0,2.0,,,6,20.0,False,2025,Monaco,R,109.362,30.442,47.534,31.386
BOR,Kick Sauber,4.0,0 days 00:01:23.609000,0 days 00:00:26.110000,0 days 00:00:36.882000,0 days 00:00:20.617000,HARD,3.0,2.0,,,671,20.0,False,2025,Monaco,R,83.609,26.11,36.882,20.617
BOR,Kick Sauber,5.0,0 days 00:01:16.394000,0 days 00:00:20.236000,0 days 00:00:36.043000,0 days 00:00:20.115000,HARD,4.0,2.0,,,1,20.0,False,2025,Monaco,R,76.394,20.236,36.043,20.115
BOR,Kick Sauber,6.0,0 days 00:01:15.757000,0 days 00:00:19.917000,0 days 00:00:35.681000,0 days 00:00:20.159000,HARD,5.0,2.0,,,1,20.0,False,2025,Monaco,R,75.757,19.917,35.681,20.159
BOR,Kick Sauber,7.0,0 days 00:01:15.721000,0 days 00:00:19.917000,0 days 00:00:35.737000,0 days 00:00:20.067000,HARD,6.0,2.0,,,1,20.0,False,2025,Monaco,R,75.721,19.917,35.737,20.067
BOR,Kick Sauber,8.0,0 days 00:01:18.331000,0 days 00:00:19.866000,0 days 00:00:37.166000,0 days 00:00:21.299000,HARD,7.0,2.0,,,12,20.0,False,2025,Monaco,R,78.331,19.866,37.166,21.299
BOR,Kick Sauber,9.0,0 days 00:01:18.411000,0 days 00:00:19.887000,0 days 00:00:37.090000,0 days 00:00:21.434000,HARD,8.0,2.0,,,2,19.0,False,2025,Monaco,R,78.411,19.887,37.09,21.434
BOR,Kick Sauber,10.0,0 days 00:01:16.782000,0 days 00:00:19.881000,0 days 00:00:36.748000,0 days 00:00:20.153000,HARD,9.0,2.0,,,2,19.0,False,2025,Monaco,R,76.782,19.881,36.748,20.153
BOR,Kick Sauber,11.0,0 days 00:01:16.256000,0 days 00:00:19.890000,0 days 00:00:36.030000,0 days 00:00:20.336000,HARD,10.0,2.0,,,21,19.0,False,2025,Monaco,R,76.256,19.89,36.03,20.336
BOR,Kick Sauber,12.0,0 days 00:01:17.804000,0 days 00:00:20.254000,0 days 00:00:36.728000,0 days 00:00:20.822000,HARD,11.0,2.0,,,1,18.0,False,2025,Monaco,R,77.804,20.254,36.728,20.822
BOR,Kick Sauber,13.0,0 days 00:01:19.088000,0 days 00:00:20.471000,0 days 00:00:37.542000,0 days 00:00:21.075000,HARD,12.0,2.0,,,1,17.0,False,2025,Monaco,R,79.088,20.471,37.542,21.075
BOR,Kick Sauber,14.0,0 days 00:01:18.481000,0 days 00:00:20.638000,0 days 00:00:36.911000,0 days 00:00:20.932000,HARD,13.0,2.0,,,1,17.0,False,2025,Monaco,R,78.481,20.638,36.911,20.932
BOR,Kick Sauber,15.0,0 days 00:01:18.647000,0 days 00:00:20.490000,0 days 00:00:37.133000,0 days 00:00:21.024000,HARD,14.0,2.0,,,1,17.0,False,2025,Monaco,R,78.647,20.49,37.133,21.024
BOR,Kick Sauber,16.0,0 days 00:01:20.378000,0 days 00:00:20.827000,0 days 00:00:37.867000,0 days 00:00:21.684000,HARD,15.0,2.0,,,1,17.0,False,2025,Monaco,R,80.378,20.827,37.867,21.684
BOR,Kick Sauber,17.0,0 days 00:01:20.937000,0 days 00:00:21.182000,0 days 00:00:38.383000,0 days 00:00:21.372000,HARD,16.0,2.0,,,1,15.0,False,2025,Monaco,R,80.937,21.182,38.383,21.372
BOR,Kick Sauber,18.0,0 days 00:01:19.222000,0 days 00:00:20.512000,0 days 00:00:37.441000,0 days 00:00:21.269000,HARD,17.0,2.0,,,1,15.0,False,2025,Monaco,R,79.222,20.512,37.441,21.269
BOR,Kick Sauber,19.0,0 days 00:01:19.729000,0 days 00:00:20.945000,0 days 00:00:37.731000,0 days 00:00:21.053000,HARD,18.0,2.0,,,1,15.0,False,2025,Monaco,R,79.729,20.945,37.731,21.053
BOR,Kick Sauber,20.0,0 days 00:01:19.335000,0 days 00:00:20.689000,0 days 00:00:37.673000,0 days 00:00:20.973000,HARD,19.0,2.0,,,1,15.0,False,2025,Monaco,R,79.335,20.689,37.673,20.973
BOR,Kick Sauber,21.0,0 days 00:01:17.718000,0 days 00:00:20.308000,0 days 00:00:36.656000,0 days 00:00:20.754000,HARD,20.0,2.0,,,1,15.0,False,2025,Monaco,R,77.718,20.308,36.656,20.754
BOR,Kick Sauber,22.0,0 days 00:01:17.664000,0 days 00:00:20.356000,0 days 00:00:36.703000,0 days 00:00:20.605000,HARD,21.0,2.0,,,1,15.0,False,2025,Monaco,R,77.664,20.356,36.703,20.605
BOR,Kick Sauber,23.0,0 days 00:01:17.216000,0 days 00:00:20.213000,0 days 00:00:36.530000,0 days 00:00:20.473000,HARD,22.0,2.0,,,1,15.0,False,2025,Monaco,R,77.216,20.213,36.53,20.473
BOR,Kick Sauber,24.0,0 days 00:01:17.286000,0 days 00:00:20.201000,0 days 00:00:36.570000,0 days 00:00:20.515000,HARD,23.0,2.0,,,1,15.0,False,2025,Monaco,R,77.286,20.201,36.57,20.515
BOR,Kick Sauber,25.0,0 days 00:01:17.965000,0 days 00:00:20.141000,0 days 00:00:36.786000,0 days 00:00:21.038000,HARD,24.0,2.0,,,1,15.0,False,2025,Monaco,R,77.965,20.141,36.786,21.038
BOR,Kick Sauber,26.0,0 days 00:01:36.175000,0 days 00:00:20.533000,0 days 00:00:37.357000,0 days 00:00:38.285000,HARD,25.0,2.0,0 days 01:32:08.977000,,1,18.0,False,2025,Monaco,R,96.175,20.533,37.357,38.285
BOR,Kick Sauber,27.0,0 days 00:01:20.209000,0 days 00:00:22.930000,0 days 00:00:35.698000,0 days 00:00:21.581000,SOFT,1.0,3.0,,0 days 01:32:33.502000,1,18.0,False,2025,Monaco,R,80.209,22.93,35.698,21.581
BOR,Kick Sauber,28.0,0 days 00:01:16.020000,0 days 00:00:20.279000,0 days 00:00:35.746000,0 days 00:00:19.995000,SOFT,2.0,3.0,,,1,18.0,False,2025,Monaco,R,76.02,20.279,35.746,19.995
BOR,Kick Sauber,29.0,0 days 00:01:15.193000,0 days 00:00:19.618000,0 days 00:00:35.579000,0 days 00:00:19.996000,SOFT,3.0,3.0,,,1,18.0,False,2025,Monaco,R,75.193,19.618,35.579,19.996
BOR,Kick Sauber,30.0,0 days 00:01:15.543000,0 days 00:00:19.656000,0 days 00:00:35.734000,0 days 00:00:20.153000,SOFT,4.0,3.0,,,1,18.0,False,2025,Monaco,R,75.543,19.656,35.734,20.153
BOR,Kick Sauber,31.0,0 days 00:01:18.214000,0 days 00:00:19.816000,0 days 00:00:36.399000,0 days 00:00:21.999000,SOFT,5.0,3.0,,,1,18.0,False,2025,Monaco,R,78.214,19.816,36.399,21.999
BOR,Kick Sauber,32.0,0 days 00:01:19.347000,0 days 00:00:20.554000,0 days 00:00:37.426000,0 days 00:00:21.367000,SOFT,6.0,3.0,,,1,18.0,False,2025,Monaco,R,79.347,20.554,37.426,21.367
BOR,Kick Sauber,33.0,0 days 00:01:19.276000,0 days 00:00:22.023000,0 days 00:00:36.597000,0 days 00:00:20.656000,SOFT,7.0,3.0,,,1,18.0,False,2025,Monaco,R,79.276,22.023,36.597,20.656
BOR,Kick Sauber,34.0,0 days 00:01:19.276000,0 days 00:00:20.514000,0 days 00:00:37.529000,0 days 00:00:21.233000,SOFT,8.0,3.0,,,1,18.0,False,2025,Monaco,R,79.276,20.514,37.529,21.233
BOR,Kick Sauber,35.0,0 days 00:01:35.247000,0 days 00:00:20.264000,0 days 00:00:36.876000,0 days 00:00:38.107000,SOFT,9.0,3.0,0 days 01:44:07.465000,,1,19.0,False,2025,Monaco,R,95.247,20.264,36.876,38.107
BOR,Kick Sauber,36.0,0 days 00:01:18.607000,0 days 00:00:23.022000,0 days 00:00:35.628000,0 days 00:00:19.957000,MEDIUM,1.0,4.0,,0 days 01:44:31.908000,1,19.0,False,2025,Monaco,R,78.607,23.022,35.628,19.957
BOR,Kick Sauber,37.0,0 days 00:01:14.884000,0 days 00:00:19.720000,0 days 00:00:35.188000,0 days 00:00:19.976000,MEDIUM,2.0,4.0,,,12,18.0,False,2025,Monaco,R,74.884,19.72,35.188,19.976
BOR,Kick Sauber,38.0,0 days 00:01:14.970000,0 days 00:00:19.721000,0 days 00:00:35.317000,0 days 00:00:19.932000,MEDIUM,3.0,4.0,,,1,18.0,False,2025,Monaco,R,74.97,19.721,35.317,19.932
BOR,Kick Sauber,39.0,0 days 00:01:15.888000,0 days 00:00:19.829000,0 days 00:00:35.666000,0 days 00:00:20.393000,MEDIUM,4.0,4.0,,,1,18.0,False,2025,Monaco,R,75.888,19.829,35.666,20.393
BOR,Kick Sauber,40.0,0 days 00:01:16.335000,0 days 00:00:20.008000,0 days 00:00:35.836000,0 days 00:00:20.491000,MEDIUM,5.0,4.0,,,1,18.0,False,2025,Monaco,R,76.335,20.008,35.836,20.491
BOR,Kick Sauber,41.0,0 days 00:01:16.847000,0 days 00:00:19.929000,0 days 00:00:36.341000,0 days 00:00:20.577000,MEDIUM,6.0,4.0,,,1,18.0,False,2025,Monaco,R,76.847,19.929,36.341,20.577
BOR,Kick Sauber,42.0,0 days 00:01:17.678000,0 days 00:00:20.488000,0 days 00:00:36.582000,0 days 00:00:20.608000,MEDIUM,7.0,4.0,,,1,18.0,False,2025,Monaco,R,77.678,20.488,36.582,20.608
BOR,Kick Sauber,43.0,0 days 00:01:17.037000,0 days 00:00:20.040000,0 days 00:00:36.395000,0 days 00:00:20.602000,MEDIUM,8.0,4.0,,,1,18.0,False,2025,Monaco,R,77.037,20.04,36.395,20.602
BOR,Kick Sauber,44.0,0 days 00:01:18.350000,0 days 00:00:20.266000,0 days 00:00:36.985000,0 days 00:00:21.099000,MEDIUM,9.0,4.0,,,1,17.0,False,2025,Monaco,R,78.35,20.266,36.985,21.099
BOR,Kick Sauber,45.0,0 days 00:01:18.458000,0 days 00:00:20.242000,0 days 00:00:37.103000,0 days 00:00:21.113000,MEDIUM,10.0,4.0,,,1,17.0,False,2025,Monaco,R,78.458,20.242,37.103,21.113
BOR,Kick Sauber,46.0,0 days 00:01:19.853000,0 days 00:00:20.453000,0 days 00:00:38.296000,0 days 00:00:21.104000,MEDIUM,11.0,4.0,,,1,17.0,False,2025,Monaco,R,79.853,20.453,38.296,21.104
BOR,Kick Sauber,47.0,0 days 00:01:20.127000,0 days 00:00:20.664000,0 days 00:00:37.369000,0 days 00:00:22.094000,MEDIUM,12.0,4.0,,,1,17.0,False,2025,Monaco,R,80.127,20.664,37.369,22.094
BOR,Kick Sauber,48.0,0 days 00:01:18.016000,0 days 00:00:20.193000,0 days 00:00:36.798000,0 days 00:00:21.025000,MEDIUM,13.0,4.0,,,1,17.0,False,2025,Monaco,R,78.016,20.193,36.798,21.025
BOR,Kick Sauber,49.0,0 days 00:01:18.411000,0 days 00:00:20.471000,0 days 00:00:37.191000,0 days 00:00:20.749000,MEDIUM,14.0,4.0,,,1,17.0,False,2025,Monaco,R,78.411,20.471,37.191,20.749
BOR,Kick Sauber,50.0,0 days 00:01:19.679000,0 days 00:00:20.266000,0 days 00:00:38.417000,0 days 00:00:20.996000,MEDIUM,15.0,4.0,,,1,17.0,False,2025,Monaco,R,79.679,20.266,38.417,20.996
BOR,Kick Sauber,51.0,0 days 00:01:20.698000,0 days 00:00:20.568000,0 days 00:00:38.615000,0 days 00:00:21.515000,MEDIUM,16.0,4.0,,,1,17.0,False,2025,Monaco,R,80.698,20.568,38.615,21.515
BOR,Kick Sauber,52.0,0 days 00:01:20.809000,0 days 00:00:21.533000,0 days 00:00:37.901000,0 days 00:00:21.375000,MEDIUM,17.0,4.0,,,1,17.0,False,2025,Monaco,R,80.809,21.533,37.901,21.375
BOR,Kick Sauber,53.0,0 days 00:01:19.965000,0 days 00:00:20.329000,0 days 00:00:38.673000,0 days 00:00:20.963000,MEDIUM,18.0,4.0,,,1,17.0,False,2025,Monaco,R,79.965,20.329,38.673,20.963
BOR,Kick Sauber,54.0,0 days 00:01:18.704000,0 days 00:00:20.513000,0 days 00:00:37.061000,0 days 00:00:21.130000,MEDIUM,19.0,4.0,,,1,17.0,False,2025,Monaco,R,78.704,20.513,37.061,21.13
BOR,Kick Sauber,55.0,0 days 00:01:18.823000,0 days 00:00:20.735000,0 days 00:00:37.060000,0 days 00:00:21.028000,MEDIUM,20.0,4.0,,,1,17.0,False,2025,Monaco,R,78.823,20.735,37.06,21.028
BOR,Kick Sauber,56.0,0 days 00:01:18.451000,0 days 00:00:20.455000,0 days 00:00:37.056000,0 days 00:00:20.940000,MEDIUM,21.0,4.0,,,1,17.0,False,2025,Monaco,R,78.451,20.455,37.056,20.94
BOR,Kick Sauber,57.0,0 days 00:01:18.438000,0 days 00:00:20.193000,0 days 00:00:37.269000,0 days 00:00:20.976000,MEDIUM,22.0,4.0,,,1,17.0,False,2025,Monaco,R,78.438,20.193,37.269,20.976
BOR,Kick Sauber,58.0,0 days 00:01:18.118000,0 days 00:00:20.332000,0 days 00:00:36.847000,0 days 00:00:20.939000,MEDIUM,23.0,4.0,,,1,17.0,False,2025,Monaco,R,78.118,20.332,36.847,20.939
BOR,Kick Sauber,59.0,0 days 00:01:18.997000,0 days 00:00:20.239000,0 days 00:00:37.560000,0 days 00:00:21.198000,MEDIUM,24.0,4.0,,,1,17.0,False,2025,Monaco,R,78.997,20.239,37.56,21.198
BOR,Kick Sauber,60.0,0 days 00:01:18.808000,0 days 00:00:20.468000,0 days 00:00:37.197000,0 days 00:00:21.143000,MEDIUM,25.0,4.0,,,1,17.0,False,2025,Monaco,R,78.808,20.468,37.197,21.143
BOR,Kick Sauber,61.0,0 days 00:01:18.797000,0 days 00:00:20.266000,0 days 00:00:37.383000,0 days 00:00:21.148000,MEDIUM,26.0,4.0,,,1,17.0,False,2025,Monaco,R,78.797,20.266,37.383,21.148
BOR,Kick Sauber,62.0,0 days 00:01:18.266000,0 days 00:00:20.332000,0 days 00:00:37.062000,0 days 00:00:20.872000,MEDIUM,27.0,4.0,,,1,17.0,False,2025,Monaco,R,78.266,20.332,37.062,20.872
BOR,Kick Sauber,63.0,0 days 00:01:18.906000,0 days 00:00:20.231000,0 days 00:00:37.337000,0 days 00:00:21.338000,MEDIUM,28.0,4.0,,,1,17.0,False,2025,Monaco,R,78.906,20.231,37.337,21.338
BOR,Kick Sauber,64.0,0 days 00:01:22.158000,0 days 00:00:21.805000,0 days 00:00:38.571000,0 days 00:00:21.782000,MEDIUM,29.0,4.0,,,1,16.0,False,2025,Monaco,R,82.158,21.805,38.571,21.782
BOR,Kick Sauber,65.0,0 days 00:01:18.960000,0 days 00:00:21.527000,0 days 00:00:36.793000,0 days 00:00:20.640000,MEDIUM,30.0,4.0,,,1,16.0,False,2025,Monaco,R,78.96,21.527,36.793,20.64
BOR,Kick Sauber,66.0,0 days 00:01:17.324000,0 days 00:00:20.146000,0 days 00:00:36.520000,0 days 00:00:20.658000,MEDIUM,31.0,4.0,,,1,16.0,False,2025,Monaco,R,77.324,20.146,36.52,20.658
BOR,Kick Sauber,67.0,0 days 00:01:17.412000,0 days 00:00:20.085000,0 days 00:00:36.611000,0 days 00:00:20.716000,MEDIUM,32.0,4.0,,,1,16.0,False,2025,Monaco,R,77.412,20.085,36.611,20.716
BOR,Kick Sauber,68.0,0 days 00:01:17.248000,0 days 00:00:20.100000,0 days 00:00:36.578000,0 days 00:00:20.570000,MEDIUM,33.0,4.0,,,1,16.0,False,2025,Monaco,R,77.248,20.1,36.578,20.57
BOR,Kick Sauber,69.0,0 days 00:01:16.985000,0 days 00:00:19.931000,0 days 00:00:36.599000,0 days 00:00:20.455000,MEDIUM,34.0,4.0,,,1,15.0,False,2025,Monaco,R,76.985,19.931,36.599,20.455
BOR,Kick Sauber,70.0,0 days 00:01:17.096000,0 days 00:00:20.151000,0 days 00:00:36.533000,0 days 00:00:20.412000,MEDIUM,35.0,4.0,,,1,15.0,False,2025,Monaco,R,77.096,20.151,36.533,20.412
BOR,Kick Sauber,71.0,0 days 00:01:16.484000,0 days 00:00:19.858000,0 days 00:00:36.331000,0 days 00:00:20.295000,MEDIUM,36.0,4.0,,,1,15.0,False,2025,Monaco,R,76.484,19.858,36.331,20.295
BOR,Kick Sauber,72.0,0 days 00:01:16.624000,0 days 00:00:19.898000,0 days 00:00:36.245000,0 days 00:00:20.481000,MEDIUM,37.0,4.0,,,1,15.0,False,2025,Monaco,R,76.624,19.898,36.245,20.481
BOR,Kick Sauber,73.0,0 days 00:01:16.774000,0 days 00:00:19.775000,0 days 00:00:36.420000,0 days 00:00:20.579000,MEDIUM,38.0,4.0,,,1,14.0,False,2025,Monaco,R,76.774,19.775,36.42,20.579
BOR,Kick Sauber,74.0,0 days 00:01:16.831000,0 days 00:00:20.102000,0 days 00:00:36.386000,0 days 00:00:20.343000,MEDIUM,39.0,4.0,,,1,14.0,False,2025,Monaco,R,76.831,20.102,36.386,20.343
BOR,Kick Sauber,75.0,0 days 00:01:16.681000,0 days 00:00:19.963000,0 days 00:00:36.368000,0 days 00:00:20.350000,MEDIUM,40.0,4.0,,,1,14.0,False,2025,Monaco,R,76.681,19.963,36.368,20.35
BOR,Kick Sauber,76.0,0 days 00:01:16.867000,0 days 00:00:19.872000,0 days 00:00:36.360000,0 days 00:00:20.635000,MEDIUM,41.0,4.0,,,1,14.0,False,2025,Monaco,R,76.867,19.872,36.36,20.635
SAI,Williams,1.0,0 days 00:01:32.413000,,0 days 00:00:40.273000,0 days 00:00:22.102000,HARD,1.0,1.0,,,12,11.0,False,2025,Monaco,R,92.413,,40.273,22.102
SAI,Williams,2.0,0 days 00:01:51.609000,0 days 00:00:38.745000,0 days 00:00:46.984000,0 days 00:00:25.880000,HARD,2.0,1.0,,,16,11.0,False,2025,Monaco,R,111.609,38.745,46.984,25.88
SAI,Williams,3.0,0 days 00:01:48.386000,0 days 00:00:31.326000,0 days 00:00:48.065000,0 days 00:00:28.995000,HARD,3.0,1.0,,,6,11.0,False,2025,Monaco,R,108.386,31.326,48.065,28.995
SAI,Williams,4.0,0 days 00:01:36.808000,0 days 00:00:30.511000,0 days 00:00:44.759000,0 days 00:00:21.538000,HARD,4.0,1.0,,,671,11.0,False,2025,Monaco,R,96.808,30.511,44.759,21.538
SAI,Williams,5.0,0 days 00:01:20.580000,0 days 00:00:21.170000,0 days 00:00:37.671000,0 days 00:00:21.739000,HARD,5.0,1.0,,,1,11.0,False,2025,Monaco,R,80.58,21.17,37.671,21.739
SAI,Williams,6.0,0 days 00:01:21.056000,0 days 00:00:21.208000,0 days 00:00:38.086000,0 days 00:00:21.762000,HARD,6.0,1.0,,,1,11.0,False,2025,Monaco,R,81.056,21.208,38.086,21.762
SAI,Williams,7.0,0 days 00:01:21.577000,0 days 00:00:21.387000,0 days 00:00:38.385000,0 days 00:00:21.805000,HARD,7.0,1.0,,,1,11.0,False,2025,Monaco,R,81.577,21.387,38.385,21.805
SAI,Williams,8.0,0 days 00:01:20.384000,0 days 00:00:21.141000,0 days 00:00:37.935000,0 days 00:00:21.308000,HARD,8.0,1.0,,,12,11.0,False,2025,Monaco,R,80.384,21.141,37.935,21.308
SAI,Williams,9.0,0 days 00:01:23.673000,0 days 00:00:21.032000,0 days 00:00:40.775000,0 days 00:00:21.866000,HARD,9.0,1.0,,,2,11.0,False,2025,Monaco,R,83.673,21.032,40.775,21.866
SAI,Williams,10.0,0 days 00:01:21.668000,0 days 00:00:21.416000,0 days 00:00:38.732000,0 days 00:00:21.520000,HARD,10.0,1.0,,,2,11.0,False,2025,Monaco,R,81.668,21.416,38.732,21.52
SAI,Williams,11.0,0 days 00:01:19.430000,0 days 00:00:21.101000,0 days 00:00:37.017000,0 days 00:00:21.312000,HARD,11.0,1.0,,,21,11.0,False,2025,Monaco,R,79.43,21.101,37.017,21.312
SAI,Williams,12.0,0 days 00:01:20.134000,0 days 00:00:21.108000,0 days 00:00:37.673000,0 days 00:00:21.353000,HARD,12.0,1.0,,,1,11.0,False,2025,Monaco,R,80.134,21.108,37.673,21.353
SAI,Williams,13.0,0 days 00:01:19.149000,0 days 00:00:20.908000,0 days 00:00:37.095000,0 days 00:00:21.146000,HARD,13.0,1.0,,,1,11.0,False,2025,Monaco,R,79.149,20.908,37.095,21.146
SAI,Williams,14.0,0 days 00:01:19.429000,0 days 00:00:21.001000,0 days 00:00:37.410000,0 days 00:00:21.018000,HARD,14.0,1.0,,,1,11.0,False,2025,Monaco,R,79.429,21.001,37.41,21.018
SAI,Williams,15.0,0 days 00:01:19.999000,0 days 00:00:20.911000,0 days 00:00:37.607000,0 days 00:00:21.481000,HARD,15.0,1.0,,,1,11.0,False,2025,Monaco,R,79.999,20.911,37.607,21.481
SAI,Williams,16.0,0 days 00:01:20.697000,0 days 00:00:21.203000,0 days 00:00:37.839000,0 days 00:00:21.655000,HARD,16.0,1.0,,,1,11.0,False,2025,Monaco,R,80.697,21.203,37.839,21.655
SAI,Williams,17.0,0 days 00:01:21.060000,0 days 00:00:21.463000,0 days 00:00:38.284000,0 days 00:00:21.313000,HARD,17.0,1.0,,,1,11.0,False,2025,Monaco,R,81.06,21.463,38.284,21.313
SAI,Williams,18.0,0 days 00:01:20.143000,0 days 00:00:21.102000,0 days 00:00:37.529000,0 days 00:00:21.512000,HARD,18.0,1.0,,,1,11.0,False,2025,Monaco,R,80.143,21.102,37.529,21.512
SAI,Williams,19.0,0 days 00:01:19.522000,0 days 00:00:21.170000,0 days 00:00:37.086000,0 days 00:00:21.266000,HARD,19.0,1.0,,,1,11.0,False,2025,Monaco,R,79.522,21.17,37.086,21.266
SAI,Williams,20.0,0 days 00:01:17.855000,0 days 00:00:20.652000,0 days 00:00:36.577000,0 days 00:00:20.626000,HARD,20.0,1.0,,,1,11.0,False,2025,Monaco,R,77.855,20.652,36.577,20.626
SAI,Williams,21.0,0 days 00:01:17.461000,0 days 00:00:20.392000,0 days 00:00:36.522000,0 days 00:00:20.547000,HARD,21.0,1.0,,,1,11.0,False,2025,Monaco,R,77.461,20.392,36.522,20.547
SAI,Williams,22.0,0 days 00:01:17.064000,0 days 00:00:20.285000,0 days 00:00:36.360000,0 days 00:00:20.419000,HARD,22.0,1.0,,,1,11.0,False,2025,Monaco,R,77.064,20.285,36.36,20.419
SAI,Williams,23.0,0 days 00:01:16.750000,0 days 00:00:20.083000,0 days 00:00:36.350000,0 days 00:00:20.317000,HARD,23.0,1.0,,,1,11.0,False,2025,Monaco,R,76.75,20.083,36.35,20.317
SAI,Williams,24.0,0 days 00:01:17.018000,0 days 00:00:20.105000,0 days 00:00:36.345000,0 days 00:00:20.568000,HARD,24.0,1.0,,,1,11.0,False,2025,Monaco,R,77.018,20.105,36.345,20.568
SAI,Williams,25.0,0 days 00:01:20.726000,0 days 00:00:21.691000,0 days 00:00:37.684000,0 days 00:00:21.351000,HARD,25.0,1.0,,,1,11.0,False,2025,Monaco,R,80.726,21.691,37.684,21.351
SAI,Williams,26.0,0 days 00:01:19.310000,0 days 00:00:20.753000,0 days 00:00:37.293000,0 days 00:00:21.264000,HARD,26.0,1.0,,,1,11.0,False,2025,Monaco,R,79.31,20.753,37.293,21.264
SAI,Williams,27.0,0 days 00:01:19.588000,0 days 00:00:20.795000,0 days 00:00:37.501000,0 days 00:00:21.292000,HARD,27.0,1.0,,,1,11.0,False,2025,Monaco,R,79.588,20.795,37.501,21.292
SAI,Williams,28.0,0 days 00:01:19.617000,0 days 00:00:20.883000,0 days 00:00:37.587000,0 days 00:00:21.147000,HARD,28.0,1.0,,,1,11.0,False,2025,Monaco,R,79.617,20.883,37.587,21.147
SAI,Williams,29.0,0 days 00:01:19.113000,0 days 00:00:20.704000,0 days 00:00:37.398000,0 days 00:00:21.011000,HARD,29.0,1.0,,,1,11.0,False,2025,Monaco,R,79.113,20.704,37.398,21.011
SAI,Williams,30.0,0 days 00:01:20.644000,0 days 00:00:20.717000,0 days 00:00:37.634000,0 days 00:00:22.293000,HARD,30.0,1.0,,,1,11.0,False,2025,Monaco,R,80.644,20.717,37.634,22.293
SAI,Williams,31.0,0 days 00:01:17.277000,0 days 00:00:20.386000,0 days 00:00:36.996000,0 days 00:00:19.895000,HARD,31.0,1.0,,,1,11.0,False,2025,Monaco,R,77.277,20.386,36.996,19.895
SAI,Williams,32.0,0 days 00:01:20.054000,0 days 00:00:20.508000,0 days 00:00:38.515000,0 days 00:00:21.031000,HARD,32.0,1.0,,,1,11.0,False,2025,Monaco,R,80.054,20.508,38.515,21.031
SAI,Williams,33.0,0 days 00:01:20.878000,0 days 00:00:20.198000,0 days 00:00:38.501000,0 days 00:00:22.179000,HARD,33.0,1.0,,,1,11.0,False,2025,Monaco,R,80.878,20.198,38.501,22.179
SAI,Williams,34.0,0 days 00:01:19.220000,0 days 00:00:20.475000,0 days 00:00:37.592000,0 days 00:00:21.153000,HARD,34.0,1.0,,,1,11.0,False,2025,Monaco,R,79.22,20.475,37.592,21.153
SAI,Williams,35.0,0 days 00:01:19.464000,0 days 00:00:20.928000,0 days 00:00:37.435000,0 days 00:00:21.101000,HARD,35.0,1.0,,,1,11.0,False,2025,Monaco,R,79.464,20.928,37.435,21.101
SAI,Williams,36.0,0 days 00:01:19.778000,0 days 00:00:20.710000,0 days 00:00:37.035000,0 days 00:00:22.033000,HARD,36.0,1.0,,,1,11.0,False,2025,Monaco,R,79.778,20.71,37.035,22.033
SAI,Williams,37.0,0 days 00:01:18.753000,0 days 00:00:20.839000,0 days 00:00:37.145000,0 days 00:00:20.769000,HARD,37.0,1.0,,,12,10.0,False,2025,Monaco,R,78.753,20.839,37.145,20.769
SAI,Williams,38.0,0 days 00:01:18.526000,0 days 00:00:20.283000,0 days 00:00:37.332000,0 days 00:00:20.911000,HARD,38.0,1.0,,,1,10.0,False,2025,Monaco,R,78.526,20.283,37.332,20.911
SAI,Williams,39.0,0 days 00:01:18.819000,0 days 00:00:20.622000,0 days 00:00:37.275000,0 days 00:00:20.922000,HARD,39.0,1.0,,,1,10.0,False,2025,Monaco,R,78.819,20.622,37.275,20.922
SAI,Williams,40.0,0 days 00:01:18.988000,0 days 00:00:20.651000,0 days 00:00:37.240000,0 days 00:00:21.097000,HARD,40.0,1.0,,,1,10.0,False,2025,Monaco,R,78.988,20.651,37.24,21.097
SAI,Williams,41.0,0 days 00:01:16.822000,0 days 00:00:20.015000,0 days 00:00:36.420000,0 days 00:00:20.387000,HARD,41.0,1.0,,,1,10.0,False,2025,Monaco,R,76.822,20.015,36.42,20.387
SAI,Williams,42.0,0 days 00:01:16.706000,0 days 00:00:20.223000,0 days 00:00:36.415000,0 days 00:00:20.068000,HARD,42.0,1.0,,,1,9.0,False,2025,Monaco,R,76.706,20.223,36.415,20.068
SAI,Williams,43.0,0 days 00:01:15.881000,0 days 00:00:19.776000,0 days 00:00:36.071000,0 days 00:00:20.034000,HARD,43.0,1.0,,,1,9.0,False,2025,Monaco,R,75.881,19.776,36.071,20.034
SAI,Williams,44.0,0 days 00:01:16.059000,0 days 00:00:19.816000,0 days 00:00:36.097000,0 days 00:00:20.146000,HARD,44.0,1.0,,,1,9.0,False,2025,Monaco,R,76.059,19.816,36.097,20.146
SAI,Williams,45.0,0 days 00:01:16.124000,0 days 00:00:19.894000,0 days 00:00:36.165000,0 days 00:00:20.065000,HARD,45.0,1.0,,,1,9.0,False,2025,Monaco,R,76.124,19.894,36.165,20.065
SAI,Williams,46.0,0 days 00:01:16.081000,0 days 00:00:19.736000,0 days 00:00:36.146000,0 days 00:00:20.199000,HARD,46.0,1.0,,,1,9.0,False,2025,Monaco,R,76.081,19.736,36.146,20.199
SAI,Williams,47.0,0 days 00:01:15.516000,0 days 00:00:19.690000,0 days 00:00:35.971000,0 days 00:00:19.855000,HARD,47.0,1.0,,,1,9.0,False,2025,Monaco,R,75.516,19.69,35.971,19.855
SAI,Williams,48.0,0 days 00:01:32.875000,0 days 00:00:19.720000,0 days 00:00:35.874000,0 days 00:00:37.281000,HARD,48.0,1.0,0 days 02:00:46.035000,,1,9.0,False,2025,Monaco,R,92.875,19.72,35.874,37.281
SAI,Williams,49.0,0 days 00:01:18.962000,0 days 00:00:22.449000,0 days 00:00:36.265000,0 days 00:00:20.248000,MEDIUM,1.0,2.0,,0 days 02:01:10.441000,1,9.0,False,2025,Monaco,R,78.962,22.449,36.265,20.248
SAI,Williams,50.0,0 days 00:01:15.287000,0 days 00:00:19.754000,0 days 00:00:35.616000,0 days 00:00:19.917000,MEDIUM,2.0,2.0,,,1,9.0,False,2025,Monaco,R,75.287,19.754,35.616,19.917
SAI,Williams,51.0,0 days 00:01:14.496000,0 days 00:00:19.494000,0 days 00:00:35.417000,0 days 00:00:19.585000,MEDIUM,3.0,2.0,,,1,9.0,False,2025,Monaco,R,74.496,19.494,35.417,19.585
SAI,Williams,52.0,0 days 00:01:14.634000,0 days 00:00:19.389000,0 days 00:00:35.443000,0 days 00:00:19.802000,MEDIUM,4.0,2.0,,,1,9.0,False,2025,Monaco,R,74.634,19.389,35.443,19.802
SAI,Williams,53.0,0 days 00:01:31.446000,0 days 00:00:19.485000,0 days 00:00:35.348000,0 days 00:00:36.613000,MEDIUM,5.0,2.0,0 days 02:07:21.272000,,1,9.0,False,2025,Monaco,R,91.446,19.485,35.348,36.613
SAI,Williams,54.0,0 days 00:01:20.701000,0 days 00:00:23.543000,0 days 00:00:37.078000,0 days 00:00:20.080000,MEDIUM,9.0,3.0,,0 days 02:07:45.278000,1,9.0,False,2025,Monaco,R,80.701,23.543,37.078,20.08
SAI,Williams,55.0,0 days 00:01:15.399000,0 days 00:00:19.756000,0 days 00:00:35.618000,0 days 00:00:20.025000,MEDIUM,10.0,3.0,,,1,9.0,False,2025,Monaco,R,75.399,19.756,35.618,20.025
SAI,Williams,56.0,0 days 00:01:14.596000,0 days 00:00:19.482000,0 days 00:00:35.434000,0 days 00:00:19.680000,MEDIUM,11.0,3.0,,,1,9.0,False,2025,Monaco,R,74.596,19.482,35.434,19.68
SAI,Williams,57.0,0 days 00:01:15.024000,0 days 00:00:19.492000,0 days 00:00:35.554000,0 days 00:00:19.978000,MEDIUM,12.0,3.0,,,1,9.0,False,2025,Monaco,R,75.024,19.492,35.554,19.978
SAI,Williams,58.0,0 days 00:01:16.214000,0 days 00:00:19.645000,0 days 00:00:36.130000,0 days 00:00:20.439000,MEDIUM,13.0,3.0,,,1,9.0,False,2025,Monaco,R,76.214,19.645,36.13,20.439
SAI,Williams,59.0,0 days 00:01:17.954000,0 days 00:00:19.886000,0 days 00:00:37.820000,0 days 00:00:20.248000,MEDIUM,14.0,3.0,,,1,9.0,False,2025,Monaco,R,77.954,19.886,37.82,20.248
SAI,Williams,60.0,0 days 00:01:16.693000,0 days 00:00:19.966000,0 days 00:00:36.250000,0 days 00:00:20.477000,MEDIUM,15.0,3.0,,,1,9.0,False,2025,Monaco,R,76.693,19.966,36.25,20.477
SAI,Williams,61.0,0 days 00:01:16.622000,0 days 00:00:19.825000,0 days 00:00:36.376000,0 days 00:00:20.421000,MEDIUM,16.0,3.0,,,1,9.0,False,2025,Monaco,R,76.622,19.825,36.376,20.421
SAI,Williams,62.0,0 days 00:01:16.990000,0 days 00:00:19.986000,0 days 00:00:36.196000,0 days 00:00:20.808000,MEDIUM,17.0,3.0,,,1,9.0,False,2025,Monaco,R,76.99,19.986,36.196,20.808
SAI,Williams,63.0,0 days 00:01:17.864000,0 days 00:00:19.970000,0 days 00:00:36.705000,0 days 00:00:21.189000,MEDIUM,18.0,3.0,,,1,9.0,False,2025,Monaco,R,77.864,19.97,36.705,21.189
SAI,Williams,64.0,0 days 00:01:20.206000,0 days 00:00:20.580000,0 days 00:00:38.802000,0 days 00:00:20.824000,MEDIUM,19.0,3.0,,,1,10.0,False,2025,Monaco,R,80.206,20.58,38.802,20.824
SAI,Williams,65.0,0 days 00:01:16.154000,0 days 00:00:19.810000,0 days 00:00:36.287000,0 days 00:00:20.057000,MEDIUM,20.0,3.0,,,1,10.0,False,2025,Monaco,R,76.154,19.81,36.287,20.057
SAI,Williams,66.0,0 days 00:01:14.264000,0 days 00:00:19.394000,0 days 00:00:35.301000,0 days 00:00:19.569000,MEDIUM,21.0,3.0,,,1,10.0,False,2025,Monaco,R,74.264,19.394,35.301,19.569
SAI,Williams,67.0,0 days 00:01:17.001000,0 days 00:00:20.142000,0 days 00:00:36.584000,0 days 00:00:20.275000,MEDIUM,22.0,3.0,,,1,10.0,False,2025,Monaco,R,77.001,20.142,36.584,20.275
SAI,Williams,68.0,0 days 00:01:13.988000,0 days 00:00:19.340000,0 days 00:00:35.166000,0 days 00:00:19.482000,MEDIUM,23.0,3.0,,,1,10.0,False,2025,Monaco,R,73.988,19.34,35.166,19.482
SAI,Williams,69.0,0 days 00:01:16.776000,0 days 00:00:19.630000,0 days 00:00:36.579000,0 days 00:00:20.567000,MEDIUM,24.0,3.0,,,1,10.0,False,2025,Monaco,R,76.776,19.63,36.579,20.567
SAI,Williams,70.0,0 days 00:01:14.360000,0 days 00:00:19.356000,0 days 00:00:35.332000,0 days 00:00:19.672000,MEDIUM,25.0,3.0,,,1,10.0,False,2025,Monaco,R,74.36,19.356,35.332,19.672
SAI,Williams,71.0,0 days 00:01:16.420000,0 days 00:00:19.883000,0 days 00:00:36.144000,0 days 00:00:20.393000,MEDIUM,26.0,3.0,,,1,10.0,False,2025,Monaco,R,76.42,19.883,36.144,20.393
SAI,Williams,72.0,0 days 00:01:15.794000,0 days 00:00:19.649000,0 days 00:00:35.974000,0 days 00:00:20.171000,MEDIUM,27.0,3.0,,,1,10.0,False,2025,Monaco,R,75.794,19.649,35.974,20.171
SAI,Williams,73.0,0 days 00:01:16.530000,0 days 00:00:19.888000,0 days 00:00:36.170000,0 days 00:00:20.472000,MEDIUM,28.0,3.0,,,1,10.0,False,2025,Monaco,R,76.53,19.888,36.17,20.472
SAI,Williams,74.0,0 days 00:01:14.295000,0 days 00:00:19.429000,0 days 00:00:35.243000,0 days 00:00:19.623000,MEDIUM,29.0,3.0,,,1,10.0,False,2025,Monaco,R,74.295,19.429,35.243,19.623
SAI,Williams,75.0,0 days 00:01:14.539000,0 days 00:00:19.424000,0 days 00:00:35.357000,0 days 00:00:19.758000,MEDIUM,30.0,3.0,,,1,10.0,False,2025,Monaco,R,74.539,19.424,35.357,19.758
SAI,Williams,76.0,0 days 00:01:15.182000,0 days 00:00:19.432000,0 days 00:00:35.823000,0 days 00:00:19.927000,MEDIUM,31.0,3.0,,,1,10.0,False,2025,Monaco,R,75.182,19.432,35.823,19.927
HAD,Racing Bulls,1.0,0 days 00:01:27.567000,,0 days 00:00:38.756000,0 days 00:00:21.437000,MEDIUM,1.0,1.0,,,12,5.0,False,2025,Monaco,R,87.567,,38.756,21.437
HAD,Racing Bulls,2.0,0 days 00:01:46.692000,0 days 00:00:36.151000,0 days 00:00:45.078000,0 days 00:00:25.463000,MEDIUM,2.0,1.0,,,16,5.0,False,2025,Monaco,R,106.692,36.151,45.078,25.463
HAD,Racing Bulls,3.0,0 days 00:01:49.414000,0 days 00:00:32.612000,0 days 00:00:47.304000,0 days 00:00:29.498000,MEDIUM,3.0,1.0,,,6,5.0,False,2025,Monaco,R,109.414,32.612,47.304,29.498
HAD,Racing Bulls,4.0,0 days 00:01:39.640000,0 days 00:00:31.302000,0 days 00:00:47.155000,0 days 00:00:21.183000,MEDIUM,4.0,1.0,,,671,5.0,False,2025,Monaco,R,99.64,31.302,47.155,21.183
HAD,Racing Bulls,5.0,0 days 00:01:20.952000,0 days 00:00:21.487000,0 days 00:00:37.886000,0 days 00:00:21.579000,MEDIUM,5.0,1.0,,,1,5.0,False,2025,Monaco,R,80.952,21.487,37.886,21.579
HAD,Racing Bulls,6.0,0 days 00:01:20.143000,0 days 00:00:21.128000,0 days 00:00:37.732000,0 days 00:00:21.283000,MEDIUM,6.0,1.0,,,1,5.0,False,2025,Monaco,R,80.143,21.128,37.732,21.283
HAD,Racing Bulls,7.0,0 days 00:01:19.554000,0 days 00:00:21.188000,0 days 00:00:37.515000,0 days 00:00:20.851000,MEDIUM,7.0,1.0,,,1,5.0,False,2025,Monaco,R,79.554,21.188,37.515,20.851
HAD,Racing Bulls,8.0,0 days 00:01:18.388000,0 days 00:00:20.558000,0 days 00:00:37.028000,0 days 00:00:20.802000,MEDIUM,8.0,1.0,,,12,5.0,False,2025,Monaco,R,78.388,20.558,37.028,20.802
HAD,Racing Bulls,9.0,0 days 00:01:21.968000,0 days 00:00:20.407000,0 days 00:00:40.855000,0 days 00:00:20.706000,MEDIUM,9.0,1.0,,,2,5.0,False,2025,Monaco,R,81.968,20.407,40.855,20.706
HAD,Racing Bulls,10.0,0 days 00:01:18.529000,0 days 00:00:20.280000,0 days 00:00:37.502000,0 days 00:00:20.747000,MEDIUM,10.0,1.0,,,2,5.0,False,2025,Monaco,R,78.529,20.28,37.502,20.747
HAD,Racing Bulls,11.0,0 days 00:01:18.183000,0 days 00:00:20.296000,0 days 00:00:37.410000,0 days 00:00:20.477000,MEDIUM,11.0,1.0,,,21,5.0,False,2025,Monaco,R,78.183,20.296,37.41,20.477
HAD,Racing Bulls,12.0,0 days 00:01:17.376000,0 days 00:00:20.247000,0 days 00:00:36.558000,0 days 00:00:20.571000,MEDIUM,12.0,1.0,,,1,5.0,False,2025,Monaco,R,77.376,20.247,36.558,20.571
HAD,Racing Bulls,13.0,0 days 00:01:17.088000,0 days 00:00:20.119000,0 days 00:00:36.443000,0 days 00:00:20.526000,MEDIUM,13.0,1.0,,,1,5.0,False,2025,Monaco,R,77.088,20.119,36.443,20.526
HAD,Racing Bulls,14.0,0 days 00:01:34.072000,0 days 00:00:19.969000,0 days 00:00:36.266000,0 days 00:00:37.837000,MEDIUM,14.0,1.0,0 days 01:15:55.354000,,1,8.0,False,2025,Monaco,R,94.072,19.969,36.266,37.837
HAD,Racing Bulls,15.0,0 days 00:01:19.771000,0 days 00:00:23.110000,0 days 00:00:36.409000,0 days 00:00:20.252000,SOFT,4.0,2.0,,0 days 01:16:19.448000,1,8.0,False,2025,Monaco,R,79.771,23.11,36.409,20.252
HAD,Racing Bulls,16.0,0 days 00:01:15.981000,0 days 00:00:19.975000,0 days 00:00:36.083000,0 days 00:00:19.923000,SOFT,5.0,2.0,,,1,7.0,False,2025,Monaco,R,75.981,19.975,36.083,19.923
HAD,Racing Bulls,17.0,0 days 00:01:17.191000,0 days 00:00:20.202000,0 days 00:00:36.545000,0 days 00:00:20.444000,SOFT,6.0,2.0,,,1,6.0,False,2025,Monaco,R,77.191,20.202,36.545,20.444
HAD,Racing Bulls,18.0,0 days 00:01:16.372000,0 days 00:00:20.160000,0 days 00:00:36.101000,0 days 00:00:20.111000,SOFT,7.0,2.0,,,1,6.0,False,2025,Monaco,R,76.372,20.16,36.101,20.111
HAD,Racing Bulls,19.0,0 days 00:01:33.324000,0 days 00:00:20.005000,0 days 00:00:36.117000,0 days 00:00:37.202000,SOFT,8.0,2.0,0 days 01:22:38.206000,,1,8.0,False,2025,Monaco,R,93.324,20.005,36.117,37.202
HAD,Racing Bulls,20.0,0 days 00:01:19.175000,0 days 00:00:23.001000,0 days 00:00:36.193000,0 days 00:00:19.981000,HARD,2.0,3.0,,0 days 01:23:01.956000,1,8.0,False,2025,Monaco,R,79.175,23.001,36.193,19.981
HAD,Racing Bulls,21.0,0 days 00:01:16.136000,0 days 00:00:19.898000,0 days 00:00:35.983000,0 days 00:00:20.255000,HARD,3.0,3.0,,,1,8.0,False,2025,Monaco,R,76.136,19.898,35.983,20.255
HAD,Racing Bulls,22.0,0 days 00:01:16.357000,0 days 00:00:19.932000,0 days 00:00:36.112000,0 days 00:00:20.313000,HARD,4.0,3.0,,,1,8.0,False,2025,Monaco,R,76.357,19.932,36.112,20.313
HAD,Racing Bulls,23.0,0 days 00:01:17.581000,0 days 00:00:20.117000,0 days 00:00:36.762000,0 days 00:00:20.702000,HARD,5.0,3.0,,,1,8.0,False,2025,Monaco,R,77.581,20.117,36.762,20.702
HAD,Racing Bulls,24.0,0 days 00:01:17.790000,0 days 00:00:19.968000,0 days 00:00:36.586000,0 days 00:00:21.236000,HARD,6.0,3.0,,,1,8.0,False,2025,Monaco,R,77.79,19.968,36.586,21.236
HAD,Racing Bulls,25.0,0 days 00:01:17.832000,0 days 00:00:20.335000,0 days 00:00:36.849000,0 days 00:00:20.648000,HARD,7.0,3.0,,,1,8.0,False,2025,Monaco,R,77.832,20.335,36.849,20.648
HAD,Racing Bulls,26.0,0 days 00:01:17.625000,0 days 00:00:20.194000,0 days 00:00:36.950000,0 days 00:00:20.481000,HARD,8.0,3.0,,,1,8.0,False,2025,Monaco,R,77.625,20.194,36.95,20.481
HAD,Racing Bulls,27.0,0 days 00:01:16.482000,0 days 00:00:19.724000,0 days 00:00:36.543000,0 days 00:00:20.215000,HARD,9.0,3.0,,,1,8.0,False,2025,Monaco,R,76.482,19.724,36.543,20.215
HAD,Racing Bulls,28.0,0 days 00:01:16.441000,0 days 00:00:19.951000,0 days 00:00:36.309000,0 days 00:00:20.181000,HARD,10.0,3.0,,,1,7.0,False,2025,Monaco,R,76.441,19.951,36.309,20.181
HAD,Racing Bulls,29.0,0 days 00:01:16.497000,0 days 00:00:19.831000,0 days 00:00:36.285000,0 days 00:00:20.381000,HARD,11.0,3.0,,,1,7.0,False,2025,Monaco,R,76.497,19.831,36.285,20.381
HAD,Racing Bulls,30.0,0 days 00:01:16.432000,0 days 00:00:19.889000,0 days 00:00:36.239000,0 days 00:00:20.304000,HARD,12.0,3.0,,,1,7.0,False,2025,Monaco,R,76.432,19.889,36.239,20.304
HAD,Racing Bulls,31.0,0 days 00:01:16.289000,0 days 00:00:19.827000,0 days 00:00:36.130000,0 days 00:00:20.332000,HARD,13.0,3.0,,,1,7.0,False,2025,Monaco,R,76.289,19.827,36.13,20.332
HAD,Racing Bulls,32.0,0 days 00:01:16.307000,0 days 00:00:19.810000,0 days 00:00:36.127000,0 days 00:00:20.370000,HARD,14.0,3.0,,,1,7.0,False,2025,Monaco,R,76.307,19.81,36.127,20.37
HAD,Racing Bulls,33.0,0 days 00:01:16.044000,0 days 00:00:19.804000,0 days 00:00:36.141000,0 days 00:00:20.099000,HARD,15.0,3.0,,,1,7.0,False,2025,Monaco,R,76.044,19.804,36.141,20.099
HAD,Racing Bulls,34.0,0 days 00:01:16.070000,0 days 00:00:19.811000,0 days 00:00:36.101000,0 days 00:00:20.158000,HARD,16.0,3.0,,,1,7.0,False,2025,Monaco,R,76.07,19.811,36.101,20.158
HAD,Racing Bulls,35.0,0 days 00:01:16.212000,0 days 00:00:19.814000,0 days 00:00:36.194000,0 days 00:00:20.204000,HARD,17.0,3.0,,,1,7.0,False,2025,Monaco,R,76.212,19.814,36.194,20.204
HAD,Racing Bulls,36.0,0 days 00:01:16.125000,0 days 00:00:19.783000,0 days 00:00:36.218000,0 days 00:00:20.124000,HARD,18.0,3.0,,,1,7.0,False,2025,Monaco,R,76.125,19.783,36.218,20.124
HAD,Racing Bulls,37.0,0 days 00:01:16.419000,0 days 00:00:19.747000,0 days 00:00:36.102000,0 days 00:00:20.570000,HARD,19.0,3.0,,,12,6.0,False,2025,Monaco,R,76.419,19.747,36.102,20.57
HAD,Racing Bulls,38.0,0 days 00:01:16.400000,0 days 00:00:19.769000,0 days 00:00:36.152000,0 days 00:00:20.479000,HARD,20.0,3.0,,,1,6.0,False,2025,Monaco,R,76.4,19.769,36.152,20.479
HAD,Racing Bulls,39.0,0 days 00:01:16.920000,0 days 00:00:19.898000,0 days 00:00:36.500000,0 days 00:00:20.522000,HARD,21.0,3.0,,,1,6.0,False,2025,Monaco,R,76.92,19.898,36.5,20.522
HAD,Racing Bulls,40.0,0 days 00:01:17.025000,0 days 00:00:19.863000,0 days 00:00:36.547000,0 days 00:00:20.615000,HARD,22.0,3.0,,,1,6.0,False,2025,Monaco,R,77.025,19.863,36.547,20.615
HAD,Racing Bulls,41.0,0 days 00:01:17.242000,0 days 00:00:20.169000,0 days 00:00:36.513000,0 days 00:00:20.560000,HARD,23.0,3.0,,,1,6.0,False,2025,Monaco,R,77.242,20.169,36.513,20.56
HAD,Racing Bulls,42.0,0 days 00:01:19.685000,0 days 00:00:21.772000,0 days 00:00:37.060000,0 days 00:00:20.853000,HARD,24.0,3.0,,,1,6.0,False,2025,Monaco,R,79.685,21.772,37.06,20.853
HAD,Racing Bulls,43.0,0 days 00:01:18.924000,0 days 00:00:22.162000,0 days 00:00:36.508000,0 days 00:00:20.254000,HARD,25.0,3.0,,,1,6.0,False,2025,Monaco,R,78.924,22.162,36.508,20.254
HAD,Racing Bulls,44.0,0 days 00:01:16.930000,0 days 00:00:20.066000,0 days 00:00:36.543000,0 days 00:00:20.321000,HARD,26.0,3.0,,,1,6.0,False,2025,Monaco,R,76.93,20.066,36.543,20.321
HAD,Racing Bulls,45.0,0 days 00:01:17.914000,0 days 00:00:20.068000,0 days 00:00:36.676000,0 days 00:00:21.170000,HARD,27.0,3.0,,,1,6.0,False,2025,Monaco,R,77.914,20.068,36.676,21.17
HAD,Racing Bulls,46.0,0 days 00:01:19.607000,0 days 00:00:22.021000,0 days 00:00:37.092000,0 days 00:00:20.494000,HARD,28.0,3.0,,,1,6.0,False,2025,Monaco,R,79.607,22.021,37.092,20.494
HAD,Racing Bulls,47.0,0 days 00:01:17.129000,0 days 00:00:20.099000,0 days 00:00:36.827000,0 days 00:00:20.203000,HARD,29.0,3.0,,,1,6.0,False,2025,Monaco,R,77.129,20.099,36.827,20.203
HAD,Racing Bulls,48.0,0 days 00:01:17.451000,0 days 00:00:20.143000,0 days 00:00:36.836000,0 days 00:00:20.472000,HARD,30.0,3.0,,,1,6.0,False,2025,Monaco,R,77.451,20.143,36.836,20.472
HAD,Racing Bulls,49.0,0 days 00:01:18.076000,0 days 00:00:20.707000,0 days 00:00:36.956000,0 days 00:00:20.413000,HARD,31.0,3.0,,,1,6.0,False,2025,Monaco,R,78.076,20.707,36.956,20.413
HAD,Racing Bulls,50.0,0 days 00:01:17.235000,0 days 00:00:20.268000,0 days 00:00:36.653000,0 days 00:00:20.314000,HARD,32.0,3.0,,,1,6.0,False,2025,Monaco,R,77.235,20.268,36.653,20.314
HAD,Racing Bulls,51.0,0 days 00:01:18.932000,0 days 00:00:20.291000,0 days 00:00:38.016000,0 days 00:00:20.625000,HARD,33.0,3.0,,,1,6.0,False,2025,Monaco,R,78.932,20.291,38.016,20.625
HAD,Racing Bulls,52.0,0 days 00:01:17.718000,0 days 00:00:20.522000,0 days 00:00:36.849000,0 days 00:00:20.347000,HARD,34.0,3.0,,,1,6.0,False,2025,Monaco,R,77.718,20.522,36.849,20.347
HAD,Racing Bulls,53.0,0 days 00:01:17.420000,0 days 00:00:20.171000,0 days 00:00:36.782000,0 days 00:00:20.467000,HARD,35.0,3.0,,,1,6.0,False,2025,Monaco,R,77.42,20.171,36.782,20.467
HAD,Racing Bulls,54.0,0 days 00:01:19.723000,0 days 00:00:20.266000,0 days 00:00:38.820000,0 days 00:00:20.637000,HARD,36.0,3.0,,,1,6.0,False,2025,Monaco,R,79.723,20.266,38.82,20.637
HAD,Racing Bulls,55.0,0 days 00:01:17.863000,0 days 00:00:20.214000,0 days 00:00:37.227000,0 days 00:00:20.422000,HARD,37.0,3.0,,,1,6.0,False,2025,Monaco,R,77.863,20.214,37.227,20.422
HAD,Racing Bulls,56.0,0 days 00:01:17.484000,0 days 00:00:20.294000,0 days 00:00:36.755000,0 days 00:00:20.435000,HARD,38.0,3.0,,,1,6.0,False,2025,Monaco,R,77.484,20.294,36.755,20.435
HAD,Racing Bulls,57.0,0 days 00:01:17.268000,0 days 00:00:20.225000,0 days 00:00:36.603000,0 days 00:00:20.440000,HARD,39.0,3.0,,,1,6.0,False,2025,Monaco,R,77.268,20.225,36.603,20.44
HAD,Racing Bulls,58.0,0 days 00:01:16.984000,0 days 00:00:20.097000,0 days 00:00:36.611000,0 days 00:00:20.276000,HARD,40.0,3.0,,,1,6.0,False,2025,Monaco,R,76.984,20.097,36.611,20.276
HAD,Racing Bulls,59.0,0 days 00:01:17.717000,0 days 00:00:20.225000,0 days 00:00:36.782000,0 days 00:00:20.710000,HARD,41.0,3.0,,,1,6.0,False,2025,Monaco,R,77.717,20.225,36.782,20.71
HAD,Racing Bulls,60.0,0 days 00:01:18.008000,0 days 00:00:20.393000,0 days 00:00:36.940000,0 days 00:00:20.675000,HARD,42.0,3.0,,,1,6.0,False,2025,Monaco,R,78.008,20.393,36.94,20.675
HAD,Racing Bulls,61.0,0 days 00:01:18.069000,0 days 00:00:20.475000,0 days 00:00:36.977000,0 days 00:00:20.617000,HARD,43.0,3.0,,,1,6.0,False,2025,Monaco,R,78.069,20.475,36.977,20.617
HAD,Racing Bulls,62.0,0 days 00:01:17.876000,0 days 00:00:20.414000,0 days 00:00:36.845000,0 days 00:00:20.617000,HARD,44.0,3.0,,,1,6.0,False,2025,Monaco,R,77.876,20.414,36.845,20.617
HAD,Racing Bulls,63.0,0 days 00:01:18.071000,0 days 00:00:20.527000,0 days 00:00:37.129000,0 days 00:00:20.415000,HARD,45.0,3.0,,,1,6.0,False,2025,Monaco,R,78.071,20.527,37.129,20.415
HAD,Racing Bulls,64.0,0 days 00:01:18.299000,0 days 00:00:20.454000,0 days 00:00:37.149000,0 days 00:00:20.696000,HARD,46.0,3.0,,,1,6.0,False,2025,Monaco,R,78.299,20.454,37.149,20.696
HAD,Racing Bulls,65.0,0 days 00:01:18.125000,0 days 00:00:20.452000,0 days 00:00:37.103000,0 days 00:00:20.570000,HARD,47.0,3.0,,,1,6.0,False,2025,Monaco,R,78.125,20.452,37.103,20.57
HAD,Racing Bulls,66.0,0 days 00:01:17.520000,0 days 00:00:20.189000,0 days 00:00:37.010000,0 days 00:00:20.321000,HARD,48.0,3.0,,,1,6.0,False,2025,Monaco,R,77.52,20.189,37.01,20.321
HAD,Racing Bulls,67.0,0 days 00:01:19.017000,0 days 00:00:21.332000,0 days 00:00:37.385000,0 days 00:00:20.300000,HARD,49.0,3.0,,,1,6.0,False,2025,Monaco,R,79.017,21.332,37.385,20.3
HAD,Racing Bulls,68.0,0 days 00:01:17.280000,0 days 00:00:20.208000,0 days 00:00:36.774000,0 days 00:00:20.298000,HARD,50.0,3.0,,,1,6.0,False,2025,Monaco,R,77.28,20.208,36.774,20.298
HAD,Racing Bulls,69.0,0 days 00:01:16.917000,0 days 00:00:20.138000,0 days 00:00:36.560000,0 days 00:00:20.219000,HARD,51.0,3.0,,,1,6.0,False,2025,Monaco,R,76.917,20.138,36.56,20.219
HAD,Racing Bulls,70.0,0 days 00:01:17.002000,0 days 00:00:20.205000,0 days 00:00:36.604000,0 days 00:00:20.193000,HARD,52.0,3.0,,,1,6.0,False,2025,Monaco,R,77.002,20.205,36.604,20.193
HAD,Racing Bulls,71.0,0 days 00:01:16.798000,0 days 00:00:20.057000,0 days 00:00:36.490000,0 days 00:00:20.251000,HARD,53.0,3.0,,,1,6.0,False,2025,Monaco,R,76.798,20.057,36.49,20.251
HAD,Racing Bulls,72.0,0 days 00:01:16.920000,0 days 00:00:20.115000,0 days 00:00:36.554000,0 days 00:00:20.251000,HARD,54.0,3.0,,,1,6.0,False,2025,Monaco,R,76.92,20.115,36.554,20.251
HAD,Racing Bulls,73.0,0 days 00:01:16.724000,0 days 00:00:19.935000,0 days 00:00:36.613000,0 days 00:00:20.176000,HARD,55.0,3.0,,,1,6.0,False,2025,Monaco,R,76.724,19.935,36.613,20.176
HAD,Racing Bulls,74.0,0 days 00:01:16.627000,0 days 00:00:19.887000,0 days 00:00:36.541000,0 days 00:00:20.199000,HARD,56.0,3.0,,,1,6.0,False,2025,Monaco,R,76.627,19.887,36.541,20.199
HAD,Racing Bulls,75.0,0 days 00:01:16.575000,0 days 00:00:19.982000,0 days 00:00:36.448000,0 days 00:00:20.145000,HARD,57.0,3.0,,,1,6.0,False,2025,Monaco,R,76.575,19.982,36.448,20.145
HAD,Racing Bulls,76.0,0 days 00:01:16.633000,0 days 00:00:19.879000,0 days 00:00:36.610000,0 days 00:00:20.144000,HARD,58.0,3.0,,,1,6.0,False,2025,Monaco,R,76.633,19.879,36.61,20.144
HAD,Racing Bulls,77.0,0 days 00:01:16.798000,0 days 00:00:19.946000,0 days 00:00:36.454000,0 days 00:00:20.398000,HARD,59.0,3.0,,,1,6.0,False,2025,Monaco,R,76.798,19.946,36.454,20.398
RUS,Mercedes,1.0,0 days 00:01:34.077000,,0 days 00:00:40.601000,0 days 00:00:22.289000,HARD,1.0,1.0,,,126,13.0,False,2025,Monaco,R,94.077,,40.601,22.289
RUS,Mercedes,2.0,0 days 00:01:51.593000,0 days 00:00:38.966000,0 days 00:00:47.377000,0 days 00:00:25.250000,HARD,2.0,1.0,,,6,13.0,False,2025,Monaco,R,111.593,38.966,47.377,25.25
RUS,Mercedes,3.0,0 days 00:01:48.563000,0 days 00:00:31.387000,0 days 00:00:48.171000,0 days 00:00:29.005000,HARD,3.0,1.0,,,6,13.0,False,2025,Monaco,R,108.563,31.387,48.171,29.005
RUS,Mercedes,4.0,0 days 00:01:36.667000,0 days 00:00:30.937000,0 days 00:00:44.182000,0 days 00:00:21.548000,HARD,4.0,1.0,,,671,13.0,False,2025,Monaco,R,96.667,30.937,44.182,21.548
RUS,Mercedes,5.0,0 days 00:01:20.576000,0 days 00:00:21.536000,0 days 00:00:37.379000,0 days 00:00:21.661000,HARD,5.0,1.0,,,1,13.0,False,2025,Monaco,R,80.576,21.536,37.379,21.661
RUS,Mercedes,6.0,0 days 00:01:20.750000,0 days 00:00:21.474000,0 days 00:00:37.683000,0 days 00:00:21.593000,HARD,6.0,1.0,,,1,13.0,False,2025,Monaco,R,80.75,21.474,37.683,21.593
RUS,Mercedes,7.0,0 days 00:01:21.214000,0 days 00:00:21.597000,0 days 00:00:37.853000,0 days 00:00:21.764000,HARD,7.0,1.0,,,1,13.0,False,2025,Monaco,R,81.214,21.597,37.853,21.764
RUS,Mercedes,8.0,0 days 00:01:20.793000,0 days 00:00:21.517000,0 days 00:00:37.737000,0 days 00:00:21.539000,HARD,8.0,1.0,,,12,13.0,False,2025,Monaco,R,80.793,21.517,37.737,21.539
RUS,Mercedes,9.0,0 days 00:01:23.390000,0 days 00:00:20.929000,0 days 00:00:40.252000,0 days 00:00:22.209000,HARD,9.0,1.0,,,2,13.0,False,2025,Monaco,R,83.39,20.929,40.252,22.209
RUS,Mercedes,10.0,0 days 00:01:21.501000,0 days 00:00:21.355000,0 days 00:00:38.625000,0 days 00:00:21.521000,HARD,10.0,1.0,,,2,13.0,False,2025,Monaco,R,81.501,21.355,38.625,21.521
RUS,Mercedes,11.0,0 days 00:01:19.853000,0 days 00:00:21.311000,0 days 00:00:37.353000,0 days 00:00:21.189000,HARD,11.0,1.0,,,21,13.0,False,2025,Monaco,R,79.853,21.311,37.353,21.189
RUS,Mercedes,12.0,0 days 00:01:19.726000,0 days 00:00:21.052000,0 days 00:00:37.456000,0 days 00:00:21.218000,HARD,12.0,1.0,,,1,12.0,False,2025,Monaco,R,79.726,21.052,37.456,21.218
RUS,Mercedes,13.0,0 days 00:01:18.901000,0 days 00:00:20.928000,0 days 00:00:36.921000,0 days 00:00:21.052000,HARD,13.0,1.0,,,1,12.0,False,2025,Monaco,R,78.901,20.928,36.921,21.052
RUS,Mercedes,14.0,0 days 00:01:19.247000,0 days 00:00:21.028000,0 days 00:00:37.128000,0 days 00:00:21.091000,HARD,14.0,1.0,,,1,12.0,False,2025,Monaco,R,79.247,21.028,37.128,21.091
RUS,Mercedes,15.0,0 days 00:01:19.764000,0 days 00:00:21.176000,0 days 00:00:37.170000,0 days 00:00:21.418000,HARD,15.0,1.0,,,1,12.0,False,2025,Monaco,R,79.764,21.176,37.17,21.418
RUS,Mercedes,16.0,0 days 00:01:20.766000,0 days 00:00:21.285000,0 days 00:00:37.715000,0 days 00:00:21.766000,HARD,16.0,1.0,,,1,12.0,False,2025,Monaco,R,80.766,21.285,37.715,21.766
RUS,Mercedes,17.0,0 days 00:01:21.057000,0 days 00:00:21.427000,0 days 00:00:38.235000,0 days 00:00:21.395000,HARD,17.0,1.0,,,1,12.0,False,2025,Monaco,R,81.057,21.427,38.235,21.395
RUS,Mercedes,18.0,0 days 00:01:20.126000,0 days 00:00:21.263000,0 days 00:00:37.393000,0 days 00:00:21.470000,HARD,18.0,1.0,,,1,12.0,False,2025,Monaco,R,80.126,21.263,37.393,21.47
RUS,Mercedes,19.0,0 days 00:01:19.629000,0 days 00:00:21.289000,0 days 00:00:37.250000,0 days 00:00:21.090000,HARD,19.0,1.0,,,1,12.0,False,2025,Monaco,R,79.629,21.289,37.25,21.09
RUS,Mercedes,20.0,0 days 00:01:18.513000,0 days 00:00:21.071000,0 days 00:00:36.757000,0 days 00:00:20.685000,HARD,20.0,1.0,,,1,12.0,False,2025,Monaco,R,78.513,21.071,36.757,20.685
RUS,Mercedes,21.0,0 days 00:01:17.775000,0 days 00:00:20.729000,0 days 00:00:36.459000,0 days 00:00:20.587000,HARD,21.0,1.0,,,1,12.0,False,2025,Monaco,R,77.775,20.729,36.459,20.587
RUS,Mercedes,22.0,0 days 00:01:17.301000,0 days 00:00:20.428000,0 days 00:00:36.414000,0 days 00:00:20.459000,HARD,22.0,1.0,,,1,12.0,False,2025,Monaco,R,77.301,20.428,36.414,20.459
RUS,Mercedes,23.0,0 days 00:01:16.900000,0 days 00:00:20.341000,0 days 00:00:36.229000,0 days 00:00:20.330000,HARD,23.0,1.0,,,1,12.0,False,2025,Monaco,R,76.9,20.341,36.229,20.33
RUS,Mercedes,24.0,0 days 00:01:16.935000,0 days 00:00:20.250000,0 days 00:00:36.242000,0 days 00:00:20.443000,HARD,24.0,1.0,,,1,12.0,False,2025,Monaco,R,76.935,20.25,36.242,20.443
RUS,Mercedes,25.0,0 days 00:01:19.216000,0 days 00:00:20.627000,0 days 00:00:37.354000,0 days 00:00:21.235000,HARD,25.0,1.0,,,1,12.0,False,2025,Monaco,R,79.216,20.627,37.354,21.235
RUS,Mercedes,26.0,0 days 00:01:19.491000,0 days 00:00:20.939000,0 days 00:00:37.205000,0 days 00:00:21.347000,HARD,26.0,1.0,,,1,12.0,False,2025,Monaco,R,79.491,20.939,37.205,21.347
RUS,Mercedes,27.0,0 days 00:01:19.453000,0 days 00:00:20.969000,0 days 00:00:37.385000,0 days 00:00:21.099000,HARD,27.0,1.0,,,1,12.0,False,2025,Monaco,R,79.453,20.969,37.385,21.099
RUS,Mercedes,28.0,0 days 00:01:19.673000,0 days 00:00:21.112000,0 days 00:00:37.407000,0 days 00:00:21.154000,HARD,28.0,1.0,,,1,12.0,False,2025,Monaco,R,79.673,21.112,37.407,21.154
RUS,Mercedes,29.0,0 days 00:01:19.247000,0 days 00:00:20.924000,0 days 00:00:37.221000,0 days 00:00:21.102000,HARD,29.0,1.0,,,1,12.0,False,2025,Monaco,R,79.247,20.924,37.221,21.102
RUS,Mercedes,30.0,0 days 00:01:20.514000,0 days 00:00:20.831000,0 days 00:00:37.468000,0 days 00:00:22.215000,HARD,30.0,1.0,,,1,12.0,False,2025,Monaco,R,80.514,20.831,37.468,22.215
RUS,Mercedes,31.0,0 days 00:01:18.068000,0 days 00:00:20.790000,0 days 00:00:36.869000,0 days 00:00:20.409000,HARD,31.0,1.0,,,1,12.0,False,2025,Monaco,R,78.068,20.79,36.869,20.409
RUS,Mercedes,32.0,0 days 00:01:19.384000,0 days 00:00:22.030000,0 days 00:00:36.582000,0 days 00:00:20.772000,HARD,32.0,1.0,,,1,12.0,False,2025,Monaco,R,79.384,22.03,36.582,20.772
RUS,Mercedes,33.0,0 days 00:01:21.135000,0 days 00:00:21.343000,0 days 00:00:38.805000,0 days 00:00:20.987000,HARD,33.0,1.0,,,1,12.0,False,2025,Monaco,R,81.135,21.343,38.805,20.987
RUS,Mercedes,34.0,0 days 00:01:18.936000,0 days 00:00:20.667000,0 days 00:00:37.054000,0 days 00:00:21.215000,HARD,34.0,1.0,,,1,12.0,False,2025,Monaco,R,78.936,20.667,37.054,21.215
RUS,Mercedes,35.0,0 days 00:01:19.219000,0 days 00:00:20.836000,0 days 00:00:37.359000,0 days 00:00:21.024000,HARD,35.0,1.0,,,1,12.0,False,2025,Monaco,R,79.219,20.836,37.359,21.024
RUS,Mercedes,36.0,0 days 00:01:19.952000,0 days 00:00:20.994000,0 days 00:00:38.069000,0 days 00:00:20.889000,HARD,36.0,1.0,,,1,12.0,False,2025,Monaco,R,79.952,20.994,38.069,20.889
RUS,Mercedes,37.0,0 days 00:01:18.925000,0 days 00:00:20.880000,0 days 00:00:37.099000,0 days 00:00:20.946000,HARD,37.0,1.0,,,12,11.0,False,2025,Monaco,R,78.925,20.88,37.099,20.946
RUS,Mercedes,38.0,0 days 00:01:18.468000,0 days 00:00:20.494000,0 days 00:00:36.974000,0 days 00:00:21,HARD,38.0,1.0,,,1,11.0,False,2025,Monaco,R,78.468,20.494,36.974,21.0
RUS,Mercedes,39.0,0 days 00:01:18.865000,0 days 00:00:20.742000,0 days 00:00:37.097000,0 days 00:00:21.026000,HARD,39.0,1.0,,,1,11.0,False,2025,Monaco,R,78.865,20.742,37.097,21.026
RUS,Mercedes,40.0,0 days 00:01:18.936000,0 days 00:00:20.728000,0 days 00:00:36.995000,0 days 00:00:21.213000,HARD,40.0,1.0,,,1,11.0,False,2025,Monaco,R,78.936,20.728,36.995,21.213
RUS,Mercedes,41.0,0 days 00:01:17.272000,0 days 00:00:20.534000,0 days 00:00:36.422000,0 days 00:00:20.316000,HARD,41.0,1.0,,,1,11.0,False,2025,Monaco,R,77.272,20.534,36.422,20.316
RUS,Mercedes,42.0,0 days 00:01:17.617000,0 days 00:00:20.161000,0 days 00:00:36.567000,0 days 00:00:20.889000,HARD,42.0,1.0,,,1,11.0,False,2025,Monaco,R,77.617,20.161,36.567,20.889
RUS,Mercedes,43.0,0 days 00:01:18.494000,0 days 00:00:20.530000,0 days 00:00:36.983000,0 days 00:00:20.981000,HARD,43.0,1.0,,,1,11.0,False,2025,Monaco,R,78.494,20.53,36.983,20.981
RUS,Mercedes,44.0,0 days 00:01:19.072000,0 days 00:00:20.512000,0 days 00:00:37.388000,0 days 00:00:21.172000,HARD,44.0,1.0,,,1,11.0,False,2025,Monaco,R,79.072,20.512,37.388,21.172
RUS,Mercedes,45.0,0 days 00:01:19.192000,0 days 00:00:20.690000,0 days 00:00:37.467000,0 days 00:00:21.035000,HARD,45.0,1.0,,,1,11.0,False,2025,Monaco,R,79.192,20.69,37.467,21.035
RUS,Mercedes,46.0,0 days 00:01:19.289000,0 days 00:00:20.824000,0 days 00:00:37.609000,0 days 00:00:20.856000,HARD,46.0,1.0,,,1,11.0,False,2025,Monaco,R,79.289,20.824,37.609,20.856
RUS,Mercedes,47.0,0 days 00:01:19.959000,0 days 00:00:20.890000,0 days 00:00:37.574000,0 days 00:00:21.495000,HARD,47.0,1.0,,,1,11.0,True,2025,Monaco,R,79.959,20.89,37.574,21.495
RUS,Mercedes,48.0,0 days 00:01:17.477000,0 days 00:00:20.963000,0 days 00:00:36.369000,0 days 00:00:20.145000,HARD,48.0,1.0,,,1,10.0,True,2025,Monaco,R,77.477,20.963,36.369,20.145
RUS,Mercedes,49.0,0 days 00:01:17.379000,0 days 00:00:20.306000,0 days 00:00:36.608000,0 days 00:00:20.465000,HARD,49.0,1.0,,,1,10.0,False,2025,Monaco,R,77.379,20.306,36.608,20.465
RUS,Mercedes,50.0,0 days 00:01:15.966000,0 days 00:00:19.888000,0 days 00:00:35.934000,0 days 00:00:20.144000,HARD,50.0,1.0,,,1,10.0,False,2025,Monaco,R,75.966,19.888,35.934,20.144
RUS,Mercedes,51.0,0 days 00:01:16.095000,0 days 00:00:19.789000,0 days 00:00:36.077000,0 days 00:00:20.229000,HARD,51.0,1.0,,,1,10.0,False,2025,Monaco,R,76.095,19.789,36.077,20.229
RUS,Mercedes,52.0,0 days 00:01:16.023000,0 days 00:00:19.699000,0 days 00:00:36.159000,0 days 00:00:20.165000,HARD,52.0,1.0,,,1,10.0,False,2025,Monaco,R,76.023,19.699,36.159,20.165
RUS,Mercedes,53.0,0 days 00:01:27.933000,0 days 00:00:19.740000,0 days 00:00:35.962000,0 days 00:00:32.231000,HARD,53.0,1.0,0 days 02:07:27.309000,,1,10.0,False,2025,Monaco,R,87.933,19.74,35.962,32.231
RUS,Mercedes,54.0,0 days 00:01:20.782000,0 days 00:00:23.611000,0 days 00:00:36.740000,0 days 00:00:20.431000,MEDIUM,1.0,2.0,,0 days 02:07:46.715000,1,10.0,False,2025,Monaco,R,80.782,23.611,36.74,20.431
RUS,Mercedes,55.0,0 days 00:01:16.455000,0 days 00:00:19.952000,0 days 00:00:36.278000,0 days 00:00:20.225000,MEDIUM,2.0,2.0,,,1,10.0,False,2025,Monaco,R,76.455,19.952,36.278,20.225
RUS,Mercedes,56.0,0 days 00:01:18.479000,0 days 00:00:19.942000,0 days 00:00:37.947000,0 days 00:00:20.590000,MEDIUM,3.0,2.0,,,1,10.0,False,2025,Monaco,R,78.479,19.942,37.947,20.59
RUS,Mercedes,57.0,0 days 00:01:16.715000,0 days 00:00:20.095000,0 days 00:00:36.321000,0 days 00:00:20.299000,MEDIUM,4.0,2.0,,,1,10.0,False,2025,Monaco,R,76.715,20.095,36.321,20.299
RUS,Mercedes,58.0,0 days 00:01:16.037000,0 days 00:00:19.934000,0 days 00:00:36.060000,0 days 00:00:20.043000,MEDIUM,5.0,2.0,,,1,10.0,False,2025,Monaco,R,76.037,19.934,36.06,20.043
RUS,Mercedes,59.0,0 days 00:01:16.082000,0 days 00:00:19.847000,0 days 00:00:35.970000,0 days 00:00:20.265000,MEDIUM,6.0,2.0,,,1,10.0,False,2025,Monaco,R,76.082,19.847,35.97,20.265
RUS,Mercedes,60.0,0 days 00:01:16.207000,0 days 00:00:19.809000,0 days 00:00:36.143000,0 days 00:00:20.255000,MEDIUM,7.0,2.0,,,1,10.0,False,2025,Monaco,R,76.207,19.809,36.143,20.255
RUS,Mercedes,61.0,0 days 00:01:15.998000,0 days 00:00:19.768000,0 days 00:00:36.192000,0 days 00:00:20.038000,MEDIUM,8.0,2.0,,,1,10.0,False,2025,Monaco,R,75.998,19.768,36.192,20.038
RUS,Mercedes,62.0,0 days 00:01:34.078000,0 days 00:00:19.745000,0 days 00:00:36.358000,0 days 00:00:37.975000,MEDIUM,9.0,2.0,0 days 02:19:12.534000,,1,11.0,False,2025,Monaco,R,94.078,19.745,36.358,37.975
RUS,Mercedes,63.0,0 days 00:01:17.761000,0 days 00:00:22.363000,0 days 00:00:35.650000,0 days 00:00:19.748000,MEDIUM,10.0,2.0,,0 days 02:19:37.454000,1,11.0,False,2025,Monaco,R,77.761,22.363,35.65,19.748
RUS,Mercedes,64.0,0 days 00:01:13.864000,0 days 00:00:19.359000,0 days 00:00:34.880000,0 days 00:00:19.625000,MEDIUM,11.0,2.0,,,1,11.0,False,2025,Monaco,R,73.864,19.359,34.88,19.625
RUS,Mercedes,65.0,0 days 00:01:14.280000,0 days 00:00:19.417000,0 days 00:00:35.078000,0 days 00:00:19.785000,MEDIUM,12.0,2.0,,,1,11.0,False,2025,Monaco,R,74.28,19.417,35.078,19.785
RUS,Mercedes,66.0,0 days 00:01:13.918000,0 days 00:00:19.286000,0 days 00:00:35.005000,0 days 00:00:19.627000,MEDIUM,13.0,2.0,,,1,11.0,False,2025,Monaco,R,73.918,19.286,35.005,19.627
RUS,Mercedes,67.0,0 days 00:01:13.483000,0 days 00:00:19.265000,0 days 00:00:34.728000,0 days 00:00:19.490000,MEDIUM,14.0,2.0,,,1,11.0,False,2025,Monaco,R,73.483,19.265,34.728,19.49
RUS,Mercedes,68.0,0 days 00:01:31.077000,0 days 00:00:19.230000,0 days 00:00:35.169000,0 days 00:00:36.678000,MEDIUM,15.0,2.0,0 days 02:26:57.920000,,1,11.0,False,2025,Monaco,R,91.077,19.23,35.169,36.678
RUS,Mercedes,69.0,0 days 00:01:18.119000,0 days 00:00:22.530000,0 days 00:00:35.801000,0 days 00:00:19.788000,HARD,1.0,3.0,,0 days 02:27:21.897000,1,11.0,False,2025,Monaco,R,78.119,22.53,35.801,19.788
RUS,Mercedes,70.0,0 days 00:01:14.303000,0 days 00:00:19.488000,0 days 00:00:35.161000,0 days 00:00:19.654000,HARD,2.0,3.0,,,1,11.0,False,2025,Monaco,R,74.303,19.488,35.161,19.654
RUS,Mercedes,71.0,0 days 00:01:14.053000,0 days 00:00:19.419000,0 days 00:00:35.042000,0 days 00:00:19.592000,HARD,3.0,3.0,,,1,11.0,False,2025,Monaco,R,74.053,19.419,35.042,19.592
RUS,Mercedes,72.0,0 days 00:01:13.865000,0 days 00:00:19.322000,0 days 00:00:34.965000,0 days 00:00:19.578000,HARD,4.0,3.0,,,1,11.0,False,2025,Monaco,R,73.865,19.322,34.965,19.578
RUS,Mercedes,73.0,0 days 00:01:13.596000,0 days 00:00:19.296000,0 days 00:00:34.733000,0 days 00:00:19.567000,HARD,5.0,3.0,,,1,11.0,False,2025,Monaco,R,73.596,19.296,34.733,19.567
RUS,Mercedes,74.0,0 days 00:01:13.405000,0 days 00:00:19.211000,0 days 00:00:34.690000,0 days 00:00:19.504000,HARD,6.0,3.0,,,1,11.0,False,2025,Monaco,R,73.405,19.211,34.69,19.504
RUS,Mercedes,75.0,0 days 00:01:13.773000,0 days 00:00:19.292000,0 days 00:00:34.746000,0 days 00:00:19.735000,HARD,7.0,3.0,,,1,11.0,False,2025,Monaco,R,73.773,19.292,34.746,19.735
RUS,Mercedes,76.0,0 days 00:01:14.490000,0 days 00:00:19.412000,0 days 00:00:35.040000,0 days 00:00:20.038000,HARD,8.0,3.0,,,1,11.0,False,2025,Monaco,R,74.49,19.412,35.04,20.038
PIA,McLaren,1.0,0 days 00:01:26.141000,,0 days 00:00:38.340000,0 days 00:00:21.619000,MEDIUM,1.0,1.0,,,12,3.0,False,2025,Monaco,R,86.141,,38.34,21.619
PIA,McLaren,2.0,0 days 00:01:46.466000,0 days 00:00:34.039000,0 days 00:00:45.860000,0 days 00:00:26.567000,MEDIUM,2.0,1.0,,,16,3.0,False,2025,Monaco,R,106.466,34.039,45.86,26.567
PIA,McLaren,3.0,0 days 00:01:48.176000,0 days 00:00:31.667000,0 days 00:00:47.650000,0 days 00:00:28.859000,MEDIUM,3.0,1.0,,,6,3.0,False,2025,Monaco,R,108.176,31.667,47.65,28.859
PIA,McLaren,4.0,0 days 00:01:40.676000,0 days 00:00:31.527000,0 days 00:00:47.809000,0 days 00:00:21.340000,MEDIUM,4.0,1.0,,,671,3.0,False,2025,Monaco,R,100.676,31.527,47.809,21.34
PIA,McLaren,5.0,0 days 00:01:20.048000,0 days 00:00:20.991000,0 days 00:00:37.756000,0 days 00:00:21.301000,MEDIUM,5.0,1.0,,,1,3.0,False,2025,Monaco,R,80.048,20.991,37.756,21.301
PIA,McLaren,6.0,0 days 00:01:19.793000,0 days 00:00:20.928000,0 days 00:00:37.577000,0 days 00:00:21.288000,MEDIUM,6.0,1.0,,,1,3.0,False,2025,Monaco,R,79.793,20.928,37.577,21.288
PIA,McLaren,7.0,0 days 00:01:19.261000,0 days 00:00:20.688000,0 days 00:00:37.373000,0 days 00:00:21.200000,MEDIUM,7.0,1.0,,,1,3.0,False,2025,Monaco,R,79.261,20.688,37.373,21.2
PIA,McLaren,8.0,0 days 00:01:18.029000,0 days 00:00:20.392000,0 days 00:00:36.990000,0 days 00:00:20.647000,MEDIUM,8.0,1.0,,,12,3.0,False,2025,Monaco,R,78.029,20.392,36.99,20.647
PIA,McLaren,9.0,0 days 00:01:22.281000,0 days 00:00:20.243000,0 days 00:00:40.930000,0 days 00:00:21.108000,MEDIUM,9.0,1.0,,,2,3.0,False,2025,Monaco,R,82.281,20.243,40.93,21.108
PIA,McLaren,10.0,0 days 00:01:19.160000,0 days 00:00:20.161000,0 days 00:00:38.417000,0 days 00:00:20.582000,MEDIUM,10.0,1.0,,,2,3.0,False,2025,Monaco,R,79.16,20.161,38.417,20.582
PIA,McLaren,11.0,0 days 00:01:17.335000,0 days 00:00:19.958000,0 days 00:00:36.973000,0 days 00:00:20.404000,MEDIUM,11.0,1.0,,,21,3.0,False,2025,Monaco,R,77.335,19.958,36.973,20.404
PIA,McLaren,12.0,0 days 00:01:17.393000,0 days 00:00:20.349000,0 days 00:00:36.354000,0 days 00:00:20.690000,MEDIUM,12.0,1.0,,,1,3.0,False,2025,Monaco,R,77.393,20.349,36.354,20.69
PIA,McLaren,13.0,0 days 00:01:16.748000,0 days 00:00:20.083000,0 days 00:00:36.218000,0 days 00:00:20.447000,MEDIUM,13.0,1.0,,,1,3.0,False,2025,Monaco,R,76.748,20.083,36.218,20.447
PIA,McLaren,14.0,0 days 00:01:16.412000,0 days 00:00:19.907000,0 days 00:00:36.040000,0 days 00:00:20.465000,MEDIUM,14.0,1.0,,,1,3.0,False,2025,Monaco,R,76.412,19.907,36.04,20.465
PIA,McLaren,15.0,0 days 00:01:15.522000,0 days 00:00:19.659000,0 days 00:00:35.481000,0 days 00:00:20.382000,MEDIUM,15.0,1.0,,,1,3.0,False,2025,Monaco,R,75.522,19.659,35.481,20.382
PIA,McLaren,16.0,0 days 00:01:15.643000,0 days 00:00:19.859000,0 days 00:00:35.629000,0 days 00:00:20.155000,MEDIUM,16.0,1.0,,,1,3.0,False,2025,Monaco,R,75.643,19.859,35.629,20.155
PIA,McLaren,17.0,0 days 00:01:15.457000,0 days 00:00:19.901000,0 days 00:00:35.528000,0 days 00:00:20.028000,MEDIUM,17.0,1.0,,,1,3.0,False,2025,Monaco,R,75.457,19.901,35.528,20.028
PIA,McLaren,18.0,0 days 00:01:14.934000,0 days 00:00:19.613000,0 days 00:00:35.306000,0 days 00:00:20.015000,MEDIUM,18.0,1.0,,,1,3.0,False,2025,Monaco,R,74.934,19.613,35.306,20.015
PIA,McLaren,19.0,0 days 00:01:15.049000,0 days 00:00:19.742000,0 days 00:00:35.276000,0 days 00:00:20.031000,MEDIUM,19.0,1.0,,,1,2.0,False,2025,Monaco,R,75.049,19.742,35.276,20.031
PIA,McLaren,20.0,0 days 00:01:33.720000,0 days 00:00:19.728000,0 days 00:00:35.365000,0 days 00:00:38.627000,MEDIUM,20.0,1.0,0 days 01:23:22.299000,,1,4.0,False,2025,Monaco,R,93.72,19.728,35.365,38.627
PIA,McLaren,21.0,0 days 00:01:18.014000,0 days 00:00:22.592000,0 days 00:00:35.549000,0 days 00:00:19.873000,HARD,1.0,2.0,,0 days 01:23:48.158000,1,4.0,False,2025,Monaco,R,78.014,22.592,35.549,19.873
PIA,McLaren,22.0,0 days 00:01:13.818000,0 days 00:00:19.471000,0 days 00:00:34.823000,0 days 00:00:19.524000,HARD,2.0,2.0,,,1,4.0,False,2025,Monaco,R,73.818,19.471,34.823,19.524
PIA,McLaren,23.0,0 days 00:01:17.790000,0 days 00:00:20.336000,0 days 00:00:37.090000,0 days 00:00:20.364000,HARD,3.0,2.0,,,1,4.0,False,2025,Monaco,R,77.79,20.336,37.09,20.364
PIA,McLaren,24.0,0 days 00:01:15.487000,0 days 00:00:19.596000,0 days 00:00:35.585000,0 days 00:00:20.306000,HARD,4.0,2.0,,,1,4.0,False,2025,Monaco,R,75.487,19.596,35.585,20.306
PIA,McLaren,25.0,0 days 00:01:14.940000,0 days 00:00:19.572000,0 days 00:00:35.376000,0 days 00:00:19.992000,HARD,5.0,2.0,,,1,4.0,False,2025,Monaco,R,74.94,19.572,35.376,19.992
PIA,McLaren,26.0,0 days 00:01:14.960000,0 days 00:00:19.673000,0 days 00:00:35.504000,0 days 00:00:19.783000,HARD,6.0,2.0,,,1,4.0,False,2025,Monaco,R,74.96,19.673,35.504,19.783
PIA,McLaren,27.0,0 days 00:01:14.772000,0 days 00:00:19.462000,0 days 00:00:35.412000,0 days 00:00:19.898000,HARD,7.0,2.0,,,1,4.0,False,2025,Monaco,R,74.772,19.462,35.412,19.898
PIA,McLaren,28.0,0 days 00:01:15.556000,0 days 00:00:19.964000,0 days 00:00:35.538000,0 days 00:00:20.054000,HARD,8.0,2.0,,,1,3.0,False,2025,Monaco,R,75.556,19.964,35.538,20.054
PIA,McLaren,29.0,0 days 00:01:14.736000,0 days 00:00:19.660000,0 days 00:00:35.330000,0 days 00:00:19.746000,HARD,9.0,2.0,,,1,3.0,False,2025,Monaco,R,74.736,19.66,35.33,19.746
PIA,McLaren,30.0,0 days 00:01:14.868000,0 days 00:00:19.704000,0 days 00:00:35.311000,0 days 00:00:19.853000,HARD,10.0,2.0,,,1,3.0,False,2025,Monaco,R,74.868,19.704,35.311,19.853
PIA,McLaren,31.0,0 days 00:01:15.735000,0 days 00:00:19.918000,0 days 00:00:35.658000,0 days 00:00:20.159000,HARD,11.0,2.0,,,1,3.0,False,2025,Monaco,R,75.735,19.918,35.658,20.159
PIA,McLaren,32.0,0 days 00:01:16.822000,0 days 00:00:20.047000,0 days 00:00:36.224000,0 days 00:00:20.551000,HARD,12.0,2.0,,,1,3.0,False,2025,Monaco,R,76.822,20.047,36.224,20.551
PIA,McLaren,33.0,0 days 00:01:16.325000,0 days 00:00:20.313000,0 days 00:00:35.811000,0 days 00:00:20.201000,HARD,13.0,2.0,,,1,3.0,False,2025,Monaco,R,76.325,20.313,35.811,20.201
PIA,McLaren,34.0,0 days 00:01:15.947000,0 days 00:00:19.905000,0 days 00:00:36.040000,0 days 00:00:20.002000,HARD,14.0,2.0,,,1,3.0,False,2025,Monaco,R,75.947,19.905,36.04,20.002
PIA,McLaren,35.0,0 days 00:01:14.819000,0 days 00:00:19.711000,0 days 00:00:35.286000,0 days 00:00:19.822000,HARD,15.0,2.0,,,1,3.0,False,2025,Monaco,R,74.819,19.711,35.286,19.822
PIA,McLaren,36.0,0 days 00:01:15.107000,0 days 00:00:19.733000,0 days 00:00:35.397000,0 days 00:00:19.977000,HARD,16.0,2.0,,,1,3.0,False,2025,Monaco,R,75.107,19.733,35.397,19.977
PIA,McLaren,37.0,0 days 00:01:15.396000,0 days 00:00:19.961000,0 days 00:00:35.652000,0 days 00:00:19.783000,HARD,17.0,2.0,,,1,3.0,False,2025,Monaco,R,75.396,19.961,35.652,19.783
PIA,McLaren,38.0,0 days 00:01:14.475000,0 days 00:00:19.590000,0 days 00:00:35.123000,0 days 00:00:19.762000,HARD,18.0,2.0,,,12,3.0,False,2025,Monaco,R,74.475,19.59,35.123,19.762
PIA,McLaren,39.0,0 days 00:01:14.594000,0 days 00:00:19.719000,0 days 00:00:35.247000,0 days 00:00:19.628000,HARD,19.0,2.0,,,1,3.0,False,2025,Monaco,R,74.594,19.719,35.247,19.628
PIA,McLaren,40.0,0 days 00:01:14.344000,0 days 00:00:19.545000,0 days 00:00:35.107000,0 days 00:00:19.692000,HARD,20.0,2.0,,,1,3.0,False,2025,Monaco,R,74.344,19.545,35.107,19.692
PIA,McLaren,41.0,0 days 00:01:14.297000,0 days 00:00:19.593000,0 days 00:00:35.043000,0 days 00:00:19.661000,HARD,21.0,2.0,,,1,3.0,False,2025,Monaco,R,74.297,19.593,35.043,19.661
PIA,McLaren,42.0,0 days 00:01:14.137000,0 days 00:00:19.549000,0 days 00:00:34.932000,0 days 00:00:19.656000,HARD,22.0,2.0,,,1,3.0,False,2025,Monaco,R,74.137,19.549,34.932,19.656
PIA,McLaren,43.0,0 days 00:01:15.181000,0 days 00:00:19.945000,0 days 00:00:35.430000,0 days 00:00:19.806000,HARD,23.0,2.0,,,1,3.0,False,2025,Monaco,R,75.181,19.945,35.43,19.806
PIA,McLaren,44.0,0 days 00:01:14.676000,0 days 00:00:19.592000,0 days 00:00:35.189000,0 days 00:00:19.895000,HARD,24.0,2.0,,,1,3.0,False,2025,Monaco,R,74.676,19.592,35.189,19.895
PIA,McLaren,45.0,0 days 00:01:15.124000,0 days 00:00:19.641000,0 days 00:00:35.314000,0 days 00:00:20.169000,HARD,25.0,2.0,,,1,3.0,False,2025,Monaco,R,75.124,19.641,35.314,20.169
PIA,McLaren,46.0,0 days 00:01:14.875000,0 days 00:00:19.650000,0 days 00:00:35.224000,0 days 00:00:20.001000,HARD,26.0,2.0,,,1,3.0,False,2025,Monaco,R,74.875,19.65,35.224,20.001
PIA,McLaren,47.0,0 days 00:01:14.092000,0 days 00:00:19.437000,0 days 00:00:34.965000,0 days 00:00:19.690000,HARD,27.0,2.0,,,1,3.0,False,2025,Monaco,R,74.092,19.437,34.965,19.69
PIA,McLaren,48.0,0 days 00:01:31.028000,0 days 00:00:19.507000,0 days 00:00:35.054000,0 days 00:00:36.467000,HARD,28.0,2.0,0 days 01:58:46.120000,,1,4.0,False,2025,Monaco,R,91.028,19.507,35.054,36.467
PIA,McLaren,49.0,0 days 00:01:18.461000,0 days 00:00:22.763000,0 days 00:00:35.937000,0 days 00:00:19.761000,HARD,1.0,3.0,,0 days 01:59:10.050000,1,4.0,False,2025,Monaco,R,78.461,22.763,35.937,19.761
PIA,McLaren,50.0,0 days 00:01:14.121000,0 days 00:00:19.600000,0 days 00:00:35.031000,0 days 00:00:19.490000,HARD,2.0,3.0,,,1,4.0,False,2025,Monaco,R,74.121,19.6,35.031,19.49
PIA,McLaren,51.0,0 days 00:01:14.713000,0 days 00:00:19.553000,0 days 00:00:35.417000,0 days 00:00:19.743000,HARD,3.0,3.0,,,1,4.0,False,2025,Monaco,R,74.713,19.553,35.417,19.743
PIA,McLaren,52.0,0 days 00:01:14.087000,0 days 00:00:19.495000,0 days 00:00:35.077000,0 days 00:00:19.515000,HARD,4.0,3.0,,,1,4.0,False,2025,Monaco,R,74.087,19.495,35.077,19.515
PIA,McLaren,53.0,0 days 00:01:14.004000,0 days 00:00:19.488000,0 days 00:00:34.923000,0 days 00:00:19.593000,HARD,5.0,3.0,,,1,4.0,False,2025,Monaco,R,74.004,19.488,34.923,19.593
PIA,McLaren,54.0,0 days 00:01:14.703000,0 days 00:00:19.494000,0 days 00:00:35.193000,0 days 00:00:20.016000,HARD,6.0,3.0,,,1,4.0,False,2025,Monaco,R,74.703,19.494,35.193,20.016
PIA,McLaren,55.0,0 days 00:01:16.244000,0 days 00:00:19.588000,0 days 00:00:36.149000,0 days 00:00:20.507000,HARD,7.0,3.0,,,1,4.0,False,2025,Monaco,R,76.244,19.588,36.149,20.507
PIA,McLaren,56.0,0 days 00:01:15.113000,0 days 00:00:19.647000,0 days 00:00:35.685000,0 days 00:00:19.781000,HARD,8.0,3.0,,,1,4.0,False,2025,Monaco,R,75.113,19.647,35.685,19.781
PIA,McLaren,57.0,0 days 00:01:14.810000,0 days 00:00:19.566000,0 days 00:00:35.210000,0 days 00:00:20.034000,HARD,9.0,3.0,,,1,4.0,False,2025,Monaco,R,74.81,19.566,35.21,20.034
PIA,McLaren,58.0,0 days 00:01:14.830000,0 days 00:00:19.430000,0 days 00:00:35.583000,0 days 00:00:19.817000,HARD,10.0,3.0,,,1,4.0,False,2025,Monaco,R,74.83,19.43,35.583,19.817
PIA,McLaren,59.0,0 days 00:01:13.916000,0 days 00:00:19.441000,0 days 00:00:34.975000,0 days 00:00:19.500000,HARD,11.0,3.0,,,1,4.0,False,2025,Monaco,R,73.916,19.441,34.975,19.5
PIA,McLaren,60.0,0 days 00:01:13.745000,0 days 00:00:19.388000,0 days 00:00:34.787000,0 days 00:00:19.570000,HARD,12.0,3.0,,,1,4.0,False,2025,Monaco,R,73.745,19.388,34.787,19.57
PIA,McLaren,61.0,0 days 00:01:14.485000,0 days 00:00:19.609000,0 days 00:00:35.308000,0 days 00:00:19.568000,HARD,13.0,3.0,,,1,4.0,False,2025,Monaco,R,74.485,19.609,35.308,19.568
PIA,McLaren,62.0,0 days 00:01:15.213000,0 days 00:00:19.766000,0 days 00:00:35.648000,0 days 00:00:19.799000,HARD,14.0,3.0,,,1,4.0,False,2025,Monaco,R,75.213,19.766,35.648,19.799
PIA,McLaren,63.0,0 days 00:01:14.381000,0 days 00:00:19.413000,0 days 00:00:35.218000,0 days 00:00:19.750000,HARD,15.0,3.0,,,1,4.0,False,2025,Monaco,R,74.381,19.413,35.218,19.75
PIA,McLaren,64.0,0 days 00:01:15.204000,0 days 00:00:19.632000,0 days 00:00:35.718000,0 days 00:00:19.854000,HARD,16.0,3.0,,,1,4.0,False,2025,Monaco,R,75.204,19.632,35.718,19.854
PIA,McLaren,65.0,0 days 00:01:14.661000,0 days 00:00:19.584000,0 days 00:00:35.332000,0 days 00:00:19.745000,HARD,17.0,3.0,,,1,4.0,False,2025,Monaco,R,74.661,19.584,35.332,19.745
PIA,McLaren,66.0,0 days 00:01:15.106000,0 days 00:00:19.756000,0 days 00:00:35.453000,0 days 00:00:19.897000,HARD,18.0,3.0,,,1,4.0,False,2025,Monaco,R,75.106,19.756,35.453,19.897
PIA,McLaren,67.0,0 days 00:01:15.014000,0 days 00:00:19.698000,0 days 00:00:35.531000,0 days 00:00:19.785000,HARD,19.0,3.0,,,1,4.0,False,2025,Monaco,R,75.014,19.698,35.531,19.785
PIA,McLaren,68.0,0 days 00:01:15.260000,0 days 00:00:19.799000,0 days 00:00:35.538000,0 days 00:00:19.923000,HARD,20.0,3.0,,,1,4.0,False,2025,Monaco,R,75.26,19.799,35.538,19.923
PIA,McLaren,69.0,0 days 00:01:15.638000,0 days 00:00:19.802000,0 days 00:00:35.773000,0 days 00:00:20.063000,HARD,21.0,3.0,,,1,4.0,False,2025,Monaco,R,75.638,19.802,35.773,20.063
PIA,McLaren,70.0,0 days 00:01:15.899000,0 days 00:00:19.878000,0 days 00:00:35.900000,0 days 00:00:20.121000,HARD,22.0,3.0,,,1,4.0,False,2025,Monaco,R,75.899,19.878,35.9,20.121
PIA,McLaren,71.0,0 days 00:01:15.595000,0 days 00:00:19.854000,0 days 00:00:35.740000,0 days 00:00:20.001000,HARD,23.0,3.0,,,1,4.0,False,2025,Monaco,R,75.595,19.854,35.74,20.001
PIA,McLaren,72.0,0 days 00:01:16.141000,0 days 00:00:19.782000,0 days 00:00:36.017000,0 days 00:00:20.342000,HARD,24.0,3.0,,,1,4.0,False,2025,Monaco,R,76.141,19.782,36.017,20.342
PIA,McLaren,73.0,0 days 00:01:16.214000,0 days 00:00:19.997000,0 days 00:00:35.932000,0 days 00:00:20.285000,HARD,25.0,3.0,,,1,4.0,False,2025,Monaco,R,76.214,19.997,35.932,20.285
PIA,McLaren,74.0,0 days 00:01:16.193000,0 days 00:00:19.885000,0 days 00:00:35.966000,0 days 00:00:20.342000,HARD,26.0,3.0,,,1,4.0,False,2025,Monaco,R,76.193,19.885,35.966,20.342
PIA,McLaren,75.0,0 days 00:01:16.139000,0 days 00:00:19.950000,0 days 00:00:35.959000,0 days 00:00:20.230000,HARD,27.0,3.0,,,1,4.0,False,2025,Monaco,R,76.139,19.95,35.959,20.23
PIA,McLaren,76.0,0 days 00:01:15.909000,0 days 00:00:19.837000,0 days 00:00:35.742000,0 days 00:00:20.330000,HARD,28.0,3.0,,,1,4.0,False,2025,Monaco,R,75.909,19.837,35.742,20.33
PIA,McLaren,77.0,0 days 00:01:16.523000,0 days 00:00:19.877000,0 days 00:00:36.311000,0 days 00:00:20.335000,HARD,29.0,3.0,,,1,3.0,False,2025,Monaco,R,76.523,19.877,36.311,20.335
PIA,McLaren,78.0,0 days 00:01:15.020000,0 days 00:00:19.798000,0 days 00:00:35.361000,0 days 00:00:19.861000,HARD,30.0,3.0,,,1,3.0,False,2025,Monaco,R,75.02,19.798,35.361,19.861
BEA,Haas F1 Team,1.0,0 days 00:02:19.932000,,0 days 00:00:42.114000,0 days 00:01:04.803000,MEDIUM,1.0,1.0,0 days 00:57:39.578000,,126,19.0,False,2025,Monaco,R,139.932,,42.114,64.803
BEA,Haas F1 Team,2.0,0 days 00:01:50.654000,0 days 00:00:31.873000,0 days 00:00:49.013000,0 days 00:00:29.768000,HARD,1.0,2.0,,0 days 00:58:29.747000,6,19.0,False,2025,Monaco,R,110.654,31.873,49.013,29.768
BEA,Haas F1 Team,3.0,0 days 00:01:50.334000,0 days 00:00:30.303000,0 days 00:00:49.245000,0 days 00:00:30.786000,HARD,2.0,2.0,,,6,19.0,False,2025,Monaco,R,110.334,30.303,49.245,30.786
BEA,Haas F1 Team,4.0,0 days 00:01:22.127000,0 days 00:00:25.405000,0 days 00:00:36.559000,0 days 00:00:20.163000,HARD,3.0,2.0,,,671,19.0,False,2025,Monaco,R,82.127,25.405,36.559,20.163
BEA,Haas F1 Team,5.0,0 days 00:01:15.576000,0 days 00:00:20.059000,0 days 00:00:35.746000,0 days 00:00:19.771000,HARD,4.0,2.0,,,1,19.0,False,2025,Monaco,R,75.576,20.059,35.746,19.771
BEA,Haas F1 Team,6.0,0 days 00:01:14.855000,0 days 00:00:19.719000,0 days 00:00:35.412000,0 days 00:00:19.724000,HARD,5.0,2.0,,,1,19.0,False,2025,Monaco,R,74.855,19.719,35.412,19.724
BEA,Haas F1 Team,7.0,0 days 00:01:15.058000,0 days 00:00:19.736000,0 days 00:00:35.502000,0 days 00:00:19.820000,HARD,6.0,2.0,,,1,19.0,False,2025,Monaco,R,75.058,19.736,35.502,19.82
BEA,Haas F1 Team,8.0,0 days 00:01:18.303000,0 days 00:00:19.782000,0 days 00:00:37.095000,0 days 00:00:21.426000,HARD,7.0,2.0,,,12,18.0,False,2025,Monaco,R,78.303,19.782,37.095,21.426
BEA,Haas F1 Team,9.0,0 days 00:01:16.467000,0 days 00:00:19.799000,0 days 00:00:36.351000,0 days 00:00:20.317000,HARD,8.0,2.0,,,2,18.0,False,2025,Monaco,R,76.467,19.799,36.351,20.317
BEA,Haas F1 Team,10.0,0 days 00:01:19.555000,0 days 00:00:20.089000,0 days 00:00:38.146000,0 days 00:00:21.320000,HARD,9.0,2.0,,,2,18.0,False,2025,Monaco,R,79.555,20.089,38.146,21.32
BEA,Haas F1 Team,11.0,0 days 00:01:20.017000,0 days 00:00:20.767000,0 days 00:00:37.739000,0 days 00:00:21.511000,HARD,10.0,2.0,,,21,18.0,False,2025,Monaco,R,80.017,20.767,37.739,21.511
BEA,Haas F1 Team,12.0,0 days 00:01:19.401000,0 days 00:00:20.832000,0 days 00:00:37.372000,0 days 00:00:21.197000,HARD,11.0,2.0,,,1,17.0,False,2025,Monaco,R,79.401,20.832,37.372,21.197
BEA,Haas F1 Team,13.0,0 days 00:01:19.680000,0 days 00:00:21.010000,0 days 00:00:37.726000,0 days 00:00:20.944000,HARD,12.0,2.0,,,1,16.0,False,2025,Monaco,R,79.68,21.01,37.726,20.944
BEA,Haas F1 Team,14.0,0 days 00:01:18.386000,0 days 00:00:20.584000,0 days 00:00:36.922000,0 days 00:00:20.880000,HARD,13.0,2.0,,,1,16.0,False,2025,Monaco,R,78.386,20.584,36.922,20.88
BEA,Haas F1 Team,15.0,0 days 00:01:19.194000,0 days 00:00:20.737000,0 days 00:00:37.281000,0 days 00:00:21.176000,HARD,14.0,2.0,,,1,16.0,False,2025,Monaco,R,79.194,20.737,37.281,21.176
BEA,Haas F1 Team,16.0,0 days 00:01:20.638000,0 days 00:00:20.815000,0 days 00:00:37.751000,0 days 00:00:22.072000,HARD,15.0,2.0,,,1,16.0,False,2025,Monaco,R,80.638,20.815,37.751,22.072
BEA,Haas F1 Team,17.0,0 days 00:01:37.866000,0 days 00:00:20.871000,0 days 00:00:38.203000,0 days 00:00:38.792000,HARD,16.0,2.0,0 days 01:20:23.516000,,1,19.0,False,2025,Monaco,R,97.866,20.871,38.203,38.792
BEA,Haas F1 Team,18.0,0 days 00:01:18.426000,0 days 00:00:22.546000,0 days 00:00:35.656000,0 days 00:00:20.224000,MEDIUM,1.0,3.0,,0 days 01:20:47.949000,1,19.0,False,2025,Monaco,R,78.426,22.546,35.656,20.224
BEA,Haas F1 Team,19.0,0 days 00:01:16.285000,0 days 00:00:20.239000,0 days 00:00:35.836000,0 days 00:00:20.210000,MEDIUM,2.0,3.0,,,1,19.0,False,2025,Monaco,R,76.285,20.239,35.836,20.21
BEA,Haas F1 Team,20.0,0 days 00:01:16.530000,0 days 00:00:20.221000,0 days 00:00:35.927000,0 days 00:00:20.382000,MEDIUM,3.0,3.0,,,1,19.0,False,2025,Monaco,R,76.53,20.221,35.927,20.382
BEA,Haas F1 Team,21.0,0 days 00:01:17.189000,0 days 00:00:20.282000,0 days 00:00:36.288000,0 days 00:00:20.619000,MEDIUM,4.0,3.0,,,1,19.0,False,2025,Monaco,R,77.189,20.282,36.288,20.619
BEA,Haas F1 Team,22.0,0 days 00:01:16.562000,0 days 00:00:20.098000,0 days 00:00:35.991000,0 days 00:00:20.473000,MEDIUM,5.0,3.0,,,1,19.0,False,2025,Monaco,R,76.562,20.098,35.991,20.473
BEA,Haas F1 Team,23.0,0 days 00:01:16.542000,0 days 00:00:20.116000,0 days 00:00:36.085000,0 days 00:00:20.341000,MEDIUM,6.0,3.0,,,1,19.0,False,2025,Monaco,R,76.542,20.116,36.085,20.341
BEA,Haas F1 Team,24.0,0 days 00:01:17.056000,0 days 00:00:20.147000,0 days 00:00:36.396000,0 days 00:00:20.513000,MEDIUM,7.0,3.0,,,1,19.0,False,2025,Monaco,R,77.056,20.147,36.396,20.513
BEA,Haas F1 Team,25.0,0 days 00:01:18.369000,0 days 00:00:20.168000,0 days 00:00:36.344000,0 days 00:00:21.857000,MEDIUM,8.0,3.0,,,1,19.0,False,2025,Monaco,R,78.369,20.168,36.344,21.857
BEA,Haas F1 Team,26.0,0 days 00:01:18.034000,0 days 00:00:20.397000,0 days 00:00:35.922000,0 days 00:00:21.715000,MEDIUM,9.0,3.0,,,1,17.0,False,2025,Monaco,R,78.034,20.397,35.922,21.715
BEA,Haas F1 Team,27.0,0 days 00:01:17,0 days 00:00:20.347000,0 days 00:00:36.217000,0 days 00:00:20.436000,MEDIUM,10.0,3.0,,,1,17.0,False,2025,Monaco,R,77.0,20.347,36.217,20.436
BEA,Haas F1 Team,28.0,0 days 00:01:17.126000,0 days 00:00:19.849000,0 days 00:00:36.274000,0 days 00:00:21.003000,MEDIUM,11.0,3.0,,,1,17.0,False,2025,Monaco,R,77.126,19.849,36.274,21.003
BEA,Haas F1 Team,29.0,0 days 00:01:21.565000,0 days 00:00:21.657000,0 days 00:00:37.251000,0 days 00:00:22.657000,MEDIUM,12.0,3.0,,,1,17.0,False,2025,Monaco,R,81.565,21.657,37.251,22.657
BEA,Haas F1 Team,30.0,0 days 00:01:18.778000,0 days 00:00:21.050000,0 days 00:00:36.419000,0 days 00:00:21.309000,MEDIUM,13.0,3.0,,,1,17.0,False,2025,Monaco,R,78.778,21.05,36.419,21.309
BEA,Haas F1 Team,31.0,0 days 00:01:19.927000,0 days 00:00:21.651000,0 days 00:00:37.135000,0 days 00:00:21.141000,MEDIUM,14.0,3.0,,,1,17.0,False,2025,Monaco,R,79.927,21.651,37.135,21.141
BEA,Haas F1 Team,32.0,0 days 00:01:20.227000,0 days 00:00:21.452000,0 days 00:00:37.293000,0 days 00:00:21.482000,MEDIUM,15.0,3.0,,,1,17.0,False,2025,Monaco,R,80.227,21.452,37.293,21.482
BEA,Haas F1 Team,33.0,0 days 00:01:18.784000,0 days 00:00:20.359000,0 days 00:00:36.752000,0 days 00:00:21.673000,MEDIUM,16.0,3.0,,,1,17.0,False,2025,Monaco,R,78.784,20.359,36.752,21.673
BEA,Haas F1 Team,34.0,0 days 00:01:19.725000,0 days 00:00:20.863000,0 days 00:00:37.773000,0 days 00:00:21.089000,MEDIUM,17.0,3.0,,,1,17.0,False,2025,Monaco,R,79.725,20.863,37.773,21.089
BEA,Haas F1 Team,35.0,0 days 00:01:18.006000,0 days 00:00:20.193000,0 days 00:00:36.625000,0 days 00:00:21.188000,MEDIUM,18.0,3.0,,,1,17.0,False,2025,Monaco,R,78.006,20.193,36.625,21.188
BEA,Haas F1 Team,36.0,0 days 00:01:19.059000,0 days 00:00:20.575000,0 days 00:00:37.299000,0 days 00:00:21.185000,MEDIUM,19.0,3.0,,,1,17.0,False,2025,Monaco,R,79.059,20.575,37.299,21.185
BEA,Haas F1 Team,37.0,0 days 00:01:18.885000,0 days 00:00:20.395000,0 days 00:00:37.292000,0 days 00:00:21.198000,MEDIUM,20.0,3.0,,,12,16.0,False,2025,Monaco,R,78.885,20.395,37.292,21.198
BEA,Haas F1 Team,38.0,0 days 00:01:18.333000,0 days 00:00:20.366000,0 days 00:00:36.990000,0 days 00:00:20.977000,MEDIUM,21.0,3.0,,,1,16.0,False,2025,Monaco,R,78.333,20.366,36.99,20.977
BEA,Haas F1 Team,39.0,0 days 00:01:18.791000,0 days 00:00:20.790000,0 days 00:00:36.868000,0 days 00:00:21.133000,MEDIUM,22.0,3.0,,,1,16.0,False,2025,Monaco,R,78.791,20.79,36.868,21.133
BEA,Haas F1 Team,40.0,0 days 00:01:18.768000,0 days 00:00:20.406000,0 days 00:00:37.307000,0 days 00:00:21.055000,MEDIUM,23.0,3.0,,,1,16.0,False,2025,Monaco,R,78.768,20.406,37.307,21.055
BEA,Haas F1 Team,41.0,0 days 00:01:18.741000,0 days 00:00:20.404000,0 days 00:00:37.170000,0 days 00:00:21.167000,MEDIUM,24.0,3.0,,,1,16.0,False,2025,Monaco,R,78.741,20.404,37.17,21.167
BEA,Haas F1 Team,42.0,0 days 00:01:17.424000,0 days 00:00:20.186000,0 days 00:00:36.643000,0 days 00:00:20.595000,MEDIUM,25.0,3.0,,,1,16.0,False,2025,Monaco,R,77.424,20.186,36.643,20.595
BEA,Haas F1 Team,43.0,0 days 00:01:17.648000,0 days 00:00:20.070000,0 days 00:00:36.628000,0 days 00:00:20.950000,MEDIUM,26.0,3.0,,,1,16.0,False,2025,Monaco,R,77.648,20.07,36.628,20.95
BEA,Haas F1 Team,44.0,0 days 00:01:18.511000,0 days 00:00:20.384000,0 days 00:00:37.091000,0 days 00:00:21.036000,MEDIUM,27.0,3.0,,,1,15.0,False,2025,Monaco,R,78.511,20.384,37.091,21.036
BEA,Haas F1 Team,45.0,0 days 00:01:19.057000,0 days 00:00:20.513000,0 days 00:00:37.519000,0 days 00:00:21.025000,MEDIUM,28.0,3.0,,,1,15.0,False,2025,Monaco,R,79.057,20.513,37.519,21.025
BEA,Haas F1 Team,46.0,0 days 00:01:19.294000,0 days 00:00:20.344000,0 days 00:00:37.578000,0 days 00:00:21.372000,MEDIUM,29.0,3.0,,,1,15.0,False,2025,Monaco,R,79.294,20.344,37.578,21.372
BEA,Haas F1 Team,47.0,0 days 00:01:20.078000,0 days 00:00:21.138000,0 days 00:00:37.733000,0 days 00:00:21.207000,MEDIUM,30.0,3.0,,,1,15.0,False,2025,Monaco,R,80.078,21.138,37.733,21.207
BEA,Haas F1 Team,48.0,0 days 00:01:18.965000,0 days 00:00:20.266000,0 days 00:00:37.652000,0 days 00:00:21.047000,MEDIUM,31.0,3.0,,,1,15.0,False,2025,Monaco,R,78.965,20.266,37.652,21.047
BEA,Haas F1 Team,49.0,0 days 00:01:17.921000,0 days 00:00:20.315000,0 days 00:00:36.641000,0 days 00:00:20.965000,MEDIUM,32.0,3.0,,,1,15.0,False,2025,Monaco,R,77.921,20.315,36.641,20.965
BEA,Haas F1 Team,50.0,0 days 00:01:19.103000,0 days 00:00:20.512000,0 days 00:00:37.390000,0 days 00:00:21.201000,MEDIUM,33.0,3.0,,,1,15.0,False,2025,Monaco,R,79.103,20.512,37.39,21.201
BEA,Haas F1 Team,51.0,0 days 00:01:22.205000,0 days 00:00:21.839000,0 days 00:00:37.780000,0 days 00:00:22.586000,MEDIUM,34.0,3.0,,,1,15.0,True,2025,Monaco,R,82.205,21.839,37.78,22.586
BEA,Haas F1 Team,52.0,0 days 00:01:19.988000,0 days 00:00:20.695000,0 days 00:00:38.518000,0 days 00:00:20.775000,MEDIUM,35.0,3.0,,,1,15.0,False,2025,Monaco,R,79.988,20.695,38.518,20.775
BEA,Haas F1 Team,53.0,0 days 00:01:20.306000,0 days 00:00:20.616000,0 days 00:00:37.214000,0 days 00:00:22.476000,MEDIUM,36.0,3.0,,,1,15.0,False,2025,Monaco,R,80.306,20.616,37.214,22.476
BEA,Haas F1 Team,54.0,0 days 00:01:18.820000,0 days 00:00:20.245000,0 days 00:00:37.524000,0 days 00:00:21.051000,MEDIUM,37.0,3.0,,,1,15.0,False,2025,Monaco,R,78.82,20.245,37.524,21.051
BEA,Haas F1 Team,55.0,0 days 00:01:18.659000,0 days 00:00:20.735000,0 days 00:00:36.824000,0 days 00:00:21.100000,MEDIUM,38.0,3.0,,,1,15.0,False,2025,Monaco,R,78.659,20.735,36.824,21.1
BEA,Haas F1 Team,56.0,0 days 00:01:18.306000,0 days 00:00:20.347000,0 days 00:00:37.121000,0 days 00:00:20.838000,MEDIUM,39.0,3.0,,,1,15.0,False,2025,Monaco,R,78.306,20.347,37.121,20.838
BEA,Haas F1 Team,57.0,0 days 00:01:18.584000,0 days 00:00:20.475000,0 days 00:00:37.088000,0 days 00:00:21.021000,MEDIUM,40.0,3.0,,,1,15.0,False,2025,Monaco,R,78.584,20.475,37.088,21.021
BEA,Haas F1 Team,58.0,0 days 00:01:18.038000,0 days 00:00:20.201000,0 days 00:00:36.840000,0 days 00:00:20.997000,MEDIUM,41.0,3.0,,,1,15.0,False,2025,Monaco,R,78.038,20.201,36.84,20.997
BEA,Haas F1 Team,59.0,0 days 00:01:19.233000,0 days 00:00:20.590000,0 days 00:00:37.407000,0 days 00:00:21.236000,MEDIUM,42.0,3.0,,,1,15.0,False,2025,Monaco,R,79.233,20.59,37.407,21.236
BEA,Haas F1 Team,60.0,0 days 00:01:18.669000,0 days 00:00:20.399000,0 days 00:00:37.170000,0 days 00:00:21.100000,MEDIUM,43.0,3.0,,,1,15.0,False,2025,Monaco,R,78.669,20.399,37.17,21.1
BEA,Haas F1 Team,61.0,0 days 00:01:18.715000,0 days 00:00:20.266000,0 days 00:00:37.091000,0 days 00:00:21.358000,MEDIUM,44.0,3.0,,,1,15.0,False,2025,Monaco,R,78.715,20.266,37.091,21.358
BEA,Haas F1 Team,62.0,0 days 00:01:18.364000,0 days 00:00:20.141000,0 days 00:00:36.978000,0 days 00:00:21.245000,MEDIUM,45.0,3.0,,,1,15.0,False,2025,Monaco,R,78.364,20.141,36.978,21.245
BEA,Haas F1 Team,63.0,0 days 00:01:18.836000,0 days 00:00:20.234000,0 days 00:00:37.064000,0 days 00:00:21.538000,MEDIUM,46.0,3.0,,,1,15.0,False,2025,Monaco,R,78.836,20.234,37.064,21.538
BEA,Haas F1 Team,64.0,0 days 00:01:18.404000,0 days 00:00:20.408000,0 days 00:00:36.943000,0 days 00:00:21.053000,MEDIUM,47.0,3.0,,,1,14.0,False,2025,Monaco,R,78.404,20.408,36.943,21.053
BEA,Haas F1 Team,65.0,0 days 00:01:17.177000,0 days 00:00:19.718000,0 days 00:00:36.758000,0 days 00:00:20.701000,MEDIUM,48.0,3.0,,,1,14.0,False,2025,Monaco,R,77.177,19.718,36.758,20.701
BEA,Haas F1 Team,66.0,0 days 00:01:17.748000,0 days 00:00:20.154000,0 days 00:00:36.943000,0 days 00:00:20.651000,MEDIUM,49.0,3.0,,,1,14.0,False,2025,Monaco,R,77.748,20.154,36.943,20.651
BEA,Haas F1 Team,67.0,0 days 00:01:16.362000,0 days 00:00:19.905000,0 days 00:00:36.395000,0 days 00:00:20.062000,MEDIUM,50.0,3.0,,,1,14.0,False,2025,Monaco,R,76.362,19.905,36.395,20.062
BEA,Haas F1 Team,68.0,0 days 00:01:17.602000,0 days 00:00:20.684000,0 days 00:00:36.937000,0 days 00:00:19.981000,MEDIUM,51.0,3.0,,,1,14.0,False,2025,Monaco,R,77.602,20.684,36.937,19.981
BEA,Haas F1 Team,69.0,0 days 00:01:16.187000,0 days 00:00:19.727000,0 days 00:00:36.228000,0 days 00:00:20.232000,MEDIUM,52.0,3.0,,,1,13.0,False,2025,Monaco,R,76.187,19.727,36.228,20.232
BEA,Haas F1 Team,70.0,0 days 00:01:16.663000,0 days 00:00:20.099000,0 days 00:00:36.465000,0 days 00:00:20.099000,MEDIUM,53.0,3.0,,,1,13.0,False,2025,Monaco,R,76.663,20.099,36.465,20.099
BEA,Haas F1 Team,71.0,0 days 00:01:15.748000,0 days 00:00:19.800000,0 days 00:00:36.160000,0 days 00:00:19.788000,MEDIUM,54.0,3.0,,,1,13.0,False,2025,Monaco,R,75.748,19.8,36.16,19.788
BEA,Haas F1 Team,72.0,0 days 00:01:15.427000,0 days 00:00:19.724000,0 days 00:00:35.867000,0 days 00:00:19.836000,MEDIUM,55.0,3.0,,,1,13.0,False,2025,Monaco,R,75.427,19.724,35.867,19.836
BEA,Haas F1 Team,73.0,0 days 00:01:15.355000,0 days 00:00:19.631000,0 days 00:00:35.894000,0 days 00:00:19.830000,MEDIUM,56.0,3.0,,,1,12.0,False,2025,Monaco,R,75.355,19.631,35.894,19.83
BEA,Haas F1 Team,74.0,0 days 00:01:15.365000,0 days 00:00:19.528000,0 days 00:00:35.823000,0 days 00:00:20.014000,MEDIUM,57.0,3.0,,,1,12.0,False,2025,Monaco,R,75.365,19.528,35.823,20.014
BEA,Haas F1 Team,75.0,0 days 00:01:15.799000,0 days 00:00:19.650000,0 days 00:00:36.177000,0 days 00:00:19.972000,MEDIUM,58.0,3.0,,,1,12.0,False,2025,Monaco,R,75.799,19.65,36.177,19.972
BEA,Haas F1 Team,76.0,0 days 00:01:17.224000,0 days 00:00:19.742000,0 days 00:00:36.783000,0 days 00:00:20.699000,MEDIUM,59.0,3.0,,,1,12.0,True,2025,Monaco,R,77.224,19.742,36.783,20.699
