Driver,Team,LapNumber,LapTime,Sector1Time,Sector2Time,Sector3Time,Compound,TyreLife,Stint,PitInTime,PitOutTime,TrackStatus,Position,Deleted,season,race,session_type,lap_time_seconds,sector1_seconds,sector2_seconds,sector3_seconds
NOR,McLaren,1.0,0 days 00:01:36.458000,,0 days 00:00:18.163000,0 days 00:00:38.796000,MEDIUM,1.0,1.0,,,1,6.0,False,2026,Australia,R,96.458,,18.163,38.796
NOR,McLaren,2.0,0 days 00:01:27.344000,0 days 00:00:31.074000,0 days 00:00:18.116000,0 days 00:00:38.154000,MEDIUM,2.0,1.0,,,1,6.0,False,2026,Australia,R,87.344,31.074,18.116,38.154
NOR,McLaren,3.0,0 days 00:01:26.863000,0 days 00:00:30.541000,0 days 00:00:18.252000,0 days 00:00:38.070000,MEDIUM,3.0,1.0,,,1,7.0,False,2026,Australia,R,86.863,30.541,18.252,38.07
NOR,McLaren,4.0,0 days 00:01:25.857000,0 days 00:00:30.190000,0 days 00:00:18.193000,0 days 00:00:37.474000,MEDIUM,4.0,1.0,,,1,7.0,False,2026,Australia,R,85.857,30.19,18.193,37.474
NOR,McLaren,5.0,0 days 00:01:25.573000,0 days 00:00:29.930000,0 days 00:00:17.868000,0 days 00:00:37.775000,MEDIUM,5.0,1.0,,,1,7.0,False,2026,Australia,R,85.573,29.93,17.868,37.775
NOR,McLaren,6.0,0 days 00:01:25.036000,0 days 00:00:30.025000,0 days 00:00:17.829000,0 days 00:00:37.182000,MEDIUM,6.0,1.0,,,1,7.0,False,2026,Australia,R,85.036,30.025,17.829,37.182
NOR,McLaren,7.0,0 days 00:01:24.978000,0 days 00:00:30.067000,0 days 00:00:17.764000,0 days 00:00:37.147000,MEDIUM,7.0,1.0,,,1,7.0,False,2026,Australia,R,84.978,30.067,17.764,37.147
NOR,McLaren,8.0,0 days 00:01:25.299000,0 days 00:00:30.191000,0 days 00:00:17.970000,0 days 00:00:37.138000,MEDIUM,8.0,1.0,,,1,7.0,False,2026,Australia,R,85.299,30.191,17.97,37.138
NOR,McLaren,9.0,0 days 00:01:25.639000,0 days 00:00:30.135000,0 days 00:00:17.770000,0 days 00:00:37.734000,MEDIUM,9.0,1.0,,,1,7.0,False,2026,Australia,R,85.639,30.135,17.77,37.734
NOR,McLaren,10.0,0 days 00:01:25.295000,0 days 00:00:30.117000,0 days 00:00:17.924000,0 days 00:00:37.254000,MEDIUM,10.0,1.0,,,1,7.0,False,2026,Australia,R,85.295,30.117,17.924,37.254
NOR,McLaren,11.0,0 days 00:01:43.391000,0 days 00:00:30.117000,0 days 00:00:17.987000,0 days 00:00:55.287000,MEDIUM,11.0,1.0,0 days 01:18:15.593000,,16,9.0,False,2026,Australia,R,103.391,30.117,17.987,55.287
NOR,McLaren,12.0,0 days 00:01:58.075000,0 days 00:00:44.892000,0 days 00:00:27.737000,0 days 00:00:45.446000,HARD,1.0,2.0,,0 days 01:18:34.141000,6,9.0,False,2026,Australia,R,118.075,44.892,27.737,45.446
NOR,McLaren,13.0,0 days 00:01:51.932000,0 days 00:00:41.529000,0 days 00:00:27.589000,0 days 00:00:42.814000,HARD,2.0,2.0,,,671,9.0,False,2026,Australia,R,111.932,41.529,27.589,42.814
NOR,McLaren,14.0,0 days 00:01:24.233000,0 days 00:00:29.882000,0 days 00:00:17.870000,0 days 00:00:36.481000,HARD,3.0,2.0,,,1,9.0,False,2026,Australia,R,84.233,29.882,17.87,36.481
NOR,McLaren,15.0,0 days 00:01:23.784000,0 days 00:00:29.402000,0 days 00:00:17.899000,0 days 00:00:36.483000,HARD,4.0,2.0,,,1,9.0,False,2026,Australia,R,83.784,29.402,17.899,36.483
NOR,McLaren,16.0,0 days 00:01:23.912000,0 days 00:00:29.524000,0 days 00:00:17.919000,0 days 00:00:36.469000,HARD,5.0,2.0,,,1,9.0,False,2026,Australia,R,83.912,29.524,17.919,36.469
NOR,McLaren,17.0,0 days 00:01:24.053000,0 days 00:00:29.442000,0 days 00:00:18.015000,0 days 00:00:36.596000,HARD,6.0,2.0,,,1,9.0,False,2026,Australia,R,84.053,29.442,18.015,36.596
NOR,McLaren,18.0,0 days 00:01:35.404000,0 days 00:00:29.758000,0 days 00:00:17.788000,0 days 00:00:47.858000,HARD,7.0,2.0,,,126,5.0,False,2026,Australia,R,95.404,29.758,17.788,47.858
NOR,McLaren,19.0,0 days 00:01:56.070000,0 days 00:00:42.456000,0 days 00:00:22.738000,0 days 00:00:50.876000,HARD,8.0,2.0,,,67,5.0,False,2026,Australia,R,116.07,42.456,22.738,50.876
NOR,McLaren,20.0,0 days 00:01:25.774000,0 days 00:00:30.612000,0 days 00:00:18.630000,0 days 00:00:36.532000,HARD,9.0,2.0,,,71,5.0,False,2026,Australia,R,85.774,30.612,18.63,36.532
NOR,McLaren,21.0,0 days 00:01:23.972000,0 days 00:00:29.499000,0 days 00:00:18.129000,0 days 00:00:36.344000,HARD,10.0,2.0,,,1,5.0,False,2026,Australia,R,83.972,29.499,18.129,36.344
NOR,McLaren,22.0,0 days 00:01:23.687000,0 days 00:00:29.317000,0 days 00:00:17.999000,0 days 00:00:36.371000,HARD,11.0,2.0,,,1,5.0,False,2026,Australia,R,83.687,29.317,17.999,36.371
NOR,McLaren,23.0,0 days 00:01:23.534000,0 days 00:00:29.254000,0 days 00:00:17.992000,0 days 00:00:36.288000,HARD,12.0,2.0,,,1,5.0,False,2026,Australia,R,83.534,29.254,17.992,36.288
NOR,McLaren,24.0,0 days 00:01:23.394000,0 days 00:00:29.302000,0 days 00:00:17.929000,0 days 00:00:36.163000,HARD,13.0,2.0,,,1,5.0,False,2026,Australia,R,83.394,29.302,17.929,36.163
NOR,McLaren,25.0,0 days 00:01:23.500000,0 days 00:00:29.373000,0 days 00:00:17.925000,0 days 00:00:36.202000,HARD,14.0,2.0,,,1,5.0,False,2026,Australia,R,83.5,29.373,17.925,36.202
NOR,McLaren,26.0,0 days 00:01:23.403000,0 days 00:00:29.350000,0 days 00:00:17.894000,0 days 00:00:36.159000,HARD,15.0,2.0,,,1,5.0,False,2026,Australia,R,83.403,29.35,17.894,36.159
NOR,McLaren,27.0,0 days 00:01:23.896000,0 days 00:00:29.426000,0 days 00:00:18.011000,0 days 00:00:36.459000,HARD,16.0,2.0,,,1,5.0,False,2026,Australia,R,83.896,29.426,18.011,36.459
NOR,McLaren,28.0,0 days 00:01:24.040000,0 days 00:00:29.538000,0 days 00:00:17.988000,0 days 00:00:36.514000,HARD,17.0,2.0,,,1,5.0,False,2026,Australia,R,84.04,29.538,17.988,36.514
NOR,McLaren,29.0,0 days 00:01:24.080000,0 days 00:00:29.692000,0 days 00:00:17.992000,0 days 00:00:36.396000,HARD,18.0,2.0,,,1,5.0,False,2026,Australia,R,84.08,29.692,17.992,36.396
NOR,McLaren,30.0,0 days 00:01:23.961000,0 days 00:00:29.515000,0 days 00:00:17.966000,0 days 00:00:36.480000,HARD,19.0,2.0,,,1,5.0,False,2026,Australia,R,83.961,29.515,17.966,36.48
NOR,McLaren,31.0,0 days 00:01:24.094000,0 days 00:00:29.604000,0 days 00:00:17.958000,0 days 00:00:36.532000,HARD,20.0,2.0,,,1,5.0,False,2026,Australia,R,84.094,29.604,17.958,36.532
NOR,McLaren,32.0,0 days 00:01:24.075000,0 days 00:00:29.481000,0 days 00:00:17.980000,0 days 00:00:36.614000,HARD,21.0,2.0,,,1,5.0,False,2026,Australia,R,84.075,29.481,17.98,36.614
NOR,McLaren,33.0,0 days 00:01:24.790000,0 days 00:00:30.039000,0 days 00:00:18.027000,0 days 00:00:36.724000,HARD,22.0,2.0,,,1,5.0,False,2026,Australia,R,84.79,30.039,18.027,36.724
NOR,McLaren,34.0,0 days 00:01:52.732000,0 days 00:00:39.736000,0 days 00:00:22.345000,0 days 00:00:50.651000,HARD,23.0,2.0,0 days 01:52:42.584000,,167,6.0,False,2026,Australia,R,112.732,39.736,22.345,50.651
NOR,McLaren,35.0,0 days 00:01:29.434000,0 days 00:00:34.977000,0 days 00:00:17.783000,0 days 00:00:36.674000,MEDIUM,1.0,3.0,,0 days 01:53:00.323000,1,8.0,False,2026,Australia,R,89.434,34.977,17.783,36.674
NOR,McLaren,36.0,0 days 00:01:23.324000,0 days 00:00:29.282000,0 days 00:00:17.819000,0 days 00:00:36.223000,MEDIUM,2.0,3.0,,,1,8.0,False,2026,Australia,R,83.324,29.282,17.819,36.223
NOR,McLaren,37.0,0 days 00:01:23.448000,0 days 00:00:29.399000,0 days 00:00:17.652000,0 days 00:00:36.397000,MEDIUM,3.0,3.0,,,1,8.0,False,2026,Australia,R,83.448,29.399,17.652,36.397
NOR,McLaren,38.0,0 days 00:01:23.423000,0 days 00:00:29.202000,0 days 00:00:17.867000,0 days 00:00:36.354000,MEDIUM,4.0,3.0,,,1,7.0,False,2026,Australia,R,83.423,29.202,17.867,36.354
NOR,McLaren,39.0,0 days 00:01:24.001000,0 days 00:00:29.482000,0 days 00:00:18.144000,0 days 00:00:36.375000,MEDIUM,5.0,3.0,,,1,6.0,False,2026,Australia,R,84.001,29.482,18.144,36.375
NOR,McLaren,40.0,0 days 00:01:23.397000,0 days 00:00:29.188000,0 days 00:00:17.861000,0 days 00:00:36.348000,MEDIUM,6.0,3.0,,,1,6.0,False,2026,Australia,R,83.397,29.188,17.861,36.348
NOR,McLaren,41.0,0 days 00:01:23.762000,0 days 00:00:29.481000,0 days 00:00:18,0 days 00:00:36.281000,MEDIUM,7.0,3.0,,,1,6.0,False,2026,Australia,R,83.762,29.481,18.0,36.281
NOR,McLaren,42.0,0 days 00:01:23.347000,0 days 00:00:29.334000,0 days 00:00:17.955000,0 days 00:00:36.058000,MEDIUM,8.0,3.0,,,1,5.0,False,2026,Australia,R,83.347,29.334,17.955,36.058
NOR,McLaren,43.0,0 days 00:01:23.286000,0 days 00:00:29.377000,0 days 00:00:17.865000,0 days 00:00:36.044000,MEDIUM,9.0,3.0,,,1,5.0,False,2026,Australia,R,83.286,29.377,17.865,36.044
NOR,McLaren,44.0,0 days 00:01:23.192000,0 days 00:00:29.308000,0 days 00:00:17.809000,0 days 00:00:36.075000,MEDIUM,10.0,3.0,,,1,5.0,False,2026,Australia,R,83.192,29.308,17.809,36.075
NOR,McLaren,45.0,0 days 00:01:22.886000,0 days 00:00:29.236000,0 days 00:00:17.800000,0 days 00:00:35.850000,MEDIUM,11.0,3.0,,,1,5.0,False,2026,Australia,R,82.886,29.236,17.8,35.85
NOR,McLaren,46.0,0 days 00:01:22.908000,0 days 00:00:29.050000,0 days 00:00:17.644000,0 days 00:00:36.214000,MEDIUM,12.0,3.0,,,1,5.0,False,2026,Australia,R,82.908,29.05,17.644,36.214
NOR,McLaren,47.0,0 days 00:01:22.778000,0 days 00:00:29.083000,0 days 00:00:17.798000,0 days 00:00:35.897000,MEDIUM,13.0,3.0,,,1,5.0,False,2026,Australia,R,82.778,29.083,17.798,35.897
NOR,McLaren,48.0,0 days 00:01:22.953000,0 days 00:00:29.106000,0 days 00:00:17.743000,0 days 00:00:36.104000,MEDIUM,14.0,3.0,,,1,5.0,False,2026,Australia,R,82.953,29.106,17.743,36.104
NOR,McLaren,49.0,0 days 00:01:22.804000,0 days 00:00:29.043000,0 days 00:00:17.880000,0 days 00:00:35.881000,MEDIUM,15.0,3.0,,,1,5.0,False,2026,Australia,R,82.804,29.043,17.88,35.881
NOR,McLaren,50.0,0 days 00:01:22.763000,0 days 00:00:29.057000,0 days 00:00:17.845000,0 days 00:00:35.861000,MEDIUM,16.0,3.0,,,1,5.0,False,2026,Australia,R,82.763,29.057,17.845,35.861
NOR,McLaren,51.0,0 days 00:01:22.598000,0 days 00:00:29.032000,0 days 00:00:17.854000,0 days 00:00:35.712000,MEDIUM,17.0,3.0,,,1,5.0,False,2026,Australia,R,82.598,29.032,17.854,35.712
NOR,McLaren,52.0,0 days 00:01:22.784000,0 days 00:00:29.077000,0 days 00:00:17.781000,0 days 00:00:35.926000,MEDIUM,18.0,3.0,,,1,5.0,False,2026,Australia,R,82.784,29.077,17.781,35.926
NOR,McLaren,53.0,0 days 00:01:22.358000,0 days 00:00:28.979000,0 days 00:00:17.780000,0 days 00:00:35.599000,MEDIUM,19.0,3.0,,,1,5.0,False,2026,Australia,R,82.358,28.979,17.78,35.599
NOR,McLaren,54.0,0 days 00:01:22.796000,0 days 00:00:29.006000,0 days 00:00:17.779000,0 days 00:00:36.011000,MEDIUM,20.0,3.0,,,1,5.0,False,2026,Australia,R,82.796,29.006,17.779,36.011
NOR,McLaren,55.0,0 days 00:01:22.867000,0 days 00:00:29.076000,0 days 00:00:17.822000,0 days 00:00:35.969000,MEDIUM,21.0,3.0,,,1,5.0,False,2026,Australia,R,82.867,29.076,17.822,35.969
NOR,McLaren,56.0,0 days 00:01:22.843000,0 days 00:00:29.096000,0 days 00:00:17.831000,0 days 00:00:35.916000,MEDIUM,22.0,3.0,,,1,5.0,False,2026,Australia,R,82.843,29.096,17.831,35.916
NOR,McLaren,57.0,0 days 00:01:23.416000,0 days 00:00:29.563000,0 days 00:00:17.762000,0 days 00:00:36.091000,MEDIUM,23.0,3.0,,,1,5.0,False,2026,Australia,R,83.416,29.563,17.762,36.091
NOR,McLaren,58.0,0 days 00:01:23.046000,0 days 00:00:29.171000,0 days 00:00:17.845000,0 days 00:00:36.030000,MEDIUM,24.0,3.0,,,1,5.0,False,2026,Australia,R,83.046,29.171,17.845,36.03
GAS,Alpine,1.0,0 days 00:01:37.980000,,0 days 00:00:18.682000,0 days 00:00:38.910000,MEDIUM,1.0,1.0,,,1,9.0,False,2026,Australia,R,97.98,,18.682,38.91
GAS,Alpine,2.0,0 days 00:01:27.281000,0 days 00:00:31.136000,0 days 00:00:17.996000,0 days 00:00:38.149000,MEDIUM,2.0,1.0,,,1,9.0,False,2026,Australia,R,87.281,31.136,17.996,38.149
GAS,Alpine,3.0,0 days 00:01:26.371000,0 days 00:00:30.613000,0 days 00:00:17.818000,0 days 00:00:37.940000,MEDIUM,3.0,1.0,,,1,9.0,False,2026,Australia,R,86.371,30.613,17.818,37.94
GAS,Alpine,4.0,0 days 00:01:25.894000,0 days 00:00:30.427000,0 days 00:00:17.771000,0 days 00:00:37.696000,MEDIUM,4.0,1.0,,,1,9.0,False,2026,Australia,R,85.894,30.427,17.771,37.696
GAS,Alpine,5.0,0 days 00:01:27.040000,0 days 00:00:30.983000,0 days 00:00:17.647000,0 days 00:00:38.410000,MEDIUM,5.0,1.0,,,1,9.0,True,2026,Australia,R,87.04,30.983,17.647,38.41
GAS,Alpine,6.0,0 days 00:01:25.989000,0 days 00:00:30.696000,0 days 00:00:17.800000,0 days 00:00:37.493000,MEDIUM,6.0,1.0,,,1,9.0,False,2026,Australia,R,85.989,30.696,17.8,37.493
GAS,Alpine,7.0,0 days 00:01:25.079000,0 days 00:00:29.873000,0 days 00:00:17.815000,0 days 00:00:37.391000,MEDIUM,7.0,1.0,,,1,9.0,False,2026,Australia,R,85.079,29.873,17.815,37.391
GAS,Alpine,8.0,0 days 00:01:24.964000,0 days 00:00:29.969000,0 days 00:00:17.697000,0 days 00:00:37.298000,MEDIUM,8.0,1.0,,,1,9.0,False,2026,Australia,R,84.964,29.969,17.697,37.298
GAS,Alpine,9.0,0 days 00:01:25.441000,0 days 00:00:30.052000,0 days 00:00:17.651000,0 days 00:00:37.738000,MEDIUM,9.0,1.0,,,1,9.0,False,2026,Australia,R,85.441,30.052,17.651,37.738
GAS,Alpine,10.0,0 days 00:01:26.669000,0 days 00:00:30.475000,0 days 00:00:17.800000,0 days 00:00:38.394000,MEDIUM,10.0,1.0,,,1,10.0,False,2026,Australia,R,86.669,30.475,17.8,38.394
GAS,Alpine,11.0,0 days 00:01:44.821000,0 days 00:00:30.082000,0 days 00:00:17.797000,0 days 00:00:56.942000,MEDIUM,11.0,1.0,0 days 01:18:21.012000,,16,12.0,False,2026,Australia,R,104.821,30.082,17.797,56.942
GAS,Alpine,12.0,0 days 00:01:58.072000,0 days 00:00:42.291000,0 days 00:00:29.532000,0 days 00:00:46.249000,HARD,1.0,2.0,,0 days 01:18:39.918000,6,11.0,False,2026,Australia,R,118.072,42.291,29.532,46.249
GAS,Alpine,13.0,0 days 00:01:51.634000,0 days 00:00:40.653000,0 days 00:00:30.489000,0 days 00:00:40.492000,HARD,2.0,2.0,,,671,11.0,False,2026,Australia,R,111.634,40.653,30.489,40.492
GAS,Alpine,14.0,0 days 00:01:25.748000,0 days 00:00:30.752000,0 days 00:00:17.982000,0 days 00:00:37.014000,HARD,3.0,2.0,,,1,11.0,False,2026,Australia,R,85.748,30.752,17.982,37.014
GAS,Alpine,15.0,0 days 00:01:24.823000,0 days 00:00:29.928000,0 days 00:00:17.954000,0 days 00:00:36.941000,HARD,4.0,2.0,,,1,11.0,False,2026,Australia,R,84.823,29.928,17.954,36.941
GAS,Alpine,16.0,0 days 00:01:24.690000,0 days 00:00:29.817000,0 days 00:00:17.810000,0 days 00:00:37.063000,HARD,5.0,2.0,,,1,11.0,False,2026,Australia,R,84.69,29.817,17.81,37.063
GAS,Alpine,17.0,0 days 00:01:25.203000,0 days 00:00:29.868000,0 days 00:00:17.693000,0 days 00:00:37.642000,HARD,6.0,2.0,,,1,11.0,False,2026,Australia,R,85.203,29.868,17.693,37.642
GAS,Alpine,18.0,0 days 00:01:41.225000,0 days 00:00:30.704000,0 days 00:00:25.668000,0 days 00:00:44.853000,HARD,7.0,2.0,,,126,11.0,False,2026,Australia,R,101.225,30.704,25.668,44.853
GAS,Alpine,19.0,0 days 00:01:52.950000,0 days 00:00:41.395000,0 days 00:00:25.752000,0 days 00:00:45.803000,HARD,8.0,2.0,,,671,10.0,False,2026,Australia,R,112.95,41.395,25.752,45.803
GAS,Alpine,20.0,0 days 00:01:26.578000,0 days 00:00:31.057000,0 days 00:00:17.719000,0 days 00:00:37.802000,HARD,9.0,2.0,,,1,11.0,False,2026,Australia,R,86.578,31.057,17.719,37.802
GAS,Alpine,21.0,0 days 00:01:25.678000,0 days 00:00:30.591000,0 days 00:00:17.995000,0 days 00:00:37.092000,HARD,10.0,2.0,,,1,10.0,False,2026,Australia,R,85.678,30.591,17.995,37.092
GAS,Alpine,22.0,0 days 00:01:24.586000,0 days 00:00:29.740000,0 days 00:00:17.913000,0 days 00:00:36.933000,HARD,11.0,2.0,,,1,10.0,False,2026,Australia,R,84.586,29.74,17.913,36.933
GAS,Alpine,23.0,0 days 00:01:24.499000,0 days 00:00:29.633000,0 days 00:00:17.823000,0 days 00:00:37.043000,HARD,12.0,2.0,,,1,10.0,False,2026,Australia,R,84.499,29.633,17.823,37.043
GAS,Alpine,24.0,0 days 00:01:24.852000,0 days 00:00:30.053000,0 days 00:00:17.852000,0 days 00:00:36.947000,HARD,13.0,2.0,,,1,10.0,False,2026,Australia,R,84.852,30.053,17.852,36.947
GAS,Alpine,25.0,0 days 00:01:24.540000,0 days 00:00:29.816000,0 days 00:00:17.886000,0 days 00:00:36.838000,HARD,14.0,2.0,,,1,10.0,False,2026,Australia,R,84.54,29.816,17.886,36.838
GAS,Alpine,26.0,0 days 00:01:24.771000,0 days 00:00:29.940000,0 days 00:00:17.957000,0 days 00:00:36.874000,HARD,15.0,2.0,,,1,10.0,False,2026,Australia,R,84.771,29.94,17.957,36.874
GAS,Alpine,27.0,0 days 00:01:24.661000,0 days 00:00:29.680000,0 days 00:00:17.895000,0 days 00:00:37.086000,HARD,16.0,2.0,,,1,10.0,False,2026,Australia,R,84.661,29.68,17.895,37.086
GAS,Alpine,28.0,0 days 00:01:24.795000,0 days 00:00:29.776000,0 days 00:00:17.975000,0 days 00:00:37.044000,HARD,17.0,2.0,,,1,10.0,False,2026,Australia,R,84.795,29.776,17.975,37.044
GAS,Alpine,29.0,0 days 00:01:25.096000,0 days 00:00:29.838000,0 days 00:00:18.010000,0 days 00:00:37.248000,HARD,18.0,2.0,,,1,10.0,False,2026,Australia,R,85.096,29.838,18.01,37.248
GAS,Alpine,30.0,0 days 00:01:25.242000,0 days 00:00:30.259000,0 days 00:00:17.917000,0 days 00:00:37.066000,HARD,19.0,2.0,,,1,10.0,False,2026,Australia,R,85.242,30.259,17.917,37.066
GAS,Alpine,31.0,0 days 00:01:25.271000,0 days 00:00:30.213000,0 days 00:00:17.873000,0 days 00:00:37.185000,HARD,20.0,2.0,,,1,10.0,False,2026,Australia,R,85.271,30.213,17.873,37.185
GAS,Alpine,32.0,0 days 00:01:25.202000,0 days 00:00:30.200000,0 days 00:00:17.946000,0 days 00:00:37.056000,HARD,21.0,2.0,,,1,10.0,False,2026,Australia,R,85.202,30.2,17.946,37.056
GAS,Alpine,33.0,0 days 00:01:32.276000,0 days 00:00:30.216000,0 days 00:00:18.086000,0 days 00:00:43.974000,HARD,22.0,2.0,,,16,9.0,False,2026,Australia,R,92.276,30.216,18.086,43.974
GAS,Alpine,34.0,0 days 00:01:31.244000,0 days 00:00:35.755000,0 days 00:00:18.140000,0 days 00:00:37.349000,HARD,23.0,2.0,,,671,9.0,False,2026,Australia,R,91.244,35.755,18.14,37.349
GAS,Alpine,35.0,0 days 00:01:25.029000,0 days 00:00:30.064000,0 days 00:00:17.915000,0 days 00:00:37.050000,HARD,24.0,2.0,,,1,9.0,False,2026,Australia,R,85.029,30.064,17.915,37.05
GAS,Alpine,36.0,0 days 00:01:25.177000,0 days 00:00:29.890000,0 days 00:00:17.876000,0 days 00:00:37.411000,HARD,25.0,2.0,,,1,9.0,False,2026,Australia,R,85.177,29.89,17.876,37.411
GAS,Alpine,37.0,0 days 00:01:26.333000,0 days 00:00:30.147000,0 days 00:00:18.019000,0 days 00:00:38.167000,HARD,26.0,2.0,,,1,10.0,False,2026,Australia,R,86.333,30.147,18.019,38.167
GAS,Alpine,38.0,0 days 00:01:26.094000,0 days 00:00:30.547000,0 days 00:00:17.760000,0 days 00:00:37.787000,HARD,27.0,2.0,,,1,9.0,False,2026,Australia,R,86.094,30.547,17.76,37.787
GAS,Alpine,39.0,0 days 00:01:25.265000,0 days 00:00:30.113000,0 days 00:00:17.989000,0 days 00:00:37.163000,HARD,28.0,2.0,,,1,9.0,False,2026,Australia,R,85.265,30.113,17.989,37.163
GAS,Alpine,40.0,0 days 00:01:26.132000,0 days 00:00:30.738000,0 days 00:00:17.773000,0 days 00:00:37.621000,HARD,29.0,2.0,,,1,10.0,False,2026,Australia,R,86.132,30.738,17.773,37.621
GAS,Alpine,41.0,0 days 00:01:25.319000,0 days 00:00:30.039000,0 days 00:00:17.873000,0 days 00:00:37.407000,HARD,30.0,2.0,,,1,10.0,False,2026,Australia,R,85.319,30.039,17.873,37.407
GAS,Alpine,42.0,0 days 00:01:24.879000,0 days 00:00:29.776000,0 days 00:00:17.899000,0 days 00:00:37.204000,HARD,31.0,2.0,,,1,10.0,False,2026,Australia,R,84.879,29.776,17.899,37.204
GAS,Alpine,43.0,0 days 00:01:24.977000,0 days 00:00:30.015000,0 days 00:00:17.902000,0 days 00:00:37.060000,HARD,32.0,2.0,,,1,10.0,False,2026,Australia,R,84.977,30.015,17.902,37.06
GAS,Alpine,44.0,0 days 00:01:25.028000,0 days 00:00:29.992000,0 days 00:00:17.897000,0 days 00:00:37.139000,HARD,33.0,2.0,,,1,10.0,False,2026,Australia,R,85.028,29.992,17.897,37.139
GAS,Alpine,45.0,0 days 00:01:27.175000,0 days 00:00:30.630000,0 days 00:00:18.626000,0 days 00:00:37.919000,HARD,34.0,2.0,,,1,10.0,False,2026,Australia,R,87.175,30.63,18.626,37.919
GAS,Alpine,46.0,0 days 00:01:25.353000,0 days 00:00:30.097000,0 days 00:00:17.911000,0 days 00:00:37.345000,HARD,35.0,2.0,,,1,10.0,False,2026,Australia,R,85.353,30.097,17.911,37.345
GAS,Alpine,47.0,0 days 00:01:26.497000,0 days 00:00:29.971000,0 days 00:00:18.379000,0 days 00:00:38.147000,HARD,36.0,2.0,,,1,10.0,False,2026,Australia,R,86.497,29.971,18.379,38.147
GAS,Alpine,48.0,0 days 00:01:24.982000,0 days 00:00:29.911000,0 days 00:00:17.794000,0 days 00:00:37.277000,HARD,37.0,2.0,,,1,10.0,False,2026,Australia,R,84.982,29.911,17.794,37.277
GAS,Alpine,49.0,0 days 00:01:25.281000,0 days 00:00:30.100000,0 days 00:00:17.949000,0 days 00:00:37.232000,HARD,38.0,2.0,,,1,10.0,False,2026,Australia,R,85.281,30.1,17.949,37.232
GAS,Alpine,50.0,0 days 00:01:24.927000,0 days 00:00:30.004000,0 days 00:00:17.925000,0 days 00:00:36.998000,HARD,39.0,2.0,,,1,10.0,False,2026,Australia,R,84.927,30.004,17.925,36.998
GAS,Alpine,51.0,0 days 00:01:26.460000,0 days 00:00:30.170000,0 days 00:00:18.244000,0 days 00:00:38.046000,HARD,40.0,2.0,,,1,10.0,False,2026,Australia,R,86.46,30.17,18.244,38.046
GAS,Alpine,52.0,0 days 00:01:26.527000,0 days 00:00:31.448000,0 days 00:00:17.854000,0 days 00:00:37.225000,HARD,41.0,2.0,,,1,10.0,False,2026,Australia,R,86.527,31.448,17.854,37.225
GAS,Alpine,53.0,0 days 00:01:24.790000,0 days 00:00:29.893000,0 days 00:00:17.911000,0 days 00:00:36.986000,HARD,42.0,2.0,,,1,10.0,False,2026,Australia,R,84.79,29.893,17.911,36.986
GAS,Alpine,54.0,0 days 00:01:24.520000,0 days 00:00:29.789000,0 days 00:00:17.954000,0 days 00:00:36.777000,HARD,43.0,2.0,,,1,10.0,False,2026,Australia,R,84.52,29.789,17.954,36.777
GAS,Alpine,55.0,0 days 00:01:24.595000,0 days 00:00:29.659000,0 days 00:00:17.851000,0 days 00:00:37.085000,HARD,44.0,2.0,,,1,10.0,False,2026,Australia,R,84.595,29.659,17.851,37.085
GAS,Alpine,56.0,0 days 00:01:24.486000,0 days 00:00:29.844000,0 days 00:00:17.894000,0 days 00:00:36.748000,HARD,45.0,2.0,,,1,10.0,False,2026,Australia,R,84.486,29.844,17.894,36.748
GAS,Alpine,57.0,0 days 00:01:24.837000,0 days 00:00:29.814000,0 days 00:00:17.848000,0 days 00:00:37.175000,HARD,46.0,2.0,,,1,10.0,False,2026,Australia,R,84.837,29.814,17.848,37.175
PER,Cadillac,1.0,0 days 00:01:42.557000,,0 days 00:00:19.226000,0 days 00:00:40.448000,MEDIUM,1.0,1.0,,,1,19.0,False,2026,Australia,R,102.557,,19.226,40.448
PER,Cadillac,2.0,0 days 00:01:28.763000,0 days 00:00:31.753000,0 days 00:00:18.188000,0 days 00:00:38.822000,MEDIUM,2.0,1.0,,,1,19.0,False,2026,Australia,R,88.763,31.753,18.188,38.822
PER,Cadillac,3.0,0 days 00:01:28.094000,0 days 00:00:31.672000,0 days 00:00:18.037000,0 days 00:00:38.385000,MEDIUM,3.0,1.0,,,1,18.0,False,2026,Australia,R,88.094,31.672,18.037,38.385
PER,Cadillac,4.0,0 days 00:01:27.222000,0 days 00:00:30.827000,0 days 00:00:18.195000,0 days 00:00:38.200000,MEDIUM,4.0,1.0,,,1,18.0,False,2026,Australia,R,87.222,30.827,18.195,38.2
PER,Cadillac,5.0,0 days 00:01:28.025000,0 days 00:00:31.295000,0 days 00:00:18.506000,0 days 00:00:38.224000,MEDIUM,5.0,1.0,,,1,18.0,False,2026,Australia,R,88.025,31.295,18.506,38.224
PER,Cadillac,6.0,0 days 00:01:27.595000,0 days 00:00:31.178000,0 days 00:00:18.288000,0 days 00:00:38.129000,MEDIUM,6.0,1.0,,,1,18.0,False,2026,Australia,R,87.595,31.178,18.288,38.129
PER,Cadillac,7.0,0 days 00:01:27.625000,0 days 00:00:31.003000,0 days 00:00:18.300000,0 days 00:00:38.322000,MEDIUM,7.0,1.0,,,1,18.0,False,2026,Australia,R,87.625,31.003,18.3,38.322
PER,Cadillac,8.0,0 days 00:01:27.184000,0 days 00:00:30.946000,0 days 00:00:18.193000,0 days 00:00:38.045000,MEDIUM,8.0,1.0,,,1,18.0,False,2026,Australia,R,87.184,30.946,18.193,38.045
PER,Cadillac,9.0,0 days 00:01:27.050000,0 days 00:00:30.807000,0 days 00:00:18.233000,0 days 00:00:38.010000,MEDIUM,9.0,1.0,,,1,17.0,False,2026,Australia,R,87.05,30.807,18.233,38.01
PER,Cadillac,10.0,0 days 00:01:27.595000,0 days 00:00:30.981000,0 days 00:00:18.397000,0 days 00:00:38.217000,MEDIUM,10.0,1.0,,,1,17.0,False,2026,Australia,R,87.595,30.981,18.397,38.217
PER,Cadillac,11.0,0 days 00:01:37.875000,0 days 00:00:31.102000,0 days 00:00:18.422000,0 days 00:00:48.351000,MEDIUM,11.0,1.0,,,16,14.0,False,2026,Australia,R,97.875,31.102,18.422,48.351
PER,Cadillac,12.0,0 days 00:01:56.537000,0 days 00:00:43.311000,0 days 00:00:24.555000,0 days 00:00:48.671000,MEDIUM,12.0,1.0,,,6,14.0,False,2026,Australia,R,116.537,43.311,24.555,48.671
PER,Cadillac,13.0,0 days 00:01:50.001000,0 days 00:00:41.541000,0 days 00:00:26.385000,0 days 00:00:42.075000,MEDIUM,13.0,1.0,,,671,14.0,False,2026,Australia,R,110.001,41.541,26.385,42.075
PER,Cadillac,14.0,0 days 00:01:27.084000,0 days 00:00:30.356000,0 days 00:00:18.641000,0 days 00:00:38.087000,MEDIUM,14.0,1.0,,,1,14.0,False,2026,Australia,R,87.084,30.356,18.641,38.087
PER,Cadillac,15.0,0 days 00:01:28.137000,0 days 00:00:30.957000,0 days 00:00:18.323000,0 days 00:00:38.857000,MEDIUM,15.0,1.0,,,1,14.0,False,2026,Australia,R,88.137,30.957,18.323,38.857
PER,Cadillac,16.0,0 days 00:01:31.277000,0 days 00:00:31.938000,0 days 00:00:19.006000,0 days 00:00:40.333000,MEDIUM,16.0,1.0,,,1,15.0,False,2026,Australia,R,91.277,31.938,19.006,40.333
PER,Cadillac,17.0,0 days 00:01:28.615000,0 days 00:00:31.493000,0 days 00:00:18.417000,0 days 00:00:38.705000,MEDIUM,17.0,1.0,,,1,15.0,False,2026,Australia,R,88.615,31.493,18.417,38.705
PER,Cadillac,18.0,0 days 00:02:06.084000,0 days 00:00:35.121000,0 days 00:00:24.446000,0 days 00:01:06.517000,MEDIUM,18.0,1.0,0 days 01:30:18.038000,,126,16.0,False,2026,Australia,R,126.084,35.121,24.446,66.517
PER,Cadillac,19.0,0 days 00:01:43.359000,0 days 00:00:45.600000,0 days 00:00:19.548000,0 days 00:00:38.211000,HARD,1.0,2.0,,0 days 01:30:39.693000,671,16.0,False,2026,Australia,R,103.359,45.6,19.548,38.211
PER,Cadillac,20.0,0 days 00:01:26.490000,0 days 00:00:30.352000,0 days 00:00:18.323000,0 days 00:00:37.815000,HARD,2.0,2.0,,,1,16.0,False,2026,Australia,R,86.49,30.352,18.323,37.815
PER,Cadillac,21.0,0 days 00:01:27.262000,0 days 00:00:30.520000,0 days 00:00:18.341000,0 days 00:00:38.401000,HARD,3.0,2.0,,,1,16.0,False,2026,Australia,R,87.262,30.52,18.341,38.401
PER,Cadillac,22.0,0 days 00:01:29.083000,0 days 00:00:32.306000,0 days 00:00:18.051000,0 days 00:00:38.726000,HARD,4.0,2.0,,,1,16.0,False,2026,Australia,R,89.083,32.306,18.051,38.726
PER,Cadillac,23.0,0 days 00:01:27.457000,0 days 00:00:31.521000,0 days 00:00:18.152000,0 days 00:00:37.784000,HARD,5.0,2.0,,,1,16.0,False,2026,Australia,R,87.457,31.521,18.152,37.784
PER,Cadillac,24.0,0 days 00:01:29.284000,0 days 00:00:30.505000,0 days 00:00:18.594000,0 days 00:00:40.185000,HARD,6.0,2.0,,,1,16.0,False,2026,Australia,R,89.284,30.505,18.594,40.185
PER,Cadillac,25.0,0 days 00:01:27.093000,0 days 00:00:30.785000,0 days 00:00:18.117000,0 days 00:00:38.191000,HARD,7.0,2.0,,,1,16.0,False,2026,Australia,R,87.093,30.785,18.117,38.191
PER,Cadillac,26.0,0 days 00:01:28.588000,0 days 00:00:32.306000,0 days 00:00:18.158000,0 days 00:00:38.124000,HARD,8.0,2.0,,,1,16.0,False,2026,Australia,R,88.588,32.306,18.158,38.124
PER,Cadillac,27.0,0 days 00:01:28.352000,0 days 00:00:30.457000,0 days 00:00:18.511000,0 days 00:00:39.384000,HARD,9.0,2.0,,,1,16.0,False,2026,Australia,R,88.352,30.457,18.511,39.384
PER,Cadillac,28.0,0 days 00:01:29.249000,0 days 00:00:31.333000,0 days 00:00:18.077000,0 days 00:00:39.839000,HARD,10.0,2.0,,,1,16.0,False,2026,Australia,R,89.249,31.333,18.077,39.839
PER,Cadillac,29.0,0 days 00:01:26.934000,0 days 00:00:30.669000,0 days 00:00:18.062000,0 days 00:00:38.203000,HARD,11.0,2.0,,,1,16.0,False,2026,Australia,R,86.934,30.669,18.062,38.203
PER,Cadillac,30.0,0 days 00:01:27.419000,0 days 00:00:30.911000,0 days 00:00:18.227000,0 days 00:00:38.281000,HARD,12.0,2.0,,,1,16.0,False,2026,Australia,R,87.419,30.911,18.227,38.281
PER,Cadillac,31.0,0 days 00:01:30.506000,0 days 00:00:30.889000,0 days 00:00:18.328000,0 days 00:00:41.289000,HARD,13.0,2.0,,,1,16.0,False,2026,Australia,R,90.506,30.889,18.328,41.289
PER,Cadillac,32.0,0 days 00:01:34.972000,0 days 00:00:31.025000,0 days 00:00:19.385000,0 days 00:00:44.562000,HARD,14.0,2.0,,,16,16.0,False,2026,Australia,R,94.972,31.025,19.385,44.562
PER,Cadillac,33.0,0 days 00:01:33.478000,0 days 00:00:37.144000,0 days 00:00:18.329000,0 days 00:00:38.005000,HARD,15.0,2.0,,,671,16.0,False,2026,Australia,R,93.478,37.144,18.329,38.005
PER,Cadillac,34.0,0 days 00:01:27.151000,0 days 00:00:30.958000,0 days 00:00:18.172000,0 days 00:00:38.021000,HARD,16.0,2.0,,,1,16.0,False,2026,Australia,R,87.151,30.958,18.172,38.021
PER,Cadillac,35.0,0 days 00:01:29.226000,0 days 00:00:30.561000,0 days 00:00:18.262000,0 days 00:00:40.403000,HARD,17.0,2.0,,,1,16.0,False,2026,Australia,R,89.226,30.561,18.262,40.403
PER,Cadillac,36.0,0 days 00:01:28.891000,0 days 00:00:30.652000,0 days 00:00:18.755000,0 days 00:00:39.484000,HARD,18.0,2.0,,,1,16.0,False,2026,Australia,R,88.891,30.652,18.755,39.484
PER,Cadillac,37.0,0 days 00:01:27.081000,0 days 00:00:30.894000,0 days 00:00:18.169000,0 days 00:00:38.018000,HARD,19.0,2.0,,,1,16.0,False,2026,Australia,R,87.081,30.894,18.169,38.018
PER,Cadillac,38.0,0 days 00:01:26.930000,0 days 00:00:30.567000,0 days 00:00:18.380000,0 days 00:00:37.983000,HARD,20.0,2.0,,,1,16.0,False,2026,Australia,R,86.93,30.567,18.38,37.983
PER,Cadillac,39.0,0 days 00:01:27.099000,0 days 00:00:30.501000,0 days 00:00:18.506000,0 days 00:00:38.092000,HARD,21.0,2.0,,,1,16.0,False,2026,Australia,R,87.099,30.501,18.506,38.092
PER,Cadillac,40.0,0 days 00:01:29.198000,0 days 00:00:32.609000,0 days 00:00:18.222000,0 days 00:00:38.367000,HARD,22.0,2.0,,,1,16.0,False,2026,Australia,R,89.198,32.609,18.222,38.367
PER,Cadillac,41.0,0 days 00:01:29.219000,0 days 00:00:32.506000,0 days 00:00:18.387000,0 days 00:00:38.326000,HARD,23.0,2.0,,,1,16.0,False,2026,Australia,R,89.219,32.506,18.387,38.326
PER,Cadillac,42.0,0 days 00:01:27.956000,0 days 00:00:30.996000,0 days 00:00:18.189000,0 days 00:00:38.771000,HARD,24.0,2.0,,,1,16.0,False,2026,Australia,R,87.956,30.996,18.189,38.771
PER,Cadillac,43.0,0 days 00:01:45.049000,0 days 00:00:31.257000,0 days 00:00:18.463000,0 days 00:00:55.329000,HARD,25.0,2.0,0 days 02:07:47.788000,,1,16.0,False,2026,Australia,R,105.049,31.257,18.463,55.329
PER,Cadillac,44.0,0 days 00:01:33.422000,0 days 00:00:37.210000,0 days 00:00:18.286000,0 days 00:00:37.926000,SOFT,1.0,3.0,,0 days 02:08:07.124000,1,16.0,False,2026,Australia,R,93.422,37.21,18.286,37.926
PER,Cadillac,45.0,0 days 00:01:26.314000,0 days 00:00:29.952000,0 days 00:00:18.089000,0 days 00:00:38.273000,SOFT,2.0,3.0,,,1,16.0,False,2026,Australia,R,86.314,29.952,18.089,38.273
PER,Cadillac,46.0,0 days 00:01:28.095000,0 days 00:00:30.005000,0 days 00:00:18.092000,0 days 00:00:39.998000,SOFT,3.0,3.0,,,1,16.0,False,2026,Australia,R,88.095,30.005,18.092,39.998
PER,Cadillac,47.0,0 days 00:01:26.070000,0 days 00:00:30.284000,0 days 00:00:18.074000,0 days 00:00:37.712000,SOFT,4.0,3.0,,,1,16.0,False,2026,Australia,R,86.07,30.284,18.074,37.712
PER,Cadillac,48.0,0 days 00:01:26.151000,0 days 00:00:30.400000,0 days 00:00:18.042000,0 days 00:00:37.709000,SOFT,5.0,3.0,,,1,16.0,False,2026,Australia,R,86.151,30.4,18.042,37.709
PER,Cadillac,49.0,0 days 00:01:26.210000,0 days 00:00:30.263000,0 days 00:00:18.141000,0 days 00:00:37.806000,SOFT,6.0,3.0,,,1,16.0,False,2026,Australia,R,86.21,30.263,18.141,37.806
PER,Cadillac,50.0,0 days 00:01:26.085000,0 days 00:00:30.231000,0 days 00:00:18.020000,0 days 00:00:37.834000,SOFT,7.0,3.0,,,1,16.0,False,2026,Australia,R,86.085,30.231,18.02,37.834
PER,Cadillac,51.0,0 days 00:01:26.200000,0 days 00:00:30.231000,0 days 00:00:18.073000,0 days 00:00:37.896000,SOFT,8.0,3.0,,,1,16.0,False,2026,Australia,R,86.2,30.231,18.073,37.896
PER,Cadillac,52.0,0 days 00:01:26.412000,0 days 00:00:30.033000,0 days 00:00:18.306000,0 days 00:00:38.073000,SOFT,9.0,3.0,,,1,16.0,False,2026,Australia,R,86.412,30.033,18.306,38.073
PER,Cadillac,53.0,0 days 00:01:26.130000,0 days 00:00:30.276000,0 days 00:00:18.011000,0 days 00:00:37.843000,SOFT,10.0,3.0,,,1,16.0,False,2026,Australia,R,86.13,30.276,18.011,37.843
PER,Cadillac,54.0,0 days 00:01:29.959000,0 days 00:00:30.045000,0 days 00:00:18.141000,0 days 00:00:41.773000,SOFT,11.0,3.0,,,1,16.0,False,2026,Australia,R,89.959,30.045,18.141,41.773
PER,Cadillac,55.0,0 days 00:01:28.957000,0 days 00:00:32.857000,0 days 00:00:18.015000,0 days 00:00:38.085000,SOFT,12.0,3.0,,,1,16.0,False,2026,Australia,R,88.957,32.857,18.015,38.085
ANT,Mercedes,1.0,0 days 00:01:36.966000,,0 days 00:00:18.757000,0 days 00:00:38.331000,MEDIUM,1.0,1.0,,,1,7.0,False,2026,Australia,R,96.966,,18.757,38.331
ANT,Mercedes,2.0,0 days 00:01:27.129000,0 days 00:00:30.820000,0 days 00:00:18.035000,0 days 00:00:38.274000,MEDIUM,2.0,1.0,,,1,7.0,False,2026,Australia,R,87.129,30.82,18.035,38.274
ANT,Mercedes,3.0,0 days 00:01:25.463000,0 days 00:00:30.586000,0 days 00:00:18.042000,0 days 00:00:36.835000,MEDIUM,3.0,1.0,,,1,6.0,False,2026,Australia,R,85.463,30.586,18.042,36.835
ANT,Mercedes,4.0,0 days 00:01:25.411000,0 days 00:00:29.869000,0 days 00:00:17.795000,0 days 00:00:37.747000,MEDIUM,4.0,1.0,,,1,6.0,False,2026,Australia,R,85.411,29.869,17.795,37.747
ANT,Mercedes,5.0,0 days 00:01:24.499000,0 days 00:00:29.761000,0 days 00:00:18.073000,0 days 00:00:36.665000,MEDIUM,5.0,1.0,,,1,5.0,False,2026,Australia,R,84.499,29.761,18.073,36.665
ANT,Mercedes,6.0,0 days 00:01:24.024000,0 days 00:00:29.534000,0 days 00:00:17.861000,0 days 00:00:36.629000,MEDIUM,6.0,1.0,,,1,4.0,False,2026,Australia,R,84.024,29.534,17.861,36.629
ANT,Mercedes,7.0,0 days 00:01:23.835000,0 days 00:00:29.537000,0 days 00:00:18.052000,0 days 00:00:36.246000,MEDIUM,7.0,1.0,,,1,4.0,False,2026,Australia,R,83.835,29.537,18.052,36.246
ANT,Mercedes,8.0,0 days 00:01:23.683000,0 days 00:00:29.573000,0 days 00:00:17.945000,0 days 00:00:36.165000,MEDIUM,8.0,1.0,,,1,4.0,False,2026,Australia,R,83.683,29.573,17.945,36.165
ANT,Mercedes,9.0,0 days 00:01:23.908000,0 days 00:00:29.601000,0 days 00:00:17.910000,0 days 00:00:36.397000,MEDIUM,9.0,1.0,,,1,4.0,False,2026,Australia,R,83.908,29.601,17.91,36.397
ANT,Mercedes,10.0,0 days 00:01:24.037000,0 days 00:00:29.723000,0 days 00:00:17.879000,0 days 00:00:36.435000,MEDIUM,10.0,1.0,,,1,4.0,False,2026,Australia,R,84.037,29.723,17.879,36.435
ANT,Mercedes,11.0,0 days 00:01:23.890000,0 days 00:00:29.711000,0 days 00:00:17.822000,0 days 00:00:36.357000,MEDIUM,11.0,1.0,,,16,4.0,False,2026,Australia,R,83.89,29.711,17.822,36.357
ANT,Mercedes,12.0,0 days 00:02:09.682000,0 days 00:00:40.974000,0 days 00:00:29.373000,0 days 00:00:59.335000,MEDIUM,12.0,1.0,0 days 01:19:53.658000,,6,5.0,False,2026,Australia,R,129.682,40.974,29.373,59.335
ANT,Mercedes,13.0,0 days 00:01:57.691000,0 days 00:00:43.264000,0 days 00:00:28.321000,0 days 00:00:46.106000,HARD,1.0,2.0,,0 days 01:20:14.928000,67,5.0,False,2026,Australia,R,117.691,43.264,28.321,46.106
ANT,Mercedes,14.0,0 days 00:01:26.679000,0 days 00:00:32.153000,0 days 00:00:18.212000,0 days 00:00:36.314000,HARD,2.0,2.0,,,71,5.0,False,2026,Australia,R,86.679,32.153,18.212,36.314
ANT,Mercedes,15.0,0 days 00:01:23.287000,0 days 00:00:29.346000,0 days 00:00:17.730000,0 days 00:00:36.211000,HARD,3.0,2.0,,,1,5.0,False,2026,Australia,R,83.287,29.346,17.73,36.211
ANT,Mercedes,16.0,0 days 00:01:23.618000,0 days 00:00:29.345000,0 days 00:00:17.992000,0 days 00:00:36.281000,HARD,4.0,2.0,,,1,4.0,False,2026,Australia,R,83.618,29.345,17.992,36.281
ANT,Mercedes,17.0,0 days 00:01:23.260000,0 days 00:00:29.460000,0 days 00:00:17.930000,0 days 00:00:35.870000,HARD,5.0,2.0,,,1,4.0,False,2026,Australia,R,83.26,29.46,17.93,35.87
ANT,Mercedes,18.0,0 days 00:01:30.982000,0 days 00:00:29.138000,0 days 00:00:17.897000,0 days 00:00:43.947000,HARD,6.0,2.0,,,126,4.0,False,2026,Australia,R,90.982,29.138,17.897,43.947
ANT,Mercedes,19.0,0 days 00:01:55.334000,0 days 00:00:40.684000,0 days 00:00:24.847000,0 days 00:00:49.803000,HARD,7.0,2.0,,,6,4.0,False,2026,Australia,R,115.334,40.684,24.847,49.803
ANT,Mercedes,20.0,0 days 00:01:28.479000,0 days 00:00:34.654000,0 days 00:00:17.884000,0 days 00:00:35.941000,HARD,8.0,2.0,,,671,4.0,False,2026,Australia,R,88.479,34.654,17.884,35.941
ANT,Mercedes,21.0,0 days 00:01:22.781000,0 days 00:00:28.955000,0 days 00:00:17.927000,0 days 00:00:35.899000,HARD,9.0,2.0,,,1,4.0,False,2026,Australia,R,82.781,28.955,17.927,35.899
ANT,Mercedes,22.0,0 days 00:01:22.862000,0 days 00:00:28.856000,0 days 00:00:17.864000,0 days 00:00:36.142000,HARD,10.0,2.0,,,1,4.0,False,2026,Australia,R,82.862,28.856,17.864,36.142
ANT,Mercedes,23.0,0 days 00:01:22.582000,0 days 00:00:28.958000,0 days 00:00:17.767000,0 days 00:00:35.857000,HARD,11.0,2.0,,,1,4.0,False,2026,Australia,R,82.582,28.958,17.767,35.857
ANT,Mercedes,24.0,0 days 00:01:23.222000,0 days 00:00:29.329000,0 days 00:00:17.828000,0 days 00:00:36.065000,HARD,12.0,2.0,,,1,4.0,False,2026,Australia,R,83.222,29.329,17.828,36.065
ANT,Mercedes,25.0,0 days 00:01:24.545000,0 days 00:00:29.326000,0 days 00:00:17.855000,0 days 00:00:37.364000,HARD,13.0,2.0,,,1,3.0,False,2026,Australia,R,84.545,29.326,17.855,37.364
ANT,Mercedes,26.0,0 days 00:01:23.138000,0 days 00:00:29.311000,0 days 00:00:17.911000,0 days 00:00:35.916000,HARD,14.0,2.0,,,1,3.0,False,2026,Australia,R,83.138,29.311,17.911,35.916
ANT,Mercedes,27.0,0 days 00:01:23.103000,0 days 00:00:29.187000,0 days 00:00:17.915000,0 days 00:00:36.001000,HARD,15.0,2.0,,,1,3.0,False,2026,Australia,R,83.103,29.187,17.915,36.001
ANT,Mercedes,28.0,0 days 00:01:23.030000,0 days 00:00:29.174000,0 days 00:00:17.872000,0 days 00:00:35.984000,HARD,16.0,2.0,,,1,2.0,False,2026,Australia,R,83.03,29.174,17.872,35.984
ANT,Mercedes,29.0,0 days 00:01:22.968000,0 days 00:00:29.145000,0 days 00:00:17.888000,0 days 00:00:35.935000,HARD,17.0,2.0,,,1,2.0,False,2026,Australia,R,82.968,29.145,17.888,35.935
ANT,Mercedes,30.0,0 days 00:01:22.889000,0 days 00:00:29.144000,0 days 00:00:17.803000,0 days 00:00:35.942000,HARD,18.0,2.0,,,1,2.0,False,2026,Australia,R,82.889,29.144,17.803,35.942
ANT,Mercedes,31.0,0 days 00:01:22.880000,0 days 00:00:29.175000,0 days 00:00:17.772000,0 days 00:00:35.933000,HARD,19.0,2.0,,,1,2.0,False,2026,Australia,R,82.88,29.175,17.772,35.933
ANT,Mercedes,32.0,0 days 00:01:23.239000,0 days 00:00:29.509000,0 days 00:00:17.780000,0 days 00:00:35.950000,HARD,20.0,2.0,,,1,2.0,False,2026,Australia,R,83.239,29.509,17.78,35.95
ANT,Mercedes,33.0,0 days 00:01:23.017000,0 days 00:00:29.360000,0 days 00:00:17.772000,0 days 00:00:35.885000,HARD,21.0,2.0,,,1,2.0,False,2026,Australia,R,83.017,29.36,17.772,35.885
ANT,Mercedes,34.0,0 days 00:01:38.387000,0 days 00:00:29.416000,0 days 00:00:29.491000,0 days 00:00:39.480000,HARD,22.0,2.0,,,167,2.0,False,2026,Australia,R,98.387,29.416,29.491,39.48
ANT,Mercedes,35.0,0 days 00:01:23.292000,0 days 00:00:29.604000,0 days 00:00:17.871000,0 days 00:00:35.817000,HARD,23.0,2.0,,,1,2.0,False,2026,Australia,R,83.292,29.604,17.871,35.817
ANT,Mercedes,36.0,0 days 00:01:22.865000,0 days 00:00:29.264000,0 days 00:00:17.788000,0 days 00:00:35.813000,HARD,24.0,2.0,,,1,2.0,False,2026,Australia,R,82.865,29.264,17.788,35.813
ANT,Mercedes,37.0,0 days 00:01:22.966000,0 days 00:00:29.271000,0 days 00:00:17.847000,0 days 00:00:35.848000,HARD,25.0,2.0,,,1,2.0,False,2026,Australia,R,82.966,29.271,17.847,35.848
ANT,Mercedes,38.0,0 days 00:01:22.989000,0 days 00:00:29.155000,0 days 00:00:17.873000,0 days 00:00:35.961000,HARD,26.0,2.0,,,1,2.0,False,2026,Australia,R,82.989,29.155,17.873,35.961
ANT,Mercedes,39.0,0 days 00:01:22.921000,0 days 00:00:29.196000,0 days 00:00:17.847000,0 days 00:00:35.878000,HARD,27.0,2.0,,,1,2.0,False,2026,Australia,R,82.921,29.196,17.847,35.878
ANT,Mercedes,40.0,0 days 00:01:22.672000,0 days 00:00:29.100000,0 days 00:00:17.868000,0 days 00:00:35.704000,HARD,28.0,2.0,,,1,2.0,False,2026,Australia,R,82.672,29.1,17.868,35.704
ANT,Mercedes,41.0,0 days 00:01:22.928000,0 days 00:00:29.162000,0 days 00:00:17.803000,0 days 00:00:35.963000,HARD,29.0,2.0,,,1,2.0,False,2026,Australia,R,82.928,29.162,17.803,35.963
ANT,Mercedes,42.0,0 days 00:01:22.942000,0 days 00:00:29.075000,0 days 00:00:17.803000,0 days 00:00:36.064000,HARD,30.0,2.0,,,1,2.0,False,2026,Australia,R,82.942,29.075,17.803,36.064
ANT,Mercedes,43.0,0 days 00:01:23.015000,0 days 00:00:29.244000,0 days 00:00:17.820000,0 days 00:00:35.951000,HARD,31.0,2.0,,,1,2.0,False,2026,Australia,R,83.015,29.244,17.82,35.951
ANT,Mercedes,44.0,0 days 00:01:23.079000,0 days 00:00:29.252000,0 days 00:00:17.743000,0 days 00:00:36.084000,HARD,32.0,2.0,,,1,2.0,False,2026,Australia,R,83.079,29.252,17.743,36.084
ANT,Mercedes,45.0,0 days 00:01:23.123000,0 days 00:00:29.311000,0 days 00:00:17.763000,0 days 00:00:36.049000,HARD,33.0,2.0,,,1,2.0,False,2026,Australia,R,83.123,29.311,17.763,36.049
ANT,Mercedes,46.0,0 days 00:01:23.038000,0 days 00:00:29.350000,0 days 00:00:17.698000,0 days 00:00:35.990000,HARD,34.0,2.0,,,1,2.0,False,2026,Australia,R,83.038,29.35,17.698,35.99
ANT,Mercedes,47.0,0 days 00:01:23.066000,0 days 00:00:29.276000,0 days 00:00:17.687000,0 days 00:00:36.103000,HARD,35.0,2.0,,,1,2.0,False,2026,Australia,R,83.066,29.276,17.687,36.103
ANT,Mercedes,48.0,0 days 00:01:22.992000,0 days 00:00:29.415000,0 days 00:00:17.461000,0 days 00:00:36.116000,HARD,36.0,2.0,,,1,2.0,False,2026,Australia,R,82.992,29.415,17.461,36.116
ANT,Mercedes,49.0,0 days 00:01:23.245000,0 days 00:00:29.403000,0 days 00:00:17.728000,0 days 00:00:36.114000,HARD,37.0,2.0,,,1,2.0,False,2026,Australia,R,83.245,29.403,17.728,36.114
ANT,Mercedes,50.0,0 days 00:01:22.903000,0 days 00:00:29.148000,0 days 00:00:17.703000,0 days 00:00:36.052000,HARD,38.0,2.0,,,1,2.0,False,2026,Australia,R,82.903,29.148,17.703,36.052
ANT,Mercedes,51.0,0 days 00:01:22.625000,0 days 00:00:29.108000,0 days 00:00:17.706000,0 days 00:00:35.811000,HARD,39.0,2.0,,,1,2.0,False,2026,Australia,R,82.625,29.108,17.706,35.811
ANT,Mercedes,52.0,0 days 00:01:22.558000,0 days 00:00:28.925000,0 days 00:00:17.654000,0 days 00:00:35.979000,HARD,40.0,2.0,,,1,2.0,False,2026,Australia,R,82.558,28.925,17.654,35.979
ANT,Mercedes,53.0,0 days 00:01:22.613000,0 days 00:00:29.088000,0 days 00:00:17.651000,0 days 00:00:35.874000,HARD,41.0,2.0,,,1,2.0,False,2026,Australia,R,82.613,29.088,17.651,35.874
ANT,Mercedes,54.0,0 days 00:01:22.842000,0 days 00:00:29.051000,0 days 00:00:17.580000,0 days 00:00:36.211000,HARD,42.0,2.0,,,1,2.0,False,2026,Australia,R,82.842,29.051,17.58,36.211
ANT,Mercedes,55.0,0 days 00:01:22.928000,0 days 00:00:29.332000,0 days 00:00:17.668000,0 days 00:00:35.928000,HARD,43.0,2.0,,,1,2.0,False,2026,Australia,R,82.928,29.332,17.668,35.928
ANT,Mercedes,56.0,0 days 00:01:22.603000,0 days 00:00:29.022000,0 days 00:00:17.718000,0 days 00:00:35.863000,HARD,44.0,2.0,,,1,2.0,False,2026,Australia,R,82.603,29.022,17.718,35.863
ANT,Mercedes,57.0,0 days 00:01:22.417000,0 days 00:00:28.926000,0 days 00:00:17.660000,0 days 00:00:35.831000,HARD,45.0,2.0,,,1,2.0,False,2026,Australia,R,82.417,28.926,17.66,35.831
ANT,Mercedes,58.0,0 days 00:01:22.653000,0 days 00:00:29.285000,0 days 00:00:17.530000,0 days 00:00:35.838000,HARD,46.0,2.0,,,1,2.0,False,2026,Australia,R,82.653,29.285,17.53,35.838
ALO,Aston Martin,1.0,0 days 00:01:38.271000,,0 days 00:00:18.649000,0 days 00:00:38.704000,SOFT,1.0,1.0,,,1,10.0,False,2026,Australia,R,98.271,,18.649,38.704
ALO,Aston Martin,2.0,0 days 00:01:27.598000,0 days 00:00:31.374000,0 days 00:00:18.457000,0 days 00:00:37.767000,SOFT,2.0,1.0,,,1,10.0,False,2026,Australia,R,87.598,31.374,18.457,37.767
ALO,Aston Martin,3.0,0 days 00:01:28.035000,0 days 00:00:30.633000,0 days 00:00:18.400000,0 days 00:00:39.002000,SOFT,3.0,1.0,,,1,12.0,False,2026,Australia,R,88.035,30.633,18.4,39.002
ALO,Aston Martin,4.0,0 days 00:01:27.424000,0 days 00:00:31.163000,0 days 00:00:18.447000,0 days 00:00:37.814000,SOFT,4.0,1.0,,,1,12.0,False,2026,Australia,R,87.424,31.163,18.447,37.814
ALO,Aston Martin,5.0,0 days 00:01:28.835000,0 days 00:00:31.303000,0 days 00:00:18.529000,0 days 00:00:39.003000,SOFT,5.0,1.0,,,1,14.0,False,2026,Australia,R,88.835,31.303,18.529,39.003
ALO,Aston Martin,6.0,0 days 00:01:28.763000,0 days 00:00:30.861000,0 days 00:00:18.522000,0 days 00:00:39.380000,SOFT,6.0,1.0,,,1,16.0,False,2026,Australia,R,88.763,30.861,18.522,39.38
ALO,Aston Martin,7.0,0 days 00:01:27.876000,0 days 00:00:30.794000,0 days 00:00:18.262000,0 days 00:00:38.820000,SOFT,7.0,1.0,,,1,17.0,False,2026,Australia,R,87.876,30.794,18.262,38.82
ALO,Aston Martin,8.0,0 days 00:01:26.792000,0 days 00:00:30.618000,0 days 00:00:18.468000,0 days 00:00:37.706000,SOFT,8.0,1.0,,,1,17.0,False,2026,Australia,R,86.792,30.618,18.468,37.706
ALO,Aston Martin,9.0,0 days 00:01:27.040000,0 days 00:00:30.452000,0 days 00:00:18.650000,0 days 00:00:37.938000,SOFT,9.0,1.0,,,1,16.0,False,2026,Australia,R,87.04,30.452,18.65,37.938
ALO,Aston Martin,10.0,0 days 00:01:27.475000,0 days 00:00:30.587000,0 days 00:00:18.880000,0 days 00:00:38.008000,SOFT,10.0,1.0,,,1,16.0,False,2026,Australia,R,87.475,30.587,18.88,38.008
ALO,Aston Martin,11.0,0 days 00:01:59.990000,0 days 00:00:30.773000,0 days 00:00:19.575000,0 days 00:01:09.642000,SOFT,11.0,1.0,0 days 01:18:44.236000,,16,17.0,False,2026,Australia,R,119.99,30.773,19.575,69.642
ALO,Aston Martin,12.0,0 days 00:02:02.340000,0 days 00:00:44.091000,0 days 00:00:34.546000,0 days 00:00:43.703000,SOFT,1.0,2.0,,0 days 01:19:10.242000,6,16.0,False,2026,Australia,R,122.34,44.091,34.546,43.703
ALO,Aston Martin,13.0,,0 days 00:00:35.885000,0 days 00:00:25.378000,,SOFT,2.0,2.0,0 days 01:22:49.657000,,6712,19.0,False,2026,Australia,R,,35.885,25.378,
ALO,Aston Martin,14.0,0 days 00:01:38.828000,0 days 00:00:42.346000,0 days 00:00:18.951000,0 days 00:00:37.531000,SOFT,3.0,3.0,,0 days 01:39:02.289000,1,19.0,False,2026,Australia,R,98.828,42.346,18.951,37.531
ALO,Aston Martin,15.0,0 days 00:01:25.713000,0 days 00:00:29.879000,0 days 00:00:18.494000,0 days 00:00:37.340000,SOFT,4.0,3.0,,,1,19.0,False,2026,Australia,R,85.713,29.879,18.494,37.34
ALO,Aston Martin,16.0,0 days 00:01:26.131000,0 days 00:00:30.073000,0 days 00:00:18.874000,0 days 00:00:37.184000,SOFT,5.0,3.0,,,1,18.0,False,2026,Australia,R,86.131,30.073,18.874,37.184
ALO,Aston Martin,17.0,0 days 00:01:26.376000,0 days 00:00:30.067000,0 days 00:00:19.021000,0 days 00:00:37.288000,SOFT,6.0,3.0,,,1,18.0,False,2026,Australia,R,86.376,30.067,19.021,37.288
ALO,Aston Martin,18.0,0 days 00:01:25.908000,0 days 00:00:30.043000,0 days 00:00:18.796000,0 days 00:00:37.069000,SOFT,7.0,3.0,,,1,18.0,False,2026,Australia,R,85.908,30.043,18.796,37.069
ALO,Aston Martin,19.0,0 days 00:01:28.140000,0 days 00:00:30.071000,0 days 00:00:18.904000,0 days 00:00:39.165000,SOFT,8.0,3.0,,,1,18.0,False,2026,Australia,R,88.14,30.071,18.904,39.165
ALO,Aston Martin,20.0,0 days 00:01:26.641000,0 days 00:00:30.312000,0 days 00:00:18.834000,0 days 00:00:37.495000,SOFT,9.0,3.0,,,1,18.0,False,2026,Australia,R,86.641,30.312,18.834,37.495
ALO,Aston Martin,21.0,0 days 00:01:28.082000,0 days 00:00:31.697000,0 days 00:00:18.782000,0 days 00:00:37.603000,SOFT,10.0,3.0,,,1,18.0,False,2026,Australia,R,88.082,31.697,18.782,37.603
ALO,Aston Martin,22.0,,0 days 00:00:30.824000,0 days 00:00:30.521000,,SOFT,11.0,3.0,0 days 01:52:27.205000,,167,18.0,False,2026,Australia,R,,30.824,30.521,
LEC,Ferrari,1.0,0 days 00:01:31.929000,,0 days 00:00:18.663000,0 days 00:00:36.681000,MEDIUM,1.0,1.0,,,1,1.0,False,2026,Australia,R,91.929,,18.663,36.681
LEC,Ferrari,2.0,0 days 00:01:26.212000,0 days 00:00:30.116000,0 days 00:00:18.180000,0 days 00:00:37.916000,MEDIUM,2.0,1.0,,,1,2.0,False,2026,Australia,R,86.212,30.116,18.18,37.916
LEC,Ferrari,3.0,0 days 00:01:25.453000,0 days 00:00:30.141000,0 days 00:00:17.876000,0 days 00:00:37.436000,MEDIUM,3.0,1.0,,,1,1.0,False,2026,Australia,R,85.453,30.141,17.876,37.436
LEC,Ferrari,4.0,0 days 00:01:24.553000,0 days 00:00:29.990000,0 days 00:00:18.045000,0 days 00:00:36.518000,MEDIUM,4.0,1.0,,,1,1.0,False,2026,Australia,R,84.553,29.99,18.045,36.518
LEC,Ferrari,5.0,0 days 00:01:23.981000,0 days 00:00:29.542000,0 days 00:00:18.008000,0 days 00:00:36.431000,MEDIUM,5.0,1.0,,,1,1.0,False,2026,Australia,R,83.981,29.542,18.008,36.431
LEC,Ferrari,6.0,0 days 00:01:24.822000,0 days 00:00:29.775000,0 days 00:00:18.075000,0 days 00:00:36.972000,MEDIUM,6.0,1.0,,,1,1.0,False,2026,Australia,R,84.822,29.775,18.075,36.972
LEC,Ferrari,7.0,0 days 00:01:24.034000,0 days 00:00:29.693000,0 days 00:00:18.010000,0 days 00:00:36.331000,MEDIUM,7.0,1.0,,,1,1.0,False,2026,Australia,R,84.034,29.693,18.01,36.331
LEC,Ferrari,8.0,0 days 00:01:25.563000,0 days 00:00:30.478000,0 days 00:00:18.017000,0 days 00:00:37.068000,MEDIUM,8.0,1.0,,,1,1.0,False,2026,Australia,R,85.563,30.478,18.017,37.068
LEC,Ferrari,9.0,0 days 00:01:25.602000,0 days 00:00:30.791000,0 days 00:00:18.247000,0 days 00:00:36.564000,MEDIUM,9.0,1.0,,,1,1.0,False,2026,Australia,R,85.602,30.791,18.247,36.564
LEC,Ferrari,10.0,0 days 00:01:23.977000,0 days 00:00:29.824000,0 days 00:00:17.963000,0 days 00:00:36.190000,MEDIUM,10.0,1.0,,,1,1.0,False,2026,Australia,R,83.977,29.824,17.963,36.19
LEC,Ferrari,11.0,0 days 00:01:23.798000,0 days 00:00:29.585000,0 days 00:00:18.082000,0 days 00:00:36.131000,MEDIUM,11.0,1.0,,,1,1.0,False,2026,Australia,R,83.798,29.585,18.082,36.131
LEC,Ferrari,12.0,0 days 00:01:54.008000,0 days 00:00:40.041000,0 days 00:00:28.446000,0 days 00:00:45.521000,MEDIUM,12.0,1.0,,,16,1.0,False,2026,Australia,R,114.008,40.041,28.446,45.521
LEC,Ferrari,13.0,0 days 00:01:55.178000,0 days 00:00:41.178000,0 days 00:00:27.300000,0 days 00:00:46.700000,MEDIUM,13.0,1.0,,,6,1.0,False,2026,Australia,R,115.178,41.178,27.3,46.7
LEC,Ferrari,14.0,0 days 00:01:30.489000,0 days 00:00:35.983000,0 days 00:00:18.192000,0 days 00:00:36.314000,MEDIUM,14.0,1.0,,,671,1.0,False,2026,Australia,R,90.489,35.983,18.192,36.314
LEC,Ferrari,15.0,0 days 00:01:23.765000,0 days 00:00:29.539000,0 days 00:00:17.900000,0 days 00:00:36.326000,MEDIUM,15.0,1.0,,,1,1.0,False,2026,Australia,R,83.765,29.539,17.9,36.326
LEC,Ferrari,16.0,0 days 00:01:23.511000,0 days 00:00:29.393000,0 days 00:00:17.898000,0 days 00:00:36.220000,MEDIUM,16.0,1.0,,,1,1.0,False,2026,Australia,R,83.511,29.393,17.898,36.22
LEC,Ferrari,17.0,0 days 00:01:24.356000,0 days 00:00:29.858000,0 days 00:00:18.083000,0 days 00:00:36.415000,MEDIUM,17.0,1.0,,,1,1.0,False,2026,Australia,R,84.356,29.858,18.083,36.415
LEC,Ferrari,18.0,0 days 00:01:29.602000,0 days 00:00:29.353000,0 days 00:00:18.021000,0 days 00:00:42.228000,MEDIUM,18.0,1.0,,,126,1.0,False,2026,Australia,R,89.602,29.353,18.021,42.228
LEC,Ferrari,19.0,0 days 00:01:53.653000,0 days 00:00:38.364000,0 days 00:00:24.534000,0 days 00:00:50.755000,MEDIUM,19.0,1.0,,,6,1.0,False,2026,Australia,R,113.653,38.364,24.534,50.755
LEC,Ferrari,20.0,0 days 00:01:33.183000,0 days 00:00:38.397000,0 days 00:00:18.486000,0 days 00:00:36.300000,MEDIUM,20.0,1.0,,,671,1.0,False,2026,Australia,R,93.183,38.397,18.486,36.3
LEC,Ferrari,21.0,0 days 00:01:23.322000,0 days 00:00:29.324000,0 days 00:00:17.876000,0 days 00:00:36.122000,MEDIUM,21.0,1.0,,,1,1.0,False,2026,Australia,R,83.322,29.324,17.876,36.122
LEC,Ferrari,22.0,0 days 00:01:23.416000,0 days 00:00:29.349000,0 days 00:00:17.762000,0 days 00:00:36.305000,MEDIUM,22.0,1.0,,,1,1.0,False,2026,Australia,R,83.416,29.349,17.762,36.305
LEC,Ferrari,23.0,0 days 00:01:23.476000,0 days 00:00:29.500000,0 days 00:00:17.655000,0 days 00:00:36.321000,MEDIUM,23.0,1.0,,,1,1.0,False,2026,Australia,R,83.476,29.5,17.655,36.321
LEC,Ferrari,24.0,0 days 00:01:23.660000,0 days 00:00:29.602000,0 days 00:00:17.848000,0 days 00:00:36.210000,MEDIUM,24.0,1.0,,,1,1.0,False,2026,Australia,R,83.66,29.602,17.848,36.21
LEC,Ferrari,25.0,0 days 00:01:37.834000,0 days 00:00:29.658000,0 days 00:00:17.796000,0 days 00:00:50.380000,MEDIUM,25.0,1.0,0 days 01:39:23.741000,,1,4.0,False,2026,Australia,R,97.834,29.658,17.796,50.38
LEC,Ferrari,26.0,0 days 00:01:29.317000,0 days 00:00:35.370000,0 days 00:00:17.951000,0 days 00:00:35.996000,HARD,1.0,2.0,,0 days 01:39:41.666000,1,4.0,False,2026,Australia,R,89.317,35.37,17.951,35.996
LEC,Ferrari,27.0,0 days 00:01:23.106000,0 days 00:00:29.434000,0 days 00:00:17.824000,0 days 00:00:35.848000,HARD,2.0,2.0,,,1,4.0,False,2026,Australia,R,83.106,29.434,17.824,35.848
LEC,Ferrari,28.0,0 days 00:01:23.089000,0 days 00:00:29.241000,0 days 00:00:17.821000,0 days 00:00:36.027000,HARD,3.0,2.0,,,1,3.0,False,2026,Australia,R,83.089,29.241,17.821,36.027
LEC,Ferrari,29.0,0 days 00:01:22.987000,0 days 00:00:29.127000,0 days 00:00:17.756000,0 days 00:00:36.104000,HARD,4.0,2.0,,,1,3.0,False,2026,Australia,R,82.987,29.127,17.756,36.104
LEC,Ferrari,30.0,0 days 00:01:23.026000,0 days 00:00:29.173000,0 days 00:00:17.763000,0 days 00:00:36.090000,HARD,5.0,2.0,,,1,3.0,False,2026,Australia,R,83.026,29.173,17.763,36.09
LEC,Ferrari,31.0,0 days 00:01:22.934000,0 days 00:00:29.138000,0 days 00:00:17.745000,0 days 00:00:36.051000,HARD,6.0,2.0,,,1,3.0,False,2026,Australia,R,82.934,29.138,17.745,36.051
LEC,Ferrari,32.0,0 days 00:01:22.947000,0 days 00:00:29.221000,0 days 00:00:17.788000,0 days 00:00:35.938000,HARD,7.0,2.0,,,1,3.0,False,2026,Australia,R,82.947,29.221,17.788,35.938
LEC,Ferrari,33.0,0 days 00:01:23.174000,0 days 00:00:29.301000,0 days 00:00:17.756000,0 days 00:00:36.117000,HARD,8.0,2.0,,,1,3.0,False,2026,Australia,R,83.174,29.301,17.756,36.117
LEC,Ferrari,34.0,0 days 00:01:38.516000,0 days 00:00:32.568000,0 days 00:00:28.471000,0 days 00:00:37.477000,HARD,9.0,2.0,,,167,3.0,False,2026,Australia,R,98.516,32.568,28.471,37.477
LEC,Ferrari,35.0,0 days 00:01:23.542000,0 days 00:00:29.632000,0 days 00:00:17.831000,0 days 00:00:36.079000,HARD,10.0,2.0,,,1,3.0,False,2026,Australia,R,83.542,29.632,17.831,36.079
LEC,Ferrari,36.0,0 days 00:01:24.376000,0 days 00:00:29.478000,0 days 00:00:17.907000,0 days 00:00:36.991000,HARD,11.0,2.0,,,1,3.0,False,2026,Australia,R,84.376,29.478,17.907,36.991
LEC,Ferrari,37.0,0 days 00:01:23.236000,0 days 00:00:29.421000,0 days 00:00:17.866000,0 days 00:00:35.949000,HARD,12.0,2.0,,,1,3.0,False,2026,Australia,R,83.236,29.421,17.866,35.949
LEC,Ferrari,38.0,0 days 00:01:22.579000,0 days 00:00:28.995000,0 days 00:00:17.699000,0 days 00:00:35.885000,HARD,13.0,2.0,,,1,3.0,False,2026,Australia,R,82.579,28.995,17.699,35.885
LEC,Ferrari,39.0,0 days 00:01:22.728000,0 days 00:00:29.142000,0 days 00:00:17.617000,0 days 00:00:35.969000,HARD,14.0,2.0,,,1,3.0,False,2026,Australia,R,82.728,29.142,17.617,35.969
LEC,Ferrari,40.0,0 days 00:01:22.930000,0 days 00:00:29.199000,0 days 00:00:17.741000,0 days 00:00:35.990000,HARD,15.0,2.0,,,1,3.0,False,2026,Australia,R,82.93,29.199,17.741,35.99
LEC,Ferrari,41.0,0 days 00:01:22.995000,0 days 00:00:29.102000,0 days 00:00:17.730000,0 days 00:00:36.163000,HARD,16.0,2.0,,,1,3.0,False,2026,Australia,R,82.995,29.102,17.73,36.163
LEC,Ferrari,42.0,0 days 00:01:22.846000,0 days 00:00:29.167000,0 days 00:00:17.705000,0 days 00:00:35.974000,HARD,17.0,2.0,,,1,3.0,False,2026,Australia,R,82.846,29.167,17.705,35.974
LEC,Ferrari,43.0,0 days 00:01:22.750000,0 days 00:00:29.142000,0 days 00:00:17.651000,0 days 00:00:35.957000,HARD,18.0,2.0,,,1,3.0,False,2026,Australia,R,82.75,29.142,17.651,35.957
LEC,Ferrari,44.0,0 days 00:01:23.094000,0 days 00:00:29.326000,0 days 00:00:17.643000,0 days 00:00:36.125000,HARD,19.0,2.0,,,1,3.0,False,2026,Australia,R,83.094,29.326,17.643,36.125
LEC,Ferrari,45.0,0 days 00:01:23.160000,0 days 00:00:29.378000,0 days 00:00:17.651000,0 days 00:00:36.131000,HARD,20.0,2.0,,,1,3.0,False,2026,Australia,R,83.16,29.378,17.651,36.131
LEC,Ferrari,46.0,0 days 00:01:22.894000,0 days 00:00:29.254000,0 days 00:00:17.685000,0 days 00:00:35.955000,HARD,21.0,2.0,,,1,3.0,False,2026,Australia,R,82.894,29.254,17.685,35.955
LEC,Ferrari,47.0,0 days 00:01:22.952000,0 days 00:00:29.106000,0 days 00:00:17.719000,0 days 00:00:36.127000,HARD,22.0,2.0,,,1,3.0,False,2026,Australia,R,82.952,29.106,17.719,36.127
LEC,Ferrari,48.0,0 days 00:01:22.899000,0 days 00:00:29.299000,0 days 00:00:17.678000,0 days 00:00:35.922000,HARD,23.0,2.0,,,1,3.0,False,2026,Australia,R,82.899,29.299,17.678,35.922
LEC,Ferrari,49.0,0 days 00:01:23.364000,0 days 00:00:29.374000,0 days 00:00:17.664000,0 days 00:00:36.326000,HARD,24.0,2.0,,,1,3.0,False,2026,Australia,R,83.364,29.374,17.664,36.326
LEC,Ferrari,50.0,0 days 00:01:23.200000,0 days 00:00:29.246000,0 days 00:00:17.742000,0 days 00:00:36.212000,HARD,25.0,2.0,,,1,3.0,False,2026,Australia,R,83.2,29.246,17.742,36.212
LEC,Ferrari,51.0,0 days 00:01:22.989000,0 days 00:00:29.359000,0 days 00:00:17.602000,0 days 00:00:36.028000,HARD,26.0,2.0,,,1,3.0,False,2026,Australia,R,82.989,29.359,17.602,36.028
LEC,Ferrari,52.0,0 days 00:01:23.049000,0 days 00:00:29.441000,0 days 00:00:17.598000,0 days 00:00:36.010000,HARD,27.0,2.0,,,1,3.0,False,2026,Australia,R,83.049,29.441,17.598,36.01
LEC,Ferrari,53.0,0 days 00:01:23.014000,0 days 00:00:29.254000,0 days 00:00:17.635000,0 days 00:00:36.125000,HARD,28.0,2.0,,,1,3.0,False,2026,Australia,R,83.014,29.254,17.635,36.125
LEC,Ferrari,54.0,0 days 00:01:23.045000,0 days 00:00:29.077000,0 days 00:00:17.673000,0 days 00:00:36.295000,HARD,29.0,2.0,,,1,3.0,False,2026,Australia,R,83.045,29.077,17.673,36.295
LEC,Ferrari,55.0,0 days 00:01:22.825000,0 days 00:00:29.147000,0 days 00:00:17.624000,0 days 00:00:36.054000,HARD,30.0,2.0,,,1,3.0,False,2026,Australia,R,82.825,29.147,17.624,36.054
LEC,Ferrari,56.0,0 days 00:01:22.965000,0 days 00:00:29.161000,0 days 00:00:17.681000,0 days 00:00:36.123000,HARD,31.0,2.0,,,1,3.0,False,2026,Australia,R,82.965,29.161,17.681,36.123
LEC,Ferrari,57.0,0 days 00:01:23.098000,0 days 00:00:29.245000,0 days 00:00:17.621000,0 days 00:00:36.232000,HARD,32.0,2.0,,,1,3.0,False,2026,Australia,R,83.098,29.245,17.621,36.232
LEC,Ferrari,58.0,0 days 00:01:23.317000,0 days 00:00:29.364000,0 days 00:00:17.704000,0 days 00:00:36.249000,HARD,33.0,2.0,,,1,3.0,False,2026,Australia,R,83.317,29.364,17.704,36.249
STR,Aston Martin,1.0,0 days 00:01:43.370000,,0 days 00:00:19.505000,0 days 00:00:40.559000,MEDIUM,1.0,1.0,,,1,20.0,False,2026,Australia,R,103.37,,19.505,40.559
STR,Aston Martin,2.0,0 days 00:01:28.773000,0 days 00:00:31.679000,0 days 00:00:18.599000,0 days 00:00:38.495000,MEDIUM,2.0,1.0,,,1,20.0,False,2026,Australia,R,88.773,31.679,18.599,38.495
STR,Aston Martin,3.0,0 days 00:01:28.580000,0 days 00:00:31.507000,0 days 00:00:18.467000,0 days 00:00:38.606000,MEDIUM,3.0,1.0,,,1,20.0,False,2026,Australia,R,88.58,31.507,18.467,38.606
STR,Aston Martin,4.0,0 days 00:01:28.079000,0 days 00:00:31.176000,0 days 00:00:18.646000,0 days 00:00:38.257000,MEDIUM,4.0,1.0,,,1,20.0,False,2026,Australia,R,88.079,31.176,18.646,38.257
STR,Aston Martin,5.0,0 days 00:01:28.185000,0 days 00:00:31.252000,0 days 00:00:18.541000,0 days 00:00:38.392000,MEDIUM,5.0,1.0,,,1,20.0,False,2026,Australia,R,88.185,31.252,18.541,38.392
STR,Aston Martin,6.0,0 days 00:01:28.202000,0 days 00:00:31.239000,0 days 00:00:18.645000,0 days 00:00:38.318000,MEDIUM,6.0,1.0,,,1,20.0,False,2026,Australia,R,88.202,31.239,18.645,38.318
STR,Aston Martin,7.0,0 days 00:01:27.987000,0 days 00:00:31.152000,0 days 00:00:18.586000,0 days 00:00:38.249000,MEDIUM,7.0,1.0,,,1,20.0,False,2026,Australia,R,87.987,31.152,18.586,38.249
STR,Aston Martin,8.0,0 days 00:01:27.644000,0 days 00:00:30.941000,0 days 00:00:18.662000,0 days 00:00:38.041000,MEDIUM,8.0,1.0,,,1,20.0,False,2026,Australia,R,87.644,30.941,18.662,38.041
STR,Aston Martin,9.0,0 days 00:01:28.072000,0 days 00:00:30.958000,0 days 00:00:18.759000,0 days 00:00:38.355000,MEDIUM,9.0,1.0,,,1,19.0,False,2026,Australia,R,88.072,30.958,18.759,38.355
STR,Aston Martin,10.0,0 days 00:01:27.614000,0 days 00:00:31.028000,0 days 00:00:18.726000,0 days 00:00:37.860000,MEDIUM,10.0,1.0,,,1,19.0,False,2026,Australia,R,87.614,31.028,18.726,37.86
STR,Aston Martin,11.0,0 days 00:02:12.251000,0 days 00:00:30.877000,0 days 00:00:18.895000,0 days 00:01:22.479000,MEDIUM,11.0,1.0,0 days 01:18:54.258000,,16,19.0,False,2026,Australia,R,132.251,30.877,18.895,82.479
STR,Aston Martin,12.0,0 days 00:01:58.206000,0 days 00:00:43.992000,0 days 00:00:27.800000,0 days 00:00:46.414000,HARD,1.0,2.0,,0 days 01:19:31.102000,6,18.0,False,2026,Australia,R,118.206,43.992,27.8,46.414
STR,Aston Martin,13.0,0 days 00:01:38.945000,0 days 00:00:40.361000,0 days 00:00:20.569000,0 days 00:00:38.015000,HARD,2.0,2.0,,,671,17.0,False,2026,Australia,R,98.945,40.361,20.569,38.015
STR,Aston Martin,14.0,0 days 00:01:27.008000,0 days 00:00:30.582000,0 days 00:00:18.700000,0 days 00:00:37.726000,HARD,3.0,2.0,,,1,17.0,False,2026,Australia,R,87.008,30.582,18.7,37.726
STR,Aston Martin,15.0,0 days 00:01:26.872000,0 days 00:00:30.449000,0 days 00:00:18.787000,0 days 00:00:37.636000,HARD,4.0,2.0,,,1,17.0,False,2026,Australia,R,86.872,30.449,18.787,37.636
STR,Aston Martin,16.0,0 days 00:01:27.370000,0 days 00:00:30.539000,0 days 00:00:18.860000,0 days 00:00:37.971000,HARD,5.0,2.0,,,1,17.0,False,2026,Australia,R,87.37,30.539,18.86,37.971
STR,Aston Martin,17.0,0 days 00:01:30.502000,0 days 00:00:30.552000,0 days 00:00:18.854000,0 days 00:00:41.096000,HARD,6.0,2.0,,,126,17.0,False,2026,Australia,R,90.502,30.552,18.854,41.096
STR,Aston Martin,18.0,0 days 00:01:54,0 days 00:00:41.181000,0 days 00:00:23.170000,0 days 00:00:49.649000,HARD,7.0,2.0,,,6,17.0,False,2026,Australia,R,114.0,41.181,23.17,49.649
STR,Aston Martin,19.0,0 days 00:01:39.887000,0 days 00:00:39.971000,0 days 00:00:20.637000,0 days 00:00:39.279000,HARD,8.0,2.0,,,671,17.0,False,2026,Australia,R,99.887,39.971,20.637,39.279
STR,Aston Martin,20.0,0 days 00:01:28.097000,0 days 00:00:30.414000,0 days 00:00:18.829000,0 days 00:00:38.854000,HARD,9.0,2.0,,,1,17.0,False,2026,Australia,R,88.097,30.414,18.829,38.854
STR,Aston Martin,21.0,0 days 00:01:27.915000,0 days 00:00:30.951000,0 days 00:00:18.969000,0 days 00:00:37.995000,HARD,10.0,2.0,,,1,17.0,False,2026,Australia,R,87.915,30.951,18.969,37.995
STR,Aston Martin,22.0,0 days 00:01:27.480000,0 days 00:00:30.985000,0 days 00:00:18.744000,0 days 00:00:37.751000,HARD,11.0,2.0,,,1,17.0,False,2026,Australia,R,87.48,30.985,18.744,37.751
STR,Aston Martin,23.0,0 days 00:01:27.511000,0 days 00:00:30.801000,0 days 00:00:19.050000,0 days 00:00:37.660000,HARD,12.0,2.0,,,1,17.0,False,2026,Australia,R,87.511,30.801,19.05,37.66
STR,Aston Martin,24.0,0 days 00:01:27.122000,0 days 00:00:30.653000,0 days 00:00:18.936000,0 days 00:00:37.533000,HARD,13.0,2.0,,,1,17.0,False,2026,Australia,R,87.122,30.653,18.936,37.533
STR,Aston Martin,25.0,0 days 00:01:29.033000,0 days 00:00:30.673000,0 days 00:00:18.907000,0 days 00:00:39.453000,HARD,14.0,2.0,,,1,17.0,False,2026,Australia,R,89.033,30.673,18.907,39.453
STR,Aston Martin,26.0,0 days 00:01:58.866000,0 days 00:00:30.903000,0 days 00:00:18.957000,0 days 00:01:09.006000,HARD,15.0,2.0,0 days 01:42:46.531000,,1,17.0,False,2026,Australia,R,118.866,30.903,18.957,69.006
STR,Aston Martin,27.0,0 days 00:01:37.514000,0 days 00:00:38.666000,0 days 00:00:19.350000,0 days 00:00:39.498000,SOFT,1.0,3.0,,0 days 01:43:19.975000,1,17.0,False,2026,Australia,R,97.514,38.666,19.35,39.498
STR,Aston Martin,28.0,0 days 00:01:26.074000,0 days 00:00:30.185000,0 days 00:00:18.792000,0 days 00:00:37.097000,SOFT,2.0,3.0,,,1,17.0,False,2026,Australia,R,86.074,30.185,18.792,37.097
STR,Aston Martin,29.0,0 days 00:01:26.064000,0 days 00:00:30.217000,0 days 00:00:18.613000,0 days 00:00:37.234000,SOFT,3.0,3.0,,,1,17.0,False,2026,Australia,R,86.064,30.217,18.613,37.234
STR,Aston Martin,30.0,0 days 00:01:27.416000,0 days 00:00:30.233000,0 days 00:00:18.674000,0 days 00:00:38.509000,SOFT,4.0,3.0,,,1,17.0,False,2026,Australia,R,87.416,30.233,18.674,38.509
STR,Aston Martin,31.0,0 days 00:01:26.387000,0 days 00:00:30.422000,0 days 00:00:18.577000,0 days 00:00:37.388000,SOFT,5.0,3.0,,,1,17.0,False,2026,Australia,R,86.387,30.422,18.577,37.388
STR,Aston Martin,32.0,0 days 00:01:42.468000,0 days 00:00:31.787000,0 days 00:00:30.644000,0 days 00:00:40.037000,SOFT,6.0,3.0,,,167,17.0,False,2026,Australia,R,102.468,31.787,30.644,40.037
STR,Aston Martin,33.0,0 days 00:01:26.528000,0 days 00:00:30.503000,0 days 00:00:18.728000,0 days 00:00:37.297000,SOFT,7.0,3.0,,,1,17.0,False,2026,Australia,R,86.528,30.503,18.728,37.297
STR,Aston Martin,34.0,,0 days 00:00:30.496000,0 days 00:00:19.613000,,SOFT,8.0,3.0,0 days 01:55:18.611000,,1,17.0,False,2026,Australia,R,,30.496,19.613,
STR,Aston Martin,35.0,0 days 00:01:35.637000,0 days 00:00:39.439000,0 days 00:00:18.905000,0 days 00:00:37.293000,SOFT,1.0,4.0,,0 days 02:13:20.515000,1,17.0,False,2026,Australia,R,95.637,39.439,18.905,37.293
STR,Aston Martin,36.0,0 days 00:01:25.410000,0 days 00:00:29.828000,0 days 00:00:18.491000,0 days 00:00:37.091000,SOFT,2.0,4.0,,,1,17.0,False,2026,Australia,R,85.41,29.828,18.491,37.091
STR,Aston Martin,37.0,0 days 00:01:26.320000,0 days 00:00:30.139000,0 days 00:00:18.756000,0 days 00:00:37.425000,SOFT,3.0,4.0,,,1,17.0,False,2026,Australia,R,86.32,30.139,18.756,37.425
STR,Aston Martin,38.0,0 days 00:01:26.370000,0 days 00:00:30.177000,0 days 00:00:18.735000,0 days 00:00:37.458000,SOFT,4.0,4.0,,,1,17.0,False,2026,Australia,R,86.37,30.177,18.735,37.458
STR,Aston Martin,39.0,0 days 00:01:45.889000,0 days 00:00:30.411000,0 days 00:00:18.745000,0 days 00:00:56.733000,SOFT,5.0,4.0,0 days 02:20:37.402000,,1,17.0,False,2026,Australia,R,105.889,30.411,18.745,56.733
STR,Aston Martin,40.0,0 days 00:01:32.972000,0 days 00:00:36.906000,0 days 00:00:19.049000,0 days 00:00:37.017000,SOFT,1.0,5.0,,0 days 02:21:00.243000,1,17.0,False,2026,Australia,R,92.972,36.906,19.049,37.017
STR,Aston Martin,41.0,0 days 00:01:25.444000,0 days 00:00:29.694000,0 days 00:00:18.741000,0 days 00:00:37.009000,SOFT,2.0,5.0,,,1,17.0,False,2026,Australia,R,85.444,29.694,18.741,37.009
STR,Aston Martin,42.0,0 days 00:01:25.707000,0 days 00:00:29.973000,0 days 00:00:18.791000,0 days 00:00:36.943000,SOFT,3.0,5.0,,,1,17.0,False,2026,Australia,R,85.707,29.973,18.791,36.943
STR,Aston Martin,43.0,0 days 00:01:25.919000,0 days 00:00:29.948000,0 days 00:00:18.837000,0 days 00:00:37.134000,SOFT,4.0,5.0,,,1,17.0,False,2026,Australia,R,85.919,29.948,18.837,37.134
ALB,Williams,1.0,0 days 00:01:39.376000,,0 days 00:00:19.018000,0 days 00:00:39.109000,MEDIUM,1.0,1.0,,,1,12.0,False,2026,Australia,R,99.376,,19.018,39.109
ALB,Williams,2.0,0 days 00:01:27.780000,0 days 00:00:31.155000,0 days 00:00:18.160000,0 days 00:00:38.465000,MEDIUM,2.0,1.0,,,1,13.0,False,2026,Australia,R,87.78,31.155,18.16,38.465
ALB,Williams,3.0,0 days 00:01:27.512000,0 days 00:00:31.369000,0 days 00:00:18.234000,0 days 00:00:37.909000,MEDIUM,3.0,1.0,,,1,13.0,False,2026,Australia,R,87.512,31.369,18.234,37.909
ALB,Williams,4.0,0 days 00:01:27.911000,0 days 00:00:30.836000,0 days 00:00:18.153000,0 days 00:00:38.922000,MEDIUM,4.0,1.0,,,1,14.0,False,2026,Australia,R,87.911,30.836,18.153,38.922
ALB,Williams,5.0,0 days 00:01:27.176000,0 days 00:00:30.385000,0 days 00:00:18.275000,0 days 00:00:38.516000,MEDIUM,5.0,1.0,,,1,13.0,False,2026,Australia,R,87.176,30.385,18.275,38.516
ALB,Williams,6.0,0 days 00:01:26.436000,0 days 00:00:30.347000,0 days 00:00:18.545000,0 days 00:00:37.544000,MEDIUM,6.0,1.0,,,1,13.0,False,2026,Australia,R,86.436,30.347,18.545,37.544
ALB,Williams,7.0,0 days 00:01:25.688000,0 days 00:00:30.041000,0 days 00:00:18.442000,0 days 00:00:37.205000,MEDIUM,7.0,1.0,,,1,13.0,False,2026,Australia,R,85.688,30.041,18.442,37.205
ALB,Williams,8.0,0 days 00:01:25.558000,0 days 00:00:29.979000,0 days 00:00:18.318000,0 days 00:00:37.261000,MEDIUM,8.0,1.0,,,1,13.0,False,2026,Australia,R,85.558,29.979,18.318,37.261
ALB,Williams,9.0,0 days 00:01:25.728000,0 days 00:00:30.086000,0 days 00:00:18.257000,0 days 00:00:37.385000,MEDIUM,9.0,1.0,,,1,13.0,False,2026,Australia,R,85.728,30.086,18.257,37.385
ALB,Williams,10.0,0 days 00:01:26.030000,0 days 00:00:30.181000,0 days 00:00:18.432000,0 days 00:00:37.417000,MEDIUM,10.0,1.0,,,1,13.0,False,2026,Australia,R,86.03,30.181,18.432,37.417
ALB,Williams,11.0,0 days 00:01:33.980000,0 days 00:00:30.057000,0 days 00:00:18.391000,0 days 00:00:45.532000,MEDIUM,11.0,1.0,,,16,10.0,False,2026,Australia,R,93.98,30.057,18.391,45.532
ALB,Williams,12.0,0 days 00:02:05.578000,0 days 00:00:40.480000,0 days 00:00:27.083000,0 days 00:00:58.015000,MEDIUM,12.0,1.0,0 days 01:20:22.785000,,6,12.0,False,2026,Australia,R,125.578,40.48,27.083,58.015
ALB,Williams,13.0,0 days 00:01:52.348000,0 days 00:00:44.516000,0 days 00:00:26.746000,0 days 00:00:41.086000,HARD,1.0,2.0,,0 days 01:20:41.190000,671,12.0,False,2026,Australia,R,112.348,44.516,26.746,41.086
ALB,Williams,14.0,0 days 00:01:25.379000,0 days 00:00:30.090000,0 days 00:00:18.340000,0 days 00:00:36.949000,HARD,2.0,2.0,,,1,12.0,False,2026,Australia,R,85.379,30.09,18.34,36.949
ALB,Williams,15.0,0 days 00:01:25.035000,0 days 00:00:29.782000,0 days 00:00:18.291000,0 days 00:00:36.962000,HARD,3.0,2.0,,,1,12.0,False,2026,Australia,R,85.035,29.782,18.291,36.962
ALB,Williams,16.0,0 days 00:01:28.434000,0 days 00:00:32.674000,0 days 00:00:18.369000,0 days 00:00:37.391000,HARD,4.0,2.0,,,1,13.0,True,2026,Australia,R,88.434,32.674,18.369,37.391
ALB,Williams,17.0,0 days 00:01:25.662000,0 days 00:00:29.953000,0 days 00:00:18.346000,0 days 00:00:37.363000,HARD,5.0,2.0,,,1,13.0,False,2026,Australia,R,85.662,29.953,18.346,37.363
ALB,Williams,18.0,0 days 00:01:44.028000,0 days 00:00:29.856000,0 days 00:00:26.359000,0 days 00:00:47.813000,HARD,6.0,2.0,,,126,13.0,False,2026,Australia,R,104.028,29.856,26.359,47.813
ALB,Williams,19.0,0 days 00:01:49.476000,0 days 00:00:40.275000,0 days 00:00:25.064000,0 days 00:00:44.137000,HARD,7.0,2.0,,,671,13.0,False,2026,Australia,R,109.476,40.275,25.064,44.137
ALB,Williams,20.0,0 days 00:01:25.041000,0 days 00:00:29.647000,0 days 00:00:18.338000,0 days 00:00:37.056000,HARD,8.0,2.0,,,1,13.0,False,2026,Australia,R,85.041,29.647,18.338,37.056
ALB,Williams,21.0,0 days 00:01:25.065000,0 days 00:00:29.694000,0 days 00:00:18.172000,0 days 00:00:37.199000,HARD,9.0,2.0,,,1,13.0,False,2026,Australia,R,85.065,29.694,18.172,37.199
ALB,Williams,22.0,0 days 00:01:25.297000,0 days 00:00:29.771000,0 days 00:00:18.290000,0 days 00:00:37.236000,HARD,10.0,2.0,,,1,13.0,False,2026,Australia,R,85.297,29.771,18.29,37.236
ALB,Williams,23.0,0 days 00:01:25.258000,0 days 00:00:29.798000,0 days 00:00:18.173000,0 days 00:00:37.287000,HARD,11.0,2.0,,,1,13.0,False,2026,Australia,R,85.258,29.798,18.173,37.287
ALB,Williams,24.0,0 days 00:01:25.334000,0 days 00:00:29.842000,0 days 00:00:18.245000,0 days 00:00:37.247000,HARD,12.0,2.0,,,1,13.0,False,2026,Australia,R,85.334,29.842,18.245,37.247
ALB,Williams,25.0,0 days 00:01:25.569000,0 days 00:00:29.990000,0 days 00:00:18.291000,0 days 00:00:37.288000,HARD,13.0,2.0,,,1,13.0,False,2026,Australia,R,85.569,29.99,18.291,37.288
ALB,Williams,26.0,0 days 00:01:25.782000,0 days 00:00:29.871000,0 days 00:00:18.341000,0 days 00:00:37.570000,HARD,14.0,2.0,,,1,13.0,False,2026,Australia,R,85.782,29.871,18.341,37.57
ALB,Williams,27.0,0 days 00:01:25.734000,0 days 00:00:29.901000,0 days 00:00:18.232000,0 days 00:00:37.601000,HARD,15.0,2.0,,,1,13.0,False,2026,Australia,R,85.734,29.901,18.232,37.601
ALB,Williams,28.0,0 days 00:01:26.642000,0 days 00:00:30.362000,0 days 00:00:18.456000,0 days 00:00:37.824000,HARD,16.0,2.0,,,1,13.0,False,2026,Australia,R,86.642,30.362,18.456,37.824
ALB,Williams,29.0,0 days 00:01:26.614000,0 days 00:00:30.359000,0 days 00:00:18.191000,0 days 00:00:38.064000,HARD,17.0,2.0,,,1,12.0,False,2026,Australia,R,86.614,30.359,18.191,38.064
ALB,Williams,30.0,0 days 00:01:26.472000,0 days 00:00:30.327000,0 days 00:00:18.382000,0 days 00:00:37.763000,HARD,18.0,2.0,,,1,12.0,False,2026,Australia,R,86.472,30.327,18.382,37.763
ALB,Williams,31.0,0 days 00:01:26.523000,0 days 00:00:30.134000,0 days 00:00:18.460000,0 days 00:00:37.929000,HARD,19.0,2.0,,,1,12.0,False,2026,Australia,R,86.523,30.134,18.46,37.929
ALB,Williams,32.0,0 days 00:01:26.459000,0 days 00:00:30.357000,0 days 00:00:18.353000,0 days 00:00:37.749000,HARD,20.0,2.0,,,1,12.0,False,2026,Australia,R,86.459,30.357,18.353,37.749
ALB,Williams,33.0,0 days 00:01:50.030000,0 days 00:00:30.255000,0 days 00:00:18.445000,0 days 00:01:01.330000,HARD,21.0,2.0,0 days 01:51:58.614000,,167,12.0,False,2026,Australia,R,110.03,30.255,18.445,61.33
ALB,Williams,34.0,0 days 00:01:30.918000,0 days 00:00:36.035000,0 days 00:00:18.141000,0 days 00:00:36.742000,SOFT,1.0,3.0,,0 days 01:52:17.259000,1,12.0,False,2026,Australia,R,90.918,36.035,18.141,36.742
ALB,Williams,35.0,0 days 00:01:24.446000,0 days 00:00:29.483000,0 days 00:00:18.135000,0 days 00:00:36.828000,SOFT,2.0,3.0,,,1,12.0,False,2026,Australia,R,84.446,29.483,18.135,36.828
ALB,Williams,36.0,0 days 00:01:24.375000,0 days 00:00:29.418000,0 days 00:00:18.165000,0 days 00:00:36.792000,SOFT,3.0,3.0,,,1,12.0,False,2026,Australia,R,84.375,29.418,18.165,36.792
ALB,Williams,37.0,0 days 00:01:25.052000,0 days 00:00:29.898000,0 days 00:00:18.205000,0 days 00:00:36.949000,SOFT,4.0,3.0,,,1,12.0,False,2026,Australia,R,85.052,29.898,18.205,36.949
ALB,Williams,38.0,0 days 00:01:26.338000,0 days 00:00:29.646000,0 days 00:00:18.304000,0 days 00:00:38.388000,SOFT,5.0,3.0,,,1,12.0,False,2026,Australia,R,86.338,29.646,18.304,38.388
ALB,Williams,39.0,0 days 00:01:24.858000,0 days 00:00:29.970000,0 days 00:00:18.028000,0 days 00:00:36.860000,SOFT,6.0,3.0,,,1,12.0,False,2026,Australia,R,84.858,29.97,18.028,36.86
ALB,Williams,40.0,0 days 00:01:26.672000,0 days 00:00:29.920000,0 days 00:00:18.212000,0 days 00:00:38.540000,SOFT,7.0,3.0,,,1,12.0,False,2026,Australia,R,86.672,29.92,18.212,38.54
ALB,Williams,41.0,0 days 00:01:24.876000,0 days 00:00:29.843000,0 days 00:00:18.061000,0 days 00:00:36.972000,SOFT,8.0,3.0,,,1,12.0,False,2026,Australia,R,84.876,29.843,18.061,36.972
ALB,Williams,42.0,0 days 00:01:24.858000,0 days 00:00:29.705000,0 days 00:00:18.242000,0 days 00:00:36.911000,SOFT,9.0,3.0,,,1,12.0,False,2026,Australia,R,84.858,29.705,18.242,36.911
ALB,Williams,43.0,0 days 00:01:24.956000,0 days 00:00:29.745000,0 days 00:00:18.256000,0 days 00:00:36.955000,SOFT,10.0,3.0,,,1,12.0,False,2026,Australia,R,84.956,29.745,18.256,36.955
ALB,Williams,44.0,0 days 00:01:24.841000,0 days 00:00:29.537000,0 days 00:00:18.178000,0 days 00:00:37.126000,SOFT,11.0,3.0,,,1,12.0,False,2026,Australia,R,84.841,29.537,18.178,37.126
ALB,Williams,45.0,0 days 00:01:24.702000,0 days 00:00:29.548000,0 days 00:00:18.205000,0 days 00:00:36.949000,SOFT,12.0,3.0,,,1,12.0,False,2026,Australia,R,84.702,29.548,18.205,36.949
ALB,Williams,46.0,0 days 00:01:24.777000,0 days 00:00:29.574000,0 days 00:00:18.274000,0 days 00:00:36.929000,SOFT,13.0,3.0,,,1,12.0,False,2026,Australia,R,84.777,29.574,18.274,36.929
ALB,Williams,47.0,0 days 00:01:24.815000,0 days 00:00:29.602000,0 days 00:00:18.169000,0 days 00:00:37.044000,SOFT,14.0,3.0,,,1,12.0,False,2026,Australia,R,84.815,29.602,18.169,37.044
ALB,Williams,48.0,0 days 00:01:24.773000,0 days 00:00:29.606000,0 days 00:00:18.156000,0 days 00:00:37.011000,SOFT,15.0,3.0,,,1,12.0,False,2026,Australia,R,84.773,29.606,18.156,37.011
ALB,Williams,49.0,0 days 00:01:24.785000,0 days 00:00:29.474000,0 days 00:00:18.340000,0 days 00:00:36.971000,SOFT,16.0,3.0,,,1,12.0,False,2026,Australia,R,84.785,29.474,18.34,36.971
ALB,Williams,50.0,0 days 00:01:24.856000,0 days 00:00:29.794000,0 days 00:00:18.218000,0 days 00:00:36.844000,SOFT,17.0,3.0,,,1,12.0,False,2026,Australia,R,84.856,29.794,18.218,36.844
ALB,Williams,51.0,0 days 00:01:24.749000,0 days 00:00:29.468000,0 days 00:00:18.211000,0 days 00:00:37.070000,SOFT,18.0,3.0,,,1,12.0,False,2026,Australia,R,84.749,29.468,18.211,37.07
ALB,Williams,52.0,0 days 00:01:24.764000,0 days 00:00:29.582000,0 days 00:00:18.133000,0 days 00:00:37.049000,SOFT,19.0,3.0,,,1,12.0,False,2026,Australia,R,84.764,29.582,18.133,37.049
ALB,Williams,53.0,0 days 00:01:25.019000,0 days 00:00:29.769000,0 days 00:00:18.199000,0 days 00:00:37.051000,SOFT,20.0,3.0,,,1,12.0,False,2026,Australia,R,85.019,29.769,18.199,37.051
ALB,Williams,54.0,0 days 00:01:24.861000,0 days 00:00:29.690000,0 days 00:00:18.266000,0 days 00:00:36.905000,SOFT,21.0,3.0,,,1,12.0,False,2026,Australia,R,84.861,29.69,18.266,36.905
ALB,Williams,55.0,0 days 00:01:24.995000,0 days 00:00:29.747000,0 days 00:00:18.208000,0 days 00:00:37.040000,SOFT,22.0,3.0,,,1,12.0,False,2026,Australia,R,84.995,29.747,18.208,37.04
ALB,Williams,56.0,0 days 00:01:26.387000,0 days 00:00:29.824000,0 days 00:00:18.321000,0 days 00:00:38.242000,SOFT,23.0,3.0,,,1,12.0,False,2026,Australia,R,86.387,29.824,18.321,38.242
ALB,Williams,57.0,0 days 00:01:26.268000,0 days 00:00:31.326000,0 days 00:00:18.011000,0 days 00:00:36.931000,SOFT,24.0,3.0,,,1,12.0,False,2026,Australia,R,86.268,31.326,18.011,36.931
HUL,Audi,1.0,,,,,HARD,1.0,1.0,,,1,,False,2026,Australia,R,,,,
VER,Red Bull Racing,1.0,0 days 00:01:41.333000,,0 days 00:00:18.975000,0 days 00:00:39.753000,HARD,1.0,1.0,,,1,16.0,False,2026,Australia,R,101.333,,18.975,39.753
VER,Red Bull Racing,2.0,0 days 00:01:26.828000,0 days 00:00:31.200000,0 days 00:00:18.005000,0 days 00:00:37.623000,HARD,2.0,1.0,,,1,15.0,False,2026,Australia,R,86.828,31.2,18.005,37.623
VER,Red Bull Racing,3.0,0 days 00:01:27.096000,0 days 00:00:31.213000,0 days 00:00:18.031000,0 days 00:00:37.852000,HARD,3.0,1.0,,,1,14.0,False,2026,Australia,R,87.096,31.213,18.031,37.852
VER,Red Bull Racing,4.0,0 days 00:01:26.571000,0 days 00:00:30.547000,0 days 00:00:17.928000,0 days 00:00:38.096000,HARD,4.0,1.0,,,1,13.0,False,2026,Australia,R,86.571,30.547,17.928,38.096
VER,Red Bull Racing,5.0,0 days 00:01:24.879000,0 days 00:00:29.902000,0 days 00:00:18.360000,0 days 00:00:36.617000,HARD,5.0,1.0,,,1,12.0,False,2026,Australia,R,84.879,29.902,18.36,36.617
VER,Red Bull Racing,6.0,0 days 00:01:24.968000,0 days 00:00:30.063000,0 days 00:00:17.806000,0 days 00:00:37.099000,HARD,6.0,1.0,,,1,11.0,False,2026,Australia,R,84.968,30.063,17.806,37.099
VER,Red Bull Racing,7.0,0 days 00:01:25.384000,0 days 00:00:30.335000,0 days 00:00:18.224000,0 days 00:00:36.825000,HARD,7.0,1.0,,,1,11.0,False,2026,Australia,R,85.384,30.335,18.224,36.825
VER,Red Bull Racing,8.0,0 days 00:01:24.707000,0 days 00:00:29.790000,0 days 00:00:18.051000,0 days 00:00:36.866000,HARD,8.0,1.0,,,1,10.0,False,2026,Australia,R,84.707,29.79,18.051,36.866
VER,Red Bull Racing,9.0,0 days 00:01:25.071000,0 days 00:00:29.879000,0 days 00:00:17.966000,0 days 00:00:37.226000,HARD,9.0,1.0,,,1,10.0,False,2026,Australia,R,85.071,29.879,17.966,37.226
VER,Red Bull Racing,10.0,0 days 00:01:25.133000,0 days 00:00:30.036000,0 days 00:00:17.609000,0 days 00:00:37.488000,HARD,10.0,1.0,,,1,9.0,False,2026,Australia,R,85.133,30.036,17.609,37.488
VER,Red Bull Racing,11.0,0 days 00:01:31.029000,0 days 00:00:29.804000,0 days 00:00:18.006000,0 days 00:00:43.219000,HARD,11.0,1.0,,,16,6.0,False,2026,Australia,R,91.029,29.804,18.006,43.219
VER,Red Bull Racing,12.0,0 days 00:01:54.214000,0 days 00:00:39.818000,0 days 00:00:27.803000,0 days 00:00:46.593000,HARD,12.0,1.0,,,6,6.0,False,2026,Australia,R,114.214,39.818,27.803,46.593
VER,Red Bull Racing,13.0,0 days 00:01:54.861000,0 days 00:00:40.500000,0 days 00:00:28.662000,0 days 00:00:45.699000,HARD,13.0,1.0,,,67,6.0,False,2026,Australia,R,114.861,40.5,28.662,45.699
VER,Red Bull Racing,14.0,0 days 00:01:26.130000,0 days 00:00:31.326000,0 days 00:00:18.104000,0 days 00:00:36.700000,HARD,14.0,1.0,,,71,6.0,False,2026,Australia,R,86.13,31.326,18.104,36.7
VER,Red Bull Racing,15.0,0 days 00:01:24.098000,0 days 00:00:29.618000,0 days 00:00:17.939000,0 days 00:00:36.541000,HARD,15.0,1.0,,,1,6.0,False,2026,Australia,R,84.098,29.618,17.939,36.541
VER,Red Bull Racing,16.0,0 days 00:01:24.606000,0 days 00:00:29.522000,0 days 00:00:18.040000,0 days 00:00:37.044000,HARD,16.0,1.0,,,1,6.0,False,2026,Australia,R,84.606,29.522,18.04,37.044
VER,Red Bull Racing,17.0,0 days 00:01:24.757000,0 days 00:00:29.737000,0 days 00:00:17.967000,0 days 00:00:37.053000,HARD,17.0,1.0,,,1,6.0,False,2026,Australia,R,84.757,29.737,17.967,37.053
VER,Red Bull Racing,18.0,0 days 00:01:48.547000,0 days 00:00:30.110000,0 days 00:00:17.724000,0 days 00:01:00.713000,HARD,18.0,1.0,0 days 01:29:23.209000,,126,7.0,False,2026,Australia,R,108.547,30.11,17.724,60.713
VER,Red Bull Racing,19.0,0 days 00:01:56.349000,0 days 00:00:42.485000,0 days 00:00:26.161000,0 days 00:00:47.703000,MEDIUM,1.0,2.0,,0 days 01:29:42.692000,671,7.0,False,2026,Australia,R,116.349,42.485,26.161,47.703
VER,Red Bull Racing,20.0,0 days 00:01:23.566000,0 days 00:00:29.779000,0 days 00:00:17.769000,0 days 00:00:36.018000,MEDIUM,2.0,2.0,,,1,6.0,False,2026,Australia,R,83.566,29.779,17.769,36.018
VER,Red Bull Racing,21.0,0 days 00:01:23.536000,0 days 00:00:29.143000,0 days 00:00:18.110000,0 days 00:00:36.283000,MEDIUM,3.0,2.0,,,1,6.0,False,2026,Australia,R,83.536,29.143,18.11,36.283
VER,Red Bull Racing,22.0,0 days 00:01:23.458000,0 days 00:00:29.148000,0 days 00:00:17.987000,0 days 00:00:36.323000,MEDIUM,4.0,2.0,,,1,6.0,False,2026,Australia,R,83.458,29.148,17.987,36.323
VER,Red Bull Racing,23.0,0 days 00:01:23.516000,0 days 00:00:29.193000,0 days 00:00:18.022000,0 days 00:00:36.301000,MEDIUM,5.0,2.0,,,1,6.0,False,2026,Australia,R,83.516,29.193,18.022,36.301
VER,Red Bull Racing,24.0,0 days 00:01:23.472000,0 days 00:00:29.331000,0 days 00:00:17.986000,0 days 00:00:36.155000,MEDIUM,6.0,2.0,,,1,6.0,False,2026,Australia,R,83.472,29.331,17.986,36.155
VER,Red Bull Racing,25.0,0 days 00:01:23.554000,0 days 00:00:29.364000,0 days 00:00:17.930000,0 days 00:00:36.260000,MEDIUM,7.0,2.0,,,1,6.0,False,2026,Australia,R,83.554,29.364,17.93,36.26
VER,Red Bull Racing,26.0,0 days 00:01:23.363000,0 days 00:00:29.297000,0 days 00:00:17.886000,0 days 00:00:36.180000,MEDIUM,8.0,2.0,,,1,6.0,False,2026,Australia,R,83.363,29.297,17.886,36.18
VER,Red Bull Racing,27.0,0 days 00:01:23.740000,0 days 00:00:29.355000,0 days 00:00:17.915000,0 days 00:00:36.470000,MEDIUM,9.0,2.0,,,1,6.0,False,2026,Australia,R,83.74,29.355,17.915,36.47
VER,Red Bull Racing,28.0,0 days 00:01:23.463000,0 days 00:00:29.351000,0 days 00:00:17.958000,0 days 00:00:36.154000,MEDIUM,10.0,2.0,,,1,6.0,False,2026,Australia,R,83.463,29.351,17.958,36.154
VER,Red Bull Racing,29.0,0 days 00:01:23.439000,0 days 00:00:29.240000,0 days 00:00:17.886000,0 days 00:00:36.313000,MEDIUM,11.0,2.0,,,1,6.0,False,2026,Australia,R,83.439,29.24,17.886,36.313
VER,Red Bull Racing,30.0,0 days 00:01:23.390000,0 days 00:00:29.256000,0 days 00:00:17.871000,0 days 00:00:36.263000,MEDIUM,12.0,2.0,,,1,6.0,False,2026,Australia,R,83.39,29.256,17.871,36.263
VER,Red Bull Racing,31.0,0 days 00:01:23.510000,0 days 00:00:29.324000,0 days 00:00:17.844000,0 days 00:00:36.342000,MEDIUM,13.0,2.0,,,1,6.0,False,2026,Australia,R,83.51,29.324,17.844,36.342
VER,Red Bull Racing,32.0,0 days 00:01:23.587000,0 days 00:00:29.193000,0 days 00:00:17.877000,0 days 00:00:36.517000,MEDIUM,14.0,2.0,,,1,6.0,False,2026,Australia,R,83.587,29.193,17.877,36.517
VER,Red Bull Racing,33.0,0 days 00:01:23.930000,0 days 00:00:29.526000,0 days 00:00:17.854000,0 days 00:00:36.550000,MEDIUM,15.0,2.0,,,1,6.0,False,2026,Australia,R,83.93,29.526,17.854,36.55
VER,Red Bull Racing,34.0,0 days 00:01:38.216000,0 days 00:00:39.424000,0 days 00:00:22.416000,0 days 00:00:36.376000,MEDIUM,16.0,2.0,,,167,5.0,False,2026,Australia,R,98.216,39.424,22.416,36.376
VER,Red Bull Racing,35.0,0 days 00:01:24.556000,0 days 00:00:29.456000,0 days 00:00:18.087000,0 days 00:00:37.013000,MEDIUM,17.0,2.0,,,1,5.0,False,2026,Australia,R,84.556,29.456,18.087,37.013
VER,Red Bull Racing,36.0,0 days 00:01:23.967000,0 days 00:00:29.510000,0 days 00:00:18.177000,0 days 00:00:36.280000,MEDIUM,18.0,2.0,,,1,5.0,False,2026,Australia,R,83.967,29.51,18.177,36.28
VER,Red Bull Racing,37.0,0 days 00:01:23.675000,0 days 00:00:29.340000,0 days 00:00:18.180000,0 days 00:00:36.155000,MEDIUM,19.0,2.0,,,1,5.0,False,2026,Australia,R,83.675,29.34,18.18,36.155
VER,Red Bull Racing,38.0,0 days 00:01:23.912000,0 days 00:00:29.242000,0 days 00:00:18.212000,0 days 00:00:36.458000,MEDIUM,20.0,2.0,,,1,5.0,False,2026,Australia,R,83.912,29.242,18.212,36.458
VER,Red Bull Racing,39.0,0 days 00:01:23.715000,0 days 00:00:29.316000,0 days 00:00:18.034000,0 days 00:00:36.365000,MEDIUM,21.0,2.0,,,1,5.0,False,2026,Australia,R,83.715,29.316,18.034,36.365
VER,Red Bull Racing,40.0,0 days 00:01:24.595000,0 days 00:00:29.579000,0 days 00:00:17.878000,0 days 00:00:37.138000,MEDIUM,22.0,2.0,,,1,5.0,False,2026,Australia,R,84.595,29.579,17.878,37.138
VER,Red Bull Racing,41.0,0 days 00:01:38.866000,0 days 00:00:29.633000,0 days 00:00:17.899000,0 days 00:00:51.334000,MEDIUM,23.0,2.0,0 days 02:02:31.678000,,1,5.0,False,2026,Australia,R,98.866,29.633,17.899,51.334
VER,Red Bull Racing,42.0,0 days 00:01:27.991000,0 days 00:00:34.309000,0 days 00:00:17.942000,0 days 00:00:35.740000,HARD,1.0,3.0,,0 days 02:02:49.983000,1,6.0,False,2026,Australia,R,87.991,34.309,17.942,35.74
VER,Red Bull Racing,43.0,0 days 00:01:22.091000,0 days 00:00:28.823000,0 days 00:00:17.616000,0 days 00:00:35.652000,HARD,2.0,3.0,,,1,6.0,False,2026,Australia,R,82.091,28.823,17.616,35.652
VER,Red Bull Racing,44.0,0 days 00:01:22.520000,0 days 00:00:28.919000,0 days 00:00:17.767000,0 days 00:00:35.834000,HARD,3.0,3.0,,,1,6.0,False,2026,Australia,R,82.52,28.919,17.767,35.834
VER,Red Bull Racing,45.0,0 days 00:01:22.453000,0 days 00:00:28.859000,0 days 00:00:17.681000,0 days 00:00:35.913000,HARD,4.0,3.0,,,1,6.0,False,2026,Australia,R,82.453,28.859,17.681,35.913
VER,Red Bull Racing,46.0,0 days 00:01:22.810000,0 days 00:00:29.220000,0 days 00:00:17.664000,0 days 00:00:35.926000,HARD,5.0,3.0,,,1,6.0,False,2026,Australia,R,82.81,29.22,17.664,35.926
VER,Red Bull Racing,47.0,0 days 00:01:22.489000,0 days 00:00:28.873000,0 days 00:00:17.603000,0 days 00:00:36.013000,HARD,6.0,3.0,,,1,6.0,False,2026,Australia,R,82.489,28.873,17.603,36.013
VER,Red Bull Racing,48.0,0 days 00:01:22.906000,0 days 00:00:29.093000,0 days 00:00:17.536000,0 days 00:00:36.277000,HARD,7.0,3.0,,,1,6.0,False,2026,Australia,R,82.906,29.093,17.536,36.277
VER,Red Bull Racing,49.0,0 days 00:01:22.939000,0 days 00:00:29.150000,0 days 00:00:17.584000,0 days 00:00:36.205000,HARD,8.0,3.0,,,1,6.0,False,2026,Australia,R,82.939,29.15,17.584,36.205
VER,Red Bull Racing,50.0,0 days 00:01:22.738000,0 days 00:00:29.125000,0 days 00:00:17.654000,0 days 00:00:35.959000,HARD,9.0,3.0,,,1,6.0,False,2026,Australia,R,82.738,29.125,17.654,35.959
VER,Red Bull Racing,51.0,0 days 00:01:22.690000,0 days 00:00:29.042000,0 days 00:00:17.676000,0 days 00:00:35.972000,HARD,10.0,3.0,,,1,6.0,False,2026,Australia,R,82.69,29.042,17.676,35.972
VER,Red Bull Racing,52.0,0 days 00:01:22.683000,0 days 00:00:28.971000,0 days 00:00:17.606000,0 days 00:00:36.106000,HARD,11.0,3.0,,,1,6.0,False,2026,Australia,R,82.683,28.971,17.606,36.106
VER,Red Bull Racing,53.0,0 days 00:01:23.109000,0 days 00:00:29.115000,0 days 00:00:17.894000,0 days 00:00:36.100000,HARD,12.0,3.0,,,1,6.0,False,2026,Australia,R,83.109,29.115,17.894,36.1
VER,Red Bull Racing,54.0,0 days 00:01:23.090000,0 days 00:00:29.024000,0 days 00:00:17.803000,0 days 00:00:36.263000,HARD,13.0,3.0,,,1,6.0,False,2026,Australia,R,83.09,29.024,17.803,36.263
VER,Red Bull Racing,55.0,0 days 00:01:23.211000,0 days 00:00:29.154000,0 days 00:00:17.844000,0 days 00:00:36.213000,HARD,14.0,3.0,,,1,6.0,False,2026,Australia,R,83.211,29.154,17.844,36.213
VER,Red Bull Racing,56.0,0 days 00:01:23.109000,0 days 00:00:29.051000,0 days 00:00:17.734000,0 days 00:00:36.324000,HARD,15.0,3.0,,,1,6.0,False,2026,Australia,R,83.109,29.051,17.734,36.324
VER,Red Bull Racing,57.0,0 days 00:01:23.469000,0 days 00:00:29.153000,0 days 00:00:17.830000,0 days 00:00:36.486000,HARD,16.0,3.0,,,1,6.0,False,2026,Australia,R,83.469,29.153,17.83,36.486
VER,Red Bull Racing,58.0,0 days 00:01:23.533000,0 days 00:00:29.247000,0 days 00:00:17.832000,0 days 00:00:36.454000,HARD,17.0,3.0,,,1,6.0,False,2026,Australia,R,83.533,29.247,17.832,36.454
LAW,Racing Bulls,1.0,0 days 00:01:42.188000,,0 days 00:00:19.280000,0 days 00:00:39.431000,MEDIUM,1.0,1.0,,,1,18.0,False,2026,Australia,R,102.188,,19.28,39.431
LAW,Racing Bulls,2.0,0 days 00:01:28.537000,0 days 00:00:31.545000,0 days 00:00:18.100000,0 days 00:00:38.892000,MEDIUM,2.0,1.0,,,1,17.0,False,2026,Australia,R,88.537,31.545,18.1,38.892
LAW,Racing Bulls,3.0,0 days 00:01:26.869000,0 days 00:00:30.837000,0 days 00:00:18.295000,0 days 00:00:37.737000,MEDIUM,3.0,1.0,,,1,17.0,False,2026,Australia,R,86.869,30.837,18.295,37.737
LAW,Racing Bulls,4.0,0 days 00:01:26.661000,0 days 00:00:30.649000,0 days 00:00:17.998000,0 days 00:00:38.014000,MEDIUM,4.0,1.0,,,1,17.0,False,2026,Australia,R,86.661,30.649,17.998,38.014
LAW,Racing Bulls,5.0,0 days 00:01:27.142000,0 days 00:00:30.770000,0 days 00:00:17.979000,0 days 00:00:38.393000,MEDIUM,5.0,1.0,,,1,17.0,False,2026,Australia,R,87.142,30.77,17.979,38.393
LAW,Racing Bulls,6.0,0 days 00:01:27.960000,0 days 00:00:31.183000,0 days 00:00:18.191000,0 days 00:00:38.586000,MEDIUM,6.0,1.0,,,1,17.0,False,2026,Australia,R,87.96,31.183,18.191,38.586
LAW,Racing Bulls,7.0,0 days 00:01:26.644000,0 days 00:00:30.977000,0 days 00:00:18.039000,0 days 00:00:37.628000,MEDIUM,7.0,1.0,,,1,16.0,False,2026,Australia,R,86.644,30.977,18.039,37.628
LAW,Racing Bulls,8.0,0 days 00:01:25.888000,0 days 00:00:30.435000,0 days 00:00:18.082000,0 days 00:00:37.371000,MEDIUM,8.0,1.0,,,1,16.0,False,2026,Australia,R,85.888,30.435,18.082,37.371
LAW,Racing Bulls,9.0,0 days 00:01:26.025000,0 days 00:00:30.229000,0 days 00:00:18.073000,0 days 00:00:37.723000,MEDIUM,9.0,1.0,,,1,15.0,False,2026,Australia,R,86.025,30.229,18.073,37.723
LAW,Racing Bulls,10.0,0 days 00:01:25.751000,0 days 00:00:30.485000,0 days 00:00:18.132000,0 days 00:00:37.134000,MEDIUM,10.0,1.0,,,1,15.0,False,2026,Australia,R,85.751,30.485,18.132,37.134
LAW,Racing Bulls,11.0,0 days 00:01:50.026000,0 days 00:00:30.604000,0 days 00:00:18.153000,0 days 00:01:01.269000,MEDIUM,11.0,1.0,0 days 01:18:36.737000,,16,16.0,False,2026,Australia,R,110.026,30.604,18.153,61.269
LAW,Racing Bulls,12.0,0 days 00:02:10.384000,0 days 00:00:47.420000,0 days 00:00:40.637000,0 days 00:00:42.327000,HARD,1.0,2.0,,0 days 01:18:56.054000,6,15.0,False,2026,Australia,R,130.384,47.42,40.637,42.327
LAW,Racing Bulls,13.0,0 days 00:01:35.450000,0 days 00:00:33.059000,0 days 00:00:23.573000,0 days 00:00:38.818000,HARD,2.0,2.0,,,671,15.0,False,2026,Australia,R,95.45,33.059,23.573,38.818
LAW,Racing Bulls,14.0,0 days 00:01:25.233000,0 days 00:00:29.733000,0 days 00:00:18.130000,0 days 00:00:37.370000,HARD,3.0,2.0,,,1,15.0,False,2026,Australia,R,85.233,29.733,18.13,37.37
LAW,Racing Bulls,15.0,0 days 00:01:26.791000,0 days 00:00:30.225000,0 days 00:00:17.908000,0 days 00:00:38.658000,HARD,4.0,2.0,,,1,15.0,False,2026,Australia,R,86.791,30.225,17.908,38.658
LAW,Racing Bulls,16.0,0 days 00:01:29.919000,0 days 00:00:32.870000,0 days 00:00:18.431000,0 days 00:00:38.618000,HARD,5.0,2.0,,,1,14.0,True,2026,Australia,R,89.919,32.87,18.431,38.618
LAW,Racing Bulls,17.0,0 days 00:01:25.839000,0 days 00:00:30.269000,0 days 00:00:18.180000,0 days 00:00:37.390000,HARD,6.0,2.0,,,1,14.0,False,2026,Australia,R,85.839,30.269,18.18,37.39
LAW,Racing Bulls,18.0,0 days 00:01:48.965000,0 days 00:00:36.165000,0 days 00:00:24.070000,0 days 00:00:48.730000,HARD,7.0,2.0,,,126,14.0,False,2026,Australia,R,108.965,36.165,24.07,48.73
LAW,Racing Bulls,19.0,0 days 00:01:45.808000,0 days 00:00:41.187000,0 days 00:00:24.218000,0 days 00:00:40.403000,HARD,8.0,2.0,,,671,14.0,False,2026,Australia,R,105.808,41.187,24.218,40.403
LAW,Racing Bulls,20.0,0 days 00:01:25.068000,0 days 00:00:29.568000,0 days 00:00:18.433000,0 days 00:00:37.067000,HARD,9.0,2.0,,,1,14.0,False,2026,Australia,R,85.068,29.568,18.433,37.067
LAW,Racing Bulls,21.0,0 days 00:01:24.910000,0 days 00:00:29.999000,0 days 00:00:17.994000,0 days 00:00:36.917000,HARD,10.0,2.0,,,1,14.0,False,2026,Australia,R,84.91,29.999,17.994,36.917
LAW,Racing Bulls,22.0,0 days 00:01:25.041000,0 days 00:00:29.874000,0 days 00:00:18.032000,0 days 00:00:37.135000,HARD,11.0,2.0,,,1,14.0,False,2026,Australia,R,85.041,29.874,18.032,37.135
LAW,Racing Bulls,23.0,0 days 00:01:25.074000,0 days 00:00:30.148000,0 days 00:00:17.998000,0 days 00:00:36.928000,HARD,12.0,2.0,,,1,14.0,False,2026,Australia,R,85.074,30.148,17.998,36.928
LAW,Racing Bulls,24.0,0 days 00:01:26.526000,0 days 00:00:30.096000,0 days 00:00:18.083000,0 days 00:00:38.347000,HARD,13.0,2.0,,,1,14.0,False,2026,Australia,R,86.526,30.096,18.083,38.347
LAW,Racing Bulls,25.0,0 days 00:01:25.255000,0 days 00:00:30.197000,0 days 00:00:18.086000,0 days 00:00:36.972000,HARD,14.0,2.0,,,1,14.0,False,2026,Australia,R,85.255,30.197,18.086,36.972
LAW,Racing Bulls,26.0,0 days 00:01:24.972000,0 days 00:00:29.780000,0 days 00:00:18.048000,0 days 00:00:37.144000,HARD,15.0,2.0,,,1,14.0,False,2026,Australia,R,84.972,29.78,18.048,37.144
LAW,Racing Bulls,27.0,0 days 00:01:25.173000,0 days 00:00:30,0 days 00:00:18.079000,0 days 00:00:37.094000,HARD,16.0,2.0,,,1,14.0,False,2026,Australia,R,85.173,30.0,18.079,37.094
LAW,Racing Bulls,28.0,0 days 00:01:25.377000,0 days 00:00:30.088000,0 days 00:00:18.065000,0 days 00:00:37.224000,HARD,17.0,2.0,,,1,14.0,False,2026,Australia,R,85.377,30.088,18.065,37.224
LAW,Racing Bulls,29.0,0 days 00:01:25.253000,0 days 00:00:30.109000,0 days 00:00:18.063000,0 days 00:00:37.081000,HARD,18.0,2.0,,,1,14.0,False,2026,Australia,R,85.253,30.109,18.063,37.081
LAW,Racing Bulls,30.0,0 days 00:01:25.650000,0 days 00:00:30.163000,0 days 00:00:18.125000,0 days 00:00:37.362000,HARD,19.0,2.0,,,1,14.0,False,2026,Australia,R,85.65,30.163,18.125,37.362
LAW,Racing Bulls,31.0,0 days 00:01:25.792000,0 days 00:00:30.358000,0 days 00:00:18.099000,0 days 00:00:37.335000,HARD,20.0,2.0,,,1,14.0,False,2026,Australia,R,85.792,30.358,18.099,37.335
LAW,Racing Bulls,32.0,0 days 00:01:25.867000,0 days 00:00:30.132000,0 days 00:00:18.063000,0 days 00:00:37.672000,HARD,21.0,2.0,,,1,14.0,False,2026,Australia,R,85.867,30.132,18.063,37.672
LAW,Racing Bulls,33.0,0 days 00:01:54.107000,0 days 00:00:30.338000,0 days 00:00:23.781000,0 days 00:00:59.988000,HARD,22.0,2.0,0 days 01:52:10.404000,,167,13.0,False,2026,Australia,R,114.107,30.338,23.781,59.988
LAW,Racing Bulls,34.0,0 days 00:01:30.927000,0 days 00:00:35.612000,0 days 00:00:18.018000,0 days 00:00:37.297000,SOFT,1.0,3.0,,0 days 01:52:28.510000,1,14.0,False,2026,Australia,R,90.927,35.612,18.018,37.297
LAW,Racing Bulls,35.0,0 days 00:01:24.210000,0 days 00:00:29.684000,0 days 00:00:17.768000,0 days 00:00:36.758000,SOFT,2.0,3.0,,,1,14.0,False,2026,Australia,R,84.21,29.684,17.768,36.758
LAW,Racing Bulls,36.0,0 days 00:01:26.728000,0 days 00:00:31.791000,0 days 00:00:17.800000,0 days 00:00:37.137000,SOFT,3.0,3.0,,,1,14.0,False,2026,Australia,R,86.728,31.791,17.8,37.137
LAW,Racing Bulls,37.0,0 days 00:01:25.740000,0 days 00:00:30.472000,0 days 00:00:17.992000,0 days 00:00:37.276000,SOFT,4.0,3.0,,,1,13.0,False,2026,Australia,R,85.74,30.472,17.992,37.276
LAW,Racing Bulls,38.0,0 days 00:01:24.423000,0 days 00:00:29.858000,0 days 00:00:17.952000,0 days 00:00:36.613000,SOFT,5.0,3.0,,,1,13.0,False,2026,Australia,R,84.423,29.858,17.952,36.613
LAW,Racing Bulls,39.0,0 days 00:01:24.124000,0 days 00:00:29.654000,0 days 00:00:17.837000,0 days 00:00:36.633000,SOFT,6.0,3.0,,,1,13.0,False,2026,Australia,R,84.124,29.654,17.837,36.633
LAW,Racing Bulls,40.0,0 days 00:01:24.077000,0 days 00:00:29.497000,0 days 00:00:17.953000,0 days 00:00:36.627000,SOFT,7.0,3.0,,,1,13.0,False,2026,Australia,R,84.077,29.497,17.953,36.627
LAW,Racing Bulls,41.0,0 days 00:01:23.920000,0 days 00:00:29.490000,0 days 00:00:17.906000,0 days 00:00:36.524000,SOFT,8.0,3.0,,,1,13.0,False,2026,Australia,R,83.92,29.49,17.906,36.524
LAW,Racing Bulls,42.0,0 days 00:01:24.048000,0 days 00:00:29.555000,0 days 00:00:17.970000,0 days 00:00:36.523000,SOFT,9.0,3.0,,,1,13.0,False,2026,Australia,R,84.048,29.555,17.97,36.523
LAW,Racing Bulls,43.0,0 days 00:01:24.232000,0 days 00:00:29.564000,0 days 00:00:18.033000,0 days 00:00:36.635000,SOFT,10.0,3.0,,,1,13.0,False,2026,Australia,R,84.232,29.564,18.033,36.635
LAW,Racing Bulls,44.0,0 days 00:01:24.071000,0 days 00:00:29.647000,0 days 00:00:17.945000,0 days 00:00:36.479000,SOFT,11.0,3.0,,,1,13.0,False,2026,Australia,R,84.071,29.647,17.945,36.479
LAW,Racing Bulls,45.0,0 days 00:01:24.310000,0 days 00:00:29.849000,0 days 00:00:18.022000,0 days 00:00:36.439000,SOFT,12.0,3.0,,,1,13.0,False,2026,Australia,R,84.31,29.849,18.022,36.439
LAW,Racing Bulls,46.0,0 days 00:01:24.023000,0 days 00:00:29.625000,0 days 00:00:17.849000,0 days 00:00:36.549000,SOFT,13.0,3.0,,,1,13.0,False,2026,Australia,R,84.023,29.625,17.849,36.549
LAW,Racing Bulls,47.0,0 days 00:01:23.783000,0 days 00:00:29.407000,0 days 00:00:17.848000,0 days 00:00:36.528000,SOFT,14.0,3.0,,,1,13.0,False,2026,Australia,R,83.783,29.407,17.848,36.528
LAW,Racing Bulls,48.0,0 days 00:01:24.222000,0 days 00:00:29.646000,0 days 00:00:17.894000,0 days 00:00:36.682000,SOFT,15.0,3.0,,,1,13.0,False,2026,Australia,R,84.222,29.646,17.894,36.682
LAW,Racing Bulls,49.0,0 days 00:01:23.932000,0 days 00:00:29.404000,0 days 00:00:17.932000,0 days 00:00:36.596000,SOFT,16.0,3.0,,,1,13.0,False,2026,Australia,R,83.932,29.404,17.932,36.596
LAW,Racing Bulls,50.0,0 days 00:01:23.912000,0 days 00:00:29.434000,0 days 00:00:17.783000,0 days 00:00:36.695000,SOFT,17.0,3.0,,,1,13.0,False,2026,Australia,R,83.912,29.434,17.783,36.695
LAW,Racing Bulls,51.0,0 days 00:01:24.460000,0 days 00:00:29.699000,0 days 00:00:17.888000,0 days 00:00:36.873000,SOFT,18.0,3.0,,,1,13.0,False,2026,Australia,R,84.46,29.699,17.888,36.873
LAW,Racing Bulls,52.0,0 days 00:01:24.665000,0 days 00:00:29.812000,0 days 00:00:17.679000,0 days 00:00:37.174000,SOFT,19.0,3.0,,,1,13.0,False,2026,Australia,R,84.665,29.812,17.679,37.174
LAW,Racing Bulls,53.0,0 days 00:01:25.162000,0 days 00:00:29.988000,0 days 00:00:17.791000,0 days 00:00:37.383000,SOFT,20.0,3.0,,,1,13.0,False,2026,Australia,R,85.162,29.988,17.791,37.383
LAW,Racing Bulls,54.0,0 days 00:01:24.525000,0 days 00:00:29.874000,0 days 00:00:17.754000,0 days 00:00:36.897000,SOFT,21.0,3.0,,,1,13.0,False,2026,Australia,R,84.525,29.874,17.754,36.897
LAW,Racing Bulls,55.0,0 days 00:01:25.123000,0 days 00:00:30.102000,0 days 00:00:17.996000,0 days 00:00:37.025000,SOFT,22.0,3.0,,,1,13.0,False,2026,Australia,R,85.123,30.102,17.996,37.025
LAW,Racing Bulls,56.0,0 days 00:01:26.895000,0 days 00:00:31.114000,0 days 00:00:18.065000,0 days 00:00:37.716000,SOFT,23.0,3.0,,,1,13.0,False,2026,Australia,R,86.895,31.114,18.065,37.716
LAW,Racing Bulls,57.0,0 days 00:01:26.317000,0 days 00:00:30.900000,0 days 00:00:17.896000,0 days 00:00:37.521000,SOFT,24.0,3.0,,,1,13.0,False,2026,Australia,R,86.317,30.9,17.896,37.521
OCO,Haas F1 Team,1.0,0 days 00:01:37.500000,,0 days 00:00:18.692000,0 days 00:00:38.573000,MEDIUM,1.0,1.0,,,1,8.0,False,2026,Australia,R,97.5,,18.692,38.573
OCO,Haas F1 Team,2.0,0 days 00:01:27.035000,0 days 00:00:31.014000,0 days 00:00:17.977000,0 days 00:00:38.044000,MEDIUM,2.0,1.0,,,1,8.0,False,2026,Australia,R,87.035,31.014,17.977,38.044
OCO,Haas F1 Team,3.0,0 days 00:01:26.567000,0 days 00:00:30.865000,0 days 00:00:17.978000,0 days 00:00:37.724000,MEDIUM,3.0,1.0,,,1,8.0,False,2026,Australia,R,86.567,30.865,17.978,37.724
OCO,Haas F1 Team,4.0,0 days 00:01:26.186000,0 days 00:00:30.431000,0 days 00:00:17.642000,0 days 00:00:38.113000,MEDIUM,4.0,1.0,,,1,8.0,False,2026,Australia,R,86.186,30.431,17.642,38.113
OCO,Haas F1 Team,5.0,0 days 00:01:26.808000,0 days 00:00:30.836000,0 days 00:00:17.956000,0 days 00:00:38.016000,MEDIUM,5.0,1.0,,,1,8.0,False,2026,Australia,R,86.808,30.836,17.956,38.016
OCO,Haas F1 Team,6.0,0 days 00:01:25.569000,0 days 00:00:30.704000,0 days 00:00:17.956000,0 days 00:00:36.909000,MEDIUM,6.0,1.0,,,1,8.0,False,2026,Australia,R,85.569,30.704,17.956,36.909
OCO,Haas F1 Team,7.0,0 days 00:01:25.087000,0 days 00:00:30.269000,0 days 00:00:17.909000,0 days 00:00:36.909000,MEDIUM,7.0,1.0,,,1,8.0,False,2026,Australia,R,85.087,30.269,17.909,36.909
OCO,Haas F1 Team,8.0,0 days 00:01:25.029000,0 days 00:00:30.287000,0 days 00:00:17.905000,0 days 00:00:36.837000,MEDIUM,8.0,1.0,,,1,8.0,False,2026,Australia,R,85.029,30.287,17.905,36.837
OCO,Haas F1 Team,9.0,0 days 00:01:25.552000,0 days 00:00:30.308000,0 days 00:00:17.927000,0 days 00:00:37.317000,MEDIUM,9.0,1.0,,,1,8.0,False,2026,Australia,R,85.552,30.308,17.927,37.317
OCO,Haas F1 Team,10.0,0 days 00:01:25.632000,0 days 00:00:30.464000,0 days 00:00:17.902000,0 days 00:00:37.266000,MEDIUM,10.0,1.0,,,1,8.0,False,2026,Australia,R,85.632,30.464,17.902,37.266
OCO,Haas F1 Team,11.0,0 days 00:01:45.949000,0 days 00:00:30.360000,0 days 00:00:18.101000,0 days 00:00:57.488000,MEDIUM,11.0,1.0,0 days 01:18:20.493000,,16,11.0,False,2026,Australia,R,105.949,30.36,18.101,57.488
OCO,Haas F1 Team,12.0,0 days 00:01:56.405000,0 days 00:00:42.111000,0 days 00:00:28.731000,0 days 00:00:45.563000,HARD,1.0,2.0,,0 days 01:18:39.302000,6,10.0,False,2026,Australia,R,116.405,42.111,28.731,45.563
OCO,Haas F1 Team,13.0,0 days 00:01:52.218000,0 days 00:00:41.465000,0 days 00:00:28.714000,0 days 00:00:42.039000,HARD,2.0,2.0,,,671,10.0,False,2026,Australia,R,112.218,41.465,28.714,42.039
OCO,Haas F1 Team,14.0,0 days 00:01:25.303000,0 days 00:00:30.400000,0 days 00:00:17.985000,0 days 00:00:36.918000,HARD,3.0,2.0,,,1,10.0,False,2026,Australia,R,85.303,30.4,17.985,36.918
OCO,Haas F1 Team,15.0,0 days 00:01:25.360000,0 days 00:00:30.329000,0 days 00:00:17.972000,0 days 00:00:37.059000,HARD,4.0,2.0,,,1,10.0,False,2026,Australia,R,85.36,30.329,17.972,37.059
OCO,Haas F1 Team,16.0,0 days 00:01:25.430000,0 days 00:00:30.332000,0 days 00:00:17.995000,0 days 00:00:37.103000,HARD,5.0,2.0,,,1,10.0,False,2026,Australia,R,85.43,30.332,17.995,37.103
OCO,Haas F1 Team,17.0,0 days 00:01:25.716000,0 days 00:00:30.159000,0 days 00:00:17.982000,0 days 00:00:37.575000,HARD,6.0,2.0,,,1,10.0,False,2026,Australia,R,85.716,30.159,17.982,37.575
OCO,Haas F1 Team,18.0,0 days 00:01:41.381000,0 days 00:00:30.733000,0 days 00:00:25.042000,0 days 00:00:45.606000,HARD,7.0,2.0,,,126,10.0,False,2026,Australia,R,101.381,30.733,25.042,45.606
OCO,Haas F1 Team,19.0,0 days 00:01:52.711000,0 days 00:00:40.623000,0 days 00:00:25.848000,0 days 00:00:46.240000,HARD,8.0,2.0,,,671,9.0,False,2026,Australia,R,112.711,40.623,25.848,46.24
OCO,Haas F1 Team,20.0,0 days 00:01:26.713000,0 days 00:00:31.066000,0 days 00:00:17.873000,0 days 00:00:37.774000,HARD,9.0,2.0,,,1,10.0,False,2026,Australia,R,86.713,31.066,17.873,37.774
OCO,Haas F1 Team,21.0,0 days 00:01:26.571000,0 days 00:00:31.496000,0 days 00:00:17.886000,0 days 00:00:37.189000,HARD,10.0,2.0,,,1,11.0,False,2026,Australia,R,86.571,31.496,17.886,37.189
OCO,Haas F1 Team,22.0,0 days 00:01:24.821000,0 days 00:00:29.967000,0 days 00:00:17.651000,0 days 00:00:37.203000,HARD,11.0,2.0,,,1,11.0,False,2026,Australia,R,84.821,29.967,17.651,37.203
OCO,Haas F1 Team,23.0,0 days 00:01:24.650000,0 days 00:00:29.889000,0 days 00:00:17.634000,0 days 00:00:37.127000,HARD,12.0,2.0,,,1,11.0,False,2026,Australia,R,84.65,29.889,17.634,37.127
OCO,Haas F1 Team,24.0,0 days 00:01:25.255000,0 days 00:00:30.114000,0 days 00:00:18.787000,0 days 00:00:36.354000,HARD,13.0,2.0,,,1,11.0,False,2026,Australia,R,85.255,30.114,18.787,36.354
OCO,Haas F1 Team,25.0,0 days 00:01:24.424000,0 days 00:00:29.924000,0 days 00:00:17.752000,0 days 00:00:36.748000,HARD,14.0,2.0,,,1,11.0,False,2026,Australia,R,84.424,29.924,17.752,36.748
OCO,Haas F1 Team,26.0,0 days 00:01:24.696000,0 days 00:00:30.001000,0 days 00:00:17.783000,0 days 00:00:36.912000,HARD,15.0,2.0,,,1,11.0,False,2026,Australia,R,84.696,30.001,17.783,36.912
OCO,Haas F1 Team,27.0,0 days 00:01:24.801000,0 days 00:00:29.828000,0 days 00:00:17.799000,0 days 00:00:37.174000,HARD,16.0,2.0,,,1,11.0,False,2026,Australia,R,84.801,29.828,17.799,37.174
OCO,Haas F1 Team,28.0,0 days 00:01:24.737000,0 days 00:00:29.828000,0 days 00:00:17.835000,0 days 00:00:37.074000,HARD,17.0,2.0,,,1,11.0,False,2026,Australia,R,84.737,29.828,17.835,37.074
OCO,Haas F1 Team,29.0,0 days 00:01:24.769000,0 days 00:00:29.932000,0 days 00:00:17.765000,0 days 00:00:37.072000,HARD,18.0,2.0,,,1,11.0,False,2026,Australia,R,84.769,29.932,17.765,37.072
OCO,Haas F1 Team,30.0,0 days 00:01:24.966000,0 days 00:00:30.182000,0 days 00:00:17.741000,0 days 00:00:37.043000,HARD,19.0,2.0,,,1,11.0,False,2026,Australia,R,84.966,30.182,17.741,37.043
OCO,Haas F1 Team,31.0,0 days 00:01:25.307000,0 days 00:00:30.066000,0 days 00:00:17.593000,0 days 00:00:37.648000,HARD,20.0,2.0,,,1,11.0,False,2026,Australia,R,85.307,30.066,17.593,37.648
OCO,Haas F1 Team,32.0,0 days 00:01:25.045000,0 days 00:00:30.295000,0 days 00:00:17.641000,0 days 00:00:37.109000,HARD,21.0,2.0,,,1,11.0,False,2026,Australia,R,85.045,30.295,17.641,37.109
OCO,Haas F1 Team,33.0,0 days 00:01:33.284000,0 days 00:00:30.238000,0 days 00:00:17.830000,0 days 00:00:45.216000,HARD,22.0,2.0,,,16,10.0,False,2026,Australia,R,93.284,30.238,17.83,45.216
OCO,Haas F1 Team,34.0,0 days 00:01:30.235000,0 days 00:00:35.210000,0 days 00:00:17.780000,0 days 00:00:37.245000,HARD,23.0,2.0,,,671,10.0,False,2026,Australia,R,90.235,35.21,17.78,37.245
OCO,Haas F1 Team,35.0,0 days 00:01:25.199000,0 days 00:00:30.107000,0 days 00:00:17.711000,0 days 00:00:37.381000,HARD,24.0,2.0,,,1,10.0,False,2026,Australia,R,85.199,30.107,17.711,37.381
OCO,Haas F1 Team,36.0,0 days 00:01:25.018000,0 days 00:00:30.015000,0 days 00:00:17.675000,0 days 00:00:37.328000,HARD,25.0,2.0,,,1,10.0,False,2026,Australia,R,85.018,30.015,17.675,37.328
OCO,Haas F1 Team,37.0,0 days 00:01:25.462000,0 days 00:00:30.176000,0 days 00:00:17.482000,0 days 00:00:37.804000,HARD,26.0,2.0,,,1,9.0,False,2026,Australia,R,85.462,30.176,17.482,37.804
OCO,Haas F1 Team,38.0,0 days 00:01:26.972000,0 days 00:00:30.327000,0 days 00:00:18.318000,0 days 00:00:38.327000,HARD,27.0,2.0,,,1,10.0,False,2026,Australia,R,86.972,30.327,18.318,38.327
OCO,Haas F1 Team,39.0,0 days 00:01:25.913000,0 days 00:00:30.944000,0 days 00:00:18.047000,0 days 00:00:36.922000,HARD,28.0,2.0,,,1,11.0,False,2026,Australia,R,85.913,30.944,18.047,36.922
OCO,Haas F1 Team,40.0,0 days 00:01:25.433000,0 days 00:00:30.255000,0 days 00:00:17.793000,0 days 00:00:37.385000,HARD,29.0,2.0,,,1,11.0,False,2026,Australia,R,85.433,30.255,17.793,37.385
OCO,Haas F1 Team,41.0,0 days 00:01:25.164000,0 days 00:00:30.281000,0 days 00:00:17.633000,0 days 00:00:37.250000,HARD,30.0,2.0,,,1,11.0,False,2026,Australia,R,85.164,30.281,17.633,37.25
OCO,Haas F1 Team,42.0,0 days 00:01:25.249000,0 days 00:00:30.317000,0 days 00:00:17.775000,0 days 00:00:37.157000,HARD,31.0,2.0,,,1,11.0,False,2026,Australia,R,85.249,30.317,17.775,37.157
OCO,Haas F1 Team,43.0,0 days 00:01:25.106000,0 days 00:00:30.046000,0 days 00:00:17.620000,0 days 00:00:37.440000,HARD,32.0,2.0,,,1,11.0,False,2026,Australia,R,85.106,30.046,17.62,37.44
OCO,Haas F1 Team,44.0,0 days 00:01:26.597000,0 days 00:00:30.143000,0 days 00:00:17.654000,0 days 00:00:38.800000,HARD,33.0,2.0,,,1,11.0,False,2026,Australia,R,86.597,30.143,17.654,38.8
OCO,Haas F1 Team,45.0,0 days 00:01:25.228000,0 days 00:00:30.093000,0 days 00:00:17.752000,0 days 00:00:37.383000,HARD,34.0,2.0,,,1,11.0,False,2026,Australia,R,85.228,30.093,17.752,37.383
OCO,Haas F1 Team,46.0,0 days 00:01:26.221000,0 days 00:00:30.232000,0 days 00:00:17.388000,0 days 00:00:38.601000,HARD,35.0,2.0,,,1,11.0,False,2026,Australia,R,86.221,30.232,17.388,38.601
OCO,Haas F1 Team,47.0,0 days 00:01:26.334000,0 days 00:00:31.078000,0 days 00:00:17.881000,0 days 00:00:37.375000,HARD,36.0,2.0,,,1,11.0,False,2026,Australia,R,86.334,31.078,17.881,37.375
OCO,Haas F1 Team,48.0,0 days 00:01:25.019000,0 days 00:00:29.989000,0 days 00:00:17.756000,0 days 00:00:37.274000,HARD,37.0,2.0,,,1,11.0,False,2026,Australia,R,85.019,29.989,17.756,37.274
OCO,Haas F1 Team,49.0,0 days 00:01:25.115000,0 days 00:00:29.863000,0 days 00:00:17.963000,0 days 00:00:37.289000,HARD,38.0,2.0,,,1,11.0,False,2026,Australia,R,85.115,29.863,17.963,37.289
OCO,Haas F1 Team,50.0,0 days 00:01:26.815000,0 days 00:00:30.110000,0 days 00:00:19.111000,0 days 00:00:37.594000,HARD,39.0,2.0,,,1,11.0,False,2026,Australia,R,86.815,30.11,19.111,37.594
OCO,Haas F1 Team,51.0,0 days 00:01:26.297000,0 days 00:00:31.435000,0 days 00:00:17.814000,0 days 00:00:37.048000,HARD,40.0,2.0,,,1,11.0,False,2026,Australia,R,86.297,31.435,17.814,37.048
OCO,Haas F1 Team,52.0,0 days 00:01:24.584000,0 days 00:00:29.943000,0 days 00:00:17.711000,0 days 00:00:36.930000,HARD,41.0,2.0,,,1,11.0,False,2026,Australia,R,84.584,29.943,17.711,36.93
OCO,Haas F1 Team,53.0,0 days 00:01:24.622000,0 days 00:00:29.831000,0 days 00:00:17.621000,0 days 00:00:37.170000,HARD,42.0,2.0,,,1,11.0,False,2026,Australia,R,84.622,29.831,17.621,37.17
OCO,Haas F1 Team,54.0,0 days 00:01:24.908000,0 days 00:00:29.963000,0 days 00:00:17.561000,0 days 00:00:37.384000,HARD,43.0,2.0,,,1,11.0,False,2026,Australia,R,84.908,29.963,17.561,37.384
OCO,Haas F1 Team,55.0,0 days 00:01:24.577000,0 days 00:00:30.097000,0 days 00:00:17.655000,0 days 00:00:36.825000,HARD,44.0,2.0,,,1,11.0,False,2026,Australia,R,84.577,30.097,17.655,36.825
OCO,Haas F1 Team,56.0,0 days 00:01:24.533000,0 days 00:00:29.888000,0 days 00:00:17.767000,0 days 00:00:36.878000,HARD,45.0,2.0,,,1,11.0,False,2026,Australia,R,84.533,29.888,17.767,36.878
OCO,Haas F1 Team,57.0,0 days 00:01:24.573000,0 days 00:00:29.920000,0 days 00:00:17.754000,0 days 00:00:36.899000,HARD,46.0,2.0,,,1,11.0,False,2026,Australia,R,84.573,29.92,17.754,36.899
LIN,Racing Bulls,1.0,0 days 00:01:36.081000,,0 days 00:00:18.025000,0 days 00:00:39.211000,MEDIUM,1.0,1.0,,,1,5.0,False,2026,Australia,R,96.081,,18.025,39.211
LIN,Racing Bulls,2.0,0 days 00:01:27.218000,0 days 00:00:30.800000,0 days 00:00:18.041000,0 days 00:00:38.377000,MEDIUM,2.0,1.0,,,1,5.0,False,2026,Australia,R,87.218,30.8,18.041,38.377
LIN,Racing Bulls,3.0,0 days 00:01:25.497000,0 days 00:00:30.171000,0 days 00:00:17.966000,0 days 00:00:37.360000,MEDIUM,3.0,1.0,,,1,5.0,False,2026,Australia,R,85.497,30.171,17.966,37.36
LIN,Racing Bulls,4.0,0 days 00:01:26.072000,0 days 00:00:30.126000,0 days 00:00:17.940000,0 days 00:00:38.006000,MEDIUM,4.0,1.0,,,1,5.0,False,2026,Australia,R,86.072,30.126,17.94,38.006
LIN,Racing Bulls,5.0,0 days 00:01:26.235000,0 days 00:00:30.966000,0 days 00:00:17.919000,0 days 00:00:37.350000,MEDIUM,5.0,1.0,,,1,6.0,False,2026,Australia,R,86.235,30.966,17.919,37.35
LIN,Racing Bulls,6.0,0 days 00:01:25.392000,0 days 00:00:30.162000,0 days 00:00:17.916000,0 days 00:00:37.314000,MEDIUM,6.0,1.0,,,1,6.0,False,2026,Australia,R,85.392,30.162,17.916,37.314
LIN,Racing Bulls,7.0,0 days 00:01:25.194000,0 days 00:00:30.025000,0 days 00:00:17.897000,0 days 00:00:37.272000,MEDIUM,7.0,1.0,,,1,6.0,False,2026,Australia,R,85.194,30.025,17.897,37.272
LIN,Racing Bulls,8.0,0 days 00:01:25.260000,0 days 00:00:30.164000,0 days 00:00:17.919000,0 days 00:00:37.177000,MEDIUM,8.0,1.0,,,1,6.0,False,2026,Australia,R,85.26,30.164,17.919,37.177
LIN,Racing Bulls,9.0,0 days 00:01:25.337000,0 days 00:00:30.236000,0 days 00:00:17.915000,0 days 00:00:37.186000,MEDIUM,9.0,1.0,,,1,6.0,False,2026,Australia,R,85.337,30.236,17.915,37.186
LIN,Racing Bulls,10.0,0 days 00:01:25.565000,0 days 00:00:30.168000,0 days 00:00:17.947000,0 days 00:00:37.450000,MEDIUM,10.0,1.0,,,1,6.0,False,2026,Australia,R,85.565,30.168,17.947,37.45
LIN,Racing Bulls,11.0,0 days 00:01:32.238000,0 days 00:00:30.141000,0 days 00:00:17.967000,0 days 00:00:44.130000,MEDIUM,11.0,1.0,,,16,5.0,False,2026,Australia,R,92.238,30.141,17.967,44.13
LIN,Racing Bulls,12.0,0 days 00:01:52,0 days 00:00:37.694000,0 days 00:00:26.533000,0 days 00:00:47.773000,MEDIUM,12.0,1.0,,,6,4.0,False,2026,Australia,R,112.0,37.694,26.533,47.773
LIN,Racing Bulls,13.0,0 days 00:01:54.878000,0 days 00:00:40.567000,0 days 00:00:27.761000,0 days 00:00:46.550000,MEDIUM,13.0,1.0,,,67,4.0,False,2026,Australia,R,114.878,40.567,27.761,46.55
LIN,Racing Bulls,14.0,0 days 00:01:28.161000,0 days 00:00:33.006000,0 days 00:00:17.955000,0 days 00:00:37.200000,MEDIUM,14.0,1.0,,,71,4.0,False,2026,Australia,R,88.161,33.006,17.955,37.2
LIN,Racing Bulls,15.0,0 days 00:01:24.877000,0 days 00:00:29.995000,0 days 00:00:17.892000,0 days 00:00:36.990000,MEDIUM,15.0,1.0,,,1,4.0,False,2026,Australia,R,84.877,29.995,17.892,36.99
LIN,Racing Bulls,16.0,0 days 00:01:25.898000,0 days 00:00:30.820000,0 days 00:00:17.896000,0 days 00:00:37.182000,MEDIUM,16.0,1.0,,,1,5.0,False,2026,Australia,R,85.898,30.82,17.896,37.182
LIN,Racing Bulls,17.0,0 days 00:01:25.096000,0 days 00:00:29.829000,0 days 00:00:17.940000,0 days 00:00:37.327000,MEDIUM,17.0,1.0,,,1,5.0,False,2026,Australia,R,85.096,29.829,17.94,37.327
LIN,Racing Bulls,18.0,0 days 00:01:48.224000,0 days 00:00:30.225000,0 days 00:00:17.956000,0 days 00:01:00.043000,MEDIUM,18.0,1.0,0 days 01:29:22.947000,,126,6.0,False,2026,Australia,R,108.224,30.225,17.956,60.043
LIN,Racing Bulls,19.0,0 days 00:01:57.225000,0 days 00:00:42.462000,0 days 00:00:25.719000,0 days 00:00:49.044000,HARD,1.0,2.0,,0 days 01:29:41.498000,671,6.0,False,2026,Australia,R,117.225,42.462,25.719,49.044
LIN,Racing Bulls,20.0,0 days 00:01:25.424000,0 days 00:00:29.507000,0 days 00:00:18.190000,0 days 00:00:37.727000,HARD,2.0,2.0,,,1,7.0,False,2026,Australia,R,85.424,29.507,18.19,37.727
LIN,Racing Bulls,21.0,0 days 00:01:24.182000,0 days 00:00:29.574000,0 days 00:00:17.755000,0 days 00:00:36.853000,HARD,3.0,2.0,,,1,7.0,False,2026,Australia,R,84.182,29.574,17.755,36.853
LIN,Racing Bulls,22.0,0 days 00:01:24.290000,0 days 00:00:29.605000,0 days 00:00:17.753000,0 days 00:00:36.932000,HARD,4.0,2.0,,,1,7.0,False,2026,Australia,R,84.29,29.605,17.753,36.932
LIN,Racing Bulls,23.0,0 days 00:01:24.909000,0 days 00:00:29.687000,0 days 00:00:17.824000,0 days 00:00:37.398000,HARD,5.0,2.0,,,1,7.0,False,2026,Australia,R,84.909,29.687,17.824,37.398
LIN,Racing Bulls,24.0,0 days 00:01:24.554000,0 days 00:00:29.834000,0 days 00:00:17.868000,0 days 00:00:36.852000,HARD,6.0,2.0,,,1,7.0,False,2026,Australia,R,84.554,29.834,17.868,36.852
LIN,Racing Bulls,25.0,0 days 00:01:24.263000,0 days 00:00:29.548000,0 days 00:00:17.841000,0 days 00:00:36.874000,HARD,7.0,2.0,,,1,7.0,False,2026,Australia,R,84.263,29.548,17.841,36.874
LIN,Racing Bulls,26.0,0 days 00:01:24.205000,0 days 00:00:29.551000,0 days 00:00:17.874000,0 days 00:00:36.780000,HARD,8.0,2.0,,,1,7.0,False,2026,Australia,R,84.205,29.551,17.874,36.78
LIN,Racing Bulls,27.0,0 days 00:01:24.361000,0 days 00:00:29.508000,0 days 00:00:17.881000,0 days 00:00:36.972000,HARD,9.0,2.0,,,1,7.0,False,2026,Australia,R,84.361,29.508,17.881,36.972
LIN,Racing Bulls,28.0,0 days 00:01:24.475000,0 days 00:00:29.902000,0 days 00:00:17.869000,0 days 00:00:36.704000,HARD,10.0,2.0,,,1,7.0,False,2026,Australia,R,84.475,29.902,17.869,36.704
LIN,Racing Bulls,29.0,0 days 00:01:24.916000,0 days 00:00:29.977000,0 days 00:00:18.019000,0 days 00:00:36.920000,HARD,11.0,2.0,,,1,7.0,False,2026,Australia,R,84.916,29.977,18.019,36.92
LIN,Racing Bulls,30.0,0 days 00:01:24.282000,0 days 00:00:29.767000,0 days 00:00:17.837000,0 days 00:00:36.678000,HARD,12.0,2.0,,,1,7.0,False,2026,Australia,R,84.282,29.767,17.837,36.678
LIN,Racing Bulls,31.0,0 days 00:01:24.876000,0 days 00:00:29.785000,0 days 00:00:18.090000,0 days 00:00:37.001000,HARD,13.0,2.0,,,1,7.0,False,2026,Australia,R,84.876,29.785,18.09,37.001
LIN,Racing Bulls,32.0,0 days 00:01:24.671000,0 days 00:00:29.694000,0 days 00:00:17.780000,0 days 00:00:37.197000,HARD,14.0,2.0,,,1,7.0,False,2026,Australia,R,84.671,29.694,17.78,37.197
LIN,Racing Bulls,33.0,0 days 00:01:29.426000,0 days 00:00:29.771000,0 days 00:00:17.976000,0 days 00:00:41.679000,HARD,15.0,2.0,,,16,7.0,False,2026,Australia,R,89.426,29.771,17.976,41.679
LIN,Racing Bulls,34.0,0 days 00:01:33.812000,0 days 00:00:38.151000,0 days 00:00:18.652000,0 days 00:00:37.009000,HARD,16.0,2.0,,,671,7.0,False,2026,Australia,R,93.812,38.151,18.652,37.009
LIN,Racing Bulls,35.0,0 days 00:01:24.536000,0 days 00:00:29.663000,0 days 00:00:17.919000,0 days 00:00:36.954000,HARD,17.0,2.0,,,1,6.0,False,2026,Australia,R,84.536,29.663,17.919,36.954
LIN,Racing Bulls,36.0,0 days 00:01:24.698000,0 days 00:00:29.762000,0 days 00:00:17.928000,0 days 00:00:37.008000,HARD,18.0,2.0,,,1,6.0,False,2026,Australia,R,84.698,29.762,17.928,37.008
LIN,Racing Bulls,37.0,0 days 00:01:24.523000,0 days 00:00:29.871000,0 days 00:00:17.873000,0 days 00:00:36.779000,HARD,19.0,2.0,,,1,6.0,False,2026,Australia,R,84.523,29.871,17.873,36.779
LIN,Racing Bulls,38.0,0 days 00:01:24.797000,0 days 00:00:29.796000,0 days 00:00:17.906000,0 days 00:00:37.095000,HARD,20.0,2.0,,,1,6.0,False,2026,Australia,R,84.797,29.796,17.906,37.095
LIN,Racing Bulls,39.0,0 days 00:01:25.955000,0 days 00:00:30.718000,0 days 00:00:17.813000,0 days 00:00:37.424000,HARD,21.0,2.0,,,1,7.0,False,2026,Australia,R,85.955,30.718,17.813,37.424
LIN,Racing Bulls,40.0,0 days 00:01:28.242000,0 days 00:00:31.551000,0 days 00:00:18.051000,0 days 00:00:38.640000,HARD,22.0,2.0,,,1,8.0,False,2026,Australia,R,88.242,31.551,18.051,38.64
LIN,Racing Bulls,41.0,0 days 00:01:25.406000,0 days 00:00:30.136000,0 days 00:00:17.882000,0 days 00:00:37.388000,HARD,23.0,2.0,,,1,8.0,False,2026,Australia,R,85.406,30.136,17.882,37.388
LIN,Racing Bulls,42.0,0 days 00:01:25.409000,0 days 00:00:30.221000,0 days 00:00:17.763000,0 days 00:00:37.425000,HARD,24.0,2.0,,,1,8.0,False,2026,Australia,R,85.409,30.221,17.763,37.425
LIN,Racing Bulls,43.0,0 days 00:01:24.862000,0 days 00:00:29.977000,0 days 00:00:17.828000,0 days 00:00:37.057000,HARD,25.0,2.0,,,1,8.0,False,2026,Australia,R,84.862,29.977,17.828,37.057
LIN,Racing Bulls,44.0,0 days 00:01:24.747000,0 days 00:00:29.887000,0 days 00:00:17.758000,0 days 00:00:37.102000,HARD,26.0,2.0,,,1,8.0,False,2026,Australia,R,84.747,29.887,17.758,37.102
LIN,Racing Bulls,45.0,0 days 00:01:24.645000,0 days 00:00:29.827000,0 days 00:00:17.836000,0 days 00:00:36.982000,HARD,27.0,2.0,,,1,8.0,False,2026,Australia,R,84.645,29.827,17.836,36.982
LIN,Racing Bulls,46.0,0 days 00:01:24.688000,0 days 00:00:29.891000,0 days 00:00:17.824000,0 days 00:00:36.973000,HARD,28.0,2.0,,,1,8.0,False,2026,Australia,R,84.688,29.891,17.824,36.973
LIN,Racing Bulls,47.0,0 days 00:01:24.773000,0 days 00:00:29.868000,0 days 00:00:17.879000,0 days 00:00:37.026000,HARD,29.0,2.0,,,1,8.0,False,2026,Australia,R,84.773,29.868,17.879,37.026
LIN,Racing Bulls,48.0,0 days 00:01:24.863000,0 days 00:00:29.958000,0 days 00:00:17.827000,0 days 00:00:37.078000,HARD,30.0,2.0,,,1,8.0,False,2026,Australia,R,84.863,29.958,17.827,37.078
LIN,Racing Bulls,49.0,0 days 00:01:24.774000,0 days 00:00:29.859000,0 days 00:00:17.878000,0 days 00:00:37.037000,HARD,31.0,2.0,,,1,8.0,False,2026,Australia,R,84.774,29.859,17.878,37.037
LIN,Racing Bulls,50.0,0 days 00:01:24.715000,0 days 00:00:29.829000,0 days 00:00:17.897000,0 days 00:00:36.989000,HARD,32.0,2.0,,,1,8.0,False,2026,Australia,R,84.715,29.829,17.897,36.989
LIN,Racing Bulls,51.0,0 days 00:01:24.374000,0 days 00:00:29.802000,0 days 00:00:17.819000,0 days 00:00:36.753000,HARD,33.0,2.0,,,1,8.0,False,2026,Australia,R,84.374,29.802,17.819,36.753
LIN,Racing Bulls,52.0,0 days 00:01:25.210000,0 days 00:00:29.876000,0 days 00:00:17.834000,0 days 00:00:37.500000,HARD,34.0,2.0,,,1,8.0,False,2026,Australia,R,85.21,29.876,17.834,37.5
LIN,Racing Bulls,53.0,0 days 00:01:26.148000,0 days 00:00:29.840000,0 days 00:00:18.429000,0 days 00:00:37.879000,HARD,35.0,2.0,,,1,8.0,False,2026,Australia,R,86.148,29.84,18.429,37.879
LIN,Racing Bulls,54.0,0 days 00:01:28.167000,0 days 00:00:31.949000,0 days 00:00:18.437000,0 days 00:00:37.781000,HARD,36.0,2.0,,,1,8.0,False,2026,Australia,R,88.167,31.949,18.437,37.781
LIN,Racing Bulls,55.0,0 days 00:01:24.614000,0 days 00:00:30.016000,0 days 00:00:17.645000,0 days 00:00:36.953000,HARD,37.0,2.0,,,1,8.0,False,2026,Australia,R,84.614,30.016,17.645,36.953
LIN,Racing Bulls,56.0,0 days 00:01:24.688000,0 days 00:00:29.961000,0 days 00:00:17.776000,0 days 00:00:36.951000,HARD,38.0,2.0,,,1,8.0,False,2026,Australia,R,84.688,29.961,17.776,36.951
LIN,Racing Bulls,57.0,0 days 00:01:24.689000,0 days 00:00:29.872000,0 days 00:00:17.727000,0 days 00:00:37.090000,HARD,39.0,2.0,,,1,8.0,False,2026,Australia,R,84.689,29.872,17.727,37.09
COL,Alpine,1.0,0 days 00:01:41.613000,,0 days 00:00:19.039000,0 days 00:00:40.226000,HARD,1.0,1.0,,,1,17.0,False,2026,Australia,R,101.613,,19.039,40.226
COL,Alpine,2.0,0 days 00:01:28.166000,0 days 00:00:31.674000,0 days 00:00:18.157000,0 days 00:00:38.335000,HARD,2.0,1.0,,,1,16.0,False,2026,Australia,R,88.166,31.674,18.157,38.335
COL,Alpine,3.0,0 days 00:01:26.935000,0 days 00:00:30.607000,0 days 00:00:18.320000,0 days 00:00:38.008000,HARD,3.0,1.0,,,1,16.0,False,2026,Australia,R,86.935,30.607,18.32,38.008
COL,Alpine,4.0,0 days 00:01:26.812000,0 days 00:00:30.715000,0 days 00:00:17.902000,0 days 00:00:38.195000,HARD,4.0,1.0,,,1,16.0,False,2026,Australia,R,86.812,30.715,17.902,38.195
COL,Alpine,5.0,0 days 00:01:27.512000,0 days 00:00:30.698000,0 days 00:00:17.936000,0 days 00:00:38.878000,HARD,5.0,1.0,,,1,16.0,False,2026,Australia,R,87.512,30.698,17.936,38.878
COL,Alpine,6.0,0 days 00:01:27.513000,0 days 00:00:30.986000,0 days 00:00:17.993000,0 days 00:00:38.534000,HARD,6.0,1.0,,,1,15.0,False,2026,Australia,R,87.513,30.986,17.993,38.534
COL,Alpine,7.0,0 days 00:01:26.068000,0 days 00:00:30.496000,0 days 00:00:18.028000,0 days 00:00:37.544000,HARD,7.0,1.0,,,1,15.0,False,2026,Australia,R,86.068,30.496,18.028,37.544
COL,Alpine,8.0,0 days 00:01:25.818000,0 days 00:00:30.390000,0 days 00:00:18.004000,0 days 00:00:37.424000,HARD,8.0,1.0,,,1,15.0,False,2026,Australia,R,85.818,30.39,18.004,37.424
COL,Alpine,9.0,0 days 00:01:49.931000,0 days 00:00:30.400000,0 days 00:00:18.017000,0 days 00:01:01.514000,HARD,9.0,1.0,0 days 01:15:34.795000,,1,20.0,False,2026,Australia,R,109.931,30.4,18.017,61.514
COL,Alpine,10.0,0 days 00:01:32.762000,0 days 00:00:36.557000,0 days 00:00:18.377000,0 days 00:00:37.828000,HARD,10.0,2.0,,0 days 01:16:02.847000,1,20.0,False,2026,Australia,R,92.762,36.557,18.377,37.828
COL,Alpine,11.0,0 days 00:01:45.807000,0 days 00:00:30.568000,0 days 00:00:27.783000,0 days 00:00:47.456000,HARD,11.0,2.0,,,16,18.0,False,2026,Australia,R,105.807,30.568,27.783,47.456
COL,Alpine,12.0,0 days 00:02:03.670000,0 days 00:00:41.094000,0 days 00:00:27.882000,0 days 00:00:54.694000,HARD,12.0,2.0,,,6,17.0,False,2026,Australia,R,123.67,41.094,27.882,54.694
COL,Alpine,13.0,0 days 00:01:33.872000,0 days 00:00:32.451000,0 days 00:00:23.161000,0 days 00:00:38.260000,HARD,13.0,2.0,,,671,16.0,False,2026,Australia,R,93.872,32.451,23.161,38.26
COL,Alpine,14.0,0 days 00:01:26.663000,0 days 00:00:30.410000,0 days 00:00:18.256000,0 days 00:00:37.997000,HARD,14.0,2.0,,,1,16.0,False,2026,Australia,R,86.663,30.41,18.256,37.997
COL,Alpine,15.0,0 days 00:01:25.600000,0 days 00:00:30.086000,0 days 00:00:18.096000,0 days 00:00:37.418000,HARD,15.0,2.0,,,1,16.0,False,2026,Australia,R,85.6,30.086,18.096,37.418
COL,Alpine,16.0,0 days 00:01:25.911000,0 days 00:00:30.157000,0 days 00:00:18.270000,0 days 00:00:37.484000,HARD,16.0,2.0,,,1,16.0,False,2026,Australia,R,85.911,30.157,18.27,37.484
COL,Alpine,17.0,0 days 00:01:25.708000,0 days 00:00:30.221000,0 days 00:00:18.119000,0 days 00:00:37.368000,HARD,17.0,2.0,,,12,16.0,False,2026,Australia,R,85.708,30.221,18.119,37.368
COL,Alpine,18.0,0 days 00:01:52.961000,0 days 00:00:39.656000,0 days 00:00:23.049000,0 days 00:00:50.256000,HARD,18.0,2.0,,,26,15.0,False,2026,Australia,R,112.961,39.656,23.049,50.256
COL,Alpine,19.0,0 days 00:01:41.676000,0 days 00:00:39.674000,0 days 00:00:24.199000,0 days 00:00:37.803000,HARD,19.0,2.0,,,671,15.0,False,2026,Australia,R,101.676,39.674,24.199,37.803
COL,Alpine,20.0,0 days 00:01:25.331000,0 days 00:00:29.839000,0 days 00:00:18.136000,0 days 00:00:37.356000,HARD,20.0,2.0,,,1,15.0,False,2026,Australia,R,85.331,29.839,18.136,37.356
COL,Alpine,21.0,0 days 00:01:24.932000,0 days 00:00:29.764000,0 days 00:00:18.096000,0 days 00:00:37.072000,HARD,21.0,2.0,,,1,15.0,False,2026,Australia,R,84.932,29.764,18.096,37.072
COL,Alpine,22.0,0 days 00:01:25.011000,0 days 00:00:29.789000,0 days 00:00:17.999000,0 days 00:00:37.223000,HARD,22.0,2.0,,,1,15.0,False,2026,Australia,R,85.011,29.789,17.999,37.223
COL,Alpine,23.0,0 days 00:01:25.136000,0 days 00:00:29.869000,0 days 00:00:18.049000,0 days 00:00:37.218000,HARD,23.0,2.0,,,1,15.0,False,2026,Australia,R,85.136,29.869,18.049,37.218
COL,Alpine,24.0,0 days 00:01:25.449000,0 days 00:00:30.097000,0 days 00:00:18.128000,0 days 00:00:37.224000,HARD,24.0,2.0,,,1,15.0,False,2026,Australia,R,85.449,30.097,18.128,37.224
COL,Alpine,25.0,0 days 00:01:25.225000,0 days 00:00:29.946000,0 days 00:00:18.102000,0 days 00:00:37.177000,HARD,25.0,2.0,,,1,15.0,False,2026,Australia,R,85.225,29.946,18.102,37.177
COL,Alpine,26.0,0 days 00:01:25.174000,0 days 00:00:29.930000,0 days 00:00:18.081000,0 days 00:00:37.163000,HARD,26.0,2.0,,,1,15.0,False,2026,Australia,R,85.174,29.93,18.081,37.163
COL,Alpine,27.0,0 days 00:01:25.626000,0 days 00:00:30.037000,0 days 00:00:18.139000,0 days 00:00:37.450000,HARD,27.0,2.0,,,1,15.0,False,2026,Australia,R,85.626,30.037,18.139,37.45
COL,Alpine,28.0,0 days 00:01:26.172000,0 days 00:00:30.003000,0 days 00:00:18.067000,0 days 00:00:38.102000,HARD,28.0,2.0,,,1,15.0,False,2026,Australia,R,86.172,30.003,18.067,38.102
COL,Alpine,29.0,0 days 00:01:26.483000,0 days 00:00:30.995000,0 days 00:00:18.014000,0 days 00:00:37.474000,HARD,29.0,2.0,,,1,15.0,False,2026,Australia,R,86.483,30.995,18.014,37.474
COL,Alpine,30.0,0 days 00:01:25.566000,0 days 00:00:30.111000,0 days 00:00:18.034000,0 days 00:00:37.421000,HARD,30.0,2.0,,,1,15.0,False,2026,Australia,R,85.566,30.111,18.034,37.421
COL,Alpine,31.0,0 days 00:01:27.260000,0 days 00:00:31.496000,0 days 00:00:17.976000,0 days 00:00:37.788000,HARD,31.0,2.0,,,1,15.0,False,2026,Australia,R,87.26,31.496,17.976,37.788
COL,Alpine,32.0,0 days 00:01:25.707000,0 days 00:00:30.159000,0 days 00:00:18.001000,0 days 00:00:37.547000,HARD,32.0,2.0,,,1,15.0,False,2026,Australia,R,85.707,30.159,18.001,37.547
COL,Alpine,33.0,0 days 00:01:40.541000,0 days 00:00:32.599000,0 days 00:00:27.744000,0 days 00:00:40.198000,HARD,33.0,2.0,,,167,15.0,False,2026,Australia,R,100.541,32.599,27.744,40.198
COL,Alpine,34.0,0 days 00:01:26.067000,0 days 00:00:30.806000,0 days 00:00:18.018000,0 days 00:00:37.243000,HARD,34.0,2.0,,,1,13.0,False,2026,Australia,R,86.067,30.806,18.018,37.243
COL,Alpine,35.0,0 days 00:01:25.633000,0 days 00:00:30.240000,0 days 00:00:17.955000,0 days 00:00:37.438000,HARD,35.0,2.0,,,1,13.0,False,2026,Australia,R,85.633,30.24,17.955,37.438
COL,Alpine,36.0,0 days 00:01:27.434000,0 days 00:00:30.218000,0 days 00:00:18.176000,0 days 00:00:39.040000,HARD,36.0,2.0,,,1,13.0,False,2026,Australia,R,87.434,30.218,18.176,39.04
COL,Alpine,37.0,0 days 00:01:27.047000,0 days 00:00:30.234000,0 days 00:00:18.605000,0 days 00:00:38.208000,HARD,37.0,2.0,,,1,14.0,False,2026,Australia,R,87.047,30.234,18.605,38.208
COL,Alpine,38.0,0 days 00:01:27.012000,0 days 00:00:30.376000,0 days 00:00:18.535000,0 days 00:00:38.101000,HARD,38.0,2.0,,,1,14.0,False,2026,Australia,R,87.012,30.376,18.535,38.101
COL,Alpine,39.0,0 days 00:01:26.964000,0 days 00:00:30.268000,0 days 00:00:18.179000,0 days 00:00:38.517000,HARD,39.0,2.0,,,1,14.0,False,2026,Australia,R,86.964,30.268,18.179,38.517
COL,Alpine,40.0,0 days 00:01:26.665000,0 days 00:00:30.853000,0 days 00:00:17.990000,0 days 00:00:37.822000,HARD,40.0,2.0,,,1,14.0,False,2026,Australia,R,86.665,30.853,17.99,37.822
COL,Alpine,41.0,0 days 00:01:26.469000,0 days 00:00:30.443000,0 days 00:00:18.308000,0 days 00:00:37.718000,HARD,41.0,2.0,,,1,14.0,False,2026,Australia,R,86.469,30.443,18.308,37.718
COL,Alpine,42.0,0 days 00:01:25.275000,0 days 00:00:30.041000,0 days 00:00:18.114000,0 days 00:00:37.120000,HARD,42.0,2.0,,,1,14.0,False,2026,Australia,R,85.275,30.041,18.114,37.12
COL,Alpine,43.0,0 days 00:01:25.381000,0 days 00:00:30.093000,0 days 00:00:18.083000,0 days 00:00:37.205000,HARD,43.0,2.0,,,1,14.0,False,2026,Australia,R,85.381,30.093,18.083,37.205
COL,Alpine,44.0,0 days 00:01:25.240000,0 days 00:00:30.052000,0 days 00:00:18.011000,0 days 00:00:37.177000,HARD,44.0,2.0,,,1,14.0,False,2026,Australia,R,85.24,30.052,18.011,37.177
COL,Alpine,45.0,0 days 00:01:24.939000,0 days 00:00:29.961000,0 days 00:00:17.996000,0 days 00:00:36.982000,HARD,45.0,2.0,,,1,14.0,False,2026,Australia,R,84.939,29.961,17.996,36.982
COL,Alpine,46.0,0 days 00:01:42.911000,0 days 00:00:30.115000,0 days 00:00:19.536000,0 days 00:00:53.260000,HARD,46.0,2.0,0 days 02:11:09.223000,,1,14.0,False,2026,Australia,R,102.911,30.115,19.536,53.26
COL,Alpine,47.0,0 days 00:01:30.309000,0 days 00:00:35.971000,0 days 00:00:17.845000,0 days 00:00:36.493000,SOFT,1.0,3.0,,0 days 02:11:28.007000,1,14.0,False,2026,Australia,R,90.309,35.971,17.845,36.493
COL,Alpine,48.0,0 days 00:01:22.926000,0 days 00:00:29.194000,0 days 00:00:17.380000,0 days 00:00:36.352000,SOFT,2.0,3.0,,,1,14.0,False,2026,Australia,R,82.926,29.194,17.38,36.352
COL,Alpine,49.0,0 days 00:01:23.259000,0 days 00:00:29.042000,0 days 00:00:17.815000,0 days 00:00:36.402000,SOFT,3.0,3.0,,,1,14.0,False,2026,Australia,R,83.259,29.042,17.815,36.402
COL,Alpine,50.0,0 days 00:01:23.721000,0 days 00:00:29.463000,0 days 00:00:17.650000,0 days 00:00:36.608000,SOFT,4.0,3.0,,,1,14.0,False,2026,Australia,R,83.721,29.463,17.65,36.608
COL,Alpine,51.0,0 days 00:01:25.633000,0 days 00:00:29.397000,0 days 00:00:17.611000,0 days 00:00:38.625000,SOFT,5.0,3.0,,,1,14.0,False,2026,Australia,R,85.633,29.397,17.611,38.625
COL,Alpine,52.0,0 days 00:01:25.151000,0 days 00:00:30.396000,0 days 00:00:17.677000,0 days 00:00:37.078000,SOFT,6.0,3.0,,,1,14.0,False,2026,Australia,R,85.151,30.396,17.677,37.078
COL,Alpine,53.0,0 days 00:01:27.120000,0 days 00:00:30.919000,0 days 00:00:19.007000,0 days 00:00:37.194000,SOFT,7.0,3.0,,,1,14.0,False,2026,Australia,R,87.12,30.919,19.007,37.194
COL,Alpine,54.0,0 days 00:01:23.988000,0 days 00:00:29.240000,0 days 00:00:17.920000,0 days 00:00:36.828000,SOFT,8.0,3.0,,,1,14.0,False,2026,Australia,R,83.988,29.24,17.92,36.828
COL,Alpine,55.0,0 days 00:01:23.912000,0 days 00:00:29.520000,0 days 00:00:17.750000,0 days 00:00:36.642000,SOFT,9.0,3.0,,,1,14.0,False,2026,Australia,R,83.912,29.52,17.75,36.642
COL,Alpine,56.0,0 days 00:01:23.621000,0 days 00:00:29.465000,0 days 00:00:17.601000,0 days 00:00:36.555000,SOFT,10.0,3.0,,,1,14.0,False,2026,Australia,R,83.621,29.465,17.601,36.555
HAM,Ferrari,1.0,0 days 00:01:35.261000,,0 days 00:00:18.385000,0 days 00:00:37.713000,MEDIUM,1.0,1.0,,,1,3.0,False,2026,Australia,R,95.261,,18.385,37.713
HAM,Ferrari,2.0,0 days 00:01:24.626000,0 days 00:00:29.988000,0 days 00:00:18.115000,0 days 00:00:36.523000,MEDIUM,2.0,1.0,,,1,3.0,False,2026,Australia,R,84.626,29.988,18.115,36.523
HAM,Ferrari,3.0,0 days 00:01:24.874000,0 days 00:00:30.233000,0 days 00:00:18.076000,0 days 00:00:36.565000,MEDIUM,3.0,1.0,,,1,3.0,False,2026,Australia,R,84.874,30.233,18.076,36.565
HAM,Ferrari,4.0,0 days 00:01:25.066000,0 days 00:00:30.332000,0 days 00:00:18.021000,0 days 00:00:36.713000,MEDIUM,4.0,1.0,,,1,3.0,False,2026,Australia,R,85.066,30.332,18.021,36.713
HAM,Ferrari,5.0,0 days 00:01:24.502000,0 days 00:00:29.967000,0 days 00:00:18.029000,0 days 00:00:36.506000,MEDIUM,5.0,1.0,,,1,3.0,False,2026,Australia,R,84.502,29.967,18.029,36.506
HAM,Ferrari,6.0,0 days 00:01:24.703000,0 days 00:00:29.970000,0 days 00:00:18.016000,0 days 00:00:36.717000,MEDIUM,6.0,1.0,,,1,3.0,False,2026,Australia,R,84.703,29.97,18.016,36.717
HAM,Ferrari,7.0,0 days 00:01:24.365000,0 days 00:00:29.888000,0 days 00:00:18.034000,0 days 00:00:36.443000,MEDIUM,7.0,1.0,,,1,3.0,False,2026,Australia,R,84.365,29.888,18.034,36.443
HAM,Ferrari,8.0,0 days 00:01:24.408000,0 days 00:00:29.787000,0 days 00:00:18.093000,0 days 00:00:36.528000,MEDIUM,8.0,1.0,,,1,3.0,False,2026,Australia,R,84.408,29.787,18.093,36.528
HAM,Ferrari,9.0,0 days 00:01:25.844000,0 days 00:00:30.984000,0 days 00:00:18.266000,0 days 00:00:36.594000,MEDIUM,9.0,1.0,,,1,3.0,False,2026,Australia,R,85.844,30.984,18.266,36.594
HAM,Ferrari,10.0,0 days 00:01:24.255000,0 days 00:00:29.827000,0 days 00:00:17.875000,0 days 00:00:36.553000,MEDIUM,10.0,1.0,,,1,3.0,False,2026,Australia,R,84.255,29.827,17.875,36.553
HAM,Ferrari,11.0,0 days 00:01:24.073000,0 days 00:00:29.686000,0 days 00:00:17.816000,0 days 00:00:36.571000,MEDIUM,11.0,1.0,,,1,3.0,False,2026,Australia,R,84.073,29.686,17.816,36.571
HAM,Ferrari,12.0,0 days 00:01:54.958000,0 days 00:00:40.845000,0 days 00:00:28.326000,0 days 00:00:45.787000,MEDIUM,12.0,1.0,,,16,2.0,False,2026,Australia,R,114.958,40.845,28.326,45.787
HAM,Ferrari,13.0,0 days 00:01:56.315000,0 days 00:00:41.178000,0 days 00:00:27.777000,0 days 00:00:47.360000,MEDIUM,13.0,1.0,,,6,2.0,False,2026,Australia,R,116.315,41.178,27.777,47.36
HAM,Ferrari,14.0,0 days 00:01:28.327000,0 days 00:00:33.824000,0 days 00:00:17.902000,0 days 00:00:36.601000,MEDIUM,14.0,1.0,,,671,2.0,False,2026,Australia,R,88.327,33.824,17.902,36.601
HAM,Ferrari,15.0,0 days 00:01:23.703000,0 days 00:00:29.547000,0 days 00:00:17.763000,0 days 00:00:36.393000,MEDIUM,15.0,1.0,,,1,2.0,False,2026,Australia,R,83.703,29.547,17.763,36.393
HAM,Ferrari,16.0,0 days 00:01:23.412000,0 days 00:00:29.291000,0 days 00:00:17.817000,0 days 00:00:36.304000,MEDIUM,16.0,1.0,,,1,2.0,False,2026,Australia,R,83.412,29.291,17.817,36.304
HAM,Ferrari,17.0,0 days 00:01:24.045000,0 days 00:00:29.729000,0 days 00:00:17.883000,0 days 00:00:36.433000,MEDIUM,17.0,1.0,,,1,2.0,False,2026,Australia,R,84.045,29.729,17.883,36.433
HAM,Ferrari,18.0,0 days 00:01:31.597000,0 days 00:00:29.625000,0 days 00:00:17.793000,0 days 00:00:44.179000,MEDIUM,18.0,1.0,,,126,2.0,False,2026,Australia,R,91.597,29.625,17.793,44.179
HAM,Ferrari,19.0,0 days 00:01:53.100000,0 days 00:00:37.081000,0 days 00:00:24.573000,0 days 00:00:51.446000,MEDIUM,19.0,1.0,,,6,2.0,False,2026,Australia,R,113.1,37.081,24.573,51.446
HAM,Ferrari,20.0,0 days 00:01:31.637000,0 days 00:00:37.133000,0 days 00:00:18.014000,0 days 00:00:36.490000,MEDIUM,20.0,1.0,,,671,2.0,False,2026,Australia,R,91.637,37.133,18.014,36.49
HAM,Ferrari,21.0,0 days 00:01:23.617000,0 days 00:00:29.381000,0 days 00:00:17.818000,0 days 00:00:36.418000,MEDIUM,21.0,1.0,,,1,2.0,False,2026,Australia,R,83.617,29.381,17.818,36.418
HAM,Ferrari,22.0,0 days 00:01:23.509000,0 days 00:00:29.258000,0 days 00:00:17.832000,0 days 00:00:36.419000,MEDIUM,22.0,1.0,,,1,2.0,False,2026,Australia,R,83.509,29.258,17.832,36.419
HAM,Ferrari,23.0,0 days 00:01:23.382000,0 days 00:00:29.306000,0 days 00:00:17.766000,0 days 00:00:36.310000,MEDIUM,23.0,1.0,,,1,2.0,False,2026,Australia,R,83.382,29.306,17.766,36.31
HAM,Ferrari,24.0,0 days 00:01:24.329000,0 days 00:00:29.999000,0 days 00:00:17.913000,0 days 00:00:36.417000,MEDIUM,24.0,1.0,,,1,2.0,False,2026,Australia,R,84.329,29.999,17.913,36.417
HAM,Ferrari,25.0,0 days 00:01:23.660000,0 days 00:00:29.419000,0 days 00:00:17.845000,0 days 00:00:36.396000,MEDIUM,25.0,1.0,,,1,1.0,False,2026,Australia,R,83.66,29.419,17.845,36.396
HAM,Ferrari,26.0,0 days 00:01:24.085000,0 days 00:00:29.611000,0 days 00:00:17.867000,0 days 00:00:36.607000,MEDIUM,26.0,1.0,,,1,1.0,False,2026,Australia,R,84.085,29.611,17.867,36.607
HAM,Ferrari,27.0,0 days 00:01:23.760000,0 days 00:00:29.455000,0 days 00:00:17.860000,0 days 00:00:36.445000,MEDIUM,27.0,1.0,,,1,1.0,False,2026,Australia,R,83.76,29.455,17.86,36.445
HAM,Ferrari,28.0,0 days 00:01:39.578000,0 days 00:00:29.438000,0 days 00:00:17.924000,0 days 00:00:52.216000,MEDIUM,28.0,1.0,0 days 01:43:39.308000,,1,4.0,False,2026,Australia,R,99.578,29.438,17.924,52.216
HAM,Ferrari,29.0,0 days 00:01:29.135000,0 days 00:00:35.116000,0 days 00:00:17.909000,0 days 00:00:36.110000,HARD,1.0,2.0,,0 days 01:43:57.281000,1,4.0,False,2026,Australia,R,89.135,35.116,17.909,36.11
HAM,Ferrari,30.0,0 days 00:01:23.474000,0 days 00:00:29.431000,0 days 00:00:17.923000,0 days 00:00:36.120000,HARD,2.0,2.0,,,1,4.0,False,2026,Australia,R,83.474,29.431,17.923,36.12
HAM,Ferrari,31.0,0 days 00:01:23.129000,0 days 00:00:29.336000,0 days 00:00:17.854000,0 days 00:00:35.939000,HARD,3.0,2.0,,,1,4.0,False,2026,Australia,R,83.129,29.336,17.854,35.939
HAM,Ferrari,32.0,0 days 00:01:23.185000,0 days 00:00:29.328000,0 days 00:00:17.835000,0 days 00:00:36.022000,HARD,4.0,2.0,,,1,4.0,False,2026,Australia,R,83.185,29.328,17.835,36.022
HAM,Ferrari,33.0,0 days 00:01:23.775000,0 days 00:00:29.415000,0 days 00:00:17.921000,0 days 00:00:36.439000,HARD,5.0,2.0,,,1,4.0,False,2026,Australia,R,83.775,29.415,17.921,36.439
HAM,Ferrari,34.0,0 days 00:01:38.315000,0 days 00:00:36.057000,0 days 00:00:24.217000,0 days 00:00:38.041000,HARD,6.0,2.0,,,167,4.0,False,2026,Australia,R,98.315,36.057,24.217,38.041
HAM,Ferrari,35.0,0 days 00:01:23.317000,0 days 00:00:29.381000,0 days 00:00:17.698000,0 days 00:00:36.238000,HARD,7.0,2.0,,,1,4.0,False,2026,Australia,R,83.317,29.381,17.698,36.238
HAM,Ferrari,36.0,0 days 00:01:23.338000,0 days 00:00:29.420000,0 days 00:00:17.712000,0 days 00:00:36.206000,HARD,8.0,2.0,,,1,4.0,False,2026,Australia,R,83.338,29.42,17.712,36.206
HAM,Ferrari,37.0,0 days 00:01:23.086000,0 days 00:00:29.353000,0 days 00:00:17.661000,0 days 00:00:36.072000,HARD,9.0,2.0,,,1,4.0,False,2026,Australia,R,83.086,29.353,17.661,36.072
HAM,Ferrari,38.0,0 days 00:01:22.688000,0 days 00:00:29.069000,0 days 00:00:17.752000,0 days 00:00:35.867000,HARD,10.0,2.0,,,1,4.0,False,2026,Australia,R,82.688,29.069,17.752,35.867
HAM,Ferrari,39.0,0 days 00:01:22.536000,0 days 00:00:28.919000,0 days 00:00:17.689000,0 days 00:00:35.928000,HARD,11.0,2.0,,,1,4.0,False,2026,Australia,R,82.536,28.919,17.689,35.928
HAM,Ferrari,40.0,0 days 00:01:22.550000,0 days 00:00:29.091000,0 days 00:00:17.679000,0 days 00:00:35.780000,HARD,12.0,2.0,,,1,4.0,False,2026,Australia,R,82.55,29.091,17.679,35.78
HAM,Ferrari,41.0,0 days 00:01:22.648000,0 days 00:00:29.065000,0 days 00:00:17.564000,0 days 00:00:36.019000,HARD,13.0,2.0,,,1,4.0,False,2026,Australia,R,82.648,29.065,17.564,36.019
HAM,Ferrari,42.0,0 days 00:01:22.636000,0 days 00:00:29.114000,0 days 00:00:17.688000,0 days 00:00:35.834000,HARD,14.0,2.0,,,1,4.0,False,2026,Australia,R,82.636,29.114,17.688,35.834
HAM,Ferrari,43.0,0 days 00:01:22.559000,0 days 00:00:28.993000,0 days 00:00:17.663000,0 days 00:00:35.903000,HARD,15.0,2.0,,,1,4.0,False,2026,Australia,R,82.559,28.993,17.663,35.903
HAM,Ferrari,44.0,0 days 00:01:22.837000,0 days 00:00:29.087000,0 days 00:00:17.685000,0 days 00:00:36.065000,HARD,16.0,2.0,,,1,4.0,False,2026,Australia,R,82.837,29.087,17.685,36.065
HAM,Ferrari,45.0,0 days 00:01:22.529000,0 days 00:00:28.867000,0 days 00:00:17.570000,0 days 00:00:36.092000,HARD,17.0,2.0,,,1,4.0,False,2026,Australia,R,82.529,28.867,17.57,36.092
HAM,Ferrari,46.0,0 days 00:01:22.945000,0 days 00:00:29.158000,0 days 00:00:17.770000,0 days 00:00:36.017000,HARD,18.0,2.0,,,1,4.0,False,2026,Australia,R,82.945,29.158,17.77,36.017
HAM,Ferrari,47.0,0 days 00:01:22.677000,0 days 00:00:29.105000,0 days 00:00:17.709000,0 days 00:00:35.863000,HARD,19.0,2.0,,,1,4.0,False,2026,Australia,R,82.677,29.105,17.709,35.863
HAM,Ferrari,48.0,0 days 00:01:22.764000,0 days 00:00:29.189000,0 days 00:00:17.665000,0 days 00:00:35.910000,HARD,20.0,2.0,,,1,4.0,False,2026,Australia,R,82.764,29.189,17.665,35.91
HAM,Ferrari,49.0,0 days 00:01:22.835000,0 days 00:00:29.086000,0 days 00:00:17.650000,0 days 00:00:36.099000,HARD,21.0,2.0,,,1,4.0,False,2026,Australia,R,82.835,29.086,17.65,36.099
HAM,Ferrari,50.0,0 days 00:01:23.310000,0 days 00:00:29.107000,0 days 00:00:17.787000,0 days 00:00:36.416000,HARD,22.0,2.0,,,1,4.0,False,2026,Australia,R,83.31,29.107,17.787,36.416
HAM,Ferrari,51.0,0 days 00:01:22.683000,0 days 00:00:29.231000,0 days 00:00:17.661000,0 days 00:00:35.791000,HARD,23.0,2.0,,,1,4.0,False,2026,Australia,R,82.683,29.231,17.661,35.791
HAM,Ferrari,52.0,0 days 00:01:23.008000,0 days 00:00:29.158000,0 days 00:00:17.670000,0 days 00:00:36.180000,HARD,24.0,2.0,,,1,4.0,False,2026,Australia,R,83.008,29.158,17.67,36.18
HAM,Ferrari,53.0,0 days 00:01:23.165000,0 days 00:00:29.520000,0 days 00:00:17.678000,0 days 00:00:35.967000,HARD,25.0,2.0,,,1,4.0,False,2026,Australia,R,83.165,29.52,17.678,35.967
HAM,Ferrari,54.0,0 days 00:01:22.554000,0 days 00:00:29.035000,0 days 00:00:17.661000,0 days 00:00:35.858000,HARD,26.0,2.0,,,1,4.0,False,2026,Australia,R,82.554,29.035,17.661,35.858
HAM,Ferrari,55.0,0 days 00:01:22.423000,0 days 00:00:29.094000,0 days 00:00:17.613000,0 days 00:00:35.716000,HARD,27.0,2.0,,,1,4.0,False,2026,Australia,R,82.423,29.094,17.613,35.716
HAM,Ferrari,56.0,0 days 00:01:22.500000,0 days 00:00:28.996000,0 days 00:00:17.577000,0 days 00:00:35.927000,HARD,28.0,2.0,,,1,4.0,False,2026,Australia,R,82.5,28.996,17.577,35.927
HAM,Ferrari,57.0,0 days 00:01:22.716000,0 days 00:00:29.004000,0 days 00:00:17.632000,0 days 00:00:36.080000,HARD,29.0,2.0,,,1,4.0,False,2026,Australia,R,82.716,29.004,17.632,36.08
HAM,Ferrari,58.0,0 days 00:01:22.637000,0 days 00:00:29.096000,0 days 00:00:17.505000,0 days 00:00:36.036000,HARD,30.0,2.0,,,1,4.0,False,2026,Australia,R,82.637,29.096,17.505,36.036
BOR,Audi,1.0,0 days 00:01:38.755000,,0 days 00:00:18.975000,0 days 00:00:38.744000,MEDIUM,1.0,1.0,,,1,11.0,False,2026,Australia,R,98.755,,18.975,38.744
BOR,Audi,2.0,0 days 00:01:27.538000,0 days 00:00:31.092000,0 days 00:00:18.428000,0 days 00:00:38.018000,MEDIUM,2.0,1.0,,,1,11.0,False,2026,Australia,R,87.538,31.092,18.428,38.018
BOR,Audi,3.0,0 days 00:01:26.324000,0 days 00:00:30.546000,0 days 00:00:18.125000,0 days 00:00:37.653000,MEDIUM,3.0,1.0,,,1,10.0,False,2026,Australia,R,86.324,30.546,18.125,37.653
BOR,Audi,4.0,0 days 00:01:26.032000,0 days 00:00:30.416000,0 days 00:00:18.415000,0 days 00:00:37.201000,MEDIUM,4.0,1.0,,,1,10.0,False,2026,Australia,R,86.032,30.416,18.415,37.201
BOR,Audi,5.0,0 days 00:01:26.327000,0 days 00:00:30.512000,0 days 00:00:17.836000,0 days 00:00:37.979000,MEDIUM,5.0,1.0,,,1,10.0,False,2026,Australia,R,86.327,30.512,17.836,37.979
BOR,Audi,6.0,0 days 00:01:27.463000,0 days 00:00:31.563000,0 days 00:00:18.038000,0 days 00:00:37.862000,MEDIUM,6.0,1.0,,,1,12.0,True,2026,Australia,R,87.463,31.563,18.038,37.862
BOR,Audi,7.0,0 days 00:01:25.785000,0 days 00:00:30.465000,0 days 00:00:17.945000,0 days 00:00:37.375000,MEDIUM,7.0,1.0,,,1,12.0,False,2026,Australia,R,85.785,30.465,17.945,37.375
BOR,Audi,8.0,0 days 00:01:25.470000,0 days 00:00:30.114000,0 days 00:00:17.925000,0 days 00:00:37.431000,MEDIUM,8.0,1.0,,,1,12.0,False,2026,Australia,R,85.47,30.114,17.925,37.431
BOR,Audi,9.0,0 days 00:01:25.224000,0 days 00:00:30.146000,0 days 00:00:17.839000,0 days 00:00:37.239000,MEDIUM,9.0,1.0,,,1,12.0,False,2026,Australia,R,85.224,30.146,17.839,37.239
BOR,Audi,10.0,0 days 00:01:25.561000,0 days 00:00:30.476000,0 days 00:00:17.834000,0 days 00:00:37.251000,MEDIUM,10.0,1.0,,,1,12.0,False,2026,Australia,R,85.561,30.476,17.834,37.251
BOR,Audi,11.0,0 days 00:01:31.862000,0 days 00:00:30.096000,0 days 00:00:17.910000,0 days 00:00:43.856000,MEDIUM,11.0,1.0,,,16,8.0,False,2026,Australia,R,91.862,30.096,17.91,43.856
BOR,Audi,12.0,0 days 00:01:54.364000,0 days 00:00:39.819000,0 days 00:00:27.688000,0 days 00:00:46.857000,MEDIUM,12.0,1.0,,,6,8.0,False,2026,Australia,R,114.364,39.819,27.688,46.857
BOR,Audi,13.0,0 days 00:01:54.445000,0 days 00:00:40.360000,0 days 00:00:28.226000,0 days 00:00:45.859000,MEDIUM,13.0,1.0,,,671,8.0,False,2026,Australia,R,114.445,40.36,28.226,45.859
BOR,Audi,14.0,0 days 00:01:25.958000,0 days 00:00:31.023000,0 days 00:00:17.824000,0 days 00:00:37.111000,MEDIUM,14.0,1.0,,,1,8.0,False,2026,Australia,R,85.958,31.023,17.824,37.111
BOR,Audi,15.0,0 days 00:01:24.819000,0 days 00:00:29.860000,0 days 00:00:17.908000,0 days 00:00:37.051000,MEDIUM,15.0,1.0,,,1,8.0,False,2026,Australia,R,84.819,29.86,17.908,37.051
BOR,Audi,16.0,0 days 00:01:24.980000,0 days 00:00:29.821000,0 days 00:00:17.960000,0 days 00:00:37.199000,MEDIUM,16.0,1.0,,,1,8.0,False,2026,Australia,R,84.98,29.821,17.96,37.199
BOR,Audi,17.0,0 days 00:01:25.061000,0 days 00:00:29.831000,0 days 00:00:18.092000,0 days 00:00:37.138000,MEDIUM,17.0,1.0,,,1,8.0,False,2026,Australia,R,85.061,29.831,18.092,37.138
BOR,Audi,18.0,0 days 00:01:50.359000,0 days 00:00:30.685000,0 days 00:00:18.120000,0 days 00:01:01.554000,MEDIUM,18.0,1.0,0 days 01:29:29.607000,,126,9.0,False,2026,Australia,R,110.359,30.685,18.12,61.554
BOR,Audi,19.0,0 days 00:01:55.679000,0 days 00:00:44.929000,0 days 00:00:25.326000,0 days 00:00:45.424000,HARD,1.0,2.0,,0 days 01:29:48.749000,671,11.0,False,2026,Australia,R,115.679,44.929,25.326,45.424
BOR,Audi,20.0,0 days 00:01:25.201000,0 days 00:00:29.953000,0 days 00:00:18.498000,0 days 00:00:36.750000,HARD,2.0,2.0,,,1,9.0,False,2026,Australia,R,85.201,29.953,18.498,36.75
BOR,Audi,21.0,0 days 00:01:25.044000,0 days 00:00:29.937000,0 days 00:00:18.308000,0 days 00:00:36.799000,HARD,3.0,2.0,,,1,9.0,False,2026,Australia,R,85.044,29.937,18.308,36.799
BOR,Audi,22.0,0 days 00:01:24.428000,0 days 00:00:29.747000,0 days 00:00:18.079000,0 days 00:00:36.602000,HARD,4.0,2.0,,,1,9.0,False,2026,Australia,R,84.428,29.747,18.079,36.602
BOR,Audi,23.0,0 days 00:01:24.335000,0 days 00:00:29.835000,0 days 00:00:17.950000,0 days 00:00:36.550000,HARD,5.0,2.0,,,1,9.0,False,2026,Australia,R,84.335,29.835,17.95,36.55
BOR,Audi,24.0,0 days 00:01:24.327000,0 days 00:00:29.815000,0 days 00:00:18.001000,0 days 00:00:36.511000,HARD,6.0,2.0,,,1,9.0,False,2026,Australia,R,84.327,29.815,18.001,36.511
BOR,Audi,25.0,0 days 00:01:24.370000,0 days 00:00:29.685000,0 days 00:00:18.019000,0 days 00:00:36.666000,HARD,7.0,2.0,,,1,9.0,False,2026,Australia,R,84.37,29.685,18.019,36.666
BOR,Audi,26.0,0 days 00:01:24.533000,0 days 00:00:29.804000,0 days 00:00:18.015000,0 days 00:00:36.714000,HARD,8.0,2.0,,,1,9.0,False,2026,Australia,R,84.533,29.804,18.015,36.714
BOR,Audi,27.0,0 days 00:01:24.535000,0 days 00:00:29.947000,0 days 00:00:17.963000,0 days 00:00:36.625000,HARD,9.0,2.0,,,1,9.0,False,2026,Australia,R,84.535,29.947,17.963,36.625
BOR,Audi,28.0,0 days 00:01:24.440000,0 days 00:00:29.912000,0 days 00:00:18.051000,0 days 00:00:36.477000,HARD,10.0,2.0,,,1,9.0,False,2026,Australia,R,84.44,29.912,18.051,36.477
BOR,Audi,29.0,0 days 00:01:24.694000,0 days 00:00:29.861000,0 days 00:00:18.058000,0 days 00:00:36.775000,HARD,11.0,2.0,,,1,9.0,False,2026,Australia,R,84.694,29.861,18.058,36.775
BOR,Audi,30.0,0 days 00:01:24.364000,0 days 00:00:29.865000,0 days 00:00:17.935000,0 days 00:00:36.564000,HARD,12.0,2.0,,,1,9.0,False,2026,Australia,R,84.364,29.865,17.935,36.564
BOR,Audi,31.0,0 days 00:01:24.153000,0 days 00:00:29.790000,0 days 00:00:17.858000,0 days 00:00:36.505000,HARD,13.0,2.0,,,1,9.0,False,2026,Australia,R,84.153,29.79,17.858,36.505
BOR,Audi,32.0,0 days 00:01:23.978000,0 days 00:00:29.576000,0 days 00:00:17.889000,0 days 00:00:36.513000,HARD,14.0,2.0,,,1,9.0,False,2026,Australia,R,83.978,29.576,17.889,36.513
BOR,Audi,33.0,0 days 00:01:44.235000,0 days 00:00:29.944000,0 days 00:00:17.988000,0 days 00:00:56.303000,HARD,15.0,2.0,0 days 01:51:24.281000,,16,11.0,False,2026,Australia,R,104.235,29.944,17.988,56.303
BOR,Audi,34.0,0 days 00:01:33.286000,0 days 00:00:38.940000,0 days 00:00:18.065000,0 days 00:00:36.281000,HARD,1.0,3.0,,0 days 01:51:47.184000,671,11.0,False,2026,Australia,R,93.286,38.94,18.065,36.281
BOR,Audi,35.0,0 days 00:01:23.954000,0 days 00:00:29.405000,0 days 00:00:18.240000,0 days 00:00:36.309000,HARD,2.0,3.0,,,1,11.0,False,2026,Australia,R,83.954,29.405,18.24,36.309
BOR,Audi,36.0,0 days 00:01:23.655000,0 days 00:00:29.478000,0 days 00:00:17.963000,0 days 00:00:36.214000,HARD,3.0,3.0,,,1,11.0,False,2026,Australia,R,83.655,29.478,17.963,36.214
BOR,Audi,37.0,0 days 00:01:23.732000,0 days 00:00:29.506000,0 days 00:00:17.848000,0 days 00:00:36.378000,HARD,4.0,3.0,,,1,11.0,False,2026,Australia,R,83.732,29.506,17.848,36.378
BOR,Audi,38.0,0 days 00:01:25.119000,0 days 00:00:29.421000,0 days 00:00:17.884000,0 days 00:00:37.814000,HARD,5.0,3.0,,,1,11.0,False,2026,Australia,R,85.119,29.421,17.884,37.814
BOR,Audi,39.0,0 days 00:01:24.830000,0 days 00:00:30.093000,0 days 00:00:18.191000,0 days 00:00:36.546000,HARD,6.0,3.0,,,1,10.0,False,2026,Australia,R,84.83,30.093,18.191,36.546
BOR,Audi,40.0,0 days 00:01:24.696000,0 days 00:00:29.516000,0 days 00:00:18.522000,0 days 00:00:36.658000,HARD,7.0,3.0,,,1,9.0,False,2026,Australia,R,84.696,29.516,18.522,36.658
BOR,Audi,41.0,0 days 00:01:24.470000,0 days 00:00:29.940000,0 days 00:00:18.115000,0 days 00:00:36.415000,HARD,8.0,3.0,,,1,9.0,False,2026,Australia,R,84.47,29.94,18.115,36.415
BOR,Audi,42.0,0 days 00:01:23.803000,0 days 00:00:29.508000,0 days 00:00:17.946000,0 days 00:00:36.349000,HARD,9.0,3.0,,,1,9.0,False,2026,Australia,R,83.803,29.508,17.946,36.349
BOR,Audi,43.0,0 days 00:01:23.643000,0 days 00:00:29.475000,0 days 00:00:17.879000,0 days 00:00:36.289000,HARD,10.0,3.0,,,1,9.0,False,2026,Australia,R,83.643,29.475,17.879,36.289
BOR,Audi,44.0,0 days 00:01:23.736000,0 days 00:00:29.581000,0 days 00:00:17.856000,0 days 00:00:36.299000,HARD,11.0,3.0,,,1,9.0,False,2026,Australia,R,83.736,29.581,17.856,36.299
BOR,Audi,45.0,0 days 00:01:23.257000,0 days 00:00:29.395000,0 days 00:00:17.800000,0 days 00:00:36.062000,HARD,12.0,3.0,,,1,9.0,False,2026,Australia,R,83.257,29.395,17.8,36.062
BOR,Audi,46.0,0 days 00:01:23.346000,0 days 00:00:29.447000,0 days 00:00:17.774000,0 days 00:00:36.125000,HARD,13.0,3.0,,,1,9.0,False,2026,Australia,R,83.346,29.447,17.774,36.125
BOR,Audi,47.0,0 days 00:01:23.976000,0 days 00:00:29.482000,0 days 00:00:17.841000,0 days 00:00:36.653000,HARD,14.0,3.0,,,1,9.0,False,2026,Australia,R,83.976,29.482,17.841,36.653
BOR,Audi,48.0,0 days 00:01:25.008000,0 days 00:00:30.382000,0 days 00:00:17.891000,0 days 00:00:36.735000,HARD,15.0,3.0,,,1,9.0,False,2026,Australia,R,85.008,30.382,17.891,36.735
BOR,Audi,49.0,0 days 00:01:24.889000,0 days 00:00:29.559000,0 days 00:00:17.870000,0 days 00:00:37.460000,HARD,16.0,3.0,,,1,9.0,False,2026,Australia,R,84.889,29.559,17.87,37.46
BOR,Audi,50.0,0 days 00:01:24.324000,0 days 00:00:29.719000,0 days 00:00:17.835000,0 days 00:00:36.770000,HARD,17.0,3.0,,,1,9.0,False,2026,Australia,R,84.324,29.719,17.835,36.77
BOR,Audi,51.0,0 days 00:01:25.635000,0 days 00:00:29.804000,0 days 00:00:18.319000,0 days 00:00:37.512000,HARD,18.0,3.0,,,1,9.0,False,2026,Australia,R,85.635,29.804,18.319,37.512
BOR,Audi,52.0,0 days 00:01:24.359000,0 days 00:00:29.711000,0 days 00:00:17.927000,0 days 00:00:36.721000,HARD,19.0,3.0,,,1,9.0,False,2026,Australia,R,84.359,29.711,17.927,36.721
BOR,Audi,53.0,0 days 00:01:26.063000,0 days 00:00:29.756000,0 days 00:00:17.889000,0 days 00:00:38.418000,HARD,20.0,3.0,,,1,9.0,False,2026,Australia,R,86.063,29.756,17.889,38.418
BOR,Audi,54.0,0 days 00:01:24.548000,0 days 00:00:29.857000,0 days 00:00:17.721000,0 days 00:00:36.970000,HARD,21.0,3.0,,,1,9.0,False,2026,Australia,R,84.548,29.857,17.721,36.97
BOR,Audi,55.0,0 days 00:01:25.268000,0 days 00:00:30.150000,0 days 00:00:17.991000,0 days 00:00:37.127000,HARD,22.0,3.0,,,1,9.0,False,2026,Australia,R,85.268,30.15,17.991,37.127
BOR,Audi,56.0,0 days 00:01:24.515000,0 days 00:00:29.823000,0 days 00:00:17.878000,0 days 00:00:36.814000,HARD,23.0,3.0,,,1,9.0,False,2026,Australia,R,84.515,29.823,17.878,36.814
BOR,Audi,57.0,0 days 00:01:24.821000,0 days 00:00:29.522000,0 days 00:00:18.166000,0 days 00:00:37.133000,HARD,24.0,3.0,,,1,9.0,False,2026,Australia,R,84.821,29.522,18.166,37.133
SAI,Williams,1.0,0 days 00:01:39.815000,,0 days 00:00:19.143000,0 days 00:00:39.148000,SOFT,1.0,1.0,,,1,13.0,False,2026,Australia,R,99.815,,19.143,39.148
SAI,Williams,2.0,0 days 00:01:27.980000,0 days 00:00:31.713000,0 days 00:00:18.211000,0 days 00:00:38.056000,SOFT,2.0,1.0,,,1,14.0,False,2026,Australia,R,87.98,31.713,18.211,38.056
SAI,Williams,3.0,0 days 00:01:28.093000,0 days 00:00:31.187000,0 days 00:00:18.048000,0 days 00:00:38.858000,SOFT,3.0,1.0,,,1,15.0,False,2026,Australia,R,88.093,31.187,18.048,38.858
SAI,Williams,4.0,0 days 00:01:27.216000,0 days 00:00:30.511000,0 days 00:00:18.372000,0 days 00:00:38.333000,SOFT,4.0,1.0,,,1,15.0,False,2026,Australia,R,87.216,30.511,18.372,38.333
SAI,Williams,5.0,0 days 00:01:27.511000,0 days 00:00:30.419000,0 days 00:00:18.057000,0 days 00:00:39.035000,SOFT,5.0,1.0,,,1,15.0,False,2026,Australia,R,87.511,30.419,18.057,39.035
SAI,Williams,6.0,0 days 00:01:26.872000,0 days 00:00:30.787000,0 days 00:00:18.201000,0 days 00:00:37.884000,SOFT,6.0,1.0,,,1,14.0,False,2026,Australia,R,86.872,30.787,18.201,37.884
SAI,Williams,7.0,0 days 00:01:25.698000,0 days 00:00:30.022000,0 days 00:00:18.348000,0 days 00:00:37.328000,SOFT,7.0,1.0,,,1,14.0,False,2026,Australia,R,85.698,30.022,18.348,37.328
SAI,Williams,8.0,0 days 00:01:25.433000,0 days 00:00:30.051000,0 days 00:00:18.228000,0 days 00:00:37.154000,SOFT,8.0,1.0,,,1,14.0,False,2026,Australia,R,85.433,30.051,18.228,37.154
SAI,Williams,9.0,0 days 00:01:25.826000,0 days 00:00:29.997000,0 days 00:00:18.347000,0 days 00:00:37.482000,SOFT,9.0,1.0,,,1,14.0,False,2026,Australia,R,85.826,29.997,18.347,37.482
SAI,Williams,10.0,0 days 00:01:26.202000,0 days 00:00:30.638000,0 days 00:00:18.332000,0 days 00:00:37.232000,SOFT,10.0,1.0,,,1,14.0,False,2026,Australia,R,86.202,30.638,18.332,37.232
SAI,Williams,11.0,0 days 00:01:46.912000,0 days 00:00:30.181000,0 days 00:00:18.250000,0 days 00:00:58.481000,SOFT,11.0,1.0,0 days 01:18:29.832000,,16,13.0,False,2026,Australia,R,106.912,30.181,18.25,58.481
SAI,Williams,12.0,0 days 00:01:56.846000,0 days 00:00:43.366000,0 days 00:00:25.069000,0 days 00:00:48.411000,HARD,1.0,2.0,,0 days 01:18:49.955000,6,13.0,False,2026,Australia,R,116.846,43.366,25.069,48.411
SAI,Williams,13.0,0 days 00:01:48.341000,0 days 00:00:41.682000,0 days 00:00:26.884000,0 days 00:00:39.775000,HARD,2.0,2.0,,,671,13.0,False,2026,Australia,R,108.341,41.682,26.884,39.775
SAI,Williams,14.0,0 days 00:01:24.927000,0 days 00:00:29.998000,0 days 00:00:18.087000,0 days 00:00:36.842000,HARD,3.0,2.0,,,1,13.0,False,2026,Australia,R,84.927,29.998,18.087,36.842
SAI,Williams,15.0,0 days 00:01:24.824000,0 days 00:00:29.765000,0 days 00:00:18.155000,0 days 00:00:36.904000,HARD,4.0,2.0,,,1,13.0,False,2026,Australia,R,84.824,29.765,18.155,36.904
SAI,Williams,16.0,0 days 00:01:24.940000,0 days 00:00:29.783000,0 days 00:00:18.143000,0 days 00:00:37.014000,HARD,5.0,2.0,,,1,12.0,False,2026,Australia,R,84.94,29.783,18.143,37.014
SAI,Williams,17.0,0 days 00:01:25.151000,0 days 00:00:29.860000,0 days 00:00:18.235000,0 days 00:00:37.056000,HARD,6.0,2.0,,,1,12.0,False,2026,Australia,R,85.151,29.86,18.235,37.056
SAI,Williams,18.0,0 days 00:01:42.820000,0 days 00:00:29.887000,0 days 00:00:27.055000,0 days 00:00:45.878000,HARD,7.0,2.0,,,126,12.0,False,2026,Australia,R,102.82,29.887,27.055,45.878
SAI,Williams,19.0,0 days 00:01:50.080000,0 days 00:00:42.226000,0 days 00:00:23.719000,0 days 00:00:44.135000,HARD,8.0,2.0,,,671,12.0,False,2026,Australia,R,110.08,42.226,23.719,44.135
SAI,Williams,20.0,0 days 00:01:25.394000,0 days 00:00:29.948000,0 days 00:00:18.238000,0 days 00:00:37.208000,HARD,9.0,2.0,,,1,12.0,False,2026,Australia,R,85.394,29.948,18.238,37.208
SAI,Williams,21.0,0 days 00:01:25.409000,0 days 00:00:29.886000,0 days 00:00:18.212000,0 days 00:00:37.311000,HARD,10.0,2.0,,,1,12.0,False,2026,Australia,R,85.409,29.886,18.212,37.311
SAI,Williams,22.0,0 days 00:01:25.370000,0 days 00:00:30,0 days 00:00:18.143000,0 days 00:00:37.227000,HARD,11.0,2.0,,,1,12.0,False,2026,Australia,R,85.37,30.0,18.143,37.227
SAI,Williams,23.0,0 days 00:01:25.600000,0 days 00:00:29.925000,0 days 00:00:18.230000,0 days 00:00:37.445000,HARD,12.0,2.0,,,1,12.0,False,2026,Australia,R,85.6,29.925,18.23,37.445
SAI,Williams,24.0,0 days 00:01:25.704000,0 days 00:00:30.109000,0 days 00:00:18.234000,0 days 00:00:37.361000,HARD,13.0,2.0,,,1,12.0,False,2026,Australia,R,85.704,30.109,18.234,37.361
SAI,Williams,25.0,0 days 00:01:26.122000,0 days 00:00:30.227000,0 days 00:00:18.286000,0 days 00:00:37.609000,HARD,14.0,2.0,,,1,12.0,False,2026,Australia,R,86.122,30.227,18.286,37.609
SAI,Williams,26.0,0 days 00:01:26.141000,0 days 00:00:30.101000,0 days 00:00:18.471000,0 days 00:00:37.569000,HARD,15.0,2.0,,,1,12.0,False,2026,Australia,R,86.141,30.101,18.471,37.569
SAI,Williams,27.0,0 days 00:01:26.124000,0 days 00:00:30.032000,0 days 00:00:18.344000,0 days 00:00:37.748000,HARD,16.0,2.0,,,1,12.0,False,2026,Australia,R,86.124,30.032,18.344,37.748
SAI,Williams,28.0,0 days 00:01:26.796000,0 days 00:00:30.439000,0 days 00:00:18.438000,0 days 00:00:37.919000,HARD,17.0,2.0,,,1,12.0,False,2026,Australia,R,86.796,30.439,18.438,37.919
SAI,Williams,29.0,0 days 00:01:28.049000,0 days 00:00:30.484000,0 days 00:00:18.443000,0 days 00:00:39.122000,HARD,18.0,2.0,,,1,13.0,False,2026,Australia,R,88.049,30.484,18.443,39.122
SAI,Williams,30.0,0 days 00:01:27.095000,0 days 00:00:30.748000,0 days 00:00:18.308000,0 days 00:00:38.039000,HARD,19.0,2.0,,,1,13.0,False,2026,Australia,R,87.095,30.748,18.308,38.039
SAI,Williams,31.0,0 days 00:01:26.639000,0 days 00:00:30.585000,0 days 00:00:18.197000,0 days 00:00:37.857000,HARD,20.0,2.0,,,1,13.0,False,2026,Australia,R,86.639,30.585,18.197,37.857
SAI,Williams,32.0,0 days 00:01:27.386000,0 days 00:00:30.628000,0 days 00:00:18.361000,0 days 00:00:38.397000,HARD,21.0,2.0,,,1,13.0,False,2026,Australia,R,87.386,30.628,18.361,38.397
SAI,Williams,33.0,0 days 00:01:59.861000,0 days 00:00:30.606000,0 days 00:00:18.531000,0 days 00:01:10.724000,HARD,22.0,2.0,0 days 01:52:03.329000,,167,14.0,False,2026,Australia,R,119.861,30.606,18.531,70.724
SAI,Williams,34.0,0 days 00:01:33.021000,0 days 00:00:36.393000,0 days 00:00:18.189000,0 days 00:00:38.439000,MEDIUM,1.0,3.0,,0 days 01:52:29.495000,1,15.0,False,2026,Australia,R,93.021,36.393,18.189,38.439
SAI,Williams,35.0,0 days 00:01:24.881000,0 days 00:00:29.725000,0 days 00:00:18.120000,0 days 00:00:37.036000,MEDIUM,2.0,3.0,,,1,15.0,False,2026,Australia,R,84.881,29.725,18.12,37.036
SAI,Williams,36.0,0 days 00:01:24.804000,0 days 00:00:29.914000,0 days 00:00:18.070000,0 days 00:00:36.820000,MEDIUM,3.0,3.0,,,1,15.0,False,2026,Australia,R,84.804,29.914,18.07,36.82
SAI,Williams,37.0,0 days 00:01:25.210000,0 days 00:00:29.697000,0 days 00:00:18.099000,0 days 00:00:37.414000,MEDIUM,4.0,3.0,,,1,15.0,False,2026,Australia,R,85.21,29.697,18.099,37.414
SAI,Williams,38.0,0 days 00:01:27.205000,0 days 00:00:30.364000,0 days 00:00:18.312000,0 days 00:00:38.529000,MEDIUM,5.0,3.0,,,1,15.0,False,2026,Australia,R,87.205,30.364,18.312,38.529
SAI,Williams,39.0,0 days 00:01:27.266000,0 days 00:00:30.213000,0 days 00:00:17.830000,0 days 00:00:39.223000,MEDIUM,6.0,3.0,,,1,15.0,False,2026,Australia,R,87.266,30.213,17.83,39.223
SAI,Williams,40.0,0 days 00:01:26.222000,0 days 00:00:30.490000,0 days 00:00:17.986000,0 days 00:00:37.746000,MEDIUM,7.0,3.0,,,1,15.0,False,2026,Australia,R,86.222,30.49,17.986,37.746
SAI,Williams,41.0,0 days 00:01:26.717000,0 days 00:00:30.627000,0 days 00:00:17.963000,0 days 00:00:38.127000,MEDIUM,8.0,3.0,,,1,15.0,False,2026,Australia,R,86.717,30.627,17.963,38.127
SAI,Williams,42.0,0 days 00:01:25.361000,0 days 00:00:30.050000,0 days 00:00:17.960000,0 days 00:00:37.351000,MEDIUM,9.0,3.0,,,1,15.0,False,2026,Australia,R,85.361,30.05,17.96,37.351
SAI,Williams,43.0,0 days 00:01:25.287000,0 days 00:00:30.117000,0 days 00:00:17.882000,0 days 00:00:37.288000,MEDIUM,10.0,3.0,,,1,15.0,False,2026,Australia,R,85.287,30.117,17.882,37.288
SAI,Williams,44.0,0 days 00:01:25.529000,0 days 00:00:30.218000,0 days 00:00:18.005000,0 days 00:00:37.306000,MEDIUM,11.0,3.0,,,1,15.0,False,2026,Australia,R,85.529,30.218,18.005,37.306
SAI,Williams,45.0,0 days 00:01:56.391000,0 days 00:00:30.019000,0 days 00:00:18.045000,0 days 00:01:08.327000,MEDIUM,12.0,3.0,0 days 02:09:42.506000,,1,15.0,False,2026,Australia,R,116.391,30.019,18.045,68.327
SAI,Williams,46.0,0 days 00:01:31.589000,0 days 00:00:37.024000,0 days 00:00:18.112000,0 days 00:00:36.453000,SOFT,1.0,4.0,,0 days 02:10:17.375000,1,15.0,False,2026,Australia,R,91.589,37.024,18.112,36.453
SAI,Williams,47.0,0 days 00:01:36.209000,0 days 00:00:29.270000,0 days 00:00:17.805000,0 days 00:00:49.134000,SOFT,2.0,4.0,,,1,15.0,False,2026,Australia,R,96.209,29.27,17.805,49.134
SAI,Williams,48.0,0 days 00:01:24.977000,0 days 00:00:30.091000,0 days 00:00:18.142000,0 days 00:00:36.744000,SOFT,3.0,4.0,,,1,15.0,False,2026,Australia,R,84.977,30.091,18.142,36.744
SAI,Williams,49.0,0 days 00:01:23.922000,0 days 00:00:29.343000,0 days 00:00:18.041000,0 days 00:00:36.538000,SOFT,4.0,4.0,,,1,15.0,False,2026,Australia,R,83.922,29.343,18.041,36.538
SAI,Williams,50.0,0 days 00:01:23.600000,0 days 00:00:29.200000,0 days 00:00:17.936000,0 days 00:00:36.464000,SOFT,5.0,4.0,,,1,15.0,False,2026,Australia,R,83.6,29.2,17.936,36.464
SAI,Williams,51.0,0 days 00:01:23.870000,0 days 00:00:29.442000,0 days 00:00:18.002000,0 days 00:00:36.426000,SOFT,6.0,4.0,,,1,15.0,False,2026,Australia,R,83.87,29.442,18.002,36.426
SAI,Williams,52.0,0 days 00:01:23.590000,0 days 00:00:29.198000,0 days 00:00:18.018000,0 days 00:00:36.374000,SOFT,7.0,4.0,,,1,15.0,False,2026,Australia,R,83.59,29.198,18.018,36.374
SAI,Williams,53.0,0 days 00:01:27.961000,0 days 00:00:33.135000,0 days 00:00:18.257000,0 days 00:00:36.569000,SOFT,8.0,4.0,,,1,15.0,True,2026,Australia,R,87.961,33.135,18.257,36.569
SAI,Williams,54.0,0 days 00:01:24.266000,0 days 00:00:29.358000,0 days 00:00:18.216000,0 days 00:00:36.692000,SOFT,9.0,4.0,,,1,15.0,False,2026,Australia,R,84.266,29.358,18.216,36.692
SAI,Williams,55.0,0 days 00:01:23.809000,0 days 00:00:29.303000,0 days 00:00:18.121000,0 days 00:00:36.385000,SOFT,10.0,4.0,,,1,15.0,False,2026,Australia,R,83.809,29.303,18.121,36.385
SAI,Williams,56.0,0 days 00:01:24.823000,0 days 00:00:29.171000,0 days 00:00:18.860000,0 days 00:00:36.792000,SOFT,11.0,4.0,,,1,15.0,False,2026,Australia,R,84.823,29.171,18.86,36.792
HAD,Red Bull Racing,1.0,0 days 00:01:36.046000,,0 days 00:00:18.486000,0 days 00:00:39.205000,MEDIUM,1.0,1.0,,,1,4.0,False,2026,Australia,R,96.046,,18.486,39.205
HAD,Red Bull Racing,2.0,0 days 00:01:25.987000,0 days 00:00:30.189000,0 days 00:00:18.684000,0 days 00:00:37.114000,MEDIUM,2.0,1.0,,,1,4.0,False,2026,Australia,R,85.987,30.189,18.684,37.114
HAD,Red Bull Racing,3.0,0 days 00:01:25.556000,0 days 00:00:30.094000,0 days 00:00:18.602000,0 days 00:00:36.860000,MEDIUM,3.0,1.0,,,1,4.0,False,2026,Australia,R,85.556,30.094,18.602,36.86
HAD,Red Bull Racing,4.0,0 days 00:01:25.342000,0 days 00:00:29.956000,0 days 00:00:18.801000,0 days 00:00:36.585000,MEDIUM,4.0,1.0,,,1,4.0,False,2026,Australia,R,85.342,29.956,18.801,36.585
HAD,Red Bull Racing,5.0,0 days 00:01:25.355000,0 days 00:00:30.182000,0 days 00:00:18.728000,0 days 00:00:36.445000,MEDIUM,5.0,1.0,,,1,4.0,False,2026,Australia,R,85.355,30.182,18.728,36.445
HAD,Red Bull Racing,6.0,0 days 00:01:25.879000,0 days 00:00:29.869000,0 days 00:00:18.771000,0 days 00:00:37.239000,MEDIUM,6.0,1.0,,,1,5.0,False,2026,Australia,R,85.879,29.869,18.771,37.239
HAD,Red Bull Racing,7.0,0 days 00:01:25.445000,0 days 00:00:30.330000,0 days 00:00:18.575000,0 days 00:00:36.540000,MEDIUM,7.0,1.0,,,1,5.0,False,2026,Australia,R,85.445,30.33,18.575,36.54
HAD,Red Bull Racing,8.0,0 days 00:01:25.313000,0 days 00:00:30.016000,0 days 00:00:18.842000,0 days 00:00:36.455000,MEDIUM,8.0,1.0,,,1,5.0,False,2026,Australia,R,85.313,30.016,18.842,36.455
HAD,Red Bull Racing,9.0,0 days 00:01:25.239000,0 days 00:00:29.867000,0 days 00:00:18.795000,0 days 00:00:36.577000,MEDIUM,9.0,1.0,,,1,5.0,False,2026,Australia,R,85.239,29.867,18.795,36.577
HAD,Red Bull Racing,10.0,0 days 00:01:25.363000,0 days 00:00:29.916000,0 days 00:00:18.845000,0 days 00:00:36.602000,MEDIUM,10.0,1.0,,,1,5.0,False,2026,Australia,R,85.363,29.916,18.845,36.602
HAD,Red Bull Racing,11.0,,,,,MEDIUM,11.0,1.0,,,16,,False,2026,Australia,R,,,,
RUS,Mercedes,1.0,0 days 00:01:32.694000,,0 days 00:00:18.344000,0 days 00:00:36.548000,MEDIUM,1.0,1.0,,,1,2.0,False,2026,Australia,R,92.694,,18.344,36.548
RUS,Mercedes,2.0,0 days 00:01:25.007000,0 days 00:00:29.753000,0 days 00:00:17.841000,0 days 00:00:37.413000,MEDIUM,2.0,1.0,,,1,1.0,False,2026,Australia,R,85.007,29.753,17.841,37.413
RUS,Mercedes,3.0,0 days 00:01:26.444000,0 days 00:00:29.845000,0 days 00:00:18.533000,0 days 00:00:38.066000,MEDIUM,3.0,1.0,,,1,2.0,False,2026,Australia,R,86.444,29.845,18.533,38.066
RUS,Mercedes,4.0,0 days 00:01:24.789000,0 days 00:00:29.949000,0 days 00:00:17.802000,0 days 00:00:37.038000,MEDIUM,4.0,1.0,,,1,2.0,False,2026,Australia,R,84.789,29.949,17.802,37.038
RUS,Mercedes,5.0,0 days 00:01:24.017000,0 days 00:00:29.636000,0 days 00:00:17.848000,0 days 00:00:36.533000,MEDIUM,5.0,1.0,,,1,2.0,False,2026,Australia,R,84.017,29.636,17.848,36.533
RUS,Mercedes,6.0,0 days 00:01:24.639000,0 days 00:00:29.498000,0 days 00:00:17.709000,0 days 00:00:37.432000,MEDIUM,6.0,1.0,,,1,2.0,False,2026,Australia,R,84.639,29.498,17.709,37.432
RUS,Mercedes,7.0,0 days 00:01:24.099000,0 days 00:00:29.617000,0 days 00:00:18.059000,0 days 00:00:36.423000,MEDIUM,7.0,1.0,,,1,2.0,False,2026,Australia,R,84.099,29.617,18.059,36.423
RUS,Mercedes,8.0,0 days 00:01:25.190000,0 days 00:00:29.435000,0 days 00:00:18.391000,0 days 00:00:37.364000,MEDIUM,8.0,1.0,,,1,2.0,False,2026,Australia,R,85.19,29.435,18.391,37.364
RUS,Mercedes,9.0,0 days 00:01:25.978000,0 days 00:00:31.313000,0 days 00:00:18.163000,0 days 00:00:36.502000,MEDIUM,9.0,1.0,,,1,2.0,False,2026,Australia,R,85.978,31.313,18.163,36.502
RUS,Mercedes,10.0,0 days 00:01:24.112000,0 days 00:00:29.655000,0 days 00:00:18.171000,0 days 00:00:36.286000,MEDIUM,10.0,1.0,,,1,2.0,False,2026,Australia,R,84.112,29.655,18.171,36.286
RUS,Mercedes,11.0,0 days 00:01:23.967000,0 days 00:00:29.442000,0 days 00:00:18.107000,0 days 00:00:36.418000,MEDIUM,11.0,1.0,,,1,2.0,False,2026,Australia,R,83.967,29.442,18.107,36.418
RUS,Mercedes,12.0,0 days 00:02:05.940000,0 days 00:00:40.129000,0 days 00:00:29.038000,0 days 00:00:56.773000,MEDIUM,12.0,1.0,0 days 01:19:51.153000,,16,3.0,False,2026,Australia,R,125.94,40.129,29.038,56.773
RUS,Mercedes,13.0,0 days 00:01:57.659000,0 days 00:00:42.643000,0 days 00:00:28.724000,0 days 00:00:46.292000,HARD,1.0,2.0,,0 days 01:20:09.298000,67,3.0,False,2026,Australia,R,117.659,42.643,28.724,46.292
RUS,Mercedes,14.0,0 days 00:01:27.094000,0 days 00:00:32.616000,0 days 00:00:18.054000,0 days 00:00:36.424000,HARD,2.0,2.0,,,71,3.0,False,2026,Australia,R,87.094,32.616,18.054,36.424
RUS,Mercedes,15.0,0 days 00:01:22.825000,0 days 00:00:29.080000,0 days 00:00:17.746000,0 days 00:00:35.999000,HARD,3.0,2.0,,,1,3.0,False,2026,Australia,R,82.825,29.08,17.746,35.999
RUS,Mercedes,16.0,0 days 00:01:22.923000,0 days 00:00:29.106000,0 days 00:00:17.699000,0 days 00:00:36.118000,HARD,4.0,2.0,,,1,3.0,False,2026,Australia,R,82.923,29.106,17.699,36.118
RUS,Mercedes,17.0,0 days 00:01:22.765000,0 days 00:00:29.085000,0 days 00:00:17.750000,0 days 00:00:35.930000,HARD,5.0,2.0,,,1,3.0,False,2026,Australia,R,82.765,29.085,17.75,35.93
RUS,Mercedes,18.0,0 days 00:01:28.979000,0 days 00:00:29.523000,0 days 00:00:17.783000,0 days 00:00:41.673000,HARD,6.0,2.0,,,126,3.0,False,2026,Australia,R,88.979,29.523,17.783,41.673
RUS,Mercedes,19.0,0 days 00:01:55.257000,0 days 00:00:39.873000,0 days 00:00:26.221000,0 days 00:00:49.163000,HARD,7.0,2.0,,,6,3.0,False,2026,Australia,R,115.257,39.873,26.221,49.163
RUS,Mercedes,20.0,0 days 00:01:30.936000,0 days 00:00:37.085000,0 days 00:00:17.866000,0 days 00:00:35.985000,HARD,8.0,2.0,,,671,3.0,False,2026,Australia,R,90.936,37.085,17.866,35.985
RUS,Mercedes,21.0,0 days 00:01:22.670000,0 days 00:00:28.979000,0 days 00:00:17.717000,0 days 00:00:35.974000,HARD,9.0,2.0,,,1,3.0,False,2026,Australia,R,82.67,28.979,17.717,35.974
RUS,Mercedes,22.0,0 days 00:01:22.892000,0 days 00:00:29.065000,0 days 00:00:17.777000,0 days 00:00:36.050000,HARD,10.0,2.0,,,1,3.0,False,2026,Australia,R,82.892,29.065,17.777,36.05
RUS,Mercedes,23.0,0 days 00:01:22.828000,0 days 00:00:28.915000,0 days 00:00:17.696000,0 days 00:00:36.217000,HARD,11.0,2.0,,,1,3.0,False,2026,Australia,R,82.828,28.915,17.696,36.217
RUS,Mercedes,24.0,0 days 00:01:23.466000,0 days 00:00:29.631000,0 days 00:00:17.798000,0 days 00:00:36.037000,HARD,12.0,2.0,,,1,3.0,False,2026,Australia,R,83.466,29.631,17.798,36.037
RUS,Mercedes,25.0,0 days 00:01:22.879000,0 days 00:00:28.936000,0 days 00:00:17.717000,0 days 00:00:36.226000,HARD,13.0,2.0,,,1,2.0,False,2026,Australia,R,82.879,28.936,17.717,36.226
RUS,Mercedes,26.0,0 days 00:01:23.093000,0 days 00:00:29.058000,0 days 00:00:17.797000,0 days 00:00:36.238000,HARD,14.0,2.0,,,1,2.0,False,2026,Australia,R,83.093,29.058,17.797,36.238
RUS,Mercedes,27.0,0 days 00:01:23.188000,0 days 00:00:29.123000,0 days 00:00:17.719000,0 days 00:00:36.346000,HARD,15.0,2.0,,,1,2.0,False,2026,Australia,R,83.188,29.123,17.719,36.346
RUS,Mercedes,28.0,0 days 00:01:23.390000,0 days 00:00:28.857000,0 days 00:00:17.643000,0 days 00:00:36.890000,HARD,16.0,2.0,,,1,1.0,False,2026,Australia,R,83.39,28.857,17.643,36.89
RUS,Mercedes,29.0,0 days 00:01:23.486000,0 days 00:00:29.066000,0 days 00:00:18.031000,0 days 00:00:36.389000,HARD,17.0,2.0,,,1,1.0,False,2026,Australia,R,83.486,29.066,18.031,36.389
RUS,Mercedes,30.0,0 days 00:01:23.272000,0 days 00:00:29.204000,0 days 00:00:17.788000,0 days 00:00:36.280000,HARD,18.0,2.0,,,1,1.0,False,2026,Australia,R,83.272,29.204,17.788,36.28
RUS,Mercedes,31.0,0 days 00:01:23.147000,0 days 00:00:29.132000,0 days 00:00:17.699000,0 days 00:00:36.316000,HARD,19.0,2.0,,,1,1.0,False,2026,Australia,R,83.147,29.132,17.699,36.316
RUS,Mercedes,32.0,0 days 00:01:23.540000,0 days 00:00:29.174000,0 days 00:00:17.728000,0 days 00:00:36.638000,HARD,20.0,2.0,,,1,1.0,False,2026,Australia,R,83.54,29.174,17.728,36.638
RUS,Mercedes,33.0,0 days 00:01:23.838000,0 days 00:00:29.242000,0 days 00:00:17.777000,0 days 00:00:36.819000,HARD,21.0,2.0,,,1,1.0,False,2026,Australia,R,83.838,29.242,17.777,36.819
RUS,Mercedes,34.0,0 days 00:01:37.592000,0 days 00:00:29.314000,0 days 00:00:25.319000,0 days 00:00:42.959000,HARD,22.0,2.0,,,167,1.0,False,2026,Australia,R,97.592,29.314,25.319,42.959
RUS,Mercedes,35.0,0 days 00:01:23.017000,0 days 00:00:29.314000,0 days 00:00:17.824000,0 days 00:00:35.879000,HARD,23.0,2.0,,,1,1.0,False,2026,Australia,R,83.017,29.314,17.824,35.879
RUS,Mercedes,36.0,0 days 00:01:22.729000,0 days 00:00:29.079000,0 days 00:00:17.753000,0 days 00:00:35.897000,HARD,24.0,2.0,,,1,1.0,False,2026,Australia,R,82.729,29.079,17.753,35.897
RUS,Mercedes,37.0,0 days 00:01:22.839000,0 days 00:00:29.197000,0 days 00:00:17.745000,0 days 00:00:35.897000,HARD,25.0,2.0,,,1,1.0,False,2026,Australia,R,82.839,29.197,17.745,35.897
RUS,Mercedes,38.0,0 days 00:01:22.863000,0 days 00:00:29.211000,0 days 00:00:17.790000,0 days 00:00:35.862000,HARD,26.0,2.0,,,1,1.0,False,2026,Australia,R,82.863,29.211,17.79,35.862
RUS,Mercedes,39.0,0 days 00:01:22.738000,0 days 00:00:29.102000,0 days 00:00:17.664000,0 days 00:00:35.972000,HARD,27.0,2.0,,,1,1.0,False,2026,Australia,R,82.738,29.102,17.664,35.972
RUS,Mercedes,40.0,0 days 00:01:22.915000,0 days 00:00:29.172000,0 days 00:00:17.651000,0 days 00:00:36.092000,HARD,28.0,2.0,,,1,1.0,False,2026,Australia,R,82.915,29.172,17.651,36.092
RUS,Mercedes,41.0,0 days 00:01:23.073000,0 days 00:00:29.173000,0 days 00:00:17.609000,0 days 00:00:36.291000,HARD,29.0,2.0,,,1,1.0,False,2026,Australia,R,83.073,29.173,17.609,36.291
RUS,Mercedes,42.0,0 days 00:01:23.054000,0 days 00:00:29.325000,0 days 00:00:17.652000,0 days 00:00:36.077000,HARD,30.0,2.0,,,1,1.0,False,2026,Australia,R,83.054,29.325,17.652,36.077
RUS,Mercedes,43.0,0 days 00:01:22.893000,0 days 00:00:29.111000,0 days 00:00:17.575000,0 days 00:00:36.207000,HARD,31.0,2.0,,,1,1.0,False,2026,Australia,R,82.893,29.111,17.575,36.207
RUS,Mercedes,44.0,0 days 00:01:22.856000,0 days 00:00:29.170000,0 days 00:00:17.585000,0 days 00:00:36.101000,HARD,32.0,2.0,,,1,1.0,False,2026,Australia,R,82.856,29.17,17.585,36.101
RUS,Mercedes,45.0,0 days 00:01:23.477000,0 days 00:00:29.305000,0 days 00:00:17.512000,0 days 00:00:36.660000,HARD,33.0,2.0,,,1,1.0,False,2026,Australia,R,83.477,29.305,17.512,36.66
RUS,Mercedes,46.0,0 days 00:01:23.751000,0 days 00:00:29.348000,0 days 00:00:18.049000,0 days 00:00:36.354000,HARD,34.0,2.0,,,1,1.0,False,2026,Australia,R,83.751,29.348,18.049,36.354
RUS,Mercedes,47.0,0 days 00:01:23.033000,0 days 00:00:29.286000,0 days 00:00:17.617000,0 days 00:00:36.130000,HARD,35.0,2.0,,,1,1.0,False,2026,Australia,R,83.033,29.286,17.617,36.13
RUS,Mercedes,48.0,0 days 00:01:23.034000,0 days 00:00:29.180000,0 days 00:00:17.596000,0 days 00:00:36.258000,HARD,36.0,2.0,,,1,1.0,False,2026,Australia,R,83.034,29.18,17.596,36.258
RUS,Mercedes,49.0,0 days 00:01:22.844000,0 days 00:00:29.104000,0 days 00:00:17.537000,0 days 00:00:36.203000,HARD,37.0,2.0,,,1,1.0,False,2026,Australia,R,82.844,29.104,17.537,36.203
RUS,Mercedes,50.0,0 days 00:01:23.087000,0 days 00:00:29.182000,0 days 00:00:17.631000,0 days 00:00:36.274000,HARD,38.0,2.0,,,1,1.0,False,2026,Australia,R,83.087,29.182,17.631,36.274
RUS,Mercedes,51.0,0 days 00:01:22.762000,0 days 00:00:29.204000,0 days 00:00:17.493000,0 days 00:00:36.065000,HARD,39.0,2.0,,,1,1.0,False,2026,Australia,R,82.762,29.204,17.493,36.065
RUS,Mercedes,52.0,0 days 00:01:23.106000,0 days 00:00:29.323000,0 days 00:00:17.606000,0 days 00:00:36.177000,HARD,40.0,2.0,,,1,1.0,False,2026,Australia,R,83.106,29.323,17.606,36.177
RUS,Mercedes,53.0,0 days 00:01:23.069000,0 days 00:00:29.144000,0 days 00:00:17.461000,0 days 00:00:36.464000,HARD,41.0,2.0,,,1,1.0,False,2026,Australia,R,83.069,29.144,17.461,36.464
RUS,Mercedes,54.0,0 days 00:01:23.100000,0 days 00:00:29.272000,0 days 00:00:17.560000,0 days 00:00:36.268000,HARD,42.0,2.0,,,1,1.0,False,2026,Australia,R,83.1,29.272,17.56,36.268
RUS,Mercedes,55.0,0 days 00:01:22.670000,0 days 00:00:29.116000,0 days 00:00:17.549000,0 days 00:00:36.005000,HARD,43.0,2.0,,,1,1.0,False,2026,Australia,R,82.67,29.116,17.549,36.005
RUS,Mercedes,56.0,0 days 00:01:22.757000,0 days 00:00:29.134000,0 days 00:00:17.535000,0 days 00:00:36.088000,HARD,44.0,2.0,,,1,1.0,False,2026,Australia,R,82.757,29.134,17.535,36.088
RUS,Mercedes,57.0,0 days 00:01:23.188000,0 days 00:00:29.225000,0 days 00:00:17.458000,0 days 00:00:36.505000,HARD,45.0,2.0,,,1,1.0,False,2026,Australia,R,83.188,29.225,17.458,36.505
RUS,Mercedes,58.0,0 days 00:01:23.351000,0 days 00:00:29.312000,0 days 00:00:17.630000,0 days 00:00:36.409000,HARD,46.0,2.0,,,1,1.0,False,2026,Australia,R,83.351,29.312,17.63,36.409
BOT,Cadillac,1.0,0 days 00:01:40.850000,,0 days 00:00:19.068000,0 days 00:00:39.739000,HARD,1.0,1.0,,,1,15.0,False,2026,Australia,R,100.85,,19.068,39.739
BOT,Cadillac,2.0,0 days 00:01:30.152000,0 days 00:00:31.409000,0 days 00:00:18.420000,0 days 00:00:40.323000,HARD,2.0,1.0,,,1,18.0,False,2026,Australia,R,90.152,31.409,18.42,40.323
BOT,Cadillac,3.0,0 days 00:01:29.219000,0 days 00:00:31.489000,0 days 00:00:18.720000,0 days 00:00:39.010000,HARD,3.0,1.0,,,1,19.0,False,2026,Australia,R,89.219,31.489,18.72,39.01
BOT,Cadillac,4.0,0 days 00:01:28.057000,0 days 00:00:31.136000,0 days 00:00:18.765000,0 days 00:00:38.156000,HARD,4.0,1.0,,,1,19.0,False,2026,Australia,R,88.057,31.136,18.765,38.156
BOT,Cadillac,5.0,0 days 00:01:27.738000,0 days 00:00:31.043000,0 days 00:00:18.319000,0 days 00:00:38.376000,HARD,5.0,1.0,,,1,19.0,False,2026,Australia,R,87.738,31.043,18.319,38.376
BOT,Cadillac,6.0,0 days 00:01:27.804000,0 days 00:00:31.064000,0 days 00:00:18.361000,0 days 00:00:38.379000,HARD,6.0,1.0,,,1,19.0,False,2026,Australia,R,87.804,31.064,18.361,38.379
BOT,Cadillac,7.0,0 days 00:01:27.457000,0 days 00:00:30.778000,0 days 00:00:18.242000,0 days 00:00:38.437000,HARD,7.0,1.0,,,1,19.0,False,2026,Australia,R,87.457,30.778,18.242,38.437
BOT,Cadillac,8.0,0 days 00:01:27.364000,0 days 00:00:30.990000,0 days 00:00:18.033000,0 days 00:00:38.341000,HARD,8.0,1.0,,,1,19.0,False,2026,Australia,R,87.364,30.99,18.033,38.341
BOT,Cadillac,9.0,0 days 00:01:27.679000,0 days 00:00:31.159000,0 days 00:00:18.191000,0 days 00:00:38.329000,HARD,9.0,1.0,,,1,18.0,False,2026,Australia,R,87.679,31.159,18.191,38.329
BOT,Cadillac,10.0,0 days 00:01:27.661000,0 days 00:00:31.044000,0 days 00:00:18.182000,0 days 00:00:38.435000,HARD,10.0,1.0,,,1,18.0,False,2026,Australia,R,87.661,31.044,18.182,38.435
BOT,Cadillac,11.0,0 days 00:01:39.058000,0 days 00:00:31.235000,0 days 00:00:18.158000,0 days 00:00:49.665000,HARD,11.0,1.0,,,16,15.0,False,2026,Australia,R,99.058,31.235,18.158,49.665
BOT,Cadillac,12.0,,0 days 00:00:46.720000,0 days 00:00:45.988000,0 days 00:01:39.334000,HARD,12.0,1.0,0 days 01:21:36.868000,,67,19.0,False,2026,Australia,R,,46.72,45.988,99.334
BOT,Cadillac,13.0,0 days 00:01:44.111000,0 days 00:00:43.535000,0 days 00:00:19.556000,0 days 00:00:41.020000,HARD,13.0,2.0,,0 days 01:22:07.555000,71,18.0,False,2026,Australia,R,104.111,43.535,19.556,41.02
BOT,Cadillac,14.0,0 days 00:01:31.389000,0 days 00:00:33.091000,0 days 00:00:18.948000,0 days 00:00:39.350000,HARD,14.0,2.0,,,1,18.0,False,2026,Australia,R,91.389,33.091,18.948,39.35
BOT,Cadillac,15.0,0 days 00:01:31.330000,0 days 00:00:34.194000,0 days 00:00:18.205000,0 days 00:00:38.931000,HARD,15.0,2.0,,,1,18.0,False,2026,Australia,R,91.33,34.194,18.205,38.931
BOT,Cadillac,16.0,,,,,HARD,16.0,2.0,,,126,,False,2026,Australia,R,,,,
BEA,Haas F1 Team,1.0,0 days 00:01:39.765000,,0 days 00:00:19.072000,0 days 00:00:38.855000,MEDIUM,1.0,1.0,,,1,14.0,False,2026,Australia,R,99.765,,19.072,38.855
BEA,Haas F1 Team,2.0,0 days 00:01:27.321000,0 days 00:00:31.318000,0 days 00:00:17.972000,0 days 00:00:38.031000,MEDIUM,2.0,1.0,,,1,12.0,False,2026,Australia,R,87.321,31.318,17.972,38.031
BEA,Haas F1 Team,3.0,0 days 00:01:26.384000,0 days 00:00:30.808000,0 days 00:00:17.827000,0 days 00:00:37.749000,MEDIUM,3.0,1.0,,,1,11.0,False,2026,Australia,R,86.384,30.808,17.827,37.749
BEA,Haas F1 Team,4.0,0 days 00:01:25.920000,0 days 00:00:30.862000,0 days 00:00:17.971000,0 days 00:00:37.087000,MEDIUM,4.0,1.0,,,1,11.0,False,2026,Australia,R,85.92,30.862,17.971,37.087
BEA,Haas F1 Team,5.0,0 days 00:01:26.003000,0 days 00:00:30.282000,0 days 00:00:17.787000,0 days 00:00:37.934000,MEDIUM,5.0,1.0,,,1,11.0,False,2026,Australia,R,86.003,30.282,17.787,37.934
BEA,Haas F1 Team,6.0,0 days 00:01:25.969000,0 days 00:00:30.460000,0 days 00:00:17.915000,0 days 00:00:37.594000,MEDIUM,6.0,1.0,,,1,10.0,False,2026,Australia,R,85.969,30.46,17.915,37.594
BEA,Haas F1 Team,7.0,0 days 00:01:25.195000,0 days 00:00:30.059000,0 days 00:00:17.825000,0 days 00:00:37.311000,MEDIUM,7.0,1.0,,,1,10.0,False,2026,Australia,R,85.195,30.059,17.825,37.311
BEA,Haas F1 Team,8.0,0 days 00:01:26.046000,0 days 00:00:30.659000,0 days 00:00:17.882000,0 days 00:00:37.505000,MEDIUM,8.0,1.0,,,1,11.0,False,2026,Australia,R,86.046,30.659,17.882,37.505
BEA,Haas F1 Team,9.0,0 days 00:01:25.397000,0 days 00:00:30.278000,0 days 00:00:17.817000,0 days 00:00:37.302000,MEDIUM,9.0,1.0,,,1,11.0,False,2026,Australia,R,85.397,30.278,17.817,37.302
BEA,Haas F1 Team,10.0,0 days 00:01:25.668000,0 days 00:00:30.297000,0 days 00:00:18.010000,0 days 00:00:37.361000,MEDIUM,10.0,1.0,,,1,11.0,False,2026,Australia,R,85.668,30.297,18.01,37.361
BEA,Haas F1 Team,11.0,0 days 00:01:31.403000,0 days 00:00:30.208000,0 days 00:00:17.831000,0 days 00:00:43.364000,MEDIUM,11.0,1.0,,,16,7.0,False,2026,Australia,R,91.403,30.208,17.831,43.364
BEA,Haas F1 Team,12.0,0 days 00:01:55.039000,0 days 00:00:40.352000,0 days 00:00:27.394000,0 days 00:00:47.293000,MEDIUM,12.0,1.0,,,6,7.0,False,2026,Australia,R,115.039,40.352,27.394,47.293
BEA,Haas F1 Team,13.0,0 days 00:01:53.783000,0 days 00:00:40.159000,0 days 00:00:28.270000,0 days 00:00:45.354000,MEDIUM,13.0,1.0,,,671,7.0,False,2026,Australia,R,113.783,40.159,28.27,45.354
BEA,Haas F1 Team,14.0,0 days 00:01:25.628000,0 days 00:00:30.797000,0 days 00:00:17.889000,0 days 00:00:36.942000,MEDIUM,14.0,1.0,,,1,7.0,False,2026,Australia,R,85.628,30.797,17.889,36.942
BEA,Haas F1 Team,15.0,0 days 00:01:24.562000,0 days 00:00:29.899000,0 days 00:00:17.900000,0 days 00:00:36.763000,MEDIUM,15.0,1.0,,,1,7.0,False,2026,Australia,R,84.562,29.899,17.9,36.763
BEA,Haas F1 Team,16.0,0 days 00:01:24.563000,0 days 00:00:29.989000,0 days 00:00:17.862000,0 days 00:00:36.712000,MEDIUM,16.0,1.0,,,1,7.0,False,2026,Australia,R,84.563,29.989,17.862,36.712
BEA,Haas F1 Team,17.0,0 days 00:01:24.807000,0 days 00:00:29.903000,0 days 00:00:17.864000,0 days 00:00:37.040000,MEDIUM,17.0,1.0,,,1,7.0,False,2026,Australia,R,84.807,29.903,17.864,37.04
BEA,Haas F1 Team,18.0,0 days 00:01:47.604000,0 days 00:00:29.941000,0 days 00:00:17.901000,0 days 00:00:59.762000,MEDIUM,18.0,1.0,0 days 01:29:24.359000,,126,8.0,False,2026,Australia,R,107.604,29.941,17.901,59.762
BEA,Haas F1 Team,19.0,0 days 00:01:56.677000,0 days 00:00:43.316000,0 days 00:00:26.017000,0 days 00:00:47.344000,HARD,1.0,2.0,,0 days 01:29:43.478000,671,8.0,False,2026,Australia,R,116.677,43.316,26.017,47.344
BEA,Haas F1 Team,20.0,0 days 00:01:25.186000,0 days 00:00:30.325000,0 days 00:00:18.096000,0 days 00:00:36.765000,HARD,2.0,2.0,,,1,8.0,False,2026,Australia,R,85.186,30.325,18.096,36.765
BEA,Haas F1 Team,21.0,0 days 00:01:24.203000,0 days 00:00:29.657000,0 days 00:00:17.797000,0 days 00:00:36.749000,HARD,3.0,2.0,,,1,8.0,False,2026,Australia,R,84.203,29.657,17.797,36.749
BEA,Haas F1 Team,22.0,0 days 00:01:24.020000,0 days 00:00:29.612000,0 days 00:00:17.740000,0 days 00:00:36.668000,HARD,4.0,2.0,,,1,8.0,False,2026,Australia,R,84.02,29.612,17.74,36.668
BEA,Haas F1 Team,23.0,0 days 00:01:24.968000,0 days 00:00:29.567000,0 days 00:00:17.634000,0 days 00:00:37.767000,HARD,5.0,2.0,,,1,8.0,False,2026,Australia,R,84.968,29.567,17.634,37.767
BEA,Haas F1 Team,24.0,0 days 00:01:24.692000,0 days 00:00:30.072000,0 days 00:00:17.690000,0 days 00:00:36.930000,HARD,6.0,2.0,,,1,8.0,False,2026,Australia,R,84.692,30.072,17.69,36.93
BEA,Haas F1 Team,25.0,0 days 00:01:24.058000,0 days 00:00:29.636000,0 days 00:00:17.814000,0 days 00:00:36.608000,HARD,7.0,2.0,,,1,8.0,False,2026,Australia,R,84.058,29.636,17.814,36.608
BEA,Haas F1 Team,26.0,0 days 00:01:24.155000,0 days 00:00:29.668000,0 days 00:00:17.625000,0 days 00:00:36.862000,HARD,8.0,2.0,,,1,8.0,False,2026,Australia,R,84.155,29.668,17.625,36.862
BEA,Haas F1 Team,27.0,0 days 00:01:24.284000,0 days 00:00:29.726000,0 days 00:00:17.609000,0 days 00:00:36.949000,HARD,9.0,2.0,,,1,8.0,False,2026,Australia,R,84.284,29.726,17.609,36.949
BEA,Haas F1 Team,28.0,0 days 00:01:24.216000,0 days 00:00:29.846000,0 days 00:00:17.628000,0 days 00:00:36.742000,HARD,10.0,2.0,,,1,8.0,False,2026,Australia,R,84.216,29.846,17.628,36.742
BEA,Haas F1 Team,29.0,0 days 00:01:25.315000,0 days 00:00:30.327000,0 days 00:00:17.782000,0 days 00:00:37.206000,HARD,11.0,2.0,,,1,8.0,False,2026,Australia,R,85.315,30.327,17.782,37.206
BEA,Haas F1 Team,30.0,0 days 00:01:24.509000,0 days 00:00:30.010000,0 days 00:00:17.606000,0 days 00:00:36.893000,HARD,12.0,2.0,,,1,8.0,False,2026,Australia,R,84.509,30.01,17.606,36.893
BEA,Haas F1 Team,31.0,0 days 00:01:24.627000,0 days 00:00:29.852000,0 days 00:00:17.853000,0 days 00:00:36.922000,HARD,13.0,2.0,,,1,8.0,False,2026,Australia,R,84.627,29.852,17.853,36.922
BEA,Haas F1 Team,32.0,0 days 00:01:25.006000,0 days 00:00:29.938000,0 days 00:00:17.578000,0 days 00:00:37.490000,HARD,14.0,2.0,,,1,8.0,False,2026,Australia,R,85.006,29.938,17.578,37.49
BEA,Haas F1 Team,33.0,0 days 00:01:30.647000,0 days 00:00:29.897000,0 days 00:00:17.831000,0 days 00:00:42.919000,HARD,15.0,2.0,,,16,8.0,False,2026,Australia,R,90.647,29.897,17.831,42.919
BEA,Haas F1 Team,34.0,0 days 00:01:32.310000,0 days 00:00:36.839000,0 days 00:00:18.306000,0 days 00:00:37.165000,HARD,16.0,2.0,,,671,8.0,False,2026,Australia,R,92.31,36.839,18.306,37.165
BEA,Haas F1 Team,35.0,0 days 00:01:24.914000,0 days 00:00:29.802000,0 days 00:00:17.906000,0 days 00:00:37.206000,HARD,17.0,2.0,,,1,7.0,False,2026,Australia,R,84.914,29.802,17.906,37.206
BEA,Haas F1 Team,36.0,0 days 00:01:24.598000,0 days 00:00:29.899000,0 days 00:00:17.866000,0 days 00:00:36.833000,HARD,18.0,2.0,,,1,7.0,False,2026,Australia,R,84.598,29.899,17.866,36.833
BEA,Haas F1 Team,37.0,0 days 00:01:24.500000,0 days 00:00:29.841000,0 days 00:00:17.845000,0 days 00:00:36.814000,HARD,19.0,2.0,,,1,7.0,False,2026,Australia,R,84.5,29.841,17.845,36.814
BEA,Haas F1 Team,38.0,0 days 00:01:25.093000,0 days 00:00:30.271000,0 days 00:00:17.823000,0 days 00:00:36.999000,HARD,20.0,2.0,,,1,8.0,False,2026,Australia,R,85.093,30.271,17.823,36.999
BEA,Haas F1 Team,39.0,0 days 00:01:24.756000,0 days 00:00:29.868000,0 days 00:00:17.623000,0 days 00:00:37.265000,HARD,21.0,2.0,,,1,8.0,False,2026,Australia,R,84.756,29.868,17.623,37.265
BEA,Haas F1 Team,40.0,0 days 00:01:26.988000,0 days 00:00:31.001000,0 days 00:00:18.417000,0 days 00:00:37.570000,HARD,22.0,2.0,,,1,7.0,False,2026,Australia,R,86.988,31.001,18.417,37.57
BEA,Haas F1 Team,41.0,0 days 00:01:25.049000,0 days 00:00:30.227000,0 days 00:00:17.895000,0 days 00:00:36.927000,HARD,23.0,2.0,,,1,7.0,False,2026,Australia,R,85.049,30.227,17.895,36.927
BEA,Haas F1 Team,42.0,0 days 00:01:24.503000,0 days 00:00:29.878000,0 days 00:00:17.797000,0 days 00:00:36.828000,HARD,24.0,2.0,,,1,7.0,False,2026,Australia,R,84.503,29.878,17.797,36.828
BEA,Haas F1 Team,43.0,0 days 00:01:24.549000,0 days 00:00:29.930000,0 days 00:00:17.826000,0 days 00:00:36.793000,HARD,25.0,2.0,,,1,7.0,False,2026,Australia,R,84.549,29.93,17.826,36.793
BEA,Haas F1 Team,44.0,0 days 00:01:24.612000,0 days 00:00:29.765000,0 days 00:00:17.929000,0 days 00:00:36.918000,HARD,26.0,2.0,,,1,7.0,False,2026,Australia,R,84.612,29.765,17.929,36.918
BEA,Haas F1 Team,45.0,0 days 00:01:24.130000,0 days 00:00:29.720000,0 days 00:00:17.840000,0 days 00:00:36.570000,HARD,27.0,2.0,,,1,7.0,False,2026,Australia,R,84.13,29.72,17.84,36.57
BEA,Haas F1 Team,46.0,0 days 00:01:24.550000,0 days 00:00:29.882000,0 days 00:00:17.845000,0 days 00:00:36.823000,HARD,28.0,2.0,,,1,7.0,False,2026,Australia,R,84.55,29.882,17.845,36.823
BEA,Haas F1 Team,47.0,0 days 00:01:24.760000,0 days 00:00:30.001000,0 days 00:00:17.883000,0 days 00:00:36.876000,HARD,29.0,2.0,,,1,7.0,False,2026,Australia,R,84.76,30.001,17.883,36.876
BEA,Haas F1 Team,48.0,0 days 00:01:24.404000,0 days 00:00:29.640000,0 days 00:00:17.866000,0 days 00:00:36.898000,HARD,30.0,2.0,,,1,7.0,False,2026,Australia,R,84.404,29.64,17.866,36.898
BEA,Haas F1 Team,49.0,0 days 00:01:24.281000,0 days 00:00:29.732000,0 days 00:00:17.826000,0 days 00:00:36.723000,HARD,31.0,2.0,,,1,7.0,False,2026,Australia,R,84.281,29.732,17.826,36.723
BEA,Haas F1 Team,50.0,0 days 00:01:24.467000,0 days 00:00:29.811000,0 days 00:00:17.831000,0 days 00:00:36.825000,HARD,32.0,2.0,,,1,7.0,False,2026,Australia,R,84.467,29.811,17.831,36.825
BEA,Haas F1 Team,51.0,0 days 00:01:24.233000,0 days 00:00:29.840000,0 days 00:00:17.830000,0 days 00:00:36.563000,HARD,33.0,2.0,,,1,7.0,False,2026,Australia,R,84.233,29.84,17.83,36.563
BEA,Haas F1 Team,52.0,0 days 00:01:24.264000,0 days 00:00:29.794000,0 days 00:00:17.777000,0 days 00:00:36.693000,HARD,34.0,2.0,,,1,7.0,False,2026,Australia,R,84.264,29.794,17.777,36.693
BEA,Haas F1 Team,53.0,0 days 00:01:24.615000,0 days 00:00:29.699000,0 days 00:00:17.937000,0 days 00:00:36.979000,HARD,35.0,2.0,,,1,7.0,False,2026,Australia,R,84.615,29.699,17.937,36.979
BEA,Haas F1 Team,54.0,0 days 00:01:24.610000,0 days 00:00:29.965000,0 days 00:00:17.876000,0 days 00:00:36.769000,HARD,36.0,2.0,,,1,7.0,False,2026,Australia,R,84.61,29.965,17.876,36.769
BEA,Haas F1 Team,55.0,0 days 00:01:24.500000,0 days 00:00:29.725000,0 days 00:00:17.930000,0 days 00:00:36.845000,HARD,37.0,2.0,,,1,7.0,False,2026,Australia,R,84.5,29.725,17.93,36.845
BEA,Haas F1 Team,56.0,0 days 00:01:26.439000,0 days 00:00:29.768000,0 days 00:00:17.858000,0 days 00:00:38.813000,HARD,38.0,2.0,,,1,7.0,False,2026,Australia,R,86.439,29.768,17.858,38.813
BEA,Haas F1 Team,57.0,0 days 00:01:26.649000,0 days 00:00:30.005000,0 days 00:00:17.905000,0 days 00:00:38.739000,HARD,39.0,2.0,,,1,7.0,False,2026,Australia,R,86.649,30.005,17.905,38.739
